lat_band,benchmark_lat_median,benchmark_lon_median,route_lat_median,route_lon_median,n_points,behavior,lon_error_deg,lon_error_km,squared_lon_error_km
"(-80, -70]",-71.42044770000001,5.18813709980144,-70.62195055402822,5.349260264866236,1,behavior_001,0.16112316506479551,5.714860664407858,32.65963241359623
"(-70, -60]",-66.15,-0.249539061038283,-67.38646875799228,-15.099003583483912,14,behavior_001,-14.84946452244563,668.3971037922628,446754.6883578849
"(-60, -50]",-56.700000225,5.89424048556142,-54.844028618037584,-19.837126528206923,10,behavior_001,-25.73136701376834,1572.6296118412247,2473163.896039881
"(-50, -40]",-45.6231879,11.03997350737515,-44.98067607211014,-20.17360209081317,9,behavior_001,-31.21357559818832,2430.1119657932054,5905444.166291317
"(-40, -30]",-35.3528118,3.646997812277105,-35.150971041301666,-20.686994954220186,8,behavior_001,-24.33399276649729,2209.358762362182,4881266.140826552
"(-30, -20]",-24.5127375,1.60011999570311,-25.34840001316212,-21.49453255022848,9,behavior_001,-23.09465254593159,2339.1793765634015,5471760.155739544
"(-20, -10]",-14.62973805,-5.954104569439496,-15.07691193525001,-22.194838902884655,10,behavior_001,-16.24073433344516,1749.3025894225045,3060059.5493602795
"(-10, 0]",-3.46887202499999,-9.91567052953346,-4.636387626015981,-22.29161242982711,9,behavior_001,-12.375941900293652,1375.1656736697696,1891080.6300396312
"(0, 10]",5.03812620000001,-18.191934691485,4.937530669447581,-21.050702486825433,10,behavior_001,-2.858767795340434,317.0085125190138,100494.39700951772
"(10, 20]",15.44703525,-19.2966096331278,14.889857017366243,-19.72878865935555,10,behavior_001,-0.4321790262277503,46.372289362234035,2150.389220694764
"(20, 30]",25.0356285,-20.1180129941091,24.80575462733373,-18.81524801316166,9,behavior_001,1.3027649809474404,131.3980596714961,17265.45008543405
"(30, 40]",35.95858155,-16.672725789169398,35.13217005329357,-16.927225107826082,9,behavior_001,-0.2544993186566842,22.932182447163036,525.8849917899724
"(40, 50]",47.10268035,-12.1608318325397,45.299232515991655,-14.24850657835196,9,behavior_001,-2.0876747458122615,158.1915334541827,25024.561256585803
"(50, 60]",53.785143,1.50594210230876,56.44395651912126,-7.299513744721116,20,behavior_001,-8.805455847029876,579.1305530289058,335392.19745156623
"(-80, -70]",-71.42044770000001,5.18813709980144,-70.62195055402822,5.349260264866236,1,behavior_002,0.16112316506479551,5.714860664407858,32.65963241359623
"(-70, -60]",-66.15,-0.249539061038283,-66.02028490516521,-5.575862189719434,11,behavior_002,-5.3263231286811505,239.745948259008,57478.119706610945
"(-60, -50]",-56.700000225,5.89424048556142,-55.55986989957013,-12.953659176669365,10,behavior_002,-18.847899662230787,1151.931225184273,1326945.5475545402
"(-50, -40]",-45.6231879,11.03997350737515,-45.28161082876947,-15.347627723612352,9,behavior_002,-26.3876012309875,2054.388972461205,4220514.0501702055
"(-40, -30]",-35.3528118,3.646997812277105,-34.86489361889002,-17.006300514519353,9,behavior_002,-20.65329832679646,1875.1770853162852,3516289.101295279
"(-30, -20]",-24.5127375,1.60011999570311,-24.46946694369932,-18.283776916924424,9,behavior_002,-19.883896912627534,2013.9727796824848,4056086.357301994
"(-20, -10]",-14.62973805,-5.954104569439496,-14.750164951364376,-19.29699140828996,9,behavior_002,-13.342886838850463,1437.1730993410863,2065466.5174696639
"(-10, 0]",-3.46887202499999,-9.91567052953346,-5.140179446860763,-18.795830983051772,10,behavior_002,-8.880160453518313,986.7282773902164,973632.6934014638
"(0, 10]",5.03812620000001,-18.191934691485,5.60947961500263,-18.882598027858883,10,behavior_002,-0.6906633363738841,76.58759738100073,5865.660072594271
"(10, 20]",15.44703525,-19.2966096331278,14.889857017366243,-19.72878865935555,10,behavior_002,-0.4321790262277503,46.372289362234035,2150.389220694764
"(20, 30]",25.0356285,-20.1180129941091,24.80575462733373,-18.81524801316166,9,behavior_002,1.3027649809474404,131.3980596714961,17265.45008543405
"(30, 40]",35.95858155,-16.672725789169398,35.13217005329357,-16.927225107826082,9,behavior_002,-0.2544993186566842,22.932182447163036,525.8849917899724
"(40, 50]",47.10268035,-12.1608318325397,45.299232515991655,-14.24850657835196,9,behavior_002,-2.0876747458122615,158.1915334541827,25024.561256585803
"(50, 60]",53.785143,1.50594210230876,56.44395651912126,-7.299513744721116,20,behavior_002,-8.805455847029876,579.1305530289058,335392.19745156623
"(-80, -70]",-71.42044770000001,5.18813709980144,-70.62195055402822,5.349260264866236,1,behavior_003,0.16112316506479551,5.714860664407858,32.65963241359623
"(-70, -60]",-66.15,-0.249539061038283,-64.88984488815481,-1.5465070353583386,10,behavior_003,-1.2969679743200555,58.378511658551766,3408.0506234676645
"(-60, -50]",-56.700000225,5.89424048556142,-55.08066101544612,-7.994319355931565,9,behavior_003,-13.888559841492985,848.8301636237884,720512.6466775874
"(-50, -40]",-45.6231879,11.03997350737515,-45.419731265547576,-10.984348088940116,9,behavior_003,-22.024321596315268,1714.6887667938279,2940157.5669689383
"(-40, -30]",-35.3528118,3.646997812277105,-35.04836290451982,-13.213807527658236,9,behavior_003,-16.86080533993534,1530.844871029824,2343486.019158318
"(-30, -20]",-24.5127375,1.60011999570311,-24.64549821422348,-14.935346195997385,9,behavior_003,-16.535466191700493,1674.8215380404597,2805027.184284211
"(-20, -10]",-14.62973805,-5.954104569439496,-14.692557581405735,-16.824498283026013,10,behavior_003,-10.870393713586518,1170.8588713294478,1370910.4965708684
"(-10, 0]",-3.46887202499999,-9.91567052953346,-5.124526286287199,-17.874939018243257,9,behavior_003,-7.959268488709798,884.4024076208269,782167.6186055153
"(0, 10]",5.03812620000001,-18.191934691485,5.032609342962526,-18.000221875057086,10,behavior_003,0.1917128164279127,21.259017561937405,451.945827698763
"(10, 20]",15.44703525,-19.2966096331278,14.655558162555813,-17.65478249810073,10,behavior_003,1.6418271350270714,176.16607555620058,31034.48617687297
"(20, 30]",25.0356285,-20.1180129941091,24.24251390909328,-18.748839965232705,10,behavior_003,1.3691730288763964,138.09603572400758,19070.515082686376
"(30, 40]",35.95858155,-16.672725789169398,35.13217005329357,-16.927225107826082,9,behavior_003,-0.2544993186566842,22.932182447163036,525.8849917899724
"(40, 50]",47.10268035,-12.1608318325397,45.299232515991655,-14.24850657835196,9,behavior_003,-2.0876747458122615,158.1915334541827,25024.561256585803
"(50, 60]",53.785143,1.50594210230876,56.44395651912126,-7.299513744721116,20,behavior_003,-8.805455847029876,579.1305530289058,335392.19745156623
"(-80, -70]",-71.42044770000001,5.18813709980144,-70.62195055402822,5.349260264866236,1,behavior_004,0.16112316506479551,5.714860664407858,32.65963241359623
"(-70, -60]",-66.15,-0.249539061038283,-64.88984488815481,-1.5465070353583386,10,behavior_004,-1.2969679743200555,58.378511658551766,3408.0506234676645
"(-60, -50]",-56.700000225,5.89424048556142,-55.08066101544612,-7.994319355931565,9,behavior_004,-13.888559841492985,848.8301636237884,720512.6466775874
"(-50, -40]",-45.6231879,11.03997350737515,-45.419731265547576,-10.984348088940116,9,behavior_004,-22.024321596315268,1714.6887667938279,2940157.5669689383
"(-40, -30]",-35.3528118,3.646997812277105,-35.04836290451982,-13.213807527658236,9,behavior_004,-16.86080533993534,1530.844871029824,2343486.019158318
"(-30, -20]",-24.5127375,1.60011999570311,-24.64549821422348,-14.935346195997385,9,behavior_004,-16.535466191700493,1674.8215380404597,2805027.184284211
"(-20, -10]",-14.62973805,-5.954104569439496,-14.692557581405735,-16.824498283026013,10,behavior_004,-10.870393713586518,1170.8588713294478,1370910.4965708684
"(-10, 0]",-3.46887202499999,-9.91567052953346,-5.124526286287199,-17.874939018243257,9,behavior_004,-7.959268488709798,884.4024076208269,782167.6186055153
"(0, 10]",5.03812620000001,-18.191934691485,5.032609342962526,-18.000221875057086,10,behavior_004,0.1917128164279127,21.259017561937405,451.945827698763
"(10, 20]",15.44703525,-19.2966096331278,14.655558162555813,-17.65478249810073,10,behavior_004,1.6418271350270714,176.16607555620058,31034.48617687297
"(20, 30]",25.0356285,-20.1180129941091,24.24251390909328,-18.748839965232705,10,behavior_004,1.3691730288763964,138.09603572400758,19070.515082686376
"(30, 40]",35.95858155,-16.672725789169398,35.13217005329357,-16.927225107826082,9,behavior_004,-0.2544993186566842,22.932182447163036,525.8849917899724
"(40, 50]",47.10268035,-12.1608318325397,45.299232515991655,-14.24850657835196,9,behavior_004,-2.0876747458122615,158.1915334541827,25024.561256585803
"(50, 60]",53.785143,1.50594210230876,56.44395651912126,-7.299513744721116,20,behavior_004,-8.805455847029876,579.1305530289058,335392.19745156623
"(-80, -70]",-71.42044770000001,5.18813709980144,-70.62195055402822,5.349260264866236,1,behavior_005,0.16112316506479551,5.714860664407858,32.65963241359623
"(-70, -60]",-66.15,-0.249539061038283,-64.88984488815481,-1.5465070353583386,10,behavior_005,-1.2969679743200555,58.378511658551766,3408.0506234676645
"(-60, -50]",-56.700000225,5.89424048556142,-55.08066101544612,-7.994319355931565,9,behavior_005,-13.888559841492985,848.8301636237884,720512.6466775874
"(-50, -40]",-45.6231879,11.03997350737515,-45.419731265547576,-10.984348088940116,9,behavior_005,-22.024321596315268,1714.6887667938279,2940157.5669689383
"(-40, -30]",-35.3528118,3.646997812277105,-35.04836290451982,-13.213807527658236,9,behavior_005,-16.86080533993534,1530.844871029824,2343486.019158318
"(-30, -20]",-24.5127375,1.60011999570311,-24.64549821422348,-14.935346195997385,9,behavior_005,-16.535466191700493,1674.8215380404597,2805027.184284211
"(-20, -10]",-14.62973805,-5.954104569439496,-14.692557581405735,-16.824498283026013,10,behavior_005,-10.870393713586518,1170.8588713294478,1370910.4965708684
"(-10, 0]",-3.46887202499999,-9.91567052953346,-5.124526286287199,-17.874939018243257,9,behavior_005,-7.959268488709798,884.4024076208269,782167.6186055153
"(0, 10]",5.03812620000001,-18.191934691485,5.032609342962526,-18.000221875057086,10,behavior_005,0.1917128164279127,21.259017561937405,451.945827698763
"(10, 20]",15.44703525,-19.2966096331278,14.655558162555813,-17.65478249810073,10,behavior_005,1.6418271350270714,176.16607555620058,31034.48617687297
"(20, 30]",25.0356285,-20.1180129941091,24.24251390909328,-18.748839965232705,10,behavior_005,1.3691730288763964,138.09603572400758,19070.515082686376
"(30, 40]",35.95858155,-16.672725789169398,35.13217005329357,-16.927225107826082,9,behavior_005,-0.2544993186566842,22.932182447163036,525.8849917899724
"(40, 50]",47.10268035,-12.1608318325397,45.299232515991655,-14.24850657835196,9,behavior_005,-2.0876747458122615,158.1915334541827,25024.561256585803
"(50, 60]",53.785143,1.50594210230876,56.44395651912126,-7.299513744721116,20,behavior_005,-8.805455847029876,579.1305530289058,335392.19745156623
"(-80, -70]",-71.42044770000001,5.18813709980144,-70.62195055402822,5.349260264866236,1,behavior_006,0.16112316506479551,5.714860664407858,32.65963241359623
"(-70, -60]",-66.15,-0.249539061038283,-64.88984488815481,-1.5465070353583386,10,behavior_006,-1.2969679743200555,58.378511658551766,3408.0506234676645
"(-60, -50]",-56.700000225,5.89424048556142,-55.08066101544612,-7.994319355931565,9,behavior_006,-13.888559841492985,848.8301636237884,720512.6466775874
"(-50, -40]",-45.6231879,11.03997350737515,-45.419731265547576,-10.984348088940116,9,behavior_006,-22.024321596315268,1714.6887667938279,2940157.5669689383
"(-40, -30]",-35.3528118,3.646997812277105,-35.04836290451982,-13.213807527658236,9,behavior_006,-16.86080533993534,1530.844871029824,2343486.019158318
"(-30, -20]",-24.5127375,1.60011999570311,-24.64549821422348,-14.935346195997385,9,behavior_006,-16.535466191700493,1674.8215380404597,2805027.184284211
"(-20, -10]",-14.62973805,-5.954104569439496,-14.692557581405735,-16.824498283026013,10,behavior_006,-10.870393713586518,1170.8588713294478,1370910.4965708684
"(-10, 0]",-3.46887202499999,-9.91567052953346,-5.124526286287199,-17.874939018243257,9,behavior_006,-7.959268488709798,884.4024076208269,782167.6186055153
"(0, 10]",5.03812620000001,-18.191934691485,5.032609342962526,-18.000221875057086,10,behavior_006,0.1917128164279127,21.259017561937405,451.945827698763
"(10, 20]",15.44703525,-19.2966096331278,14.655558162555813,-17.65478249810073,10,behavior_006,1.6418271350270714,176.16607555620058,31034.48617687297
"(20, 30]",25.0356285,-20.1180129941091,24.24251390909328,-18.748839965232705,10,behavior_006,1.3691730288763964,138.09603572400758,19070.515082686376
"(30, 40]",35.95858155,-16.672725789169398,35.13217005329357,-16.927225107826082,9,behavior_006,-0.2544993186566842,22.932182447163036,525.8849917899724
"(40, 50]",47.10268035,-12.1608318325397,45.299232515991655,-14.24850657835196,9,behavior_006,-2.0876747458122615,158.1915334541827,25024.561256585803
"(50, 60]",53.785143,1.50594210230876,56.44395651912126,-7.299513744721116,20,behavior_006,-8.805455847029876,579.1305530289058,335392.19745156623
"(-80, -70]",-71.42044770000001,5.18813709980144,-70.62195055402822,5.349260264866236,1,behavior_007,0.16112316506479551,5.714860664407858,32.65963241359623
"(-70, -60]",-66.15,-0.249539061038283,-67.38646875799228,-15.099003583483912,14,behavior_007,-14.84946452244563,668.3971037922628,446754.6883578849
"(-60, -50]",-56.700000225,5.89424048556142,-54.844028618037584,-19.837126528206923,10,behavior_007,-25.73136701376834,1572.6296118412247,2473163.896039881
"(-50, -40]",-45.6231879,11.03997350737515,-44.98067607211014,-20.17360209081317,9,behavior_007,-31.21357559818832,2430.1119657932054,5905444.166291317
"(-40, -30]",-35.3528118,3.646997812277105,-35.150971041301666,-20.686994954220186,8,behavior_007,-24.33399276649729,2209.358762362182,4881266.140826552
"(-30, -20]",-24.5127375,1.60011999570311,-25.34840001316212,-21.49453255022848,9,behavior_007,-23.09465254593159,2339.1793765634015,5471760.155739544
"(-20, -10]",-14.62973805,-5.954104569439496,-15.07691193525001,-22.194838902884655,10,behavior_007,-16.24073433344516,1749.3025894225045,3060059.5493602795
"(-10, 0]",-3.46887202499999,-9.91567052953346,-4.636387626015981,-22.29161242982711,9,behavior_007,-12.375941900293652,1375.1656736697696,1891080.6300396312
"(0, 10]",5.03812620000001,-18.191934691485,4.937530669447581,-21.050702486825433,10,behavior_007,-2.858767795340434,317.0085125190138,100494.39700951772
"(10, 20]",15.44703525,-19.2966096331278,14.889857017366243,-19.72878865935555,10,behavior_007,-0.4321790262277503,46.372289362234035,2150.389220694764
"(20, 30]",25.0356285,-20.1180129941091,24.80575462733373,-18.81524801316166,9,behavior_007,1.3027649809474404,131.3980596714961,17265.45008543405
"(30, 40]",35.95858155,-16.672725789169398,35.13217005329357,-16.927225107826082,9,behavior_007,-0.2544993186566842,22.932182447163036,525.8849917899724
"(40, 50]",47.10268035,-12.1608318325397,45.299232515991655,-14.24850657835196,9,behavior_007,-2.0876747458122615,158.1915334541827,25024.561256585803
"(50, 60]",53.785143,1.50594210230876,56.412734238637356,-6.617839027202022,20,behavior_007,-8.123781129510782,534.2971380415582,285473.43171939993
"(-80, -70]",-71.42044770000001,5.18813709980144,-70.62195055402822,5.349260264866236,1,behavior_008,0.16112316506479551,5.714860664407858,32.65963241359623
"(-70, -60]",-66.15,-0.249539061038283,-67.38646875799228,-15.099003583483912,14,behavior_008,-14.84946452244563,668.3971037922628,446754.6883578849
"(-60, -50]",-56.700000225,5.89424048556142,-54.844028618037584,-19.837126528206923,10,behavior_008,-25.73136701376834,1572.6296118412247,2473163.896039881
"(-50, -40]",-45.6231879,11.03997350737515,-44.98067607211014,-20.17360209081317,9,behavior_008,-31.21357559818832,2430.1119657932054,5905444.166291317
"(-40, -30]",-35.3528118,3.646997812277105,-35.150971041301666,-20.686994954220186,8,behavior_008,-24.33399276649729,2209.358762362182,4881266.140826552
"(-30, -20]",-24.5127375,1.60011999570311,-25.34840001316212,-21.49453255022848,9,behavior_008,-23.09465254593159,2339.1793765634015,5471760.155739544
"(-20, -10]",-14.62973805,-5.954104569439496,-15.07691193525001,-22.194838902884655,10,behavior_008,-16.24073433344516,1749.3025894225045,3060059.5493602795
"(-10, 0]",-3.46887202499999,-9.91567052953346,-4.636387626015981,-22.29161242982711,9,behavior_008,-12.375941900293652,1375.1656736697696,1891080.6300396312
"(0, 10]",5.03812620000001,-18.191934691485,4.937530669447581,-21.050702486825433,10,behavior_008,-2.858767795340434,317.0085125190138,100494.39700951772
"(10, 20]",15.44703525,-19.2966096331278,14.889857017366243,-19.72878865935555,10,behavior_008,-0.4321790262277503,46.372289362234035,2150.389220694764
"(20, 30]",25.0356285,-20.1180129941091,24.80575462733373,-18.81524801316166,9,behavior_008,1.3027649809474404,131.3980596714961,17265.45008543405
"(30, 40]",35.95858155,-16.672725789169398,35.13217005329357,-16.927225107826082,9,behavior_008,-0.2544993186566842,22.932182447163036,525.8849917899724
"(40, 50]",47.10268035,-12.1608318325397,45.299232515991655,-14.24850657835196,9,behavior_008,-2.0876747458122615,158.1915334541827,25024.561256585803
"(50, 60]",53.785143,1.50594210230876,56.412734238637356,-6.617839027202022,20,behavior_008,-8.123781129510782,534.2971380415582,285473.43171939993
"(-80, -70]",-71.42044770000001,5.18813709980144,-70.62195055402822,5.349260264866236,1,behavior_009,0.16112316506479551,5.714860664407858,32.65963241359623
"(-70, -60]",-66.15,-0.249539061038283,-66.02028490516521,-5.575862189719434,11,behavior_009,-5.3263231286811505,239.745948259008,57478.119706610945
"(-60, -50]",-56.700000225,5.89424048556142,-54.90935314516469,-11.45934812783219,10,behavior_009,-17.35358861339361,1060.6030884612833,1124878.9112536127
"(-50, -40]",-45.6231879,11.03997350737515,-44.59068522496906,-14.05288410270659,9,behavior_009,-25.09285761008174,1953.58757737912,3816504.422490019
"(-40, -30]",-35.3528118,3.646997812277105,-34.86489361889002,-17.006300514519353,9,behavior_009,-20.65329832679646,1875.1770853162852,3516289.101295279
"(-30, -20]",-24.5127375,1.60011999570311,-24.46946694369932,-18.283776916924424,9,behavior_009,-19.883896912627534,2013.9727796824848,4056086.357301994
"(-20, -10]",-14.62973805,-5.954104569439496,-14.750164951364376,-19.29699140828996,9,behavior_009,-13.342886838850463,1437.1730993410863,2065466.5174696639
"(-10, 0]",-3.46887202499999,-9.91567052953346,-5.140179446860763,-18.751852707854162,10,behavior_009,-8.836182178320703,981.8415855387041,964012.8990931563
"(0, 10]",5.03812620000001,-18.191934691485,5.373348275074011,-19.309582212214494,10,behavior_009,-1.117647520729495,123.9358364972867,15360.091568282181
"(10, 20]",15.44703525,-19.2966096331278,14.889857017366243,-19.72878865935555,10,behavior_009,-0.4321790262277503,46.372289362234035,2150.389220694764
"(20, 30]",25.0356285,-20.1180129941091,24.80575462733373,-18.81524801316166,9,behavior_009,1.3027649809474404,131.3980596714961,17265.45008543405
"(30, 40]",35.95858155,-16.672725789169398,35.13217005329357,-16.927225107826082,9,behavior_009,-0.2544993186566842,22.932182447163036,525.8849917899724
"(40, 50]",47.10268035,-12.1608318325397,45.299232515991655,-14.24850657835196,9,behavior_009,-2.0876747458122615,158.1915334541827,25024.561256585803
"(50, 60]",53.785143,1.50594210230876,56.412734238637356,-6.617839027202022,20,behavior_009,-8.123781129510782,534.2971380415582,285473.43171939993
"(-80, -70]",-71.42044770000001,5.18813709980144,-70.62195055402822,5.349260264866236,1,behavior_010,0.16112316506479551,5.714860664407858,32.65963241359623
"(-70, -60]",-66.15,-0.249539061038283,-64.88984488815481,-1.5465070353583386,10,behavior_010,-1.2969679743200555,58.378511658551766,3408.0506234676645
"(-60, -50]",-56.700000225,5.89424048556142,-55.08066101544612,-7.994319355931565,9,behavior_010,-13.888559841492985,848.8301636237884,720512.6466775874
"(-50, -40]",-45.6231879,11.03997350737515,-45.419731265547576,-10.984348088940116,9,behavior_010,-22.024321596315268,1714.6887667938279,2940157.5669689383
"(-40, -30]",-35.3528118,3.646997812277105,-35.04836290451982,-13.213807527658236,9,behavior_010,-16.86080533993534,1530.844871029824,2343486.019158318
"(-30, -20]",-24.5127375,1.60011999570311,-24.64549821422348,-14.935346195997385,9,behavior_010,-16.535466191700493,1674.8215380404597,2805027.184284211
"(-20, -10]",-14.62973805,-5.954104569439496,-14.692557581405735,-16.824498283026013,10,behavior_010,-10.870393713586518,1170.8588713294478,1370910.4965708684
"(-10, 0]",-3.46887202499999,-9.91567052953346,-5.140179446860763,-18.737103839858555,10,behavior_010,-8.821433310325096,980.202749710575,960797.430540172
"(0, 10]",5.03812620000001,-18.191934691485,4.8918705960494515,-20.170103522713493,10,behavior_010,-1.9781688312284942,219.3589698755312,48118.3576648542
"(10, 20]",15.44703525,-19.2966096331278,14.889857017366243,-19.72878865935555,10,behavior_010,-0.4321790262277503,46.372289362234035,2150.389220694764
"(20, 30]",25.0356285,-20.1180129941091,24.80575462733373,-18.81524801316166,9,behavior_010,1.3027649809474404,131.3980596714961,17265.45008543405
"(30, 40]",35.95858155,-16.672725789169398,35.13217005329357,-16.927225107826082,9,behavior_010,-0.2544993186566842,22.932182447163036,525.8849917899724
"(40, 50]",47.10268035,-12.1608318325397,45.299232515991655,-14.24850657835196,9,behavior_010,-2.0876747458122615,158.1915334541827,25024.561256585803
"(50, 60]",53.785143,1.50594210230876,56.412734238637356,-6.617839027202022,20,behavior_010,-8.123781129510782,534.2971380415582,285473.43171939993
"(-80, -70]",-71.42044770000001,5.18813709980144,-70.62195055402822,5.349260264866236,1,behavior_011,0.16112316506479551,5.714860664407858,32.65963241359623
"(-70, -60]",-66.15,-0.249539061038283,-64.88984488815481,-1.5465070353583386,10,behavior_011,-1.2969679743200555,58.378511658551766,3408.0506234676645
"(-60, -50]",-56.700000225,5.89424048556142,-55.08066101544612,-7.994319355931565,9,behavior_011,-13.888559841492985,848.8301636237884,720512.6466775874
"(-50, -40]",-45.6231879,11.03997350737515,-45.419731265547576,-10.984348088940116,9,behavior_011,-22.024321596315268,1714.6887667938279,2940157.5669689383
"(-40, -30]",-35.3528118,3.646997812277105,-35.04836290451982,-13.213807527658236,9,behavior_011,-16.86080533993534,1530.844871029824,2343486.019158318
"(-30, -20]",-24.5127375,1.60011999570311,-24.64549821422348,-14.935346195997385,9,behavior_011,-16.535466191700493,1674.8215380404597,2805027.184284211
"(-20, -10]",-14.62973805,-5.954104569439496,-14.692557581405735,-16.824498283026013,10,behavior_011,-10.870393713586518,1170.8588713294478,1370910.4965708684
"(-10, 0]",-3.46887202499999,-9.91567052953346,-5.140179446860763,-18.737103839858555,10,behavior_011,-8.821433310325096,980.202749710575,960797.430540172
"(0, 10]",5.03812620000001,-18.191934691485,4.8918705960494515,-20.170103522713493,10,behavior_011,-1.9781688312284942,219.3589698755312,48118.3576648542
"(10, 20]",15.44703525,-19.2966096331278,14.889857017366243,-19.72878865935555,10,behavior_011,-0.4321790262277503,46.372289362234035,2150.389220694764
"(20, 30]",25.0356285,-20.1180129941091,24.80575462733373,-18.81524801316166,9,behavior_011,1.3027649809474404,131.3980596714961,17265.45008543405
"(30, 40]",35.95858155,-16.672725789169398,35.13217005329357,-16.927225107826082,9,behavior_011,-0.2544993186566842,22.932182447163036,525.8849917899724
"(40, 50]",47.10268035,-12.1608318325397,45.299232515991655,-14.24850657835196,9,behavior_011,-2.0876747458122615,158.1915334541827,25024.561256585803
"(50, 60]",53.785143,1.50594210230876,56.412734238637356,-6.617839027202022,20,behavior_011,-8.123781129510782,534.2971380415582,285473.43171939993
"(-80, -70]",-71.42044770000001,5.18813709980144,-70.62195055402822,5.349260264866236,1,behavior_012,0.16112316506479551,5.714860664407858,32.65963241359623
"(-70, -60]",-66.15,-0.249539061038283,-64.88984488815481,-1.5465070353583386,10,behavior_012,-1.2969679743200555,58.378511658551766,3408.0506234676645
"(-60, -50]",-56.700000225,5.89424048556142,-55.08066101544612,-7.994319355931565,9,behavior_012,-13.888559841492985,848.8301636237884,720512.6466775874
"(-50, -40]",-45.6231879,11.03997350737515,-45.419731265547576,-10.984348088940116,9,behavior_012,-22.024321596315268,1714.6887667938279,2940157.5669689383
"(-40, -30]",-35.3528118,3.646997812277105,-35.04836290451982,-13.213807527658236,9,behavior_012,-16.86080533993534,1530.844871029824,2343486.019158318
"(-30, -20]",-24.5127375,1.60011999570311,-24.64549821422348,-14.935346195997385,9,behavior_012,-16.535466191700493,1674.8215380404597,2805027.184284211
"(-20, -10]",-14.62973805,-5.954104569439496,-14.692557581405735,-16.824498283026013,10,behavior_012,-10.870393713586518,1170.8588713294478,1370910.4965708684
"(-10, 0]",-3.46887202499999,-9.91567052953346,-5.140179446860763,-18.737103839858555,10,behavior_012,-8.821433310325096,980.202749710575,960797.430540172
"(0, 10]",5.03812620000001,-18.191934691485,4.8918705960494515,-20.170103522713493,10,behavior_012,-1.9781688312284942,219.3589698755312,48118.3576648542
"(10, 20]",15.44703525,-19.2966096331278,14.889857017366243,-19.72878865935555,10,behavior_012,-0.4321790262277503,46.372289362234035,2150.389220694764
"(20, 30]",25.0356285,-20.1180129941091,24.80575462733373,-18.81524801316166,9,behavior_012,1.3027649809474404,131.3980596714961,17265.45008543405
"(30, 40]",35.95858155,-16.672725789169398,35.13217005329357,-16.927225107826082,9,behavior_012,-0.2544993186566842,22.932182447163036,525.8849917899724
"(40, 50]",47.10268035,-12.1608318325397,45.299232515991655,-14.24850657835196,9,behavior_012,-2.0876747458122615,158.1915334541827,25024.561256585803
"(50, 60]",53.785143,1.50594210230876,56.412734238637356,-6.617839027202022,20,behavior_012,-8.123781129510782,534.2971380415582,285473.43171939993
"(-80, -70]",-71.42044770000001,5.18813709980144,-70.62195055402822,5.349260264866236,1,behavior_013,0.16112316506479551,5.714860664407858,32.65963241359623
"(-70, -60]",-66.15,-0.249539061038283,-64.88984488815481,1.0956954077624041,10,behavior_013,1.3452344688006872,60.55106037721399,3666.4309128050145
"(-60, -50]",-56.700000225,5.89424048556142,-55.1980974822368,5.070127389081488,12,behavior_013,-0.8241130964799321,50.36750120337673,2536.8851774721566
"(-50, -40]",-45.6231879,11.03997350737515,-45.18784121614755,10.410617680015198,10,behavior_013,-0.6293558273599515,48.998075276511095,2400.811380802648
"(-40, -30]",-35.3528118,3.646997812277105,-35.45632398896109,14.952534767226458,11,behavior_013,11.305536954949353,1026.4648047819003,1053629.9954559447
"(-30, -20]",-24.5127375,1.60011999570311,-24.984828069821933,11.814802858026042,10,behavior_013,10.214682862322931,1034.6107369296897,1070419.3769701954
"(-20, -10]",-14.62973805,-5.954104569439496,-14.652564197037751,7.544197328464962,10,behavior_013,13.498301897904458,1453.9129806578158,2113862.9553252943
"(-10, 0]",-3.46887202499999,-9.91567052953346,-6.979288376567183,-7.16000440072303,25,behavior_013,2.7556661288104296,306.19871190124485,93757.65116998155
"(0, 10]",5.03812620000001,-18.191934691485,4.931131602086992,-16.320570965077117,12,behavior_013,1.871363726407882,207.51536107883015,43062.62508367726
"(10, 20]",15.44703525,-19.2966096331278,14.371738951201092,-19.124574660383047,11,behavior_013,0.1720349727447541,18.45914552165173,340.74005338951514
"(20, 30]",25.0356285,-20.1180129941091,24.80575462733373,-18.81524801316166,9,behavior_013,1.3027649809474404,131.3980596714961,17265.45008543405
"(30, 40]",35.95858155,-16.672725789169398,35.13217005329357,-16.927225107826082,9,behavior_013,-0.2544993186566842,22.932182447163036,525.8849917899724
"(40, 50]",47.10268035,-12.1608318325397,45.299232515991655,-14.24850657835196,9,behavior_013,-2.0876747458122615,158.1915334541827,25024.561256585803
"(50, 60]",53.785143,1.50594210230876,56.412734238637356,-6.617839027202022,20,behavior_013,-8.123781129510782,534.2971380415582,285473.43171939993
"(-80, -70]",-71.42044770000001,5.18813709980144,-70.62195055402822,5.349260264866236,1,behavior_014,0.16112316506479551,5.714860664407858,32.65963241359623
"(-70, -60]",-66.15,-0.249539061038283,-67.38646875799228,-15.099003583483912,14,behavior_014,-14.84946452244563,668.3971037922628,446754.6883578849
"(-60, -50]",-56.700000225,5.89424048556142,-54.844028618037584,-19.837126528206923,10,behavior_014,-25.73136701376834,1572.6296118412247,2473163.896039881
"(-50, -40]",-45.6231879,11.03997350737515,-44.98067607211014,-20.17360209081317,9,behavior_014,-31.21357559818832,2430.1119657932054,5905444.166291317
"(-40, -30]",-35.3528118,3.646997812277105,-35.150971041301666,-20.686994954220186,8,behavior_014,-24.33399276649729,2209.358762362182,4881266.140826552
"(-30, -20]",-24.5127375,1.60011999570311,-25.34840001316212,-21.49453255022848,9,behavior_014,-23.09465254593159,2339.1793765634015,5471760.155739544
"(-20, -10]",-14.62973805,-5.954104569439496,-15.07691193525001,-22.194838902884655,10,behavior_014,-16.24073433344516,1749.3025894225045,3060059.5493602795
"(-10, 0]",-3.46887202499999,-9.91567052953346,-4.636387626015981,-22.29161242982711,9,behavior_014,-12.375941900293652,1375.1656736697696,1891080.6300396312
"(0, 10]",5.03812620000001,-18.191934691485,4.937530669447581,-21.050702486825433,10,behavior_014,-2.858767795340434,317.0085125190138,100494.39700951772
"(10, 20]",15.44703525,-19.2966096331278,14.889857017366243,-19.72878865935555,10,behavior_014,-0.4321790262277503,46.372289362234035,2150.389220694764
"(20, 30]",25.0356285,-20.1180129941091,24.80575462733373,-18.81524801316166,9,behavior_014,1.3027649809474404,131.3980596714961,17265.45008543405
"(30, 40]",35.95858155,-16.672725789169398,35.13217005329357,-16.927225107826082,9,behavior_014,-0.2544993186566842,22.932182447163036,525.8849917899724
"(40, 50]",47.10268035,-12.1608318325397,45.299232515991655,-14.24850657835196,9,behavior_014,-2.0876747458122615,158.1915334541827,25024.561256585803
"(50, 60]",53.785143,1.50594210230876,56.412734238637356,-6.617839027202022,20,behavior_014,-8.123781129510782,534.2971380415582,285473.43171939993
"(-80, -70]",-71.42044770000001,5.18813709980144,-70.62195055402822,5.349260264866236,1,behavior_015,0.16112316506479551,5.714860664407858,32.65963241359623
"(-70, -60]",-66.15,-0.249539061038283,-66.02028490516521,-5.575862189719434,11,behavior_015,-5.3263231286811505,239.745948259008,57478.119706610945
"(-60, -50]",-56.700000225,5.89424048556142,-54.90935314516469,-11.45934812783219,10,behavior_015,-17.35358861339361,1060.6030884612833,1124878.9112536127
"(-50, -40]",-45.6231879,11.03997350737515,-44.59068522496906,-14.05288410270659,9,behavior_015,-25.09285761008174,1953.58757737912,3816504.422490019
"(-40, -30]",-35.3528118,3.646997812277105,-34.86489361889002,-17.006300514519353,9,behavior_015,-20.65329832679646,1875.1770853162852,3516289.101295279
"(-30, -20]",-24.5127375,1.60011999570311,-24.46946694369932,-18.283776916924424,9,behavior_015,-19.883896912627534,2013.9727796824848,4056086.357301994
"(-20, -10]",-14.62973805,-5.954104569439496,-14.750164951364376,-19.29699140828996,9,behavior_015,-13.342886838850463,1437.1730993410863,2065466.5174696639
"(-10, 0]",-3.46887202499999,-9.91567052953346,-4.886873641796895,-20.055855230633853,10,behavior_015,-10.140184701100393,1126.737183962842,1269536.6817245153
"(0, 10]",5.03812620000001,-18.191934691485,4.937530669447581,-21.050702486825433,10,behavior_015,-2.858767795340434,317.0085125190138,100494.39700951772
"(10, 20]",15.44703525,-19.2966096331278,14.889857017366243,-19.72878865935555,10,behavior_015,-0.4321790262277503,46.372289362234035,2150.389220694764
"(20, 30]",25.0356285,-20.1180129941091,24.80575462733373,-18.81524801316166,9,behavior_015,1.3027649809474404,131.3980596714961,17265.45008543405
"(30, 40]",35.95858155,-16.672725789169398,35.13217005329357,-16.927225107826082,9,behavior_015,-0.2544993186566842,22.932182447163036,525.8849917899724
"(40, 50]",47.10268035,-12.1608318325397,45.299232515991655,-14.24850657835196,9,behavior_015,-2.0876747458122615,158.1915334541827,25024.561256585803
"(50, 60]",53.785143,1.50594210230876,56.412734238637356,-6.617839027202022,20,behavior_015,-8.123781129510782,534.2971380415582,285473.43171939993
"(-80, -70]",-71.42044770000001,5.18813709980144,-70.62195055402822,5.349260264866236,1,behavior_016,0.16112316506479551,5.714860664407858,32.65963241359623
"(-70, -60]",-66.15,-0.249539061038283,-64.88984488815481,-1.5465070353583386,10,behavior_016,-1.2969679743200555,58.378511658551766,3408.0506234676645
"(-60, -50]",-56.700000225,5.89424048556142,-55.08066101544612,-7.994319355931565,9,behavior_016,-13.888559841492985,848.8301636237884,720512.6466775874
"(-50, -40]",-45.6231879,11.03997350737515,-45.419731265547576,-10.984348088940116,9,behavior_016,-22.024321596315268,1714.6887667938279,2940157.5669689383
"(-40, -30]",-35.3528118,3.646997812277105,-35.04836290451982,-13.213807527658236,9,behavior_016,-16.86080533993534,1530.844871029824,2343486.019158318
"(-30, -20]",-24.5127375,1.60011999570311,-24.64549821422348,-14.935346195997385,9,behavior_016,-16.535466191700493,1674.8215380404597,2805027.184284211
"(-20, -10]",-14.62973805,-5.954104569439496,-14.692557581405735,-16.824498283026013,10,behavior_016,-10.870393713586518,1170.8588713294478,1370910.4965708684
"(-10, 0]",-3.46887202499999,-9.91567052953346,-5.140179446860763,-18.737103839858555,10,behavior_016,-8.821433310325096,980.202749710575,960797.430540172
"(0, 10]",5.03812620000001,-18.191934691485,4.8918705960494515,-20.170103522713493,10,behavior_016,-1.9781688312284942,219.3589698755312,48118.3576648542
"(10, 20]",15.44703525,-19.2966096331278,14.889857017366243,-19.72878865935555,10,behavior_016,-0.4321790262277503,46.372289362234035,2150.389220694764
"(20, 30]",25.0356285,-20.1180129941091,24.80575462733373,-18.81524801316166,9,behavior_016,1.3027649809474404,131.3980596714961,17265.45008543405
"(30, 40]",35.95858155,-16.672725789169398,35.13217005329357,-16.927225107826082,9,behavior_016,-0.2544993186566842,22.932182447163036,525.8849917899724
"(40, 50]",47.10268035,-12.1608318325397,45.299232515991655,-14.24850657835196,9,behavior_016,-2.0876747458122615,158.1915334541827,25024.561256585803
"(50, 60]",53.785143,1.50594210230876,56.412734238637356,-6.617839027202022,20,behavior_016,-8.123781129510782,534.2971380415582,285473.43171939993
"(-80, -70]",-71.42044770000001,5.18813709980144,-70.62195055402822,5.349260264866236,1,behavior_017,0.16112316506479551,5.714860664407858,32.65963241359623
"(-70, -60]",-66.15,-0.249539061038283,-64.88984488815481,-1.5465070353583386,10,behavior_017,-1.2969679743200555,58.378511658551766,3408.0506234676645
"(-60, -50]",-56.700000225,5.89424048556142,-55.08066101544612,-7.994319355931565,9,behavior_017,-13.888559841492985,848.8301636237884,720512.6466775874
"(-50, -40]",-45.6231879,11.03997350737515,-45.419731265547576,-10.984348088940116,9,behavior_017,-22.024321596315268,1714.6887667938279,2940157.5669689383
"(-40, -30]",-35.3528118,3.646997812277105,-35.04836290451982,-13.213807527658236,9,behavior_017,-16.86080533993534,1530.844871029824,2343486.019158318
"(-30, -20]",-24.5127375,1.60011999570311,-24.64549821422348,-14.935346195997385,9,behavior_017,-16.535466191700493,1674.8215380404597,2805027.184284211
"(-20, -10]",-14.62973805,-5.954104569439496,-14.692557581405735,-16.824498283026013,10,behavior_017,-10.870393713586518,1170.8588713294478,1370910.4965708684
"(-10, 0]",-3.46887202499999,-9.91567052953346,-5.140179446860763,-18.737103839858555,10,behavior_017,-8.821433310325096,980.202749710575,960797.430540172
"(0, 10]",5.03812620000001,-18.191934691485,4.8918705960494515,-20.170103522713493,10,behavior_017,-1.9781688312284942,219.3589698755312,48118.3576648542
"(10, 20]",15.44703525,-19.2966096331278,14.889857017366243,-19.72878865935555,10,behavior_017,-0.4321790262277503,46.372289362234035,2150.389220694764
"(20, 30]",25.0356285,-20.1180129941091,24.80575462733373,-18.81524801316166,9,behavior_017,1.3027649809474404,131.3980596714961,17265.45008543405
"(30, 40]",35.95858155,-16.672725789169398,35.13217005329357,-16.927225107826082,9,behavior_017,-0.2544993186566842,22.932182447163036,525.8849917899724
"(40, 50]",47.10268035,-12.1608318325397,45.299232515991655,-14.24850657835196,9,behavior_017,-2.0876747458122615,158.1915334541827,25024.561256585803
"(50, 60]",53.785143,1.50594210230876,56.412734238637356,-6.617839027202022,20,behavior_017,-8.123781129510782,534.2971380415582,285473.43171939993
"(-80, -70]",-71.42044770000001,5.18813709980144,-70.62195055402822,5.349260264866236,1,behavior_018,0.16112316506479551,5.714860664407858,32.65963241359623
"(-70, -60]",-66.15,-0.249539061038283,-64.88984488815481,-1.5465070353583386,10,behavior_018,-1.2969679743200555,58.378511658551766,3408.0506234676645
"(-60, -50]",-56.700000225,5.89424048556142,-55.08066101544612,-7.994319355931565,9,behavior_018,-13.888559841492985,848.8301636237884,720512.6466775874
"(-50, -40]",-45.6231879,11.03997350737515,-45.419731265547576,-10.984348088940116,9,behavior_018,-22.024321596315268,1714.6887667938279,2940157.5669689383
"(-40, -30]",-35.3528118,3.646997812277105,-35.04836290451982,-13.213807527658236,9,behavior_018,-16.86080533993534,1530.844871029824,2343486.019158318
"(-30, -20]",-24.5127375,1.60011999570311,-24.64549821422348,-14.935346195997385,9,behavior_018,-16.535466191700493,1674.8215380404597,2805027.184284211
"(-20, -10]",-14.62973805,-5.954104569439496,-14.692557581405735,-16.824498283026013,10,behavior_018,-10.870393713586518,1170.8588713294478,1370910.4965708684
"(-10, 0]",-3.46887202499999,-9.91567052953346,-5.140179446860763,-18.737103839858555,10,behavior_018,-8.821433310325096,980.202749710575,960797.430540172
"(0, 10]",5.03812620000001,-18.191934691485,4.8918705960494515,-20.170103522713493,10,behavior_018,-1.9781688312284942,219.3589698755312,48118.3576648542
"(10, 20]",15.44703525,-19.2966096331278,14.889857017366243,-19.72878865935555,10,behavior_018,-0.4321790262277503,46.372289362234035,2150.389220694764
"(20, 30]",25.0356285,-20.1180129941091,24.80575462733373,-18.81524801316166,9,behavior_018,1.3027649809474404,131.3980596714961,17265.45008543405
"(30, 40]",35.95858155,-16.672725789169398,35.13217005329357,-16.927225107826082,9,behavior_018,-0.2544993186566842,22.932182447163036,525.8849917899724
"(40, 50]",47.10268035,-12.1608318325397,45.299232515991655,-14.24850657835196,9,behavior_018,-2.0876747458122615,158.1915334541827,25024.561256585803
"(50, 60]",53.785143,1.50594210230876,56.412734238637356,-6.617839027202022,20,behavior_018,-8.123781129510782,534.2971380415582,285473.43171939993
"(-80, -70]",-71.42044770000001,5.18813709980144,-70.62195055402822,5.349260264866236,1,behavior_019,0.16112316506479551,5.714860664407858,32.65963241359623
"(-70, -60]",-66.15,-0.249539061038283,-64.88984488815481,1.0956954077624041,10,behavior_019,1.3452344688006872,60.55106037721399,3666.4309128050145
"(-60, -50]",-56.700000225,5.89424048556142,-55.1980974822368,5.070127389081488,12,behavior_019,-0.8241130964799321,50.36750120337673,2536.8851774721566
"(-50, -40]",-45.6231879,11.03997350737515,-45.18784121614755,10.410617680015198,10,behavior_019,-0.6293558273599515,48.998075276511095,2400.811380802648
"(-40, -30]",-35.3528118,3.646997812277105,-35.45632398896109,14.952534767226458,11,behavior_019,11.305536954949353,1026.4648047819003,1053629.9954559447
"(-30, -20]",-24.5127375,1.60011999570311,-24.984828069821933,11.814802858026042,10,behavior_019,10.214682862322931,1034.6107369296897,1070419.3769701954
"(-20, -10]",-14.62973805,-5.954104569439496,-14.652564197037751,7.544197328464962,10,behavior_019,13.498301897904458,1453.9129806578158,2113862.9553252943
"(-10, 0]",-3.46887202499999,-9.91567052953346,-6.979288376567183,-7.16000440072303,25,behavior_019,2.7556661288104296,306.19871190124485,93757.65116998155
"(0, 10]",5.03812620000001,-18.191934691485,4.025058657794046,-18.861058711832367,13,behavior_019,-0.6691240203473683,74.19910449767804,5505.507108257345
"(10, 20]",15.44703525,-19.2966096331278,14.889857017366243,-19.72878865935555,10,behavior_019,-0.4321790262277503,46.372289362234035,2150.389220694764
"(20, 30]",25.0356285,-20.1180129941091,24.80575462733373,-18.81524801316166,9,behavior_019,1.3027649809474404,131.3980596714961,17265.45008543405
"(30, 40]",35.95858155,-16.672725789169398,35.13217005329357,-16.927225107826082,9,behavior_019,-0.2544993186566842,22.932182447163036,525.8849917899724
"(40, 50]",47.10268035,-12.1608318325397,45.299232515991655,-14.24850657835196,9,behavior_019,-2.0876747458122615,158.1915334541827,25024.561256585803
"(50, 60]",53.785143,1.50594210230876,56.412734238637356,-6.617839027202022,20,behavior_019,-8.123781129510782,534.2971380415582,285473.43171939993
"(-80, -70]",-71.42044770000001,5.18813709980144,-70.62195055402822,5.349260264866236,1,behavior_020,0.16112316506479551,5.714860664407858,32.65963241359623
"(-70, -60]",-66.15,-0.249539061038283,-64.88984488815481,1.0956954077624041,10,behavior_020,1.3452344688006872,60.55106037721399,3666.4309128050145
"(-60, -50]",-56.700000225,5.89424048556142,-55.1980974822368,5.070127389081488,12,behavior_020,-0.8241130964799321,50.36750120337673,2536.8851774721566
"(-50, -40]",-45.6231879,11.03997350737515,-45.18784121614755,10.410617680015198,10,behavior_020,-0.6293558273599515,48.998075276511095,2400.811380802648
"(-40, -30]",-35.3528118,3.646997812277105,-35.45632398896109,14.952534767226458,11,behavior_020,11.305536954949353,1026.4648047819003,1053629.9954559447
"(-30, -20]",-24.5127375,1.60011999570311,-24.984828069821933,11.814802858026042,10,behavior_020,10.214682862322931,1034.6107369296897,1070419.3769701954
"(-20, -10]",-14.62973805,-5.954104569439496,-14.652564197037751,7.544197328464962,10,behavior_020,13.498301897904458,1453.9129806578158,2113862.9553252943
"(-10, 0]",-3.46887202499999,-9.91567052953346,-6.979288376567183,-7.16000440072303,25,behavior_020,2.7556661288104296,306.19871190124485,93757.65116998155
"(0, 10]",5.03812620000001,-18.191934691485,4.025058657794046,-18.861058711832367,13,behavior_020,-0.6691240203473683,74.19910449767804,5505.507108257345
"(10, 20]",15.44703525,-19.2966096331278,14.889857017366243,-19.72878865935555,10,behavior_020,-0.4321790262277503,46.372289362234035,2150.389220694764
"(20, 30]",25.0356285,-20.1180129941091,24.80575462733373,-18.81524801316166,9,behavior_020,1.3027649809474404,131.3980596714961,17265.45008543405
"(30, 40]",35.95858155,-16.672725789169398,35.13217005329357,-16.927225107826082,9,behavior_020,-0.2544993186566842,22.932182447163036,525.8849917899724
"(40, 50]",47.10268035,-12.1608318325397,45.299232515991655,-14.24850657835196,9,behavior_020,-2.0876747458122615,158.1915334541827,25024.561256585803
"(50, 60]",53.785143,1.50594210230876,56.412734238637356,-6.617839027202022,20,behavior_020,-8.123781129510782,534.2971380415582,285473.43171939993
"(-80, -70]",-71.42044770000001,5.18813709980144,-70.62195055402822,5.349260264866236,1,behavior_021,0.16112316506479551,5.714860664407858,32.65963241359623
"(-70, -60]",-66.15,-0.249539061038283,-67.05136830184756,-10.008548180188619,12,behavior_021,-9.759009119150337,439.2679225074225,192956.30774398692
"(-60, -50]",-56.700000225,5.89424048556142,-55.76920296321252,-16.310092519567092,10,behavior_021,-22.20433300512851,1357.0670993252702,1841631.1120711027
"(-50, -40]",-45.6231879,11.03997350737515,-45.22857209111416,-18.91247332492836,10,behavior_021,-29.952446832303508,2331.927632673722,5437886.48402727
"(-40, -30]",-35.3528118,3.646997812277105,-35.150971041301666,-20.686994954220186,8,behavior_021,-24.33399276649729,2209.358762362182,4881266.140826552
"(-30, -20]",-24.5127375,1.60011999570311,-25.34840001316212,-21.49453255022848,9,behavior_021,-23.09465254593159,2339.1793765634015,5471760.155739544
"(-20, -10]",-14.62973805,-5.954104569439496,-15.07691193525001,-22.194838902884655,10,behavior_021,-16.24073433344516,1749.3025894225045,3060059.5493602795
"(-10, 0]",-3.46887202499999,-9.91567052953346,-4.636387626015981,-22.29161242982711,9,behavior_021,-12.375941900293652,1375.1656736697696,1891080.6300396312
"(0, 10]",5.03812620000001,-18.191934691485,4.937530669447581,-21.050702486825433,10,behavior_021,-2.858767795340434,317.0085125190138,100494.39700951772
"(10, 20]",15.44703525,-19.2966096331278,14.889857017366243,-19.72878865935555,10,behavior_021,-0.4321790262277503,46.372289362234035,2150.389220694764
"(20, 30]",25.0356285,-20.1180129941091,24.80575462733373,-18.81524801316166,9,behavior_021,1.3027649809474404,131.3980596714961,17265.45008543405
"(30, 40]",35.95858155,-16.672725789169398,35.13217005329357,-16.927225107826082,9,behavior_021,-0.2544993186566842,22.932182447163036,525.8849917899724
"(40, 50]",47.10268035,-12.1608318325397,45.299232515991655,-14.24850657835196,9,behavior_021,-2.0876747458122615,158.1915334541827,25024.561256585803
"(50, 60]",53.785143,1.50594210230876,56.412734238637356,-6.617839027202022,20,behavior_021,-8.123781129510782,534.2971380415582,285473.43171939993
"(-80, -70]",-71.42044770000001,5.18813709980144,-70.62195055402822,5.349260264866236,1,behavior_022,0.16112316506479551,5.714860664407858,32.65963241359623
"(-70, -60]",-66.15,-0.249539061038283,-64.88984488815481,-1.5465070353583386,10,behavior_022,-1.2969679743200555,58.378511658551766,3408.0506234676645
"(-60, -50]",-56.700000225,5.89424048556142,-55.08066101544612,-7.994319355931565,9,behavior_022,-13.888559841492985,848.8301636237884,720512.6466775874
"(-50, -40]",-45.6231879,11.03997350737515,-45.419731265547576,-10.984348088940116,9,behavior_022,-22.024321596315268,1714.6887667938279,2940157.5669689383
"(-40, -30]",-35.3528118,3.646997812277105,-35.04836290451982,-13.213807527658236,9,behavior_022,-16.86080533993534,1530.844871029824,2343486.019158318
"(-30, -20]",-24.5127375,1.60011999570311,-24.64549821422348,-14.935346195997385,9,behavior_022,-16.535466191700493,1674.8215380404597,2805027.184284211
"(-20, -10]",-14.62973805,-5.954104569439496,-14.692557581405735,-16.824498283026013,10,behavior_022,-10.870393713586518,1170.8588713294478,1370910.4965708684
"(-10, 0]",-3.46887202499999,-9.91567052953346,-5.140179446860763,-18.737103839858555,10,behavior_022,-8.821433310325096,980.202749710575,960797.430540172
"(0, 10]",5.03812620000001,-18.191934691485,4.8918705960494515,-20.170103522713493,10,behavior_022,-1.9781688312284942,219.3589698755312,48118.3576648542
"(10, 20]",15.44703525,-19.2966096331278,14.889857017366243,-19.72878865935555,10,behavior_022,-0.4321790262277503,46.372289362234035,2150.389220694764
"(20, 30]",25.0356285,-20.1180129941091,24.80575462733373,-18.81524801316166,9,behavior_022,1.3027649809474404,131.3980596714961,17265.45008543405
"(30, 40]",35.95858155,-16.672725789169398,35.13217005329357,-16.927225107826082,9,behavior_022,-0.2544993186566842,22.932182447163036,525.8849917899724
"(40, 50]",47.10268035,-12.1608318325397,45.299232515991655,-14.24850657835196,9,behavior_022,-2.0876747458122615,158.1915334541827,25024.561256585803
"(50, 60]",53.785143,1.50594210230876,56.412734238637356,-6.617839027202022,20,behavior_022,-8.123781129510782,534.2971380415582,285473.43171939993
"(-80, -70]",-71.42044770000001,5.18813709980144,-70.62195055402822,5.349260264866236,1,behavior_023,0.16112316506479551,5.714860664407858,32.65963241359623
"(-70, -60]",-66.15,-0.249539061038283,-64.88984488815481,-1.5465070353583386,10,behavior_023,-1.2969679743200555,58.378511658551766,3408.0506234676645
"(-60, -50]",-56.700000225,5.89424048556142,-55.08066101544612,-7.994319355931565,9,behavior_023,-13.888559841492985,848.8301636237884,720512.6466775874
"(-50, -40]",-45.6231879,11.03997350737515,-45.419731265547576,-10.984348088940116,9,behavior_023,-22.024321596315268,1714.6887667938279,2940157.5669689383
"(-40, -30]",-35.3528118,3.646997812277105,-35.04836290451982,-13.213807527658236,9,behavior_023,-16.86080533993534,1530.844871029824,2343486.019158318
"(-30, -20]",-24.5127375,1.60011999570311,-24.64549821422348,-14.935346195997385,9,behavior_023,-16.535466191700493,1674.8215380404597,2805027.184284211
"(-20, -10]",-14.62973805,-5.954104569439496,-14.692557581405735,-16.824498283026013,10,behavior_023,-10.870393713586518,1170.8588713294478,1370910.4965708684
"(-10, 0]",-3.46887202499999,-9.91567052953346,-5.140179446860763,-18.737103839858555,10,behavior_023,-8.821433310325096,980.202749710575,960797.430540172
"(0, 10]",5.03812620000001,-18.191934691485,4.8918705960494515,-20.170103522713493,10,behavior_023,-1.9781688312284942,219.3589698755312,48118.3576648542
"(10, 20]",15.44703525,-19.2966096331278,14.889857017366243,-19.72878865935555,10,behavior_023,-0.4321790262277503,46.372289362234035,2150.389220694764
"(20, 30]",25.0356285,-20.1180129941091,24.80575462733373,-18.81524801316166,9,behavior_023,1.3027649809474404,131.3980596714961,17265.45008543405
"(30, 40]",35.95858155,-16.672725789169398,35.13217005329357,-16.927225107826082,9,behavior_023,-0.2544993186566842,22.932182447163036,525.8849917899724
"(40, 50]",47.10268035,-12.1608318325397,45.299232515991655,-14.24850657835196,9,behavior_023,-2.0876747458122615,158.1915334541827,25024.561256585803
"(50, 60]",53.785143,1.50594210230876,56.412734238637356,-6.617839027202022,20,behavior_023,-8.123781129510782,534.2971380415582,285473.43171939993
"(-80, -70]",-71.42044770000001,5.18813709980144,-70.62195055402822,5.349260264866236,1,behavior_024,0.16112316506479551,5.714860664407858,32.65963241359623
"(-70, -60]",-66.15,-0.249539061038283,-64.88984488815481,-1.5465070353583386,10,behavior_024,-1.2969679743200555,58.378511658551766,3408.0506234676645
"(-60, -50]",-56.700000225,5.89424048556142,-55.08066101544612,-7.994319355931565,9,behavior_024,-13.888559841492985,848.8301636237884,720512.6466775874
"(-50, -40]",-45.6231879,11.03997350737515,-45.419731265547576,-10.984348088940116,9,behavior_024,-22.024321596315268,1714.6887667938279,2940157.5669689383
"(-40, -30]",-35.3528118,3.646997812277105,-35.04836290451982,-13.213807527658236,9,behavior_024,-16.86080533993534,1530.844871029824,2343486.019158318
"(-30, -20]",-24.5127375,1.60011999570311,-24.64549821422348,-14.935346195997385,9,behavior_024,-16.535466191700493,1674.8215380404597,2805027.184284211
"(-20, -10]",-14.62973805,-5.954104569439496,-14.692557581405735,-16.824498283026013,10,behavior_024,-10.870393713586518,1170.8588713294478,1370910.4965708684
"(-10, 0]",-3.46887202499999,-9.91567052953346,-5.140179446860763,-18.737103839858555,10,behavior_024,-8.821433310325096,980.202749710575,960797.430540172
"(0, 10]",5.03812620000001,-18.191934691485,4.8918705960494515,-20.170103522713493,10,behavior_024,-1.9781688312284942,219.3589698755312,48118.3576648542
"(10, 20]",15.44703525,-19.2966096331278,14.889857017366243,-19.72878865935555,10,behavior_024,-0.4321790262277503,46.372289362234035,2150.389220694764
"(20, 30]",25.0356285,-20.1180129941091,24.80575462733373,-18.81524801316166,9,behavior_024,1.3027649809474404,131.3980596714961,17265.45008543405
"(30, 40]",35.95858155,-16.672725789169398,35.13217005329357,-16.927225107826082,9,behavior_024,-0.2544993186566842,22.932182447163036,525.8849917899724
"(40, 50]",47.10268035,-12.1608318325397,45.299232515991655,-14.24850657835196,9,behavior_024,-2.0876747458122615,158.1915334541827,25024.561256585803
"(50, 60]",53.785143,1.50594210230876,56.412734238637356,-6.617839027202022,20,behavior_024,-8.123781129510782,534.2971380415582,285473.43171939993
"(-80, -70]",-71.42044770000001,5.18813709980144,-70.62195055402822,5.349260264866236,1,behavior_025,0.16112316506479551,5.714860664407858,32.65963241359623
"(-70, -60]",-66.15,-0.249539061038283,-66.81503747416869,-15.310813478990498,15,behavior_025,-15.061274417952216,677.9309910578372,459590.4286366614
"(-60, -50]",-56.700000225,5.89424048556142,-54.94686993909407,-15.418811765188025,12,behavior_025,-21.313052250749443,1302.594497615042,1696752.4252169835
"(-50, -40]",-45.6231879,11.03997350737515,-42.44012452352031,-0.4718966123999023,19,behavior_025,-11.511870119775052,896.2489170368016,803262.1212896396
"(-40, -30]",-35.3528118,3.646997812277105,-35.45632398896109,14.952534767226458,11,behavior_025,11.305536954949353,1026.4648047819003,1053629.9954559447
"(-30, -20]",-24.5127375,1.60011999570311,-24.984828069821933,11.814802858026042,10,behavior_025,10.214682862322931,1034.6107369296897,1070419.3769701954
"(-20, -10]",-14.62973805,-5.954104569439496,-14.652564197037751,7.544197328464962,10,behavior_025,13.498301897904458,1453.9129806578158,2113862.9553252943
"(-10, 0]",-3.46887202499999,-9.91567052953346,-6.979288376567183,-7.16000440072303,25,behavior_025,2.7556661288104296,306.19871190124485,93757.65116998155
"(0, 10]",5.03812620000001,-18.191934691485,4.025058657794046,-18.861058711832367,13,behavior_025,-0.6691240203473683,74.19910449767804,5505.507108257345
"(10, 20]",15.44703525,-19.2966096331278,14.889857017366243,-19.72878865935555,10,behavior_025,-0.4321790262277503,46.372289362234035,2150.389220694764
"(20, 30]",25.0356285,-20.1180129941091,24.80575462733373,-18.81524801316166,9,behavior_025,1.3027649809474404,131.3980596714961,17265.45008543405
"(30, 40]",35.95858155,-16.672725789169398,35.13217005329357,-16.927225107826082,9,behavior_025,-0.2544993186566842,22.932182447163036,525.8849917899724
"(40, 50]",47.10268035,-12.1608318325397,45.299232515991655,-14.24850657835196,9,behavior_025,-2.0876747458122615,158.1915334541827,25024.561256585803
"(50, 60]",53.785143,1.50594210230876,56.412734238637356,-6.617839027202022,20,behavior_025,-8.123781129510782,534.2971380415582,285473.43171939993
"(-80, -70]",-71.42044770000001,5.18813709980144,-70.62195055402822,5.349260264866236,1,behavior_026,0.16112316506479551,5.714860664407858,32.65963241359623
"(-70, -60]",-66.15,-0.249539061038283,-64.88984488815481,1.0956954077624041,10,behavior_026,1.3452344688006872,60.55106037721399,3666.4309128050145
"(-60, -50]",-56.700000225,5.89424048556142,-55.1980974822368,5.070127389081488,12,behavior_026,-0.8241130964799321,50.36750120337673,2536.8851774721566
"(-50, -40]",-45.6231879,11.03997350737515,-45.13438248401562,9.553018897528716,10,behavior_026,-1.4869546098464337,115.76585254106283,13401.732614559103
"(-40, -30]",-35.3528118,3.646997812277105,-35.45632398896109,14.952534767226458,11,behavior_026,11.305536954949353,1026.4648047819003,1053629.9954559447
"(-30, -20]",-24.5127375,1.60011999570311,-24.984828069821933,11.814802858026042,10,behavior_026,10.214682862322931,1034.6107369296897,1070419.3769701954
"(-20, -10]",-14.62973805,-5.954104569439496,-14.652564197037751,7.544197328464962,10,behavior_026,13.498301897904458,1453.9129806578158,2113862.9553252943
"(-10, 0]",-3.46887202499999,-9.91567052953346,-6.979288376567183,-7.16000440072303,25,behavior_026,2.7556661288104296,306.19871190124485,93757.65116998155
"(0, 10]",5.03812620000001,-18.191934691485,4.025058657794046,-18.861058711832367,13,behavior_026,-0.6691240203473683,74.19910449767804,5505.507108257345
"(10, 20]",15.44703525,-19.2966096331278,14.889857017366243,-19.72878865935555,10,behavior_026,-0.4321790262277503,46.372289362234035,2150.389220694764
"(20, 30]",25.0356285,-20.1180129941091,24.80575462733373,-18.81524801316166,9,behavior_026,1.3027649809474404,131.3980596714961,17265.45008543405
"(30, 40]",35.95858155,-16.672725789169398,35.13217005329357,-16.927225107826082,9,behavior_026,-0.2544993186566842,22.932182447163036,525.8849917899724
"(40, 50]",47.10268035,-12.1608318325397,45.299232515991655,-14.24850657835196,9,behavior_026,-2.0876747458122615,158.1915334541827,25024.561256585803
"(50, 60]",53.785143,1.50594210230876,56.412734238637356,-6.617839027202022,20,behavior_026,-8.123781129510782,534.2971380415582,285473.43171939993
"(-80, -70]",-71.42044770000001,5.18813709980144,-70.62195055402822,5.349260264866236,1,behavior_027,0.16112316506479551,5.714860664407858,32.65963241359623
"(-70, -60]",-66.15,-0.249539061038283,-66.57980791430384,-16.64908710935863,16,behavior_027,-16.399548048320344,738.1687334537021,544893.0790486427
"(-60, -50]",-56.700000225,5.89424048556142,-54.63102302172706,-29.783441638768014,12,behavior_027,-35.677682124329436,2180.5207379987487,4754670.688842608
"(-50, -40]",-45.6231879,11.03997350737515,-44.89945371579998,-35.110931970405325,10,behavior_027,-46.150905477780476,3593.0477519613287,12909992.147874357
"(-40, -30]",-35.3528118,3.646997812277105,-35.14324192704379,-35.9011290188561,9,behavior_027,-39.54812683113321,3590.6972352549215,12893106.635267336
"(-30, -20]",-24.5127375,1.60011999570311,-24.851379924660133,-35.07583430513459,10,behavior_027,-36.6759543008377,3714.783573629238,13799616.998905614
"(-20, -10]",-14.62973805,-5.954104569439496,-15.066353743214265,-34.97323531558154,8,behavior_027,-29.019130746142046,3125.6739698326223,9769837.765689224
"(-10, 0]",-3.46887202499999,-9.91567052953346,-5.810035277183922,-33.8743434259561,9,behavior_027,-23.95867289642264,2662.192891602128,7087270.992096899
"(0, 10]",5.03812620000001,-18.191934691485,4.0965673836681695,-26.52214705341953,16,behavior_027,-8.330212361934532,923.7365252709849,853289.1681197128
"(10, 20]",15.44703525,-19.2966096331278,15.109640620583349,-21.693778063303174,10,behavior_027,-2.3971684301753733,257.2132874294652,66158.67523027268
"(20, 30]",25.0356285,-20.1180129941091,24.80575462733373,-19.025475727989548,9,behavior_027,1.0925372661195532,110.19430134091242,12142.784048011812
"(30, 40]",35.95858155,-16.672725789169398,35.13217005329357,-16.927225107826082,9,behavior_027,-0.2544993186566842,22.932182447163036,525.8849917899724
"(40, 50]",47.10268035,-12.1608318325397,45.299232515991655,-14.24850657835196,9,behavior_027,-2.0876747458122615,158.1915334541827,25024.561256585803
"(50, 60]",53.785143,1.50594210230876,56.412734238637356,-6.617839027202022,20,behavior_027,-8.123781129510782,534.2971380415582,285473.43171939993
"(-80, -70]",-71.42044770000001,5.18813709980144,-70.62195055402822,5.349260264866236,1,behavior_028,0.16112316506479551,5.714860664407858,32.65963241359623
"(-70, -60]",-66.15,-0.249539061038283,-66.02028490516521,-5.575862189719434,11,behavior_028,-5.3263231286811505,239.745948259008,57478.119706610945
"(-60, -50]",-56.700000225,5.89424048556142,-54.90935314516469,-11.45934812783219,10,behavior_028,-17.35358861339361,1060.6030884612833,1124878.9112536127
"(-50, -40]",-45.6231879,11.03997350737515,-44.59068522496906,-14.05288410270659,9,behavior_028,-25.09285761008174,1953.58757737912,3816504.422490019
"(-40, -30]",-35.3528118,3.646997812277105,-34.86489361889002,-17.006300514519353,9,behavior_028,-20.65329832679646,1875.1770853162852,3516289.101295279
"(-30, -20]",-24.5127375,1.60011999570311,-24.46946694369932,-18.283776916924424,9,behavior_028,-19.883896912627534,2013.9727796824848,4056086.357301994
"(-20, -10]",-14.62973805,-5.954104569439496,-14.750164951364376,-19.29699140828996,9,behavior_028,-13.342886838850463,1437.1730993410863,2065466.5174696639
"(-10, 0]",-3.46887202499999,-9.91567052953346,-4.886873641796895,-20.055855230633853,10,behavior_028,-10.140184701100393,1126.737183962842,1269536.6817245153
"(0, 10]",5.03812620000001,-18.191934691485,4.937530669447581,-21.050702486825433,10,behavior_028,-2.858767795340434,317.0085125190138,100494.39700951772
"(10, 20]",15.44703525,-19.2966096331278,14.889857017366243,-19.72878865935555,10,behavior_028,-0.4321790262277503,46.372289362234035,2150.389220694764
"(20, 30]",25.0356285,-20.1180129941091,24.80575462733373,-18.81524801316166,9,behavior_028,1.3027649809474404,131.3980596714961,17265.45008543405
"(30, 40]",35.95858155,-16.672725789169398,35.13217005329357,-16.927225107826082,9,behavior_028,-0.2544993186566842,22.932182447163036,525.8849917899724
"(40, 50]",47.10268035,-12.1608318325397,45.299232515991655,-14.24850657835196,9,behavior_028,-2.0876747458122615,158.1915334541827,25024.561256585803
"(50, 60]",53.785143,1.50594210230876,56.412734238637356,-6.617839027202022,20,behavior_028,-8.123781129510782,534.2971380415582,285473.43171939993
"(-80, -70]",-71.42044770000001,5.18813709980144,-70.62195055402822,5.349260264866236,1,behavior_029,0.16112316506479551,5.714860664407858,32.65963241359623
"(-70, -60]",-66.15,-0.249539061038283,-64.88984488815481,-1.5465070353583386,10,behavior_029,-1.2969679743200555,58.378511658551766,3408.0506234676645
"(-60, -50]",-56.700000225,5.89424048556142,-55.08066101544612,-7.994319355931565,9,behavior_029,-13.888559841492985,848.8301636237884,720512.6466775874
"(-50, -40]",-45.6231879,11.03997350737515,-45.419731265547576,-10.984348088940116,9,behavior_029,-22.024321596315268,1714.6887667938279,2940157.5669689383
"(-40, -30]",-35.3528118,3.646997812277105,-35.04836290451982,-13.213807527658236,9,behavior_029,-16.86080533993534,1530.844871029824,2343486.019158318
"(-30, -20]",-24.5127375,1.60011999570311,-24.64549821422348,-14.935346195997385,9,behavior_029,-16.535466191700493,1674.8215380404597,2805027.184284211
"(-20, -10]",-14.62973805,-5.954104569439496,-14.692557581405735,-16.824498283026013,10,behavior_029,-10.870393713586518,1170.8588713294478,1370910.4965708684
"(-10, 0]",-3.46887202499999,-9.91567052953346,-5.140179446860763,-18.737103839858555,10,behavior_029,-8.821433310325096,980.202749710575,960797.430540172
"(0, 10]",5.03812620000001,-18.191934691485,4.8918705960494515,-20.170103522713493,10,behavior_029,-1.9781688312284942,219.3589698755312,48118.3576648542
"(10, 20]",15.44703525,-19.2966096331278,14.889857017366243,-19.72878865935555,10,behavior_029,-0.4321790262277503,46.372289362234035,2150.389220694764
"(20, 30]",25.0356285,-20.1180129941091,24.80575462733373,-18.81524801316166,9,behavior_029,1.3027649809474404,131.3980596714961,17265.45008543405
"(30, 40]",35.95858155,-16.672725789169398,35.13217005329357,-16.927225107826082,9,behavior_029,-0.2544993186566842,22.932182447163036,525.8849917899724
"(40, 50]",47.10268035,-12.1608318325397,45.299232515991655,-14.24850657835196,9,behavior_029,-2.0876747458122615,158.1915334541827,25024.561256585803
"(50, 60]",53.785143,1.50594210230876,56.412734238637356,-6.617839027202022,20,behavior_029,-8.123781129510782,534.2971380415582,285473.43171939993
"(-80, -70]",-71.42044770000001,5.18813709980144,-70.62195055402822,5.349260264866236,1,behavior_030,0.16112316506479551,5.714860664407858,32.65963241359623
"(-70, -60]",-66.15,-0.249539061038283,-64.88984488815481,-1.5465070353583386,10,behavior_030,-1.2969679743200555,58.378511658551766,3408.0506234676645
"(-60, -50]",-56.700000225,5.89424048556142,-55.08066101544612,-7.994319355931565,9,behavior_030,-13.888559841492985,848.8301636237884,720512.6466775874
"(-50, -40]",-45.6231879,11.03997350737515,-45.419731265547576,-10.984348088940116,9,behavior_030,-22.024321596315268,1714.6887667938279,2940157.5669689383
"(-40, -30]",-35.3528118,3.646997812277105,-35.04836290451982,-13.213807527658236,9,behavior_030,-16.86080533993534,1530.844871029824,2343486.019158318
"(-30, -20]",-24.5127375,1.60011999570311,-24.64549821422348,-14.935346195997385,9,behavior_030,-16.535466191700493,1674.8215380404597,2805027.184284211
"(-20, -10]",-14.62973805,-5.954104569439496,-14.692557581405735,-16.824498283026013,10,behavior_030,-10.870393713586518,1170.8588713294478,1370910.4965708684
"(-10, 0]",-3.46887202499999,-9.91567052953346,-5.140179446860763,-18.737103839858555,10,behavior_030,-8.821433310325096,980.202749710575,960797.430540172
"(0, 10]",5.03812620000001,-18.191934691485,4.8918705960494515,-20.170103522713493,10,behavior_030,-1.9781688312284942,219.3589698755312,48118.3576648542
"(10, 20]",15.44703525,-19.2966096331278,14.889857017366243,-19.72878865935555,10,behavior_030,-0.4321790262277503,46.372289362234035,2150.389220694764
"(20, 30]",25.0356285,-20.1180129941091,24.80575462733373,-18.81524801316166,9,behavior_030,1.3027649809474404,131.3980596714961,17265.45008543405
"(30, 40]",35.95858155,-16.672725789169398,35.13217005329357,-16.927225107826082,9,behavior_030,-0.2544993186566842,22.932182447163036,525.8849917899724
"(40, 50]",47.10268035,-12.1608318325397,45.299232515991655,-14.24850657835196,9,behavior_030,-2.0876747458122615,158.1915334541827,25024.561256585803
"(50, 60]",53.785143,1.50594210230876,56.412734238637356,-6.617839027202022,20,behavior_030,-8.123781129510782,534.2971380415582,285473.43171939993
"(-80, -70]",-71.42044770000001,5.18813709980144,-70.62195055402822,5.349260264866236,1,behavior_031,0.16112316506479551,5.714860664407858,32.65963241359623
"(-70, -60]",-66.15,-0.249539061038283,-66.894239211198,-29.387055844638127,26,behavior_031,-29.137516783599843,1311.5241832739891,1720095.6833125043
"(-60, -50]",-56.700000225,5.89424048556142,-54.54552857531062,-35.43078267908799,17,behavior_031,-41.32502316464941,2525.670521273818,6379011.582031559
"(-50, -40]",-45.6231879,11.03997350737515,-43.841886305321175,-19.789197074769657,23,behavior_031,-30.829170582144805,2400.184371427743,5760885.016845989
"(-40, -30]",-35.3528118,3.646997812277105,-38.49099920073514,2.641290865643189,23,behavior_031,-1.0057069466339161,91.31125648945424,8337.7455616829
"(-30, -20]",-24.5127375,1.60011999570311,-24.984828069821933,11.814802858026042,10,behavior_031,10.214682862322931,1034.6107369296897,1070419.3769701954
"(-20, -10]",-14.62973805,-5.954104569439496,-14.652564197037751,7.544197328464962,10,behavior_031,13.498301897904458,1453.9129806578158,2113862.9553252943
"(-10, 0]",-3.46887202499999,-9.91567052953346,-6.979288376567183,-7.16000440072303,25,behavior_031,2.7556661288104296,306.19871190124485,93757.65116998155
"(0, 10]",5.03812620000001,-18.191934691485,4.025058657794046,-18.861058711832367,13,behavior_031,-0.6691240203473683,74.19910449767804,5505.507108257345
"(10, 20]",15.44703525,-19.2966096331278,14.889857017366243,-19.72878865935555,10,behavior_031,-0.4321790262277503,46.372289362234035,2150.389220694764
"(20, 30]",25.0356285,-20.1180129941091,24.80575462733373,-18.81524801316166,9,behavior_031,1.3027649809474404,131.3980596714961,17265.45008543405
"(30, 40]",35.95858155,-16.672725789169398,35.13217005329357,-16.927225107826082,9,behavior_031,-0.2544993186566842,22.932182447163036,525.8849917899724
"(40, 50]",47.10268035,-12.1608318325397,46.11113017649553,-16.692900165400367,14,behavior_031,-4.532068332860668,343.41309187769525,117932.55167299836
"(50, 60]",53.785143,1.50594210230876,55.51634963841562,-7.702838347410726,24,behavior_031,-9.208780449719486,605.6570161971454,366820.4212688292
"(-80, -70]",-71.42044770000001,5.18813709980144,-70.62195055402822,5.349260264866236,1,behavior_032,0.16112316506479551,5.714860664407858,32.65963241359623
"(-70, -60]",-66.15,-0.249539061038283,-66.81503747416869,-15.310813478990498,15,behavior_032,-15.061274417952216,677.9309910578372,459590.4286366614
"(-60, -50]",-56.700000225,5.89424048556142,-56.0871315373431,-9.097364907955686,11,behavior_032,-14.991605393517107,916.2452410036528,839505.3416618418
"(-50, -40]",-45.6231879,11.03997350737515,-42.44012452352031,-0.4718966123999023,19,behavior_032,-11.511870119775052,896.2489170368016,803262.1212896396
"(-40, -30]",-35.3528118,3.646997812277105,-35.45632398896109,14.952534767226458,11,behavior_032,11.305536954949353,1026.4648047819003,1053629.9954559447
"(-30, -20]",-24.5127375,1.60011999570311,-24.984828069821933,11.814802858026042,10,behavior_032,10.214682862322931,1034.6107369296897,1070419.3769701954
"(-20, -10]",-14.62973805,-5.954104569439496,-14.652564197037751,7.544197328464962,10,behavior_032,13.498301897904458,1453.9129806578158,2113862.9553252943
"(-10, 0]",-3.46887202499999,-9.91567052953346,-6.979288376567183,-7.16000440072303,25,behavior_032,2.7556661288104296,306.19871190124485,93757.65116998155
"(0, 10]",5.03812620000001,-18.191934691485,4.025058657794046,-18.861058711832367,13,behavior_032,-0.6691240203473683,74.19910449767804,5505.507108257345
"(10, 20]",15.44703525,-19.2966096331278,14.889857017366243,-19.72878865935555,10,behavior_032,-0.4321790262277503,46.372289362234035,2150.389220694764
"(20, 30]",25.0356285,-20.1180129941091,24.80575462733373,-18.81524801316166,9,behavior_032,1.3027649809474404,131.3980596714961,17265.45008543405
"(30, 40]",35.95858155,-16.672725789169398,35.13217005329357,-16.927225107826082,9,behavior_032,-0.2544993186566842,22.932182447163036,525.8849917899724
"(40, 50]",47.10268035,-12.1608318325397,45.299232515991655,-14.24850657835196,9,behavior_032,-2.0876747458122615,158.1915334541827,25024.561256585803
"(50, 60]",53.785143,1.50594210230876,56.412734238637356,-6.617839027202022,20,behavior_032,-8.123781129510782,534.2971380415582,285473.43171939993
"(-80, -70]",-71.42044770000001,5.18813709980144,-70.62195055402822,5.349260264866236,1,behavior_033,0.16112316506479551,5.714860664407858,32.65963241359623
"(-70, -60]",-66.15,-0.249539061038283,-66.57980791430384,-16.64908710935863,16,behavior_033,-16.399548048320344,738.1687334537021,544893.0790486427
"(-60, -50]",-56.700000225,5.89424048556142,-54.63102302172706,-29.783441638768014,12,behavior_033,-35.677682124329436,2180.5207379987487,4754670.688842608
"(-50, -40]",-45.6231879,11.03997350737515,-44.98059282400197,-37.02467582693846,11,behavior_033,-48.064649334313614,3742.0409946801906,14002870.80586711
"(-40, -30]",-35.3528118,3.646997812277105,-35.33354455314185,-39.75865949360654,10,behavior_033,-43.40565730588364,3940.9344050137174,15530963.984620823
"(-30, -20]",-24.5127375,1.60011999570311,-24.91839572932441,-39.2747727176442,10,behavior_033,-40.87489271334731,4140.079867585937,17140261.309990387
"(-20, -10]",-14.62973805,-5.954104569439496,-14.799788066003728,-37.54828273130944,10,behavior_033,-31.594178161869948,3403.034403156267,11580643.149065131
"(-10, 0]",-3.46887202499999,-9.91567052953346,-5.810035277183922,-33.8743434259561,9,behavior_033,-23.95867289642264,2662.192891602128,7087270.992096899
"(0, 10]",5.03812620000001,-18.191934691485,4.0965673836681695,-26.52214705341953,16,behavior_033,-8.330212361934532,923.7365252709849,853289.1681197128
"(10, 20]",15.44703525,-19.2966096331278,15.109640620583349,-21.693778063303174,10,behavior_033,-2.3971684301753733,257.2132874294652,66158.67523027268
"(20, 30]",25.0356285,-20.1180129941091,24.948203428570245,-20.114012632933047,8,behavior_033,0.004000361176053957,0.40348006294765526,0.16279616119624385
"(30, 40]",35.95858155,-16.672725789169398,34.735764015580365,-18.26467953172381,9,behavior_033,-1.5919537425544128,143.4462530760217,20576.82752155006
"(40, 50]",47.10268035,-12.1608318325397,44.97459456298925,-15.776072031888578,9,behavior_033,-3.6152401993488787,273.941327348716,75043.85082957639
"(50, 60]",53.785143,1.50594210230876,56.24209961481049,-6.898689037234293,21,behavior_033,-8.404631139543053,552.768506753608,305553.02205861354
"(-80, -70]",-71.42044770000001,5.18813709980144,-70.62195055402822,5.349260264866236,1,behavior_034,0.16112316506479551,5.714860664407858,32.65963241359623
"(-70, -60]",-66.15,-0.249539061038283,-65.89286934233284,-14.377048553186317,16,behavior_034,-14.127509492148034,635.9008039701534,404369.83248988754
"(-60, -50]",-56.700000225,5.89424048556142,-54.63102302172706,-29.783441638768014,12,behavior_034,-35.677682124329436,2180.5207379987487,4754670.688842608
"(-50, -40]",-45.6231879,11.03997350737515,-44.46255074020649,-33.969561414626774,10,behavior_034,-45.009534922001926,3504.1871138624856,12279327.328959897
"(-40, -30]",-35.3528118,3.646997812277105,-34.653044991665894,-34.752919795432,9,behavior_034,-38.39991760770911,3486.4477545741447,12155317.945375096
"(-30, -20]",-24.5127375,1.60011999570311,-24.81831564776016,-34.0358092123508,9,behavior_034,-35.63592920805391,3609.4429436583036,13028078.36352472
"(-20, -10]",-14.62973805,-5.954104569439496,-15.05215127391025,-33.9491770893716,9,behavior_034,-27.99507251993211,3015.37183262326,9092467.288977759
"(-10, 0]",-3.46887202499999,-9.91567052953346,-5.225234814632486,-33.869736074395746,8,behavior_034,-23.95406554486229,2661.680940934989,7084545.431336568
"(0, 10]",5.03812620000001,-18.191934691485,4.0965673836681695,-26.52214705341953,16,behavior_034,-8.330212361934532,923.7365252709849,853289.1681197128
"(10, 20]",15.44703525,-19.2966096331278,15.109640620583349,-21.693778063303174,10,behavior_034,-2.3971684301753733,257.2132874294652,66158.67523027268
"(20, 30]",25.0356285,-20.1180129941091,24.948203428570245,-20.114012632933047,8,behavior_034,0.004000361176053957,0.40348006294765526,0.16279616119624385
"(30, 40]",35.95858155,-16.672725789169398,34.735764015580365,-18.26467953172381,9,behavior_034,-1.5919537425544128,143.4462530760217,20576.82752155006
"(40, 50]",47.10268035,-12.1608318325397,44.97459456298925,-15.776072031888578,9,behavior_034,-3.6152401993488787,273.941327348716,75043.85082957639
"(50, 60]",53.785143,1.50594210230876,56.24209961481049,-6.898689037234293,21,behavior_034,-8.404631139543053,552.768506753608,305553.02205861354
"(-80, -70]",-71.42044770000001,5.18813709980144,-70.62195055402822,5.349260264866236,1,behavior_035,0.16112316506479551,5.714860664407858,32.65963241359623
"(-70, -60]",-66.15,-0.249539061038283,-64.88984488815481,-1.5465070353583386,10,behavior_035,-1.2969679743200555,58.378511658551766,3408.0506234676645
"(-60, -50]",-56.700000225,5.89424048556142,-55.08066101544612,-7.994319355931565,9,behavior_035,-13.888559841492985,848.8301636237884,720512.6466775874
"(-50, -40]",-45.6231879,11.03997350737515,-45.419731265547576,-10.984348088940116,9,behavior_035,-22.024321596315268,1714.6887667938279,2940157.5669689383
"(-40, -30]",-35.3528118,3.646997812277105,-35.04836290451982,-13.213807527658236,9,behavior_035,-16.86080533993534,1530.844871029824,2343486.019158318
"(-30, -20]",-24.5127375,1.60011999570311,-25.06543645252785,-14.22145689264554,9,behavior_035,-15.82157688834865,1602.5141009734307,2568051.443818683
"(-20, -10]",-14.62973805,-5.954104569439496,-14.749954586353766,-15.320296675291655,10,behavior_035,-9.366192105852159,1008.8401033723569,1017758.3541723478
"(-10, 0]",-3.46887202499999,-9.91567052953346,-5.683114054388631,-18.729718166437248,11,behavior_035,-8.814047636903789,979.382082916262,959189.2643373959
"(0, 10]",5.03812620000001,-18.191934691485,4.8918705960494515,-20.170103522713493,10,behavior_035,-1.9781688312284942,219.3589698755312,48118.3576648542
"(10, 20]",15.44703525,-19.2966096331278,14.889857017366243,-19.72878865935555,10,behavior_035,-0.4321790262277503,46.372289362234035,2150.389220694764
"(20, 30]",25.0356285,-20.1180129941091,24.80575462733373,-18.81524801316166,9,behavior_035,1.3027649809474404,131.3980596714961,17265.45008543405
"(30, 40]",35.95858155,-16.672725789169398,35.13217005329357,-16.927225107826082,9,behavior_035,-0.2544993186566842,22.932182447163036,525.8849917899724
"(40, 50]",47.10268035,-12.1608318325397,45.299232515991655,-14.24850657835196,9,behavior_035,-2.0876747458122615,158.1915334541827,25024.561256585803
"(50, 60]",53.785143,1.50594210230876,56.412734238637356,-6.617839027202022,20,behavior_035,-8.123781129510782,534.2971380415582,285473.43171939993
"(-80, -70]",-71.42044770000001,5.18813709980144,-70.62195055402822,5.349260264866236,1,behavior_036,0.16112316506479551,5.714860664407858,32.65963241359623
"(-70, -60]",-66.15,-0.249539061038283,-64.88984488815481,-1.5465070353583386,10,behavior_036,-1.2969679743200555,58.378511658551766,3408.0506234676645
"(-60, -50]",-56.700000225,5.89424048556142,-55.08066101544612,-7.994319355931565,9,behavior_036,-13.888559841492985,848.8301636237884,720512.6466775874
"(-50, -40]",-45.6231879,11.03997350737515,-45.419731265547576,-10.984348088940116,9,behavior_036,-22.024321596315268,1714.6887667938279,2940157.5669689383
"(-40, -30]",-35.3528118,3.646997812277105,-35.04836290451982,-13.213807527658236,9,behavior_036,-16.86080533993534,1530.844871029824,2343486.019158318
"(-30, -20]",-24.5127375,1.60011999570311,-25.06543645252785,-14.22145689264554,9,behavior_036,-15.82157688834865,1602.5141009734307,2568051.443818683
"(-20, -10]",-14.62973805,-5.954104569439496,-14.749954586353766,-15.320296675291655,10,behavior_036,-9.366192105852159,1008.8401033723569,1017758.3541723478
"(-10, 0]",-3.46887202499999,-9.91567052953346,-5.683114054388631,-18.729718166437248,11,behavior_036,-8.814047636903789,979.382082916262,959189.2643373959
"(0, 10]",5.03812620000001,-18.191934691485,4.8918705960494515,-20.170103522713493,10,behavior_036,-1.9781688312284942,219.3589698755312,48118.3576648542
"(10, 20]",15.44703525,-19.2966096331278,14.889857017366243,-19.72878865935555,10,behavior_036,-0.4321790262277503,46.372289362234035,2150.389220694764
"(20, 30]",25.0356285,-20.1180129941091,24.80575462733373,-18.81524801316166,9,behavior_036,1.3027649809474404,131.3980596714961,17265.45008543405
"(30, 40]",35.95858155,-16.672725789169398,35.13217005329357,-16.927225107826082,9,behavior_036,-0.2544993186566842,22.932182447163036,525.8849917899724
"(40, 50]",47.10268035,-12.1608318325397,45.299232515991655,-14.24850657835196,9,behavior_036,-2.0876747458122615,158.1915334541827,25024.561256585803
"(50, 60]",53.785143,1.50594210230876,56.412734238637356,-6.617839027202022,20,behavior_036,-8.123781129510782,534.2971380415582,285473.43171939993
"(-80, -70]",-71.42044770000001,5.18813709980144,-70.62195055402822,5.349260264866236,1,behavior_037,0.16112316506479551,5.714860664407858,32.65963241359623
"(-70, -60]",-66.15,-0.249539061038283,-65.24689207136204,3.143621011501338,10,behavior_037,3.393160072539621,152.7313231908717,23326.857083634506
"(-60, -50]",-56.700000225,5.89424048556142,-55.1980974822368,5.070127389081488,12,behavior_037,-0.8241130964799321,50.36750120337673,2536.8851774721566
"(-50, -40]",-45.6231879,11.03997350737515,-44.82255221216329,12.05804840313867,11,behavior_037,1.0180748957635206,79.2615372912355,6282.391293769915
"(-40, -30]",-35.3528118,3.646997812277105,-35.051119515112475,16.968979483635014,10,behavior_037,13.321981671357909,1209.5440818148836,1462996.8858534098
"(-30, -20]",-24.5127375,1.60011999570311,-25.175633993247622,12.986533488770245,10,behavior_037,11.386413493067135,1153.2913761327811,1330080.998262244
"(-20, -10]",-14.62973805,-5.954104569439496,-14.294662122265525,8.403639182646533,11,behavior_037,14.357743752086028,1546.4841557112638,2391613.2438659808
"(-10, 0]",-3.46887202499999,-9.91567052953346,-6.979288376567183,-7.16000440072303,25,behavior_037,2.7556661288104296,306.19871190124485,93757.65116998155
"(0, 10]",5.03812620000001,-18.191934691485,4.413503593494211,-16.311633984735664,11,behavior_037,1.8803007067493347,208.50638205264735,43474.91135668454
"(10, 20]",15.44703525,-19.2966096331278,14.141544876140044,-17.275014160559007,11,behavior_037,2.0215954725687943,216.91476110166437,47052.013583792126
"(20, 30]",25.0356285,-20.1180129941091,24.24251390909328,-18.748839965232705,10,behavior_037,1.3691730288763964,138.09603572400758,19070.515082686376
"(30, 40]",35.95858155,-16.672725789169398,35.13217005329357,-16.927225107826082,9,behavior_037,-0.2544993186566842,22.932182447163036,525.8849917899724
"(40, 50]",47.10268035,-12.1608318325397,45.299232515991655,-14.24850657835196,9,behavior_037,-2.0876747458122615,158.1915334541827,25024.561256585803
"(50, 60]",53.785143,1.50594210230876,56.44395651912126,-6.617839027202022,20,behavior_037,-8.123781129510782,534.2971380415582,285473.43171939993
"(-80, -70]",-71.42044770000001,5.18813709980144,-70.62195055402822,5.349260264866236,1,behavior_038,0.16112316506479551,5.714860664407858,32.65963241359623
"(-70, -60]",-66.15,-0.249539061038283,-66.02028490516521,-5.575862189719434,11,behavior_038,-5.3263231286811505,239.745948259008,57478.119706610945
"(-60, -50]",-56.700000225,5.89424048556142,-54.90935314516469,-11.45934812783219,10,behavior_038,-17.35358861339361,1060.6030884612833,1124878.9112536127
"(-50, -40]",-45.6231879,11.03997350737515,-45.156502562920025,-13.935531794121438,8,behavior_038,-24.97550530149659,1944.4511922056513,3780890.4388699788
"(-40, -30]",-35.3528118,3.646997812277105,-35.32879884112708,-15.68713874518411,9,behavior_038,-19.334136557461214,1755.4062921702186,3081451.250590795
"(-30, -20]",-24.5127375,1.60011999570311,-24.91313799537357,-16.98248618241905,9,behavior_038,-18.58260617812216,1882.1694350331518,3542561.782173014
"(-20, -10]",-14.62973805,-5.954104569439496,-15.01658605256411,-17.28404391745594,10,behavior_038,-11.329939348016444,1220.356902130346,1489270.968577175
"(-10, 0]",-3.46887202499999,-9.91567052953346,-5.124526286287199,-17.874939018243257,9,behavior_038,-7.959268488709798,884.4024076208269,782167.6186055153
"(0, 10]",5.03812620000001,-18.191934691485,5.032609342962526,-18.000221875057086,10,behavior_038,0.1917128164279127,21.259017561937405,451.945827698763
"(10, 20]",15.44703525,-19.2966096331278,14.655558162555813,-17.456304697803922,10,behavior_038,1.8403049353238785,197.46250464874282,38991.44074215478
"(20, 30]",25.0356285,-20.1180129941091,24.24251390909328,-18.748839965232705,10,behavior_038,1.3691730288763964,138.09603572400758,19070.515082686376
"(30, 40]",35.95858155,-16.672725789169398,35.13217005329357,-16.927225107826082,9,behavior_038,-0.2544993186566842,22.932182447163036,525.8849917899724
"(40, 50]",47.10268035,-12.1608318325397,45.299232515991655,-14.24850657835196,9,behavior_038,-2.0876747458122615,158.1915334541827,25024.561256585803
"(50, 60]",53.785143,1.50594210230876,56.44395651912126,-6.617839027202022,20,behavior_038,-8.123781129510782,534.2971380415582,285473.43171939993
"(-80, -70]",-71.42044770000001,5.18813709980144,-70.62195055402822,5.349260264866236,1,behavior_039,0.16112316506479551,5.714860664407858,32.65963241359623
"(-70, -60]",-66.15,-0.249539061038283,-64.88984488815481,-1.5465070353583386,10,behavior_039,-1.2969679743200555,58.378511658551766,3408.0506234676645
"(-60, -50]",-56.700000225,5.89424048556142,-55.08066101544612,-7.994319355931565,9,behavior_039,-13.888559841492985,848.8301636237884,720512.6466775874
"(-50, -40]",-45.6231879,11.03997350737515,-45.419731265547576,-10.984348088940116,9,behavior_039,-22.024321596315268,1714.6887667938279,2940157.5669689383
"(-40, -30]",-35.3528118,3.646997812277105,-35.04836290451982,-13.213807527658236,9,behavior_039,-16.86080533993534,1530.844871029824,2343486.019158318
"(-30, -20]",-24.5127375,1.60011999570311,-24.64549821422348,-14.935346195997385,9,behavior_039,-16.535466191700493,1674.8215380404597,2805027.184284211
"(-20, -10]",-14.62973805,-5.954104569439496,-14.692557581405735,-16.824498283026013,10,behavior_039,-10.870393713586518,1170.8588713294478,1370910.4965708684
"(-10, 0]",-3.46887202499999,-9.91567052953346,-5.124526286287199,-17.874939018243257,9,behavior_039,-7.959268488709798,884.4024076208269,782167.6186055153
"(0, 10]",5.03812620000001,-18.191934691485,5.032609342962526,-18.000221875057086,10,behavior_039,0.1917128164279127,21.259017561937405,451.945827698763
"(10, 20]",15.44703525,-19.2966096331278,14.655558162555813,-17.456304697803922,10,behavior_039,1.8403049353238785,197.46250464874282,38991.44074215478
"(20, 30]",25.0356285,-20.1180129941091,24.24251390909328,-18.748839965232705,10,behavior_039,1.3691730288763964,138.09603572400758,19070.515082686376
"(30, 40]",35.95858155,-16.672725789169398,35.13217005329357,-16.927225107826082,9,behavior_039,-0.2544993186566842,22.932182447163036,525.8849917899724
"(40, 50]",47.10268035,-12.1608318325397,45.299232515991655,-14.24850657835196,9,behavior_039,-2.0876747458122615,158.1915334541827,25024.561256585803
"(50, 60]",53.785143,1.50594210230876,56.44395651912126,-6.617839027202022,20,behavior_039,-8.123781129510782,534.2971380415582,285473.43171939993
"(-80, -70]",-71.42044770000001,5.18813709980144,-70.62195055402822,5.349260264866236,1,behavior_040,0.16112316506479551,5.714860664407858,32.65963241359623
"(-70, -60]",-66.15,-0.249539061038283,-64.88984488815481,-1.5465070353583386,10,behavior_040,-1.2969679743200555,58.378511658551766,3408.0506234676645
"(-60, -50]",-56.700000225,5.89424048556142,-55.08066101544612,-7.994319355931565,9,behavior_040,-13.888559841492985,848.8301636237884,720512.6466775874
"(-50, -40]",-45.6231879,11.03997350737515,-45.419731265547576,-10.984348088940116,9,behavior_040,-22.024321596315268,1714.6887667938279,2940157.5669689383
"(-40, -30]",-35.3528118,3.646997812277105,-35.04836290451982,-13.213807527658236,9,behavior_040,-16.86080533993534,1530.844871029824,2343486.019158318
"(-30, -20]",-24.5127375,1.60011999570311,-24.64549821422348,-14.935346195997385,9,behavior_040,-16.535466191700493,1674.8215380404597,2805027.184284211
"(-20, -10]",-14.62973805,-5.954104569439496,-14.692557581405735,-16.824498283026013,10,behavior_040,-10.870393713586518,1170.8588713294478,1370910.4965708684
"(-10, 0]",-3.46887202499999,-9.91567052953346,-5.124526286287199,-17.874939018243257,9,behavior_040,-7.959268488709798,884.4024076208269,782167.6186055153
"(0, 10]",5.03812620000001,-18.191934691485,5.032609342962526,-18.000221875057086,10,behavior_040,0.1917128164279127,21.259017561937405,451.945827698763
"(10, 20]",15.44703525,-19.2966096331278,14.655558162555813,-17.456304697803922,10,behavior_040,1.8403049353238785,197.46250464874282,38991.44074215478
"(20, 30]",25.0356285,-20.1180129941091,24.24251390909328,-18.748839965232705,10,behavior_040,1.3691730288763964,138.09603572400758,19070.515082686376
"(30, 40]",35.95858155,-16.672725789169398,35.13217005329357,-16.927225107826082,9,behavior_040,-0.2544993186566842,22.932182447163036,525.8849917899724
"(40, 50]",47.10268035,-12.1608318325397,45.299232515991655,-14.24850657835196,9,behavior_040,-2.0876747458122615,158.1915334541827,25024.561256585803
"(50, 60]",53.785143,1.50594210230876,56.44395651912126,-6.617839027202022,20,behavior_040,-8.123781129510782,534.2971380415582,285473.43171939993
"(-80, -70]",-71.42044770000001,5.18813709980144,-70.62195055402822,5.349260264866236,1,behavior_041,0.16112316506479551,5.714860664407858,32.65963241359623
"(-70, -60]",-66.15,-0.249539061038283,-64.88984488815481,-1.5465070353583386,10,behavior_041,-1.2969679743200555,58.378511658551766,3408.0506234676645
"(-60, -50]",-56.700000225,5.89424048556142,-55.08066101544612,-7.994319355931565,9,behavior_041,-13.888559841492985,848.8301636237884,720512.6466775874
"(-50, -40]",-45.6231879,11.03997350737515,-45.419731265547576,-10.984348088940116,9,behavior_041,-22.024321596315268,1714.6887667938279,2940157.5669689383
"(-40, -30]",-35.3528118,3.646997812277105,-35.04836290451982,-13.213807527658236,9,behavior_041,-16.86080533993534,1530.844871029824,2343486.019158318
"(-30, -20]",-24.5127375,1.60011999570311,-24.64549821422348,-14.935346195997385,9,behavior_041,-16.535466191700493,1674.8215380404597,2805027.184284211
"(-20, -10]",-14.62973805,-5.954104569439496,-14.692557581405735,-16.824498283026013,10,behavior_041,-10.870393713586518,1170.8588713294478,1370910.4965708684
"(-10, 0]",-3.46887202499999,-9.91567052953346,-5.124526286287199,-17.874939018243257,9,behavior_041,-7.959268488709798,884.4024076208269,782167.6186055153
"(0, 10]",5.03812620000001,-18.191934691485,5.032609342962526,-18.000221875057086,10,behavior_041,0.1917128164279127,21.259017561937405,451.945827698763
"(10, 20]",15.44703525,-19.2966096331278,14.655558162555813,-17.456304697803922,10,behavior_041,1.8403049353238785,197.46250464874282,38991.44074215478
"(20, 30]",25.0356285,-20.1180129941091,24.24251390909328,-18.748839965232705,10,behavior_041,1.3691730288763964,138.09603572400758,19070.515082686376
"(30, 40]",35.95858155,-16.672725789169398,35.13217005329357,-16.927225107826082,9,behavior_041,-0.2544993186566842,22.932182447163036,525.8849917899724
"(40, 50]",47.10268035,-12.1608318325397,45.299232515991655,-14.24850657835196,9,behavior_041,-2.0876747458122615,158.1915334541827,25024.561256585803
"(50, 60]",53.785143,1.50594210230876,56.44395651912126,-6.617839027202022,20,behavior_041,-8.123781129510782,534.2971380415582,285473.43171939993
"(-80, -70]",-71.42044770000001,5.18813709980144,-70.62195055402822,5.349260264866236,1,behavior_042,0.16112316506479551,5.714860664407858,32.65963241359623
"(-70, -60]",-66.15,-0.249539061038283,-64.88984488815481,-1.5465070353583386,10,behavior_042,-1.2969679743200555,58.378511658551766,3408.0506234676645
"(-60, -50]",-56.700000225,5.89424048556142,-55.08066101544612,-7.994319355931565,9,behavior_042,-13.888559841492985,848.8301636237884,720512.6466775874
"(-50, -40]",-45.6231879,11.03997350737515,-45.419731265547576,-10.984348088940116,9,behavior_042,-22.024321596315268,1714.6887667938279,2940157.5669689383
"(-40, -30]",-35.3528118,3.646997812277105,-35.04836290451982,-13.213807527658236,9,behavior_042,-16.86080533993534,1530.844871029824,2343486.019158318
"(-30, -20]",-24.5127375,1.60011999570311,-24.64549821422348,-14.935346195997385,9,behavior_042,-16.535466191700493,1674.8215380404597,2805027.184284211
"(-20, -10]",-14.62973805,-5.954104569439496,-14.692557581405735,-16.824498283026013,10,behavior_042,-10.870393713586518,1170.8588713294478,1370910.4965708684
"(-10, 0]",-3.46887202499999,-9.91567052953346,-5.124526286287199,-17.874939018243257,9,behavior_042,-7.959268488709798,884.4024076208269,782167.6186055153
"(0, 10]",5.03812620000001,-18.191934691485,5.032609342962526,-18.000221875057086,10,behavior_042,0.1917128164279127,21.259017561937405,451.945827698763
"(10, 20]",15.44703525,-19.2966096331278,14.655558162555813,-17.456304697803922,10,behavior_042,1.8403049353238785,197.46250464874282,38991.44074215478
"(20, 30]",25.0356285,-20.1180129941091,24.24251390909328,-18.748839965232705,10,behavior_042,1.3691730288763964,138.09603572400758,19070.515082686376
"(30, 40]",35.95858155,-16.672725789169398,35.13217005329357,-16.927225107826082,9,behavior_042,-0.2544993186566842,22.932182447163036,525.8849917899724
"(40, 50]",47.10268035,-12.1608318325397,45.299232515991655,-14.24850657835196,9,behavior_042,-2.0876747458122615,158.1915334541827,25024.561256585803
"(50, 60]",53.785143,1.50594210230876,56.44395651912126,-6.617839027202022,20,behavior_042,-8.123781129510782,534.2971380415582,285473.43171939993
"(-80, -70]",-71.42044770000001,5.18813709980144,-70.62195055402822,5.349260264866236,1,behavior_043,0.16112316506479551,5.714860664407858,32.65963241359623
"(-70, -60]",-66.15,-0.249539061038283,-64.88984488815481,-1.5465070353583386,10,behavior_043,-1.2969679743200555,58.378511658551766,3408.0506234676645
"(-60, -50]",-56.700000225,5.89424048556142,-54.9157338170603,1.415498116476058,12,behavior_043,-4.478742369085362,273.72828150415694,74927.17209521898
"(-50, -40]",-45.6231879,11.03997350737515,-44.736099922032295,10.577827656551769,11,behavior_043,-0.4621458508233811,35.98005484808234,1294.5643468710134
"(-40, -30]",-35.3528118,3.646997812277105,-35.051119515112475,16.133351454109793,10,behavior_043,12.486353641832688,1133.674818319054,1285218.5936907404
"(-30, -20]",-24.5127375,1.60011999570311,-24.984828069821933,11.814802858026042,10,behavior_043,10.214682862322931,1034.6107369296897,1070419.3769701954
"(-20, -10]",-14.62973805,-5.954104569439496,-14.652564197037751,7.544197328464962,10,behavior_043,13.498301897904458,1453.9129806578158,2113862.9553252943
"(-10, 0]",-3.46887202499999,-9.91567052953346,-6.979288376567183,-7.16000440072303,25,behavior_043,2.7556661288104296,306.19871190124485,93757.65116998155
"(0, 10]",5.03812620000001,-18.191934691485,4.931131602086992,-16.320570965077117,12,behavior_043,1.871363726407882,207.51536107883015,43062.62508367726
"(10, 20]",15.44703525,-19.2966096331278,14.371738951201092,-19.124574660383047,11,behavior_043,0.1720349727447541,18.45914552165173,340.74005338951514
"(20, 30]",25.0356285,-20.1180129941091,24.80575462733373,-18.81524801316166,9,behavior_043,1.3027649809474404,131.3980596714961,17265.45008543405
"(30, 40]",35.95858155,-16.672725789169398,35.13217005329357,-16.927225107826082,9,behavior_043,-0.2544993186566842,22.932182447163036,525.8849917899724
"(40, 50]",47.10268035,-12.1608318325397,45.299232515991655,-14.24850657835196,9,behavior_043,-2.0876747458122615,158.1915334541827,25024.561256585803
"(50, 60]",53.785143,1.50594210230876,56.44395651912126,-6.617839027202022,20,behavior_043,-8.123781129510782,534.2971380415582,285473.43171939993
"(-80, -70]",-71.42044770000001,5.18813709980144,-70.62195055402822,5.349260264866236,1,behavior_044,0.16112316506479551,5.714860664407858,32.65963241359623
"(-70, -60]",-66.15,-0.249539061038283,-67.38646875799228,-15.099003583483912,14,behavior_044,-14.84946452244563,668.3971037922628,446754.6883578849
"(-60, -50]",-56.700000225,5.89424048556142,-54.844028618037584,-19.837126528206923,10,behavior_044,-25.73136701376834,1572.6296118412247,2473163.896039881
"(-50, -40]",-45.6231879,11.03997350737515,-44.98067607211014,-20.17360209081317,9,behavior_044,-31.21357559818832,2430.1119657932054,5905444.166291317
"(-40, -30]",-35.3528118,3.646997812277105,-35.150971041301666,-20.686994954220186,8,behavior_044,-24.33399276649729,2209.358762362182,4881266.140826552
"(-30, -20]",-24.5127375,1.60011999570311,-25.34840001316212,-21.49453255022848,9,behavior_044,-23.09465254593159,2339.1793765634015,5471760.155739544
"(-20, -10]",-14.62973805,-5.954104569439496,-15.07691193525001,-22.194838902884655,10,behavior_044,-16.24073433344516,1749.3025894225045,3060059.5493602795
"(-10, 0]",-3.46887202499999,-9.91567052953346,-4.636387626015981,-22.29161242982711,9,behavior_044,-12.375941900293652,1375.1656736697696,1891080.6300396312
"(0, 10]",5.03812620000001,-18.191934691485,4.937530669447581,-21.050702486825433,10,behavior_044,-2.858767795340434,317.0085125190138,100494.39700951772
"(10, 20]",15.44703525,-19.2966096331278,14.889857017366243,-19.72878865935555,10,behavior_044,-0.4321790262277503,46.372289362234035,2150.389220694764
"(20, 30]",25.0356285,-20.1180129941091,24.80575462733373,-18.81524801316166,9,behavior_044,1.3027649809474404,131.3980596714961,17265.45008543405
"(30, 40]",35.95858155,-16.672725789169398,35.13217005329357,-16.927225107826082,9,behavior_044,-0.2544993186566842,22.932182447163036,525.8849917899724
"(40, 50]",47.10268035,-12.1608318325397,45.299232515991655,-14.24850657835196,9,behavior_044,-2.0876747458122615,158.1915334541827,25024.561256585803
"(50, 60]",53.785143,1.50594210230876,56.44395651912126,-6.617839027202022,20,behavior_044,-8.123781129510782,534.2971380415582,285473.43171939993
"(-80, -70]",-71.42044770000001,5.18813709980144,-70.62195055402822,5.349260264866236,1,behavior_045,0.16112316506479551,5.714860664407858,32.65963241359623
"(-70, -60]",-66.15,-0.249539061038283,-66.02028490516521,-5.575862189719434,11,behavior_045,-5.3263231286811505,239.745948259008,57478.119706610945
"(-60, -50]",-56.700000225,5.89424048556142,-55.55986989957013,-12.953659176669365,10,behavior_045,-18.847899662230787,1151.931225184273,1326945.5475545402
"(-50, -40]",-45.6231879,11.03997350737515,-45.28161082876947,-15.347627723612352,9,behavior_045,-26.3876012309875,2054.388972461205,4220514.0501702055
"(-40, -30]",-35.3528118,3.646997812277105,-34.86489361889002,-17.006300514519353,9,behavior_045,-20.65329832679646,1875.1770853162852,3516289.101295279
"(-30, -20]",-24.5127375,1.60011999570311,-24.46946694369932,-18.283776916924424,9,behavior_045,-19.883896912627534,2013.9727796824848,4056086.357301994
"(-20, -10]",-14.62973805,-5.954104569439496,-14.750164951364376,-19.29699140828996,9,behavior_045,-13.342886838850463,1437.1730993410863,2065466.5174696639
"(-10, 0]",-3.46887202499999,-9.91567052953346,-4.886873641796895,-20.055855230633853,10,behavior_045,-10.140184701100393,1126.737183962842,1269536.6817245153
"(0, 10]",5.03812620000001,-18.191934691485,4.937530669447581,-21.050702486825433,10,behavior_045,-2.858767795340434,317.0085125190138,100494.39700951772
"(10, 20]",15.44703525,-19.2966096331278,14.889857017366243,-19.72878865935555,10,behavior_045,-0.4321790262277503,46.372289362234035,2150.389220694764
"(20, 30]",25.0356285,-20.1180129941091,24.80575462733373,-18.81524801316166,9,behavior_045,1.3027649809474404,131.3980596714961,17265.45008543405
"(30, 40]",35.95858155,-16.672725789169398,35.13217005329357,-16.927225107826082,9,behavior_045,-0.2544993186566842,22.932182447163036,525.8849917899724
"(40, 50]",47.10268035,-12.1608318325397,45.299232515991655,-14.24850657835196,9,behavior_045,-2.0876747458122615,158.1915334541827,25024.561256585803
"(50, 60]",53.785143,1.50594210230876,56.44395651912126,-6.617839027202022,20,behavior_045,-8.123781129510782,534.2971380415582,285473.43171939993
"(-80, -70]",-71.42044770000001,5.18813709980144,-70.62195055402822,5.349260264866236,1,behavior_046,0.16112316506479551,5.714860664407858,32.65963241359623
"(-70, -60]",-66.15,-0.249539061038283,-64.88984488815481,-1.5465070353583386,10,behavior_046,-1.2969679743200555,58.378511658551766,3408.0506234676645
"(-60, -50]",-56.700000225,5.89424048556142,-55.08066101544612,-7.994319355931565,9,behavior_046,-13.888559841492985,848.8301636237884,720512.6466775874
"(-50, -40]",-45.6231879,11.03997350737515,-45.419731265547576,-10.984348088940116,9,behavior_046,-22.024321596315268,1714.6887667938279,2940157.5669689383
"(-40, -30]",-35.3528118,3.646997812277105,-35.04836290451982,-13.213807527658236,9,behavior_046,-16.86080533993534,1530.844871029824,2343486.019158318
"(-30, -20]",-24.5127375,1.60011999570311,-24.64549821422348,-14.935346195997385,9,behavior_046,-16.535466191700493,1674.8215380404597,2805027.184284211
"(-20, -10]",-14.62973805,-5.954104569439496,-14.692557581405735,-16.824498283026013,10,behavior_046,-10.870393713586518,1170.8588713294478,1370910.4965708684
"(-10, 0]",-3.46887202499999,-9.91567052953346,-5.140179446860763,-18.737103839858555,10,behavior_046,-8.821433310325096,980.202749710575,960797.430540172
"(0, 10]",5.03812620000001,-18.191934691485,4.8918705960494515,-20.170103522713493,10,behavior_046,-1.9781688312284942,219.3589698755312,48118.3576648542
"(10, 20]",15.44703525,-19.2966096331278,14.889857017366243,-19.72878865935555,10,behavior_046,-0.4321790262277503,46.372289362234035,2150.389220694764
"(20, 30]",25.0356285,-20.1180129941091,24.80575462733373,-18.81524801316166,9,behavior_046,1.3027649809474404,131.3980596714961,17265.45008543405
"(30, 40]",35.95858155,-16.672725789169398,35.13217005329357,-16.927225107826082,9,behavior_046,-0.2544993186566842,22.932182447163036,525.8849917899724
"(40, 50]",47.10268035,-12.1608318325397,45.299232515991655,-14.24850657835196,9,behavior_046,-2.0876747458122615,158.1915334541827,25024.561256585803
"(50, 60]",53.785143,1.50594210230876,56.44395651912126,-6.617839027202022,20,behavior_046,-8.123781129510782,534.2971380415582,285473.43171939993
"(-80, -70]",-71.42044770000001,5.18813709980144,-70.62195055402822,5.349260264866236,1,behavior_047,0.16112316506479551,5.714860664407858,32.65963241359623
"(-70, -60]",-66.15,-0.249539061038283,-64.88984488815481,-1.5465070353583386,10,behavior_047,-1.2969679743200555,58.378511658551766,3408.0506234676645
"(-60, -50]",-56.700000225,5.89424048556142,-55.08066101544612,-7.994319355931565,9,behavior_047,-13.888559841492985,848.8301636237884,720512.6466775874
"(-50, -40]",-45.6231879,11.03997350737515,-45.419731265547576,-10.984348088940116,9,behavior_047,-22.024321596315268,1714.6887667938279,2940157.5669689383
"(-40, -30]",-35.3528118,3.646997812277105,-35.04836290451982,-13.213807527658236,9,behavior_047,-16.86080533993534,1530.844871029824,2343486.019158318
"(-30, -20]",-24.5127375,1.60011999570311,-24.64549821422348,-14.935346195997385,9,behavior_047,-16.535466191700493,1674.8215380404597,2805027.184284211
"(-20, -10]",-14.62973805,-5.954104569439496,-14.692557581405735,-16.824498283026013,10,behavior_047,-10.870393713586518,1170.8588713294478,1370910.4965708684
"(-10, 0]",-3.46887202499999,-9.91567052953346,-5.140179446860763,-18.737103839858555,10,behavior_047,-8.821433310325096,980.202749710575,960797.430540172
"(0, 10]",5.03812620000001,-18.191934691485,4.8918705960494515,-20.170103522713493,10,behavior_047,-1.9781688312284942,219.3589698755312,48118.3576648542
"(10, 20]",15.44703525,-19.2966096331278,14.889857017366243,-19.72878865935555,10,behavior_047,-0.4321790262277503,46.372289362234035,2150.389220694764
"(20, 30]",25.0356285,-20.1180129941091,24.80575462733373,-18.81524801316166,9,behavior_047,1.3027649809474404,131.3980596714961,17265.45008543405
"(30, 40]",35.95858155,-16.672725789169398,35.13217005329357,-16.927225107826082,9,behavior_047,-0.2544993186566842,22.932182447163036,525.8849917899724
"(40, 50]",47.10268035,-12.1608318325397,45.299232515991655,-14.24850657835196,9,behavior_047,-2.0876747458122615,158.1915334541827,25024.561256585803
"(50, 60]",53.785143,1.50594210230876,56.44395651912126,-6.617839027202022,20,behavior_047,-8.123781129510782,534.2971380415582,285473.43171939993
"(-80, -70]",-71.42044770000001,5.18813709980144,-70.62195055402822,5.349260264866236,1,behavior_048,0.16112316506479551,5.714860664407858,32.65963241359623
"(-70, -60]",-66.15,-0.249539061038283,-64.88984488815481,-1.5465070353583386,10,behavior_048,-1.2969679743200555,58.378511658551766,3408.0506234676645
"(-60, -50]",-56.700000225,5.89424048556142,-55.08066101544612,-7.994319355931565,9,behavior_048,-13.888559841492985,848.8301636237884,720512.6466775874
"(-50, -40]",-45.6231879,11.03997350737515,-45.419731265547576,-10.984348088940116,9,behavior_048,-22.024321596315268,1714.6887667938279,2940157.5669689383
"(-40, -30]",-35.3528118,3.646997812277105,-35.04836290451982,-13.213807527658236,9,behavior_048,-16.86080533993534,1530.844871029824,2343486.019158318
"(-30, -20]",-24.5127375,1.60011999570311,-24.64549821422348,-14.935346195997385,9,behavior_048,-16.535466191700493,1674.8215380404597,2805027.184284211
"(-20, -10]",-14.62973805,-5.954104569439496,-14.692557581405735,-16.824498283026013,10,behavior_048,-10.870393713586518,1170.8588713294478,1370910.4965708684
"(-10, 0]",-3.46887202499999,-9.91567052953346,-5.140179446860763,-18.737103839858555,10,behavior_048,-8.821433310325096,980.202749710575,960797.430540172
"(0, 10]",5.03812620000001,-18.191934691485,4.8918705960494515,-20.170103522713493,10,behavior_048,-1.9781688312284942,219.3589698755312,48118.3576648542
"(10, 20]",15.44703525,-19.2966096331278,14.889857017366243,-19.72878865935555,10,behavior_048,-0.4321790262277503,46.372289362234035,2150.389220694764
"(20, 30]",25.0356285,-20.1180129941091,24.80575462733373,-18.81524801316166,9,behavior_048,1.3027649809474404,131.3980596714961,17265.45008543405
"(30, 40]",35.95858155,-16.672725789169398,35.13217005329357,-16.927225107826082,9,behavior_048,-0.2544993186566842,22.932182447163036,525.8849917899724
"(40, 50]",47.10268035,-12.1608318325397,45.299232515991655,-14.24850657835196,9,behavior_048,-2.0876747458122615,158.1915334541827,25024.561256585803
"(50, 60]",53.785143,1.50594210230876,56.44395651912126,-6.617839027202022,20,behavior_048,-8.123781129510782,534.2971380415582,285473.43171939993
"(-80, -70]",-71.42044770000001,5.18813709980144,-70.62195055402822,5.349260264866236,1,behavior_049,0.16112316506479551,5.714860664407858,32.65963241359623
"(-70, -60]",-66.15,-0.249539061038283,-64.88984488815481,-1.5465070353583386,10,behavior_049,-1.2969679743200555,58.378511658551766,3408.0506234676645
"(-60, -50]",-56.700000225,5.89424048556142,-54.9157338170603,1.415498116476058,12,behavior_049,-4.478742369085362,273.72828150415694,74927.17209521898
"(-50, -40]",-45.6231879,11.03997350737515,-44.736099922032295,10.577827656551769,11,behavior_049,-0.4621458508233811,35.98005484808234,1294.5643468710134
"(-40, -30]",-35.3528118,3.646997812277105,-35.051119515112475,16.133351454109793,10,behavior_049,12.486353641832688,1133.674818319054,1285218.5936907404
"(-30, -20]",-24.5127375,1.60011999570311,-24.984828069821933,11.814802858026042,10,behavior_049,10.214682862322931,1034.6107369296897,1070419.3769701954
"(-20, -10]",-14.62973805,-5.954104569439496,-14.652564197037751,7.544197328464962,10,behavior_049,13.498301897904458,1453.9129806578158,2113862.9553252943
"(-10, 0]",-3.46887202499999,-9.91567052953346,-6.979288376567183,-7.16000440072303,25,behavior_049,2.7556661288104296,306.19871190124485,93757.65116998155
"(0, 10]",5.03812620000001,-18.191934691485,4.931131602086992,-16.320570965077117,12,behavior_049,1.871363726407882,207.51536107883015,43062.62508367726
"(10, 20]",15.44703525,-19.2966096331278,14.371738951201092,-19.124574660383047,11,behavior_049,0.1720349727447541,18.45914552165173,340.74005338951514
"(20, 30]",25.0356285,-20.1180129941091,24.80575462733373,-18.81524801316166,9,behavior_049,1.3027649809474404,131.3980596714961,17265.45008543405
"(30, 40]",35.95858155,-16.672725789169398,35.13217005329357,-16.927225107826082,9,behavior_049,-0.2544993186566842,22.932182447163036,525.8849917899724
"(40, 50]",47.10268035,-12.1608318325397,45.299232515991655,-14.24850657835196,9,behavior_049,-2.0876747458122615,158.1915334541827,25024.561256585803
"(50, 60]",53.785143,1.50594210230876,56.412734238637356,-6.617839027202022,20,behavior_049,-8.123781129510782,534.2971380415582,285473.43171939993
"(-80, -70]",-71.42044770000001,5.18813709980144,-70.62195055402822,5.349260264866236,1,behavior_050,0.16112316506479551,5.714860664407858,32.65963241359623
"(-70, -60]",-66.15,-0.249539061038283,-64.88984488815481,-1.5465070353583386,10,behavior_050,-1.2969679743200555,58.378511658551766,3408.0506234676645
"(-60, -50]",-56.700000225,5.89424048556142,-54.9157338170603,1.415498116476058,12,behavior_050,-4.478742369085362,273.72828150415694,74927.17209521898
"(-50, -40]",-45.6231879,11.03997350737515,-44.736099922032295,10.577827656551769,11,behavior_050,-0.4621458508233811,35.98005484808234,1294.5643468710134
"(-40, -30]",-35.3528118,3.646997812277105,-35.051119515112475,16.133351454109793,10,behavior_050,12.486353641832688,1133.674818319054,1285218.5936907404
"(-30, -20]",-24.5127375,1.60011999570311,-24.984828069821933,11.814802858026042,10,behavior_050,10.214682862322931,1034.6107369296897,1070419.3769701954
"(-20, -10]",-14.62973805,-5.954104569439496,-14.652564197037751,7.544197328464962,10,behavior_050,13.498301897904458,1453.9129806578158,2113862.9553252943
"(-10, 0]",-3.46887202499999,-9.91567052953346,-6.979288376567183,-7.16000440072303,25,behavior_050,2.7556661288104296,306.19871190124485,93757.65116998155
"(0, 10]",5.03812620000001,-18.191934691485,4.931131602086992,-16.320570965077117,12,behavior_050,1.871363726407882,207.51536107883015,43062.62508367726
"(10, 20]",15.44703525,-19.2966096331278,14.371738951201092,-19.124574660383047,11,behavior_050,0.1720349727447541,18.45914552165173,340.74005338951514
"(20, 30]",25.0356285,-20.1180129941091,24.80575462733373,-18.81524801316166,9,behavior_050,1.3027649809474404,131.3980596714961,17265.45008543405
"(30, 40]",35.95858155,-16.672725789169398,35.13217005329357,-16.927225107826082,9,behavior_050,-0.2544993186566842,22.932182447163036,525.8849917899724
"(40, 50]",47.10268035,-12.1608318325397,45.299232515991655,-14.24850657835196,9,behavior_050,-2.0876747458122615,158.1915334541827,25024.561256585803
"(50, 60]",53.785143,1.50594210230876,56.412734238637356,-6.617839027202022,20,behavior_050,-8.123781129510782,534.2971380415582,285473.43171939993
"(-80, -70]",-71.42044770000001,5.18813709980144,-70.62195055402822,5.349260264866236,1,behavior_051,0.16112316506479551,5.714860664407858,32.65963241359623
"(-70, -60]",-66.15,-0.249539061038283,-67.05136830184756,-10.008548180188619,12,behavior_051,-9.759009119150337,439.2679225074225,192956.30774398692
"(-60, -50]",-56.700000225,5.89424048556142,-55.158946598258254,-13.975840697357983,10,behavior_051,-19.870081182919403,1214.404117792414,1474777.3613111712
"(-50, -40]",-45.6231879,11.03997350737515,-45.28161082876947,-15.347627723612352,9,behavior_051,-26.3876012309875,2054.388972461205,4220514.0501702055
"(-40, -30]",-35.3528118,3.646997812277105,-34.86489361889002,-17.006300514519353,9,behavior_051,-20.65329832679646,1875.1770853162852,3516289.101295279
"(-30, -20]",-24.5127375,1.60011999570311,-24.46946694369932,-18.283776916924424,9,behavior_051,-19.883896912627534,2013.9727796824848,4056086.357301994
"(-20, -10]",-14.62973805,-5.954104569439496,-14.750164951364376,-19.29699140828996,9,behavior_051,-13.342886838850463,1437.1730993410863,2065466.5174696639
"(-10, 0]",-3.46887202499999,-9.91567052953346,-4.886873641796895,-20.055855230633853,10,behavior_051,-10.140184701100393,1126.737183962842,1269536.6817245153
"(0, 10]",5.03812620000001,-18.191934691485,4.937530669447581,-21.050702486825433,10,behavior_051,-2.858767795340434,317.0085125190138,100494.39700951772
"(10, 20]",15.44703525,-19.2966096331278,14.889857017366243,-19.72878865935555,10,behavior_051,-0.4321790262277503,46.372289362234035,2150.389220694764
"(20, 30]",25.0356285,-20.1180129941091,24.80575462733373,-18.81524801316166,9,behavior_051,1.3027649809474404,131.3980596714961,17265.45008543405
"(30, 40]",35.95858155,-16.672725789169398,35.13217005329357,-16.927225107826082,9,behavior_051,-0.2544993186566842,22.932182447163036,525.8849917899724
"(40, 50]",47.10268035,-12.1608318325397,45.299232515991655,-14.24850657835196,9,behavior_051,-2.0876747458122615,158.1915334541827,25024.561256585803
"(50, 60]",53.785143,1.50594210230876,56.412734238637356,-6.617839027202022,20,behavior_051,-8.123781129510782,534.2971380415582,285473.43171939993
"(-80, -70]",-71.42044770000001,5.18813709980144,-70.62195055402822,5.349260264866236,1,behavior_052,0.16112316506479551,5.714860664407858,32.65963241359623
"(-70, -60]",-66.15,-0.249539061038283,-64.88984488815481,-1.5465070353583386,10,behavior_052,-1.2969679743200555,58.378511658551766,3408.0506234676645
"(-60, -50]",-56.700000225,5.89424048556142,-55.08066101544612,-7.994319355931565,9,behavior_052,-13.888559841492985,848.8301636237884,720512.6466775874
"(-50, -40]",-45.6231879,11.03997350737515,-45.419731265547576,-10.984348088940116,9,behavior_052,-22.024321596315268,1714.6887667938279,2940157.5669689383
"(-40, -30]",-35.3528118,3.646997812277105,-35.04836290451982,-13.213807527658236,9,behavior_052,-16.86080533993534,1530.844871029824,2343486.019158318
"(-30, -20]",-24.5127375,1.60011999570311,-24.64549821422348,-14.935346195997385,9,behavior_052,-16.535466191700493,1674.8215380404597,2805027.184284211
"(-20, -10]",-14.62973805,-5.954104569439496,-14.692557581405735,-16.824498283026013,10,behavior_052,-10.870393713586518,1170.8588713294478,1370910.4965708684
"(-10, 0]",-3.46887202499999,-9.91567052953346,-5.140179446860763,-18.737103839858555,10,behavior_052,-8.821433310325096,980.202749710575,960797.430540172
"(0, 10]",5.03812620000001,-18.191934691485,4.8918705960494515,-20.170103522713493,10,behavior_052,-1.9781688312284942,219.3589698755312,48118.3576648542
"(10, 20]",15.44703525,-19.2966096331278,14.889857017366243,-19.72878865935555,10,behavior_052,-0.4321790262277503,46.372289362234035,2150.389220694764
"(20, 30]",25.0356285,-20.1180129941091,24.80575462733373,-18.81524801316166,9,behavior_052,1.3027649809474404,131.3980596714961,17265.45008543405
"(30, 40]",35.95858155,-16.672725789169398,35.13217005329357,-16.927225107826082,9,behavior_052,-0.2544993186566842,22.932182447163036,525.8849917899724
"(40, 50]",47.10268035,-12.1608318325397,45.299232515991655,-14.24850657835196,9,behavior_052,-2.0876747458122615,158.1915334541827,25024.561256585803
"(50, 60]",53.785143,1.50594210230876,56.412734238637356,-6.617839027202022,20,behavior_052,-8.123781129510782,534.2971380415582,285473.43171939993
"(-80, -70]",-71.42044770000001,5.18813709980144,-70.62195055402822,5.349260264866236,1,behavior_053,0.16112316506479551,5.714860664407858,32.65963241359623
"(-70, -60]",-66.15,-0.249539061038283,-64.88984488815481,-1.5465070353583386,10,behavior_053,-1.2969679743200555,58.378511658551766,3408.0506234676645
"(-60, -50]",-56.700000225,5.89424048556142,-55.08066101544612,-7.994319355931565,9,behavior_053,-13.888559841492985,848.8301636237884,720512.6466775874
"(-50, -40]",-45.6231879,11.03997350737515,-45.419731265547576,-10.984348088940116,9,behavior_053,-22.024321596315268,1714.6887667938279,2940157.5669689383
"(-40, -30]",-35.3528118,3.646997812277105,-35.04836290451982,-13.213807527658236,9,behavior_053,-16.86080533993534,1530.844871029824,2343486.019158318
"(-30, -20]",-24.5127375,1.60011999570311,-24.64549821422348,-14.935346195997385,9,behavior_053,-16.535466191700493,1674.8215380404597,2805027.184284211
"(-20, -10]",-14.62973805,-5.954104569439496,-14.692557581405735,-16.824498283026013,10,behavior_053,-10.870393713586518,1170.8588713294478,1370910.4965708684
"(-10, 0]",-3.46887202499999,-9.91567052953346,-5.140179446860763,-18.737103839858555,10,behavior_053,-8.821433310325096,980.202749710575,960797.430540172
"(0, 10]",5.03812620000001,-18.191934691485,4.8918705960494515,-20.170103522713493,10,behavior_053,-1.9781688312284942,219.3589698755312,48118.3576648542
"(10, 20]",15.44703525,-19.2966096331278,14.889857017366243,-19.72878865935555,10,behavior_053,-0.4321790262277503,46.372289362234035,2150.389220694764
"(20, 30]",25.0356285,-20.1180129941091,24.80575462733373,-18.81524801316166,9,behavior_053,1.3027649809474404,131.3980596714961,17265.45008543405
"(30, 40]",35.95858155,-16.672725789169398,35.13217005329357,-16.927225107826082,9,behavior_053,-0.2544993186566842,22.932182447163036,525.8849917899724
"(40, 50]",47.10268035,-12.1608318325397,45.299232515991655,-14.24850657835196,9,behavior_053,-2.0876747458122615,158.1915334541827,25024.561256585803
"(50, 60]",53.785143,1.50594210230876,56.412734238637356,-6.617839027202022,20,behavior_053,-8.123781129510782,534.2971380415582,285473.43171939993
"(-80, -70]",-71.42044770000001,5.18813709980144,-70.62195055402822,5.349260264866236,1,behavior_054,0.16112316506479551,5.714860664407858,32.65963241359623
"(-70, -60]",-66.15,-0.249539061038283,-64.88984488815481,-1.5465070353583386,10,behavior_054,-1.2969679743200555,58.378511658551766,3408.0506234676645
"(-60, -50]",-56.700000225,5.89424048556142,-55.08066101544612,-7.994319355931565,9,behavior_054,-13.888559841492985,848.8301636237884,720512.6466775874
"(-50, -40]",-45.6231879,11.03997350737515,-45.419731265547576,-10.984348088940116,9,behavior_054,-22.024321596315268,1714.6887667938279,2940157.5669689383
"(-40, -30]",-35.3528118,3.646997812277105,-35.04836290451982,-13.213807527658236,9,behavior_054,-16.86080533993534,1530.844871029824,2343486.019158318
"(-30, -20]",-24.5127375,1.60011999570311,-24.64549821422348,-14.935346195997385,9,behavior_054,-16.535466191700493,1674.8215380404597,2805027.184284211
"(-20, -10]",-14.62973805,-5.954104569439496,-14.692557581405735,-16.824498283026013,10,behavior_054,-10.870393713586518,1170.8588713294478,1370910.4965708684
"(-10, 0]",-3.46887202499999,-9.91567052953346,-5.140179446860763,-18.737103839858555,10,behavior_054,-8.821433310325096,980.202749710575,960797.430540172
"(0, 10]",5.03812620000001,-18.191934691485,4.8918705960494515,-20.170103522713493,10,behavior_054,-1.9781688312284942,219.3589698755312,48118.3576648542
"(10, 20]",15.44703525,-19.2966096331278,14.889857017366243,-19.72878865935555,10,behavior_054,-0.4321790262277503,46.372289362234035,2150.389220694764
"(20, 30]",25.0356285,-20.1180129941091,24.80575462733373,-18.81524801316166,9,behavior_054,1.3027649809474404,131.3980596714961,17265.45008543405
"(30, 40]",35.95858155,-16.672725789169398,35.13217005329357,-16.927225107826082,9,behavior_054,-0.2544993186566842,22.932182447163036,525.8849917899724
"(40, 50]",47.10268035,-12.1608318325397,45.299232515991655,-14.24850657835196,9,behavior_054,-2.0876747458122615,158.1915334541827,25024.561256585803
"(50, 60]",53.785143,1.50594210230876,56.412734238637356,-6.617839027202022,20,behavior_054,-8.123781129510782,534.2971380415582,285473.43171939993
"(-80, -70]",-71.42044770000001,5.18813709980144,-70.62195055402822,5.349260264866236,1,behavior_055,0.16112316506479551,5.714860664407858,32.65963241359623
"(-70, -60]",-66.15,-0.249539061038283,-67.38646875799228,-15.099003583483912,14,behavior_055,-14.84946452244563,668.3971037922628,446754.6883578849
"(-60, -50]",-56.700000225,5.89424048556142,-54.94686993909407,-15.662445232847684,12,behavior_055,-21.556685718409106,1317.484697792597,1735765.9289176506
"(-50, -40]",-45.6231879,11.03997350737515,-42.44012452352031,-0.4718966123999023,19,behavior_055,-11.511870119775052,896.2489170368016,803262.1212896396
"(-40, -30]",-35.3528118,3.646997812277105,-35.45632398896109,14.952534767226458,11,behavior_055,11.305536954949353,1026.4648047819003,1053629.9954559447
"(-30, -20]",-24.5127375,1.60011999570311,-24.984828069821933,11.814802858026042,10,behavior_055,10.214682862322931,1034.6107369296897,1070419.3769701954
"(-20, -10]",-14.62973805,-5.954104569439496,-14.652564197037751,7.544197328464962,10,behavior_055,13.498301897904458,1453.9129806578158,2113862.9553252943
"(-10, 0]",-3.46887202499999,-9.91567052953346,-6.979288376567183,-7.16000440072303,25,behavior_055,2.7556661288104296,306.19871190124485,93757.65116998155
"(0, 10]",5.03812620000001,-18.191934691485,4.025058657794046,-18.861058711832367,13,behavior_055,-0.6691240203473683,74.19910449767804,5505.507108257345
"(10, 20]",15.44703525,-19.2966096331278,14.889857017366243,-19.72878865935555,10,behavior_055,-0.4321790262277503,46.372289362234035,2150.389220694764
"(20, 30]",25.0356285,-20.1180129941091,24.80575462733373,-18.81524801316166,9,behavior_055,1.3027649809474404,131.3980596714961,17265.45008543405
"(30, 40]",35.95858155,-16.672725789169398,35.13217005329357,-16.927225107826082,9,behavior_055,-0.2544993186566842,22.932182447163036,525.8849917899724
"(40, 50]",47.10268035,-12.1608318325397,45.299232515991655,-14.24850657835196,9,behavior_055,-2.0876747458122615,158.1915334541827,25024.561256585803
"(50, 60]",53.785143,1.50594210230876,56.412734238637356,-6.617839027202022,20,behavior_055,-8.123781129510782,534.2971380415582,285473.43171939993
"(-80, -70]",-71.42044770000001,5.18813709980144,-70.62195055402822,5.349260264866236,1,behavior_056,0.16112316506479551,5.714860664407858,32.65963241359623
"(-70, -60]",-66.15,-0.249539061038283,-64.88984488815481,-1.5465070353583386,10,behavior_056,-1.2969679743200555,58.378511658551766,3408.0506234676645
"(-60, -50]",-56.700000225,5.89424048556142,-54.9157338170603,1.415498116476058,12,behavior_056,-4.478742369085362,273.72828150415694,74927.17209521898
"(-50, -40]",-45.6231879,11.03997350737515,-45.18784121614755,9.999544446003494,10,behavior_056,-1.0404290613716558,81.00190584205302,6561.308750044823
"(-40, -30]",-35.3528118,3.646997812277105,-35.45632398896109,14.952534767226458,11,behavior_056,11.305536954949353,1026.4648047819003,1053629.9954559447
"(-30, -20]",-24.5127375,1.60011999570311,-24.984828069821933,11.814802858026042,10,behavior_056,10.214682862322931,1034.6107369296897,1070419.3769701954
"(-20, -10]",-14.62973805,-5.954104569439496,-14.652564197037751,7.544197328464962,10,behavior_056,13.498301897904458,1453.9129806578158,2113862.9553252943
"(-10, 0]",-3.46887202499999,-9.91567052953346,-6.979288376567183,-7.16000440072303,25,behavior_056,2.7556661288104296,306.19871190124485,93757.65116998155
"(0, 10]",5.03812620000001,-18.191934691485,3.533457234700141,-19.71741831421356,13,behavior_056,-1.5254836227285615,169.16074642421583,28615.35813079785
"(10, 20]",15.44703525,-19.2966096331278,14.889857017366243,-19.72878865935555,10,behavior_056,-0.4321790262277503,46.372289362234035,2150.389220694764
"(20, 30]",25.0356285,-20.1180129941091,24.80575462733373,-18.81524801316166,9,behavior_056,1.3027649809474404,131.3980596714961,17265.45008543405
"(30, 40]",35.95858155,-16.672725789169398,35.13217005329357,-16.927225107826082,9,behavior_056,-0.2544993186566842,22.932182447163036,525.8849917899724
"(40, 50]",47.10268035,-12.1608318325397,45.299232515991655,-14.24850657835196,9,behavior_056,-2.0876747458122615,158.1915334541827,25024.561256585803
"(50, 60]",53.785143,1.50594210230876,56.412734238637356,-6.617839027202022,20,behavior_056,-8.123781129510782,534.2971380415582,285473.43171939993
"(-80, -70]",-71.42044770000001,5.18813709980144,-70.62195055402822,5.349260264866236,1,behavior_057,0.16112316506479551,5.714860664407858,32.65963241359623
"(-70, -60]",-66.15,-0.249539061038283,-64.88984488815481,-1.5465070353583386,10,behavior_057,-1.2969679743200555,58.378511658551766,3408.0506234676645
"(-60, -50]",-56.700000225,5.89424048556142,-54.9157338170603,1.415498116476058,12,behavior_057,-4.478742369085362,273.72828150415694,74927.17209521898
"(-50, -40]",-45.6231879,11.03997350737515,-45.18784121614755,9.999544446003494,10,behavior_057,-1.0404290613716558,81.00190584205302,6561.308750044823
"(-40, -30]",-35.3528118,3.646997812277105,-35.45632398896109,14.952534767226458,11,behavior_057,11.305536954949353,1026.4648047819003,1053629.9954559447
"(-30, -20]",-24.5127375,1.60011999570311,-24.984828069821933,11.814802858026042,10,behavior_057,10.214682862322931,1034.6107369296897,1070419.3769701954
"(-20, -10]",-14.62973805,-5.954104569439496,-14.652564197037751,7.544197328464962,10,behavior_057,13.498301897904458,1453.9129806578158,2113862.9553252943
"(-10, 0]",-3.46887202499999,-9.91567052953346,-6.979288376567183,-7.16000440072303,25,behavior_057,2.7556661288104296,306.19871190124485,93757.65116998155
"(0, 10]",5.03812620000001,-18.191934691485,3.533457234700141,-19.71741831421356,13,behavior_057,-1.5254836227285615,169.16074642421583,28615.35813079785
"(10, 20]",15.44703525,-19.2966096331278,14.889857017366243,-19.72878865935555,10,behavior_057,-0.4321790262277503,46.372289362234035,2150.389220694764
"(20, 30]",25.0356285,-20.1180129941091,24.80575462733373,-18.81524801316166,9,behavior_057,1.3027649809474404,131.3980596714961,17265.45008543405
"(30, 40]",35.95858155,-16.672725789169398,35.13217005329357,-16.927225107826082,9,behavior_057,-0.2544993186566842,22.932182447163036,525.8849917899724
"(40, 50]",47.10268035,-12.1608318325397,45.299232515991655,-14.24850657835196,9,behavior_057,-2.0876747458122615,158.1915334541827,25024.561256585803
"(50, 60]",53.785143,1.50594210230876,56.412734238637356,-6.617839027202022,20,behavior_057,-8.123781129510782,534.2971380415582,285473.43171939993
"(-80, -70]",-71.42044770000001,5.18813709980144,-70.62195055402822,5.349260264866236,1,behavior_058,0.16112316506479551,5.714860664407858,32.65963241359623
"(-70, -60]",-66.15,-0.249539061038283,-64.88984488815481,-1.5465070353583386,10,behavior_058,-1.2969679743200555,58.378511658551766,3408.0506234676645
"(-60, -50]",-56.700000225,5.89424048556142,-55.08066101544612,-7.994319355931565,9,behavior_058,-13.888559841492985,848.8301636237884,720512.6466775874
"(-50, -40]",-45.6231879,11.03997350737515,-45.419731265547576,-10.984348088940116,9,behavior_058,-22.024321596315268,1714.6887667938279,2940157.5669689383
"(-40, -30]",-35.3528118,3.646997812277105,-35.04836290451982,-13.213807527658236,9,behavior_058,-16.86080533993534,1530.844871029824,2343486.019158318
"(-30, -20]",-24.5127375,1.60011999570311,-24.64549821422348,-14.935346195997385,9,behavior_058,-16.535466191700493,1674.8215380404597,2805027.184284211
"(-20, -10]",-14.62973805,-5.954104569439496,-14.692557581405735,-16.824498283026013,10,behavior_058,-10.870393713586518,1170.8588713294478,1370910.4965708684
"(-10, 0]",-3.46887202499999,-9.91567052953346,-5.140179446860763,-18.737103839858555,10,behavior_058,-8.821433310325096,980.202749710575,960797.430540172
"(0, 10]",5.03812620000001,-18.191934691485,4.8918705960494515,-20.170103522713493,10,behavior_058,-1.9781688312284942,219.3589698755312,48118.3576648542
"(10, 20]",15.44703525,-19.2966096331278,14.889857017366243,-19.72878865935555,10,behavior_058,-0.4321790262277503,46.372289362234035,2150.389220694764
"(20, 30]",25.0356285,-20.1180129941091,24.80575462733373,-18.81524801316166,9,behavior_058,1.3027649809474404,131.3980596714961,17265.45008543405
"(30, 40]",35.95858155,-16.672725789169398,35.13217005329357,-16.927225107826082,9,behavior_058,-0.2544993186566842,22.932182447163036,525.8849917899724
"(40, 50]",47.10268035,-12.1608318325397,45.299232515991655,-14.24850657835196,9,behavior_058,-2.0876747458122615,158.1915334541827,25024.561256585803
"(50, 60]",53.785143,1.50594210230876,56.412734238637356,-6.617839027202022,20,behavior_058,-8.123781129510782,534.2971380415582,285473.43171939993
"(-80, -70]",-71.42044770000001,5.18813709980144,-70.62195055402822,5.349260264866236,1,behavior_059,0.16112316506479551,5.714860664407858,32.65963241359623
"(-70, -60]",-66.15,-0.249539061038283,-64.88984488815481,-1.5465070353583386,10,behavior_059,-1.2969679743200555,58.378511658551766,3408.0506234676645
"(-60, -50]",-56.700000225,5.89424048556142,-55.08066101544612,-7.994319355931565,9,behavior_059,-13.888559841492985,848.8301636237884,720512.6466775874
"(-50, -40]",-45.6231879,11.03997350737515,-45.419731265547576,-10.984348088940116,9,behavior_059,-22.024321596315268,1714.6887667938279,2940157.5669689383
"(-40, -30]",-35.3528118,3.646997812277105,-35.04836290451982,-13.213807527658236,9,behavior_059,-16.86080533993534,1530.844871029824,2343486.019158318
"(-30, -20]",-24.5127375,1.60011999570311,-24.64549821422348,-14.935346195997385,9,behavior_059,-16.535466191700493,1674.8215380404597,2805027.184284211
"(-20, -10]",-14.62973805,-5.954104569439496,-14.692557581405735,-16.824498283026013,10,behavior_059,-10.870393713586518,1170.8588713294478,1370910.4965708684
"(-10, 0]",-3.46887202499999,-9.91567052953346,-5.140179446860763,-18.737103839858555,10,behavior_059,-8.821433310325096,980.202749710575,960797.430540172
"(0, 10]",5.03812620000001,-18.191934691485,4.8918705960494515,-20.170103522713493,10,behavior_059,-1.9781688312284942,219.3589698755312,48118.3576648542
"(10, 20]",15.44703525,-19.2966096331278,14.889857017366243,-19.72878865935555,10,behavior_059,-0.4321790262277503,46.372289362234035,2150.389220694764
"(20, 30]",25.0356285,-20.1180129941091,24.80575462733373,-18.81524801316166,9,behavior_059,1.3027649809474404,131.3980596714961,17265.45008543405
"(30, 40]",35.95858155,-16.672725789169398,35.13217005329357,-16.927225107826082,9,behavior_059,-0.2544993186566842,22.932182447163036,525.8849917899724
"(40, 50]",47.10268035,-12.1608318325397,45.299232515991655,-14.24850657835196,9,behavior_059,-2.0876747458122615,158.1915334541827,25024.561256585803
"(50, 60]",53.785143,1.50594210230876,56.412734238637356,-6.617839027202022,20,behavior_059,-8.123781129510782,534.2971380415582,285473.43171939993
"(-80, -70]",-71.42044770000001,5.18813709980144,-70.62195055402822,5.349260264866236,1,behavior_060,0.16112316506479551,5.714860664407858,32.65963241359623
"(-70, -60]",-66.15,-0.249539061038283,-64.88984488815481,-1.5465070353583386,10,behavior_060,-1.2969679743200555,58.378511658551766,3408.0506234676645
"(-60, -50]",-56.700000225,5.89424048556142,-55.08066101544612,-7.994319355931565,9,behavior_060,-13.888559841492985,848.8301636237884,720512.6466775874
"(-50, -40]",-45.6231879,11.03997350737515,-45.419731265547576,-10.984348088940116,9,behavior_060,-22.024321596315268,1714.6887667938279,2940157.5669689383
"(-40, -30]",-35.3528118,3.646997812277105,-35.04836290451982,-13.213807527658236,9,behavior_060,-16.86080533993534,1530.844871029824,2343486.019158318
"(-30, -20]",-24.5127375,1.60011999570311,-24.64549821422348,-14.935346195997385,9,behavior_060,-16.535466191700493,1674.8215380404597,2805027.184284211
"(-20, -10]",-14.62973805,-5.954104569439496,-14.692557581405735,-16.824498283026013,10,behavior_060,-10.870393713586518,1170.8588713294478,1370910.4965708684
"(-10, 0]",-3.46887202499999,-9.91567052953346,-5.140179446860763,-18.737103839858555,10,behavior_060,-8.821433310325096,980.202749710575,960797.430540172
"(0, 10]",5.03812620000001,-18.191934691485,4.8918705960494515,-20.170103522713493,10,behavior_060,-1.9781688312284942,219.3589698755312,48118.3576648542
"(10, 20]",15.44703525,-19.2966096331278,14.889857017366243,-19.72878865935555,10,behavior_060,-0.4321790262277503,46.372289362234035,2150.389220694764
"(20, 30]",25.0356285,-20.1180129941091,24.80575462733373,-18.81524801316166,9,behavior_060,1.3027649809474404,131.3980596714961,17265.45008543405
"(30, 40]",35.95858155,-16.672725789169398,35.13217005329357,-16.927225107826082,9,behavior_060,-0.2544993186566842,22.932182447163036,525.8849917899724
"(40, 50]",47.10268035,-12.1608318325397,45.299232515991655,-14.24850657835196,9,behavior_060,-2.0876747458122615,158.1915334541827,25024.561256585803
"(50, 60]",53.785143,1.50594210230876,56.412734238637356,-6.617839027202022,20,behavior_060,-8.123781129510782,534.2971380415582,285473.43171939993
"(-80, -70]",-71.42044770000001,5.18813709980144,-70.62195055402822,5.349260264866236,1,behavior_061,0.16112316506479551,5.714860664407858,32.65963241359623
"(-70, -60]",-66.15,-0.249539061038283,-66.81503747416869,-15.310813478990498,15,behavior_061,-15.061274417952216,677.9309910578372,459590.4286366614
"(-60, -50]",-56.700000225,5.89424048556142,-54.94686993909407,-15.662445232847684,12,behavior_061,-21.556685718409106,1317.484697792597,1735765.9289176506
"(-50, -40]",-45.6231879,11.03997350737515,-42.44012452352031,-0.4718966123999023,19,behavior_061,-11.511870119775052,896.2489170368016,803262.1212896396
"(-40, -30]",-35.3528118,3.646997812277105,-35.45632398896109,14.952534767226458,11,behavior_061,11.305536954949353,1026.4648047819003,1053629.9954559447
"(-30, -20]",-24.5127375,1.60011999570311,-24.984828069821933,11.814802858026042,10,behavior_061,10.214682862322931,1034.6107369296897,1070419.3769701954
"(-20, -10]",-14.62973805,-5.954104569439496,-14.652564197037751,7.544197328464962,10,behavior_061,13.498301897904458,1453.9129806578158,2113862.9553252943
"(-10, 0]",-3.46887202499999,-9.91567052953346,-6.979288376567183,-7.16000440072303,25,behavior_061,2.7556661288104296,306.19871190124485,93757.65116998155
"(0, 10]",5.03812620000001,-18.191934691485,3.533457234700141,-19.71741831421356,13,behavior_061,-1.5254836227285615,169.16074642421583,28615.35813079785
"(10, 20]",15.44703525,-19.2966096331278,14.889857017366243,-19.72878865935555,10,behavior_061,-0.4321790262277503,46.372289362234035,2150.389220694764
"(20, 30]",25.0356285,-20.1180129941091,24.80575462733373,-18.81524801316166,9,behavior_061,1.3027649809474404,131.3980596714961,17265.45008543405
"(30, 40]",35.95858155,-16.672725789169398,35.13217005329357,-16.927225107826082,9,behavior_061,-0.2544993186566842,22.932182447163036,525.8849917899724
"(40, 50]",47.10268035,-12.1608318325397,45.299232515991655,-14.24850657835196,9,behavior_061,-2.0876747458122615,158.1915334541827,25024.561256585803
"(50, 60]",53.785143,1.50594210230876,56.412734238637356,-6.617839027202022,20,behavior_061,-8.123781129510782,534.2971380415582,285473.43171939993
"(-80, -70]",-71.42044770000001,5.18813709980144,-70.62195055402822,5.349260264866236,1,behavior_062,0.16112316506479551,5.714860664407858,32.65963241359623
"(-70, -60]",-66.15,-0.249539061038283,-67.05136830184756,-10.008548180188619,12,behavior_062,-9.759009119150337,439.2679225074225,192956.30774398692
"(-60, -50]",-56.700000225,5.89424048556142,-55.04703568657949,-13.111796265504166,11,behavior_062,-19.006036751065587,1161.5961243907122,1349305.5561995232
"(-50, -40]",-45.6231879,11.03997350737515,-42.44012452352031,-0.4718966123999023,19,behavior_062,-11.511870119775052,896.2489170368016,803262.1212896396
"(-40, -30]",-35.3528118,3.646997812277105,-35.45632398896109,14.952534767226458,11,behavior_062,11.305536954949353,1026.4648047819003,1053629.9954559447
"(-30, -20]",-24.5127375,1.60011999570311,-24.984828069821933,11.814802858026042,10,behavior_062,10.214682862322931,1034.6107369296897,1070419.3769701954
"(-20, -10]",-14.62973805,-5.954104569439496,-14.652564197037751,7.544197328464962,10,behavior_062,13.498301897904458,1453.9129806578158,2113862.9553252943
"(-10, 0]",-3.46887202499999,-9.91567052953346,-6.979288376567183,-7.16000440072303,25,behavior_062,2.7556661288104296,306.19871190124485,93757.65116998155
"(0, 10]",5.03812620000001,-18.191934691485,3.533457234700141,-19.71741831421356,13,behavior_062,-1.5254836227285615,169.16074642421583,28615.35813079785
"(10, 20]",15.44703525,-19.2966096331278,14.889857017366243,-19.72878865935555,10,behavior_062,-0.4321790262277503,46.372289362234035,2150.389220694764
"(20, 30]",25.0356285,-20.1180129941091,24.80575462733373,-18.81524801316166,9,behavior_062,1.3027649809474404,131.3980596714961,17265.45008543405
"(30, 40]",35.95858155,-16.672725789169398,35.13217005329357,-16.927225107826082,9,behavior_062,-0.2544993186566842,22.932182447163036,525.8849917899724
"(40, 50]",47.10268035,-12.1608318325397,45.299232515991655,-14.24850657835196,9,behavior_062,-2.0876747458122615,158.1915334541827,25024.561256585803
"(50, 60]",53.785143,1.50594210230876,56.412734238637356,-6.617839027202022,20,behavior_062,-8.123781129510782,534.2971380415582,285473.43171939993
"(-80, -70]",-71.42044770000001,5.18813709980144,-70.62195055402822,5.349260264866236,1,behavior_063,0.16112316506479551,5.714860664407858,32.65963241359623
"(-70, -60]",-66.15,-0.249539061038283,-64.88984488815481,-1.5465070353583386,10,behavior_063,-1.2969679743200555,58.378511658551766,3408.0506234676645
"(-60, -50]",-56.700000225,5.89424048556142,-55.31530061131777,0.7750707447490864,11,behavior_063,-5.119169740812334,312.86942190577554,97887.27516365418
"(-50, -40]",-45.6231879,11.03997350737515,-45.525400517689945,8.127989318455269,11,behavior_063,-2.911984188919881,226.7105733988884,51397.684090852774
"(-40, -30]",-35.3528118,3.646997812277105,-35.45632398896109,14.952534767226458,11,behavior_063,11.305536954949353,1026.4648047819003,1053629.9954559447
"(-30, -20]",-24.5127375,1.60011999570311,-24.984828069821933,11.814802858026042,10,behavior_063,10.214682862322931,1034.6107369296897,1070419.3769701954
"(-20, -10]",-14.62973805,-5.954104569439496,-14.652564197037751,7.544197328464962,10,behavior_063,13.498301897904458,1453.9129806578158,2113862.9553252943
"(-10, 0]",-3.46887202499999,-9.91567052953346,-6.979288376567183,-7.16000440072303,25,behavior_063,2.7556661288104296,306.19871190124485,93757.65116998155
"(0, 10]",5.03812620000001,-18.191934691485,3.533457234700141,-19.71741831421356,13,behavior_063,-1.5254836227285615,169.16074642421583,28615.35813079785
"(10, 20]",15.44703525,-19.2966096331278,14.889857017366243,-19.72878865935555,10,behavior_063,-0.4321790262277503,46.372289362234035,2150.389220694764
"(20, 30]",25.0356285,-20.1180129941091,24.80575462733373,-18.81524801316166,9,behavior_063,1.3027649809474404,131.3980596714961,17265.45008543405
"(30, 40]",35.95858155,-16.672725789169398,35.13217005329357,-16.927225107826082,9,behavior_063,-0.2544993186566842,22.932182447163036,525.8849917899724
"(40, 50]",47.10268035,-12.1608318325397,45.299232515991655,-14.24850657835196,9,behavior_063,-2.0876747458122615,158.1915334541827,25024.561256585803
"(50, 60]",53.785143,1.50594210230876,56.412734238637356,-6.617839027202022,20,behavior_063,-8.123781129510782,534.2971380415582,285473.43171939993
"(-80, -70]",-71.42044770000001,5.18813709980144,-70.62195055402822,5.349260264866236,1,behavior_064,0.16112316506479551,5.714860664407858,32.65963241359623
"(-70, -60]",-66.15,-0.249539061038283,-64.88984488815481,-1.5465070353583386,10,behavior_064,-1.2969679743200555,58.378511658551766,3408.0506234676645
"(-60, -50]",-56.700000225,5.89424048556142,-55.08066101544612,-7.994319355931565,9,behavior_064,-13.888559841492985,848.8301636237884,720512.6466775874
"(-50, -40]",-45.6231879,11.03997350737515,-44.855496321416425,-10.493831676099912,10,behavior_064,-21.53380518347506,1676.499940893019,2810652.051814296
"(-40, -30]",-35.3528118,3.646997812277105,-34.88897535307018,-11.980319247532815,8,behavior_064,-15.62731705980992,1418.8526399924992,2013142.8140136846
"(-30, -20]",-24.5127375,1.60011999570311,-25.06543645252785,-13.749315006751306,9,behavior_064,-15.349435002454417,1554.6924435529947,2417068.5940407817
"(-20, -10]",-14.62973805,-5.954104569439496,-14.749954586353766,-15.320296675291655,10,behavior_064,-9.366192105852159,1008.8401033723569,1017758.3541723478
"(-10, 0]",-3.46887202499999,-9.91567052953346,-5.124526286287199,-17.874939018243257,11,behavior_064,-7.959268488709798,884.4024076208269,782167.6186055153
"(0, 10]",5.03812620000001,-18.191934691485,4.8918705960494515,-20.170103522713493,10,behavior_064,-1.9781688312284942,219.3589698755312,48118.3576648542
"(10, 20]",15.44703525,-19.2966096331278,14.889857017366243,-19.72878865935555,10,behavior_064,-0.4321790262277503,46.372289362234035,2150.389220694764
"(20, 30]",25.0356285,-20.1180129941091,24.80575462733373,-18.81524801316166,9,behavior_064,1.3027649809474404,131.3980596714961,17265.45008543405
"(30, 40]",35.95858155,-16.672725789169398,35.13217005329357,-16.927225107826082,9,behavior_064,-0.2544993186566842,22.932182447163036,525.8849917899724
"(40, 50]",47.10268035,-12.1608318325397,45.299232515991655,-14.24850657835196,9,behavior_064,-2.0876747458122615,158.1915334541827,25024.561256585803
"(50, 60]",53.785143,1.50594210230876,56.412734238637356,-6.617839027202022,20,behavior_064,-8.123781129510782,534.2971380415582,285473.43171939993
"(-80, -70]",-71.42044770000001,5.18813709980144,-70.62195055402822,5.349260264866236,1,behavior_065,0.16112316506479551,5.714860664407858,32.65963241359623
"(-70, -60]",-66.15,-0.249539061038283,-64.88984488815481,-1.5465070353583386,10,behavior_065,-1.2969679743200555,58.378511658551766,3408.0506234676645
"(-60, -50]",-56.700000225,5.89424048556142,-55.08066101544612,-7.994319355931565,9,behavior_065,-13.888559841492985,848.8301636237884,720512.6466775874
"(-50, -40]",-45.6231879,11.03997350737515,-44.855496321416425,-10.493831676099912,10,behavior_065,-21.53380518347506,1676.499940893019,2810652.051814296
"(-40, -30]",-35.3528118,3.646997812277105,-34.88897535307018,-11.980319247532815,8,behavior_065,-15.62731705980992,1418.8526399924992,2013142.8140136846
"(-30, -20]",-24.5127375,1.60011999570311,-25.06543645252785,-13.749315006751306,9,behavior_065,-15.349435002454417,1554.6924435529947,2417068.5940407817
"(-20, -10]",-14.62973805,-5.954104569439496,-14.749954586353766,-15.320296675291655,10,behavior_065,-9.366192105852159,1008.8401033723569,1017758.3541723478
"(-10, 0]",-3.46887202499999,-9.91567052953346,-5.683114054388631,-18.729718166437248,11,behavior_065,-8.814047636903789,979.382082916262,959189.2643373959
"(0, 10]",5.03812620000001,-18.191934691485,4.8918705960494515,-20.170103522713493,10,behavior_065,-1.9781688312284942,219.3589698755312,48118.3576648542
"(10, 20]",15.44703525,-19.2966096331278,14.889857017366243,-19.72878865935555,10,behavior_065,-0.4321790262277503,46.372289362234035,2150.389220694764
"(20, 30]",25.0356285,-20.1180129941091,24.80575462733373,-18.81524801316166,9,behavior_065,1.3027649809474404,131.3980596714961,17265.45008543405
"(30, 40]",35.95858155,-16.672725789169398,35.13217005329357,-16.927225107826082,9,behavior_065,-0.2544993186566842,22.932182447163036,525.8849917899724
"(40, 50]",47.10268035,-12.1608318325397,45.299232515991655,-14.24850657835196,9,behavior_065,-2.0876747458122615,158.1915334541827,25024.561256585803
"(50, 60]",53.785143,1.50594210230876,56.412734238637356,-6.617839027202022,20,behavior_065,-8.123781129510782,534.2971380415582,285473.43171939993
"(-80, -70]",-71.42044770000001,5.18813709980144,-70.62195055402822,5.349260264866236,1,behavior_066,0.16112316506479551,5.714860664407858,32.65963241359623
"(-70, -60]",-66.15,-0.249539061038283,-64.88984488815481,-1.5465070353583386,10,behavior_066,-1.2969679743200555,58.378511658551766,3408.0506234676645
"(-60, -50]",-56.700000225,5.89424048556142,-55.08066101544612,-7.994319355931565,9,behavior_066,-13.888559841492985,848.8301636237884,720512.6466775874
"(-50, -40]",-45.6231879,11.03997350737515,-45.419731265547576,-10.984348088940116,9,behavior_066,-22.024321596315268,1714.6887667938279,2940157.5669689383
"(-40, -30]",-35.3528118,3.646997812277105,-35.04836290451982,-13.213807527658236,9,behavior_066,-16.86080533993534,1530.844871029824,2343486.019158318
"(-30, -20]",-24.5127375,1.60011999570311,-24.64549821422348,-14.935346195997385,9,behavior_066,-16.535466191700493,1674.8215380404597,2805027.184284211
"(-20, -10]",-14.62973805,-5.954104569439496,-14.692557581405735,-16.824498283026013,10,behavior_066,-10.870393713586518,1170.8588713294478,1370910.4965708684
"(-10, 0]",-3.46887202499999,-9.91567052953346,-5.140179446860763,-18.737103839858555,10,behavior_066,-8.821433310325096,980.202749710575,960797.430540172
"(0, 10]",5.03812620000001,-18.191934691485,4.8918705960494515,-20.170103522713493,10,behavior_066,-1.9781688312284942,219.3589698755312,48118.3576648542
"(10, 20]",15.44703525,-19.2966096331278,14.889857017366243,-19.72878865935555,10,behavior_066,-0.4321790262277503,46.372289362234035,2150.389220694764
"(20, 30]",25.0356285,-20.1180129941091,24.80575462733373,-18.81524801316166,9,behavior_066,1.3027649809474404,131.3980596714961,17265.45008543405
"(30, 40]",35.95858155,-16.672725789169398,35.13217005329357,-16.927225107826082,9,behavior_066,-0.2544993186566842,22.932182447163036,525.8849917899724
"(40, 50]",47.10268035,-12.1608318325397,45.299232515991655,-14.24850657835196,9,behavior_066,-2.0876747458122615,158.1915334541827,25024.561256585803
"(50, 60]",53.785143,1.50594210230876,56.412734238637356,-6.617839027202022,20,behavior_066,-8.123781129510782,534.2971380415582,285473.43171939993
"(-80, -70]",-71.42044770000001,5.18813709980144,-70.62195055402822,5.349260264866236,1,behavior_067,0.16112316506479551,5.714860664407858,32.65963241359623
"(-70, -60]",-66.15,-0.249539061038283,-67.38646875799228,-15.099003583483912,14,behavior_067,-14.84946452244563,668.3971037922628,446754.6883578849
"(-60, -50]",-56.700000225,5.89424048556142,-54.94686993909407,-15.418811765188025,12,behavior_067,-21.313052250749443,1302.594497615042,1696752.4252169835
"(-50, -40]",-45.6231879,11.03997350737515,-42.44012452352031,-0.4718966123999023,19,behavior_067,-11.511870119775052,896.2489170368016,803262.1212896396
"(-40, -30]",-35.3528118,3.646997812277105,-35.45632398896109,14.952534767226458,11,behavior_067,11.305536954949353,1026.4648047819003,1053629.9954559447
"(-30, -20]",-24.5127375,1.60011999570311,-24.984828069821933,11.814802858026042,10,behavior_067,10.214682862322931,1034.6107369296897,1070419.3769701954
"(-20, -10]",-14.62973805,-5.954104569439496,-14.652564197037751,7.544197328464962,10,behavior_067,13.498301897904458,1453.9129806578158,2113862.9553252943
"(-10, 0]",-3.46887202499999,-9.91567052953346,-6.979288376567183,-7.16000440072303,25,behavior_067,2.7556661288104296,306.19871190124485,93757.65116998155
"(0, 10]",5.03812620000001,-18.191934691485,3.533457234700141,-19.71741831421356,13,behavior_067,-1.5254836227285615,169.16074642421583,28615.35813079785
"(10, 20]",15.44703525,-19.2966096331278,14.889857017366243,-19.72878865935555,10,behavior_067,-0.4321790262277503,46.372289362234035,2150.389220694764
"(20, 30]",25.0356285,-20.1180129941091,24.80575462733373,-18.81524801316166,9,behavior_067,1.3027649809474404,131.3980596714961,17265.45008543405
"(30, 40]",35.95858155,-16.672725789169398,35.13217005329357,-16.927225107826082,9,behavior_067,-0.2544993186566842,22.932182447163036,525.8849917899724
"(40, 50]",47.10268035,-12.1608318325397,45.299232515991655,-14.24850657835196,9,behavior_067,-2.0876747458122615,158.1915334541827,25024.561256585803
"(50, 60]",53.785143,1.50594210230876,56.412734238637356,-6.617839027202022,20,behavior_067,-8.123781129510782,534.2971380415582,285473.43171939993
"(-80, -70]",-71.42044770000001,5.18813709980144,-70.62195055402822,5.349260264866236,1,behavior_068,0.16112316506479551,5.714860664407858,32.65963241359623
"(-70, -60]",-66.15,-0.249539061038283,-65.47679964717491,-4.128740290322087,12,behavior_068,-3.879201229283804,174.6087788392286,30488.225647726642
"(-60, -50]",-56.700000225,5.89424048556142,-55.31530061131777,0.7750707447490864,11,behavior_068,-5.119169740812334,312.86942190577554,97887.27516365418
"(-50, -40]",-45.6231879,11.03997350737515,-45.525400517689945,7.579995917590878,11,behavior_068,-3.4599775897842715,269.3742316019416,72562.47665113646
"(-40, -30]",-35.3528118,3.646997812277105,-35.45632398896109,14.952534767226458,11,behavior_068,11.305536954949353,1026.4648047819003,1053629.9954559447
"(-30, -20]",-24.5127375,1.60011999570311,-24.984828069821933,11.814802858026042,10,behavior_068,10.214682862322931,1034.6107369296897,1070419.3769701954
"(-20, -10]",-14.62973805,-5.954104569439496,-14.652564197037751,7.544197328464962,10,behavior_068,13.498301897904458,1453.9129806578158,2113862.9553252943
"(-10, 0]",-3.46887202499999,-9.91567052953346,-6.979288376567183,-7.16000440072303,25,behavior_068,2.7556661288104296,306.19871190124485,93757.65116998155
"(0, 10]",5.03812620000001,-18.191934691485,3.533457234700141,-19.71741831421356,13,behavior_068,-1.5254836227285615,169.16074642421583,28615.35813079785
"(10, 20]",15.44703525,-19.2966096331278,14.889857017366243,-19.72878865935555,10,behavior_068,-0.4321790262277503,46.372289362234035,2150.389220694764
"(20, 30]",25.0356285,-20.1180129941091,24.80575462733373,-18.81524801316166,9,behavior_068,1.3027649809474404,131.3980596714961,17265.45008543405
"(30, 40]",35.95858155,-16.672725789169398,35.13217005329357,-16.927225107826082,9,behavior_068,-0.2544993186566842,22.932182447163036,525.8849917899724
"(40, 50]",47.10268035,-12.1608318325397,45.299232515991655,-14.24850657835196,9,behavior_068,-2.0876747458122615,158.1915334541827,25024.561256585803
"(50, 60]",53.785143,1.50594210230876,56.412734238637356,-6.617839027202022,20,behavior_068,-8.123781129510782,534.2971380415582,285473.43171939993
"(-80, -70]",-71.42044770000001,5.18813709980144,-70.62195055402822,5.349260264866236,1,behavior_069,0.16112316506479551,5.714860664407858,32.65963241359623
"(-70, -60]",-66.15,-0.249539061038283,-64.88984488815481,-1.5465070353583386,10,behavior_069,-1.2969679743200555,58.378511658551766,3408.0506234676645
"(-60, -50]",-56.700000225,5.89424048556142,-55.31530061131777,0.7750707447490864,11,behavior_069,-5.119169740812334,312.86942190577554,97887.27516365418
"(-50, -40]",-45.6231879,11.03997350737515,-45.525400517689945,7.579995917590878,11,behavior_069,-3.4599775897842715,269.3742316019416,72562.47665113646
"(-40, -30]",-35.3528118,3.646997812277105,-35.45632398896109,14.952534767226458,11,behavior_069,11.305536954949353,1026.4648047819003,1053629.9954559447
"(-30, -20]",-24.5127375,1.60011999570311,-24.984828069821933,11.814802858026042,10,behavior_069,10.214682862322931,1034.6107369296897,1070419.3769701954
"(-20, -10]",-14.62973805,-5.954104569439496,-14.652564197037751,7.544197328464962,10,behavior_069,13.498301897904458,1453.9129806578158,2113862.9553252943
"(-10, 0]",-3.46887202499999,-9.91567052953346,-6.979288376567183,-7.16000440072303,25,behavior_069,2.7556661288104296,306.19871190124485,93757.65116998155
"(0, 10]",5.03812620000001,-18.191934691485,3.533457234700141,-19.71741831421356,13,behavior_069,-1.5254836227285615,169.16074642421583,28615.35813079785
"(10, 20]",15.44703525,-19.2966096331278,14.889857017366243,-19.72878865935555,10,behavior_069,-0.4321790262277503,46.372289362234035,2150.389220694764
"(20, 30]",25.0356285,-20.1180129941091,24.80575462733373,-18.81524801316166,9,behavior_069,1.3027649809474404,131.3980596714961,17265.45008543405
"(30, 40]",35.95858155,-16.672725789169398,35.13217005329357,-16.927225107826082,9,behavior_069,-0.2544993186566842,22.932182447163036,525.8849917899724
"(40, 50]",47.10268035,-12.1608318325397,45.299232515991655,-14.24850657835196,9,behavior_069,-2.0876747458122615,158.1915334541827,25024.561256585803
"(50, 60]",53.785143,1.50594210230876,56.412734238637356,-6.617839027202022,20,behavior_069,-8.123781129510782,534.2971380415582,285473.43171939993
"(-80, -70]",-71.42044770000001,5.18813709980144,-70.62195055402822,5.349260264866236,1,behavior_070,0.16112316506479551,5.714860664407858,32.65963241359623
"(-70, -60]",-66.15,-0.249539061038283,-64.88984488815481,-1.5465070353583386,10,behavior_070,-1.2969679743200555,58.378511658551766,3408.0506234676645
"(-60, -50]",-56.700000225,5.89424048556142,-55.08066101544612,-7.994319355931565,9,behavior_070,-13.888559841492985,848.8301636237884,720512.6466775874
"(-50, -40]",-45.6231879,11.03997350737515,-44.855496321416425,-10.493831676099912,10,behavior_070,-21.53380518347506,1676.499940893019,2810652.051814296
"(-40, -30]",-35.3528118,3.646997812277105,-34.88897535307018,-11.980319247532815,8,behavior_070,-15.62731705980992,1418.8526399924992,2013142.8140136846
"(-30, -20]",-24.5127375,1.60011999570311,-25.06543645252785,-13.749315006751306,9,behavior_070,-15.349435002454417,1554.6924435529947,2417068.5940407817
"(-20, -10]",-14.62973805,-5.954104569439496,-14.749954586353766,-15.320296675291655,10,behavior_070,-9.366192105852159,1008.8401033723569,1017758.3541723478
"(-10, 0]",-3.46887202499999,-9.91567052953346,-5.419034116062951,-19.170131317475704,12,behavior_070,-9.254460787942245,1028.319048879754,1057440.066288962
"(0, 10]",5.03812620000001,-18.191934691485,4.937530669447581,-21.050702486825433,10,behavior_070,-2.858767795340434,317.0085125190138,100494.39700951772
"(10, 20]",15.44703525,-19.2966096331278,14.889857017366243,-19.72878865935555,10,behavior_070,-0.4321790262277503,46.372289362234035,2150.389220694764
"(20, 30]",25.0356285,-20.1180129941091,24.80575462733373,-18.81524801316166,9,behavior_070,1.3027649809474404,131.3980596714961,17265.45008543405
"(30, 40]",35.95858155,-16.672725789169398,35.13217005329357,-16.927225107826082,9,behavior_070,-0.2544993186566842,22.932182447163036,525.8849917899724
"(40, 50]",47.10268035,-12.1608318325397,45.299232515991655,-14.24850657835196,9,behavior_070,-2.0876747458122615,158.1915334541827,25024.561256585803
"(50, 60]",53.785143,1.50594210230876,56.412734238637356,-6.617839027202022,20,behavior_070,-8.123781129510782,534.2971380415582,285473.43171939993
"(-80, -70]",-71.42044770000001,5.18813709980144,-70.62195055402822,5.349260264866236,1,behavior_071,0.16112316506479551,5.714860664407858,32.65963241359623
"(-70, -60]",-66.15,-0.249539061038283,-64.88984488815481,-1.5465070353583386,10,behavior_071,-1.2969679743200555,58.378511658551766,3408.0506234676645
"(-60, -50]",-56.700000225,5.89424048556142,-55.08066101544612,-7.994319355931565,9,behavior_071,-13.888559841492985,848.8301636237884,720512.6466775874
"(-50, -40]",-45.6231879,11.03997350737515,-44.855496321416425,-10.493831676099912,10,behavior_071,-21.53380518347506,1676.499940893019,2810652.051814296
"(-40, -30]",-35.3528118,3.646997812277105,-34.88897535307018,-11.980319247532815,8,behavior_071,-15.62731705980992,1418.8526399924992,2013142.8140136846
"(-30, -20]",-24.5127375,1.60011999570311,-25.06543645252785,-13.749315006751306,9,behavior_071,-15.349435002454417,1554.6924435529947,2417068.5940407817
"(-20, -10]",-14.62973805,-5.954104569439496,-14.749954586353766,-15.320296675291655,10,behavior_071,-9.366192105852159,1008.8401033723569,1017758.3541723478
"(-10, 0]",-3.46887202499999,-9.91567052953346,-5.419034116062951,-19.170131317475704,12,behavior_071,-9.254460787942245,1028.319048879754,1057440.066288962
"(0, 10]",5.03812620000001,-18.191934691485,4.937530669447581,-21.050702486825433,10,behavior_071,-2.858767795340434,317.0085125190138,100494.39700951772
"(10, 20]",15.44703525,-19.2966096331278,14.889857017366243,-19.72878865935555,10,behavior_071,-0.4321790262277503,46.372289362234035,2150.389220694764
"(20, 30]",25.0356285,-20.1180129941091,24.80575462733373,-18.81524801316166,9,behavior_071,1.3027649809474404,131.3980596714961,17265.45008543405
"(30, 40]",35.95858155,-16.672725789169398,35.13217005329357,-16.927225107826082,9,behavior_071,-0.2544993186566842,22.932182447163036,525.8849917899724
"(40, 50]",47.10268035,-12.1608318325397,45.299232515991655,-14.24850657835196,9,behavior_071,-2.0876747458122615,158.1915334541827,25024.561256585803
"(50, 60]",53.785143,1.50594210230876,56.412734238637356,-6.617839027202022,20,behavior_071,-8.123781129510782,534.2971380415582,285473.43171939993
"(-80, -70]",-71.42044770000001,5.18813709980144,-70.62195055402822,5.349260264866236,1,behavior_072,0.16112316506479551,5.714860664407858,32.65963241359623
"(-70, -60]",-66.15,-0.249539061038283,-64.88984488815481,-1.5465070353583386,10,behavior_072,-1.2969679743200555,58.378511658551766,3408.0506234676645
"(-60, -50]",-56.700000225,5.89424048556142,-54.9157338170603,1.415498116476058,12,behavior_072,-4.478742369085362,273.72828150415694,74927.17209521898
"(-50, -40]",-45.6231879,11.03997350737515,-44.82255221216329,12.05804840313867,11,behavior_072,1.0180748957635206,79.2615372912355,6282.391293769915
"(-40, -30]",-35.3528118,3.646997812277105,-35.051119515112475,16.69315270284082,10,behavior_072,13.046154890563715,1184.5009119212516,1403042.4103422766
"(-30, -20]",-24.5127375,1.60011999570311,-24.984828069821933,11.814802858026042,10,behavior_072,10.214682862322931,1034.6107369296897,1070419.3769701954
"(-20, -10]",-14.62973805,-5.954104569439496,-14.652564197037751,7.544197328464962,10,behavior_072,13.498301897904458,1453.9129806578158,2113862.9553252943
"(-10, 0]",-3.46887202499999,-9.91567052953346,-6.979288376567183,-7.16000440072303,25,behavior_072,2.7556661288104296,306.19871190124485,93757.65116998155
"(0, 10]",5.03812620000001,-18.191934691485,4.413503593494211,-16.311633984735664,11,behavior_072,1.8803007067493347,208.50638205264735,43474.91135668454
"(10, 20]",15.44703525,-19.2966096331278,14.141544876140044,-17.275014160559007,11,behavior_072,2.0215954725687943,216.91476110166437,47052.013583792126
"(20, 30]",25.0356285,-20.1180129941091,24.24251390909328,-18.748839965232705,10,behavior_072,1.3691730288763964,138.09603572400758,19070.515082686376
"(30, 40]",35.95858155,-16.672725789169398,35.13217005329357,-16.927225107826082,9,behavior_072,-0.2544993186566842,22.932182447163036,525.8849917899724
"(40, 50]",47.10268035,-12.1608318325397,45.299232515991655,-14.24850657835196,9,behavior_072,-2.0876747458122615,158.1915334541827,25024.561256585803
"(50, 60]",53.785143,1.50594210230876,56.44395651912126,-6.617839027202022,20,behavior_072,-8.123781129510782,534.2971380415582,285473.43171939993
"(-80, -70]",-71.42044770000001,5.18813709980144,-70.62195055402822,5.349260264866236,1,behavior_073,0.16112316506479551,5.714860664407858,32.65963241359623
"(-70, -60]",-66.15,-0.249539061038283,-64.88984488815481,-1.5465070353583386,10,behavior_073,-1.2969679743200555,58.378511658551766,3408.0506234676645
"(-60, -50]",-56.700000225,5.89424048556142,-54.9157338170603,1.415498116476058,12,behavior_073,-4.478742369085362,273.72828150415694,74927.17209521898
"(-50, -40]",-45.6231879,11.03997350737515,-44.82255221216329,12.05804840313867,11,behavior_073,1.0180748957635206,79.2615372912355,6282.391293769915
"(-40, -30]",-35.3528118,3.646997812277105,-35.051119515112475,16.69315270284082,10,behavior_073,13.046154890563715,1184.5009119212516,1403042.4103422766
"(-30, -20]",-24.5127375,1.60011999570311,-24.984828069821933,11.814802858026042,10,behavior_073,10.214682862322931,1034.6107369296897,1070419.3769701954
"(-20, -10]",-14.62973805,-5.954104569439496,-14.652564197037751,7.544197328464962,10,behavior_073,13.498301897904458,1453.9129806578158,2113862.9553252943
"(-10, 0]",-3.46887202499999,-9.91567052953346,-6.979288376567183,-7.16000440072303,25,behavior_073,2.7556661288104296,306.19871190124485,93757.65116998155
"(0, 10]",5.03812620000001,-18.191934691485,4.413503593494211,-16.311633984735664,11,behavior_073,1.8803007067493347,208.50638205264735,43474.91135668454
"(10, 20]",15.44703525,-19.2966096331278,14.141544876140044,-17.275014160559007,11,behavior_073,2.0215954725687943,216.91476110166437,47052.013583792126
"(20, 30]",25.0356285,-20.1180129941091,24.24251390909328,-18.748839965232705,10,behavior_073,1.3691730288763964,138.09603572400758,19070.515082686376
"(30, 40]",35.95858155,-16.672725789169398,35.13217005329357,-16.927225107826082,9,behavior_073,-0.2544993186566842,22.932182447163036,525.8849917899724
"(40, 50]",47.10268035,-12.1608318325397,45.299232515991655,-14.24850657835196,9,behavior_073,-2.0876747458122615,158.1915334541827,25024.561256585803
"(50, 60]",53.785143,1.50594210230876,56.44395651912126,-6.617839027202022,20,behavior_073,-8.123781129510782,534.2971380415582,285473.43171939993
"(-80, -70]",-71.42044770000001,5.18813709980144,-70.62195055402822,5.349260264866236,1,behavior_074,0.16112316506479551,5.714860664407858,32.65963241359623
"(-70, -60]",-66.15,-0.249539061038283,-64.88984488815481,-1.5465070353583386,10,behavior_074,-1.2969679743200555,58.378511658551766,3408.0506234676645
"(-60, -50]",-56.700000225,5.89424048556142,-55.08066101544612,-7.994319355931565,9,behavior_074,-13.888559841492985,848.8301636237884,720512.6466775874
"(-50, -40]",-45.6231879,11.03997350737515,-45.419731265547576,-10.984348088940116,9,behavior_074,-22.024321596315268,1714.6887667938279,2940157.5669689383
"(-40, -30]",-35.3528118,3.646997812277105,-35.04836290451982,-13.213807527658236,9,behavior_074,-16.86080533993534,1530.844871029824,2343486.019158318
"(-30, -20]",-24.5127375,1.60011999570311,-24.64549821422348,-14.935346195997385,9,behavior_074,-16.535466191700493,1674.8215380404597,2805027.184284211
"(-20, -10]",-14.62973805,-5.954104569439496,-14.692557581405735,-16.824498283026013,10,behavior_074,-10.870393713586518,1170.8588713294478,1370910.4965708684
"(-10, 0]",-3.46887202499999,-9.91567052953346,-5.124526286287199,-17.874939018243257,9,behavior_074,-7.959268488709798,884.4024076208269,782167.6186055153
"(0, 10]",5.03812620000001,-18.191934691485,5.032609342962526,-18.000221875057086,10,behavior_074,0.1917128164279127,21.259017561937405,451.945827698763
"(10, 20]",15.44703525,-19.2966096331278,14.655558162555813,-17.456304697803922,10,behavior_074,1.8403049353238785,197.46250464874282,38991.44074215478
"(20, 30]",25.0356285,-20.1180129941091,24.24251390909328,-18.748839965232705,10,behavior_074,1.3691730288763964,138.09603572400758,19070.515082686376
"(30, 40]",35.95858155,-16.672725789169398,35.13217005329357,-16.927225107826082,9,behavior_074,-0.2544993186566842,22.932182447163036,525.8849917899724
"(40, 50]",47.10268035,-12.1608318325397,45.299232515991655,-14.24850657835196,9,behavior_074,-2.0876747458122615,158.1915334541827,25024.561256585803
"(50, 60]",53.785143,1.50594210230876,56.44395651912126,-6.617839027202022,20,behavior_074,-8.123781129510782,534.2971380415582,285473.43171939993
"(-80, -70]",-71.42044770000001,5.18813709980144,-70.62195055402822,5.349260264866236,1,behavior_075,0.16112316506479551,5.714860664407858,32.65963241359623
"(-70, -60]",-66.15,-0.249539061038283,-64.88984488815481,-1.5465070353583386,10,behavior_075,-1.2969679743200555,58.378511658551766,3408.0506234676645
"(-60, -50]",-56.700000225,5.89424048556142,-55.08066101544612,-7.994319355931565,9,behavior_075,-13.888559841492985,848.8301636237884,720512.6466775874
"(-50, -40]",-45.6231879,11.03997350737515,-45.419731265547576,-10.984348088940116,9,behavior_075,-22.024321596315268,1714.6887667938279,2940157.5669689383
"(-40, -30]",-35.3528118,3.646997812277105,-35.04836290451982,-13.213807527658236,9,behavior_075,-16.86080533993534,1530.844871029824,2343486.019158318
"(-30, -20]",-24.5127375,1.60011999570311,-24.64549821422348,-14.935346195997385,9,behavior_075,-16.535466191700493,1674.8215380404597,2805027.184284211
"(-20, -10]",-14.62973805,-5.954104569439496,-14.692557581405735,-16.824498283026013,10,behavior_075,-10.870393713586518,1170.8588713294478,1370910.4965708684
"(-10, 0]",-3.46887202499999,-9.91567052953346,-5.124526286287199,-17.874939018243257,9,behavior_075,-7.959268488709798,884.4024076208269,782167.6186055153
"(0, 10]",5.03812620000001,-18.191934691485,5.032609342962526,-18.000221875057086,10,behavior_075,0.1917128164279127,21.259017561937405,451.945827698763
"(10, 20]",15.44703525,-19.2966096331278,14.655558162555813,-17.456304697803922,10,behavior_075,1.8403049353238785,197.46250464874282,38991.44074215478
"(20, 30]",25.0356285,-20.1180129941091,24.24251390909328,-18.748839965232705,10,behavior_075,1.3691730288763964,138.09603572400758,19070.515082686376
"(30, 40]",35.95858155,-16.672725789169398,35.13217005329357,-16.927225107826082,9,behavior_075,-0.2544993186566842,22.932182447163036,525.8849917899724
"(40, 50]",47.10268035,-12.1608318325397,45.299232515991655,-14.24850657835196,9,behavior_075,-2.0876747458122615,158.1915334541827,25024.561256585803
"(50, 60]",53.785143,1.50594210230876,56.44395651912126,-6.617839027202022,20,behavior_075,-8.123781129510782,534.2971380415582,285473.43171939993
"(-80, -70]",-71.42044770000001,5.18813709980144,-70.62195055402822,5.349260264866236,1,behavior_076,0.16112316506479551,5.714860664407858,32.65963241359623
"(-70, -60]",-66.15,-0.249539061038283,-64.88984488815481,-1.5465070353583386,10,behavior_076,-1.2969679743200555,58.378511658551766,3408.0506234676645
"(-60, -50]",-56.700000225,5.89424048556142,-55.08066101544612,-7.994319355931565,9,behavior_076,-13.888559841492985,848.8301636237884,720512.6466775874
"(-50, -40]",-45.6231879,11.03997350737515,-45.419731265547576,-10.984348088940116,9,behavior_076,-22.024321596315268,1714.6887667938279,2940157.5669689383
"(-40, -30]",-35.3528118,3.646997812277105,-35.04836290451982,-13.213807527658236,9,behavior_076,-16.86080533993534,1530.844871029824,2343486.019158318
"(-30, -20]",-24.5127375,1.60011999570311,-24.64549821422348,-14.935346195997385,9,behavior_076,-16.535466191700493,1674.8215380404597,2805027.184284211
"(-20, -10]",-14.62973805,-5.954104569439496,-14.692557581405735,-16.824498283026013,10,behavior_076,-10.870393713586518,1170.8588713294478,1370910.4965708684
"(-10, 0]",-3.46887202499999,-9.91567052953346,-5.124526286287199,-17.874939018243257,9,behavior_076,-7.959268488709798,884.4024076208269,782167.6186055153
"(0, 10]",5.03812620000001,-18.191934691485,5.032609342962526,-18.000221875057086,10,behavior_076,0.1917128164279127,21.259017561937405,451.945827698763
"(10, 20]",15.44703525,-19.2966096331278,14.655558162555813,-17.456304697803922,10,behavior_076,1.8403049353238785,197.46250464874282,38991.44074215478
"(20, 30]",25.0356285,-20.1180129941091,24.24251390909328,-18.748839965232705,10,behavior_076,1.3691730288763964,138.09603572400758,19070.515082686376
"(30, 40]",35.95858155,-16.672725789169398,35.13217005329357,-16.927225107826082,9,behavior_076,-0.2544993186566842,22.932182447163036,525.8849917899724
"(40, 50]",47.10268035,-12.1608318325397,45.299232515991655,-14.24850657835196,9,behavior_076,-2.0876747458122615,158.1915334541827,25024.561256585803
"(50, 60]",53.785143,1.50594210230876,56.44395651912126,-6.617839027202022,20,behavior_076,-8.123781129510782,534.2971380415582,285473.43171939993
"(-80, -70]",-71.42044770000001,5.18813709980144,-70.62195055402822,5.349260264866236,1,behavior_077,0.16112316506479551,5.714860664407858,32.65963241359623
"(-70, -60]",-66.15,-0.249539061038283,-64.88984488815481,-1.5465070353583386,10,behavior_077,-1.2969679743200555,58.378511658551766,3408.0506234676645
"(-60, -50]",-56.700000225,5.89424048556142,-55.08066101544612,-7.994319355931565,9,behavior_077,-13.888559841492985,848.8301636237884,720512.6466775874
"(-50, -40]",-45.6231879,11.03997350737515,-45.419731265547576,-10.984348088940116,9,behavior_077,-22.024321596315268,1714.6887667938279,2940157.5669689383
"(-40, -30]",-35.3528118,3.646997812277105,-35.04836290451982,-13.213807527658236,9,behavior_077,-16.86080533993534,1530.844871029824,2343486.019158318
"(-30, -20]",-24.5127375,1.60011999570311,-24.64549821422348,-14.935346195997385,9,behavior_077,-16.535466191700493,1674.8215380404597,2805027.184284211
"(-20, -10]",-14.62973805,-5.954104569439496,-14.692557581405735,-16.824498283026013,10,behavior_077,-10.870393713586518,1170.8588713294478,1370910.4965708684
"(-10, 0]",-3.46887202499999,-9.91567052953346,-5.124526286287199,-17.874939018243257,9,behavior_077,-7.959268488709798,884.4024076208269,782167.6186055153
"(0, 10]",5.03812620000001,-18.191934691485,5.032609342962526,-18.000221875057086,10,behavior_077,0.1917128164279127,21.259017561937405,451.945827698763
"(10, 20]",15.44703525,-19.2966096331278,14.655558162555813,-17.456304697803922,10,behavior_077,1.8403049353238785,197.46250464874282,38991.44074215478
"(20, 30]",25.0356285,-20.1180129941091,24.24251390909328,-18.748839965232705,10,behavior_077,1.3691730288763964,138.09603572400758,19070.515082686376
"(30, 40]",35.95858155,-16.672725789169398,35.13217005329357,-16.927225107826082,9,behavior_077,-0.2544993186566842,22.932182447163036,525.8849917899724
"(40, 50]",47.10268035,-12.1608318325397,45.299232515991655,-14.24850657835196,9,behavior_077,-2.0876747458122615,158.1915334541827,25024.561256585803
"(50, 60]",53.785143,1.50594210230876,56.44395651912126,-6.617839027202022,20,behavior_077,-8.123781129510782,534.2971380415582,285473.43171939993
"(-80, -70]",-71.42044770000001,5.18813709980144,-70.62195055402822,5.349260264866236,1,behavior_078,0.16112316506479551,5.714860664407858,32.65963241359623
"(-70, -60]",-66.15,-0.249539061038283,-64.88984488815481,-1.5465070353583386,10,behavior_078,-1.2969679743200555,58.378511658551766,3408.0506234676645
"(-60, -50]",-56.700000225,5.89424048556142,-54.9157338170603,1.415498116476058,12,behavior_078,-4.478742369085362,273.72828150415694,74927.17209521898
"(-50, -40]",-45.6231879,11.03997350737515,-44.736099922032295,10.577827656551769,11,behavior_078,-0.4621458508233811,35.98005484808234,1294.5643468710134
"(-40, -30]",-35.3528118,3.646997812277105,-35.051119515112475,16.133351454109793,10,behavior_078,12.486353641832688,1133.674818319054,1285218.5936907404
"(-30, -20]",-24.5127375,1.60011999570311,-24.984828069821933,11.814802858026042,10,behavior_078,10.214682862322931,1034.6107369296897,1070419.3769701954
"(-20, -10]",-14.62973805,-5.954104569439496,-14.652564197037751,7.544197328464962,10,behavior_078,13.498301897904458,1453.9129806578158,2113862.9553252943
"(-10, 0]",-3.46887202499999,-9.91567052953346,-6.979288376567183,-7.16000440072303,25,behavior_078,2.7556661288104296,306.19871190124485,93757.65116998155
"(0, 10]",5.03812620000001,-18.191934691485,4.931131602086992,-16.320570965077117,12,behavior_078,1.871363726407882,207.51536107883015,43062.62508367726
"(10, 20]",15.44703525,-19.2966096331278,14.371738951201092,-19.124574660383047,11,behavior_078,0.1720349727447541,18.45914552165173,340.74005338951514
"(20, 30]",25.0356285,-20.1180129941091,24.80575462733373,-18.81524801316166,9,behavior_078,1.3027649809474404,131.3980596714961,17265.45008543405
"(30, 40]",35.95858155,-16.672725789169398,35.13217005329357,-16.927225107826082,9,behavior_078,-0.2544993186566842,22.932182447163036,525.8849917899724
"(40, 50]",47.10268035,-12.1608318325397,45.299232515991655,-14.24850657835196,9,behavior_078,-2.0876747458122615,158.1915334541827,25024.561256585803
"(50, 60]",53.785143,1.50594210230876,56.44395651912126,-6.617839027202022,20,behavior_078,-8.123781129510782,534.2971380415582,285473.43171939993
"(-80, -70]",-71.42044770000001,5.18813709980144,-70.62195055402822,5.349260264866236,1,behavior_079,0.16112316506479551,5.714860664407858,32.65963241359623
"(-70, -60]",-66.15,-0.249539061038283,-64.88984488815481,-1.5465070353583386,10,behavior_079,-1.2969679743200555,58.378511658551766,3408.0506234676645
"(-60, -50]",-56.700000225,5.89424048556142,-54.9157338170603,1.415498116476058,12,behavior_079,-4.478742369085362,273.72828150415694,74927.17209521898
"(-50, -40]",-45.6231879,11.03997350737515,-44.82255221216329,12.05804840313867,11,behavior_079,1.0180748957635206,79.2615372912355,6282.391293769915
"(-40, -30]",-35.3528118,3.646997812277105,-35.051119515112475,16.69315270284082,10,behavior_079,13.046154890563715,1184.5009119212516,1403042.4103422766
"(-30, -20]",-24.5127375,1.60011999570311,-24.984828069821933,11.814802858026042,10,behavior_079,10.214682862322931,1034.6107369296897,1070419.3769701954
"(-20, -10]",-14.62973805,-5.954104569439496,-14.652564197037751,7.544197328464962,10,behavior_079,13.498301897904458,1453.9129806578158,2113862.9553252943
"(-10, 0]",-3.46887202499999,-9.91567052953346,-6.979288376567183,-7.16000440072303,25,behavior_079,2.7556661288104296,306.19871190124485,93757.65116998155
"(0, 10]",5.03812620000001,-18.191934691485,4.931131602086992,-16.320570965077117,12,behavior_079,1.871363726407882,207.51536107883015,43062.62508367726
"(10, 20]",15.44703525,-19.2966096331278,14.371738951201092,-19.124574660383047,11,behavior_079,0.1720349727447541,18.45914552165173,340.74005338951514
"(20, 30]",25.0356285,-20.1180129941091,24.80575462733373,-18.81524801316166,9,behavior_079,1.3027649809474404,131.3980596714961,17265.45008543405
"(30, 40]",35.95858155,-16.672725789169398,35.13217005329357,-16.927225107826082,9,behavior_079,-0.2544993186566842,22.932182447163036,525.8849917899724
"(40, 50]",47.10268035,-12.1608318325397,45.299232515991655,-14.24850657835196,9,behavior_079,-2.0876747458122615,158.1915334541827,25024.561256585803
"(50, 60]",53.785143,1.50594210230876,56.44395651912126,-6.617839027202022,20,behavior_079,-8.123781129510782,534.2971380415582,285473.43171939993
"(-80, -70]",-71.42044770000001,5.18813709980144,-70.62195055402822,5.349260264866236,1,behavior_080,0.16112316506479551,5.714860664407858,32.65963241359623
"(-70, -60]",-66.15,-0.249539061038283,-64.88984488815481,-1.5465070353583386,10,behavior_080,-1.2969679743200555,58.378511658551766,3408.0506234676645
"(-60, -50]",-56.700000225,5.89424048556142,-54.9157338170603,1.415498116476058,12,behavior_080,-4.478742369085362,273.72828150415694,74927.17209521898
"(-50, -40]",-45.6231879,11.03997350737515,-44.82255221216329,12.05804840313867,11,behavior_080,1.0180748957635206,79.2615372912355,6282.391293769915
"(-40, -30]",-35.3528118,3.646997812277105,-35.051119515112475,16.69315270284082,10,behavior_080,13.046154890563715,1184.5009119212516,1403042.4103422766
"(-30, -20]",-24.5127375,1.60011999570311,-24.984828069821933,11.814802858026042,10,behavior_080,10.214682862322931,1034.6107369296897,1070419.3769701954
"(-20, -10]",-14.62973805,-5.954104569439496,-14.652564197037751,7.544197328464962,10,behavior_080,13.498301897904458,1453.9129806578158,2113862.9553252943
"(-10, 0]",-3.46887202499999,-9.91567052953346,-6.979288376567183,-7.16000440072303,25,behavior_080,2.7556661288104296,306.19871190124485,93757.65116998155
"(0, 10]",5.03812620000001,-18.191934691485,4.931131602086992,-16.320570965077117,12,behavior_080,1.871363726407882,207.51536107883015,43062.62508367726
"(10, 20]",15.44703525,-19.2966096331278,14.371738951201092,-19.124574660383047,11,behavior_080,0.1720349727447541,18.45914552165173,340.74005338951514
"(20, 30]",25.0356285,-20.1180129941091,24.80575462733373,-18.81524801316166,9,behavior_080,1.3027649809474404,131.3980596714961,17265.45008543405
"(30, 40]",35.95858155,-16.672725789169398,35.13217005329357,-16.927225107826082,9,behavior_080,-0.2544993186566842,22.932182447163036,525.8849917899724
"(40, 50]",47.10268035,-12.1608318325397,45.299232515991655,-14.24850657835196,9,behavior_080,-2.0876747458122615,158.1915334541827,25024.561256585803
"(50, 60]",53.785143,1.50594210230876,56.44395651912126,-6.617839027202022,20,behavior_080,-8.123781129510782,534.2971380415582,285473.43171939993
"(-80, -70]",-71.42044770000001,5.18813709980144,-70.62195055402822,5.349260264866236,1,behavior_081,0.16112316506479551,5.714860664407858,32.65963241359623
"(-70, -60]",-66.15,-0.249539061038283,-64.88984488815481,-1.5465070353583386,10,behavior_081,-1.2969679743200555,58.378511658551766,3408.0506234676645
"(-60, -50]",-56.700000225,5.89424048556142,-55.08066101544612,-7.994319355931565,9,behavior_081,-13.888559841492985,848.8301636237884,720512.6466775874
"(-50, -40]",-45.6231879,11.03997350737515,-45.419731265547576,-10.984348088940116,9,behavior_081,-22.024321596315268,1714.6887667938279,2940157.5669689383
"(-40, -30]",-35.3528118,3.646997812277105,-35.04836290451982,-13.213807527658236,9,behavior_081,-16.86080533993534,1530.844871029824,2343486.019158318
"(-30, -20]",-24.5127375,1.60011999570311,-24.64549821422348,-14.935346195997385,9,behavior_081,-16.535466191700493,1674.8215380404597,2805027.184284211
"(-20, -10]",-14.62973805,-5.954104569439496,-14.692557581405735,-16.824498283026013,10,behavior_081,-10.870393713586518,1170.8588713294478,1370910.4965708684
"(-10, 0]",-3.46887202499999,-9.91567052953346,-5.140179446860763,-18.737103839858555,10,behavior_081,-8.821433310325096,980.202749710575,960797.430540172
"(0, 10]",5.03812620000001,-18.191934691485,4.8918705960494515,-20.170103522713493,10,behavior_081,-1.9781688312284942,219.3589698755312,48118.3576648542
"(10, 20]",15.44703525,-19.2966096331278,14.889857017366243,-19.72878865935555,10,behavior_081,-0.4321790262277503,46.372289362234035,2150.389220694764
"(20, 30]",25.0356285,-20.1180129941091,24.80575462733373,-18.81524801316166,9,behavior_081,1.3027649809474404,131.3980596714961,17265.45008543405
"(30, 40]",35.95858155,-16.672725789169398,35.13217005329357,-16.927225107826082,9,behavior_081,-0.2544993186566842,22.932182447163036,525.8849917899724
"(40, 50]",47.10268035,-12.1608318325397,45.299232515991655,-14.24850657835196,9,behavior_081,-2.0876747458122615,158.1915334541827,25024.561256585803
"(50, 60]",53.785143,1.50594210230876,56.44395651912126,-6.617839027202022,20,behavior_081,-8.123781129510782,534.2971380415582,285473.43171939993
"(-80, -70]",-71.42044770000001,5.18813709980144,-70.62195055402822,5.349260264866236,1,behavior_082,0.16112316506479551,5.714860664407858,32.65963241359623
"(-70, -60]",-66.15,-0.249539061038283,-64.88984488815481,-1.5465070353583386,10,behavior_082,-1.2969679743200555,58.378511658551766,3408.0506234676645
"(-60, -50]",-56.700000225,5.89424048556142,-55.08066101544612,-7.994319355931565,9,behavior_082,-13.888559841492985,848.8301636237884,720512.6466775874
"(-50, -40]",-45.6231879,11.03997350737515,-45.419731265547576,-10.984348088940116,9,behavior_082,-22.024321596315268,1714.6887667938279,2940157.5669689383
"(-40, -30]",-35.3528118,3.646997812277105,-35.04836290451982,-13.213807527658236,9,behavior_082,-16.86080533993534,1530.844871029824,2343486.019158318
"(-30, -20]",-24.5127375,1.60011999570311,-24.64549821422348,-14.935346195997385,9,behavior_082,-16.535466191700493,1674.8215380404597,2805027.184284211
"(-20, -10]",-14.62973805,-5.954104569439496,-14.692557581405735,-16.824498283026013,10,behavior_082,-10.870393713586518,1170.8588713294478,1370910.4965708684
"(-10, 0]",-3.46887202499999,-9.91567052953346,-5.140179446860763,-18.737103839858555,10,behavior_082,-8.821433310325096,980.202749710575,960797.430540172
"(0, 10]",5.03812620000001,-18.191934691485,4.8918705960494515,-20.170103522713493,10,behavior_082,-1.9781688312284942,219.3589698755312,48118.3576648542
"(10, 20]",15.44703525,-19.2966096331278,14.889857017366243,-19.72878865935555,10,behavior_082,-0.4321790262277503,46.372289362234035,2150.389220694764
"(20, 30]",25.0356285,-20.1180129941091,24.80575462733373,-18.81524801316166,9,behavior_082,1.3027649809474404,131.3980596714961,17265.45008543405
"(30, 40]",35.95858155,-16.672725789169398,35.13217005329357,-16.927225107826082,9,behavior_082,-0.2544993186566842,22.932182447163036,525.8849917899724
"(40, 50]",47.10268035,-12.1608318325397,45.299232515991655,-14.24850657835196,9,behavior_082,-2.0876747458122615,158.1915334541827,25024.561256585803
"(50, 60]",53.785143,1.50594210230876,56.44395651912126,-6.617839027202022,20,behavior_082,-8.123781129510782,534.2971380415582,285473.43171939993
"(-80, -70]",-71.42044770000001,5.18813709980144,-70.62195055402822,5.349260264866236,1,behavior_083,0.16112316506479551,5.714860664407858,32.65963241359623
"(-70, -60]",-66.15,-0.249539061038283,-64.88984488815481,-1.5465070353583386,10,behavior_083,-1.2969679743200555,58.378511658551766,3408.0506234676645
"(-60, -50]",-56.700000225,5.89424048556142,-55.08066101544612,-7.994319355931565,9,behavior_083,-13.888559841492985,848.8301636237884,720512.6466775874
"(-50, -40]",-45.6231879,11.03997350737515,-45.419731265547576,-10.984348088940116,9,behavior_083,-22.024321596315268,1714.6887667938279,2940157.5669689383
"(-40, -30]",-35.3528118,3.646997812277105,-35.04836290451982,-13.213807527658236,9,behavior_083,-16.86080533993534,1530.844871029824,2343486.019158318
"(-30, -20]",-24.5127375,1.60011999570311,-24.64549821422348,-14.935346195997385,9,behavior_083,-16.535466191700493,1674.8215380404597,2805027.184284211
"(-20, -10]",-14.62973805,-5.954104569439496,-14.692557581405735,-16.824498283026013,10,behavior_083,-10.870393713586518,1170.8588713294478,1370910.4965708684
"(-10, 0]",-3.46887202499999,-9.91567052953346,-5.140179446860763,-18.737103839858555,10,behavior_083,-8.821433310325096,980.202749710575,960797.430540172
"(0, 10]",5.03812620000001,-18.191934691485,4.8918705960494515,-20.170103522713493,10,behavior_083,-1.9781688312284942,219.3589698755312,48118.3576648542
"(10, 20]",15.44703525,-19.2966096331278,14.889857017366243,-19.72878865935555,10,behavior_083,-0.4321790262277503,46.372289362234035,2150.389220694764
"(20, 30]",25.0356285,-20.1180129941091,24.80575462733373,-18.81524801316166,9,behavior_083,1.3027649809474404,131.3980596714961,17265.45008543405
"(30, 40]",35.95858155,-16.672725789169398,35.13217005329357,-16.927225107826082,9,behavior_083,-0.2544993186566842,22.932182447163036,525.8849917899724
"(40, 50]",47.10268035,-12.1608318325397,45.299232515991655,-14.24850657835196,9,behavior_083,-2.0876747458122615,158.1915334541827,25024.561256585803
"(50, 60]",53.785143,1.50594210230876,56.44395651912126,-6.617839027202022,20,behavior_083,-8.123781129510782,534.2971380415582,285473.43171939993
"(-80, -70]",-71.42044770000001,5.18813709980144,-70.62195055402822,5.349260264866236,1,behavior_084,0.16112316506479551,5.714860664407858,32.65963241359623
"(-70, -60]",-66.15,-0.249539061038283,-64.88984488815481,-1.5465070353583386,10,behavior_084,-1.2969679743200555,58.378511658551766,3408.0506234676645
"(-60, -50]",-56.700000225,5.89424048556142,-54.9157338170603,1.415498116476058,12,behavior_084,-4.478742369085362,273.72828150415694,74927.17209521898
"(-50, -40]",-45.6231879,11.03997350737515,-44.736099922032295,10.577827656551769,11,behavior_084,-0.4621458508233811,35.98005484808234,1294.5643468710134
"(-40, -30]",-35.3528118,3.646997812277105,-35.051119515112475,16.133351454109793,10,behavior_084,12.486353641832688,1133.674818319054,1285218.5936907404
"(-30, -20]",-24.5127375,1.60011999570311,-24.984828069821933,11.814802858026042,10,behavior_084,10.214682862322931,1034.6107369296897,1070419.3769701954
"(-20, -10]",-14.62973805,-5.954104569439496,-14.652564197037751,7.544197328464962,10,behavior_084,13.498301897904458,1453.9129806578158,2113862.9553252943
"(-10, 0]",-3.46887202499999,-9.91567052953346,-6.979288376567183,-7.16000440072303,25,behavior_084,2.7556661288104296,306.19871190124485,93757.65116998155
"(0, 10]",5.03812620000001,-18.191934691485,4.931131602086992,-16.320570965077117,12,behavior_084,1.871363726407882,207.51536107883015,43062.62508367726
"(10, 20]",15.44703525,-19.2966096331278,14.371738951201092,-19.124574660383047,11,behavior_084,0.1720349727447541,18.45914552165173,340.74005338951514
"(20, 30]",25.0356285,-20.1180129941091,24.80575462733373,-18.81524801316166,9,behavior_084,1.3027649809474404,131.3980596714961,17265.45008543405
"(30, 40]",35.95858155,-16.672725789169398,35.13217005329357,-16.927225107826082,9,behavior_084,-0.2544993186566842,22.932182447163036,525.8849917899724
"(40, 50]",47.10268035,-12.1608318325397,45.299232515991655,-14.24850657835196,9,behavior_084,-2.0876747458122615,158.1915334541827,25024.561256585803
"(50, 60]",53.785143,1.50594210230876,56.44395651912126,-6.617839027202022,20,behavior_084,-8.123781129510782,534.2971380415582,285473.43171939993
"(-80, -70]",-71.42044770000001,5.18813709980144,-70.62195055402822,5.349260264866236,1,behavior_085,0.16112316506479551,5.714860664407858,32.65963241359623
"(-70, -60]",-66.15,-0.249539061038283,-64.88984488815481,-1.5465070353583386,10,behavior_085,-1.2969679743200555,58.378511658551766,3408.0506234676645
"(-60, -50]",-56.700000225,5.89424048556142,-54.9157338170603,1.415498116476058,12,behavior_085,-4.478742369085362,273.72828150415694,74927.17209521898
"(-50, -40]",-45.6231879,11.03997350737515,-44.736099922032295,10.577827656551769,11,behavior_085,-0.4621458508233811,35.98005484808234,1294.5643468710134
"(-40, -30]",-35.3528118,3.646997812277105,-35.051119515112475,16.133351454109793,10,behavior_085,12.486353641832688,1133.674818319054,1285218.5936907404
"(-30, -20]",-24.5127375,1.60011999570311,-24.984828069821933,11.814802858026042,10,behavior_085,10.214682862322931,1034.6107369296897,1070419.3769701954
"(-20, -10]",-14.62973805,-5.954104569439496,-14.652564197037751,7.544197328464962,10,behavior_085,13.498301897904458,1453.9129806578158,2113862.9553252943
"(-10, 0]",-3.46887202499999,-9.91567052953346,-6.979288376567183,-7.16000440072303,25,behavior_085,2.7556661288104296,306.19871190124485,93757.65116998155
"(0, 10]",5.03812620000001,-18.191934691485,4.931131602086992,-16.320570965077117,12,behavior_085,1.871363726407882,207.51536107883015,43062.62508367726
"(10, 20]",15.44703525,-19.2966096331278,14.371738951201092,-19.124574660383047,11,behavior_085,0.1720349727447541,18.45914552165173,340.74005338951514
"(20, 30]",25.0356285,-20.1180129941091,24.80575462733373,-18.81524801316166,9,behavior_085,1.3027649809474404,131.3980596714961,17265.45008543405
"(30, 40]",35.95858155,-16.672725789169398,35.13217005329357,-16.927225107826082,9,behavior_085,-0.2544993186566842,22.932182447163036,525.8849917899724
"(40, 50]",47.10268035,-12.1608318325397,45.299232515991655,-14.24850657835196,9,behavior_085,-2.0876747458122615,158.1915334541827,25024.561256585803
"(50, 60]",53.785143,1.50594210230876,56.44395651912126,-6.617839027202022,20,behavior_085,-8.123781129510782,534.2971380415582,285473.43171939993
"(-80, -70]",-71.42044770000001,5.18813709980144,-70.62195055402822,5.349260264866236,1,behavior_086,0.16112316506479551,5.714860664407858,32.65963241359623
"(-70, -60]",-66.15,-0.249539061038283,-64.88984488815481,-1.5465070353583386,10,behavior_086,-1.2969679743200555,58.378511658551766,3408.0506234676645
"(-60, -50]",-56.700000225,5.89424048556142,-54.9157338170603,1.415498116476058,12,behavior_086,-4.478742369085362,273.72828150415694,74927.17209521898
"(-50, -40]",-45.6231879,11.03997350737515,-44.736099922032295,10.577827656551769,11,behavior_086,-0.4621458508233811,35.98005484808234,1294.5643468710134
"(-40, -30]",-35.3528118,3.646997812277105,-35.051119515112475,16.133351454109793,10,behavior_086,12.486353641832688,1133.674818319054,1285218.5936907404
"(-30, -20]",-24.5127375,1.60011999570311,-24.984828069821933,11.814802858026042,10,behavior_086,10.214682862322931,1034.6107369296897,1070419.3769701954
"(-20, -10]",-14.62973805,-5.954104569439496,-14.652564197037751,7.544197328464962,10,behavior_086,13.498301897904458,1453.9129806578158,2113862.9553252943
"(-10, 0]",-3.46887202499999,-9.91567052953346,-6.979288376567183,-7.16000440072303,25,behavior_086,2.7556661288104296,306.19871190124485,93757.65116998155
"(0, 10]",5.03812620000001,-18.191934691485,3.533457234700141,-19.71741831421356,13,behavior_086,-1.5254836227285615,169.16074642421583,28615.35813079785
"(10, 20]",15.44703525,-19.2966096331278,14.889857017366243,-19.72878865935555,10,behavior_086,-0.4321790262277503,46.372289362234035,2150.389220694764
"(20, 30]",25.0356285,-20.1180129941091,24.80575462733373,-18.81524801316166,9,behavior_086,1.3027649809474404,131.3980596714961,17265.45008543405
"(30, 40]",35.95858155,-16.672725789169398,35.13217005329357,-16.927225107826082,9,behavior_086,-0.2544993186566842,22.932182447163036,525.8849917899724
"(40, 50]",47.10268035,-12.1608318325397,45.299232515991655,-14.24850657835196,9,behavior_086,-2.0876747458122615,158.1915334541827,25024.561256585803
"(50, 60]",53.785143,1.50594210230876,56.44395651912126,-6.617839027202022,20,behavior_086,-8.123781129510782,534.2971380415582,285473.43171939993
"(-80, -70]",-71.42044770000001,5.18813709980144,-70.62195055402822,5.349260264866236,1,behavior_087,0.16112316506479551,5.714860664407858,32.65963241359623
"(-70, -60]",-66.15,-0.249539061038283,-64.88984488815481,-1.5465070353583386,10,behavior_087,-1.2969679743200555,58.378511658551766,3408.0506234676645
"(-60, -50]",-56.700000225,5.89424048556142,-55.08066101544612,-7.994319355931565,9,behavior_087,-13.888559841492985,848.8301636237884,720512.6466775874
"(-50, -40]",-45.6231879,11.03997350737515,-45.419731265547576,-10.984348088940116,9,behavior_087,-22.024321596315268,1714.6887667938279,2940157.5669689383
"(-40, -30]",-35.3528118,3.646997812277105,-35.04836290451982,-13.213807527658236,9,behavior_087,-16.86080533993534,1530.844871029824,2343486.019158318
"(-30, -20]",-24.5127375,1.60011999570311,-24.64549821422348,-14.935346195997385,9,behavior_087,-16.535466191700493,1674.8215380404597,2805027.184284211
"(-20, -10]",-14.62973805,-5.954104569439496,-14.692557581405735,-16.824498283026013,10,behavior_087,-10.870393713586518,1170.8588713294478,1370910.4965708684
"(-10, 0]",-3.46887202499999,-9.91567052953346,-5.140179446860763,-18.737103839858555,10,behavior_087,-8.821433310325096,980.202749710575,960797.430540172
"(0, 10]",5.03812620000001,-18.191934691485,4.8918705960494515,-20.170103522713493,10,behavior_087,-1.9781688312284942,219.3589698755312,48118.3576648542
"(10, 20]",15.44703525,-19.2966096331278,14.889857017366243,-19.72878865935555,10,behavior_087,-0.4321790262277503,46.372289362234035,2150.389220694764
"(20, 30]",25.0356285,-20.1180129941091,24.80575462733373,-18.81524801316166,9,behavior_087,1.3027649809474404,131.3980596714961,17265.45008543405
"(30, 40]",35.95858155,-16.672725789169398,35.13217005329357,-16.927225107826082,9,behavior_087,-0.2544993186566842,22.932182447163036,525.8849917899724
"(40, 50]",47.10268035,-12.1608318325397,45.299232515991655,-14.24850657835196,9,behavior_087,-2.0876747458122615,158.1915334541827,25024.561256585803
"(50, 60]",53.785143,1.50594210230876,56.44395651912126,-6.617839027202022,20,behavior_087,-8.123781129510782,534.2971380415582,285473.43171939993
"(-80, -70]",-71.42044770000001,5.18813709980144,-70.62195055402822,5.349260264866236,1,behavior_088,0.16112316506479551,5.714860664407858,32.65963241359623
"(-70, -60]",-66.15,-0.249539061038283,-64.88984488815481,-1.5465070353583386,10,behavior_088,-1.2969679743200555,58.378511658551766,3408.0506234676645
"(-60, -50]",-56.700000225,5.89424048556142,-55.08066101544612,-7.994319355931565,9,behavior_088,-13.888559841492985,848.8301636237884,720512.6466775874
"(-50, -40]",-45.6231879,11.03997350737515,-45.419731265547576,-10.984348088940116,9,behavior_088,-22.024321596315268,1714.6887667938279,2940157.5669689383
"(-40, -30]",-35.3528118,3.646997812277105,-35.04836290451982,-13.213807527658236,9,behavior_088,-16.86080533993534,1530.844871029824,2343486.019158318
"(-30, -20]",-24.5127375,1.60011999570311,-24.64549821422348,-14.935346195997385,9,behavior_088,-16.535466191700493,1674.8215380404597,2805027.184284211
"(-20, -10]",-14.62973805,-5.954104569439496,-14.692557581405735,-16.824498283026013,10,behavior_088,-10.870393713586518,1170.8588713294478,1370910.4965708684
"(-10, 0]",-3.46887202499999,-9.91567052953346,-5.140179446860763,-18.737103839858555,10,behavior_088,-8.821433310325096,980.202749710575,960797.430540172
"(0, 10]",5.03812620000001,-18.191934691485,4.8918705960494515,-20.170103522713493,10,behavior_088,-1.9781688312284942,219.3589698755312,48118.3576648542
"(10, 20]",15.44703525,-19.2966096331278,14.889857017366243,-19.72878865935555,10,behavior_088,-0.4321790262277503,46.372289362234035,2150.389220694764
"(20, 30]",25.0356285,-20.1180129941091,24.80575462733373,-18.81524801316166,9,behavior_088,1.3027649809474404,131.3980596714961,17265.45008543405
"(30, 40]",35.95858155,-16.672725789169398,35.13217005329357,-16.927225107826082,9,behavior_088,-0.2544993186566842,22.932182447163036,525.8849917899724
"(40, 50]",47.10268035,-12.1608318325397,45.299232515991655,-14.24850657835196,9,behavior_088,-2.0876747458122615,158.1915334541827,25024.561256585803
"(50, 60]",53.785143,1.50594210230876,56.44395651912126,-6.617839027202022,20,behavior_088,-8.123781129510782,534.2971380415582,285473.43171939993
"(-80, -70]",-71.42044770000001,5.18813709980144,-70.62195055402822,5.349260264866236,1,behavior_089,0.16112316506479551,5.714860664407858,32.65963241359623
"(-70, -60]",-66.15,-0.249539061038283,-64.88984488815481,-1.5465070353583386,10,behavior_089,-1.2969679743200555,58.378511658551766,3408.0506234676645
"(-60, -50]",-56.700000225,5.89424048556142,-55.08066101544612,-7.994319355931565,9,behavior_089,-13.888559841492985,848.8301636237884,720512.6466775874
"(-50, -40]",-45.6231879,11.03997350737515,-45.419731265547576,-10.984348088940116,9,behavior_089,-22.024321596315268,1714.6887667938279,2940157.5669689383
"(-40, -30]",-35.3528118,3.646997812277105,-35.04836290451982,-13.213807527658236,9,behavior_089,-16.86080533993534,1530.844871029824,2343486.019158318
"(-30, -20]",-24.5127375,1.60011999570311,-24.64549821422348,-14.935346195997385,9,behavior_089,-16.535466191700493,1674.8215380404597,2805027.184284211
"(-20, -10]",-14.62973805,-5.954104569439496,-14.692557581405735,-16.824498283026013,10,behavior_089,-10.870393713586518,1170.8588713294478,1370910.4965708684
"(-10, 0]",-3.46887202499999,-9.91567052953346,-5.140179446860763,-18.737103839858555,10,behavior_089,-8.821433310325096,980.202749710575,960797.430540172
"(0, 10]",5.03812620000001,-18.191934691485,4.8918705960494515,-20.170103522713493,10,behavior_089,-1.9781688312284942,219.3589698755312,48118.3576648542
"(10, 20]",15.44703525,-19.2966096331278,14.889857017366243,-19.72878865935555,10,behavior_089,-0.4321790262277503,46.372289362234035,2150.389220694764
"(20, 30]",25.0356285,-20.1180129941091,24.80575462733373,-18.81524801316166,9,behavior_089,1.3027649809474404,131.3980596714961,17265.45008543405
"(30, 40]",35.95858155,-16.672725789169398,35.13217005329357,-16.927225107826082,9,behavior_089,-0.2544993186566842,22.932182447163036,525.8849917899724
"(40, 50]",47.10268035,-12.1608318325397,45.299232515991655,-14.24850657835196,9,behavior_089,-2.0876747458122615,158.1915334541827,25024.561256585803
"(50, 60]",53.785143,1.50594210230876,56.44395651912126,-6.617839027202022,20,behavior_089,-8.123781129510782,534.2971380415582,285473.43171939993
"(-80, -70]",-71.42044770000001,5.18813709980144,-70.62195055402822,5.349260264866236,1,behavior_090,0.16112316506479551,5.714860664407858,32.65963241359623
"(-70, -60]",-66.15,-0.249539061038283,-67.38646875799228,-15.099003583483912,14,behavior_090,-14.84946452244563,668.3971037922628,446754.6883578849
"(-60, -50]",-56.700000225,5.89424048556142,-54.94686993909407,-15.662445232847684,12,behavior_090,-21.556685718409106,1317.484697792597,1735765.9289176506
"(-50, -40]",-45.6231879,11.03997350737515,-42.688278425482046,-0.4718966123999023,19,behavior_090,-11.511870119775052,896.2489170368016,803262.1212896396
"(-40, -30]",-35.3528118,3.646997812277105,-35.45632398896109,14.952534767226458,11,behavior_090,11.305536954949353,1026.4648047819003,1053629.9954559447
"(-30, -20]",-24.5127375,1.60011999570311,-24.984828069821933,11.814802858026042,10,behavior_090,10.214682862322931,1034.6107369296897,1070419.3769701954
"(-20, -10]",-14.62973805,-5.954104569439496,-14.652564197037751,7.544197328464962,10,behavior_090,13.498301897904458,1453.9129806578158,2113862.9553252943
"(-10, 0]",-3.46887202499999,-9.91567052953346,-6.979288376567183,-7.16000440072303,25,behavior_090,2.7556661288104296,306.19871190124485,93757.65116998155
"(0, 10]",5.03812620000001,-18.191934691485,4.931131602086992,-16.320570965077117,12,behavior_090,1.871363726407882,207.51536107883015,43062.62508367726
"(10, 20]",15.44703525,-19.2966096331278,14.371738951201092,-19.124574660383047,11,behavior_090,0.1720349727447541,18.45914552165173,340.74005338951514
"(20, 30]",25.0356285,-20.1180129941091,24.80575462733373,-18.81524801316166,9,behavior_090,1.3027649809474404,131.3980596714961,17265.45008543405
"(30, 40]",35.95858155,-16.672725789169398,35.13217005329357,-16.927225107826082,9,behavior_090,-0.2544993186566842,22.932182447163036,525.8849917899724
"(40, 50]",47.10268035,-12.1608318325397,45.299232515991655,-14.24850657835196,9,behavior_090,-2.0876747458122615,158.1915334541827,25024.561256585803
"(50, 60]",53.785143,1.50594210230876,56.44395651912126,-6.617839027202022,20,behavior_090,-8.123781129510782,534.2971380415582,285473.43171939993
"(-80, -70]",-71.42044770000001,5.18813709980144,-70.62195055402822,5.349260264866236,1,behavior_091,0.16112316506479551,5.714860664407858,32.65963241359623
"(-70, -60]",-66.15,-0.249539061038283,-64.88984488815481,-1.5465070353583386,10,behavior_091,-1.2969679743200555,58.378511658551766,3408.0506234676645
"(-60, -50]",-56.700000225,5.89424048556142,-54.9157338170603,1.415498116476058,12,behavior_091,-4.478742369085362,273.72828150415694,74927.17209521898
"(-50, -40]",-45.6231879,11.03997350737515,-44.736099922032295,10.577827656551769,11,behavior_091,-0.4621458508233811,35.98005484808234,1294.5643468710134
"(-40, -30]",-35.3528118,3.646997812277105,-35.051119515112475,16.133351454109793,10,behavior_091,12.486353641832688,1133.674818319054,1285218.5936907404
"(-30, -20]",-24.5127375,1.60011999570311,-24.984828069821933,11.814802858026042,10,behavior_091,10.214682862322931,1034.6107369296897,1070419.3769701954
"(-20, -10]",-14.62973805,-5.954104569439496,-14.652564197037751,7.544197328464962,10,behavior_091,13.498301897904458,1453.9129806578158,2113862.9553252943
"(-10, 0]",-3.46887202499999,-9.91567052953346,-6.979288376567183,-7.16000440072303,25,behavior_091,2.7556661288104296,306.19871190124485,93757.65116998155
"(0, 10]",5.03812620000001,-18.191934691485,3.533457234700141,-19.71741831421356,13,behavior_091,-1.5254836227285615,169.16074642421583,28615.35813079785
"(10, 20]",15.44703525,-19.2966096331278,14.889857017366243,-19.72878865935555,10,behavior_091,-0.4321790262277503,46.372289362234035,2150.389220694764
"(20, 30]",25.0356285,-20.1180129941091,24.80575462733373,-18.81524801316166,9,behavior_091,1.3027649809474404,131.3980596714961,17265.45008543405
"(30, 40]",35.95858155,-16.672725789169398,35.13217005329357,-16.927225107826082,9,behavior_091,-0.2544993186566842,22.932182447163036,525.8849917899724
"(40, 50]",47.10268035,-12.1608318325397,45.299232515991655,-14.24850657835196,9,behavior_091,-2.0876747458122615,158.1915334541827,25024.561256585803
"(50, 60]",53.785143,1.50594210230876,56.44395651912126,-6.617839027202022,20,behavior_091,-8.123781129510782,534.2971380415582,285473.43171939993
"(-80, -70]",-71.42044770000001,5.18813709980144,-70.62195055402822,5.349260264866236,1,behavior_092,0.16112316506479551,5.714860664407858,32.65963241359623
"(-70, -60]",-66.15,-0.249539061038283,-64.88984488815481,-1.5465070353583386,10,behavior_092,-1.2969679743200555,58.378511658551766,3408.0506234676645
"(-60, -50]",-56.700000225,5.89424048556142,-54.9157338170603,1.415498116476058,12,behavior_092,-4.478742369085362,273.72828150415694,74927.17209521898
"(-50, -40]",-45.6231879,11.03997350737515,-44.736099922032295,10.577827656551769,11,behavior_092,-0.4621458508233811,35.98005484808234,1294.5643468710134
"(-40, -30]",-35.3528118,3.646997812277105,-35.051119515112475,16.133351454109793,10,behavior_092,12.486353641832688,1133.674818319054,1285218.5936907404
"(-30, -20]",-24.5127375,1.60011999570311,-24.984828069821933,11.814802858026042,10,behavior_092,10.214682862322931,1034.6107369296897,1070419.3769701954
"(-20, -10]",-14.62973805,-5.954104569439496,-14.652564197037751,7.544197328464962,10,behavior_092,13.498301897904458,1453.9129806578158,2113862.9553252943
"(-10, 0]",-3.46887202499999,-9.91567052953346,-6.979288376567183,-7.16000440072303,25,behavior_092,2.7556661288104296,306.19871190124485,93757.65116998155
"(0, 10]",5.03812620000001,-18.191934691485,3.533457234700141,-19.71741831421356,13,behavior_092,-1.5254836227285615,169.16074642421583,28615.35813079785
"(10, 20]",15.44703525,-19.2966096331278,14.889857017366243,-19.72878865935555,10,behavior_092,-0.4321790262277503,46.372289362234035,2150.389220694764
"(20, 30]",25.0356285,-20.1180129941091,24.80575462733373,-18.81524801316166,9,behavior_092,1.3027649809474404,131.3980596714961,17265.45008543405
"(30, 40]",35.95858155,-16.672725789169398,35.13217005329357,-16.927225107826082,9,behavior_092,-0.2544993186566842,22.932182447163036,525.8849917899724
"(40, 50]",47.10268035,-12.1608318325397,45.299232515991655,-14.24850657835196,9,behavior_092,-2.0876747458122615,158.1915334541827,25024.561256585803
"(50, 60]",53.785143,1.50594210230876,56.44395651912126,-6.617839027202022,20,behavior_092,-8.123781129510782,534.2971380415582,285473.43171939993
"(-80, -70]",-71.42044770000001,5.18813709980144,-70.62195055402822,5.349260264866236,1,behavior_093,0.16112316506479551,5.714860664407858,32.65963241359623
"(-70, -60]",-66.15,-0.249539061038283,-64.88984488815481,-1.5465070353583386,10,behavior_093,-1.2969679743200555,58.378511658551766,3408.0506234676645
"(-60, -50]",-56.700000225,5.89424048556142,-55.31530061131777,0.7750707447490864,11,behavior_093,-5.119169740812334,312.86942190577554,97887.27516365418
"(-50, -40]",-45.6231879,11.03997350737515,-45.525400517689945,8.127989318455269,11,behavior_093,-2.911984188919881,226.7105733988884,51397.684090852774
"(-40, -30]",-35.3528118,3.646997812277105,-35.45632398896109,14.952534767226458,11,behavior_093,11.305536954949353,1026.4648047819003,1053629.9954559447
"(-30, -20]",-24.5127375,1.60011999570311,-24.984828069821933,11.814802858026042,10,behavior_093,10.214682862322931,1034.6107369296897,1070419.3769701954
"(-20, -10]",-14.62973805,-5.954104569439496,-14.652564197037751,7.544197328464962,10,behavior_093,13.498301897904458,1453.9129806578158,2113862.9553252943
"(-10, 0]",-3.46887202499999,-9.91567052953346,-6.979288376567183,-7.16000440072303,25,behavior_093,2.7556661288104296,306.19871190124485,93757.65116998155
"(0, 10]",5.03812620000001,-18.191934691485,3.533457234700141,-19.71741831421356,13,behavior_093,-1.5254836227285615,169.16074642421583,28615.35813079785
"(10, 20]",15.44703525,-19.2966096331278,14.889857017366243,-19.72878865935555,10,behavior_093,-0.4321790262277503,46.372289362234035,2150.389220694764
"(20, 30]",25.0356285,-20.1180129941091,24.80575462733373,-18.81524801316166,9,behavior_093,1.3027649809474404,131.3980596714961,17265.45008543405
"(30, 40]",35.95858155,-16.672725789169398,35.13217005329357,-16.927225107826082,9,behavior_093,-0.2544993186566842,22.932182447163036,525.8849917899724
"(40, 50]",47.10268035,-12.1608318325397,45.299232515991655,-14.24850657835196,9,behavior_093,-2.0876747458122615,158.1915334541827,25024.561256585803
"(50, 60]",53.785143,1.50594210230876,56.44395651912126,-6.617839027202022,20,behavior_093,-8.123781129510782,534.2971380415582,285473.43171939993
"(-80, -70]",-71.42044770000001,5.18813709980144,-70.62195055402822,5.349260264866236,1,behavior_094,0.16112316506479551,5.714860664407858,32.65963241359623
"(-70, -60]",-66.15,-0.249539061038283,-64.88984488815481,-1.5465070353583386,10,behavior_094,-1.2969679743200555,58.378511658551766,3408.0506234676645
"(-60, -50]",-56.700000225,5.89424048556142,-55.08066101544612,-7.994319355931565,9,behavior_094,-13.888559841492985,848.8301636237884,720512.6466775874
"(-50, -40]",-45.6231879,11.03997350737515,-44.855496321416425,-10.643003450441629,10,behavior_094,-21.682976957816777,1688.113609203658,2849727.5575786005
"(-40, -30]",-35.3528118,3.646997812277105,-34.88897535307018,-11.980319247532815,8,behavior_094,-15.62731705980992,1418.8526399924992,2013142.8140136846
"(-30, -20]",-24.5127375,1.60011999570311,-25.06543645252785,-13.749315006751306,9,behavior_094,-15.349435002454417,1554.6924435529947,2417068.5940407817
"(-20, -10]",-14.62973805,-5.954104569439496,-14.749954586353766,-15.320296675291655,10,behavior_094,-9.366192105852159,1008.8401033723569,1017758.3541723478
"(-10, 0]",-3.46887202499999,-9.91567052953346,-5.683114054388631,-18.729718166437248,11,behavior_094,-8.814047636903789,979.382082916262,959189.2643373959
"(0, 10]",5.03812620000001,-18.191934691485,4.8918705960494515,-20.170103522713493,10,behavior_094,-1.9781688312284942,219.3589698755312,48118.3576648542
"(10, 20]",15.44703525,-19.2966096331278,14.889857017366243,-19.72878865935555,10,behavior_094,-0.4321790262277503,46.372289362234035,2150.389220694764
"(20, 30]",25.0356285,-20.1180129941091,24.80575462733373,-18.81524801316166,9,behavior_094,1.3027649809474404,131.3980596714961,17265.45008543405
"(30, 40]",35.95858155,-16.672725789169398,35.13217005329357,-16.927225107826082,9,behavior_094,-0.2544993186566842,22.932182447163036,525.8849917899724
"(40, 50]",47.10268035,-12.1608318325397,45.299232515991655,-14.24850657835196,9,behavior_094,-2.0876747458122615,158.1915334541827,25024.561256585803
"(50, 60]",53.785143,1.50594210230876,56.44395651912126,-6.617839027202022,20,behavior_094,-8.123781129510782,534.2971380415582,285473.43171939993
"(-80, -70]",-71.42044770000001,5.18813709980144,-70.62195055402822,5.349260264866236,1,behavior_095,0.16112316506479551,5.714860664407858,32.65963241359623
"(-70, -60]",-66.15,-0.249539061038283,-64.88984488815481,-1.5465070353583386,10,behavior_095,-1.2969679743200555,58.378511658551766,3408.0506234676645
"(-60, -50]",-56.700000225,5.89424048556142,-55.08066101544612,-7.994319355931565,9,behavior_095,-13.888559841492985,848.8301636237884,720512.6466775874
"(-50, -40]",-45.6231879,11.03997350737515,-45.419731265547576,-10.984348088940116,9,behavior_095,-22.024321596315268,1714.6887667938279,2940157.5669689383
"(-40, -30]",-35.3528118,3.646997812277105,-35.04836290451982,-13.213807527658236,9,behavior_095,-16.86080533993534,1530.844871029824,2343486.019158318
"(-30, -20]",-24.5127375,1.60011999570311,-24.64549821422348,-14.935346195997385,9,behavior_095,-16.535466191700493,1674.8215380404597,2805027.184284211
"(-20, -10]",-14.62973805,-5.954104569439496,-14.692557581405735,-16.824498283026013,10,behavior_095,-10.870393713586518,1170.8588713294478,1370910.4965708684
"(-10, 0]",-3.46887202499999,-9.91567052953346,-5.140179446860763,-18.737103839858555,10,behavior_095,-8.821433310325096,980.202749710575,960797.430540172
"(0, 10]",5.03812620000001,-18.191934691485,4.8918705960494515,-20.170103522713493,10,behavior_095,-1.9781688312284942,219.3589698755312,48118.3576648542
"(10, 20]",15.44703525,-19.2966096331278,14.889857017366243,-19.72878865935555,10,behavior_095,-0.4321790262277503,46.372289362234035,2150.389220694764
"(20, 30]",25.0356285,-20.1180129941091,24.80575462733373,-18.81524801316166,9,behavior_095,1.3027649809474404,131.3980596714961,17265.45008543405
"(30, 40]",35.95858155,-16.672725789169398,35.13217005329357,-16.927225107826082,9,behavior_095,-0.2544993186566842,22.932182447163036,525.8849917899724
"(40, 50]",47.10268035,-12.1608318325397,45.299232515991655,-14.24850657835196,9,behavior_095,-2.0876747458122615,158.1915334541827,25024.561256585803
"(50, 60]",53.785143,1.50594210230876,56.44395651912126,-6.617839027202022,20,behavior_095,-8.123781129510782,534.2971380415582,285473.43171939993
"(-80, -70]",-71.42044770000001,5.18813709980144,-70.62195055402822,5.349260264866236,1,behavior_096,0.16112316506479551,5.714860664407858,32.65963241359623
"(-70, -60]",-66.15,-0.249539061038283,-67.38646875799228,-15.099003583483912,14,behavior_096,-14.84946452244563,668.3971037922628,446754.6883578849
"(-60, -50]",-56.700000225,5.89424048556142,-54.94686993909407,-15.662445232847684,12,behavior_096,-21.556685718409106,1317.484697792597,1735765.9289176506
"(-50, -40]",-45.6231879,11.03997350737515,-42.44012452352031,-0.4718966123999023,19,behavior_096,-11.511870119775052,896.2489170368016,803262.1212896396
"(-40, -30]",-35.3528118,3.646997812277105,-35.45632398896109,14.952534767226458,11,behavior_096,11.305536954949353,1026.4648047819003,1053629.9954559447
"(-30, -20]",-24.5127375,1.60011999570311,-24.984828069821933,11.814802858026042,10,behavior_096,10.214682862322931,1034.6107369296897,1070419.3769701954
"(-20, -10]",-14.62973805,-5.954104569439496,-14.652564197037751,7.544197328464962,10,behavior_096,13.498301897904458,1453.9129806578158,2113862.9553252943
"(-10, 0]",-3.46887202499999,-9.91567052953346,-6.979288376567183,-7.16000440072303,25,behavior_096,2.7556661288104296,306.19871190124485,93757.65116998155
"(0, 10]",5.03812620000001,-18.191934691485,3.533457234700141,-19.71741831421356,13,behavior_096,-1.5254836227285615,169.16074642421583,28615.35813079785
"(10, 20]",15.44703525,-19.2966096331278,14.889857017366243,-19.72878865935555,10,behavior_096,-0.4321790262277503,46.372289362234035,2150.389220694764
"(20, 30]",25.0356285,-20.1180129941091,24.80575462733373,-18.81524801316166,9,behavior_096,1.3027649809474404,131.3980596714961,17265.45008543405
"(30, 40]",35.95858155,-16.672725789169398,35.13217005329357,-16.927225107826082,9,behavior_096,-0.2544993186566842,22.932182447163036,525.8849917899724
"(40, 50]",47.10268035,-12.1608318325397,45.299232515991655,-14.24850657835196,9,behavior_096,-2.0876747458122615,158.1915334541827,25024.561256585803
"(50, 60]",53.785143,1.50594210230876,56.412734238637356,-6.617839027202022,20,behavior_096,-8.123781129510782,534.2971380415582,285473.43171939993
"(-80, -70]",-71.42044770000001,5.18813709980144,-70.62195055402822,5.349260264866236,1,behavior_097,0.16112316506479551,5.714860664407858,32.65963241359623
"(-70, -60]",-66.15,-0.249539061038283,-67.05136830184756,-10.008548180188619,12,behavior_097,-9.759009119150337,439.2679225074225,192956.30774398692
"(-60, -50]",-56.700000225,5.89424048556142,-55.37937926738891,-6.151893883454068,13,behavior_097,-12.046134369015489,736.2262411785371,542029.0781998774
"(-50, -40]",-45.6231879,11.03997350737515,-45.525400517689945,8.127989318455269,11,behavior_097,-2.911984188919881,226.7105733988884,51397.684090852774
"(-40, -30]",-35.3528118,3.646997812277105,-35.45632398896109,14.952534767226458,11,behavior_097,11.305536954949353,1026.4648047819003,1053629.9954559447
"(-30, -20]",-24.5127375,1.60011999570311,-24.984828069821933,11.814802858026042,10,behavior_097,10.214682862322931,1034.6107369296897,1070419.3769701954
"(-20, -10]",-14.62973805,-5.954104569439496,-14.652564197037751,7.544197328464962,10,behavior_097,13.498301897904458,1453.9129806578158,2113862.9553252943
"(-10, 0]",-3.46887202499999,-9.91567052953346,-6.979288376567183,-7.16000440072303,25,behavior_097,2.7556661288104296,306.19871190124485,93757.65116998155
"(0, 10]",5.03812620000001,-18.191934691485,3.533457234700141,-19.71741831421356,13,behavior_097,-1.5254836227285615,169.16074642421583,28615.35813079785
"(10, 20]",15.44703525,-19.2966096331278,14.889857017366243,-19.72878865935555,10,behavior_097,-0.4321790262277503,46.372289362234035,2150.389220694764
"(20, 30]",25.0356285,-20.1180129941091,24.80575462733373,-18.81524801316166,9,behavior_097,1.3027649809474404,131.3980596714961,17265.45008543405
"(30, 40]",35.95858155,-16.672725789169398,35.13217005329357,-16.927225107826082,9,behavior_097,-0.2544993186566842,22.932182447163036,525.8849917899724
"(40, 50]",47.10268035,-12.1608318325397,45.299232515991655,-14.24850657835196,9,behavior_097,-2.0876747458122615,158.1915334541827,25024.561256585803
"(50, 60]",53.785143,1.50594210230876,56.412734238637356,-6.617839027202022,20,behavior_097,-8.123781129510782,534.2971380415582,285473.43171939993
"(-80, -70]",-71.42044770000001,5.18813709980144,-70.62195055402822,5.349260264866236,1,behavior_098,0.16112316506479551,5.714860664407858,32.65963241359623
"(-70, -60]",-66.15,-0.249539061038283,-64.88984488815481,-1.5465070353583386,10,behavior_098,-1.2969679743200555,58.378511658551766,3408.0506234676645
"(-60, -50]",-56.700000225,5.89424048556142,-55.31530061131777,0.7750707447490864,11,behavior_098,-5.119169740812334,312.86942190577554,97887.27516365418
"(-50, -40]",-45.6231879,11.03997350737515,-45.525400517689945,7.579995917590878,11,behavior_098,-3.4599775897842715,269.3742316019416,72562.47665113646
"(-40, -30]",-35.3528118,3.646997812277105,-35.45632398896109,14.952534767226458,11,behavior_098,11.305536954949353,1026.4648047819003,1053629.9954559447
"(-30, -20]",-24.5127375,1.60011999570311,-24.984828069821933,11.814802858026042,10,behavior_098,10.214682862322931,1034.6107369296897,1070419.3769701954
"(-20, -10]",-14.62973805,-5.954104569439496,-14.652564197037751,7.544197328464962,10,behavior_098,13.498301897904458,1453.9129806578158,2113862.9553252943
"(-10, 0]",-3.46887202499999,-9.91567052953346,-6.979288376567183,-7.16000440072303,25,behavior_098,2.7556661288104296,306.19871190124485,93757.65116998155
"(0, 10]",5.03812620000001,-18.191934691485,3.533457234700141,-19.71741831421356,13,behavior_098,-1.5254836227285615,169.16074642421583,28615.35813079785
"(10, 20]",15.44703525,-19.2966096331278,14.889857017366243,-19.72878865935555,10,behavior_098,-0.4321790262277503,46.372289362234035,2150.389220694764
"(20, 30]",25.0356285,-20.1180129941091,24.80575462733373,-18.81524801316166,9,behavior_098,1.3027649809474404,131.3980596714961,17265.45008543405
"(30, 40]",35.95858155,-16.672725789169398,35.13217005329357,-16.927225107826082,9,behavior_098,-0.2544993186566842,22.932182447163036,525.8849917899724
"(40, 50]",47.10268035,-12.1608318325397,45.299232515991655,-14.24850657835196,9,behavior_098,-2.0876747458122615,158.1915334541827,25024.561256585803
"(50, 60]",53.785143,1.50594210230876,56.412734238637356,-6.617839027202022,20,behavior_098,-8.123781129510782,534.2971380415582,285473.43171939993
"(-80, -70]",-71.42044770000001,5.18813709980144,-70.62195055402822,5.349260264866236,1,behavior_099,0.16112316506479551,5.714860664407858,32.65963241359623
"(-70, -60]",-66.15,-0.249539061038283,-64.88984488815481,-1.5465070353583386,10,behavior_099,-1.2969679743200555,58.378511658551766,3408.0506234676645
"(-60, -50]",-56.700000225,5.89424048556142,-55.08066101544612,-7.994319355931565,9,behavior_099,-13.888559841492985,848.8301636237884,720512.6466775874
"(-50, -40]",-45.6231879,11.03997350737515,-44.855496321416425,-10.056790519128654,10,behavior_099,-21.096764026503806,1642.4743951249911,2697722.1386412056
"(-40, -30]",-35.3528118,3.646997812277105,-35.11343282676245,-9.395215149987235,9,behavior_099,-13.04221296226434,1184.1430120109328,1402194.6728943242
"(-30, -20]",-24.5127375,1.60011999570311,-24.74766985253937,-11.55459463194176,9,behavior_099,-13.15471462764487,1332.3966273302742,1775280.7725210895
"(-20, -10]",-14.62973805,-5.954104569439496,-14.793839041158185,-13.807067287162084,10,behavior_099,-7.852962717722589,845.8489459100972,715460.4392972225
"(-10, 0]",-3.46887202499999,-9.91567052953346,-5.943053216752054,-18.294326958354723,12,behavior_099,-8.378656428821264,931.0031353746214,866766.8380773755
"(0, 10]",5.03812620000001,-18.191934691485,4.8918705960494515,-20.170103522713493,10,behavior_099,-1.9781688312284942,219.3589698755312,48118.3576648542
"(10, 20]",15.44703525,-19.2966096331278,14.889857017366243,-19.72878865935555,10,behavior_099,-0.4321790262277503,46.372289362234035,2150.389220694764
"(20, 30]",25.0356285,-20.1180129941091,24.80575462733373,-18.81524801316166,9,behavior_099,1.3027649809474404,131.3980596714961,17265.45008543405
"(30, 40]",35.95858155,-16.672725789169398,35.13217005329357,-16.927225107826082,9,behavior_099,-0.2544993186566842,22.932182447163036,525.8849917899724
"(40, 50]",47.10268035,-12.1608318325397,45.299232515991655,-14.24850657835196,9,behavior_099,-2.0876747458122615,158.1915334541827,25024.561256585803
"(50, 60]",53.785143,1.50594210230876,56.412734238637356,-6.617839027202022,20,behavior_099,-8.123781129510782,534.2971380415582,285473.43171939993
"(-80, -70]",-71.42044770000001,5.18813709980144,-70.62195055402822,5.349260264866236,1,behavior_100,0.16112316506479551,5.714860664407858,32.65963241359623
"(-70, -60]",-66.15,-0.249539061038283,-64.88984488815481,-1.5465070353583386,10,behavior_100,-1.2969679743200555,58.378511658551766,3408.0506234676645
"(-60, -50]",-56.700000225,5.89424048556142,-55.08066101544612,-7.994319355931565,9,behavior_100,-13.888559841492985,848.8301636237884,720512.6466775874
"(-50, -40]",-45.6231879,11.03997350737515,-44.855496321416425,-10.643003450441629,10,behavior_100,-21.682976957816777,1688.113609203658,2849727.5575786005
"(-40, -30]",-35.3528118,3.646997812277105,-34.88897535307018,-11.980319247532815,8,behavior_100,-15.62731705980992,1418.8526399924992,2013142.8140136846
"(-30, -20]",-24.5127375,1.60011999570311,-25.06543645252785,-13.749315006751306,9,behavior_100,-15.349435002454417,1554.6924435529947,2417068.5940407817
"(-20, -10]",-14.62973805,-5.954104569439496,-14.749954586353766,-15.320296675291655,10,behavior_100,-9.366192105852159,1008.8401033723569,1017758.3541723478
"(-10, 0]",-3.46887202499999,-9.91567052953346,-5.683114054388631,-18.729718166437248,11,behavior_100,-8.814047636903789,979.382082916262,959189.2643373959
"(0, 10]",5.03812620000001,-18.191934691485,4.8918705960494515,-20.170103522713493,10,behavior_100,-1.9781688312284942,219.3589698755312,48118.3576648542
"(10, 20]",15.44703525,-19.2966096331278,14.889857017366243,-19.72878865935555,10,behavior_100,-0.4321790262277503,46.372289362234035,2150.389220694764
"(20, 30]",25.0356285,-20.1180129941091,24.80575462733373,-18.81524801316166,9,behavior_100,1.3027649809474404,131.3980596714961,17265.45008543405
"(30, 40]",35.95858155,-16.672725789169398,35.13217005329357,-16.927225107826082,9,behavior_100,-0.2544993186566842,22.932182447163036,525.8849917899724
"(40, 50]",47.10268035,-12.1608318325397,45.299232515991655,-14.24850657835196,9,behavior_100,-2.0876747458122615,158.1915334541827,25024.561256585803
"(50, 60]",53.785143,1.50594210230876,56.412734238637356,-6.617839027202022,20,behavior_100,-8.123781129510782,534.2971380415582,285473.43171939993
"(-80, -70]",-71.42044770000001,5.18813709980144,-70.62195055402822,5.349260264866236,1,behavior_101,0.16112316506479551,5.714860664407858,32.65963241359623
"(-70, -60]",-66.15,-0.249539061038283,-67.38646875799228,-15.099003583483912,14,behavior_101,-14.84946452244563,668.3971037922628,446754.6883578849
"(-60, -50]",-56.700000225,5.89424048556142,-54.94686993909407,-15.662445232847684,12,behavior_101,-21.556685718409106,1317.484697792597,1735765.9289176506
"(-50, -40]",-45.6231879,11.03997350737515,-42.44012452352031,-0.4718966123999023,19,behavior_101,-11.511870119775052,896.2489170368016,803262.1212896396
"(-40, -30]",-35.3528118,3.646997812277105,-35.45632398896109,14.952534767226458,11,behavior_101,11.305536954949353,1026.4648047819003,1053629.9954559447
"(-30, -20]",-24.5127375,1.60011999570311,-24.984828069821933,11.814802858026042,10,behavior_101,10.214682862322931,1034.6107369296897,1070419.3769701954
"(-20, -10]",-14.62973805,-5.954104569439496,-14.652564197037751,7.544197328464962,10,behavior_101,13.498301897904458,1453.9129806578158,2113862.9553252943
"(-10, 0]",-3.46887202499999,-9.91567052953346,-6.979288376567183,-7.16000440072303,25,behavior_101,2.7556661288104296,306.19871190124485,93757.65116998155
"(0, 10]",5.03812620000001,-18.191934691485,3.533457234700141,-19.71741831421356,13,behavior_101,-1.5254836227285615,169.16074642421583,28615.35813079785
"(10, 20]",15.44703525,-19.2966096331278,14.889857017366243,-19.72878865935555,10,behavior_101,-0.4321790262277503,46.372289362234035,2150.389220694764
"(20, 30]",25.0356285,-20.1180129941091,24.80575462733373,-18.81524801316166,9,behavior_101,1.3027649809474404,131.3980596714961,17265.45008543405
"(30, 40]",35.95858155,-16.672725789169398,35.13217005329357,-16.927225107826082,9,behavior_101,-0.2544993186566842,22.932182447163036,525.8849917899724
"(40, 50]",47.10268035,-12.1608318325397,45.299232515991655,-14.24850657835196,9,behavior_101,-2.0876747458122615,158.1915334541827,25024.561256585803
"(50, 60]",53.785143,1.50594210230876,56.412734238637356,-6.617839027202022,20,behavior_101,-8.123781129510782,534.2971380415582,285473.43171939993
"(-80, -70]",-71.42044770000001,5.18813709980144,-70.62195055402822,5.349260264866236,1,behavior_102,0.16112316506479551,5.714860664407858,32.65963241359623
"(-70, -60]",-66.15,-0.249539061038283,-67.05136830184756,-10.008548180188619,12,behavior_102,-9.759009119150337,439.2679225074225,192956.30774398692
"(-60, -50]",-56.700000225,5.89424048556142,-55.37937926738891,-6.151893883454068,13,behavior_102,-12.046134369015489,736.2262411785371,542029.0781998774
"(-50, -40]",-45.6231879,11.03997350737515,-45.525400517689945,7.579995917590878,11,behavior_102,-3.4599775897842715,269.3742316019416,72562.47665113646
"(-40, -30]",-35.3528118,3.646997812277105,-35.45632398896109,14.952534767226458,11,behavior_102,11.305536954949353,1026.4648047819003,1053629.9954559447
"(-30, -20]",-24.5127375,1.60011999570311,-24.984828069821933,11.814802858026042,10,behavior_102,10.214682862322931,1034.6107369296897,1070419.3769701954
"(-20, -10]",-14.62973805,-5.954104569439496,-14.652564197037751,7.544197328464962,10,behavior_102,13.498301897904458,1453.9129806578158,2113862.9553252943
"(-10, 0]",-3.46887202499999,-9.91567052953346,-6.979288376567183,-7.16000440072303,25,behavior_102,2.7556661288104296,306.19871190124485,93757.65116998155
"(0, 10]",5.03812620000001,-18.191934691485,3.533457234700141,-19.71741831421356,13,behavior_102,-1.5254836227285615,169.16074642421583,28615.35813079785
"(10, 20]",15.44703525,-19.2966096331278,14.889857017366243,-19.72878865935555,10,behavior_102,-0.4321790262277503,46.372289362234035,2150.389220694764
"(20, 30]",25.0356285,-20.1180129941091,24.80575462733373,-18.81524801316166,9,behavior_102,1.3027649809474404,131.3980596714961,17265.45008543405
"(30, 40]",35.95858155,-16.672725789169398,35.13217005329357,-16.927225107826082,9,behavior_102,-0.2544993186566842,22.932182447163036,525.8849917899724
"(40, 50]",47.10268035,-12.1608318325397,45.299232515991655,-14.24850657835196,9,behavior_102,-2.0876747458122615,158.1915334541827,25024.561256585803
"(50, 60]",53.785143,1.50594210230876,56.412734238637356,-6.617839027202022,20,behavior_102,-8.123781129510782,534.2971380415582,285473.43171939993
"(-80, -70]",-71.42044770000001,5.18813709980144,-70.62195055402822,5.349260264866236,1,behavior_103,0.16112316506479551,5.714860664407858,32.65963241359623
"(-70, -60]",-66.15,-0.249539061038283,-64.88984488815481,-1.5465070353583386,10,behavior_103,-1.2969679743200555,58.378511658551766,3408.0506234676645
"(-60, -50]",-56.700000225,5.89424048556142,-54.90106649603924,-2.912567355739416,11,behavior_103,-8.806807841300836,538.2476099934531,289710.4896636644
"(-50, -40]",-45.6231879,11.03997350737515,-45.38946312588267,7.139088172469722,11,behavior_103,-3.9008853349054275,303.70080799365786,92234.18077600063
"(-40, -30]",-35.3528118,3.646997812277105,-35.45632398896109,14.952534767226458,11,behavior_103,11.305536954949353,1026.4648047819003,1053629.9954559447
"(-30, -20]",-24.5127375,1.60011999570311,-24.984828069821933,11.814802858026042,10,behavior_103,10.214682862322931,1034.6107369296897,1070419.3769701954
"(-20, -10]",-14.62973805,-5.954104569439496,-14.652564197037751,7.544197328464962,10,behavior_103,13.498301897904458,1453.9129806578158,2113862.9553252943
"(-10, 0]",-3.46887202499999,-9.91567052953346,-6.979288376567183,-7.16000440072303,25,behavior_103,2.7556661288104296,306.19871190124485,93757.65116998155
"(0, 10]",5.03812620000001,-18.191934691485,3.533457234700141,-19.71741831421356,13,behavior_103,-1.5254836227285615,169.16074642421583,28615.35813079785
"(10, 20]",15.44703525,-19.2966096331278,14.889857017366243,-19.72878865935555,10,behavior_103,-0.4321790262277503,46.372289362234035,2150.389220694764
"(20, 30]",25.0356285,-20.1180129941091,24.80575462733373,-18.81524801316166,9,behavior_103,1.3027649809474404,131.3980596714961,17265.45008543405
"(30, 40]",35.95858155,-16.672725789169398,35.13217005329357,-16.927225107826082,9,behavior_103,-0.2544993186566842,22.932182447163036,525.8849917899724
"(40, 50]",47.10268035,-12.1608318325397,45.299232515991655,-14.24850657835196,9,behavior_103,-2.0876747458122615,158.1915334541827,25024.561256585803
"(50, 60]",53.785143,1.50594210230876,56.412734238637356,-6.617839027202022,20,behavior_103,-8.123781129510782,534.2971380415582,285473.43171939993
"(-80, -70]",-71.42044770000001,5.18813709980144,-70.44701072825211,0.2231550420016385,4,behavior_104,-4.964982057799801,176.1024285378221,31012.065336918742
"(-70, -60]",-66.15,-0.249539061038283,-64.82009292136561,-11.058870306076397,10,behavior_104,-10.809331245038114,486.54452739315224,236725.57713622585
"(-60, -50]",-56.700000225,5.89424048556142,-55.087715822576214,-10.558265459493855,10,behavior_104,-16.452505945055275,1005.531421021791,1011093.4386621022
"(-50, -40]",-45.6231879,11.03997350737515,-44.855496321416425,-10.056790519128654,10,behavior_104,-21.096764026503806,1642.4743951249911,2697722.1386412056
"(-40, -30]",-35.3528118,3.646997812277105,-35.11343282676245,-9.395215149987235,9,behavior_104,-13.04221296226434,1184.1430120109328,1402194.6728943242
"(-30, -20]",-24.5127375,1.60011999570311,-24.74766985253937,-11.55459463194176,9,behavior_104,-13.15471462764487,1332.3966273302742,1775280.7725210895
"(-20, -10]",-14.62973805,-5.954104569439496,-14.793839041158185,-13.807067287162084,10,behavior_104,-7.852962717722589,845.8489459100972,715460.4392972225
"(-10, 0]",-3.46887202499999,-9.91567052953346,-5.683114054388631,-18.729718166437248,13,behavior_104,-8.814047636903789,979.382082916262,959189.2643373959
"(0, 10]",5.03812620000001,-18.191934691485,4.937530669447581,-21.050702486825433,10,behavior_104,-2.858767795340434,317.0085125190138,100494.39700951772
"(10, 20]",15.44703525,-19.2966096331278,14.889857017366243,-19.72878865935555,10,behavior_104,-0.4321790262277503,46.372289362234035,2150.389220694764
"(20, 30]",25.0356285,-20.1180129941091,24.80575462733373,-18.81524801316166,9,behavior_104,1.3027649809474404,131.3980596714961,17265.45008543405
"(30, 40]",35.95858155,-16.672725789169398,35.13217005329357,-16.927225107826082,9,behavior_104,-0.2544993186566842,22.932182447163036,525.8849917899724
"(40, 50]",47.10268035,-12.1608318325397,45.299232515991655,-14.24850657835196,9,behavior_104,-2.0876747458122615,158.1915334541827,25024.561256585803
"(50, 60]",53.785143,1.50594210230876,56.412734238637356,-6.617839027202022,20,behavior_104,-8.123781129510782,534.2971380415582,285473.43171939993
"(-80, -70]",-71.42044770000001,5.18813709980144,-70.62195055402822,5.349260264866236,1,behavior_105,0.16112316506479551,5.714860664407858,32.65963241359623
"(-70, -60]",-66.15,-0.249539061038283,-64.88984488815481,-1.5465070353583386,10,behavior_105,-1.2969679743200555,58.378511658551766,3408.0506234676645
"(-60, -50]",-56.700000225,5.89424048556142,-54.9157338170603,1.415498116476058,12,behavior_105,-4.478742369085362,273.72828150415694,74927.17209521898
"(-50, -40]",-45.6231879,11.03997350737515,-44.82255221216329,12.05804840313867,11,behavior_105,1.0180748957635206,79.2615372912355,6282.391293769915
"(-40, -30]",-35.3528118,3.646997812277105,-35.051119515112475,16.69315270284082,10,behavior_105,13.046154890563715,1184.5009119212516,1403042.4103422766
"(-30, -20]",-24.5127375,1.60011999570311,-24.984828069821933,11.814802858026042,10,behavior_105,10.214682862322931,1034.6107369296897,1070419.3769701954
"(-20, -10]",-14.62973805,-5.954104569439496,-14.652564197037751,7.544197328464962,10,behavior_105,13.498301897904458,1453.9129806578158,2113862.9553252943
"(-10, 0]",-3.46887202499999,-9.91567052953346,-6.979288376567183,-7.16000440072303,25,behavior_105,2.7556661288104296,306.19871190124485,93757.65116998155
"(0, 10]",5.03812620000001,-18.191934691485,4.413503593494211,-16.311633984735664,11,behavior_105,1.8803007067493347,208.50638205264735,43474.91135668454
"(10, 20]",15.44703525,-19.2966096331278,14.141544876140044,-17.275014160559007,11,behavior_105,2.0215954725687943,216.91476110166437,47052.013583792126
"(20, 30]",25.0356285,-20.1180129941091,24.24251390909328,-18.748839965232705,10,behavior_105,1.3691730288763964,138.09603572400758,19070.515082686376
"(30, 40]",35.95858155,-16.672725789169398,35.13217005329357,-16.927225107826082,9,behavior_105,-0.2544993186566842,22.932182447163036,525.8849917899724
"(40, 50]",47.10268035,-12.1608318325397,45.299232515991655,-14.24850657835196,9,behavior_105,-2.0876747458122615,158.1915334541827,25024.561256585803
"(50, 60]",53.785143,1.50594210230876,56.44395651912126,-6.617839027202022,20,behavior_105,-8.123781129510782,534.2971380415582,285473.43171939993
"(-80, -70]",-71.42044770000001,5.18813709980144,-70.62195055402822,5.349260264866236,1,behavior_106,0.16112316506479551,5.714860664407858,32.65963241359623
"(-70, -60]",-66.15,-0.249539061038283,-64.88984488815481,-1.5465070353583386,10,behavior_106,-1.2969679743200555,58.378511658551766,3408.0506234676645
"(-60, -50]",-56.700000225,5.89424048556142,-54.9157338170603,1.415498116476058,12,behavior_106,-4.478742369085362,273.72828150415694,74927.17209521898
"(-50, -40]",-45.6231879,11.03997350737515,-44.82255221216329,12.05804840313867,11,behavior_106,1.0180748957635206,79.2615372912355,6282.391293769915
"(-40, -30]",-35.3528118,3.646997812277105,-35.051119515112475,16.69315270284082,10,behavior_106,13.046154890563715,1184.5009119212516,1403042.4103422766
"(-30, -20]",-24.5127375,1.60011999570311,-24.984828069821933,11.814802858026042,10,behavior_106,10.214682862322931,1034.6107369296897,1070419.3769701954
"(-20, -10]",-14.62973805,-5.954104569439496,-14.652564197037751,7.544197328464962,10,behavior_106,13.498301897904458,1453.9129806578158,2113862.9553252943
"(-10, 0]",-3.46887202499999,-9.91567052953346,-6.979288376567183,-7.16000440072303,25,behavior_106,2.7556661288104296,306.19871190124485,93757.65116998155
"(0, 10]",5.03812620000001,-18.191934691485,4.413503593494211,-16.311633984735664,11,behavior_106,1.8803007067493347,208.50638205264735,43474.91135668454
"(10, 20]",15.44703525,-19.2966096331278,14.141544876140044,-17.275014160559007,11,behavior_106,2.0215954725687943,216.91476110166437,47052.013583792126
"(20, 30]",25.0356285,-20.1180129941091,24.24251390909328,-18.748839965232705,10,behavior_106,1.3691730288763964,138.09603572400758,19070.515082686376
"(30, 40]",35.95858155,-16.672725789169398,35.13217005329357,-16.927225107826082,9,behavior_106,-0.2544993186566842,22.932182447163036,525.8849917899724
"(40, 50]",47.10268035,-12.1608318325397,45.299232515991655,-14.24850657835196,9,behavior_106,-2.0876747458122615,158.1915334541827,25024.561256585803
"(50, 60]",53.785143,1.50594210230876,56.44395651912126,-6.617839027202022,20,behavior_106,-8.123781129510782,534.2971380415582,285473.43171939993
"(-80, -70]",-71.42044770000001,5.18813709980144,-70.62195055402822,5.349260264866236,1,behavior_107,0.16112316506479551,5.714860664407858,32.65963241359623
"(-70, -60]",-66.15,-0.249539061038283,-64.88984488815481,-1.5465070353583386,10,behavior_107,-1.2969679743200555,58.378511658551766,3408.0506234676645
"(-60, -50]",-56.700000225,5.89424048556142,-54.9157338170603,1.415498116476058,12,behavior_107,-4.478742369085362,273.72828150415694,74927.17209521898
"(-50, -40]",-45.6231879,11.03997350737515,-44.82255221216329,12.05804840313867,11,behavior_107,1.0180748957635206,79.2615372912355,6282.391293769915
"(-40, -30]",-35.3528118,3.646997812277105,-35.051119515112475,16.69315270284082,10,behavior_107,13.046154890563715,1184.5009119212516,1403042.4103422766
"(-30, -20]",-24.5127375,1.60011999570311,-24.984828069821933,11.814802858026042,10,behavior_107,10.214682862322931,1034.6107369296897,1070419.3769701954
"(-20, -10]",-14.62973805,-5.954104569439496,-14.652564197037751,7.544197328464962,10,behavior_107,13.498301897904458,1453.9129806578158,2113862.9553252943
"(-10, 0]",-3.46887202499999,-9.91567052953346,-6.979288376567183,-7.16000440072303,25,behavior_107,2.7556661288104296,306.19871190124485,93757.65116998155
"(0, 10]",5.03812620000001,-18.191934691485,4.413503593494211,-16.311633984735664,11,behavior_107,1.8803007067493347,208.50638205264735,43474.91135668454
"(10, 20]",15.44703525,-19.2966096331278,14.141544876140044,-17.275014160559007,11,behavior_107,2.0215954725687943,216.91476110166437,47052.013583792126
"(20, 30]",25.0356285,-20.1180129941091,24.24251390909328,-18.748839965232705,10,behavior_107,1.3691730288763964,138.09603572400758,19070.515082686376
"(30, 40]",35.95858155,-16.672725789169398,35.13217005329357,-16.927225107826082,9,behavior_107,-0.2544993186566842,22.932182447163036,525.8849917899724
"(40, 50]",47.10268035,-12.1608318325397,45.299232515991655,-14.24850657835196,9,behavior_107,-2.0876747458122615,158.1915334541827,25024.561256585803
"(50, 60]",53.785143,1.50594210230876,56.44395651912126,-6.617839027202022,20,behavior_107,-8.123781129510782,534.2971380415582,285473.43171939993
"(-80, -70]",-71.42044770000001,5.18813709980144,-70.62195055402822,5.349260264866236,1,behavior_108,0.16112316506479551,5.714860664407858,32.65963241359623
"(-70, -60]",-66.15,-0.249539061038283,-64.88984488815481,-1.5465070353583386,10,behavior_108,-1.2969679743200555,58.378511658551766,3408.0506234676645
"(-60, -50]",-56.700000225,5.89424048556142,-55.08066101544612,-7.994319355931565,9,behavior_108,-13.888559841492985,848.8301636237884,720512.6466775874
"(-50, -40]",-45.6231879,11.03997350737515,-45.419731265547576,-10.984348088940116,9,behavior_108,-22.024321596315268,1714.6887667938279,2940157.5669689383
"(-40, -30]",-35.3528118,3.646997812277105,-35.04836290451982,-13.213807527658236,9,behavior_108,-16.86080533993534,1530.844871029824,2343486.019158318
"(-30, -20]",-24.5127375,1.60011999570311,-24.64549821422348,-14.935346195997385,9,behavior_108,-16.535466191700493,1674.8215380404597,2805027.184284211
"(-20, -10]",-14.62973805,-5.954104569439496,-14.692557581405735,-16.824498283026013,10,behavior_108,-10.870393713586518,1170.8588713294478,1370910.4965708684
"(-10, 0]",-3.46887202499999,-9.91567052953346,-5.124526286287199,-17.874939018243257,9,behavior_108,-7.959268488709798,884.4024076208269,782167.6186055153
"(0, 10]",5.03812620000001,-18.191934691485,5.032609342962526,-18.000221875057086,10,behavior_108,0.1917128164279127,21.259017561937405,451.945827698763
"(10, 20]",15.44703525,-19.2966096331278,14.655558162555813,-17.456304697803922,10,behavior_108,1.8403049353238785,197.46250464874282,38991.44074215478
"(20, 30]",25.0356285,-20.1180129941091,24.24251390909328,-18.748839965232705,10,behavior_108,1.3691730288763964,138.09603572400758,19070.515082686376
"(30, 40]",35.95858155,-16.672725789169398,35.13217005329357,-16.927225107826082,9,behavior_108,-0.2544993186566842,22.932182447163036,525.8849917899724
"(40, 50]",47.10268035,-12.1608318325397,45.299232515991655,-14.24850657835196,9,behavior_108,-2.0876747458122615,158.1915334541827,25024.561256585803
"(50, 60]",53.785143,1.50594210230876,56.44395651912126,-6.617839027202022,20,behavior_108,-8.123781129510782,534.2971380415582,285473.43171939993
"(-80, -70]",-71.42044770000001,5.18813709980144,-70.62195055402822,5.349260264866236,1,behavior_109,0.16112316506479551,5.714860664407858,32.65963241359623
"(-70, -60]",-66.15,-0.249539061038283,-64.88984488815481,-1.5465070353583386,10,behavior_109,-1.2969679743200555,58.378511658551766,3408.0506234676645
"(-60, -50]",-56.700000225,5.89424048556142,-55.08066101544612,-7.994319355931565,9,behavior_109,-13.888559841492985,848.8301636237884,720512.6466775874
"(-50, -40]",-45.6231879,11.03997350737515,-45.419731265547576,-10.984348088940116,9,behavior_109,-22.024321596315268,1714.6887667938279,2940157.5669689383
"(-40, -30]",-35.3528118,3.646997812277105,-35.04836290451982,-13.213807527658236,9,behavior_109,-16.86080533993534,1530.844871029824,2343486.019158318
"(-30, -20]",-24.5127375,1.60011999570311,-24.64549821422348,-14.935346195997385,9,behavior_109,-16.535466191700493,1674.8215380404597,2805027.184284211
"(-20, -10]",-14.62973805,-5.954104569439496,-14.692557581405735,-16.824498283026013,10,behavior_109,-10.870393713586518,1170.8588713294478,1370910.4965708684
"(-10, 0]",-3.46887202499999,-9.91567052953346,-5.124526286287199,-17.874939018243257,9,behavior_109,-7.959268488709798,884.4024076208269,782167.6186055153
"(0, 10]",5.03812620000001,-18.191934691485,5.032609342962526,-18.000221875057086,10,behavior_109,0.1917128164279127,21.259017561937405,451.945827698763
"(10, 20]",15.44703525,-19.2966096331278,14.655558162555813,-17.456304697803922,10,behavior_109,1.8403049353238785,197.46250464874282,38991.44074215478
"(20, 30]",25.0356285,-20.1180129941091,24.24251390909328,-18.748839965232705,10,behavior_109,1.3691730288763964,138.09603572400758,19070.515082686376
"(30, 40]",35.95858155,-16.672725789169398,35.13217005329357,-16.927225107826082,9,behavior_109,-0.2544993186566842,22.932182447163036,525.8849917899724
"(40, 50]",47.10268035,-12.1608318325397,45.299232515991655,-14.24850657835196,9,behavior_109,-2.0876747458122615,158.1915334541827,25024.561256585803
"(50, 60]",53.785143,1.50594210230876,56.44395651912126,-6.617839027202022,20,behavior_109,-8.123781129510782,534.2971380415582,285473.43171939993
"(-80, -70]",-71.42044770000001,5.18813709980144,-70.62195055402822,5.349260264866236,1,behavior_110,0.16112316506479551,5.714860664407858,32.65963241359623
"(-70, -60]",-66.15,-0.249539061038283,-64.88984488815481,-1.5465070353583386,10,behavior_110,-1.2969679743200555,58.378511658551766,3408.0506234676645
"(-60, -50]",-56.700000225,5.89424048556142,-55.08066101544612,-7.994319355931565,9,behavior_110,-13.888559841492985,848.8301636237884,720512.6466775874
"(-50, -40]",-45.6231879,11.03997350737515,-45.419731265547576,-10.984348088940116,9,behavior_110,-22.024321596315268,1714.6887667938279,2940157.5669689383
"(-40, -30]",-35.3528118,3.646997812277105,-35.04836290451982,-13.213807527658236,9,behavior_110,-16.86080533993534,1530.844871029824,2343486.019158318
"(-30, -20]",-24.5127375,1.60011999570311,-24.64549821422348,-14.935346195997385,9,behavior_110,-16.535466191700493,1674.8215380404597,2805027.184284211
"(-20, -10]",-14.62973805,-5.954104569439496,-14.692557581405735,-16.824498283026013,10,behavior_110,-10.870393713586518,1170.8588713294478,1370910.4965708684
"(-10, 0]",-3.46887202499999,-9.91567052953346,-5.124526286287199,-17.874939018243257,9,behavior_110,-7.959268488709798,884.4024076208269,782167.6186055153
"(0, 10]",5.03812620000001,-18.191934691485,5.032609342962526,-18.000221875057086,10,behavior_110,0.1917128164279127,21.259017561937405,451.945827698763
"(10, 20]",15.44703525,-19.2966096331278,14.655558162555813,-17.456304697803922,10,behavior_110,1.8403049353238785,197.46250464874282,38991.44074215478
"(20, 30]",25.0356285,-20.1180129941091,24.24251390909328,-18.748839965232705,10,behavior_110,1.3691730288763964,138.09603572400758,19070.515082686376
"(30, 40]",35.95858155,-16.672725789169398,35.13217005329357,-16.927225107826082,9,behavior_110,-0.2544993186566842,22.932182447163036,525.8849917899724
"(40, 50]",47.10268035,-12.1608318325397,45.299232515991655,-14.24850657835196,9,behavior_110,-2.0876747458122615,158.1915334541827,25024.561256585803
"(50, 60]",53.785143,1.50594210230876,56.44395651912126,-6.617839027202022,20,behavior_110,-8.123781129510782,534.2971380415582,285473.43171939993
"(-80, -70]",-71.42044770000001,5.18813709980144,-70.62195055402822,5.349260264866236,1,behavior_111,0.16112316506479551,5.714860664407858,32.65963241359623
"(-70, -60]",-66.15,-0.249539061038283,-64.88984488815481,-1.5465070353583386,10,behavior_111,-1.2969679743200555,58.378511658551766,3408.0506234676645
"(-60, -50]",-56.700000225,5.89424048556142,-54.9157338170603,1.415498116476058,12,behavior_111,-4.478742369085362,273.72828150415694,74927.17209521898
"(-50, -40]",-45.6231879,11.03997350737515,-44.82255221216329,12.05804840313867,11,behavior_111,1.0180748957635206,79.2615372912355,6282.391293769915
"(-40, -30]",-35.3528118,3.646997812277105,-35.051119515112475,16.69315270284082,10,behavior_111,13.046154890563715,1184.5009119212516,1403042.4103422766
"(-30, -20]",-24.5127375,1.60011999570311,-24.984828069821933,11.814802858026042,10,behavior_111,10.214682862322931,1034.6107369296897,1070419.3769701954
"(-20, -10]",-14.62973805,-5.954104569439496,-14.652564197037751,7.544197328464962,10,behavior_111,13.498301897904458,1453.9129806578158,2113862.9553252943
"(-10, 0]",-3.46887202499999,-9.91567052953346,-6.979288376567183,-7.16000440072303,25,behavior_111,2.7556661288104296,306.19871190124485,93757.65116998155
"(0, 10]",5.03812620000001,-18.191934691485,4.413503593494211,-16.311633984735664,11,behavior_111,1.8803007067493347,208.50638205264735,43474.91135668454
"(10, 20]",15.44703525,-19.2966096331278,14.059327610330126,-18.912127044188274,12,behavior_111,0.3844825889395267,41.25451904657883,1701.9353417645352
"(20, 30]",25.0356285,-20.1180129941091,24.80575462733373,-18.81524801316166,9,behavior_111,1.3027649809474404,131.3980596714961,17265.45008543405
"(30, 40]",35.95858155,-16.672725789169398,35.13217005329357,-16.927225107826082,9,behavior_111,-0.2544993186566842,22.932182447163036,525.8849917899724
"(40, 50]",47.10268035,-12.1608318325397,45.299232515991655,-14.24850657835196,9,behavior_111,-2.0876747458122615,158.1915334541827,25024.561256585803
"(50, 60]",53.785143,1.50594210230876,56.44395651912126,-6.617839027202022,20,behavior_111,-8.123781129510782,534.2971380415582,285473.43171939993
"(-80, -70]",-71.42044770000001,5.18813709980144,-70.62195055402822,5.349260264866236,1,behavior_112,0.16112316506479551,5.714860664407858,32.65963241359623
"(-70, -60]",-66.15,-0.249539061038283,-64.88984488815481,-1.5465070353583386,10,behavior_112,-1.2969679743200555,58.378511658551766,3408.0506234676645
"(-60, -50]",-56.700000225,5.89424048556142,-54.9157338170603,1.415498116476058,12,behavior_112,-4.478742369085362,273.72828150415694,74927.17209521898
"(-50, -40]",-45.6231879,11.03997350737515,-44.82255221216329,12.05804840313867,11,behavior_112,1.0180748957635206,79.2615372912355,6282.391293769915
"(-40, -30]",-35.3528118,3.646997812277105,-35.051119515112475,16.69315270284082,10,behavior_112,13.046154890563715,1184.5009119212516,1403042.4103422766
"(-30, -20]",-24.5127375,1.60011999570311,-24.984828069821933,11.814802858026042,10,behavior_112,10.214682862322931,1034.6107369296897,1070419.3769701954
"(-20, -10]",-14.62973805,-5.954104569439496,-14.652564197037751,7.544197328464962,10,behavior_112,13.498301897904458,1453.9129806578158,2113862.9553252943
"(-10, 0]",-3.46887202499999,-9.91567052953346,-6.979288376567183,-7.16000440072303,25,behavior_112,2.7556661288104296,306.19871190124485,93757.65116998155
"(0, 10]",5.03812620000001,-18.191934691485,4.413503593494211,-16.311633984735664,11,behavior_112,1.8803007067493347,208.50638205264735,43474.91135668454
"(10, 20]",15.44703525,-19.2966096331278,14.059327610330126,-18.912127044188274,12,behavior_112,0.3844825889395267,41.25451904657883,1701.9353417645352
"(20, 30]",25.0356285,-20.1180129941091,24.80575462733373,-18.81524801316166,9,behavior_112,1.3027649809474404,131.3980596714961,17265.45008543405
"(30, 40]",35.95858155,-16.672725789169398,35.13217005329357,-16.927225107826082,9,behavior_112,-0.2544993186566842,22.932182447163036,525.8849917899724
"(40, 50]",47.10268035,-12.1608318325397,45.299232515991655,-14.24850657835196,9,behavior_112,-2.0876747458122615,158.1915334541827,25024.561256585803
"(50, 60]",53.785143,1.50594210230876,56.44395651912126,-6.617839027202022,20,behavior_112,-8.123781129510782,534.2971380415582,285473.43171939993
"(-80, -70]",-71.42044770000001,5.18813709980144,-70.62195055402822,5.349260264866236,1,behavior_113,0.16112316506479551,5.714860664407858,32.65963241359623
"(-70, -60]",-66.15,-0.249539061038283,-64.88984488815481,-1.5465070353583386,10,behavior_113,-1.2969679743200555,58.378511658551766,3408.0506234676645
"(-60, -50]",-56.700000225,5.89424048556142,-54.9157338170603,1.415498116476058,12,behavior_113,-4.478742369085362,273.72828150415694,74927.17209521898
"(-50, -40]",-45.6231879,11.03997350737515,-44.82255221216329,12.05804840313867,11,behavior_113,1.0180748957635206,79.2615372912355,6282.391293769915
"(-40, -30]",-35.3528118,3.646997812277105,-35.051119515112475,16.69315270284082,10,behavior_113,13.046154890563715,1184.5009119212516,1403042.4103422766
"(-30, -20]",-24.5127375,1.60011999570311,-24.984828069821933,11.814802858026042,10,behavior_113,10.214682862322931,1034.6107369296897,1070419.3769701954
"(-20, -10]",-14.62973805,-5.954104569439496,-14.652564197037751,7.544197328464962,10,behavior_113,13.498301897904458,1453.9129806578158,2113862.9553252943
"(-10, 0]",-3.46887202499999,-9.91567052953346,-6.979288376567183,-7.16000440072303,25,behavior_113,2.7556661288104296,306.19871190124485,93757.65116998155
"(0, 10]",5.03812620000001,-18.191934691485,4.413503593494211,-16.311633984735664,11,behavior_113,1.8803007067493347,208.50638205264735,43474.91135668454
"(10, 20]",15.44703525,-19.2966096331278,14.059327610330126,-18.912127044188274,12,behavior_113,0.3844825889395267,41.25451904657883,1701.9353417645352
"(20, 30]",25.0356285,-20.1180129941091,24.80575462733373,-18.81524801316166,9,behavior_113,1.3027649809474404,131.3980596714961,17265.45008543405
"(30, 40]",35.95858155,-16.672725789169398,35.13217005329357,-16.927225107826082,9,behavior_113,-0.2544993186566842,22.932182447163036,525.8849917899724
"(40, 50]",47.10268035,-12.1608318325397,45.299232515991655,-14.24850657835196,9,behavior_113,-2.0876747458122615,158.1915334541827,25024.561256585803
"(50, 60]",53.785143,1.50594210230876,56.44395651912126,-6.617839027202022,20,behavior_113,-8.123781129510782,534.2971380415582,285473.43171939993
"(-80, -70]",-71.42044770000001,5.18813709980144,-70.62195055402822,5.349260264866236,1,behavior_114,0.16112316506479551,5.714860664407858,32.65963241359623
"(-70, -60]",-66.15,-0.249539061038283,-64.88984488815481,-1.5465070353583386,10,behavior_114,-1.2969679743200555,58.378511658551766,3408.0506234676645
"(-60, -50]",-56.700000225,5.89424048556142,-54.9157338170603,1.415498116476058,12,behavior_114,-4.478742369085362,273.72828150415694,74927.17209521898
"(-50, -40]",-45.6231879,11.03997350737515,-44.82255221216329,12.05804840313867,11,behavior_114,1.0180748957635206,79.2615372912355,6282.391293769915
"(-40, -30]",-35.3528118,3.646997812277105,-35.051119515112475,16.69315270284082,10,behavior_114,13.046154890563715,1184.5009119212516,1403042.4103422766
"(-30, -20]",-24.5127375,1.60011999570311,-24.984828069821933,11.814802858026042,10,behavior_114,10.214682862322931,1034.6107369296897,1070419.3769701954
"(-20, -10]",-14.62973805,-5.954104569439496,-14.652564197037751,7.544197328464962,10,behavior_114,13.498301897904458,1453.9129806578158,2113862.9553252943
"(-10, 0]",-3.46887202499999,-9.91567052953346,-6.979288376567183,-7.16000440072303,25,behavior_114,2.7556661288104296,306.19871190124485,93757.65116998155
"(0, 10]",5.03812620000001,-18.191934691485,4.413503593494211,-16.311633984735664,11,behavior_114,1.8803007067493347,208.50638205264735,43474.91135668454
"(10, 20]",15.44703525,-19.2966096331278,14.059327610330126,-18.912127044188274,12,behavior_114,0.3844825889395267,41.25451904657883,1701.9353417645352
"(20, 30]",25.0356285,-20.1180129941091,24.80575462733373,-18.81524801316166,9,behavior_114,1.3027649809474404,131.3980596714961,17265.45008543405
"(30, 40]",35.95858155,-16.672725789169398,35.13217005329357,-16.927225107826082,9,behavior_114,-0.2544993186566842,22.932182447163036,525.8849917899724
"(40, 50]",47.10268035,-12.1608318325397,45.299232515991655,-14.24850657835196,9,behavior_114,-2.0876747458122615,158.1915334541827,25024.561256585803
"(50, 60]",53.785143,1.50594210230876,56.44395651912126,-6.617839027202022,20,behavior_114,-8.123781129510782,534.2971380415582,285473.43171939993
"(-80, -70]",-71.42044770000001,5.18813709980144,-70.62195055402822,5.349260264866236,1,behavior_115,0.16112316506479551,5.714860664407858,32.65963241359623
"(-70, -60]",-66.15,-0.249539061038283,-64.88984488815481,-1.5465070353583386,10,behavior_115,-1.2969679743200555,58.378511658551766,3408.0506234676645
"(-60, -50]",-56.700000225,5.89424048556142,-55.08066101544612,-7.994319355931565,9,behavior_115,-13.888559841492985,848.8301636237884,720512.6466775874
"(-50, -40]",-45.6231879,11.03997350737515,-45.419731265547576,-10.984348088940116,9,behavior_115,-22.024321596315268,1714.6887667938279,2940157.5669689383
"(-40, -30]",-35.3528118,3.646997812277105,-35.04836290451982,-13.213807527658236,9,behavior_115,-16.86080533993534,1530.844871029824,2343486.019158318
"(-30, -20]",-24.5127375,1.60011999570311,-24.64549821422348,-14.935346195997385,9,behavior_115,-16.535466191700493,1674.8215380404597,2805027.184284211
"(-20, -10]",-14.62973805,-5.954104569439496,-14.692557581405735,-16.824498283026013,10,behavior_115,-10.870393713586518,1170.8588713294478,1370910.4965708684
"(-10, 0]",-3.46887202499999,-9.91567052953346,-5.140179446860763,-18.737103839858555,10,behavior_115,-8.821433310325096,980.202749710575,960797.430540172
"(0, 10]",5.03812620000001,-18.191934691485,5.132329132327315,-19.72400666769007,10,behavior_115,-1.5320719762050707,169.89132836897605,28863.063454975247
"(10, 20]",15.44703525,-19.2966096331278,14.889857017366243,-19.72878865935555,10,behavior_115,-0.4321790262277503,46.372289362234035,2150.389220694764
"(20, 30]",25.0356285,-20.1180129941091,24.80575462733373,-18.81524801316166,9,behavior_115,1.3027649809474404,131.3980596714961,17265.45008543405
"(30, 40]",35.95858155,-16.672725789169398,35.13217005329357,-16.927225107826082,9,behavior_115,-0.2544993186566842,22.932182447163036,525.8849917899724
"(40, 50]",47.10268035,-12.1608318325397,45.299232515991655,-14.24850657835196,9,behavior_115,-2.0876747458122615,158.1915334541827,25024.561256585803
"(50, 60]",53.785143,1.50594210230876,56.44395651912126,-6.617839027202022,20,behavior_115,-8.123781129510782,534.2971380415582,285473.43171939993
"(-80, -70]",-71.42044770000001,5.18813709980144,-70.62195055402822,5.349260264866236,1,behavior_116,0.16112316506479551,5.714860664407858,32.65963241359623
"(-70, -60]",-66.15,-0.249539061038283,-64.88984488815481,-1.5465070353583386,10,behavior_116,-1.2969679743200555,58.378511658551766,3408.0506234676645
"(-60, -50]",-56.700000225,5.89424048556142,-55.08066101544612,-7.994319355931565,9,behavior_116,-13.888559841492985,848.8301636237884,720512.6466775874
"(-50, -40]",-45.6231879,11.03997350737515,-45.419731265547576,-10.984348088940116,9,behavior_116,-22.024321596315268,1714.6887667938279,2940157.5669689383
"(-40, -30]",-35.3528118,3.646997812277105,-35.04836290451982,-13.213807527658236,9,behavior_116,-16.86080533993534,1530.844871029824,2343486.019158318
"(-30, -20]",-24.5127375,1.60011999570311,-24.64549821422348,-14.935346195997385,9,behavior_116,-16.535466191700493,1674.8215380404597,2805027.184284211
"(-20, -10]",-14.62973805,-5.954104569439496,-14.692557581405735,-16.824498283026013,10,behavior_116,-10.870393713586518,1170.8588713294478,1370910.4965708684
"(-10, 0]",-3.46887202499999,-9.91567052953346,-5.140179446860763,-18.737103839858555,10,behavior_116,-8.821433310325096,980.202749710575,960797.430540172
"(0, 10]",5.03812620000001,-18.191934691485,5.132329132327315,-19.72400666769007,10,behavior_116,-1.5320719762050707,169.89132836897605,28863.063454975247
"(10, 20]",15.44703525,-19.2966096331278,14.889857017366243,-19.72878865935555,10,behavior_116,-0.4321790262277503,46.372289362234035,2150.389220694764
"(20, 30]",25.0356285,-20.1180129941091,24.80575462733373,-18.81524801316166,9,behavior_116,1.3027649809474404,131.3980596714961,17265.45008543405
"(30, 40]",35.95858155,-16.672725789169398,35.13217005329357,-16.927225107826082,9,behavior_116,-0.2544993186566842,22.932182447163036,525.8849917899724
"(40, 50]",47.10268035,-12.1608318325397,45.299232515991655,-14.24850657835196,9,behavior_116,-2.0876747458122615,158.1915334541827,25024.561256585803
"(50, 60]",53.785143,1.50594210230876,56.44395651912126,-6.617839027202022,20,behavior_116,-8.123781129510782,534.2971380415582,285473.43171939993
"(-80, -70]",-71.42044770000001,5.18813709980144,-70.62195055402822,5.349260264866236,1,behavior_117,0.16112316506479551,5.714860664407858,32.65963241359623
"(-70, -60]",-66.15,-0.249539061038283,-67.38646875799228,-15.099003583483912,14,behavior_117,-14.84946452244563,668.3971037922628,446754.6883578849
"(-60, -50]",-56.700000225,5.89424048556142,-54.21249979285072,-16.651313430929104,13,behavior_117,-22.545553916490526,1377.9215727428784,1898667.8606302077
"(-50, -40]",-45.6231879,11.03997350737515,-43.34390777465083,2.017129707189592,16,behavior_117,-9.022843800185559,702.4674445047114,493460.5105889797
"(-40, -30]",-35.3528118,3.646997812277105,-35.45632398896109,14.952534767226458,11,behavior_117,11.305536954949353,1026.4648047819003,1053629.9954559447
"(-30, -20]",-24.5127375,1.60011999570311,-24.984828069821933,11.814802858026042,10,behavior_117,10.214682862322931,1034.6107369296897,1070419.3769701954
"(-20, -10]",-14.62973805,-5.954104569439496,-14.652564197037751,7.544197328464962,10,behavior_117,13.498301897904458,1453.9129806578158,2113862.9553252943
"(-10, 0]",-3.46887202499999,-9.91567052953346,-6.979288376567183,-7.16000440072303,25,behavior_117,2.7556661288104296,306.19871190124485,93757.65116998155
"(0, 10]",5.03812620000001,-18.191934691485,4.931131602086992,-16.320570965077117,12,behavior_117,1.871363726407882,207.51536107883015,43062.62508367726
"(10, 20]",15.44703525,-19.2966096331278,14.371738951201092,-19.124574660383047,11,behavior_117,0.1720349727447541,18.45914552165173,340.74005338951514
"(20, 30]",25.0356285,-20.1180129941091,24.80575462733373,-18.81524801316166,9,behavior_117,1.3027649809474404,131.3980596714961,17265.45008543405
"(30, 40]",35.95858155,-16.672725789169398,35.13217005329357,-16.927225107826082,9,behavior_117,-0.2544993186566842,22.932182447163036,525.8849917899724
"(40, 50]",47.10268035,-12.1608318325397,45.299232515991655,-14.24850657835196,9,behavior_117,-2.0876747458122615,158.1915334541827,25024.561256585803
"(50, 60]",53.785143,1.50594210230876,56.44395651912126,-6.617839027202022,20,behavior_117,-8.123781129510782,534.2971380415582,285473.43171939993
"(-80, -70]",-71.42044770000001,5.18813709980144,-70.62195055402822,5.349260264866236,1,behavior_118,0.16112316506479551,5.714860664407858,32.65963241359623
"(-70, -60]",-66.15,-0.249539061038283,-64.88984488815481,-1.5465070353583386,10,behavior_118,-1.2969679743200555,58.378511658551766,3408.0506234676645
"(-60, -50]",-56.700000225,5.89424048556142,-54.9157338170603,1.415498116476058,12,behavior_118,-4.478742369085362,273.72828150415694,74927.17209521898
"(-50, -40]",-45.6231879,11.03997350737515,-44.82255221216329,12.05804840313867,11,behavior_118,1.0180748957635206,79.2615372912355,6282.391293769915
"(-40, -30]",-35.3528118,3.646997812277105,-35.051119515112475,16.69315270284082,10,behavior_118,13.046154890563715,1184.5009119212516,1403042.4103422766
"(-30, -20]",-24.5127375,1.60011999570311,-24.984828069821933,11.814802858026042,10,behavior_118,10.214682862322931,1034.6107369296897,1070419.3769701954
"(-20, -10]",-14.62973805,-5.954104569439496,-14.652564197037751,7.544197328464962,10,behavior_118,13.498301897904458,1453.9129806578158,2113862.9553252943
"(-10, 0]",-3.46887202499999,-9.91567052953346,-6.979288376567183,-7.16000440072303,25,behavior_118,2.7556661288104296,306.19871190124485,93757.65116998155
"(0, 10]",5.03812620000001,-18.191934691485,4.931131602086992,-16.320570965077117,12,behavior_118,1.871363726407882,207.51536107883015,43062.62508367726
"(10, 20]",15.44703525,-19.2966096331278,14.371738951201092,-19.124574660383047,11,behavior_118,0.1720349727447541,18.45914552165173,340.74005338951514
"(20, 30]",25.0356285,-20.1180129941091,24.80575462733373,-18.81524801316166,9,behavior_118,1.3027649809474404,131.3980596714961,17265.45008543405
"(30, 40]",35.95858155,-16.672725789169398,35.13217005329357,-16.927225107826082,9,behavior_118,-0.2544993186566842,22.932182447163036,525.8849917899724
"(40, 50]",47.10268035,-12.1608318325397,45.299232515991655,-14.24850657835196,9,behavior_118,-2.0876747458122615,158.1915334541827,25024.561256585803
"(50, 60]",53.785143,1.50594210230876,56.44395651912126,-6.617839027202022,20,behavior_118,-8.123781129510782,534.2971380415582,285473.43171939993
"(-80, -70]",-71.42044770000001,5.18813709980144,-70.62195055402822,5.349260264866236,1,behavior_119,0.16112316506479551,5.714860664407858,32.65963241359623
"(-70, -60]",-66.15,-0.249539061038283,-64.88984488815481,-1.5465070353583386,10,behavior_119,-1.2969679743200555,58.378511658551766,3408.0506234676645
"(-60, -50]",-56.700000225,5.89424048556142,-54.9157338170603,1.415498116476058,12,behavior_119,-4.478742369085362,273.72828150415694,74927.17209521898
"(-50, -40]",-45.6231879,11.03997350737515,-44.82255221216329,12.05804840313867,11,behavior_119,1.0180748957635206,79.2615372912355,6282.391293769915
"(-40, -30]",-35.3528118,3.646997812277105,-35.051119515112475,16.69315270284082,10,behavior_119,13.046154890563715,1184.5009119212516,1403042.4103422766
"(-30, -20]",-24.5127375,1.60011999570311,-24.984828069821933,11.814802858026042,10,behavior_119,10.214682862322931,1034.6107369296897,1070419.3769701954
"(-20, -10]",-14.62973805,-5.954104569439496,-14.652564197037751,7.544197328464962,10,behavior_119,13.498301897904458,1453.9129806578158,2113862.9553252943
"(-10, 0]",-3.46887202499999,-9.91567052953346,-6.979288376567183,-7.16000440072303,25,behavior_119,2.7556661288104296,306.19871190124485,93757.65116998155
"(0, 10]",5.03812620000001,-18.191934691485,4.931131602086992,-16.320570965077117,12,behavior_119,1.871363726407882,207.51536107883015,43062.62508367726
"(10, 20]",15.44703525,-19.2966096331278,14.371738951201092,-19.124574660383047,11,behavior_119,0.1720349727447541,18.45914552165173,340.74005338951514
"(20, 30]",25.0356285,-20.1180129941091,24.80575462733373,-18.81524801316166,9,behavior_119,1.3027649809474404,131.3980596714961,17265.45008543405
"(30, 40]",35.95858155,-16.672725789169398,35.13217005329357,-16.927225107826082,9,behavior_119,-0.2544993186566842,22.932182447163036,525.8849917899724
"(40, 50]",47.10268035,-12.1608318325397,45.299232515991655,-14.24850657835196,9,behavior_119,-2.0876747458122615,158.1915334541827,25024.561256585803
"(50, 60]",53.785143,1.50594210230876,56.44395651912126,-6.617839027202022,20,behavior_119,-8.123781129510782,534.2971380415582,285473.43171939993
"(-80, -70]",-71.42044770000001,5.18813709980144,-70.62195055402822,5.349260264866236,1,behavior_120,0.16112316506479551,5.714860664407858,32.65963241359623
"(-70, -60]",-66.15,-0.249539061038283,-64.88984488815481,-1.5465070353583386,10,behavior_120,-1.2969679743200555,58.378511658551766,3408.0506234676645
"(-60, -50]",-56.700000225,5.89424048556142,-54.9157338170603,1.415498116476058,12,behavior_120,-4.478742369085362,273.72828150415694,74927.17209521898
"(-50, -40]",-45.6231879,11.03997350737515,-44.82255221216329,12.05804840313867,11,behavior_120,1.0180748957635206,79.2615372912355,6282.391293769915
"(-40, -30]",-35.3528118,3.646997812277105,-35.051119515112475,16.69315270284082,10,behavior_120,13.046154890563715,1184.5009119212516,1403042.4103422766
"(-30, -20]",-24.5127375,1.60011999570311,-24.984828069821933,11.814802858026042,10,behavior_120,10.214682862322931,1034.6107369296897,1070419.3769701954
"(-20, -10]",-14.62973805,-5.954104569439496,-14.652564197037751,7.544197328464962,10,behavior_120,13.498301897904458,1453.9129806578158,2113862.9553252943
"(-10, 0]",-3.46887202499999,-9.91567052953346,-6.979288376567183,-7.16000440072303,25,behavior_120,2.7556661288104296,306.19871190124485,93757.65116998155
"(0, 10]",5.03812620000001,-18.191934691485,3.533457234700141,-19.71741831421356,13,behavior_120,-1.5254836227285615,169.16074642421583,28615.35813079785
"(10, 20]",15.44703525,-19.2966096331278,14.889857017366243,-19.72878865935555,10,behavior_120,-0.4321790262277503,46.372289362234035,2150.389220694764
"(20, 30]",25.0356285,-20.1180129941091,24.80575462733373,-18.81524801316166,9,behavior_120,1.3027649809474404,131.3980596714961,17265.45008543405
"(30, 40]",35.95858155,-16.672725789169398,35.13217005329357,-16.927225107826082,9,behavior_120,-0.2544993186566842,22.932182447163036,525.8849917899724
"(40, 50]",47.10268035,-12.1608318325397,45.299232515991655,-14.24850657835196,9,behavior_120,-2.0876747458122615,158.1915334541827,25024.561256585803
"(50, 60]",53.785143,1.50594210230876,56.44395651912126,-6.617839027202022,20,behavior_120,-8.123781129510782,534.2971380415582,285473.43171939993
"(-80, -70]",-71.42044770000001,5.18813709980144,-70.62195055402822,5.349260264866236,1,behavior_121,0.16112316506479551,5.714860664407858,32.65963241359623
"(-70, -60]",-66.15,-0.249539061038283,-64.88984488815481,-1.5465070353583386,10,behavior_121,-1.2969679743200555,58.378511658551766,3408.0506234676645
"(-60, -50]",-56.700000225,5.89424048556142,-55.08066101544612,-7.994319355931565,9,behavior_121,-13.888559841492985,848.8301636237884,720512.6466775874
"(-50, -40]",-45.6231879,11.03997350737515,-44.855496321416425,-10.643003450441629,10,behavior_121,-21.682976957816777,1688.113609203658,2849727.5575786005
"(-40, -30]",-35.3528118,3.646997812277105,-34.88897535307018,-11.980319247532815,8,behavior_121,-15.62731705980992,1418.8526399924992,2013142.8140136846
"(-30, -20]",-24.5127375,1.60011999570311,-25.06543645252785,-13.749315006751306,9,behavior_121,-15.349435002454417,1554.6924435529947,2417068.5940407817
"(-20, -10]",-14.62973805,-5.954104569439496,-14.749954586353766,-15.320296675291655,10,behavior_121,-9.366192105852159,1008.8401033723569,1017758.3541723478
"(-10, 0]",-3.46887202499999,-9.91567052953346,-5.683114054388631,-18.729718166437248,11,behavior_121,-8.814047636903789,979.382082916262,959189.2643373959
"(0, 10]",5.03812620000001,-18.191934691485,4.8918705960494515,-20.170103522713493,10,behavior_121,-1.9781688312284942,219.3589698755312,48118.3576648542
"(10, 20]",15.44703525,-19.2966096331278,14.889857017366243,-19.72878865935555,10,behavior_121,-0.4321790262277503,46.372289362234035,2150.389220694764
"(20, 30]",25.0356285,-20.1180129941091,24.80575462733373,-18.81524801316166,9,behavior_121,1.3027649809474404,131.3980596714961,17265.45008543405
"(30, 40]",35.95858155,-16.672725789169398,35.13217005329357,-16.927225107826082,9,behavior_121,-0.2544993186566842,22.932182447163036,525.8849917899724
"(40, 50]",47.10268035,-12.1608318325397,45.299232515991655,-14.24850657835196,9,behavior_121,-2.0876747458122615,158.1915334541827,25024.561256585803
"(50, 60]",53.785143,1.50594210230876,56.44395651912126,-6.617839027202022,20,behavior_121,-8.123781129510782,534.2971380415582,285473.43171939993
"(-80, -70]",-71.42044770000001,5.18813709980144,-70.62195055402822,5.349260264866236,1,behavior_122,0.16112316506479551,5.714860664407858,32.65963241359623
"(-70, -60]",-66.15,-0.249539061038283,-64.88984488815481,-1.5465070353583386,10,behavior_122,-1.2969679743200555,58.378511658551766,3408.0506234676645
"(-60, -50]",-56.700000225,5.89424048556142,-55.08066101544612,-7.994319355931565,9,behavior_122,-13.888559841492985,848.8301636237884,720512.6466775874
"(-50, -40]",-45.6231879,11.03997350737515,-45.419731265547576,-10.984348088940116,9,behavior_122,-22.024321596315268,1714.6887667938279,2940157.5669689383
"(-40, -30]",-35.3528118,3.646997812277105,-35.04836290451982,-13.213807527658236,9,behavior_122,-16.86080533993534,1530.844871029824,2343486.019158318
"(-30, -20]",-24.5127375,1.60011999570311,-24.64549821422348,-14.935346195997385,9,behavior_122,-16.535466191700493,1674.8215380404597,2805027.184284211
"(-20, -10]",-14.62973805,-5.954104569439496,-14.692557581405735,-16.824498283026013,10,behavior_122,-10.870393713586518,1170.8588713294478,1370910.4965708684
"(-10, 0]",-3.46887202499999,-9.91567052953346,-5.140179446860763,-18.737103839858555,10,behavior_122,-8.821433310325096,980.202749710575,960797.430540172
"(0, 10]",5.03812620000001,-18.191934691485,4.8918705960494515,-20.170103522713493,10,behavior_122,-1.9781688312284942,219.3589698755312,48118.3576648542
"(10, 20]",15.44703525,-19.2966096331278,14.889857017366243,-19.72878865935555,10,behavior_122,-0.4321790262277503,46.372289362234035,2150.389220694764
"(20, 30]",25.0356285,-20.1180129941091,24.80575462733373,-18.81524801316166,9,behavior_122,1.3027649809474404,131.3980596714961,17265.45008543405
"(30, 40]",35.95858155,-16.672725789169398,35.13217005329357,-16.927225107826082,9,behavior_122,-0.2544993186566842,22.932182447163036,525.8849917899724
"(40, 50]",47.10268035,-12.1608318325397,45.299232515991655,-14.24850657835196,9,behavior_122,-2.0876747458122615,158.1915334541827,25024.561256585803
"(50, 60]",53.785143,1.50594210230876,56.44395651912126,-6.617839027202022,20,behavior_122,-8.123781129510782,534.2971380415582,285473.43171939993
"(-80, -70]",-71.42044770000001,5.18813709980144,-70.62195055402822,5.349260264866236,1,behavior_123,0.16112316506479551,5.714860664407858,32.65963241359623
"(-70, -60]",-66.15,-0.249539061038283,-67.38646875799228,-15.099003583483912,14,behavior_123,-14.84946452244563,668.3971037922628,446754.6883578849
"(-60, -50]",-56.700000225,5.89424048556142,-54.64329458844306,-14.897062999368028,13,behavior_123,-20.79130348492945,1270.706663648386,1614695.4250404125
"(-50, -40]",-45.6231879,11.03997350737515,-43.9881057847841,3.019216903875793,15,behavior_123,-8.020756603499358,624.4506187881263,389938.57530487387
"(-40, -30]",-35.3528118,3.646997812277105,-35.45632398896109,14.952534767226458,11,behavior_123,11.305536954949353,1026.4648047819003,1053629.9954559447
"(-30, -20]",-24.5127375,1.60011999570311,-24.984828069821933,11.814802858026042,10,behavior_123,10.214682862322931,1034.6107369296897,1070419.3769701954
"(-20, -10]",-14.62973805,-5.954104569439496,-14.652564197037751,7.544197328464962,10,behavior_123,13.498301897904458,1453.9129806578158,2113862.9553252943
"(-10, 0]",-3.46887202499999,-9.91567052953346,-6.979288376567183,-7.16000440072303,25,behavior_123,2.7556661288104296,306.19871190124485,93757.65116998155
"(0, 10]",5.03812620000001,-18.191934691485,3.533457234700141,-19.71741831421356,13,behavior_123,-1.5254836227285615,169.16074642421583,28615.35813079785
"(10, 20]",15.44703525,-19.2966096331278,14.889857017366243,-19.72878865935555,10,behavior_123,-0.4321790262277503,46.372289362234035,2150.389220694764
"(20, 30]",25.0356285,-20.1180129941091,24.80575462733373,-18.81524801316166,9,behavior_123,1.3027649809474404,131.3980596714961,17265.45008543405
"(30, 40]",35.95858155,-16.672725789169398,35.13217005329357,-16.927225107826082,9,behavior_123,-0.2544993186566842,22.932182447163036,525.8849917899724
"(40, 50]",47.10268035,-12.1608318325397,45.299232515991655,-14.24850657835196,9,behavior_123,-2.0876747458122615,158.1915334541827,25024.561256585803
"(50, 60]",53.785143,1.50594210230876,56.44395651912126,-6.617839027202022,20,behavior_123,-8.123781129510782,534.2971380415582,285473.43171939993
"(-80, -70]",-71.42044770000001,5.18813709980144,-70.62195055402822,5.349260264866236,1,behavior_124,0.16112316506479551,5.714860664407858,32.65963241359623
"(-70, -60]",-66.15,-0.249539061038283,-67.05136830184756,-10.008548180188619,12,behavior_124,-9.759009119150337,439.2679225074225,192956.30774398692
"(-60, -50]",-56.700000225,5.89424048556142,-55.37937926738891,-6.151893883454068,13,behavior_124,-12.046134369015489,736.2262411785371,542029.0781998774
"(-50, -40]",-45.6231879,11.03997350737515,-45.525400517689945,8.127989318455269,11,behavior_124,-2.911984188919881,226.7105733988884,51397.684090852774
"(-40, -30]",-35.3528118,3.646997812277105,-35.45632398896109,14.952534767226458,11,behavior_124,11.305536954949353,1026.4648047819003,1053629.9954559447
"(-30, -20]",-24.5127375,1.60011999570311,-24.984828069821933,11.814802858026042,10,behavior_124,10.214682862322931,1034.6107369296897,1070419.3769701954
"(-20, -10]",-14.62973805,-5.954104569439496,-14.652564197037751,7.544197328464962,10,behavior_124,13.498301897904458,1453.9129806578158,2113862.9553252943
"(-10, 0]",-3.46887202499999,-9.91567052953346,-6.979288376567183,-7.16000440072303,25,behavior_124,2.7556661288104296,306.19871190124485,93757.65116998155
"(0, 10]",5.03812620000001,-18.191934691485,3.533457234700141,-19.71741831421356,13,behavior_124,-1.5254836227285615,169.16074642421583,28615.35813079785
"(10, 20]",15.44703525,-19.2966096331278,14.889857017366243,-19.72878865935555,10,behavior_124,-0.4321790262277503,46.372289362234035,2150.389220694764
"(20, 30]",25.0356285,-20.1180129941091,24.80575462733373,-18.81524801316166,9,behavior_124,1.3027649809474404,131.3980596714961,17265.45008543405
"(30, 40]",35.95858155,-16.672725789169398,35.13217005329357,-16.927225107826082,9,behavior_124,-0.2544993186566842,22.932182447163036,525.8849917899724
"(40, 50]",47.10268035,-12.1608318325397,45.299232515991655,-14.24850657835196,9,behavior_124,-2.0876747458122615,158.1915334541827,25024.561256585803
"(50, 60]",53.785143,1.50594210230876,56.44395651912126,-6.617839027202022,20,behavior_124,-8.123781129510782,534.2971380415582,285473.43171939993
"(-80, -70]",-71.42044770000001,5.18813709980144,-70.62195055402822,5.349260264866236,1,behavior_125,0.16112316506479551,5.714860664407858,32.65963241359623
"(-70, -60]",-66.15,-0.249539061038283,-64.88984488815481,-1.5465070353583386,10,behavior_125,-1.2969679743200555,58.378511658551766,3408.0506234676645
"(-60, -50]",-56.700000225,5.89424048556142,-54.9157338170603,1.415498116476058,12,behavior_125,-4.478742369085362,273.72828150415694,74927.17209521898
"(-50, -40]",-45.6231879,11.03997350737515,-44.82255221216329,12.05804840313867,11,behavior_125,1.0180748957635206,79.2615372912355,6282.391293769915
"(-40, -30]",-35.3528118,3.646997812277105,-35.051119515112475,16.69315270284082,10,behavior_125,13.046154890563715,1184.5009119212516,1403042.4103422766
"(-30, -20]",-24.5127375,1.60011999570311,-24.984828069821933,11.814802858026042,10,behavior_125,10.214682862322931,1034.6107369296897,1070419.3769701954
"(-20, -10]",-14.62973805,-5.954104569439496,-14.652564197037751,7.544197328464962,10,behavior_125,13.498301897904458,1453.9129806578158,2113862.9553252943
"(-10, 0]",-3.46887202499999,-9.91567052953346,-6.979288376567183,-7.16000440072303,25,behavior_125,2.7556661288104296,306.19871190124485,93757.65116998155
"(0, 10]",5.03812620000001,-18.191934691485,3.533457234700141,-19.71741831421356,13,behavior_125,-1.5254836227285615,169.16074642421583,28615.35813079785
"(10, 20]",15.44703525,-19.2966096331278,14.889857017366243,-19.72878865935555,10,behavior_125,-0.4321790262277503,46.372289362234035,2150.389220694764
"(20, 30]",25.0356285,-20.1180129941091,24.80575462733373,-18.81524801316166,9,behavior_125,1.3027649809474404,131.3980596714961,17265.45008543405
"(30, 40]",35.95858155,-16.672725789169398,35.13217005329357,-16.927225107826082,9,behavior_125,-0.2544993186566842,22.932182447163036,525.8849917899724
"(40, 50]",47.10268035,-12.1608318325397,45.299232515991655,-14.24850657835196,9,behavior_125,-2.0876747458122615,158.1915334541827,25024.561256585803
"(50, 60]",53.785143,1.50594210230876,56.44395651912126,-6.617839027202022,20,behavior_125,-8.123781129510782,534.2971380415582,285473.43171939993
"(-80, -70]",-71.42044770000001,5.18813709980144,-70.62195055402822,5.349260264866236,1,behavior_126,0.16112316506479551,5.714860664407858,32.65963241359623
"(-70, -60]",-66.15,-0.249539061038283,-64.88984488815481,-1.5465070353583386,10,behavior_126,-1.2969679743200555,58.378511658551766,3408.0506234676645
"(-60, -50]",-56.700000225,5.89424048556142,-54.05932815947176,-7.062111330412455,11,behavior_126,-12.956351815973875,791.856200890174,627036.2428882197
"(-50, -40]",-45.6231879,11.03997350737515,-45.050822950890456,3.507878096956534,11,behavior_126,-7.5320954104186155,586.4062297757628,343872.2663198247
"(-40, -30]",-35.3528118,3.646997812277105,-35.239463162466706,13.245081400630514,11,behavior_126,9.59808358835341,871.4398118425044,759407.3456640994
"(-30, -20]",-24.5127375,1.60011999570311,-24.786900530126708,10.658332429377145,10,behavior_126,9.058212433674035,917.4757520702838,841761.7556369328
"(-20, -10]",-14.62973805,-5.954104569439496,-13.03708100159824,1.6672427409498518,20,behavior_126,7.621347310389347,820.9014636423886,673879.2130102159
"(-10, 0]",-3.46887202499999,-9.91567052953346,-6.965645148298346,-16.573399200492055,16,behavior_126,-6.657728670958596,739.7804552308119,547275.1219415072
"(0, 10]",5.03812620000001,-18.191934691485,4.8918705960494515,-20.170103522713493,10,behavior_126,-1.9781688312284942,219.3589698755312,48118.3576648542
"(10, 20]",15.44703525,-19.2966096331278,14.889857017366243,-19.72878865935555,10,behavior_126,-0.4321790262277503,46.372289362234035,2150.389220694764
"(20, 30]",25.0356285,-20.1180129941091,24.80575462733373,-18.81524801316166,9,behavior_126,1.3027649809474404,131.3980596714961,17265.45008543405
"(30, 40]",35.95858155,-16.672725789169398,35.13217005329357,-16.927225107826082,9,behavior_126,-0.2544993186566842,22.932182447163036,525.8849917899724
"(40, 50]",47.10268035,-12.1608318325397,45.299232515991655,-14.24850657835196,9,behavior_126,-2.0876747458122615,158.1915334541827,25024.561256585803
"(50, 60]",53.785143,1.50594210230876,56.44395651912126,-6.617839027202022,20,behavior_126,-8.123781129510782,534.2971380415582,285473.43171939993
"(-80, -70]",-71.42044770000001,5.18813709980144,-70.62195055402822,5.349260264866236,1,behavior_127,0.16112316506479551,5.714860664407858,32.65963241359623
"(-70, -60]",-66.15,-0.249539061038283,-64.88984488815481,-1.5465070353583386,10,behavior_127,-1.2969679743200555,58.378511658551766,3408.0506234676645
"(-60, -50]",-56.700000225,5.89424048556142,-55.08066101544612,-7.994319355931565,9,behavior_127,-13.888559841492985,848.8301636237884,720512.6466775874
"(-50, -40]",-45.6231879,11.03997350737515,-44.855496321416425,-10.643003450441629,10,behavior_127,-21.682976957816777,1688.113609203658,2849727.5575786005
"(-40, -30]",-35.3528118,3.646997812277105,-34.88897535307018,-11.980319247532815,8,behavior_127,-15.62731705980992,1418.8526399924992,2013142.8140136846
"(-30, -20]",-24.5127375,1.60011999570311,-25.06543645252785,-13.749315006751306,9,behavior_127,-15.349435002454417,1554.6924435529947,2417068.5940407817
"(-20, -10]",-14.62973805,-5.954104569439496,-14.749954586353766,-15.320296675291655,10,behavior_127,-9.366192105852159,1008.8401033723569,1017758.3541723478
"(-10, 0]",-3.46887202499999,-9.91567052953346,-5.683114054388631,-18.729718166437248,11,behavior_127,-8.814047636903789,979.382082916262,959189.2643373959
"(0, 10]",5.03812620000001,-18.191934691485,4.8918705960494515,-20.170103522713493,10,behavior_127,-1.9781688312284942,219.3589698755312,48118.3576648542
"(10, 20]",15.44703525,-19.2966096331278,14.889857017366243,-19.72878865935555,10,behavior_127,-0.4321790262277503,46.372289362234035,2150.389220694764
"(20, 30]",25.0356285,-20.1180129941091,24.80575462733373,-18.81524801316166,9,behavior_127,1.3027649809474404,131.3980596714961,17265.45008543405
"(30, 40]",35.95858155,-16.672725789169398,35.13217005329357,-16.927225107826082,9,behavior_127,-0.2544993186566842,22.932182447163036,525.8849917899724
"(40, 50]",47.10268035,-12.1608318325397,45.299232515991655,-14.24850657835196,9,behavior_127,-2.0876747458122615,158.1915334541827,25024.561256585803
"(50, 60]",53.785143,1.50594210230876,56.44395651912126,-6.617839027202022,20,behavior_127,-8.123781129510782,534.2971380415582,285473.43171939993
"(-80, -70]",-71.42044770000001,5.18813709980144,-70.62195055402822,5.349260264866236,1,behavior_128,0.16112316506479551,5.714860664407858,32.65963241359623
"(-70, -60]",-66.15,-0.249539061038283,-67.05136830184756,-10.008548180188619,12,behavior_128,-9.759009119150337,439.2679225074225,192956.30774398692
"(-60, -50]",-56.700000225,5.89424048556142,-55.37937926738891,-6.151893883454068,13,behavior_128,-12.046134369015489,736.2262411785371,542029.0781998774
"(-50, -40]",-45.6231879,11.03997350737515,-45.525400517689945,8.127989318455269,11,behavior_128,-2.911984188919881,226.7105733988884,51397.684090852774
"(-40, -30]",-35.3528118,3.646997812277105,-35.45632398896109,14.952534767226458,11,behavior_128,11.305536954949353,1026.4648047819003,1053629.9954559447
"(-30, -20]",-24.5127375,1.60011999570311,-24.984828069821933,11.814802858026042,10,behavior_128,10.214682862322931,1034.6107369296897,1070419.3769701954
"(-20, -10]",-14.62973805,-5.954104569439496,-14.652564197037751,7.544197328464962,10,behavior_128,13.498301897904458,1453.9129806578158,2113862.9553252943
"(-10, 0]",-3.46887202499999,-9.91567052953346,-6.979288376567183,-7.16000440072303,25,behavior_128,2.7556661288104296,306.19871190124485,93757.65116998155
"(0, 10]",5.03812620000001,-18.191934691485,3.533457234700141,-19.71741831421356,13,behavior_128,-1.5254836227285615,169.16074642421583,28615.35813079785
"(10, 20]",15.44703525,-19.2966096331278,14.889857017366243,-19.72878865935555,10,behavior_128,-0.4321790262277503,46.372289362234035,2150.389220694764
"(20, 30]",25.0356285,-20.1180129941091,24.80575462733373,-18.81524801316166,9,behavior_128,1.3027649809474404,131.3980596714961,17265.45008543405
"(30, 40]",35.95858155,-16.672725789169398,35.13217005329357,-16.927225107826082,9,behavior_128,-0.2544993186566842,22.932182447163036,525.8849917899724
"(40, 50]",47.10268035,-12.1608318325397,45.299232515991655,-14.24850657835196,9,behavior_128,-2.0876747458122615,158.1915334541827,25024.561256585803
"(50, 60]",53.785143,1.50594210230876,56.44395651912126,-6.617839027202022,20,behavior_128,-8.123781129510782,534.2971380415582,285473.43171939993
"(-80, -70]",-71.42044770000001,5.18813709980144,-70.62195055402822,5.349260264866236,1,behavior_129,0.16112316506479551,5.714860664407858,32.65963241359623
"(-70, -60]",-66.15,-0.249539061038283,-67.05136830184756,-10.008548180188619,12,behavior_129,-9.759009119150337,439.2679225074225,192956.30774398692
"(-60, -50]",-56.700000225,5.89424048556142,-55.37937926738891,-6.151893883454068,13,behavior_129,-12.046134369015489,736.2262411785371,542029.0781998774
"(-50, -40]",-45.6231879,11.03997350737515,-45.525400517689945,8.127989318455269,11,behavior_129,-2.911984188919881,226.7105733988884,51397.684090852774
"(-40, -30]",-35.3528118,3.646997812277105,-35.45632398896109,14.952534767226458,11,behavior_129,11.305536954949353,1026.4648047819003,1053629.9954559447
"(-30, -20]",-24.5127375,1.60011999570311,-24.984828069821933,11.814802858026042,10,behavior_129,10.214682862322931,1034.6107369296897,1070419.3769701954
"(-20, -10]",-14.62973805,-5.954104569439496,-14.652564197037751,7.544197328464962,10,behavior_129,13.498301897904458,1453.9129806578158,2113862.9553252943
"(-10, 0]",-3.46887202499999,-9.91567052953346,-6.979288376567183,-7.16000440072303,25,behavior_129,2.7556661288104296,306.19871190124485,93757.65116998155
"(0, 10]",5.03812620000001,-18.191934691485,3.533457234700141,-19.71741831421356,13,behavior_129,-1.5254836227285615,169.16074642421583,28615.35813079785
"(10, 20]",15.44703525,-19.2966096331278,14.889857017366243,-19.72878865935555,10,behavior_129,-0.4321790262277503,46.372289362234035,2150.389220694764
"(20, 30]",25.0356285,-20.1180129941091,24.80575462733373,-18.81524801316166,9,behavior_129,1.3027649809474404,131.3980596714961,17265.45008543405
"(30, 40]",35.95858155,-16.672725789169398,35.13217005329357,-16.927225107826082,9,behavior_129,-0.2544993186566842,22.932182447163036,525.8849917899724
"(40, 50]",47.10268035,-12.1608318325397,45.299232515991655,-14.24850657835196,9,behavior_129,-2.0876747458122615,158.1915334541827,25024.561256585803
"(50, 60]",53.785143,1.50594210230876,56.44395651912126,-6.617839027202022,20,behavior_129,-8.123781129510782,534.2971380415582,285473.43171939993
"(-80, -70]",-71.42044770000001,5.18813709980144,-70.62195055402822,5.349260264866236,1,behavior_130,0.16112316506479551,5.714860664407858,32.65963241359623
"(-70, -60]",-66.15,-0.249539061038283,-64.88984488815481,-1.5465070353583386,10,behavior_130,-1.2969679743200555,58.378511658551766,3408.0506234676645
"(-60, -50]",-56.700000225,5.89424048556142,-54.64969641211008,-4.746344820128181,11,behavior_130,-10.640585305689601,650.3229902280826,422919.99161919486
"(-50, -40]",-45.6231879,11.03997350737515,-45.38946312588267,7.139088172469722,11,behavior_130,-3.9008853349054275,303.70080799365786,92234.18077600063
"(-40, -30]",-35.3528118,3.646997812277105,-35.45632398896109,14.952534767226458,11,behavior_130,11.305536954949353,1026.4648047819003,1053629.9954559447
"(-30, -20]",-24.5127375,1.60011999570311,-24.984828069821933,11.814802858026042,10,behavior_130,10.214682862322931,1034.6107369296897,1070419.3769701954
"(-20, -10]",-14.62973805,-5.954104569439496,-13.18282885275984,2.197163414326337,21,behavior_130,8.151267983765832,877.979646629288,770848.2598952894
"(-10, 0]",-3.46887202499999,-9.91567052953346,-6.965645148298346,-16.573399200492055,16,behavior_130,-6.657728670958596,739.7804552308119,547275.1219415072
"(0, 10]",5.03812620000001,-18.191934691485,4.8918705960494515,-20.170103522713493,10,behavior_130,-1.9781688312284942,219.3589698755312,48118.3576648542
"(10, 20]",15.44703525,-19.2966096331278,14.889857017366243,-19.72878865935555,10,behavior_130,-0.4321790262277503,46.372289362234035,2150.389220694764
"(20, 30]",25.0356285,-20.1180129941091,24.80575462733373,-18.81524801316166,9,behavior_130,1.3027649809474404,131.3980596714961,17265.45008543405
"(30, 40]",35.95858155,-16.672725789169398,35.13217005329357,-16.927225107826082,9,behavior_130,-0.2544993186566842,22.932182447163036,525.8849917899724
"(40, 50]",47.10268035,-12.1608318325397,45.299232515991655,-14.24850657835196,9,behavior_130,-2.0876747458122615,158.1915334541827,25024.561256585803
"(50, 60]",53.785143,1.50594210230876,56.44395651912126,-6.617839027202022,20,behavior_130,-8.123781129510782,534.2971380415582,285473.43171939993
"(-80, -70]",-71.42044770000001,5.18813709980144,-70.44701072825211,0.2231550420016385,4,behavior_131,-4.964982057799801,176.1024285378221,31012.065336918742
"(-70, -60]",-66.15,-0.249539061038283,-64.82009292136561,-11.058870306076397,10,behavior_131,-10.809331245038114,486.54452739315224,236725.57713622585
"(-60, -50]",-56.700000225,5.89424048556142,-54.72148103306775,-11.620485522183952,10,behavior_131,-17.514726007745374,1070.4513579992727,1145866.109842487
"(-50, -40]",-45.6231879,11.03997350737515,-45.19805636875781,-2.2828128579109856,13,behavior_131,-13.322786365286134,1037.2365851564773,1075859.7335870701
"(-40, -30]",-35.3528118,3.646997812277105,-35.24362878193731,8.714993105312583,10,behavior_131,5.067995293035478,460.13902920584957,211727.9261985017
"(-30, -20]",-24.5127375,1.60011999570311,-24.929598001352613,6.414688935907934,10,behavior_131,4.814568940204824,487.6514314112858,237803.91855747596
"(-20, -10]",-14.62973805,-5.954104569439496,-12.59484696936678,0.0773507172618936,17,behavior_131,6.031455286701389,649.6529118935865,422048.9059318161
"(-10, 0]",-3.46887202499999,-9.91567052953346,-6.965645148298346,-16.573399200492055,16,behavior_131,-6.657728670958596,739.7804552308119,547275.1219415072
"(0, 10]",5.03812620000001,-18.191934691485,4.8918705960494515,-20.170103522713493,10,behavior_131,-1.9781688312284942,219.3589698755312,48118.3576648542
"(10, 20]",15.44703525,-19.2966096331278,14.889857017366243,-19.72878865935555,10,behavior_131,-0.4321790262277503,46.372289362234035,2150.389220694764
"(20, 30]",25.0356285,-20.1180129941091,24.80575462733373,-18.81524801316166,9,behavior_131,1.3027649809474404,131.3980596714961,17265.45008543405
"(30, 40]",35.95858155,-16.672725789169398,35.13217005329357,-16.927225107826082,9,behavior_131,-0.2544993186566842,22.932182447163036,525.8849917899724
"(40, 50]",47.10268035,-12.1608318325397,45.299232515991655,-14.24850657835196,9,behavior_131,-2.0876747458122615,158.1915334541827,25024.561256585803
"(50, 60]",53.785143,1.50594210230876,56.44395651912126,-6.617839027202022,20,behavior_131,-8.123781129510782,534.2971380415582,285473.43171939993
"(-80, -70]",-71.42044770000001,5.18813709980144,-70.62195055402822,5.349260264866236,1,behavior_132,0.16112316506479551,5.714860664407858,32.65963241359623
"(-70, -60]",-66.15,-0.249539061038283,-67.05136830184756,-10.008548180188619,12,behavior_132,-9.759009119150337,439.2679225074225,192956.30774398692
"(-60, -50]",-56.700000225,5.89424048556142,-55.37937926738891,-6.151893883454068,13,behavior_132,-12.046134369015489,736.2262411785371,542029.0781998774
"(-50, -40]",-45.6231879,11.03997350737515,-45.525400517689945,7.579995917590878,11,behavior_132,-3.4599775897842715,269.3742316019416,72562.47665113646
"(-40, -30]",-35.3528118,3.646997812277105,-35.45632398896109,14.952534767226458,11,behavior_132,11.305536954949353,1026.4648047819003,1053629.9954559447
"(-30, -20]",-24.5127375,1.60011999570311,-24.984828069821933,11.814802858026042,10,behavior_132,10.214682862322931,1034.6107369296897,1070419.3769701954
"(-20, -10]",-14.62973805,-5.954104569439496,-14.652564197037751,7.544197328464962,10,behavior_132,13.498301897904458,1453.9129806578158,2113862.9553252943
"(-10, 0]",-3.46887202499999,-9.91567052953346,-6.979288376567183,-7.16000440072303,25,behavior_132,2.7556661288104296,306.19871190124485,93757.65116998155
"(0, 10]",5.03812620000001,-18.191934691485,3.533457234700141,-19.71741831421356,13,behavior_132,-1.5254836227285615,169.16074642421583,28615.35813079785
"(10, 20]",15.44703525,-19.2966096331278,14.889857017366243,-19.72878865935555,10,behavior_132,-0.4321790262277503,46.372289362234035,2150.389220694764
"(20, 30]",25.0356285,-20.1180129941091,24.80575462733373,-18.81524801316166,9,behavior_132,1.3027649809474404,131.3980596714961,17265.45008543405
"(30, 40]",35.95858155,-16.672725789169398,35.13217005329357,-16.927225107826082,9,behavior_132,-0.2544993186566842,22.932182447163036,525.8849917899724
"(40, 50]",47.10268035,-12.1608318325397,45.299232515991655,-14.24850657835196,9,behavior_132,-2.0876747458122615,158.1915334541827,25024.561256585803
"(50, 60]",53.785143,1.50594210230876,56.44395651912126,-6.617839027202022,20,behavior_132,-8.123781129510782,534.2971380415582,285473.43171939993
"(-80, -70]",-71.42044770000001,5.18813709980144,-70.44701072825211,0.2231550420016385,4,behavior_133,-4.964982057799801,176.1024285378221,31012.065336918742
"(-70, -60]",-66.15,-0.249539061038283,-65.3755546892138,-10.947970806476189,9,behavior_133,-10.698431745437906,481.55277134479456,231893.07158985198
"(-60, -50]",-56.700000225,5.89424048556142,-55.37937926738891,-6.151893883454068,13,behavior_133,-12.046134369015489,736.2262411785371,542029.0781998774
"(-50, -40]",-45.6231879,11.03997350737515,-45.38946312588267,7.139088172469722,11,behavior_133,-3.9008853349054275,303.70080799365786,92234.18077600063
"(-40, -30]",-35.3528118,3.646997812277105,-35.45632398896109,14.952534767226458,11,behavior_133,11.305536954949353,1026.4648047819003,1053629.9954559447
"(-30, -20]",-24.5127375,1.60011999570311,-24.984828069821933,11.814802858026042,10,behavior_133,10.214682862322931,1034.6107369296897,1070419.3769701954
"(-20, -10]",-14.62973805,-5.954104569439496,-13.18282885275984,2.197163414326337,21,behavior_133,8.151267983765832,877.979646629288,770848.2598952894
"(-10, 0]",-3.46887202499999,-9.91567052953346,-6.714342001073763,-16.99842169736817,17,behavior_133,-7.08275116783471,787.0072726278441,619380.4471691177
"(0, 10]",5.03812620000001,-18.191934691485,4.937530669447581,-21.050702486825433,10,behavior_133,-2.858767795340434,317.0085125190138,100494.39700951772
"(10, 20]",15.44703525,-19.2966096331278,14.889857017366243,-19.72878865935555,10,behavior_133,-0.4321790262277503,46.372289362234035,2150.389220694764
"(20, 30]",25.0356285,-20.1180129941091,24.80575462733373,-18.81524801316166,9,behavior_133,1.3027649809474404,131.3980596714961,17265.45008543405
"(30, 40]",35.95858155,-16.672725789169398,35.13217005329357,-16.927225107826082,9,behavior_133,-0.2544993186566842,22.932182447163036,525.8849917899724
"(40, 50]",47.10268035,-12.1608318325397,45.299232515991655,-14.24850657835196,9,behavior_133,-2.0876747458122615,158.1915334541827,25024.561256585803
"(50, 60]",53.785143,1.50594210230876,56.44395651912126,-6.617839027202022,20,behavior_133,-8.123781129510782,534.2971380415582,285473.43171939993
"(-80, -70]",-71.42044770000001,5.18813709980144,-70.44701072825211,0.2231550420016385,4,behavior_134,-4.964982057799801,176.1024285378221,31012.065336918742
"(-70, -60]",-66.15,-0.249539061038283,-64.82009292136561,-11.058870306076397,10,behavior_134,-10.809331245038114,486.54452739315224,236725.57713622585
"(-60, -50]",-56.700000225,5.89424048556142,-54.05852386579362,-10.892215405933033,12,behavior_134,-16.786455891494455,1025.941513278531,1052555.988668242
"(-50, -40]",-45.6231879,11.03997350737515,-45.050822950890456,3.507878096956534,11,behavior_134,-7.5320954104186155,586.4062297757628,343872.2663198247
"(-40, -30]",-35.3528118,3.646997812277105,-35.239463162466706,13.245081400630514,11,behavior_134,9.59808358835341,871.4398118425044,759407.3456640994
"(-30, -20]",-24.5127375,1.60011999570311,-24.786900530126708,10.658332429377145,10,behavior_134,9.058212433674035,917.4757520702838,841761.7556369328
"(-20, -10]",-14.62973805,-5.954104569439496,-13.03708100159824,1.6672427409498518,20,behavior_134,7.621347310389347,820.9014636423886,673879.2130102159
"(-10, 0]",-3.46887202499999,-9.91567052953346,-6.714342001073763,-16.99842169736817,17,behavior_134,-7.08275116783471,787.0072726278441,619380.4471691177
"(0, 10]",5.03812620000001,-18.191934691485,4.937530669447581,-21.050702486825433,10,behavior_134,-2.858767795340434,317.0085125190138,100494.39700951772
"(10, 20]",15.44703525,-19.2966096331278,14.889857017366243,-19.72878865935555,10,behavior_134,-0.4321790262277503,46.372289362234035,2150.389220694764
"(20, 30]",25.0356285,-20.1180129941091,24.80575462733373,-18.81524801316166,9,behavior_134,1.3027649809474404,131.3980596714961,17265.45008543405
"(30, 40]",35.95858155,-16.672725789169398,35.13217005329357,-16.927225107826082,9,behavior_134,-0.2544993186566842,22.932182447163036,525.8849917899724
"(40, 50]",47.10268035,-12.1608318325397,45.299232515991655,-14.24850657835196,9,behavior_134,-2.0876747458122615,158.1915334541827,25024.561256585803
"(50, 60]",53.785143,1.50594210230876,56.44395651912126,-6.617839027202022,20,behavior_134,-8.123781129510782,534.2971380415582,285473.43171939993
"(-80, -70]",-71.42044770000001,5.18813709980144,-70.62195055402822,5.349260264866236,1,behavior_135,0.16112316506479551,5.714860664407858,32.65963241359623
"(-70, -60]",-66.15,-0.249539061038283,-64.88984488815481,-1.5465070353583386,10,behavior_135,-1.2969679743200555,58.378511658551766,3408.0506234676645
"(-60, -50]",-56.700000225,5.89424048556142,-54.9157338170603,1.415498116476058,12,behavior_135,-4.478742369085362,273.72828150415694,74927.17209521898
"(-50, -40]",-45.6231879,11.03997350737515,-44.82255221216329,12.05804840313867,11,behavior_135,1.0180748957635206,79.2615372912355,6282.391293769915
"(-40, -30]",-35.3528118,3.646997812277105,-35.051119515112475,16.69315270284082,10,behavior_135,13.046154890563715,1184.5009119212516,1403042.4103422766
"(-30, -20]",-24.5127375,1.60011999570311,-24.984828069821933,11.814802858026042,10,behavior_135,10.214682862322931,1034.6107369296897,1070419.3769701954
"(-20, -10]",-14.62973805,-5.954104569439496,-14.652564197037751,7.544197328464962,10,behavior_135,13.498301897904458,1453.9129806578158,2113862.9553252943
"(-10, 0]",-3.46887202499999,-9.91567052953346,-6.979288376567183,-7.16000440072303,25,behavior_135,2.7556661288104296,306.19871190124485,93757.65116998155
"(0, 10]",5.03812620000001,-18.191934691485,4.413503593494211,-16.311633984735664,11,behavior_135,1.8803007067493347,208.50638205264735,43474.91135668454
"(10, 20]",15.44703525,-19.2966096331278,14.141544876140044,-17.275014160559007,11,behavior_135,2.0215954725687943,216.91476110166437,47052.013583792126
"(20, 30]",25.0356285,-20.1180129941091,24.24251390909328,-18.748839965232705,10,behavior_135,1.3691730288763964,138.09603572400758,19070.515082686376
"(30, 40]",35.95858155,-16.672725789169398,35.13217005329357,-16.927225107826082,9,behavior_135,-0.2544993186566842,22.932182447163036,525.8849917899724
"(40, 50]",47.10268035,-12.1608318325397,45.299232515991655,-14.24850657835196,9,behavior_135,-2.0876747458122615,158.1915334541827,25024.561256585803
"(50, 60]",53.785143,1.50594210230876,56.44395651912126,-6.617839027202022,20,behavior_135,-8.123781129510782,534.2971380415582,285473.43171939993
"(-80, -70]",-71.42044770000001,5.18813709980144,-70.62195055402822,5.349260264866236,1,behavior_136,0.16112316506479551,5.714860664407858,32.65963241359623
"(-70, -60]",-66.15,-0.249539061038283,-64.88984488815481,-1.5465070353583386,10,behavior_136,-1.2969679743200555,58.378511658551766,3408.0506234676645
"(-60, -50]",-56.700000225,5.89424048556142,-54.9157338170603,1.415498116476058,12,behavior_136,-4.478742369085362,273.72828150415694,74927.17209521898
"(-50, -40]",-45.6231879,11.03997350737515,-44.82255221216329,12.05804840313867,11,behavior_136,1.0180748957635206,79.2615372912355,6282.391293769915
"(-40, -30]",-35.3528118,3.646997812277105,-35.051119515112475,16.69315270284082,10,behavior_136,13.046154890563715,1184.5009119212516,1403042.4103422766
"(-30, -20]",-24.5127375,1.60011999570311,-24.984828069821933,11.814802858026042,10,behavior_136,10.214682862322931,1034.6107369296897,1070419.3769701954
"(-20, -10]",-14.62973805,-5.954104569439496,-14.652564197037751,7.544197328464962,10,behavior_136,13.498301897904458,1453.9129806578158,2113862.9553252943
"(-10, 0]",-3.46887202499999,-9.91567052953346,-6.979288376567183,-7.16000440072303,25,behavior_136,2.7556661288104296,306.19871190124485,93757.65116998155
"(0, 10]",5.03812620000001,-18.191934691485,4.413503593494211,-16.311633984735664,11,behavior_136,1.8803007067493347,208.50638205264735,43474.91135668454
"(10, 20]",15.44703525,-19.2966096331278,14.141544876140044,-17.275014160559007,11,behavior_136,2.0215954725687943,216.91476110166437,47052.013583792126
"(20, 30]",25.0356285,-20.1180129941091,24.24251390909328,-18.748839965232705,10,behavior_136,1.3691730288763964,138.09603572400758,19070.515082686376
"(30, 40]",35.95858155,-16.672725789169398,35.13217005329357,-16.927225107826082,9,behavior_136,-0.2544993186566842,22.932182447163036,525.8849917899724
"(40, 50]",47.10268035,-12.1608318325397,45.299232515991655,-14.24850657835196,9,behavior_136,-2.0876747458122615,158.1915334541827,25024.561256585803
"(50, 60]",53.785143,1.50594210230876,56.44395651912126,-6.617839027202022,20,behavior_136,-8.123781129510782,534.2971380415582,285473.43171939993
"(-80, -70]",-71.42044770000001,5.18813709980144,-70.62195055402822,5.349260264866236,1,behavior_137,0.16112316506479551,5.714860664407858,32.65963241359623
"(-70, -60]",-66.15,-0.249539061038283,-64.88984488815481,-1.5465070353583386,10,behavior_137,-1.2969679743200555,58.378511658551766,3408.0506234676645
"(-60, -50]",-56.700000225,5.89424048556142,-54.9157338170603,1.415498116476058,12,behavior_137,-4.478742369085362,273.72828150415694,74927.17209521898
"(-50, -40]",-45.6231879,11.03997350737515,-44.82255221216329,12.05804840313867,11,behavior_137,1.0180748957635206,79.2615372912355,6282.391293769915
"(-40, -30]",-35.3528118,3.646997812277105,-35.051119515112475,16.69315270284082,10,behavior_137,13.046154890563715,1184.5009119212516,1403042.4103422766
"(-30, -20]",-24.5127375,1.60011999570311,-24.984828069821933,11.814802858026042,10,behavior_137,10.214682862322931,1034.6107369296897,1070419.3769701954
"(-20, -10]",-14.62973805,-5.954104569439496,-14.652564197037751,7.544197328464962,10,behavior_137,13.498301897904458,1453.9129806578158,2113862.9553252943
"(-10, 0]",-3.46887202499999,-9.91567052953346,-6.979288376567183,-7.16000440072303,25,behavior_137,2.7556661288104296,306.19871190124485,93757.65116998155
"(0, 10]",5.03812620000001,-18.191934691485,4.413503593494211,-16.311633984735664,11,behavior_137,1.8803007067493347,208.50638205264735,43474.91135668454
"(10, 20]",15.44703525,-19.2966096331278,14.141544876140044,-17.275014160559007,11,behavior_137,2.0215954725687943,216.91476110166437,47052.013583792126
"(20, 30]",25.0356285,-20.1180129941091,24.24251390909328,-18.748839965232705,10,behavior_137,1.3691730288763964,138.09603572400758,19070.515082686376
"(30, 40]",35.95858155,-16.672725789169398,35.13217005329357,-16.927225107826082,9,behavior_137,-0.2544993186566842,22.932182447163036,525.8849917899724
"(40, 50]",47.10268035,-12.1608318325397,45.299232515991655,-14.24850657835196,9,behavior_137,-2.0876747458122615,158.1915334541827,25024.561256585803
"(50, 60]",53.785143,1.50594210230876,56.44395651912126,-6.617839027202022,20,behavior_137,-8.123781129510782,534.2971380415582,285473.43171939993
"(-80, -70]",-71.42044770000001,5.18813709980144,-70.62195055402822,5.349260264866236,1,behavior_138,0.16112316506479551,5.714860664407858,32.65963241359623
"(-70, -60]",-66.15,-0.249539061038283,-64.88984488815481,-1.5465070353583386,10,behavior_138,-1.2969679743200555,58.378511658551766,3408.0506234676645
"(-60, -50]",-56.700000225,5.89424048556142,-54.73117156642582,-0.4150749979741032,12,behavior_138,-6.309315483535523,385.6078207794836,148693.39144630232
"(-50, -40]",-45.6231879,11.03997350737515,-44.82255221216329,12.05804840313867,11,behavior_138,1.0180748957635206,79.2615372912355,6282.391293769915
"(-40, -30]",-35.3528118,3.646997812277105,-35.051119515112475,16.69315270284082,10,behavior_138,13.046154890563715,1184.5009119212516,1403042.4103422766
"(-30, -20]",-24.5127375,1.60011999570311,-24.984828069821933,11.814802858026042,10,behavior_138,10.214682862322931,1034.6107369296897,1070419.3769701954
"(-20, -10]",-14.62973805,-5.954104569439496,-15.68135925694431,5.004866791390242,13,behavior_138,10.958971360829738,1180.3996411312432,1393343.312782768
"(-10, 0]",-3.46887202499999,-9.91567052953346,-6.2220723793874715,-8.26020485551148,22,behavior_138,1.655465674021979,183.94879251975132,33837.15826947452
"(0, 10]",5.03812620000001,-18.191934691485,4.413503593494211,-16.311633984735664,11,behavior_138,1.8803007067493347,208.50638205264735,43474.91135668454
"(10, 20]",15.44703525,-19.2966096331278,14.141544876140044,-17.275014160559007,11,behavior_138,2.0215954725687943,216.91476110166437,47052.013583792126
"(20, 30]",25.0356285,-20.1180129941091,24.24251390909328,-18.748839965232705,10,behavior_138,1.3691730288763964,138.09603572400758,19070.515082686376
"(30, 40]",35.95858155,-16.672725789169398,35.13217005329357,-16.927225107826082,9,behavior_138,-0.2544993186566842,22.932182447163036,525.8849917899724
"(40, 50]",47.10268035,-12.1608318325397,45.299232515991655,-14.24850657835196,9,behavior_138,-2.0876747458122615,158.1915334541827,25024.561256585803
"(50, 60]",53.785143,1.50594210230876,56.44395651912126,-6.617839027202022,20,behavior_138,-8.123781129510782,534.2971380415582,285473.43171939993
"(-80, -70]",-71.42044770000001,5.18813709980144,-70.62195055402822,5.349260264866236,1,behavior_139,0.16112316506479551,5.714860664407858,32.65963241359623
"(-70, -60]",-66.15,-0.249539061038283,-64.88984488815481,-1.5465070353583386,10,behavior_139,-1.2969679743200555,58.378511658551766,3408.0506234676645
"(-60, -50]",-56.700000225,5.89424048556142,-55.08066101544612,-7.994319355931565,9,behavior_139,-13.888559841492985,848.8301636237884,720512.6466775874
"(-50, -40]",-45.6231879,11.03997350737515,-45.419731265547576,-10.984348088940116,9,behavior_139,-22.024321596315268,1714.6887667938279,2940157.5669689383
"(-40, -30]",-35.3528118,3.646997812277105,-35.04836290451982,-13.213807527658236,9,behavior_139,-16.86080533993534,1530.844871029824,2343486.019158318
"(-30, -20]",-24.5127375,1.60011999570311,-24.64549821422348,-14.935346195997385,9,behavior_139,-16.535466191700493,1674.8215380404597,2805027.184284211
"(-20, -10]",-14.62973805,-5.954104569439496,-14.692557581405735,-16.824498283026013,10,behavior_139,-10.870393713586518,1170.8588713294478,1370910.4965708684
"(-10, 0]",-3.46887202499999,-9.91567052953346,-5.124526286287199,-17.874939018243257,9,behavior_139,-7.959268488709798,884.4024076208269,782167.6186055153
"(0, 10]",5.03812620000001,-18.191934691485,5.032609342962526,-18.000221875057086,10,behavior_139,0.1917128164279127,21.259017561937405,451.945827698763
"(10, 20]",15.44703525,-19.2966096331278,14.655558162555813,-17.456304697803922,10,behavior_139,1.8403049353238785,197.46250464874282,38991.44074215478
"(20, 30]",25.0356285,-20.1180129941091,24.24251390909328,-18.748839965232705,10,behavior_139,1.3691730288763964,138.09603572400758,19070.515082686376
"(30, 40]",35.95858155,-16.672725789169398,35.13217005329357,-16.927225107826082,9,behavior_139,-0.2544993186566842,22.932182447163036,525.8849917899724
"(40, 50]",47.10268035,-12.1608318325397,45.299232515991655,-14.24850657835196,9,behavior_139,-2.0876747458122615,158.1915334541827,25024.561256585803
"(50, 60]",53.785143,1.50594210230876,56.44395651912126,-6.617839027202022,20,behavior_139,-8.123781129510782,534.2971380415582,285473.43171939993
"(-80, -70]",-71.42044770000001,5.18813709980144,-70.62195055402822,5.349260264866236,1,behavior_140,0.16112316506479551,5.714860664407858,32.65963241359623
"(-70, -60]",-66.15,-0.249539061038283,-64.88984488815481,-1.5465070353583386,10,behavior_140,-1.2969679743200555,58.378511658551766,3408.0506234676645
"(-60, -50]",-56.700000225,5.89424048556142,-55.08066101544612,-7.994319355931565,9,behavior_140,-13.888559841492985,848.8301636237884,720512.6466775874
"(-50, -40]",-45.6231879,11.03997350737515,-45.419731265547576,-10.984348088940116,9,behavior_140,-22.024321596315268,1714.6887667938279,2940157.5669689383
"(-40, -30]",-35.3528118,3.646997812277105,-35.04836290451982,-13.213807527658236,9,behavior_140,-16.86080533993534,1530.844871029824,2343486.019158318
"(-30, -20]",-24.5127375,1.60011999570311,-24.64549821422348,-14.935346195997385,9,behavior_140,-16.535466191700493,1674.8215380404597,2805027.184284211
"(-20, -10]",-14.62973805,-5.954104569439496,-14.692557581405735,-16.824498283026013,10,behavior_140,-10.870393713586518,1170.8588713294478,1370910.4965708684
"(-10, 0]",-3.46887202499999,-9.91567052953346,-5.124526286287199,-17.874939018243257,9,behavior_140,-7.959268488709798,884.4024076208269,782167.6186055153
"(0, 10]",5.03812620000001,-18.191934691485,5.032609342962526,-18.000221875057086,10,behavior_140,0.1917128164279127,21.259017561937405,451.945827698763
"(10, 20]",15.44703525,-19.2966096331278,14.655558162555813,-17.456304697803922,10,behavior_140,1.8403049353238785,197.46250464874282,38991.44074215478
"(20, 30]",25.0356285,-20.1180129941091,24.24251390909328,-18.748839965232705,10,behavior_140,1.3691730288763964,138.09603572400758,19070.515082686376
"(30, 40]",35.95858155,-16.672725789169398,35.13217005329357,-16.927225107826082,9,behavior_140,-0.2544993186566842,22.932182447163036,525.8849917899724
"(40, 50]",47.10268035,-12.1608318325397,45.299232515991655,-14.24850657835196,9,behavior_140,-2.0876747458122615,158.1915334541827,25024.561256585803
"(50, 60]",53.785143,1.50594210230876,56.44395651912126,-6.617839027202022,20,behavior_140,-8.123781129510782,534.2971380415582,285473.43171939993
"(-80, -70]",-71.42044770000001,5.18813709980144,-70.62195055402822,5.349260264866236,1,behavior_141,0.16112316506479551,5.714860664407858,32.65963241359623
"(-70, -60]",-66.15,-0.249539061038283,-67.38646875799228,-15.099003583483912,14,behavior_141,-14.84946452244563,668.3971037922628,446754.6883578849
"(-60, -50]",-56.700000225,5.89424048556142,-54.64329458844306,-14.897062999368028,13,behavior_141,-20.79130348492945,1270.706663648386,1614695.4250404125
"(-50, -40]",-45.6231879,11.03997350737515,-43.9881057847841,3.019216903875793,15,behavior_141,-8.020756603499358,624.4506187881263,389938.57530487387
"(-40, -30]",-35.3528118,3.646997812277105,-35.45632398896109,14.952534767226458,11,behavior_141,11.305536954949353,1026.4648047819003,1053629.9954559447
"(-30, -20]",-24.5127375,1.60011999570311,-24.984828069821933,11.814802858026042,10,behavior_141,10.214682862322931,1034.6107369296897,1070419.3769701954
"(-20, -10]",-14.62973805,-5.954104569439496,-14.652564197037751,7.544197328464962,10,behavior_141,13.498301897904458,1453.9129806578158,2113862.9553252943
"(-10, 0]",-3.46887202499999,-9.91567052953346,-6.979288376567183,-7.16000440072303,25,behavior_141,2.7556661288104296,306.19871190124485,93757.65116998155
"(0, 10]",5.03812620000001,-18.191934691485,4.413503593494211,-16.311633984735664,11,behavior_141,1.8803007067493347,208.50638205264735,43474.91135668454
"(10, 20]",15.44703525,-19.2966096331278,13.746916269459158,-18.07955867173792,11,behavior_141,1.2170509613898801,130.58810336717997,17053.25274103728
"(20, 30]",25.0356285,-20.1180129941091,24.24251390909328,-18.748839965232705,10,behavior_141,1.3691730288763964,138.09603572400758,19070.515082686376
"(30, 40]",35.95858155,-16.672725789169398,35.13217005329357,-16.927225107826082,9,behavior_141,-0.2544993186566842,22.932182447163036,525.8849917899724
"(40, 50]",47.10268035,-12.1608318325397,45.299232515991655,-14.24850657835196,9,behavior_141,-2.0876747458122615,158.1915334541827,25024.561256585803
"(50, 60]",53.785143,1.50594210230876,56.44395651912126,-6.617839027202022,20,behavior_141,-8.123781129510782,534.2971380415582,285473.43171939993
"(-80, -70]",-71.42044770000001,5.18813709980144,-70.62195055402822,5.349260264866236,1,behavior_142,0.16112316506479551,5.714860664407858,32.65963241359623
"(-70, -60]",-66.15,-0.249539061038283,-64.88984488815481,-1.5465070353583386,10,behavior_142,-1.2969679743200555,58.378511658551766,3408.0506234676645
"(-60, -50]",-56.700000225,5.89424048556142,-54.9157338170603,1.415498116476058,12,behavior_142,-4.478742369085362,273.72828150415694,74927.17209521898
"(-50, -40]",-45.6231879,11.03997350737515,-44.82255221216329,12.05804840313867,11,behavior_142,1.0180748957635206,79.2615372912355,6282.391293769915
"(-40, -30]",-35.3528118,3.646997812277105,-35.051119515112475,16.69315270284082,10,behavior_142,13.046154890563715,1184.5009119212516,1403042.4103422766
"(-30, -20]",-24.5127375,1.60011999570311,-24.984828069821933,11.814802858026042,10,behavior_142,10.214682862322931,1034.6107369296897,1070419.3769701954
"(-20, -10]",-14.62973805,-5.954104569439496,-14.652564197037751,7.544197328464962,10,behavior_142,13.498301897904458,1453.9129806578158,2113862.9553252943
"(-10, 0]",-3.46887202499999,-9.91567052953346,-6.979288376567183,-7.16000440072303,25,behavior_142,2.7556661288104296,306.19871190124485,93757.65116998155
"(0, 10]",5.03812620000001,-18.191934691485,4.413503593494211,-16.311633984735664,11,behavior_142,1.8803007067493347,208.50638205264735,43474.91135668454
"(10, 20]",15.44703525,-19.2966096331278,13.746916269459158,-18.07955867173792,11,behavior_142,1.2170509613898801,130.58810336717997,17053.25274103728
"(20, 30]",25.0356285,-20.1180129941091,24.24251390909328,-18.748839965232705,10,behavior_142,1.3691730288763964,138.09603572400758,19070.515082686376
"(30, 40]",35.95858155,-16.672725789169398,35.13217005329357,-16.927225107826082,9,behavior_142,-0.2544993186566842,22.932182447163036,525.8849917899724
"(40, 50]",47.10268035,-12.1608318325397,45.299232515991655,-14.24850657835196,9,behavior_142,-2.0876747458122615,158.1915334541827,25024.561256585803
"(50, 60]",53.785143,1.50594210230876,56.44395651912126,-6.617839027202022,20,behavior_142,-8.123781129510782,534.2971380415582,285473.43171939993
"(-80, -70]",-71.42044770000001,5.18813709980144,-70.62195055402822,5.349260264866236,1,behavior_143,0.16112316506479551,5.714860664407858,32.65963241359623
"(-70, -60]",-66.15,-0.249539061038283,-64.88984488815481,-1.5465070353583386,10,behavior_143,-1.2969679743200555,58.378511658551766,3408.0506234676645
"(-60, -50]",-56.700000225,5.89424048556142,-54.9157338170603,1.415498116476058,12,behavior_143,-4.478742369085362,273.72828150415694,74927.17209521898
"(-50, -40]",-45.6231879,11.03997350737515,-44.82255221216329,12.05804840313867,11,behavior_143,1.0180748957635206,79.2615372912355,6282.391293769915
"(-40, -30]",-35.3528118,3.646997812277105,-35.051119515112475,16.69315270284082,10,behavior_143,13.046154890563715,1184.5009119212516,1403042.4103422766
"(-30, -20]",-24.5127375,1.60011999570311,-24.984828069821933,11.814802858026042,10,behavior_143,10.214682862322931,1034.6107369296897,1070419.3769701954
"(-20, -10]",-14.62973805,-5.954104569439496,-14.652564197037751,7.544197328464962,10,behavior_143,13.498301897904458,1453.9129806578158,2113862.9553252943
"(-10, 0]",-3.46887202499999,-9.91567052953346,-6.979288376567183,-7.16000440072303,25,behavior_143,2.7556661288104296,306.19871190124485,93757.65116998155
"(0, 10]",5.03812620000001,-18.191934691485,4.413503593494211,-16.311633984735664,11,behavior_143,1.8803007067493347,208.50638205264735,43474.91135668454
"(10, 20]",15.44703525,-19.2966096331278,13.746916269459158,-18.07955867173792,11,behavior_143,1.2170509613898801,130.58810336717997,17053.25274103728
"(20, 30]",25.0356285,-20.1180129941091,24.24251390909328,-18.748839965232705,10,behavior_143,1.3691730288763964,138.09603572400758,19070.515082686376
"(30, 40]",35.95858155,-16.672725789169398,35.13217005329357,-16.927225107826082,9,behavior_143,-0.2544993186566842,22.932182447163036,525.8849917899724
"(40, 50]",47.10268035,-12.1608318325397,45.299232515991655,-14.24850657835196,9,behavior_143,-2.0876747458122615,158.1915334541827,25024.561256585803
"(50, 60]",53.785143,1.50594210230876,56.44395651912126,-6.617839027202022,20,behavior_143,-8.123781129510782,534.2971380415582,285473.43171939993
"(-80, -70]",-71.42044770000001,5.18813709980144,-70.62195055402822,5.349260264866236,1,behavior_144,0.16112316506479551,5.714860664407858,32.65963241359623
"(-70, -60]",-66.15,-0.249539061038283,-64.88984488815481,-1.5465070353583386,10,behavior_144,-1.2969679743200555,58.378511658551766,3408.0506234676645
"(-60, -50]",-56.700000225,5.89424048556142,-54.73117156642582,-0.4150749979741032,12,behavior_144,-6.309315483535523,385.6078207794836,148693.39144630232
"(-50, -40]",-45.6231879,11.03997350737515,-44.82255221216329,12.05804840313867,11,behavior_144,1.0180748957635206,79.2615372912355,6282.391293769915
"(-40, -30]",-35.3528118,3.646997812277105,-35.051119515112475,16.69315270284082,10,behavior_144,13.046154890563715,1184.5009119212516,1403042.4103422766
"(-30, -20]",-24.5127375,1.60011999570311,-24.984828069821933,11.814802858026042,10,behavior_144,10.214682862322931,1034.6107369296897,1070419.3769701954
"(-20, -10]",-14.62973805,-5.954104569439496,-14.652564197037751,7.544197328464962,10,behavior_144,13.498301897904458,1453.9129806578158,2113862.9553252943
"(-10, 0]",-3.46887202499999,-9.91567052953346,-6.979288376567183,-7.16000440072303,25,behavior_144,2.7556661288104296,306.19871190124485,93757.65116998155
"(0, 10]",5.03812620000001,-18.191934691485,4.413503593494211,-16.311633984735664,11,behavior_144,1.8803007067493347,208.50638205264735,43474.91135668454
"(10, 20]",15.44703525,-19.2966096331278,13.746916269459158,-18.07955867173792,11,behavior_144,1.2170509613898801,130.58810336717997,17053.25274103728
"(20, 30]",25.0356285,-20.1180129941091,24.24251390909328,-18.748839965232705,10,behavior_144,1.3691730288763964,138.09603572400758,19070.515082686376
"(30, 40]",35.95858155,-16.672725789169398,35.13217005329357,-16.927225107826082,9,behavior_144,-0.2544993186566842,22.932182447163036,525.8849917899724
"(40, 50]",47.10268035,-12.1608318325397,45.299232515991655,-14.24850657835196,9,behavior_144,-2.0876747458122615,158.1915334541827,25024.561256585803
"(50, 60]",53.785143,1.50594210230876,56.44395651912126,-6.617839027202022,20,behavior_144,-8.123781129510782,534.2971380415582,285473.43171939993
"(-80, -70]",-71.42044770000001,5.18813709980144,-70.62195055402822,5.349260264866236,1,behavior_145,0.16112316506479551,5.714860664407858,32.65963241359623
"(-70, -60]",-66.15,-0.249539061038283,-64.88984488815481,-1.5465070353583386,10,behavior_145,-1.2969679743200555,58.378511658551766,3408.0506234676645
"(-60, -50]",-56.700000225,5.89424048556142,-54.73117156642582,-0.4150749979741032,12,behavior_145,-6.309315483535523,385.6078207794836,148693.39144630232
"(-50, -40]",-45.6231879,11.03997350737515,-44.82255221216329,12.05804840313867,11,behavior_145,1.0180748957635206,79.2615372912355,6282.391293769915
"(-40, -30]",-35.3528118,3.646997812277105,-34.95781773867162,15.582556881093652,10,behavior_145,11.935559068816547,1083.666468771496,1174333.0155396839
"(-30, -20]",-24.5127375,1.60011999570311,-24.786900530126708,10.658332429377145,10,behavior_145,9.058212433674035,917.4757520702838,841761.7556369328
"(-20, -10]",-14.62973805,-5.954104569439496,-13.03708100159824,1.6672427409498518,20,behavior_145,7.621347310389347,820.9014636423886,673879.2130102159
"(-10, 0]",-3.46887202499999,-9.91567052953346,-6.965645148298346,-16.573399200492055,16,behavior_145,-6.657728670958596,739.7804552308119,547275.1219415072
"(0, 10]",5.03812620000001,-18.191934691485,5.132329132327315,-19.72400666769007,10,behavior_145,-1.5320719762050707,169.89132836897605,28863.063454975247
"(10, 20]",15.44703525,-19.2966096331278,14.889857017366243,-19.72878865935555,10,behavior_145,-0.4321790262277503,46.372289362234035,2150.389220694764
"(20, 30]",25.0356285,-20.1180129941091,24.80575462733373,-18.81524801316166,9,behavior_145,1.3027649809474404,131.3980596714961,17265.45008543405
"(30, 40]",35.95858155,-16.672725789169398,35.13217005329357,-16.927225107826082,9,behavior_145,-0.2544993186566842,22.932182447163036,525.8849917899724
"(40, 50]",47.10268035,-12.1608318325397,45.299232515991655,-14.24850657835196,9,behavior_145,-2.0876747458122615,158.1915334541827,25024.561256585803
"(50, 60]",53.785143,1.50594210230876,56.44395651912126,-6.617839027202022,20,behavior_145,-8.123781129510782,534.2971380415582,285473.43171939993
"(-80, -70]",-71.42044770000001,5.18813709980144,-70.62195055402822,5.349260264866236,1,behavior_146,0.16112316506479551,5.714860664407858,32.65963241359623
"(-70, -60]",-66.15,-0.249539061038283,-64.88984488815481,-1.5465070353583386,10,behavior_146,-1.2969679743200555,58.378511658551766,3408.0506234676645
"(-60, -50]",-56.700000225,5.89424048556142,-55.08066101544612,-7.994319355931565,9,behavior_146,-13.888559841492985,848.8301636237884,720512.6466775874
"(-50, -40]",-45.6231879,11.03997350737515,-45.419731265547576,-10.984348088940116,9,behavior_146,-22.024321596315268,1714.6887667938279,2940157.5669689383
"(-40, -30]",-35.3528118,3.646997812277105,-35.04836290451982,-13.213807527658236,9,behavior_146,-16.86080533993534,1530.844871029824,2343486.019158318
"(-30, -20]",-24.5127375,1.60011999570311,-24.64549821422348,-14.935346195997385,9,behavior_146,-16.535466191700493,1674.8215380404597,2805027.184284211
"(-20, -10]",-14.62973805,-5.954104569439496,-14.692557581405735,-16.824498283026013,10,behavior_146,-10.870393713586518,1170.8588713294478,1370910.4965708684
"(-10, 0]",-3.46887202499999,-9.91567052953346,-5.140179446860763,-18.737103839858555,10,behavior_146,-8.821433310325096,980.202749710575,960797.430540172
"(0, 10]",5.03812620000001,-18.191934691485,5.132329132327315,-19.72400666769007,10,behavior_146,-1.5320719762050707,169.89132836897605,28863.063454975247
"(10, 20]",15.44703525,-19.2966096331278,14.889857017366243,-19.72878865935555,10,behavior_146,-0.4321790262277503,46.372289362234035,2150.389220694764
"(20, 30]",25.0356285,-20.1180129941091,24.80575462733373,-18.81524801316166,9,behavior_146,1.3027649809474404,131.3980596714961,17265.45008543405
"(30, 40]",35.95858155,-16.672725789169398,35.13217005329357,-16.927225107826082,9,behavior_146,-0.2544993186566842,22.932182447163036,525.8849917899724
"(40, 50]",47.10268035,-12.1608318325397,45.299232515991655,-14.24850657835196,9,behavior_146,-2.0876747458122615,158.1915334541827,25024.561256585803
"(50, 60]",53.785143,1.50594210230876,56.44395651912126,-6.617839027202022,20,behavior_146,-8.123781129510782,534.2971380415582,285473.43171939993
"(-80, -70]",-71.42044770000001,5.18813709980144,-70.62195055402822,5.349260264866236,1,behavior_147,0.16112316506479551,5.714860664407858,32.65963241359623
"(-70, -60]",-66.15,-0.249539061038283,-67.38646875799228,-15.099003583483912,14,behavior_147,-14.84946452244563,668.3971037922628,446754.6883578849
"(-60, -50]",-56.700000225,5.89424048556142,-54.64329458844306,-14.897062999368028,13,behavior_147,-20.79130348492945,1270.706663648386,1614695.4250404125
"(-50, -40]",-45.6231879,11.03997350737515,-43.9881057847841,3.019216903875793,15,behavior_147,-8.020756603499358,624.4506187881263,389938.57530487387
"(-40, -30]",-35.3528118,3.646997812277105,-35.45632398896109,14.952534767226458,11,behavior_147,11.305536954949353,1026.4648047819003,1053629.9954559447
"(-30, -20]",-24.5127375,1.60011999570311,-24.984828069821933,11.814802858026042,10,behavior_147,10.214682862322931,1034.6107369296897,1070419.3769701954
"(-20, -10]",-14.62973805,-5.954104569439496,-14.652564197037751,7.544197328464962,10,behavior_147,13.498301897904458,1453.9129806578158,2113862.9553252943
"(-10, 0]",-3.46887202499999,-9.91567052953346,-6.979288376567183,-7.16000440072303,25,behavior_147,2.7556661288104296,306.19871190124485,93757.65116998155
"(0, 10]",5.03812620000001,-18.191934691485,4.931131602086992,-16.320570965077117,12,behavior_147,1.871363726407882,207.51536107883015,43062.62508367726
"(10, 20]",15.44703525,-19.2966096331278,14.371738951201092,-19.124574660383047,11,behavior_147,0.1720349727447541,18.45914552165173,340.74005338951514
"(20, 30]",25.0356285,-20.1180129941091,24.80575462733373,-18.81524801316166,9,behavior_147,1.3027649809474404,131.3980596714961,17265.45008543405
"(30, 40]",35.95858155,-16.672725789169398,35.13217005329357,-16.927225107826082,9,behavior_147,-0.2544993186566842,22.932182447163036,525.8849917899724
"(40, 50]",47.10268035,-12.1608318325397,45.299232515991655,-14.24850657835196,9,behavior_147,-2.0876747458122615,158.1915334541827,25024.561256585803
"(50, 60]",53.785143,1.50594210230876,56.44395651912126,-6.617839027202022,20,behavior_147,-8.123781129510782,534.2971380415582,285473.43171939993
"(-80, -70]",-71.42044770000001,5.18813709980144,-70.62195055402822,5.349260264866236,1,behavior_148,0.16112316506479551,5.714860664407858,32.65963241359623
"(-70, -60]",-66.15,-0.249539061038283,-64.88984488815481,-1.5465070353583386,10,behavior_148,-1.2969679743200555,58.378511658551766,3408.0506234676645
"(-60, -50]",-56.700000225,5.89424048556142,-54.9157338170603,1.415498116476058,12,behavior_148,-4.478742369085362,273.72828150415694,74927.17209521898
"(-50, -40]",-45.6231879,11.03997350737515,-44.82255221216329,12.05804840313867,11,behavior_148,1.0180748957635206,79.2615372912355,6282.391293769915
"(-40, -30]",-35.3528118,3.646997812277105,-35.051119515112475,16.69315270284082,10,behavior_148,13.046154890563715,1184.5009119212516,1403042.4103422766
"(-30, -20]",-24.5127375,1.60011999570311,-24.984828069821933,11.814802858026042,10,behavior_148,10.214682862322931,1034.6107369296897,1070419.3769701954
"(-20, -10]",-14.62973805,-5.954104569439496,-14.652564197037751,7.544197328464962,10,behavior_148,13.498301897904458,1453.9129806578158,2113862.9553252943
"(-10, 0]",-3.46887202499999,-9.91567052953346,-6.979288376567183,-7.16000440072303,25,behavior_148,2.7556661288104296,306.19871190124485,93757.65116998155
"(0, 10]",5.03812620000001,-18.191934691485,4.931131602086992,-16.320570965077117,12,behavior_148,1.871363726407882,207.51536107883015,43062.62508367726
"(10, 20]",15.44703525,-19.2966096331278,14.371738951201092,-19.124574660383047,11,behavior_148,0.1720349727447541,18.45914552165173,340.74005338951514
"(20, 30]",25.0356285,-20.1180129941091,24.80575462733373,-18.81524801316166,9,behavior_148,1.3027649809474404,131.3980596714961,17265.45008543405
"(30, 40]",35.95858155,-16.672725789169398,35.13217005329357,-16.927225107826082,9,behavior_148,-0.2544993186566842,22.932182447163036,525.8849917899724
"(40, 50]",47.10268035,-12.1608318325397,45.299232515991655,-14.24850657835196,9,behavior_148,-2.0876747458122615,158.1915334541827,25024.561256585803
"(50, 60]",53.785143,1.50594210230876,56.44395651912126,-6.617839027202022,20,behavior_148,-8.123781129510782,534.2971380415582,285473.43171939993
"(-80, -70]",-71.42044770000001,5.18813709980144,-70.62195055402822,5.349260264866236,1,behavior_149,0.16112316506479551,5.714860664407858,32.65963241359623
"(-70, -60]",-66.15,-0.249539061038283,-64.88984488815481,-1.5465070353583386,10,behavior_149,-1.2969679743200555,58.378511658551766,3408.0506234676645
"(-60, -50]",-56.700000225,5.89424048556142,-54.73117156642582,-0.4150749979741032,12,behavior_149,-6.309315483535523,385.6078207794836,148693.39144630232
"(-50, -40]",-45.6231879,11.03997350737515,-44.82255221216329,12.05804840313867,11,behavior_149,1.0180748957635206,79.2615372912355,6282.391293769915
"(-40, -30]",-35.3528118,3.646997812277105,-35.051119515112475,16.69315270284082,10,behavior_149,13.046154890563715,1184.5009119212516,1403042.4103422766
"(-30, -20]",-24.5127375,1.60011999570311,-24.984828069821933,11.814802858026042,10,behavior_149,10.214682862322931,1034.6107369296897,1070419.3769701954
"(-20, -10]",-14.62973805,-5.954104569439496,-14.652564197037751,7.544197328464962,10,behavior_149,13.498301897904458,1453.9129806578158,2113862.9553252943
"(-10, 0]",-3.46887202499999,-9.91567052953346,-6.979288376567183,-7.16000440072303,25,behavior_149,2.7556661288104296,306.19871190124485,93757.65116998155
"(0, 10]",5.03812620000001,-18.191934691485,3.533457234700141,-19.71741831421356,13,behavior_149,-1.5254836227285615,169.16074642421583,28615.35813079785
"(10, 20]",15.44703525,-19.2966096331278,14.889857017366243,-19.72878865935555,10,behavior_149,-0.4321790262277503,46.372289362234035,2150.389220694764
"(20, 30]",25.0356285,-20.1180129941091,24.80575462733373,-18.81524801316166,9,behavior_149,1.3027649809474404,131.3980596714961,17265.45008543405
"(30, 40]",35.95858155,-16.672725789169398,35.13217005329357,-16.927225107826082,9,behavior_149,-0.2544993186566842,22.932182447163036,525.8849917899724
"(40, 50]",47.10268035,-12.1608318325397,45.299232515991655,-14.24850657835196,9,behavior_149,-2.0876747458122615,158.1915334541827,25024.561256585803
"(50, 60]",53.785143,1.50594210230876,56.44395651912126,-6.617839027202022,20,behavior_149,-8.123781129510782,534.2971380415582,285473.43171939993
"(-80, -70]",-71.42044770000001,5.18813709980144,-70.62195055402822,5.349260264866236,1,behavior_150,0.16112316506479551,5.714860664407858,32.65963241359623
"(-70, -60]",-66.15,-0.249539061038283,-64.88984488815481,-1.5465070353583386,10,behavior_150,-1.2969679743200555,58.378511658551766,3408.0506234676645
"(-60, -50]",-56.700000225,5.89424048556142,-54.73117156642582,-0.4150749979741032,12,behavior_150,-6.309315483535523,385.6078207794836,148693.39144630232
"(-50, -40]",-45.6231879,11.03997350737515,-44.82255221216329,12.05804840313867,11,behavior_150,1.0180748957635206,79.2615372912355,6282.391293769915
"(-40, -30]",-35.3528118,3.646997812277105,-35.051119515112475,16.69315270284082,10,behavior_150,13.046154890563715,1184.5009119212516,1403042.4103422766
"(-30, -20]",-24.5127375,1.60011999570311,-24.984828069821933,11.814802858026042,10,behavior_150,10.214682862322931,1034.6107369296897,1070419.3769701954
"(-20, -10]",-14.62973805,-5.954104569439496,-13.18282885275984,2.197163414326337,21,behavior_150,8.151267983765832,877.979646629288,770848.2598952894
"(-10, 0]",-3.46887202499999,-9.91567052953346,-6.965645148298346,-16.573399200492055,16,behavior_150,-6.657728670958596,739.7804552308119,547275.1219415072
"(0, 10]",5.03812620000001,-18.191934691485,4.8918705960494515,-20.170103522713493,10,behavior_150,-1.9781688312284942,219.3589698755312,48118.3576648542
"(10, 20]",15.44703525,-19.2966096331278,14.889857017366243,-19.72878865935555,10,behavior_150,-0.4321790262277503,46.372289362234035,2150.389220694764
"(20, 30]",25.0356285,-20.1180129941091,24.80575462733373,-18.81524801316166,9,behavior_150,1.3027649809474404,131.3980596714961,17265.45008543405
"(30, 40]",35.95858155,-16.672725789169398,35.13217005329357,-16.927225107826082,9,behavior_150,-0.2544993186566842,22.932182447163036,525.8849917899724
"(40, 50]",47.10268035,-12.1608318325397,45.299232515991655,-14.24850657835196,9,behavior_150,-2.0876747458122615,158.1915334541827,25024.561256585803
"(50, 60]",53.785143,1.50594210230876,56.44395651912126,-6.617839027202022,20,behavior_150,-8.123781129510782,534.2971380415582,285473.43171939993
"(-80, -70]",-71.42044770000001,5.18813709980144,-70.62195055402822,5.349260264866236,1,behavior_151,0.16112316506479551,5.714860664407858,32.65963241359623
"(-70, -60]",-66.15,-0.249539061038283,-64.88984488815481,-1.5465070353583386,10,behavior_151,-1.2969679743200555,58.378511658551766,3408.0506234676645
"(-60, -50]",-56.700000225,5.89424048556142,-54.05932815947176,-7.062111330412455,11,behavior_151,-12.956351815973875,791.856200890174,627036.2428882197
"(-50, -40]",-45.6231879,11.03997350737515,-45.050822950890456,3.507878096956534,11,behavior_151,-7.5320954104186155,586.4062297757628,343872.2663198247
"(-40, -30]",-35.3528118,3.646997812277105,-35.40758141355231,10.039783094709176,10,behavior_151,6.392785282432071,580.4208259273819,336888.33517022413
"(-30, -20]",-24.5127375,1.60011999570311,-24.929598001352613,6.414688935907934,10,behavior_151,4.814568940204824,487.6514314112858,237803.91855747596
"(-20, -10]",-14.62973805,-5.954104569439496,-12.59484696936678,0.0773507172618936,17,behavior_151,6.031455286701389,649.6529118935865,422048.9059318161
"(-10, 0]",-3.46887202499999,-9.91567052953346,-6.965645148298346,-16.573399200492055,16,behavior_151,-6.657728670958596,739.7804552308119,547275.1219415072
"(0, 10]",5.03812620000001,-18.191934691485,4.8918705960494515,-20.170103522713493,10,behavior_151,-1.9781688312284942,219.3589698755312,48118.3576648542
"(10, 20]",15.44703525,-19.2966096331278,14.889857017366243,-19.72878865935555,10,behavior_151,-0.4321790262277503,46.372289362234035,2150.389220694764
"(20, 30]",25.0356285,-20.1180129941091,24.80575462733373,-18.81524801316166,9,behavior_151,1.3027649809474404,131.3980596714961,17265.45008543405
"(30, 40]",35.95858155,-16.672725789169398,35.13217005329357,-16.927225107826082,9,behavior_151,-0.2544993186566842,22.932182447163036,525.8849917899724
"(40, 50]",47.10268035,-12.1608318325397,45.299232515991655,-14.24850657835196,9,behavior_151,-2.0876747458122615,158.1915334541827,25024.561256585803
"(50, 60]",53.785143,1.50594210230876,56.44395651912126,-6.617839027202022,20,behavior_151,-8.123781129510782,534.2971380415582,285473.43171939993
"(-80, -70]",-71.42044770000001,5.18813709980144,-70.62195055402822,5.349260264866236,1,behavior_152,0.16112316506479551,5.714860664407858,32.65963241359623
"(-70, -60]",-66.15,-0.249539061038283,-67.05136830184756,-10.008548180188619,12,behavior_152,-9.759009119150337,439.2679225074225,192956.30774398692
"(-60, -50]",-56.700000225,5.89424048556142,-55.37937926738891,-6.151893883454068,13,behavior_152,-12.046134369015489,736.2262411785371,542029.0781998774
"(-50, -40]",-45.6231879,11.03997350737515,-45.525400517689945,8.127989318455269,11,behavior_152,-2.911984188919881,226.7105733988884,51397.684090852774
"(-40, -30]",-35.3528118,3.646997812277105,-35.45632398896109,14.952534767226458,11,behavior_152,11.305536954949353,1026.4648047819003,1053629.9954559447
"(-30, -20]",-24.5127375,1.60011999570311,-24.984828069821933,11.814802858026042,10,behavior_152,10.214682862322931,1034.6107369296897,1070419.3769701954
"(-20, -10]",-14.62973805,-5.954104569439496,-14.652564197037751,7.544197328464962,10,behavior_152,13.498301897904458,1453.9129806578158,2113862.9553252943
"(-10, 0]",-3.46887202499999,-9.91567052953346,-6.979288376567183,-7.16000440072303,25,behavior_152,2.7556661288104296,306.19871190124485,93757.65116998155
"(0, 10]",5.03812620000001,-18.191934691485,3.533457234700141,-19.71741831421356,13,behavior_152,-1.5254836227285615,169.16074642421583,28615.35813079785
"(10, 20]",15.44703525,-19.2966096331278,14.889857017366243,-19.72878865935555,10,behavior_152,-0.4321790262277503,46.372289362234035,2150.389220694764
"(20, 30]",25.0356285,-20.1180129941091,24.80575462733373,-18.81524801316166,9,behavior_152,1.3027649809474404,131.3980596714961,17265.45008543405
"(30, 40]",35.95858155,-16.672725789169398,35.13217005329357,-16.927225107826082,9,behavior_152,-0.2544993186566842,22.932182447163036,525.8849917899724
"(40, 50]",47.10268035,-12.1608318325397,45.299232515991655,-14.24850657835196,9,behavior_152,-2.0876747458122615,158.1915334541827,25024.561256585803
"(50, 60]",53.785143,1.50594210230876,56.44395651912126,-6.617839027202022,20,behavior_152,-8.123781129510782,534.2971380415582,285473.43171939993
"(-80, -70]",-71.42044770000001,5.18813709980144,-70.62195055402822,5.349260264866236,1,behavior_153,0.16112316506479551,5.714860664407858,32.65963241359623
"(-70, -60]",-66.15,-0.249539061038283,-67.05136830184756,-10.008548180188619,12,behavior_153,-9.759009119150337,439.2679225074225,192956.30774398692
"(-60, -50]",-56.700000225,5.89424048556142,-55.37937926738891,-6.151893883454068,13,behavior_153,-12.046134369015489,736.2262411785371,542029.0781998774
"(-50, -40]",-45.6231879,11.03997350737515,-45.525400517689945,8.127989318455269,11,behavior_153,-2.911984188919881,226.7105733988884,51397.684090852774
"(-40, -30]",-35.3528118,3.646997812277105,-35.45632398896109,14.952534767226458,11,behavior_153,11.305536954949353,1026.4648047819003,1053629.9954559447
"(-30, -20]",-24.5127375,1.60011999570311,-24.984828069821933,11.814802858026042,10,behavior_153,10.214682862322931,1034.6107369296897,1070419.3769701954
"(-20, -10]",-14.62973805,-5.954104569439496,-14.652564197037751,7.544197328464962,10,behavior_153,13.498301897904458,1453.9129806578158,2113862.9553252943
"(-10, 0]",-3.46887202499999,-9.91567052953346,-6.979288376567183,-7.16000440072303,25,behavior_153,2.7556661288104296,306.19871190124485,93757.65116998155
"(0, 10]",5.03812620000001,-18.191934691485,3.533457234700141,-19.71741831421356,13,behavior_153,-1.5254836227285615,169.16074642421583,28615.35813079785
"(10, 20]",15.44703525,-19.2966096331278,14.889857017366243,-19.72878865935555,10,behavior_153,-0.4321790262277503,46.372289362234035,2150.389220694764
"(20, 30]",25.0356285,-20.1180129941091,24.80575462733373,-18.81524801316166,9,behavior_153,1.3027649809474404,131.3980596714961,17265.45008543405
"(30, 40]",35.95858155,-16.672725789169398,35.13217005329357,-16.927225107826082,9,behavior_153,-0.2544993186566842,22.932182447163036,525.8849917899724
"(40, 50]",47.10268035,-12.1608318325397,45.299232515991655,-14.24850657835196,9,behavior_153,-2.0876747458122615,158.1915334541827,25024.561256585803
"(50, 60]",53.785143,1.50594210230876,56.44395651912126,-6.617839027202022,20,behavior_153,-8.123781129510782,534.2971380415582,285473.43171939993
"(-80, -70]",-71.42044770000001,5.18813709980144,-70.62195055402822,5.349260264866236,1,behavior_154,0.16112316506479551,5.714860664407858,32.65963241359623
"(-70, -60]",-66.15,-0.249539061038283,-64.88984488815481,-1.5465070353583386,10,behavior_154,-1.2969679743200555,58.378511658551766,3408.0506234676645
"(-60, -50]",-56.700000225,5.89424048556142,-54.64969641211008,-4.746344820128181,11,behavior_154,-10.640585305689601,650.3229902280826,422919.99161919486
"(-50, -40]",-45.6231879,11.03997350737515,-45.525400517689945,8.127989318455269,11,behavior_154,-2.911984188919881,226.7105733988884,51397.684090852774
"(-40, -30]",-35.3528118,3.646997812277105,-35.45632398896109,14.952534767226458,11,behavior_154,11.305536954949353,1026.4648047819003,1053629.9954559447
"(-30, -20]",-24.5127375,1.60011999570311,-24.984828069821933,11.814802858026042,10,behavior_154,10.214682862322931,1034.6107369296897,1070419.3769701954
"(-20, -10]",-14.62973805,-5.954104569439496,-13.18282885275984,2.197163414326337,21,behavior_154,8.151267983765832,877.979646629288,770848.2598952894
"(-10, 0]",-3.46887202499999,-9.91567052953346,-6.965645148298346,-16.573399200492055,16,behavior_154,-6.657728670958596,739.7804552308119,547275.1219415072
"(0, 10]",5.03812620000001,-18.191934691485,4.8918705960494515,-20.170103522713493,10,behavior_154,-1.9781688312284942,219.3589698755312,48118.3576648542
"(10, 20]",15.44703525,-19.2966096331278,14.889857017366243,-19.72878865935555,10,behavior_154,-0.4321790262277503,46.372289362234035,2150.389220694764
"(20, 30]",25.0356285,-20.1180129941091,24.80575462733373,-18.81524801316166,9,behavior_154,1.3027649809474404,131.3980596714961,17265.45008543405
"(30, 40]",35.95858155,-16.672725789169398,35.13217005329357,-16.927225107826082,9,behavior_154,-0.2544993186566842,22.932182447163036,525.8849917899724
"(40, 50]",47.10268035,-12.1608318325397,45.299232515991655,-14.24850657835196,9,behavior_154,-2.0876747458122615,158.1915334541827,25024.561256585803
"(50, 60]",53.785143,1.50594210230876,56.44395651912126,-6.617839027202022,20,behavior_154,-8.123781129510782,534.2971380415582,285473.43171939993
"(-80, -70]",-71.42044770000001,5.18813709980144,-70.62195055402822,5.349260264866236,1,behavior_155,0.16112316506479551,5.714860664407858,32.65963241359623
"(-70, -60]",-66.15,-0.249539061038283,-64.88984488815481,-1.5465070353583386,10,behavior_155,-1.2969679743200555,58.378511658551766,3408.0506234676645
"(-60, -50]",-56.700000225,5.89424048556142,-54.64969641211008,-4.746344820128181,11,behavior_155,-10.640585305689601,650.3229902280826,422919.99161919486
"(-50, -40]",-45.6231879,11.03997350737515,-45.38946312588267,7.139088172469722,11,behavior_155,-3.9008853349054275,303.70080799365786,92234.18077600063
"(-40, -30]",-35.3528118,3.646997812277105,-35.45632398896109,14.257639692856076,11,behavior_155,10.61064188057897,963.3731232722278,928087.774643287
"(-30, -20]",-24.5127375,1.60011999570311,-24.786900530126708,10.658332429377145,10,behavior_155,9.058212433674035,917.4757520702838,841761.7556369328
"(-20, -10]",-14.62973805,-5.954104569439496,-13.03708100159824,1.6672427409498518,20,behavior_155,7.621347310389347,820.9014636423886,673879.2130102159
"(-10, 0]",-3.46887202499999,-9.91567052953346,-6.965645148298346,-16.573399200492055,16,behavior_155,-6.657728670958596,739.7804552308119,547275.1219415072
"(0, 10]",5.03812620000001,-18.191934691485,4.8918705960494515,-20.170103522713493,10,behavior_155,-1.9781688312284942,219.3589698755312,48118.3576648542
"(10, 20]",15.44703525,-19.2966096331278,14.889857017366243,-19.72878865935555,10,behavior_155,-0.4321790262277503,46.372289362234035,2150.389220694764
"(20, 30]",25.0356285,-20.1180129941091,24.80575462733373,-18.81524801316166,9,behavior_155,1.3027649809474404,131.3980596714961,17265.45008543405
"(30, 40]",35.95858155,-16.672725789169398,35.13217005329357,-16.927225107826082,9,behavior_155,-0.2544993186566842,22.932182447163036,525.8849917899724
"(40, 50]",47.10268035,-12.1608318325397,45.299232515991655,-14.24850657835196,9,behavior_155,-2.0876747458122615,158.1915334541827,25024.561256585803
"(50, 60]",53.785143,1.50594210230876,56.44395651912126,-6.617839027202022,20,behavior_155,-8.123781129510782,534.2971380415582,285473.43171939993
"(-80, -70]",-71.42044770000001,5.18813709980144,-70.62195055402822,5.349260264866236,1,behavior_156,0.16112316506479551,5.714860664407858,32.65963241359623
"(-70, -60]",-66.15,-0.249539061038283,-67.05136830184756,-10.008548180188619,12,behavior_156,-9.759009119150337,439.2679225074225,192956.30774398692
"(-60, -50]",-56.700000225,5.89424048556142,-55.37937926738891,-6.151893883454068,13,behavior_156,-12.046134369015489,736.2262411785371,542029.0781998774
"(-50, -40]",-45.6231879,11.03997350737515,-45.525400517689945,8.127989318455269,11,behavior_156,-2.911984188919881,226.7105733988884,51397.684090852774
"(-40, -30]",-35.3528118,3.646997812277105,-35.45632398896109,14.952534767226458,11,behavior_156,11.305536954949353,1026.4648047819003,1053629.9954559447
"(-30, -20]",-24.5127375,1.60011999570311,-24.984828069821933,11.814802858026042,10,behavior_156,10.214682862322931,1034.6107369296897,1070419.3769701954
"(-20, -10]",-14.62973805,-5.954104569439496,-14.652564197037751,7.544197328464962,10,behavior_156,13.498301897904458,1453.9129806578158,2113862.9553252943
"(-10, 0]",-3.46887202499999,-9.91567052953346,-6.979288376567183,-7.16000440072303,25,behavior_156,2.7556661288104296,306.19871190124485,93757.65116998155
"(0, 10]",5.03812620000001,-18.191934691485,3.533457234700141,-19.71741831421356,13,behavior_156,-1.5254836227285615,169.16074642421583,28615.35813079785
"(10, 20]",15.44703525,-19.2966096331278,14.889857017366243,-19.72878865935555,10,behavior_156,-0.4321790262277503,46.372289362234035,2150.389220694764
"(20, 30]",25.0356285,-20.1180129941091,24.80575462733373,-18.81524801316166,9,behavior_156,1.3027649809474404,131.3980596714961,17265.45008543405
"(30, 40]",35.95858155,-16.672725789169398,35.13217005329357,-16.927225107826082,9,behavior_156,-0.2544993186566842,22.932182447163036,525.8849917899724
"(40, 50]",47.10268035,-12.1608318325397,45.299232515991655,-14.24850657835196,9,behavior_156,-2.0876747458122615,158.1915334541827,25024.561256585803
"(50, 60]",53.785143,1.50594210230876,56.44395651912126,-6.617839027202022,20,behavior_156,-8.123781129510782,534.2971380415582,285473.43171939993
"(-80, -70]",-71.42044770000001,5.18813709980144,-70.62195055402822,5.349260264866236,1,behavior_157,0.16112316506479551,5.714860664407858,32.65963241359623
"(-70, -60]",-66.15,-0.249539061038283,-67.05136830184756,-10.008548180188619,12,behavior_157,-9.759009119150337,439.2679225074225,192956.30774398692
"(-60, -50]",-56.700000225,5.89424048556142,-55.37937926738891,-6.151893883454068,13,behavior_157,-12.046134369015489,736.2262411785371,542029.0781998774
"(-50, -40]",-45.6231879,11.03997350737515,-45.525400517689945,7.579995917590878,11,behavior_157,-3.4599775897842715,269.3742316019416,72562.47665113646
"(-40, -30]",-35.3528118,3.646997812277105,-35.45632398896109,14.952534767226458,11,behavior_157,11.305536954949353,1026.4648047819003,1053629.9954559447
"(-30, -20]",-24.5127375,1.60011999570311,-24.984828069821933,11.814802858026042,10,behavior_157,10.214682862322931,1034.6107369296897,1070419.3769701954
"(-20, -10]",-14.62973805,-5.954104569439496,-13.18282885275984,2.197163414326337,21,behavior_157,8.151267983765832,877.979646629288,770848.2598952894
"(-10, 0]",-3.46887202499999,-9.91567052953346,-6.714342001073763,-16.99842169736817,17,behavior_157,-7.08275116783471,787.0072726278441,619380.4471691177
"(0, 10]",5.03812620000001,-18.191934691485,4.937530669447581,-21.050702486825433,10,behavior_157,-2.858767795340434,317.0085125190138,100494.39700951772
"(10, 20]",15.44703525,-19.2966096331278,14.889857017366243,-19.72878865935555,10,behavior_157,-0.4321790262277503,46.372289362234035,2150.389220694764
"(20, 30]",25.0356285,-20.1180129941091,24.80575462733373,-18.81524801316166,9,behavior_157,1.3027649809474404,131.3980596714961,17265.45008543405
"(30, 40]",35.95858155,-16.672725789169398,35.13217005329357,-16.927225107826082,9,behavior_157,-0.2544993186566842,22.932182447163036,525.8849917899724
"(40, 50]",47.10268035,-12.1608318325397,45.299232515991655,-14.24850657835196,9,behavior_157,-2.0876747458122615,158.1915334541827,25024.561256585803
"(50, 60]",53.785143,1.50594210230876,56.44395651912126,-6.617839027202022,20,behavior_157,-8.123781129510782,534.2971380415582,285473.43171939993
"(-80, -70]",-71.42044770000001,5.18813709980144,-70.44701072825211,0.2231550420016385,4,behavior_158,-4.964982057799801,176.1024285378221,31012.065336918742
"(-70, -60]",-66.15,-0.249539061038283,-65.3755546892138,-10.947970806476189,9,behavior_158,-10.698431745437906,481.55277134479456,231893.07158985198
"(-60, -50]",-56.700000225,5.89424048556142,-54.395926379556,-11.620459585476617,13,behavior_158,-17.514700071038035,1070.449772819831,1145862.7161300278
"(-50, -40]",-45.6231879,11.03997350737515,-45.050822950890456,3.507878096956534,11,behavior_158,-7.5320954104186155,586.4062297757628,343872.2663198247
"(-40, -30]",-35.3528118,3.646997812277105,-35.239463162466706,13.245081400630514,11,behavior_158,9.59808358835341,871.4398118425044,759407.3456640994
"(-30, -20]",-24.5127375,1.60011999570311,-24.786900530126708,10.658332429377145,10,behavior_158,9.058212433674035,917.4757520702838,841761.7556369328
"(-20, -10]",-14.62973805,-5.954104569439496,-13.03708100159824,1.6672427409498518,20,behavior_158,7.621347310389347,820.9014636423886,673879.2130102159
"(-10, 0]",-3.46887202499999,-9.91567052953346,-6.714342001073763,-16.99842169736817,17,behavior_158,-7.08275116783471,787.0072726278441,619380.4471691177
"(0, 10]",5.03812620000001,-18.191934691485,4.937530669447581,-21.050702486825433,10,behavior_158,-2.858767795340434,317.0085125190138,100494.39700951772
"(10, 20]",15.44703525,-19.2966096331278,14.889857017366243,-19.72878865935555,10,behavior_158,-0.4321790262277503,46.372289362234035,2150.389220694764
"(20, 30]",25.0356285,-20.1180129941091,24.80575462733373,-18.81524801316166,9,behavior_158,1.3027649809474404,131.3980596714961,17265.45008543405
"(30, 40]",35.95858155,-16.672725789169398,35.13217005329357,-16.927225107826082,9,behavior_158,-0.2544993186566842,22.932182447163036,525.8849917899724
"(40, 50]",47.10268035,-12.1608318325397,45.299232515991655,-14.24850657835196,9,behavior_158,-2.0876747458122615,158.1915334541827,25024.561256585803
"(50, 60]",53.785143,1.50594210230876,56.44395651912126,-6.617839027202022,20,behavior_158,-8.123781129510782,534.2971380415582,285473.43171939993
"(-80, -70]",-71.42044770000001,5.18813709980144,-70.44701072825211,0.2231550420016385,4,behavior_159,-4.964982057799801,176.1024285378221,31012.065336918742
"(-70, -60]",-66.15,-0.249539061038283,-65.3755546892138,-10.947970806476189,9,behavior_159,-10.698431745437906,481.55277134479456,231893.07158985198
"(-60, -50]",-56.700000225,5.89424048556142,-55.37937926738891,-6.151893883454068,13,behavior_159,-12.046134369015489,736.2262411785371,542029.0781998774
"(-50, -40]",-45.6231879,11.03997350737515,-45.38946312588267,7.139088172469722,11,behavior_159,-3.9008853349054275,303.70080799365786,92234.18077600063
"(-40, -30]",-35.3528118,3.646997812277105,-35.45632398896109,14.952534767226458,11,behavior_159,11.305536954949353,1026.4648047819003,1053629.9954559447
"(-30, -20]",-24.5127375,1.60011999570311,-24.984828069821933,11.814802858026042,10,behavior_159,10.214682862322931,1034.6107369296897,1070419.3769701954
"(-20, -10]",-14.62973805,-5.954104569439496,-13.18282885275984,2.197163414326337,21,behavior_159,8.151267983765832,877.979646629288,770848.2598952894
"(-10, 0]",-3.46887202499999,-9.91567052953346,-6.714342001073763,-16.99842169736817,17,behavior_159,-7.08275116783471,787.0072726278441,619380.4471691177
"(0, 10]",5.03812620000001,-18.191934691485,4.937530669447581,-21.050702486825433,10,behavior_159,-2.858767795340434,317.0085125190138,100494.39700951772
"(10, 20]",15.44703525,-19.2966096331278,14.889857017366243,-19.72878865935555,10,behavior_159,-0.4321790262277503,46.372289362234035,2150.389220694764
"(20, 30]",25.0356285,-20.1180129941091,24.80575462733373,-18.81524801316166,9,behavior_159,1.3027649809474404,131.3980596714961,17265.45008543405
"(30, 40]",35.95858155,-16.672725789169398,35.13217005329357,-16.927225107826082,9,behavior_159,-0.2544993186566842,22.932182447163036,525.8849917899724
"(40, 50]",47.10268035,-12.1608318325397,45.299232515991655,-14.24850657835196,9,behavior_159,-2.0876747458122615,158.1915334541827,25024.561256585803
"(50, 60]",53.785143,1.50594210230876,56.44395651912126,-6.617839027202022,20,behavior_159,-8.123781129510782,534.2971380415582,285473.43171939993
"(-80, -70]",-71.42044770000001,5.18813709980144,-70.44701072825211,0.2231550420016385,4,behavior_160,-4.964982057799801,176.1024285378221,31012.065336918742
"(-70, -60]",-66.15,-0.249539061038283,-64.82009292136561,-11.058870306076397,10,behavior_160,-10.809331245038114,486.54452739315224,236725.57713622585
"(-60, -50]",-56.700000225,5.89424048556142,-54.05852386579362,-10.892215405933033,12,behavior_160,-16.786455891494455,1025.941513278531,1052555.988668242
"(-50, -40]",-45.6231879,11.03997350737515,-45.050822950890456,3.507878096956534,11,behavior_160,-7.5320954104186155,586.4062297757628,343872.2663198247
"(-40, -30]",-35.3528118,3.646997812277105,-35.239463162466706,13.245081400630514,11,behavior_160,9.59808358835341,871.4398118425044,759407.3456640994
"(-30, -20]",-24.5127375,1.60011999570311,-24.786900530126708,10.658332429377145,10,behavior_160,9.058212433674035,917.4757520702838,841761.7556369328
"(-20, -10]",-14.62973805,-5.954104569439496,-13.03708100159824,1.6672427409498518,20,behavior_160,7.621347310389347,820.9014636423886,673879.2130102159
"(-10, 0]",-3.46887202499999,-9.91567052953346,-6.714342001073763,-16.99842169736817,17,behavior_160,-7.08275116783471,787.0072726278441,619380.4471691177
"(0, 10]",5.03812620000001,-18.191934691485,4.937530669447581,-21.050702486825433,10,behavior_160,-2.858767795340434,317.0085125190138,100494.39700951772
"(10, 20]",15.44703525,-19.2966096331278,14.889857017366243,-19.72878865935555,10,behavior_160,-0.4321790262277503,46.372289362234035,2150.389220694764
"(20, 30]",25.0356285,-20.1180129941091,24.80575462733373,-18.81524801316166,9,behavior_160,1.3027649809474404,131.3980596714961,17265.45008543405
"(30, 40]",35.95858155,-16.672725789169398,35.13217005329357,-16.927225107826082,9,behavior_160,-0.2544993186566842,22.932182447163036,525.8849917899724
"(40, 50]",47.10268035,-12.1608318325397,45.299232515991655,-14.24850657835196,9,behavior_160,-2.0876747458122615,158.1915334541827,25024.561256585803
"(50, 60]",53.785143,1.50594210230876,56.44395651912126,-6.617839027202022,20,behavior_160,-8.123781129510782,534.2971380415582,285473.43171939993
"(-80, -70]",-71.42044770000001,5.18813709980144,-70.62195055402822,5.349260264866236,1,behavior_161,0.16112316506479551,5.714860664407858,32.65963241359623
"(-70, -60]",-66.15,-0.249539061038283,-67.38646875799228,-15.099003583483912,14,behavior_161,-14.84946452244563,668.3971037922628,446754.6883578849
"(-60, -50]",-56.700000225,5.89424048556142,-54.64329458844306,-14.897062999368028,13,behavior_161,-20.79130348492945,1270.706663648386,1614695.4250404125
"(-50, -40]",-45.6231879,11.03997350737515,-43.9881057847841,3.019216903875793,15,behavior_161,-8.020756603499358,624.4506187881263,389938.57530487387
"(-40, -30]",-35.3528118,3.646997812277105,-35.45632398896109,14.952534767226458,11,behavior_161,11.305536954949353,1026.4648047819003,1053629.9954559447
"(-30, -20]",-24.5127375,1.60011999570311,-24.984828069821933,11.814802858026042,10,behavior_161,10.214682862322931,1034.6107369296897,1070419.3769701954
"(-20, -10]",-14.62973805,-5.954104569439496,-14.652564197037751,7.544197328464962,10,behavior_161,13.498301897904458,1453.9129806578158,2113862.9553252943
"(-10, 0]",-3.46887202499999,-9.91567052953346,-6.979288376567183,-7.16000440072303,25,behavior_161,2.7556661288104296,306.19871190124485,93757.65116998155
"(0, 10]",5.03812620000001,-18.191934691485,4.413503593494211,-16.311633984735664,11,behavior_161,1.8803007067493347,208.50638205264735,43474.91135668454
"(10, 20]",15.44703525,-19.2966096331278,14.141544876140044,-17.275014160559007,11,behavior_161,2.0215954725687943,216.91476110166437,47052.013583792126
"(20, 30]",25.0356285,-20.1180129941091,24.24251390909328,-18.748839965232705,10,behavior_161,1.3691730288763964,138.09603572400758,19070.515082686376
"(30, 40]",35.95858155,-16.672725789169398,35.13217005329357,-16.927225107826082,9,behavior_161,-0.2544993186566842,22.932182447163036,525.8849917899724
"(40, 50]",47.10268035,-12.1608318325397,45.299232515991655,-14.24850657835196,9,behavior_161,-2.0876747458122615,158.1915334541827,25024.561256585803
"(50, 60]",53.785143,1.50594210230876,56.44395651912126,-6.617839027202022,20,behavior_161,-8.123781129510782,534.2971380415582,285473.43171939993
"(-80, -70]",-71.42044770000001,5.18813709980144,-70.62195055402822,5.349260264866236,1,behavior_162,0.16112316506479551,5.714860664407858,32.65963241359623
"(-70, -60]",-66.15,-0.249539061038283,-64.88984488815481,-1.5465070353583386,10,behavior_162,-1.2969679743200555,58.378511658551766,3408.0506234676645
"(-60, -50]",-56.700000225,5.89424048556142,-54.9157338170603,1.415498116476058,12,behavior_162,-4.478742369085362,273.72828150415694,74927.17209521898
"(-50, -40]",-45.6231879,11.03997350737515,-44.82255221216329,12.05804840313867,11,behavior_162,1.0180748957635206,79.2615372912355,6282.391293769915
"(-40, -30]",-35.3528118,3.646997812277105,-35.051119515112475,16.69315270284082,10,behavior_162,13.046154890563715,1184.5009119212516,1403042.4103422766
"(-30, -20]",-24.5127375,1.60011999570311,-24.984828069821933,11.814802858026042,10,behavior_162,10.214682862322931,1034.6107369296897,1070419.3769701954
"(-20, -10]",-14.62973805,-5.954104569439496,-14.652564197037751,7.544197328464962,10,behavior_162,13.498301897904458,1453.9129806578158,2113862.9553252943
"(-10, 0]",-3.46887202499999,-9.91567052953346,-6.979288376567183,-7.16000440072303,25,behavior_162,2.7556661288104296,306.19871190124485,93757.65116998155
"(0, 10]",5.03812620000001,-18.191934691485,4.413503593494211,-16.311633984735664,11,behavior_162,1.8803007067493347,208.50638205264735,43474.91135668454
"(10, 20]",15.44703525,-19.2966096331278,14.141544876140044,-17.275014160559007,11,behavior_162,2.0215954725687943,216.91476110166437,47052.013583792126
"(20, 30]",25.0356285,-20.1180129941091,24.24251390909328,-18.748839965232705,10,behavior_162,1.3691730288763964,138.09603572400758,19070.515082686376
"(30, 40]",35.95858155,-16.672725789169398,35.13217005329357,-16.927225107826082,9,behavior_162,-0.2544993186566842,22.932182447163036,525.8849917899724
"(40, 50]",47.10268035,-12.1608318325397,45.299232515991655,-14.24850657835196,9,behavior_162,-2.0876747458122615,158.1915334541827,25024.561256585803
"(50, 60]",53.785143,1.50594210230876,56.44395651912126,-6.617839027202022,20,behavior_162,-8.123781129510782,534.2971380415582,285473.43171939993
"(-80, -70]",-71.42044770000001,5.18813709980144,-70.62195055402822,5.349260264866236,1,behavior_163,0.16112316506479551,5.714860664407858,32.65963241359623
"(-70, -60]",-66.15,-0.249539061038283,-64.88984488815481,-1.5465070353583386,10,behavior_163,-1.2969679743200555,58.378511658551766,3408.0506234676645
"(-60, -50]",-56.700000225,5.89424048556142,-54.73117156642582,-0.4150749979741032,12,behavior_163,-6.309315483535523,385.6078207794836,148693.39144630232
"(-50, -40]",-45.6231879,11.03997350737515,-44.82255221216329,12.05804840313867,11,behavior_163,1.0180748957635206,79.2615372912355,6282.391293769915
"(-40, -30]",-35.3528118,3.646997812277105,-35.051119515112475,16.69315270284082,10,behavior_163,13.046154890563715,1184.5009119212516,1403042.4103422766
"(-30, -20]",-24.5127375,1.60011999570311,-24.984828069821933,11.814802858026042,10,behavior_163,10.214682862322931,1034.6107369296897,1070419.3769701954
"(-20, -10]",-14.62973805,-5.954104569439496,-15.68135925694431,5.004866791390242,13,behavior_163,10.958971360829738,1180.3996411312432,1393343.312782768
"(-10, 0]",-3.46887202499999,-9.91567052953346,-6.2220723793874715,-8.26020485551148,22,behavior_163,1.655465674021979,183.94879251975132,33837.15826947452
"(0, 10]",5.03812620000001,-18.191934691485,4.413503593494211,-16.311633984735664,11,behavior_163,1.8803007067493347,208.50638205264735,43474.91135668454
"(10, 20]",15.44703525,-19.2966096331278,14.141544876140044,-17.275014160559007,11,behavior_163,2.0215954725687943,216.91476110166437,47052.013583792126
"(20, 30]",25.0356285,-20.1180129941091,24.24251390909328,-18.748839965232705,10,behavior_163,1.3691730288763964,138.09603572400758,19070.515082686376
"(30, 40]",35.95858155,-16.672725789169398,35.13217005329357,-16.927225107826082,9,behavior_163,-0.2544993186566842,22.932182447163036,525.8849917899724
"(40, 50]",47.10268035,-12.1608318325397,45.299232515991655,-14.24850657835196,9,behavior_163,-2.0876747458122615,158.1915334541827,25024.561256585803
"(50, 60]",53.785143,1.50594210230876,56.44395651912126,-6.617839027202022,20,behavior_163,-8.123781129510782,534.2971380415582,285473.43171939993
"(-80, -70]",-71.42044770000001,5.18813709980144,-70.62195055402822,5.349260264866236,1,behavior_164,0.16112316506479551,5.714860664407858,32.65963241359623
"(-70, -60]",-66.15,-0.249539061038283,-64.88984488815481,-1.5465070353583386,10,behavior_164,-1.2969679743200555,58.378511658551766,3408.0506234676645
"(-60, -50]",-56.700000225,5.89424048556142,-54.73117156642582,-0.4150749979741032,12,behavior_164,-6.309315483535523,385.6078207794836,148693.39144630232
"(-50, -40]",-45.6231879,11.03997350737515,-44.82255221216329,12.05804840313867,11,behavior_164,1.0180748957635206,79.2615372912355,6282.391293769915
"(-40, -30]",-35.3528118,3.646997812277105,-35.051119515112475,16.69315270284082,10,behavior_164,13.046154890563715,1184.5009119212516,1403042.4103422766
"(-30, -20]",-24.5127375,1.60011999570311,-24.984828069821933,11.814802858026042,10,behavior_164,10.214682862322931,1034.6107369296897,1070419.3769701954
"(-20, -10]",-14.62973805,-5.954104569439496,-13.18282885275984,2.197163414326337,21,behavior_164,8.151267983765832,877.979646629288,770848.2598952894
"(-10, 0]",-3.46887202499999,-9.91567052953346,-6.656196844526108,-15.32845226080132,15,behavior_164,-5.412781731267861,601.4468794273972,361738.3487729541
"(0, 10]",5.03812620000001,-18.191934691485,5.032609342962526,-18.000221875057086,10,behavior_164,0.1917128164279127,21.259017561937405,451.945827698763
"(10, 20]",15.44703525,-19.2966096331278,14.655558162555813,-17.456304697803922,10,behavior_164,1.8403049353238785,197.46250464874282,38991.44074215478
"(20, 30]",25.0356285,-20.1180129941091,24.24251390909328,-18.748839965232705,10,behavior_164,1.3691730288763964,138.09603572400758,19070.515082686376
"(30, 40]",35.95858155,-16.672725789169398,35.13217005329357,-16.927225107826082,9,behavior_164,-0.2544993186566842,22.932182447163036,525.8849917899724
"(40, 50]",47.10268035,-12.1608318325397,45.299232515991655,-14.24850657835196,9,behavior_164,-2.0876747458122615,158.1915334541827,25024.561256585803
"(50, 60]",53.785143,1.50594210230876,56.44395651912126,-6.617839027202022,20,behavior_164,-8.123781129510782,534.2971380415582,285473.43171939993
"(-80, -70]",-71.42044770000001,5.18813709980144,-70.62195055402822,5.349260264866236,1,behavior_165,0.16112316506479551,5.714860664407858,32.65963241359623
"(-70, -60]",-66.15,-0.249539061038283,-64.88984488815481,-1.5465070353583386,10,behavior_165,-1.2969679743200555,58.378511658551766,3408.0506234676645
"(-60, -50]",-56.700000225,5.89424048556142,-54.73117156642582,-0.4150749979741032,12,behavior_165,-6.309315483535523,385.6078207794836,148693.39144630232
"(-50, -40]",-45.6231879,11.03997350737515,-44.82255221216329,12.05804840313867,11,behavior_165,1.0180748957635206,79.2615372912355,6282.391293769915
"(-40, -30]",-35.3528118,3.646997812277105,-34.95781773867162,15.582556881093652,10,behavior_165,11.935559068816547,1083.666468771496,1174333.0155396839
"(-30, -20]",-24.5127375,1.60011999570311,-24.786900530126708,10.658332429377145,10,behavior_165,9.058212433674035,917.4757520702838,841761.7556369328
"(-20, -10]",-14.62973805,-5.954104569439496,-13.03708100159824,1.6672427409498518,20,behavior_165,7.621347310389347,820.9014636423886,673879.2130102159
"(-10, 0]",-3.46887202499999,-9.91567052953346,-6.656196844526108,-15.32845226080132,15,behavior_165,-5.412781731267861,601.4468794273972,361738.3487729541
"(0, 10]",5.03812620000001,-18.191934691485,5.032609342962526,-18.000221875057086,10,behavior_165,0.1917128164279127,21.259017561937405,451.945827698763
"(10, 20]",15.44703525,-19.2966096331278,14.655558162555813,-17.456304697803922,10,behavior_165,1.8403049353238785,197.46250464874282,38991.44074215478
"(20, 30]",25.0356285,-20.1180129941091,24.24251390909328,-18.748839965232705,10,behavior_165,1.3691730288763964,138.09603572400758,19070.515082686376
"(30, 40]",35.95858155,-16.672725789169398,35.13217005329357,-16.927225107826082,9,behavior_165,-0.2544993186566842,22.932182447163036,525.8849917899724
"(40, 50]",47.10268035,-12.1608318325397,45.299232515991655,-14.24850657835196,9,behavior_165,-2.0876747458122615,158.1915334541827,25024.561256585803
"(50, 60]",53.785143,1.50594210230876,56.44395651912126,-6.617839027202022,20,behavior_165,-8.123781129510782,534.2971380415582,285473.43171939993
"(-80, -70]",-71.42044770000001,5.18813709980144,-70.62195055402822,5.349260264866236,1,behavior_166,0.16112316506479551,5.714860664407858,32.65963241359623
"(-70, -60]",-66.15,-0.249539061038283,-64.88984488815481,-1.5465070353583386,10,behavior_166,-1.2969679743200555,58.378511658551766,3408.0506234676645
"(-60, -50]",-56.700000225,5.89424048556142,-54.05932815947176,-6.488965474327507,11,behavior_166,-12.383205959888928,756.8271196640975,572787.2890590541
"(-50, -40]",-45.6231879,11.03997350737515,-45.231374103798025,5.054613236569866,11,behavior_166,-5.985360270805284,465.98620423708843,217143.1425392895
"(-40, -30]",-35.3528118,3.646997812277105,-35.48256147298714,10.459226090593187,10,behavior_166,6.812228278316082,618.5033579294318,382546.4037699828
"(-30, -20]",-24.5127375,1.60011999570311,-24.929598001352613,6.414688935907934,10,behavior_166,4.814568940204824,487.6514314112858,237803.91855747596
"(-20, -10]",-14.62973805,-5.954104569439496,-12.59484696936678,0.0773507172618936,17,behavior_166,6.031455286701389,649.6529118935865,422048.9059318161
"(-10, 0]",-3.46887202499999,-9.91567052953346,-7.216948295522931,-16.148376703615938,15,behavior_166,-6.2327061740824785,692.5536378337792,479630.5412768015
"(0, 10]",5.03812620000001,-18.191934691485,5.032609342962526,-18.000221875057086,10,behavior_166,0.1917128164279127,21.259017561937405,451.945827698763
"(10, 20]",15.44703525,-19.2966096331278,14.655558162555813,-17.456304697803922,10,behavior_166,1.8403049353238785,197.46250464874282,38991.44074215478
"(20, 30]",25.0356285,-20.1180129941091,24.24251390909328,-18.748839965232705,10,behavior_166,1.3691730288763964,138.09603572400758,19070.515082686376
"(30, 40]",35.95858155,-16.672725789169398,35.13217005329357,-16.927225107826082,9,behavior_166,-0.2544993186566842,22.932182447163036,525.8849917899724
"(40, 50]",47.10268035,-12.1608318325397,45.299232515991655,-14.24850657835196,9,behavior_166,-2.0876747458122615,158.1915334541827,25024.561256585803
"(50, 60]",53.785143,1.50594210230876,56.44395651912126,-6.617839027202022,20,behavior_166,-8.123781129510782,534.2971380415582,285473.43171939993
"(-80, -70]",-71.42044770000001,5.18813709980144,-70.62195055402822,5.349260264866236,1,behavior_167,0.16112316506479551,5.714860664407858,32.65963241359623
"(-70, -60]",-66.15,-0.249539061038283,-66.02028490516521,-5.575862189719434,11,behavior_167,-5.3263231286811505,239.745948259008,57478.119706610945
"(-60, -50]",-56.700000225,5.89424048556142,-55.12294341640195,-1.070838481368096,13,behavior_167,-6.965078966929516,425.68626168772334,181208.7933896689
"(-50, -40]",-45.6231879,11.03997350737515,-44.82255221216329,12.05804840313867,11,behavior_167,1.0180748957635206,79.2615372912355,6282.391293769915
"(-40, -30]",-35.3528118,3.646997812277105,-35.051119515112475,16.69315270284082,10,behavior_167,13.046154890563715,1184.5009119212516,1403042.4103422766
"(-30, -20]",-24.5127375,1.60011999570311,-24.984828069821933,11.814802858026042,10,behavior_167,10.214682862322931,1034.6107369296897,1070419.3769701954
"(-20, -10]",-14.62973805,-5.954104569439496,-14.652564197037751,7.544197328464962,10,behavior_167,13.498301897904458,1453.9129806578158,2113862.9553252943
"(-10, 0]",-3.46887202499999,-9.91567052953346,-6.979288376567183,-7.16000440072303,25,behavior_167,2.7556661288104296,306.19871190124485,93757.65116998155
"(0, 10]",5.03812620000001,-18.191934691485,4.413503593494211,-16.311633984735664,11,behavior_167,1.8803007067493347,208.50638205264735,43474.91135668454
"(10, 20]",15.44703525,-19.2966096331278,14.141544876140044,-17.88490709344878,11,behavior_167,1.4117025396790197,151.473983443375,22944.367660203847
"(20, 30]",25.0356285,-20.1180129941091,24.24251390909328,-18.748839965232705,10,behavior_167,1.3691730288763964,138.09603572400758,19070.515082686376
"(30, 40]",35.95858155,-16.672725789169398,35.13217005329357,-16.927225107826082,9,behavior_167,-0.2544993186566842,22.932182447163036,525.8849917899724
"(40, 50]",47.10268035,-12.1608318325397,45.299232515991655,-14.24850657835196,9,behavior_167,-2.0876747458122615,158.1915334541827,25024.561256585803
"(50, 60]",53.785143,1.50594210230876,56.44395651912126,-6.617839027202022,20,behavior_167,-8.123781129510782,534.2971380415582,285473.43171939993
"(-80, -70]",-71.42044770000001,5.18813709980144,-70.62195055402822,5.349260264866236,1,behavior_168,0.16112316506479551,5.714860664407858,32.65963241359623
"(-70, -60]",-66.15,-0.249539061038283,-66.02028490516521,-5.575862189719434,11,behavior_168,-5.3263231286811505,239.745948259008,57478.119706610945
"(-60, -50]",-56.700000225,5.89424048556142,-55.12294341640195,-1.070838481368096,13,behavior_168,-6.965078966929516,425.68626168772334,181208.7933896689
"(-50, -40]",-45.6231879,11.03997350737515,-44.82255221216329,12.05804840313867,11,behavior_168,1.0180748957635206,79.2615372912355,6282.391293769915
"(-40, -30]",-35.3528118,3.646997812277105,-35.051119515112475,16.69315270284082,10,behavior_168,13.046154890563715,1184.5009119212516,1403042.4103422766
"(-30, -20]",-24.5127375,1.60011999570311,-24.984828069821933,11.814802858026042,10,behavior_168,10.214682862322931,1034.6107369296897,1070419.3769701954
"(-20, -10]",-14.62973805,-5.954104569439496,-14.652564197037751,7.544197328464962,10,behavior_168,13.498301897904458,1453.9129806578158,2113862.9553252943
"(-10, 0]",-3.46887202499999,-9.91567052953346,-6.979288376567183,-7.16000440072303,25,behavior_168,2.7556661288104296,306.19871190124485,93757.65116998155
"(0, 10]",5.03812620000001,-18.191934691485,4.413503593494211,-16.311633984735664,11,behavior_168,1.8803007067493347,208.50638205264735,43474.91135668454
"(10, 20]",15.44703525,-19.2966096331278,14.141544876140044,-17.88490709344878,11,behavior_168,1.4117025396790197,151.473983443375,22944.367660203847
"(20, 30]",25.0356285,-20.1180129941091,24.24251390909328,-18.748839965232705,10,behavior_168,1.3691730288763964,138.09603572400758,19070.515082686376
"(30, 40]",35.95858155,-16.672725789169398,35.13217005329357,-16.927225107826082,9,behavior_168,-0.2544993186566842,22.932182447163036,525.8849917899724
"(40, 50]",47.10268035,-12.1608318325397,45.299232515991655,-14.24850657835196,9,behavior_168,-2.0876747458122615,158.1915334541827,25024.561256585803
"(50, 60]",53.785143,1.50594210230876,56.44395651912126,-6.617839027202022,20,behavior_168,-8.123781129510782,534.2971380415582,285473.43171939993
"(-80, -70]",-71.42044770000001,5.18813709980144,-70.62195055402822,5.349260264866236,1,behavior_169,0.16112316506479551,5.714860664407858,32.65963241359623
"(-70, -60]",-66.15,-0.249539061038283,-64.88984488815481,-1.5465070353583386,10,behavior_169,-1.2969679743200555,58.378511658551766,3408.0506234676645
"(-60, -50]",-56.700000225,5.89424048556142,-54.73117156642582,-0.4150749979741032,12,behavior_169,-6.309315483535523,385.6078207794836,148693.39144630232
"(-50, -40]",-45.6231879,11.03997350737515,-44.82255221216329,12.05804840313867,11,behavior_169,1.0180748957635206,79.2615372912355,6282.391293769915
"(-40, -30]",-35.3528118,3.646997812277105,-35.051119515112475,16.69315270284082,10,behavior_169,13.046154890563715,1184.5009119212516,1403042.4103422766
"(-30, -20]",-24.5127375,1.60011999570311,-24.984828069821933,11.814802858026042,10,behavior_169,10.214682862322931,1034.6107369296897,1070419.3769701954
"(-20, -10]",-14.62973805,-5.954104569439496,-14.652564197037751,7.544197328464962,10,behavior_169,13.498301897904458,1453.9129806578158,2113862.9553252943
"(-10, 0]",-3.46887202499999,-9.91567052953346,-6.979288376567183,-7.16000440072303,25,behavior_169,2.7556661288104296,306.19871190124485,93757.65116998155
"(0, 10]",5.03812620000001,-18.191934691485,4.413503593494211,-16.311633984735664,11,behavior_169,1.8803007067493347,208.50638205264735,43474.91135668454
"(10, 20]",15.44703525,-19.2966096331278,14.141544876140044,-17.88490709344878,11,behavior_169,1.4117025396790197,151.473983443375,22944.367660203847
"(20, 30]",25.0356285,-20.1180129941091,24.24251390909328,-18.748839965232705,10,behavior_169,1.3691730288763964,138.09603572400758,19070.515082686376
"(30, 40]",35.95858155,-16.672725789169398,35.13217005329357,-16.927225107826082,9,behavior_169,-0.2544993186566842,22.932182447163036,525.8849917899724
"(40, 50]",47.10268035,-12.1608318325397,45.299232515991655,-14.24850657835196,9,behavior_169,-2.0876747458122615,158.1915334541827,25024.561256585803
"(50, 60]",53.785143,1.50594210230876,56.44395651912126,-6.617839027202022,20,behavior_169,-8.123781129510782,534.2971380415582,285473.43171939993
"(-80, -70]",-71.42044770000001,5.18813709980144,-70.62195055402822,5.349260264866236,1,behavior_170,0.16112316506479551,5.714860664407858,32.65963241359623
"(-70, -60]",-66.15,-0.249539061038283,-64.88984488815481,-1.5465070353583386,10,behavior_170,-1.2969679743200555,58.378511658551766,3408.0506234676645
"(-60, -50]",-56.700000225,5.89424048556142,-54.73117156642582,-0.4150749979741032,12,behavior_170,-6.309315483535523,385.6078207794836,148693.39144630232
"(-50, -40]",-45.6231879,11.03997350737515,-44.82255221216329,12.05804840313867,11,behavior_170,1.0180748957635206,79.2615372912355,6282.391293769915
"(-40, -30]",-35.3528118,3.646997812277105,-35.051119515112475,16.69315270284082,10,behavior_170,13.046154890563715,1184.5009119212516,1403042.4103422766
"(-30, -20]",-24.5127375,1.60011999570311,-24.984828069821933,11.814802858026042,10,behavior_170,10.214682862322931,1034.6107369296897,1070419.3769701954
"(-20, -10]",-14.62973805,-5.954104569439496,-13.18282885275984,2.197163414326337,21,behavior_170,8.151267983765832,877.979646629288,770848.2598952894
"(-10, 0]",-3.46887202499999,-9.91567052953346,-6.965645148298346,-16.573399200492055,16,behavior_170,-6.657728670958596,739.7804552308119,547275.1219415072
"(0, 10]",5.03812620000001,-18.191934691485,5.132329132327315,-19.72400666769007,10,behavior_170,-1.5320719762050707,169.89132836897605,28863.063454975247
"(10, 20]",15.44703525,-19.2966096331278,14.889857017366243,-19.72878865935555,10,behavior_170,-0.4321790262277503,46.372289362234035,2150.389220694764
"(20, 30]",25.0356285,-20.1180129941091,24.80575462733373,-18.81524801316166,9,behavior_170,1.3027649809474404,131.3980596714961,17265.45008543405
"(30, 40]",35.95858155,-16.672725789169398,35.13217005329357,-16.927225107826082,9,behavior_170,-0.2544993186566842,22.932182447163036,525.8849917899724
"(40, 50]",47.10268035,-12.1608318325397,45.299232515991655,-14.24850657835196,9,behavior_170,-2.0876747458122615,158.1915334541827,25024.561256585803
"(50, 60]",53.785143,1.50594210230876,56.44395651912126,-6.617839027202022,20,behavior_170,-8.123781129510782,534.2971380415582,285473.43171939993
"(-80, -70]",-71.42044770000001,5.18813709980144,-70.62195055402822,5.349260264866236,1,behavior_171,0.16112316506479551,5.714860664407858,32.65963241359623
"(-70, -60]",-66.15,-0.249539061038283,-64.88984488815481,-1.5465070353583386,10,behavior_171,-1.2969679743200555,58.378511658551766,3408.0506234676645
"(-60, -50]",-56.700000225,5.89424048556142,-54.05932815947176,-6.488965474327507,11,behavior_171,-12.383205959888928,756.8271196640975,572787.2890590541
"(-50, -40]",-45.6231879,11.03997350737515,-45.231374103798025,5.054613236569866,11,behavior_171,-5.985360270805284,465.98620423708843,217143.1425392895
"(-40, -30]",-35.3528118,3.646997812277105,-35.48256147298714,10.459226090593187,10,behavior_171,6.812228278316082,618.5033579294318,382546.4037699828
"(-30, -20]",-24.5127375,1.60011999570311,-24.929598001352613,6.414688935907934,10,behavior_171,4.814568940204824,487.6514314112858,237803.91855747596
"(-20, -10]",-14.62973805,-5.954104569439496,-12.59484696936678,0.0773507172618936,17,behavior_171,6.031455286701389,649.6529118935865,422048.9059318161
"(-10, 0]",-3.46887202499999,-9.91567052953346,-6.965645148298346,-16.573399200492055,16,behavior_171,-6.657728670958596,739.7804552308119,547275.1219415072
"(0, 10]",5.03812620000001,-18.191934691485,5.132329132327315,-19.72400666769007,10,behavior_171,-1.5320719762050707,169.89132836897605,28863.063454975247
"(10, 20]",15.44703525,-19.2966096331278,14.889857017366243,-19.72878865935555,10,behavior_171,-0.4321790262277503,46.372289362234035,2150.389220694764
"(20, 30]",25.0356285,-20.1180129941091,24.80575462733373,-18.81524801316166,9,behavior_171,1.3027649809474404,131.3980596714961,17265.45008543405
"(30, 40]",35.95858155,-16.672725789169398,35.13217005329357,-16.927225107826082,9,behavior_171,-0.2544993186566842,22.932182447163036,525.8849917899724
"(40, 50]",47.10268035,-12.1608318325397,45.299232515991655,-14.24850657835196,9,behavior_171,-2.0876747458122615,158.1915334541827,25024.561256585803
"(50, 60]",53.785143,1.50594210230876,56.44395651912126,-6.617839027202022,20,behavior_171,-8.123781129510782,534.2971380415582,285473.43171939993
"(-80, -70]",-71.42044770000001,5.18813709980144,-70.62195055402822,5.349260264866236,1,behavior_172,0.16112316506479551,5.714860664407858,32.65963241359623
"(-70, -60]",-66.15,-0.249539061038283,-67.05136830184756,-10.008548180188619,12,behavior_172,-9.759009119150337,439.2679225074225,192956.30774398692
"(-60, -50]",-56.700000225,5.89424048556142,-55.37937926738891,-6.151893883454068,13,behavior_172,-12.046134369015489,736.2262411785371,542029.0781998774
"(-50, -40]",-45.6231879,11.03997350737515,-45.639582510262805,9.650344082366646,13,behavior_172,-1.3896294250085042,108.18866563712429,11704.787372341478
"(-40, -30]",-35.3528118,3.646997812277105,-35.051119515112475,16.133351454109793,10,behavior_172,12.486353641832688,1133.674818319054,1285218.5936907404
"(-30, -20]",-24.5127375,1.60011999570311,-24.984828069821933,11.814802858026042,10,behavior_172,10.214682862322931,1034.6107369296897,1070419.3769701954
"(-20, -10]",-14.62973805,-5.954104569439496,-14.652564197037751,7.544197328464962,10,behavior_172,13.498301897904458,1453.9129806578158,2113862.9553252943
"(-10, 0]",-3.46887202499999,-9.91567052953346,-6.979288376567183,-7.16000440072303,25,behavior_172,2.7556661288104296,306.19871190124485,93757.65116998155
"(0, 10]",5.03812620000001,-18.191934691485,4.413503593494211,-16.311633984735664,11,behavior_172,1.8803007067493347,208.50638205264735,43474.91135668454
"(10, 20]",15.44703525,-19.2966096331278,13.860066664603224,-19.101427869813904,12,behavior_172,0.19518176331389725,20.942768291243723,438.59954370072353
"(20, 30]",25.0356285,-20.1180129941091,24.80575462733373,-18.81524801316166,9,behavior_172,1.3027649809474404,131.3980596714961,17265.45008543405
"(30, 40]",35.95858155,-16.672725789169398,35.13217005329357,-16.927225107826082,9,behavior_172,-0.2544993186566842,22.932182447163036,525.8849917899724
"(40, 50]",47.10268035,-12.1608318325397,45.299232515991655,-14.24850657835196,9,behavior_172,-2.0876747458122615,158.1915334541827,25024.561256585803
"(50, 60]",53.785143,1.50594210230876,56.44395651912126,-6.617839027202022,20,behavior_172,-8.123781129510782,534.2971380415582,285473.43171939993
"(-80, -70]",-71.42044770000001,5.18813709980144,-70.62195055402822,5.349260264866236,1,behavior_173,0.16112316506479551,5.714860664407858,32.65963241359623
"(-70, -60]",-66.15,-0.249539061038283,-66.02028490516521,-5.575862189719434,11,behavior_173,-5.3263231286811505,239.745948259008,57478.119706610945
"(-60, -50]",-56.700000225,5.89424048556142,-55.12294341640195,-1.070838481368096,13,behavior_173,-6.965078966929516,425.68626168772334,181208.7933896689
"(-50, -40]",-45.6231879,11.03997350737515,-44.82255221216329,12.05804840313867,11,behavior_173,1.0180748957635206,79.2615372912355,6282.391293769915
"(-40, -30]",-35.3528118,3.646997812277105,-35.051119515112475,16.69315270284082,10,behavior_173,13.046154890563715,1184.5009119212516,1403042.4103422766
"(-30, -20]",-24.5127375,1.60011999570311,-24.984828069821933,11.814802858026042,10,behavior_173,10.214682862322931,1034.6107369296897,1070419.3769701954
"(-20, -10]",-14.62973805,-5.954104569439496,-14.652564197037751,7.544197328464962,10,behavior_173,13.498301897904458,1453.9129806578158,2113862.9553252943
"(-10, 0]",-3.46887202499999,-9.91567052953346,-6.979288376567183,-7.16000440072303,25,behavior_173,2.7556661288104296,306.19871190124485,93757.65116998155
"(0, 10]",5.03812620000001,-18.191934691485,3.533457234700141,-19.71741831421356,13,behavior_173,-1.5254836227285615,169.16074642421583,28615.35813079785
"(10, 20]",15.44703525,-19.2966096331278,14.889857017366243,-19.72878865935555,10,behavior_173,-0.4321790262277503,46.372289362234035,2150.389220694764
"(20, 30]",25.0356285,-20.1180129941091,24.80575462733373,-18.81524801316166,9,behavior_173,1.3027649809474404,131.3980596714961,17265.45008543405
"(30, 40]",35.95858155,-16.672725789169398,35.13217005329357,-16.927225107826082,9,behavior_173,-0.2544993186566842,22.932182447163036,525.8849917899724
"(40, 50]",47.10268035,-12.1608318325397,45.299232515991655,-14.24850657835196,9,behavior_173,-2.0876747458122615,158.1915334541827,25024.561256585803
"(50, 60]",53.785143,1.50594210230876,56.44395651912126,-6.617839027202022,20,behavior_173,-8.123781129510782,534.2971380415582,285473.43171939993
"(-80, -70]",-71.42044770000001,5.18813709980144,-70.62195055402822,5.349260264866236,1,behavior_174,0.16112316506479551,5.714860664407858,32.65963241359623
"(-70, -60]",-66.15,-0.249539061038283,-64.88984488815481,-1.5465070353583386,10,behavior_174,-1.2969679743200555,58.378511658551766,3408.0506234676645
"(-60, -50]",-56.700000225,5.89424048556142,-54.73117156642582,-0.4150749979741032,12,behavior_174,-6.309315483535523,385.6078207794836,148693.39144630232
"(-50, -40]",-45.6231879,11.03997350737515,-44.82255221216329,12.05804840313867,11,behavior_174,1.0180748957635206,79.2615372912355,6282.391293769915
"(-40, -30]",-35.3528118,3.646997812277105,-35.051119515112475,16.69315270284082,10,behavior_174,13.046154890563715,1184.5009119212516,1403042.4103422766
"(-30, -20]",-24.5127375,1.60011999570311,-24.984828069821933,11.814802858026042,10,behavior_174,10.214682862322931,1034.6107369296897,1070419.3769701954
"(-20, -10]",-14.62973805,-5.954104569439496,-13.18282885275984,2.197163414326337,21,behavior_174,8.151267983765832,877.979646629288,770848.2598952894
"(-10, 0]",-3.46887202499999,-9.91567052953346,-6.965645148298346,-16.573399200492055,16,behavior_174,-6.657728670958596,739.7804552308119,547275.1219415072
"(0, 10]",5.03812620000001,-18.191934691485,4.8918705960494515,-20.170103522713493,10,behavior_174,-1.9781688312284942,219.3589698755312,48118.3576648542
"(10, 20]",15.44703525,-19.2966096331278,14.889857017366243,-19.72878865935555,10,behavior_174,-0.4321790262277503,46.372289362234035,2150.389220694764
"(20, 30]",25.0356285,-20.1180129941091,24.80575462733373,-18.81524801316166,9,behavior_174,1.3027649809474404,131.3980596714961,17265.45008543405
"(30, 40]",35.95858155,-16.672725789169398,35.13217005329357,-16.927225107826082,9,behavior_174,-0.2544993186566842,22.932182447163036,525.8849917899724
"(40, 50]",47.10268035,-12.1608318325397,45.299232515991655,-14.24850657835196,9,behavior_174,-2.0876747458122615,158.1915334541827,25024.561256585803
"(50, 60]",53.785143,1.50594210230876,56.44395651912126,-6.617839027202022,20,behavior_174,-8.123781129510782,534.2971380415582,285473.43171939993
"(-80, -70]",-71.42044770000001,5.18813709980144,-70.62195055402822,5.349260264866236,1,behavior_175,0.16112316506479551,5.714860664407858,32.65963241359623
"(-70, -60]",-66.15,-0.249539061038283,-64.88984488815481,-1.5465070353583386,10,behavior_175,-1.2969679743200555,58.378511658551766,3408.0506234676645
"(-60, -50]",-56.700000225,5.89424048556142,-54.64969641211008,-4.746344820128181,11,behavior_175,-10.640585305689601,650.3229902280826,422919.99161919486
"(-50, -40]",-45.6231879,11.03997350737515,-45.525400517689945,8.127989318455269,11,behavior_175,-2.911984188919881,226.7105733988884,51397.684090852774
"(-40, -30]",-35.3528118,3.646997812277105,-35.45632398896109,14.257639692856076,11,behavior_175,10.61064188057897,963.3731232722278,928087.774643287
"(-30, -20]",-24.5127375,1.60011999570311,-24.786900530126708,10.658332429377145,10,behavior_175,9.058212433674035,917.4757520702838,841761.7556369328
"(-20, -10]",-14.62973805,-5.954104569439496,-13.03708100159824,1.6672427409498518,20,behavior_175,7.621347310389347,820.9014636423886,673879.2130102159
"(-10, 0]",-3.46887202499999,-9.91567052953346,-6.965645148298346,-16.573399200492055,16,behavior_175,-6.657728670958596,739.7804552308119,547275.1219415072
"(0, 10]",5.03812620000001,-18.191934691485,5.132329132327315,-19.73716339929484,10,behavior_175,-1.5452287078098408,171.3502771938642,29360.917494414098
"(10, 20]",15.44703525,-19.2966096331278,14.889857017366243,-19.72878865935555,10,behavior_175,-0.4321790262277503,46.372289362234035,2150.389220694764
"(20, 30]",25.0356285,-20.1180129941091,24.80575462733373,-18.81524801316166,9,behavior_175,1.3027649809474404,131.3980596714961,17265.45008543405
"(30, 40]",35.95858155,-16.672725789169398,35.13217005329357,-16.927225107826082,9,behavior_175,-0.2544993186566842,22.932182447163036,525.8849917899724
"(40, 50]",47.10268035,-12.1608318325397,45.299232515991655,-14.24850657835196,9,behavior_175,-2.0876747458122615,158.1915334541827,25024.561256585803
"(50, 60]",53.785143,1.50594210230876,56.44395651912126,-6.617839027202022,20,behavior_175,-8.123781129510782,534.2971380415582,285473.43171939993
"(-80, -70]",-71.42044770000001,5.18813709980144,-70.62195055402822,5.349260264866236,1,behavior_176,0.16112316506479551,5.714860664407858,32.65963241359623
"(-70, -60]",-66.15,-0.249539061038283,-67.05136830184756,-10.008548180188619,12,behavior_176,-9.759009119150337,439.2679225074225,192956.30774398692
"(-60, -50]",-56.700000225,5.89424048556142,-55.37937926738891,-6.151893883454068,13,behavior_176,-12.046134369015489,736.2262411785371,542029.0781998774
"(-50, -40]",-45.6231879,11.03997350737515,-45.525400517689945,8.127989318455269,11,behavior_176,-2.911984188919881,226.7105733988884,51397.684090852774
"(-40, -30]",-35.3528118,3.646997812277105,-35.45632398896109,14.952534767226458,11,behavior_176,11.305536954949353,1026.4648047819003,1053629.9954559447
"(-30, -20]",-24.5127375,1.60011999570311,-24.984828069821933,11.814802858026042,10,behavior_176,10.214682862322931,1034.6107369296897,1070419.3769701954
"(-20, -10]",-14.62973805,-5.954104569439496,-14.652564197037751,7.544197328464962,10,behavior_176,13.498301897904458,1453.9129806578158,2113862.9553252943
"(-10, 0]",-3.46887202499999,-9.91567052953346,-6.979288376567183,-7.16000440072303,25,behavior_176,2.7556661288104296,306.19871190124485,93757.65116998155
"(0, 10]",5.03812620000001,-18.191934691485,3.533457234700141,-19.71741831421356,13,behavior_176,-1.5254836227285615,169.16074642421583,28615.35813079785
"(10, 20]",15.44703525,-19.2966096331278,14.889857017366243,-19.72878865935555,10,behavior_176,-0.4321790262277503,46.372289362234035,2150.389220694764
"(20, 30]",25.0356285,-20.1180129941091,24.80575462733373,-18.81524801316166,9,behavior_176,1.3027649809474404,131.3980596714961,17265.45008543405
"(30, 40]",35.95858155,-16.672725789169398,35.13217005329357,-16.927225107826082,9,behavior_176,-0.2544993186566842,22.932182447163036,525.8849917899724
"(40, 50]",47.10268035,-12.1608318325397,45.299232515991655,-14.24850657835196,9,behavior_176,-2.0876747458122615,158.1915334541827,25024.561256585803
"(50, 60]",53.785143,1.50594210230876,56.44395651912126,-6.617839027202022,20,behavior_176,-8.123781129510782,534.2971380415582,285473.43171939993
"(-80, -70]",-71.42044770000001,5.18813709980144,-70.62195055402822,5.349260264866236,1,behavior_177,0.16112316506479551,5.714860664407858,32.65963241359623
"(-70, -60]",-66.15,-0.249539061038283,-67.05136830184756,-10.008548180188619,12,behavior_177,-9.759009119150337,439.2679225074225,192956.30774398692
"(-60, -50]",-56.700000225,5.89424048556142,-55.37937926738891,-6.151893883454068,13,behavior_177,-12.046134369015489,736.2262411785371,542029.0781998774
"(-50, -40]",-45.6231879,11.03997350737515,-45.525400517689945,8.127989318455269,11,behavior_177,-2.911984188919881,226.7105733988884,51397.684090852774
"(-40, -30]",-35.3528118,3.646997812277105,-35.45632398896109,14.952534767226458,11,behavior_177,11.305536954949353,1026.4648047819003,1053629.9954559447
"(-30, -20]",-24.5127375,1.60011999570311,-24.984828069821933,11.814802858026042,10,behavior_177,10.214682862322931,1034.6107369296897,1070419.3769701954
"(-20, -10]",-14.62973805,-5.954104569439496,-13.18282885275984,2.197163414326337,21,behavior_177,8.151267983765832,877.979646629288,770848.2598952894
"(-10, 0]",-3.46887202499999,-9.91567052953346,-6.965645148298346,-16.573399200492055,16,behavior_177,-6.657728670958596,739.7804552308119,547275.1219415072
"(0, 10]",5.03812620000001,-18.191934691485,4.8918705960494515,-20.170103522713493,10,behavior_177,-1.9781688312284942,219.3589698755312,48118.3576648542
"(10, 20]",15.44703525,-19.2966096331278,14.889857017366243,-19.72878865935555,10,behavior_177,-0.4321790262277503,46.372289362234035,2150.389220694764
"(20, 30]",25.0356285,-20.1180129941091,24.80575462733373,-18.81524801316166,9,behavior_177,1.3027649809474404,131.3980596714961,17265.45008543405
"(30, 40]",35.95858155,-16.672725789169398,35.13217005329357,-16.927225107826082,9,behavior_177,-0.2544993186566842,22.932182447163036,525.8849917899724
"(40, 50]",47.10268035,-12.1608318325397,45.299232515991655,-14.24850657835196,9,behavior_177,-2.0876747458122615,158.1915334541827,25024.561256585803
"(50, 60]",53.785143,1.50594210230876,56.44395651912126,-6.617839027202022,20,behavior_177,-8.123781129510782,534.2971380415582,285473.43171939993
"(-80, -70]",-71.42044770000001,5.18813709980144,-70.44701072825211,0.2231550420016385,4,behavior_178,-4.964982057799801,176.1024285378221,31012.065336918742
"(-70, -60]",-66.15,-0.249539061038283,-65.3755546892138,-10.947970806476189,9,behavior_178,-10.698431745437906,481.55277134479456,231893.07158985198
"(-60, -50]",-56.700000225,5.89424048556142,-54.395926379556,-11.620459585476617,13,behavior_178,-17.514700071038035,1070.449772819831,1145862.7161300278
"(-50, -40]",-45.6231879,11.03997350737515,-45.050822950890456,3.507878096956534,11,behavior_178,-7.5320954104186155,586.4062297757628,343872.2663198247
"(-40, -30]",-35.3528118,3.646997812277105,-35.239463162466706,13.245081400630514,11,behavior_178,9.59808358835341,871.4398118425044,759407.3456640994
"(-30, -20]",-24.5127375,1.60011999570311,-24.786900530126708,10.658332429377145,10,behavior_178,9.058212433674035,917.4757520702838,841761.7556369328
"(-20, -10]",-14.62973805,-5.954104569439496,-13.03708100159824,1.6672427409498518,20,behavior_178,7.621347310389347,820.9014636423886,673879.2130102159
"(-10, 0]",-3.46887202499999,-9.91567052953346,-6.965645148298346,-16.573399200492055,16,behavior_178,-6.657728670958596,739.7804552308119,547275.1219415072
"(0, 10]",5.03812620000001,-18.191934691485,4.8918705960494515,-20.170103522713493,10,behavior_178,-1.9781688312284942,219.3589698755312,48118.3576648542
"(10, 20]",15.44703525,-19.2966096331278,14.889857017366243,-19.72878865935555,10,behavior_178,-0.4321790262277503,46.372289362234035,2150.389220694764
"(20, 30]",25.0356285,-20.1180129941091,24.80575462733373,-18.81524801316166,9,behavior_178,1.3027649809474404,131.3980596714961,17265.45008543405
"(30, 40]",35.95858155,-16.672725789169398,35.13217005329357,-16.927225107826082,9,behavior_178,-0.2544993186566842,22.932182447163036,525.8849917899724
"(40, 50]",47.10268035,-12.1608318325397,45.299232515991655,-14.24850657835196,9,behavior_178,-2.0876747458122615,158.1915334541827,25024.561256585803
"(50, 60]",53.785143,1.50594210230876,56.44395651912126,-6.617839027202022,20,behavior_178,-8.123781129510782,534.2971380415582,285473.43171939993
"(-80, -70]",-71.42044770000001,5.18813709980144,-70.44701072825211,0.2231550420016385,4,behavior_179,-4.964982057799801,176.1024285378221,31012.065336918742
"(-70, -60]",-66.15,-0.249539061038283,-65.3755546892138,-10.947970806476189,9,behavior_179,-10.698431745437906,481.55277134479456,231893.07158985198
"(-60, -50]",-56.700000225,5.89424048556142,-55.37937926738891,-6.151893883454068,13,behavior_179,-12.046134369015489,736.2262411785371,542029.0781998774
"(-50, -40]",-45.6231879,11.03997350737515,-45.525400517689945,8.127989318455269,11,behavior_179,-2.911984188919881,226.7105733988884,51397.684090852774
"(-40, -30]",-35.3528118,3.646997812277105,-35.45632398896109,14.952534767226458,11,behavior_179,11.305536954949353,1026.4648047819003,1053629.9954559447
"(-30, -20]",-24.5127375,1.60011999570311,-24.984828069821933,11.814802858026042,10,behavior_179,10.214682862322931,1034.6107369296897,1070419.3769701954
"(-20, -10]",-14.62973805,-5.954104569439496,-13.18282885275984,2.197163414326337,21,behavior_179,8.151267983765832,877.979646629288,770848.2598952894
"(-10, 0]",-3.46887202499999,-9.91567052953346,-6.714342001073763,-16.99842169736817,17,behavior_179,-7.08275116783471,787.0072726278441,619380.4471691177
"(0, 10]",5.03812620000001,-18.191934691485,4.937530669447581,-21.050702486825433,10,behavior_179,-2.858767795340434,317.0085125190138,100494.39700951772
"(10, 20]",15.44703525,-19.2966096331278,14.889857017366243,-19.72878865935555,10,behavior_179,-0.4321790262277503,46.372289362234035,2150.389220694764
"(20, 30]",25.0356285,-20.1180129941091,24.80575462733373,-18.81524801316166,9,behavior_179,1.3027649809474404,131.3980596714961,17265.45008543405
"(30, 40]",35.95858155,-16.672725789169398,35.13217005329357,-16.927225107826082,9,behavior_179,-0.2544993186566842,22.932182447163036,525.8849917899724
"(40, 50]",47.10268035,-12.1608318325397,45.299232515991655,-14.24850657835196,9,behavior_179,-2.0876747458122615,158.1915334541827,25024.561256585803
"(50, 60]",53.785143,1.50594210230876,56.44395651912126,-6.617839027202022,20,behavior_179,-8.123781129510782,534.2971380415582,285473.43171939993
"(-80, -70]",-71.42044770000001,5.18813709980144,-70.44701072825211,0.2231550420016385,4,behavior_180,-4.964982057799801,176.1024285378221,31012.065336918742
"(-70, -60]",-66.15,-0.249539061038283,-65.3755546892138,-10.947970806476189,9,behavior_180,-10.698431745437906,481.55277134479456,231893.07158985198
"(-60, -50]",-56.700000225,5.89424048556142,-54.395926379556,-11.620459585476617,13,behavior_180,-17.514700071038035,1070.449772819831,1145862.7161300278
"(-50, -40]",-45.6231879,11.03997350737515,-45.050822950890456,3.507878096956534,11,behavior_180,-7.5320954104186155,586.4062297757628,343872.2663198247
"(-40, -30]",-35.3528118,3.646997812277105,-35.239463162466706,13.245081400630514,11,behavior_180,9.59808358835341,871.4398118425044,759407.3456640994
"(-30, -20]",-24.5127375,1.60011999570311,-24.786900530126708,10.658332429377145,10,behavior_180,9.058212433674035,917.4757520702838,841761.7556369328
"(-20, -10]",-14.62973805,-5.954104569439496,-13.03708100159824,1.6672427409498518,20,behavior_180,7.621347310389347,820.9014636423886,673879.2130102159
"(-10, 0]",-3.46887202499999,-9.91567052953346,-6.714342001073763,-16.99842169736817,17,behavior_180,-7.08275116783471,787.0072726278441,619380.4471691177
"(0, 10]",5.03812620000001,-18.191934691485,4.937530669447581,-21.050702486825433,10,behavior_180,-2.858767795340434,317.0085125190138,100494.39700951772
"(10, 20]",15.44703525,-19.2966096331278,14.889857017366243,-19.72878865935555,10,behavior_180,-0.4321790262277503,46.372289362234035,2150.389220694764
"(20, 30]",25.0356285,-20.1180129941091,24.80575462733373,-18.81524801316166,9,behavior_180,1.3027649809474404,131.3980596714961,17265.45008543405
"(30, 40]",35.95858155,-16.672725789169398,35.13217005329357,-16.927225107826082,9,behavior_180,-0.2544993186566842,22.932182447163036,525.8849917899724
"(40, 50]",47.10268035,-12.1608318325397,45.299232515991655,-14.24850657835196,9,behavior_180,-2.0876747458122615,158.1915334541827,25024.561256585803
"(50, 60]",53.785143,1.50594210230876,56.44395651912126,-6.617839027202022,20,behavior_180,-8.123781129510782,534.2971380415582,285473.43171939993
"(-80, -70]",-71.42044770000001,5.18813709980144,-70.44701072825211,0.2231550420016385,4,behavior_181,-4.964982057799801,176.1024285378221,31012.065336918742
"(-70, -60]",-66.15,-0.249539061038283,-66.34457835443901,-17.98736073972676,11,behavior_181,-17.737821678688476,798.4064758495672,637452.9006785256
"(-60, -50]",-56.700000225,5.89424048556142,-54.72148103306775,-12.366127925490392,14,behavior_181,-18.260368411051815,1116.022948605272,1245507.2218136054
"(-50, -40]",-45.6231879,11.03997350737515,-45.050822950890456,3.507878096956534,11,behavior_181,-7.5320954104186155,586.4062297757628,343872.2663198247
"(-40, -30]",-35.3528118,3.646997812277105,-35.239463162466706,13.245081400630514,11,behavior_181,9.59808358835341,871.4398118425044,759407.3456640994
"(-30, -20]",-24.5127375,1.60011999570311,-24.786900530126708,10.658332429377145,10,behavior_181,9.058212433674035,917.4757520702838,841761.7556369328
"(-20, -10]",-14.62973805,-5.954104569439496,-13.03708100159824,1.6672427409498518,20,behavior_181,7.621347310389347,820.9014636423886,673879.2130102159
"(-10, 0]",-3.46887202499999,-9.91567052953346,-6.714342001073763,-16.99842169736817,17,behavior_181,-7.08275116783471,787.0072726278441,619380.4471691177
"(0, 10]",5.03812620000001,-18.191934691485,4.937530669447581,-21.050702486825433,10,behavior_181,-2.858767795340434,317.0085125190138,100494.39700951772
"(10, 20]",15.44703525,-19.2966096331278,14.889857017366243,-19.72878865935555,10,behavior_181,-0.4321790262277503,46.372289362234035,2150.389220694764
"(20, 30]",25.0356285,-20.1180129941091,24.80575462733373,-18.81524801316166,9,behavior_181,1.3027649809474404,131.3980596714961,17265.45008543405
"(30, 40]",35.95858155,-16.672725789169398,35.13217005329357,-16.927225107826082,9,behavior_181,-0.2544993186566842,22.932182447163036,525.8849917899724
"(40, 50]",47.10268035,-12.1608318325397,45.299232515991655,-14.24850657835196,9,behavior_181,-2.0876747458122615,158.1915334541827,25024.561256585803
"(50, 60]",53.785143,1.50594210230876,56.44395651912126,-6.617839027202022,20,behavior_181,-8.123781129510782,534.2971380415582,285473.43171939993
"(-80, -70]",-71.42044770000001,5.18813709980144,-70.62195055402822,5.349260264866236,1,behavior_182,0.16112316506479551,5.714860664407858,32.65963241359623
"(-70, -60]",-66.15,-0.249539061038283,-66.02028490516521,-5.575862189719434,11,behavior_182,-5.3263231286811505,239.745948259008,57478.119706610945
"(-60, -50]",-56.700000225,5.89424048556142,-55.12294341640195,-1.070838481368096,13,behavior_182,-6.965078966929516,425.68626168772334,181208.7933896689
"(-50, -40]",-45.6231879,11.03997350737515,-44.82255221216329,12.05804840313867,11,behavior_182,1.0180748957635206,79.2615372912355,6282.391293769915
"(-40, -30]",-35.3528118,3.646997812277105,-35.051119515112475,16.69315270284082,10,behavior_182,13.046154890563715,1184.5009119212516,1403042.4103422766
"(-30, -20]",-24.5127375,1.60011999570311,-24.984828069821933,11.814802858026042,10,behavior_182,10.214682862322931,1034.6107369296897,1070419.3769701954
"(-20, -10]",-14.62973805,-5.954104569439496,-15.68135925694431,5.004866791390242,13,behavior_182,10.958971360829738,1180.3996411312432,1393343.312782768
"(-10, 0]",-3.46887202499999,-9.91567052953346,-6.2220723793874715,-8.26020485551148,22,behavior_182,1.655465674021979,183.94879251975132,33837.15826947452
"(0, 10]",5.03812620000001,-18.191934691485,4.413503593494211,-16.311633984735664,11,behavior_182,1.8803007067493347,208.50638205264735,43474.91135668454
"(10, 20]",15.44703525,-19.2966096331278,14.141544876140044,-17.275014160559007,11,behavior_182,2.0215954725687943,216.91476110166437,47052.013583792126
"(20, 30]",25.0356285,-20.1180129941091,24.24251390909328,-18.748839965232705,10,behavior_182,1.3691730288763964,138.09603572400758,19070.515082686376
"(30, 40]",35.95858155,-16.672725789169398,35.13217005329357,-16.927225107826082,9,behavior_182,-0.2544993186566842,22.932182447163036,525.8849917899724
"(40, 50]",47.10268035,-12.1608318325397,45.299232515991655,-14.24850657835196,9,behavior_182,-2.0876747458122615,158.1915334541827,25024.561256585803
"(50, 60]",53.785143,1.50594210230876,56.44395651912126,-6.617839027202022,20,behavior_182,-8.123781129510782,534.2971380415582,285473.43171939993
"(-80, -70]",-71.42044770000001,5.18813709980144,-70.62195055402822,5.349260264866236,1,behavior_183,0.16112316506479551,5.714860664407858,32.65963241359623
"(-70, -60]",-66.15,-0.249539061038283,-66.02028490516521,-5.575862189719434,11,behavior_183,-5.3263231286811505,239.745948259008,57478.119706610945
"(-60, -50]",-56.700000225,5.89424048556142,-55.12294341640195,-1.070838481368096,13,behavior_183,-6.965078966929516,425.68626168772334,181208.7933896689
"(-50, -40]",-45.6231879,11.03997350737515,-44.82255221216329,12.05804840313867,11,behavior_183,1.0180748957635206,79.2615372912355,6282.391293769915
"(-40, -30]",-35.3528118,3.646997812277105,-35.051119515112475,16.69315270284082,10,behavior_183,13.046154890563715,1184.5009119212516,1403042.4103422766
"(-30, -20]",-24.5127375,1.60011999570311,-24.984828069821933,11.814802858026042,10,behavior_183,10.214682862322931,1034.6107369296897,1070419.3769701954
"(-20, -10]",-14.62973805,-5.954104569439496,-15.68135925694431,5.004866791390242,13,behavior_183,10.958971360829738,1180.3996411312432,1393343.312782768
"(-10, 0]",-3.46887202499999,-9.91567052953346,-6.2220723793874715,-8.26020485551148,22,behavior_183,1.655465674021979,183.94879251975132,33837.15826947452
"(0, 10]",5.03812620000001,-18.191934691485,4.413503593494211,-16.311633984735664,11,behavior_183,1.8803007067493347,208.50638205264735,43474.91135668454
"(10, 20]",15.44703525,-19.2966096331278,14.141544876140044,-17.275014160559007,11,behavior_183,2.0215954725687943,216.91476110166437,47052.013583792126
"(20, 30]",25.0356285,-20.1180129941091,24.24251390909328,-18.748839965232705,10,behavior_183,1.3691730288763964,138.09603572400758,19070.515082686376
"(30, 40]",35.95858155,-16.672725789169398,35.13217005329357,-16.927225107826082,9,behavior_183,-0.2544993186566842,22.932182447163036,525.8849917899724
"(40, 50]",47.10268035,-12.1608318325397,45.299232515991655,-14.24850657835196,9,behavior_183,-2.0876747458122615,158.1915334541827,25024.561256585803
"(50, 60]",53.785143,1.50594210230876,56.44395651912126,-6.617839027202022,20,behavior_183,-8.123781129510782,534.2971380415582,285473.43171939993
"(-80, -70]",-71.42044770000001,5.18813709980144,-70.62195055402822,5.349260264866236,1,behavior_184,0.16112316506479551,5.714860664407858,32.65963241359623
"(-70, -60]",-66.15,-0.249539061038283,-64.88984488815481,-1.5465070353583386,10,behavior_184,-1.2969679743200555,58.378511658551766,3408.0506234676645
"(-60, -50]",-56.700000225,5.89424048556142,-54.73117156642582,-0.4150749979741032,12,behavior_184,-6.309315483535523,385.6078207794836,148693.39144630232
"(-50, -40]",-45.6231879,11.03997350737515,-44.82255221216329,12.05804840313867,11,behavior_184,1.0180748957635206,79.2615372912355,6282.391293769915
"(-40, -30]",-35.3528118,3.646997812277105,-35.051119515112475,16.69315270284082,10,behavior_184,13.046154890563715,1184.5009119212516,1403042.4103422766
"(-30, -20]",-24.5127375,1.60011999570311,-24.984828069821933,11.814802858026042,10,behavior_184,10.214682862322931,1034.6107369296897,1070419.3769701954
"(-20, -10]",-14.62973805,-5.954104569439496,-13.18282885275984,2.197163414326337,21,behavior_184,8.151267983765832,877.979646629288,770848.2598952894
"(-10, 0]",-3.46887202499999,-9.91567052953346,-6.656196844526108,-15.32845226080132,15,behavior_184,-5.412781731267861,601.4468794273972,361738.3487729541
"(0, 10]",5.03812620000001,-18.191934691485,5.032609342962526,-18.000221875057086,10,behavior_184,0.1917128164279127,21.259017561937405,451.945827698763
"(10, 20]",15.44703525,-19.2966096331278,14.655558162555813,-17.456304697803922,10,behavior_184,1.8403049353238785,197.46250464874282,38991.44074215478
"(20, 30]",25.0356285,-20.1180129941091,24.24251390909328,-18.748839965232705,10,behavior_184,1.3691730288763964,138.09603572400758,19070.515082686376
"(30, 40]",35.95858155,-16.672725789169398,35.13217005329357,-16.927225107826082,9,behavior_184,-0.2544993186566842,22.932182447163036,525.8849917899724
"(40, 50]",47.10268035,-12.1608318325397,45.299232515991655,-14.24850657835196,9,behavior_184,-2.0876747458122615,158.1915334541827,25024.561256585803
"(50, 60]",53.785143,1.50594210230876,56.44395651912126,-6.617839027202022,20,behavior_184,-8.123781129510782,534.2971380415582,285473.43171939993
"(-80, -70]",-71.42044770000001,5.18813709980144,-70.62195055402822,5.349260264866236,1,behavior_185,0.16112316506479551,5.714860664407858,32.65963241359623
"(-70, -60]",-66.15,-0.249539061038283,-64.88984488815481,-1.5465070353583386,10,behavior_185,-1.2969679743200555,58.378511658551766,3408.0506234676645
"(-60, -50]",-56.700000225,5.89424048556142,-54.73117156642582,-0.4150749979741032,12,behavior_185,-6.309315483535523,385.6078207794836,148693.39144630232
"(-50, -40]",-45.6231879,11.03997350737515,-44.82255221216329,12.05804840313867,11,behavior_185,1.0180748957635206,79.2615372912355,6282.391293769915
"(-40, -30]",-35.3528118,3.646997812277105,-35.051119515112475,16.69315270284082,10,behavior_185,13.046154890563715,1184.5009119212516,1403042.4103422766
"(-30, -20]",-24.5127375,1.60011999570311,-24.984828069821933,11.814802858026042,10,behavior_185,10.214682862322931,1034.6107369296897,1070419.3769701954
"(-20, -10]",-14.62973805,-5.954104569439496,-13.18282885275984,2.197163414326337,21,behavior_185,8.151267983765832,877.979646629288,770848.2598952894
"(-10, 0]",-3.46887202499999,-9.91567052953346,-6.656196844526108,-15.32845226080132,15,behavior_185,-5.412781731267861,601.4468794273972,361738.3487729541
"(0, 10]",5.03812620000001,-18.191934691485,5.032609342962526,-18.000221875057086,10,behavior_185,0.1917128164279127,21.259017561937405,451.945827698763
"(10, 20]",15.44703525,-19.2966096331278,14.655558162555813,-17.456304697803922,10,behavior_185,1.8403049353238785,197.46250464874282,38991.44074215478
"(20, 30]",25.0356285,-20.1180129941091,24.24251390909328,-18.748839965232705,10,behavior_185,1.3691730288763964,138.09603572400758,19070.515082686376
"(30, 40]",35.95858155,-16.672725789169398,35.13217005329357,-16.927225107826082,9,behavior_185,-0.2544993186566842,22.932182447163036,525.8849917899724
"(40, 50]",47.10268035,-12.1608318325397,45.299232515991655,-14.24850657835196,9,behavior_185,-2.0876747458122615,158.1915334541827,25024.561256585803
"(50, 60]",53.785143,1.50594210230876,56.44395651912126,-6.617839027202022,20,behavior_185,-8.123781129510782,534.2971380415582,285473.43171939993
"(-80, -70]",-71.42044770000001,5.18813709980144,-70.62195055402822,5.349260264866236,1,behavior_186,0.16112316506479551,5.714860664407858,32.65963241359623
"(-70, -60]",-66.15,-0.249539061038283,-64.88984488815481,-1.5465070353583386,10,behavior_186,-1.2969679743200555,58.378511658551766,3408.0506234676645
"(-60, -50]",-56.700000225,5.89424048556142,-54.73117156642582,-0.4150749979741032,12,behavior_186,-6.309315483535523,385.6078207794836,148693.39144630232
"(-50, -40]",-45.6231879,11.03997350737515,-44.82255221216329,12.05804840313867,11,behavior_186,1.0180748957635206,79.2615372912355,6282.391293769915
"(-40, -30]",-35.3528118,3.646997812277105,-34.95781773867162,15.582556881093652,10,behavior_186,11.935559068816547,1083.666468771496,1174333.0155396839
"(-30, -20]",-24.5127375,1.60011999570311,-24.786900530126708,10.658332429377145,10,behavior_186,9.058212433674035,917.4757520702838,841761.7556369328
"(-20, -10]",-14.62973805,-5.954104569439496,-13.03708100159824,1.6672427409498518,20,behavior_186,7.621347310389347,820.9014636423886,673879.2130102159
"(-10, 0]",-3.46887202499999,-9.91567052953346,-6.458667190094619,-17.428678723820184,18,behavior_186,-7.513008194286725,834.8157302304123,696917.3034401366
"(0, 10]",5.03812620000001,-18.191934691485,4.78171680296466,-23.28499623601501,9,behavior_186,-5.093061544530013,564.7691523008023,318964.1953905668
"(10, 20]",15.44703525,-19.2966096331278,14.545747735782218,-30.26055514675356,16,behavior_186,-10.96394551362576,1176.4181578809237,1383959.6821919458
"(20, 30]",25.0356285,-20.1180129941091,24.93569337197751,-35.67727625085749,8,behavior_186,-15.559263256748388,1569.3214292326948,2462769.748248948
"(30, 40]",35.95858155,-16.672725789169398,34.77995239379166,-35.68749783414649,9,behavior_186,-19.014772044977093,1713.3649867049562,2935619.577666475
"(40, 50]",47.10268035,-12.1608318325397,45.159984563818014,-30.05594864074122,13,behavior_186,-17.89511680820152,1355.985157606389,1838695.7476488238
"(50, 60]",53.785143,1.50594210230876,55.447885855077786,-7.964712552341838,25,behavior_186,-9.470654654650598,622.8803554268702,387979.9371767042
"(-80, -70]",-71.42044770000001,5.18813709980144,-70.62195055402822,5.349260264866236,1,behavior_187,0.16112316506479551,5.714860664407858,32.65963241359623
"(-70, -60]",-66.15,-0.249539061038283,-66.02028490516521,-5.575862189719434,11,behavior_187,-5.3263231286811505,239.745948259008,57478.119706610945
"(-60, -50]",-56.700000225,5.89424048556142,-55.12294341640195,-1.070838481368096,13,behavior_187,-6.965078966929516,425.68626168772334,181208.7933896689
"(-50, -40]",-45.6231879,11.03997350737515,-44.82255221216329,12.05804840313867,11,behavior_187,1.0180748957635206,79.2615372912355,6282.391293769915
"(-40, -30]",-35.3528118,3.646997812277105,-35.051119515112475,16.69315270284082,10,behavior_187,13.046154890563715,1184.5009119212516,1403042.4103422766
"(-30, -20]",-24.5127375,1.60011999570311,-24.984828069821933,11.814802858026042,10,behavior_187,10.214682862322931,1034.6107369296897,1070419.3769701954
"(-20, -10]",-14.62973805,-5.954104569439496,-14.652564197037751,7.544197328464962,10,behavior_187,13.498301897904458,1453.9129806578158,2113862.9553252943
"(-10, 0]",-3.46887202499999,-9.91567052953346,-6.979288376567183,-7.16000440072303,25,behavior_187,2.7556661288104296,306.19871190124485,93757.65116998155
"(0, 10]",5.03812620000001,-18.191934691485,4.413503593494211,-16.311633984735664,11,behavior_187,1.8803007067493347,208.50638205264735,43474.91135668454
"(10, 20]",15.44703525,-19.2966096331278,14.141544876140044,-17.275014160559007,11,behavior_187,2.0215954725687943,216.91476110166437,47052.013583792126
"(20, 30]",25.0356285,-20.1180129941091,24.24251390909328,-18.748839965232705,10,behavior_187,1.3691730288763964,138.09603572400758,19070.515082686376
"(30, 40]",35.95858155,-16.672725789169398,35.13217005329357,-16.927225107826082,9,behavior_187,-0.2544993186566842,22.932182447163036,525.8849917899724
"(40, 50]",47.10268035,-12.1608318325397,45.299232515991655,-14.24850657835196,9,behavior_187,-2.0876747458122615,158.1915334541827,25024.561256585803
"(50, 60]",53.785143,1.50594210230876,56.44395651912126,-6.617839027202022,20,behavior_187,-8.123781129510782,534.2971380415582,285473.43171939993
"(-80, -70]",-71.42044770000001,5.18813709980144,-70.62195055402822,5.349260264866236,1,behavior_188,0.16112316506479551,5.714860664407858,32.65963241359623
"(-70, -60]",-66.15,-0.249539061038283,-66.02028490516521,-5.575862189719434,11,behavior_188,-5.3263231286811505,239.745948259008,57478.119706610945
"(-60, -50]",-56.700000225,5.89424048556142,-55.12294341640195,-1.070838481368096,13,behavior_188,-6.965078966929516,425.68626168772334,181208.7933896689
"(-50, -40]",-45.6231879,11.03997350737515,-44.82255221216329,12.05804840313867,11,behavior_188,1.0180748957635206,79.2615372912355,6282.391293769915
"(-40, -30]",-35.3528118,3.646997812277105,-35.051119515112475,16.69315270284082,10,behavior_188,13.046154890563715,1184.5009119212516,1403042.4103422766
"(-30, -20]",-24.5127375,1.60011999570311,-24.984828069821933,11.814802858026042,10,behavior_188,10.214682862322931,1034.6107369296897,1070419.3769701954
"(-20, -10]",-14.62973805,-5.954104569439496,-14.652564197037751,7.544197328464962,10,behavior_188,13.498301897904458,1453.9129806578158,2113862.9553252943
"(-10, 0]",-3.46887202499999,-9.91567052953346,-6.979288376567183,-7.16000440072303,25,behavior_188,2.7556661288104296,306.19871190124485,93757.65116998155
"(0, 10]",5.03812620000001,-18.191934691485,4.413503593494211,-16.311633984735664,11,behavior_188,1.8803007067493347,208.50638205264735,43474.91135668454
"(10, 20]",15.44703525,-19.2966096331278,14.141544876140044,-17.275014160559007,11,behavior_188,2.0215954725687943,216.91476110166437,47052.013583792126
"(20, 30]",25.0356285,-20.1180129941091,24.24251390909328,-18.748839965232705,10,behavior_188,1.3691730288763964,138.09603572400758,19070.515082686376
"(30, 40]",35.95858155,-16.672725789169398,35.13217005329357,-16.927225107826082,9,behavior_188,-0.2544993186566842,22.932182447163036,525.8849917899724
"(40, 50]",47.10268035,-12.1608318325397,45.299232515991655,-14.24850657835196,9,behavior_188,-2.0876747458122615,158.1915334541827,25024.561256585803
"(50, 60]",53.785143,1.50594210230876,56.44395651912126,-6.617839027202022,20,behavior_188,-8.123781129510782,534.2971380415582,285473.43171939993
"(-80, -70]",-71.42044770000001,5.18813709980144,-70.62195055402822,5.349260264866236,1,behavior_189,0.16112316506479551,5.714860664407858,32.65963241359623
"(-70, -60]",-66.15,-0.249539061038283,-64.88984488815481,-1.5465070353583386,10,behavior_189,-1.2969679743200555,58.378511658551766,3408.0506234676645
"(-60, -50]",-56.700000225,5.89424048556142,-54.73117156642582,-0.4150749979741032,12,behavior_189,-6.309315483535523,385.6078207794836,148693.39144630232
"(-50, -40]",-45.6231879,11.03997350737515,-44.82255221216329,12.05804840313867,11,behavior_189,1.0180748957635206,79.2615372912355,6282.391293769915
"(-40, -30]",-35.3528118,3.646997812277105,-35.051119515112475,16.69315270284082,10,behavior_189,13.046154890563715,1184.5009119212516,1403042.4103422766
"(-30, -20]",-24.5127375,1.60011999570311,-24.984828069821933,11.814802858026042,10,behavior_189,10.214682862322931,1034.6107369296897,1070419.3769701954
"(-20, -10]",-14.62973805,-5.954104569439496,-13.18282885275984,2.197163414326337,21,behavior_189,8.151267983765832,877.979646629288,770848.2598952894
"(-10, 0]",-3.46887202499999,-9.91567052953346,-7.216948295522931,-16.148376703615938,15,behavior_189,-6.2327061740824785,692.5536378337792,479630.5412768015
"(0, 10]",5.03812620000001,-18.191934691485,5.032609342962526,-18.000221875057086,10,behavior_189,0.1917128164279127,21.259017561937405,451.945827698763
"(10, 20]",15.44703525,-19.2966096331278,14.655558162555813,-17.456304697803922,10,behavior_189,1.8403049353238785,197.46250464874282,38991.44074215478
"(20, 30]",25.0356285,-20.1180129941091,24.24251390909328,-18.748839965232705,10,behavior_189,1.3691730288763964,138.09603572400758,19070.515082686376
"(30, 40]",35.95858155,-16.672725789169398,35.13217005329357,-16.927225107826082,9,behavior_189,-0.2544993186566842,22.932182447163036,525.8849917899724
"(40, 50]",47.10268035,-12.1608318325397,45.299232515991655,-14.24850657835196,9,behavior_189,-2.0876747458122615,158.1915334541827,25024.561256585803
"(50, 60]",53.785143,1.50594210230876,56.44395651912126,-6.617839027202022,20,behavior_189,-8.123781129510782,534.2971380415582,285473.43171939993
"(-80, -70]",-71.42044770000001,5.18813709980144,-70.62195055402822,5.349260264866236,1,behavior_190,0.16112316506479551,5.714860664407858,32.65963241359623
"(-70, -60]",-66.15,-0.249539061038283,-64.88984488815481,-1.5465070353583386,10,behavior_190,-1.2969679743200555,58.378511658551766,3408.0506234676645
"(-60, -50]",-56.700000225,5.89424048556142,-54.73117156642582,-0.4150749979741032,12,behavior_190,-6.309315483535523,385.6078207794836,148693.39144630232
"(-50, -40]",-45.6231879,11.03997350737515,-44.82255221216329,12.05804840313867,11,behavior_190,1.0180748957635206,79.2615372912355,6282.391293769915
"(-40, -30]",-35.3528118,3.646997812277105,-34.95781773867162,15.582556881093652,10,behavior_190,11.935559068816547,1083.666468771496,1174333.0155396839
"(-30, -20]",-24.5127375,1.60011999570311,-24.786900530126708,10.658332429377145,10,behavior_190,9.058212433674035,917.4757520702838,841761.7556369328
"(-20, -10]",-14.62973805,-5.954104569439496,-13.03708100159824,1.6672427409498518,20,behavior_190,7.621347310389347,820.9014636423886,673879.2130102159
"(-10, 0]",-3.46887202499999,-9.91567052953346,-6.965645148298346,-16.573399200492055,16,behavior_190,-6.657728670958596,739.7804552308119,547275.1219415072
"(0, 10]",5.03812620000001,-18.191934691485,5.132329132327315,-19.72400666769007,10,behavior_190,-1.5320719762050707,169.89132836897605,28863.063454975247
"(10, 20]",15.44703525,-19.2966096331278,14.889857017366243,-19.72878865935555,10,behavior_190,-0.4321790262277503,46.372289362234035,2150.389220694764
"(20, 30]",25.0356285,-20.1180129941091,24.80575462733373,-18.81524801316166,9,behavior_190,1.3027649809474404,131.3980596714961,17265.45008543405
"(30, 40]",35.95858155,-16.672725789169398,35.13217005329357,-16.927225107826082,9,behavior_190,-0.2544993186566842,22.932182447163036,525.8849917899724
"(40, 50]",47.10268035,-12.1608318325397,45.299232515991655,-14.24850657835196,9,behavior_190,-2.0876747458122615,158.1915334541827,25024.561256585803
"(50, 60]",53.785143,1.50594210230876,56.44395651912126,-6.617839027202022,20,behavior_190,-8.123781129510782,534.2971380415582,285473.43171939993
"(-80, -70]",-71.42044770000001,5.18813709980144,-70.62195055402822,5.349260264866236,1,behavior_191,0.16112316506479551,5.714860664407858,32.65963241359623
"(-70, -60]",-66.15,-0.249539061038283,-67.05136830184756,-10.008548180188619,12,behavior_191,-9.759009119150337,439.2679225074225,192956.30774398692
"(-60, -50]",-56.700000225,5.89424048556142,-55.37937926738891,-6.151893883454068,13,behavior_191,-12.046134369015489,736.2262411785371,542029.0781998774
"(-50, -40]",-45.6231879,11.03997350737515,-45.525400517689945,8.127989318455269,11,behavior_191,-2.911984188919881,226.7105733988884,51397.684090852774
"(-40, -30]",-35.3528118,3.646997812277105,-35.45632398896109,14.952534767226458,11,behavior_191,11.305536954949353,1026.4648047819003,1053629.9954559447
"(-30, -20]",-24.5127375,1.60011999570311,-24.984828069821933,11.814802858026042,10,behavior_191,10.214682862322931,1034.6107369296897,1070419.3769701954
"(-20, -10]",-14.62973805,-5.954104569439496,-13.18282885275984,2.197163414326337,21,behavior_191,8.151267983765832,877.979646629288,770848.2598952894
"(-10, 0]",-3.46887202499999,-9.91567052953346,-6.965645148298346,-16.573399200492055,16,behavior_191,-6.657728670958596,739.7804552308119,547275.1219415072
"(0, 10]",5.03812620000001,-18.191934691485,5.132329132327315,-19.72400666769007,10,behavior_191,-1.5320719762050707,169.89132836897605,28863.063454975247
"(10, 20]",15.44703525,-19.2966096331278,14.889857017366243,-19.72878865935555,10,behavior_191,-0.4321790262277503,46.372289362234035,2150.389220694764
"(20, 30]",25.0356285,-20.1180129941091,24.80575462733373,-18.81524801316166,9,behavior_191,1.3027649809474404,131.3980596714961,17265.45008543405
"(30, 40]",35.95858155,-16.672725789169398,35.13217005329357,-16.927225107826082,9,behavior_191,-0.2544993186566842,22.932182447163036,525.8849917899724
"(40, 50]",47.10268035,-12.1608318325397,45.299232515991655,-14.24850657835196,9,behavior_191,-2.0876747458122615,158.1915334541827,25024.561256585803
"(50, 60]",53.785143,1.50594210230876,56.44395651912126,-6.617839027202022,20,behavior_191,-8.123781129510782,534.2971380415582,285473.43171939993
"(-80, -70]",-71.42044770000001,5.18813709980144,-70.62195055402822,5.349260264866236,1,behavior_192,0.16112316506479551,5.714860664407858,32.65963241359623
"(-70, -60]",-66.15,-0.249539061038283,-66.02028490516521,-5.575862189719434,11,behavior_192,-5.3263231286811505,239.745948259008,57478.119706610945
"(-60, -50]",-56.700000225,5.89424048556142,-55.12294341640195,-1.070838481368096,13,behavior_192,-6.965078966929516,425.68626168772334,181208.7933896689
"(-50, -40]",-45.6231879,11.03997350737515,-44.82255221216329,12.05804840313867,11,behavior_192,1.0180748957635206,79.2615372912355,6282.391293769915
"(-40, -30]",-35.3528118,3.646997812277105,-35.051119515112475,16.69315270284082,10,behavior_192,13.046154890563715,1184.5009119212516,1403042.4103422766
"(-30, -20]",-24.5127375,1.60011999570311,-24.984828069821933,11.814802858026042,10,behavior_192,10.214682862322931,1034.6107369296897,1070419.3769701954
"(-20, -10]",-14.62973805,-5.954104569439496,-13.18282885275984,2.197163414326337,21,behavior_192,8.151267983765832,877.979646629288,770848.2598952894
"(-10, 0]",-3.46887202499999,-9.91567052953346,-6.965645148298346,-16.573399200492055,16,behavior_192,-6.657728670958596,739.7804552308119,547275.1219415072
"(0, 10]",5.03812620000001,-18.191934691485,5.132329132327315,-19.72400666769007,10,behavior_192,-1.5320719762050707,169.89132836897605,28863.063454975247
"(10, 20]",15.44703525,-19.2966096331278,14.889857017366243,-19.72878865935555,10,behavior_192,-0.4321790262277503,46.372289362234035,2150.389220694764
"(20, 30]",25.0356285,-20.1180129941091,24.80575462733373,-18.81524801316166,9,behavior_192,1.3027649809474404,131.3980596714961,17265.45008543405
"(30, 40]",35.95858155,-16.672725789169398,35.13217005329357,-16.927225107826082,9,behavior_192,-0.2544993186566842,22.932182447163036,525.8849917899724
"(40, 50]",47.10268035,-12.1608318325397,45.299232515991655,-14.24850657835196,9,behavior_192,-2.0876747458122615,158.1915334541827,25024.561256585803
"(50, 60]",53.785143,1.50594210230876,56.44395651912126,-6.617839027202022,20,behavior_192,-8.123781129510782,534.2971380415582,285473.43171939993
"(-80, -70]",-71.42044770000001,5.18813709980144,-70.44701072825211,0.2231550420016385,4,behavior_193,-4.964982057799801,176.1024285378221,31012.065336918742
"(-70, -60]",-66.15,-0.249539061038283,-65.3755546892138,-10.947970806476189,9,behavior_193,-10.698431745437906,481.55277134479456,231893.07158985198
"(-60, -50]",-56.700000225,5.89424048556142,-55.37937926738891,-6.151893883454068,13,behavior_193,-12.046134369015489,736.2262411785371,542029.0781998774
"(-50, -40]",-45.6231879,11.03997350737515,-45.525400517689945,8.127989318455269,11,behavior_193,-2.911984188919881,226.7105733988884,51397.684090852774
"(-40, -30]",-35.3528118,3.646997812277105,-35.45632398896109,14.257639692856076,11,behavior_193,10.61064188057897,963.3731232722278,928087.774643287
"(-30, -20]",-24.5127375,1.60011999570311,-24.786900530126708,10.658332429377145,10,behavior_193,9.058212433674035,917.4757520702838,841761.7556369328
"(-20, -10]",-14.62973805,-5.954104569439496,-13.03708100159824,1.6672427409498518,20,behavior_193,7.621347310389347,820.9014636423886,673879.2130102159
"(-10, 0]",-3.46887202499999,-9.91567052953346,-6.965645148298346,-16.573399200492055,16,behavior_193,-6.657728670958596,739.7804552308119,547275.1219415072
"(0, 10]",5.03812620000001,-18.191934691485,5.132329132327315,-19.72400666769007,10,behavior_193,-1.5320719762050707,169.89132836897605,28863.063454975247
"(10, 20]",15.44703525,-19.2966096331278,14.889857017366243,-19.72878865935555,10,behavior_193,-0.4321790262277503,46.372289362234035,2150.389220694764
"(20, 30]",25.0356285,-20.1180129941091,24.80575462733373,-18.81524801316166,9,behavior_193,1.3027649809474404,131.3980596714961,17265.45008543405
"(30, 40]",35.95858155,-16.672725789169398,35.13217005329357,-16.927225107826082,9,behavior_193,-0.2544993186566842,22.932182447163036,525.8849917899724
"(40, 50]",47.10268035,-12.1608318325397,45.299232515991655,-14.24850657835196,9,behavior_193,-2.0876747458122615,158.1915334541827,25024.561256585803
"(50, 60]",53.785143,1.50594210230876,56.44395651912126,-6.617839027202022,20,behavior_193,-8.123781129510782,534.2971380415582,285473.43171939993
"(-80, -70]",-71.42044770000001,5.18813709980144,-70.62195055402822,5.349260264866236,1,behavior_194,0.16112316506479551,5.714860664407858,32.65963241359623
"(-70, -60]",-66.15,-0.249539061038283,-67.05136830184756,-10.008548180188619,12,behavior_194,-9.759009119150337,439.2679225074225,192956.30774398692
"(-60, -50]",-56.700000225,5.89424048556142,-55.37937926738891,-6.151893883454068,13,behavior_194,-12.046134369015489,736.2262411785371,542029.0781998774
"(-50, -40]",-45.6231879,11.03997350737515,-45.525400517689945,8.127989318455269,11,behavior_194,-2.911984188919881,226.7105733988884,51397.684090852774
"(-40, -30]",-35.3528118,3.646997812277105,-35.45632398896109,14.952534767226458,11,behavior_194,11.305536954949353,1026.4648047819003,1053629.9954559447
"(-30, -20]",-24.5127375,1.60011999570311,-24.984828069821933,11.814802858026042,10,behavior_194,10.214682862322931,1034.6107369296897,1070419.3769701954
"(-20, -10]",-14.62973805,-5.954104569439496,-13.18282885275984,2.197163414326337,21,behavior_194,8.151267983765832,877.979646629288,770848.2598952894
"(-10, 0]",-3.46887202499999,-9.91567052953346,-6.714342001073763,-16.99842169736817,17,behavior_194,-7.08275116783471,787.0072726278441,619380.4471691177
"(0, 10]",5.03812620000001,-18.191934691485,4.937530669447581,-21.050702486825433,10,behavior_194,-2.858767795340434,317.0085125190138,100494.39700951772
"(10, 20]",15.44703525,-19.2966096331278,14.889857017366243,-19.72878865935555,10,behavior_194,-0.4321790262277503,46.372289362234035,2150.389220694764
"(20, 30]",25.0356285,-20.1180129941091,24.80575462733373,-18.81524801316166,9,behavior_194,1.3027649809474404,131.3980596714961,17265.45008543405
"(30, 40]",35.95858155,-16.672725789169398,35.13217005329357,-16.927225107826082,9,behavior_194,-0.2544993186566842,22.932182447163036,525.8849917899724
"(40, 50]",47.10268035,-12.1608318325397,45.299232515991655,-14.24850657835196,9,behavior_194,-2.0876747458122615,158.1915334541827,25024.561256585803
"(50, 60]",53.785143,1.50594210230876,56.44395651912126,-6.617839027202022,20,behavior_194,-8.123781129510782,534.2971380415582,285473.43171939993
"(-80, -70]",-71.42044770000001,5.18813709980144,-70.44701072825211,0.2231550420016385,4,behavior_195,-4.964982057799801,176.1024285378221,31012.065336918742
"(-70, -60]",-66.15,-0.249539061038283,-65.3755546892138,-10.947970806476189,9,behavior_195,-10.698431745437906,481.55277134479456,231893.07158985198
"(-60, -50]",-56.700000225,5.89424048556142,-54.395926379556,-11.620459585476617,13,behavior_195,-17.514700071038035,1070.449772819831,1145862.7161300278
"(-50, -40]",-45.6231879,11.03997350737515,-45.050822950890456,3.507878096956534,11,behavior_195,-7.5320954104186155,586.4062297757628,343872.2663198247
"(-40, -30]",-35.3528118,3.646997812277105,-35.239463162466706,13.245081400630514,11,behavior_195,9.59808358835341,871.4398118425044,759407.3456640994
"(-30, -20]",-24.5127375,1.60011999570311,-24.786900530126708,10.658332429377145,10,behavior_195,9.058212433674035,917.4757520702838,841761.7556369328
"(-20, -10]",-14.62973805,-5.954104569439496,-13.03708100159824,1.6672427409498518,20,behavior_195,7.621347310389347,820.9014636423886,673879.2130102159
"(-10, 0]",-3.46887202499999,-9.91567052953346,-6.714342001073763,-16.99842169736817,17,behavior_195,-7.08275116783471,787.0072726278441,619380.4471691177
"(0, 10]",5.03812620000001,-18.191934691485,4.937530669447581,-21.050702486825433,10,behavior_195,-2.858767795340434,317.0085125190138,100494.39700951772
"(10, 20]",15.44703525,-19.2966096331278,14.889857017366243,-19.72878865935555,10,behavior_195,-0.4321790262277503,46.372289362234035,2150.389220694764
"(20, 30]",25.0356285,-20.1180129941091,24.80575462733373,-18.81524801316166,9,behavior_195,1.3027649809474404,131.3980596714961,17265.45008543405
"(30, 40]",35.95858155,-16.672725789169398,35.13217005329357,-16.927225107826082,9,behavior_195,-0.2544993186566842,22.932182447163036,525.8849917899724
"(40, 50]",47.10268035,-12.1608318325397,45.299232515991655,-14.24850657835196,9,behavior_195,-2.0876747458122615,158.1915334541827,25024.561256585803
"(50, 60]",53.785143,1.50594210230876,56.44395651912126,-6.617839027202022,20,behavior_195,-8.123781129510782,534.2971380415582,285473.43171939993
"(-80, -70]",-71.42044770000001,5.18813709980144,-70.44701072825211,0.2231550420016385,4,behavior_196,-4.964982057799801,176.1024285378221,31012.065336918742
"(-70, -60]",-66.15,-0.249539061038283,-66.34457835443901,-17.98736073972676,11,behavior_196,-17.737821678688476,798.4064758495672,637452.9006785256
"(-60, -50]",-56.700000225,5.89424048556142,-54.72148103306775,-12.366127925490392,14,behavior_196,-18.260368411051815,1116.022948605272,1245507.2218136054
"(-50, -40]",-45.6231879,11.03997350737515,-45.050822950890456,3.507878096956534,11,behavior_196,-7.5320954104186155,586.4062297757628,343872.2663198247
"(-40, -30]",-35.3528118,3.646997812277105,-35.239463162466706,13.245081400630514,11,behavior_196,9.59808358835341,871.4398118425044,759407.3456640994
"(-30, -20]",-24.5127375,1.60011999570311,-24.786900530126708,10.658332429377145,10,behavior_196,9.058212433674035,917.4757520702838,841761.7556369328
"(-20, -10]",-14.62973805,-5.954104569439496,-13.03708100159824,1.6672427409498518,20,behavior_196,7.621347310389347,820.9014636423886,673879.2130102159
"(-10, 0]",-3.46887202499999,-9.91567052953346,-6.714342001073763,-16.99842169736817,17,behavior_196,-7.08275116783471,787.0072726278441,619380.4471691177
"(0, 10]",5.03812620000001,-18.191934691485,4.937530669447581,-21.050702486825433,10,behavior_196,-2.858767795340434,317.0085125190138,100494.39700951772
"(10, 20]",15.44703525,-19.2966096331278,14.889857017366243,-19.72878865935555,10,behavior_196,-0.4321790262277503,46.372289362234035,2150.389220694764
"(20, 30]",25.0356285,-20.1180129941091,24.80575462733373,-18.81524801316166,9,behavior_196,1.3027649809474404,131.3980596714961,17265.45008543405
"(30, 40]",35.95858155,-16.672725789169398,35.13217005329357,-16.927225107826082,9,behavior_196,-0.2544993186566842,22.932182447163036,525.8849917899724
"(40, 50]",47.10268035,-12.1608318325397,45.299232515991655,-14.24850657835196,9,behavior_196,-2.0876747458122615,158.1915334541827,25024.561256585803
"(50, 60]",53.785143,1.50594210230876,56.44395651912126,-6.617839027202022,20,behavior_196,-8.123781129510782,534.2971380415582,285473.43171939993
"(-80, -70]",-71.42044770000001,5.18813709980144,-70.62195055402822,5.349260264866236,1,behavior_197,0.16112316506479551,5.714860664407858,32.65963241359623
"(-70, -60]",-66.15,-0.249539061038283,-66.02028490516521,-5.575862189719434,11,behavior_197,-5.3263231286811505,239.745948259008,57478.119706610945
"(-60, -50]",-56.700000225,5.89424048556142,-55.12294341640195,-1.070838481368096,13,behavior_197,-6.965078966929516,425.68626168772334,181208.7933896689
"(-50, -40]",-45.6231879,11.03997350737515,-44.82255221216329,12.05804840313867,11,behavior_197,1.0180748957635206,79.2615372912355,6282.391293769915
"(-40, -30]",-35.3528118,3.646997812277105,-35.051119515112475,16.69315270284082,10,behavior_197,13.046154890563715,1184.5009119212516,1403042.4103422766
"(-30, -20]",-24.5127375,1.60011999570311,-24.984828069821933,11.814802858026042,10,behavior_197,10.214682862322931,1034.6107369296897,1070419.3769701954
"(-20, -10]",-14.62973805,-5.954104569439496,-15.555668143866598,4.473218904823931,14,behavior_197,10.427323474263426,1123.1354186190729,1261433.1685566402
"(-10, 0]",-3.46887202499999,-9.91567052953346,-5.773538360676713,-8.36362887114899,21,behavior_197,1.5520416583844696,172.4567253071205,29741.32210365562
"(0, 10]",5.03812620000001,-18.191934691485,4.413503593494211,-16.311633984735664,11,behavior_197,1.8803007067493347,208.50638205264735,43474.91135668454
"(10, 20]",15.44703525,-19.2966096331278,14.655558162555813,-17.456304697803922,12,behavior_197,1.8403049353238785,197.46250464874282,38991.44074215478
"(20, 30]",25.0356285,-20.1180129941091,24.060430163209567,-25.252392201387252,12,behavior_197,-5.134379207278151,517.8581519464728,268177.06553741614
"(30, 40]",35.95858155,-16.672725789169398,35.069921981827754,-26.992114024847847,9,behavior_197,-10.31938823567845,929.8496161513035,864620.3086567265
"(40, 50]",47.10268035,-12.1608318325397,45.51856631983576,-25.72161870169857,9,behavior_197,-13.560786869158871,1027.555501153003,1055870.307949799
"(50, 60]",53.785143,1.50594210230876,55.447885855077786,-7.964712552341838,25,behavior_197,-9.470654654650598,622.8803554268702,387979.9371767042
"(-80, -70]",-71.42044770000001,5.18813709980144,-70.62195055402822,5.349260264866236,1,behavior_198,0.16112316506479551,5.714860664407858,32.65963241359623
"(-70, -60]",-66.15,-0.249539061038283,-65.73377080047018,-3.2746234170925286,10,behavior_198,-3.0250843560542457,136.16367238412272,18540.545677130704
"(-60, -50]",-56.700000225,5.89424048556142,-55.12294341640195,-1.070838481368096,13,behavior_198,-6.965078966929516,425.68626168772334,181208.7933896689
"(-50, -40]",-45.6231879,11.03997350737515,-44.82255221216329,12.05804840313867,11,behavior_198,1.0180748957635206,79.2615372912355,6282.391293769915
"(-40, -30]",-35.3528118,3.646997812277105,-35.051119515112475,16.69315270284082,10,behavior_198,13.046154890563715,1184.5009119212516,1403042.4103422766
"(-30, -20]",-24.5127375,1.60011999570311,-24.984828069821933,11.814802858026042,10,behavior_198,10.214682862322931,1034.6107369296897,1070419.3769701954
"(-20, -10]",-14.62973805,-5.954104569439496,-13.18282885275984,2.197163414326337,21,behavior_198,8.151267983765832,877.979646629288,770848.2598952894
"(-10, 0]",-3.46887202499999,-9.91567052953346,-6.656196844526108,-15.32845226080132,15,behavior_198,-5.412781731267861,601.4468794273972,361738.3487729541
"(0, 10]",5.03812620000001,-18.191934691485,5.032609342962526,-18.000221875057086,10,behavior_198,0.1917128164279127,21.259017561937405,451.945827698763
"(10, 20]",15.44703525,-19.2966096331278,15.811374191682509,-18.56360811344229,13,behavior_198,0.7330015196855122,78.65018085329586,6185.850948256148
"(20, 30]",25.0356285,-20.1180129941091,23.891811558865662,-30.63908009991632,12,behavior_198,-10.52106710580722,1061.1643877403596,1126069.8578083722
"(30, 40]",35.95858155,-16.672725789169398,35.27325802241342,-30.731050147080417,8,behavior_198,-14.058324357911019,1266.7541146226342,1604665.986913374
"(40, 50]",47.10268035,-12.1608318325397,45.67601936803361,-28.57970108719106,11,behavior_198,-16.418869254651362,1244.1239279188953,1547844.3480203408
"(50, 60]",53.785143,1.50594210230876,55.447885855077786,-7.964712552341838,25,behavior_198,-9.470654654650598,622.8803554268702,387979.9371767042
"(-80, -70]",-71.42044770000001,5.18813709980144,-70.62195055402822,5.349260264866236,1,behavior_199,0.16112316506479551,5.714860664407858,32.65963241359623
"(-70, -60]",-66.15,-0.249539061038283,-64.88984488815481,-1.5465070353583386,10,behavior_199,-1.2969679743200555,58.378511658551766,3408.0506234676645
"(-60, -50]",-56.700000225,5.89424048556142,-54.73117156642582,-0.4150749979741032,12,behavior_199,-6.309315483535523,385.6078207794836,148693.39144630232
"(-50, -40]",-45.6231879,11.03997350737515,-44.82255221216329,12.05804840313867,11,behavior_199,1.0180748957635206,79.2615372912355,6282.391293769915
"(-40, -30]",-35.3528118,3.646997812277105,-35.051119515112475,16.69315270284082,10,behavior_199,13.046154890563715,1184.5009119212516,1403042.4103422766
"(-30, -20]",-24.5127375,1.60011999570311,-24.984828069821933,11.814802858026042,10,behavior_199,10.214682862322931,1034.6107369296897,1070419.3769701954
"(-20, -10]",-14.62973805,-5.954104569439496,-13.18282885275984,2.197163414326337,21,behavior_199,8.151267983765832,877.979646629288,770848.2598952894
"(-10, 0]",-3.46887202499999,-9.91567052953346,-6.458667190094619,-17.428678723820184,18,behavior_199,-7.513008194286725,834.8157302304123,696917.3034401366
"(0, 10]",5.03812620000001,-18.191934691485,5.41570653772891,-25.124170514542257,12,behavior_199,-6.932235823057258,768.7150283000533,590922.7947343517
"(10, 20]",15.44703525,-19.2966096331278,14.39467568717576,-37.16616170123163,16,behavior_199,-17.86955206810383,1917.3814298867298,3676351.547674481
"(20, 30]",25.0356285,-20.1180129941091,24.908117070965226,-43.14499167465892,9,behavior_199,-23.026978680549817,2322.5219920485597,5394108.40354921
"(30, 40]",35.95858155,-16.672725789169398,35.625671492925974,-43.913612586517644,10,behavior_199,-27.240886797348246,2454.595907590646,6025041.0695607485
"(40, 50]",47.10268035,-12.1608318325397,44.624609672743446,-31.50698576726098,15,behavior_199,-19.34615393472128,1465.9360915837997,2148968.6246079863
"(50, 60]",53.785143,1.50594210230876,55.447885855077786,-7.964712552341838,25,behavior_199,-9.470654654650598,622.8803554268702,387979.9371767042
"(-80, -70]",-71.42044770000001,5.18813709980144,-70.62195055402822,5.349260264866236,1,behavior_200,0.16112316506479551,5.714860664407858,32.65963241359623
"(-70, -60]",-66.15,-0.249539061038283,-64.88984488815481,-1.5465070353583386,10,behavior_200,-1.2969679743200555,58.378511658551766,3408.0506234676645
"(-60, -50]",-56.700000225,5.89424048556142,-54.73117156642582,-0.4150749979741032,12,behavior_200,-6.309315483535523,385.6078207794836,148693.39144630232
"(-50, -40]",-45.6231879,11.03997350737515,-44.82255221216329,12.05804840313867,11,behavior_200,1.0180748957635206,79.2615372912355,6282.391293769915
"(-40, -30]",-35.3528118,3.646997812277105,-34.95781773867162,15.582556881093652,10,behavior_200,11.935559068816547,1083.666468771496,1174333.0155396839
"(-30, -20]",-24.5127375,1.60011999570311,-24.786900530126708,10.658332429377145,10,behavior_200,9.058212433674035,917.4757520702838,841761.7556369328
"(-20, -10]",-14.62973805,-5.954104569439496,-13.03708100159824,1.6672427409498518,20,behavior_200,7.621347310389347,820.9014636423886,673879.2130102159
"(-10, 0]",-3.46887202499999,-9.91567052953346,-6.458667190094619,-17.428678723820184,18,behavior_200,-7.513008194286725,834.8157302304123,696917.3034401366
"(0, 10]",5.03812620000001,-18.191934691485,5.41570653772891,-25.124170514542257,12,behavior_200,-6.932235823057258,768.7150283000533,590922.7947343517
"(10, 20]",15.44703525,-19.2966096331278,14.39467568717576,-37.16616170123163,16,behavior_200,-17.86955206810383,1917.3814298867298,3676351.547674481
"(20, 30]",25.0356285,-20.1180129941091,24.908117070965226,-43.14499167465892,9,behavior_200,-23.026978680549817,2322.5219920485597,5394108.40354921
"(30, 40]",35.95858155,-16.672725789169398,35.625671492925974,-43.913612586517644,10,behavior_200,-27.240886797348246,2454.595907590646,6025041.0695607485
"(40, 50]",47.10268035,-12.1608318325397,44.624609672743446,-31.50698576726098,15,behavior_200,-19.34615393472128,1465.9360915837997,2148968.6246079863
"(50, 60]",53.785143,1.50594210230876,55.447885855077786,-7.964712552341838,25,behavior_200,-9.470654654650598,622.8803554268702,387979.9371767042
"(-80, -70]",-71.42044770000001,5.18813709980144,-70.62195055402822,5.349260264866236,1,behavior_201,0.16112316506479551,5.714860664407858,32.65963241359623
"(-70, -60]",-66.15,-0.249539061038283,-66.02028490516521,-5.575862189719434,11,behavior_201,-5.3263231286811505,239.745948259008,57478.119706610945
"(-60, -50]",-56.700000225,5.89424048556142,-55.12294341640195,-1.070838481368096,13,behavior_201,-6.965078966929516,425.68626168772334,181208.7933896689
"(-50, -40]",-45.6231879,11.03997350737515,-44.82255221216329,12.05804840313867,11,behavior_201,1.0180748957635206,79.2615372912355,6282.391293769915
"(-40, -30]",-35.3528118,3.646997812277105,-35.051119515112475,16.69315270284082,10,behavior_201,13.046154890563715,1184.5009119212516,1403042.4103422766
"(-30, -20]",-24.5127375,1.60011999570311,-24.984828069821933,11.814802858026042,10,behavior_201,10.214682862322931,1034.6107369296897,1070419.3769701954
"(-20, -10]",-14.62973805,-5.954104569439496,-13.18282885275984,2.197163414326337,21,behavior_201,8.151267983765832,877.979646629288,770848.2598952894
"(-10, 0]",-3.46887202499999,-9.91567052953346,-6.458667190094619,-17.428678723820184,18,behavior_201,-7.513008194286725,834.8157302304123,696917.3034401366
"(0, 10]",5.03812620000001,-18.191934691485,5.41570653772891,-25.124170514542257,12,behavior_201,-6.932235823057258,768.7150283000533,590922.7947343517
"(10, 20]",15.44703525,-19.2966096331278,14.39467568717576,-37.16616170123163,16,behavior_201,-17.86955206810383,1917.3814298867298,3676351.547674481
"(20, 30]",25.0356285,-20.1180129941091,24.87597249992735,-44.17896454581809,10,behavior_201,-24.06095155170899,2426.8094353021197,5889404.035271393
"(30, 40]",35.95858155,-16.672725789169398,36.09942345665591,-44.98370169424164,10,behavior_201,-28.31097590507224,2551.0184787101857,6507695.278720831
"(40, 50]",47.10268035,-12.1608318325397,44.89229711828073,-30.7814672040011,16,behavior_201,-18.6206353714614,1410.9606245950943,1990809.8841577785
"(50, 60]",53.785143,1.50594210230876,55.538845075637624,-7.702838347410726,24,behavior_201,-9.208780449719486,605.6570161971454,366820.4212688292
"(-80, -70]",-71.42044770000001,5.18813709980144,-70.62195055402822,5.349260264866236,1,behavior_202,0.16112316506479551,5.714860664407858,32.65963241359623
"(-70, -60]",-66.15,-0.249539061038283,-66.02028490516521,-5.575862189719434,11,behavior_202,-5.3263231286811505,239.745948259008,57478.119706610945
"(-60, -50]",-56.700000225,5.89424048556142,-55.12294341640195,-1.070838481368096,13,behavior_202,-6.965078966929516,425.68626168772334,181208.7933896689
"(-50, -40]",-45.6231879,11.03997350737515,-44.82255221216329,12.05804840313867,11,behavior_202,1.0180748957635206,79.2615372912355,6282.391293769915
"(-40, -30]",-35.3528118,3.646997812277105,-35.051119515112475,16.69315270284082,10,behavior_202,13.046154890563715,1184.5009119212516,1403042.4103422766
"(-30, -20]",-24.5127375,1.60011999570311,-24.984828069821933,11.814802858026042,10,behavior_202,10.214682862322931,1034.6107369296897,1070419.3769701954
"(-20, -10]",-14.62973805,-5.954104569439496,-13.18282885275984,2.197163414326337,21,behavior_202,8.151267983765832,877.979646629288,770848.2598952894
"(-10, 0]",-3.46887202499999,-9.91567052953346,-6.458667190094619,-17.428678723820184,18,behavior_202,-7.513008194286725,834.8157302304123,696917.3034401366
"(0, 10]",5.03812620000001,-18.191934691485,5.41570653772891,-25.124170514542257,12,behavior_202,-6.932235823057258,768.7150283000533,590922.7947343517
"(10, 20]",15.44703525,-19.2966096331278,14.39467568717576,-37.16616170123163,16,behavior_202,-17.86955206810383,1917.3814298867298,3676351.547674481
"(20, 30]",25.0356285,-20.1180129941091,24.87597249992735,-44.17896454581809,10,behavior_202,-24.06095155170899,2426.8094353021197,5889404.035271393
"(30, 40]",35.95858155,-16.672725789169398,36.09942345665591,-44.98370169424164,10,behavior_202,-28.31097590507224,2551.0184787101857,6507695.278720831
"(40, 50]",47.10268035,-12.1608318325397,44.89229711828073,-30.7814672040011,16,behavior_202,-18.6206353714614,1410.9606245950943,1990809.8841577785
"(50, 60]",53.785143,1.50594210230876,55.538845075637624,-7.702838347410726,24,behavior_202,-9.208780449719486,605.6570161971454,366820.4212688292
"(-80, -70]",-71.42044770000001,5.18813709980144,-70.62195055402822,5.349260264866236,1,behavior_203,0.16112316506479551,5.714860664407858,32.65963241359623
"(-70, -60]",-66.15,-0.249539061038283,-64.88984488815481,-1.5465070353583386,10,behavior_203,-1.2969679743200555,58.378511658551766,3408.0506234676645
"(-60, -50]",-56.700000225,5.89424048556142,-54.73117156642582,-0.4150749979741032,12,behavior_203,-6.309315483535523,385.6078207794836,148693.39144630232
"(-50, -40]",-45.6231879,11.03997350737515,-44.82255221216329,12.05804840313867,11,behavior_203,1.0180748957635206,79.2615372912355,6282.391293769915
"(-40, -30]",-35.3528118,3.646997812277105,-34.95781773867162,15.582556881093652,10,behavior_203,11.935559068816547,1083.666468771496,1174333.0155396839
"(-30, -20]",-24.5127375,1.60011999570311,-24.786900530126708,10.658332429377145,10,behavior_203,9.058212433674035,917.4757520702838,841761.7556369328
"(-20, -10]",-14.62973805,-5.954104569439496,-13.03708100159824,1.6672427409498518,20,behavior_203,7.621347310389347,820.9014636423886,673879.2130102159
"(-10, 0]",-3.46887202499999,-9.91567052953346,-6.458667190094619,-17.428678723820184,18,behavior_203,-7.513008194286725,834.8157302304123,696917.3034401366
"(0, 10]",5.03812620000001,-18.191934691485,5.41570653772891,-25.124170514542257,12,behavior_203,-6.932235823057258,768.7150283000533,590922.7947343517
"(10, 20]",15.44703525,-19.2966096331278,14.39467568717576,-37.16616170123163,16,behavior_203,-17.86955206810383,1917.3814298867298,3676351.547674481
"(20, 30]",25.0356285,-20.1180129941091,24.87597249992735,-44.17896454581809,10,behavior_203,-24.06095155170899,2426.8094353021197,5889404.035271393
"(30, 40]",35.95858155,-16.672725789169398,36.09942345665591,-44.98370169424164,10,behavior_203,-28.31097590507224,2551.0184787101857,6507695.278720831
"(40, 50]",47.10268035,-12.1608318325397,44.89229711828073,-30.7814672040011,16,behavior_203,-18.6206353714614,1410.9606245950943,1990809.8841577785
"(50, 60]",53.785143,1.50594210230876,55.538845075637624,-7.702838347410726,24,behavior_203,-9.208780449719486,605.6570161971454,366820.4212688292
"(-80, -70]",-71.42044770000001,5.18813709980144,-70.62195055402822,5.349260264866236,1,behavior_204,0.16112316506479551,5.714860664407858,32.65963241359623
"(-70, -60]",-66.15,-0.249539061038283,-67.05136830184756,-10.008548180188619,12,behavior_204,-9.759009119150337,439.2679225074225,192956.30774398692
"(-60, -50]",-56.700000225,5.89424048556142,-55.37937926738891,-6.151893883454068,13,behavior_204,-12.046134369015489,736.2262411785371,542029.0781998774
"(-50, -40]",-45.6231879,11.03997350737515,-45.525400517689945,8.127989318455269,11,behavior_204,-2.911984188919881,226.7105733988884,51397.684090852774
"(-40, -30]",-35.3528118,3.646997812277105,-35.45632398896109,14.952534767226458,11,behavior_204,11.305536954949353,1026.4648047819003,1053629.9954559447
"(-30, -20]",-24.5127375,1.60011999570311,-24.984828069821933,11.814802858026042,10,behavior_204,10.214682862322931,1034.6107369296897,1070419.3769701954
"(-20, -10]",-14.62973805,-5.954104569439496,-13.18282885275984,2.197163414326337,21,behavior_204,8.151267983765832,877.979646629288,770848.2598952894
"(-10, 0]",-3.46887202499999,-9.91567052953346,-6.458667190094619,-17.428678723820184,18,behavior_204,-7.513008194286725,834.8157302304123,696917.3034401366
"(0, 10]",5.03812620000001,-18.191934691485,4.867663292958679,-25.12162819763532,11,behavior_204,-6.929693506150322,768.4331109990632,590489.4460796985
"(10, 20]",15.44703525,-19.2966096331278,15.071561241835283,-34.68841203932567,17,behavior_204,-15.391802406197868,1651.5218732766616,2727524.4979112535
"(20, 30]",25.0356285,-20.1180129941091,24.24586255815953,-46.15144080858767,11,behavior_204,-26.03342781447857,2625.755183358318,6894590.282933074
"(30, 40]",35.95858155,-16.672725789169398,36.437922642644025,-46.97193623793153,11,behavior_204,-30.299210448762132,2730.1724251502346,7453841.471050713
"(40, 50]",47.10268035,-12.1608318325397,45.159984563818014,-30.05594864074122,17,behavior_204,-17.89511680820152,1355.985157606389,1838695.7476488238
"(50, 60]",53.785143,1.50594210230876,55.629804296197456,-7.440964142479613,23,behavior_204,-8.946906244788373,588.4336769674204,346254.19218939845
"(-80, -70]",-71.42044770000001,5.18813709980144,-70.44701072825211,0.2231550420016385,4,behavior_205,-4.964982057799801,176.1024285378221,31012.065336918742
"(-70, -60]",-66.15,-0.249539061038283,-65.3755546892138,-10.947970806476189,9,behavior_205,-10.698431745437906,481.55277134479456,231893.07158985198
"(-60, -50]",-56.700000225,5.89424048556142,-55.37937926738891,-6.151893883454068,13,behavior_205,-12.046134369015489,736.2262411785371,542029.0781998774
"(-50, -40]",-45.6231879,11.03997350737515,-45.525400517689945,8.127989318455269,11,behavior_205,-2.911984188919881,226.7105733988884,51397.684090852774
"(-40, -30]",-35.3528118,3.646997812277105,-35.45632398896109,14.257639692856076,11,behavior_205,10.61064188057897,963.3731232722278,928087.774643287
"(-30, -20]",-24.5127375,1.60011999570311,-24.786900530126708,10.658332429377145,10,behavior_205,9.058212433674035,917.4757520702838,841761.7556369328
"(-20, -10]",-14.62973805,-5.954104569439496,-13.03708100159824,1.6672427409498518,20,behavior_205,7.621347310389347,820.9014636423886,673879.2130102159
"(-10, 0]",-3.46887202499999,-9.91567052953346,-6.458667190094619,-17.428678723820184,18,behavior_205,-7.513008194286725,834.8157302304123,696917.3034401366
"(0, 10]",5.03812620000001,-18.191934691485,4.867663292958679,-25.12162819763532,11,behavior_205,-6.929693506150322,768.4331109990632,590489.4460796985
"(10, 20]",15.44703525,-19.2966096331278,15.071561241835283,-34.68841203932567,17,behavior_205,-15.391802406197868,1651.5218732766616,2727524.4979112535
"(20, 30]",25.0356285,-20.1180129941091,24.24586255815953,-46.15144080858767,11,behavior_205,-26.03342781447857,2625.755183358318,6894590.282933074
"(30, 40]",35.95858155,-16.672725789169398,36.437922642644025,-46.97193623793153,11,behavior_205,-30.299210448762132,2730.1724251502346,7453841.471050713
"(40, 50]",47.10268035,-12.1608318325397,45.159984563818014,-30.05594864074122,17,behavior_205,-17.89511680820152,1355.985157606389,1838695.7476488238
"(50, 60]",53.785143,1.50594210230876,55.629804296197456,-7.440964142479613,23,behavior_205,-8.946906244788373,588.4336769674204,346254.19218939845
"(-80, -70]",-71.42044770000001,5.18813709980144,-70.44701072825211,0.2231550420016385,4,behavior_206,-4.964982057799801,176.1024285378221,31012.065336918742
"(-70, -60]",-66.15,-0.249539061038283,-65.67772285783144,-15.694588695891024,11,behavior_206,-15.445049634852742,695.2053003836602,483310.4096815352
"(-60, -50]",-56.700000225,5.89424048556142,-54.395926379556,-11.620459585476617,13,behavior_206,-17.514700071038035,1070.449772819831,1145862.7161300278
"(-50, -40]",-45.6231879,11.03997350737515,-45.050822950890456,3.507878096956534,11,behavior_206,-7.5320954104186155,586.4062297757628,343872.2663198247
"(-40, -30]",-35.3528118,3.646997812277105,-35.239463162466706,13.245081400630514,11,behavior_206,9.59808358835341,871.4398118425044,759407.3456640994
"(-30, -20]",-24.5127375,1.60011999570311,-24.786900530126708,10.658332429377145,10,behavior_206,9.058212433674035,917.4757520702838,841761.7556369328
"(-20, -10]",-14.62973805,-5.954104569439496,-13.03708100159824,1.6672427409498518,20,behavior_206,7.621347310389347,820.9014636423886,673879.2130102159
"(-10, 0]",-3.46887202499999,-9.91567052953346,-6.458667190094619,-17.428678723820184,18,behavior_206,-7.513008194286725,834.8157302304123,696917.3034401366
"(0, 10]",5.03812620000001,-18.191934691485,3.871417879774121,-27.94302832222003,12,behavior_206,-9.751093630735031,1081.2979257536485,1169205.2042391428
"(10, 20]",15.44703525,-19.2966096331278,15.355162260278224,-35.1787229637397,16,behavior_206,-15.882113330611901,1704.1316453492427,2904064.664680717
"(20, 30]",25.0356285,-20.1180129941091,23.607867436964053,-48.059656573526574,12,behavior_206,-27.941643579417473,2818.219559216182,7942361.483948651
"(30, 40]",35.95858155,-16.672725789169398,36.09699238580376,-48.280070291111485,12,behavior_206,-31.607344501942087,2848.0445237130484,8111357.609051885
"(40, 50]",47.10268035,-12.1608318325397,45.159984563818014,-30.05594864074122,17,behavior_206,-17.89511680820152,1355.985157606389,1838695.7476488238
"(50, 60]",53.785143,1.50594210230876,55.629804296197456,-7.440964142479613,23,behavior_206,-8.946906244788373,588.4336769674204,346254.19218939845
"(-80, -70]",-71.42044770000001,5.18813709980144,-70.62195055402822,5.349260264866236,1,behavior_207,0.16112316506479551,5.714860664407858,32.65963241359623
"(-70, -60]",-66.15,-0.249539061038283,-66.02028490516521,-5.575862189719434,11,behavior_207,-5.3263231286811505,239.745948259008,57478.119706610945
"(-60, -50]",-56.700000225,5.89424048556142,-55.12294341640195,-1.070838481368096,13,behavior_207,-6.965078966929516,425.68626168772334,181208.7933896689
"(-50, -40]",-45.6231879,11.03997350737515,-44.82255221216329,12.05804840313867,11,behavior_207,1.0180748957635206,79.2615372912355,6282.391293769915
"(-40, -30]",-35.3528118,3.646997812277105,-35.051119515112475,16.69315270284082,10,behavior_207,13.046154890563715,1184.5009119212516,1403042.4103422766
"(-30, -20]",-24.5127375,1.60011999570311,-24.984828069821933,11.814802858026042,10,behavior_207,10.214682862322931,1034.6107369296897,1070419.3769701954
"(-20, -10]",-14.62973805,-5.954104569439496,-13.18282885275984,2.197163414326337,21,behavior_207,8.151267983765832,877.979646629288,770848.2598952894
"(-10, 0]",-3.46887202499999,-9.91567052953346,-6.458667190094619,-17.428678723820184,18,behavior_207,-7.513008194286725,834.8157302304123,696917.3034401366
"(0, 10]",5.03812620000001,-18.191934691485,5.963749782499141,-25.12671283144919,13,behavior_207,-6.934778139964191,768.996945601043,591356.3023437335
"(10, 20]",15.44703525,-19.2966096331278,14.462131251918734,-39.15522402798092,16,behavior_207,-19.85861439485312,2130.80542359745,4540331.753232309
"(20, 30]",25.0356285,-20.1180129941091,24.789971397375943,-46.215705478527056,10,behavior_207,-26.097692484417955,2632.2369763593265,6928671.49971329
"(30, 40]",35.95858155,-16.672725789169398,36.437922642644025,-46.97193623793153,11,behavior_207,-30.299210448762132,2730.1724251502346,7453841.471050713
"(40, 50]",47.10268035,-12.1608318325397,44.624609672743446,-31.50698576726098,15,behavior_207,-19.34615393472128,1465.9360915837997,2148968.6246079863
"(50, 60]",53.785143,1.50594210230876,55.447885855077786,-7.964712552341838,25,behavior_207,-9.470654654650598,622.8803554268702,387979.9371767042
"(-80, -70]",-71.42044770000001,5.18813709980144,-70.62195055402822,5.349260264866236,1,behavior_208,0.16112316506479551,5.714860664407858,32.65963241359623
"(-70, -60]",-66.15,-0.249539061038283,-65.73377080047018,-3.2746234170925286,10,behavior_208,-3.0250843560542457,136.16367238412272,18540.545677130704
"(-60, -50]",-56.700000225,5.89424048556142,-55.12294341640195,-1.070838481368096,13,behavior_208,-6.965078966929516,425.68626168772334,181208.7933896689
"(-50, -40]",-45.6231879,11.03997350737515,-44.82255221216329,12.05804840313867,11,behavior_208,1.0180748957635206,79.2615372912355,6282.391293769915
"(-40, -30]",-35.3528118,3.646997812277105,-35.051119515112475,16.69315270284082,10,behavior_208,13.046154890563715,1184.5009119212516,1403042.4103422766
"(-30, -20]",-24.5127375,1.60011999570311,-24.984828069821933,11.814802858026042,10,behavior_208,10.214682862322931,1034.6107369296897,1070419.3769701954
"(-20, -10]",-14.62973805,-5.954104569439496,-13.18282885275984,2.197163414326337,21,behavior_208,8.151267983765832,877.979646629288,770848.2598952894
"(-10, 0]",-3.46887202499999,-9.91567052953346,-6.458667190094619,-17.428678723820184,18,behavior_208,-7.513008194286725,834.8157302304123,696917.3034401366
"(0, 10]",5.03812620000001,-18.191934691485,5.963749782499141,-25.12671283144919,13,behavior_208,-6.934778139964191,768.996945601043,591356.3023437335
"(10, 20]",15.44703525,-19.2966096331278,14.462131251918734,-39.15522402798092,16,behavior_208,-19.85861439485312,2130.80542359745,4540331.753232309
"(20, 30]",25.0356285,-20.1180129941091,24.789971397375943,-46.215705478527056,10,behavior_208,-26.097692484417955,2632.2369763593265,6928671.49971329
"(30, 40]",35.95858155,-16.672725789169398,36.437922642644025,-46.97193623793153,11,behavior_208,-30.299210448762132,2730.1724251502346,7453841.471050713
"(40, 50]",47.10268035,-12.1608318325397,44.624609672743446,-31.50698576726098,15,behavior_208,-19.34615393472128,1465.9360915837997,2148968.6246079863
"(50, 60]",53.785143,1.50594210230876,55.447885855077786,-7.964712552341838,25,behavior_208,-9.470654654650598,622.8803554268702,387979.9371767042
"(-80, -70]",-71.42044770000001,5.18813709980144,-70.62195055402822,5.349260264866236,1,behavior_209,0.16112316506479551,5.714860664407858,32.65963241359623
"(-70, -60]",-66.15,-0.249539061038283,-64.88984488815481,-1.5465070353583386,10,behavior_209,-1.2969679743200555,58.378511658551766,3408.0506234676645
"(-60, -50]",-56.700000225,5.89424048556142,-54.73117156642582,-0.4150749979741032,12,behavior_209,-6.309315483535523,385.6078207794836,148693.39144630232
"(-50, -40]",-45.6231879,11.03997350737515,-44.82255221216329,12.05804840313867,11,behavior_209,1.0180748957635206,79.2615372912355,6282.391293769915
"(-40, -30]",-35.3528118,3.646997812277105,-34.95781773867162,15.582556881093652,10,behavior_209,11.935559068816547,1083.666468771496,1174333.0155396839
"(-30, -20]",-24.5127375,1.60011999570311,-24.786900530126708,10.658332429377145,10,behavior_209,9.058212433674035,917.4757520702838,841761.7556369328
"(-20, -10]",-14.62973805,-5.954104569439496,-13.03708100159824,1.6672427409498518,20,behavior_209,7.621347310389347,820.9014636423886,673879.2130102159
"(-10, 0]",-3.46887202499999,-9.91567052953346,-6.458667190094619,-17.428678723820184,18,behavior_209,-7.513008194286725,834.8157302304123,696917.3034401366
"(0, 10]",5.03812620000001,-18.191934691485,5.963749782499141,-25.12671283144919,13,behavior_209,-6.934778139964191,768.996945601043,591356.3023437335
"(10, 20]",15.44703525,-19.2966096331278,14.462131251918734,-39.15522402798092,16,behavior_209,-19.85861439485312,2130.80542359745,4540331.753232309
"(20, 30]",25.0356285,-20.1180129941091,24.789971397375943,-46.215705478527056,10,behavior_209,-26.097692484417955,2632.2369763593265,6928671.49971329
"(30, 40]",35.95858155,-16.672725789169398,36.437922642644025,-46.97193623793153,11,behavior_209,-30.299210448762132,2730.1724251502346,7453841.471050713
"(40, 50]",47.10268035,-12.1608318325397,44.624609672743446,-31.50698576726098,15,behavior_209,-19.34615393472128,1465.9360915837997,2148968.6246079863
"(50, 60]",53.785143,1.50594210230876,55.447885855077786,-7.964712552341838,25,behavior_209,-9.470654654650598,622.8803554268702,387979.9371767042
"(-80, -70]",-71.42044770000001,5.18813709980144,-70.62195055402822,5.349260264866236,1,behavior_210,0.16112316506479551,5.714860664407858,32.65963241359623
"(-70, -60]",-66.15,-0.249539061038283,-66.02028490516521,-5.575862189719434,11,behavior_210,-5.3263231286811505,239.745948259008,57478.119706610945
"(-60, -50]",-56.700000225,5.89424048556142,-55.12294341640195,-1.070838481368096,13,behavior_210,-6.965078966929516,425.68626168772334,181208.7933896689
"(-50, -40]",-45.6231879,11.03997350737515,-44.82255221216329,12.05804840313867,11,behavior_210,1.0180748957635206,79.2615372912355,6282.391293769915
"(-40, -30]",-35.3528118,3.646997812277105,-35.051119515112475,16.69315270284082,10,behavior_210,13.046154890563715,1184.5009119212516,1403042.4103422766
"(-30, -20]",-24.5127375,1.60011999570311,-24.984828069821933,11.814802858026042,10,behavior_210,10.214682862322931,1034.6107369296897,1070419.3769701954
"(-20, -10]",-14.62973805,-5.954104569439496,-13.18282885275984,2.197163414326337,21,behavior_210,8.151267983765832,877.979646629288,770848.2598952894
"(-10, 0]",-3.46887202499999,-9.91567052953346,-6.458667190094619,-17.428678723820184,18,behavior_210,-7.513008194286725,834.8157302304123,696917.3034401366
"(0, 10]",5.03812620000001,-18.191934691485,5.963749782499141,-25.12671283144919,13,behavior_210,-6.934778139964191,768.996945601043,591356.3023437335
"(10, 20]",15.44703525,-19.2966096331278,14.462131251918734,-39.15522402798092,16,behavior_210,-19.85861439485312,2130.80542359745,4540331.753232309
"(20, 30]",25.0356285,-20.1180129941091,24.789971397375943,-46.215705478527056,10,behavior_210,-26.097692484417955,2632.2369763593265,6928671.49971329
"(30, 40]",35.95858155,-16.672725789169398,36.437922642644025,-46.97193623793153,11,behavior_210,-30.299210448762132,2730.1724251502346,7453841.471050713
"(40, 50]",47.10268035,-12.1608318325397,44.89229711828073,-30.7814672040011,16,behavior_210,-18.6206353714614,1410.9606245950943,1990809.8841577785
"(50, 60]",53.785143,1.50594210230876,55.538845075637624,-7.702838347410726,24,behavior_210,-9.208780449719486,605.6570161971454,366820.4212688292
"(-80, -70]",-71.42044770000001,5.18813709980144,-70.44701072825211,0.2231550420016385,4,behavior_211,-4.964982057799801,176.1024285378221,31012.065336918742
"(-70, -60]",-66.15,-0.249539061038283,-65.3755546892138,-10.947970806476189,9,behavior_211,-10.698431745437906,481.55277134479456,231893.07158985198
"(-60, -50]",-56.700000225,5.89424048556142,-55.37937926738891,-6.151893883454068,13,behavior_211,-12.046134369015489,736.2262411785371,542029.0781998774
"(-50, -40]",-45.6231879,11.03997350737515,-45.525400517689945,8.127989318455269,11,behavior_211,-2.911984188919881,226.7105733988884,51397.684090852774
"(-40, -30]",-35.3528118,3.646997812277105,-35.45632398896109,14.257639692856076,11,behavior_211,10.61064188057897,963.3731232722278,928087.774643287
"(-30, -20]",-24.5127375,1.60011999570311,-24.786900530126708,10.658332429377145,10,behavior_211,9.058212433674035,917.4757520702838,841761.7556369328
"(-20, -10]",-14.62973805,-5.954104569439496,-13.03708100159824,1.6672427409498518,20,behavior_211,7.621347310389347,820.9014636423886,673879.2130102159
"(-10, 0]",-3.46887202499999,-9.91567052953346,-6.458667190094619,-17.428678723820184,18,behavior_211,-7.513008194286725,834.8157302304123,696917.3034401366
"(0, 10]",5.03812620000001,-18.191934691485,5.963749782499141,-25.12671283144919,13,behavior_211,-6.934778139964191,768.996945601043,591356.3023437335
"(10, 20]",15.44703525,-19.2966096331278,14.462131251918734,-39.15522402798092,16,behavior_211,-19.85861439485312,2130.80542359745,4540331.753232309
"(20, 30]",25.0356285,-20.1180129941091,24.789971397375943,-46.215705478527056,10,behavior_211,-26.097692484417955,2632.2369763593265,6928671.49971329
"(30, 40]",35.95858155,-16.672725789169398,36.437922642644025,-46.97193623793153,11,behavior_211,-30.299210448762132,2730.1724251502346,7453841.471050713
"(40, 50]",47.10268035,-12.1608318325397,44.89229711828073,-30.7814672040011,16,behavior_211,-18.6206353714614,1410.9606245950943,1990809.8841577785
"(50, 60]",53.785143,1.50594210230876,55.538845075637624,-7.702838347410726,24,behavior_211,-9.208780449719486,605.6570161971454,366820.4212688292
"(-80, -70]",-71.42044770000001,5.18813709980144,-70.44701072825211,0.2231550420016385,4,behavior_212,-4.964982057799801,176.1024285378221,31012.065336918742
"(-70, -60]",-66.15,-0.249539061038283,-65.67772285783144,-15.694588695891024,11,behavior_212,-15.445049634852742,695.2053003836602,483310.4096815352
"(-60, -50]",-56.700000225,5.89424048556142,-54.395926379556,-11.620459585476617,13,behavior_212,-17.514700071038035,1070.449772819831,1145862.7161300278
"(-50, -40]",-45.6231879,11.03997350737515,-45.050822950890456,3.507878096956534,11,behavior_212,-7.5320954104186155,586.4062297757628,343872.2663198247
"(-40, -30]",-35.3528118,3.646997812277105,-35.239463162466706,13.245081400630514,11,behavior_212,9.59808358835341,871.4398118425044,759407.3456640994
"(-30, -20]",-24.5127375,1.60011999570311,-24.786900530126708,10.658332429377145,10,behavior_212,9.058212433674035,917.4757520702838,841761.7556369328
"(-20, -10]",-14.62973805,-5.954104569439496,-13.03708100159824,1.6672427409498518,20,behavior_212,7.621347310389347,820.9014636423886,673879.2130102159
"(-10, 0]",-3.46887202499999,-9.91567052953346,-5.181269433173919,-19.61054446851416,23,behavior_212,-9.6948739389807,1077.2560148432458,1160480.5215159515
"(0, 10]",5.03812620000001,-18.191934691485,5.771292219488093,-33.792496203287214,13,behavior_212,-15.600561511802216,1729.944911013266,2992709.395140697
"(10, 20]",15.44703525,-19.2966096331278,14.564300448037292,-47.13045549468164,16,behavior_212,-27.83384586155384,2986.5381613304157,8919410.189082861
"(20, 30]",25.0356285,-20.1180129941091,24.824376421521265,-53.078240206695995,10,behavior_212,-32.960227212586894,3324.3984643461117,11051625.149746785
"(30, 40]",35.95858155,-16.672725789169398,35.481431582240006,-51.00812110375124,13,behavior_212,-34.335395314581845,3093.8611305739064,9571976.69527605
"(40, 50]",47.10268035,-12.1608318325397,45.486254351686455,-32.16395086597142,18,behavior_212,-20.003119033431723,1515.7169861409393,2297397.9820761723
"(50, 60]",53.785143,1.50594210230876,55.629804296197456,-7.440964142479613,23,behavior_212,-8.946906244788373,588.4336769674204,346254.19218939845
"(-80, -70]",-71.42044770000001,5.18813709980144,-70.62195055402822,5.349260264866236,1,behavior_213,0.16112316506479551,5.714860664407858,32.65963241359623
"(-70, -60]",-66.15,-0.249539061038283,-66.02028490516521,-5.575862189719434,11,behavior_213,-5.3263231286811505,239.745948259008,57478.119706610945
"(-60, -50]",-56.700000225,5.89424048556142,-55.12294341640195,-1.070838481368096,13,behavior_213,-6.965078966929516,425.68626168772334,181208.7933896689
"(-50, -40]",-45.6231879,11.03997350737515,-44.82255221216329,12.05804840313867,11,behavior_213,1.0180748957635206,79.2615372912355,6282.391293769915
"(-40, -30]",-35.3528118,3.646997812277105,-35.051119515112475,16.69315270284082,10,behavior_213,13.046154890563715,1184.5009119212516,1403042.4103422766
"(-30, -20]",-24.5127375,1.60011999570311,-24.984828069821933,11.814802858026042,10,behavior_213,10.214682862322931,1034.6107369296897,1070419.3769701954
"(-20, -10]",-14.62973805,-5.954104569439496,-13.18282885275984,2.197163414326337,21,behavior_213,8.151267983765832,877.979646629288,770848.2598952894
"(-10, 0]",-3.46887202499999,-9.91567052953346,-5.432191743781275,-19.170131317475704,22,behavior_213,-9.254460787942245,1028.319048879754,1057440.066288962
"(0, 10]",5.03812620000001,-18.191934691485,6.225019152234905,-30.83255842036689,13,behavior_213,-12.640623728881891,1401.7176673589208,1964812.4189861342
"(10, 20]",15.44703525,-19.2966096331278,14.29849859000457,-44.65228420301776,15,behavior_213,-25.355674569889956,2720.6333643547778,7401845.903240397
"(20, 30]",25.0356285,-20.1180129941091,24.613963297479174,-49.1868417022708,9,behavior_213,-29.068828708161696,2931.9084754624896,8596087.30848878
"(30, 40]",35.95858155,-16.672725789169398,35.82729275796763,-50.02591713890353,12,behavior_213,-33.35319134973413,3005.3576302851716,9032174.485913303
"(40, 50]",47.10268035,-12.1608318325397,44.92641993099367,-33.59835038763262,16,behavior_213,-21.43751855509292,1624.4072217117327,2638698.8219492305
"(50, 60]",53.785143,1.50594210230876,55.447885855077786,-7.964712552341838,25,behavior_213,-9.470654654650598,622.8803554268702,387979.9371767042
"(-80, -70]",-71.42044770000001,5.18813709980144,-70.44701072825211,0.2231550420016385,4,behavior_214,-4.964982057799801,176.1024285378221,31012.065336918742
"(-70, -60]",-66.15,-0.249539061038283,-64.62148795549055,-8.968801834215776,9,behavior_214,-8.719262773177494,392.4673496466054,154030.6205386308
"(-60, -50]",-56.700000225,5.89424048556142,-55.12294341640195,-1.070838481368096,13,behavior_214,-6.965078966929516,425.68626168772334,181208.7933896689
"(-50, -40]",-45.6231879,11.03997350737515,-44.82255221216329,12.05804840313867,11,behavior_214,1.0180748957635206,79.2615372912355,6282.391293769915
"(-40, -30]",-35.3528118,3.646997812277105,-34.95781773867162,15.582556881093652,10,behavior_214,11.935559068816547,1083.666468771496,1174333.0155396839
"(-30, -20]",-24.5127375,1.60011999570311,-24.786900530126708,10.658332429377145,10,behavior_214,9.058212433674035,917.4757520702838,841761.7556369328
"(-20, -10]",-14.62973805,-5.954104569439496,-13.03708100159824,1.6672427409498518,20,behavior_214,7.621347310389347,820.9014636423886,673879.2130102159
"(-10, 0]",-3.46887202499999,-9.91567052953346,-5.432191743781275,-19.170131317475704,22,behavior_214,-9.254460787942245,1028.319048879754,1057440.066288962
"(0, 10]",5.03812620000001,-18.191934691485,6.225019152234905,-30.83255842036689,13,behavior_214,-12.640623728881891,1401.7176673589208,1964812.4189861342
"(10, 20]",15.44703525,-19.2966096331278,14.29849859000457,-44.65228420301776,15,behavior_214,-25.355674569889956,2720.6333643547778,7401845.903240397
"(20, 30]",25.0356285,-20.1180129941091,24.613963297479174,-49.1868417022708,9,behavior_214,-29.068828708161696,2931.9084754624896,8596087.30848878
"(30, 40]",35.95858155,-16.672725789169398,35.82729275796763,-50.02591713890353,12,behavior_214,-33.35319134973413,3005.3576302851716,9032174.485913303
"(40, 50]",47.10268035,-12.1608318325397,44.92641993099367,-33.59835038763262,16,behavior_214,-21.43751855509292,1624.4072217117327,2638698.8219492305
"(50, 60]",53.785143,1.50594210230876,55.447885855077786,-7.964712552341838,25,behavior_214,-9.470654654650598,622.8803554268702,387979.9371767042
"(-80, -70]",-71.42044770000001,5.18813709980144,-70.44701072825211,0.2231550420016385,4,behavior_215,-4.964982057799801,176.1024285378221,31012.065336918742
"(-70, -60]",-66.15,-0.249539061038283,-65.3755546892138,-10.947970806476189,9,behavior_215,-10.698431745437906,481.55277134479456,231893.07158985198
"(-60, -50]",-56.700000225,5.89424048556142,-55.37937926738891,-6.151893883454068,13,behavior_215,-12.046134369015489,736.2262411785371,542029.0781998774
"(-50, -40]",-45.6231879,11.03997350737515,-45.525400517689945,8.127989318455269,11,behavior_215,-2.911984188919881,226.7105733988884,51397.684090852774
"(-40, -30]",-35.3528118,3.646997812277105,-35.45632398896109,14.257639692856076,11,behavior_215,10.61064188057897,963.3731232722278,928087.774643287
"(-30, -20]",-24.5127375,1.60011999570311,-24.786900530126708,10.658332429377145,10,behavior_215,9.058212433674035,917.4757520702838,841761.7556369328
"(-20, -10]",-14.62973805,-5.954104569439496,-13.03708100159824,1.6672427409498518,20,behavior_215,7.621347310389347,820.9014636423886,673879.2130102159
"(-10, 0]",-3.46887202499999,-9.91567052953346,-5.181269433173919,-19.61054446851416,23,behavior_215,-9.6948739389807,1077.2560148432458,1160480.5215159515
"(0, 10]",5.03812620000001,-18.191934691485,6.300656175483928,-32.79128446687816,13,behavior_215,-14.599349775393161,1618.9206285259165,2620904.001466749
"(10, 20]",15.44703525,-19.2966096331278,14.564300448037292,-47.13045549468164,16,behavior_215,-27.83384586155384,2986.5381613304157,8919410.189082861
"(20, 30]",25.0356285,-20.1180129941091,24.824376421521265,-53.078240206695995,10,behavior_215,-32.960227212586894,3324.3984643461117,11051625.149746785
"(30, 40]",35.95858155,-16.672725789169398,35.481431582240006,-51.00812110375124,13,behavior_215,-34.335395314581845,3093.8611305739064,9571976.69527605
"(40, 50]",47.10268035,-12.1608318325397,45.21082583202489,-32.8882096019456,17,behavior_215,-20.727377769405898,1570.596990936306,2466774.9079381786
"(50, 60]",53.785143,1.50594210230876,55.538845075637624,-7.702838347410726,24,behavior_215,-9.208780449719486,605.6570161971454,366820.4212688292
"(-80, -70]",-71.42044770000001,5.18813709980144,-70.44701072825211,0.2231550420016385,4,behavior_216,-4.964982057799801,176.1024285378221,31012.065336918742
"(-70, -60]",-66.15,-0.249539061038283,-65.3755546892138,-10.947970806476189,9,behavior_216,-10.698431745437906,481.55277134479456,231893.07158985198
"(-60, -50]",-56.700000225,5.89424048556142,-55.37937926738891,-6.151893883454068,13,behavior_216,-12.046134369015489,736.2262411785371,542029.0781998774
"(-50, -40]",-45.6231879,11.03997350737515,-45.639582510262805,9.650344082366646,13,behavior_216,-1.3896294250085042,108.18866563712429,11704.787372341478
"(-40, -30]",-35.3528118,3.646997812277105,-34.95781773867162,15.42056042049457,10,behavior_216,11.773562608217466,1068.9583071010857,1142671.862320419
"(-30, -20]",-24.5127375,1.60011999570311,-24.786900530126708,10.658332429377145,10,behavior_216,9.058212433674035,917.4757520702838,841761.7556369328
"(-20, -10]",-14.62973805,-5.954104569439496,-13.03708100159824,1.6672427409498518,20,behavior_216,7.621347310389347,820.9014636423886,673879.2130102159
"(-10, 0]",-3.46887202499999,-9.91567052953346,-5.181269433173919,-19.61054446851416,23,behavior_216,-9.6948739389807,1077.2560148432458,1160480.5215159515
"(0, 10]",5.03812620000001,-18.191934691485,6.300656175483928,-32.79128446687816,13,behavior_216,-14.599349775393161,1618.9206285259165,2620904.001466749
"(10, 20]",15.44703525,-19.2966096331278,14.564300448037292,-47.13045549468164,16,behavior_216,-27.83384586155384,2986.5381613304157,8919410.189082861
"(20, 30]",25.0356285,-20.1180129941091,24.824376421521265,-53.078240206695995,10,behavior_216,-32.960227212586894,3324.3984643461117,11051625.149746785
"(30, 40]",35.95858155,-16.672725789169398,35.52424181220588,-52.67196603728483,12,behavior_216,-35.999240248115434,3243.785286681575,10522142.986091869
"(40, 50]",47.10268035,-12.1608318325397,45.19199223579292,-35.7014037565787,17,behavior_216,-23.540571924039,1783.7640554507575,3181814.205518133
"(50, 60]",53.785143,1.50594210230876,55.447885855077786,-7.964712552341838,25,behavior_216,-9.470654654650598,622.8803554268702,387979.9371767042
