lat_band,benchmark_lat_median,benchmark_lon_median,route_lat_median,route_lon_median,n_points,behavior,lon_error_deg,lon_error_km,squared_lon_error_km
"(-80, -70]",-71.25708173,-20.00285938,-71.0498319885632,-19.772798268546946,2,behavior_001,0.23006111145305397,8.229196716160933,67.71967859327388
"(-70, -60]",-65.61340604,-35.1199531,-65.2032742104729,-18.87518938179012,9,behavior_001,16.244763718209878,746.6591088323537,557499.8248023246
"(-60, -50]",-58.0693621,-31.43578883,-54.844028618037584,-19.837126528206923,10,behavior_001,11.598662301793077,682.8861267698912,466333.462134784
"(-50, -40]",-43.7844094,0.441897953,-44.98067607211014,-20.17360209081317,9,behavior_001,-20.61550004381317,1656.8123099470934,2745027.0303922235
"(-40, -30]",-35.56805596,3.938167204,-35.150971041301666,-20.686994954220186,8,behavior_001,-24.625162158220185,2229.8205387579746,4972099.635066904
"(-30, -20]",-24.892482045,3.1913109405,-25.34840001316212,-21.49453255022848,9,behavior_001,-24.68584349072848,2492.734231296191,6213723.947875812
"(-20, -10]",-14.861629965,-2.1931205695,-15.07691193525001,-22.194838902884655,10,behavior_001,-20.001718333384655,2152.1074872181644,4631566.636540482
"(-10, 0]",-4.2016837085,-11.19345858,-4.636387626015981,-22.29161242982711,9,behavior_001,-11.098153849827112,1232.1260074295428,1518134.4981842658
"(0, 10]",4.649206505,-23.063146705,4.937530669447581,-21.050702486825433,10,behavior_001,2.0124442181745685,223.28816534543404,49857.60478332989
"(10, 20]",14.48227294,-40.47469647,14.889857017366243,-19.72878865935555,10,behavior_001,20.745907810644447,2236.0523173178112,4999929.965782354
"(20, 30]",24.69371562,-49.41198452,24.80575462733373,-18.81524801316166,9,behavior_001,30.596736506838337,3094.561023837634,9576307.930255026
"(30, 40]",35.72890237,-46.307643205,35.13217005329357,-17.43667469083722,9,behavior_001,28.87096851416278,2609.0220268442267,6806995.9365583565
"(40, 50]",45.949939150000006,-37.711282205,44.97459456298925,-15.776072031888578,9,behavior_001,21.935210173111425,1697.770035634357,2882423.093897886
"(50, 60]",52.560148515,-25.18428898,55.42394645344042,-12.497828625941464,11,behavior_001,12.686460354058537,858.5507700038671,737109.4246742331
"(60, 70]",62.07117996,-18.12660637,61.0954170794037,-16.777963867895608,3,behavior_001,1.3486425021043935,70.31744637107758,4944.543264149372
"(-80, -70]",-71.25708173,-20.00285938,-71.0498319885632,-19.772798268546946,2,behavior_002,0.23006111145305397,8.229196716160933,67.71967859327388
"(-70, -60]",-65.61340604,-35.1199531,-65.2032742104729,-18.87518938179012,9,behavior_002,16.244763718209878,746.6591088323537,557499.8248023246
"(-60, -50]",-58.0693621,-31.43578883,-54.844028618037584,-19.837126528206923,10,behavior_002,11.598662301793077,682.8861267698912,466333.462134784
"(-50, -40]",-43.7844094,0.441897953,-44.98067607211014,-20.17360209081317,9,behavior_002,-20.61550004381317,1656.8123099470934,2745027.0303922235
"(-40, -30]",-35.56805596,3.938167204,-35.150971041301666,-20.686994954220186,8,behavior_002,-24.625162158220185,2229.8205387579746,4972099.635066904
"(-30, -20]",-24.892482045,3.1913109405,-25.34840001316212,-21.49453255022848,9,behavior_002,-24.68584349072848,2492.734231296191,6213723.947875812
"(-20, -10]",-14.861629965,-2.1931205695,-15.07691193525001,-22.194838902884655,10,behavior_002,-20.001718333384655,2152.1074872181644,4631566.636540482
"(-10, 0]",-4.2016837085,-11.19345858,-4.636387626015981,-22.29161242982711,9,behavior_002,-11.098153849827112,1232.1260074295428,1518134.4981842658
"(0, 10]",4.649206505,-23.063146705,4.937530669447581,-21.050702486825433,10,behavior_002,2.0124442181745685,223.28816534543404,49857.60478332989
"(10, 20]",14.48227294,-40.47469647,14.889857017366243,-19.72878865935555,10,behavior_002,20.745907810644447,2236.0523173178112,4999929.965782354
"(20, 30]",24.69371562,-49.41198452,24.80575462733373,-18.81524801316166,9,behavior_002,30.596736506838337,3094.561023837634,9576307.930255026
"(30, 40]",35.72890237,-46.307643205,35.13217005329357,-17.43667469083722,9,behavior_002,28.87096851416278,2609.0220268442267,6806995.9365583565
"(40, 50]",45.949939150000006,-37.711282205,44.97459456298925,-15.776072031888578,9,behavior_002,21.935210173111425,1697.770035634357,2882423.093897886
"(50, 60]",52.560148515,-25.18428898,55.42394645344042,-12.497828625941464,11,behavior_002,12.686460354058537,858.5507700038671,737109.4246742331
"(60, 70]",62.07117996,-18.12660637,61.0954170794037,-16.777963867895608,3,behavior_002,1.3486425021043935,70.31744637107758,4944.543264149372
"(-80, -70]",-71.25708173,-20.00285938,-71.0498319885632,-19.772798268546946,2,behavior_003,0.23006111145305397,8.229196716160933,67.71967859327388
"(-70, -60]",-65.61340604,-35.1199531,-65.27425705485093,-23.02750485695077,9,behavior_003,12.092448243049226,555.8059683339892,308920.2744356834
"(-60, -50]",-58.0693621,-31.43578883,-54.86549813781042,-23.147349911765417,10,behavior_003,8.288438918234583,487.99247728481873,238136.65788657434
"(-50, -40]",-43.7844094,0.441897953,-45.0904744136671,-23.818646222280105,8,behavior_003,-24.260544175280106,1949.754706419655,3801543.4152055946
"(-40, -30]",-35.56805596,3.938167204,-35.323191537905984,-24.334184740175463,9,behavior_003,-28.272351944175462,2560.075366775691,6553985.883571688
"(-30, -20]",-24.892482045,3.1913109405,-25.02678459123356,-24.757036921108583,9,behavior_003,-27.948347861608582,2822.176339608216,7964679.2918444285
"(-20, -10]",-14.861629965,-2.1931205695,-15.272923677451375,-25.027267456443365,9,behavior_003,-22.834146886943365,2456.8658382519334,6036189.747169375
"(-10, 0]",-4.2016837085,-11.19345858,-5.219917593156162,-25.075130621133383,9,behavior_003,-13.881672041133383,1541.1544460391883,2375157.026546357
"(0, 10]",4.649206505,-23.063146705,4.824217072221701,-24.20511459912697,10,behavior_003,-1.1419678941269673,126.70558202815268,16054.304517092927
"(10, 20]",14.48227294,-40.47469647,14.692328365542933,-22.756257454235563,10,behavior_003,17.718439015764435,1909.7432121107868,3647119.1362032257
"(20, 30]",24.69371562,-49.41198452,25.08151355620916,-21.210231311275585,9,behavior_003,28.201753208724412,2852.3318578143553,8135797.027102692
"(30, 40]",35.72890237,-46.307643205,35.060738757787355,-20.24034596204821,9,behavior_003,26.06729724295179,2355.65885688228,5549128.65000793
"(40, 50]",45.949939150000006,-37.711282205,45.375959973365866,-18.53988921800337,9,behavior_003,19.171392986996633,1483.8525046179961,2201818.2554611005
"(50, 60]",52.560148515,-25.18428898,55.42210184709746,-15.473435419547753,10,behavior_003,9.710853560452248,657.1778548973979,431882.73296754534
"(60, 70]",62.07117996,-18.12660637,61.0954170794037,-16.777963867895608,3,behavior_003,1.3486425021043935,70.31744637107758,4944.543264149372
"(-80, -70]",-71.25708173,-20.00285938,-71.0498319885632,-19.772798268546946,2,behavior_004,0.23006111145305397,8.229196716160933,67.71967859327388
"(-70, -60]",-65.61340604,-35.1199531,-65.27425705485093,-23.02750485695077,9,behavior_004,12.092448243049226,555.8059683339892,308920.2744356834
"(-60, -50]",-58.0693621,-31.43578883,-54.86549813781042,-23.147349911765417,10,behavior_004,8.288438918234583,487.99247728481873,238136.65788657434
"(-50, -40]",-43.7844094,0.441897953,-45.0904744136671,-23.818646222280105,8,behavior_004,-24.260544175280106,1949.754706419655,3801543.4152055946
"(-40, -30]",-35.56805596,3.938167204,-35.323191537905984,-24.334184740175463,9,behavior_004,-28.272351944175462,2560.075366775691,6553985.883571688
"(-30, -20]",-24.892482045,3.1913109405,-25.02678459123356,-24.757036921108583,9,behavior_004,-27.948347861608582,2822.176339608216,7964679.2918444285
"(-20, -10]",-14.861629965,-2.1931205695,-15.272923677451375,-25.027267456443365,9,behavior_004,-22.834146886943365,2456.8658382519334,6036189.747169375
"(-10, 0]",-4.2016837085,-11.19345858,-5.219917593156162,-25.075130621133383,9,behavior_004,-13.881672041133383,1541.1544460391883,2375157.026546357
"(0, 10]",4.649206505,-23.063146705,4.867663292958679,-25.12162819763532,9,behavior_004,-2.0584814926353197,228.39617204644443,52164.811405469045
"(10, 20]",14.48227294,-40.47469647,14.885818934650846,-24.734623051963325,10,behavior_004,15.740073418036673,1696.5094013911978,2878144.14900872
"(20, 30]",24.69371562,-49.41198452,25.326560301380823,-23.41789784588802,9,behavior_004,25.994086674111976,2629.0479526790655,6911893.137485986
"(30, 40]",35.72890237,-46.307643205,35.20518049828358,-21.94070059946699,8,behavior_004,24.36694260553301,2202.000599789308,4848806.641472473
"(40, 50]",45.949939150000006,-37.711282205,44.991928772444766,-20.067257605313984,9,behavior_004,17.64402459968602,1365.6352520415962,1864959.641618714
"(50, 60]",52.560148515,-25.18428898,55.135718560346234,-17.27620151307577,10,behavior_004,7.908087466924233,535.1764317628358,286413.81311440124
"(60, 70]",62.07117996,-18.12660637,61.0954170794037,-16.777963867895608,3,behavior_004,1.3486425021043935,70.31744637107758,4944.543264149372
"(-80, -70]",-71.25708173,-20.00285938,-71.0498319885632,-19.772798268546946,2,behavior_005,0.23006111145305397,8.229196716160933,67.71967859327388
"(-70, -60]",-65.61340604,-35.1199531,-65.27425705485093,-23.02750485695077,9,behavior_005,12.092448243049226,555.8059683339892,308920.2744356834
"(-60, -50]",-58.0693621,-31.43578883,-54.86549813781042,-23.147349911765417,10,behavior_005,8.288438918234583,487.99247728481873,238136.65788657434
"(-50, -40]",-43.7844094,0.441897953,-45.0904744136671,-23.818646222280105,8,behavior_005,-24.260544175280106,1949.754706419655,3801543.4152055946
"(-40, -30]",-35.56805596,3.938167204,-35.323191537905984,-24.334184740175463,9,behavior_005,-28.272351944175462,2560.075366775691,6553985.883571688
"(-30, -20]",-24.892482045,3.1913109405,-25.02678459123356,-24.757036921108583,9,behavior_005,-27.948347861608582,2822.176339608216,7964679.2918444285
"(-20, -10]",-14.861629965,-2.1931205695,-15.272923677451375,-25.027267456443365,9,behavior_005,-22.834146886943365,2456.8658382519334,6036189.747169375
"(-10, 0]",-4.2016837085,-11.19345858,-5.219917593156162,-25.075130621133383,9,behavior_005,-13.881672041133383,1541.1544460391883,2375157.026546357
"(0, 10]",4.649206505,-23.063146705,4.867663292958679,-25.12162819763532,9,behavior_005,-2.0584814926353197,228.39617204644443,52164.811405469045
"(10, 20]",14.48227294,-40.47469647,14.885818934650846,-24.734623051963325,10,behavior_005,15.740073418036673,1696.5094013911978,2878144.14900872
"(20, 30]",24.69371562,-49.41198452,25.326560301380823,-23.41789784588802,9,behavior_005,25.994086674111976,2629.0479526790655,6911893.137485986
"(30, 40]",35.72890237,-46.307643205,35.20518049828358,-21.94070059946699,8,behavior_005,24.36694260553301,2202.000599789308,4848806.641472473
"(40, 50]",45.949939150000006,-37.711282205,44.991928772444766,-20.067257605313984,9,behavior_005,17.64402459968602,1365.6352520415962,1864959.641618714
"(50, 60]",52.560148515,-25.18428898,55.135718560346234,-17.27620151307577,10,behavior_005,7.908087466924233,535.1764317628358,286413.81311440124
"(60, 70]",62.07117996,-18.12660637,61.0954170794037,-16.777963867895608,3,behavior_005,1.3486425021043935,70.31744637107758,4944.543264149372
"(-80, -70]",-71.25708173,-20.00285938,-71.35777604351465,-21.28495770392704,2,behavior_006,-1.2820983239270412,45.86015972199107,2103.154249726532
"(-70, -60]",-65.61340604,-35.1199531,-65.27425705485093,-23.02750485695077,9,behavior_006,12.092448243049226,555.8059683339892,308920.2744356834
"(-60, -50]",-58.0693621,-31.43578883,-54.86549813781042,-23.147349911765417,10,behavior_006,8.288438918234583,487.99247728481873,238136.65788657434
"(-50, -40]",-43.7844094,0.441897953,-45.0904744136671,-23.818646222280105,8,behavior_006,-24.260544175280106,1949.754706419655,3801543.4152055946
"(-40, -30]",-35.56805596,3.938167204,-35.323191537905984,-24.334184740175463,9,behavior_006,-28.272351944175462,2560.075366775691,6553985.883571688
"(-30, -20]",-24.892482045,3.1913109405,-25.02678459123356,-24.757036921108583,9,behavior_006,-27.948347861608582,2822.176339608216,7964679.2918444285
"(-20, -10]",-14.861629965,-2.1931205695,-15.272923677451375,-25.027267456443365,9,behavior_006,-22.834146886943365,2456.8658382519334,6036189.747169375
"(-10, 0]",-4.2016837085,-11.19345858,-5.219917593156162,-25.075130621133383,9,behavior_006,-13.881672041133383,1541.1544460391883,2375157.026546357
"(0, 10]",4.649206505,-23.063146705,4.867663292958679,-25.12162819763532,9,behavior_006,-2.0584814926353197,228.39617204644443,52164.811405469045
"(10, 20]",14.48227294,-40.47469647,14.885818934650846,-24.734623051963325,10,behavior_006,15.740073418036673,1696.5094013911978,2878144.14900872
"(20, 30]",24.69371562,-49.41198452,25.326560301380823,-23.41789784588802,9,behavior_006,25.994086674111976,2629.0479526790655,6911893.137485986
"(30, 40]",35.72890237,-46.307643205,35.20518049828358,-21.94070059946699,8,behavior_006,24.36694260553301,2202.000599789308,4848806.641472473
"(40, 50]",45.949939150000006,-37.711282205,44.991928772444766,-20.067257605313984,9,behavior_006,17.64402459968602,1365.6352520415962,1864959.641618714
"(50, 60]",52.560148515,-25.18428898,55.135718560346234,-17.27620151307577,10,behavior_006,7.908087466924233,535.1764317628358,286413.81311440124
"(60, 70]",62.07117996,-18.12660637,61.0954170794037,-16.777963867895608,3,behavior_006,1.3486425021043935,70.31744637107758,4944.543264149372
"(-80, -70]",-71.25708173,-20.00285938,-71.0498319885632,-19.772798268546946,2,behavior_007,0.23006111145305397,8.229196716160933,67.71967859327388
"(-70, -60]",-65.61340604,-35.1199531,-65.2032742104729,-18.87518938179012,9,behavior_007,16.244763718209878,746.6591088323537,557499.8248023246
"(-60, -50]",-58.0693621,-31.43578883,-54.844028618037584,-19.837126528206923,10,behavior_007,11.598662301793077,682.8861267698912,466333.462134784
"(-50, -40]",-43.7844094,0.441897953,-44.98067607211014,-20.17360209081317,9,behavior_007,-20.61550004381317,1656.8123099470934,2745027.0303922235
"(-40, -30]",-35.56805596,3.938167204,-35.150971041301666,-20.686994954220186,8,behavior_007,-24.625162158220185,2229.8205387579746,4972099.635066904
"(-30, -20]",-24.892482045,3.1913109405,-25.34840001316212,-21.49453255022848,9,behavior_007,-24.68584349072848,2492.734231296191,6213723.947875812
"(-20, -10]",-14.861629965,-2.1931205695,-15.07691193525001,-22.194838902884655,10,behavior_007,-20.001718333384655,2152.1074872181644,4631566.636540482
"(-10, 0]",-4.2016837085,-11.19345858,-4.636387626015981,-22.29161242982711,9,behavior_007,-11.098153849827112,1232.1260074295428,1518134.4981842658
"(0, 10]",4.649206505,-23.063146705,4.937530669447581,-21.050702486825433,10,behavior_007,2.0124442181745685,223.28816534543404,49857.60478332989
"(10, 20]",14.48227294,-40.47469647,14.889857017366243,-19.72878865935555,10,behavior_007,20.745907810644447,2236.0523173178112,4999929.965782354
"(20, 30]",24.69371562,-49.41198452,24.80575462733373,-18.81524801316166,9,behavior_007,30.596736506838337,3094.561023837634,9576307.930255026
"(30, 40]",35.72890237,-46.307643205,35.13217005329357,-17.43667469083722,9,behavior_007,28.87096851416278,2609.0220268442267,6806995.9365583565
"(40, 50]",45.949939150000006,-37.711282205,44.62709747387851,-16.67863416719104,9,behavior_007,21.032648037808965,1627.9123530992222,2650098.6293730466
"(50, 60]",52.560148515,-25.18428898,55.18936905834825,-13.868291141359824,11,behavior_007,11.315997838640177,765.8053063334228,586457.7672084275
"(60, 70]",62.07117996,-18.12660637,61.0954170794037,-16.777963867895608,3,behavior_007,1.3486425021043935,70.31744637107758,4944.543264149372
"(-80, -70]",-71.25708173,-20.00285938,-71.0498319885632,-19.772798268546946,2,behavior_008,0.23006111145305397,8.229196716160933,67.71967859327388
"(-70, -60]",-65.61340604,-35.1199531,-65.2032742104729,-18.87518938179012,9,behavior_008,16.244763718209878,746.6591088323537,557499.8248023246
"(-60, -50]",-58.0693621,-31.43578883,-54.844028618037584,-19.837126528206923,10,behavior_008,11.598662301793077,682.8861267698912,466333.462134784
"(-50, -40]",-43.7844094,0.441897953,-44.98067607211014,-20.17360209081317,9,behavior_008,-20.61550004381317,1656.8123099470934,2745027.0303922235
"(-40, -30]",-35.56805596,3.938167204,-35.150971041301666,-20.686994954220186,8,behavior_008,-24.625162158220185,2229.8205387579746,4972099.635066904
"(-30, -20]",-24.892482045,3.1913109405,-25.34840001316212,-21.49453255022848,9,behavior_008,-24.68584349072848,2492.734231296191,6213723.947875812
"(-20, -10]",-14.861629965,-2.1931205695,-15.07691193525001,-22.194838902884655,10,behavior_008,-20.001718333384655,2152.1074872181644,4631566.636540482
"(-10, 0]",-4.2016837085,-11.19345858,-4.636387626015981,-22.29161242982711,9,behavior_008,-11.098153849827112,1232.1260074295428,1518134.4981842658
"(0, 10]",4.649206505,-23.063146705,4.937530669447581,-21.050702486825433,10,behavior_008,2.0124442181745685,223.28816534543404,49857.60478332989
"(10, 20]",14.48227294,-40.47469647,14.889857017366243,-19.72878865935555,10,behavior_008,20.745907810644447,2236.0523173178112,4999929.965782354
"(20, 30]",24.69371562,-49.41198452,24.80575462733373,-18.81524801316166,9,behavior_008,30.596736506838337,3094.561023837634,9576307.930255026
"(30, 40]",35.72890237,-46.307643205,35.13217005329357,-17.43667469083722,9,behavior_008,28.87096851416278,2609.0220268442267,6806995.9365583565
"(40, 50]",45.949939150000006,-37.711282205,44.62709747387851,-16.67863416719104,9,behavior_008,21.032648037808965,1627.9123530992222,2650098.6293730466
"(50, 60]",52.560148515,-25.18428898,55.18936905834825,-13.868291141359824,11,behavior_008,11.315997838640177,765.8053063334228,586457.7672084275
"(60, 70]",62.07117996,-18.12660637,61.0954170794037,-16.777963867895608,3,behavior_008,1.3486425021043935,70.31744637107758,4944.543264149372
"(-80, -70]",-71.25708173,-20.00285938,-71.0498319885632,-19.772798268546946,2,behavior_009,0.23006111145305397,8.229196716160933,67.71967859327388
"(-70, -60]",-65.61340604,-35.1199531,-65.27425705485093,-23.02750485695077,9,behavior_009,12.092448243049226,555.8059683339892,308920.2744356834
"(-60, -50]",-58.0693621,-31.43578883,-54.86549813781042,-23.147349911765417,10,behavior_009,8.288438918234583,487.99247728481873,238136.65788657434
"(-50, -40]",-43.7844094,0.441897953,-45.0904744136671,-23.818646222280105,8,behavior_009,-24.260544175280106,1949.754706419655,3801543.4152055946
"(-40, -30]",-35.56805596,3.938167204,-35.323191537905984,-24.334184740175463,9,behavior_009,-28.272351944175462,2560.075366775691,6553985.883571688
"(-30, -20]",-24.892482045,3.1913109405,-25.02678459123356,-24.757036921108583,9,behavior_009,-27.948347861608582,2822.176339608216,7964679.2918444285
"(-20, -10]",-14.861629965,-2.1931205695,-15.272923677451375,-25.027267456443365,9,behavior_009,-22.834146886943365,2456.8658382519334,6036189.747169375
"(-10, 0]",-4.2016837085,-11.19345858,-5.219917593156162,-25.075130621133383,9,behavior_009,-13.881672041133383,1541.1544460391883,2375157.026546357
"(0, 10]",4.649206505,-23.063146705,4.78171680296466,-23.28499623601501,11,behavior_009,-0.22184953101501037,24.61502997982209,605.8997009075403
"(10, 20]",14.48227294,-40.47469647,15.109640620583349,-21.693778063303174,10,behavior_009,18.780918406696824,2024.2602304009101,4097629.4803827456
"(20, 30]",24.69371562,-49.41198452,24.948203428570245,-20.114012632933047,8,behavior_009,29.29797188706695,2963.20366908885,8780575.984501623
"(30, 40]",35.72890237,-46.307643205,34.735764015580365,-18.26467953172381,9,behavior_009,28.042963673276187,2534.1965887177907,6422152.350268887
"(40, 50]",45.949939150000006,-37.711282205,44.62709747387851,-16.67863416719104,9,behavior_009,21.032648037808965,1627.9123530992222,2650098.6293730466
"(50, 60]",52.560148515,-25.18428898,55.18936905834825,-13.868291141359824,11,behavior_009,11.315997838640177,765.8053063334228,586457.7672084275
"(60, 70]",62.07117996,-18.12660637,61.0954170794037,-16.777963867895608,3,behavior_009,1.3486425021043935,70.31744637107758,4944.543264149372
"(-80, -70]",-71.25708173,-20.00285938,-71.0498319885632,-19.772798268546946,2,behavior_010,0.23006111145305397,8.229196716160933,67.71967859327388
"(-70, -60]",-65.61340604,-35.1199531,-65.27425705485093,-23.02750485695077,9,behavior_010,12.092448243049226,555.8059683339892,308920.2744356834
"(-60, -50]",-58.0693621,-31.43578883,-54.86549813781042,-23.147349911765417,10,behavior_010,8.288438918234583,487.99247728481873,238136.65788657434
"(-50, -40]",-43.7844094,0.441897953,-45.0904744136671,-23.818646222280105,8,behavior_010,-24.260544175280106,1949.754706419655,3801543.4152055946
"(-40, -30]",-35.56805596,3.938167204,-35.323191537905984,-24.334184740175463,9,behavior_010,-28.272351944175462,2560.075366775691,6553985.883571688
"(-30, -20]",-24.892482045,3.1913109405,-25.02678459123356,-24.757036921108583,9,behavior_010,-27.948347861608582,2822.176339608216,7964679.2918444285
"(-20, -10]",-14.861629965,-2.1931205695,-15.272923677451375,-25.027267456443365,9,behavior_010,-22.834146886943365,2456.8658382519334,6036189.747169375
"(-10, 0]",-4.2016837085,-11.19345858,-5.219917593156162,-25.075130621133383,9,behavior_010,-13.881672041133383,1541.1544460391883,2375157.026546357
"(0, 10]",4.649206505,-23.063146705,4.78171680296466,-23.28499623601501,11,behavior_010,-0.22184953101501037,24.61502997982209,605.8997009075403
"(10, 20]",14.48227294,-40.47469647,15.109640620583349,-21.693778063303174,10,behavior_010,18.780918406696824,2024.2602304009101,4097629.4803827456
"(20, 30]",24.69371562,-49.41198452,24.948203428570245,-20.114012632933047,8,behavior_010,29.29797188706695,2963.20366908885,8780575.984501623
"(30, 40]",35.72890237,-46.307643205,34.735764015580365,-18.26467953172381,9,behavior_010,28.042963673276187,2534.1965887177907,6422152.350268887
"(40, 50]",45.949939150000006,-37.711282205,44.62709747387851,-16.67863416719104,9,behavior_010,21.032648037808965,1627.9123530992222,2650098.6293730466
"(50, 60]",52.560148515,-25.18428898,55.18936905834825,-13.868291141359824,11,behavior_010,11.315997838640177,765.8053063334228,586457.7672084275
"(60, 70]",62.07117996,-18.12660637,61.0954170794037,-16.777963867895608,3,behavior_010,1.3486425021043935,70.31744637107758,4944.543264149372
"(-80, -70]",-71.25708173,-20.00285938,-71.0498319885632,-19.772798268546946,2,behavior_011,0.23006111145305397,8.229196716160933,67.71967859327388
"(-70, -60]",-65.61340604,-35.1199531,-65.27425705485093,-23.02750485695077,9,behavior_011,12.092448243049226,555.8059683339892,308920.2744356834
"(-60, -50]",-58.0693621,-31.43578883,-54.86549813781042,-23.147349911765417,10,behavior_011,8.288438918234583,487.99247728481873,238136.65788657434
"(-50, -40]",-43.7844094,0.441897953,-45.0904744136671,-23.818646222280105,8,behavior_011,-24.260544175280106,1949.754706419655,3801543.4152055946
"(-40, -30]",-35.56805596,3.938167204,-35.323191537905984,-24.334184740175463,9,behavior_011,-28.272351944175462,2560.075366775691,6553985.883571688
"(-30, -20]",-24.892482045,3.1913109405,-25.02678459123356,-24.757036921108583,9,behavior_011,-27.948347861608582,2822.176339608216,7964679.2918444285
"(-20, -10]",-14.861629965,-2.1931205695,-15.272923677451375,-25.027267456443365,9,behavior_011,-22.834146886943365,2456.8658382519334,6036189.747169375
"(-10, 0]",-4.2016837085,-11.19345858,-5.219917593156162,-25.075130621133383,9,behavior_011,-13.881672041133383,1541.1544460391883,2375157.026546357
"(0, 10]",4.649206505,-23.063146705,4.867663292958679,-25.12162819763532,9,behavior_011,-2.0584814926353197,228.39617204644443,52164.811405469045
"(10, 20]",14.48227294,-40.47469647,14.885818934650846,-24.734623051963325,10,behavior_011,15.740073418036673,1696.5094013911978,2878144.14900872
"(20, 30]",24.69371562,-49.41198452,25.326560301380823,-23.41789784588802,9,behavior_011,25.994086674111976,2629.0479526790655,6911893.137485986
"(30, 40]",35.72890237,-46.307643205,35.20518049828358,-21.94070059946699,8,behavior_011,24.36694260553301,2202.000599789308,4848806.641472473
"(40, 50]",45.949939150000006,-37.711282205,44.58544126307676,-21.353602728099563,9,behavior_011,16.35767947690044,1266.0730327733788,1602940.924315981
"(50, 60]",52.560148515,-25.18428898,54.82030061581583,-19.06741580550496,10,behavior_011,6.116873174495041,413.9567718192299,171360.208934998
"(60, 70]",62.07117996,-18.12660637,61.0954170794037,-17.16948656355908,3,behavior_011,0.9571198064409216,49.90367762775434,2490.3770407748293
"(-80, -70]",-71.25708173,-20.00285938,-71.0498319885632,-19.772798268546946,2,behavior_012,0.23006111145305397,8.229196716160933,67.71967859327388
"(-70, -60]",-65.61340604,-35.1199531,-64.68753737032831,-20.69147671310828,9,behavior_012,14.428476386891717,663.1769786081195,439803.7049557942
"(-60, -50]",-58.0693621,-31.43578883,-54.86559514218197,-21.48610322986039,9,behavior_012,9.94968560013961,585.8005074436138,343162.23452119547
"(-50, -40]",-43.7844094,0.441897953,-45.65487866615484,-23.784064538568344,9,behavior_012,-24.225962491568346,1946.9754694789756,3790713.4787528776
"(-40, -30]",-35.56805596,3.938167204,-35.323191537905984,-24.334184740175463,9,behavior_012,-28.272351944175462,2560.075366775691,6553985.883571688
"(-30, -20]",-24.892482045,3.1913109405,-25.02678459123356,-24.757036921108583,9,behavior_012,-27.948347861608582,2822.176339608216,7964679.2918444285
"(-20, -10]",-14.861629965,-2.1931205695,-15.272923677451375,-25.027267456443365,9,behavior_012,-22.834146886943365,2456.8658382519334,6036189.747169375
"(-10, 0]",-4.2016837085,-11.19345858,-5.219917593156162,-25.075130621133383,9,behavior_012,-13.881672041133383,1541.1544460391883,2375157.026546357
"(0, 10]",4.649206505,-23.063146705,4.867663292958679,-25.12162819763532,9,behavior_012,-2.0584814926353197,228.39617204644443,52164.811405469045
"(10, 20]",14.48227294,-40.47469647,14.885818934650846,-24.734623051963325,10,behavior_012,15.740073418036673,1696.5094013911978,2878144.14900872
"(20, 30]",24.69371562,-49.41198452,25.326560301380823,-23.41789784588802,9,behavior_012,25.994086674111976,2629.0479526790655,6911893.137485986
"(30, 40]",35.72890237,-46.307643205,35.20518049828358,-21.94070059946699,8,behavior_012,24.36694260553301,2202.000599789308,4848806.641472473
"(40, 50]",45.949939150000006,-37.711282205,44.58544126307676,-21.353602728099563,9,behavior_012,16.35767947690044,1266.0730327733788,1602940.924315981
"(50, 60]",52.560148515,-25.18428898,54.82030061581583,-19.06741580550496,10,behavior_012,6.116873174495041,413.9567718192299,171360.208934998
"(60, 70]",62.07117996,-18.12660637,61.0954170794037,-17.16948656355908,3,behavior_012,0.9571198064409216,49.90367762775434,2490.3770407748293
"(-80, -70]",-71.25708173,-20.00285938,-71.0498319885632,-19.772798268546946,2,behavior_013,0.23006111145305397,8.229196716160933,67.71967859327388
"(-70, -60]",-65.61340604,-35.1199531,-64.85908095407763,-29.054719416685984,12,behavior_013,6.065233683314013,278.77672186556487,77716.46065411052
"(-60, -50]",-58.0693621,-31.43578883,-54.54552857531062,-36.06981710199783,11,behavior_013,-4.634028271997828,272.8343610381307,74438.58856308504
"(-50, -40]",-43.7844094,0.441897953,-45.212169126772736,-39.37437576710107,10,behavior_013,-39.81627372010107,3199.9268654889506,10239531.94447794
"(-40, -30]",-35.56805596,3.938167204,-34.98712515322946,-38.05871102897307,9,behavior_013,-41.996878232973074,3802.837968981294,14461576.618325774
"(-30, -20]",-24.892482045,3.1913109405,-24.899482136118465,-37.16889181794595,10,behavior_013,-40.36020275844595,4075.5042069281244,16609734.54068884
"(-20, -10]",-14.861629965,-2.1931205695,-14.514085046138144,-37.02680302206694,9,behavior_013,-34.83368245256694,3747.9694276278574,14047274.83043309
"(-10, 0]",-4.2016837085,-11.19345858,-5.810035277183922,-33.8743434259561,9,behavior_013,-22.6808848459561,2518.0501611673412,6340576.614154873
"(0, 10]",4.649206505,-23.063146705,4.0965673836681695,-26.52214705341953,16,behavior_013,-3.4590003484195293,383.7889441866837,147293.9536799294
"(10, 20]",14.48227294,-40.47469647,15.109640620583349,-21.693778063303174,10,behavior_013,18.780918406696824,2024.2602304009101,4097629.4803827456
"(20, 30]",24.69371562,-49.41198452,24.80575462733373,-19.025475727989548,9,behavior_013,30.38650879201045,3073.2985440208263,9445163.94068053
"(30, 40]",35.72890237,-46.307643205,35.13217005329357,-16.927225107826082,9,behavior_013,29.380418097173916,2655.060149292063,7049344.396358793
"(40, 50]",45.949939150000006,-37.711282205,44.62709747387851,-16.08598066722433,9,behavior_013,21.625301537775673,1673.7833224592837,2801550.6105428385
"(50, 60]",52.560148515,-25.18428898,55.18936905834825,-13.868291141359824,11,behavior_013,11.315997838640177,765.8053063334228,586457.7672084275
"(60, 70]",62.07117996,-18.12660637,61.0954170794037,-16.777963867895608,3,behavior_013,1.3486425021043935,70.31744637107758,4944.543264149372
"(-80, -70]",-71.25708173,-20.00285938,-71.0498319885632,-19.772798268546946,2,behavior_014,0.23006111145305397,8.229196716160933,67.71967859327388
"(-70, -60]",-65.61340604,-35.1199531,-65.27425705485093,-23.02750485695077,9,behavior_014,12.092448243049226,555.8059683339892,308920.2744356834
"(-60, -50]",-58.0693621,-31.43578883,-54.86549813781042,-23.147349911765417,10,behavior_014,8.288438918234583,487.99247728481873,238136.65788657434
"(-50, -40]",-43.7844094,0.441897953,-45.0904744136671,-23.818646222280105,8,behavior_014,-24.260544175280106,1949.754706419655,3801543.4152055946
"(-40, -30]",-35.56805596,3.938167204,-35.323191537905984,-24.334184740175463,9,behavior_014,-28.272351944175462,2560.075366775691,6553985.883571688
"(-30, -20]",-24.892482045,3.1913109405,-25.02678459123356,-24.757036921108583,9,behavior_014,-27.948347861608582,2822.176339608216,7964679.2918444285
"(-20, -10]",-14.861629965,-2.1931205695,-15.272923677451375,-25.027267456443365,9,behavior_014,-22.834146886943365,2456.8658382519334,6036189.747169375
"(-10, 0]",-4.2016837085,-11.19345858,-5.219917593156162,-25.075130621133383,9,behavior_014,-13.881672041133383,1541.1544460391883,2375157.026546357
"(0, 10]",4.649206505,-23.063146705,4.443993563620992,-21.93186115855508,12,behavior_014,1.1312855464449214,125.52033585140664,15755.35471224992
"(10, 20]",14.48227294,-40.47469647,14.889857017366243,-19.72878865935555,10,behavior_014,20.745907810644447,2236.0523173178112,4999929.965782354
"(20, 30]",24.69371562,-49.41198452,24.80575462733373,-18.81524801316166,9,behavior_014,30.596736506838337,3094.561023837634,9576307.930255026
"(30, 40]",35.72890237,-46.307643205,35.13217005329357,-16.927225107826082,9,behavior_014,29.380418097173916,2655.060149292063,7049344.396358793
"(40, 50]",45.949939150000006,-37.711282205,44.62709747387851,-16.08598066722433,9,behavior_014,21.625301537775673,1673.7833224592837,2801550.6105428385
"(50, 60]",52.560148515,-25.18428898,55.18936905834825,-13.868291141359824,11,behavior_014,11.315997838640177,765.8053063334228,586457.7672084275
"(60, 70]",62.07117996,-18.12660637,61.0954170794037,-16.777963867895608,3,behavior_014,1.3486425021043935,70.31744637107758,4944.543264149372
"(-80, -70]",-71.25708173,-20.00285938,-71.0498319885632,-19.772798268546946,2,behavior_015,0.23006111145305397,8.229196716160933,67.71967859327388
"(-70, -60]",-65.61340604,-35.1199531,-65.27425705485093,-23.02750485695077,9,behavior_015,12.092448243049226,555.8059683339892,308920.2744356834
"(-60, -50]",-58.0693621,-31.43578883,-54.86549813781042,-23.147349911765417,10,behavior_015,8.288438918234583,487.99247728481873,238136.65788657434
"(-50, -40]",-43.7844094,0.441897953,-45.0904744136671,-23.818646222280105,8,behavior_015,-24.260544175280106,1949.754706419655,3801543.4152055946
"(-40, -30]",-35.56805596,3.938167204,-35.323191537905984,-24.334184740175463,9,behavior_015,-28.272351944175462,2560.075366775691,6553985.883571688
"(-30, -20]",-24.892482045,3.1913109405,-25.02678459123356,-24.757036921108583,9,behavior_015,-27.948347861608582,2822.176339608216,7964679.2918444285
"(-20, -10]",-14.861629965,-2.1931205695,-15.272923677451375,-25.027267456443365,9,behavior_015,-22.834146886943365,2456.8658382519334,6036189.747169375
"(-10, 0]",-4.2016837085,-11.19345858,-5.219917593156162,-25.075130621133383,9,behavior_015,-13.881672041133383,1541.1544460391883,2375157.026546357
"(0, 10]",4.649206505,-23.063146705,4.78171680296466,-23.28499623601501,11,behavior_015,-0.22184953101501037,24.61502997982209,605.8997009075403
"(10, 20]",14.48227294,-40.47469647,15.109640620583349,-21.693778063303174,10,behavior_015,18.780918406696824,2024.2602304009101,4097629.4803827456
"(20, 30]",24.69371562,-49.41198452,24.948203428570245,-20.114012632933047,8,behavior_015,29.29797188706695,2963.20366908885,8780575.984501623
"(30, 40]",35.72890237,-46.307643205,34.735764015580365,-18.26467953172381,9,behavior_015,28.042963673276187,2534.1965887177907,6422152.350268887
"(40, 50]",45.949939150000006,-37.711282205,44.62709747387851,-16.67863416719104,9,behavior_015,21.032648037808965,1627.9123530992222,2650098.6293730466
"(50, 60]",52.560148515,-25.18428898,55.18936905834825,-13.868291141359824,11,behavior_015,11.315997838640177,765.8053063334228,586457.7672084275
"(60, 70]",62.07117996,-18.12660637,61.0954170794037,-16.777963867895608,3,behavior_015,1.3486425021043935,70.31744637107758,4944.543264149372
"(-80, -70]",-71.25708173,-20.00285938,-71.0498319885632,-19.772798268546946,2,behavior_016,0.23006111145305397,8.229196716160933,67.71967859327388
"(-70, -60]",-65.61340604,-35.1199531,-65.27425705485093,-23.02750485695077,9,behavior_016,12.092448243049226,555.8059683339892,308920.2744356834
"(-60, -50]",-58.0693621,-31.43578883,-54.86549813781042,-23.147349911765417,10,behavior_016,8.288438918234583,487.99247728481873,238136.65788657434
"(-50, -40]",-43.7844094,0.441897953,-45.0904744136671,-23.818646222280105,8,behavior_016,-24.260544175280106,1949.754706419655,3801543.4152055946
"(-40, -30]",-35.56805596,3.938167204,-35.323191537905984,-24.334184740175463,9,behavior_016,-28.272351944175462,2560.075366775691,6553985.883571688
"(-30, -20]",-24.892482045,3.1913109405,-25.02678459123356,-24.757036921108583,9,behavior_016,-27.948347861608582,2822.176339608216,7964679.2918444285
"(-20, -10]",-14.861629965,-2.1931205695,-15.272923677451375,-25.027267456443365,9,behavior_016,-22.834146886943365,2456.8658382519334,6036189.747169375
"(-10, 0]",-4.2016837085,-11.19345858,-5.219917593156162,-25.075130621133383,9,behavior_016,-13.881672041133383,1541.1544460391883,2375157.026546357
"(0, 10]",4.649206505,-23.063146705,4.78171680296466,-23.28499623601501,11,behavior_016,-0.22184953101501037,24.61502997982209,605.8997009075403
"(10, 20]",14.48227294,-40.47469647,15.109640620583349,-21.693778063303174,10,behavior_016,18.780918406696824,2024.2602304009101,4097629.4803827456
"(20, 30]",24.69371562,-49.41198452,24.948203428570245,-20.114012632933047,8,behavior_016,29.29797188706695,2963.20366908885,8780575.984501623
"(30, 40]",35.72890237,-46.307643205,34.735764015580365,-18.26467953172381,9,behavior_016,28.042963673276187,2534.1965887177907,6422152.350268887
"(40, 50]",45.949939150000006,-37.711282205,44.62709747387851,-16.67863416719104,9,behavior_016,21.032648037808965,1627.9123530992222,2650098.6293730466
"(50, 60]",52.560148515,-25.18428898,55.18936905834825,-13.868291141359824,11,behavior_016,11.315997838640177,765.8053063334228,586457.7672084275
"(60, 70]",62.07117996,-18.12660637,61.0954170794037,-16.777963867895608,3,behavior_016,1.3486425021043935,70.31744637107758,4944.543264149372
"(-80, -70]",-71.25708173,-20.00285938,-71.35777604351465,-21.28495770392704,2,behavior_017,-1.2820983239270412,45.86015972199107,2103.154249726532
"(-70, -60]",-65.61340604,-35.1199531,-65.27425705485093,-23.02750485695077,9,behavior_017,12.092448243049226,555.8059683339892,308920.2744356834
"(-60, -50]",-58.0693621,-31.43578883,-54.86549813781042,-23.147349911765417,10,behavior_017,8.288438918234583,487.99247728481873,238136.65788657434
"(-50, -40]",-43.7844094,0.441897953,-45.0904744136671,-23.818646222280105,8,behavior_017,-24.260544175280106,1949.754706419655,3801543.4152055946
"(-40, -30]",-35.56805596,3.938167204,-35.323191537905984,-24.334184740175463,9,behavior_017,-28.272351944175462,2560.075366775691,6553985.883571688
"(-30, -20]",-24.892482045,3.1913109405,-25.02678459123356,-24.757036921108583,9,behavior_017,-27.948347861608582,2822.176339608216,7964679.2918444285
"(-20, -10]",-14.861629965,-2.1931205695,-15.272923677451375,-25.027267456443365,9,behavior_017,-22.834146886943365,2456.8658382519334,6036189.747169375
"(-10, 0]",-4.2016837085,-11.19345858,-5.219917593156162,-25.075130621133383,9,behavior_017,-13.881672041133383,1541.1544460391883,2375157.026546357
"(0, 10]",4.649206505,-23.063146705,4.78171680296466,-23.28499623601501,11,behavior_017,-0.22184953101501037,24.61502997982209,605.8997009075403
"(10, 20]",14.48227294,-40.47469647,15.109640620583349,-21.693778063303174,10,behavior_017,18.780918406696824,2024.2602304009101,4097629.4803827456
"(20, 30]",24.69371562,-49.41198452,24.948203428570245,-20.114012632933047,8,behavior_017,29.29797188706695,2963.20366908885,8780575.984501623
"(30, 40]",35.72890237,-46.307643205,34.735764015580365,-18.26467953172381,9,behavior_017,28.042963673276187,2534.1965887177907,6422152.350268887
"(40, 50]",45.949939150000006,-37.711282205,44.62709747387851,-16.67863416719104,9,behavior_017,21.032648037808965,1627.9123530992222,2650098.6293730466
"(50, 60]",52.560148515,-25.18428898,55.18936905834825,-13.868291141359824,11,behavior_017,11.315997838640177,765.8053063334228,586457.7672084275
"(60, 70]",62.07117996,-18.12660637,61.0954170794037,-16.777963867895608,3,behavior_017,1.3486425021043935,70.31744637107758,4944.543264149372
"(-80, -70]",-71.25708173,-20.00285938,-71.0498319885632,-19.772798268546946,2,behavior_018,0.23006111145305397,8.229196716160933,67.71967859327388
"(-70, -60]",-65.61340604,-35.1199531,-64.68753737032831,-20.69147671310828,9,behavior_018,14.428476386891717,663.1769786081195,439803.7049557942
"(-60, -50]",-58.0693621,-31.43578883,-54.86559514218197,-21.48610322986039,9,behavior_018,9.94968560013961,585.8005074436138,343162.23452119547
"(-50, -40]",-43.7844094,0.441897953,-45.65487866615484,-23.784064538568344,9,behavior_018,-24.225962491568346,1946.9754694789756,3790713.4787528776
"(-40, -30]",-35.56805596,3.938167204,-35.323191537905984,-24.334184740175463,9,behavior_018,-28.272351944175462,2560.075366775691,6553985.883571688
"(-30, -20]",-24.892482045,3.1913109405,-25.02678459123356,-24.757036921108583,9,behavior_018,-27.948347861608582,2822.176339608216,7964679.2918444285
"(-20, -10]",-14.861629965,-2.1931205695,-15.272923677451375,-25.027267456443365,9,behavior_018,-22.834146886943365,2456.8658382519334,6036189.747169375
"(-10, 0]",-4.2016837085,-11.19345858,-5.219917593156162,-25.075130621133383,9,behavior_018,-13.881672041133383,1541.1544460391883,2375157.026546357
"(0, 10]",4.649206505,-23.063146705,4.867663292958679,-25.12162819763532,9,behavior_018,-2.0584814926353197,228.39617204644443,52164.811405469045
"(10, 20]",14.48227294,-40.47469647,14.885818934650846,-24.734623051963325,10,behavior_018,15.740073418036673,1696.5094013911978,2878144.14900872
"(20, 30]",24.69371562,-49.41198452,25.326560301380823,-23.41789784588802,9,behavior_018,25.994086674111976,2629.0479526790655,6911893.137485986
"(30, 40]",35.72890237,-46.307643205,35.20518049828358,-21.94070059946699,8,behavior_018,24.36694260553301,2202.000599789308,4848806.641472473
"(40, 50]",45.949939150000006,-37.711282205,44.58544126307676,-21.353602728099563,9,behavior_018,16.35767947690044,1266.0730327733788,1602940.924315981
"(50, 60]",52.560148515,-25.18428898,54.82030061581583,-19.06741580550496,10,behavior_018,6.116873174495041,413.9567718192299,171360.208934998
"(60, 70]",62.07117996,-18.12660637,61.0954170794037,-17.16948656355908,3,behavior_018,0.9571198064409216,49.90367762775434,2490.3770407748293
"(-80, -70]",-71.25708173,-20.00285938,-71.0498319885632,-19.772798268546946,2,behavior_019,0.23006111145305397,8.229196716160933,67.71967859327388
"(-70, -60]",-65.61340604,-35.1199531,-64.98089721258962,-21.874156003662087,10,behavior_019,13.24579709633791,608.8174150935388,370658.6449211783
"(-60, -50]",-58.0693621,-31.43578883,-54.94686993909407,-15.418811765188025,12,behavior_019,16.016977064811975,943.020078156834,889286.8678069212
"(-50, -40]",-43.7844094,0.441897953,-43.27614245178083,-1.5679250476829034,17,behavior_019,-2.0098230006829034,161.52407078505775,26090.025442976344
"(-40, -30]",-35.56805596,3.938167204,-35.239463162466706,13.326311412558082,11,behavior_019,9.388144208558082,850.1010731446717,722671.8345617224
"(-30, -20]",-24.892482045,3.1913109405,-24.984828069821933,11.814802858026042,10,behavior_019,8.623491917526042,870.7854566199733,758267.3114608553
"(-20, -10]",-14.861629965,-2.1931205695,-14.652564197037751,7.544197328464962,10,behavior_019,9.737317897964962,1047.6977229829702,1097670.5187437006
"(-10, 0]",-4.2016837085,-11.19345858,-6.979288376567183,-7.16000440072303,25,behavior_019,4.03345417927697,447.7973419101552,200522.45942180042
"(0, 10]",4.649206505,-23.063146705,4.025058657794046,-18.861058711832367,13,behavior_019,4.202087993167634,466.23728008996045,217377.20134568424
"(10, 20]",14.48227294,-40.47469647,14.889857017366243,-19.72878865935555,10,behavior_019,20.745907810644447,2236.0523173178112,4999929.965782354
"(20, 30]",24.69371562,-49.41198452,24.80575462733373,-18.81524801316166,9,behavior_019,30.596736506838337,3094.561023837634,9576307.930255026
"(30, 40]",35.72890237,-46.307643205,35.13217005329357,-16.927225107826082,9,behavior_019,29.380418097173916,2655.060149292063,7049344.396358793
"(40, 50]",45.949939150000006,-37.711282205,44.62709747387851,-16.08598066722433,9,behavior_019,21.625301537775673,1673.7833224592837,2801550.6105428385
"(50, 60]",52.560148515,-25.18428898,55.18936905834825,-13.868291141359824,11,behavior_019,11.315997838640177,765.8053063334228,586457.7672084275
"(60, 70]",62.07117996,-18.12660637,61.0954170794037,-16.777963867895608,3,behavior_019,1.3486425021043935,70.31744637107758,4944.543264149372
"(-80, -70]",-71.25708173,-20.00285938,-71.0498319885632,-19.772798268546946,2,behavior_020,0.23006111145305397,8.229196716160933,67.71967859327388
"(-70, -60]",-65.61340604,-35.1199531,-64.85908095407763,-29.054719416685984,12,behavior_020,6.065233683314013,278.77672186556487,77716.46065411052
"(-60, -50]",-58.0693621,-31.43578883,-54.54552857531062,-36.06981710199783,11,behavior_020,-4.634028271997828,272.8343610381307,74438.58856308504
"(-50, -40]",-43.7844094,0.441897953,-45.212169126772736,-39.37437576710107,10,behavior_020,-39.81627372010107,3199.9268654889506,10239531.94447794
"(-40, -30]",-35.56805596,3.938167204,-34.98712515322946,-38.05871102897307,9,behavior_020,-41.996878232973074,3802.837968981294,14461576.618325774
"(-30, -20]",-24.892482045,3.1913109405,-24.899482136118465,-37.16889181794595,10,behavior_020,-40.36020275844595,4075.5042069281244,16609734.54068884
"(-20, -10]",-14.861629965,-2.1931205695,-14.514085046138144,-37.02680302206694,9,behavior_020,-34.83368245256694,3747.9694276278574,14047274.83043309
"(-10, 0]",-4.2016837085,-11.19345858,-5.810035277183922,-33.8743434259561,9,behavior_020,-22.6808848459561,2518.0501611673412,6340576.614154873
"(0, 10]",4.649206505,-23.063146705,4.0965673836681695,-26.52214705341953,16,behavior_020,-3.4590003484195293,383.7889441866837,147293.9536799294
"(10, 20]",14.48227294,-40.47469647,15.109640620583349,-21.693778063303174,10,behavior_020,18.780918406696824,2024.2602304009101,4097629.4803827456
"(20, 30]",24.69371562,-49.41198452,24.948203428570245,-20.114012632933047,8,behavior_020,29.29797188706695,2963.20366908885,8780575.984501623
"(30, 40]",35.72890237,-46.307643205,34.735764015580365,-18.26467953172381,9,behavior_020,28.042963673276187,2534.1965887177907,6422152.350268887
"(40, 50]",45.949939150000006,-37.711282205,44.62709747387851,-16.67863416719104,9,behavior_020,21.032648037808965,1627.9123530992222,2650098.6293730466
"(50, 60]",52.560148515,-25.18428898,55.18936905834825,-13.868291141359824,11,behavior_020,11.315997838640177,765.8053063334228,586457.7672084275
"(60, 70]",62.07117996,-18.12660637,61.0954170794037,-16.777963867895608,3,behavior_020,1.3486425021043935,70.31744637107758,4944.543264149372
"(-80, -70]",-71.25708173,-20.00285938,-71.0498319885632,-19.772798268546946,2,behavior_021,0.23006111145305397,8.229196716160933,67.71967859327388
"(-70, -60]",-65.61340604,-35.1199531,-65.27425705485093,-23.02750485695077,9,behavior_021,12.092448243049226,555.8059683339892,308920.2744356834
"(-60, -50]",-58.0693621,-31.43578883,-54.86549813781042,-23.147349911765417,10,behavior_021,8.288438918234583,487.99247728481873,238136.65788657434
"(-50, -40]",-43.7844094,0.441897953,-45.0904744136671,-23.818646222280105,8,behavior_021,-24.260544175280106,1949.754706419655,3801543.4152055946
"(-40, -30]",-35.56805596,3.938167204,-35.323191537905984,-24.334184740175463,9,behavior_021,-28.272351944175462,2560.075366775691,6553985.883571688
"(-30, -20]",-24.892482045,3.1913109405,-25.02678459123356,-24.757036921108583,9,behavior_021,-27.948347861608582,2822.176339608216,7964679.2918444285
"(-20, -10]",-14.861629965,-2.1931205695,-15.272923677451375,-25.027267456443365,9,behavior_021,-22.834146886943365,2456.8658382519334,6036189.747169375
"(-10, 0]",-4.2016837085,-11.19345858,-5.219917593156162,-25.075130621133383,9,behavior_021,-13.881672041133383,1541.1544460391883,2375157.026546357
"(0, 10]",4.649206505,-23.063146705,4.78171680296466,-23.28499623601501,11,behavior_021,-0.22184953101501037,24.61502997982209,605.8997009075403
"(10, 20]",14.48227294,-40.47469647,15.109640620583349,-21.693778063303174,10,behavior_021,18.780918406696824,2024.2602304009101,4097629.4803827456
"(20, 30]",24.69371562,-49.41198452,24.948203428570245,-20.114012632933047,8,behavior_021,29.29797188706695,2963.20366908885,8780575.984501623
"(30, 40]",35.72890237,-46.307643205,34.735764015580365,-18.26467953172381,9,behavior_021,28.042963673276187,2534.1965887177907,6422152.350268887
"(40, 50]",45.949939150000006,-37.711282205,44.62709747387851,-16.67863416719104,9,behavior_021,21.032648037808965,1627.9123530992222,2650098.6293730466
"(50, 60]",52.560148515,-25.18428898,55.18936905834825,-13.868291141359824,11,behavior_021,11.315997838640177,765.8053063334228,586457.7672084275
"(60, 70]",62.07117996,-18.12660637,61.0954170794037,-16.777963867895608,3,behavior_021,1.3486425021043935,70.31744637107758,4944.543264149372
"(-80, -70]",-71.25708173,-20.00285938,-71.0498319885632,-19.772798268546946,2,behavior_022,0.23006111145305397,8.229196716160933,67.71967859327388
"(-70, -60]",-65.61340604,-35.1199531,-65.27425705485093,-23.02750485695077,9,behavior_022,12.092448243049226,555.8059683339892,308920.2744356834
"(-60, -50]",-58.0693621,-31.43578883,-54.86549813781042,-23.147349911765417,10,behavior_022,8.288438918234583,487.99247728481873,238136.65788657434
"(-50, -40]",-43.7844094,0.441897953,-45.0904744136671,-23.818646222280105,8,behavior_022,-24.260544175280106,1949.754706419655,3801543.4152055946
"(-40, -30]",-35.56805596,3.938167204,-35.323191537905984,-24.334184740175463,9,behavior_022,-28.272351944175462,2560.075366775691,6553985.883571688
"(-30, -20]",-24.892482045,3.1913109405,-25.02678459123356,-24.757036921108583,9,behavior_022,-27.948347861608582,2822.176339608216,7964679.2918444285
"(-20, -10]",-14.861629965,-2.1931205695,-15.272923677451375,-25.027267456443365,9,behavior_022,-22.834146886943365,2456.8658382519334,6036189.747169375
"(-10, 0]",-4.2016837085,-11.19345858,-5.219917593156162,-25.075130621133383,9,behavior_022,-13.881672041133383,1541.1544460391883,2375157.026546357
"(0, 10]",4.649206505,-23.063146705,4.78171680296466,-23.28499623601501,11,behavior_022,-0.22184953101501037,24.61502997982209,605.8997009075403
"(10, 20]",14.48227294,-40.47469647,15.109640620583349,-21.693778063303174,10,behavior_022,18.780918406696824,2024.2602304009101,4097629.4803827456
"(20, 30]",24.69371562,-49.41198452,24.948203428570245,-20.114012632933047,8,behavior_022,29.29797188706695,2963.20366908885,8780575.984501623
"(30, 40]",35.72890237,-46.307643205,34.735764015580365,-18.26467953172381,9,behavior_022,28.042963673276187,2534.1965887177907,6422152.350268887
"(40, 50]",45.949939150000006,-37.711282205,44.62709747387851,-16.67863416719104,9,behavior_022,21.032648037808965,1627.9123530992222,2650098.6293730466
"(50, 60]",52.560148515,-25.18428898,55.18936905834825,-13.868291141359824,11,behavior_022,11.315997838640177,765.8053063334228,586457.7672084275
"(60, 70]",62.07117996,-18.12660637,61.0954170794037,-16.777963867895608,3,behavior_022,1.3486425021043935,70.31744637107758,4944.543264149372
"(-80, -70]",-71.25708173,-20.00285938,-71.35777604351465,-21.28495770392704,2,behavior_023,-1.2820983239270412,45.86015972199107,2103.154249726532
"(-70, -60]",-65.61340604,-35.1199531,-65.27425705485093,-23.02750485695077,9,behavior_023,12.092448243049226,555.8059683339892,308920.2744356834
"(-60, -50]",-58.0693621,-31.43578883,-54.86549813781042,-23.147349911765417,10,behavior_023,8.288438918234583,487.99247728481873,238136.65788657434
"(-50, -40]",-43.7844094,0.441897953,-45.0904744136671,-23.818646222280105,8,behavior_023,-24.260544175280106,1949.754706419655,3801543.4152055946
"(-40, -30]",-35.56805596,3.938167204,-35.323191537905984,-24.334184740175463,9,behavior_023,-28.272351944175462,2560.075366775691,6553985.883571688
"(-30, -20]",-24.892482045,3.1913109405,-25.02678459123356,-24.757036921108583,9,behavior_023,-27.948347861608582,2822.176339608216,7964679.2918444285
"(-20, -10]",-14.861629965,-2.1931205695,-15.272923677451375,-25.027267456443365,9,behavior_023,-22.834146886943365,2456.8658382519334,6036189.747169375
"(-10, 0]",-4.2016837085,-11.19345858,-5.219917593156162,-25.075130621133383,9,behavior_023,-13.881672041133383,1541.1544460391883,2375157.026546357
"(0, 10]",4.649206505,-23.063146705,4.78171680296466,-23.28499623601501,11,behavior_023,-0.22184953101501037,24.61502997982209,605.8997009075403
"(10, 20]",14.48227294,-40.47469647,15.109640620583349,-21.693778063303174,10,behavior_023,18.780918406696824,2024.2602304009101,4097629.4803827456
"(20, 30]",24.69371562,-49.41198452,24.948203428570245,-20.114012632933047,8,behavior_023,29.29797188706695,2963.20366908885,8780575.984501623
"(30, 40]",35.72890237,-46.307643205,34.735764015580365,-18.26467953172381,9,behavior_023,28.042963673276187,2534.1965887177907,6422152.350268887
"(40, 50]",45.949939150000006,-37.711282205,44.62709747387851,-16.67863416719104,9,behavior_023,21.032648037808965,1627.9123530992222,2650098.6293730466
"(50, 60]",52.560148515,-25.18428898,55.18936905834825,-13.868291141359824,11,behavior_023,11.315997838640177,765.8053063334228,586457.7672084275
"(60, 70]",62.07117996,-18.12660637,61.0954170794037,-16.777963867895608,3,behavior_023,1.3486425021043935,70.31744637107758,4944.543264149372
"(-80, -70]",-71.25708173,-20.00285938,-71.0498319885632,-19.772798268546946,2,behavior_024,0.23006111145305397,8.229196716160933,67.71967859327388
"(-70, -60]",-65.61340604,-35.1199531,-64.68753737032831,-20.69147671310828,9,behavior_024,14.428476386891717,663.1769786081195,439803.7049557942
"(-60, -50]",-58.0693621,-31.43578883,-54.86559514218197,-21.48610322986039,9,behavior_024,9.94968560013961,585.8005074436138,343162.23452119547
"(-50, -40]",-43.7844094,0.441897953,-45.65487866615484,-23.784064538568344,9,behavior_024,-24.225962491568346,1946.9754694789756,3790713.4787528776
"(-40, -30]",-35.56805596,3.938167204,-35.323191537905984,-24.334184740175463,9,behavior_024,-28.272351944175462,2560.075366775691,6553985.883571688
"(-30, -20]",-24.892482045,3.1913109405,-25.02678459123356,-24.757036921108583,9,behavior_024,-27.948347861608582,2822.176339608216,7964679.2918444285
"(-20, -10]",-14.861629965,-2.1931205695,-15.272923677451375,-25.027267456443365,9,behavior_024,-22.834146886943365,2456.8658382519334,6036189.747169375
"(-10, 0]",-4.2016837085,-11.19345858,-5.219917593156162,-25.075130621133383,9,behavior_024,-13.881672041133383,1541.1544460391883,2375157.026546357
"(0, 10]",4.649206505,-23.063146705,4.78171680296466,-23.28499623601501,11,behavior_024,-0.22184953101501037,24.61502997982209,605.8997009075403
"(10, 20]",14.48227294,-40.47469647,15.109640620583349,-21.693778063303174,10,behavior_024,18.780918406696824,2024.2602304009101,4097629.4803827456
"(20, 30]",24.69371562,-49.41198452,24.948203428570245,-20.114012632933047,8,behavior_024,29.29797188706695,2963.20366908885,8780575.984501623
"(30, 40]",35.72890237,-46.307643205,34.735764015580365,-18.26467953172381,9,behavior_024,28.042963673276187,2534.1965887177907,6422152.350268887
"(40, 50]",45.949939150000006,-37.711282205,44.62709747387851,-16.67863416719104,9,behavior_024,21.032648037808965,1627.9123530992222,2650098.6293730466
"(50, 60]",52.560148515,-25.18428898,55.18936905834825,-13.868291141359824,11,behavior_024,11.315997838640177,765.8053063334228,586457.7672084275
"(60, 70]",62.07117996,-18.12660637,61.0954170794037,-16.777963867895608,3,behavior_024,1.3486425021043935,70.31744637107758,4944.543264149372
"(-80, -70]",-71.25708173,-20.00285938,-71.0498319885632,-19.772798268546946,2,behavior_025,0.23006111145305397,8.229196716160933,67.71967859327388
"(-70, -60]",-65.61340604,-35.1199531,-64.98089721258962,-21.874156003662087,10,behavior_025,13.24579709633791,608.8174150935388,370658.6449211783
"(-60, -50]",-58.0693621,-31.43578883,-54.94686993909407,-15.418811765188025,12,behavior_025,16.016977064811975,943.020078156834,889286.8678069212
"(-50, -40]",-43.7844094,0.441897953,-42.44012452352031,-0.4718966123999023,19,behavior_025,-0.9137945653999023,73.43921231596167,5393.317905588896
"(-40, -30]",-35.56805596,3.938167204,-35.45632398896109,14.952534767226458,11,behavior_025,11.014367563226457,997.3563973349725,994719.7833049955
"(-30, -20]",-24.892482045,3.1913109405,-24.984828069821933,11.814802858026042,10,behavior_025,8.623491917526042,870.7854566199733,758267.3114608553
"(-20, -10]",-14.861629965,-2.1931205695,-14.652564197037751,7.544197328464962,10,behavior_025,9.737317897964962,1047.6977229829702,1097670.5187437006
"(-10, 0]",-4.2016837085,-11.19345858,-6.979288376567183,-7.16000440072303,25,behavior_025,4.03345417927697,447.7973419101552,200522.45942180042
"(0, 10]",4.649206505,-23.063146705,4.025058657794046,-18.861058711832367,13,behavior_025,4.202087993167634,466.23728008996045,217377.20134568424
"(10, 20]",14.48227294,-40.47469647,14.889857017366243,-19.72878865935555,10,behavior_025,20.745907810644447,2236.0523173178112,4999929.965782354
"(20, 30]",24.69371562,-49.41198452,24.80575462733373,-18.81524801316166,9,behavior_025,30.596736506838337,3094.561023837634,9576307.930255026
"(30, 40]",35.72890237,-46.307643205,35.13217005329357,-16.927225107826082,9,behavior_025,29.380418097173916,2655.060149292063,7049344.396358793
"(40, 50]",45.949939150000006,-37.711282205,44.62709747387851,-16.08598066722433,9,behavior_025,21.625301537775673,1673.7833224592837,2801550.6105428385
"(50, 60]",52.560148515,-25.18428898,55.18936905834825,-13.868291141359824,11,behavior_025,11.315997838640177,765.8053063334228,586457.7672084275
"(60, 70]",62.07117996,-18.12660637,61.0954170794037,-16.777963867895608,3,behavior_025,1.3486425021043935,70.31744637107758,4944.543264149372
"(-80, -70]",-71.25708173,-20.00285938,-71.0498319885632,-19.772798268546946,2,behavior_026,0.23006111145305397,8.229196716160933,67.71967859327388
"(-70, -60]",-65.61340604,-35.1199531,-64.85908095407763,-29.054719416685984,12,behavior_026,6.065233683314013,278.77672186556487,77716.46065411052
"(-60, -50]",-58.0693621,-31.43578883,-54.54552857531062,-36.06981710199783,11,behavior_026,-4.634028271997828,272.8343610381307,74438.58856308504
"(-50, -40]",-43.7844094,0.441897953,-45.04514693254422,-40.746195663931246,11,behavior_026,-41.18809361693125,3310.176342206382,10957267.416502822
"(-40, -30]",-35.56805596,3.938167204,-35.10657021475923,-42.27851628906619,10,behavior_026,-46.21668349306619,4184.943409670691,17513751.342146147
"(-30, -20]",-24.892482045,3.1913109405,-24.388545082784,-41.3766558995998,11,behavior_026,-44.5679668400998,4500.397023229764,20253573.366695322
"(-20, -10]",-14.861629965,-2.1931205695,-14.799788066003728,-37.54828273130944,10,behavior_026,-35.35516216180944,3804.078626247055,14471014.194669683
"(-10, 0]",-4.2016837085,-11.19345858,-5.810035277183922,-33.8743434259561,9,behavior_026,-22.6808848459561,2518.0501611673412,6340576.614154873
"(0, 10]",4.649206505,-23.063146705,4.0965673836681695,-26.52214705341953,16,behavior_026,-3.4590003484195293,383.7889441866837,147293.9536799294
"(10, 20]",14.48227294,-40.47469647,15.109640620583349,-21.693778063303174,10,behavior_026,18.780918406696824,2024.2602304009101,4097629.4803827456
"(20, 30]",24.69371562,-49.41198452,24.948203428570245,-20.114012632933047,8,behavior_026,29.29797188706695,2963.20366908885,8780575.984501623
"(30, 40]",35.72890237,-46.307643205,34.735764015580365,-18.26467953172381,9,behavior_026,28.042963673276187,2534.1965887177907,6422152.350268887
"(40, 50]",45.949939150000006,-37.711282205,44.62709747387851,-16.67863416719104,9,behavior_026,21.032648037808965,1627.9123530992222,2650098.6293730466
"(50, 60]",52.560148515,-25.18428898,55.18936905834825,-13.868291141359824,11,behavior_026,11.315997838640177,765.8053063334228,586457.7672084275
"(60, 70]",62.07117996,-18.12660637,61.0954170794037,-16.777963867895608,3,behavior_026,1.3486425021043935,70.31744637107758,4944.543264149372
"(-80, -70]",-71.25708173,-20.00285938,-71.08055392741916,-22.908337741748497,3,behavior_027,-2.9054783617484965,103.92783396709085,10800.994673091202
"(-70, -60]",-65.61340604,-35.1199531,-65.19239867027046,-27.287444717906148,9,behavior_027,7.832508382093849,360.0060813405656,129604.37860218991
"(-60, -50]",-58.0693621,-31.43578883,-54.63102302172706,-29.783441638768014,12,behavior_027,1.6523471912319856,97.2840612253261,9464.188568492997
"(-50, -40]",-43.7844094,0.441897953,-44.89945371579998,-35.110931970405325,10,behavior_027,-35.552829923405326,2857.2853506035067,8164079.574773404
"(-40, -30]",-35.56805596,3.938167204,-35.14324192704379,-35.9011290188561,9,behavior_027,-39.839296222856106,3607.4678573328088,13013824.341689367
"(-30, -20]",-24.892482045,3.1913109405,-24.851379924660133,-35.07583430513459,10,behavior_027,-38.267145245634595,3864.150841092515,14931661.72271599
"(-20, -10]",-14.861629965,-2.1931205695,-15.066353743214265,-34.97323531558154,8,behavior_027,-32.78011474608154,3527.013489594267,12439824.155779928
"(-10, 0]",-4.2016837085,-11.19345858,-5.810035277183922,-33.8743434259561,9,behavior_027,-22.6808848459561,2518.0501611673412,6340576.614154873
"(0, 10]",4.649206505,-23.063146705,4.0965673836681695,-26.52214705341953,16,behavior_027,-3.4590003484195293,383.7889441866837,147293.9536799294
"(10, 20]",14.48227294,-40.47469647,15.109640620583349,-21.693778063303174,10,behavior_027,18.780918406696824,2024.2602304009101,4097629.4803827456
"(20, 30]",24.69371562,-49.41198452,24.948203428570245,-20.114012632933047,8,behavior_027,29.29797188706695,2963.20366908885,8780575.984501623
"(30, 40]",35.72890237,-46.307643205,34.735764015580365,-18.26467953172381,9,behavior_027,28.042963673276187,2534.1965887177907,6422152.350268887
"(40, 50]",45.949939150000006,-37.711282205,44.62709747387851,-16.67863416719104,9,behavior_027,21.032648037808965,1627.9123530992222,2650098.6293730466
"(50, 60]",52.560148515,-25.18428898,55.18936905834825,-13.868291141359824,11,behavior_027,11.315997838640177,765.8053063334228,586457.7672084275
"(60, 70]",62.07117996,-18.12660637,61.0954170794037,-16.777963867895608,3,behavior_027,1.3486425021043935,70.31744637107758,4944.543264149372
"(-80, -70]",-71.25708173,-20.00285938,-71.08055392741916,-22.908337741748497,3,behavior_028,-2.9054783617484965,103.92783396709085,10800.994673091202
"(-70, -60]",-65.61340604,-35.1199531,-65.19239867027046,-27.287444717906148,9,behavior_028,7.832508382093849,360.0060813405656,129604.37860218991
"(-60, -50]",-58.0693621,-31.43578883,-54.63102302172706,-29.783441638768014,12,behavior_028,1.6523471912319856,97.2840612253261,9464.188568492997
"(-50, -40]",-43.7844094,0.441897953,-44.46255074020649,-33.969561414626774,10,behavior_028,-34.411459367626776,2765.556467820837,7648302.576705664
"(-40, -30]",-35.56805596,3.938167204,-34.653044991665894,-34.752919795432,9,behavior_028,-38.691086999432,3503.496947710687,12274490.8626181
"(-30, -20]",-24.892482045,3.1913109405,-24.81831564776016,-34.0358092123508,9,behavior_028,-37.2271201528508,3759.1308869976565,14131065.025579788
"(-20, -10]",-14.861629965,-2.1931205695,-15.05215127391025,-33.9491770893716,9,behavior_028,-31.756056519871603,3416.828787498184,11674718.963076308
"(-10, 0]",-4.2016837085,-11.19345858,-5.225234814632486,-33.869736074395746,8,behavior_028,-22.676277494395748,2517.53864927449,6338000.850590824
"(0, 10]",4.649206505,-23.063146705,4.0965673836681695,-26.52214705341953,16,behavior_028,-3.4590003484195293,383.7889441866837,147293.9536799294
"(10, 20]",14.48227294,-40.47469647,15.109640620583349,-21.693778063303174,10,behavior_028,18.780918406696824,2024.2602304009101,4097629.4803827456
"(20, 30]",24.69371562,-49.41198452,24.948203428570245,-20.114012632933047,8,behavior_028,29.29797188706695,2963.20366908885,8780575.984501623
"(30, 40]",35.72890237,-46.307643205,34.735764015580365,-18.26467953172381,9,behavior_028,28.042963673276187,2534.1965887177907,6422152.350268887
"(40, 50]",45.949939150000006,-37.711282205,44.62709747387851,-16.67863416719104,9,behavior_028,21.032648037808965,1627.9123530992222,2650098.6293730466
"(50, 60]",52.560148515,-25.18428898,55.18936905834825,-13.868291141359824,11,behavior_028,11.315997838640177,765.8053063334228,586457.7672084275
"(60, 70]",62.07117996,-18.12660637,61.0954170794037,-16.777963867895608,3,behavior_028,1.3486425021043935,70.31744637107758,4944.543264149372
"(-80, -70]",-71.25708173,-20.00285938,-71.35777604351465,-21.28495770392704,2,behavior_029,-1.2820983239270412,45.86015972199107,2103.154249726532
"(-70, -60]",-65.61340604,-35.1199531,-65.27425705485093,-23.02750485695077,9,behavior_029,12.092448243049226,555.8059683339892,308920.2744356834
"(-60, -50]",-58.0693621,-31.43578883,-54.86549813781042,-23.147349911765417,10,behavior_029,8.288438918234583,487.99247728481873,238136.65788657434
"(-50, -40]",-43.7844094,0.441897953,-45.0904744136671,-23.818646222280105,8,behavior_029,-24.260544175280106,1949.754706419655,3801543.4152055946
"(-40, -30]",-35.56805596,3.938167204,-35.323191537905984,-24.334184740175463,9,behavior_029,-28.272351944175462,2560.075366775691,6553985.883571688
"(-30, -20]",-24.892482045,3.1913109405,-25.02678459123356,-24.757036921108583,9,behavior_029,-27.948347861608582,2822.176339608216,7964679.2918444285
"(-20, -10]",-14.861629965,-2.1931205695,-15.272923677451375,-25.027267456443365,9,behavior_029,-22.834146886943365,2456.8658382519334,6036189.747169375
"(-10, 0]",-4.2016837085,-11.19345858,-5.219917593156162,-25.075130621133383,9,behavior_029,-13.881672041133383,1541.1544460391883,2375157.026546357
"(0, 10]",4.649206505,-23.063146705,4.78171680296466,-23.28499623601501,11,behavior_029,-0.22184953101501037,24.61502997982209,605.8997009075403
"(10, 20]",14.48227294,-40.47469647,15.109640620583349,-21.693778063303174,10,behavior_029,18.780918406696824,2024.2602304009101,4097629.4803827456
"(20, 30]",24.69371562,-49.41198452,24.948203428570245,-20.114012632933047,8,behavior_029,29.29797188706695,2963.20366908885,8780575.984501623
"(30, 40]",35.72890237,-46.307643205,34.735764015580365,-18.26467953172381,9,behavior_029,28.042963673276187,2534.1965887177907,6422152.350268887
"(40, 50]",45.949939150000006,-37.711282205,44.62709747387851,-16.67863416719104,9,behavior_029,21.032648037808965,1627.9123530992222,2650098.6293730466
"(50, 60]",52.560148515,-25.18428898,55.18936905834825,-13.868291141359824,11,behavior_029,11.315997838640177,765.8053063334228,586457.7672084275
"(60, 70]",62.07117996,-18.12660637,61.0954170794037,-16.777963867895608,3,behavior_029,1.3486425021043935,70.31744637107758,4944.543264149372
"(-80, -70]",-71.25708173,-20.00285938,-71.0498319885632,-19.772798268546946,2,behavior_030,0.23006111145305397,8.229196716160933,67.71967859327388
"(-70, -60]",-65.61340604,-35.1199531,-64.68753737032831,-20.69147671310828,9,behavior_030,14.428476386891717,663.1769786081195,439803.7049557942
"(-60, -50]",-58.0693621,-31.43578883,-54.86559514218197,-21.48610322986039,9,behavior_030,9.94968560013961,585.8005074436138,343162.23452119547
"(-50, -40]",-43.7844094,0.441897953,-45.65487866615484,-23.784064538568344,9,behavior_030,-24.225962491568346,1946.9754694789756,3790713.4787528776
"(-40, -30]",-35.56805596,3.938167204,-35.323191537905984,-24.334184740175463,9,behavior_030,-28.272351944175462,2560.075366775691,6553985.883571688
"(-30, -20]",-24.892482045,3.1913109405,-25.02678459123356,-24.757036921108583,9,behavior_030,-27.948347861608582,2822.176339608216,7964679.2918444285
"(-20, -10]",-14.861629965,-2.1931205695,-15.272923677451375,-25.027267456443365,9,behavior_030,-22.834146886943365,2456.8658382519334,6036189.747169375
"(-10, 0]",-4.2016837085,-11.19345858,-5.219917593156162,-25.075130621133383,9,behavior_030,-13.881672041133383,1541.1544460391883,2375157.026546357
"(0, 10]",4.649206505,-23.063146705,4.78171680296466,-23.28499623601501,11,behavior_030,-0.22184953101501037,24.61502997982209,605.8997009075403
"(10, 20]",14.48227294,-40.47469647,15.109640620583349,-21.693778063303174,10,behavior_030,18.780918406696824,2024.2602304009101,4097629.4803827456
"(20, 30]",24.69371562,-49.41198452,24.948203428570245,-20.114012632933047,8,behavior_030,29.29797188706695,2963.20366908885,8780575.984501623
"(30, 40]",35.72890237,-46.307643205,34.735764015580365,-18.26467953172381,9,behavior_030,28.042963673276187,2534.1965887177907,6422152.350268887
"(40, 50]",45.949939150000006,-37.711282205,44.62709747387851,-16.67863416719104,9,behavior_030,21.032648037808965,1627.9123530992222,2650098.6293730466
"(50, 60]",52.560148515,-25.18428898,55.18936905834825,-13.868291141359824,11,behavior_030,11.315997838640177,765.8053063334228,586457.7672084275
"(60, 70]",62.07117996,-18.12660637,61.0954170794037,-16.777963867895608,3,behavior_030,1.3486425021043935,70.31744637107758,4944.543264149372
"(-80, -70]",-71.25708173,-20.00285938,-70.7194209212079,-19.772798268546946,4,behavior_031,0.23006111145305397,8.229196716160933,67.71967859327388
"(-70, -60]",-65.61340604,-35.1199531,-67.9332129714522,-38.47043301963453,17,behavior_031,-3.3504799196345303,153.9983218192779,23715.48312315388
"(-60, -50]",-58.0693621,-31.43578883,-54.54552857531062,-35.43078267908799,17,behavior_031,-3.99499384908799,235.21038936114957,55323.92726342358
"(-50, -40]",-43.7844094,0.441897953,-43.841886305321175,-19.789197074769657,23,behavior_031,-20.23109502776966,1625.9187123514612,2643611.6591746337
"(-40, -30]",-35.56805596,3.938167204,-38.49099920073514,2.641290865643189,23,behavior_031,-1.2968763383568112,117.43278996162609,13790.460158171389
"(-30, -20]",-24.892482045,3.1913109405,-24.984828069821933,11.814802858026042,10,behavior_031,8.623491917526042,870.7854566199733,758267.3114608553
"(-20, -10]",-14.861629965,-2.1931205695,-14.652564197037751,7.544197328464962,10,behavior_031,9.737317897964962,1047.6977229829702,1097670.5187437006
"(-10, 0]",-4.2016837085,-11.19345858,-6.979288376567183,-7.16000440072303,25,behavior_031,4.03345417927697,447.7973419101552,200522.45942180042
"(0, 10]",4.649206505,-23.063146705,4.025058657794046,-18.861058711832367,13,behavior_031,4.202087993167634,466.23728008996045,217377.20134568424
"(10, 20]",14.48227294,-40.47469647,14.889857017366243,-19.72878865935555,10,behavior_031,20.745907810644447,2236.0523173178112,4999929.965782354
"(20, 30]",24.69371562,-49.41198452,24.80575462733373,-18.81524801316166,9,behavior_031,30.596736506838337,3094.561023837634,9576307.930255026
"(30, 40]",35.72890237,-46.307643205,35.13217005329357,-16.927225107826082,9,behavior_031,29.380418097173916,2655.060149292063,7049344.396358793
"(40, 50]",45.949939150000006,-37.711282205,46.11113017649553,-16.692900165400367,14,behavior_031,21.018382039599636,1626.8081747440997,2646504.8374142293
"(50, 60]",52.560148515,-25.18428898,53.175678818964506,-10.950256091684139,14,behavior_031,14.234032888315863,963.2820783312059,927912.3624340874
"(60, 70]",62.07117996,-18.12660637,62.972161504118105,-8.594911231245836,13,behavior_031,9.531695138754165,496.97711639591023,246986.2542211941
"(-80, -70]",-71.25708173,-20.00285938,-71.0498319885632,-19.772798268546946,2,behavior_032,0.23006111145305397,8.229196716160933,67.71967859327388
"(-70, -60]",-65.61340604,-35.1199531,-64.68753737032831,-20.81063865435316,11,behavior_032,14.309314445646837,657.6999307174875,432569.1988657879
"(-60, -50]",-58.0693621,-31.43578883,-56.0871315373431,-9.097364907955686,11,behavior_032,22.338423922044313,1315.2033737468555,1729759.9143151108
"(-50, -40]",-43.7844094,0.441897953,-42.44012452352031,-0.4718966123999023,19,behavior_032,-0.9137945653999023,73.43921231596167,5393.317905588896
"(-40, -30]",-35.56805596,3.938167204,-35.45632398896109,14.952534767226458,11,behavior_032,11.014367563226457,997.3563973349725,994719.7833049955
"(-30, -20]",-24.892482045,3.1913109405,-24.984828069821933,11.814802858026042,10,behavior_032,8.623491917526042,870.7854566199733,758267.3114608553
"(-20, -10]",-14.861629965,-2.1931205695,-14.652564197037751,7.544197328464962,10,behavior_032,9.737317897964962,1047.6977229829702,1097670.5187437006
"(-10, 0]",-4.2016837085,-11.19345858,-6.979288376567183,-7.16000440072303,25,behavior_032,4.03345417927697,447.7973419101552,200522.45942180042
"(0, 10]",4.649206505,-23.063146705,4.025058657794046,-18.861058711832367,13,behavior_032,4.202087993167634,466.23728008996045,217377.20134568424
"(10, 20]",14.48227294,-40.47469647,14.889857017366243,-19.72878865935555,10,behavior_032,20.745907810644447,2236.0523173178112,4999929.965782354
"(20, 30]",24.69371562,-49.41198452,24.80575462733373,-18.81524801316166,9,behavior_032,30.596736506838337,3094.561023837634,9576307.930255026
"(30, 40]",35.72890237,-46.307643205,35.13217005329357,-16.927225107826082,9,behavior_032,29.380418097173916,2655.060149292063,7049344.396358793
"(40, 50]",45.949939150000006,-37.711282205,44.62709747387851,-16.08598066722433,9,behavior_032,21.625301537775673,1673.7833224592837,2801550.6105428385
"(50, 60]",52.560148515,-25.18428898,55.18936905834825,-13.868291141359824,11,behavior_032,11.315997838640177,765.8053063334228,586457.7672084275
"(60, 70]",62.07117996,-18.12660637,61.0954170794037,-16.777963867895608,3,behavior_032,1.3486425021043935,70.31744637107758,4944.543264149372
"(-80, -70]",-71.25708173,-20.00285938,-71.08055392741916,-22.908337741748497,3,behavior_033,-2.9054783617484965,103.92783396709085,10800.994673091202
"(-70, -60]",-65.61340604,-35.1199531,-65.19239867027046,-27.287444717906148,9,behavior_033,7.832508382093849,360.0060813405656,129604.37860218991
"(-60, -50]",-58.0693621,-31.43578883,-54.63102302172706,-29.783441638768014,12,behavior_033,1.6523471912319856,97.2840612253261,9464.188568492997
"(-50, -40]",-43.7844094,0.441897953,-44.98059282400197,-37.02467582693846,11,behavior_033,-37.466573779938464,3011.087798899747,9066649.732682925
"(-40, -30]",-35.56805596,3.938167204,-35.33354455314185,-39.75865949360654,10,behavior_033,-43.69682669760654,3956.7691381210047,15656022.012386838
"(-30, -20]",-24.892482045,3.1913109405,-24.91839572932441,-39.2747727176442,10,behavior_033,-42.4660836581442,4288.152456427163,18388251.489562314
"(-20, -10]",-14.861629965,-2.1931205695,-14.799788066003728,-37.54828273130944,10,behavior_033,-35.35516216180944,3804.078626247055,14471014.194669683
"(-10, 0]",-4.2016837085,-11.19345858,-5.810035277183922,-33.8743434259561,9,behavior_033,-22.6808848459561,2518.0501611673412,6340576.614154873
"(0, 10]",4.649206505,-23.063146705,4.0965673836681695,-26.52214705341953,16,behavior_033,-3.4590003484195293,383.7889441866837,147293.9536799294
"(10, 20]",14.48227294,-40.47469647,15.109640620583349,-21.693778063303174,10,behavior_033,18.780918406696824,2024.2602304009101,4097629.4803827456
"(20, 30]",24.69371562,-49.41198452,24.948203428570245,-20.114012632933047,8,behavior_033,29.29797188706695,2963.20366908885,8780575.984501623
"(30, 40]",35.72890237,-46.307643205,34.735764015580365,-18.26467953172381,9,behavior_033,28.042963673276187,2534.1965887177907,6422152.350268887
"(40, 50]",45.949939150000006,-37.711282205,44.62709747387851,-16.67863416719104,9,behavior_033,21.032648037808965,1627.9123530992222,2650098.6293730466
"(50, 60]",52.560148515,-25.18428898,55.18936905834825,-13.868291141359824,11,behavior_033,11.315997838640177,765.8053063334228,586457.7672084275
"(60, 70]",62.07117996,-18.12660637,61.0954170794037,-16.777963867895608,3,behavior_033,1.3486425021043935,70.31744637107758,4944.543264149372
"(-80, -70]",-71.25708173,-20.00285938,-71.08055392741916,-22.908337741748497,3,behavior_034,-2.9054783617484965,103.92783396709085,10800.994673091202
"(-70, -60]",-65.61340604,-35.1199531,-65.19239867027046,-27.287444717906148,9,behavior_034,7.832508382093849,360.0060813405656,129604.37860218991
"(-60, -50]",-58.0693621,-31.43578883,-54.63102302172706,-29.783441638768014,12,behavior_034,1.6523471912319856,97.2840612253261,9464.188568492997
"(-50, -40]",-43.7844094,0.441897953,-44.46255074020649,-33.969561414626774,10,behavior_034,-34.411459367626776,2765.556467820837,7648302.576705664
"(-40, -30]",-35.56805596,3.938167204,-34.653044991665894,-34.752919795432,9,behavior_034,-38.691086999432,3503.496947710687,12274490.8626181
"(-30, -20]",-24.892482045,3.1913109405,-24.81831564776016,-34.0358092123508,9,behavior_034,-37.2271201528508,3759.1308869976565,14131065.025579788
"(-20, -10]",-14.861629965,-2.1931205695,-15.05215127391025,-33.9491770893716,9,behavior_034,-31.756056519871603,3416.828787498184,11674718.963076308
"(-10, 0]",-4.2016837085,-11.19345858,-5.225234814632486,-33.869736074395746,8,behavior_034,-22.676277494395748,2517.53864927449,6338000.850590824
"(0, 10]",4.649206505,-23.063146705,4.0965673836681695,-26.52214705341953,16,behavior_034,-3.4590003484195293,383.7889441866837,147293.9536799294
"(10, 20]",14.48227294,-40.47469647,15.109640620583349,-21.693778063303174,10,behavior_034,18.780918406696824,2024.2602304009101,4097629.4803827456
"(20, 30]",24.69371562,-49.41198452,24.948203428570245,-20.114012632933047,8,behavior_034,29.29797188706695,2963.20366908885,8780575.984501623
"(30, 40]",35.72890237,-46.307643205,34.735764015580365,-18.26467953172381,9,behavior_034,28.042963673276187,2534.1965887177907,6422152.350268887
"(40, 50]",45.949939150000006,-37.711282205,44.62709747387851,-16.67863416719104,9,behavior_034,21.032648037808965,1627.9123530992222,2650098.6293730466
"(50, 60]",52.560148515,-25.18428898,55.18936905834825,-13.868291141359824,11,behavior_034,11.315997838640177,765.8053063334228,586457.7672084275
"(60, 70]",62.07117996,-18.12660637,61.0954170794037,-16.777963867895608,3,behavior_034,1.3486425021043935,70.31744637107758,4944.543264149372
"(-80, -70]",-71.25708173,-20.00285938,-71.08055392741916,-22.908337741748497,3,behavior_035,-2.9054783617484965,103.92783396709085,10800.994673091202
"(-70, -60]",-65.61340604,-35.1199531,-65.19239867027046,-27.287444717906148,9,behavior_035,7.832508382093849,360.0060813405656,129604.37860218991
"(-60, -50]",-58.0693621,-31.43578883,-54.63102302172706,-29.783441638768014,12,behavior_035,1.6523471912319856,97.2840612253261,9464.188568492997
"(-50, -40]",-43.7844094,0.441897953,-44.46255074020649,-33.969561414626774,10,behavior_035,-34.411459367626776,2765.556467820837,7648302.576705664
"(-40, -30]",-35.56805596,3.938167204,-34.653044991665894,-34.752919795432,9,behavior_035,-38.691086999432,3503.496947710687,12274490.8626181
"(-30, -20]",-24.892482045,3.1913109405,-24.81831564776016,-34.0358092123508,9,behavior_035,-37.2271201528508,3759.1308869976565,14131065.025579788
"(-20, -10]",-14.861629965,-2.1931205695,-15.05215127391025,-33.9491770893716,9,behavior_035,-31.756056519871603,3416.828787498184,11674718.963076308
"(-10, 0]",-4.2016837085,-11.19345858,-5.225234814632486,-33.869736074395746,8,behavior_035,-22.676277494395748,2517.53864927449,6338000.850590824
"(0, 10]",4.649206505,-23.063146705,4.0965673836681695,-26.52214705341953,16,behavior_035,-3.4590003484195293,383.7889441866837,147293.9536799294
"(10, 20]",14.48227294,-40.47469647,15.109640620583349,-21.693778063303174,10,behavior_035,18.780918406696824,2024.2602304009101,4097629.4803827456
"(20, 30]",24.69371562,-49.41198452,24.948203428570245,-20.114012632933047,8,behavior_035,29.29797188706695,2963.20366908885,8780575.984501623
"(30, 40]",35.72890237,-46.307643205,34.735764015580365,-18.26467953172381,9,behavior_035,28.042963673276187,2534.1965887177907,6422152.350268887
"(40, 50]",45.949939150000006,-37.711282205,44.62709747387851,-16.67863416719104,9,behavior_035,21.032648037808965,1627.9123530992222,2650098.6293730466
"(50, 60]",52.560148515,-25.18428898,55.18936905834825,-13.868291141359824,11,behavior_035,11.315997838640177,765.8053063334228,586457.7672084275
"(60, 70]",62.07117996,-18.12660637,61.0954170794037,-16.777963867895608,3,behavior_035,1.3486425021043935,70.31744637107758,4944.543264149372
"(-80, -70]",-71.25708173,-20.00285938,-71.0498319885632,-19.772798268546946,2,behavior_036,0.23006111145305397,8.229196716160933,67.71967859327388
"(-70, -60]",-65.61340604,-35.1199531,-64.68753737032831,-20.69147671310828,9,behavior_036,14.428476386891717,663.1769786081195,439803.7049557942
"(-60, -50]",-58.0693621,-31.43578883,-54.86559514218197,-21.48610322986039,9,behavior_036,9.94968560013961,585.8005074436138,343162.23452119547
"(-50, -40]",-43.7844094,0.441897953,-45.65487866615484,-23.784064538568344,9,behavior_036,-24.225962491568346,1946.9754694789756,3790713.4787528776
"(-40, -30]",-35.56805596,3.938167204,-35.323191537905984,-24.334184740175463,9,behavior_036,-28.272351944175462,2560.075366775691,6553985.883571688
"(-30, -20]",-24.892482045,3.1913109405,-25.02678459123356,-24.757036921108583,9,behavior_036,-27.948347861608582,2822.176339608216,7964679.2918444285
"(-20, -10]",-14.861629965,-2.1931205695,-15.272923677451375,-25.027267456443365,9,behavior_036,-22.834146886943365,2456.8658382519334,6036189.747169375
"(-10, 0]",-4.2016837085,-11.19345858,-5.219917593156162,-25.075130621133383,9,behavior_036,-13.881672041133383,1541.1544460391883,2375157.026546357
"(0, 10]",4.649206505,-23.063146705,4.78171680296466,-23.28499623601501,11,behavior_036,-0.22184953101501037,24.61502997982209,605.8997009075403
"(10, 20]",14.48227294,-40.47469647,15.109640620583349,-21.693778063303174,10,behavior_036,18.780918406696824,2024.2602304009101,4097629.4803827456
"(20, 30]",24.69371562,-49.41198452,24.948203428570245,-20.114012632933047,8,behavior_036,29.29797188706695,2963.20366908885,8780575.984501623
"(30, 40]",35.72890237,-46.307643205,34.735764015580365,-18.26467953172381,9,behavior_036,28.042963673276187,2534.1965887177907,6422152.350268887
"(40, 50]",45.949939150000006,-37.711282205,44.62709747387851,-16.67863416719104,9,behavior_036,21.032648037808965,1627.9123530992222,2650098.6293730466
"(50, 60]",52.560148515,-25.18428898,55.18936905834825,-13.868291141359824,11,behavior_036,11.315997838640177,765.8053063334228,586457.7672084275
"(60, 70]",62.07117996,-18.12660637,61.0954170794037,-16.777963867895608,3,behavior_036,1.3486425021043935,70.31744637107758,4944.543264149372
"(-80, -70]",-71.25708173,-20.00285938,-71.0498319885632,-19.772798268546946,2,behavior_037,0.23006111145305397,8.229196716160933,67.71967859327388
"(-70, -60]",-65.61340604,-35.1199531,-65.2032742104729,-18.87518938179012,9,behavior_037,16.244763718209878,746.6591088323537,557499.8248023246
"(-60, -50]",-58.0693621,-31.43578883,-54.844028618037584,-19.837126528206923,10,behavior_037,11.598662301793077,682.8861267698912,466333.462134784
"(-50, -40]",-43.7844094,0.441897953,-44.466945557850856,-20.61786118624323,9,behavior_037,-21.05975913924323,1692.5162189742903,2864611.151491028
"(-40, -30]",-35.56805596,3.938167204,-35.150971041301666,-20.686994954220186,8,behavior_037,-24.625162158220185,2229.8205387579746,4972099.635066904
"(-30, -20]",-24.892482045,3.1913109405,-25.34840001316212,-21.49453255022848,9,behavior_037,-24.68584349072848,2492.734231296191,6213723.947875812
"(-20, -10]",-14.861629965,-2.1931205695,-15.07691193525001,-22.194838902884655,10,behavior_037,-20.001718333384655,2152.1074872181644,4631566.636540482
"(-10, 0]",-4.2016837085,-11.19345858,-4.636387626015981,-22.30115995971573,9,behavior_037,-11.10770137971573,1233.1859819119347,1520747.6659841025
"(0, 10]",4.649206505,-23.063146705,4.937530669447581,-21.056065318413637,10,behavior_037,2.007081386586364,222.69313924951925,49592.23426880577
"(10, 20]",14.48227294,-40.47469647,14.889857017366243,-19.72878865935555,10,behavior_037,20.745907810644447,2236.0523173178112,4999929.965782354
"(20, 30]",24.69371562,-49.41198452,24.80575462733373,-18.81524801316166,9,behavior_037,30.596736506838337,3094.561023837634,9576307.930255026
"(30, 40]",35.72890237,-46.307643205,35.70745671001215,-17.593325204874027,10,behavior_037,28.71431800012597,2594.86577706556,6733328.400986052
"(40, 50]",45.949939150000006,-37.711282205,44.58544126307676,-21.353602728099563,9,behavior_037,16.35767947690044,1266.0730327733788,1602940.924315981
"(50, 60]",52.560148515,-25.18428898,54.82030061581583,-19.06741580550496,10,behavior_037,6.116873174495041,413.9567718192299,171360.208934998
"(60, 70]",62.07117996,-18.12660637,61.0954170794037,-17.16948656355908,3,behavior_037,0.9571198064409216,49.90367762775434,2490.3770407748293
"(-80, -70]",-71.25708173,-20.00285938,-71.0498319885632,-19.772798268546946,2,behavior_038,0.23006111145305397,8.229196716160933,67.71967859327388
"(-70, -60]",-65.61340604,-35.1199531,-65.2032742104729,-18.87518938179012,9,behavior_038,16.244763718209878,746.6591088323537,557499.8248023246
"(-60, -50]",-58.0693621,-31.43578883,-54.844028618037584,-19.837126528206923,10,behavior_038,11.598662301793077,682.8861267698912,466333.462134784
"(-50, -40]",-43.7844094,0.441897953,-44.466945557850856,-20.61786118624323,9,behavior_038,-21.05975913924323,1692.5162189742903,2864611.151491028
"(-40, -30]",-35.56805596,3.938167204,-35.150971041301666,-20.686994954220186,8,behavior_038,-24.625162158220185,2229.8205387579746,4972099.635066904
"(-30, -20]",-24.892482045,3.1913109405,-25.34840001316212,-21.49453255022848,9,behavior_038,-24.68584349072848,2492.734231296191,6213723.947875812
"(-20, -10]",-14.861629965,-2.1931205695,-15.07691193525001,-22.194838902884655,10,behavior_038,-20.001718333384655,2152.1074872181644,4631566.636540482
"(-10, 0]",-4.2016837085,-11.19345858,-4.636387626015981,-22.30115995971573,9,behavior_038,-11.10770137971573,1233.1859819119347,1520747.6659841025
"(0, 10]",4.649206505,-23.063146705,4.937530669447581,-21.056065318413637,10,behavior_038,2.007081386586364,222.69313924951925,49592.23426880577
"(10, 20]",14.48227294,-40.47469647,14.889857017366243,-19.72878865935555,10,behavior_038,20.745907810644447,2236.0523173178112,4999929.965782354
"(20, 30]",24.69371562,-49.41198452,24.80575462733373,-18.81524801316166,9,behavior_038,30.596736506838337,3094.561023837634,9576307.930255026
"(30, 40]",35.72890237,-46.307643205,35.70745671001215,-17.593325204874027,10,behavior_038,28.71431800012597,2594.86577706556,6733328.400986052
"(40, 50]",45.949939150000006,-37.711282205,44.58544126307676,-21.353602728099563,9,behavior_038,16.35767947690044,1266.0730327733788,1602940.924315981
"(50, 60]",52.560148515,-25.18428898,54.82030061581583,-19.06741580550496,10,behavior_038,6.116873174495041,413.9567718192299,171360.208934998
"(60, 70]",62.07117996,-18.12660637,61.0954170794037,-17.16948656355908,3,behavior_038,0.9571198064409216,49.90367762775434,2490.3770407748293
"(-80, -70]",-71.25708173,-20.00285938,-71.0498319885632,-19.772798268546946,2,behavior_039,0.23006111145305397,8.229196716160933,67.71967859327388
"(-70, -60]",-65.61340604,-35.1199531,-65.27425705485093,-23.02750485695077,9,behavior_039,12.092448243049226,555.8059683339892,308920.2744356834
"(-60, -50]",-58.0693621,-31.43578883,-54.86549813781042,-23.147349911765417,10,behavior_039,8.288438918234583,487.99247728481873,238136.65788657434
"(-50, -40]",-43.7844094,0.441897953,-45.0904744136671,-23.818646222280105,8,behavior_039,-24.260544175280106,1949.754706419655,3801543.4152055946
"(-40, -30]",-35.56805596,3.938167204,-35.323191537905984,-24.334184740175463,9,behavior_039,-28.272351944175462,2560.075366775691,6553985.883571688
"(-30, -20]",-24.892482045,3.1913109405,-25.02678459123356,-24.757036921108583,9,behavior_039,-27.948347861608582,2822.176339608216,7964679.2918444285
"(-20, -10]",-14.861629965,-2.1931205695,-15.272923677451375,-25.027267456443365,9,behavior_039,-22.834146886943365,2456.8658382519334,6036189.747169375
"(-10, 0]",-4.2016837085,-11.19345858,-5.219917593156162,-25.075130621133383,9,behavior_039,-13.881672041133383,1541.1544460391883,2375157.026546357
"(0, 10]",4.649206505,-23.063146705,4.867663292958679,-25.12162819763532,9,behavior_039,-2.0584814926353197,228.39617204644443,52164.811405469045
"(10, 20]",14.48227294,-40.47469647,14.885818934650846,-24.734623051963325,10,behavior_039,15.740073418036673,1696.5094013911978,2878144.14900872
"(20, 30]",24.69371562,-49.41198452,25.326560301380823,-23.41789784588802,9,behavior_039,25.994086674111976,2629.0479526790655,6911893.137485986
"(30, 40]",35.72890237,-46.307643205,35.20518049828358,-21.94070059946699,8,behavior_039,24.36694260553301,2202.000599789308,4848806.641472473
"(40, 50]",45.949939150000006,-37.711282205,44.58544126307676,-21.5823445567738,9,behavior_039,16.128937648226202,1248.3685740718443,1558424.0967301696
"(50, 60]",52.560148515,-25.18428898,54.82030061581583,-19.06741580550496,10,behavior_039,6.116873174495041,413.9567718192299,171360.208934998
"(60, 70]",62.07117996,-18.12660637,61.0954170794037,-17.16948656355908,3,behavior_039,0.9571198064409216,49.90367762775434,2490.3770407748293
"(-80, -70]",-71.25708173,-20.00285938,-71.0498319885632,-19.772798268546946,2,behavior_040,0.23006111145305397,8.229196716160933,67.71967859327388
"(-70, -60]",-65.61340604,-35.1199531,-65.27425705485093,-23.02750485695077,9,behavior_040,12.092448243049226,555.8059683339892,308920.2744356834
"(-60, -50]",-58.0693621,-31.43578883,-54.86549813781042,-23.147349911765417,10,behavior_040,8.288438918234583,487.99247728481873,238136.65788657434
"(-50, -40]",-43.7844094,0.441897953,-45.0904744136671,-23.818646222280105,8,behavior_040,-24.260544175280106,1949.754706419655,3801543.4152055946
"(-40, -30]",-35.56805596,3.938167204,-35.323191537905984,-24.334184740175463,9,behavior_040,-28.272351944175462,2560.075366775691,6553985.883571688
"(-30, -20]",-24.892482045,3.1913109405,-25.02678459123356,-24.757036921108583,9,behavior_040,-27.948347861608582,2822.176339608216,7964679.2918444285
"(-20, -10]",-14.861629965,-2.1931205695,-15.272923677451375,-25.027267456443365,9,behavior_040,-22.834146886943365,2456.8658382519334,6036189.747169375
"(-10, 0]",-4.2016837085,-11.19345858,-5.219917593156162,-25.075130621133383,9,behavior_040,-13.881672041133383,1541.1544460391883,2375157.026546357
"(0, 10]",4.649206505,-23.063146705,4.867663292958679,-25.12162819763532,9,behavior_040,-2.0584814926353197,228.39617204644443,52164.811405469045
"(10, 20]",14.48227294,-40.47469647,14.885818934650846,-24.734623051963325,10,behavior_040,15.740073418036673,1696.5094013911978,2878144.14900872
"(20, 30]",24.69371562,-49.41198452,24.8648190427936,-24.01034191346463,9,behavior_040,25.40164260653537,2569.128022332355,6600418.795133359
"(30, 40]",35.72890237,-46.307643205,35.33763378114988,-23.69226746706554,9,behavior_040,22.615375737934457,2043.714377530661,4176768.4569255374
"(40, 50]",45.949939150000006,-37.711282205,45.28997343772488,-22.87958216334062,9,behavior_040,14.831700041659385,1147.9632841226771,1317819.7016937223
"(50, 60]",52.560148515,-25.18428898,55.49466054755884,-20.561659213760876,10,behavior_040,4.622629766239125,312.8344892496154,97865.41766406773
"(60, 70]",62.07117996,-18.12660637,61.29361517393866,-18.57857315102444,2,behavior_040,-0.45196678102443855,23.565288678507372,555.3228305013877
"(-80, -70]",-71.25708173,-20.00285938,-71.0498319885632,-19.772798268546946,2,behavior_041,0.23006111145305397,8.229196716160933,67.71967859327388
"(-70, -60]",-65.61340604,-35.1199531,-65.27425705485093,-23.02750485695077,9,behavior_041,12.092448243049226,555.8059683339892,308920.2744356834
"(-60, -50]",-58.0693621,-31.43578883,-54.86549813781042,-23.147349911765417,10,behavior_041,8.288438918234583,487.99247728481873,238136.65788657434
"(-50, -40]",-43.7844094,0.441897953,-45.0904744136671,-23.818646222280105,8,behavior_041,-24.260544175280106,1949.754706419655,3801543.4152055946
"(-40, -30]",-35.56805596,3.938167204,-35.323191537905984,-24.334184740175463,9,behavior_041,-28.272351944175462,2560.075366775691,6553985.883571688
"(-30, -20]",-24.892482045,3.1913109405,-25.02678459123356,-24.757036921108583,9,behavior_041,-27.948347861608582,2822.176339608216,7964679.2918444285
"(-20, -10]",-14.861629965,-2.1931205695,-15.272923677451375,-25.027267456443365,9,behavior_041,-22.834146886943365,2456.8658382519334,6036189.747169375
"(-10, 0]",-4.2016837085,-11.19345858,-5.219917593156162,-25.075130621133383,9,behavior_041,-13.881672041133383,1541.1544460391883,2375157.026546357
"(0, 10]",4.649206505,-23.063146705,4.867663292958679,-25.12162819763532,9,behavior_041,-2.0584814926353197,228.39617204644443,52164.811405469045
"(10, 20]",14.48227294,-40.47469647,14.885818934650846,-24.734623051963325,10,behavior_041,15.740073418036673,1696.5094013911978,2878144.14900872
"(20, 30]",24.69371562,-49.41198452,24.39484613544335,-25.244413257320563,9,behavior_041,24.167571262679434,2444.313760508125,5974669.759809372
"(30, 40]",35.72890237,-46.307643205,34.87035302281723,-24.50666190060104,9,behavior_041,21.80098130439896,1970.118889572191,3881368.439049163
"(40, 50]",45.949939150000006,-37.711282205,45.28997343772488,-22.87958216334062,9,behavior_041,14.831700041659385,1147.9632841226771,1317819.7016937223
"(50, 60]",52.560148515,-25.18428898,55.49466054755884,-20.561659213760876,10,behavior_041,4.622629766239125,312.8344892496154,97865.41766406773
"(60, 70]",62.07117996,-18.12660637,61.29361517393866,-18.57857315102444,2,behavior_041,-0.45196678102443855,23.565288678507372,555.3228305013877
"(-80, -70]",-71.25708173,-20.00285938,-71.35777604351465,-21.28495770392704,2,behavior_042,-1.2820983239270412,45.86015972199107,2103.154249726532
"(-70, -60]",-65.61340604,-35.1199531,-65.27425705485093,-23.02750485695077,9,behavior_042,12.092448243049226,555.8059683339892,308920.2744356834
"(-60, -50]",-58.0693621,-31.43578883,-54.86549813781042,-23.147349911765417,10,behavior_042,8.288438918234583,487.99247728481873,238136.65788657434
"(-50, -40]",-43.7844094,0.441897953,-45.0904744136671,-23.818646222280105,8,behavior_042,-24.260544175280106,1949.754706419655,3801543.4152055946
"(-40, -30]",-35.56805596,3.938167204,-35.323191537905984,-24.334184740175463,9,behavior_042,-28.272351944175462,2560.075366775691,6553985.883571688
"(-30, -20]",-24.892482045,3.1913109405,-25.02678459123356,-24.757036921108583,9,behavior_042,-27.948347861608582,2822.176339608216,7964679.2918444285
"(-20, -10]",-14.861629965,-2.1931205695,-15.272923677451375,-25.027267456443365,9,behavior_042,-22.834146886943365,2456.8658382519334,6036189.747169375
"(-10, 0]",-4.2016837085,-11.19345858,-5.219917593156162,-25.075130621133383,9,behavior_042,-13.881672041133383,1541.1544460391883,2375157.026546357
"(0, 10]",4.649206505,-23.063146705,4.867663292958679,-25.12162819763532,9,behavior_042,-2.0584814926353197,228.39617204644443,52164.811405469045
"(10, 20]",14.48227294,-40.47469647,14.9747827877784,-25.728225048591103,11,behavior_042,14.746471421408895,1589.4161824619591,2526243.801071948
"(20, 30]",24.69371562,-49.41198452,24.9670832649401,-25.705173342294515,8,behavior_042,23.706811177705482,2397.712378691413,5749024.650930034
"(30, 40]",35.72890237,-46.307643205,34.87035302281723,-24.50666190060104,9,behavior_042,21.80098130439896,1970.118889572191,3881368.439049163
"(40, 50]",45.949939150000006,-37.711282205,45.28997343772488,-22.87958216334062,9,behavior_042,14.831700041659385,1147.9632841226771,1317819.7016937223
"(50, 60]",52.560148515,-25.18428898,55.49466054755884,-20.561659213760876,10,behavior_042,4.622629766239125,312.8344892496154,97865.41766406773
"(60, 70]",62.07117996,-18.12660637,61.29361517393866,-18.57857315102444,2,behavior_042,-0.45196678102443855,23.565288678507372,555.3228305013877
"(-80, -70]",-71.25708173,-20.00285938,-71.0498319885632,-19.772798268546946,2,behavior_043,0.23006111145305397,8.229196716160933,67.71967859327388
"(-70, -60]",-65.61340604,-35.1199531,-65.2032742104729,-18.87518938179012,9,behavior_043,16.244763718209878,746.6591088323537,557499.8248023246
"(-60, -50]",-58.0693621,-31.43578883,-54.64329458844306,-14.897062999368028,13,behavior_043,16.53872583063197,973.7387062681729,948167.0680848152
"(-50, -40]",-43.7844094,0.441897953,-44.847590448995575,1.957400310855317,13,behavior_043,1.515502357855317,121.79684979322491,14834.47261955339
"(-40, -30]",-35.56805596,3.938167204,-35.239463162466706,13.326311412558082,11,behavior_043,9.388144208558082,850.1010731446717,722671.8345617224
"(-30, -20]",-24.892482045,3.1913109405,-24.984828069821933,11.814802858026042,10,behavior_043,8.623491917526042,870.7854566199733,758267.3114608553
"(-20, -10]",-14.861629965,-2.1931205695,-14.652564197037751,7.544197328464962,10,behavior_043,9.737317897964962,1047.6977229829702,1097670.5187437006
"(-10, 0]",-4.2016837085,-11.19345858,-6.979288376567183,-7.16000440072303,25,behavior_043,4.03345417927697,447.7973419101552,200522.45942180042
"(0, 10]",4.649206505,-23.063146705,4.931131602086992,-16.320570965077117,12,behavior_043,6.742575739922884,748.1138374288176,559674.3137524714
"(10, 20]",14.48227294,-40.47469647,14.371738951201092,-19.124574660383047,11,behavior_043,21.35012180961695,2301.1762022251337,5295411.91368729
"(20, 30]",24.69371562,-49.41198452,24.80575462733373,-18.81524801316166,9,behavior_043,30.596736506838337,3094.561023837634,9576307.930255026
"(30, 40]",35.72890237,-46.307643205,35.13217005329357,-17.43667469083722,9,behavior_043,28.87096851416278,2609.0220268442267,6806995.9365583565
"(40, 50]",45.949939150000006,-37.711282205,44.01814808334336,-20.995447803892052,10,behavior_043,16.71583440110795,1293.7939752050033,1673902.8502767647
"(50, 60]",52.560148515,-25.18428898,54.82030061581583,-19.06741580550496,10,behavior_043,6.116873174495041,413.9567718192299,171360.208934998
"(60, 70]",62.07117996,-18.12660637,61.0954170794037,-17.16948656355908,3,behavior_043,0.9571198064409216,49.90367762775434,2490.3770407748293
"(-80, -70]",-71.25708173,-20.00285938,-71.0498319885632,-19.772798268546946,2,behavior_044,0.23006111145305397,8.229196716160933,67.71967859327388
"(-70, -60]",-65.61340604,-35.1199531,-65.2032742104729,-18.87518938179012,9,behavior_044,16.244763718209878,746.6591088323537,557499.8248023246
"(-60, -50]",-58.0693621,-31.43578883,-54.844028618037584,-19.837126528206923,10,behavior_044,11.598662301793077,682.8861267698912,466333.462134784
"(-50, -40]",-43.7844094,0.441897953,-44.98067607211014,-20.17360209081317,9,behavior_044,-20.61550004381317,1656.8123099470934,2745027.0303922235
"(-40, -30]",-35.56805596,3.938167204,-35.150971041301666,-20.686994954220186,8,behavior_044,-24.625162158220185,2229.8205387579746,4972099.635066904
"(-30, -20]",-24.892482045,3.1913109405,-25.34840001316212,-21.49453255022848,9,behavior_044,-24.68584349072848,2492.734231296191,6213723.947875812
"(-20, -10]",-14.861629965,-2.1931205695,-15.07691193525001,-22.194838902884655,10,behavior_044,-20.001718333384655,2152.1074872181644,4631566.636540482
"(-10, 0]",-4.2016837085,-11.19345858,-4.636387626015981,-22.29161242982711,9,behavior_044,-11.098153849827112,1232.1260074295428,1518134.4981842658
"(0, 10]",4.649206505,-23.063146705,4.937530669447581,-21.050702486825433,10,behavior_044,2.0124442181745685,223.28816534543404,49857.60478332989
"(10, 20]",14.48227294,-40.47469647,14.889857017366243,-19.72878865935555,10,behavior_044,20.745907810644447,2236.0523173178112,4999929.965782354
"(20, 30]",24.69371562,-49.41198452,24.80575462733373,-18.81524801316166,9,behavior_044,30.596736506838337,3094.561023837634,9576307.930255026
"(30, 40]",35.72890237,-46.307643205,35.13217005329357,-17.43667469083722,9,behavior_044,28.87096851416278,2609.0220268442267,6806995.9365583565
"(40, 50]",45.949939150000006,-37.711282205,44.01814808334336,-20.995447803892052,10,behavior_044,16.71583440110795,1293.7939752050033,1673902.8502767647
"(50, 60]",52.560148515,-25.18428898,54.82030061581583,-19.06741580550496,10,behavior_044,6.116873174495041,413.9567718192299,171360.208934998
"(60, 70]",62.07117996,-18.12660637,61.0954170794037,-17.16948656355908,3,behavior_044,0.9571198064409216,49.90367762775434,2490.3770407748293
"(-80, -70]",-71.25708173,-20.00285938,-71.0498319885632,-19.772798268546946,2,behavior_045,0.23006111145305397,8.229196716160933,67.71967859327388
"(-70, -60]",-65.61340604,-35.1199531,-65.2032742104729,-18.87518938179012,9,behavior_045,16.244763718209878,746.6591088323537,557499.8248023246
"(-60, -50]",-58.0693621,-31.43578883,-54.844028618037584,-19.837126528206923,10,behavior_045,11.598662301793077,682.8861267698912,466333.462134784
"(-50, -40]",-43.7844094,0.441897953,-44.98067607211014,-20.17360209081317,9,behavior_045,-20.61550004381317,1656.8123099470934,2745027.0303922235
"(-40, -30]",-35.56805596,3.938167204,-35.150971041301666,-20.686994954220186,8,behavior_045,-24.625162158220185,2229.8205387579746,4972099.635066904
"(-30, -20]",-24.892482045,3.1913109405,-25.34840001316212,-21.49453255022848,9,behavior_045,-24.68584349072848,2492.734231296191,6213723.947875812
"(-20, -10]",-14.861629965,-2.1931205695,-15.07691193525001,-22.194838902884655,10,behavior_045,-20.001718333384655,2152.1074872181644,4631566.636540482
"(-10, 0]",-4.2016837085,-11.19345858,-4.636387626015981,-22.29161242982711,9,behavior_045,-11.098153849827112,1232.1260074295428,1518134.4981842658
"(0, 10]",4.649206505,-23.063146705,4.937530669447581,-21.050702486825433,10,behavior_045,2.0124442181745685,223.28816534543404,49857.60478332989
"(10, 20]",14.48227294,-40.47469647,14.889857017366243,-19.72878865935555,10,behavior_045,20.745907810644447,2236.0523173178112,4999929.965782354
"(20, 30]",24.69371562,-49.41198452,24.80575462733373,-18.81524801316166,9,behavior_045,30.596736506838337,3094.561023837634,9576307.930255026
"(30, 40]",35.72890237,-46.307643205,35.13217005329357,-17.50520139408633,9,behavior_045,28.802441810913667,2602.8293811726326,6774720.78749551
"(40, 50]",45.949939150000006,-37.711282205,44.01814808334336,-20.995447803892052,10,behavior_045,16.71583440110795,1293.7939752050033,1673902.8502767647
"(50, 60]",52.560148515,-25.18428898,54.82030061581583,-19.06741580550496,10,behavior_045,6.116873174495041,413.9567718192299,171360.208934998
"(60, 70]",62.07117996,-18.12660637,61.0954170794037,-17.16948656355908,3,behavior_045,0.9571198064409216,49.90367762775434,2490.3770407748293
"(-80, -70]",-71.25708173,-20.00285938,-71.0498319885632,-19.772798268546946,2,behavior_046,0.23006111145305397,8.229196716160933,67.71967859327388
"(-70, -60]",-65.61340604,-35.1199531,-65.27425705485093,-23.02750485695077,9,behavior_046,12.092448243049226,555.8059683339892,308920.2744356834
"(-60, -50]",-58.0693621,-31.43578883,-54.86549813781042,-23.147349911765417,10,behavior_046,8.288438918234583,487.99247728481873,238136.65788657434
"(-50, -40]",-43.7844094,0.441897953,-45.0904744136671,-23.818646222280105,8,behavior_046,-24.260544175280106,1949.754706419655,3801543.4152055946
"(-40, -30]",-35.56805596,3.938167204,-35.323191537905984,-24.334184740175463,9,behavior_046,-28.272351944175462,2560.075366775691,6553985.883571688
"(-30, -20]",-24.892482045,3.1913109405,-25.02678459123356,-24.757036921108583,9,behavior_046,-27.948347861608582,2822.176339608216,7964679.2918444285
"(-20, -10]",-14.861629965,-2.1931205695,-15.272923677451375,-25.027267456443365,9,behavior_046,-22.834146886943365,2456.8658382519334,6036189.747169375
"(-10, 0]",-4.2016837085,-11.19345858,-5.219917593156162,-25.075130621133383,9,behavior_046,-13.881672041133383,1541.1544460391883,2375157.026546357
"(0, 10]",4.649206505,-23.063146705,4.867663292958679,-25.12162819763532,9,behavior_046,-2.0584814926353197,228.39617204644443,52164.811405469045
"(10, 20]",14.48227294,-40.47469647,14.885818934650846,-24.734623051963325,10,behavior_046,15.740073418036673,1696.5094013911978,2878144.14900872
"(20, 30]",24.69371562,-49.41198452,25.326560301380823,-23.41789784588802,9,behavior_046,25.994086674111976,2629.0479526790655,6911893.137485986
"(30, 40]",35.72890237,-46.307643205,35.20518049828358,-21.94070059946699,8,behavior_046,24.36694260553301,2202.000599789308,4848806.641472473
"(40, 50]",45.949939150000006,-37.711282205,44.58544126307676,-21.353602728099563,9,behavior_046,16.35767947690044,1266.0730327733788,1602940.924315981
"(50, 60]",52.560148515,-25.18428898,54.82030061581583,-19.06741580550496,10,behavior_046,6.116873174495041,413.9567718192299,171360.208934998
"(60, 70]",62.07117996,-18.12660637,61.0954170794037,-17.16948656355908,3,behavior_046,0.9571198064409216,49.90367762775434,2490.3770407748293
"(-80, -70]",-71.25708173,-20.00285938,-71.0498319885632,-19.772798268546946,2,behavior_047,0.23006111145305397,8.229196716160933,67.71967859327388
"(-70, -60]",-65.61340604,-35.1199531,-65.27425705485093,-23.02750485695077,9,behavior_047,12.092448243049226,555.8059683339892,308920.2744356834
"(-60, -50]",-58.0693621,-31.43578883,-54.86549813781042,-23.147349911765417,10,behavior_047,8.288438918234583,487.99247728481873,238136.65788657434
"(-50, -40]",-43.7844094,0.441897953,-45.0904744136671,-23.818646222280105,8,behavior_047,-24.260544175280106,1949.754706419655,3801543.4152055946
"(-40, -30]",-35.56805596,3.938167204,-35.323191537905984,-24.334184740175463,9,behavior_047,-28.272351944175462,2560.075366775691,6553985.883571688
"(-30, -20]",-24.892482045,3.1913109405,-25.02678459123356,-24.757036921108583,9,behavior_047,-27.948347861608582,2822.176339608216,7964679.2918444285
"(-20, -10]",-14.861629965,-2.1931205695,-15.272923677451375,-25.027267456443365,9,behavior_047,-22.834146886943365,2456.8658382519334,6036189.747169375
"(-10, 0]",-4.2016837085,-11.19345858,-5.219917593156162,-25.075130621133383,9,behavior_047,-13.881672041133383,1541.1544460391883,2375157.026546357
"(0, 10]",4.649206505,-23.063146705,4.867663292958679,-25.12162819763532,9,behavior_047,-2.0584814926353197,228.39617204644443,52164.811405469045
"(10, 20]",14.48227294,-40.47469647,14.885818934650846,-24.734623051963325,10,behavior_047,15.740073418036673,1696.5094013911978,2878144.14900872
"(20, 30]",24.69371562,-49.41198452,25.326560301380823,-23.41789784588802,9,behavior_047,25.994086674111976,2629.0479526790655,6911893.137485986
"(30, 40]",35.72890237,-46.307643205,35.20518049828358,-21.94070059946699,8,behavior_047,24.36694260553301,2202.000599789308,4848806.641472473
"(40, 50]",45.949939150000006,-37.711282205,44.58544126307676,-21.353602728099563,9,behavior_047,16.35767947690044,1266.0730327733788,1602940.924315981
"(50, 60]",52.560148515,-25.18428898,54.82030061581583,-19.06741580550496,10,behavior_047,6.116873174495041,413.9567718192299,171360.208934998
"(60, 70]",62.07117996,-18.12660637,61.0954170794037,-17.16948656355908,3,behavior_047,0.9571198064409216,49.90367762775434,2490.3770407748293
"(-80, -70]",-71.25708173,-20.00285938,-71.35777604351465,-21.28495770392704,2,behavior_048,-1.2820983239270412,45.86015972199107,2103.154249726532
"(-70, -60]",-65.61340604,-35.1199531,-65.27425705485093,-23.02750485695077,9,behavior_048,12.092448243049226,555.8059683339892,308920.2744356834
"(-60, -50]",-58.0693621,-31.43578883,-54.86549813781042,-23.147349911765417,10,behavior_048,8.288438918234583,487.99247728481873,238136.65788657434
"(-50, -40]",-43.7844094,0.441897953,-45.0904744136671,-23.818646222280105,8,behavior_048,-24.260544175280106,1949.754706419655,3801543.4152055946
"(-40, -30]",-35.56805596,3.938167204,-35.323191537905984,-24.334184740175463,9,behavior_048,-28.272351944175462,2560.075366775691,6553985.883571688
"(-30, -20]",-24.892482045,3.1913109405,-25.02678459123356,-24.757036921108583,9,behavior_048,-27.948347861608582,2822.176339608216,7964679.2918444285
"(-20, -10]",-14.861629965,-2.1931205695,-15.272923677451375,-25.027267456443365,9,behavior_048,-22.834146886943365,2456.8658382519334,6036189.747169375
"(-10, 0]",-4.2016837085,-11.19345858,-5.219917593156162,-25.075130621133383,9,behavior_048,-13.881672041133383,1541.1544460391883,2375157.026546357
"(0, 10]",4.649206505,-23.063146705,4.867663292958679,-25.12162819763532,9,behavior_048,-2.0584814926353197,228.39617204644443,52164.811405469045
"(10, 20]",14.48227294,-40.47469647,14.885818934650846,-24.734623051963325,10,behavior_048,15.740073418036673,1696.5094013911978,2878144.14900872
"(20, 30]",24.69371562,-49.41198452,25.326560301380823,-23.41789784588802,9,behavior_048,25.994086674111976,2629.0479526790655,6911893.137485986
"(30, 40]",35.72890237,-46.307643205,35.20518049828358,-21.94070059946699,8,behavior_048,24.36694260553301,2202.000599789308,4848806.641472473
"(40, 50]",45.949939150000006,-37.711282205,44.58544126307676,-21.353602728099563,9,behavior_048,16.35767947690044,1266.0730327733788,1602940.924315981
"(50, 60]",52.560148515,-25.18428898,54.82030061581583,-19.06741580550496,10,behavior_048,6.116873174495041,413.9567718192299,171360.208934998
"(60, 70]",62.07117996,-18.12660637,61.0954170794037,-17.16948656355908,3,behavior_048,0.9571198064409216,49.90367762775434,2490.3770407748293
"(-80, -70]",-71.25708173,-20.00285938,-71.0498319885632,-19.772798268546946,2,behavior_049,0.23006111145305397,8.229196716160933,67.71967859327388
"(-70, -60]",-65.61340604,-35.1199531,-65.27425705485093,-23.02750485695077,9,behavior_049,12.092448243049226,555.8059683339892,308920.2744356834
"(-60, -50]",-58.0693621,-31.43578883,-54.94686993909407,-15.662445232847684,14,behavior_049,15.773343597152316,928.6758451105884,862438.8252918656
"(-50, -40]",-43.7844094,0.441897953,-44.197275274287534,0.9478293466517915,14,behavior_049,0.5059313936517915,40.66034581792914,1653.2637220335878
"(-40, -30]",-35.56805596,3.938167204,-35.239463162466706,13.326311412558082,11,behavior_049,9.388144208558082,850.1010731446717,722671.8345617224
"(-30, -20]",-24.892482045,3.1913109405,-24.984828069821933,11.814802858026042,10,behavior_049,8.623491917526042,870.7854566199733,758267.3114608553
"(-20, -10]",-14.861629965,-2.1931205695,-14.652564197037751,7.544197328464962,10,behavior_049,9.737317897964962,1047.6977229829702,1097670.5187437006
"(-10, 0]",-4.2016837085,-11.19345858,-6.979288376567183,-7.16000440072303,25,behavior_049,4.03345417927697,447.7973419101552,200522.45942180042
"(0, 10]",4.649206505,-23.063146705,4.931131602086992,-16.320570965077117,12,behavior_049,6.742575739922884,748.1138374288176,559674.3137524714
"(10, 20]",14.48227294,-40.47469647,14.371738951201092,-19.124574660383047,11,behavior_049,21.35012180961695,2301.1762022251337,5295411.91368729
"(20, 30]",24.69371562,-49.41198452,24.80575462733373,-18.81524801316166,9,behavior_049,30.596736506838337,3094.561023837634,9576307.930255026
"(30, 40]",35.72890237,-46.307643205,35.13217005329357,-17.43667469083722,9,behavior_049,28.87096851416278,2609.0220268442267,6806995.9365583565
"(40, 50]",45.949939150000006,-37.711282205,44.01814808334336,-20.747397199022522,10,behavior_049,16.96388500597748,1312.9929197760791,1723950.4073821134
"(50, 60]",52.560148515,-25.18428898,54.82030061581583,-19.06741580550496,10,behavior_049,6.116873174495041,413.9567718192299,171360.208934998
"(60, 70]",62.07117996,-18.12660637,61.0954170794037,-17.16948656355908,3,behavior_049,0.9571198064409216,49.90367762775434,2490.3770407748293
"(-80, -70]",-71.25708173,-20.00285938,-71.0498319885632,-19.772798268546946,2,behavior_050,0.23006111145305397,8.229196716160933,67.71967859327388
"(-70, -60]",-65.61340604,-35.1199531,-65.2032742104729,-18.87518938179012,9,behavior_050,16.244763718209878,746.6591088323537,557499.8248023246
"(-60, -50]",-58.0693621,-31.43578883,-54.64329458844306,-14.897062999368028,13,behavior_050,16.53872583063197,973.7387062681729,948167.0680848152
"(-50, -40]",-43.7844094,0.441897953,-45.27226496545334,1.4105044198423253,12,behavior_050,0.9686064668423253,77.84429746298271,6059.734647505336
"(-40, -30]",-35.56805596,3.938167204,-35.10874025094196,12.043254806519482,11,behavior_050,8.105087602519482,733.9196667380164,538638.0772248411
"(-30, -20]",-24.892482045,3.1913109405,-24.984828069821933,11.814802858026042,10,behavior_050,8.623491917526042,870.7854566199733,758267.3114608553
"(-20, -10]",-14.861629965,-2.1931205695,-14.652564197037751,7.544197328464962,10,behavior_050,9.737317897964962,1047.6977229829702,1097670.5187437006
"(-10, 0]",-4.2016837085,-11.19345858,-6.979288376567183,-7.16000440072303,25,behavior_050,4.03345417927697,447.7973419101552,200522.45942180042
"(0, 10]",4.649206505,-23.063146705,4.931131602086992,-16.320570965077117,12,behavior_050,6.742575739922884,748.1138374288176,559674.3137524714
"(10, 20]",14.48227294,-40.47469647,14.371738951201092,-19.124574660383047,11,behavior_050,21.35012180961695,2301.1762022251337,5295411.91368729
"(20, 30]",24.69371562,-49.41198452,24.80575462733373,-18.81524801316166,9,behavior_050,30.596736506838337,3094.561023837634,9576307.930255026
"(30, 40]",35.72890237,-46.307643205,35.13217005329357,-17.43667469083722,9,behavior_050,28.87096851416278,2609.0220268442267,6806995.9365583565
"(40, 50]",45.949939150000006,-37.711282205,44.01814808334336,-20.747397199022522,10,behavior_050,16.96388500597748,1312.9929197760791,1723950.4073821134
"(50, 60]",52.560148515,-25.18428898,54.82030061581583,-19.06741580550496,10,behavior_050,6.116873174495041,413.9567718192299,171360.208934998
"(60, 70]",62.07117996,-18.12660637,61.0954170794037,-17.16948656355908,3,behavior_050,0.9571198064409216,49.90367762775434,2490.3770407748293
"(-80, -70]",-71.25708173,-20.00285938,-71.0498319885632,-19.772798268546946,2,behavior_051,0.23006111145305397,8.229196716160933,67.71967859327388
"(-70, -60]",-65.61340604,-35.1199531,-65.2032742104729,-18.87518938179012,9,behavior_051,16.244763718209878,746.6591088323537,557499.8248023246
"(-60, -50]",-58.0693621,-31.43578883,-54.844028618037584,-19.837126528206923,10,behavior_051,11.598662301793077,682.8861267698912,466333.462134784
"(-50, -40]",-43.7844094,0.441897953,-44.98067607211014,-20.17360209081317,9,behavior_051,-20.61550004381317,1656.8123099470934,2745027.0303922235
"(-40, -30]",-35.56805596,3.938167204,-35.150971041301666,-20.686994954220186,8,behavior_051,-24.625162158220185,2229.8205387579746,4972099.635066904
"(-30, -20]",-24.892482045,3.1913109405,-25.34840001316212,-21.49453255022848,9,behavior_051,-24.68584349072848,2492.734231296191,6213723.947875812
"(-20, -10]",-14.861629965,-2.1931205695,-15.07691193525001,-22.194838902884655,10,behavior_051,-20.001718333384655,2152.1074872181644,4631566.636540482
"(-10, 0]",-4.2016837085,-11.19345858,-4.636387626015981,-22.29161242982711,9,behavior_051,-11.098153849827112,1232.1260074295428,1518134.4981842658
"(0, 10]",4.649206505,-23.063146705,4.937530669447581,-21.050702486825433,10,behavior_051,2.0124442181745685,223.28816534543404,49857.60478332989
"(10, 20]",14.48227294,-40.47469647,14.889857017366243,-19.72878865935555,10,behavior_051,20.745907810644447,2236.0523173178112,4999929.965782354
"(20, 30]",24.69371562,-49.41198452,24.80575462733373,-18.81524801316166,9,behavior_051,30.596736506838337,3094.561023837634,9576307.930255026
"(30, 40]",35.72890237,-46.307643205,35.13217005329357,-16.927225107826082,9,behavior_051,29.380418097173916,2655.060149292063,7049344.396358793
"(40, 50]",45.949939150000006,-37.711282205,44.62709747387851,-16.08598066722433,9,behavior_051,21.625301537775673,1673.7833224592837,2801550.6105428385
"(50, 60]",52.560148515,-25.18428898,55.18936905834825,-13.868291141359824,11,behavior_051,11.315997838640177,765.8053063334228,586457.7672084275
"(60, 70]",62.07117996,-18.12660637,61.0954170794037,-16.777963867895608,3,behavior_051,1.3486425021043935,70.31744637107758,4944.543264149372
"(-80, -70]",-71.25708173,-20.00285938,-71.0498319885632,-19.772798268546946,2,behavior_052,0.23006111145305397,8.229196716160933,67.71967859327388
"(-70, -60]",-65.61340604,-35.1199531,-65.27425705485093,-23.02750485695077,9,behavior_052,12.092448243049226,555.8059683339892,308920.2744356834
"(-60, -50]",-58.0693621,-31.43578883,-54.86549813781042,-23.147349911765417,10,behavior_052,8.288438918234583,487.99247728481873,238136.65788657434
"(-50, -40]",-43.7844094,0.441897953,-45.0904744136671,-23.818646222280105,8,behavior_052,-24.260544175280106,1949.754706419655,3801543.4152055946
"(-40, -30]",-35.56805596,3.938167204,-35.323191537905984,-24.334184740175463,9,behavior_052,-28.272351944175462,2560.075366775691,6553985.883571688
"(-30, -20]",-24.892482045,3.1913109405,-25.02678459123356,-24.757036921108583,9,behavior_052,-27.948347861608582,2822.176339608216,7964679.2918444285
"(-20, -10]",-14.861629965,-2.1931205695,-15.272923677451375,-25.027267456443365,9,behavior_052,-22.834146886943365,2456.8658382519334,6036189.747169375
"(-10, 0]",-4.2016837085,-11.19345858,-5.219917593156162,-25.075130621133383,9,behavior_052,-13.881672041133383,1541.1544460391883,2375157.026546357
"(0, 10]",4.649206505,-23.063146705,4.78171680296466,-23.28499623601501,11,behavior_052,-0.22184953101501037,24.61502997982209,605.8997009075403
"(10, 20]",14.48227294,-40.47469647,15.109640620583349,-21.693778063303174,10,behavior_052,18.780918406696824,2024.2602304009101,4097629.4803827456
"(20, 30]",24.69371562,-49.41198452,24.948203428570245,-20.114012632933047,8,behavior_052,29.29797188706695,2963.20366908885,8780575.984501623
"(30, 40]",35.72890237,-46.307643205,34.735764015580365,-18.26467953172381,9,behavior_052,28.042963673276187,2534.1965887177907,6422152.350268887
"(40, 50]",45.949939150000006,-37.711282205,44.01814808334336,-20.747397199022522,10,behavior_052,16.96388500597748,1312.9929197760791,1723950.4073821134
"(50, 60]",52.560148515,-25.18428898,54.82030061581583,-19.06741580550496,10,behavior_052,6.116873174495041,413.9567718192299,171360.208934998
"(60, 70]",62.07117996,-18.12660637,61.0954170794037,-17.16948656355908,3,behavior_052,0.9571198064409216,49.90367762775434,2490.3770407748293
"(-80, -70]",-71.25708173,-20.00285938,-71.35777604351465,-21.28495770392704,2,behavior_053,-1.2820983239270412,45.86015972199107,2103.154249726532
"(-70, -60]",-65.61340604,-35.1199531,-65.27425705485093,-23.02750485695077,9,behavior_053,12.092448243049226,555.8059683339892,308920.2744356834
"(-60, -50]",-58.0693621,-31.43578883,-54.86549813781042,-23.147349911765417,10,behavior_053,8.288438918234583,487.99247728481873,238136.65788657434
"(-50, -40]",-43.7844094,0.441897953,-45.0904744136671,-23.818646222280105,8,behavior_053,-24.260544175280106,1949.754706419655,3801543.4152055946
"(-40, -30]",-35.56805596,3.938167204,-35.323191537905984,-24.334184740175463,9,behavior_053,-28.272351944175462,2560.075366775691,6553985.883571688
"(-30, -20]",-24.892482045,3.1913109405,-25.02678459123356,-24.757036921108583,9,behavior_053,-27.948347861608582,2822.176339608216,7964679.2918444285
"(-20, -10]",-14.861629965,-2.1931205695,-15.272923677451375,-25.027267456443365,9,behavior_053,-22.834146886943365,2456.8658382519334,6036189.747169375
"(-10, 0]",-4.2016837085,-11.19345858,-5.219917593156162,-25.075130621133383,9,behavior_053,-13.881672041133383,1541.1544460391883,2375157.026546357
"(0, 10]",4.649206505,-23.063146705,4.78171680296466,-23.28499623601501,11,behavior_053,-0.22184953101501037,24.61502997982209,605.8997009075403
"(10, 20]",14.48227294,-40.47469647,15.109640620583349,-21.693778063303174,10,behavior_053,18.780918406696824,2024.2602304009101,4097629.4803827456
"(20, 30]",24.69371562,-49.41198452,24.948203428570245,-20.114012632933047,8,behavior_053,29.29797188706695,2963.20366908885,8780575.984501623
"(30, 40]",35.72890237,-46.307643205,34.735764015580365,-18.26467953172381,9,behavior_053,28.042963673276187,2534.1965887177907,6422152.350268887
"(40, 50]",45.949939150000006,-37.711282205,44.01814808334336,-20.747397199022522,10,behavior_053,16.96388500597748,1312.9929197760791,1723950.4073821134
"(50, 60]",52.560148515,-25.18428898,54.82030061581583,-19.06741580550496,10,behavior_053,6.116873174495041,413.9567718192299,171360.208934998
"(60, 70]",62.07117996,-18.12660637,61.0954170794037,-17.16948656355908,3,behavior_053,0.9571198064409216,49.90367762775434,2490.3770407748293
"(-80, -70]",-71.25708173,-20.00285938,-71.35777604351465,-21.28495770392704,2,behavior_054,-1.2820983239270412,45.86015972199107,2103.154249726532
"(-70, -60]",-65.61340604,-35.1199531,-65.27425705485093,-23.02750485695077,9,behavior_054,12.092448243049226,555.8059683339892,308920.2744356834
"(-60, -50]",-58.0693621,-31.43578883,-54.86549813781042,-23.147349911765417,10,behavior_054,8.288438918234583,487.99247728481873,238136.65788657434
"(-50, -40]",-43.7844094,0.441897953,-45.0904744136671,-23.818646222280105,8,behavior_054,-24.260544175280106,1949.754706419655,3801543.4152055946
"(-40, -30]",-35.56805596,3.938167204,-35.323191537905984,-24.334184740175463,9,behavior_054,-28.272351944175462,2560.075366775691,6553985.883571688
"(-30, -20]",-24.892482045,3.1913109405,-25.02678459123356,-24.757036921108583,9,behavior_054,-27.948347861608582,2822.176339608216,7964679.2918444285
"(-20, -10]",-14.861629965,-2.1931205695,-15.272923677451375,-25.027267456443365,9,behavior_054,-22.834146886943365,2456.8658382519334,6036189.747169375
"(-10, 0]",-4.2016837085,-11.19345858,-5.219917593156162,-25.075130621133383,9,behavior_054,-13.881672041133383,1541.1544460391883,2375157.026546357
"(0, 10]",4.649206505,-23.063146705,4.867663292958679,-25.12162819763532,9,behavior_054,-2.0584814926353197,228.39617204644443,52164.811405469045
"(10, 20]",14.48227294,-40.47469647,14.885818934650846,-24.734623051963325,10,behavior_054,15.740073418036673,1696.5094013911978,2878144.14900872
"(20, 30]",24.69371562,-49.41198452,25.326560301380823,-23.41789784588802,9,behavior_054,25.994086674111976,2629.0479526790655,6911893.137485986
"(30, 40]",35.72890237,-46.307643205,35.20518049828358,-21.94070059946699,8,behavior_054,24.36694260553301,2202.000599789308,4848806.641472473
"(40, 50]",45.949939150000006,-37.711282205,44.58544126307676,-21.353602728099563,9,behavior_054,16.35767947690044,1266.0730327733788,1602940.924315981
"(50, 60]",52.560148515,-25.18428898,54.82030061581583,-19.06741580550496,10,behavior_054,6.116873174495041,413.9567718192299,171360.208934998
"(60, 70]",62.07117996,-18.12660637,61.0954170794037,-17.16948656355908,3,behavior_054,0.9571198064409216,49.90367762775434,2490.3770407748293
"(-80, -70]",-71.25708173,-20.00285938,-71.0498319885632,-19.772798268546946,2,behavior_055,0.23006111145305397,8.229196716160933,67.71967859327388
"(-70, -60]",-65.61340604,-35.1199531,-65.27425705485093,-23.02750485695077,9,behavior_055,12.092448243049226,555.8059683339892,308920.2744356834
"(-60, -50]",-58.0693621,-31.43578883,-55.25044528974507,-16.42782746632734,13,behavior_055,15.00796136367266,883.6129839530039,780771.9054103316
"(-50, -40]",-43.7844094,0.441897953,-42.44012452352031,-0.4718966123999023,19,behavior_055,-0.9137945653999023,73.43921231596167,5393.317905588896
"(-40, -30]",-35.56805596,3.938167204,-35.45632398896109,14.952534767226458,11,behavior_055,11.014367563226457,997.3563973349725,994719.7833049955
"(-30, -20]",-24.892482045,3.1913109405,-24.984828069821933,11.814802858026042,10,behavior_055,8.623491917526042,870.7854566199733,758267.3114608553
"(-20, -10]",-14.861629965,-2.1931205695,-14.652564197037751,7.544197328464962,10,behavior_055,9.737317897964962,1047.6977229829702,1097670.5187437006
"(-10, 0]",-4.2016837085,-11.19345858,-6.979288376567183,-7.16000440072303,25,behavior_055,4.03345417927697,447.7973419101552,200522.45942180042
"(0, 10]",4.649206505,-23.063146705,4.025058657794046,-18.861058711832367,13,behavior_055,4.202087993167634,466.23728008996045,217377.20134568424
"(10, 20]",14.48227294,-40.47469647,14.889857017366243,-19.72878865935555,10,behavior_055,20.745907810644447,2236.0523173178112,4999929.965782354
"(20, 30]",24.69371562,-49.41198452,24.80575462733373,-18.81524801316166,9,behavior_055,30.596736506838337,3094.561023837634,9576307.930255026
"(30, 40]",35.72890237,-46.307643205,35.13217005329357,-16.927225107826082,9,behavior_055,29.380418097173916,2655.060149292063,7049344.396358793
"(40, 50]",45.949939150000006,-37.711282205,44.62709747387851,-16.08598066722433,9,behavior_055,21.625301537775673,1673.7833224592837,2801550.6105428385
"(50, 60]",52.560148515,-25.18428898,55.18936905834825,-13.868291141359824,11,behavior_055,11.315997838640177,765.8053063334228,586457.7672084275
"(60, 70]",62.07117996,-18.12660637,61.0954170794037,-16.777963867895608,3,behavior_055,1.3486425021043935,70.31744637107758,4944.543264149372
"(-80, -70]",-71.25708173,-20.00285938,-71.0498319885632,-19.772798268546946,2,behavior_056,0.23006111145305397,8.229196716160933,67.71967859327388
"(-70, -60]",-65.61340604,-35.1199531,-65.2032742104729,-18.87518938179012,9,behavior_056,16.244763718209878,746.6591088323537,557499.8248023246
"(-60, -50]",-58.0693621,-31.43578883,-54.64329458844306,-14.897062999368028,13,behavior_056,16.53872583063197,973.7387062681729,948167.0680848152
"(-50, -40]",-43.7844094,0.441897953,-44.847590448995575,1.957400310855317,13,behavior_056,1.515502357855317,121.79684979322491,14834.47261955339
"(-40, -30]",-35.56805596,3.938167204,-35.239463162466706,13.326311412558082,11,behavior_056,9.388144208558082,850.1010731446717,722671.8345617224
"(-30, -20]",-24.892482045,3.1913109405,-24.984828069821933,11.814802858026042,10,behavior_056,8.623491917526042,870.7854566199733,758267.3114608553
"(-20, -10]",-14.861629965,-2.1931205695,-14.652564197037751,7.544197328464962,10,behavior_056,9.737317897964962,1047.6977229829702,1097670.5187437006
"(-10, 0]",-4.2016837085,-11.19345858,-6.979288376567183,-7.16000440072303,25,behavior_056,4.03345417927697,447.7973419101552,200522.45942180042
"(0, 10]",4.649206505,-23.063146705,3.533457234700141,-19.71741831421356,13,behavior_056,3.345728390786441,371.22099950699464,137805.03047497213
"(10, 20]",14.48227294,-40.47469647,14.889857017366243,-19.72878865935555,10,behavior_056,20.745907810644447,2236.0523173178112,4999929.965782354
"(20, 30]",24.69371562,-49.41198452,24.80575462733373,-18.81524801316166,9,behavior_056,30.596736506838337,3094.561023837634,9576307.930255026
"(30, 40]",35.72890237,-46.307643205,35.13217005329357,-16.927225107826082,9,behavior_056,29.380418097173916,2655.060149292063,7049344.396358793
"(40, 50]",45.949939150000006,-37.711282205,44.62709747387851,-16.08598066722433,9,behavior_056,21.625301537775673,1673.7833224592837,2801550.6105428385
"(50, 60]",52.560148515,-25.18428898,55.18936905834825,-13.868291141359824,11,behavior_056,11.315997838640177,765.8053063334228,586457.7672084275
"(60, 70]",62.07117996,-18.12660637,61.0954170794037,-16.777963867895608,3,behavior_056,1.3486425021043935,70.31744637107758,4944.543264149372
"(-80, -70]",-71.25708173,-20.00285938,-71.0498319885632,-19.772798268546946,2,behavior_057,0.23006111145305397,8.229196716160933,67.71967859327388
"(-70, -60]",-65.61340604,-35.1199531,-65.2032742104729,-18.87518938179012,9,behavior_057,16.244763718209878,746.6591088323537,557499.8248023246
"(-60, -50]",-58.0693621,-31.43578883,-54.844028618037584,-19.837126528206923,10,behavior_057,11.598662301793077,682.8861267698912,466333.462134784
"(-50, -40]",-43.7844094,0.441897953,-44.98067607211014,-20.17360209081317,9,behavior_057,-20.61550004381317,1656.8123099470934,2745027.0303922235
"(-40, -30]",-35.56805596,3.938167204,-35.150971041301666,-20.686994954220186,8,behavior_057,-24.625162158220185,2229.8205387579746,4972099.635066904
"(-30, -20]",-24.892482045,3.1913109405,-25.34840001316212,-21.49453255022848,9,behavior_057,-24.68584349072848,2492.734231296191,6213723.947875812
"(-20, -10]",-14.861629965,-2.1931205695,-15.07691193525001,-22.194838902884655,10,behavior_057,-20.001718333384655,2152.1074872181644,4631566.636540482
"(-10, 0]",-4.2016837085,-11.19345858,-4.636387626015981,-22.29161242982711,9,behavior_057,-11.098153849827112,1232.1260074295428,1518134.4981842658
"(0, 10]",4.649206505,-23.063146705,4.937530669447581,-21.050702486825433,10,behavior_057,2.0124442181745685,223.28816534543404,49857.60478332989
"(10, 20]",14.48227294,-40.47469647,14.889857017366243,-19.72878865935555,10,behavior_057,20.745907810644447,2236.0523173178112,4999929.965782354
"(20, 30]",24.69371562,-49.41198452,24.80575462733373,-18.81524801316166,9,behavior_057,30.596736506838337,3094.561023837634,9576307.930255026
"(30, 40]",35.72890237,-46.307643205,35.13217005329357,-16.927225107826082,9,behavior_057,29.380418097173916,2655.060149292063,7049344.396358793
"(40, 50]",45.949939150000006,-37.711282205,44.62709747387851,-16.08598066722433,9,behavior_057,21.625301537775673,1673.7833224592837,2801550.6105428385
"(50, 60]",52.560148515,-25.18428898,55.18936905834825,-13.868291141359824,11,behavior_057,11.315997838640177,765.8053063334228,586457.7672084275
"(60, 70]",62.07117996,-18.12660637,61.0954170794037,-16.777963867895608,3,behavior_057,1.3486425021043935,70.31744637107758,4944.543264149372
"(-80, -70]",-71.25708173,-20.00285938,-71.0498319885632,-19.772798268546946,2,behavior_058,0.23006111145305397,8.229196716160933,67.71967859327388
"(-70, -60]",-65.61340604,-35.1199531,-65.27425705485093,-23.02750485695077,9,behavior_058,12.092448243049226,555.8059683339892,308920.2744356834
"(-60, -50]",-58.0693621,-31.43578883,-54.86549813781042,-23.147349911765417,10,behavior_058,8.288438918234583,487.99247728481873,238136.65788657434
"(-50, -40]",-43.7844094,0.441897953,-45.0904744136671,-23.818646222280105,8,behavior_058,-24.260544175280106,1949.754706419655,3801543.4152055946
"(-40, -30]",-35.56805596,3.938167204,-35.323191537905984,-24.334184740175463,9,behavior_058,-28.272351944175462,2560.075366775691,6553985.883571688
"(-30, -20]",-24.892482045,3.1913109405,-25.02678459123356,-24.757036921108583,9,behavior_058,-27.948347861608582,2822.176339608216,7964679.2918444285
"(-20, -10]",-14.861629965,-2.1931205695,-15.272923677451375,-25.027267456443365,9,behavior_058,-22.834146886943365,2456.8658382519334,6036189.747169375
"(-10, 0]",-4.2016837085,-11.19345858,-5.219917593156162,-25.075130621133383,9,behavior_058,-13.881672041133383,1541.1544460391883,2375157.026546357
"(0, 10]",4.649206505,-23.063146705,4.78171680296466,-23.28499623601501,11,behavior_058,-0.22184953101501037,24.61502997982209,605.8997009075403
"(10, 20]",14.48227294,-40.47469647,15.109640620583349,-21.693778063303174,10,behavior_058,18.780918406696824,2024.2602304009101,4097629.4803827456
"(20, 30]",24.69371562,-49.41198452,24.948203428570245,-20.114012632933047,8,behavior_058,29.29797188706695,2963.20366908885,8780575.984501623
"(30, 40]",35.72890237,-46.307643205,34.735764015580365,-18.26467953172381,9,behavior_058,28.042963673276187,2534.1965887177907,6422152.350268887
"(40, 50]",45.949939150000006,-37.711282205,44.62709747387851,-16.67863416719104,9,behavior_058,21.032648037808965,1627.9123530992222,2650098.6293730466
"(50, 60]",52.560148515,-25.18428898,55.18936905834825,-13.868291141359824,11,behavior_058,11.315997838640177,765.8053063334228,586457.7672084275
"(60, 70]",62.07117996,-18.12660637,61.0954170794037,-16.777963867895608,3,behavior_058,1.3486425021043935,70.31744637107758,4944.543264149372
"(-80, -70]",-71.25708173,-20.00285938,-71.35777604351465,-21.28495770392704,2,behavior_059,-1.2820983239270412,45.86015972199107,2103.154249726532
"(-70, -60]",-65.61340604,-35.1199531,-65.27425705485093,-23.02750485695077,9,behavior_059,12.092448243049226,555.8059683339892,308920.2744356834
"(-60, -50]",-58.0693621,-31.43578883,-54.86549813781042,-23.147349911765417,10,behavior_059,8.288438918234583,487.99247728481873,238136.65788657434
"(-50, -40]",-43.7844094,0.441897953,-45.0904744136671,-23.818646222280105,8,behavior_059,-24.260544175280106,1949.754706419655,3801543.4152055946
"(-40, -30]",-35.56805596,3.938167204,-35.323191537905984,-24.334184740175463,9,behavior_059,-28.272351944175462,2560.075366775691,6553985.883571688
"(-30, -20]",-24.892482045,3.1913109405,-25.02678459123356,-24.757036921108583,9,behavior_059,-27.948347861608582,2822.176339608216,7964679.2918444285
"(-20, -10]",-14.861629965,-2.1931205695,-15.272923677451375,-25.027267456443365,9,behavior_059,-22.834146886943365,2456.8658382519334,6036189.747169375
"(-10, 0]",-4.2016837085,-11.19345858,-5.219917593156162,-25.075130621133383,9,behavior_059,-13.881672041133383,1541.1544460391883,2375157.026546357
"(0, 10]",4.649206505,-23.063146705,4.78171680296466,-23.28499623601501,11,behavior_059,-0.22184953101501037,24.61502997982209,605.8997009075403
"(10, 20]",14.48227294,-40.47469647,15.109640620583349,-21.693778063303174,10,behavior_059,18.780918406696824,2024.2602304009101,4097629.4803827456
"(20, 30]",24.69371562,-49.41198452,24.948203428570245,-20.114012632933047,8,behavior_059,29.29797188706695,2963.20366908885,8780575.984501623
"(30, 40]",35.72890237,-46.307643205,34.735764015580365,-18.26467953172381,9,behavior_059,28.042963673276187,2534.1965887177907,6422152.350268887
"(40, 50]",45.949939150000006,-37.711282205,44.62709747387851,-16.67863416719104,9,behavior_059,21.032648037808965,1627.9123530992222,2650098.6293730466
"(50, 60]",52.560148515,-25.18428898,55.18936905834825,-13.868291141359824,11,behavior_059,11.315997838640177,765.8053063334228,586457.7672084275
"(60, 70]",62.07117996,-18.12660637,61.0954170794037,-16.777963867895608,3,behavior_059,1.3486425021043935,70.31744637107758,4944.543264149372
"(-80, -70]",-71.25708173,-20.00285938,-71.0498319885632,-19.772798268546946,2,behavior_060,0.23006111145305397,8.229196716160933,67.71967859327388
"(-70, -60]",-65.61340604,-35.1199531,-64.68753737032831,-20.69147671310828,9,behavior_060,14.428476386891717,663.1769786081195,439803.7049557942
"(-60, -50]",-58.0693621,-31.43578883,-54.844028618037584,-20.131447033367458,10,behavior_060,11.304341796632542,665.5576293476528,442966.95798286755
"(-50, -40]",-43.7844094,0.441897953,-45.03373037573199,-21.046793116301913,8,behavior_060,-21.488691069301915,1726.988324930501,2982488.6744462578
"(-40, -30]",-35.56805596,3.938167204,-35.220862430274124,-21.908243614938225,9,behavior_060,-25.846410818938224,2340.4052053320675,5477496.525145437
"(-30, -20]",-24.892482045,3.1913109405,-25.34840001316212,-21.738542527232028,9,behavior_060,-24.929853467732027,2517.3739412045434,6337171.559855696
"(-20, -10]",-14.861629965,-2.1931205695,-15.07691193525001,-22.194838902884655,10,behavior_060,-20.001718333384655,2152.1074872181644,4631566.636540482
"(-10, 0]",-4.2016837085,-11.19345858,-5.203058250291727,-23.212704223437992,9,behavior_060,-12.019245643437992,1334.3863625746078,1780586.9646250927
"(0, 10]",4.649206505,-23.063146705,5.030044959160001,-22.83785761034167,10,behavior_060,0.2252890946583328,24.996662349340866,624.8331286069553
"(10, 20]",14.48227294,-40.47469647,15.109640620583349,-21.693778063303174,10,behavior_060,18.780918406696824,2024.2602304009101,4097629.4803827456
"(20, 30]",24.69371562,-49.41198452,24.948203428570245,-20.114012632933047,8,behavior_060,29.29797188706695,2963.20366908885,8780575.984501623
"(30, 40]",35.72890237,-46.307643205,34.735764015580365,-18.26467953172381,9,behavior_060,28.042963673276187,2534.1965887177907,6422152.350268887
"(40, 50]",45.949939150000006,-37.711282205,44.62709747387851,-16.67863416719104,9,behavior_060,21.032648037808965,1627.9123530992222,2650098.6293730466
"(50, 60]",52.560148515,-25.18428898,55.18936905834825,-13.868291141359824,11,behavior_060,11.315997838640177,765.8053063334228,586457.7672084275
"(60, 70]",62.07117996,-18.12660637,61.0954170794037,-16.777963867895608,3,behavior_060,1.3486425021043935,70.31744637107758,4944.543264149372
"(-80, -70]",-71.25708173,-20.00285938,-71.0498319885632,-19.772798268546946,2,behavior_061,0.23006111145305397,8.229196716160933,67.71967859327388
"(-70, -60]",-65.61340604,-35.1199531,-65.27425705485093,-23.02750485695077,9,behavior_061,12.092448243049226,555.8059683339892,308920.2744356834
"(-60, -50]",-58.0693621,-31.43578883,-55.25044528974507,-16.42782746632734,13,behavior_061,15.00796136367266,883.6129839530039,780771.9054103316
"(-50, -40]",-43.7844094,0.441897953,-42.44012452352031,-0.4718966123999023,19,behavior_061,-0.9137945653999023,73.43921231596167,5393.317905588896
"(-40, -30]",-35.56805596,3.938167204,-35.45632398896109,14.952534767226458,11,behavior_061,11.014367563226457,997.3563973349725,994719.7833049955
"(-30, -20]",-24.892482045,3.1913109405,-24.984828069821933,11.814802858026042,10,behavior_061,8.623491917526042,870.7854566199733,758267.3114608553
"(-20, -10]",-14.861629965,-2.1931205695,-14.652564197037751,7.544197328464962,10,behavior_061,9.737317897964962,1047.6977229829702,1097670.5187437006
"(-10, 0]",-4.2016837085,-11.19345858,-6.979288376567183,-7.16000440072303,25,behavior_061,4.03345417927697,447.7973419101552,200522.45942180042
"(0, 10]",4.649206505,-23.063146705,3.533457234700141,-19.71741831421356,13,behavior_061,3.345728390786441,371.22099950699464,137805.03047497213
"(10, 20]",14.48227294,-40.47469647,14.889857017366243,-19.72878865935555,10,behavior_061,20.745907810644447,2236.0523173178112,4999929.965782354
"(20, 30]",24.69371562,-49.41198452,24.80575462733373,-18.81524801316166,9,behavior_061,30.596736506838337,3094.561023837634,9576307.930255026
"(30, 40]",35.72890237,-46.307643205,35.13217005329357,-16.927225107826082,9,behavior_061,29.380418097173916,2655.060149292063,7049344.396358793
"(40, 50]",45.949939150000006,-37.711282205,44.62709747387851,-16.08598066722433,9,behavior_061,21.625301537775673,1673.7833224592837,2801550.6105428385
"(50, 60]",52.560148515,-25.18428898,55.18936905834825,-13.868291141359824,11,behavior_061,11.315997838640177,765.8053063334228,586457.7672084275
"(60, 70]",62.07117996,-18.12660637,61.0954170794037,-16.777963867895608,3,behavior_061,1.3486425021043935,70.31744637107758,4944.543264149372
"(-80, -70]",-71.25708173,-20.00285938,-71.0498319885632,-19.772798268546946,2,behavior_062,0.23006111145305397,8.229196716160933,67.71967859327388
"(-70, -60]",-65.61340604,-35.1199531,-65.27425705485093,-23.02750485695077,9,behavior_062,12.092448243049226,555.8059683339892,308920.2744356834
"(-60, -50]",-58.0693621,-31.43578883,-55.25044528974507,-16.42782746632734,13,behavior_062,15.00796136367266,883.6129839530039,780771.9054103316
"(-50, -40]",-43.7844094,0.441897953,-42.44012452352031,-0.4718966123999023,19,behavior_062,-0.9137945653999023,73.43921231596167,5393.317905588896
"(-40, -30]",-35.56805596,3.938167204,-35.45632398896109,14.952534767226458,11,behavior_062,11.014367563226457,997.3563973349725,994719.7833049955
"(-30, -20]",-24.892482045,3.1913109405,-24.984828069821933,11.814802858026042,10,behavior_062,8.623491917526042,870.7854566199733,758267.3114608553
"(-20, -10]",-14.861629965,-2.1931205695,-14.652564197037751,7.544197328464962,10,behavior_062,9.737317897964962,1047.6977229829702,1097670.5187437006
"(-10, 0]",-4.2016837085,-11.19345858,-6.979288376567183,-7.16000440072303,25,behavior_062,4.03345417927697,447.7973419101552,200522.45942180042
"(0, 10]",4.649206505,-23.063146705,3.533457234700141,-19.71741831421356,13,behavior_062,3.345728390786441,371.22099950699464,137805.03047497213
"(10, 20]",14.48227294,-40.47469647,14.889857017366243,-19.72878865935555,10,behavior_062,20.745907810644447,2236.0523173178112,4999929.965782354
"(20, 30]",24.69371562,-49.41198452,24.80575462733373,-18.81524801316166,9,behavior_062,30.596736506838337,3094.561023837634,9576307.930255026
"(30, 40]",35.72890237,-46.307643205,35.13217005329357,-16.927225107826082,9,behavior_062,29.380418097173916,2655.060149292063,7049344.396358793
"(40, 50]",45.949939150000006,-37.711282205,44.62709747387851,-16.08598066722433,9,behavior_062,21.625301537775673,1673.7833224592837,2801550.6105428385
"(50, 60]",52.560148515,-25.18428898,55.18936905834825,-13.868291141359824,11,behavior_062,11.315997838640177,765.8053063334228,586457.7672084275
"(60, 70]",62.07117996,-18.12660637,61.0954170794037,-16.777963867895608,3,behavior_062,1.3486425021043935,70.31744637107758,4944.543264149372
"(-80, -70]",-71.25708173,-20.00285938,-71.0498319885632,-19.772798268546946,2,behavior_063,0.23006111145305397,8.229196716160933,67.71967859327388
"(-70, -60]",-65.61340604,-35.1199531,-64.63638701434706,-18.778369620207002,10,behavior_063,16.341583479792995,751.1092416970117,564165.09296266
"(-60, -50]",-58.0693621,-31.43578883,-55.37937926738891,-6.568497203911332,13,behavior_063,24.86729162608867,1464.0937049414576,2143570.376849204
"(-50, -40]",-43.7844094,0.441897953,-45.050822950890456,3.507878096956534,11,behavior_063,3.0659801439565344,246.40458071668314,60715.217398164415
"(-40, -30]",-35.56805596,3.938167204,-35.239463162466706,13.326311412558082,11,behavior_063,9.388144208558082,850.1010731446717,722671.8345617224
"(-30, -20]",-24.892482045,3.1913109405,-24.984828069821933,11.814802858026042,10,behavior_063,8.623491917526042,870.7854566199733,758267.3114608553
"(-20, -10]",-14.861629965,-2.1931205695,-14.652564197037751,7.544197328464962,10,behavior_063,9.737317897964962,1047.6977229829702,1097670.5187437006
"(-10, 0]",-4.2016837085,-11.19345858,-6.979288376567183,-7.16000440072303,25,behavior_063,4.03345417927697,447.7973419101552,200522.45942180042
"(0, 10]",4.649206505,-23.063146705,3.533457234700141,-19.71741831421356,13,behavior_063,3.345728390786441,371.22099950699464,137805.03047497213
"(10, 20]",14.48227294,-40.47469647,14.889857017366243,-19.72878865935555,10,behavior_063,20.745907810644447,2236.0523173178112,4999929.965782354
"(20, 30]",24.69371562,-49.41198452,24.80575462733373,-18.81524801316166,9,behavior_063,30.596736506838337,3094.561023837634,9576307.930255026
"(30, 40]",35.72890237,-46.307643205,35.13217005329357,-16.927225107826082,9,behavior_063,29.380418097173916,2655.060149292063,7049344.396358793
"(40, 50]",45.949939150000006,-37.711282205,44.62709747387851,-16.08598066722433,9,behavior_063,21.625301537775673,1673.7833224592837,2801550.6105428385
"(50, 60]",52.560148515,-25.18428898,55.18936905834825,-13.868291141359824,11,behavior_063,11.315997838640177,765.8053063334228,586457.7672084275
"(60, 70]",62.07117996,-18.12660637,61.0954170794037,-16.777963867895608,3,behavior_063,1.3486425021043935,70.31744637107758,4944.543264149372
"(-80, -70]",-71.25708173,-20.00285938,-71.35777604351465,-21.28495770392704,2,behavior_064,-1.2820983239270412,45.86015972199107,2103.154249726532
"(-70, -60]",-65.61340604,-35.1199531,-65.27425705485093,-23.02750485695077,9,behavior_064,12.092448243049226,555.8059683339892,308920.2744356834
"(-60, -50]",-58.0693621,-31.43578883,-54.86549813781042,-23.147349911765417,10,behavior_064,8.288438918234583,487.99247728481873,238136.65788657434
"(-50, -40]",-43.7844094,0.441897953,-45.0904744136671,-23.818646222280105,8,behavior_064,-24.260544175280106,1949.754706419655,3801543.4152055946
"(-40, -30]",-35.56805596,3.938167204,-35.323191537905984,-24.334184740175463,9,behavior_064,-28.272351944175462,2560.075366775691,6553985.883571688
"(-30, -20]",-24.892482045,3.1913109405,-25.02678459123356,-24.757036921108583,9,behavior_064,-27.948347861608582,2822.176339608216,7964679.2918444285
"(-20, -10]",-14.861629965,-2.1931205695,-15.272923677451375,-25.027267456443365,9,behavior_064,-22.834146886943365,2456.8658382519334,6036189.747169375
"(-10, 0]",-4.2016837085,-11.19345858,-5.219917593156162,-25.075130621133383,9,behavior_064,-13.881672041133383,1541.1544460391883,2375157.026546357
"(0, 10]",4.649206505,-23.063146705,4.78171680296466,-23.28499623601501,11,behavior_064,-0.22184953101501037,24.61502997982209,605.8997009075403
"(10, 20]",14.48227294,-40.47469647,15.109640620583349,-21.693778063303174,10,behavior_064,18.780918406696824,2024.2602304009101,4097629.4803827456
"(20, 30]",24.69371562,-49.41198452,24.948203428570245,-20.114012632933047,8,behavior_064,29.29797188706695,2963.20366908885,8780575.984501623
"(30, 40]",35.72890237,-46.307643205,34.735764015580365,-18.26467953172381,9,behavior_064,28.042963673276187,2534.1965887177907,6422152.350268887
"(40, 50]",45.949939150000006,-37.711282205,44.62709747387851,-16.67863416719104,9,behavior_064,21.032648037808965,1627.9123530992222,2650098.6293730466
"(50, 60]",52.560148515,-25.18428898,55.18936905834825,-13.868291141359824,11,behavior_064,11.315997838640177,765.8053063334228,586457.7672084275
"(60, 70]",62.07117996,-18.12660637,61.0954170794037,-16.777963867895608,3,behavior_064,1.3486425021043935,70.31744637107758,4944.543264149372
"(-80, -70]",-71.25708173,-20.00285938,-71.35777604351465,-21.28495770392704,2,behavior_065,-1.2820983239270412,45.86015972199107,2103.154249726532
"(-70, -60]",-65.61340604,-35.1199531,-65.27425705485093,-23.02750485695077,9,behavior_065,12.092448243049226,555.8059683339892,308920.2744356834
"(-60, -50]",-58.0693621,-31.43578883,-54.86549813781042,-23.147349911765417,10,behavior_065,8.288438918234583,487.99247728481873,238136.65788657434
"(-50, -40]",-43.7844094,0.441897953,-45.0904744136671,-23.818646222280105,8,behavior_065,-24.260544175280106,1949.754706419655,3801543.4152055946
"(-40, -30]",-35.56805596,3.938167204,-35.323191537905984,-24.334184740175463,9,behavior_065,-28.272351944175462,2560.075366775691,6553985.883571688
"(-30, -20]",-24.892482045,3.1913109405,-25.02678459123356,-24.757036921108583,9,behavior_065,-27.948347861608582,2822.176339608216,7964679.2918444285
"(-20, -10]",-14.861629965,-2.1931205695,-15.272923677451375,-25.027267456443365,9,behavior_065,-22.834146886943365,2456.8658382519334,6036189.747169375
"(-10, 0]",-4.2016837085,-11.19345858,-5.219917593156162,-25.075130621133383,9,behavior_065,-13.881672041133383,1541.1544460391883,2375157.026546357
"(0, 10]",4.649206505,-23.063146705,4.78171680296466,-23.28499623601501,11,behavior_065,-0.22184953101501037,24.61502997982209,605.8997009075403
"(10, 20]",14.48227294,-40.47469647,15.109640620583349,-21.693778063303174,10,behavior_065,18.780918406696824,2024.2602304009101,4097629.4803827456
"(20, 30]",24.69371562,-49.41198452,24.948203428570245,-20.114012632933047,8,behavior_065,29.29797188706695,2963.20366908885,8780575.984501623
"(30, 40]",35.72890237,-46.307643205,34.735764015580365,-18.26467953172381,9,behavior_065,28.042963673276187,2534.1965887177907,6422152.350268887
"(40, 50]",45.949939150000006,-37.711282205,44.62709747387851,-16.67863416719104,9,behavior_065,21.032648037808965,1627.9123530992222,2650098.6293730466
"(50, 60]",52.560148515,-25.18428898,55.18936905834825,-13.868291141359824,11,behavior_065,11.315997838640177,765.8053063334228,586457.7672084275
"(60, 70]",62.07117996,-18.12660637,61.0954170794037,-16.777963867895608,3,behavior_065,1.3486425021043935,70.31744637107758,4944.543264149372
"(-80, -70]",-71.25708173,-20.00285938,-71.35777604351465,-21.28495770392704,2,behavior_066,-1.2820983239270412,45.86015972199107,2103.154249726532
"(-70, -60]",-65.61340604,-35.1199531,-65.27425705485093,-23.02750485695077,9,behavior_066,12.092448243049226,555.8059683339892,308920.2744356834
"(-60, -50]",-58.0693621,-31.43578883,-54.86549813781042,-23.147349911765417,10,behavior_066,8.288438918234583,487.99247728481873,238136.65788657434
"(-50, -40]",-43.7844094,0.441897953,-45.0904744136671,-23.818646222280105,8,behavior_066,-24.260544175280106,1949.754706419655,3801543.4152055946
"(-40, -30]",-35.56805596,3.938167204,-35.323191537905984,-24.334184740175463,9,behavior_066,-28.272351944175462,2560.075366775691,6553985.883571688
"(-30, -20]",-24.892482045,3.1913109405,-25.02678459123356,-24.757036921108583,9,behavior_066,-27.948347861608582,2822.176339608216,7964679.2918444285
"(-20, -10]",-14.861629965,-2.1931205695,-15.272923677451375,-25.027267456443365,9,behavior_066,-22.834146886943365,2456.8658382519334,6036189.747169375
"(-10, 0]",-4.2016837085,-11.19345858,-5.219917593156162,-25.075130621133383,9,behavior_066,-13.881672041133383,1541.1544460391883,2375157.026546357
"(0, 10]",4.649206505,-23.063146705,4.78171680296466,-23.28499623601501,11,behavior_066,-0.22184953101501037,24.61502997982209,605.8997009075403
"(10, 20]",14.48227294,-40.47469647,15.109640620583349,-21.693778063303174,10,behavior_066,18.780918406696824,2024.2602304009101,4097629.4803827456
"(20, 30]",24.69371562,-49.41198452,24.948203428570245,-20.114012632933047,8,behavior_066,29.29797188706695,2963.20366908885,8780575.984501623
"(30, 40]",35.72890237,-46.307643205,34.735764015580365,-18.26467953172381,9,behavior_066,28.042963673276187,2534.1965887177907,6422152.350268887
"(40, 50]",45.949939150000006,-37.711282205,44.62709747387851,-16.67863416719104,9,behavior_066,21.032648037808965,1627.9123530992222,2650098.6293730466
"(50, 60]",52.560148515,-25.18428898,55.18936905834825,-13.868291141359824,11,behavior_066,11.315997838640177,765.8053063334228,586457.7672084275
"(60, 70]",62.07117996,-18.12660637,61.0954170794037,-16.777963867895608,3,behavior_066,1.3486425021043935,70.31744637107758,4944.543264149372
"(-80, -70]",-71.25708173,-20.00285938,-71.0498319885632,-19.772798268546946,2,behavior_067,0.23006111145305397,8.229196716160933,67.71967859327388
"(-70, -60]",-65.61340604,-35.1199531,-65.27425705485093,-23.02750485695077,9,behavior_067,12.092448243049226,555.8059683339892,308920.2744356834
"(-60, -50]",-58.0693621,-31.43578883,-55.25044528974507,-16.192357572806845,13,behavior_067,15.243431257193155,897.4765760960626,805464.2046411115
"(-50, -40]",-43.7844094,0.441897953,-42.44012452352031,-0.4718966123999023,19,behavior_067,-0.9137945653999023,73.43921231596167,5393.317905588896
"(-40, -30]",-35.56805596,3.938167204,-35.45632398896109,14.952534767226458,11,behavior_067,11.014367563226457,997.3563973349725,994719.7833049955
"(-30, -20]",-24.892482045,3.1913109405,-24.984828069821933,11.814802858026042,10,behavior_067,8.623491917526042,870.7854566199733,758267.3114608553
"(-20, -10]",-14.861629965,-2.1931205695,-14.652564197037751,7.544197328464962,10,behavior_067,9.737317897964962,1047.6977229829702,1097670.5187437006
"(-10, 0]",-4.2016837085,-11.19345858,-6.979288376567183,-7.16000440072303,25,behavior_067,4.03345417927697,447.7973419101552,200522.45942180042
"(0, 10]",4.649206505,-23.063146705,3.533457234700141,-19.71741831421356,13,behavior_067,3.345728390786441,371.22099950699464,137805.03047497213
"(10, 20]",14.48227294,-40.47469647,14.889857017366243,-19.72878865935555,10,behavior_067,20.745907810644447,2236.0523173178112,4999929.965782354
"(20, 30]",24.69371562,-49.41198452,24.80575462733373,-18.81524801316166,9,behavior_067,30.596736506838337,3094.561023837634,9576307.930255026
"(30, 40]",35.72890237,-46.307643205,35.13217005329357,-16.927225107826082,9,behavior_067,29.380418097173916,2655.060149292063,7049344.396358793
"(40, 50]",45.949939150000006,-37.711282205,44.62709747387851,-16.08598066722433,9,behavior_067,21.625301537775673,1673.7833224592837,2801550.6105428385
"(50, 60]",52.560148515,-25.18428898,55.18936905834825,-13.868291141359824,11,behavior_067,11.315997838640177,765.8053063334228,586457.7672084275
"(60, 70]",62.07117996,-18.12660637,61.0954170794037,-16.777963867895608,3,behavior_067,1.3486425021043935,70.31744637107758,4944.543264149372
"(-80, -70]",-71.25708173,-20.00285938,-71.0498319885632,-19.772798268546946,2,behavior_068,0.23006111145305397,8.229196716160933,67.71967859327388
"(-70, -60]",-65.61340604,-35.1199531,-64.63638701434706,-18.778369620207002,10,behavior_068,16.341583479792995,751.1092416970117,564165.09296266
"(-60, -50]",-58.0693621,-31.43578883,-55.37937926738891,-6.568497203911332,13,behavior_068,24.86729162608867,1464.0937049414576,2143570.376849204
"(-50, -40]",-43.7844094,0.441897953,-45.050822950890456,3.507878096956534,11,behavior_068,3.0659801439565344,246.40458071668314,60715.217398164415
"(-40, -30]",-35.56805596,3.938167204,-35.239463162466706,13.326311412558082,11,behavior_068,9.388144208558082,850.1010731446717,722671.8345617224
"(-30, -20]",-24.892482045,3.1913109405,-24.984828069821933,11.814802858026042,10,behavior_068,8.623491917526042,870.7854566199733,758267.3114608553
"(-20, -10]",-14.861629965,-2.1931205695,-14.652564197037751,7.544197328464962,10,behavior_068,9.737317897964962,1047.6977229829702,1097670.5187437006
"(-10, 0]",-4.2016837085,-11.19345858,-6.979288376567183,-7.16000440072303,25,behavior_068,4.03345417927697,447.7973419101552,200522.45942180042
"(0, 10]",4.649206505,-23.063146705,3.533457234700141,-19.71741831421356,13,behavior_068,3.345728390786441,371.22099950699464,137805.03047497213
"(10, 20]",14.48227294,-40.47469647,14.889857017366243,-19.72878865935555,10,behavior_068,20.745907810644447,2236.0523173178112,4999929.965782354
"(20, 30]",24.69371562,-49.41198452,24.80575462733373,-18.81524801316166,9,behavior_068,30.596736506838337,3094.561023837634,9576307.930255026
"(30, 40]",35.72890237,-46.307643205,35.13217005329357,-16.927225107826082,9,behavior_068,29.380418097173916,2655.060149292063,7049344.396358793
"(40, 50]",45.949939150000006,-37.711282205,44.62709747387851,-16.08598066722433,9,behavior_068,21.625301537775673,1673.7833224592837,2801550.6105428385
"(50, 60]",52.560148515,-25.18428898,55.18936905834825,-13.868291141359824,11,behavior_068,11.315997838640177,765.8053063334228,586457.7672084275
"(60, 70]",62.07117996,-18.12660637,61.0954170794037,-16.777963867895608,3,behavior_068,1.3486425021043935,70.31744637107758,4944.543264149372
"(-80, -70]",-71.25708173,-20.00285938,-71.0498319885632,-19.772798268546946,2,behavior_069,0.23006111145305397,8.229196716160933,67.71967859327388
"(-70, -60]",-65.61340604,-35.1199531,-64.63638701434706,-18.778369620207002,10,behavior_069,16.341583479792995,751.1092416970117,564165.09296266
"(-60, -50]",-58.0693621,-31.43578883,-55.37937926738891,-6.151893883454068,13,behavior_069,25.28389494654593,1488.6217600312723,2215994.7444386026
"(-50, -40]",-43.7844094,0.441897953,-45.525400517689945,7.579995917590878,11,behavior_069,7.138097964590878,573.669741321247,329096.97210758645
"(-40, -30]",-35.56805596,3.938167204,-35.45632398896109,14.952534767226458,11,behavior_069,11.014367563226457,997.3563973349725,994719.7833049955
"(-30, -20]",-24.892482045,3.1913109405,-24.984828069821933,11.814802858026042,10,behavior_069,8.623491917526042,870.7854566199733,758267.3114608553
"(-20, -10]",-14.861629965,-2.1931205695,-14.652564197037751,7.544197328464962,10,behavior_069,9.737317897964962,1047.6977229829702,1097670.5187437006
"(-10, 0]",-4.2016837085,-11.19345858,-6.979288376567183,-7.16000440072303,25,behavior_069,4.03345417927697,447.7973419101552,200522.45942180042
"(0, 10]",4.649206505,-23.063146705,3.533457234700141,-19.71741831421356,13,behavior_069,3.345728390786441,371.22099950699464,137805.03047497213
"(10, 20]",14.48227294,-40.47469647,14.889857017366243,-19.72878865935555,10,behavior_069,20.745907810644447,2236.0523173178112,4999929.965782354
"(20, 30]",24.69371562,-49.41198452,24.80575462733373,-18.81524801316166,9,behavior_069,30.596736506838337,3094.561023837634,9576307.930255026
"(30, 40]",35.72890237,-46.307643205,35.13217005329357,-16.927225107826082,9,behavior_069,29.380418097173916,2655.060149292063,7049344.396358793
"(40, 50]",45.949939150000006,-37.711282205,44.62709747387851,-16.08598066722433,9,behavior_069,21.625301537775673,1673.7833224592837,2801550.6105428385
"(50, 60]",52.560148515,-25.18428898,55.18936905834825,-13.868291141359824,11,behavior_069,11.315997838640177,765.8053063334228,586457.7672084275
"(60, 70]",62.07117996,-18.12660637,61.0954170794037,-16.777963867895608,3,behavior_069,1.3486425021043935,70.31744637107758,4944.543264149372
"(-80, -70]",-71.25708173,-20.00285938,-71.35777604351465,-21.28495770392704,2,behavior_070,-1.2820983239270412,45.86015972199107,2103.154249726532
"(-70, -60]",-65.61340604,-35.1199531,-65.27425705485093,-23.02750485695077,9,behavior_070,12.092448243049226,555.8059683339892,308920.2744356834
"(-60, -50]",-58.0693621,-31.43578883,-54.86549813781042,-23.147349911765417,10,behavior_070,8.288438918234583,487.99247728481873,238136.65788657434
"(-50, -40]",-43.7844094,0.441897953,-45.0904744136671,-23.818646222280105,8,behavior_070,-24.260544175280106,1949.754706419655,3801543.4152055946
"(-40, -30]",-35.56805596,3.938167204,-35.323191537905984,-24.334184740175463,9,behavior_070,-28.272351944175462,2560.075366775691,6553985.883571688
"(-30, -20]",-24.892482045,3.1913109405,-25.02678459123356,-24.757036921108583,9,behavior_070,-27.948347861608582,2822.176339608216,7964679.2918444285
"(-20, -10]",-14.861629965,-2.1931205695,-15.272923677451375,-25.027267456443365,9,behavior_070,-22.834146886943365,2456.8658382519334,6036189.747169375
"(-10, 0]",-4.2016837085,-11.19345858,-5.219917593156162,-25.075130621133383,9,behavior_070,-13.881672041133383,1541.1544460391883,2375157.026546357
"(0, 10]",4.649206505,-23.063146705,4.78171680296466,-23.28499623601501,11,behavior_070,-0.22184953101501037,24.61502997982209,605.8997009075403
"(10, 20]",14.48227294,-40.47469647,15.109640620583349,-21.693778063303174,10,behavior_070,18.780918406696824,2024.2602304009101,4097629.4803827456
"(20, 30]",24.69371562,-49.41198452,24.948203428570245,-20.114012632933047,8,behavior_070,29.29797188706695,2963.20366908885,8780575.984501623
"(30, 40]",35.72890237,-46.307643205,34.735764015580365,-18.26467953172381,9,behavior_070,28.042963673276187,2534.1965887177907,6422152.350268887
"(40, 50]",45.949939150000006,-37.711282205,44.62709747387851,-16.67863416719104,9,behavior_070,21.032648037808965,1627.9123530992222,2650098.6293730466
"(50, 60]",52.560148515,-25.18428898,55.18936905834825,-13.868291141359824,11,behavior_070,11.315997838640177,765.8053063334228,586457.7672084275
"(60, 70]",62.07117996,-18.12660637,61.0954170794037,-16.777963867895608,3,behavior_070,1.3486425021043935,70.31744637107758,4944.543264149372
"(-80, -70]",-71.25708173,-20.00285938,-71.35777604351465,-21.28495770392704,2,behavior_071,-1.2820983239270412,45.86015972199107,2103.154249726532
"(-70, -60]",-65.61340604,-35.1199531,-65.27425705485093,-23.02750485695077,9,behavior_071,12.092448243049226,555.8059683339892,308920.2744356834
"(-60, -50]",-58.0693621,-31.43578883,-54.86549813781042,-23.147349911765417,10,behavior_071,8.288438918234583,487.99247728481873,238136.65788657434
"(-50, -40]",-43.7844094,0.441897953,-45.0904744136671,-23.818646222280105,8,behavior_071,-24.260544175280106,1949.754706419655,3801543.4152055946
"(-40, -30]",-35.56805596,3.938167204,-35.323191537905984,-24.334184740175463,9,behavior_071,-28.272351944175462,2560.075366775691,6553985.883571688
"(-30, -20]",-24.892482045,3.1913109405,-25.02678459123356,-24.757036921108583,9,behavior_071,-27.948347861608582,2822.176339608216,7964679.2918444285
"(-20, -10]",-14.861629965,-2.1931205695,-15.272923677451375,-25.027267456443365,9,behavior_071,-22.834146886943365,2456.8658382519334,6036189.747169375
"(-10, 0]",-4.2016837085,-11.19345858,-5.219917593156162,-25.075130621133383,9,behavior_071,-13.881672041133383,1541.1544460391883,2375157.026546357
"(0, 10]",4.649206505,-23.063146705,4.78171680296466,-23.28499623601501,11,behavior_071,-0.22184953101501037,24.61502997982209,605.8997009075403
"(10, 20]",14.48227294,-40.47469647,15.109640620583349,-21.693778063303174,10,behavior_071,18.780918406696824,2024.2602304009101,4097629.4803827456
"(20, 30]",24.69371562,-49.41198452,24.948203428570245,-20.114012632933047,8,behavior_071,29.29797188706695,2963.20366908885,8780575.984501623
"(30, 40]",35.72890237,-46.307643205,34.735764015580365,-18.26467953172381,9,behavior_071,28.042963673276187,2534.1965887177907,6422152.350268887
"(40, 50]",45.949939150000006,-37.711282205,44.62709747387851,-16.67863416719104,9,behavior_071,21.032648037808965,1627.9123530992222,2650098.6293730466
"(50, 60]",52.560148515,-25.18428898,55.18936905834825,-13.868291141359824,11,behavior_071,11.315997838640177,765.8053063334228,586457.7672084275
"(60, 70]",62.07117996,-18.12660637,61.0954170794037,-16.777963867895608,3,behavior_071,1.3486425021043935,70.31744637107758,4944.543264149372
"(-80, -70]",-71.25708173,-20.00285938,-71.0498319885632,-19.772798268546946,2,behavior_072,0.23006111145305397,8.229196716160933,67.71967859327388
"(-70, -60]",-65.61340604,-35.1199531,-65.2032742104729,-18.87518938179012,9,behavior_072,16.244763718209878,746.6591088323537,557499.8248023246
"(-60, -50]",-58.0693621,-31.43578883,-54.64329458844306,-14.897062999368028,13,behavior_072,16.53872583063197,973.7387062681729,948167.0680848152
"(-50, -40]",-43.7844094,0.441897953,-45.27226496545334,1.4105044198423253,12,behavior_072,0.9686064668423253,77.84429746298271,6059.734647505336
"(-40, -30]",-35.56805596,3.938167204,-35.10874025094196,12.043254806519482,11,behavior_072,8.105087602519482,733.9196667380164,538638.0772248411
"(-30, -20]",-24.892482045,3.1913109405,-24.984828069821933,11.814802858026042,10,behavior_072,8.623491917526042,870.7854566199733,758267.3114608553
"(-20, -10]",-14.861629965,-2.1931205695,-14.652564197037751,7.544197328464962,10,behavior_072,9.737317897964962,1047.6977229829702,1097670.5187437006
"(-10, 0]",-4.2016837085,-11.19345858,-6.979288376567183,-7.16000440072303,25,behavior_072,4.03345417927697,447.7973419101552,200522.45942180042
"(0, 10]",4.649206505,-23.063146705,4.413503593494211,-16.311633984735664,11,behavior_072,6.751512720264337,749.1054286123891,561158.9431765513
"(10, 20]",14.48227294,-40.47469647,14.141544876140044,-17.275014160559007,11,behavior_072,23.19968230944099,2500.5270370692497,6252635.46311432
"(20, 30]",24.69371562,-49.41198452,24.24251390909328,-18.748839965232705,10,behavior_072,30.663144554767293,3101.2775492011856,9617922.437179312
"(30, 40]",35.72890237,-46.307643205,35.70745671001215,-17.593325204874027,10,behavior_072,28.71431800012597,2594.86577706556,6733328.400986052
"(40, 50]",45.949939150000006,-37.711282205,44.58544126307676,-21.353602728099563,9,behavior_072,16.35767947690044,1266.0730327733788,1602940.924315981
"(50, 60]",52.560148515,-25.18428898,54.82030061581583,-19.06741580550496,10,behavior_072,6.116873174495041,413.9567718192299,171360.208934998
"(60, 70]",62.07117996,-18.12660637,61.0954170794037,-17.16948656355908,3,behavior_072,0.9571198064409216,49.90367762775434,2490.3770407748293
"(-80, -70]",-71.25708173,-20.00285938,-71.0498319885632,-19.772798268546946,2,behavior_073,0.23006111145305397,8.229196716160933,67.71967859327388
"(-70, -60]",-65.61340604,-35.1199531,-65.2032742104729,-18.87518938179012,9,behavior_073,16.244763718209878,746.6591088323537,557499.8248023246
"(-60, -50]",-58.0693621,-31.43578883,-54.844028618037584,-19.837126528206923,10,behavior_073,11.598662301793077,682.8861267698912,466333.462134784
"(-50, -40]",-43.7844094,0.441897953,-44.466945557850856,-20.61786118624323,9,behavior_073,-21.05975913924323,1692.5162189742903,2864611.151491028
"(-40, -30]",-35.56805596,3.938167204,-35.150971041301666,-20.686994954220186,8,behavior_073,-24.625162158220185,2229.8205387579746,4972099.635066904
"(-30, -20]",-24.892482045,3.1913109405,-25.34840001316212,-21.49453255022848,9,behavior_073,-24.68584349072848,2492.734231296191,6213723.947875812
"(-20, -10]",-14.861629965,-2.1931205695,-15.07691193525001,-22.194838902884655,10,behavior_073,-20.001718333384655,2152.1074872181644,4631566.636540482
"(-10, 0]",-4.2016837085,-11.19345858,-4.636387626015981,-22.30115995971573,9,behavior_073,-11.10770137971573,1233.1859819119347,1520747.6659841025
"(0, 10]",4.649206505,-23.063146705,4.937530669447581,-21.056065318413637,10,behavior_073,2.007081386586364,222.69313924951925,49592.23426880577
"(10, 20]",14.48227294,-40.47469647,14.889857017366243,-19.72878865935555,10,behavior_073,20.745907810644447,2236.0523173178112,4999929.965782354
"(20, 30]",24.69371562,-49.41198452,24.80575462733373,-18.81524801316166,9,behavior_073,30.596736506838337,3094.561023837634,9576307.930255026
"(30, 40]",35.72890237,-46.307643205,35.70745671001215,-17.593325204874027,10,behavior_073,28.71431800012597,2594.86577706556,6733328.400986052
"(40, 50]",45.949939150000006,-37.711282205,44.58544126307676,-21.353602728099563,9,behavior_073,16.35767947690044,1266.0730327733788,1602940.924315981
"(50, 60]",52.560148515,-25.18428898,54.82030061581583,-19.06741580550496,10,behavior_073,6.116873174495041,413.9567718192299,171360.208934998
"(60, 70]",62.07117996,-18.12660637,61.0954170794037,-17.16948656355908,3,behavior_073,0.9571198064409216,49.90367762775434,2490.3770407748293
"(-80, -70]",-71.25708173,-20.00285938,-71.0498319885632,-19.772798268546946,2,behavior_074,0.23006111145305397,8.229196716160933,67.71967859327388
"(-70, -60]",-65.61340604,-35.1199531,-65.27425705485093,-23.02750485695077,9,behavior_074,12.092448243049226,555.8059683339892,308920.2744356834
"(-60, -50]",-58.0693621,-31.43578883,-54.86549813781042,-23.147349911765417,10,behavior_074,8.288438918234583,487.99247728481873,238136.65788657434
"(-50, -40]",-43.7844094,0.441897953,-45.0904744136671,-23.818646222280105,8,behavior_074,-24.260544175280106,1949.754706419655,3801543.4152055946
"(-40, -30]",-35.56805596,3.938167204,-35.323191537905984,-24.334184740175463,9,behavior_074,-28.272351944175462,2560.075366775691,6553985.883571688
"(-30, -20]",-24.892482045,3.1913109405,-25.02678459123356,-24.757036921108583,9,behavior_074,-27.948347861608582,2822.176339608216,7964679.2918444285
"(-20, -10]",-14.861629965,-2.1931205695,-15.272923677451375,-25.027267456443365,9,behavior_074,-22.834146886943365,2456.8658382519334,6036189.747169375
"(-10, 0]",-4.2016837085,-11.19345858,-5.219917593156162,-25.075130621133383,9,behavior_074,-13.881672041133383,1541.1544460391883,2375157.026546357
"(0, 10]",4.649206505,-23.063146705,4.867663292958679,-25.12162819763532,9,behavior_074,-2.0584814926353197,228.39617204644443,52164.811405469045
"(10, 20]",14.48227294,-40.47469647,14.885818934650846,-24.734623051963325,10,behavior_074,15.740073418036673,1696.5094013911978,2878144.14900872
"(20, 30]",24.69371562,-49.41198452,24.8648190427936,-24.59866580169168,9,behavior_074,24.813318718308317,2509.62480788028,6298216.676328133
"(30, 40]",35.72890237,-46.307643205,34.87035302281723,-24.50666190060104,9,behavior_074,21.80098130439896,1970.118889572191,3881368.439049163
"(40, 50]",45.949939150000006,-37.711282205,45.28997343772488,-22.87958216334062,9,behavior_074,14.831700041659385,1147.9632841226771,1317819.7016937223
"(50, 60]",52.560148515,-25.18428898,55.49466054755884,-20.561659213760876,10,behavior_074,4.622629766239125,312.8344892496154,97865.41766406773
"(60, 70]",62.07117996,-18.12660637,61.29361517393866,-18.57857315102444,2,behavior_074,-0.45196678102443855,23.565288678507372,555.3228305013877
"(-80, -70]",-71.25708173,-20.00285938,-71.0498319885632,-19.772798268546946,2,behavior_075,0.23006111145305397,8.229196716160933,67.71967859327388
"(-70, -60]",-65.61340604,-35.1199531,-65.27425705485093,-23.02750485695077,9,behavior_075,12.092448243049226,555.8059683339892,308920.2744356834
"(-60, -50]",-58.0693621,-31.43578883,-54.86549813781042,-23.147349911765417,10,behavior_075,8.288438918234583,487.99247728481873,238136.65788657434
"(-50, -40]",-43.7844094,0.441897953,-45.0904744136671,-23.818646222280105,8,behavior_075,-24.260544175280106,1949.754706419655,3801543.4152055946
"(-40, -30]",-35.56805596,3.938167204,-35.323191537905984,-24.334184740175463,9,behavior_075,-28.272351944175462,2560.075366775691,6553985.883571688
"(-30, -20]",-24.892482045,3.1913109405,-25.02678459123356,-24.757036921108583,9,behavior_075,-27.948347861608582,2822.176339608216,7964679.2918444285
"(-20, -10]",-14.861629965,-2.1931205695,-15.272923677451375,-25.027267456443365,9,behavior_075,-22.834146886943365,2456.8658382519334,6036189.747169375
"(-10, 0]",-4.2016837085,-11.19345858,-5.219917593156162,-25.075130621133383,9,behavior_075,-13.881672041133383,1541.1544460391883,2375157.026546357
"(0, 10]",4.649206505,-23.063146705,4.867663292958679,-25.12162819763532,9,behavior_075,-2.0584814926353197,228.39617204644443,52164.811405469045
"(10, 20]",14.48227294,-40.47469647,14.885818934650846,-24.734623051963325,10,behavior_075,15.740073418036673,1696.5094013911978,2878144.14900872
"(20, 30]",24.69371562,-49.41198452,24.39484613544335,-25.244413257320563,9,behavior_075,24.167571262679434,2444.313760508125,5974669.759809372
"(30, 40]",35.72890237,-46.307643205,34.87035302281723,-24.50666190060104,9,behavior_075,21.80098130439896,1970.118889572191,3881368.439049163
"(40, 50]",45.949939150000006,-37.711282205,45.28997343772488,-22.87958216334062,9,behavior_075,14.831700041659385,1147.9632841226771,1317819.7016937223
"(50, 60]",52.560148515,-25.18428898,55.49466054755884,-20.561659213760876,10,behavior_075,4.622629766239125,312.8344892496154,97865.41766406773
"(60, 70]",62.07117996,-18.12660637,61.29361517393866,-18.57857315102444,2,behavior_075,-0.45196678102443855,23.565288678507372,555.3228305013877
"(-80, -70]",-71.25708173,-20.00285938,-71.0498319885632,-19.772798268546946,2,behavior_076,0.23006111145305397,8.229196716160933,67.71967859327388
"(-70, -60]",-65.61340604,-35.1199531,-65.27425705485093,-23.02750485695077,9,behavior_076,12.092448243049226,555.8059683339892,308920.2744356834
"(-60, -50]",-58.0693621,-31.43578883,-54.86549813781042,-23.147349911765417,10,behavior_076,8.288438918234583,487.99247728481873,238136.65788657434
"(-50, -40]",-43.7844094,0.441897953,-45.0904744136671,-23.818646222280105,8,behavior_076,-24.260544175280106,1949.754706419655,3801543.4152055946
"(-40, -30]",-35.56805596,3.938167204,-35.323191537905984,-24.334184740175463,9,behavior_076,-28.272351944175462,2560.075366775691,6553985.883571688
"(-30, -20]",-24.892482045,3.1913109405,-25.02678459123356,-24.757036921108583,9,behavior_076,-27.948347861608582,2822.176339608216,7964679.2918444285
"(-20, -10]",-14.861629965,-2.1931205695,-15.272923677451375,-25.027267456443365,9,behavior_076,-22.834146886943365,2456.8658382519334,6036189.747169375
"(-10, 0]",-4.2016837085,-11.19345858,-5.219917593156162,-25.075130621133383,9,behavior_076,-13.881672041133383,1541.1544460391883,2375157.026546357
"(0, 10]",4.649206505,-23.063146705,4.867663292958679,-25.12162819763532,9,behavior_076,-2.0584814926353197,228.39617204644443,52164.811405469045
"(10, 20]",14.48227294,-40.47469647,14.885818934650846,-24.734623051963325,10,behavior_076,15.740073418036673,1696.5094013911978,2878144.14900872
"(20, 30]",24.69371562,-49.41198452,24.39484613544335,-25.64219796193929,9,behavior_076,23.76978655806071,2404.081723260729,5779608.9321162775
"(30, 40]",35.72890237,-46.307643205,34.87035302281723,-24.50666190060104,9,behavior_076,21.80098130439896,1970.118889572191,3881368.439049163
"(40, 50]",45.949939150000006,-37.711282205,45.28997343772488,-22.87958216334062,9,behavior_076,14.831700041659385,1147.9632841226771,1317819.7016937223
"(50, 60]",52.560148515,-25.18428898,55.49466054755884,-20.561659213760876,10,behavior_076,4.622629766239125,312.8344892496154,97865.41766406773
"(60, 70]",62.07117996,-18.12660637,61.29361517393866,-18.57857315102444,2,behavior_076,-0.45196678102443855,23.565288678507372,555.3228305013877
"(-80, -70]",-71.25708173,-20.00285938,-71.35777604351465,-21.28495770392704,2,behavior_077,-1.2820983239270412,45.86015972199107,2103.154249726532
"(-70, -60]",-65.61340604,-35.1199531,-65.27425705485093,-23.02750485695077,9,behavior_077,12.092448243049226,555.8059683339892,308920.2744356834
"(-60, -50]",-58.0693621,-31.43578883,-54.86549813781042,-23.147349911765417,10,behavior_077,8.288438918234583,487.99247728481873,238136.65788657434
"(-50, -40]",-43.7844094,0.441897953,-45.0904744136671,-23.818646222280105,8,behavior_077,-24.260544175280106,1949.754706419655,3801543.4152055946
"(-40, -30]",-35.56805596,3.938167204,-35.323191537905984,-24.334184740175463,9,behavior_077,-28.272351944175462,2560.075366775691,6553985.883571688
"(-30, -20]",-24.892482045,3.1913109405,-25.02678459123356,-24.757036921108583,9,behavior_077,-27.948347861608582,2822.176339608216,7964679.2918444285
"(-20, -10]",-14.861629965,-2.1931205695,-15.272923677451375,-25.027267456443365,9,behavior_077,-22.834146886943365,2456.8658382519334,6036189.747169375
"(-10, 0]",-4.2016837085,-11.19345858,-5.219917593156162,-25.075130621133383,9,behavior_077,-13.881672041133383,1541.1544460391883,2375157.026546357
"(0, 10]",4.649206505,-23.063146705,4.867663292958679,-25.12162819763532,9,behavior_077,-2.0584814926353197,228.39617204644443,52164.811405469045
"(10, 20]",14.48227294,-40.47469647,14.9747827877784,-25.728225048591103,11,behavior_077,14.746471421408895,1589.4161824619591,2526243.801071948
"(20, 30]",24.69371562,-49.41198452,24.9670832649401,-25.705173342294515,8,behavior_077,23.706811177705482,2397.712378691413,5749024.650930034
"(30, 40]",35.72890237,-46.307643205,34.87035302281723,-24.50666190060104,9,behavior_077,21.80098130439896,1970.118889572191,3881368.439049163
"(40, 50]",45.949939150000006,-37.711282205,45.28997343772488,-22.87958216334062,9,behavior_077,14.831700041659385,1147.9632841226771,1317819.7016937223
"(50, 60]",52.560148515,-25.18428898,55.49466054755884,-20.561659213760876,10,behavior_077,4.622629766239125,312.8344892496154,97865.41766406773
"(60, 70]",62.07117996,-18.12660637,61.29361517393866,-18.57857315102444,2,behavior_077,-0.45196678102443855,23.565288678507372,555.3228305013877
"(-80, -70]",-71.25708173,-20.00285938,-71.0498319885632,-19.772798268546946,2,behavior_078,0.23006111145305397,8.229196716160933,67.71967859327388
"(-70, -60]",-65.61340604,-35.1199531,-65.27425705485093,-23.02750485695077,9,behavior_078,12.092448243049226,555.8059683339892,308920.2744356834
"(-60, -50]",-58.0693621,-31.43578883,-54.94686993909407,-15.662445232847684,14,behavior_078,15.773343597152316,928.6758451105884,862438.8252918656
"(-50, -40]",-43.7844094,0.441897953,-44.847590448995575,1.957400310855317,13,behavior_078,1.515502357855317,121.79684979322491,14834.47261955339
"(-40, -30]",-35.56805596,3.938167204,-35.239463162466706,13.326311412558082,11,behavior_078,9.388144208558082,850.1010731446717,722671.8345617224
"(-30, -20]",-24.892482045,3.1913109405,-24.984828069821933,11.814802858026042,10,behavior_078,8.623491917526042,870.7854566199733,758267.3114608553
"(-20, -10]",-14.861629965,-2.1931205695,-14.652564197037751,7.544197328464962,10,behavior_078,9.737317897964962,1047.6977229829702,1097670.5187437006
"(-10, 0]",-4.2016837085,-11.19345858,-6.979288376567183,-7.16000440072303,25,behavior_078,4.03345417927697,447.7973419101552,200522.45942180042
"(0, 10]",4.649206505,-23.063146705,4.931131602086992,-16.320570965077117,12,behavior_078,6.742575739922884,748.1138374288176,559674.3137524714
"(10, 20]",14.48227294,-40.47469647,14.371738951201092,-19.124574660383047,11,behavior_078,21.35012180961695,2301.1762022251337,5295411.91368729
"(20, 30]",24.69371562,-49.41198452,24.80575462733373,-18.81524801316166,9,behavior_078,30.596736506838337,3094.561023837634,9576307.930255026
"(30, 40]",35.72890237,-46.307643205,35.70745671001215,-17.593325204874027,10,behavior_078,28.71431800012597,2594.86577706556,6733328.400986052
"(40, 50]",45.949939150000006,-37.711282205,44.58544126307676,-21.353602728099563,9,behavior_078,16.35767947690044,1266.0730327733788,1602940.924315981
"(50, 60]",52.560148515,-25.18428898,54.82030061581583,-19.06741580550496,10,behavior_078,6.116873174495041,413.9567718192299,171360.208934998
"(60, 70]",62.07117996,-18.12660637,61.0954170794037,-17.16948656355908,3,behavior_078,0.9571198064409216,49.90367762775434,2490.3770407748293
"(-80, -70]",-71.25708173,-20.00285938,-71.0498319885632,-19.772798268546946,2,behavior_079,0.23006111145305397,8.229196716160933,67.71967859327388
"(-70, -60]",-65.61340604,-35.1199531,-65.2032742104729,-18.87518938179012,9,behavior_079,16.244763718209878,746.6591088323537,557499.8248023246
"(-60, -50]",-58.0693621,-31.43578883,-54.64329458844306,-14.897062999368028,13,behavior_079,16.53872583063197,973.7387062681729,948167.0680848152
"(-50, -40]",-43.7844094,0.441897953,-45.27226496545334,1.4105044198423253,12,behavior_079,0.9686064668423253,77.84429746298271,6059.734647505336
"(-40, -30]",-35.56805596,3.938167204,-35.10874025094196,12.043254806519482,11,behavior_079,8.105087602519482,733.9196667380164,538638.0772248411
"(-30, -20]",-24.892482045,3.1913109405,-24.984828069821933,11.814802858026042,10,behavior_079,8.623491917526042,870.7854566199733,758267.3114608553
"(-20, -10]",-14.861629965,-2.1931205695,-14.652564197037751,7.544197328464962,10,behavior_079,9.737317897964962,1047.6977229829702,1097670.5187437006
"(-10, 0]",-4.2016837085,-11.19345858,-6.979288376567183,-7.16000440072303,25,behavior_079,4.03345417927697,447.7973419101552,200522.45942180042
"(0, 10]",4.649206505,-23.063146705,4.931131602086992,-16.320570965077117,12,behavior_079,6.742575739922884,748.1138374288176,559674.3137524714
"(10, 20]",14.48227294,-40.47469647,14.371738951201092,-19.124574660383047,11,behavior_079,21.35012180961695,2301.1762022251337,5295411.91368729
"(20, 30]",24.69371562,-49.41198452,24.80575462733373,-18.81524801316166,9,behavior_079,30.596736506838337,3094.561023837634,9576307.930255026
"(30, 40]",35.72890237,-46.307643205,35.70745671001215,-17.593325204874027,10,behavior_079,28.71431800012597,2594.86577706556,6733328.400986052
"(40, 50]",45.949939150000006,-37.711282205,44.58544126307676,-21.353602728099563,9,behavior_079,16.35767947690044,1266.0730327733788,1602940.924315981
"(50, 60]",52.560148515,-25.18428898,54.82030061581583,-19.06741580550496,10,behavior_079,6.116873174495041,413.9567718192299,171360.208934998
"(60, 70]",62.07117996,-18.12660637,61.0954170794037,-17.16948656355908,3,behavior_079,0.9571198064409216,49.90367762775434,2490.3770407748293
"(-80, -70]",-71.25708173,-20.00285938,-71.0498319885632,-19.772798268546946,2,behavior_080,0.23006111145305397,8.229196716160933,67.71967859327388
"(-70, -60]",-65.61340604,-35.1199531,-65.2032742104729,-18.87518938179012,9,behavior_080,16.244763718209878,746.6591088323537,557499.8248023246
"(-60, -50]",-58.0693621,-31.43578883,-54.844028618037584,-19.837126528206923,10,behavior_080,11.598662301793077,682.8861267698912,466333.462134784
"(-50, -40]",-43.7844094,0.441897953,-44.98067607211014,-20.17360209081317,9,behavior_080,-20.61550004381317,1656.8123099470934,2745027.0303922235
"(-40, -30]",-35.56805596,3.938167204,-35.150971041301666,-20.686994954220186,8,behavior_080,-24.625162158220185,2229.8205387579746,4972099.635066904
"(-30, -20]",-24.892482045,3.1913109405,-25.34840001316212,-21.49453255022848,9,behavior_080,-24.68584349072848,2492.734231296191,6213723.947875812
"(-20, -10]",-14.861629965,-2.1931205695,-15.07691193525001,-22.194838902884655,10,behavior_080,-20.001718333384655,2152.1074872181644,4631566.636540482
"(-10, 0]",-4.2016837085,-11.19345858,-4.636387626015981,-22.30115995971573,9,behavior_080,-11.10770137971573,1233.1859819119347,1520747.6659841025
"(0, 10]",4.649206505,-23.063146705,4.937530669447581,-21.056065318413637,10,behavior_080,2.007081386586364,222.69313924951925,49592.23426880577
"(10, 20]",14.48227294,-40.47469647,14.889857017366243,-19.72878865935555,10,behavior_080,20.745907810644447,2236.0523173178112,4999929.965782354
"(20, 30]",24.69371562,-49.41198452,24.80575462733373,-18.81524801316166,9,behavior_080,30.596736506838337,3094.561023837634,9576307.930255026
"(30, 40]",35.72890237,-46.307643205,35.70745671001215,-17.593325204874027,10,behavior_080,28.71431800012597,2594.86577706556,6733328.400986052
"(40, 50]",45.949939150000006,-37.711282205,44.58544126307676,-21.353602728099563,9,behavior_080,16.35767947690044,1266.0730327733788,1602940.924315981
"(50, 60]",52.560148515,-25.18428898,54.82030061581583,-19.06741580550496,10,behavior_080,6.116873174495041,413.9567718192299,171360.208934998
"(60, 70]",62.07117996,-18.12660637,61.0954170794037,-17.16948656355908,3,behavior_080,0.9571198064409216,49.90367762775434,2490.3770407748293
"(-80, -70]",-71.25708173,-20.00285938,-71.0498319885632,-19.772798268546946,2,behavior_081,0.23006111145305397,8.229196716160933,67.71967859327388
"(-70, -60]",-65.61340604,-35.1199531,-65.27425705485093,-23.02750485695077,9,behavior_081,12.092448243049226,555.8059683339892,308920.2744356834
"(-60, -50]",-58.0693621,-31.43578883,-54.86549813781042,-23.147349911765417,10,behavior_081,8.288438918234583,487.99247728481873,238136.65788657434
"(-50, -40]",-43.7844094,0.441897953,-45.0904744136671,-23.818646222280105,8,behavior_081,-24.260544175280106,1949.754706419655,3801543.4152055946
"(-40, -30]",-35.56805596,3.938167204,-35.323191537905984,-24.334184740175463,9,behavior_081,-28.272351944175462,2560.075366775691,6553985.883571688
"(-30, -20]",-24.892482045,3.1913109405,-25.02678459123356,-24.757036921108583,9,behavior_081,-27.948347861608582,2822.176339608216,7964679.2918444285
"(-20, -10]",-14.861629965,-2.1931205695,-15.272923677451375,-25.027267456443365,9,behavior_081,-22.834146886943365,2456.8658382519334,6036189.747169375
"(-10, 0]",-4.2016837085,-11.19345858,-5.219917593156162,-25.075130621133383,9,behavior_081,-13.881672041133383,1541.1544460391883,2375157.026546357
"(0, 10]",4.649206505,-23.063146705,4.867663292958679,-25.12162819763532,9,behavior_081,-2.0584814926353197,228.39617204644443,52164.811405469045
"(10, 20]",14.48227294,-40.47469647,14.885818934650846,-24.734623051963325,10,behavior_081,15.740073418036673,1696.5094013911978,2878144.14900872
"(20, 30]",24.69371562,-49.41198452,25.326560301380823,-23.41789784588802,9,behavior_081,25.994086674111976,2629.0479526790655,6911893.137485986
"(30, 40]",35.72890237,-46.307643205,35.20518049828358,-21.94070059946699,8,behavior_081,24.36694260553301,2202.000599789308,4848806.641472473
"(40, 50]",45.949939150000006,-37.711282205,44.58544126307676,-21.5823445567738,9,behavior_081,16.128937648226202,1248.3685740718443,1558424.0967301696
"(50, 60]",52.560148515,-25.18428898,54.82030061581583,-19.06741580550496,10,behavior_081,6.116873174495041,413.9567718192299,171360.208934998
"(60, 70]",62.07117996,-18.12660637,61.0954170794037,-17.16948656355908,3,behavior_081,0.9571198064409216,49.90367762775434,2490.3770407748293
"(-80, -70]",-71.25708173,-20.00285938,-71.35777604351465,-21.28495770392704,2,behavior_082,-1.2820983239270412,45.86015972199107,2103.154249726532
"(-70, -60]",-65.61340604,-35.1199531,-65.27425705485093,-23.02750485695077,9,behavior_082,12.092448243049226,555.8059683339892,308920.2744356834
"(-60, -50]",-58.0693621,-31.43578883,-54.86549813781042,-23.147349911765417,10,behavior_082,8.288438918234583,487.99247728481873,238136.65788657434
"(-50, -40]",-43.7844094,0.441897953,-45.0904744136671,-23.818646222280105,8,behavior_082,-24.260544175280106,1949.754706419655,3801543.4152055946
"(-40, -30]",-35.56805596,3.938167204,-35.323191537905984,-24.334184740175463,9,behavior_082,-28.272351944175462,2560.075366775691,6553985.883571688
"(-30, -20]",-24.892482045,3.1913109405,-25.02678459123356,-24.757036921108583,9,behavior_082,-27.948347861608582,2822.176339608216,7964679.2918444285
"(-20, -10]",-14.861629965,-2.1931205695,-15.272923677451375,-25.027267456443365,9,behavior_082,-22.834146886943365,2456.8658382519334,6036189.747169375
"(-10, 0]",-4.2016837085,-11.19345858,-5.219917593156162,-25.075130621133383,9,behavior_082,-13.881672041133383,1541.1544460391883,2375157.026546357
"(0, 10]",4.649206505,-23.063146705,4.867663292958679,-25.12162819763532,9,behavior_082,-2.0584814926353197,228.39617204644443,52164.811405469045
"(10, 20]",14.48227294,-40.47469647,14.885818934650846,-24.734623051963325,10,behavior_082,15.740073418036673,1696.5094013911978,2878144.14900872
"(20, 30]",24.69371562,-49.41198452,24.8648190427936,-24.59866580169168,9,behavior_082,24.813318718308317,2509.62480788028,6298216.676328133
"(30, 40]",35.72890237,-46.307643205,34.87035302281723,-24.50666190060104,9,behavior_082,21.80098130439896,1970.118889572191,3881368.439049163
"(40, 50]",45.949939150000006,-37.711282205,45.28997343772488,-22.87958216334062,9,behavior_082,14.831700041659385,1147.9632841226771,1317819.7016937223
"(50, 60]",52.560148515,-25.18428898,55.49466054755884,-20.561659213760876,10,behavior_082,4.622629766239125,312.8344892496154,97865.41766406773
"(60, 70]",62.07117996,-18.12660637,61.29361517393866,-18.57857315102444,2,behavior_082,-0.45196678102443855,23.565288678507372,555.3228305013877
"(-80, -70]",-71.25708173,-20.00285938,-71.35777604351465,-21.28495770392704,2,behavior_083,-1.2820983239270412,45.86015972199107,2103.154249726532
"(-70, -60]",-65.61340604,-35.1199531,-65.27425705485093,-23.02750485695077,9,behavior_083,12.092448243049226,555.8059683339892,308920.2744356834
"(-60, -50]",-58.0693621,-31.43578883,-54.86549813781042,-23.147349911765417,10,behavior_083,8.288438918234583,487.99247728481873,238136.65788657434
"(-50, -40]",-43.7844094,0.441897953,-45.0904744136671,-23.818646222280105,8,behavior_083,-24.260544175280106,1949.754706419655,3801543.4152055946
"(-40, -30]",-35.56805596,3.938167204,-35.323191537905984,-24.334184740175463,9,behavior_083,-28.272351944175462,2560.075366775691,6553985.883571688
"(-30, -20]",-24.892482045,3.1913109405,-25.02678459123356,-24.757036921108583,9,behavior_083,-27.948347861608582,2822.176339608216,7964679.2918444285
"(-20, -10]",-14.861629965,-2.1931205695,-15.272923677451375,-25.027267456443365,9,behavior_083,-22.834146886943365,2456.8658382519334,6036189.747169375
"(-10, 0]",-4.2016837085,-11.19345858,-5.801930568223403,-26.97387120412662,10,behavior_083,-15.78041262412662,1751.9541596964598,3069343.3776777284
"(0, 10]",4.649206505,-23.063146705,4.95015955123623,-26.994530967034738,9,behavior_083,-3.9313842620347366,436.2016950382385,190271.9187542324
"(10, 20]",14.48227294,-40.47469647,15.062889409799721,-26.72314000479889,10,behavior_083,13.751556465201109,1482.181449054867,2196861.847922385
"(20, 30]",24.69371562,-49.41198452,24.9670832649401,-25.705173342294515,8,behavior_083,23.706811177705482,2397.712378691413,5749024.650930034
"(30, 40]",35.72890237,-46.307643205,34.87035302281723,-24.50666190060104,9,behavior_083,21.80098130439896,1970.118889572191,3881368.439049163
"(40, 50]",45.949939150000006,-37.711282205,45.28997343772488,-22.87958216334062,9,behavior_083,14.831700041659385,1147.9632841226771,1317819.7016937223
"(50, 60]",52.560148515,-25.18428898,55.49466054755884,-20.561659213760876,10,behavior_083,4.622629766239125,312.8344892496154,97865.41766406773
"(60, 70]",62.07117996,-18.12660637,61.29361517393866,-18.57857315102444,2,behavior_083,-0.45196678102443855,23.565288678507372,555.3228305013877
"(-80, -70]",-71.25708173,-20.00285938,-71.0498319885632,-19.772798268546946,2,behavior_084,0.23006111145305397,8.229196716160933,67.71967859327388
"(-70, -60]",-65.61340604,-35.1199531,-65.27425705485093,-23.02750485695077,9,behavior_084,12.092448243049226,555.8059683339892,308920.2744356834
"(-60, -50]",-58.0693621,-31.43578883,-54.94686993909407,-15.662445232847684,14,behavior_084,15.773343597152316,928.6758451105884,862438.8252918656
"(-50, -40]",-43.7844094,0.441897953,-43.34390777465083,2.017129707189592,16,behavior_084,1.575231754189592,126.5971407831121,16026.836054459103
"(-40, -30]",-35.56805596,3.938167204,-35.45632398896109,14.952534767226458,11,behavior_084,11.014367563226457,997.3563973349725,994719.7833049955
"(-30, -20]",-24.892482045,3.1913109405,-24.984828069821933,11.814802858026042,10,behavior_084,8.623491917526042,870.7854566199733,758267.3114608553
"(-20, -10]",-14.861629965,-2.1931205695,-14.652564197037751,7.544197328464962,10,behavior_084,9.737317897964962,1047.6977229829702,1097670.5187437006
"(-10, 0]",-4.2016837085,-11.19345858,-6.979288376567183,-7.16000440072303,25,behavior_084,4.03345417927697,447.7973419101552,200522.45942180042
"(0, 10]",4.649206505,-23.063146705,4.931131602086992,-16.320570965077117,12,behavior_084,6.742575739922884,748.1138374288176,559674.3137524714
"(10, 20]",14.48227294,-40.47469647,14.371738951201092,-19.124574660383047,11,behavior_084,21.35012180961695,2301.1762022251337,5295411.91368729
"(20, 30]",24.69371562,-49.41198452,24.80575462733373,-18.81524801316166,9,behavior_084,30.596736506838337,3094.561023837634,9576307.930255026
"(30, 40]",35.72890237,-46.307643205,35.13217005329357,-17.50520139408633,9,behavior_084,28.802441810913667,2602.8293811726326,6774720.78749551
"(40, 50]",45.949939150000006,-37.711282205,44.01814808334336,-20.995447803892052,10,behavior_084,16.71583440110795,1293.7939752050033,1673902.8502767647
"(50, 60]",52.560148515,-25.18428898,54.82030061581583,-19.06741580550496,10,behavior_084,6.116873174495041,413.9567718192299,171360.208934998
"(60, 70]",62.07117996,-18.12660637,61.0954170794037,-17.16948656355908,3,behavior_084,0.9571198064409216,49.90367762775434,2490.3770407748293
"(-80, -70]",-71.25708173,-20.00285938,-71.0498319885632,-19.772798268546946,2,behavior_085,0.23006111145305397,8.229196716160933,67.71967859327388
"(-70, -60]",-65.61340604,-35.1199531,-65.27425705485093,-23.02750485695077,9,behavior_085,12.092448243049226,555.8059683339892,308920.2744356834
"(-60, -50]",-58.0693621,-31.43578883,-54.94686993909407,-15.662445232847684,14,behavior_085,15.773343597152316,928.6758451105884,862438.8252918656
"(-50, -40]",-43.7844094,0.441897953,-44.847590448995575,1.957400310855317,13,behavior_085,1.515502357855317,121.79684979322491,14834.47261955339
"(-40, -30]",-35.56805596,3.938167204,-35.239463162466706,13.326311412558082,11,behavior_085,9.388144208558082,850.1010731446717,722671.8345617224
"(-30, -20]",-24.892482045,3.1913109405,-24.984828069821933,11.814802858026042,10,behavior_085,8.623491917526042,870.7854566199733,758267.3114608553
"(-20, -10]",-14.861629965,-2.1931205695,-14.652564197037751,7.544197328464962,10,behavior_085,9.737317897964962,1047.6977229829702,1097670.5187437006
"(-10, 0]",-4.2016837085,-11.19345858,-6.979288376567183,-7.16000440072303,25,behavior_085,4.03345417927697,447.7973419101552,200522.45942180042
"(0, 10]",4.649206505,-23.063146705,4.931131602086992,-16.320570965077117,12,behavior_085,6.742575739922884,748.1138374288176,559674.3137524714
"(10, 20]",14.48227294,-40.47469647,14.371738951201092,-19.124574660383047,11,behavior_085,21.35012180961695,2301.1762022251337,5295411.91368729
"(20, 30]",24.69371562,-49.41198452,24.80575462733373,-18.81524801316166,9,behavior_085,30.596736506838337,3094.561023837634,9576307.930255026
"(30, 40]",35.72890237,-46.307643205,35.13217005329357,-17.50520139408633,9,behavior_085,28.802441810913667,2602.8293811726326,6774720.78749551
"(40, 50]",45.949939150000006,-37.711282205,44.01814808334336,-20.995447803892052,10,behavior_085,16.71583440110795,1293.7939752050033,1673902.8502767647
"(50, 60]",52.560148515,-25.18428898,54.82030061581583,-19.06741580550496,10,behavior_085,6.116873174495041,413.9567718192299,171360.208934998
"(60, 70]",62.07117996,-18.12660637,61.0954170794037,-17.16948656355908,3,behavior_085,0.9571198064409216,49.90367762775434,2490.3770407748293
"(-80, -70]",-71.25708173,-20.00285938,-71.0498319885632,-19.772798268546946,2,behavior_086,0.23006111145305397,8.229196716160933,67.71967859327388
"(-70, -60]",-65.61340604,-35.1199531,-65.2032742104729,-18.87518938179012,9,behavior_086,16.244763718209878,746.6591088323537,557499.8248023246
"(-60, -50]",-58.0693621,-31.43578883,-54.72148103306775,-12.366127925490392,14,behavior_086,19.069660904509607,1122.7507565146204,1260569.2612541525
"(-50, -40]",-43.7844094,0.441897953,-45.050822950890456,3.507878096956534,11,behavior_086,3.0659801439565344,246.40458071668314,60715.217398164415
"(-40, -30]",-35.56805596,3.938167204,-35.239463162466706,13.326311412558082,11,behavior_086,9.388144208558082,850.1010731446717,722671.8345617224
"(-30, -20]",-24.892482045,3.1913109405,-24.984828069821933,11.814802858026042,10,behavior_086,8.623491917526042,870.7854566199733,758267.3114608553
"(-20, -10]",-14.861629965,-2.1931205695,-14.652564197037751,7.544197328464962,10,behavior_086,9.737317897964962,1047.6977229829702,1097670.5187437006
"(-10, 0]",-4.2016837085,-11.19345858,-6.979288376567183,-7.16000440072303,25,behavior_086,4.03345417927697,447.7973419101552,200522.45942180042
"(0, 10]",4.649206505,-23.063146705,3.533457234700141,-19.71741831421356,13,behavior_086,3.345728390786441,371.22099950699464,137805.03047497213
"(10, 20]",14.48227294,-40.47469647,14.889857017366243,-19.72878865935555,10,behavior_086,20.745907810644447,2236.0523173178112,4999929.965782354
"(20, 30]",24.69371562,-49.41198452,24.80575462733373,-18.81524801316166,9,behavior_086,30.596736506838337,3094.561023837634,9576307.930255026
"(30, 40]",35.72890237,-46.307643205,35.13217005329357,-17.50520139408633,9,behavior_086,28.802441810913667,2602.8293811726326,6774720.78749551
"(40, 50]",45.949939150000006,-37.711282205,44.01814808334336,-20.995447803892052,10,behavior_086,16.71583440110795,1293.7939752050033,1673902.8502767647
"(50, 60]",52.560148515,-25.18428898,54.82030061581583,-19.06741580550496,10,behavior_086,6.116873174495041,413.9567718192299,171360.208934998
"(60, 70]",62.07117996,-18.12660637,61.0954170794037,-17.16948656355908,3,behavior_086,0.9571198064409216,49.90367762775434,2490.3770407748293
"(-80, -70]",-71.25708173,-20.00285938,-71.0498319885632,-19.772798268546946,2,behavior_087,0.23006111145305397,8.229196716160933,67.71967859327388
"(-70, -60]",-65.61340604,-35.1199531,-65.2032742104729,-18.87518938179012,9,behavior_087,16.244763718209878,746.6591088323537,557499.8248023246
"(-60, -50]",-58.0693621,-31.43578883,-54.844028618037584,-19.837126528206923,10,behavior_087,11.598662301793077,682.8861267698912,466333.462134784
"(-50, -40]",-43.7844094,0.441897953,-44.98067607211014,-20.17360209081317,9,behavior_087,-20.61550004381317,1656.8123099470934,2745027.0303922235
"(-40, -30]",-35.56805596,3.938167204,-35.150971041301666,-20.686994954220186,8,behavior_087,-24.625162158220185,2229.8205387579746,4972099.635066904
"(-30, -20]",-24.892482045,3.1913109405,-25.34840001316212,-21.49453255022848,9,behavior_087,-24.68584349072848,2492.734231296191,6213723.947875812
"(-20, -10]",-14.861629965,-2.1931205695,-15.07691193525001,-22.194838902884655,10,behavior_087,-20.001718333384655,2152.1074872181644,4631566.636540482
"(-10, 0]",-4.2016837085,-11.19345858,-4.636387626015981,-22.30115995971573,9,behavior_087,-11.10770137971573,1233.1859819119347,1520747.6659841025
"(0, 10]",4.649206505,-23.063146705,5.030044959160001,-22.83785761034167,10,behavior_087,0.2252890946583328,24.996662349340866,624.8331286069553
"(10, 20]",14.48227294,-40.47469647,15.109640620583349,-21.693778063303174,10,behavior_087,18.780918406696824,2024.2602304009101,4097629.4803827456
"(20, 30]",24.69371562,-49.41198452,24.948203428570245,-20.114012632933047,8,behavior_087,29.29797188706695,2963.20366908885,8780575.984501623
"(30, 40]",35.72890237,-46.307643205,34.735764015580365,-18.504278757585016,9,behavior_087,27.80336444741498,2512.5444000293487,6312879.36211884
"(40, 50]",45.949939150000006,-37.711282205,44.01814808334336,-20.995447803892052,10,behavior_087,16.71583440110795,1293.7939752050033,1673902.8502767647
"(50, 60]",52.560148515,-25.18428898,54.82030061581583,-19.06741580550496,10,behavior_087,6.116873174495041,413.9567718192299,171360.208934998
"(60, 70]",62.07117996,-18.12660637,61.0954170794037,-17.16948656355908,3,behavior_087,0.9571198064409216,49.90367762775434,2490.3770407748293
"(-80, -70]",-71.25708173,-20.00285938,-71.35777604351465,-21.28495770392704,2,behavior_088,-1.2820983239270412,45.86015972199107,2103.154249726532
"(-70, -60]",-65.61340604,-35.1199531,-65.27425705485093,-23.02750485695077,9,behavior_088,12.092448243049226,555.8059683339892,308920.2744356834
"(-60, -50]",-58.0693621,-31.43578883,-54.86549813781042,-23.147349911765417,10,behavior_088,8.288438918234583,487.99247728481873,238136.65788657434
"(-50, -40]",-43.7844094,0.441897953,-45.0904744136671,-23.818646222280105,8,behavior_088,-24.260544175280106,1949.754706419655,3801543.4152055946
"(-40, -30]",-35.56805596,3.938167204,-35.323191537905984,-24.334184740175463,9,behavior_088,-28.272351944175462,2560.075366775691,6553985.883571688
"(-30, -20]",-24.892482045,3.1913109405,-25.02678459123356,-24.757036921108583,9,behavior_088,-27.948347861608582,2822.176339608216,7964679.2918444285
"(-20, -10]",-14.861629965,-2.1931205695,-15.272923677451375,-25.027267456443365,9,behavior_088,-22.834146886943365,2456.8658382519334,6036189.747169375
"(-10, 0]",-4.2016837085,-11.19345858,-5.219917593156162,-25.075130621133383,9,behavior_088,-13.881672041133383,1541.1544460391883,2375157.026546357
"(0, 10]",4.649206505,-23.063146705,4.867663292958679,-25.12162819763532,9,behavior_088,-2.0584814926353197,228.39617204644443,52164.811405469045
"(10, 20]",14.48227294,-40.47469647,14.885818934650846,-24.734623051963325,10,behavior_088,15.740073418036673,1696.5094013911978,2878144.14900872
"(20, 30]",24.69371562,-49.41198452,25.326560301380823,-23.41789784588802,9,behavior_088,25.994086674111976,2629.0479526790655,6911893.137485986
"(30, 40]",35.72890237,-46.307643205,35.20518049828358,-21.94070059946699,8,behavior_088,24.36694260553301,2202.000599789308,4848806.641472473
"(40, 50]",45.949939150000006,-37.711282205,44.58544126307676,-21.353602728099563,9,behavior_088,16.35767947690044,1266.0730327733788,1602940.924315981
"(50, 60]",52.560148515,-25.18428898,54.82030061581583,-19.06741580550496,10,behavior_088,6.116873174495041,413.9567718192299,171360.208934998
"(60, 70]",62.07117996,-18.12660637,61.0954170794037,-17.16948656355908,3,behavior_088,0.9571198064409216,49.90367762775434,2490.3770407748293
"(-80, -70]",-71.25708173,-20.00285938,-71.35777604351465,-21.28495770392704,2,behavior_089,-1.2820983239270412,45.86015972199107,2103.154249726532
"(-70, -60]",-65.61340604,-35.1199531,-65.27425705485093,-23.02750485695077,9,behavior_089,12.092448243049226,555.8059683339892,308920.2744356834
"(-60, -50]",-58.0693621,-31.43578883,-54.86549813781042,-23.147349911765417,10,behavior_089,8.288438918234583,487.99247728481873,238136.65788657434
"(-50, -40]",-43.7844094,0.441897953,-45.0904744136671,-23.818646222280105,8,behavior_089,-24.260544175280106,1949.754706419655,3801543.4152055946
"(-40, -30]",-35.56805596,3.938167204,-35.323191537905984,-24.334184740175463,9,behavior_089,-28.272351944175462,2560.075366775691,6553985.883571688
"(-30, -20]",-24.892482045,3.1913109405,-25.02678459123356,-24.757036921108583,9,behavior_089,-27.948347861608582,2822.176339608216,7964679.2918444285
"(-20, -10]",-14.861629965,-2.1931205695,-15.272923677451375,-25.027267456443365,9,behavior_089,-22.834146886943365,2456.8658382519334,6036189.747169375
"(-10, 0]",-4.2016837085,-11.19345858,-5.219917593156162,-25.075130621133383,9,behavior_089,-13.881672041133383,1541.1544460391883,2375157.026546357
"(0, 10]",4.649206505,-23.063146705,4.867663292958679,-25.12162819763532,9,behavior_089,-2.0584814926353197,228.39617204644443,52164.811405469045
"(10, 20]",14.48227294,-40.47469647,14.885818934650846,-24.734623051963325,10,behavior_089,15.740073418036673,1696.5094013911978,2878144.14900872
"(20, 30]",24.69371562,-49.41198452,25.326560301380823,-23.41789784588802,9,behavior_089,25.994086674111976,2629.0479526790655,6911893.137485986
"(30, 40]",35.72890237,-46.307643205,35.20518049828358,-21.94070059946699,8,behavior_089,24.36694260553301,2202.000599789308,4848806.641472473
"(40, 50]",45.949939150000006,-37.711282205,44.58544126307676,-21.353602728099563,9,behavior_089,16.35767947690044,1266.0730327733788,1602940.924315981
"(50, 60]",52.560148515,-25.18428898,54.82030061581583,-19.06741580550496,10,behavior_089,6.116873174495041,413.9567718192299,171360.208934998
"(60, 70]",62.07117996,-18.12660637,61.0954170794037,-17.16948656355908,3,behavior_089,0.9571198064409216,49.90367762775434,2490.3770407748293
"(-80, -70]",-71.25708173,-20.00285938,-71.0498319885632,-19.772798268546946,2,behavior_090,0.23006111145305397,8.229196716160933,67.71967859327388
"(-70, -60]",-65.61340604,-35.1199531,-65.27425705485093,-23.02750485695077,9,behavior_090,12.092448243049226,555.8059683339892,308920.2744356834
"(-60, -50]",-58.0693621,-31.43578883,-55.25044528974507,-16.42782746632734,13,behavior_090,15.00796136367266,883.6129839530039,780771.9054103316
"(-50, -40]",-43.7844094,0.441897953,-42.688278425482046,-0.4718966123999023,19,behavior_090,-0.9137945653999023,73.43921231596167,5393.317905588896
"(-40, -30]",-35.56805596,3.938167204,-35.45632398896109,14.952534767226458,11,behavior_090,11.014367563226457,997.3563973349725,994719.7833049955
"(-30, -20]",-24.892482045,3.1913109405,-24.984828069821933,11.814802858026042,10,behavior_090,8.623491917526042,870.7854566199733,758267.3114608553
"(-20, -10]",-14.861629965,-2.1931205695,-14.652564197037751,7.544197328464962,10,behavior_090,9.737317897964962,1047.6977229829702,1097670.5187437006
"(-10, 0]",-4.2016837085,-11.19345858,-6.979288376567183,-7.16000440072303,25,behavior_090,4.03345417927697,447.7973419101552,200522.45942180042
"(0, 10]",4.649206505,-23.063146705,4.931131602086992,-16.320570965077117,12,behavior_090,6.742575739922884,748.1138374288176,559674.3137524714
"(10, 20]",14.48227294,-40.47469647,14.371738951201092,-19.124574660383047,11,behavior_090,21.35012180961695,2301.1762022251337,5295411.91368729
"(20, 30]",24.69371562,-49.41198452,24.80575462733373,-18.81524801316166,9,behavior_090,30.596736506838337,3094.561023837634,9576307.930255026
"(30, 40]",35.72890237,-46.307643205,35.13217005329357,-17.43667469083722,9,behavior_090,28.87096851416278,2609.0220268442267,6806995.9365583565
"(40, 50]",45.949939150000006,-37.711282205,44.01814808334336,-20.747397199022522,10,behavior_090,16.96388500597748,1312.9929197760791,1723950.4073821134
"(50, 60]",52.560148515,-25.18428898,54.82030061581583,-19.06741580550496,10,behavior_090,6.116873174495041,413.9567718192299,171360.208934998
"(60, 70]",62.07117996,-18.12660637,61.0954170794037,-17.16948656355908,3,behavior_090,0.9571198064409216,49.90367762775434,2490.3770407748293
"(-80, -70]",-71.25708173,-20.00285938,-71.0498319885632,-19.772798268546946,2,behavior_091,0.23006111145305397,8.229196716160933,67.71967859327388
"(-70, -60]",-65.61340604,-35.1199531,-65.27425705485093,-23.02750485695077,9,behavior_091,12.092448243049226,555.8059683339892,308920.2744356834
"(-60, -50]",-58.0693621,-31.43578883,-54.94686993909407,-15.662445232847684,14,behavior_091,15.773343597152316,928.6758451105884,862438.8252918656
"(-50, -40]",-43.7844094,0.441897953,-43.9881057847841,3.019216903875793,15,behavior_091,2.577318950875793,207.13219448452978,42903.74599197707
"(-40, -30]",-35.56805596,3.938167204,-35.45632398896109,14.952534767226458,11,behavior_091,11.014367563226457,997.3563973349725,994719.7833049955
"(-30, -20]",-24.892482045,3.1913109405,-24.984828069821933,11.814802858026042,10,behavior_091,8.623491917526042,870.7854566199733,758267.3114608553
"(-20, -10]",-14.861629965,-2.1931205695,-14.652564197037751,7.544197328464962,10,behavior_091,9.737317897964962,1047.6977229829702,1097670.5187437006
"(-10, 0]",-4.2016837085,-11.19345858,-6.979288376567183,-7.16000440072303,25,behavior_091,4.03345417927697,447.7973419101552,200522.45942180042
"(0, 10]",4.649206505,-23.063146705,3.533457234700141,-19.71741831421356,13,behavior_091,3.345728390786441,371.22099950699464,137805.03047497213
"(10, 20]",14.48227294,-40.47469647,14.889857017366243,-19.72878865935555,10,behavior_091,20.745907810644447,2236.0523173178112,4999929.965782354
"(20, 30]",24.69371562,-49.41198452,24.80575462733373,-18.81524801316166,9,behavior_091,30.596736506838337,3094.561023837634,9576307.930255026
"(30, 40]",35.72890237,-46.307643205,35.13217005329357,-17.43667469083722,9,behavior_091,28.87096851416278,2609.0220268442267,6806995.9365583565
"(40, 50]",45.949939150000006,-37.711282205,44.01814808334336,-20.747397199022522,10,behavior_091,16.96388500597748,1312.9929197760791,1723950.4073821134
"(50, 60]",52.560148515,-25.18428898,54.82030061581583,-19.06741580550496,10,behavior_091,6.116873174495041,413.9567718192299,171360.208934998
"(60, 70]",62.07117996,-18.12660637,61.0954170794037,-17.16948656355908,3,behavior_091,0.9571198064409216,49.90367762775434,2490.3770407748293
"(-80, -70]",-71.25708173,-20.00285938,-71.0498319885632,-19.772798268546946,2,behavior_092,0.23006111145305397,8.229196716160933,67.71967859327388
"(-70, -60]",-65.61340604,-35.1199531,-64.63638701434706,-18.778369620207002,10,behavior_092,16.341583479792995,751.1092416970117,564165.09296266
"(-60, -50]",-58.0693621,-31.43578883,-55.37937926738891,-6.151893883454068,13,behavior_092,25.28389494654593,1488.6217600312723,2215994.7444386026
"(-50, -40]",-43.7844094,0.441897953,-45.525400517689945,8.127989318455269,11,behavior_092,7.686091365455269,617.7104975673884,381566.2588049506
"(-40, -30]",-35.56805596,3.938167204,-35.45632398896109,14.952534767226458,11,behavior_092,11.014367563226457,997.3563973349725,994719.7833049955
"(-30, -20]",-24.892482045,3.1913109405,-24.984828069821933,11.814802858026042,10,behavior_092,8.623491917526042,870.7854566199733,758267.3114608553
"(-20, -10]",-14.861629965,-2.1931205695,-14.652564197037751,7.544197328464962,10,behavior_092,9.737317897964962,1047.6977229829702,1097670.5187437006
"(-10, 0]",-4.2016837085,-11.19345858,-6.979288376567183,-7.16000440072303,25,behavior_092,4.03345417927697,447.7973419101552,200522.45942180042
"(0, 10]",4.649206505,-23.063146705,3.533457234700141,-19.71741831421356,13,behavior_092,3.345728390786441,371.22099950699464,137805.03047497213
"(10, 20]",14.48227294,-40.47469647,14.889857017366243,-19.72878865935555,10,behavior_092,20.745907810644447,2236.0523173178112,4999929.965782354
"(20, 30]",24.69371562,-49.41198452,24.80575462733373,-18.81524801316166,9,behavior_092,30.596736506838337,3094.561023837634,9576307.930255026
"(30, 40]",35.72890237,-46.307643205,35.13217005329357,-17.43667469083722,9,behavior_092,28.87096851416278,2609.0220268442267,6806995.9365583565
"(40, 50]",45.949939150000006,-37.711282205,44.01814808334336,-20.747397199022522,10,behavior_092,16.96388500597748,1312.9929197760791,1723950.4073821134
"(50, 60]",52.560148515,-25.18428898,54.82030061581583,-19.06741580550496,10,behavior_092,6.116873174495041,413.9567718192299,171360.208934998
"(60, 70]",62.07117996,-18.12660637,61.0954170794037,-17.16948656355908,3,behavior_092,0.9571198064409216,49.90367762775434,2490.3770407748293
"(-80, -70]",-71.25708173,-20.00285938,-71.35777604351465,-21.28495770392704,2,behavior_093,-1.2820983239270412,45.86015972199107,2103.154249726532
"(-70, -60]",-65.61340604,-35.1199531,-65.27425705485093,-23.02750485695077,9,behavior_093,12.092448243049226,555.8059683339892,308920.2744356834
"(-60, -50]",-58.0693621,-31.43578883,-54.86549813781042,-23.147349911765417,10,behavior_093,8.288438918234583,487.99247728481873,238136.65788657434
"(-50, -40]",-43.7844094,0.441897953,-45.0904744136671,-23.818646222280105,8,behavior_093,-24.260544175280106,1949.754706419655,3801543.4152055946
"(-40, -30]",-35.56805596,3.938167204,-35.323191537905984,-24.334184740175463,9,behavior_093,-28.272351944175462,2560.075366775691,6553985.883571688
"(-30, -20]",-24.892482045,3.1913109405,-25.02678459123356,-24.757036921108583,9,behavior_093,-27.948347861608582,2822.176339608216,7964679.2918444285
"(-20, -10]",-14.861629965,-2.1931205695,-15.272923677451375,-25.027267456443365,9,behavior_093,-22.834146886943365,2456.8658382519334,6036189.747169375
"(-10, 0]",-4.2016837085,-11.19345858,-5.219917593156162,-25.075130621133383,9,behavior_093,-13.881672041133383,1541.1544460391883,2375157.026546357
"(0, 10]",4.649206505,-23.063146705,4.78171680296466,-23.28499623601501,11,behavior_093,-0.22184953101501037,24.61502997982209,605.8997009075403
"(10, 20]",14.48227294,-40.47469647,15.109640620583349,-21.693778063303174,10,behavior_093,18.780918406696824,2024.2602304009101,4097629.4803827456
"(20, 30]",24.69371562,-49.41198452,24.948203428570245,-20.114012632933047,8,behavior_093,29.29797188706695,2963.20366908885,8780575.984501623
"(30, 40]",35.72890237,-46.307643205,34.735764015580365,-18.26467953172381,9,behavior_093,28.042963673276187,2534.1965887177907,6422152.350268887
"(40, 50]",45.949939150000006,-37.711282205,44.01814808334336,-20.747397199022522,10,behavior_093,16.96388500597748,1312.9929197760791,1723950.4073821134
"(50, 60]",52.560148515,-25.18428898,54.82030061581583,-19.06741580550496,10,behavior_093,6.116873174495041,413.9567718192299,171360.208934998
"(60, 70]",62.07117996,-18.12660637,61.0954170794037,-17.16948656355908,3,behavior_093,0.9571198064409216,49.90367762775434,2490.3770407748293
"(-80, -70]",-71.25708173,-20.00285938,-71.0498319885632,-19.772798268546946,2,behavior_094,0.23006111145305397,8.229196716160933,67.71967859327388
"(-70, -60]",-65.61340604,-35.1199531,-65.2032742104729,-18.87518938179012,9,behavior_094,16.244763718209878,746.6591088323537,557499.8248023246
"(-60, -50]",-58.0693621,-31.43578883,-54.844028618037584,-19.837126528206923,10,behavior_094,11.598662301793077,682.8861267698912,466333.462134784
"(-50, -40]",-43.7844094,0.441897953,-44.98067607211014,-20.17360209081317,9,behavior_094,-20.61550004381317,1656.8123099470934,2745027.0303922235
"(-40, -30]",-35.56805596,3.938167204,-35.150971041301666,-20.686994954220186,8,behavior_094,-24.625162158220185,2229.8205387579746,4972099.635066904
"(-30, -20]",-24.892482045,3.1913109405,-25.34840001316212,-21.49453255022848,9,behavior_094,-24.68584349072848,2492.734231296191,6213723.947875812
"(-20, -10]",-14.861629965,-2.1931205695,-15.07691193525001,-22.194838902884655,10,behavior_094,-20.001718333384655,2152.1074872181644,4631566.636540482
"(-10, 0]",-4.2016837085,-11.19345858,-4.636387626015981,-22.30115995971573,9,behavior_094,-11.10770137971573,1233.1859819119347,1520747.6659841025
"(0, 10]",4.649206505,-23.063146705,5.030044959160001,-22.83785761034167,10,behavior_094,0.2252890946583328,24.996662349340866,624.8331286069553
"(10, 20]",14.48227294,-40.47469647,15.109640620583349,-21.693778063303174,10,behavior_094,18.780918406696824,2024.2602304009101,4097629.4803827456
"(20, 30]",24.69371562,-49.41198452,24.948203428570245,-20.114012632933047,8,behavior_094,29.29797188706695,2963.20366908885,8780575.984501623
"(30, 40]",35.72890237,-46.307643205,34.735764015580365,-18.26467953172381,9,behavior_094,28.042963673276187,2534.1965887177907,6422152.350268887
"(40, 50]",45.949939150000006,-37.711282205,44.01814808334336,-20.747397199022522,10,behavior_094,16.96388500597748,1312.9929197760791,1723950.4073821134
"(50, 60]",52.560148515,-25.18428898,54.82030061581583,-19.06741580550496,10,behavior_094,6.116873174495041,413.9567718192299,171360.208934998
"(60, 70]",62.07117996,-18.12660637,61.0954170794037,-17.16948656355908,3,behavior_094,0.9571198064409216,49.90367762775434,2490.3770407748293
"(-80, -70]",-71.25708173,-20.00285938,-71.0498319885632,-19.772798268546946,2,behavior_095,0.23006111145305397,8.229196716160933,67.71967859327388
"(-70, -60]",-65.61340604,-35.1199531,-64.68753737032831,-20.69147671310828,9,behavior_095,14.428476386891717,663.1769786081195,439803.7049557942
"(-60, -50]",-58.0693621,-31.43578883,-54.59523701257965,-20.841961175492173,10,behavior_095,10.593827654507827,623.7251974769732,389033.12196768925
"(-50, -40]",-43.7844094,0.441897953,-44.98067607211014,-20.17360209081317,9,behavior_095,-20.61550004381317,1656.8123099470934,2745027.0303922235
"(-40, -30]",-35.56805596,3.938167204,-35.150971041301666,-20.686994954220186,8,behavior_095,-24.625162158220185,2229.8205387579746,4972099.635066904
"(-30, -20]",-24.892482045,3.1913109405,-25.34840001316212,-21.49453255022848,9,behavior_095,-24.68584349072848,2492.734231296191,6213723.947875812
"(-20, -10]",-14.861629965,-2.1931205695,-15.07691193525001,-22.194838902884655,10,behavior_095,-20.001718333384655,2152.1074872181644,4631566.636540482
"(-10, 0]",-4.2016837085,-11.19345858,-5.203058250291727,-23.212704223437992,9,behavior_095,-12.019245643437992,1334.3863625746078,1780586.9646250927
"(0, 10]",4.649206505,-23.063146705,5.030044959160001,-22.83785761034167,10,behavior_095,0.2252890946583328,24.996662349340866,624.8331286069553
"(10, 20]",14.48227294,-40.47469647,15.109640620583349,-21.693778063303174,10,behavior_095,18.780918406696824,2024.2602304009101,4097629.4803827456
"(20, 30]",24.69371562,-49.41198452,24.948203428570245,-20.114012632933047,8,behavior_095,29.29797188706695,2963.20366908885,8780575.984501623
"(30, 40]",35.72890237,-46.307643205,34.735764015580365,-18.26467953172381,9,behavior_095,28.042963673276187,2534.1965887177907,6422152.350268887
"(40, 50]",45.949939150000006,-37.711282205,44.01814808334336,-20.747397199022522,10,behavior_095,16.96388500597748,1312.9929197760791,1723950.4073821134
"(50, 60]",52.560148515,-25.18428898,54.82030061581583,-19.06741580550496,10,behavior_095,6.116873174495041,413.9567718192299,171360.208934998
"(60, 70]",62.07117996,-18.12660637,61.0954170794037,-17.16948656355908,3,behavior_095,0.9571198064409216,49.90367762775434,2490.3770407748293
"(-80, -70]",-71.25708173,-20.00285938,-71.0498319885632,-19.772798268546946,2,behavior_096,0.23006111145305397,8.229196716160933,67.71967859327388
"(-70, -60]",-65.61340604,-35.1199531,-65.27425705485093,-23.02750485695077,9,behavior_096,12.092448243049226,555.8059683339892,308920.2744356834
"(-60, -50]",-58.0693621,-31.43578883,-55.25044528974507,-16.42782746632734,13,behavior_096,15.00796136367266,883.6129839530039,780771.9054103316
"(-50, -40]",-43.7844094,0.441897953,-42.44012452352031,-0.4718966123999023,19,behavior_096,-0.9137945653999023,73.43921231596167,5393.317905588896
"(-40, -30]",-35.56805596,3.938167204,-35.45632398896109,14.952534767226458,11,behavior_096,11.014367563226457,997.3563973349725,994719.7833049955
"(-30, -20]",-24.892482045,3.1913109405,-24.984828069821933,11.814802858026042,10,behavior_096,8.623491917526042,870.7854566199733,758267.3114608553
"(-20, -10]",-14.861629965,-2.1931205695,-14.652564197037751,7.544197328464962,10,behavior_096,9.737317897964962,1047.6977229829702,1097670.5187437006
"(-10, 0]",-4.2016837085,-11.19345858,-6.979288376567183,-7.16000440072303,25,behavior_096,4.03345417927697,447.7973419101552,200522.45942180042
"(0, 10]",4.649206505,-23.063146705,3.533457234700141,-19.71741831421356,13,behavior_096,3.345728390786441,371.22099950699464,137805.03047497213
"(10, 20]",14.48227294,-40.47469647,14.889857017366243,-19.72878865935555,10,behavior_096,20.745907810644447,2236.0523173178112,4999929.965782354
"(20, 30]",24.69371562,-49.41198452,24.80575462733373,-18.81524801316166,9,behavior_096,30.596736506838337,3094.561023837634,9576307.930255026
"(30, 40]",35.72890237,-46.307643205,35.13217005329357,-16.927225107826082,9,behavior_096,29.380418097173916,2655.060149292063,7049344.396358793
"(40, 50]",45.949939150000006,-37.711282205,44.62709747387851,-16.08598066722433,9,behavior_096,21.625301537775673,1673.7833224592837,2801550.6105428385
"(50, 60]",52.560148515,-25.18428898,55.18936905834825,-13.868291141359824,11,behavior_096,11.315997838640177,765.8053063334228,586457.7672084275
"(60, 70]",62.07117996,-18.12660637,61.0954170794037,-16.777963867895608,3,behavior_096,1.3486425021043935,70.31744637107758,4944.543264149372
"(-80, -70]",-71.25708173,-20.00285938,-71.0498319885632,-19.772798268546946,2,behavior_097,0.23006111145305397,8.229196716160933,67.71967859327388
"(-70, -60]",-65.61340604,-35.1199531,-64.63638701434706,-18.778369620207002,10,behavior_097,16.341583479792995,751.1092416970117,564165.09296266
"(-60, -50]",-58.0693621,-31.43578883,-55.37937926738891,-6.151893883454068,13,behavior_097,25.28389494654593,1488.6217600312723,2215994.7444386026
"(-50, -40]",-43.7844094,0.441897953,-45.525400517689945,8.127989318455269,11,behavior_097,7.686091365455269,617.7104975673884,381566.2588049506
"(-40, -30]",-35.56805596,3.938167204,-35.45632398896109,14.952534767226458,11,behavior_097,11.014367563226457,997.3563973349725,994719.7833049955
"(-30, -20]",-24.892482045,3.1913109405,-24.984828069821933,11.814802858026042,10,behavior_097,8.623491917526042,870.7854566199733,758267.3114608553
"(-20, -10]",-14.861629965,-2.1931205695,-14.652564197037751,7.544197328464962,10,behavior_097,9.737317897964962,1047.6977229829702,1097670.5187437006
"(-10, 0]",-4.2016837085,-11.19345858,-6.979288376567183,-7.16000440072303,25,behavior_097,4.03345417927697,447.7973419101552,200522.45942180042
"(0, 10]",4.649206505,-23.063146705,3.533457234700141,-19.71741831421356,13,behavior_097,3.345728390786441,371.22099950699464,137805.03047497213
"(10, 20]",14.48227294,-40.47469647,14.889857017366243,-19.72878865935555,10,behavior_097,20.745907810644447,2236.0523173178112,4999929.965782354
"(20, 30]",24.69371562,-49.41198452,24.80575462733373,-18.81524801316166,9,behavior_097,30.596736506838337,3094.561023837634,9576307.930255026
"(30, 40]",35.72890237,-46.307643205,35.13217005329357,-16.927225107826082,9,behavior_097,29.380418097173916,2655.060149292063,7049344.396358793
"(40, 50]",45.949939150000006,-37.711282205,44.62709747387851,-16.08598066722433,9,behavior_097,21.625301537775673,1673.7833224592837,2801550.6105428385
"(50, 60]",52.560148515,-25.18428898,55.18936905834825,-13.868291141359824,11,behavior_097,11.315997838640177,765.8053063334228,586457.7672084275
"(60, 70]",62.07117996,-18.12660637,61.0954170794037,-16.777963867895608,3,behavior_097,1.3486425021043935,70.31744637107758,4944.543264149372
"(-80, -70]",-71.25708173,-20.00285938,-71.0498319885632,-19.772798268546946,2,behavior_098,0.23006111145305397,8.229196716160933,67.71967859327388
"(-70, -60]",-65.61340604,-35.1199531,-64.63638701434706,-18.778369620207002,10,behavior_098,16.341583479792995,751.1092416970117,564165.09296266
"(-60, -50]",-58.0693621,-31.43578883,-55.37937926738891,-6.151893883454068,13,behavior_098,25.28389494654593,1488.6217600312723,2215994.7444386026
"(-50, -40]",-43.7844094,0.441897953,-45.525400517689945,7.579995917590878,11,behavior_098,7.138097964590878,573.669741321247,329096.97210758645
"(-40, -30]",-35.56805596,3.938167204,-35.45632398896109,14.952534767226458,11,behavior_098,11.014367563226457,997.3563973349725,994719.7833049955
"(-30, -20]",-24.892482045,3.1913109405,-24.984828069821933,11.814802858026042,10,behavior_098,8.623491917526042,870.7854566199733,758267.3114608553
"(-20, -10]",-14.861629965,-2.1931205695,-14.652564197037751,7.544197328464962,10,behavior_098,9.737317897964962,1047.6977229829702,1097670.5187437006
"(-10, 0]",-4.2016837085,-11.19345858,-6.979288376567183,-7.16000440072303,25,behavior_098,4.03345417927697,447.7973419101552,200522.45942180042
"(0, 10]",4.649206505,-23.063146705,3.533457234700141,-19.71741831421356,13,behavior_098,3.345728390786441,371.22099950699464,137805.03047497213
"(10, 20]",14.48227294,-40.47469647,14.889857017366243,-19.72878865935555,10,behavior_098,20.745907810644447,2236.0523173178112,4999929.965782354
"(20, 30]",24.69371562,-49.41198452,24.80575462733373,-18.81524801316166,9,behavior_098,30.596736506838337,3094.561023837634,9576307.930255026
"(30, 40]",35.72890237,-46.307643205,35.13217005329357,-16.927225107826082,9,behavior_098,29.380418097173916,2655.060149292063,7049344.396358793
"(40, 50]",45.949939150000006,-37.711282205,44.62709747387851,-16.08598066722433,9,behavior_098,21.625301537775673,1673.7833224592837,2801550.6105428385
"(50, 60]",52.560148515,-25.18428898,55.18936905834825,-13.868291141359824,11,behavior_098,11.315997838640177,765.8053063334228,586457.7672084275
"(60, 70]",62.07117996,-18.12660637,61.0954170794037,-16.777963867895608,3,behavior_098,1.3486425021043935,70.31744637107758,4944.543264149372
"(-80, -70]",-71.25708173,-20.00285938,-71.35777604351465,-21.28495770392704,2,behavior_099,-1.2820983239270412,45.86015972199107,2103.154249726532
"(-70, -60]",-65.61340604,-35.1199531,-65.27425705485093,-23.02750485695077,9,behavior_099,12.092448243049226,555.8059683339892,308920.2744356834
"(-60, -50]",-58.0693621,-31.43578883,-54.86549813781042,-23.147349911765417,10,behavior_099,8.288438918234583,487.99247728481873,238136.65788657434
"(-50, -40]",-43.7844094,0.441897953,-45.0904744136671,-23.818646222280105,8,behavior_099,-24.260544175280106,1949.754706419655,3801543.4152055946
"(-40, -30]",-35.56805596,3.938167204,-35.323191537905984,-24.334184740175463,9,behavior_099,-28.272351944175462,2560.075366775691,6553985.883571688
"(-30, -20]",-24.892482045,3.1913109405,-25.02678459123356,-24.757036921108583,9,behavior_099,-27.948347861608582,2822.176339608216,7964679.2918444285
"(-20, -10]",-14.861629965,-2.1931205695,-15.272923677451375,-25.027267456443365,9,behavior_099,-22.834146886943365,2456.8658382519334,6036189.747169375
"(-10, 0]",-4.2016837085,-11.19345858,-5.219917593156162,-25.075130621133383,9,behavior_099,-13.881672041133383,1541.1544460391883,2375157.026546357
"(0, 10]",4.649206505,-23.063146705,4.78171680296466,-23.28499623601501,11,behavior_099,-0.22184953101501037,24.61502997982209,605.8997009075403
"(10, 20]",14.48227294,-40.47469647,15.109640620583349,-21.693778063303174,10,behavior_099,18.780918406696824,2024.2602304009101,4097629.4803827456
"(20, 30]",24.69371562,-49.41198452,24.948203428570245,-20.114012632933047,8,behavior_099,29.29797188706695,2963.20366908885,8780575.984501623
"(30, 40]",35.72890237,-46.307643205,34.735764015580365,-18.26467953172381,9,behavior_099,28.042963673276187,2534.1965887177907,6422152.350268887
"(40, 50]",45.949939150000006,-37.711282205,44.01814808334336,-20.747397199022522,10,behavior_099,16.96388500597748,1312.9929197760791,1723950.4073821134
"(50, 60]",52.560148515,-25.18428898,54.82030061581583,-19.06741580550496,10,behavior_099,6.116873174495041,413.9567718192299,171360.208934998
"(60, 70]",62.07117996,-18.12660637,61.0954170794037,-17.16948656355908,3,behavior_099,0.9571198064409216,49.90367762775434,2490.3770407748293
"(-80, -70]",-71.25708173,-20.00285938,-71.0498319885632,-19.772798268546946,2,behavior_100,0.23006111145305397,8.229196716160933,67.71967859327388
"(-70, -60]",-65.61340604,-35.1199531,-64.68753737032831,-20.69147671310828,9,behavior_100,14.428476386891717,663.1769786081195,439803.7049557942
"(-60, -50]",-58.0693621,-31.43578883,-54.844028618037584,-20.131447033367458,10,behavior_100,11.304341796632542,665.5576293476528,442966.95798286755
"(-50, -40]",-43.7844094,0.441897953,-44.98067607211014,-20.17360209081317,9,behavior_100,-20.61550004381317,1656.8123099470934,2745027.0303922235
"(-40, -30]",-35.56805596,3.938167204,-35.150971041301666,-20.686994954220186,8,behavior_100,-24.625162158220185,2229.8205387579746,4972099.635066904
"(-30, -20]",-24.892482045,3.1913109405,-25.34840001316212,-21.49453255022848,9,behavior_100,-24.68584349072848,2492.734231296191,6213723.947875812
"(-20, -10]",-14.861629965,-2.1931205695,-15.07691193525001,-22.194838902884655,10,behavior_100,-20.001718333384655,2152.1074872181644,4631566.636540482
"(-10, 0]",-4.2016837085,-11.19345858,-5.203058250291727,-23.212704223437992,9,behavior_100,-12.019245643437992,1334.3863625746078,1780586.9646250927
"(0, 10]",4.649206505,-23.063146705,5.030044959160001,-22.83785761034167,10,behavior_100,0.2252890946583328,24.996662349340866,624.8331286069553
"(10, 20]",14.48227294,-40.47469647,15.109640620583349,-21.693778063303174,10,behavior_100,18.780918406696824,2024.2602304009101,4097629.4803827456
"(20, 30]",24.69371562,-49.41198452,24.948203428570245,-20.114012632933047,8,behavior_100,29.29797188706695,2963.20366908885,8780575.984501623
"(30, 40]",35.72890237,-46.307643205,34.735764015580365,-18.26467953172381,9,behavior_100,28.042963673276187,2534.1965887177907,6422152.350268887
"(40, 50]",45.949939150000006,-37.711282205,44.01814808334336,-20.747397199022522,10,behavior_100,16.96388500597748,1312.9929197760791,1723950.4073821134
"(50, 60]",52.560148515,-25.18428898,54.82030061581583,-19.06741580550496,10,behavior_100,6.116873174495041,413.9567718192299,171360.208934998
"(60, 70]",62.07117996,-18.12660637,61.0954170794037,-17.16948656355908,3,behavior_100,0.9571198064409216,49.90367762775434,2490.3770407748293
"(-80, -70]",-71.25708173,-20.00285938,-71.35777604351465,-21.28495770392704,2,behavior_101,-1.2820983239270412,45.86015972199107,2103.154249726532
"(-70, -60]",-65.61340604,-35.1199531,-65.27425705485093,-23.02750485695077,9,behavior_101,12.092448243049226,555.8059683339892,308920.2744356834
"(-60, -50]",-58.0693621,-31.43578883,-55.25044528974507,-16.42782746632734,13,behavior_101,15.00796136367266,883.6129839530039,780771.9054103316
"(-50, -40]",-43.7844094,0.441897953,-42.44012452352031,-0.4718966123999023,19,behavior_101,-0.9137945653999023,73.43921231596167,5393.317905588896
"(-40, -30]",-35.56805596,3.938167204,-35.45632398896109,14.952534767226458,11,behavior_101,11.014367563226457,997.3563973349725,994719.7833049955
"(-30, -20]",-24.892482045,3.1913109405,-24.984828069821933,11.814802858026042,10,behavior_101,8.623491917526042,870.7854566199733,758267.3114608553
"(-20, -10]",-14.861629965,-2.1931205695,-14.652564197037751,7.544197328464962,10,behavior_101,9.737317897964962,1047.6977229829702,1097670.5187437006
"(-10, 0]",-4.2016837085,-11.19345858,-6.979288376567183,-7.16000440072303,25,behavior_101,4.03345417927697,447.7973419101552,200522.45942180042
"(0, 10]",4.649206505,-23.063146705,3.533457234700141,-19.71741831421356,13,behavior_101,3.345728390786441,371.22099950699464,137805.03047497213
"(10, 20]",14.48227294,-40.47469647,14.889857017366243,-19.72878865935555,10,behavior_101,20.745907810644447,2236.0523173178112,4999929.965782354
"(20, 30]",24.69371562,-49.41198452,24.80575462733373,-18.81524801316166,9,behavior_101,30.596736506838337,3094.561023837634,9576307.930255026
"(30, 40]",35.72890237,-46.307643205,35.13217005329357,-16.927225107826082,9,behavior_101,29.380418097173916,2655.060149292063,7049344.396358793
"(40, 50]",45.949939150000006,-37.711282205,44.62709747387851,-16.08598066722433,9,behavior_101,21.625301537775673,1673.7833224592837,2801550.6105428385
"(50, 60]",52.560148515,-25.18428898,55.18936905834825,-13.868291141359824,11,behavior_101,11.315997838640177,765.8053063334228,586457.7672084275
"(60, 70]",62.07117996,-18.12660637,61.0954170794037,-16.777963867895608,3,behavior_101,1.3486425021043935,70.31744637107758,4944.543264149372
"(-80, -70]",-71.25708173,-20.00285938,-71.0498319885632,-19.772798268546946,2,behavior_102,0.23006111145305397,8.229196716160933,67.71967859327388
"(-70, -60]",-65.61340604,-35.1199531,-64.63638701434706,-18.778369620207002,10,behavior_102,16.341583479792995,751.1092416970117,564165.09296266
"(-60, -50]",-58.0693621,-31.43578883,-55.37937926738891,-6.151893883454068,13,behavior_102,25.28389494654593,1488.6217600312723,2215994.7444386026
"(-50, -40]",-43.7844094,0.441897953,-45.525400517689945,7.579995917590878,11,behavior_102,7.138097964590878,573.669741321247,329096.97210758645
"(-40, -30]",-35.56805596,3.938167204,-35.45632398896109,14.952534767226458,11,behavior_102,11.014367563226457,997.3563973349725,994719.7833049955
"(-30, -20]",-24.892482045,3.1913109405,-24.984828069821933,11.814802858026042,10,behavior_102,8.623491917526042,870.7854566199733,758267.3114608553
"(-20, -10]",-14.861629965,-2.1931205695,-14.652564197037751,7.544197328464962,10,behavior_102,9.737317897964962,1047.6977229829702,1097670.5187437006
"(-10, 0]",-4.2016837085,-11.19345858,-6.979288376567183,-7.16000440072303,25,behavior_102,4.03345417927697,447.7973419101552,200522.45942180042
"(0, 10]",4.649206505,-23.063146705,3.533457234700141,-19.71741831421356,13,behavior_102,3.345728390786441,371.22099950699464,137805.03047497213
"(10, 20]",14.48227294,-40.47469647,14.889857017366243,-19.72878865935555,10,behavior_102,20.745907810644447,2236.0523173178112,4999929.965782354
"(20, 30]",24.69371562,-49.41198452,24.80575462733373,-18.81524801316166,9,behavior_102,30.596736506838337,3094.561023837634,9576307.930255026
"(30, 40]",35.72890237,-46.307643205,35.13217005329357,-16.927225107826082,9,behavior_102,29.380418097173916,2655.060149292063,7049344.396358793
"(40, 50]",45.949939150000006,-37.711282205,44.62709747387851,-16.08598066722433,9,behavior_102,21.625301537775673,1673.7833224592837,2801550.6105428385
"(50, 60]",52.560148515,-25.18428898,55.18936905834825,-13.868291141359824,11,behavior_102,11.315997838640177,765.8053063334228,586457.7672084275
"(60, 70]",62.07117996,-18.12660637,61.0954170794037,-16.777963867895608,3,behavior_102,1.3486425021043935,70.31744637107758,4944.543264149372
"(-80, -70]",-71.25708173,-20.00285938,-71.0498319885632,-19.772798268546946,2,behavior_103,0.23006111145305397,8.229196716160933,67.71967859327388
"(-70, -60]",-65.61340604,-35.1199531,-64.63638701434706,-18.778369620207002,10,behavior_103,16.341583479792995,751.1092416970117,564165.09296266
"(-60, -50]",-58.0693621,-31.43578883,-55.37937926738891,-6.151893883454068,13,behavior_103,25.28389494654593,1488.6217600312723,2215994.7444386026
"(-50, -40]",-43.7844094,0.441897953,-45.38946312588267,7.139088172469722,11,behavior_103,6.697190219469722,538.2351713076531,289697.09963257867
"(-40, -30]",-35.56805596,3.938167204,-35.45632398896109,14.952534767226458,11,behavior_103,11.014367563226457,997.3563973349725,994719.7833049955
"(-30, -20]",-24.892482045,3.1913109405,-24.984828069821933,11.814802858026042,10,behavior_103,8.623491917526042,870.7854566199733,758267.3114608553
"(-20, -10]",-14.861629965,-2.1931205695,-14.652564197037751,7.544197328464962,10,behavior_103,9.737317897964962,1047.6977229829702,1097670.5187437006
"(-10, 0]",-4.2016837085,-11.19345858,-6.979288376567183,-7.16000440072303,25,behavior_103,4.03345417927697,447.7973419101552,200522.45942180042
"(0, 10]",4.649206505,-23.063146705,3.533457234700141,-19.71741831421356,13,behavior_103,3.345728390786441,371.22099950699464,137805.03047497213
"(10, 20]",14.48227294,-40.47469647,14.889857017366243,-19.72878865935555,10,behavior_103,20.745907810644447,2236.0523173178112,4999929.965782354
"(20, 30]",24.69371562,-49.41198452,24.80575462733373,-18.81524801316166,9,behavior_103,30.596736506838337,3094.561023837634,9576307.930255026
"(30, 40]",35.72890237,-46.307643205,35.13217005329357,-16.927225107826082,9,behavior_103,29.380418097173916,2655.060149292063,7049344.396358793
"(40, 50]",45.949939150000006,-37.711282205,44.62709747387851,-16.08598066722433,9,behavior_103,21.625301537775673,1673.7833224592837,2801550.6105428385
"(50, 60]",52.560148515,-25.18428898,55.18936905834825,-13.868291141359824,11,behavior_103,11.315997838640177,765.8053063334228,586457.7672084275
"(60, 70]",62.07117996,-18.12660637,61.0954170794037,-16.777963867895608,3,behavior_103,1.3486425021043935,70.31744637107758,4944.543264149372
"(-80, -70]",-71.25708173,-20.00285938,-71.0498319885632,-19.772798268546946,2,behavior_104,0.23006111145305397,8.229196716160933,67.71967859327388
"(-70, -60]",-65.61340604,-35.1199531,-64.68753737032831,-20.69147671310828,9,behavior_104,14.428476386891717,663.1769786081195,439803.7049557942
"(-60, -50]",-58.0693621,-31.43578883,-55.360817147326465,-13.872121616975045,12,behavior_104,17.563667213024956,1034.0834453921252,1069328.5720340484
"(-50, -40]",-43.7844094,0.441897953,-44.855496321416425,-10.056790519128654,10,behavior_104,-10.498688472128654,843.7513648446544,711916.3656772171
"(-40, -30]",-35.56805596,3.938167204,-35.11343282676245,-9.395215149987235,9,behavior_104,-13.333382353987236,1207.3443266284967,1457680.323042018
"(-30, -20]",-24.892482045,3.1913109405,-24.74766985253937,-11.55459463194176,9,behavior_104,-14.74590557244176,1489.0163103275072,2217169.572421343
"(-20, -10]",-14.861629965,-2.1931205695,-14.793839041158185,-13.807067287162084,10,behavior_104,-11.613946717662085,1249.6157215410542,1561539.4515225694
"(-10, 0]",-4.2016837085,-11.19345858,-5.683114054388631,-18.729718166437248,13,behavior_104,-7.536259586437248,836.6816283894096,700036.1472843542
"(0, 10]",4.649206505,-23.063146705,4.736764441517248,-22.381112056004326,10,behavior_104,0.6820346489956748,75.67427911835465,5726.596520082646
"(10, 20]",14.48227294,-40.47469647,15.109640620583349,-21.693778063303174,10,behavior_104,18.780918406696824,2024.2602304009101,4097629.4803827456
"(20, 30]",24.69371562,-49.41198452,24.948203428570245,-20.114012632933047,8,behavior_104,29.29797188706695,2963.20366908885,8780575.984501623
"(30, 40]",35.72890237,-46.307643205,34.735764015580365,-18.26467953172381,9,behavior_104,28.042963673276187,2534.1965887177907,6422152.350268887
"(40, 50]",45.949939150000006,-37.711282205,44.62709747387851,-16.67863416719104,9,behavior_104,21.032648037808965,1627.9123530992222,2650098.6293730466
"(50, 60]",52.560148515,-25.18428898,55.18936905834825,-13.868291141359824,11,behavior_104,11.315997838640177,765.8053063334228,586457.7672084275
"(60, 70]",62.07117996,-18.12660637,61.0954170794037,-16.777963867895608,3,behavior_104,1.3486425021043935,70.31744637107758,4944.543264149372
"(-80, -70]",-71.25708173,-20.00285938,-71.0498319885632,-19.772798268546946,2,behavior_105,0.23006111145305397,8.229196716160933,67.71967859327388
"(-70, -60]",-65.61340604,-35.1199531,-65.27425705485093,-23.02750485695077,9,behavior_105,12.092448243049226,555.8059683339892,308920.2744356834
"(-60, -50]",-58.0693621,-31.43578883,-54.94686993909407,-15.662445232847684,14,behavior_105,15.773343597152316,928.6758451105884,862438.8252918656
"(-50, -40]",-43.7844094,0.441897953,-44.847590448995575,1.957400310855317,13,behavior_105,1.515502357855317,121.79684979322491,14834.47261955339
"(-40, -30]",-35.56805596,3.938167204,-35.239463162466706,13.326311412558082,11,behavior_105,9.388144208558082,850.1010731446717,722671.8345617224
"(-30, -20]",-24.892482045,3.1913109405,-24.984828069821933,11.814802858026042,10,behavior_105,8.623491917526042,870.7854566199733,758267.3114608553
"(-20, -10]",-14.861629965,-2.1931205695,-14.652564197037751,7.544197328464962,10,behavior_105,9.737317897964962,1047.6977229829702,1097670.5187437006
"(-10, 0]",-4.2016837085,-11.19345858,-6.979288376567183,-7.16000440072303,25,behavior_105,4.03345417927697,447.7973419101552,200522.45942180042
"(0, 10]",4.649206505,-23.063146705,4.413503593494211,-16.311633984735664,11,behavior_105,6.751512720264337,749.1054286123891,561158.9431765513
"(10, 20]",14.48227294,-40.47469647,14.141544876140044,-17.275014160559007,11,behavior_105,23.19968230944099,2500.5270370692497,6252635.46311432
"(20, 30]",24.69371562,-49.41198452,24.24251390909328,-18.748839965232705,10,behavior_105,30.663144554767293,3101.2775492011856,9617922.437179312
"(30, 40]",35.72890237,-46.307643205,35.70745671001215,-17.593325204874027,10,behavior_105,28.71431800012597,2594.86577706556,6733328.400986052
"(40, 50]",45.949939150000006,-37.711282205,44.58544126307676,-21.353602728099563,9,behavior_105,16.35767947690044,1266.0730327733788,1602940.924315981
"(50, 60]",52.560148515,-25.18428898,54.82030061581583,-19.06741580550496,10,behavior_105,6.116873174495041,413.9567718192299,171360.208934998
"(60, 70]",62.07117996,-18.12660637,61.0954170794037,-17.16948656355908,3,behavior_105,0.9571198064409216,49.90367762775434,2490.3770407748293
"(-80, -70]",-71.25708173,-20.00285938,-71.0498319885632,-19.772798268546946,2,behavior_106,0.23006111145305397,8.229196716160933,67.71967859327388
"(-70, -60]",-65.61340604,-35.1199531,-65.2032742104729,-18.87518938179012,9,behavior_106,16.244763718209878,746.6591088323537,557499.8248023246
"(-60, -50]",-58.0693621,-31.43578883,-54.64329458844306,-14.897062999368028,13,behavior_106,16.53872583063197,973.7387062681729,948167.0680848152
"(-50, -40]",-43.7844094,0.441897953,-45.27226496545334,1.4105044198423253,12,behavior_106,0.9686064668423253,77.84429746298271,6059.734647505336
"(-40, -30]",-35.56805596,3.938167204,-35.10874025094196,12.043254806519482,11,behavior_106,8.105087602519482,733.9196667380164,538638.0772248411
"(-30, -20]",-24.892482045,3.1913109405,-24.984828069821933,11.814802858026042,10,behavior_106,8.623491917526042,870.7854566199733,758267.3114608553
"(-20, -10]",-14.861629965,-2.1931205695,-14.652564197037751,7.544197328464962,10,behavior_106,9.737317897964962,1047.6977229829702,1097670.5187437006
"(-10, 0]",-4.2016837085,-11.19345858,-6.979288376567183,-7.16000440072303,25,behavior_106,4.03345417927697,447.7973419101552,200522.45942180042
"(0, 10]",4.649206505,-23.063146705,4.413503593494211,-16.311633984735664,11,behavior_106,6.751512720264337,749.1054286123891,561158.9431765513
"(10, 20]",14.48227294,-40.47469647,14.141544876140044,-17.275014160559007,11,behavior_106,23.19968230944099,2500.5270370692497,6252635.46311432
"(20, 30]",24.69371562,-49.41198452,24.24251390909328,-18.748839965232705,10,behavior_106,30.663144554767293,3101.2775492011856,9617922.437179312
"(30, 40]",35.72890237,-46.307643205,35.70745671001215,-17.593325204874027,10,behavior_106,28.71431800012597,2594.86577706556,6733328.400986052
"(40, 50]",45.949939150000006,-37.711282205,44.58544126307676,-21.353602728099563,9,behavior_106,16.35767947690044,1266.0730327733788,1602940.924315981
"(50, 60]",52.560148515,-25.18428898,54.82030061581583,-19.06741580550496,10,behavior_106,6.116873174495041,413.9567718192299,171360.208934998
"(60, 70]",62.07117996,-18.12660637,61.0954170794037,-17.16948656355908,3,behavior_106,0.9571198064409216,49.90367762775434,2490.3770407748293
"(-80, -70]",-71.25708173,-20.00285938,-71.0498319885632,-19.772798268546946,2,behavior_107,0.23006111145305397,8.229196716160933,67.71967859327388
"(-70, -60]",-65.61340604,-35.1199531,-65.27425705485093,-23.02750485695077,9,behavior_107,12.092448243049226,555.8059683339892,308920.2744356834
"(-60, -50]",-58.0693621,-31.43578883,-54.86549813781042,-23.147349911765417,10,behavior_107,8.288438918234583,487.99247728481873,238136.65788657434
"(-50, -40]",-43.7844094,0.441897953,-45.0904744136671,-23.818646222280105,8,behavior_107,-24.260544175280106,1949.754706419655,3801543.4152055946
"(-40, -30]",-35.56805596,3.938167204,-35.323191537905984,-24.334184740175463,9,behavior_107,-28.272351944175462,2560.075366775691,6553985.883571688
"(-30, -20]",-24.892482045,3.1913109405,-25.02678459123356,-24.757036921108583,9,behavior_107,-27.948347861608582,2822.176339608216,7964679.2918444285
"(-20, -10]",-14.861629965,-2.1931205695,-15.272923677451375,-25.027267456443365,9,behavior_107,-22.834146886943365,2456.8658382519334,6036189.747169375
"(-10, 0]",-4.2016837085,-11.19345858,-5.219917593156162,-25.075130621133383,9,behavior_107,-13.881672041133383,1541.1544460391883,2375157.026546357
"(0, 10]",4.649206505,-23.063146705,4.867663292958679,-25.12162819763532,9,behavior_107,-2.0584814926353197,228.39617204644443,52164.811405469045
"(10, 20]",14.48227294,-40.47469647,14.885818934650846,-24.734623051963325,10,behavior_107,15.740073418036673,1696.5094013911978,2878144.14900872
"(20, 30]",24.69371562,-49.41198452,24.39484613544335,-25.244413257320563,9,behavior_107,24.167571262679434,2444.313760508125,5974669.759809372
"(30, 40]",35.72890237,-46.307643205,34.87035302281723,-24.50666190060104,9,behavior_107,21.80098130439896,1970.118889572191,3881368.439049163
"(40, 50]",45.949939150000006,-37.711282205,45.28997343772488,-22.87958216334062,9,behavior_107,14.831700041659385,1147.9632841226771,1317819.7016937223
"(50, 60]",52.560148515,-25.18428898,55.49466054755884,-20.561659213760876,10,behavior_107,4.622629766239125,312.8344892496154,97865.41766406773
"(60, 70]",62.07117996,-18.12660637,61.29361517393866,-18.57857315102444,2,behavior_107,-0.45196678102443855,23.565288678507372,555.3228305013877
"(-80, -70]",-71.25708173,-20.00285938,-71.0498319885632,-19.772798268546946,2,behavior_108,0.23006111145305397,8.229196716160933,67.71967859327388
"(-70, -60]",-65.61340604,-35.1199531,-65.27425705485093,-23.02750485695077,9,behavior_108,12.092448243049226,555.8059683339892,308920.2744356834
"(-60, -50]",-58.0693621,-31.43578883,-54.86549813781042,-23.147349911765417,10,behavior_108,8.288438918234583,487.99247728481873,238136.65788657434
"(-50, -40]",-43.7844094,0.441897953,-45.0904744136671,-23.818646222280105,8,behavior_108,-24.260544175280106,1949.754706419655,3801543.4152055946
"(-40, -30]",-35.56805596,3.938167204,-35.323191537905984,-24.334184740175463,9,behavior_108,-28.272351944175462,2560.075366775691,6553985.883571688
"(-30, -20]",-24.892482045,3.1913109405,-25.02678459123356,-24.757036921108583,9,behavior_108,-27.948347861608582,2822.176339608216,7964679.2918444285
"(-20, -10]",-14.861629965,-2.1931205695,-15.272923677451375,-25.027267456443365,9,behavior_108,-22.834146886943365,2456.8658382519334,6036189.747169375
"(-10, 0]",-4.2016837085,-11.19345858,-5.219917593156162,-25.075130621133383,9,behavior_108,-13.881672041133383,1541.1544460391883,2375157.026546357
"(0, 10]",4.649206505,-23.063146705,4.867663292958679,-25.12162819763532,9,behavior_108,-2.0584814926353197,228.39617204644443,52164.811405469045
"(10, 20]",14.48227294,-40.47469647,14.885818934650846,-24.734623051963325,10,behavior_108,15.740073418036673,1696.5094013911978,2878144.14900872
"(20, 30]",24.69371562,-49.41198452,24.39484613544335,-25.380458550851497,9,behavior_108,24.0315259691485,2430.5541079797163,5907593.271817074
"(30, 40]",35.72890237,-46.307643205,34.87035302281723,-24.50666190060104,9,behavior_108,21.80098130439896,1970.118889572191,3881368.439049163
"(40, 50]",45.949939150000006,-37.711282205,45.28997343772488,-22.87958216334062,9,behavior_108,14.831700041659385,1147.9632841226771,1317819.7016937223
"(50, 60]",52.560148515,-25.18428898,55.49466054755884,-20.561659213760876,10,behavior_108,4.622629766239125,312.8344892496154,97865.41766406773
"(60, 70]",62.07117996,-18.12660637,61.29361517393866,-18.57857315102444,2,behavior_108,-0.45196678102443855,23.565288678507372,555.3228305013877
"(-80, -70]",-71.25708173,-20.00285938,-71.0498319885632,-19.772798268546946,2,behavior_109,0.23006111145305397,8.229196716160933,67.71967859327388
"(-70, -60]",-65.61340604,-35.1199531,-65.27425705485093,-23.02750485695077,9,behavior_109,12.092448243049226,555.8059683339892,308920.2744356834
"(-60, -50]",-58.0693621,-31.43578883,-54.86549813781042,-23.147349911765417,10,behavior_109,8.288438918234583,487.99247728481873,238136.65788657434
"(-50, -40]",-43.7844094,0.441897953,-45.0904744136671,-23.818646222280105,8,behavior_109,-24.260544175280106,1949.754706419655,3801543.4152055946
"(-40, -30]",-35.56805596,3.938167204,-35.323191537905984,-24.334184740175463,9,behavior_109,-28.272351944175462,2560.075366775691,6553985.883571688
"(-30, -20]",-24.892482045,3.1913109405,-25.02678459123356,-24.757036921108583,9,behavior_109,-27.948347861608582,2822.176339608216,7964679.2918444285
"(-20, -10]",-14.861629965,-2.1931205695,-15.272923677451375,-25.027267456443365,9,behavior_109,-22.834146886943365,2456.8658382519334,6036189.747169375
"(-10, 0]",-4.2016837085,-11.19345858,-5.219917593156162,-25.075130621133383,9,behavior_109,-13.881672041133383,1541.1544460391883,2375157.026546357
"(0, 10]",4.649206505,-23.063146705,4.867663292958679,-25.12162819763532,9,behavior_109,-2.0584814926353197,228.39617204644443,52164.811405469045
"(10, 20]",14.48227294,-40.47469647,15.407963915478335,-25.03604124271784,11,behavior_109,15.438655227282158,1664.0217006807684,2768968.220336517
"(20, 30]",24.69371562,-49.41198452,24.9670832649401,-25.705173342294515,8,behavior_109,23.706811177705482,2397.712378691413,5749024.650930034
"(30, 40]",35.72890237,-46.307643205,34.87035302281723,-24.50666190060104,9,behavior_109,21.80098130439896,1970.118889572191,3881368.439049163
"(40, 50]",45.949939150000006,-37.711282205,45.28997343772488,-22.87958216334062,9,behavior_109,14.831700041659385,1147.9632841226771,1317819.7016937223
"(50, 60]",52.560148515,-25.18428898,55.49466054755884,-20.561659213760876,10,behavior_109,4.622629766239125,312.8344892496154,97865.41766406773
"(60, 70]",62.07117996,-18.12660637,61.29361517393866,-18.57857315102444,2,behavior_109,-0.45196678102443855,23.565288678507372,555.3228305013877
"(-80, -70]",-71.25708173,-20.00285938,-71.35777604351465,-21.28495770392704,2,behavior_110,-1.2820983239270412,45.86015972199107,2103.154249726532
"(-70, -60]",-65.61340604,-35.1199531,-65.27425705485093,-23.02750485695077,9,behavior_110,12.092448243049226,555.8059683339892,308920.2744356834
"(-60, -50]",-58.0693621,-31.43578883,-54.86549813781042,-23.147349911765417,10,behavior_110,8.288438918234583,487.99247728481873,238136.65788657434
"(-50, -40]",-43.7844094,0.441897953,-45.0904744136671,-23.818646222280105,8,behavior_110,-24.260544175280106,1949.754706419655,3801543.4152055946
"(-40, -30]",-35.56805596,3.938167204,-35.323191537905984,-24.334184740175463,9,behavior_110,-28.272351944175462,2560.075366775691,6553985.883571688
"(-30, -20]",-24.892482045,3.1913109405,-25.02678459123356,-24.757036921108583,9,behavior_110,-27.948347861608582,2822.176339608216,7964679.2918444285
"(-20, -10]",-14.861629965,-2.1931205695,-15.272923677451375,-25.027267456443365,9,behavior_110,-22.834146886943365,2456.8658382519334,6036189.747169375
"(-10, 0]",-4.2016837085,-11.19345858,-5.219917593156162,-25.075130621133383,9,behavior_110,-13.881672041133383,1541.1544460391883,2375157.026546357
"(0, 10]",4.649206505,-23.063146705,4.867663292958679,-25.12162819763532,9,behavior_110,-2.0584814926353197,228.39617204644443,52164.811405469045
"(10, 20]",14.48227294,-40.47469647,14.9747827877784,-25.728225048591103,11,behavior_110,14.746471421408895,1589.4161824619591,2526243.801071948
"(20, 30]",24.69371562,-49.41198452,24.9670832649401,-25.705173342294515,8,behavior_110,23.706811177705482,2397.712378691413,5749024.650930034
"(30, 40]",35.72890237,-46.307643205,34.87035302281723,-24.50666190060104,9,behavior_110,21.80098130439896,1970.118889572191,3881368.439049163
"(40, 50]",45.949939150000006,-37.711282205,45.28997343772488,-22.87958216334062,9,behavior_110,14.831700041659385,1147.9632841226771,1317819.7016937223
"(50, 60]",52.560148515,-25.18428898,55.49466054755884,-20.561659213760876,10,behavior_110,4.622629766239125,312.8344892496154,97865.41766406773
"(60, 70]",62.07117996,-18.12660637,61.29361517393866,-18.57857315102444,2,behavior_110,-0.45196678102443855,23.565288678507372,555.3228305013877
"(-80, -70]",-71.25708173,-20.00285938,-71.0498319885632,-19.772798268546946,2,behavior_111,0.23006111145305397,8.229196716160933,67.71967859327388
"(-70, -60]",-65.61340604,-35.1199531,-65.27425705485093,-23.02750485695077,9,behavior_111,12.092448243049226,555.8059683339892,308920.2744356834
"(-60, -50]",-58.0693621,-31.43578883,-54.94686993909407,-15.662445232847684,14,behavior_111,15.773343597152316,928.6758451105884,862438.8252918656
"(-50, -40]",-43.7844094,0.441897953,-43.9881057847841,3.019216903875793,15,behavior_111,2.577318950875793,207.13219448452978,42903.74599197707
"(-40, -30]",-35.56805596,3.938167204,-35.45632398896109,14.952534767226458,11,behavior_111,11.014367563226457,997.3563973349725,994719.7833049955
"(-30, -20]",-24.892482045,3.1913109405,-24.984828069821933,11.814802858026042,10,behavior_111,8.623491917526042,870.7854566199733,758267.3114608553
"(-20, -10]",-14.861629965,-2.1931205695,-14.652564197037751,7.544197328464962,10,behavior_111,9.737317897964962,1047.6977229829702,1097670.5187437006
"(-10, 0]",-4.2016837085,-11.19345858,-6.979288376567183,-7.16000440072303,25,behavior_111,4.03345417927697,447.7973419101552,200522.45942180042
"(0, 10]",4.649206505,-23.063146705,4.413503593494211,-16.311633984735664,11,behavior_111,6.751512720264337,749.1054286123891,561158.9431765513
"(10, 20]",14.48227294,-40.47469647,14.059327610330126,-18.912127044188274,12,behavior_111,21.562569425811724,2324.074404069896,5401321.835652842
"(20, 30]",24.69371562,-49.41198452,24.80575462733373,-18.81524801316166,9,behavior_111,30.596736506838337,3094.561023837634,9576307.930255026
"(30, 40]",35.72890237,-46.307643205,35.70745671001215,-17.593325204874027,10,behavior_111,28.71431800012597,2594.86577706556,6733328.400986052
"(40, 50]",45.949939150000006,-37.711282205,44.58544126307676,-21.353602728099563,9,behavior_111,16.35767947690044,1266.0730327733788,1602940.924315981
"(50, 60]",52.560148515,-25.18428898,54.82030061581583,-19.06741580550496,10,behavior_111,6.116873174495041,413.9567718192299,171360.208934998
"(60, 70]",62.07117996,-18.12660637,61.0954170794037,-17.16948656355908,3,behavior_111,0.9571198064409216,49.90367762775434,2490.3770407748293
"(-80, -70]",-71.25708173,-20.00285938,-71.0498319885632,-19.772798268546946,2,behavior_112,0.23006111145305397,8.229196716160933,67.71967859327388
"(-70, -60]",-65.61340604,-35.1199531,-65.27425705485093,-23.02750485695077,9,behavior_112,12.092448243049226,555.8059683339892,308920.2744356834
"(-60, -50]",-58.0693621,-31.43578883,-54.94686993909407,-15.662445232847684,14,behavior_112,15.773343597152316,928.6758451105884,862438.8252918656
"(-50, -40]",-43.7844094,0.441897953,-44.847590448995575,1.957400310855317,13,behavior_112,1.515502357855317,121.79684979322491,14834.47261955339
"(-40, -30]",-35.56805596,3.938167204,-35.239463162466706,13.326311412558082,11,behavior_112,9.388144208558082,850.1010731446717,722671.8345617224
"(-30, -20]",-24.892482045,3.1913109405,-24.984828069821933,11.814802858026042,10,behavior_112,8.623491917526042,870.7854566199733,758267.3114608553
"(-20, -10]",-14.861629965,-2.1931205695,-14.652564197037751,7.544197328464962,10,behavior_112,9.737317897964962,1047.6977229829702,1097670.5187437006
"(-10, 0]",-4.2016837085,-11.19345858,-6.979288376567183,-7.16000440072303,25,behavior_112,4.03345417927697,447.7973419101552,200522.45942180042
"(0, 10]",4.649206505,-23.063146705,4.413503593494211,-16.311633984735664,11,behavior_112,6.751512720264337,749.1054286123891,561158.9431765513
"(10, 20]",14.48227294,-40.47469647,14.059327610330126,-18.912127044188274,12,behavior_112,21.562569425811724,2324.074404069896,5401321.835652842
"(20, 30]",24.69371562,-49.41198452,24.80575462733373,-18.81524801316166,9,behavior_112,30.596736506838337,3094.561023837634,9576307.930255026
"(30, 40]",35.72890237,-46.307643205,35.70745671001215,-17.593325204874027,10,behavior_112,28.71431800012597,2594.86577706556,6733328.400986052
"(40, 50]",45.949939150000006,-37.711282205,44.58544126307676,-21.353602728099563,9,behavior_112,16.35767947690044,1266.0730327733788,1602940.924315981
"(50, 60]",52.560148515,-25.18428898,54.82030061581583,-19.06741580550496,10,behavior_112,6.116873174495041,413.9567718192299,171360.208934998
"(60, 70]",62.07117996,-18.12660637,61.0954170794037,-17.16948656355908,3,behavior_112,0.9571198064409216,49.90367762775434,2490.3770407748293
"(-80, -70]",-71.25708173,-20.00285938,-71.0498319885632,-19.772798268546946,2,behavior_113,0.23006111145305397,8.229196716160933,67.71967859327388
"(-70, -60]",-65.61340604,-35.1199531,-65.2032742104729,-18.87518938179012,9,behavior_113,16.244763718209878,746.6591088323537,557499.8248023246
"(-60, -50]",-58.0693621,-31.43578883,-54.72148103306775,-12.366127925490392,14,behavior_113,19.069660904509607,1122.7507565146204,1260569.2612541525
"(-50, -40]",-43.7844094,0.441897953,-45.050822950890456,3.507878096956534,11,behavior_113,3.0659801439565344,246.40458071668314,60715.217398164415
"(-40, -30]",-35.56805596,3.938167204,-35.239463162466706,13.326311412558082,11,behavior_113,9.388144208558082,850.1010731446717,722671.8345617224
"(-30, -20]",-24.892482045,3.1913109405,-24.984828069821933,11.814802858026042,10,behavior_113,8.623491917526042,870.7854566199733,758267.3114608553
"(-20, -10]",-14.861629965,-2.1931205695,-14.652564197037751,7.544197328464962,10,behavior_113,9.737317897964962,1047.6977229829702,1097670.5187437006
"(-10, 0]",-4.2016837085,-11.19345858,-6.979288376567183,-7.16000440072303,25,behavior_113,4.03345417927697,447.7973419101552,200522.45942180042
"(0, 10]",4.649206505,-23.063146705,4.413503593494211,-16.311633984735664,11,behavior_113,6.751512720264337,749.1054286123891,561158.9431765513
"(10, 20]",14.48227294,-40.47469647,14.059327610330126,-18.912127044188274,12,behavior_113,21.562569425811724,2324.074404069896,5401321.835652842
"(20, 30]",24.69371562,-49.41198452,24.80575462733373,-18.81524801316166,9,behavior_113,30.596736506838337,3094.561023837634,9576307.930255026
"(30, 40]",35.72890237,-46.307643205,35.70745671001215,-17.593325204874027,10,behavior_113,28.71431800012597,2594.86577706556,6733328.400986052
"(40, 50]",45.949939150000006,-37.711282205,44.58544126307676,-21.353602728099563,9,behavior_113,16.35767947690044,1266.0730327733788,1602940.924315981
"(50, 60]",52.560148515,-25.18428898,54.82030061581583,-19.06741580550496,10,behavior_113,6.116873174495041,413.9567718192299,171360.208934998
"(60, 70]",62.07117996,-18.12660637,61.0954170794037,-17.16948656355908,3,behavior_113,0.9571198064409216,49.90367762775434,2490.3770407748293
"(-80, -70]",-71.25708173,-20.00285938,-71.0498319885632,-19.772798268546946,2,behavior_114,0.23006111145305397,8.229196716160933,67.71967859327388
"(-70, -60]",-65.61340604,-35.1199531,-65.27425705485093,-23.02750485695077,9,behavior_114,12.092448243049226,555.8059683339892,308920.2744356834
"(-60, -50]",-58.0693621,-31.43578883,-54.86549813781042,-23.147349911765417,10,behavior_114,8.288438918234583,487.99247728481873,238136.65788657434
"(-50, -40]",-43.7844094,0.441897953,-45.0904744136671,-23.818646222280105,8,behavior_114,-24.260544175280106,1949.754706419655,3801543.4152055946
"(-40, -30]",-35.56805596,3.938167204,-35.323191537905984,-24.334184740175463,9,behavior_114,-28.272351944175462,2560.075366775691,6553985.883571688
"(-30, -20]",-24.892482045,3.1913109405,-25.02678459123356,-24.757036921108583,9,behavior_114,-27.948347861608582,2822.176339608216,7964679.2918444285
"(-20, -10]",-14.861629965,-2.1931205695,-15.272923677451375,-25.027267456443365,9,behavior_114,-22.834146886943365,2456.8658382519334,6036189.747169375
"(-10, 0]",-4.2016837085,-11.19345858,-5.219917593156162,-25.075130621133383,9,behavior_114,-13.881672041133383,1541.1544460391883,2375157.026546357
"(0, 10]",4.649206505,-23.063146705,4.867663292958679,-25.12162819763532,9,behavior_114,-2.0584814926353197,228.39617204644443,52164.811405469045
"(10, 20]",14.48227294,-40.47469647,14.885818934650846,-24.734623051963325,10,behavior_114,15.740073418036673,1696.5094013911978,2878144.14900872
"(20, 30]",24.69371562,-49.41198452,24.8648190427936,-24.59866580169168,9,behavior_114,24.813318718308317,2509.62480788028,6298216.676328133
"(30, 40]",35.72890237,-46.307643205,34.87035302281723,-24.50666190060104,9,behavior_114,21.80098130439896,1970.118889572191,3881368.439049163
"(40, 50]",45.949939150000006,-37.711282205,45.28997343772488,-22.87958216334062,9,behavior_114,14.831700041659385,1147.9632841226771,1317819.7016937223
"(50, 60]",52.560148515,-25.18428898,55.49466054755884,-20.561659213760876,10,behavior_114,4.622629766239125,312.8344892496154,97865.41766406773
"(60, 70]",62.07117996,-18.12660637,61.29361517393866,-18.57857315102444,2,behavior_114,-0.45196678102443855,23.565288678507372,555.3228305013877
"(-80, -70]",-71.25708173,-20.00285938,-71.35777604351465,-21.28495770392704,2,behavior_115,-1.2820983239270412,45.86015972199107,2103.154249726532
"(-70, -60]",-65.61340604,-35.1199531,-65.27425705485093,-23.02750485695077,9,behavior_115,12.092448243049226,555.8059683339892,308920.2744356834
"(-60, -50]",-58.0693621,-31.43578883,-54.86549813781042,-23.147349911765417,10,behavior_115,8.288438918234583,487.99247728481873,238136.65788657434
"(-50, -40]",-43.7844094,0.441897953,-45.0904744136671,-23.818646222280105,8,behavior_115,-24.260544175280106,1949.754706419655,3801543.4152055946
"(-40, -30]",-35.56805596,3.938167204,-35.323191537905984,-24.334184740175463,9,behavior_115,-28.272351944175462,2560.075366775691,6553985.883571688
"(-30, -20]",-24.892482045,3.1913109405,-25.02678459123356,-24.757036921108583,9,behavior_115,-27.948347861608582,2822.176339608216,7964679.2918444285
"(-20, -10]",-14.861629965,-2.1931205695,-15.272923677451375,-25.027267456443365,9,behavior_115,-22.834146886943365,2456.8658382519334,6036189.747169375
"(-10, 0]",-4.2016837085,-11.19345858,-5.219917593156162,-25.075130621133383,9,behavior_115,-13.881672041133383,1541.1544460391883,2375157.026546357
"(0, 10]",4.649206505,-23.063146705,4.867663292958679,-25.12162819763532,9,behavior_115,-2.0584814926353197,228.39617204644443,52164.811405469045
"(10, 20]",14.48227294,-40.47469647,14.885818934650846,-24.734623051963325,10,behavior_115,15.740073418036673,1696.5094013911978,2878144.14900872
"(20, 30]",24.69371562,-49.41198452,24.39484613544335,-25.380458550851497,9,behavior_115,24.0315259691485,2430.5541079797163,5907593.271817074
"(30, 40]",35.72890237,-46.307643205,34.87035302281723,-24.50666190060104,9,behavior_115,21.80098130439896,1970.118889572191,3881368.439049163
"(40, 50]",45.949939150000006,-37.711282205,45.28997343772488,-22.87958216334062,9,behavior_115,14.831700041659385,1147.9632841226771,1317819.7016937223
"(50, 60]",52.560148515,-25.18428898,55.49466054755884,-20.561659213760876,10,behavior_115,4.622629766239125,312.8344892496154,97865.41766406773
"(60, 70]",62.07117996,-18.12660637,61.29361517393866,-18.57857315102444,2,behavior_115,-0.45196678102443855,23.565288678507372,555.3228305013877
"(-80, -70]",-71.25708173,-20.00285938,-71.35777604351465,-21.28495770392704,2,behavior_116,-1.2820983239270412,45.86015972199107,2103.154249726532
"(-70, -60]",-65.61340604,-35.1199531,-65.27425705485093,-23.02750485695077,9,behavior_116,12.092448243049226,555.8059683339892,308920.2744356834
"(-60, -50]",-58.0693621,-31.43578883,-54.86549813781042,-23.147349911765417,10,behavior_116,8.288438918234583,487.99247728481873,238136.65788657434
"(-50, -40]",-43.7844094,0.441897953,-45.0904744136671,-23.818646222280105,8,behavior_116,-24.260544175280106,1949.754706419655,3801543.4152055946
"(-40, -30]",-35.56805596,3.938167204,-35.323191537905984,-24.334184740175463,9,behavior_116,-28.272351944175462,2560.075366775691,6553985.883571688
"(-30, -20]",-24.892482045,3.1913109405,-25.02678459123356,-24.757036921108583,9,behavior_116,-27.948347861608582,2822.176339608216,7964679.2918444285
"(-20, -10]",-14.861629965,-2.1931205695,-15.272923677451375,-25.027267456443365,9,behavior_116,-22.834146886943365,2456.8658382519334,6036189.747169375
"(-10, 0]",-4.2016837085,-11.19345858,-5.801930568223403,-26.97387120412662,10,behavior_116,-15.78041262412662,1751.9541596964598,3069343.3776777284
"(0, 10]",4.649206505,-23.063146705,4.95015955123623,-26.994530967034738,9,behavior_116,-3.9313842620347366,436.2016950382385,190271.9187542324
"(10, 20]",14.48227294,-40.47469647,15.062889409799721,-26.72314000479889,10,behavior_116,13.751556465201109,1482.181449054867,2196861.847922385
"(20, 30]",24.69371562,-49.41198452,24.9670832649401,-25.705173342294515,8,behavior_116,23.706811177705482,2397.712378691413,5749024.650930034
"(30, 40]",35.72890237,-46.307643205,34.87035302281723,-24.50666190060104,9,behavior_116,21.80098130439896,1970.118889572191,3881368.439049163
"(40, 50]",45.949939150000006,-37.711282205,45.28997343772488,-22.87958216334062,9,behavior_116,14.831700041659385,1147.9632841226771,1317819.7016937223
"(50, 60]",52.560148515,-25.18428898,55.49466054755884,-20.561659213760876,10,behavior_116,4.622629766239125,312.8344892496154,97865.41766406773
"(60, 70]",62.07117996,-18.12660637,61.29361517393866,-18.57857315102444,2,behavior_116,-0.45196678102443855,23.565288678507372,555.3228305013877
"(-80, -70]",-71.25708173,-20.00285938,-71.0498319885632,-19.772798268546946,2,behavior_117,0.23006111145305397,8.229196716160933,67.71967859327388
"(-70, -60]",-65.61340604,-35.1199531,-65.27425705485093,-23.02750485695077,9,behavior_117,12.092448243049226,555.8059683339892,308920.2744356834
"(-60, -50]",-58.0693621,-31.43578883,-53.82478839602709,-21.58526434385308,13,behavior_117,9.85052448614692,579.9622696107746,336356.23417208076
"(-50, -40]",-43.7844094,0.441897953,-42.91481824762425,-0.4718966123999023,19,behavior_117,-0.9137945653999023,73.43921231596167,5393.317905588896
"(-40, -30]",-35.56805596,3.938167204,-35.45632398896109,14.952534767226458,11,behavior_117,11.014367563226457,997.3563973349725,994719.7833049955
"(-30, -20]",-24.892482045,3.1913109405,-24.984828069821933,11.814802858026042,10,behavior_117,8.623491917526042,870.7854566199733,758267.3114608553
"(-20, -10]",-14.861629965,-2.1931205695,-14.652564197037751,7.544197328464962,10,behavior_117,9.737317897964962,1047.6977229829702,1097670.5187437006
"(-10, 0]",-4.2016837085,-11.19345858,-6.979288376567183,-7.16000440072303,25,behavior_117,4.03345417927697,447.7973419101552,200522.45942180042
"(0, 10]",4.649206505,-23.063146705,4.931131602086992,-16.320570965077117,12,behavior_117,6.742575739922884,748.1138374288176,559674.3137524714
"(10, 20]",14.48227294,-40.47469647,14.371738951201092,-19.124574660383047,11,behavior_117,21.35012180961695,2301.1762022251337,5295411.91368729
"(20, 30]",24.69371562,-49.41198452,24.80575462733373,-18.81524801316166,9,behavior_117,30.596736506838337,3094.561023837634,9576307.930255026
"(30, 40]",35.72890237,-46.307643205,35.70745671001215,-17.593325204874027,10,behavior_117,28.71431800012597,2594.86577706556,6733328.400986052
"(40, 50]",45.949939150000006,-37.711282205,44.58544126307676,-21.353602728099563,9,behavior_117,16.35767947690044,1266.0730327733788,1602940.924315981
"(50, 60]",52.560148515,-25.18428898,54.82030061581583,-19.06741580550496,10,behavior_117,6.116873174495041,413.9567718192299,171360.208934998
"(60, 70]",62.07117996,-18.12660637,61.0954170794037,-17.16948656355908,3,behavior_117,0.9571198064409216,49.90367762775434,2490.3770407748293
"(-80, -70]",-71.25708173,-20.00285938,-71.0498319885632,-19.772798268546946,2,behavior_118,0.23006111145305397,8.229196716160933,67.71967859327388
"(-70, -60]",-65.61340604,-35.1199531,-65.27425705485093,-23.02750485695077,9,behavior_118,12.092448243049226,555.8059683339892,308920.2744356834
"(-60, -50]",-58.0693621,-31.43578883,-54.94686993909407,-15.662445232847684,14,behavior_118,15.773343597152316,928.6758451105884,862438.8252918656
"(-50, -40]",-43.7844094,0.441897953,-43.9881057847841,3.019216903875793,15,behavior_118,2.577318950875793,207.13219448452978,42903.74599197707
"(-40, -30]",-35.56805596,3.938167204,-35.45632398896109,14.952534767226458,11,behavior_118,11.014367563226457,997.3563973349725,994719.7833049955
"(-30, -20]",-24.892482045,3.1913109405,-24.984828069821933,11.814802858026042,10,behavior_118,8.623491917526042,870.7854566199733,758267.3114608553
"(-20, -10]",-14.861629965,-2.1931205695,-14.652564197037751,7.544197328464962,10,behavior_118,9.737317897964962,1047.6977229829702,1097670.5187437006
"(-10, 0]",-4.2016837085,-11.19345858,-6.979288376567183,-7.16000440072303,25,behavior_118,4.03345417927697,447.7973419101552,200522.45942180042
"(0, 10]",4.649206505,-23.063146705,4.931131602086992,-16.320570965077117,12,behavior_118,6.742575739922884,748.1138374288176,559674.3137524714
"(10, 20]",14.48227294,-40.47469647,14.371738951201092,-19.124574660383047,11,behavior_118,21.35012180961695,2301.1762022251337,5295411.91368729
"(20, 30]",24.69371562,-49.41198452,24.80575462733373,-18.81524801316166,9,behavior_118,30.596736506838337,3094.561023837634,9576307.930255026
"(30, 40]",35.72890237,-46.307643205,35.70745671001215,-17.593325204874027,10,behavior_118,28.71431800012597,2594.86577706556,6733328.400986052
"(40, 50]",45.949939150000006,-37.711282205,44.58544126307676,-21.353602728099563,9,behavior_118,16.35767947690044,1266.0730327733788,1602940.924315981
"(50, 60]",52.560148515,-25.18428898,54.82030061581583,-19.06741580550496,10,behavior_118,6.116873174495041,413.9567718192299,171360.208934998
"(60, 70]",62.07117996,-18.12660637,61.0954170794037,-17.16948656355908,3,behavior_118,0.9571198064409216,49.90367762775434,2490.3770407748293
"(-80, -70]",-71.25708173,-20.00285938,-71.0498319885632,-19.772798268546946,2,behavior_119,0.23006111145305397,8.229196716160933,67.71967859327388
"(-70, -60]",-65.61340604,-35.1199531,-65.2032742104729,-18.87518938179012,9,behavior_119,16.244763718209878,746.6591088323537,557499.8248023246
"(-60, -50]",-58.0693621,-31.43578883,-54.72148103306775,-12.366127925490392,14,behavior_119,19.069660904509607,1122.7507565146204,1260569.2612541525
"(-50, -40]",-43.7844094,0.441897953,-45.050822950890456,3.507878096956534,11,behavior_119,3.0659801439565344,246.40458071668314,60715.217398164415
"(-40, -30]",-35.56805596,3.938167204,-35.239463162466706,13.326311412558082,11,behavior_119,9.388144208558082,850.1010731446717,722671.8345617224
"(-30, -20]",-24.892482045,3.1913109405,-24.984828069821933,11.814802858026042,10,behavior_119,8.623491917526042,870.7854566199733,758267.3114608553
"(-20, -10]",-14.861629965,-2.1931205695,-14.652564197037751,7.544197328464962,10,behavior_119,9.737317897964962,1047.6977229829702,1097670.5187437006
"(-10, 0]",-4.2016837085,-11.19345858,-6.979288376567183,-7.16000440072303,25,behavior_119,4.03345417927697,447.7973419101552,200522.45942180042
"(0, 10]",4.649206505,-23.063146705,4.931131602086992,-16.320570965077117,12,behavior_119,6.742575739922884,748.1138374288176,559674.3137524714
"(10, 20]",14.48227294,-40.47469647,14.371738951201092,-19.124574660383047,11,behavior_119,21.35012180961695,2301.1762022251337,5295411.91368729
"(20, 30]",24.69371562,-49.41198452,24.80575462733373,-18.81524801316166,9,behavior_119,30.596736506838337,3094.561023837634,9576307.930255026
"(30, 40]",35.72890237,-46.307643205,35.70745671001215,-17.593325204874027,10,behavior_119,28.71431800012597,2594.86577706556,6733328.400986052
"(40, 50]",45.949939150000006,-37.711282205,44.58544126307676,-21.353602728099563,9,behavior_119,16.35767947690044,1266.0730327733788,1602940.924315981
"(50, 60]",52.560148515,-25.18428898,54.82030061581583,-19.06741580550496,10,behavior_119,6.116873174495041,413.9567718192299,171360.208934998
"(60, 70]",62.07117996,-18.12660637,61.0954170794037,-17.16948656355908,3,behavior_119,0.9571198064409216,49.90367762775434,2490.3770407748293
"(-80, -70]",-71.25708173,-20.00285938,-71.0498319885632,-19.772798268546946,2,behavior_120,0.23006111145305397,8.229196716160933,67.71967859327388
"(-70, -60]",-65.61340604,-35.1199531,-65.2032742104729,-18.87518938179012,9,behavior_120,16.244763718209878,746.6591088323537,557499.8248023246
"(-60, -50]",-58.0693621,-31.43578883,-54.72148103306775,-12.366127925490392,14,behavior_120,19.069660904509607,1122.7507565146204,1260569.2612541525
"(-50, -40]",-43.7844094,0.441897953,-45.050822950890456,3.507878096956534,11,behavior_120,3.0659801439565344,246.40458071668314,60715.217398164415
"(-40, -30]",-35.56805596,3.938167204,-35.239463162466706,13.326311412558082,11,behavior_120,9.388144208558082,850.1010731446717,722671.8345617224
"(-30, -20]",-24.892482045,3.1913109405,-24.984828069821933,11.814802858026042,10,behavior_120,8.623491917526042,870.7854566199733,758267.3114608553
"(-20, -10]",-14.861629965,-2.1931205695,-14.652564197037751,7.544197328464962,10,behavior_120,9.737317897964962,1047.6977229829702,1097670.5187437006
"(-10, 0]",-4.2016837085,-11.19345858,-6.979288376567183,-7.16000440072303,25,behavior_120,4.03345417927697,447.7973419101552,200522.45942180042
"(0, 10]",4.649206505,-23.063146705,3.533457234700141,-19.71741831421356,13,behavior_120,3.345728390786441,371.22099950699464,137805.03047497213
"(10, 20]",14.48227294,-40.47469647,14.889857017366243,-19.72878865935555,10,behavior_120,20.745907810644447,2236.0523173178112,4999929.965782354
"(20, 30]",24.69371562,-49.41198452,24.80575462733373,-18.81524801316166,9,behavior_120,30.596736506838337,3094.561023837634,9576307.930255026
"(30, 40]",35.72890237,-46.307643205,35.70745671001215,-17.593325204874027,10,behavior_120,28.71431800012597,2594.86577706556,6733328.400986052
"(40, 50]",45.949939150000006,-37.711282205,44.58544126307676,-21.353602728099563,9,behavior_120,16.35767947690044,1266.0730327733788,1602940.924315981
"(50, 60]",52.560148515,-25.18428898,54.82030061581583,-19.06741580550496,10,behavior_120,6.116873174495041,413.9567718192299,171360.208934998
"(60, 70]",62.07117996,-18.12660637,61.0954170794037,-17.16948656355908,3,behavior_120,0.9571198064409216,49.90367762775434,2490.3770407748293
"(-80, -70]",-71.25708173,-20.00285938,-71.35777604351465,-21.28495770392704,2,behavior_121,-1.2820983239270412,45.86015972199107,2103.154249726532
"(-70, -60]",-65.61340604,-35.1199531,-65.27425705485093,-23.02750485695077,9,behavior_121,12.092448243049226,555.8059683339892,308920.2744356834
"(-60, -50]",-58.0693621,-31.43578883,-54.86549813781042,-23.147349911765417,10,behavior_121,8.288438918234583,487.99247728481873,238136.65788657434
"(-50, -40]",-43.7844094,0.441897953,-45.0904744136671,-23.818646222280105,8,behavior_121,-24.260544175280106,1949.754706419655,3801543.4152055946
"(-40, -30]",-35.56805596,3.938167204,-35.323191537905984,-24.334184740175463,9,behavior_121,-28.272351944175462,2560.075366775691,6553985.883571688
"(-30, -20]",-24.892482045,3.1913109405,-25.02678459123356,-24.757036921108583,9,behavior_121,-27.948347861608582,2822.176339608216,7964679.2918444285
"(-20, -10]",-14.861629965,-2.1931205695,-15.272923677451375,-25.027267456443365,9,behavior_121,-22.834146886943365,2456.8658382519334,6036189.747169375
"(-10, 0]",-4.2016837085,-11.19345858,-5.219917593156162,-25.075130621133383,9,behavior_121,-13.881672041133383,1541.1544460391883,2375157.026546357
"(0, 10]",4.649206505,-23.063146705,4.867663292958679,-25.12162819763532,9,behavior_121,-2.0584814926353197,228.39617204644443,52164.811405469045
"(10, 20]",14.48227294,-40.47469647,14.885818934650846,-24.734623051963325,10,behavior_121,15.740073418036673,1696.5094013911978,2878144.14900872
"(20, 30]",24.69371562,-49.41198452,24.8648190427936,-24.163170702084,9,behavior_121,25.248813817915998,2553.6708832196227,6521234.979803688
"(30, 40]",35.72890237,-46.307643205,34.87035302281723,-24.50666190060104,9,behavior_121,21.80098130439896,1970.118889572191,3881368.439049163
"(40, 50]",45.949939150000006,-37.711282205,45.28997343772488,-22.87958216334062,9,behavior_121,14.831700041659385,1147.9632841226771,1317819.7016937223
"(50, 60]",52.560148515,-25.18428898,55.49466054755884,-20.561659213760876,10,behavior_121,4.622629766239125,312.8344892496154,97865.41766406773
"(60, 70]",62.07117996,-18.12660637,61.29361517393866,-18.57857315102444,2,behavior_121,-0.45196678102443855,23.565288678507372,555.3228305013877
"(-80, -70]",-71.25708173,-20.00285938,-71.35777604351465,-21.28495770392704,2,behavior_122,-1.2820983239270412,45.86015972199107,2103.154249726532
"(-70, -60]",-65.61340604,-35.1199531,-65.27425705485093,-23.02750485695077,9,behavior_122,12.092448243049226,555.8059683339892,308920.2744356834
"(-60, -50]",-58.0693621,-31.43578883,-54.86549813781042,-23.147349911765417,10,behavior_122,8.288438918234583,487.99247728481873,238136.65788657434
"(-50, -40]",-43.7844094,0.441897953,-45.0904744136671,-23.818646222280105,8,behavior_122,-24.260544175280106,1949.754706419655,3801543.4152055946
"(-40, -30]",-35.56805596,3.938167204,-35.323191537905984,-24.334184740175463,9,behavior_122,-28.272351944175462,2560.075366775691,6553985.883571688
"(-30, -20]",-24.892482045,3.1913109405,-25.02678459123356,-24.757036921108583,9,behavior_122,-27.948347861608582,2822.176339608216,7964679.2918444285
"(-20, -10]",-14.861629965,-2.1931205695,-15.272923677451375,-25.027267456443365,9,behavior_122,-22.834146886943365,2456.8658382519334,6036189.747169375
"(-10, 0]",-4.2016837085,-11.19345858,-5.801930568223403,-26.97387120412662,10,behavior_122,-15.78041262412662,1751.9541596964598,3069343.3776777284
"(0, 10]",4.649206505,-23.063146705,4.95015955123623,-26.994530967034738,9,behavior_122,-3.9313842620347366,436.2016950382385,190271.9187542324
"(10, 20]",14.48227294,-40.47469647,15.062889409799721,-26.72314000479889,10,behavior_122,13.751556465201109,1482.181449054867,2196861.847922385
"(20, 30]",24.69371562,-49.41198452,24.9670832649401,-25.705173342294515,8,behavior_122,23.706811177705482,2397.712378691413,5749024.650930034
"(30, 40]",35.72890237,-46.307643205,34.87035302281723,-24.50666190060104,9,behavior_122,21.80098130439896,1970.118889572191,3881368.439049163
"(40, 50]",45.949939150000006,-37.711282205,45.28997343772488,-22.87958216334062,9,behavior_122,14.831700041659385,1147.9632841226771,1317819.7016937223
"(50, 60]",52.560148515,-25.18428898,55.49466054755884,-20.561659213760876,10,behavior_122,4.622629766239125,312.8344892496154,97865.41766406773
"(60, 70]",62.07117996,-18.12660637,61.29361517393866,-18.57857315102444,2,behavior_122,-0.45196678102443855,23.565288678507372,555.3228305013877
"(-80, -70]",-71.25708173,-20.00285938,-71.0498319885632,-19.772798268546946,2,behavior_123,0.23006111145305397,8.229196716160933,67.71967859327388
"(-70, -60]",-65.61340604,-35.1199531,-65.27425705485093,-23.02750485695077,9,behavior_123,12.092448243049226,555.8059683339892,308920.2744356834
"(-60, -50]",-58.0693621,-31.43578883,-54.94686993909407,-15.662445232847684,14,behavior_123,15.773343597152316,928.6758451105884,862438.8252918656
"(-50, -40]",-43.7844094,0.441897953,-43.9881057847841,3.019216903875793,15,behavior_123,2.577318950875793,207.13219448452978,42903.74599197707
"(-40, -30]",-35.56805596,3.938167204,-35.45632398896109,14.952534767226458,11,behavior_123,11.014367563226457,997.3563973349725,994719.7833049955
"(-30, -20]",-24.892482045,3.1913109405,-24.984828069821933,11.814802858026042,10,behavior_123,8.623491917526042,870.7854566199733,758267.3114608553
"(-20, -10]",-14.861629965,-2.1931205695,-14.652564197037751,7.544197328464962,10,behavior_123,9.737317897964962,1047.6977229829702,1097670.5187437006
"(-10, 0]",-4.2016837085,-11.19345858,-6.979288376567183,-7.16000440072303,25,behavior_123,4.03345417927697,447.7973419101552,200522.45942180042
"(0, 10]",4.649206505,-23.063146705,3.533457234700141,-19.71741831421356,13,behavior_123,3.345728390786441,371.22099950699464,137805.03047497213
"(10, 20]",14.48227294,-40.47469647,14.889857017366243,-19.72878865935555,10,behavior_123,20.745907810644447,2236.0523173178112,4999929.965782354
"(20, 30]",24.69371562,-49.41198452,24.80575462733373,-18.81524801316166,9,behavior_123,30.596736506838337,3094.561023837634,9576307.930255026
"(30, 40]",35.72890237,-46.307643205,35.13217005329357,-17.50520139408633,9,behavior_123,28.802441810913667,2602.8293811726326,6774720.78749551
"(40, 50]",45.949939150000006,-37.711282205,44.01814808334336,-20.995447803892052,10,behavior_123,16.71583440110795,1293.7939752050033,1673902.8502767647
"(50, 60]",52.560148515,-25.18428898,54.82030061581583,-19.06741580550496,10,behavior_123,6.116873174495041,413.9567718192299,171360.208934998
"(60, 70]",62.07117996,-18.12660637,61.0954170794037,-17.16948656355908,3,behavior_123,0.9571198064409216,49.90367762775434,2490.3770407748293
"(-80, -70]",-71.25708173,-20.00285938,-71.0498319885632,-19.772798268546946,2,behavior_124,0.23006111145305397,8.229196716160933,67.71967859327388
"(-70, -60]",-65.61340604,-35.1199531,-65.27425705485093,-23.02750485695077,9,behavior_124,12.092448243049226,555.8059683339892,308920.2744356834
"(-60, -50]",-58.0693621,-31.43578883,-55.04703568657949,-13.111796265504166,15,behavior_124,18.323992564495832,1078.8485761323,1163914.250222691
"(-50, -40]",-43.7844094,0.441897953,-45.050822950890456,3.507878096956534,11,behavior_124,3.0659801439565344,246.40458071668314,60715.217398164415
"(-40, -30]",-35.56805596,3.938167204,-35.239463162466706,13.326311412558082,11,behavior_124,9.388144208558082,850.1010731446717,722671.8345617224
"(-30, -20]",-24.892482045,3.1913109405,-24.984828069821933,11.814802858026042,10,behavior_124,8.623491917526042,870.7854566199733,758267.3114608553
"(-20, -10]",-14.861629965,-2.1931205695,-14.652564197037751,7.544197328464962,10,behavior_124,9.737317897964962,1047.6977229829702,1097670.5187437006
"(-10, 0]",-4.2016837085,-11.19345858,-6.979288376567183,-7.16000440072303,25,behavior_124,4.03345417927697,447.7973419101552,200522.45942180042
"(0, 10]",4.649206505,-23.063146705,3.533457234700141,-19.71741831421356,13,behavior_124,3.345728390786441,371.22099950699464,137805.03047497213
"(10, 20]",14.48227294,-40.47469647,14.889857017366243,-19.72878865935555,10,behavior_124,20.745907810644447,2236.0523173178112,4999929.965782354
"(20, 30]",24.69371562,-49.41198452,24.80575462733373,-18.81524801316166,9,behavior_124,30.596736506838337,3094.561023837634,9576307.930255026
"(30, 40]",35.72890237,-46.307643205,35.13217005329357,-17.50520139408633,9,behavior_124,28.802441810913667,2602.8293811726326,6774720.78749551
"(40, 50]",45.949939150000006,-37.711282205,44.01814808334336,-20.995447803892052,10,behavior_124,16.71583440110795,1293.7939752050033,1673902.8502767647
"(50, 60]",52.560148515,-25.18428898,54.82030061581583,-19.06741580550496,10,behavior_124,6.116873174495041,413.9567718192299,171360.208934998
"(60, 70]",62.07117996,-18.12660637,61.0954170794037,-17.16948656355908,3,behavior_124,0.9571198064409216,49.90367762775434,2490.3770407748293
"(-80, -70]",-71.25708173,-20.00285938,-71.0498319885632,-19.772798268546946,2,behavior_125,0.23006111145305397,8.229196716160933,67.71967859327388
"(-70, -60]",-65.61340604,-35.1199531,-65.2032742104729,-18.87518938179012,9,behavior_125,16.244763718209878,746.6591088323537,557499.8248023246
"(-60, -50]",-58.0693621,-31.43578883,-54.72148103306775,-12.366127925490392,14,behavior_125,19.069660904509607,1122.7507565146204,1260569.2612541525
"(-50, -40]",-43.7844094,0.441897953,-45.050822950890456,3.507878096956534,11,behavior_125,3.0659801439565344,246.40458071668314,60715.217398164415
"(-40, -30]",-35.56805596,3.938167204,-35.239463162466706,13.326311412558082,11,behavior_125,9.388144208558082,850.1010731446717,722671.8345617224
"(-30, -20]",-24.892482045,3.1913109405,-24.984828069821933,11.814802858026042,10,behavior_125,8.623491917526042,870.7854566199733,758267.3114608553
"(-20, -10]",-14.861629965,-2.1931205695,-14.652564197037751,7.544197328464962,10,behavior_125,9.737317897964962,1047.6977229829702,1097670.5187437006
"(-10, 0]",-4.2016837085,-11.19345858,-6.979288376567183,-7.16000440072303,25,behavior_125,4.03345417927697,447.7973419101552,200522.45942180042
"(0, 10]",4.649206505,-23.063146705,3.533457234700141,-19.71741831421356,13,behavior_125,3.345728390786441,371.22099950699464,137805.03047497213
"(10, 20]",14.48227294,-40.47469647,14.889857017366243,-19.72878865935555,10,behavior_125,20.745907810644447,2236.0523173178112,4999929.965782354
"(20, 30]",24.69371562,-49.41198452,24.80575462733373,-18.81524801316166,9,behavior_125,30.596736506838337,3094.561023837634,9576307.930255026
"(30, 40]",35.72890237,-46.307643205,35.13217005329357,-17.50520139408633,9,behavior_125,28.802441810913667,2602.8293811726326,6774720.78749551
"(40, 50]",45.949939150000006,-37.711282205,44.01814808334336,-20.995447803892052,10,behavior_125,16.71583440110795,1293.7939752050033,1673902.8502767647
"(50, 60]",52.560148515,-25.18428898,54.82030061581583,-19.06741580550496,10,behavior_125,6.116873174495041,413.9567718192299,171360.208934998
"(60, 70]",62.07117996,-18.12660637,61.0954170794037,-17.16948656355908,3,behavior_125,0.9571198064409216,49.90367762775434,2490.3770407748293
"(-80, -70]",-71.25708173,-20.00285938,-71.0498319885632,-19.772798268546946,2,behavior_126,0.23006111145305397,8.229196716160933,67.71967859327388
"(-70, -60]",-65.61340604,-35.1199531,-65.2032742104729,-18.87518938179012,9,behavior_126,16.244763718209878,746.6591088323537,557499.8248023246
"(-60, -50]",-58.0693621,-31.43578883,-54.72148103306775,-12.366127925490392,14,behavior_126,19.069660904509607,1122.7507565146204,1260569.2612541525
"(-50, -40]",-43.7844094,0.441897953,-45.050822950890456,3.507878096956534,11,behavior_126,3.0659801439565344,246.40458071668314,60715.217398164415
"(-40, -30]",-35.56805596,3.938167204,-35.239463162466706,13.245081400630514,11,behavior_126,9.306914196630515,842.7456556332716,710220.2400887527
"(-30, -20]",-24.892482045,3.1913109405,-24.786900530126708,10.658332429377145,10,behavior_126,7.467021488877145,754.0070517800658,568526.6341340669
"(-20, -10]",-14.861629965,-2.1931205695,-13.03708100159824,1.6672427409498518,20,behavior_126,3.860363310449852,415.3601528292082,172524.0565583032
"(-10, 0]",-4.2016837085,-11.19345858,-6.965645148298346,-16.573399200492055,16,behavior_126,-5.3799406204920555,597.2853545401298,356749.79474812857
"(0, 10]",4.649206505,-23.063146705,4.8918705960494515,-20.170103522713493,10,behavior_126,2.893043182286508,320.9938931990984,103037.0794711142
"(10, 20]",14.48227294,-40.47469647,14.889857017366243,-19.72878865935555,10,behavior_126,20.745907810644447,2236.0523173178112,4999929.965782354
"(20, 30]",24.69371562,-49.41198452,24.80575462733373,-18.81524801316166,9,behavior_126,30.596736506838337,3094.561023837634,9576307.930255026
"(30, 40]",35.72890237,-46.307643205,34.735764015580365,-17.919919150586807,9,behavior_126,28.38772405441319,2565.3520183643022,6581030.978125799
"(40, 50]",45.949939150000006,-37.711282205,44.01814808334336,-20.995447803892052,10,behavior_126,16.71583440110795,1293.7939752050033,1673902.8502767647
"(50, 60]",52.560148515,-25.18428898,54.82030061581583,-19.06741580550496,10,behavior_126,6.116873174495041,413.9567718192299,171360.208934998
"(60, 70]",62.07117996,-18.12660637,61.0954170794037,-17.16948656355908,3,behavior_126,0.9571198064409216,49.90367762775434,2490.3770407748293
"(-80, -70]",-71.25708173,-20.00285938,-71.0498319885632,-19.772798268546946,2,behavior_127,0.23006111145305397,8.229196716160933,67.71967859327388
"(-70, -60]",-65.61340604,-35.1199531,-64.68753737032831,-20.69147671310828,9,behavior_127,14.428476386891717,663.1769786081195,439803.7049557942
"(-60, -50]",-58.0693621,-31.43578883,-54.59523701257965,-20.841961175492173,10,behavior_127,10.593827654507827,623.7251974769732,389033.12196768925
"(-50, -40]",-43.7844094,0.441897953,-44.98067607211014,-20.17360209081317,9,behavior_127,-20.61550004381317,1656.8123099470934,2745027.0303922235
"(-40, -30]",-35.56805596,3.938167204,-35.150971041301666,-20.686994954220186,8,behavior_127,-24.625162158220185,2229.8205387579746,4972099.635066904
"(-30, -20]",-24.892482045,3.1913109405,-25.34840001316212,-21.49453255022848,9,behavior_127,-24.68584349072848,2492.734231296191,6213723.947875812
"(-20, -10]",-14.861629965,-2.1931205695,-15.07691193525001,-22.194838902884655,10,behavior_127,-20.001718333384655,2152.1074872181644,4631566.636540482
"(-10, 0]",-4.2016837085,-11.19345858,-5.203058250291727,-23.212704223437992,9,behavior_127,-12.019245643437992,1334.3863625746078,1780586.9646250927
"(0, 10]",4.649206505,-23.063146705,5.030044959160001,-22.83785761034167,10,behavior_127,0.2252890946583328,24.996662349340866,624.8331286069553
"(10, 20]",14.48227294,-40.47469647,15.109640620583349,-21.693778063303174,10,behavior_127,18.780918406696824,2024.2602304009101,4097629.4803827456
"(20, 30]",24.69371562,-49.41198452,24.948203428570245,-20.114012632933047,8,behavior_127,29.29797188706695,2963.20366908885,8780575.984501623
"(30, 40]",35.72890237,-46.307643205,34.735764015580365,-18.504278757585016,9,behavior_127,27.80336444741498,2512.5444000293487,6312879.36211884
"(40, 50]",45.949939150000006,-37.711282205,44.01814808334336,-20.995447803892052,10,behavior_127,16.71583440110795,1293.7939752050033,1673902.8502767647
"(50, 60]",52.560148515,-25.18428898,54.82030061581583,-19.06741580550496,10,behavior_127,6.116873174495041,413.9567718192299,171360.208934998
"(60, 70]",62.07117996,-18.12660637,61.0954170794037,-17.16948656355908,3,behavior_127,0.9571198064409216,49.90367762775434,2490.3770407748293
"(-80, -70]",-71.25708173,-20.00285938,-71.0498319885632,-19.772798268546946,2,behavior_128,0.23006111145305397,8.229196716160933,67.71967859327388
"(-70, -60]",-65.61340604,-35.1199531,-65.27425705485093,-23.02750485695077,9,behavior_128,12.092448243049226,555.8059683339892,308920.2744356834
"(-60, -50]",-58.0693621,-31.43578883,-54.94686993909407,-15.662445232847684,14,behavior_128,15.773343597152316,928.6758451105884,862438.8252918656
"(-50, -40]",-43.7844094,0.441897953,-43.9881057847841,3.019216903875793,15,behavior_128,2.577318950875793,207.13219448452978,42903.74599197707
"(-40, -30]",-35.56805596,3.938167204,-35.45632398896109,14.952534767226458,11,behavior_128,11.014367563226457,997.3563973349725,994719.7833049955
"(-30, -20]",-24.892482045,3.1913109405,-24.984828069821933,11.814802858026042,10,behavior_128,8.623491917526042,870.7854566199733,758267.3114608553
"(-20, -10]",-14.861629965,-2.1931205695,-14.652564197037751,7.544197328464962,10,behavior_128,9.737317897964962,1047.6977229829702,1097670.5187437006
"(-10, 0]",-4.2016837085,-11.19345858,-6.979288376567183,-7.16000440072303,25,behavior_128,4.03345417927697,447.7973419101552,200522.45942180042
"(0, 10]",4.649206505,-23.063146705,3.533457234700141,-19.71741831421356,13,behavior_128,3.345728390786441,371.22099950699464,137805.03047497213
"(10, 20]",14.48227294,-40.47469647,14.889857017366243,-19.72878865935555,10,behavior_128,20.745907810644447,2236.0523173178112,4999929.965782354
"(20, 30]",24.69371562,-49.41198452,24.80575462733373,-18.81524801316166,9,behavior_128,30.596736506838337,3094.561023837634,9576307.930255026
"(30, 40]",35.72890237,-46.307643205,35.13217005329357,-17.43667469083722,9,behavior_128,28.87096851416278,2609.0220268442267,6806995.9365583565
"(40, 50]",45.949939150000006,-37.711282205,44.01814808334336,-20.747397199022522,10,behavior_128,16.96388500597748,1312.9929197760791,1723950.4073821134
"(50, 60]",52.560148515,-25.18428898,54.82030061581583,-19.06741580550496,10,behavior_128,6.116873174495041,413.9567718192299,171360.208934998
"(60, 70]",62.07117996,-18.12660637,61.0954170794037,-17.16948656355908,3,behavior_128,0.9571198064409216,49.90367762775434,2490.3770407748293
"(-80, -70]",-71.25708173,-20.00285938,-71.35777604351465,-21.28495770392704,2,behavior_129,-1.2820983239270412,45.86015972199107,2103.154249726532
"(-70, -60]",-65.61340604,-35.1199531,-65.27425705485093,-23.02750485695077,9,behavior_129,12.092448243049226,555.8059683339892,308920.2744356834
"(-60, -50]",-58.0693621,-31.43578883,-55.04703568657949,-13.111796265504166,15,behavior_129,18.323992564495832,1078.8485761323,1163914.250222691
"(-50, -40]",-43.7844094,0.441897953,-45.050822950890456,3.507878096956534,11,behavior_129,3.0659801439565344,246.40458071668314,60715.217398164415
"(-40, -30]",-35.56805596,3.938167204,-35.239463162466706,13.326311412558082,11,behavior_129,9.388144208558082,850.1010731446717,722671.8345617224
"(-30, -20]",-24.892482045,3.1913109405,-24.984828069821933,11.814802858026042,10,behavior_129,8.623491917526042,870.7854566199733,758267.3114608553
"(-20, -10]",-14.861629965,-2.1931205695,-14.652564197037751,7.544197328464962,10,behavior_129,9.737317897964962,1047.6977229829702,1097670.5187437006
"(-10, 0]",-4.2016837085,-11.19345858,-6.979288376567183,-7.16000440072303,25,behavior_129,4.03345417927697,447.7973419101552,200522.45942180042
"(0, 10]",4.649206505,-23.063146705,3.533457234700141,-19.71741831421356,13,behavior_129,3.345728390786441,371.22099950699464,137805.03047497213
"(10, 20]",14.48227294,-40.47469647,14.889857017366243,-19.72878865935555,10,behavior_129,20.745907810644447,2236.0523173178112,4999929.965782354
"(20, 30]",24.69371562,-49.41198452,24.80575462733373,-18.81524801316166,9,behavior_129,30.596736506838337,3094.561023837634,9576307.930255026
"(30, 40]",35.72890237,-46.307643205,34.735764015580365,-17.76541487758429,9,behavior_129,28.542228327415707,2579.314315864207,6652862.340022041
"(40, 50]",45.949939150000006,-37.711282205,44.01814808334336,-20.747397199022522,10,behavior_129,16.96388500597748,1312.9929197760791,1723950.4073821134
"(50, 60]",52.560148515,-25.18428898,54.82030061581583,-19.06741580550496,10,behavior_129,6.116873174495041,413.9567718192299,171360.208934998
"(60, 70]",62.07117996,-18.12660637,61.0954170794037,-17.16948656355908,3,behavior_129,0.9571198064409216,49.90367762775434,2490.3770407748293
"(-80, -70]",-71.25708173,-20.00285938,-71.0498319885632,-19.772798268546946,2,behavior_130,0.23006111145305397,8.229196716160933,67.71967859327388
"(-70, -60]",-65.61340604,-35.1199531,-65.2032742104729,-18.87518938179012,9,behavior_130,16.244763718209878,746.6591088323537,557499.8248023246
"(-60, -50]",-58.0693621,-31.43578883,-54.72148103306775,-12.366127925490392,14,behavior_130,19.069660904509607,1122.7507565146204,1260569.2612541525
"(-50, -40]",-43.7844094,0.441897953,-45.050822950890456,3.507878096956534,11,behavior_130,3.0659801439565344,246.40458071668314,60715.217398164415
"(-40, -30]",-35.56805596,3.938167204,-35.239463162466706,13.245081400630514,11,behavior_130,9.306914196630515,842.7456556332716,710220.2400887527
"(-30, -20]",-24.892482045,3.1913109405,-24.786900530126708,10.658332429377145,10,behavior_130,7.467021488877145,754.0070517800658,568526.6341340669
"(-20, -10]",-14.861629965,-2.1931205695,-13.03708100159824,1.6672427409498518,20,behavior_130,3.860363310449852,415.3601528292082,172524.0565583032
"(-10, 0]",-4.2016837085,-11.19345858,-6.714342001073763,-16.99842169736817,17,behavior_130,-5.804963117368169,644.4716955505186,415343.7663657603
"(0, 10]",4.649206505,-23.063146705,4.736764441517248,-22.381112056004326,10,behavior_130,0.6820346489956748,75.67427911835465,5726.596520082646
"(10, 20]",14.48227294,-40.47469647,15.109640620583349,-21.693778063303174,10,behavior_130,18.780918406696824,2024.2602304009101,4097629.4803827456
"(20, 30]",24.69371562,-49.41198452,24.948203428570245,-20.114012632933047,8,behavior_130,29.29797188706695,2963.20366908885,8780575.984501623
"(30, 40]",35.72890237,-46.307643205,34.735764015580365,-18.26467953172381,9,behavior_130,28.042963673276187,2534.1965887177907,6422152.350268887
"(40, 50]",45.949939150000006,-37.711282205,44.01814808334336,-20.747397199022522,10,behavior_130,16.96388500597748,1312.9929197760791,1723950.4073821134
"(50, 60]",52.560148515,-25.18428898,54.82030061581583,-19.06741580550496,10,behavior_130,6.116873174495041,413.9567718192299,171360.208934998
"(60, 70]",62.07117996,-18.12660637,61.0954170794037,-17.16948656355908,3,behavior_130,0.9571198064409216,49.90367762775434,2490.3770407748293
"(-80, -70]",-71.25708173,-20.00285938,-71.0498319885632,-19.772798268546946,2,behavior_131,0.23006111145305397,8.229196716160933,67.71967859327388
"(-70, -60]",-65.61340604,-35.1199531,-64.68753737032831,-20.69147671310828,9,behavior_131,14.428476386891717,663.1769786081195,439803.7049557942
"(-60, -50]",-58.0693621,-31.43578883,-54.040292076968264,-19.138039188226248,12,behavior_131,12.297749641773752,724.0457910011247,524242.3074664444
"(-50, -40]",-43.7844094,0.441897953,-45.19805636875781,-2.2828128579109856,13,behavior_131,-2.7247108109109854,218.97768198535766,47951.225207680436
"(-40, -30]",-35.56805596,3.938167204,-35.24362878193731,8.714993105312583,10,behavior_131,4.776825901312583,432.5439335741503,187094.25447179892
"(-30, -20]",-24.892482045,3.1913109405,-24.929598001352613,6.414688935907934,10,behavior_131,3.223377995407934,325.4911938730411,105944.51728889762
"(-20, -10]",-14.861629965,-2.1931205695,-12.59484696936678,0.0773507172618936,17,behavior_131,2.2704712867618935,244.29392386745405,59679.52123855744
"(-10, 0]",-4.2016837085,-11.19345858,-6.714342001073763,-16.99842169736817,17,behavior_131,-5.804963117368169,644.4716955505186,415343.7663657603
"(0, 10]",4.649206505,-23.063146705,4.736764441517248,-22.381112056004326,10,behavior_131,0.6820346489956748,75.67427911835465,5726.596520082646
"(10, 20]",14.48227294,-40.47469647,15.109640620583349,-21.693778063303174,10,behavior_131,18.780918406696824,2024.2602304009101,4097629.4803827456
"(20, 30]",24.69371562,-49.41198452,24.948203428570245,-20.114012632933047,8,behavior_131,29.29797188706695,2963.20366908885,8780575.984501623
"(30, 40]",35.72890237,-46.307643205,34.735764015580365,-18.26467953172381,9,behavior_131,28.042963673276187,2534.1965887177907,6422152.350268887
"(40, 50]",45.949939150000006,-37.711282205,44.01814808334336,-20.747397199022522,10,behavior_131,16.96388500597748,1312.9929197760791,1723950.4073821134
"(50, 60]",52.560148515,-25.18428898,54.82030061581583,-19.06741580550496,10,behavior_131,6.116873174495041,413.9567718192299,171360.208934998
"(60, 70]",62.07117996,-18.12660637,61.0954170794037,-17.16948656355908,3,behavior_131,0.9571198064409216,49.90367762775434,2490.3770407748293
"(-80, -70]",-71.25708173,-20.00285938,-71.35777604351465,-21.28495770392704,2,behavior_132,-1.2820983239270412,45.86015972199107,2103.154249726532
"(-70, -60]",-65.61340604,-35.1199531,-65.27425705485093,-23.02750485695077,9,behavior_132,12.092448243049226,555.8059683339892,308920.2744356834
"(-60, -50]",-58.0693621,-31.43578883,-55.04703568657949,-13.111796265504166,15,behavior_132,18.323992564495832,1078.8485761323,1163914.250222691
"(-50, -40]",-43.7844094,0.441897953,-44.181066895458095,4.545271284386913,13,behavior_132,4.103373331386913,329.7770819675424,108752.92379102719
"(-40, -30]",-35.56805596,3.938167204,-35.45632398896109,14.952534767226458,11,behavior_132,11.014367563226457,997.3563973349725,994719.7833049955
"(-30, -20]",-24.892482045,3.1913109405,-24.984828069821933,11.814802858026042,10,behavior_132,8.623491917526042,870.7854566199733,758267.3114608553
"(-20, -10]",-14.861629965,-2.1931205695,-14.652564197037751,7.544197328464962,10,behavior_132,9.737317897964962,1047.6977229829702,1097670.5187437006
"(-10, 0]",-4.2016837085,-11.19345858,-6.979288376567183,-7.16000440072303,25,behavior_132,4.03345417927697,447.7973419101552,200522.45942180042
"(0, 10]",4.649206505,-23.063146705,3.533457234700141,-19.71741831421356,13,behavior_132,3.345728390786441,371.22099950699464,137805.03047497213
"(10, 20]",14.48227294,-40.47469647,14.889857017366243,-19.72878865935555,10,behavior_132,20.745907810644447,2236.0523173178112,4999929.965782354
"(20, 30]",24.69371562,-49.41198452,24.80575462733373,-18.81524801316166,9,behavior_132,30.596736506838337,3094.561023837634,9576307.930255026
"(30, 40]",35.72890237,-46.307643205,35.13217005329357,-16.927225107826082,9,behavior_132,29.380418097173916,2655.060149292063,7049344.396358793
"(40, 50]",45.949939150000006,-37.711282205,44.62709747387851,-16.08598066722433,9,behavior_132,21.625301537775673,1673.7833224592837,2801550.6105428385
"(50, 60]",52.560148515,-25.18428898,55.18936905834825,-13.868291141359824,11,behavior_132,11.315997838640177,765.8053063334228,586457.7672084275
"(60, 70]",62.07117996,-18.12660637,61.0954170794037,-16.777963867895608,3,behavior_132,1.3486425021043935,70.31744637107758,4944.543264149372
"(-80, -70]",-71.25708173,-20.00285938,-71.35777604351465,-21.28495770392704,2,behavior_133,-1.2820983239270412,45.86015972199107,2103.154249726532
"(-70, -60]",-65.61340604,-35.1199531,-65.27425705485093,-23.02750485695077,9,behavior_133,12.092448243049226,555.8059683339892,308920.2744356834
"(-60, -50]",-58.0693621,-31.43578883,-55.04703568657949,-13.111796265504166,15,behavior_133,18.323992564495832,1078.8485761323,1163914.250222691
"(-50, -40]",-43.7844094,0.441897953,-45.050822950890456,3.507878096956534,11,behavior_133,3.0659801439565344,246.40458071668314,60715.217398164415
"(-40, -30]",-35.56805596,3.938167204,-35.239463162466706,13.245081400630514,11,behavior_133,9.306914196630515,842.7456556332716,710220.2400887527
"(-30, -20]",-24.892482045,3.1913109405,-24.786900530126708,10.658332429377145,10,behavior_133,7.467021488877145,754.0070517800658,568526.6341340669
"(-20, -10]",-14.861629965,-2.1931205695,-13.03708100159824,1.6672427409498518,20,behavior_133,3.860363310449852,415.3601528292082,172524.0565583032
"(-10, 0]",-4.2016837085,-11.19345858,-6.714342001073763,-16.99842169736817,17,behavior_133,-5.804963117368169,644.4716955505186,415343.7663657603
"(0, 10]",4.649206505,-23.063146705,4.937530669447581,-21.050702486825433,10,behavior_133,2.0124442181745685,223.28816534543404,49857.60478332989
"(10, 20]",14.48227294,-40.47469647,14.889857017366243,-19.72878865935555,10,behavior_133,20.745907810644447,2236.0523173178112,4999929.965782354
"(20, 30]",24.69371562,-49.41198452,24.80575462733373,-18.81524801316166,9,behavior_133,30.596736506838337,3094.561023837634,9576307.930255026
"(30, 40]",35.72890237,-46.307643205,35.13217005329357,-16.927225107826082,9,behavior_133,29.380418097173916,2655.060149292063,7049344.396358793
"(40, 50]",45.949939150000006,-37.711282205,44.62709747387851,-16.08598066722433,9,behavior_133,21.625301537775673,1673.7833224592837,2801550.6105428385
"(50, 60]",52.560148515,-25.18428898,55.18936905834825,-13.868291141359824,11,behavior_133,11.315997838640177,765.8053063334228,586457.7672084275
"(60, 70]",62.07117996,-18.12660637,61.0954170794037,-16.777963867895608,3,behavior_133,1.3486425021043935,70.31744637107758,4944.543264149372
"(-80, -70]",-71.25708173,-20.00285938,-71.0498319885632,-19.772798268546946,2,behavior_134,0.23006111145305397,8.229196716160933,67.71967859327388
"(-70, -60]",-65.61340604,-35.1199531,-64.68753737032831,-20.69147671310828,9,behavior_134,14.428476386891717,663.1769786081195,439803.7049557942
"(-60, -50]",-58.0693621,-31.43578883,-54.72148103306775,-12.366127925490392,14,behavior_134,19.069660904509607,1122.7507565146204,1260569.2612541525
"(-50, -40]",-43.7844094,0.441897953,-45.050822950890456,3.507878096956534,11,behavior_134,3.0659801439565344,246.40458071668314,60715.217398164415
"(-40, -30]",-35.56805596,3.938167204,-35.239463162466706,13.245081400630514,11,behavior_134,9.306914196630515,842.7456556332716,710220.2400887527
"(-30, -20]",-24.892482045,3.1913109405,-24.786900530126708,10.658332429377145,10,behavior_134,7.467021488877145,754.0070517800658,568526.6341340669
"(-20, -10]",-14.861629965,-2.1931205695,-13.03708100159824,1.6672427409498518,20,behavior_134,3.860363310449852,415.3601528292082,172524.0565583032
"(-10, 0]",-4.2016837085,-11.19345858,-6.714342001073763,-16.99842169736817,17,behavior_134,-5.804963117368169,644.4716955505186,415343.7663657603
"(0, 10]",4.649206505,-23.063146705,4.736764441517248,-22.381112056004326,10,behavior_134,0.6820346489956748,75.67427911835465,5726.596520082646
"(10, 20]",14.48227294,-40.47469647,15.109640620583349,-21.693778063303174,10,behavior_134,18.780918406696824,2024.2602304009101,4097629.4803827456
"(20, 30]",24.69371562,-49.41198452,24.948203428570245,-20.114012632933047,8,behavior_134,29.29797188706695,2963.20366908885,8780575.984501623
"(30, 40]",35.72890237,-46.307643205,34.735764015580365,-18.26467953172381,9,behavior_134,28.042963673276187,2534.1965887177907,6422152.350268887
"(40, 50]",45.949939150000006,-37.711282205,44.01814808334336,-20.747397199022522,10,behavior_134,16.96388500597748,1312.9929197760791,1723950.4073821134
"(50, 60]",52.560148515,-25.18428898,54.82030061581583,-19.06741580550496,10,behavior_134,6.116873174495041,413.9567718192299,171360.208934998
"(60, 70]",62.07117996,-18.12660637,61.0954170794037,-17.16948656355908,3,behavior_134,0.9571198064409216,49.90367762775434,2490.3770407748293
"(-80, -70]",-71.25708173,-20.00285938,-71.0498319885632,-19.772798268546946,2,behavior_135,0.23006111145305397,8.229196716160933,67.71967859327388
"(-70, -60]",-65.61340604,-35.1199531,-65.27425705485093,-23.02750485695077,9,behavior_135,12.092448243049226,555.8059683339892,308920.2744356834
"(-60, -50]",-58.0693621,-31.43578883,-54.94686993909407,-15.662445232847684,14,behavior_135,15.773343597152316,928.6758451105884,862438.8252918656
"(-50, -40]",-43.7844094,0.441897953,-43.9881057847841,3.019216903875793,15,behavior_135,2.577318950875793,207.13219448452978,42903.74599197707
"(-40, -30]",-35.56805596,3.938167204,-35.45632398896109,14.952534767226458,11,behavior_135,11.014367563226457,997.3563973349725,994719.7833049955
"(-30, -20]",-24.892482045,3.1913109405,-24.984828069821933,11.814802858026042,10,behavior_135,8.623491917526042,870.7854566199733,758267.3114608553
"(-20, -10]",-14.861629965,-2.1931205695,-14.652564197037751,7.544197328464962,10,behavior_135,9.737317897964962,1047.6977229829702,1097670.5187437006
"(-10, 0]",-4.2016837085,-11.19345858,-6.979288376567183,-7.16000440072303,25,behavior_135,4.03345417927697,447.7973419101552,200522.45942180042
"(0, 10]",4.649206505,-23.063146705,4.413503593494211,-16.311633984735664,11,behavior_135,6.751512720264337,749.1054286123891,561158.9431765513
"(10, 20]",14.48227294,-40.47469647,14.141544876140044,-17.275014160559007,11,behavior_135,23.19968230944099,2500.5270370692497,6252635.46311432
"(20, 30]",24.69371562,-49.41198452,24.24251390909328,-18.748839965232705,10,behavior_135,30.663144554767293,3101.2775492011856,9617922.437179312
"(30, 40]",35.72890237,-46.307643205,35.70745671001215,-17.72343194662301,10,behavior_135,28.58421125837699,2583.1082444113467,6672448.2023458695
"(40, 50]",45.949939150000006,-37.711282205,44.58544126307676,-21.5823445567738,9,behavior_135,16.128937648226202,1248.3685740718443,1558424.0967301696
"(50, 60]",52.560148515,-25.18428898,54.82030061581583,-19.06741580550496,10,behavior_135,6.116873174495041,413.9567718192299,171360.208934998
"(60, 70]",62.07117996,-18.12660637,61.0954170794037,-17.16948656355908,3,behavior_135,0.9571198064409216,49.90367762775434,2490.3770407748293
"(-80, -70]",-71.25708173,-20.00285938,-71.0498319885632,-19.772798268546946,2,behavior_136,0.23006111145305397,8.229196716160933,67.71967859327388
"(-70, -60]",-65.61340604,-35.1199531,-65.27425705485093,-23.02750485695077,9,behavior_136,12.092448243049226,555.8059683339892,308920.2744356834
"(-60, -50]",-58.0693621,-31.43578883,-54.94686993909407,-15.662445232847684,14,behavior_136,15.773343597152316,928.6758451105884,862438.8252918656
"(-50, -40]",-43.7844094,0.441897953,-44.847590448995575,1.957400310855317,13,behavior_136,1.515502357855317,121.79684979322491,14834.47261955339
"(-40, -30]",-35.56805596,3.938167204,-35.239463162466706,13.326311412558082,11,behavior_136,9.388144208558082,850.1010731446717,722671.8345617224
"(-30, -20]",-24.892482045,3.1913109405,-24.984828069821933,11.814802858026042,10,behavior_136,8.623491917526042,870.7854566199733,758267.3114608553
"(-20, -10]",-14.861629965,-2.1931205695,-14.652564197037751,7.544197328464962,10,behavior_136,9.737317897964962,1047.6977229829702,1097670.5187437006
"(-10, 0]",-4.2016837085,-11.19345858,-6.979288376567183,-7.16000440072303,25,behavior_136,4.03345417927697,447.7973419101552,200522.45942180042
"(0, 10]",4.649206505,-23.063146705,4.413503593494211,-16.311633984735664,11,behavior_136,6.751512720264337,749.1054286123891,561158.9431765513
"(10, 20]",14.48227294,-40.47469647,14.141544876140044,-17.275014160559007,11,behavior_136,23.19968230944099,2500.5270370692497,6252635.46311432
"(20, 30]",24.69371562,-49.41198452,23.845403066629533,-23.065592513987227,12,behavior_136,26.34639200601277,2664.680195625849,7100520.544960613
"(30, 40]",35.72890237,-46.307643205,34.87035302281723,-24.50666190060104,9,behavior_136,21.80098130439896,1970.118889572191,3881368.439049163
"(40, 50]",45.949939150000006,-37.711282205,45.28997343772488,-22.87958216334062,9,behavior_136,14.831700041659385,1147.9632841226771,1317819.7016937223
"(50, 60]",52.560148515,-25.18428898,55.49466054755884,-20.561659213760876,10,behavior_136,4.622629766239125,312.8344892496154,97865.41766406773
"(60, 70]",62.07117996,-18.12660637,61.29361517393866,-18.57857315102444,2,behavior_136,-0.45196678102443855,23.565288678507372,555.3228305013877
"(-80, -70]",-71.25708173,-20.00285938,-71.0498319885632,-19.772798268546946,2,behavior_137,0.23006111145305397,8.229196716160933,67.71967859327388
"(-70, -60]",-65.61340604,-35.1199531,-65.2032742104729,-18.87518938179012,9,behavior_137,16.244763718209878,746.6591088323537,557499.8248023246
"(-60, -50]",-58.0693621,-31.43578883,-54.72148103306775,-12.366127925490392,14,behavior_137,19.069660904509607,1122.7507565146204,1260569.2612541525
"(-50, -40]",-43.7844094,0.441897953,-45.050822950890456,3.507878096956534,11,behavior_137,3.0659801439565344,246.40458071668314,60715.217398164415
"(-40, -30]",-35.56805596,3.938167204,-35.239463162466706,13.326311412558082,11,behavior_137,9.388144208558082,850.1010731446717,722671.8345617224
"(-30, -20]",-24.892482045,3.1913109405,-24.984828069821933,11.814802858026042,10,behavior_137,8.623491917526042,870.7854566199733,758267.3114608553
"(-20, -10]",-14.861629965,-2.1931205695,-14.652564197037751,7.544197328464962,10,behavior_137,9.737317897964962,1047.6977229829702,1097670.5187437006
"(-10, 0]",-4.2016837085,-11.19345858,-6.979288376567183,-7.16000440072303,25,behavior_137,4.03345417927697,447.7973419101552,200522.45942180042
"(0, 10]",4.649206505,-23.063146705,4.413503593494211,-16.311633984735664,11,behavior_137,6.751512720264337,749.1054286123891,561158.9431765513
"(10, 20]",14.48227294,-40.47469647,14.141544876140044,-17.275014160559007,11,behavior_137,23.19968230944099,2500.5270370692497,6252635.46311432
"(20, 30]",24.69371562,-49.41198452,23.845403066629533,-23.065592513987227,12,behavior_137,26.34639200601277,2664.680195625849,7100520.544960613
"(30, 40]",35.72890237,-46.307643205,34.87035302281723,-24.50666190060104,9,behavior_137,21.80098130439896,1970.118889572191,3881368.439049163
"(40, 50]",45.949939150000006,-37.711282205,45.28997343772488,-22.87958216334062,9,behavior_137,14.831700041659385,1147.9632841226771,1317819.7016937223
"(50, 60]",52.560148515,-25.18428898,55.49466054755884,-20.561659213760876,10,behavior_137,4.622629766239125,312.8344892496154,97865.41766406773
"(60, 70]",62.07117996,-18.12660637,61.29361517393866,-18.57857315102444,2,behavior_137,-0.45196678102443855,23.565288678507372,555.3228305013877
"(-80, -70]",-71.25708173,-20.00285938,-71.0498319885632,-19.772798268546946,2,behavior_138,0.23006111145305397,8.229196716160933,67.71967859327388
"(-70, -60]",-65.61340604,-35.1199531,-65.2032742104729,-18.87518938179012,9,behavior_138,16.244763718209878,746.6591088323537,557499.8248023246
"(-60, -50]",-58.0693621,-31.43578883,-54.72148103306775,-12.366127925490392,14,behavior_138,19.069660904509607,1122.7507565146204,1260569.2612541525
"(-50, -40]",-43.7844094,0.441897953,-45.050822950890456,3.507878096956534,11,behavior_138,3.0659801439565344,246.40458071668314,60715.217398164415
"(-40, -30]",-35.56805596,3.938167204,-35.239463162466706,13.245081400630514,11,behavior_138,9.306914196630515,842.7456556332716,710220.2400887527
"(-30, -20]",-24.892482045,3.1913109405,-24.786900530126708,10.658332429377145,10,behavior_138,7.467021488877145,754.0070517800658,568526.6341340669
"(-20, -10]",-14.861629965,-2.1931205695,-15.555668143866598,4.473218904823931,12,behavior_138,6.66633947432393,717.2723291020774,514479.5940955188
"(-10, 0]",-4.2016837085,-11.19345858,-6.2220723793874715,-8.26020485551148,22,behavior_138,2.9332537244885195,325.65219848598304,106049.3543787541
"(0, 10]",4.649206505,-23.063146705,4.413503593494211,-16.311633984735664,11,behavior_138,6.751512720264337,749.1054286123891,561158.9431765513
"(10, 20]",14.48227294,-40.47469647,14.141544876140044,-17.275014160559007,11,behavior_138,23.19968230944099,2500.5270370692497,6252635.46311432
"(20, 30]",24.69371562,-49.41198452,23.845403066629533,-23.065592513987227,12,behavior_138,26.34639200601277,2664.680195625849,7100520.544960613
"(30, 40]",35.72890237,-46.307643205,34.87035302281723,-24.50666190060104,9,behavior_138,21.80098130439896,1970.118889572191,3881368.439049163
"(40, 50]",45.949939150000006,-37.711282205,45.28997343772488,-22.87958216334062,9,behavior_138,14.831700041659385,1147.9632841226771,1317819.7016937223
"(50, 60]",52.560148515,-25.18428898,55.49466054755884,-20.561659213760876,10,behavior_138,4.622629766239125,312.8344892496154,97865.41766406773
"(60, 70]",62.07117996,-18.12660637,61.29361517393866,-18.57857315102444,2,behavior_138,-0.45196678102443855,23.565288678507372,555.3228305013877
"(-80, -70]",-71.25708173,-20.00285938,-71.0498319885632,-19.772798268546946,2,behavior_139,0.23006111145305397,8.229196716160933,67.71967859327388
"(-70, -60]",-65.61340604,-35.1199531,-65.27425705485093,-23.02750485695077,9,behavior_139,12.092448243049226,555.8059683339892,308920.2744356834
"(-60, -50]",-58.0693621,-31.43578883,-54.86549813781042,-23.147349911765417,10,behavior_139,8.288438918234583,487.99247728481873,238136.65788657434
"(-50, -40]",-43.7844094,0.441897953,-45.0904744136671,-23.818646222280105,8,behavior_139,-24.260544175280106,1949.754706419655,3801543.4152055946
"(-40, -30]",-35.56805596,3.938167204,-35.323191537905984,-24.334184740175463,9,behavior_139,-28.272351944175462,2560.075366775691,6553985.883571688
"(-30, -20]",-24.892482045,3.1913109405,-25.02678459123356,-24.757036921108583,9,behavior_139,-27.948347861608582,2822.176339608216,7964679.2918444285
"(-20, -10]",-14.861629965,-2.1931205695,-15.272923677451375,-25.027267456443365,9,behavior_139,-22.834146886943365,2456.8658382519334,6036189.747169375
"(-10, 0]",-4.2016837085,-11.19345858,-5.219917593156162,-25.075130621133383,9,behavior_139,-13.881672041133383,1541.1544460391883,2375157.026546357
"(0, 10]",4.649206505,-23.063146705,4.867663292958679,-25.12162819763532,9,behavior_139,-2.0584814926353197,228.39617204644443,52164.811405469045
"(10, 20]",14.48227294,-40.47469647,15.407963915478335,-25.03604124271784,11,behavior_139,15.438655227282158,1664.0217006807684,2768968.220336517
"(20, 30]",24.69371562,-49.41198452,24.9670832649401,-25.705173342294515,8,behavior_139,23.706811177705482,2397.712378691413,5749024.650930034
"(30, 40]",35.72890237,-46.307643205,34.87035302281723,-24.50666190060104,9,behavior_139,21.80098130439896,1970.118889572191,3881368.439049163
"(40, 50]",45.949939150000006,-37.711282205,45.28997343772488,-22.87958216334062,9,behavior_139,14.831700041659385,1147.9632841226771,1317819.7016937223
"(50, 60]",52.560148515,-25.18428898,55.49466054755884,-20.561659213760876,10,behavior_139,4.622629766239125,312.8344892496154,97865.41766406773
"(60, 70]",62.07117996,-18.12660637,61.29361517393866,-18.57857315102444,2,behavior_139,-0.45196678102443855,23.565288678507372,555.3228305013877
"(-80, -70]",-71.25708173,-20.00285938,-71.35777604351465,-21.28495770392704,2,behavior_140,-1.2820983239270412,45.86015972199107,2103.154249726532
"(-70, -60]",-65.61340604,-35.1199531,-65.27425705485093,-23.02750485695077,9,behavior_140,12.092448243049226,555.8059683339892,308920.2744356834
"(-60, -50]",-58.0693621,-31.43578883,-54.86549813781042,-23.147349911765417,10,behavior_140,8.288438918234583,487.99247728481873,238136.65788657434
"(-50, -40]",-43.7844094,0.441897953,-45.0904744136671,-23.818646222280105,8,behavior_140,-24.260544175280106,1949.754706419655,3801543.4152055946
"(-40, -30]",-35.56805596,3.938167204,-35.323191537905984,-24.334184740175463,9,behavior_140,-28.272351944175462,2560.075366775691,6553985.883571688
"(-30, -20]",-24.892482045,3.1913109405,-25.02678459123356,-24.757036921108583,9,behavior_140,-27.948347861608582,2822.176339608216,7964679.2918444285
"(-20, -10]",-14.861629965,-2.1931205695,-15.272923677451375,-25.027267456443365,9,behavior_140,-22.834146886943365,2456.8658382519334,6036189.747169375
"(-10, 0]",-4.2016837085,-11.19345858,-5.219917593156162,-25.075130621133383,9,behavior_140,-13.881672041133383,1541.1544460391883,2375157.026546357
"(0, 10]",4.649206505,-23.063146705,4.867663292958679,-25.12162819763532,9,behavior_140,-2.0584814926353197,228.39617204644443,52164.811405469045
"(10, 20]",14.48227294,-40.47469647,14.9747827877784,-25.728225048591103,11,behavior_140,14.746471421408895,1589.4161824619591,2526243.801071948
"(20, 30]",24.69371562,-49.41198452,24.9670832649401,-25.705173342294515,8,behavior_140,23.706811177705482,2397.712378691413,5749024.650930034
"(30, 40]",35.72890237,-46.307643205,34.87035302281723,-24.50666190060104,9,behavior_140,21.80098130439896,1970.118889572191,3881368.439049163
"(40, 50]",45.949939150000006,-37.711282205,45.28997343772488,-22.87958216334062,9,behavior_140,14.831700041659385,1147.9632841226771,1317819.7016937223
"(50, 60]",52.560148515,-25.18428898,55.49466054755884,-20.561659213760876,10,behavior_140,4.622629766239125,312.8344892496154,97865.41766406773
"(60, 70]",62.07117996,-18.12660637,61.29361517393866,-18.57857315102444,2,behavior_140,-0.45196678102443855,23.565288678507372,555.3228305013877
"(-80, -70]",-71.25708173,-20.00285938,-71.0498319885632,-19.772798268546946,2,behavior_141,0.23006111145305397,8.229196716160933,67.71967859327388
"(-70, -60]",-65.61340604,-35.1199531,-65.27425705485093,-23.02750485695077,9,behavior_141,12.092448243049226,555.8059683339892,308920.2744356834
"(-60, -50]",-58.0693621,-31.43578883,-54.50650532223548,-17.417736678362417,14,behavior_141,14.018052151637583,825.3308088132067,681170.9439762619
"(-50, -40]",-43.7844094,0.441897953,-43.34390777465083,2.017129707189592,16,behavior_141,1.575231754189592,126.5971407831121,16026.836054459103
"(-40, -30]",-35.56805596,3.938167204,-35.45632398896109,14.952534767226458,11,behavior_141,11.014367563226457,997.3563973349725,994719.7833049955
"(-30, -20]",-24.892482045,3.1913109405,-24.984828069821933,11.814802858026042,10,behavior_141,8.623491917526042,870.7854566199733,758267.3114608553
"(-20, -10]",-14.861629965,-2.1931205695,-14.652564197037751,7.544197328464962,10,behavior_141,9.737317897964962,1047.6977229829702,1097670.5187437006
"(-10, 0]",-4.2016837085,-11.19345858,-6.979288376567183,-7.16000440072303,25,behavior_141,4.03345417927697,447.7973419101552,200522.45942180042
"(0, 10]",4.649206505,-23.063146705,4.413503593494211,-16.311633984735664,11,behavior_141,6.751512720264337,749.1054286123891,561158.9431765513
"(10, 20]",14.48227294,-40.47469647,13.746916269459158,-18.07955867173792,11,behavior_141,22.395137798262077,2413.81096587935,5826483.378999401
"(20, 30]",24.69371562,-49.41198452,24.24251390909328,-18.748839965232705,10,behavior_141,30.663144554767293,3101.2775492011856,9617922.437179312
"(30, 40]",35.72890237,-46.307643205,35.70745671001215,-17.593325204874027,10,behavior_141,28.71431800012597,2594.86577706556,6733328.400986052
"(40, 50]",45.949939150000006,-37.711282205,44.58544126307676,-21.353602728099563,9,behavior_141,16.35767947690044,1266.0730327733788,1602940.924315981
"(50, 60]",52.560148515,-25.18428898,54.82030061581583,-19.06741580550496,10,behavior_141,6.116873174495041,413.9567718192299,171360.208934998
"(60, 70]",62.07117996,-18.12660637,61.0954170794037,-17.16948656355908,3,behavior_141,0.9571198064409216,49.90367762775434,2490.3770407748293
"(-80, -70]",-71.25708173,-20.00285938,-71.0498319885632,-19.772798268546946,2,behavior_142,0.23006111145305397,8.229196716160933,67.71967859327388
"(-70, -60]",-65.61340604,-35.1199531,-65.27425705485093,-23.02750485695077,9,behavior_142,12.092448243049226,555.8059683339892,308920.2744356834
"(-60, -50]",-58.0693621,-31.43578883,-54.94686993909407,-15.662445232847684,14,behavior_142,15.773343597152316,928.6758451105884,862438.8252918656
"(-50, -40]",-43.7844094,0.441897953,-44.847590448995575,1.957400310855317,13,behavior_142,1.515502357855317,121.79684979322491,14834.47261955339
"(-40, -30]",-35.56805596,3.938167204,-35.239463162466706,13.326311412558082,11,behavior_142,9.388144208558082,850.1010731446717,722671.8345617224
"(-30, -20]",-24.892482045,3.1913109405,-24.984828069821933,11.814802858026042,10,behavior_142,8.623491917526042,870.7854566199733,758267.3114608553
"(-20, -10]",-14.861629965,-2.1931205695,-14.652564197037751,7.544197328464962,10,behavior_142,9.737317897964962,1047.6977229829702,1097670.5187437006
"(-10, 0]",-4.2016837085,-11.19345858,-6.979288376567183,-7.16000440072303,25,behavior_142,4.03345417927697,447.7973419101552,200522.45942180042
"(0, 10]",4.649206505,-23.063146705,4.413503593494211,-16.311633984735664,11,behavior_142,6.751512720264337,749.1054286123891,561158.9431765513
"(10, 20]",14.48227294,-40.47469647,13.746916269459158,-18.07955867173792,11,behavior_142,22.395137798262077,2413.81096587935,5826483.378999401
"(20, 30]",24.69371562,-49.41198452,24.24251390909328,-18.748839965232705,10,behavior_142,30.663144554767293,3101.2775492011856,9617922.437179312
"(30, 40]",35.72890237,-46.307643205,35.70745671001215,-17.593325204874027,10,behavior_142,28.71431800012597,2594.86577706556,6733328.400986052
"(40, 50]",45.949939150000006,-37.711282205,44.58544126307676,-21.353602728099563,9,behavior_142,16.35767947690044,1266.0730327733788,1602940.924315981
"(50, 60]",52.560148515,-25.18428898,54.82030061581583,-19.06741580550496,10,behavior_142,6.116873174495041,413.9567718192299,171360.208934998
"(60, 70]",62.07117996,-18.12660637,61.0954170794037,-17.16948656355908,3,behavior_142,0.9571198064409216,49.90367762775434,2490.3770407748293
"(-80, -70]",-71.25708173,-20.00285938,-71.0498319885632,-19.772798268546946,2,behavior_143,0.23006111145305397,8.229196716160933,67.71967859327388
"(-70, -60]",-65.61340604,-35.1199531,-65.27425705485093,-23.02750485695077,9,behavior_143,12.092448243049226,555.8059683339892,308920.2744356834
"(-60, -50]",-58.0693621,-31.43578883,-55.04703568657949,-13.111796265504166,15,behavior_143,18.323992564495832,1078.8485761323,1163914.250222691
"(-50, -40]",-43.7844094,0.441897953,-45.050822950890456,3.507878096956534,11,behavior_143,3.0659801439565344,246.40458071668314,60715.217398164415
"(-40, -30]",-35.56805596,3.938167204,-35.239463162466706,13.326311412558082,11,behavior_143,9.388144208558082,850.1010731446717,722671.8345617224
"(-30, -20]",-24.892482045,3.1913109405,-24.984828069821933,11.814802858026042,10,behavior_143,8.623491917526042,870.7854566199733,758267.3114608553
"(-20, -10]",-14.861629965,-2.1931205695,-14.652564197037751,7.544197328464962,10,behavior_143,9.737317897964962,1047.6977229829702,1097670.5187437006
"(-10, 0]",-4.2016837085,-11.19345858,-6.979288376567183,-7.16000440072303,25,behavior_143,4.03345417927697,447.7973419101552,200522.45942180042
"(0, 10]",4.649206505,-23.063146705,4.413503593494211,-16.311633984735664,11,behavior_143,6.751512720264337,749.1054286123891,561158.9431765513
"(10, 20]",14.48227294,-40.47469647,13.746916269459158,-18.07955867173792,11,behavior_143,22.395137798262077,2413.81096587935,5826483.378999401
"(20, 30]",24.69371562,-49.41198452,23.845403066629533,-23.065592513987227,12,behavior_143,26.34639200601277,2664.680195625849,7100520.544960613
"(30, 40]",35.72890237,-46.307643205,34.87035302281723,-24.50666190060104,9,behavior_143,21.80098130439896,1970.118889572191,3881368.439049163
"(40, 50]",45.949939150000006,-37.711282205,45.28997343772488,-22.87958216334062,9,behavior_143,14.831700041659385,1147.9632841226771,1317819.7016937223
"(50, 60]",52.560148515,-25.18428898,55.49466054755884,-20.561659213760876,10,behavior_143,4.622629766239125,312.8344892496154,97865.41766406773
"(60, 70]",62.07117996,-18.12660637,61.29361517393866,-18.57857315102444,2,behavior_143,-0.45196678102443855,23.565288678507372,555.3228305013877
"(-80, -70]",-71.25708173,-20.00285938,-71.0498319885632,-19.772798268546946,2,behavior_144,0.23006111145305397,8.229196716160933,67.71967859327388
"(-70, -60]",-65.61340604,-35.1199531,-65.2032742104729,-18.87518938179012,9,behavior_144,16.244763718209878,746.6591088323537,557499.8248023246
"(-60, -50]",-58.0693621,-31.43578883,-54.72148103306775,-12.366127925490392,14,behavior_144,19.069660904509607,1122.7507565146204,1260569.2612541525
"(-50, -40]",-43.7844094,0.441897953,-45.050822950890456,3.507878096956534,11,behavior_144,3.0659801439565344,246.40458071668314,60715.217398164415
"(-40, -30]",-35.56805596,3.938167204,-35.239463162466706,13.326311412558082,11,behavior_144,9.388144208558082,850.1010731446717,722671.8345617224
"(-30, -20]",-24.892482045,3.1913109405,-24.984828069821933,11.814802858026042,10,behavior_144,8.623491917526042,870.7854566199733,758267.3114608553
"(-20, -10]",-14.861629965,-2.1931205695,-14.652564197037751,7.544197328464962,10,behavior_144,9.737317897964962,1047.6977229829702,1097670.5187437006
"(-10, 0]",-4.2016837085,-11.19345858,-6.979288376567183,-7.16000440072303,25,behavior_144,4.03345417927697,447.7973419101552,200522.45942180042
"(0, 10]",4.649206505,-23.063146705,4.413503593494211,-16.311633984735664,11,behavior_144,6.751512720264337,749.1054286123891,561158.9431765513
"(10, 20]",14.48227294,-40.47469647,13.746916269459158,-18.07955867173792,11,behavior_144,22.395137798262077,2413.81096587935,5826483.378999401
"(20, 30]",24.69371562,-49.41198452,23.845403066629533,-23.065592513987227,12,behavior_144,26.34639200601277,2664.680195625849,7100520.544960613
"(30, 40]",35.72890237,-46.307643205,34.87035302281723,-24.50666190060104,9,behavior_144,21.80098130439896,1970.118889572191,3881368.439049163
"(40, 50]",45.949939150000006,-37.711282205,45.28997343772488,-22.87958216334062,9,behavior_144,14.831700041659385,1147.9632841226771,1317819.7016937223
"(50, 60]",52.560148515,-25.18428898,55.49466054755884,-20.561659213760876,10,behavior_144,4.622629766239125,312.8344892496154,97865.41766406773
"(60, 70]",62.07117996,-18.12660637,61.29361517393866,-18.57857315102444,2,behavior_144,-0.45196678102443855,23.565288678507372,555.3228305013877
"(-80, -70]",-71.25708173,-20.00285938,-71.35777604351465,-21.28495770392704,2,behavior_145,-1.2820983239270412,45.86015972199107,2103.154249726532
"(-70, -60]",-65.61340604,-35.1199531,-65.27425705485093,-23.02750485695077,9,behavior_145,12.092448243049226,555.8059683339892,308920.2744356834
"(-60, -50]",-58.0693621,-31.43578883,-54.86549813781042,-23.147349911765417,10,behavior_145,8.288438918234583,487.99247728481873,238136.65788657434
"(-50, -40]",-43.7844094,0.441897953,-45.0904744136671,-23.818646222280105,8,behavior_145,-24.260544175280106,1949.754706419655,3801543.4152055946
"(-40, -30]",-35.56805596,3.938167204,-35.323191537905984,-24.334184740175463,9,behavior_145,-28.272351944175462,2560.075366775691,6553985.883571688
"(-30, -20]",-24.892482045,3.1913109405,-25.02678459123356,-24.757036921108583,9,behavior_145,-27.948347861608582,2822.176339608216,7964679.2918444285
"(-20, -10]",-14.861629965,-2.1931205695,-15.272923677451375,-25.027267456443365,9,behavior_145,-22.834146886943365,2456.8658382519334,6036189.747169375
"(-10, 0]",-4.2016837085,-11.19345858,-5.219917593156162,-25.075130621133383,9,behavior_145,-13.881672041133383,1541.1544460391883,2375157.026546357
"(0, 10]",4.649206505,-23.063146705,4.867663292958679,-25.12162819763532,9,behavior_145,-2.0584814926353197,228.39617204644443,52164.811405469045
"(10, 20]",14.48227294,-40.47469647,14.885818934650846,-24.734623051963325,10,behavior_145,15.740073418036673,1696.5094013911978,2878144.14900872
"(20, 30]",24.69371562,-49.41198452,24.39484613544335,-25.64219796193929,9,behavior_145,23.76978655806071,2404.081723260729,5779608.9321162775
"(30, 40]",35.72890237,-46.307643205,34.87035302281723,-24.50666190060104,9,behavior_145,21.80098130439896,1970.118889572191,3881368.439049163
"(40, 50]",45.949939150000006,-37.711282205,45.28997343772488,-22.87958216334062,9,behavior_145,14.831700041659385,1147.9632841226771,1317819.7016937223
"(50, 60]",52.560148515,-25.18428898,55.49466054755884,-20.561659213760876,10,behavior_145,4.622629766239125,312.8344892496154,97865.41766406773
"(60, 70]",62.07117996,-18.12660637,61.29361517393866,-18.57857315102444,2,behavior_145,-0.45196678102443855,23.565288678507372,555.3228305013877
"(-80, -70]",-71.25708173,-20.00285938,-71.35777604351465,-21.28495770392704,2,behavior_146,-1.2820983239270412,45.86015972199107,2103.154249726532
"(-70, -60]",-65.61340604,-35.1199531,-65.27425705485093,-23.02750485695077,9,behavior_146,12.092448243049226,555.8059683339892,308920.2744356834
"(-60, -50]",-58.0693621,-31.43578883,-54.86549813781042,-23.147349911765417,10,behavior_146,8.288438918234583,487.99247728481873,238136.65788657434
"(-50, -40]",-43.7844094,0.441897953,-45.0904744136671,-23.818646222280105,8,behavior_146,-24.260544175280106,1949.754706419655,3801543.4152055946
"(-40, -30]",-35.56805596,3.938167204,-35.323191537905984,-24.334184740175463,9,behavior_146,-28.272351944175462,2560.075366775691,6553985.883571688
"(-30, -20]",-24.892482045,3.1913109405,-25.02678459123356,-24.757036921108583,9,behavior_146,-27.948347861608582,2822.176339608216,7964679.2918444285
"(-20, -10]",-14.861629965,-2.1931205695,-15.272923677451375,-25.027267456443365,9,behavior_146,-22.834146886943365,2456.8658382519334,6036189.747169375
"(-10, 0]",-4.2016837085,-11.19345858,-5.801930568223403,-26.97387120412662,10,behavior_146,-15.78041262412662,1751.9541596964598,3069343.3776777284
"(0, 10]",4.649206505,-23.063146705,4.95015955123623,-26.994530967034738,9,behavior_146,-3.9313842620347366,436.2016950382385,190271.9187542324
"(10, 20]",14.48227294,-40.47469647,15.062889409799721,-26.72314000479889,10,behavior_146,13.751556465201109,1482.181449054867,2196861.847922385
"(20, 30]",24.69371562,-49.41198452,24.9670832649401,-25.705173342294515,8,behavior_146,23.706811177705482,2397.712378691413,5749024.650930034
"(30, 40]",35.72890237,-46.307643205,34.87035302281723,-24.50666190060104,9,behavior_146,21.80098130439896,1970.118889572191,3881368.439049163
"(40, 50]",45.949939150000006,-37.711282205,45.28997343772488,-22.87958216334062,9,behavior_146,14.831700041659385,1147.9632841226771,1317819.7016937223
"(50, 60]",52.560148515,-25.18428898,55.49466054755884,-20.561659213760876,10,behavior_146,4.622629766239125,312.8344892496154,97865.41766406773
"(60, 70]",62.07117996,-18.12660637,61.29361517393866,-18.57857315102444,2,behavior_146,-0.45196678102443855,23.565288678507372,555.3228305013877
"(-80, -70]",-71.25708173,-20.00285938,-71.0498319885632,-19.772798268546946,2,behavior_147,0.23006111145305397,8.229196716160933,67.71967859327388
"(-70, -60]",-65.61340604,-35.1199531,-65.27425705485093,-23.02750485695077,9,behavior_147,12.092448243049226,555.8059683339892,308920.2744356834
"(-60, -50]",-58.0693621,-31.43578883,-54.94686993909407,-15.662445232847684,14,behavior_147,15.773343597152316,928.6758451105884,862438.8252918656
"(-50, -40]",-43.7844094,0.441897953,-43.9881057847841,3.019216903875793,15,behavior_147,2.577318950875793,207.13219448452978,42903.74599197707
"(-40, -30]",-35.56805596,3.938167204,-35.45632398896109,14.952534767226458,11,behavior_147,11.014367563226457,997.3563973349725,994719.7833049955
"(-30, -20]",-24.892482045,3.1913109405,-24.984828069821933,11.814802858026042,10,behavior_147,8.623491917526042,870.7854566199733,758267.3114608553
"(-20, -10]",-14.861629965,-2.1931205695,-14.652564197037751,7.544197328464962,10,behavior_147,9.737317897964962,1047.6977229829702,1097670.5187437006
"(-10, 0]",-4.2016837085,-11.19345858,-6.979288376567183,-7.16000440072303,25,behavior_147,4.03345417927697,447.7973419101552,200522.45942180042
"(0, 10]",4.649206505,-23.063146705,4.931131602086992,-16.320570965077117,12,behavior_147,6.742575739922884,748.1138374288176,559674.3137524714
"(10, 20]",14.48227294,-40.47469647,14.371738951201092,-19.124574660383047,11,behavior_147,21.35012180961695,2301.1762022251337,5295411.91368729
"(20, 30]",24.69371562,-49.41198452,24.80575462733373,-18.81524801316166,9,behavior_147,30.596736506838337,3094.561023837634,9576307.930255026
"(30, 40]",35.72890237,-46.307643205,35.70745671001215,-17.593325204874027,10,behavior_147,28.71431800012597,2594.86577706556,6733328.400986052
"(40, 50]",45.949939150000006,-37.711282205,44.58544126307676,-21.353602728099563,9,behavior_147,16.35767947690044,1266.0730327733788,1602940.924315981
"(50, 60]",52.560148515,-25.18428898,54.82030061581583,-19.06741580550496,10,behavior_147,6.116873174495041,413.9567718192299,171360.208934998
"(60, 70]",62.07117996,-18.12660637,61.0954170794037,-17.16948656355908,3,behavior_147,0.9571198064409216,49.90367762775434,2490.3770407748293
"(-80, -70]",-71.25708173,-20.00285938,-71.0498319885632,-19.772798268546946,2,behavior_148,0.23006111145305397,8.229196716160933,67.71967859327388
"(-70, -60]",-65.61340604,-35.1199531,-65.27425705485093,-23.02750485695077,9,behavior_148,12.092448243049226,555.8059683339892,308920.2744356834
"(-60, -50]",-58.0693621,-31.43578883,-55.04703568657949,-13.111796265504166,15,behavior_148,18.323992564495832,1078.8485761323,1163914.250222691
"(-50, -40]",-43.7844094,0.441897953,-45.050822950890456,3.507878096956534,11,behavior_148,3.0659801439565344,246.40458071668314,60715.217398164415
"(-40, -30]",-35.56805596,3.938167204,-35.239463162466706,13.326311412558082,11,behavior_148,9.388144208558082,850.1010731446717,722671.8345617224
"(-30, -20]",-24.892482045,3.1913109405,-24.984828069821933,11.814802858026042,10,behavior_148,8.623491917526042,870.7854566199733,758267.3114608553
"(-20, -10]",-14.861629965,-2.1931205695,-14.652564197037751,7.544197328464962,10,behavior_148,9.737317897964962,1047.6977229829702,1097670.5187437006
"(-10, 0]",-4.2016837085,-11.19345858,-6.979288376567183,-7.16000440072303,25,behavior_148,4.03345417927697,447.7973419101552,200522.45942180042
"(0, 10]",4.649206505,-23.063146705,4.931131602086992,-16.320570965077117,12,behavior_148,6.742575739922884,748.1138374288176,559674.3137524714
"(10, 20]",14.48227294,-40.47469647,14.371738951201092,-19.124574660383047,11,behavior_148,21.35012180961695,2301.1762022251337,5295411.91368729
"(20, 30]",24.69371562,-49.41198452,24.80575462733373,-18.81524801316166,9,behavior_148,30.596736506838337,3094.561023837634,9576307.930255026
"(30, 40]",35.72890237,-46.307643205,35.70745671001215,-17.593325204874027,10,behavior_148,28.71431800012597,2594.86577706556,6733328.400986052
"(40, 50]",45.949939150000006,-37.711282205,44.58544126307676,-21.353602728099563,9,behavior_148,16.35767947690044,1266.0730327733788,1602940.924315981
"(50, 60]",52.560148515,-25.18428898,54.82030061581583,-19.06741580550496,10,behavior_148,6.116873174495041,413.9567718192299,171360.208934998
"(60, 70]",62.07117996,-18.12660637,61.0954170794037,-17.16948656355908,3,behavior_148,0.9571198064409216,49.90367762775434,2490.3770407748293
"(-80, -70]",-71.25708173,-20.00285938,-71.0498319885632,-19.772798268546946,2,behavior_149,0.23006111145305397,8.229196716160933,67.71967859327388
"(-70, -60]",-65.61340604,-35.1199531,-65.2032742104729,-18.87518938179012,9,behavior_149,16.244763718209878,746.6591088323537,557499.8248023246
"(-60, -50]",-58.0693621,-31.43578883,-54.72148103306775,-12.366127925490392,14,behavior_149,19.069660904509607,1122.7507565146204,1260569.2612541525
"(-50, -40]",-43.7844094,0.441897953,-45.050822950890456,3.507878096956534,11,behavior_149,3.0659801439565344,246.40458071668314,60715.217398164415
"(-40, -30]",-35.56805596,3.938167204,-35.239463162466706,13.326311412558082,11,behavior_149,9.388144208558082,850.1010731446717,722671.8345617224
"(-30, -20]",-24.892482045,3.1913109405,-24.984828069821933,11.814802858026042,10,behavior_149,8.623491917526042,870.7854566199733,758267.3114608553
"(-20, -10]",-14.861629965,-2.1931205695,-14.652564197037751,7.544197328464962,10,behavior_149,9.737317897964962,1047.6977229829702,1097670.5187437006
"(-10, 0]",-4.2016837085,-11.19345858,-6.979288376567183,-7.16000440072303,25,behavior_149,4.03345417927697,447.7973419101552,200522.45942180042
"(0, 10]",4.649206505,-23.063146705,3.533457234700141,-19.71741831421356,13,behavior_149,3.345728390786441,371.22099950699464,137805.03047497213
"(10, 20]",14.48227294,-40.47469647,14.889857017366243,-19.72878865935555,10,behavior_149,20.745907810644447,2236.0523173178112,4999929.965782354
"(20, 30]",24.69371562,-49.41198452,24.80575462733373,-18.81524801316166,9,behavior_149,30.596736506838337,3094.561023837634,9576307.930255026
"(30, 40]",35.72890237,-46.307643205,35.70745671001215,-17.593325204874027,10,behavior_149,28.71431800012597,2594.86577706556,6733328.400986052
"(40, 50]",45.949939150000006,-37.711282205,44.58544126307676,-21.353602728099563,9,behavior_149,16.35767947690044,1266.0730327733788,1602940.924315981
"(50, 60]",52.560148515,-25.18428898,54.82030061581583,-19.06741580550496,10,behavior_149,6.116873174495041,413.9567718192299,171360.208934998
"(60, 70]",62.07117996,-18.12660637,61.0954170794037,-17.16948656355908,3,behavior_149,0.9571198064409216,49.90367762775434,2490.3770407748293
"(-80, -70]",-71.25708173,-20.00285938,-71.0498319885632,-19.772798268546946,2,behavior_150,0.23006111145305397,8.229196716160933,67.71967859327388
"(-70, -60]",-65.61340604,-35.1199531,-65.2032742104729,-18.87518938179012,9,behavior_150,16.244763718209878,746.6591088323537,557499.8248023246
"(-60, -50]",-58.0693621,-31.43578883,-54.72148103306775,-12.366127925490392,14,behavior_150,19.069660904509607,1122.7507565146204,1260569.2612541525
"(-50, -40]",-43.7844094,0.441897953,-45.050822950890456,3.507878096956534,11,behavior_150,3.0659801439565344,246.40458071668314,60715.217398164415
"(-40, -30]",-35.56805596,3.938167204,-35.239463162466706,13.245081400630514,11,behavior_150,9.306914196630515,842.7456556332716,710220.2400887527
"(-30, -20]",-24.892482045,3.1913109405,-24.786900530126708,10.658332429377145,10,behavior_150,7.467021488877145,754.0070517800658,568526.6341340669
"(-20, -10]",-14.861629965,-2.1931205695,-13.03708100159824,1.6672427409498518,20,behavior_150,3.860363310449852,415.3601528292082,172524.0565583032
"(-10, 0]",-4.2016837085,-11.19345858,-6.714342001073763,-16.99842169736817,17,behavior_150,-5.804963117368169,644.4716955505186,415343.7663657603
"(0, 10]",4.649206505,-23.063146705,4.736764441517248,-22.381112056004326,10,behavior_150,0.6820346489956748,75.67427911835465,5726.596520082646
"(10, 20]",14.48227294,-40.47469647,15.109640620583349,-21.693778063303174,10,behavior_150,18.780918406696824,2024.2602304009101,4097629.4803827456
"(20, 30]",24.69371562,-49.41198452,24.52553701951568,-24.0849211649942,10,behavior_150,25.327063355005798,2561.5850595422285,6561718.0172699625
"(30, 40]",35.72890237,-46.307643205,34.87035302281723,-24.50666190060104,9,behavior_150,21.80098130439896,1970.118889572191,3881368.439049163
"(40, 50]",45.949939150000006,-37.711282205,45.28997343772488,-22.87958216334062,9,behavior_150,14.831700041659385,1147.9632841226771,1317819.7016937223
"(50, 60]",52.560148515,-25.18428898,55.49466054755884,-20.561659213760876,10,behavior_150,4.622629766239125,312.8344892496154,97865.41766406773
"(60, 70]",62.07117996,-18.12660637,61.29361517393866,-18.57857315102444,2,behavior_150,-0.45196678102443855,23.565288678507372,555.3228305013877
"(-80, -70]",-71.25708173,-20.00285938,-71.35777604351465,-21.28495770392704,2,behavior_151,-1.2820983239270412,45.86015972199107,2103.154249726532
"(-70, -60]",-65.61340604,-35.1199531,-65.27425705485093,-23.02750485695077,9,behavior_151,12.092448243049226,555.8059683339892,308920.2744356834
"(-60, -50]",-58.0693621,-31.43578883,-54.86549813781042,-23.147349911765417,10,behavior_151,8.288438918234583,487.99247728481873,238136.65788657434
"(-50, -40]",-43.7844094,0.441897953,-45.0904744136671,-23.818646222280105,8,behavior_151,-24.260544175280106,1949.754706419655,3801543.4152055946
"(-40, -30]",-35.56805596,3.938167204,-35.323191537905984,-24.334184740175463,9,behavior_151,-28.272351944175462,2560.075366775691,6553985.883571688
"(-30, -20]",-24.892482045,3.1913109405,-25.02678459123356,-24.757036921108583,9,behavior_151,-27.948347861608582,2822.176339608216,7964679.2918444285
"(-20, -10]",-14.861629965,-2.1931205695,-15.272923677451375,-25.027267456443365,9,behavior_151,-22.834146886943365,2456.8658382519334,6036189.747169375
"(-10, 0]",-4.2016837085,-11.19345858,-5.801930568223403,-26.97387120412662,10,behavior_151,-15.78041262412662,1751.9541596964598,3069343.3776777284
"(0, 10]",4.649206505,-23.063146705,4.95015955123623,-26.994530967034738,9,behavior_151,-3.9313842620347366,436.2016950382385,190271.9187542324
"(10, 20]",14.48227294,-40.47469647,15.062889409799721,-26.72314000479889,10,behavior_151,13.751556465201109,1482.181449054867,2196861.847922385
"(20, 30]",24.69371562,-49.41198452,24.9670832649401,-25.705173342294515,8,behavior_151,23.706811177705482,2397.712378691413,5749024.650930034
"(30, 40]",35.72890237,-46.307643205,34.87035302281723,-24.50666190060104,9,behavior_151,21.80098130439896,1970.118889572191,3881368.439049163
"(40, 50]",45.949939150000006,-37.711282205,45.28997343772488,-22.87958216334062,9,behavior_151,14.831700041659385,1147.9632841226771,1317819.7016937223
"(50, 60]",52.560148515,-25.18428898,55.49466054755884,-20.561659213760876,10,behavior_151,4.622629766239125,312.8344892496154,97865.41766406773
"(60, 70]",62.07117996,-18.12660637,61.29361517393866,-18.57857315102444,2,behavior_151,-0.45196678102443855,23.565288678507372,555.3228305013877
"(-80, -70]",-71.25708173,-20.00285938,-71.0498319885632,-19.772798268546946,2,behavior_152,0.23006111145305397,8.229196716160933,67.71967859327388
"(-70, -60]",-65.61340604,-35.1199531,-65.27425705485093,-23.02750485695077,9,behavior_152,12.092448243049226,555.8059683339892,308920.2744356834
"(-60, -50]",-58.0693621,-31.43578883,-54.94686993909407,-15.662445232847684,14,behavior_152,15.773343597152316,928.6758451105884,862438.8252918656
"(-50, -40]",-43.7844094,0.441897953,-43.9881057847841,3.019216903875793,15,behavior_152,2.577318950875793,207.13219448452978,42903.74599197707
"(-40, -30]",-35.56805596,3.938167204,-35.45632398896109,14.952534767226458,11,behavior_152,11.014367563226457,997.3563973349725,994719.7833049955
"(-30, -20]",-24.892482045,3.1913109405,-24.984828069821933,11.814802858026042,10,behavior_152,8.623491917526042,870.7854566199733,758267.3114608553
"(-20, -10]",-14.861629965,-2.1931205695,-14.652564197037751,7.544197328464962,10,behavior_152,9.737317897964962,1047.6977229829702,1097670.5187437006
"(-10, 0]",-4.2016837085,-11.19345858,-6.979288376567183,-7.16000440072303,25,behavior_152,4.03345417927697,447.7973419101552,200522.45942180042
"(0, 10]",4.649206505,-23.063146705,3.533457234700141,-19.71741831421356,13,behavior_152,3.345728390786441,371.22099950699464,137805.03047497213
"(10, 20]",14.48227294,-40.47469647,14.889857017366243,-19.72878865935555,10,behavior_152,20.745907810644447,2236.0523173178112,4999929.965782354
"(20, 30]",24.69371562,-49.41198452,24.80575462733373,-18.81524801316166,9,behavior_152,30.596736506838337,3094.561023837634,9576307.930255026
"(30, 40]",35.72890237,-46.307643205,35.70745671001215,-17.593325204874027,10,behavior_152,28.71431800012597,2594.86577706556,6733328.400986052
"(40, 50]",45.949939150000006,-37.711282205,44.58544126307676,-21.353602728099563,9,behavior_152,16.35767947690044,1266.0730327733788,1602940.924315981
"(50, 60]",52.560148515,-25.18428898,54.82030061581583,-19.06741580550496,10,behavior_152,6.116873174495041,413.9567718192299,171360.208934998
"(60, 70]",62.07117996,-18.12660637,61.0954170794037,-17.16948656355908,3,behavior_152,0.9571198064409216,49.90367762775434,2490.3770407748293
"(-80, -70]",-71.25708173,-20.00285938,-71.35777604351465,-21.28495770392704,2,behavior_153,-1.2820983239270412,45.86015972199107,2103.154249726532
"(-70, -60]",-65.61340604,-35.1199531,-65.27425705485093,-23.02750485695077,9,behavior_153,12.092448243049226,555.8059683339892,308920.2744356834
"(-60, -50]",-58.0693621,-31.43578883,-55.04703568657949,-13.111796265504166,15,behavior_153,18.323992564495832,1078.8485761323,1163914.250222691
"(-50, -40]",-43.7844094,0.441897953,-45.050822950890456,3.507878096956534,11,behavior_153,3.0659801439565344,246.40458071668314,60715.217398164415
"(-40, -30]",-35.56805596,3.938167204,-35.239463162466706,13.326311412558082,11,behavior_153,9.388144208558082,850.1010731446717,722671.8345617224
"(-30, -20]",-24.892482045,3.1913109405,-24.984828069821933,11.814802858026042,10,behavior_153,8.623491917526042,870.7854566199733,758267.3114608553
"(-20, -10]",-14.861629965,-2.1931205695,-14.652564197037751,7.544197328464962,10,behavior_153,9.737317897964962,1047.6977229829702,1097670.5187437006
"(-10, 0]",-4.2016837085,-11.19345858,-6.979288376567183,-7.16000440072303,25,behavior_153,4.03345417927697,447.7973419101552,200522.45942180042
"(0, 10]",4.649206505,-23.063146705,3.533457234700141,-19.71741831421356,13,behavior_153,3.345728390786441,371.22099950699464,137805.03047497213
"(10, 20]",14.48227294,-40.47469647,14.889857017366243,-19.72878865935555,10,behavior_153,20.745907810644447,2236.0523173178112,4999929.965782354
"(20, 30]",24.69371562,-49.41198452,24.80575462733373,-18.81524801316166,9,behavior_153,30.596736506838337,3094.561023837634,9576307.930255026
"(30, 40]",35.72890237,-46.307643205,35.70745671001215,-17.593325204874027,10,behavior_153,28.71431800012597,2594.86577706556,6733328.400986052
"(40, 50]",45.949939150000006,-37.711282205,44.58544126307676,-21.353602728099563,9,behavior_153,16.35767947690044,1266.0730327733788,1602940.924315981
"(50, 60]",52.560148515,-25.18428898,54.82030061581583,-19.06741580550496,10,behavior_153,6.116873174495041,413.9567718192299,171360.208934998
"(60, 70]",62.07117996,-18.12660637,61.0954170794037,-17.16948656355908,3,behavior_153,0.9571198064409216,49.90367762775434,2490.3770407748293
"(-80, -70]",-71.25708173,-20.00285938,-71.0498319885632,-19.772798268546946,2,behavior_154,0.23006111145305397,8.229196716160933,67.71967859327388
"(-70, -60]",-65.61340604,-35.1199531,-65.2032742104729,-18.87518938179012,9,behavior_154,16.244763718209878,746.6591088323537,557499.8248023246
"(-60, -50]",-58.0693621,-31.43578883,-54.72148103306775,-12.366127925490392,14,behavior_154,19.069660904509607,1122.7507565146204,1260569.2612541525
"(-50, -40]",-43.7844094,0.441897953,-45.050822950890456,3.507878096956534,11,behavior_154,3.0659801439565344,246.40458071668314,60715.217398164415
"(-40, -30]",-35.56805596,3.938167204,-35.239463162466706,13.245081400630514,11,behavior_154,9.306914196630515,842.7456556332716,710220.2400887527
"(-30, -20]",-24.892482045,3.1913109405,-24.786900530126708,10.658332429377145,10,behavior_154,7.467021488877145,754.0070517800658,568526.6341340669
"(-20, -10]",-14.861629965,-2.1931205695,-13.03708100159824,1.6672427409498518,20,behavior_154,3.860363310449852,415.3601528292082,172524.0565583032
"(-10, 0]",-4.2016837085,-11.19345858,-6.965645148298346,-16.573399200492055,16,behavior_154,-5.3799406204920555,597.2853545401298,356749.79474812857
"(0, 10]",4.649206505,-23.063146705,4.8918705960494515,-20.170103522713493,10,behavior_154,2.893043182286508,320.9938931990984,103037.0794711142
"(10, 20]",14.48227294,-40.47469647,14.889857017366243,-19.72878865935555,10,behavior_154,20.745907810644447,2236.0523173178112,4999929.965782354
"(20, 30]",24.69371562,-49.41198452,24.80575462733373,-18.81524801316166,9,behavior_154,30.596736506838337,3094.561023837634,9576307.930255026
"(30, 40]",35.72890237,-46.307643205,35.31400580259389,-17.969199863115932,10,behavior_154,28.338443341884066,2560.898601277723,6558201.646026199
"(40, 50]",45.949939150000006,-37.711282205,44.58544126307676,-21.353602728099563,9,behavior_154,16.35767947690044,1266.0730327733788,1602940.924315981
"(50, 60]",52.560148515,-25.18428898,54.82030061581583,-19.06741580550496,10,behavior_154,6.116873174495041,413.9567718192299,171360.208934998
"(60, 70]",62.07117996,-18.12660637,61.0954170794037,-17.16948656355908,3,behavior_154,0.9571198064409216,49.90367762775434,2490.3770407748293
"(-80, -70]",-71.25708173,-20.00285938,-71.0498319885632,-19.772798268546946,2,behavior_155,0.23006111145305397,8.229196716160933,67.71967859327388
"(-70, -60]",-65.61340604,-35.1199531,-64.68753737032831,-20.69147671310828,9,behavior_155,14.428476386891717,663.1769786081195,439803.7049557942
"(-60, -50]",-58.0693621,-31.43578883,-54.64329458844306,-14.897062999368028,13,behavior_155,16.53872583063197,973.7387062681729,948167.0680848152
"(-50, -40]",-43.7844094,0.441897953,-45.27226496545334,1.4105044198423253,12,behavior_155,0.9686064668423253,77.84429746298271,6059.734647505336
"(-40, -30]",-35.56805596,3.938167204,-35.40758141355231,9.689491503940062,10,behavior_155,5.751324299940062,520.7852426175081,271217.2689281767
"(-30, -20]",-24.892482045,3.1913109405,-24.929598001352613,6.414688935907934,10,behavior_155,3.223377995407934,325.4911938730411,105944.51728889762
"(-20, -10]",-14.861629965,-2.1931205695,-12.59484696936678,0.0773507172618936,17,behavior_155,2.2704712867618935,244.29392386745405,59679.52123855744
"(-10, 0]",-4.2016837085,-11.19345858,-6.714342001073763,-16.99842169736817,17,behavior_155,-5.804963117368169,644.4716955505186,415343.7663657603
"(0, 10]",4.649206505,-23.063146705,4.736764441517248,-22.381112056004326,10,behavior_155,0.6820346489956748,75.67427911835465,5726.596520082646
"(10, 20]",14.48227294,-40.47469647,15.109640620583349,-21.693778063303174,10,behavior_155,18.780918406696824,2024.2602304009101,4097629.4803827456
"(20, 30]",24.69371562,-49.41198452,24.948203428570245,-20.114012632933047,8,behavior_155,29.29797188706695,2963.20366908885,8780575.984501623
"(30, 40]",35.72890237,-46.307643205,35.31400580259389,-18.57559618110885,10,behavior_155,27.73204702389115,2506.0995615480842,6280535.0123915
"(40, 50]",45.949939150000006,-37.711282205,44.58544126307676,-21.353602728099563,9,behavior_155,16.35767947690044,1266.0730327733788,1602940.924315981
"(50, 60]",52.560148515,-25.18428898,54.82030061581583,-19.06741580550496,10,behavior_155,6.116873174495041,413.9567718192299,171360.208934998
"(60, 70]",62.07117996,-18.12660637,61.0954170794037,-17.16948656355908,3,behavior_155,0.9571198064409216,49.90367762775434,2490.3770407748293
"(-80, -70]",-71.25708173,-20.00285938,-71.35777604351465,-21.28495770392704,2,behavior_156,-1.2820983239270412,45.86015972199107,2103.154249726532
"(-70, -60]",-65.61340604,-35.1199531,-65.27425705485093,-23.02750485695077,9,behavior_156,12.092448243049226,555.8059683339892,308920.2744356834
"(-60, -50]",-58.0693621,-31.43578883,-55.42277991077338,-11.298236670187764,15,behavior_156,20.137552159812238,1185.624224520695,1405704.8017702992
"(-50, -40]",-43.7844094,0.441897953,-44.791710939479316,5.5604228362212424,12,behavior_156,5.118524883221243,411.3620827662868,169218.76313781738
"(-40, -30]",-35.56805596,3.938167204,-35.45632398896109,14.952534767226458,11,behavior_156,11.014367563226457,997.3563973349725,994719.7833049955
"(-30, -20]",-24.892482045,3.1913109405,-24.984828069821933,11.814802858026042,10,behavior_156,8.623491917526042,870.7854566199733,758267.3114608553
"(-20, -10]",-14.861629965,-2.1931205695,-14.652564197037751,7.544197328464962,10,behavior_156,9.737317897964962,1047.6977229829702,1097670.5187437006
"(-10, 0]",-4.2016837085,-11.19345858,-6.979288376567183,-7.16000440072303,25,behavior_156,4.03345417927697,447.7973419101552,200522.45942180042
"(0, 10]",4.649206505,-23.063146705,3.533457234700141,-19.71741831421356,13,behavior_156,3.345728390786441,371.22099950699464,137805.03047497213
"(10, 20]",14.48227294,-40.47469647,14.889857017366243,-19.72878865935555,10,behavior_156,20.745907810644447,2236.0523173178112,4999929.965782354
"(20, 30]",24.69371562,-49.41198452,24.80575462733373,-18.81524801316166,9,behavior_156,30.596736506838337,3094.561023837634,9576307.930255026
"(30, 40]",35.72890237,-46.307643205,34.735764015580365,-17.919919150586807,9,behavior_156,28.38772405441319,2565.3520183643022,6581030.978125799
"(40, 50]",45.949939150000006,-37.711282205,44.01814808334336,-20.995447803892052,10,behavior_156,16.71583440110795,1293.7939752050033,1673902.8502767647
"(50, 60]",52.560148515,-25.18428898,54.82030061581583,-19.06741580550496,10,behavior_156,6.116873174495041,413.9567718192299,171360.208934998
"(60, 70]",62.07117996,-18.12660637,61.0954170794037,-17.16948656355908,3,behavior_156,0.9571198064409216,49.90367762775434,2490.3770407748293
"(-80, -70]",-71.25708173,-20.00285938,-71.35777604351465,-21.28495770392704,2,behavior_157,-1.2820983239270412,45.86015972199107,2103.154249726532
"(-70, -60]",-65.61340604,-35.1199531,-65.27425705485093,-23.02750485695077,9,behavior_157,12.092448243049226,555.8059683339892,308920.2744356834
"(-60, -50]",-58.0693621,-31.43578883,-55.04703568657949,-13.111796265504166,15,behavior_157,18.323992564495832,1078.8485761323,1163914.250222691
"(-50, -40]",-43.7844094,0.441897953,-45.050822950890456,3.507878096956534,11,behavior_157,3.0659801439565344,246.40458071668314,60715.217398164415
"(-40, -30]",-35.56805596,3.938167204,-35.239463162466706,13.245081400630514,11,behavior_157,9.306914196630515,842.7456556332716,710220.2400887527
"(-30, -20]",-24.892482045,3.1913109405,-24.786900530126708,10.658332429377145,10,behavior_157,7.467021488877145,754.0070517800658,568526.6341340669
"(-20, -10]",-14.861629965,-2.1931205695,-13.03708100159824,1.6672427409498518,20,behavior_157,3.860363310449852,415.3601528292082,172524.0565583032
"(-10, 0]",-4.2016837085,-11.19345858,-6.714342001073763,-16.99842169736817,17,behavior_157,-5.804963117368169,644.4716955505186,415343.7663657603
"(0, 10]",4.649206505,-23.063146705,4.736764441517248,-22.381112056004326,10,behavior_157,0.6820346489956748,75.67427911835465,5726.596520082646
"(10, 20]",14.48227294,-40.47469647,15.109640620583349,-21.693778063303174,10,behavior_157,18.780918406696824,2024.2602304009101,4097629.4803827456
"(20, 30]",24.69371562,-49.41198452,24.948203428570245,-20.114012632933047,8,behavior_157,29.29797188706695,2963.20366908885,8780575.984501623
"(30, 40]",35.72890237,-46.307643205,34.735764015580365,-18.504278757585016,9,behavior_157,27.80336444741498,2512.5444000293487,6312879.36211884
"(40, 50]",45.949939150000006,-37.711282205,44.01814808334336,-20.995447803892052,10,behavior_157,16.71583440110795,1293.7939752050033,1673902.8502767647
"(50, 60]",52.560148515,-25.18428898,54.82030061581583,-19.06741580550496,10,behavior_157,6.116873174495041,413.9567718192299,171360.208934998
"(60, 70]",62.07117996,-18.12660637,61.0954170794037,-17.16948656355908,3,behavior_157,0.9571198064409216,49.90367762775434,2490.3770407748293
"(-80, -70]",-71.25708173,-20.00285938,-71.0498319885632,-19.772798268546946,2,behavior_158,0.23006111145305397,8.229196716160933,67.71967859327388
"(-70, -60]",-65.61340604,-35.1199531,-64.68753737032831,-20.69147671310828,9,behavior_158,14.428476386891717,663.1769786081195,439803.7049557942
"(-60, -50]",-58.0693621,-31.43578883,-54.72148103306775,-12.366127925490392,14,behavior_158,19.069660904509607,1122.7507565146204,1260569.2612541525
"(-50, -40]",-43.7844094,0.441897953,-45.050822950890456,3.507878096956534,11,behavior_158,3.0659801439565344,246.40458071668314,60715.217398164415
"(-40, -30]",-35.56805596,3.938167204,-35.239463162466706,13.245081400630514,11,behavior_158,9.306914196630515,842.7456556332716,710220.2400887527
"(-30, -20]",-24.892482045,3.1913109405,-24.786900530126708,10.658332429377145,10,behavior_158,7.467021488877145,754.0070517800658,568526.6341340669
"(-20, -10]",-14.861629965,-2.1931205695,-13.03708100159824,1.6672427409498518,20,behavior_158,3.860363310449852,415.3601528292082,172524.0565583032
"(-10, 0]",-4.2016837085,-11.19345858,-6.714342001073763,-16.99842169736817,17,behavior_158,-5.804963117368169,644.4716955505186,415343.7663657603
"(0, 10]",4.649206505,-23.063146705,4.736764441517248,-22.381112056004326,10,behavior_158,0.6820346489956748,75.67427911835465,5726.596520082646
"(10, 20]",14.48227294,-40.47469647,15.109640620583349,-21.693778063303174,10,behavior_158,18.780918406696824,2024.2602304009101,4097629.4803827456
"(20, 30]",24.69371562,-49.41198452,24.948203428570245,-20.114012632933047,8,behavior_158,29.29797188706695,2963.20366908885,8780575.984501623
"(30, 40]",35.72890237,-46.307643205,34.735764015580365,-18.504278757585016,9,behavior_158,27.80336444741498,2512.5444000293487,6312879.36211884
"(40, 50]",45.949939150000006,-37.711282205,44.01814808334336,-20.995447803892052,10,behavior_158,16.71583440110795,1293.7939752050033,1673902.8502767647
"(50, 60]",52.560148515,-25.18428898,54.82030061581583,-19.06741580550496,10,behavior_158,6.116873174495041,413.9567718192299,171360.208934998
"(60, 70]",62.07117996,-18.12660637,61.0954170794037,-17.16948656355908,3,behavior_158,0.9571198064409216,49.90367762775434,2490.3770407748293
"(-80, -70]",-71.25708173,-20.00285938,-71.35777604351465,-21.28495770392704,2,behavior_159,-1.2820983239270412,45.86015972199107,2103.154249726532
"(-70, -60]",-65.61340604,-35.1199531,-65.27425705485093,-23.02750485695077,9,behavior_159,12.092448243049226,555.8059683339892,308920.2744356834
"(-60, -50]",-58.0693621,-31.43578883,-55.04703568657949,-13.111796265504166,15,behavior_159,18.323992564495832,1078.8485761323,1163914.250222691
"(-50, -40]",-43.7844094,0.441897953,-45.050822950890456,3.507878096956534,11,behavior_159,3.0659801439565344,246.40458071668314,60715.217398164415
"(-40, -30]",-35.56805596,3.938167204,-35.239463162466706,13.245081400630514,11,behavior_159,9.306914196630515,842.7456556332716,710220.2400887527
"(-30, -20]",-24.892482045,3.1913109405,-24.786900530126708,10.658332429377145,10,behavior_159,7.467021488877145,754.0070517800658,568526.6341340669
"(-20, -10]",-14.861629965,-2.1931205695,-13.03708100159824,1.6672427409498518,20,behavior_159,3.860363310449852,415.3601528292082,172524.0565583032
"(-10, 0]",-4.2016837085,-11.19345858,-6.714342001073763,-16.99842169736817,17,behavior_159,-5.804963117368169,644.4716955505186,415343.7663657603
"(0, 10]",4.649206505,-23.063146705,4.937530669447581,-21.050702486825433,10,behavior_159,2.0124442181745685,223.28816534543404,49857.60478332989
"(10, 20]",14.48227294,-40.47469647,14.889857017366243,-19.72878865935555,10,behavior_159,20.745907810644447,2236.0523173178112,4999929.965782354
"(20, 30]",24.69371562,-49.41198452,24.80575462733373,-18.81524801316166,9,behavior_159,30.596736506838337,3094.561023837634,9576307.930255026
"(30, 40]",35.72890237,-46.307643205,34.735764015580365,-17.919919150586807,9,behavior_159,28.38772405441319,2565.3520183643022,6581030.978125799
"(40, 50]",45.949939150000006,-37.711282205,44.01814808334336,-20.995447803892052,10,behavior_159,16.71583440110795,1293.7939752050033,1673902.8502767647
"(50, 60]",52.560148515,-25.18428898,54.82030061581583,-19.06741580550496,10,behavior_159,6.116873174495041,413.9567718192299,171360.208934998
"(60, 70]",62.07117996,-18.12660637,61.0954170794037,-17.16948656355908,3,behavior_159,0.9571198064409216,49.90367762775434,2490.3770407748293
"(-80, -70]",-71.25708173,-20.00285938,-71.0498319885632,-19.772798268546946,2,behavior_160,0.23006111145305397,8.229196716160933,67.71967859327388
"(-70, -60]",-65.61340604,-35.1199531,-64.68753737032831,-20.69147671310828,9,behavior_160,14.428476386891717,663.1769786081195,439803.7049557942
"(-60, -50]",-58.0693621,-31.43578883,-54.72148103306775,-12.366127925490392,14,behavior_160,19.069660904509607,1122.7507565146204,1260569.2612541525
"(-50, -40]",-43.7844094,0.441897953,-45.050822950890456,3.507878096956534,11,behavior_160,3.0659801439565344,246.40458071668314,60715.217398164415
"(-40, -30]",-35.56805596,3.938167204,-35.239463162466706,13.245081400630514,11,behavior_160,9.306914196630515,842.7456556332716,710220.2400887527
"(-30, -20]",-24.892482045,3.1913109405,-24.786900530126708,10.658332429377145,10,behavior_160,7.467021488877145,754.0070517800658,568526.6341340669
"(-20, -10]",-14.861629965,-2.1931205695,-13.03708100159824,1.6672427409498518,20,behavior_160,3.860363310449852,415.3601528292082,172524.0565583032
"(-10, 0]",-4.2016837085,-11.19345858,-6.714342001073763,-16.99842169736817,17,behavior_160,-5.804963117368169,644.4716955505186,415343.7663657603
"(0, 10]",4.649206505,-23.063146705,4.736764441517248,-22.381112056004326,10,behavior_160,0.6820346489956748,75.67427911835465,5726.596520082646
"(10, 20]",14.48227294,-40.47469647,15.109640620583349,-21.693778063303174,10,behavior_160,18.780918406696824,2024.2602304009101,4097629.4803827456
"(20, 30]",24.69371562,-49.41198452,24.948203428570245,-20.114012632933047,8,behavior_160,29.29797188706695,2963.20366908885,8780575.984501623
"(30, 40]",35.72890237,-46.307643205,34.735764015580365,-18.504278757585016,9,behavior_160,27.80336444741498,2512.5444000293487,6312879.36211884
"(40, 50]",45.949939150000006,-37.711282205,44.01814808334336,-20.995447803892052,10,behavior_160,16.71583440110795,1293.7939752050033,1673902.8502767647
"(50, 60]",52.560148515,-25.18428898,54.82030061581583,-19.06741580550496,10,behavior_160,6.116873174495041,413.9567718192299,171360.208934998
"(60, 70]",62.07117996,-18.12660637,61.0954170794037,-17.16948656355908,3,behavior_160,0.9571198064409216,49.90367762775434,2490.3770407748293
"(-80, -70]",-71.25708173,-20.00285938,-71.0498319885632,-19.772798268546946,2,behavior_161,0.23006111145305397,8.229196716160933,67.71967859327388
"(-70, -60]",-65.61340604,-35.1199531,-65.27425705485093,-23.02750485695077,9,behavior_161,12.092448243049226,555.8059683339892,308920.2744356834
"(-60, -50]",-58.0693621,-31.43578883,-54.94686993909407,-15.662445232847684,14,behavior_161,15.773343597152316,928.6758451105884,862438.8252918656
"(-50, -40]",-43.7844094,0.441897953,-43.9881057847841,3.019216903875793,15,behavior_161,2.577318950875793,207.13219448452978,42903.74599197707
"(-40, -30]",-35.56805596,3.938167204,-35.45632398896109,14.952534767226458,11,behavior_161,11.014367563226457,997.3563973349725,994719.7833049955
"(-30, -20]",-24.892482045,3.1913109405,-24.984828069821933,11.814802858026042,10,behavior_161,8.623491917526042,870.7854566199733,758267.3114608553
"(-20, -10]",-14.861629965,-2.1931205695,-14.652564197037751,7.544197328464962,10,behavior_161,9.737317897964962,1047.6977229829702,1097670.5187437006
"(-10, 0]",-4.2016837085,-11.19345858,-6.979288376567183,-7.16000440072303,25,behavior_161,4.03345417927697,447.7973419101552,200522.45942180042
"(0, 10]",4.649206505,-23.063146705,4.413503593494211,-16.311633984735664,11,behavior_161,6.751512720264337,749.1054286123891,561158.9431765513
"(10, 20]",14.48227294,-40.47469647,14.141544876140044,-17.275014160559007,11,behavior_161,23.19968230944099,2500.5270370692497,6252635.46311432
"(20, 30]",24.69371562,-49.41198452,23.845403066629533,-23.065592513987227,12,behavior_161,26.34639200601277,2664.680195625849,7100520.544960613
"(30, 40]",35.72890237,-46.307643205,34.87035302281723,-24.50666190060104,9,behavior_161,21.80098130439896,1970.118889572191,3881368.439049163
"(40, 50]",45.949939150000006,-37.711282205,45.28997343772488,-22.87958216334062,9,behavior_161,14.831700041659385,1147.9632841226771,1317819.7016937223
"(50, 60]",52.560148515,-25.18428898,55.49466054755884,-20.561659213760876,10,behavior_161,4.622629766239125,312.8344892496154,97865.41766406773
"(60, 70]",62.07117996,-18.12660637,61.29361517393866,-18.57857315102444,2,behavior_161,-0.45196678102443855,23.565288678507372,555.3228305013877
"(-80, -70]",-71.25708173,-20.00285938,-71.0498319885632,-19.772798268546946,2,behavior_162,0.23006111145305397,8.229196716160933,67.71967859327388
"(-70, -60]",-65.61340604,-35.1199531,-65.27425705485093,-23.02750485695077,9,behavior_162,12.092448243049226,555.8059683339892,308920.2744356834
"(-60, -50]",-58.0693621,-31.43578883,-54.94686993909407,-15.662445232847684,14,behavior_162,15.773343597152316,928.6758451105884,862438.8252918656
"(-50, -40]",-43.7844094,0.441897953,-44.847590448995575,1.957400310855317,13,behavior_162,1.515502357855317,121.79684979322491,14834.47261955339
"(-40, -30]",-35.56805596,3.938167204,-35.239463162466706,13.326311412558082,11,behavior_162,9.388144208558082,850.1010731446717,722671.8345617224
"(-30, -20]",-24.892482045,3.1913109405,-24.984828069821933,11.814802858026042,10,behavior_162,8.623491917526042,870.7854566199733,758267.3114608553
"(-20, -10]",-14.861629965,-2.1931205695,-14.652564197037751,7.544197328464962,10,behavior_162,9.737317897964962,1047.6977229829702,1097670.5187437006
"(-10, 0]",-4.2016837085,-11.19345858,-6.979288376567183,-7.16000440072303,25,behavior_162,4.03345417927697,447.7973419101552,200522.45942180042
"(0, 10]",4.649206505,-23.063146705,4.413503593494211,-16.311633984735664,11,behavior_162,6.751512720264337,749.1054286123891,561158.9431765513
"(10, 20]",14.48227294,-40.47469647,14.141544876140044,-17.275014160559007,11,behavior_162,23.19968230944099,2500.5270370692497,6252635.46311432
"(20, 30]",24.69371562,-49.41198452,23.845403066629533,-23.065592513987227,12,behavior_162,26.34639200601277,2664.680195625849,7100520.544960613
"(30, 40]",35.72890237,-46.307643205,34.87035302281723,-24.50666190060104,9,behavior_162,21.80098130439896,1970.118889572191,3881368.439049163
"(40, 50]",45.949939150000006,-37.711282205,45.28997343772488,-22.87958216334062,9,behavior_162,14.831700041659385,1147.9632841226771,1317819.7016937223
"(50, 60]",52.560148515,-25.18428898,55.49466054755884,-20.561659213760876,10,behavior_162,4.622629766239125,312.8344892496154,97865.41766406773
"(60, 70]",62.07117996,-18.12660637,61.29361517393866,-18.57857315102444,2,behavior_162,-0.45196678102443855,23.565288678507372,555.3228305013877
"(-80, -70]",-71.25708173,-20.00285938,-71.0498319885632,-19.772798268546946,2,behavior_163,0.23006111145305397,8.229196716160933,67.71967859327388
"(-70, -60]",-65.61340604,-35.1199531,-65.27425705485093,-23.02750485695077,9,behavior_163,12.092448243049226,555.8059683339892,308920.2744356834
"(-60, -50]",-58.0693621,-31.43578883,-55.04703568657949,-13.111796265504166,15,behavior_163,18.323992564495832,1078.8485761323,1163914.250222691
"(-50, -40]",-43.7844094,0.441897953,-45.050822950890456,3.507878096956534,11,behavior_163,3.0659801439565344,246.40458071668314,60715.217398164415
"(-40, -30]",-35.56805596,3.938167204,-35.239463162466706,13.326311412558082,11,behavior_163,9.388144208558082,850.1010731446717,722671.8345617224
"(-30, -20]",-24.892482045,3.1913109405,-24.984828069821933,11.814802858026042,10,behavior_163,8.623491917526042,870.7854566199733,758267.3114608553
"(-20, -10]",-14.861629965,-2.1931205695,-15.68135925694431,5.004866791390242,13,behavior_163,7.197987360890242,774.4755842510793,599812.4306010507
"(-10, 0]",-4.2016837085,-11.19345858,-6.2220723793874715,-8.26020485551148,22,behavior_163,2.9332537244885195,325.65219848598304,106049.3543787541
"(0, 10]",4.649206505,-23.063146705,4.413503593494211,-16.311633984735664,11,behavior_163,6.751512720264337,749.1054286123891,561158.9431765513
"(10, 20]",14.48227294,-40.47469647,14.141544876140044,-17.275014160559007,11,behavior_163,23.19968230944099,2500.5270370692497,6252635.46311432
"(20, 30]",24.69371562,-49.41198452,23.845403066629533,-23.065592513987227,12,behavior_163,26.34639200601277,2664.680195625849,7100520.544960613
"(30, 40]",35.72890237,-46.307643205,34.87035302281723,-24.50666190060104,9,behavior_163,21.80098130439896,1970.118889572191,3881368.439049163
"(40, 50]",45.949939150000006,-37.711282205,45.28997343772488,-22.87958216334062,9,behavior_163,14.831700041659385,1147.9632841226771,1317819.7016937223
"(50, 60]",52.560148515,-25.18428898,55.49466054755884,-20.561659213760876,10,behavior_163,4.622629766239125,312.8344892496154,97865.41766406773
"(60, 70]",62.07117996,-18.12660637,61.29361517393866,-18.57857315102444,2,behavior_163,-0.45196678102443855,23.565288678507372,555.3228305013877
"(-80, -70]",-71.25708173,-20.00285938,-71.0498319885632,-19.772798268546946,2,behavior_164,0.23006111145305397,8.229196716160933,67.71967859327388
"(-70, -60]",-65.61340604,-35.1199531,-65.2032742104729,-18.87518938179012,9,behavior_164,16.244763718209878,746.6591088323537,557499.8248023246
"(-60, -50]",-58.0693621,-31.43578883,-54.72148103306775,-12.366127925490392,14,behavior_164,19.069660904509607,1122.7507565146204,1260569.2612541525
"(-50, -40]",-43.7844094,0.441897953,-45.050822950890456,3.507878096956534,11,behavior_164,3.0659801439565344,246.40458071668314,60715.217398164415
"(-40, -30]",-35.56805596,3.938167204,-35.239463162466706,13.326311412558082,11,behavior_164,9.388144208558082,850.1010731446717,722671.8345617224
"(-30, -20]",-24.892482045,3.1913109405,-24.984828069821933,11.814802858026042,10,behavior_164,8.623491917526042,870.7854566199733,758267.3114608553
"(-20, -10]",-14.861629965,-2.1931205695,-13.18282885275984,2.197163414326337,21,behavior_164,4.390283983826337,472.3775665231966,223140.56535437703
"(-10, 0]",-4.2016837085,-11.19345858,-6.656196844526108,-15.32845226080132,15,behavior_164,-4.134993680801321,459.0703394106839,210745.57652664054
"(0, 10]",4.649206505,-23.063146705,5.032609342962526,-18.000221875057086,10,behavior_164,5.062924829942915,561.7503264687922,315563.4292877946
"(10, 20]",14.48227294,-40.47469647,14.655558162555813,-17.456304697803922,10,behavior_164,23.018391772196075,2480.9870328614657,6155296.657226739
"(20, 30]",24.69371562,-49.41198452,23.845403066629533,-23.065592513987227,12,behavior_164,26.34639200601277,2664.680195625849,7100520.544960613
"(30, 40]",35.72890237,-46.307643205,34.87035302281723,-24.50666190060104,9,behavior_164,21.80098130439896,1970.118889572191,3881368.439049163
"(40, 50]",45.949939150000006,-37.711282205,45.28997343772488,-22.87958216334062,9,behavior_164,14.831700041659385,1147.9632841226771,1317819.7016937223
"(50, 60]",52.560148515,-25.18428898,55.49466054755884,-20.561659213760876,10,behavior_164,4.622629766239125,312.8344892496154,97865.41766406773
"(60, 70]",62.07117996,-18.12660637,61.29361517393866,-18.57857315102444,2,behavior_164,-0.45196678102443855,23.565288678507372,555.3228305013877
"(-80, -70]",-71.25708173,-20.00285938,-71.0498319885632,-19.772798268546946,2,behavior_165,0.23006111145305397,8.229196716160933,67.71967859327388
"(-70, -60]",-65.61340604,-35.1199531,-65.2032742104729,-18.87518938179012,9,behavior_165,16.244763718209878,746.6591088323537,557499.8248023246
"(-60, -50]",-58.0693621,-31.43578883,-54.72148103306775,-12.366127925490392,14,behavior_165,19.069660904509607,1122.7507565146204,1260569.2612541525
"(-50, -40]",-43.7844094,0.441897953,-45.050822950890456,3.507878096956534,11,behavior_165,3.0659801439565344,246.40458071668314,60715.217398164415
"(-40, -30]",-35.56805596,3.938167204,-35.239463162466706,13.245081400630514,11,behavior_165,9.306914196630515,842.7456556332716,710220.2400887527
"(-30, -20]",-24.892482045,3.1913109405,-24.786900530126708,10.658332429377145,10,behavior_165,7.467021488877145,754.0070517800658,568526.6341340669
"(-20, -10]",-14.861629965,-2.1931205695,-13.03708100159824,1.6672427409498518,20,behavior_165,3.860363310449852,415.3601528292082,172524.0565583032
"(-10, 0]",-4.2016837085,-11.19345858,-6.656196844526108,-15.32845226080132,15,behavior_165,-4.134993680801321,459.0703394106839,210745.57652664054
"(0, 10]",4.649206505,-23.063146705,5.032609342962526,-18.000221875057086,10,behavior_165,5.062924829942915,561.7503264687922,315563.4292877946
"(10, 20]",14.48227294,-40.47469647,15.169571448971585,-17.623541855834073,11,behavior_165,22.851154614165925,2462.9617414079344,6066180.539639205
"(20, 30]",24.69371562,-49.41198452,23.726014190975786,-24.736635680124763,11,behavior_165,24.675348839875234,2495.670502388673,6228371.256492931
"(30, 40]",35.72890237,-46.307643205,34.87035302281723,-24.50666190060104,9,behavior_165,21.80098130439896,1970.118889572191,3881368.439049163
"(40, 50]",45.949939150000006,-37.711282205,45.28997343772488,-22.87958216334062,9,behavior_165,14.831700041659385,1147.9632841226771,1317819.7016937223
"(50, 60]",52.560148515,-25.18428898,55.49466054755884,-20.561659213760876,10,behavior_165,4.622629766239125,312.8344892496154,97865.41766406773
"(60, 70]",62.07117996,-18.12660637,61.29361517393866,-18.57857315102444,2,behavior_165,-0.45196678102443855,23.565288678507372,555.3228305013877
"(-80, -70]",-71.25708173,-20.00285938,-71.35777604351465,-21.28495770392704,2,behavior_166,-1.2820983239270412,45.86015972199107,2103.154249726532
"(-70, -60]",-65.61340604,-35.1199531,-65.27425705485093,-23.02750485695077,9,behavior_166,12.092448243049226,555.8059683339892,308920.2744356834
"(-60, -50]",-58.0693621,-31.43578883,-54.86549813781042,-23.147349911765417,10,behavior_166,8.288438918234583,487.99247728481873,238136.65788657434
"(-50, -40]",-43.7844094,0.441897953,-45.0904744136671,-23.818646222280105,8,behavior_166,-24.260544175280106,1949.754706419655,3801543.4152055946
"(-40, -30]",-35.56805596,3.938167204,-35.323191537905984,-24.334184740175463,9,behavior_166,-28.272351944175462,2560.075366775691,6553985.883571688
"(-30, -20]",-24.892482045,3.1913109405,-25.02678459123356,-24.757036921108583,9,behavior_166,-27.948347861608582,2822.176339608216,7964679.2918444285
"(-20, -10]",-14.861629965,-2.1931205695,-15.272923677451375,-25.027267456443365,9,behavior_166,-22.834146886943365,2456.8658382519334,6036189.747169375
"(-10, 0]",-4.2016837085,-11.19345858,-5.219917593156162,-25.075130621133383,9,behavior_166,-13.881672041133383,1541.1544460391883,2375157.026546357
"(0, 10]",4.649206505,-23.063146705,4.867663292958679,-25.12162819763532,9,behavior_166,-2.0584814926353197,228.39617204644443,52164.811405469045
"(10, 20]",14.48227294,-40.47469647,14.9747827877784,-25.728225048591103,11,behavior_166,14.746471421408895,1589.4161824619591,2526243.801071948
"(20, 30]",24.69371562,-49.41198452,24.9670832649401,-25.705173342294515,8,behavior_166,23.706811177705482,2397.712378691413,5749024.650930034
"(30, 40]",35.72890237,-46.307643205,34.87035302281723,-24.50666190060104,9,behavior_166,21.80098130439896,1970.118889572191,3881368.439049163
"(40, 50]",45.949939150000006,-37.711282205,45.28997343772488,-22.87958216334062,9,behavior_166,14.831700041659385,1147.9632841226771,1317819.7016937223
"(50, 60]",52.560148515,-25.18428898,55.49466054755884,-20.561659213760876,10,behavior_166,4.622629766239125,312.8344892496154,97865.41766406773
"(60, 70]",62.07117996,-18.12660637,61.29361517393866,-18.57857315102444,2,behavior_166,-0.45196678102443855,23.565288678507372,555.3228305013877
"(-80, -70]",-71.25708173,-20.00285938,-71.0498319885632,-19.772798268546946,2,behavior_167,0.23006111145305397,8.229196716160933,67.71967859327388
"(-70, -60]",-65.61340604,-35.1199531,-65.27425705485093,-23.02750485695077,9,behavior_167,12.092448243049226,555.8059683339892,308920.2744356834
"(-60, -50]",-58.0693621,-31.43578883,-54.94686993909407,-15.662445232847684,14,behavior_167,15.773343597152316,928.6758451105884,862438.8252918656
"(-50, -40]",-43.7844094,0.441897953,-43.9881057847841,3.019216903875793,15,behavior_167,2.577318950875793,207.13219448452978,42903.74599197707
"(-40, -30]",-35.56805596,3.938167204,-35.45632398896109,14.952534767226458,11,behavior_167,11.014367563226457,997.3563973349725,994719.7833049955
"(-30, -20]",-24.892482045,3.1913109405,-24.984828069821933,11.814802858026042,10,behavior_167,8.623491917526042,870.7854566199733,758267.3114608553
"(-20, -10]",-14.861629965,-2.1931205695,-14.652564197037751,7.544197328464962,10,behavior_167,9.737317897964962,1047.6977229829702,1097670.5187437006
"(-10, 0]",-4.2016837085,-11.19345858,-6.979288376567183,-7.16000440072303,25,behavior_167,4.03345417927697,447.7973419101552,200522.45942180042
"(0, 10]",4.649206505,-23.063146705,4.413503593494211,-16.311633984735664,11,behavior_167,6.751512720264337,749.1054286123891,561158.9431765513
"(10, 20]",14.48227294,-40.47469647,14.141544876140044,-17.88490709344878,11,behavior_167,22.589789376551217,2434.791060685309,5928207.509193091
"(20, 30]",24.69371562,-49.41198452,23.845403066629533,-23.065592513987227,12,behavior_167,26.34639200601277,2664.680195625849,7100520.544960613
"(30, 40]",35.72890237,-46.307643205,34.87035302281723,-24.50666190060104,9,behavior_167,21.80098130439896,1970.118889572191,3881368.439049163
"(40, 50]",45.949939150000006,-37.711282205,45.28997343772488,-22.87958216334062,9,behavior_167,14.831700041659385,1147.9632841226771,1317819.7016937223
"(50, 60]",52.560148515,-25.18428898,55.49466054755884,-20.561659213760876,10,behavior_167,4.622629766239125,312.8344892496154,97865.41766406773
"(60, 70]",62.07117996,-18.12660637,61.29361517393866,-18.57857315102444,2,behavior_167,-0.45196678102443855,23.565288678507372,555.3228305013877
"(-80, -70]",-71.25708173,-20.00285938,-71.0498319885632,-19.772798268546946,2,behavior_168,0.23006111145305397,8.229196716160933,67.71967859327388
"(-70, -60]",-65.61340604,-35.1199531,-65.27425705485093,-23.02750485695077,9,behavior_168,12.092448243049226,555.8059683339892,308920.2744356834
"(-60, -50]",-58.0693621,-31.43578883,-55.04703568657949,-13.111796265504166,15,behavior_168,18.323992564495832,1078.8485761323,1163914.250222691
"(-50, -40]",-43.7844094,0.441897953,-45.050822950890456,3.507878096956534,11,behavior_168,3.0659801439565344,246.40458071668314,60715.217398164415
"(-40, -30]",-35.56805596,3.938167204,-35.239463162466706,13.326311412558082,11,behavior_168,9.388144208558082,850.1010731446717,722671.8345617224
"(-30, -20]",-24.892482045,3.1913109405,-24.984828069821933,11.814802858026042,10,behavior_168,8.623491917526042,870.7854566199733,758267.3114608553
"(-20, -10]",-14.861629965,-2.1931205695,-14.652564197037751,7.544197328464962,10,behavior_168,9.737317897964962,1047.6977229829702,1097670.5187437006
"(-10, 0]",-4.2016837085,-11.19345858,-6.979288376567183,-7.16000440072303,25,behavior_168,4.03345417927697,447.7973419101552,200522.45942180042
"(0, 10]",4.649206505,-23.063146705,4.413503593494211,-16.311633984735664,11,behavior_168,6.751512720264337,749.1054286123891,561158.9431765513
"(10, 20]",14.48227294,-40.47469647,14.141544876140044,-17.88490709344878,11,behavior_168,22.589789376551217,2434.791060685309,5928207.509193091
"(20, 30]",24.69371562,-49.41198452,23.845403066629533,-23.065592513987227,12,behavior_168,26.34639200601277,2664.680195625849,7100520.544960613
"(30, 40]",35.72890237,-46.307643205,34.87035302281723,-24.50666190060104,9,behavior_168,21.80098130439896,1970.118889572191,3881368.439049163
"(40, 50]",45.949939150000006,-37.711282205,45.28997343772488,-22.87958216334062,9,behavior_168,14.831700041659385,1147.9632841226771,1317819.7016937223
"(50, 60]",52.560148515,-25.18428898,55.49466054755884,-20.561659213760876,10,behavior_168,4.622629766239125,312.8344892496154,97865.41766406773
"(60, 70]",62.07117996,-18.12660637,61.29361517393866,-18.57857315102444,2,behavior_168,-0.45196678102443855,23.565288678507372,555.3228305013877
"(-80, -70]",-71.25708173,-20.00285938,-71.0498319885632,-19.772798268546946,2,behavior_169,0.23006111145305397,8.229196716160933,67.71967859327388
"(-70, -60]",-65.61340604,-35.1199531,-65.2032742104729,-18.87518938179012,9,behavior_169,16.244763718209878,746.6591088323537,557499.8248023246
"(-60, -50]",-58.0693621,-31.43578883,-54.72148103306775,-12.366127925490392,14,behavior_169,19.069660904509607,1122.7507565146204,1260569.2612541525
"(-50, -40]",-43.7844094,0.441897953,-45.050822950890456,3.507878096956534,11,behavior_169,3.0659801439565344,246.40458071668314,60715.217398164415
"(-40, -30]",-35.56805596,3.938167204,-35.239463162466706,13.326311412558082,11,behavior_169,9.388144208558082,850.1010731446717,722671.8345617224
"(-30, -20]",-24.892482045,3.1913109405,-24.984828069821933,11.814802858026042,10,behavior_169,8.623491917526042,870.7854566199733,758267.3114608553
"(-20, -10]",-14.861629965,-2.1931205695,-14.652564197037751,7.544197328464962,10,behavior_169,9.737317897964962,1047.6977229829702,1097670.5187437006
"(-10, 0]",-4.2016837085,-11.19345858,-6.979288376567183,-7.16000440072303,25,behavior_169,4.03345417927697,447.7973419101552,200522.45942180042
"(0, 10]",4.649206505,-23.063146705,4.413503593494211,-16.311633984735664,11,behavior_169,6.751512720264337,749.1054286123891,561158.9431765513
"(10, 20]",14.48227294,-40.47469647,14.141544876140044,-17.88490709344878,11,behavior_169,22.589789376551217,2434.791060685309,5928207.509193091
"(20, 30]",24.69371562,-49.41198452,23.845403066629533,-23.065592513987227,12,behavior_169,26.34639200601277,2664.680195625849,7100520.544960613
"(30, 40]",35.72890237,-46.307643205,34.87035302281723,-24.50666190060104,9,behavior_169,21.80098130439896,1970.118889572191,3881368.439049163
"(40, 50]",45.949939150000006,-37.711282205,45.28997343772488,-22.87958216334062,9,behavior_169,14.831700041659385,1147.9632841226771,1317819.7016937223
"(50, 60]",52.560148515,-25.18428898,55.49466054755884,-20.561659213760876,10,behavior_169,4.622629766239125,312.8344892496154,97865.41766406773
"(60, 70]",62.07117996,-18.12660637,61.29361517393866,-18.57857315102444,2,behavior_169,-0.45196678102443855,23.565288678507372,555.3228305013877
"(-80, -70]",-71.25708173,-20.00285938,-71.0498319885632,-19.772798268546946,2,behavior_170,0.23006111145305397,8.229196716160933,67.71967859327388
"(-70, -60]",-65.61340604,-35.1199531,-65.2032742104729,-18.87518938179012,9,behavior_170,16.244763718209878,746.6591088323537,557499.8248023246
"(-60, -50]",-58.0693621,-31.43578883,-54.72148103306775,-12.366127925490392,14,behavior_170,19.069660904509607,1122.7507565146204,1260569.2612541525
"(-50, -40]",-43.7844094,0.441897953,-45.050822950890456,3.507878096956534,11,behavior_170,3.0659801439565344,246.40458071668314,60715.217398164415
"(-40, -30]",-35.56805596,3.938167204,-35.239463162466706,13.245081400630514,11,behavior_170,9.306914196630515,842.7456556332716,710220.2400887527
"(-30, -20]",-24.892482045,3.1913109405,-24.786900530126708,10.658332429377145,10,behavior_170,7.467021488877145,754.0070517800658,568526.6341340669
"(-20, -10]",-14.861629965,-2.1931205695,-13.03708100159824,1.6672427409498518,20,behavior_170,3.860363310449852,415.3601528292082,172524.0565583032
"(-10, 0]",-4.2016837085,-11.19345858,-6.965645148298346,-16.573399200492055,16,behavior_170,-5.3799406204920555,597.2853545401298,356749.79474812857
"(0, 10]",4.649206505,-23.063146705,5.132329132327315,-19.72400666769007,10,behavior_170,3.3391400373099316,370.48999720286554,137262.8380273793
"(10, 20]",14.48227294,-40.47469647,14.889857017366243,-19.72878865935555,10,behavior_170,20.745907810644447,2236.0523173178112,4999929.965782354
"(20, 30]",24.69371562,-49.41198452,23.726014190975786,-24.736635680124763,11,behavior_170,24.675348839875234,2495.670502388673,6228371.256492931
"(30, 40]",35.72890237,-46.307643205,34.87035302281723,-24.50666190060104,9,behavior_170,21.80098130439896,1970.118889572191,3881368.439049163
"(40, 50]",45.949939150000006,-37.711282205,45.28997343772488,-22.87958216334062,9,behavior_170,14.831700041659385,1147.9632841226771,1317819.7016937223
"(50, 60]",52.560148515,-25.18428898,55.49466054755884,-20.561659213760876,10,behavior_170,4.622629766239125,312.8344892496154,97865.41766406773
"(60, 70]",62.07117996,-18.12660637,61.29361517393866,-18.57857315102444,2,behavior_170,-0.45196678102443855,23.565288678507372,555.3228305013877
"(-80, -70]",-71.25708173,-20.00285938,-71.0498319885632,-19.772798268546946,2,behavior_171,0.23006111145305397,8.229196716160933,67.71967859327388
"(-70, -60]",-65.61340604,-35.1199531,-64.68753737032831,-20.69147671310828,9,behavior_171,14.428476386891717,663.1769786081195,439803.7049557942
"(-60, -50]",-58.0693621,-31.43578883,-54.64329458844306,-14.897062999368028,13,behavior_171,16.53872583063197,973.7387062681729,948167.0680848152
"(-50, -40]",-43.7844094,0.441897953,-45.27226496545334,1.4105044198423253,12,behavior_171,0.9686064668423253,77.84429746298271,6059.734647505336
"(-40, -30]",-35.56805596,3.938167204,-35.40758141355231,9.689491503940062,10,behavior_171,5.751324299940062,520.7852426175081,271217.2689281767
"(-30, -20]",-24.892482045,3.1913109405,-24.929598001352613,6.414688935907934,10,behavior_171,3.223377995407934,325.4911938730411,105944.51728889762
"(-20, -10]",-14.861629965,-2.1931205695,-12.59484696936678,0.0773507172618936,17,behavior_171,2.2704712867618935,244.29392386745405,59679.52123855744
"(-10, 0]",-4.2016837085,-11.19345858,-6.458667190094619,-17.428678723820184,18,behavior_171,-6.235220143820184,692.2391782637887,479195.0799233255
"(0, 10]",4.649206505,-23.063146705,4.78171680296466,-23.28499623601501,9,behavior_171,-0.22184953101501037,24.61502997982209,605.8997009075403
"(10, 20]",14.48227294,-40.47469647,15.313750964427136,-23.942712006618112,12,behavior_171,16.531984463381885,1781.8638020863161,3175038.6091855024
"(20, 30]",24.69371562,-49.41198452,24.9670832649401,-25.705173342294515,8,behavior_171,23.706811177705482,2397.712378691413,5749024.650930034
"(30, 40]",35.72890237,-46.307643205,34.87035302281723,-24.50666190060104,9,behavior_171,21.80098130439896,1970.118889572191,3881368.439049163
"(40, 50]",45.949939150000006,-37.711282205,45.28997343772488,-22.87958216334062,9,behavior_171,14.831700041659385,1147.9632841226771,1317819.7016937223
"(50, 60]",52.560148515,-25.18428898,55.49466054755884,-20.561659213760876,10,behavior_171,4.622629766239125,312.8344892496154,97865.41766406773
"(60, 70]",62.07117996,-18.12660637,61.29361517393866,-18.57857315102444,2,behavior_171,-0.45196678102443855,23.565288678507372,555.3228305013877
"(-80, -70]",-71.25708173,-20.00285938,-71.0498319885632,-19.772798268546946,2,behavior_172,0.23006111145305397,8.229196716160933,67.71967859327388
"(-70, -60]",-65.61340604,-35.1199531,-65.27425705485093,-23.02750485695077,9,behavior_172,12.092448243049226,555.8059683339892,308920.2744356834
"(-60, -50]",-58.0693621,-31.43578883,-54.94686993909407,-15.662445232847684,14,behavior_172,15.773343597152316,928.6758451105884,862438.8252918656
"(-50, -40]",-43.7844094,0.441897953,-43.9881057847841,3.019216903875793,15,behavior_172,2.577318950875793,207.13219448452978,42903.74599197707
"(-40, -30]",-35.56805596,3.938167204,-35.45632398896109,14.952534767226458,11,behavior_172,11.014367563226457,997.3563973349725,994719.7833049955
"(-30, -20]",-24.892482045,3.1913109405,-24.984828069821933,11.814802858026042,10,behavior_172,8.623491917526042,870.7854566199733,758267.3114608553
"(-20, -10]",-14.861629965,-2.1931205695,-14.652564197037751,7.544197328464962,10,behavior_172,9.737317897964962,1047.6977229829702,1097670.5187437006
"(-10, 0]",-4.2016837085,-11.19345858,-6.979288376567183,-7.16000440072303,25,behavior_172,4.03345417927697,447.7973419101552,200522.45942180042
"(0, 10]",4.649206505,-23.063146705,4.413503593494211,-16.311633984735664,11,behavior_172,6.751512720264337,749.1054286123891,561158.9431765513
"(10, 20]",14.48227294,-40.47469647,13.860066664603224,-19.101427869813904,12,behavior_172,21.373268600186094,2303.6710284416104,5306900.207281227
"(20, 30]",24.69371562,-49.41198452,24.80575462733373,-18.81524801316166,9,behavior_172,30.596736506838337,3094.561023837634,9576307.930255026
"(30, 40]",35.72890237,-46.307643205,35.70745671001215,-17.593325204874027,10,behavior_172,28.71431800012597,2594.86577706556,6733328.400986052
"(40, 50]",45.949939150000006,-37.711282205,44.58544126307676,-21.353602728099563,9,behavior_172,16.35767947690044,1266.0730327733788,1602940.924315981
"(50, 60]",52.560148515,-25.18428898,54.82030061581583,-19.06741580550496,10,behavior_172,6.116873174495041,413.9567718192299,171360.208934998
"(60, 70]",62.07117996,-18.12660637,61.0954170794037,-17.16948656355908,3,behavior_172,0.9571198064409216,49.90367762775434,2490.3770407748293
"(-80, -70]",-71.25708173,-20.00285938,-71.35777604351465,-21.28495770392704,2,behavior_173,-1.2820983239270412,45.86015972199107,2103.154249726532
"(-70, -60]",-65.61340604,-35.1199531,-65.27425705485093,-23.02750485695077,9,behavior_173,12.092448243049226,555.8059683339892,308920.2744356834
"(-60, -50]",-58.0693621,-31.43578883,-55.04703568657949,-13.111796265504166,15,behavior_173,18.323992564495832,1078.8485761323,1163914.250222691
"(-50, -40]",-43.7844094,0.441897953,-45.050822950890456,3.507878096956534,11,behavior_173,3.0659801439565344,246.40458071668314,60715.217398164415
"(-40, -30]",-35.56805596,3.938167204,-35.239463162466706,13.326311412558082,11,behavior_173,9.388144208558082,850.1010731446717,722671.8345617224
"(-30, -20]",-24.892482045,3.1913109405,-24.984828069821933,11.814802858026042,10,behavior_173,8.623491917526042,870.7854566199733,758267.3114608553
"(-20, -10]",-14.861629965,-2.1931205695,-14.652564197037751,7.544197328464962,10,behavior_173,9.737317897964962,1047.6977229829702,1097670.5187437006
"(-10, 0]",-4.2016837085,-11.19345858,-6.979288376567183,-7.16000440072303,25,behavior_173,4.03345417927697,447.7973419101552,200522.45942180042
"(0, 10]",4.649206505,-23.063146705,3.533457234700141,-19.71741831421356,13,behavior_173,3.345728390786441,371.22099950699464,137805.03047497213
"(10, 20]",14.48227294,-40.47469647,14.889857017366243,-19.72878865935555,10,behavior_173,20.745907810644447,2236.0523173178112,4999929.965782354
"(20, 30]",24.69371562,-49.41198452,24.18625499623776,-23.571176528296714,11,behavior_173,25.840807991703283,2613.545311204178,6830619.093717342
"(30, 40]",35.72890237,-46.307643205,34.87035302281723,-24.50666190060104,9,behavior_173,21.80098130439896,1970.118889572191,3881368.439049163
"(40, 50]",45.949939150000006,-37.711282205,45.28997343772488,-22.87958216334062,9,behavior_173,14.831700041659385,1147.9632841226771,1317819.7016937223
"(50, 60]",52.560148515,-25.18428898,55.49466054755884,-20.561659213760876,10,behavior_173,4.622629766239125,312.8344892496154,97865.41766406773
"(60, 70]",62.07117996,-18.12660637,61.29361517393866,-18.57857315102444,2,behavior_173,-0.45196678102443855,23.565288678507372,555.3228305013877
"(-80, -70]",-71.25708173,-20.00285938,-71.0498319885632,-19.772798268546946,2,behavior_174,0.23006111145305397,8.229196716160933,67.71967859327388
"(-70, -60]",-65.61340604,-35.1199531,-65.2032742104729,-18.87518938179012,9,behavior_174,16.244763718209878,746.6591088323537,557499.8248023246
"(-60, -50]",-58.0693621,-31.43578883,-54.72148103306775,-12.366127925490392,14,behavior_174,19.069660904509607,1122.7507565146204,1260569.2612541525
"(-50, -40]",-43.7844094,0.441897953,-45.050822950890456,3.507878096956534,11,behavior_174,3.0659801439565344,246.40458071668314,60715.217398164415
"(-40, -30]",-35.56805596,3.938167204,-35.239463162466706,13.245081400630514,11,behavior_174,9.306914196630515,842.7456556332716,710220.2400887527
"(-30, -20]",-24.892482045,3.1913109405,-24.786900530126708,10.658332429377145,10,behavior_174,7.467021488877145,754.0070517800658,568526.6341340669
"(-20, -10]",-14.861629965,-2.1931205695,-13.03708100159824,1.6672427409498518,20,behavior_174,3.860363310449852,415.3601528292082,172524.0565583032
"(-10, 0]",-4.2016837085,-11.19345858,-6.714342001073763,-16.99842169736817,17,behavior_174,-5.804963117368169,644.4716955505186,415343.7663657603
"(0, 10]",4.649206505,-23.063146705,4.736764441517248,-22.381112056004326,10,behavior_174,0.6820346489956748,75.67427911835465,5726.596520082646
"(10, 20]",14.48227294,-40.47469647,15.109640620583349,-21.693778063303174,10,behavior_174,18.780918406696824,2024.2602304009101,4097629.4803827456
"(20, 30]",24.69371562,-49.41198452,24.52553701951568,-24.0849211649942,10,behavior_174,25.327063355005798,2561.5850595422285,6561718.0172699625
"(30, 40]",35.72890237,-46.307643205,34.87035302281723,-24.50666190060104,9,behavior_174,21.80098130439896,1970.118889572191,3881368.439049163
"(40, 50]",45.949939150000006,-37.711282205,45.28997343772488,-22.87958216334062,9,behavior_174,14.831700041659385,1147.9632841226771,1317819.7016937223
"(50, 60]",52.560148515,-25.18428898,55.49466054755884,-20.561659213760876,10,behavior_174,4.622629766239125,312.8344892496154,97865.41766406773
"(60, 70]",62.07117996,-18.12660637,61.29361517393866,-18.57857315102444,2,behavior_174,-0.45196678102443855,23.565288678507372,555.3228305013877
"(-80, -70]",-71.25708173,-20.00285938,-71.0498319885632,-19.772798268546946,2,behavior_175,0.23006111145305397,8.229196716160933,67.71967859327388
"(-70, -60]",-65.61340604,-35.1199531,-64.68753737032831,-20.69147671310828,9,behavior_175,14.428476386891717,663.1769786081195,439803.7049557942
"(-60, -50]",-58.0693621,-31.43578883,-54.72148103306775,-12.366127925490392,14,behavior_175,19.069660904509607,1122.7507565146204,1260569.2612541525
"(-50, -40]",-43.7844094,0.441897953,-45.050822950890456,3.507878096956534,11,behavior_175,3.0659801439565344,246.40458071668314,60715.217398164415
"(-40, -30]",-35.56805596,3.938167204,-35.239463162466706,12.528509540092449,11,behavior_175,8.590342336092448,777.8597214064212,605065.7461864752
"(-30, -20]",-24.892482045,3.1913109405,-24.576406504230775,9.50564982720364,10,behavior_175,6.3143388867036405,637.6111351756107,406547.95969993086
"(-20, -10]",-14.861629965,-2.1931205695,-12.89133315043664,1.1373220675733666,19,behavior_175,3.3304426370733666,358.34273913521974,128409.51869093215
"(-10, 0]",-4.2016837085,-11.19345858,-6.714342001073763,-16.99842169736817,17,behavior_175,-5.804963117368169,644.4716955505186,415343.7663657603
"(0, 10]",4.649206505,-23.063146705,4.736764441517248,-22.381112056004326,10,behavior_175,0.6820346489956748,75.67427911835465,5726.596520082646
"(10, 20]",14.48227294,-40.47469647,15.109640620583349,-21.693778063303174,10,behavior_175,18.780918406696824,2024.2602304009101,4097629.4803827456
"(20, 30]",24.69371562,-49.41198452,24.060430163209567,-24.99052446872266,10,behavior_175,24.421460051277336,2469.992131448399,6100861.129417005
"(30, 40]",35.72890237,-46.307643205,34.87035302281723,-24.50666190060104,9,behavior_175,21.80098130439896,1970.118889572191,3881368.439049163
"(40, 50]",45.949939150000006,-37.711282205,45.28997343772488,-22.87958216334062,9,behavior_175,14.831700041659385,1147.9632841226771,1317819.7016937223
"(50, 60]",52.560148515,-25.18428898,55.49466054755884,-20.561659213760876,10,behavior_175,4.622629766239125,312.8344892496154,97865.41766406773
"(60, 70]",62.07117996,-18.12660637,61.29361517393866,-18.57857315102444,2,behavior_175,-0.45196678102443855,23.565288678507372,555.3228305013877
"(-80, -70]",-71.25708173,-20.00285938,-71.35777604351465,-21.28495770392704,2,behavior_176,-1.2820983239270412,45.86015972199107,2103.154249726532
"(-70, -60]",-65.61340604,-35.1199531,-65.27425705485093,-23.02750485695077,9,behavior_176,12.092448243049226,555.8059683339892,308920.2744356834
"(-60, -50]",-58.0693621,-31.43578883,-55.04703568657949,-13.111796265504166,15,behavior_176,18.323992564495832,1078.8485761323,1163914.250222691
"(-50, -40]",-43.7844094,0.441897953,-45.050822950890456,3.507878096956534,11,behavior_176,3.0659801439565344,246.40458071668314,60715.217398164415
"(-40, -30]",-35.56805596,3.938167204,-35.239463162466706,13.326311412558082,11,behavior_176,9.388144208558082,850.1010731446717,722671.8345617224
"(-30, -20]",-24.892482045,3.1913109405,-24.984828069821933,11.814802858026042,10,behavior_176,8.623491917526042,870.7854566199733,758267.3114608553
"(-20, -10]",-14.861629965,-2.1931205695,-14.652564197037751,7.544197328464962,10,behavior_176,9.737317897964962,1047.6977229829702,1097670.5187437006
"(-10, 0]",-4.2016837085,-11.19345858,-6.979288376567183,-7.16000440072303,25,behavior_176,4.03345417927697,447.7973419101552,200522.45942180042
"(0, 10]",4.649206505,-23.063146705,3.533457234700141,-19.71741831421356,13,behavior_176,3.345728390786441,371.22099950699464,137805.03047497213
"(10, 20]",14.48227294,-40.47469647,14.889857017366243,-19.72878865935555,10,behavior_176,20.745907810644447,2236.0523173178112,4999929.965782354
"(20, 30]",24.69371562,-49.41198452,24.80575462733373,-18.81524801316166,9,behavior_176,30.596736506838337,3094.561023837634,9576307.930255026
"(30, 40]",35.72890237,-46.307643205,35.31400580259389,-17.969199863115932,10,behavior_176,28.338443341884066,2560.898601277723,6558201.646026199
"(40, 50]",45.949939150000006,-37.711282205,44.58544126307676,-21.353602728099563,9,behavior_176,16.35767947690044,1266.0730327733788,1602940.924315981
"(50, 60]",52.560148515,-25.18428898,54.82030061581583,-19.06741580550496,10,behavior_176,6.116873174495041,413.9567718192299,171360.208934998
"(60, 70]",62.07117996,-18.12660637,61.0954170794037,-17.16948656355908,3,behavior_176,0.9571198064409216,49.90367762775434,2490.3770407748293
"(-80, -70]",-71.25708173,-20.00285938,-71.35777604351465,-21.28495770392704,2,behavior_177,-1.2820983239270412,45.86015972199107,2103.154249726532
"(-70, -60]",-65.61340604,-35.1199531,-65.27425705485093,-23.02750485695077,9,behavior_177,12.092448243049226,555.8059683339892,308920.2744356834
"(-60, -50]",-58.0693621,-31.43578883,-55.04703568657949,-13.111796265504166,15,behavior_177,18.323992564495832,1078.8485761323,1163914.250222691
"(-50, -40]",-43.7844094,0.441897953,-45.050822950890456,3.507878096956534,11,behavior_177,3.0659801439565344,246.40458071668314,60715.217398164415
"(-40, -30]",-35.56805596,3.938167204,-35.239463162466706,13.245081400630514,11,behavior_177,9.306914196630515,842.7456556332716,710220.2400887527
"(-30, -20]",-24.892482045,3.1913109405,-24.786900530126708,10.658332429377145,10,behavior_177,7.467021488877145,754.0070517800658,568526.6341340669
"(-20, -10]",-14.861629965,-2.1931205695,-13.03708100159824,1.6672427409498518,20,behavior_177,3.860363310449852,415.3601528292082,172524.0565583032
"(-10, 0]",-4.2016837085,-11.19345858,-6.714342001073763,-16.99842169736817,17,behavior_177,-5.804963117368169,644.4716955505186,415343.7663657603
"(0, 10]",4.649206505,-23.063146705,4.736764441517248,-22.381112056004326,10,behavior_177,0.6820346489956748,75.67427911835465,5726.596520082646
"(10, 20]",14.48227294,-40.47469647,15.109640620583349,-21.693778063303174,10,behavior_177,18.780918406696824,2024.2602304009101,4097629.4803827456
"(20, 30]",24.69371562,-49.41198452,24.52553701951568,-24.0849211649942,10,behavior_177,25.327063355005798,2561.5850595422285,6561718.0172699625
"(30, 40]",35.72890237,-46.307643205,34.87035302281723,-24.50666190060104,9,behavior_177,21.80098130439896,1970.118889572191,3881368.439049163
"(40, 50]",45.949939150000006,-37.711282205,45.28997343772488,-22.87958216334062,9,behavior_177,14.831700041659385,1147.9632841226771,1317819.7016937223
"(50, 60]",52.560148515,-25.18428898,55.49466054755884,-20.561659213760876,10,behavior_177,4.622629766239125,312.8344892496154,97865.41766406773
"(60, 70]",62.07117996,-18.12660637,61.29361517393866,-18.57857315102444,2,behavior_177,-0.45196678102443855,23.565288678507372,555.3228305013877
"(-80, -70]",-71.25708173,-20.00285938,-71.0498319885632,-19.772798268546946,2,behavior_178,0.23006111145305397,8.229196716160933,67.71967859327388
"(-70, -60]",-65.61340604,-35.1199531,-64.68753737032831,-20.69147671310828,9,behavior_178,14.428476386891717,663.1769786081195,439803.7049557942
"(-60, -50]",-58.0693621,-31.43578883,-54.72148103306775,-12.366127925490392,14,behavior_178,19.069660904509607,1122.7507565146204,1260569.2612541525
"(-50, -40]",-43.7844094,0.441897953,-45.050822950890456,3.507878096956534,11,behavior_178,3.0659801439565344,246.40458071668314,60715.217398164415
"(-40, -30]",-35.56805596,3.938167204,-35.239463162466706,13.245081400630514,11,behavior_178,9.306914196630515,842.7456556332716,710220.2400887527
"(-30, -20]",-24.892482045,3.1913109405,-24.786900530126708,10.658332429377145,10,behavior_178,7.467021488877145,754.0070517800658,568526.6341340669
"(-20, -10]",-14.861629965,-2.1931205695,-13.03708100159824,1.6672427409498518,20,behavior_178,3.860363310449852,415.3601528292082,172524.0565583032
"(-10, 0]",-4.2016837085,-11.19345858,-6.714342001073763,-16.99842169736817,17,behavior_178,-5.804963117368169,644.4716955505186,415343.7663657603
"(0, 10]",4.649206505,-23.063146705,4.736764441517248,-22.381112056004326,10,behavior_178,0.6820346489956748,75.67427911835465,5726.596520082646
"(10, 20]",14.48227294,-40.47469647,15.109640620583349,-21.693778063303174,10,behavior_178,18.780918406696824,2024.2602304009101,4097629.4803827456
"(20, 30]",24.69371562,-49.41198452,24.52553701951568,-24.0849211649942,10,behavior_178,25.327063355005798,2561.5850595422285,6561718.0172699625
"(30, 40]",35.72890237,-46.307643205,34.87035302281723,-24.50666190060104,9,behavior_178,21.80098130439896,1970.118889572191,3881368.439049163
"(40, 50]",45.949939150000006,-37.711282205,45.28997343772488,-22.87958216334062,9,behavior_178,14.831700041659385,1147.9632841226771,1317819.7016937223
"(50, 60]",52.560148515,-25.18428898,55.49466054755884,-20.561659213760876,10,behavior_178,4.622629766239125,312.8344892496154,97865.41766406773
"(60, 70]",62.07117996,-18.12660637,61.29361517393866,-18.57857315102444,2,behavior_178,-0.45196678102443855,23.565288678507372,555.3228305013877
"(-80, -70]",-71.25708173,-20.00285938,-71.35777604351465,-21.28495770392704,2,behavior_179,-1.2820983239270412,45.86015972199107,2103.154249726532
"(-70, -60]",-65.61340604,-35.1199531,-65.27425705485093,-23.02750485695077,9,behavior_179,12.092448243049226,555.8059683339892,308920.2744356834
"(-60, -50]",-58.0693621,-31.43578883,-55.04703568657949,-13.111796265504166,15,behavior_179,18.323992564495832,1078.8485761323,1163914.250222691
"(-50, -40]",-43.7844094,0.441897953,-45.050822950890456,3.507878096956534,11,behavior_179,3.0659801439565344,246.40458071668314,60715.217398164415
"(-40, -30]",-35.56805596,3.938167204,-35.239463162466706,13.245081400630514,11,behavior_179,9.306914196630515,842.7456556332716,710220.2400887527
"(-30, -20]",-24.892482045,3.1913109405,-24.786900530126708,10.658332429377145,10,behavior_179,7.467021488877145,754.0070517800658,568526.6341340669
"(-20, -10]",-14.861629965,-2.1931205695,-13.03708100159824,1.6672427409498518,20,behavior_179,3.860363310449852,415.3601528292082,172524.0565583032
"(-10, 0]",-4.2016837085,-11.19345858,-6.714342001073763,-16.99842169736817,17,behavior_179,-5.804963117368169,644.4716955505186,415343.7663657603
"(0, 10]",4.649206505,-23.063146705,4.937530669447581,-21.050702486825433,10,behavior_179,2.0124442181745685,223.28816534543404,49857.60478332989
"(10, 20]",14.48227294,-40.47469647,14.889857017366243,-19.72878865935555,10,behavior_179,20.745907810644447,2236.0523173178112,4999929.965782354
"(20, 30]",24.69371562,-49.41198452,24.80575462733373,-18.81524801316166,9,behavior_179,30.596736506838337,3094.561023837634,9576307.930255026
"(30, 40]",35.72890237,-46.307643205,35.31400580259389,-17.969199863115932,10,behavior_179,28.338443341884066,2560.898601277723,6558201.646026199
"(40, 50]",45.949939150000006,-37.711282205,44.58544126307676,-21.353602728099563,9,behavior_179,16.35767947690044,1266.0730327733788,1602940.924315981
"(50, 60]",52.560148515,-25.18428898,54.82030061581583,-19.06741580550496,10,behavior_179,6.116873174495041,413.9567718192299,171360.208934998
"(60, 70]",62.07117996,-18.12660637,61.0954170794037,-17.16948656355908,3,behavior_179,0.9571198064409216,49.90367762775434,2490.3770407748293
"(-80, -70]",-71.25708173,-20.00285938,-71.0498319885632,-19.772798268546946,2,behavior_180,0.23006111145305397,8.229196716160933,67.71967859327388
"(-70, -60]",-65.61340604,-35.1199531,-64.68753737032831,-20.69147671310828,9,behavior_180,14.428476386891717,663.1769786081195,439803.7049557942
"(-60, -50]",-58.0693621,-31.43578883,-54.72148103306775,-12.366127925490392,14,behavior_180,19.069660904509607,1122.7507565146204,1260569.2612541525
"(-50, -40]",-43.7844094,0.441897953,-45.050822950890456,3.507878096956534,11,behavior_180,3.0659801439565344,246.40458071668314,60715.217398164415
"(-40, -30]",-35.56805596,3.938167204,-35.239463162466706,13.245081400630514,11,behavior_180,9.306914196630515,842.7456556332716,710220.2400887527
"(-30, -20]",-24.892482045,3.1913109405,-24.786900530126708,10.658332429377145,10,behavior_180,7.467021488877145,754.0070517800658,568526.6341340669
"(-20, -10]",-14.861629965,-2.1931205695,-13.03708100159824,1.6672427409498518,20,behavior_180,3.860363310449852,415.3601528292082,172524.0565583032
"(-10, 0]",-4.2016837085,-11.19345858,-6.714342001073763,-16.99842169736817,17,behavior_180,-5.804963117368169,644.4716955505186,415343.7663657603
"(0, 10]",4.649206505,-23.063146705,4.736764441517248,-22.381112056004326,10,behavior_180,0.6820346489956748,75.67427911835465,5726.596520082646
"(10, 20]",14.48227294,-40.47469647,15.109640620583349,-21.693778063303174,10,behavior_180,18.780918406696824,2024.2602304009101,4097629.4803827456
"(20, 30]",24.69371562,-49.41198452,24.948203428570245,-20.114012632933047,8,behavior_180,29.29797188706695,2963.20366908885,8780575.984501623
"(30, 40]",35.72890237,-46.307643205,35.31400580259389,-18.57559618110885,10,behavior_180,27.73204702389115,2506.0995615480842,6280535.0123915
"(40, 50]",45.949939150000006,-37.711282205,44.58544126307676,-21.353602728099563,9,behavior_180,16.35767947690044,1266.0730327733788,1602940.924315981
"(50, 60]",52.560148515,-25.18428898,54.82030061581583,-19.06741580550496,10,behavior_180,6.116873174495041,413.9567718192299,171360.208934998
"(60, 70]",62.07117996,-18.12660637,61.0954170794037,-17.16948656355908,3,behavior_180,0.9571198064409216,49.90367762775434,2490.3770407748293
"(-80, -70]",-71.25708173,-20.00285938,-71.35777604351465,-21.28495770392704,2,behavior_181,-1.2820983239270412,45.86015972199107,2103.154249726532
"(-70, -60]",-65.61340604,-35.1199531,-64.70388818750592,-23.01793321091454,10,behavior_181,12.102019889085458,556.2459105100309,309409.51295913325
"(-60, -50]",-58.0693621,-31.43578883,-54.72148103306775,-12.366127925490392,14,behavior_181,19.069660904509607,1122.7507565146204,1260569.2612541525
"(-50, -40]",-43.7844094,0.441897953,-45.050822950890456,3.507878096956534,11,behavior_181,3.0659801439565344,246.40458071668314,60715.217398164415
"(-40, -30]",-35.56805596,3.938167204,-35.239463162466706,13.245081400630514,11,behavior_181,9.306914196630515,842.7456556332716,710220.2400887527
"(-30, -20]",-24.892482045,3.1913109405,-24.786900530126708,10.658332429377145,10,behavior_181,7.467021488877145,754.0070517800658,568526.6341340669
"(-20, -10]",-14.861629965,-2.1931205695,-13.03708100159824,1.6672427409498518,20,behavior_181,3.860363310449852,415.3601528292082,172524.0565583032
"(-10, 0]",-4.2016837085,-11.19345858,-6.714342001073763,-16.99842169736817,17,behavior_181,-5.804963117368169,644.4716955505186,415343.7663657603
"(0, 10]",4.649206505,-23.063146705,4.736764441517248,-22.381112056004326,10,behavior_181,0.6820346489956748,75.67427911835465,5726.596520082646
"(10, 20]",14.48227294,-40.47469647,15.109640620583349,-21.693778063303174,10,behavior_181,18.780918406696824,2024.2602304009101,4097629.4803827456
"(20, 30]",24.69371562,-49.41198452,24.948203428570245,-20.114012632933047,8,behavior_181,29.29797188706695,2963.20366908885,8780575.984501623
"(30, 40]",35.72890237,-46.307643205,34.735764015580365,-18.504278757585016,9,behavior_181,27.80336444741498,2512.5444000293487,6312879.36211884
"(40, 50]",45.949939150000006,-37.711282205,44.01814808334336,-20.995447803892052,10,behavior_181,16.71583440110795,1293.7939752050033,1673902.8502767647
"(50, 60]",52.560148515,-25.18428898,54.82030061581583,-19.06741580550496,10,behavior_181,6.116873174495041,413.9567718192299,171360.208934998
"(60, 70]",62.07117996,-18.12660637,61.0954170794037,-17.16948656355908,3,behavior_181,0.9571198064409216,49.90367762775434,2490.3770407748293
"(-80, -70]",-71.25708173,-20.00285938,-71.0498319885632,-19.772798268546946,2,behavior_182,0.23006111145305397,8.229196716160933,67.71967859327388
"(-70, -60]",-65.61340604,-35.1199531,-65.27425705485093,-23.02750485695077,9,behavior_182,12.092448243049226,555.8059683339892,308920.2744356834
"(-60, -50]",-58.0693621,-31.43578883,-54.94686993909407,-15.662445232847684,14,behavior_182,15.773343597152316,928.6758451105884,862438.8252918656
"(-50, -40]",-43.7844094,0.441897953,-43.9881057847841,3.019216903875793,15,behavior_182,2.577318950875793,207.13219448452978,42903.74599197707
"(-40, -30]",-35.56805596,3.938167204,-35.45632398896109,14.952534767226458,11,behavior_182,11.014367563226457,997.3563973349725,994719.7833049955
"(-30, -20]",-24.892482045,3.1913109405,-24.984828069821933,11.814802858026042,10,behavior_182,8.623491917526042,870.7854566199733,758267.3114608553
"(-20, -10]",-14.861629965,-2.1931205695,-15.68135925694431,5.004866791390242,13,behavior_182,7.197987360890242,774.4755842510793,599812.4306010507
"(-10, 0]",-4.2016837085,-11.19345858,-6.2220723793874715,-8.26020485551148,22,behavior_182,2.9332537244885195,325.65219848598304,106049.3543787541
"(0, 10]",4.649206505,-23.063146705,4.413503593494211,-16.311633984735664,11,behavior_182,6.751512720264337,749.1054286123891,561158.9431765513
"(10, 20]",14.48227294,-40.47469647,14.141544876140044,-17.275014160559007,11,behavior_182,23.19968230944099,2500.5270370692497,6252635.46311432
"(20, 30]",24.69371562,-49.41198452,23.845403066629533,-23.065592513987227,12,behavior_182,26.34639200601277,2664.680195625849,7100520.544960613
"(30, 40]",35.72890237,-46.307643205,34.87035302281723,-24.50666190060104,9,behavior_182,21.80098130439896,1970.118889572191,3881368.439049163
"(40, 50]",45.949939150000006,-37.711282205,45.28997343772488,-22.87958216334062,9,behavior_182,14.831700041659385,1147.9632841226771,1317819.7016937223
"(50, 60]",52.560148515,-25.18428898,55.49466054755884,-20.561659213760876,10,behavior_182,4.622629766239125,312.8344892496154,97865.41766406773
"(60, 70]",62.07117996,-18.12660637,61.29361517393866,-18.57857315102444,2,behavior_182,-0.45196678102443855,23.565288678507372,555.3228305013877
"(-80, -70]",-71.25708173,-20.00285938,-71.0498319885632,-19.772798268546946,2,behavior_183,0.23006111145305397,8.229196716160933,67.71967859327388
"(-70, -60]",-65.61340604,-35.1199531,-65.27425705485093,-23.02750485695077,9,behavior_183,12.092448243049226,555.8059683339892,308920.2744356834
"(-60, -50]",-58.0693621,-31.43578883,-55.04703568657949,-13.111796265504166,15,behavior_183,18.323992564495832,1078.8485761323,1163914.250222691
"(-50, -40]",-43.7844094,0.441897953,-45.050822950890456,3.507878096956534,11,behavior_183,3.0659801439565344,246.40458071668314,60715.217398164415
"(-40, -30]",-35.56805596,3.938167204,-35.239463162466706,13.326311412558082,11,behavior_183,9.388144208558082,850.1010731446717,722671.8345617224
"(-30, -20]",-24.892482045,3.1913109405,-24.984828069821933,11.814802858026042,10,behavior_183,8.623491917526042,870.7854566199733,758267.3114608553
"(-20, -10]",-14.861629965,-2.1931205695,-15.68135925694431,5.004866791390242,13,behavior_183,7.197987360890242,774.4755842510793,599812.4306010507
"(-10, 0]",-4.2016837085,-11.19345858,-6.2220723793874715,-8.26020485551148,22,behavior_183,2.9332537244885195,325.65219848598304,106049.3543787541
"(0, 10]",4.649206505,-23.063146705,4.413503593494211,-16.311633984735664,11,behavior_183,6.751512720264337,749.1054286123891,561158.9431765513
"(10, 20]",14.48227294,-40.47469647,14.141544876140044,-17.275014160559007,11,behavior_183,23.19968230944099,2500.5270370692497,6252635.46311432
"(20, 30]",24.69371562,-49.41198452,23.845403066629533,-23.065592513987227,12,behavior_183,26.34639200601277,2664.680195625849,7100520.544960613
"(30, 40]",35.72890237,-46.307643205,34.87035302281723,-24.50666190060104,9,behavior_183,21.80098130439896,1970.118889572191,3881368.439049163
"(40, 50]",45.949939150000006,-37.711282205,45.28997343772488,-22.87958216334062,9,behavior_183,14.831700041659385,1147.9632841226771,1317819.7016937223
"(50, 60]",52.560148515,-25.18428898,55.49466054755884,-20.561659213760876,10,behavior_183,4.622629766239125,312.8344892496154,97865.41766406773
"(60, 70]",62.07117996,-18.12660637,61.29361517393866,-18.57857315102444,2,behavior_183,-0.45196678102443855,23.565288678507372,555.3228305013877
"(-80, -70]",-71.25708173,-20.00285938,-71.0498319885632,-19.772798268546946,2,behavior_184,0.23006111145305397,8.229196716160933,67.71967859327388
"(-70, -60]",-65.61340604,-35.1199531,-65.27425705485093,-23.02750485695077,9,behavior_184,12.092448243049226,555.8059683339892,308920.2744356834
"(-60, -50]",-58.0693621,-31.43578883,-55.04703568657949,-13.111796265504166,15,behavior_184,18.323992564495832,1078.8485761323,1163914.250222691
"(-50, -40]",-43.7844094,0.441897953,-45.050822950890456,3.507878096956534,11,behavior_184,3.0659801439565344,246.40458071668314,60715.217398164415
"(-40, -30]",-35.56805596,3.938167204,-35.239463162466706,13.326311412558082,11,behavior_184,9.388144208558082,850.1010731446717,722671.8345617224
"(-30, -20]",-24.892482045,3.1913109405,-24.984828069821933,11.814802858026042,10,behavior_184,8.623491917526042,870.7854566199733,758267.3114608553
"(-20, -10]",-14.861629965,-2.1931205695,-13.18282885275984,2.197163414326337,21,behavior_184,4.390283983826337,472.3775665231966,223140.56535437703
"(-10, 0]",-4.2016837085,-11.19345858,-6.656196844526108,-15.32845226080132,15,behavior_184,-4.134993680801321,459.0703394106839,210745.57652664054
"(0, 10]",4.649206505,-23.063146705,5.032609342962526,-18.000221875057086,10,behavior_184,5.062924829942915,561.7503264687922,315563.4292877946
"(10, 20]",14.48227294,-40.47469647,14.655558162555813,-17.456304697803922,10,behavior_184,23.018391772196075,2480.9870328614657,6155296.657226739
"(20, 30]",24.69371562,-49.41198452,23.845403066629533,-23.065592513987227,12,behavior_184,26.34639200601277,2664.680195625849,7100520.544960613
"(30, 40]",35.72890237,-46.307643205,34.87035302281723,-24.50666190060104,9,behavior_184,21.80098130439896,1970.118889572191,3881368.439049163
"(40, 50]",45.949939150000006,-37.711282205,45.28997343772488,-22.87958216334062,9,behavior_184,14.831700041659385,1147.9632841226771,1317819.7016937223
"(50, 60]",52.560148515,-25.18428898,55.49466054755884,-20.561659213760876,10,behavior_184,4.622629766239125,312.8344892496154,97865.41766406773
"(60, 70]",62.07117996,-18.12660637,61.29361517393866,-18.57857315102444,2,behavior_184,-0.45196678102443855,23.565288678507372,555.3228305013877
"(-80, -70]",-71.25708173,-20.00285938,-71.0498319885632,-19.772798268546946,2,behavior_185,0.23006111145305397,8.229196716160933,67.71967859327388
"(-70, -60]",-65.61340604,-35.1199531,-64.68753737032831,-20.69147671310828,9,behavior_185,14.428476386891717,663.1769786081195,439803.7049557942
"(-60, -50]",-58.0693621,-31.43578883,-54.72148103306775,-12.366127925490392,14,behavior_185,19.069660904509607,1122.7507565146204,1260569.2612541525
"(-50, -40]",-43.7844094,0.441897953,-45.050822950890456,3.507878096956534,11,behavior_185,3.0659801439565344,246.40458071668314,60715.217398164415
"(-40, -30]",-35.56805596,3.938167204,-35.239463162466706,13.245081400630514,11,behavior_185,9.306914196630515,842.7456556332716,710220.2400887527
"(-30, -20]",-24.892482045,3.1913109405,-24.786900530126708,10.658332429377145,10,behavior_185,7.467021488877145,754.0070517800658,568526.6341340669
"(-20, -10]",-14.861629965,-2.1931205695,-13.03708100159824,1.6672427409498518,20,behavior_185,3.860363310449852,415.3601528292082,172524.0565583032
"(-10, 0]",-4.2016837085,-11.19345858,-6.656196844526108,-15.32845226080132,15,behavior_185,-4.134993680801321,459.0703394106839,210745.57652664054
"(0, 10]",4.649206505,-23.063146705,5.032609342962526,-18.000221875057086,10,behavior_185,5.062924829942915,561.7503264687922,315563.4292877946
"(10, 20]",14.48227294,-40.47469647,15.169571448971585,-17.623541855834073,11,behavior_185,22.851154614165925,2462.9617414079344,6066180.539639205
"(20, 30]",24.69371562,-49.41198452,23.726014190975786,-24.736635680124763,11,behavior_185,24.675348839875234,2495.670502388673,6228371.256492931
"(30, 40]",35.72890237,-46.307643205,34.87035302281723,-24.50666190060104,9,behavior_185,21.80098130439896,1970.118889572191,3881368.439049163
"(40, 50]",45.949939150000006,-37.711282205,45.28997343772488,-22.87958216334062,9,behavior_185,14.831700041659385,1147.9632841226771,1317819.7016937223
"(50, 60]",52.560148515,-25.18428898,55.49466054755884,-20.561659213760876,10,behavior_185,4.622629766239125,312.8344892496154,97865.41766406773
"(60, 70]",62.07117996,-18.12660637,61.29361517393866,-18.57857315102444,2,behavior_185,-0.45196678102443855,23.565288678507372,555.3228305013877
"(-80, -70]",-71.25708173,-20.00285938,-71.0498319885632,-19.772798268546946,2,behavior_186,0.23006111145305397,8.229196716160933,67.71967859327388
"(-70, -60]",-65.61340604,-35.1199531,-64.68753737032831,-20.69147671310828,9,behavior_186,14.428476386891717,663.1769786081195,439803.7049557942
"(-60, -50]",-58.0693621,-31.43578883,-54.64329458844306,-14.897062999368028,13,behavior_186,16.53872583063197,973.7387062681729,948167.0680848152
"(-50, -40]",-43.7844094,0.441897953,-45.27226496545334,1.4105044198423253,12,behavior_186,0.9686064668423253,77.84429746298271,6059.734647505336
"(-40, -30]",-35.56805596,3.938167204,-35.48256147298714,9.689491503940062,10,behavior_186,5.751324299940062,520.7852426175081,271217.2689281767
"(-30, -20]",-24.892482045,3.1913109405,-24.929598001352613,6.414688935907934,10,behavior_186,3.223377995407934,325.4911938730411,105944.51728889762
"(-20, -10]",-14.861629965,-2.1931205695,-12.59484696936678,0.0773507172618936,17,behavior_186,2.2704712867618935,244.29392386745405,59679.52123855744
"(-10, 0]",-4.2016837085,-11.19345858,-6.458667190094619,-17.428678723820184,18,behavior_186,-6.235220143820184,692.2391782637887,479195.0799233255
"(0, 10]",4.649206505,-23.063146705,4.78171680296466,-23.28499623601501,9,behavior_186,-0.22184953101501037,24.61502997982209,605.8997009075403
"(10, 20]",14.48227294,-40.47469647,14.545747735782218,-30.26055514675356,16,behavior_186,10.214141323246437,1100.9088917062595,1212000.3878379047
"(20, 30]",24.69371562,-49.41198452,24.93569337197751,-35.67727625085749,8,behavior_186,13.734708269142509,1389.1315785907268,1929686.5426379647
"(30, 40]",35.72890237,-46.307643205,34.77995239379166,-35.68749783414649,9,behavior_186,10.620145370853507,959.7251019567345,921072.2713258645
"(40, 50]",45.949939150000006,-37.711282205,45.159984563818014,-30.05594864074122,13,behavior_186,7.6553335642587825,592.5175020258741,351076.9902069818
"(50, 60]",52.560148515,-25.18428898,54.98904132433109,-20.70530392533055,11,behavior_186,4.478985054669451,303.1133949267475,91877.7301840184
"(60, 70]",62.07117996,-18.12660637,61.29361517393866,-18.57857315102444,2,behavior_186,-0.45196678102443855,23.565288678507372,555.3228305013877
"(-80, -70]",-71.25708173,-20.00285938,-71.0498319885632,-19.772798268546946,2,behavior_187,0.23006111145305397,8.229196716160933,67.71967859327388
"(-70, -60]",-65.61340604,-35.1199531,-65.27425705485093,-23.02750485695077,9,behavior_187,12.092448243049226,555.8059683339892,308920.2744356834
"(-60, -50]",-58.0693621,-31.43578883,-54.94686993909407,-15.662445232847684,14,behavior_187,15.773343597152316,928.6758451105884,862438.8252918656
"(-50, -40]",-43.7844094,0.441897953,-43.9881057847841,3.019216903875793,15,behavior_187,2.577318950875793,207.13219448452978,42903.74599197707
"(-40, -30]",-35.56805596,3.938167204,-35.45632398896109,14.952534767226458,11,behavior_187,11.014367563226457,997.3563973349725,994719.7833049955
"(-30, -20]",-24.892482045,3.1913109405,-24.984828069821933,11.814802858026042,10,behavior_187,8.623491917526042,870.7854566199733,758267.3114608553
"(-20, -10]",-14.861629965,-2.1931205695,-14.652564197037751,7.544197328464962,10,behavior_187,9.737317897964962,1047.6977229829702,1097670.5187437006
"(-10, 0]",-4.2016837085,-11.19345858,-6.979288376567183,-7.16000440072303,25,behavior_187,4.03345417927697,447.7973419101552,200522.45942180042
"(0, 10]",4.649206505,-23.063146705,4.413503593494211,-16.311633984735664,11,behavior_187,6.751512720264337,749.1054286123891,561158.9431765513
"(10, 20]",14.48227294,-40.47469647,14.141544876140044,-17.275014160559007,11,behavior_187,23.19968230944099,2500.5270370692497,6252635.46311432
"(20, 30]",24.69371562,-49.41198452,23.845403066629533,-23.065592513987227,12,behavior_187,26.34639200601277,2664.680195625849,7100520.544960613
"(30, 40]",35.72890237,-46.307643205,34.87035302281723,-24.50666190060104,9,behavior_187,21.80098130439896,1970.118889572191,3881368.439049163
"(40, 50]",45.949939150000006,-37.711282205,45.28997343772488,-22.87958216334062,9,behavior_187,14.831700041659385,1147.9632841226771,1317819.7016937223
"(50, 60]",52.560148515,-25.18428898,55.49466054755884,-20.561659213760876,10,behavior_187,4.622629766239125,312.8344892496154,97865.41766406773
"(60, 70]",62.07117996,-18.12660637,61.29361517393866,-18.57857315102444,2,behavior_187,-0.45196678102443855,23.565288678507372,555.3228305013877
"(-80, -70]",-71.25708173,-20.00285938,-71.0498319885632,-19.772798268546946,2,behavior_188,0.23006111145305397,8.229196716160933,67.71967859327388
"(-70, -60]",-65.61340604,-35.1199531,-65.27425705485093,-23.02750485695077,9,behavior_188,12.092448243049226,555.8059683339892,308920.2744356834
"(-60, -50]",-58.0693621,-31.43578883,-55.04703568657949,-13.111796265504166,15,behavior_188,18.323992564495832,1078.8485761323,1163914.250222691
"(-50, -40]",-43.7844094,0.441897953,-45.050822950890456,3.507878096956534,11,behavior_188,3.0659801439565344,246.40458071668314,60715.217398164415
"(-40, -30]",-35.56805596,3.938167204,-35.239463162466706,13.326311412558082,11,behavior_188,9.388144208558082,850.1010731446717,722671.8345617224
"(-30, -20]",-24.892482045,3.1913109405,-24.984828069821933,11.814802858026042,10,behavior_188,8.623491917526042,870.7854566199733,758267.3114608553
"(-20, -10]",-14.861629965,-2.1931205695,-14.652564197037751,7.544197328464962,10,behavior_188,9.737317897964962,1047.6977229829702,1097670.5187437006
"(-10, 0]",-4.2016837085,-11.19345858,-6.979288376567183,-7.16000440072303,25,behavior_188,4.03345417927697,447.7973419101552,200522.45942180042
"(0, 10]",4.649206505,-23.063146705,4.413503593494211,-16.311633984735664,11,behavior_188,6.751512720264337,749.1054286123891,561158.9431765513
"(10, 20]",14.48227294,-40.47469647,14.141544876140044,-17.275014160559007,11,behavior_188,23.19968230944099,2500.5270370692497,6252635.46311432
"(20, 30]",24.69371562,-49.41198452,23.845403066629533,-23.065592513987227,12,behavior_188,26.34639200601277,2664.680195625849,7100520.544960613
"(30, 40]",35.72890237,-46.307643205,34.87035302281723,-24.50666190060104,9,behavior_188,21.80098130439896,1970.118889572191,3881368.439049163
"(40, 50]",45.949939150000006,-37.711282205,45.28997343772488,-22.87958216334062,9,behavior_188,14.831700041659385,1147.9632841226771,1317819.7016937223
"(50, 60]",52.560148515,-25.18428898,55.49466054755884,-20.561659213760876,10,behavior_188,4.622629766239125,312.8344892496154,97865.41766406773
"(60, 70]",62.07117996,-18.12660637,61.29361517393866,-18.57857315102444,2,behavior_188,-0.45196678102443855,23.565288678507372,555.3228305013877
"(-80, -70]",-71.25708173,-20.00285938,-71.0498319885632,-19.772798268546946,2,behavior_189,0.23006111145305397,8.229196716160933,67.71967859327388
"(-70, -60]",-65.61340604,-35.1199531,-64.68753737032831,-20.69147671310828,9,behavior_189,14.428476386891717,663.1769786081195,439803.7049557942
"(-60, -50]",-58.0693621,-31.43578883,-54.72148103306775,-12.366127925490392,14,behavior_189,19.069660904509607,1122.7507565146204,1260569.2612541525
"(-50, -40]",-43.7844094,0.441897953,-45.050822950890456,3.507878096956534,11,behavior_189,3.0659801439565344,246.40458071668314,60715.217398164415
"(-40, -30]",-35.56805596,3.938167204,-35.239463162466706,13.245081400630514,11,behavior_189,9.306914196630515,842.7456556332716,710220.2400887527
"(-30, -20]",-24.892482045,3.1913109405,-24.786900530126708,10.658332429377145,10,behavior_189,7.467021488877145,754.0070517800658,568526.6341340669
"(-20, -10]",-14.861629965,-2.1931205695,-13.03708100159824,1.6672427409498518,20,behavior_189,3.860363310449852,415.3601528292082,172524.0565583032
"(-10, 0]",-4.2016837085,-11.19345858,-7.216948295522931,-16.148376703615938,15,behavior_189,-4.954918123615938,550.0990135297407,302608.9246863938
"(0, 10]",4.649206505,-23.063146705,5.032609342962526,-18.000221875057086,10,behavior_189,5.062924829942915,561.7503264687922,315563.4292877946
"(10, 20]",14.48227294,-40.47469647,14.655558162555813,-17.456304697803922,10,behavior_189,23.018391772196075,2480.9870328614657,6155296.657226739
"(20, 30]",24.69371562,-49.41198452,23.845403066629533,-23.065592513987227,12,behavior_189,26.34639200601277,2664.680195625849,7100520.544960613
"(30, 40]",35.72890237,-46.307643205,34.87035302281723,-24.50666190060104,9,behavior_189,21.80098130439896,1970.118889572191,3881368.439049163
"(40, 50]",45.949939150000006,-37.711282205,45.28997343772488,-22.87958216334062,9,behavior_189,14.831700041659385,1147.9632841226771,1317819.7016937223
"(50, 60]",52.560148515,-25.18428898,55.49466054755884,-20.561659213760876,10,behavior_189,4.622629766239125,312.8344892496154,97865.41766406773
"(60, 70]",62.07117996,-18.12660637,61.29361517393866,-18.57857315102444,2,behavior_189,-0.45196678102443855,23.565288678507372,555.3228305013877
"(-80, -70]",-71.25708173,-20.00285938,-71.0498319885632,-19.772798268546946,2,behavior_190,0.23006111145305397,8.229196716160933,67.71967859327388
"(-70, -60]",-65.61340604,-35.1199531,-64.68753737032831,-20.69147671310828,9,behavior_190,14.428476386891717,663.1769786081195,439803.7049557942
"(-60, -50]",-58.0693621,-31.43578883,-54.72148103306775,-12.366127925490392,14,behavior_190,19.069660904509607,1122.7507565146204,1260569.2612541525
"(-50, -40]",-43.7844094,0.441897953,-45.050822950890456,3.507878096956534,11,behavior_190,3.0659801439565344,246.40458071668314,60715.217398164415
"(-40, -30]",-35.56805596,3.938167204,-35.239463162466706,12.528509540092449,11,behavior_190,8.590342336092448,777.8597214064212,605065.7461864752
"(-30, -20]",-24.892482045,3.1913109405,-24.576406504230775,9.50564982720364,10,behavior_190,6.3143388867036405,637.6111351756107,406547.95969993086
"(-20, -10]",-14.861629965,-2.1931205695,-12.89133315043664,1.1373220675733666,19,behavior_190,3.3304426370733666,358.34273913521974,128409.51869093215
"(-10, 0]",-4.2016837085,-11.19345858,-6.458667190094619,-17.428678723820184,18,behavior_190,-6.235220143820184,692.2391782637887,479195.0799233255
"(0, 10]",4.649206505,-23.063146705,4.78171680296466,-23.28499623601501,9,behavior_190,-0.22184953101501037,24.61502997982209,605.8997009075403
"(10, 20]",14.48227294,-40.47469647,14.99624397025288,-29.235638715354092,16,behavior_190,11.239057754645906,1211.3772685257115,1467434.886700814
"(20, 30]",24.69371562,-49.41198452,24.93569337197751,-35.67727625085749,8,behavior_190,13.734708269142509,1389.1315785907268,1929686.5426379647
"(30, 40]",35.72890237,-46.307643205,34.77995239379166,-35.68749783414649,9,behavior_190,10.620145370853507,959.7251019567345,921072.2713258645
"(40, 50]",45.949939150000006,-37.711282205,45.159984563818014,-30.05594864074122,13,behavior_190,7.6553335642587825,592.5175020258741,351076.9902069818
"(50, 60]",52.560148515,-25.18428898,54.98904132433109,-20.70530392533055,11,behavior_190,4.478985054669451,303.1133949267475,91877.7301840184
"(60, 70]",62.07117996,-18.12660637,61.29361517393866,-18.57857315102444,2,behavior_190,-0.45196678102443855,23.565288678507372,555.3228305013877
"(-80, -70]",-71.25708173,-20.00285938,-71.35777604351465,-21.28495770392704,2,behavior_191,-1.2820983239270412,45.86015972199107,2103.154249726532
"(-70, -60]",-65.61340604,-35.1199531,-65.27425705485093,-23.02750485695077,9,behavior_191,12.092448243049226,555.8059683339892,308920.2744356834
"(-60, -50]",-58.0693621,-31.43578883,-55.04703568657949,-13.111796265504166,15,behavior_191,18.323992564495832,1078.8485761323,1163914.250222691
"(-50, -40]",-43.7844094,0.441897953,-45.050822950890456,3.507878096956534,11,behavior_191,3.0659801439565344,246.40458071668314,60715.217398164415
"(-40, -30]",-35.56805596,3.938167204,-35.239463162466706,13.326311412558082,11,behavior_191,9.388144208558082,850.1010731446717,722671.8345617224
"(-30, -20]",-24.892482045,3.1913109405,-24.984828069821933,11.814802858026042,10,behavior_191,8.623491917526042,870.7854566199733,758267.3114608553
"(-20, -10]",-14.861629965,-2.1931205695,-13.18282885275984,2.197163414326337,21,behavior_191,4.390283983826337,472.3775665231966,223140.56535437703
"(-10, 0]",-4.2016837085,-11.19345858,-6.965645148298346,-16.573399200492055,16,behavior_191,-5.3799406204920555,597.2853545401298,356749.79474812857
"(0, 10]",4.649206505,-23.063146705,5.132329132327315,-19.72400666769007,10,behavior_191,3.3391400373099316,370.48999720286554,137262.8380273793
"(10, 20]",14.48227294,-40.47469647,14.889857017366243,-19.72878865935555,10,behavior_191,20.745907810644447,2236.0523173178112,4999929.965782354
"(20, 30]",24.69371562,-49.41198452,24.18625499623776,-23.571176528296714,11,behavior_191,25.840807991703283,2613.545311204178,6830619.093717342
"(30, 40]",35.72890237,-46.307643205,34.87035302281723,-24.50666190060104,9,behavior_191,21.80098130439896,1970.118889572191,3881368.439049163
"(40, 50]",45.949939150000006,-37.711282205,45.28997343772488,-22.87958216334062,9,behavior_191,14.831700041659385,1147.9632841226771,1317819.7016937223
"(50, 60]",52.560148515,-25.18428898,55.49466054755884,-20.561659213760876,10,behavior_191,4.622629766239125,312.8344892496154,97865.41766406773
"(60, 70]",62.07117996,-18.12660637,61.29361517393866,-18.57857315102444,2,behavior_191,-0.45196678102443855,23.565288678507372,555.3228305013877
"(-80, -70]",-71.25708173,-20.00285938,-71.35777604351465,-21.28495770392704,2,behavior_192,-1.2820983239270412,45.86015972199107,2103.154249726532
"(-70, -60]",-65.61340604,-35.1199531,-65.27425705485093,-23.02750485695077,9,behavior_192,12.092448243049226,555.8059683339892,308920.2744356834
"(-60, -50]",-58.0693621,-31.43578883,-55.04703568657949,-13.111796265504166,15,behavior_192,18.323992564495832,1078.8485761323,1163914.250222691
"(-50, -40]",-43.7844094,0.441897953,-45.050822950890456,3.507878096956534,11,behavior_192,3.0659801439565344,246.40458071668314,60715.217398164415
"(-40, -30]",-35.56805596,3.938167204,-35.239463162466706,13.245081400630514,11,behavior_192,9.306914196630515,842.7456556332716,710220.2400887527
"(-30, -20]",-24.892482045,3.1913109405,-24.786900530126708,10.658332429377145,10,behavior_192,7.467021488877145,754.0070517800658,568526.6341340669
"(-20, -10]",-14.861629965,-2.1931205695,-13.03708100159824,1.6672427409498518,20,behavior_192,3.860363310449852,415.3601528292082,172524.0565583032
"(-10, 0]",-4.2016837085,-11.19345858,-6.714342001073763,-16.99842169736817,17,behavior_192,-5.804963117368169,644.4716955505186,415343.7663657603
"(0, 10]",4.649206505,-23.063146705,4.985602237459087,-21.936502297455817,10,behavior_192,1.126644407544184,125.00538424136947,15626.346089332423
"(10, 20]",14.48227294,-40.47469647,15.109640620583349,-21.693778063303174,10,behavior_192,18.780918406696824,2024.2602304009101,4097629.4803827456
"(20, 30]",24.69371562,-49.41198452,24.060430163209567,-24.99052446872266,10,behavior_192,24.421460051277336,2469.992131448399,6100861.129417005
"(30, 40]",35.72890237,-46.307643205,34.87035302281723,-24.50666190060104,9,behavior_192,21.80098130439896,1970.118889572191,3881368.439049163
"(40, 50]",45.949939150000006,-37.711282205,45.28997343772488,-22.87958216334062,9,behavior_192,14.831700041659385,1147.9632841226771,1317819.7016937223
"(50, 60]",52.560148515,-25.18428898,55.49466054755884,-20.561659213760876,10,behavior_192,4.622629766239125,312.8344892496154,97865.41766406773
"(60, 70]",62.07117996,-18.12660637,61.29361517393866,-18.57857315102444,2,behavior_192,-0.45196678102443855,23.565288678507372,555.3228305013877
"(-80, -70]",-71.25708173,-20.00285938,-71.0498319885632,-19.772798268546946,2,behavior_193,0.23006111145305397,8.229196716160933,67.71967859327388
"(-70, -60]",-65.61340604,-35.1199531,-64.68753737032831,-20.69147671310828,9,behavior_193,14.428476386891717,663.1769786081195,439803.7049557942
"(-60, -50]",-58.0693621,-31.43578883,-54.72148103306775,-12.366127925490392,14,behavior_193,19.069660904509607,1122.7507565146204,1260569.2612541525
"(-50, -40]",-43.7844094,0.441897953,-45.050822950890456,3.507878096956534,11,behavior_193,3.0659801439565344,246.40458071668314,60715.217398164415
"(-40, -30]",-35.56805596,3.938167204,-35.239463162466706,13.245081400630514,11,behavior_193,9.306914196630515,842.7456556332716,710220.2400887527
"(-30, -20]",-24.892482045,3.1913109405,-24.786900530126708,10.658332429377145,10,behavior_193,7.467021488877145,754.0070517800658,568526.6341340669
"(-20, -10]",-14.861629965,-2.1931205695,-13.03708100159824,1.6672427409498518,20,behavior_193,3.860363310449852,415.3601528292082,172524.0565583032
"(-10, 0]",-4.2016837085,-11.19345858,-6.458667190094619,-17.428678723820184,18,behavior_193,-6.235220143820184,692.2391782637887,479195.0799233255
"(0, 10]",4.649206505,-23.063146705,4.316080377692295,-25.11907780810981,10,behavior_193,-2.0559311031098098,228.11319684995235,52035.63057710511
"(10, 20]",14.48227294,-40.47469647,15.74748854439343,-28.67761814881068,15,behavior_193,11.797078321189318,1271.5222953097496,1616768.947469774
"(20, 30]",24.69371562,-49.41198452,24.93569337197751,-35.67727625085749,8,behavior_193,13.734708269142509,1389.1315785907268,1929686.5426379647
"(30, 40]",35.72890237,-46.307643205,34.77995239379166,-35.68749783414649,9,behavior_193,10.620145370853507,959.7251019567345,921072.2713258645
"(40, 50]",45.949939150000006,-37.711282205,45.159984563818014,-30.05594864074122,13,behavior_193,7.6553335642587825,592.5175020258741,351076.9902069818
"(50, 60]",52.560148515,-25.18428898,54.98904132433109,-20.70530392533055,11,behavior_193,4.478985054669451,303.1133949267475,91877.7301840184
"(60, 70]",62.07117996,-18.12660637,61.29361517393866,-18.57857315102444,2,behavior_193,-0.45196678102443855,23.565288678507372,555.3228305013877
"(-80, -70]",-71.25708173,-20.00285938,-71.35777604351465,-21.28495770392704,2,behavior_194,-1.2820983239270412,45.86015972199107,2103.154249726532
"(-70, -60]",-65.61340604,-35.1199531,-65.27425705485093,-23.02750485695077,9,behavior_194,12.092448243049226,555.8059683339892,308920.2744356834
"(-60, -50]",-58.0693621,-31.43578883,-55.04703568657949,-13.111796265504166,15,behavior_194,18.323992564495832,1078.8485761323,1163914.250222691
"(-50, -40]",-43.7844094,0.441897953,-45.050822950890456,3.507878096956534,11,behavior_194,3.0659801439565344,246.40458071668314,60715.217398164415
"(-40, -30]",-35.56805596,3.938167204,-35.239463162466706,13.245081400630514,11,behavior_194,9.306914196630515,842.7456556332716,710220.2400887527
"(-30, -20]",-24.892482045,3.1913109405,-24.786900530126708,10.658332429377145,10,behavior_194,7.467021488877145,754.0070517800658,568526.6341340669
"(-20, -10]",-14.861629965,-2.1931205695,-13.03708100159824,1.6672427409498518,20,behavior_194,3.860363310449852,415.3601528292082,172524.0565583032
"(-10, 0]",-4.2016837085,-11.19345858,-6.714342001073763,-16.99842169736817,17,behavior_194,-5.804963117368169,644.4716955505186,415343.7663657603
"(0, 10]",4.649206505,-23.063146705,4.736764441517248,-22.381112056004326,10,behavior_194,0.6820346489956748,75.67427911835465,5726.596520082646
"(10, 20]",14.48227294,-40.47469647,15.109640620583349,-21.693778063303174,10,behavior_194,18.780918406696824,2024.2602304009101,4097629.4803827456
"(20, 30]",24.69371562,-49.41198452,24.52553701951568,-24.0849211649942,10,behavior_194,25.327063355005798,2561.5850595422285,6561718.0172699625
"(30, 40]",35.72890237,-46.307643205,34.87035302281723,-24.50666190060104,9,behavior_194,21.80098130439896,1970.118889572191,3881368.439049163
"(40, 50]",45.949939150000006,-37.711282205,45.28997343772488,-22.87958216334062,9,behavior_194,14.831700041659385,1147.9632841226771,1317819.7016937223
"(50, 60]",52.560148515,-25.18428898,55.49466054755884,-20.561659213760876,10,behavior_194,4.622629766239125,312.8344892496154,97865.41766406773
"(60, 70]",62.07117996,-18.12660637,61.29361517393866,-18.57857315102444,2,behavior_194,-0.45196678102443855,23.565288678507372,555.3228305013877
"(-80, -70]",-71.25708173,-20.00285938,-71.0498319885632,-19.772798268546946,2,behavior_195,0.23006111145305397,8.229196716160933,67.71967859327388
"(-70, -60]",-65.61340604,-35.1199531,-64.68753737032831,-20.69147671310828,9,behavior_195,14.428476386891717,663.1769786081195,439803.7049557942
"(-60, -50]",-58.0693621,-31.43578883,-54.72148103306775,-12.366127925490392,14,behavior_195,19.069660904509607,1122.7507565146204,1260569.2612541525
"(-50, -40]",-43.7844094,0.441897953,-45.050822950890456,3.507878096956534,11,behavior_195,3.0659801439565344,246.40458071668314,60715.217398164415
"(-40, -30]",-35.56805596,3.938167204,-35.239463162466706,13.245081400630514,11,behavior_195,9.306914196630515,842.7456556332716,710220.2400887527
"(-30, -20]",-24.892482045,3.1913109405,-24.786900530126708,10.658332429377145,10,behavior_195,7.467021488877145,754.0070517800658,568526.6341340669
"(-20, -10]",-14.861629965,-2.1931205695,-13.03708100159824,1.6672427409498518,20,behavior_195,3.860363310449852,415.3601528292082,172524.0565583032
"(-10, 0]",-4.2016837085,-11.19345858,-6.714342001073763,-16.99842169736817,17,behavior_195,-5.804963117368169,644.4716955505186,415343.7663657603
"(0, 10]",4.649206505,-23.063146705,4.736764441517248,-22.381112056004326,10,behavior_195,0.6820346489956748,75.67427911835465,5726.596520082646
"(10, 20]",14.48227294,-40.47469647,15.109640620583349,-21.693778063303174,10,behavior_195,18.780918406696824,2024.2602304009101,4097629.4803827456
"(20, 30]",24.69371562,-49.41198452,24.52553701951568,-24.0849211649942,10,behavior_195,25.327063355005798,2561.5850595422285,6561718.0172699625
"(30, 40]",35.72890237,-46.307643205,34.87035302281723,-24.50666190060104,9,behavior_195,21.80098130439896,1970.118889572191,3881368.439049163
"(40, 50]",45.949939150000006,-37.711282205,45.28997343772488,-22.87958216334062,9,behavior_195,14.831700041659385,1147.9632841226771,1317819.7016937223
"(50, 60]",52.560148515,-25.18428898,55.49466054755884,-20.561659213760876,10,behavior_195,4.622629766239125,312.8344892496154,97865.41766406773
"(60, 70]",62.07117996,-18.12660637,61.29361517393866,-18.57857315102444,2,behavior_195,-0.45196678102443855,23.565288678507372,555.3228305013877
"(-80, -70]",-71.25708173,-20.00285938,-71.0498319885632,-19.772798268546946,2,behavior_196,0.23006111145305397,8.229196716160933,67.71967859327388
"(-70, -60]",-65.61340604,-35.1199531,-64.68753737032831,-20.69147671310828,9,behavior_196,14.428476386891717,663.1769786081195,439803.7049557942
"(-60, -50]",-58.0693621,-31.43578883,-54.72148103306775,-12.366127925490392,14,behavior_196,19.069660904509607,1122.7507565146204,1260569.2612541525
"(-50, -40]",-43.7844094,0.441897953,-45.050822950890456,3.507878096956534,11,behavior_196,3.0659801439565344,246.40458071668314,60715.217398164415
"(-40, -30]",-35.56805596,3.938167204,-35.239463162466706,13.245081400630514,11,behavior_196,9.306914196630515,842.7456556332716,710220.2400887527
"(-30, -20]",-24.892482045,3.1913109405,-24.786900530126708,10.658332429377145,10,behavior_196,7.467021488877145,754.0070517800658,568526.6341340669
"(-20, -10]",-14.861629965,-2.1931205695,-13.03708100159824,1.6672427409498518,20,behavior_196,3.860363310449852,415.3601528292082,172524.0565583032
"(-10, 0]",-4.2016837085,-11.19345858,-6.714342001073763,-16.99842169736817,17,behavior_196,-5.804963117368169,644.4716955505186,415343.7663657603
"(0, 10]",4.649206505,-23.063146705,4.736764441517248,-22.381112056004326,10,behavior_196,0.6820346489956748,75.67427911835465,5726.596520082646
"(10, 20]",14.48227294,-40.47469647,15.109640620583349,-21.693778063303174,10,behavior_196,18.780918406696824,2024.2602304009101,4097629.4803827456
"(20, 30]",24.69371562,-49.41198452,24.52553701951568,-24.0849211649942,10,behavior_196,25.327063355005798,2561.5850595422285,6561718.0172699625
"(30, 40]",35.72890237,-46.307643205,34.87035302281723,-24.50666190060104,9,behavior_196,21.80098130439896,1970.118889572191,3881368.439049163
"(40, 50]",45.949939150000006,-37.711282205,45.28997343772488,-22.87958216334062,9,behavior_196,14.831700041659385,1147.9632841226771,1317819.7016937223
"(50, 60]",52.560148515,-25.18428898,55.49466054755884,-20.561659213760876,10,behavior_196,4.622629766239125,312.8344892496154,97865.41766406773
"(60, 70]",62.07117996,-18.12660637,61.29361517393866,-18.57857315102444,2,behavior_196,-0.45196678102443855,23.565288678507372,555.3228305013877
"(-80, -70]",-71.25708173,-20.00285938,-71.0498319885632,-19.772798268546946,2,behavior_197,0.23006111145305397,8.229196716160933,67.71967859327388
"(-70, -60]",-65.61340604,-35.1199531,-65.27425705485093,-23.02750485695077,9,behavior_197,12.092448243049226,555.8059683339892,308920.2744356834
"(-60, -50]",-58.0693621,-31.43578883,-54.94686993909407,-15.662445232847684,14,behavior_197,15.773343597152316,928.6758451105884,862438.8252918656
"(-50, -40]",-43.7844094,0.441897953,-44.847590448995575,1.957400310855317,13,behavior_197,1.515502357855317,121.79684979322491,14834.47261955339
"(-40, -30]",-35.56805596,3.938167204,-35.239463162466706,13.326311412558082,11,behavior_197,9.388144208558082,850.1010731446717,722671.8345617224
"(-30, -20]",-24.892482045,3.1913109405,-24.984828069821933,11.814802858026042,10,behavior_197,8.623491917526042,870.7854566199733,758267.3114608553
"(-20, -10]",-14.861629965,-2.1931205695,-15.555668143866598,4.473218904823931,14,behavior_197,6.66633947432393,717.2723291020774,514479.5940955188
"(-10, 0]",-4.2016837085,-11.19345858,-5.773538360676713,-8.36362887114899,21,behavior_197,2.82982970885101,314.1699807059727,98702.77677679126
"(0, 10]",4.649206505,-23.063146705,4.413503593494211,-16.311633984735664,11,behavior_197,6.751512720264337,749.1054286123891,561158.9431765513
"(10, 20]",14.48227294,-40.47469647,14.655558162555813,-17.456304697803922,12,behavior_197,23.018391772196075,2480.9870328614657,6155296.657226739
"(20, 30]",24.69371562,-49.41198452,24.060430163209567,-25.252392201387252,12,behavior_197,24.159592318612745,2443.5067682553845,5970725.326509873
"(30, 40]",35.72890237,-46.307643205,35.069921981827754,-26.992114024847847,9,behavior_197,19.31552918015215,1745.512661497589,3046814.451448397
"(40, 50]",45.949939150000006,-37.711282205,45.51856631983576,-25.72161870169857,9,behavior_197,11.989663503301433,927.9916295580516,861168.4645298081
"(50, 60]",52.560148515,-25.18428898,54.98904132433109,-20.70530392533055,11,behavior_197,4.478985054669451,303.1133949267475,91877.7301840184
"(60, 70]",62.07117996,-18.12660637,61.29361517393866,-18.57857315102444,2,behavior_197,-0.45196678102443855,23.565288678507372,555.3228305013877
"(-80, -70]",-71.25708173,-20.00285938,-71.0498319885632,-19.772798268546946,2,behavior_198,0.23006111145305397,8.229196716160933,67.71967859327388
"(-70, -60]",-65.61340604,-35.1199531,-65.27425705485093,-23.02750485695077,9,behavior_198,12.092448243049226,555.8059683339892,308920.2744356834
"(-60, -50]",-58.0693621,-31.43578883,-55.04703568657949,-13.111796265504166,15,behavior_198,18.323992564495832,1078.8485761323,1163914.250222691
"(-50, -40]",-43.7844094,0.441897953,-45.050822950890456,3.507878096956534,11,behavior_198,3.0659801439565344,246.40458071668314,60715.217398164415
"(-40, -30]",-35.56805596,3.938167204,-35.239463162466706,13.326311412558082,11,behavior_198,9.388144208558082,850.1010731446717,722671.8345617224
"(-30, -20]",-24.892482045,3.1913109405,-24.984828069821933,11.814802858026042,10,behavior_198,8.623491917526042,870.7854566199733,758267.3114608553
"(-20, -10]",-14.861629965,-2.1931205695,-13.18282885275984,2.197163414326337,21,behavior_198,4.390283983826337,472.3775665231966,223140.56535437703
"(-10, 0]",-4.2016837085,-11.19345858,-6.656196844526108,-15.32845226080132,15,behavior_198,-4.134993680801321,459.0703394106839,210745.57652664054
"(0, 10]",4.649206505,-23.063146705,5.032609342962526,-18.000221875057086,10,behavior_198,5.062924829942915,561.7503264687922,315563.4292877946
"(10, 20]",14.48227294,-40.47469647,15.811374191682509,-18.56360811344229,13,behavior_198,21.91108835655771,2361.638755065606,5577337.609427825
"(20, 30]",24.69371562,-49.41198452,23.891811558865662,-30.63908009991632,12,behavior_198,18.772904420083677,1898.6959053504372,3605046.1409945167
"(30, 40]",35.72890237,-46.307643205,35.27325802241342,-30.731050147080417,8,behavior_198,15.576593057919581,1407.6311423832244,1981425.4330071013
"(40, 50]",45.949939150000006,-37.711282205,45.67601936803361,-28.57970108719106,11,behavior_198,9.131581117808942,706.7780375674158,499535.19438764744
"(50, 60]",52.560148515,-25.18428898,54.98904132433109,-20.70530392533055,11,behavior_198,4.478985054669451,303.1133949267475,91877.7301840184
"(60, 70]",62.07117996,-18.12660637,61.29361517393866,-18.57857315102444,2,behavior_198,-0.45196678102443855,23.565288678507372,555.3228305013877
"(-80, -70]",-71.25708173,-20.00285938,-71.0498319885632,-19.772798268546946,2,behavior_199,0.23006111145305397,8.229196716160933,67.71967859327388
"(-70, -60]",-65.61340604,-35.1199531,-64.68753737032831,-20.69147671310828,9,behavior_199,14.428476386891717,663.1769786081195,439803.7049557942
"(-60, -50]",-58.0693621,-31.43578883,-54.72148103306775,-12.366127925490392,14,behavior_199,19.069660904509607,1122.7507565146204,1260569.2612541525
"(-50, -40]",-43.7844094,0.441897953,-45.050822950890456,3.507878096956534,11,behavior_199,3.0659801439565344,246.40458071668314,60715.217398164415
"(-40, -30]",-35.56805596,3.938167204,-35.239463162466706,13.245081400630514,11,behavior_199,9.306914196630515,842.7456556332716,710220.2400887527
"(-30, -20]",-24.892482045,3.1913109405,-24.786900530126708,10.658332429377145,10,behavior_199,7.467021488877145,754.0070517800658,568526.6341340669
"(-20, -10]",-14.861629965,-2.1931205695,-13.03708100159824,1.6672427409498518,20,behavior_199,3.860363310449852,415.3601528292082,172524.0565583032
"(-10, 0]",-4.2016837085,-11.19345858,-6.458667190094619,-17.428678723820184,18,behavior_199,-6.235220143820184,692.2391782637887,479195.0799233255
"(0, 10]",4.649206505,-23.063146705,5.41570653772891,-25.124170514542257,12,behavior_199,-2.061023809542256,228.67825155590353,52293.742734665095
"(10, 20]",14.48227294,-40.47469647,14.39467568717576,-37.16616170123163,16,behavior_199,3.308534768768368,356.6031867178748,127165.83277734347
"(20, 30]",24.69371562,-49.41198452,24.908117070965226,-43.14499167465892,9,behavior_199,6.266992845341079,633.8451093150857,401759.6226026529
"(30, 40]",35.72890237,-46.307643205,35.625671492925974,-43.913612586517644,10,behavior_199,2.394030618482354,216.34461668634108,46804.993169159854
"(40, 50]",45.949939150000006,-37.711282205,44.624609672743446,-31.50698576726098,15,behavior_199,6.204296437739025,480.20823603041714,230599.9499514448
"(50, 60]",52.560148515,-25.18428898,54.98904132433109,-20.70530392533055,11,behavior_199,4.478985054669451,303.1133949267475,91877.7301840184
"(60, 70]",62.07117996,-18.12660637,61.29361517393866,-18.57857315102444,2,behavior_199,-0.45196678102443855,23.565288678507372,555.3228305013877
"(-80, -70]",-71.25708173,-20.00285938,-71.0498319885632,-19.772798268546946,2,behavior_200,0.23006111145305397,8.229196716160933,67.71967859327388
"(-70, -60]",-65.61340604,-35.1199531,-64.68753737032831,-20.69147671310828,9,behavior_200,14.428476386891717,663.1769786081195,439803.7049557942
"(-60, -50]",-58.0693621,-31.43578883,-54.72148103306775,-12.366127925490392,14,behavior_200,19.069660904509607,1122.7507565146204,1260569.2612541525
"(-50, -40]",-43.7844094,0.441897953,-45.050822950890456,3.507878096956534,11,behavior_200,3.0659801439565344,246.40458071668314,60715.217398164415
"(-40, -30]",-35.56805596,3.938167204,-35.239463162466706,12.528509540092449,11,behavior_200,8.590342336092448,777.8597214064212,605065.7461864752
"(-30, -20]",-24.892482045,3.1913109405,-24.576406504230775,9.50564982720364,10,behavior_200,6.3143388867036405,637.6111351756107,406547.95969993086
"(-20, -10]",-14.861629965,-2.1931205695,-12.89133315043664,1.1373220675733666,19,behavior_200,3.3304426370733666,358.34273913521974,128409.51869093215
"(-10, 0]",-4.2016837085,-11.19345858,-6.458667190094619,-17.428678723820184,18,behavior_200,-6.235220143820184,692.2391782637887,479195.0799233255
"(0, 10]",4.649206505,-23.063146705,5.41570653772891,-25.124170514542257,12,behavior_200,-2.061023809542256,228.67825155590353,52293.742734665095
"(10, 20]",14.48227294,-40.47469647,14.39467568717576,-37.16616170123163,16,behavior_200,3.308534768768368,356.6031867178748,127165.83277734347
"(20, 30]",24.69371562,-49.41198452,24.908117070965226,-43.14499167465892,9,behavior_200,6.266992845341079,633.8451093150857,401759.6226026529
"(30, 40]",35.72890237,-46.307643205,35.625671492925974,-43.913612586517644,10,behavior_200,2.394030618482354,216.34461668634108,46804.993169159854
"(40, 50]",45.949939150000006,-37.711282205,44.624609672743446,-31.50698576726098,15,behavior_200,6.204296437739025,480.20823603041714,230599.9499514448
"(50, 60]",52.560148515,-25.18428898,54.98904132433109,-20.70530392533055,11,behavior_200,4.478985054669451,303.1133949267475,91877.7301840184
"(60, 70]",62.07117996,-18.12660637,61.29361517393866,-18.57857315102444,2,behavior_200,-0.45196678102443855,23.565288678507372,555.3228305013877
"(-80, -70]",-71.25708173,-20.00285938,-71.35777604351465,-21.28495770392704,2,behavior_201,-1.2820983239270412,45.86015972199107,2103.154249726532
"(-70, -60]",-65.61340604,-35.1199531,-65.27425705485093,-23.02750485695077,9,behavior_201,12.092448243049226,555.8059683339892,308920.2744356834
"(-60, -50]",-58.0693621,-31.43578883,-55.04703568657949,-13.111796265504166,15,behavior_201,18.323992564495832,1078.8485761323,1163914.250222691
"(-50, -40]",-43.7844094,0.441897953,-45.050822950890456,3.507878096956534,11,behavior_201,3.0659801439565344,246.40458071668314,60715.217398164415
"(-40, -30]",-35.56805596,3.938167204,-35.239463162466706,13.326311412558082,11,behavior_201,9.388144208558082,850.1010731446717,722671.8345617224
"(-30, -20]",-24.892482045,3.1913109405,-24.984828069821933,11.814802858026042,10,behavior_201,8.623491917526042,870.7854566199733,758267.3114608553
"(-20, -10]",-14.861629965,-2.1931205695,-13.18282885275984,2.197163414326337,21,behavior_201,4.390283983826337,472.3775665231966,223140.56535437703
"(-10, 0]",-4.2016837085,-11.19345858,-6.458667190094619,-17.428678723820184,18,behavior_201,-6.235220143820184,692.2391782637887,479195.0799233255
"(0, 10]",4.649206505,-23.063146705,5.41570653772891,-25.124170514542257,12,behavior_201,-2.061023809542256,228.67825155590353,52293.742734665095
"(10, 20]",14.48227294,-40.47469647,14.39467568717576,-37.16616170123163,16,behavior_201,3.308534768768368,356.6031867178748,127165.83277734347
"(20, 30]",24.69371562,-49.41198452,24.87597249992735,-44.17896454581809,10,behavior_201,5.233019974181907,529.2688534101613,280125.51919010683
"(30, 40]",35.72890237,-46.307643205,36.09942345665591,-44.98370169424164,10,behavior_201,1.3239415107583596,119.64242079816316,14314.308854444744
"(40, 50]",45.949939150000006,-37.711282205,44.624609672743446,-31.50698576726098,15,behavior_201,6.204296437739025,480.20823603041714,230599.9499514448
"(50, 60]",52.560148515,-25.18428898,54.98904132433109,-20.70530392533055,11,behavior_201,4.478985054669451,303.1133949267475,91877.7301840184
"(60, 70]",62.07117996,-18.12660637,61.29361517393866,-18.57857315102444,2,behavior_201,-0.45196678102443855,23.565288678507372,555.3228305013877
"(-80, -70]",-71.25708173,-20.00285938,-71.35777604351465,-21.28495770392704,2,behavior_202,-1.2820983239270412,45.86015972199107,2103.154249726532
"(-70, -60]",-65.61340604,-35.1199531,-65.27425705485093,-23.02750485695077,9,behavior_202,12.092448243049226,555.8059683339892,308920.2744356834
"(-60, -50]",-58.0693621,-31.43578883,-55.04703568657949,-13.111796265504166,15,behavior_202,18.323992564495832,1078.8485761323,1163914.250222691
"(-50, -40]",-43.7844094,0.441897953,-45.050822950890456,3.507878096956534,11,behavior_202,3.0659801439565344,246.40458071668314,60715.217398164415
"(-40, -30]",-35.56805596,3.938167204,-35.239463162466706,13.245081400630514,11,behavior_202,9.306914196630515,842.7456556332716,710220.2400887527
"(-30, -20]",-24.892482045,3.1913109405,-24.786900530126708,10.658332429377145,10,behavior_202,7.467021488877145,754.0070517800658,568526.6341340669
"(-20, -10]",-14.861629965,-2.1931205695,-13.03708100159824,1.6672427409498518,20,behavior_202,3.860363310449852,415.3601528292082,172524.0565583032
"(-10, 0]",-4.2016837085,-11.19345858,-6.458667190094619,-17.428678723820184,18,behavior_202,-6.235220143820184,692.2391782637887,479195.0799233255
"(0, 10]",4.649206505,-23.063146705,5.41570653772891,-25.124170514542257,12,behavior_202,-2.061023809542256,228.67825155590353,52293.742734665095
"(10, 20]",14.48227294,-40.47469647,14.39467568717576,-37.16616170123163,16,behavior_202,3.308534768768368,356.6031867178748,127165.83277734347
"(20, 30]",24.69371562,-49.41198452,24.87597249992735,-44.17896454581809,10,behavior_202,5.233019974181907,529.2688534101613,280125.51919010683
"(30, 40]",35.72890237,-46.307643205,36.09942345665591,-44.98370169424164,10,behavior_202,1.3239415107583596,119.64242079816316,14314.308854444744
"(40, 50]",45.949939150000006,-37.711282205,44.624609672743446,-31.50698576726098,15,behavior_202,6.204296437739025,480.20823603041714,230599.9499514448
"(50, 60]",52.560148515,-25.18428898,54.98904132433109,-20.70530392533055,11,behavior_202,4.478985054669451,303.1133949267475,91877.7301840184
"(60, 70]",62.07117996,-18.12660637,61.29361517393866,-18.57857315102444,2,behavior_202,-0.45196678102443855,23.565288678507372,555.3228305013877
"(-80, -70]",-71.25708173,-20.00285938,-71.0498319885632,-19.772798268546946,2,behavior_203,0.23006111145305397,8.229196716160933,67.71967859327388
"(-70, -60]",-65.61340604,-35.1199531,-64.68753737032831,-20.69147671310828,9,behavior_203,14.428476386891717,663.1769786081195,439803.7049557942
"(-60, -50]",-58.0693621,-31.43578883,-54.72148103306775,-12.366127925490392,14,behavior_203,19.069660904509607,1122.7507565146204,1260569.2612541525
"(-50, -40]",-43.7844094,0.441897953,-45.050822950890456,3.507878096956534,11,behavior_203,3.0659801439565344,246.40458071668314,60715.217398164415
"(-40, -30]",-35.56805596,3.938167204,-35.239463162466706,12.528509540092449,11,behavior_203,8.590342336092448,777.8597214064212,605065.7461864752
"(-30, -20]",-24.892482045,3.1913109405,-24.576406504230775,9.50564982720364,10,behavior_203,6.3143388867036405,637.6111351756107,406547.95969993086
"(-20, -10]",-14.861629965,-2.1931205695,-12.89133315043664,1.1373220675733666,19,behavior_203,3.3304426370733666,358.34273913521974,128409.51869093215
"(-10, 0]",-4.2016837085,-11.19345858,-6.458667190094619,-17.428678723820184,18,behavior_203,-6.235220143820184,692.2391782637887,479195.0799233255
"(0, 10]",4.649206505,-23.063146705,5.41570653772891,-25.124170514542257,12,behavior_203,-2.061023809542256,228.67825155590353,52293.742734665095
"(10, 20]",14.48227294,-40.47469647,14.39467568717576,-37.16616170123163,16,behavior_203,3.308534768768368,356.6031867178748,127165.83277734347
"(20, 30]",24.69371562,-49.41198452,24.87597249992735,-44.17896454581809,10,behavior_203,5.233019974181907,529.2688534101613,280125.51919010683
"(30, 40]",35.72890237,-46.307643205,36.09942345665591,-44.98370169424164,10,behavior_203,1.3239415107583596,119.64242079816316,14314.308854444744
"(40, 50]",45.949939150000006,-37.711282205,44.624609672743446,-31.50698576726098,15,behavior_203,6.204296437739025,480.20823603041714,230599.9499514448
"(50, 60]",52.560148515,-25.18428898,54.98904132433109,-20.70530392533055,11,behavior_203,4.478985054669451,303.1133949267475,91877.7301840184
"(60, 70]",62.07117996,-18.12660637,61.29361517393866,-18.57857315102444,2,behavior_203,-0.45196678102443855,23.565288678507372,555.3228305013877
"(-80, -70]",-71.25708173,-20.00285938,-71.35777604351465,-21.28495770392704,2,behavior_204,-1.2820983239270412,45.86015972199107,2103.154249726532
"(-70, -60]",-65.61340604,-35.1199531,-65.27425705485093,-23.02750485695077,9,behavior_204,12.092448243049226,555.8059683339892,308920.2744356834
"(-60, -50]",-58.0693621,-31.43578883,-55.04703568657949,-13.111796265504166,15,behavior_204,18.323992564495832,1078.8485761323,1163914.250222691
"(-50, -40]",-43.7844094,0.441897953,-45.050822950890456,3.507878096956534,11,behavior_204,3.0659801439565344,246.40458071668314,60715.217398164415
"(-40, -30]",-35.56805596,3.938167204,-35.239463162466706,13.245081400630514,11,behavior_204,9.306914196630515,842.7456556332716,710220.2400887527
"(-30, -20]",-24.892482045,3.1913109405,-24.786900530126708,10.658332429377145,10,behavior_204,7.467021488877145,754.0070517800658,568526.6341340669
"(-20, -10]",-14.861629965,-2.1931205695,-13.03708100159824,1.6672427409498518,20,behavior_204,3.860363310449852,415.3601528292082,172524.0565583032
"(-10, 0]",-4.2016837085,-11.19345858,-6.458667190094619,-17.428678723820184,18,behavior_204,-6.235220143820184,692.2391782637887,479195.0799233255
"(0, 10]",4.649206505,-23.063146705,4.867663292958679,-25.12162819763532,11,behavior_204,-2.0584814926353197,228.39617204644443,52164.811405469045
"(10, 20]",14.48227294,-40.47469647,15.071561241835283,-34.68841203932567,17,behavior_204,5.786284430674328,623.662017009001,388954.3114597355
"(20, 30]",24.69371562,-49.41198452,24.24586255815953,-46.15144080858767,11,behavior_204,3.260543711412325,329.7721468954831,108749.66886805609
"(30, 40]",35.72890237,-46.307643205,36.437922642644025,-46.97193623793153,11,behavior_204,-0.664293032931532,60.03107080897952,3603.7294624727133
"(40, 50]",45.949939150000006,-37.711282205,44.624609672743446,-31.50698576726098,15,behavior_204,6.204296437739025,480.20823603041714,230599.9499514448
"(50, 60]",52.560148515,-25.18428898,54.98904132433109,-20.70530392533055,11,behavior_204,4.478985054669451,303.1133949267475,91877.7301840184
"(60, 70]",62.07117996,-18.12660637,61.29361517393866,-18.57857315102444,2,behavior_204,-0.45196678102443855,23.565288678507372,555.3228305013877
"(-80, -70]",-71.25708173,-20.00285938,-71.0498319885632,-19.772798268546946,2,behavior_205,0.23006111145305397,8.229196716160933,67.71967859327388
"(-70, -60]",-65.61340604,-35.1199531,-64.68753737032831,-20.69147671310828,9,behavior_205,14.428476386891717,663.1769786081195,439803.7049557942
"(-60, -50]",-58.0693621,-31.43578883,-54.72148103306775,-12.366127925490392,14,behavior_205,19.069660904509607,1122.7507565146204,1260569.2612541525
"(-50, -40]",-43.7844094,0.441897953,-45.050822950890456,3.507878096956534,11,behavior_205,3.0659801439565344,246.40458071668314,60715.217398164415
"(-40, -30]",-35.56805596,3.938167204,-35.239463162466706,13.245081400630514,11,behavior_205,9.306914196630515,842.7456556332716,710220.2400887527
"(-30, -20]",-24.892482045,3.1913109405,-24.786900530126708,10.658332429377145,10,behavior_205,7.467021488877145,754.0070517800658,568526.6341340669
"(-20, -10]",-14.861629965,-2.1931205695,-13.03708100159824,1.6672427409498518,20,behavior_205,3.860363310449852,415.3601528292082,172524.0565583032
"(-10, 0]",-4.2016837085,-11.19345858,-6.458667190094619,-17.428678723820184,18,behavior_205,-6.235220143820184,692.2391782637887,479195.0799233255
"(0, 10]",4.649206505,-23.063146705,4.867663292958679,-25.12162819763532,11,behavior_205,-2.0584814926353197,228.39617204644443,52164.811405469045
"(10, 20]",14.48227294,-40.47469647,15.071561241835283,-34.68841203932567,17,behavior_205,5.786284430674328,623.662017009001,388954.3114597355
"(20, 30]",24.69371562,-49.41198452,24.24586255815953,-46.15144080858767,11,behavior_205,3.260543711412325,329.7721468954831,108749.66886805609
"(30, 40]",35.72890237,-46.307643205,36.437922642644025,-46.97193623793153,11,behavior_205,-0.664293032931532,60.03107080897952,3603.7294624727133
"(40, 50]",45.949939150000006,-37.711282205,44.624609672743446,-31.50698576726098,15,behavior_205,6.204296437739025,480.20823603041714,230599.9499514448
"(50, 60]",52.560148515,-25.18428898,54.98904132433109,-20.70530392533055,11,behavior_205,4.478985054669451,303.1133949267475,91877.7301840184
"(60, 70]",62.07117996,-18.12660637,61.29361517393866,-18.57857315102444,2,behavior_205,-0.45196678102443855,23.565288678507372,555.3228305013877
"(-80, -70]",-71.25708173,-20.00285938,-71.0498319885632,-19.772798268546946,2,behavior_206,0.23006111145305397,8.229196716160933,67.71967859327388
"(-70, -60]",-65.61340604,-35.1199531,-64.68753737032831,-20.69147671310828,9,behavior_206,14.428476386891717,663.1769786081195,439803.7049557942
"(-60, -50]",-58.0693621,-31.43578883,-54.72148103306775,-12.366127925490392,14,behavior_206,19.069660904509607,1122.7507565146204,1260569.2612541525
"(-50, -40]",-43.7844094,0.441897953,-45.050822950890456,3.507878096956534,11,behavior_206,3.0659801439565344,246.40458071668314,60715.217398164415
"(-40, -30]",-35.56805596,3.938167204,-35.239463162466706,13.245081400630514,11,behavior_206,9.306914196630515,842.7456556332716,710220.2400887527
"(-30, -20]",-24.892482045,3.1913109405,-24.786900530126708,10.658332429377145,10,behavior_206,7.467021488877145,754.0070517800658,568526.6341340669
"(-20, -10]",-14.861629965,-2.1931205695,-13.03708100159824,1.6672427409498518,20,behavior_206,3.860363310449852,415.3601528292082,172524.0565583032
"(-10, 0]",-4.2016837085,-11.19345858,-6.458667190094619,-17.428678723820184,18,behavior_206,-6.235220143820184,692.2391782637887,479195.0799233255
"(0, 10]",4.649206505,-23.063146705,3.871417879774121,-27.94302832222003,12,behavior_206,-4.879881617220029,541.4410017288992,293158.35835319385
"(10, 20]",14.48227294,-40.47469647,15.355162260278224,-35.1787229637397,16,behavior_206,5.295973506260296,570.8149259706562,325829.6797108857
"(20, 30]",24.69371562,-49.41198452,23.607867436964053,-48.059656573526574,12,behavior_206,1.352327946473423,136.77476202952982,18707.335528234515
"(30, 40]",35.72890237,-46.307643205,36.09699238580376,-48.280070291111485,12,behavior_206,-1.9724270861114874,178.24499761705604,31771.279175504314
"(40, 50]",45.949939150000006,-37.711282205,44.624609672743446,-31.50698576726098,15,behavior_206,6.204296437739025,480.20823603041714,230599.9499514448
"(50, 60]",52.560148515,-25.18428898,54.98904132433109,-20.70530392533055,11,behavior_206,4.478985054669451,303.1133949267475,91877.7301840184
"(60, 70]",62.07117996,-18.12660637,61.29361517393866,-18.57857315102444,2,behavior_206,-0.45196678102443855,23.565288678507372,555.3228305013877
"(-80, -70]",-71.25708173,-20.00285938,-71.0498319885632,-19.772798268546946,2,behavior_207,0.23006111145305397,8.229196716160933,67.71967859327388
"(-70, -60]",-65.61340604,-35.1199531,-65.27425705485093,-23.02750485695077,9,behavior_207,12.092448243049226,555.8059683339892,308920.2744356834
"(-60, -50]",-58.0693621,-31.43578883,-55.04703568657949,-13.111796265504166,15,behavior_207,18.323992564495832,1078.8485761323,1163914.250222691
"(-50, -40]",-43.7844094,0.441897953,-45.050822950890456,3.507878096956534,11,behavior_207,3.0659801439565344,246.40458071668314,60715.217398164415
"(-40, -30]",-35.56805596,3.938167204,-35.239463162466706,13.326311412558082,11,behavior_207,9.388144208558082,850.1010731446717,722671.8345617224
"(-30, -20]",-24.892482045,3.1913109405,-24.984828069821933,11.814802858026042,10,behavior_207,8.623491917526042,870.7854566199733,758267.3114608553
"(-20, -10]",-14.861629965,-2.1931205695,-13.18282885275984,2.197163414326337,21,behavior_207,4.390283983826337,472.3775665231966,223140.56535437703
"(-10, 0]",-4.2016837085,-11.19345858,-6.458667190094619,-17.428678723820184,18,behavior_207,-6.235220143820184,692.2391782637887,479195.0799233255
"(0, 10]",4.649206505,-23.063146705,5.963749782499141,-25.12671283144919,13,behavior_207,-2.0635661264491887,228.96033106536223,52422.83320156027
"(10, 20]",14.48227294,-40.47469647,14.462131251918734,-39.15522402798092,16,behavior_207,1.3194724420190767,142.21645244658478,20225.51934649171
"(20, 30]",24.69371562,-49.41198452,24.789971397375943,-46.215705478527056,10,behavior_207,3.196279041472941,323.2724032787167,104505.04672159725
"(30, 40]",35.72890237,-46.307643205,36.437922642644025,-46.97193623793153,11,behavior_207,-0.664293032931532,60.03107080897952,3603.7294624727133
"(40, 50]",45.949939150000006,-37.711282205,44.624609672743446,-31.50698576726098,15,behavior_207,6.204296437739025,480.20823603041714,230599.9499514448
"(50, 60]",52.560148515,-25.18428898,54.98904132433109,-20.70530392533055,11,behavior_207,4.478985054669451,303.1133949267475,91877.7301840184
"(60, 70]",62.07117996,-18.12660637,61.29361517393866,-18.57857315102444,2,behavior_207,-0.45196678102443855,23.565288678507372,555.3228305013877
"(-80, -70]",-71.25708173,-20.00285938,-71.35777604351465,-21.28495770392704,2,behavior_208,-1.2820983239270412,45.86015972199107,2103.154249726532
"(-70, -60]",-65.61340604,-35.1199531,-65.27425705485093,-23.02750485695077,9,behavior_208,12.092448243049226,555.8059683339892,308920.2744356834
"(-60, -50]",-58.0693621,-31.43578883,-55.04703568657949,-13.111796265504166,15,behavior_208,18.323992564495832,1078.8485761323,1163914.250222691
"(-50, -40]",-43.7844094,0.441897953,-45.050822950890456,3.507878096956534,11,behavior_208,3.0659801439565344,246.40458071668314,60715.217398164415
"(-40, -30]",-35.56805596,3.938167204,-35.239463162466706,13.245081400630514,11,behavior_208,9.306914196630515,842.7456556332716,710220.2400887527
"(-30, -20]",-24.892482045,3.1913109405,-24.786900530126708,10.658332429377145,10,behavior_208,7.467021488877145,754.0070517800658,568526.6341340669
"(-20, -10]",-14.861629965,-2.1931205695,-13.03708100159824,1.6672427409498518,20,behavior_208,3.860363310449852,415.3601528292082,172524.0565583032
"(-10, 0]",-4.2016837085,-11.19345858,-6.458667190094619,-17.428678723820184,18,behavior_208,-6.235220143820184,692.2391782637887,479195.0799233255
"(0, 10]",4.649206505,-23.063146705,5.963749782499141,-25.12671283144919,13,behavior_208,-2.0635661264491887,228.96033106536223,52422.83320156027
"(10, 20]",14.48227294,-40.47469647,14.462131251918734,-39.15522402798092,16,behavior_208,1.3194724420190767,142.21645244658478,20225.51934649171
"(20, 30]",24.69371562,-49.41198452,24.789971397375943,-46.215705478527056,10,behavior_208,3.196279041472941,323.2724032787167,104505.04672159725
"(30, 40]",35.72890237,-46.307643205,36.437922642644025,-46.97193623793153,11,behavior_208,-0.664293032931532,60.03107080897952,3603.7294624727133
"(40, 50]",45.949939150000006,-37.711282205,44.624609672743446,-31.50698576726098,15,behavior_208,6.204296437739025,480.20823603041714,230599.9499514448
"(50, 60]",52.560148515,-25.18428898,54.98904132433109,-20.70530392533055,11,behavior_208,4.478985054669451,303.1133949267475,91877.7301840184
"(60, 70]",62.07117996,-18.12660637,61.29361517393866,-18.57857315102444,2,behavior_208,-0.45196678102443855,23.565288678507372,555.3228305013877
"(-80, -70]",-71.25708173,-20.00285938,-71.0498319885632,-19.772798268546946,2,behavior_209,0.23006111145305397,8.229196716160933,67.71967859327388
"(-70, -60]",-65.61340604,-35.1199531,-64.68753737032831,-20.69147671310828,9,behavior_209,14.428476386891717,663.1769786081195,439803.7049557942
"(-60, -50]",-58.0693621,-31.43578883,-54.72148103306775,-12.366127925490392,14,behavior_209,19.069660904509607,1122.7507565146204,1260569.2612541525
"(-50, -40]",-43.7844094,0.441897953,-45.050822950890456,3.507878096956534,11,behavior_209,3.0659801439565344,246.40458071668314,60715.217398164415
"(-40, -30]",-35.56805596,3.938167204,-35.239463162466706,12.528509540092449,11,behavior_209,8.590342336092448,777.8597214064212,605065.7461864752
"(-30, -20]",-24.892482045,3.1913109405,-24.576406504230775,9.50564982720364,10,behavior_209,6.3143388867036405,637.6111351756107,406547.95969993086
"(-20, -10]",-14.861629965,-2.1931205695,-12.89133315043664,1.1373220675733666,19,behavior_209,3.3304426370733666,358.34273913521974,128409.51869093215
"(-10, 0]",-4.2016837085,-11.19345858,-6.458667190094619,-17.428678723820184,18,behavior_209,-6.235220143820184,692.2391782637887,479195.0799233255
"(0, 10]",4.649206505,-23.063146705,5.963749782499141,-25.12671283144919,13,behavior_209,-2.0635661264491887,228.96033106536223,52422.83320156027
"(10, 20]",14.48227294,-40.47469647,14.462131251918734,-39.15522402798092,16,behavior_209,1.3194724420190767,142.21645244658478,20225.51934649171
"(20, 30]",24.69371562,-49.41198452,24.789971397375943,-46.215705478527056,10,behavior_209,3.196279041472941,323.2724032787167,104505.04672159725
"(30, 40]",35.72890237,-46.307643205,36.437922642644025,-46.97193623793153,11,behavior_209,-0.664293032931532,60.03107080897952,3603.7294624727133
"(40, 50]",45.949939150000006,-37.711282205,44.624609672743446,-31.50698576726098,15,behavior_209,6.204296437739025,480.20823603041714,230599.9499514448
"(50, 60]",52.560148515,-25.18428898,54.98904132433109,-20.70530392533055,11,behavior_209,4.478985054669451,303.1133949267475,91877.7301840184
"(60, 70]",62.07117996,-18.12660637,61.29361517393866,-18.57857315102444,2,behavior_209,-0.45196678102443855,23.565288678507372,555.3228305013877
"(-80, -70]",-71.25708173,-20.00285938,-71.35777604351465,-21.28495770392704,2,behavior_210,-1.2820983239270412,45.86015972199107,2103.154249726532
"(-70, -60]",-65.61340604,-35.1199531,-65.27425705485093,-23.02750485695077,9,behavior_210,12.092448243049226,555.8059683339892,308920.2744356834
"(-60, -50]",-58.0693621,-31.43578883,-55.04703568657949,-13.111796265504166,15,behavior_210,18.323992564495832,1078.8485761323,1163914.250222691
"(-50, -40]",-43.7844094,0.441897953,-45.050822950890456,3.507878096956534,11,behavior_210,3.0659801439565344,246.40458071668314,60715.217398164415
"(-40, -30]",-35.56805596,3.938167204,-35.239463162466706,13.245081400630514,11,behavior_210,9.306914196630515,842.7456556332716,710220.2400887527
"(-30, -20]",-24.892482045,3.1913109405,-24.786900530126708,10.658332429377145,10,behavior_210,7.467021488877145,754.0070517800658,568526.6341340669
"(-20, -10]",-14.861629965,-2.1931205695,-13.03708100159824,1.6672427409498518,20,behavior_210,3.860363310449852,415.3601528292082,172524.0565583032
"(-10, 0]",-4.2016837085,-11.19345858,-6.458667190094619,-17.428678723820184,18,behavior_210,-6.235220143820184,692.2391782637887,479195.0799233255
"(0, 10]",4.649206505,-23.063146705,5.963749782499141,-25.12671283144919,13,behavior_210,-2.0635661264491887,228.96033106536223,52422.83320156027
"(10, 20]",14.48227294,-40.47469647,14.462131251918734,-39.15522402798092,16,behavior_210,1.3194724420190767,142.21645244658478,20225.51934649171
"(20, 30]",24.69371562,-49.41198452,24.789971397375943,-46.215705478527056,10,behavior_210,3.196279041472941,323.2724032787167,104505.04672159725
"(30, 40]",35.72890237,-46.307643205,36.437922642644025,-46.97193623793153,11,behavior_210,-0.664293032931532,60.03107080897952,3603.7294624727133
"(40, 50]",45.949939150000006,-37.711282205,44.624609672743446,-31.50698576726098,15,behavior_210,6.204296437739025,480.20823603041714,230599.9499514448
"(50, 60]",52.560148515,-25.18428898,54.98904132433109,-20.70530392533055,11,behavior_210,4.478985054669451,303.1133949267475,91877.7301840184
"(60, 70]",62.07117996,-18.12660637,61.29361517393866,-18.57857315102444,2,behavior_210,-0.45196678102443855,23.565288678507372,555.3228305013877
"(-80, -70]",-71.25708173,-20.00285938,-71.0498319885632,-19.772798268546946,2,behavior_211,0.23006111145305397,8.229196716160933,67.71967859327388
"(-70, -60]",-65.61340604,-35.1199531,-64.68753737032831,-20.69147671310828,9,behavior_211,14.428476386891717,663.1769786081195,439803.7049557942
"(-60, -50]",-58.0693621,-31.43578883,-54.72148103306775,-12.366127925490392,14,behavior_211,19.069660904509607,1122.7507565146204,1260569.2612541525
"(-50, -40]",-43.7844094,0.441897953,-45.050822950890456,3.507878096956534,11,behavior_211,3.0659801439565344,246.40458071668314,60715.217398164415
"(-40, -30]",-35.56805596,3.938167204,-35.239463162466706,13.245081400630514,11,behavior_211,9.306914196630515,842.7456556332716,710220.2400887527
"(-30, -20]",-24.892482045,3.1913109405,-24.786900530126708,10.658332429377145,10,behavior_211,7.467021488877145,754.0070517800658,568526.6341340669
"(-20, -10]",-14.861629965,-2.1931205695,-13.03708100159824,1.6672427409498518,20,behavior_211,3.860363310449852,415.3601528292082,172524.0565583032
"(-10, 0]",-4.2016837085,-11.19345858,-6.458667190094619,-17.428678723820184,18,behavior_211,-6.235220143820184,692.2391782637887,479195.0799233255
"(0, 10]",4.649206505,-23.063146705,5.963749782499141,-25.12671283144919,13,behavior_211,-2.0635661264491887,228.96033106536223,52422.83320156027
"(10, 20]",14.48227294,-40.47469647,14.462131251918734,-39.15522402798092,16,behavior_211,1.3194724420190767,142.21645244658478,20225.51934649171
"(20, 30]",24.69371562,-49.41198452,24.789971397375943,-46.215705478527056,10,behavior_211,3.196279041472941,323.2724032787167,104505.04672159725
"(30, 40]",35.72890237,-46.307643205,36.437922642644025,-46.97193623793153,11,behavior_211,-0.664293032931532,60.03107080897952,3603.7294624727133
"(40, 50]",45.949939150000006,-37.711282205,44.624609672743446,-31.50698576726098,15,behavior_211,6.204296437739025,480.20823603041714,230599.9499514448
"(50, 60]",52.560148515,-25.18428898,54.98904132433109,-20.70530392533055,11,behavior_211,4.478985054669451,303.1133949267475,91877.7301840184
"(60, 70]",62.07117996,-18.12660637,61.29361517393866,-18.57857315102444,2,behavior_211,-0.45196678102443855,23.565288678507372,555.3228305013877
"(-80, -70]",-71.25708173,-20.00285938,-71.0498319885632,-19.772798268546946,2,behavior_212,0.23006111145305397,8.229196716160933,67.71967859327388
"(-70, -60]",-65.61340604,-35.1199531,-64.68753737032831,-20.69147671310828,9,behavior_212,14.428476386891717,663.1769786081195,439803.7049557942
"(-60, -50]",-58.0693621,-31.43578883,-54.72148103306775,-12.366127925490392,14,behavior_212,19.069660904509607,1122.7507565146204,1260569.2612541525
"(-50, -40]",-43.7844094,0.441897953,-45.050822950890456,3.507878096956534,11,behavior_212,3.0659801439565344,246.40458071668314,60715.217398164415
"(-40, -30]",-35.56805596,3.938167204,-35.239463162466706,13.245081400630514,11,behavior_212,9.306914196630515,842.7456556332716,710220.2400887527
"(-30, -20]",-24.892482045,3.1913109405,-24.786900530126708,10.658332429377145,10,behavior_212,7.467021488877145,754.0070517800658,568526.6341340669
"(-20, -10]",-14.861629965,-2.1931205695,-13.03708100159824,1.6672427409498518,20,behavior_212,3.860363310449852,415.3601528292082,172524.0565583032
"(-10, 0]",-4.2016837085,-11.19345858,-5.181269433173919,-19.61054446851416,23,behavior_212,-8.41708588851416,934.471676130896,873237.3134908861
"(0, 10]",4.649206505,-23.063146705,5.771292219488093,-33.792496203287214,13,behavior_212,-10.729349498287213,1190.4612029423654,1417197.8757109838
"(10, 20]",14.48227294,-40.47469647,14.564300448037292,-47.13045549468164,16,behavior_212,-6.655759024681643,717.376435222191,514628.94981209846
"(20, 30]",24.69371562,-49.41198452,24.824376421521265,-53.078240206695995,10,behavior_212,-3.6662556866959974,370.8059501357871,137497.05265610383
"(30, 40]",35.72890237,-46.307643205,35.481431582240006,-51.00812110375124,13,behavior_212,-4.700477898751245,424.7744708848433,180433.3511154986
"(40, 50]",45.949939150000006,-37.711282205,44.92641993099367,-33.59835038763262,16,behavior_212,4.112931817367382,318.33806665290854,101339.12468031164
"(50, 60]",52.560148515,-25.18428898,54.98904132433109,-20.70530392533055,11,behavior_212,4.478985054669451,303.1133949267475,91877.7301840184
"(60, 70]",62.07117996,-18.12660637,61.29361517393866,-18.57857315102444,2,behavior_212,-0.45196678102443855,23.565288678507372,555.3228305013877
"(-80, -70]",-71.25708173,-20.00285938,-71.35777604351465,-21.28495770392704,2,behavior_213,-1.2820983239270412,45.86015972199107,2103.154249726532
"(-70, -60]",-65.61340604,-35.1199531,-65.27425705485093,-23.02750485695077,9,behavior_213,12.092448243049226,555.8059683339892,308920.2744356834
"(-60, -50]",-58.0693621,-31.43578883,-55.04703568657949,-13.111796265504166,15,behavior_213,18.323992564495832,1078.8485761323,1163914.250222691
"(-50, -40]",-43.7844094,0.441897953,-45.050822950890456,3.507878096956534,11,behavior_213,3.0659801439565344,246.40458071668314,60715.217398164415
"(-40, -30]",-35.56805596,3.938167204,-35.239463162466706,13.245081400630514,11,behavior_213,9.306914196630515,842.7456556332716,710220.2400887527
"(-30, -20]",-24.892482045,3.1913109405,-24.786900530126708,10.658332429377145,10,behavior_213,7.467021488877145,754.0070517800658,568526.6341340669
"(-20, -10]",-14.861629965,-2.1931205695,-13.03708100159824,1.6672427409498518,20,behavior_213,3.860363310449852,415.3601528292082,172524.0565583032
"(-10, 0]",-4.2016837085,-11.19345858,-5.432191743781275,-19.170131317475704,22,behavior_213,-7.976672737475704,885.5766522601529,784246.0070282997
"(0, 10]",4.649206505,-23.063146705,6.225019152234905,-30.83255842036689,13,behavior_213,-7.769411715366889,862.0451051861693,743121.7633754336
"(10, 20]",14.48227294,-40.47469647,14.29849859000457,-44.65228420301776,15,behavior_213,-4.177587733017759,450.2721604894014,202745.01851179326
"(20, 30]",24.69371562,-49.41198452,24.613963297479174,-49.1868417022708,9,behavior_213,0.22514281772919986,22.770996782158345,518.5182944530658
"(30, 40]",35.72890237,-46.307643205,35.82729275796763,-50.02591713890353,12,behavior_213,-3.7182739339035322,336.0143110764072,112905.61724815253
"(40, 50]",45.949939150000006,-37.711282205,44.92641993099367,-33.59835038763262,16,behavior_213,4.112931817367382,318.33806665290854,101339.12468031164
"(50, 60]",52.560148515,-25.18428898,54.98904132433109,-20.70530392533055,11,behavior_213,4.478985054669451,303.1133949267475,91877.7301840184
"(60, 70]",62.07117996,-18.12660637,61.29361517393866,-18.57857315102444,2,behavior_213,-0.45196678102443855,23.565288678507372,555.3228305013877
"(-80, -70]",-71.25708173,-20.00285938,-71.0498319885632,-19.772798268546946,2,behavior_214,0.23006111145305397,8.229196716160933,67.71967859327388
"(-70, -60]",-65.61340604,-35.1199531,-64.68753737032831,-20.69147671310828,9,behavior_214,14.428476386891717,663.1769786081195,439803.7049557942
"(-60, -50]",-58.0693621,-31.43578883,-54.72148103306775,-12.366127925490392,14,behavior_214,19.069660904509607,1122.7507565146204,1260569.2612541525
"(-50, -40]",-43.7844094,0.441897953,-45.050822950890456,3.507878096956534,11,behavior_214,3.0659801439565344,246.40458071668314,60715.217398164415
"(-40, -30]",-35.56805596,3.938167204,-35.239463162466706,13.245081400630514,11,behavior_214,9.306914196630515,842.7456556332716,710220.2400887527
"(-30, -20]",-24.892482045,3.1913109405,-24.786900530126708,10.658332429377145,10,behavior_214,7.467021488877145,754.0070517800658,568526.6341340669
"(-20, -10]",-14.861629965,-2.1931205695,-13.03708100159824,1.6672427409498518,20,behavior_214,3.860363310449852,415.3601528292082,172524.0565583032
"(-10, 0]",-4.2016837085,-11.19345858,-5.432191743781275,-19.170131317475704,22,behavior_214,-7.976672737475704,885.5766522601529,784246.0070282997
"(0, 10]",4.649206505,-23.063146705,6.225019152234905,-30.83255842036689,13,behavior_214,-7.769411715366889,862.0451051861693,743121.7633754336
"(10, 20]",14.48227294,-40.47469647,14.29849859000457,-44.65228420301776,15,behavior_214,-4.177587733017759,450.2721604894014,202745.01851179326
"(20, 30]",24.69371562,-49.41198452,24.613963297479174,-49.1868417022708,9,behavior_214,0.22514281772919986,22.770996782158345,518.5182944530658
"(30, 40]",35.72890237,-46.307643205,35.82729275796763,-50.02591713890353,12,behavior_214,-3.7182739339035322,336.0143110764072,112905.61724815253
"(40, 50]",45.949939150000006,-37.711282205,44.92641993099367,-33.59835038763262,16,behavior_214,4.112931817367382,318.33806665290854,101339.12468031164
"(50, 60]",52.560148515,-25.18428898,54.98904132433109,-20.70530392533055,11,behavior_214,4.478985054669451,303.1133949267475,91877.7301840184
"(60, 70]",62.07117996,-18.12660637,61.29361517393866,-18.57857315102444,2,behavior_214,-0.45196678102443855,23.565288678507372,555.3228305013877
"(-80, -70]",-71.25708173,-20.00285938,-71.0498319885632,-19.772798268546946,2,behavior_215,0.23006111145305397,8.229196716160933,67.71967859327388
"(-70, -60]",-65.61340604,-35.1199531,-64.68753737032831,-20.69147671310828,9,behavior_215,14.428476386891717,663.1769786081195,439803.7049557942
"(-60, -50]",-58.0693621,-31.43578883,-54.72148103306775,-12.366127925490392,14,behavior_215,19.069660904509607,1122.7507565146204,1260569.2612541525
"(-50, -40]",-43.7844094,0.441897953,-45.050822950890456,3.507878096956534,11,behavior_215,3.0659801439565344,246.40458071668314,60715.217398164415
"(-40, -30]",-35.56805596,3.938167204,-35.239463162466706,13.245081400630514,11,behavior_215,9.306914196630515,842.7456556332716,710220.2400887527
"(-30, -20]",-24.892482045,3.1913109405,-24.786900530126708,10.658332429377145,10,behavior_215,7.467021488877145,754.0070517800658,568526.6341340669
"(-20, -10]",-14.861629965,-2.1931205695,-13.03708100159824,1.6672427409498518,20,behavior_215,3.860363310449852,415.3601528292082,172524.0565583032
"(-10, 0]",-4.2016837085,-11.19345858,-5.181269433173919,-19.61054446851416,23,behavior_215,-8.41708588851416,934.471676130896,873237.3134908861
"(0, 10]",4.649206505,-23.063146705,6.300656175483928,-32.79128446687816,13,behavior_215,-9.728137761878159,1079.3730397395723,1165046.1589166443
"(10, 20]",14.48227294,-40.47469647,14.564300448037292,-47.13045549468164,16,behavior_215,-6.655759024681643,717.376435222191,514628.94981209846
"(20, 30]",24.69371562,-49.41198452,24.824376421521265,-53.078240206695995,10,behavior_215,-3.6662556866959974,370.8059501357871,137497.05265610383
"(30, 40]",35.72890237,-46.307643205,35.481431582240006,-51.00812110375124,13,behavior_215,-4.700477898751245,424.7744708848433,180433.3511154986
"(40, 50]",45.949939150000006,-37.711282205,44.92641993099367,-33.59835038763262,16,behavior_215,4.112931817367382,318.33806665290854,101339.12468031164
"(50, 60]",52.560148515,-25.18428898,54.98904132433109,-20.70530392533055,11,behavior_215,4.478985054669451,303.1133949267475,91877.7301840184
"(60, 70]",62.07117996,-18.12660637,61.29361517393866,-18.57857315102444,2,behavior_215,-0.45196678102443855,23.565288678507372,555.3228305013877
"(-80, -70]",-71.25708173,-20.00285938,-71.0498319885632,-19.772798268546946,2,behavior_216,0.23006111145305397,8.229196716160933,67.71967859327388
"(-70, -60]",-65.61340604,-35.1199531,-64.68753737032831,-20.69147671310828,9,behavior_216,14.428476386891717,663.1769786081195,439803.7049557942
"(-60, -50]",-58.0693621,-31.43578883,-54.72148103306775,-12.366127925490392,14,behavior_216,19.069660904509607,1122.7507565146204,1260569.2612541525
"(-50, -40]",-43.7844094,0.441897953,-45.050822950890456,3.507878096956534,11,behavior_216,3.0659801439565344,246.40458071668314,60715.217398164415
"(-40, -30]",-35.56805596,3.938167204,-35.239463162466706,13.245081400630514,11,behavior_216,9.306914196630515,842.7456556332716,710220.2400887527
"(-30, -20]",-24.892482045,3.1913109405,-24.786900530126708,10.658332429377145,10,behavior_216,7.467021488877145,754.0070517800658,568526.6341340669
"(-20, -10]",-14.861629965,-2.1931205695,-13.03708100159824,1.6672427409498518,20,behavior_216,3.860363310449852,415.3601528292082,172524.0565583032
"(-10, 0]",-4.2016837085,-11.19345858,-5.181269433173919,-19.61054446851416,23,behavior_216,-8.41708588851416,934.471676130896,873237.3134908861
"(0, 10]",4.649206505,-23.063146705,6.300656175483928,-32.79128446687816,13,behavior_216,-9.728137761878159,1079.3730397395723,1165046.1589166443
"(10, 20]",14.48227294,-40.47469647,14.564300448037292,-47.13045549468164,16,behavior_216,-6.655759024681643,717.376435222191,514628.94981209846
"(20, 30]",24.69371562,-49.41198452,24.824376421521265,-53.078240206695995,10,behavior_216,-3.6662556866959974,370.8059501357871,137497.05265610383
"(30, 40]",35.72890237,-46.307643205,35.52424181220588,-52.67196603728483,12,behavior_216,-6.364322832284834,575.1334059760857,330778.43466965295
"(40, 50]",45.949939150000006,-37.711282205,45.19199223579292,-35.7014037565787,17,behavior_216,2.009878448421304,155.56319625238132,24199.908028256905
"(50, 60]",52.560148515,-25.18428898,54.98904132433109,-20.70530392533055,11,behavior_216,4.478985054669451,303.1133949267475,91877.7301840184
"(60, 70]",62.07117996,-18.12660637,61.29361517393866,-18.57857315102444,2,behavior_216,-0.45196678102443855,23.565288678507372,555.3228305013877
