behavior,step_index,source_h3,target_h3,source_lon,source_lat,target_lon,target_lat,edge_distance_km,w_cost,c_cost,d_cost,f_cost,total_edge_cost
distance_only,1,83eedcfffffffff,83eedefffffffff,-27.83055450872197,-65.19239867027046,-25.385123400578813,-64.68097176522399,128.45196708886746,32.30759644381657,1.8373285577841965,97.91788671775936,0.0,97.91788671775936
distance_only,2,83eedefffffffff,83dd2dfffffffff,-25.385123400578813,-64.68097176522399,-23.044933286651563,-64.13351932016091,127.8206536330752,30.92403531774854,1.097838145442604,97.43664162008876,16.690348858864677,97.43664162008876
distance_only,3,83dd2dfffffffff,83dd28fffffffff,-23.044933286651563,-64.13351932016091,-20.81063865435316,-63.55344685524302,127.09191862673542,30.75079698495721,1.9570470528481791,96.881132869112,9.93927472817853,96.881132869112
distance_only,4,83dd28fffffffff,83dd2afffffffff,-20.81063865435316,-63.55344685524302,-18.68154985862389,-62.944114199952246,126.26918617130671,28.83106403728729,5.437124160157632,96.25397062944027,5.449011014280484,96.25397062944027
distance_only,5,83dd2afffffffff,83dd01fffffffff,-18.68154985862389,-62.944114199952246,-16.65587924073326,-62.308792651862085,125.35625088642588,26.68428847492309,10.239014069532823,95.55804750866967,13.498143905387735,95.55804750866967
distance_only,6,83dd01fffffffff,83dd03fffffffff,-16.65587924073326,-62.308792651862085,-14.730974271146936,-61.6506320983119,124.35723586796507,26.639766240910653,11.52235058229701,94.79650650915109,26.773946361090378,94.79650650915109
distance_only,7,83dd03fffffffff,83dd1cfffffffff,-14.730974271146936,-61.6506320983119,-12.903529092029787,-60.972637059850975,123.27654844766118,25.21037885430569,15.813325954650884,93.97270730391654,24.92541516448213,93.97270730391654
distance_only,8,83dd1cfffffffff,83dd1efffffffff,-12.903529092029787,-60.972637059850975,-11.169769805676603,-60.27765041253733,122.11883458940346,23.77255168641232,21.60372898558409,93.09019147334126,22.465608521091323,93.09019147334126
distance_only,9,83dd1efffffffff,83ddadfffffffff,-11.169769805676603,-60.27765041253733,-9.525611925712433,-59.568343499019946,120.88893273784504,24.042454834942927,23.565627536114533,92.15264732431672,40.84937975500854,92.15264732431672
distance_only,10,83ddadfffffffff,83dda8fffffffff,-9.525611925712433,-59.568343499019946,-7.966790583262256,-58.84721139581403,119.59182789423076,23.140389359795297,29.754990433664755,91.16387488262878,13.35224388443788,91.16387488262878
distance_only,11,83dda8fffffffff,83ddaafffffffff,-7.966790583262256,-58.84721139581403,-6.488965474327507,-58.116572223837295,118.23260663544976,22.58918943872177,37.52472114285487,90.12775160434832,4.605529044279283,90.12775160434832
distance_only,12,83ddaafffffffff,83dd81fffffffff,-6.488965474327507,-58.116572223837295,-5.087803307335616,-57.37856953860775,116.81641371915414,23.346969026951285,40.33910973811767,89.04819929626736,6.363186095977289,89.04819929626736
distance_only,13,83dd81fffffffff,83dd83fffffffff,-5.087803307335616,-57.37856953860775,-3.7590408256961454,-56.63517699284476,115.3484108334866,23.13489950034804,47.14140643602736,87.92915267115269,0.0,87.92915267115269
distance_only,14,83dd83fffffffff,83dd9cfffffffff,-3.7590408256961454,-56.63517699284476,-2.4261909990130555,-55.887371255117394,117.00033060055549,22.67374268371958,52.56564451109035,89.18839763473329,0.0,89.18839763473329
distance_only,15,83dd9cfffffffff,83dd9efffffffff,-2.4261909990130555,-55.887371255117394,-1.070838481368096,-55.12294341640195,120.45283182443472,22.19924436674153,59.32047184169863,91.82021115533786,3.662400419813306,91.82021115533786
distance_only,16,83dd9efffffffff,83d092fffffffff,-1.070838481368096,-55.12294341640195,0.2406884854198896,-54.33939971644969,121.16462075082084,22.98920441698482,61.20693681241978,92.36280204779662,0.0,92.36280204779662
distance_only,17,83d092fffffffff,83d090fffffffff,0.2406884854198896,-54.33939971644969,1.509172869106043,-53.537992918485045,121.7943718085316,23.19632488009388,67.08647682531421,92.8428561421543,15.864664618913956,92.8428561421543
distance_only,18,83d090fffffffff,83d095fffffffff,1.509172869106043,-53.537992918485045,2.735515930738002,-52.71999287905688,122.3393913750254,23.74249910767345,70.34505052826393,93.25832011191962,12.041450023132349,93.25832011191962
distance_only,19,83d095fffffffff,83d086fffffffff,2.735515930738002,-52.71999287905688,3.9207145747684766,-51.88668097339948,122.7973139537723,24.270928554932173,72.62538665373567,93.6073907583833,19.580465191479146,93.6073907583833
distance_only,20,83d086fffffffff,83d0b1fffffffff,3.9207145747684766,-51.88668097339948,3.371464309308528,-50.88971306745649,117.2255729065548,71.57978878866983,79.91478142174219,89.36009800727513,23.36606446338972,89.36009800727513
distance_only,21,83d0b1fffffffff,83d0b5fffffffff,3.371464309308528,-50.88971306745649,2.8389677920409446,-49.87804801602669,118.65812362642733,71.46249306796821,79.55273971878556,90.45211973559071,18.40091341485057,90.45211973559071
distance_only,22,83d0b5fffffffff,83d19bfffffffff,2.8389677920409446,-49.87804801602669,2.322557892068781,-48.85227973055562,120.03330344416398,71.07199560088992,79.6118076963832,91.50040809318766,21.18995203007544,91.50040809318766
distance_only,23,83d19bfffffffff,83d198fffffffff,2.322557892068781,-48.85227973055562,1.8215967135433848,-47.81304526086081,121.34587398718988,71.51810388858077,80.40105642043024,92.500969911382,19.201091158134087,92.500969911382
distance_only,24,83d198fffffffff,83d19dfffffffff,1.8215967135433848,-47.81304526086081,2.9331362921901203,-46.963157658589104,126.22356381382214,24.28161621293024,75.8676640084154,96.2191930784754,21.86193057875252,96.2191930784754
distance_only,25,83d19dfffffffff,83d18efffffffff,2.9331362921901203,-46.963157658589104,4.010534584544842,-46.10217079777419,126.32281087016598,25.445982005346394,76.23038350166118,96.29484829995928,18.954508623092767,96.29484829995928
distance_only,26,83d18efffffffff,83d18cfffffffff,4.010534584544842,-46.10217079777419,5.054613236569866,-45.231374103798025,126.32281087016555,25.61416241131486,77.58892515139189,96.29484829995896,20.261240074453205,96.29484829995896
distance_only,27,83d18cfffffffff,83d1abfffffffff,5.054613236569866,-45.231374103798025,6.06623243587262,-44.3520477751606,126.22356381382345,26.74053830429392,76.38319565249739,96.2191930784764,16.018011160367756,96.2191930784764
distance_only,28,83d1abfffffffff,83d1a9fffffffff,6.06623243587262,-44.3520477751606,7.04628073114646,-43.46545758392529,126.02553675417884,29.23229045663521,73.89214457433232,96.0682386662336,10.360157528495767,96.0682386662336
distance_only,29,83d1a9fffffffff,83d11afffffffff,7.04628073114646,-43.46545758392529,7.995666037177199,-42.5728499557551,125.72965831609818,30.276944679786688,72.19757696046887,95.84269294639137,7.55714042230248,95.84269294639137
distance_only,30,83d11afffffffff,83d11efffffffff,7.995666037177199,-42.5728499557551,7.471762790006778,-41.52844190453823,123.92712814453884,71.61218238569123,66.33984566964402,94.4686389000101,1.8972881810307425,94.4686389000101
distance_only,31,83d11efffffffff,83d111fffffffff,7.471762790006778,-41.52844190453823,6.960975982868313,-40.474281681667655,124.80826507174784,69.90209451587397,64.52068141292516,95.1403223921095,0.0,95.1403223921095
distance_only,32,83d111fffffffff,83d115fffffffff,6.960975982868313,-40.474281681667655,6.4628973472759865,-39.41121727856088,125.602082424921,67.4340498358437,61.03890427384874,95.74544288519483,0.0,95.74544288519483
distance_only,33,83d115fffffffff,83d133fffffffff,6.4628973472759865,-39.41121727856088,5.977130988810554,-38.34012646128144,126.30500124654934,65.67620308781449,56.48976456146315,96.281272169151,0.0,96.281272169151
distance_only,34,83d133fffffffff,83d130fffffffff,5.977130988810554,-38.34012646128144,5.503293258806826,-37.261913691848704,126.91379442936508,62.90775178113404,50.81583355488249,96.74535024643146,0.0,96.74535024643146
distance_only,35,83d130fffffffff,83d135fffffffff,5.503293258806826,-37.261913691848704,6.404287834021673,-36.38336103399113,126.39181586043352,34.441556025032504,39.29957091204236,96.3474502411604,7.607876164518564,96.3474502411604
distance_only,36,83d135fffffffff,83d126fffffffff,6.404287834021673,-36.38336103399113,7.279861560328891,-35.50351082498692,125.63531342863872,35.16588278908576,32.042876963477624,95.77077460826064,23.068857601202,95.77077460826064
distance_only,37,83d126fffffffff,83d124fffffffff,7.279861560328891,-35.50351082498692,8.130683300092919,-34.62346204860158,124.78881643252907,34.8864422843819,22.57607429116521,95.1254968530773,30.00014869909507,95.1254968530773
distance_only,38,83d124fffffffff,83ad75fffffffff,8.130683300092919,-34.62346204860158,7.657209881210036,-33.55586216486064,126.46507613486035,47.01412252114174,29.55881618116865,96.40329595076544,38.95388060314991,96.40329595076544
distance_only,39,83ad75fffffffff,83ad71fffffffff,7.657209881210036,-33.55586216486064,7.1944036654967,-32.484384087420175,126.71558914325996,42.77880355095814,22.50829266507185,96.59425997361164,42.54979425145763,96.59425997361164
distance_only,40,83ad71fffffffff,83ad73fffffffff,7.1944036654967,-32.484384087420175,8.01581776376534,-31.618651237660927,123.53043471446615,38.05518502318854,7.298075705791606,94.16624273412918,48.259772597215694,94.16624273412918
distance_only,41,83ad73fffffffff,83ad54fffffffff,8.01581776376534,-31.618651237660927,8.814856139634957,-30.75561682775168,122.4188928024104,37.89596410529244,22.694153203648533,93.318923401515,47.29573697503886,93.318923401515
distance_only,42,83ad54fffffffff,83ad56fffffffff,8.814856139634957,-30.75561682775168,9.592122408827802,-29.896200746503784,121.23316097379823,36.56676589819156,38.70546641695885,92.4150497006836,44.5862188937131,92.4150497006836
distance_only,43,83ad56fffffffff,83ad52fffffffff,9.592122408827802,-29.896200746503784,9.132303806634493,-28.84516792177531,125.07514691049138,17.275309680461298,3.0031813545814106,95.34376424080487,38.12758977066533,95.34376424080487
distance_only,44,83ad52fffffffff,83ad53fffffffff,9.132303806634493,-28.84516792177531,7.908920387085489,-28.63606300322778,121.52008905406826,27.93712779440007,50.15030891926363,92.63377263577566,42.623131490439015,92.63377263577566
distance_only,45,83ad53fffffffff,83ad5efffffffff,7.908920387085489,-28.63606300322778,6.67912538447994,-28.41389989472488,122.65996938168529,28.59236593782533,44.56839096304196,93.5026941114132,49.26638972407852,93.5026941114132
distance_only,46,83ad5efffffffff,83ad5cfffffffff,6.67912538447994,-28.41389989472488,5.867047528766562,-29.25616582613331,122.59065359586658,58.90283250701024,52.02985594798451,93.44985525329864,47.78105595192189,93.44985525329864
distance_only,47,83ad5cfffffffff,83ad5dfffffffff,5.867047528766562,-29.25616582613331,4.61444181722868,-29.015679071081475,124.56309458078778,35.78872136524671,30.122272722578693,94.95343092672807,53.2025626398374,94.95343092672807
distance_only,48,83ad5dfffffffff,83ad59fffffffff,4.61444181722868,-29.015679071081475,4.204691866802194,-27.930399756429264,127.1499382965636,31.308427754492577,7.28972479307963,96.92536079015042,55.726866351209566,96.92536079015042
distance_only,49,83ad59fffffffff,83ad5bfffffffff,4.204691866802194,-27.930399756429264,5.030227480620041,-27.10202764196404,122.93101291914012,47.181323038023,49.72415122266304,93.70930838908887,58.12206995748184,93.70930838908887
distance_only,50,83ad5bfffffffff,83ac74fffffffff,5.030227480620041,-27.10202764196404,5.835353464158778,-26.277435281496004,121.67542187558831,45.49553349132526,53.59327283357509,92.7521815785568,54.3999372797783,92.7521815785568
distance_only,51,83ac74fffffffff,83ac76fffffffff,5.835353464158778,-26.277435281496004,6.620511066380283,-25.457457894647217,120.35161547694742,43.53006678701392,66.28748788939907,91.743054759279,49.46119861810311,91.743054759279
distance_only,52,83ac76fffffffff,83ac72fffffffff,6.620511066380283,-25.457457894647217,6.208866805435586,-24.40173810805801,124.51282291649824,9.787934694363742,23.41825859946808,94.91510924711058,50.90421614126127,94.91510924711058
distance_only,53,83ac72fffffffff,83ac73fffffffff,6.208866805435586,-24.40173810805801,5.027112048738215,-24.14956264074788,123.02394408848016,15.466064268245107,48.24781560495013,93.780149061429,51.92639083005996,93.780149061429
distance_only,54,83ac73fffffffff,83ac55fffffffff,5.027112048738215,-24.14956264074788,4.635718701427636,-23.091061618970485,124.27086131707144,12.086576799232017,31.438701759997016,94.73066389356974,55.90020046051511,94.73066389356974
distance_only,55,83ac55fffffffff,83ac51fffffffff,4.635718701427636,-23.091061618970485,4.252505378449926,-22.03731912273473,123.60161039339518,9.650011447471783,33.75524847555915,94.22049937359046,51.72891793454642,94.22049937359046
distance_only,56,83ac51fffffffff,83ac5cfffffffff,4.252505378449926,-22.03731912273473,3.0913690423825626,-21.7635622696342,123.6016103933955,11.31713900124897,42.44466480479539,94.22049937359068,51.13648576722596,94.22049937359068
distance_only,57,83ac5cfffffffff,83ac5dfffffffff,3.0913690423825626,-21.7635622696342,1.9284683679358248,-21.48018614358055,124.2708613170702,10.097294150411363,39.7467226296442,94.7306638935688,49.55739282331724,94.7306638935688
distance_only,58,83ac5dfffffffff,83ac4afffffffff,1.9284683679358248,-21.48018614358055,0.7647588305978847,-21.18742202853367,124.8502994801966,9.938819134853734,34.416778059727214,95.17236487879156,51.50092331910379,95.17236487879156
distance_only,59,83ac4afffffffff,83ac4bfffffffff,0.7647588305978847,-21.18742202853367,-0.3988000995286376,-20.88553667646065,125.33730785348884,9.910389653897598,29.50303678375012,95.54360738918176,54.30602277059248,95.54360738918176
distance_only,60,83ac4bfffffffff,8398e9fffffffff,-0.3988000995286376,-20.88553667646065,-1.56124969675356,-20.57483123186761,125.72965831609643,8.773632133981124,27.27615466675576,95.84269294639004,55.579662133390535,95.84269294639004
distance_only,61,8398e9fffffffff,8398edfffffffff,-1.56124969675356,-20.57483123186761,-1.8743282801595864,-19.50996395395377,122.84134731999411,19.71414933198781,54.72885372579263,93.64095703427012,59.06868449079368,93.64095703427012
distance_only,62,8398edfffffffff,8398ecfffffffff,-1.8743282801595864,-19.50996395395377,-3.021535347287009,-19.18926768059853,125.52940432053242,7.8501007242176595,21.067013172440195,95.69004095906118,54.45492878874723,95.69004095906118
distance_only,63,8398ecfffffffff,8398eefffffffff,-3.021535347287009,-19.18926768059853,-3.879018023537089,-19.92832770752635,121.76076000964548,36.34584165058664,75.82268455972309,92.81723414203783,56.42834831120315,92.81723414203783
distance_only,64,8398eefffffffff,8398e3fffffffff,-3.879018023537089,-19.92832770752635,-5.032465199041331,-19.59328937434771,126.32281087016489,8.15325797353007,13.309505331606092,96.29484829995845,56.917834778843606,96.29484829995845
distance_only,65,8398e3fffffffff,8398e2fffffffff,-5.032465199041331,-19.59328937434771,-6.181068832803388,-19.250945994996588,126.32281087016598,8.469601837849776,9.73453609187272,96.29484829995928,59.9939361205601,96.29484829995928
distance_only,66,8398e2fffffffff,8398f1fffffffff,-6.181068832803388,-19.250945994996588,-7.072425413209326,-19.978412231906912,123.5304347144664,31.476231842249437,68.58954095156116,94.16624273412936,62.445012406536975,94.16624273412936
distance_only,67,8398f1fffffffff,8398f3fffffffff,-7.072425413209326,-19.978412231906912,-7.979579210567187,-20.707408754198056,124.5630945807879,30.23346374664578,65.9083293202035,94.95343092672816,64.19157661175554,94.95343092672816
distance_only,68,8398f3fffffffff,8398f2fffffffff,-7.979579210567187,-20.707408754198056,-9.136776953208951,-20.34260582105967,127.14993829656318,12.318195991054823,2.128250292443127,96.92536079015012,70.9521284757207,96.92536079015012
distance_only,69,8398f2fffffffff,8398f6fffffffff,-9.136776953208951,-20.34260582105967,-9.365585190033997,-19.25822449121408,122.93101291913956,33.83092152559915,61.77189525359639,93.70930838908843,72.10255618811557,93.70930838908843
distance_only,70,8398f6fffffffff,8398a9fffffffff,-9.365585190033997,-19.25822449121408,-9.5890948403988,-18.18464224738049,121.67542187558828,31.78909669474866,64.90448661608983,92.75218157855676,68.65992351935022,92.75218157855676
distance_only,71,8398a9fffffffff,8398adfffffffff,-9.5890948403988,-18.18464224738049,-9.807481276890062,-17.122489115610477,120.35161547694756,30.96760819565617,67.32527909083817,91.7430547592791,69.5959116845149,91.7430547592791
distance_only,72,8398adfffffffff,8398acfffffffff,-9.807481276890062,-17.122489115610477,-10.914458935086255,-16.758443807538537,124.51282291650028,7.240131350536638,0.7169946462833526,94.91510924711211,69.30509150285054,94.91510924711211
distance_only,73,8398acfffffffff,839812fffffffff,-10.914458935086255,-16.758443807538537,-11.114512884431344,-15.711523785790934,118.3553244720156,28.761211861498417,71.28046388785604,90.2212984101422,71.86350356728308,90.2212984101422
distance_only,74,839812fffffffff,839816fffffffff,-11.114512884431344,-15.711523785790934,-11.31006381477625,-14.67747846339625,116.87982574567329,27.06867516264409,71.9218141588996,89.09653776682538,70.38586724462435,89.09653776682538
distance_only,75,839816fffffffff,839989fffffffff,-11.31006381477625,-14.67747846339625,-11.501257666045502,-13.656768208437144,115.35457509906622,25.361476896459703,71.91302141521771,87.93385164052158,70.5565741645925,87.93385164052158
distance_only,76,839989fffffffff,83998dfffffffff,-11.501257666045502,-13.656768208437144,-11.688234334993044,-12.649805299443155,113.7848590761582,24.6662807849566,72.4602215865885,86.73726992057156,70.59643690778675,86.73726992057156
distance_only,77,83998dfffffffff,8399abfffffffff,-11.688234334993044,-12.649805299443155,-11.871127973931468,-11.656954695207824,112.17588171924594,23.24630639957113,71.59179741524265,85.5107596059683,68.97291446152663,85.5107596059683
distance_only,78,8399abfffffffff,8399aafffffffff,-11.871127973931468,-11.656954695207824,-12.905480581691128,-11.310334413936838,119.11999522724928,3.2867680832272246,11.94333171399675,90.80420068936968,66.08758483921495,90.80420068936968
distance_only,79,8399aafffffffff,8399aefffffffff,-12.905480581691128,-11.310334413936838,-13.072491867970845,-10.336978887474745,109.75858045949344,22.831788368614053,71.83200723685943,83.66807057379967,66.53821352998345,83.66807057379967
distance_only,80,8399aefffffffff,8399acfffffffff,-13.072491867970845,-10.336978887474745,-12.225175724481048,-9.7148202087216,115.7315054673236,70.56908645349574,79.54782551366853,88.22118258558974,62.68081030432982,88.22118258558974
distance_only,81,8399acfffffffff,8399adfffffffff,-12.225175724481048,-9.7148202087216,-11.206011232581863,-10.050248475651513,117.70975695347866,96.4953809463765,18.73260777517496,89.72918755671299,59.55057428805022,89.72918755671299
distance_only,82,8399adfffffffff,83991efffffffff,-11.206011232581863,-10.050248475651513,-10.373446782552602,-9.426011908951196,114.64400213433032,68.33773196290004,80.730737358493,87.39218766571008,63.28446282474987,87.39218766571008
distance_only,83,83991efffffffff,839911fffffffff,-10.373446782552602,-9.426011908951196,-10.5638429798552,-8.482378492842761,106.9911464492515,16.91359527932315,62.436325518644125,81.55847820199682,57.308914158108216,81.55847820199682
distance_only,84,839911fffffffff,839915fffffffff,-10.5638429798552,-8.482378492842761,-10.75029012858944,-7.553709939360791,105.28422591252594,16.21770311635185,61.89871650543383,80.25730660035309,53.45208134134658,80.25730660035309
distance_only,85,839915fffffffff,839933fffffffff,-10.75029012858944,-7.553709939360791,-10.932906001104808,-6.64015816015741,103.56170632267585,15.031954706460972,59.2084523128225,78.94424396775538,50.94316079475176,78.94424396775538
distance_only,86,839933fffffffff,839930fffffffff,-10.932906001104808,-6.64015816015741,-11.1118038904505,-5.741837332561743,101.82773340148894,14.081663568172544,56.07947775567432,77.62245055410546,48.23771805042615,77.62245055410546
distance_only,87,839930fffffffff,839935fffffffff,-11.1118038904505,-5.741837332561743,-10.31899790173119,-5.163538283017082,108.79460869857476,60.40558802548814,83.3861728508557,82.93324276365448,41.79878198141831,82.93324276365448
distance_only,88,839935fffffffff,839922fffffffff,-10.31899790173119,-5.163538283017082,-9.344342385168702,-5.468540205139663,113.11457303858316,91.78102445925585,35.31219623408685,86.22631634171076,41.662612525864525,86.22631634171076
distance_only,89,839922fffffffff,839923fffffffff,-9.344342385168702,-5.468540205139663,-8.36362887114899,-5.773538360676713,113.70168372999012,91.18513422875488,36.67706684018758,86.67386603265632,43.172077091966734,86.67386603265632
distance_only,90,839923fffffffff,839905fffffffff,-8.36362887114899,-5.773538360676713,-8.15678083987397,-6.67060639809823,102.33655306307652,88.127925032982,45.87491542712399,78.01031963164657,42.03001186324229,78.01031963164657
distance_only,91,839905fffffffff,83992afffffffff,-8.15678083987397,-6.67060639809823,-7.16000440072303,-6.979288376567183,115.27953038970529,92.01192279304723,36.30057775520455,87.87664567072208,47.554543250060526,87.87664567072208
distance_only,92,83992afffffffff,83992bfffffffff,-7.16000440072303,-6.979288376567183,-6.158263348827713,-7.286993689923979,115.70122162240644,91.23245079831078,37.72594800260177,88.19809745763739,47.53830239921361,88.19809745763739
distance_only,93,83992bfffffffff,839976fffffffff,-6.158263348827713,-7.286993689923979,-5.152137146733999,-7.59340615000838,116.0485430460328,91.31878544203497,37.34903535499786,88.46285774573613,46.86459873797373,88.46285774573613
distance_only,94,839976fffffffff,839972fffffffff,-5.152137146733999,-7.59340615000838,-4.909005783596105,-8.515530388379432,105.97212802184644,89.04762271218631,43.20428486990774,80.78168876700961,43.64252480568193,80.78168876700961
distance_only,95,839972fffffffff,839973fffffffff,-4.909005783596105,-8.515530388379432,-3.888526880295258,-8.822913755733083,117.26727014596634,91.06276857300377,37.15267327744602,89.39188347275046,46.731431698555895,89.39188347275046
distance_only,96,839973fffffffff,839971fffffffff,-3.888526880295258,-8.822913755733083,-3.129124600788692,-8.201091744142053,108.42025856935432,54.52686552033104,83.38236233041552,82.64787871375694,47.64198673686308,82.64787871375694
distance_only,97,839971fffffffff,839975fffffffff,-3.129124600788692,-8.201091744142053,-3.3881300653217643,-7.287936387375837,105.4723215699977,10.483355451944432,38.40021608533396,80.40069038573087,46.32970103556078,80.40069038573087
distance_only,98,839975fffffffff,839966fffffffff,-3.3881300653217643,-7.287936387375837,-2.646674729240229,-6.685041140346401,105.78735752932576,51.97106361465266,82.1071023098094,80.64083972775039,41.36489614457499,80.64083972775039
distance_only,99,839966fffffffff,839964fffffffff,-2.646674729240229,-6.685041140346401,-1.9177823199146,-6.089822919812698,104.25025394390131,50.574356870790766,81.14293485565425,79.46911820287156,38.02330335641532,79.46911820287156
distance_only,100,839964fffffffff,839965fffffffff,-1.9177823199146,-6.089822919812698,-0.9282081937323472,-6.380693393559402,114.06623448871107,85.12039814362058,45.976587937285714,86.95176010235643,32.57903678062488,86.95176010235643
distance_only,101,839965fffffffff,838269fffffffff,-0.9282081937323472,-6.380693393559402,-0.292548951246795,-5.650696865174116,107.37749474584903,40.62644169022588,76.21889399683138,81.85298835701582,32.008859310344505,81.85298835701582
distance_only,102,838269fffffffff,83826bfffffffff,-0.292548951246795,-5.650696865174116,0.2938892137521895,-4.824944801072418,112.46127834320372,34.38146962420492,68.75149262833469,85.72831512440575,28.386052604775585,85.72831512440575
distance_only,103,83826bfffffffff,83826afffffffff,0.2938892137521895,-4.824944801072418,1.1993342623181191,-4.919126122239139,100.86239264840476,72.48370713057469,58.12114396854955,76.8865791723995,26.576064791719343,76.8865791723995
distance_only,104,83826afffffffff,838241fffffffff,1.1993342623181191,-4.919126122239139,1.7942785657547011,-4.080453606478588,114.21987593867168,32.763190641427265,61.62045767447314,87.06887972639447,15.925771110458289,87.06887972639447
distance_only,105,838241fffffffff,838243fffffffff,1.7942785657547011,-4.080453606478588,2.390916659376843,-3.2371901089419377,114.7851135669516,31.95471651006404,58.15869500117883,87.4997557597388,9.90157686138462,87.4997557597388
distance_only,106,838243fffffffff,83825dfffffffff,2.390916659376843,-3.2371901089419377,2.0645567325095686,-2.318159371347108,108.42950770266984,16.001459580756634,2.6944067318470264,82.65492925263734,20.488374357699264,82.65492925263734
distance_only,107,83825dfffffffff,838259fffffffff,2.0645567325095686,-2.318159371347108,1.7427428459000107,-1.4106842672101745,107.0574458065666,18.10107697875232,1.14354229808509,81.6090176612684,27.420793876871,81.6090176612684
distance_only,108,838259fffffffff,83825bfffffffff,1.7427428459000107,-1.4106842672101745,2.331798491129386,-0.5712759478145703,114.02148040448488,30.001216455271493,41.66504516814779,86.91764442901383,27.8914957360505,86.91764442901383
distance_only,109,83825bfffffffff,837569fffffffff,2.331798491129386,-0.5712759478145703,2.9223982831673023,0.2706392774152459,114.35378406439814,28.464752602253185,35.65341291223824,87.1709567983353,29.71414369237608,87.1709567983353
distance_only,110,837569fffffffff,8382e9fffffffff,2.9223982831673023,0.2706392774152459,3.849773669199797,0.2204486434980695,103.26954494833126,49.82734533114964,51.51352358099656,78.72153173527873,27.58320622439672,78.72153173527873
distance_only,111,8382e9fffffffff,8382edfffffffff,3.849773669199797,0.2204486434980695,4.189756968361492,-0.6860041445433942,107.64929939657398,74.09857486385933,22.30026083698792,82.06018282512882,30.68188667272452,82.06018282512882
distance_only,112,8382edfffffffff,838253fffffffff,4.189756968361492,-0.6860041445433942,4.534444414794151,-1.6046216432683722,109.09691141169316,75.38552068682333,16.317234820223618,83.16368565595461,26.546069824514717,83.16368565595461
distance_only,113,838253fffffffff,838250fffffffff,4.534444414794151,-1.6046216432683722,4.883908847533824,-2.535067035943887,110.508667951133,75.09539121915205,13.47852590887331,84.23985615014634,23.614009312127425,84.23985615014634
distance_only,114,838250fffffffff,838256fffffffff,4.883908847533824,-2.535067035943887,5.853810146753341,-2.608279547486147,108.04675294932734,56.56622363914197,49.7795567508122,82.36315842632884,20.10622579953112,82.36315842632884
distance_only,115,838256fffffffff,8382e5fffffffff,5.853810146753341,-2.608279547486147,6.470258891411949,-1.7368724184967093,118.66166536019792,30.718462489812904,31.87204017217916,90.4548195703538,16.118352095175315,90.4548195703538
distance_only,116,8382e5fffffffff,8382e0fffffffff,6.470258891411949,-1.7368724184967093,7.08742877949619,-0.8634388060692992,118.91020430032911,30.210416028458543,27.13892013681523,90.64427877706164,22.52062557783689,90.64427877706164
distance_only,117,8382e0fffffffff,8382e6fffffffff,7.08742877949619,-0.8634388060692992,8.082003725074852,-0.9238503441454572,110.78223390447587,47.3742628920537,43.57199057662933,84.44839324487786,12.461332365420956,84.44839324487786
distance_only,118,8382e6fffffffff,83821bfffffffff,8.082003725074852,-0.9238503441454572,9.090451144019122,-0.9848181662626688,112.32360208891556,45.93759669215035,42.38973795641088,85.6233656387993,0.8064140315857196,85.6233656387993
distance_only,119,83821bfffffffff,8382f4fffffffff,9.090451144019122,-0.9848181662626688,9.717149062682834,-0.0979015910376759,120.75439564334928,,,92.05009079461362,0.0,
distance_only,120,8382f4fffffffff,8382f6fffffffff,9.717149062682834,-0.0979015910376759,10.343813827544649,0.7890266962351709,120.75439564334732,,,92.05009079461212,0.0,
distance_only,121,8382f6fffffffff,8382f2fffffffff,10.343813827544649,0.7890266962351709,9.949622742953808,1.7191300728755827,112.3236020889168,,,85.62336563880025,0.0,
distance_only,122,8382f2fffffffff,8382f3fffffffff,9.949622742953808,1.7191300728755827,8.941839770409798,1.761944933522318,112.10993262126922,,,85.46048714653328,0.0,
distance_only,123,8382f3fffffffff,8382c6fffffffff,8.941839770409798,1.761944933522318,7.947315555604303,1.8036606124249213,110.62995379463015,59.82613289125492,33.247048941618736,84.33231135930482,1.59058565807938,84.33231135930482
distance_only,124,8382c6fffffffff,8382c0fffffffff,7.947315555604303,1.8036606124249213,6.9663774382839705,1.8442726476496605,109.11371250109391,59.59651537518396,38.316544366511664,83.17649298935682,12.726850893878662,83.17649298935682
distance_only,125,8382c0fffffffff,8382c1fffffffff,6.9663774382839705,1.8442726476496605,5.999312041373086,1.883779807258384,107.56575121399788,58.29777075656408,41.70378883885668,81.99649472706098,15.89539037638243,81.99649472706098
distance_only,126,8382c1fffffffff,8382ccfffffffff,5.999312041373086,1.883779807258384,5.046366343027856,1.9221838940703293,105.99049119029112,57.78273689955186,44.75276821652639,80.795686860525,24.938208499099805,80.795686860525
distance_only,127,8382ccfffffffff,8382cdfffffffff,5.046366343027856,1.9221838940703293,4.107748934669216,1.9594895414201048,104.39221182877188,56.56611533142176,46.860895130915786,79.57733154054533,27.016377380276506,79.57733154054533
distance_only,128,8382cdfffffffff,8382c9fffffffff,4.107748934669216,1.9594895414201048,3.772573403636418,2.835186081395067,104.25025394390438,28.09890394955112,28.35994860839492,79.4691182028739,30.414209203058636,79.4691182028739
distance_only,129,8382c9fffffffff,8382cbfffffffff,3.772573403636418,2.835186081395067,4.362749016180593,3.674906545885903,114.066234488708,24.32793314132089,10.683009225250666,86.95176010235409,27.99596637021317,86.95176010235409
distance_only,130,8382cbfffffffff,83589bfffffffff,4.362749016180593,3.674906545885903,4.853984159845133,4.498379393119393,106.54959210053607,23.964984349076296,0.1947694323361573,81.22188492376903,23.840976682849288,81.22188492376903
distance_only,131,83589bfffffffff,8382d9fffffffff,4.853984159845133,4.498379393119393,5.8461489795428,4.4878163437694765,109.99106002172314,,,83.84528784773097,0.0,
distance_only,132,8382d9fffffffff,8382ddfffffffff,5.8461489795428,4.4878163437694765,6.246933416160393,3.625326035326777,105.70616249328098,,,80.57894541408857,0.0,
distance_only,133,8382ddfffffffff,8382dcfffffffff,6.246933416160393,3.625326035326777,7.209891014314715,3.598471299138798,106.90516530164554,,,81.49293547453264,0.0,
distance_only,134,8382dcfffffffff,8382defffffffff,7.209891014314715,3.598471299138798,7.816042770057244,4.454258449175113,116.51489464986842,,,88.81835376926864,0.0,
distance_only,135,8382defffffffff,8382dafffffffff,7.816042770057244,4.454258449175113,7.269416279838584,5.300547263542498,111.90665906879994,,,85.30553337560634,0.0,
distance_only,136,8382dafffffffff,8358d6fffffffff,7.269416279838584,5.300547263542498,7.698730213636012,6.138974351271959,104.63193369385824,,,79.76006956286817,0.0,
distance_only,137,8358d6fffffffff,8358d4fffffffff,7.698730213636012,6.138974351271959,8.136522291554801,6.990895920941821,106.35990397616985,,,81.0772872138675,0.0,
distance_only,138,8358d4fffffffff,8358f3fffffffff,8.136522291554801,6.990895920941821,8.582993496090667,7.856101616488376,108.07028794075296,,,82.38109895831558,0.0,
distance_only,139,8358f3fffffffff,8358f1fffffffff,8.582993496090667,7.856101616488376,9.038348639655196,8.734339226505204,109.75858045949312,,,83.66807057379943,0.0,
distance_only,140,8358f1fffffffff,8358f5fffffffff,9.038348639655196,8.734339226505204,8.426962547809882,9.61940560016374,119.11999522724923,,,90.80420068936964,0.0,
distance_only,141,8358f5fffffffff,8358f4fffffffff,8.426962547809882,9.61940560016374,7.360812633999145,9.610267873866762,116.88969217575644,,,89.10405886599644,0.0,
distance_only,142,8358f4fffffffff,8358f6fffffffff,7.360812633999145,9.610267873866762,6.921796692822362,8.724833263077818,109.6178842629739,,,83.56081901086417,0.0,
distance_only,143,8358f6fffffffff,8358abfffffffff,6.921796692822362,8.724833263077818,5.878761430775483,8.715835479689437,114.64400213432964,,,87.39218766570956,0.0,
distance_only,144,8358abfffffffff,8358aafffffffff,5.878761430775483,8.715835479689437,4.846604838614618,8.70413129029543,113.4545727498622,,,86.48549534821097,0.0,
distance_only,145,8358aafffffffff,8358aefffffffff,4.846604838614618,8.70413129029543,4.226245888589891,9.564498877836224,117.43439216232322,,,89.5192792225902,0.0,
distance_only,146,8358aefffffffff,8358acfffffffff,4.226245888589891,9.564498877836224,4.63506400127856,10.452411115105148,108.40629185577576,,,82.63723200192372,0.0,
distance_only,147,8358acfffffffff,8358adfffffffff,4.63506400127856,10.452411115105148,5.681825709296879,10.474385694904724,114.4852632137258,,,87.27118228138069,0.0,
distance_only,148,8358adfffffffff,83581efffffffff,5.681825709296879,10.474385694904724,6.112557875362658,11.378876460131996,111.02613005309048,,,84.63431328948428,0.0,
distance_only,149,83581efffffffff,835811fffffffff,6.112557875362658,11.378876460131996,5.478766791879377,12.26680015059342,120.44169442049824,,,91.81172120316587,0.0,
distance_only,150,835811fffffffff,835815fffffffff,5.478766791879377,12.26680015059342,4.838608464528929,13.156142268175213,120.83385386092692,,,92.11066114572532,0.0,
distance_only,151,835815fffffffff,835833fffffffff,4.838608464528929,13.156142268175213,4.192148680056468,14.046139404691605,121.14063658424736,,,92.34451911325864,0.0,
distance_only,152,835833fffffffff,835832fffffffff,4.192148680056468,14.046139404691605,3.127869371855977,13.997713854149096,114.94247244782656,,,87.61970915103946,0.0,
distance_only,153,835832fffffffff,83598dfffffffff,3.127869371855977,13.997713854149096,2.0769536132182016,13.945321586213742,113.549009039458,,,86.55748336144465,0.0,
distance_only,154,83598dfffffffff,8359abfffffffff,2.0769536132182016,13.945321586213742,1.42315366539312,14.8184019813497,119.93319683058785,,,91.4240976382371,0.0,
distance_only,155,8359abfffffffff,8359aafffffffff,1.42315366539312,14.8184019813497,0.3862404241798085,14.753658812161648,111.7136772748555,,,85.1584249282521,0.0,
distance_only,156,8359aafffffffff,8359aefffffffff,0.3862404241798085,14.753658812161648,-0.2725734226701595,15.616294551951604,119.15978644238947,,,90.8345332080906,0.0,
distance_only,157,8359aefffffffff,8359acfffffffff,-0.2725734226701595,15.616294551951604,0.0990942605811839,16.55916081929011,112.10993262126898,,,85.46048714653311,0.0,
distance_only,158,8359acfffffffff,8359adfffffffff,0.0990942605811839,16.55916081929011,1.149960777211839,16.63790018129364,112.32360208891735,,,85.62336563880068,0.0,
distance_only,159,8359adfffffffff,83591efffffffff,1.149960777211839,16.63790018129364,1.5448842516885657,17.59712470170729,114.6205257562222,,,87.37429181417714,0.0,
distance_only,160,83591efffffffff,83591cfffffffff,1.5448842516885657,17.59712470170729,1.9488671948225629,18.567119587986173,116.00399233683731,,,88.42889710352048,0.0,
distance_only,161,83591cfffffffff,83591dfffffffff,1.9488671948225629,18.567119587986173,3.0446607264139662,18.6503972088746,115.84714727971392,,,88.30933539587437,0.0,
distance_only,162,83591dfffffffff,83590afffffffff,3.0446607264139662,18.6503972088746,4.155061115780687,18.7282303320823,117.28000920646136,,,89.40159435465216,0.0,
distance_only,163,83590afffffffff,83590bfffffffff,4.155061115780687,18.7282303320823,5.279511982128298,18.80031295481675,118.65869449983484,,,90.4525549077326,0.0,
distance_only,164,83590bfffffffff,835956fffffffff,5.279511982128298,18.80031295481675,6.417399532152436,18.866346391632256,119.9781000111888,,,91.45832696652998,0.0,
distance_only,165,835956fffffffff,835952fffffffff,6.417399532152436,18.866346391632256,7.088051853408453,17.938824440425208,125.07514691049114,,,95.34376424080467,0.0,
distance_only,166,835952fffffffff,835953fffffffff,7.088051853408453,17.938824440425208,8.235663132349156,17.989876041636037,121.52008905406817,,,92.63377263577556,0.0,
distance_only,167,835953fffffffff,835951fffffffff,8.235663132349156,17.989876041636037,8.7307448298753,18.979121597564653,121.76076000964542,,,92.8172341420378,0.0,
distance_only,168,835951fffffffff,83595cfffffffff,8.7307448298753,18.979121597564653,9.904693340349,19.025323802631515,123.53043471446688,,,94.16624273412974,0.0,
distance_only,169,83595cfffffffff,83595dfffffffff,9.904693340349,19.025323802631515,11.089063366414011,19.06440249167625,124.56309458078726,,,94.95343092672766,0.0,
distance_only,170,83595dfffffffff,83594efffffffff,11.089063366414011,19.06440249167625,11.625098266766525,20.0638118413629,124.51486005748686,,,94.91666214306906,0.0,
distance_only,171,83594efffffffff,835941fffffffff,11.625098266766525,20.0638118413629,10.958259371961216,21.030194710905747,127.93618944774096,,,97.52471362917258,0.0,
distance_only,172,835941fffffffff,835945fffffffff,10.958259371961216,21.030194710905747,10.282452458126672,21.994332436287458,127.98781568364775,,,97.56406788768454,0.0,
distance_only,173,835945fffffffff,83596efffffffff,10.282452458126672,21.994332436287458,10.822798665255249,23.012599969644608,126.10039279141688,,,96.12530081281284,0.0,
distance_only,174,83596efffffffff,83596cfffffffff,10.822798665255249,23.012599969644608,11.375190565530032,24.03604579278826,126.97462433387308,,,96.791720386443,0.0,
distance_only,175,83596cfffffffff,83596dfffffffff,11.375190565530032,24.03604579278826,12.626598248426806,24.08363225394508,127.17072156287122,,,96.9412037045258,0.0,
distance_only,176,83596dfffffffff,833f9efffffffff,12.626598248426806,24.08363225394508,13.20732228117069,25.11020407098252,128.3641602413837,,,97.85095227417074,0.0,
distance_only,177,833f9efffffffff,833f91fffffffff,13.20732228117069,25.11020407098252,12.517320015931457,26.094793680761683,129.51239652067778,,,98.72624342361148,0.0,
distance_only,178,833f91fffffffff,833f95fffffffff,12.517320015931457,26.094793680761683,11.817085027396857,27.074022331380853,129.24493291535398,,,98.52235809899749,0.0,
distance_only,179,833f95fffffffff,833fb3fffffffff,11.817085027396857,27.074022331380853,11.10660183625883,28.04691417802193,128.87233417688398,,,98.23832911998277,0.0,
distance_only,180,833fb3fffffffff,833fb1fffffffff,11.10660183625883,28.04691417802193,11.68959174328385,29.08666231919754,128.8723341768834,,,98.23832911998232,0.0,
distance_only,181,833fb1fffffffff,833fb5fffffffff,11.68959174328385,29.08666231919754,10.96463894840315,30.054614477909595,128.4519670888682,,,97.91788671775991,0.0,
distance_only,182,833fb5fffffffff,833fb4fffffffff,10.96463894840315,30.054614477909595,9.654890401658257,29.969878969780613,126.46107421178864,,,96.40024531745188,0.0,
distance_only,183,833fb4fffffffff,833fb6fffffffff,9.654890401658257,29.969878969780613,9.094248313856957,28.92651773026392,128.08861606982728,,,97.64090719983152,0.0,
distance_only,184,833fb6fffffffff,8338ebfffffffff,9.094248313856957,28.92651773026392,7.815860891451675,28.82910551389623,124.94399369391532,,,95.24378721363736,0.0,
distance_only,185,8338ebfffffffff,8338eafffffffff,7.815860891451675,28.82910551389623,6.5517548415869005,28.72073074592713,123.79270747085708,,,94.36617111694385,0.0,
distance_only,186,8338eafffffffff,8338eefffffffff,6.5517548415869005,28.72073074592713,5.808027007964247,29.645021644027192,125.60208242492207,,,95.74544288519569,0.0,
distance_only,187,8338eefffffffff,8338ecfffffffff,5.808027007964247,29.645021644027192,6.325790572215031,30.690342367192542,126.44316274658776,,,96.38659155363467,0.0,
distance_only,188,8338ecfffffffff,8338edfffffffff,6.325790572215031,30.690342367192542,7.612234144719886,30.810127086381097,123.65325246391666,,,94.25986570270004,0.0,
distance_only,189,8338edfffffffff,83385efffffffff,7.612234144719886,30.810127086381097,8.162317972846008,31.85632205640169,127.524673894227,,,97.21101867949774,0.0,
distance_only,190,83385efffffffff,833851fffffffff,8.162317972846008,31.85632205640169,7.400812263828982,32.78367692129782,125.5123943366632,,,95.67707438710964,0.0,
distance_only,191,833851fffffffff,833855fffffffff,7.400812263828982,32.78367692129782,6.629245993978717,33.699367535561684,124.56309458078802,,,94.95343092672825,0.0,
distance_only,192,833855fffffffff,833873fffffffff,6.629245993978717,33.699367535561684,5.847703829921471,34.602629099626434,123.53043471446624,,,94.16624273412924,0.0,
distance_only,193,833873fffffffff,833871fffffffff,5.847703829921471,34.602629099626434,6.393007416328502,35.64747258322702,126.32281087016584,,,96.29484829995916,0.0,
distance_only,194,833871fffffffff,833862fffffffff,6.393007416328502,35.64747258322702,6.952747272442262,36.68979311543482,126.3228108701656,,,96.294848299959,0.0,
distance_only,195,833862fffffffff,833863fffffffff,6.952747272442262,36.68979311543482,8.328486055281283,36.82906196471793,123.5304347144673,,,94.16624273413004,0.0,
distance_only,196,833863fffffffff,83386efffffffff,8.328486055281283,36.82906196471793,9.720513613550276,36.95339003153032,124.56309458078738,,,94.95343092672776,0.0,
distance_only,197,83386efffffffff,83386cfffffffff,9.720513613550276,36.95339003153032,10.338341584204452,37.98641036036891,127.14993829656288,,,96.92536079014988,0.0,
distance_only,198,83386cfffffffff,83386dfffffffff,10.338341584204452,37.98641036036891,11.766409249925903,38.091188420373626,125.60546191245696,,,95.74801904097674,0.0,
distance_only,199,83386dfffffffff,831e9efffffffff,11.766409249925903,38.091188420373626,12.421714039882083,39.11376497276648,127.16676304532116,,,96.93818615888736,0.0,
distance_only,200,831e9efffffffff,831e91fffffffff,12.421714039882083,39.11376497276648,11.622705997237889,40.03411257266775,123.13658518566736,54.38324455609764,10.901132277313849,93.86601445099136,24.061810595245472,93.86601445099136
distance_only,201,831e91fffffffff,831e95fffffffff,11.622705997237889,40.03411257266775,10.810432429877004,40.93947657278395,121.87443199760548,,,92.90388537122728,0.0,
distance_only,202,831e95fffffffff,831eb3fffffffff,10.810432429877004,40.93947657278395,9.984894871711171,41.82919458185628,120.54380700426178,56.56778984045684,10.77035347843568,91.8895607928274,15.672858413306212,91.8895607928274
distance_only,203,831eb3fffffffff,831eb1fffffffff,9.984894871711171,41.82919458185628,10.64157560132745,42.83585967224508,124.27086131707146,42.35700694166077,21.13288146414253,94.73066389356975,0.0,94.73066389356975
distance_only,204,831eb1fffffffff,831eb5fffffffff,10.64157560132745,42.83585967224508,9.796563429399011,43.70576012271929,118.47660238249792,,,90.3137475720282,0.0,
distance_only,205,831eb5fffffffff,831f9bfffffffff,9.796563429399011,43.70576012271929,8.937783440046335,44.55850459378089,116.9962361320551,,,89.1852764547944,0.0,
distance_only,206,831f9bfffffffff,831f99fffffffff,8.937783440046335,44.55850459378089,9.599806015237508,45.54801256057206,121.69805199259814,,,92.76943233215752,0.0,
distance_only,207,831f99fffffffff,831f9dfffffffff,9.599806015237508,45.54801256057206,8.720075709398449,46.37871600966721,114.69756750781627,,,87.43302011298091,0.0,
distance_only,208,831f9dfffffffff,831f9cfffffffff,8.720075709398449,46.37871600966721,7.179171436749192,46.21060854937467,119.85263063140256,,,91.36268268178378,0.0,
distance_only,209,831f9cfffffffff,831f9efffffffff,7.179171436749192,46.21060854937467,6.550936917921222,45.22012672968377,120.45283182443389,,,91.82021115533722,0.0,
distance_only,210,831f9efffffffff,83396dfffffffff,6.550936917921222,45.22012672968377,5.940729377325973,44.22043675264557,121.16462075082224,,,92.36280204779769,0.0,
distance_only,211,83396dfffffffff,833969fffffffff,5.940729377325973,44.22043675264557,6.810733169535336,43.394579150586985,115.35457509906632,,,87.93385164052165,0.0,
distance_only,212,833969fffffffff,83396bfffffffff,6.810733169535336,43.394579150586985,6.209723840914782,42.38239736202797,122.73835670342125,,,93.5624481273602,0.0,
distance_only,213,83396bfffffffff,83396afffffffff,6.209723840914782,42.38239736202797,4.77188662088248,42.19684582960627,120.05662421112612,,,91.51818532361337,0.0,
distance_only,214,83396afffffffff,83396efffffffff,4.77188662088248,42.19684582960627,3.907135248719086,43.0135380333221,115.1325718207356,,,87.76462035235058,0.0,
distance_only,215,83396efffffffff,833961fffffffff,3.907135248719086,43.0135380333221,3.031360476969597,43.81261756669315,113.57276092750476,,,86.57558923195644,0.0,
distance_only,216,833961fffffffff,833965fffffffff,3.031360476969597,43.81261756669315,2.144767142697575,44.59372447805005,111.97374021059348,,,85.35666878280874,0.0,
distance_only,217,833965fffffffff,833964fffffffff,2.144767142697575,44.59372447805005,0.7412245422333541,44.46110864843555,112.23401703947476,,,85.55507568636378,0.0,
distance_only,218,833964fffffffff,833966fffffffff,0.7412245422333541,44.46110864843555,0.2313260738368185,43.46556821446403,117.981534720856,,,89.93636153186938,0.0,
distance_only,219,833966fffffffff,833975fffffffff,0.2313260738368185,43.46556821446403,-0.2663026280430504,42.45904406352482,119.02003275039786,,,90.72800010866864,0.0,
distance_only,220,833975fffffffff,833971fffffffff,-0.2663026280430504,42.45904406352482,0.6018306065141648,41.58865817346393,120.45283182443472,,,91.82021115533786,0.0,
distance_only,221,833971fffffffff,833973fffffffff,0.6018306065141648,41.58865817346393,0.1138883713442602,40.57548569703678,119.8526306314006,,,91.3626826817823,0.0,
distance_only,222,833973fffffffff,833972fffffffff,0.1138883713442602,40.57548569703678,-1.2262010329848554,40.41582504552538,114.69756750781583,,,87.43302011298059,0.0,
distance_only,223,833972fffffffff,833976fffffffff,-1.2262010329848554,40.41582504552538,-2.11804259488594,41.2776368536486,121.69805199259862,,,92.76943233215788,0.0,
distance_only,224,833976fffffffff,833929fffffffff,-2.11804259488594,41.2776368536486,-3.039253880039736,42.137519767061626,122.43266426450516,,,93.3294212747348,0.0,
distance_only,225,833929fffffffff,83392dfffffffff,-3.039253880039736,42.137519767061626,-3.990809494763558,42.99433632476868,123.08276287424204,,,93.82498614202522,0.0,
distance_only,226,83392dfffffffff,831859fffffffff,-3.990809494763558,42.99433632476868,-4.973682283435541,43.84690950302149,123.64550958299134,,,94.25396336773002,0.0,
distance_only,227,831859fffffffff,83185dfffffffff,-4.973682283435541,43.84690950302149,-4.516587798193716,44.88543395770091,121.05974773064742,,,92.28285819997691,0.0,
distance_only,228,83185dfffffffff,83185cfffffffff,-4.516587798193716,44.88543395770091,-5.538122734153022,45.73447234647755,123.66885638379036,58.5800045324992,6.167191765736748,94.2717604435372,0.0,94.2717604435372
distance_only,229,83185cfffffffff,83185efffffffff,-5.538122734153022,45.73447234647755,-7.037219148309007,45.53444080913082,118.6581236264284,54.060623746968496,13.550668902375891,90.45211973559154,0.0,90.45211973559154
distance_only,230,83185efffffffff,831853fffffffff,-7.037219148309007,45.53444080913082,-8.119751904209437,46.36688008814767,124.78658108098516,56.942749925615445,0.6854667097600756,95.12379286282932,0.0,95.12379286282932
distance_only,231,831853fffffffff,831850fffffffff,-8.119751904209437,46.36688008814767,-7.684813758276446,47.40978043417014,120.58313602228802,52.089144608116655,13.760450984762882,91.91954098245851,0.0,91.91954098245851
distance_only,232,831850fffffffff,831856fffffffff,-7.684813758276446,47.40978043417014,-8.811922683990785,48.2334666548637,124.376041637065,57.86678668023951,6.339416145919858,94.81084199353565,0.0,94.81084199353565
distance_only,233,831856fffffffff,83180bfffffffff,-8.811922683990785,48.2334666548637,-9.976105170503208,49.04608603100503,124.42347496366985,57.30053565409902,9.345664536055535,94.84700003148866,0.0,94.84700003148866
distance_only,234,83180bfffffffff,83180afffffffff,-9.976105170503208,49.04608603100503,-11.178211262981884,49.84630581495677,124.37604163706744,56.85810532178384,12.571807881955229,94.81084199353752,0.0,94.81084199353752
distance_only,235,83180afffffffff,83181dfffffffff,-11.178211262981884,49.84630581495677,-12.4190136739756,50.63278697216872,124.23395837507334,57.06504288394061,13.739820603652204,94.70253308190516,0.0,94.70253308190516
distance_only,236,83181dfffffffff,83181cfffffffff,-12.4190136739756,50.63278697216872,-13.69919042868524,51.40419042860343,123.99787286078914,57.00259720074834,17.2344031144431,94.5225670201368,0.0,94.5225670201368
distance_only,237,83181cfffffffff,831811fffffffff,-13.69919042868524,51.40419042860343,-15.019305983302717,52.15918371522821,123.66885638379348,56.842614659834894,20.89259407314124,94.27176044353958,0.0,94.27176044353958
distance_only,238,831811fffffffff,831810fffffffff,-15.019305983302717,52.15918371522821,-16.379790945434262,52.89644800230814,123.24839174860448,56.55326321032545,23.31091458845104,93.9512436819023,0.6088475351190564,93.9512436819023
distance_only,239,831810fffffffff,831816fffffffff,-16.379790945434262,52.89644800230814,-17.780920604466893,53.61468551210731,122.73835670342233,56.99060595803256,24.06067071539449,93.56244812736102,0.0,93.56244812736102
distance_only,240,831816fffffffff,83198bfffffffff,-17.780920604466893,53.61468551210731,-19.22279257089268,54.312627292389415,122.14100323195356,57.559875231606775,25.70597648441873,93.10709044872564,0.0,93.10709044872564
distance_only,241,83198bfffffffff,83198afffffffff,-19.22279257089268,54.312627292389415,-20.70530392533055,54.98904132433109,121.45893312889568,57.43864810218216,27.915557393790184,92.5871539728709,0.0,92.5871539728709
distance_only,242,83198afffffffff,831999fffffffff,-20.70530392533055,54.98904132433109,-22.480408365389216,54.6213730187937,120.88207860740594,67.65539822437412,3.280394148850539,92.14742247659277,0.0,92.14742247659277
distance_only,243,831999fffffffff,83199bfffffffff,-22.480408365389216,54.6213730187937,-24.2342766978323,54.22547974239909,121.69805199259864,68.1227355553261,2.310402695237324,92.76943233215788,0.0,92.76943233215788
distance_only,244,83199bfffffffff,8318b4fffffffff,-24.2342766978323,54.22547974239909,-25.96406505150463,53.80200132505171,122.4326642645093,68.48494212235931,1.0701234644103177,93.32942127473795,0.0,93.32942127473795
distance_only,245,8318b4fffffffff,8318b6fffffffff,-25.96406505150463,53.80200132505171,-27.6671821260438,53.35169912592156,123.08276287423917,68.71363905230378,1.2929726361882583,93.82498614202304,0.0,93.82498614202304
wind_distance,1,83eedcfffffffff,83eeddfffffffff,-27.83055450872197,-65.19239867027046,-30.06239548440604,-64.5257632378848,128.87233417688444,58.19854200839951,29.16137051782716,98.23832911998308,0.0,78.2184355641913
wind_distance,2,83eeddfffffffff,83eecafffffffff,-30.06239548440604,-64.5257632378848,-32.17770032225667,-63.82963948262643,128.39642328978954,59.31607382805211,29.75978310992713,97.87554613279796,0.0,78.59580998042503
wind_distance,3,83eecafffffffff,83eecbfffffffff,-32.17770032225667,-63.82963948262643,-34.18003684751135,-63.10743562224235,127.819505757646,60.36808288884446,29.464929469433347,97.4357666040124,20.64864078029035,78.90192474642843
wind_distance,4,83eecbfffffffff,83df96fffffffff,-34.18003684751135,-63.10743562224235,-36.07370718836176,-62.36241033074938,127.14434205233664,59.84216394517307,28.27476604937968,96.92109481882528,35.25874659935426,78.38162938199918
wind_distance,5,83df96fffffffff,83df90fffffffff,-36.07370718836176,-62.36241033074938,-37.86351067661641,-61.59765444897576,126.3741152197,61.3789465566257,28.18197528603707,96.33395718711492,41.9032296772349,78.8564518718703
wind_distance,6,83df90fffffffff,83df91fffffffff,-37.86351067661641,-61.59765444897576,-39.5545474560228,-60.81608007657734,125.51239433666284,63.07090822010498,30.63503027544515,95.67707438710934,19.224459060535743,79.37399130360717
wind_distance,7,83df91fffffffff,83df9cfffffffff,-39.5545474560228,-60.81608007657734,-41.15206058617907,-60.02041546242648,124.56309458078849,64.70252729417248,32.79285559171484,94.9534309267286,23.93052145437851,79.82797911045054
wind_distance,8,83df9cfffffffff,83df9dfffffffff,-41.15206058617907,-60.02041546242648,-42.66131272189328,-59.21320430928908,123.53043471446507,64.60278172769246,32.90017862008539,94.16624273412836,20.79164197823755,79.38451223091042
wind_distance,9,83df9dfffffffff,83df8afffffffff,-42.66131272189328,-59.21320430928908,-44.08749266671768,-58.39680833382526,122.41889280241185,66.7499154956505,36.77247333109809,93.3189234015161,3.642636337592693,80.0344194485833
wind_distance,10,83df8afffffffff,83df8bfffffffff,-44.08749266671768,-58.39680833382526,-45.43564695388184,-57.573412144412245,121.2331609737971,68.40196898738871,40.64239749158488,92.41504970068272,0.0,80.4085093440357
wind_distance,11,83df8bfffffffff,83de16fffffffff,-45.43564695388184,-57.573412144412245,-46.71063185895748,-56.74502970012246,119.97810001119026,69.39978026582908,43.54455682811325,91.4583269665311,0.0,80.42905361618008
wind_distance,12,83de16fffffffff,83de10fffffffff,-46.71063185895748,-56.74502970012246,-47.917081717115,-55.91351178657332,118.65869449983356,70.55700454432338,44.720185526510434,90.45255490773162,10.312353120503571,80.5047797260275
wind_distance,13,83de10fffffffff,83de11fffffffff,-47.917081717115,-55.91351178657332,-49.05938997927256,-55.08055408642641,117.28000920646076,71.51853317350754,46.28153202016937,89.4015943546517,16.781201968297474,80.46006376407962
wind_distance,14,83de11fffffffff,83de1cfffffffff,-49.05938997927256,-55.08055408642641,-50.1417000156092,-54.24770553569724,115.84714727971388,71.10770345331505,47.33270278846173,88.30933539587434,17.243333277741936,79.7085194245947
wind_distance,15,83de1cfffffffff,83de1dfffffffff,-50.1417000156092,-54.24770553569724,-51.16790321465603,-53.41637674515798,114.36521077858056,72.54399938589754,50.31851650826101,87.17966728934785,29.481219384704367,79.8618333376227
wind_distance,16,83de1dfffffffff,83de0afffffffff,-51.16790321465603,-53.41637674515798,-52.14164240732195,-52.58784833303852,112.83926394447168,73.57814666127041,51.53191145362155,86.01645046499026,17.41103640667404,79.79729856313034
wind_distance,17,83de0afffffffff,83dee4fffffffff,-52.14164240732195,-52.58784833303852,-51.33369111063651,-51.69194427659555,113.85948344177451,35.94904604684825,62.53240039648608,86.79415546576332,10.656662449689613,61.37160075630579
wind_distance,18,83dee4fffffffff,83dee5fffffffff,-51.33369111063651,-51.69194427659555,-52.255031810702384,-50.88504065286426,110.24986530956193,74.89752672551408,48.63074415620077,84.04257300755279,17.818709431930408,79.47004986653343
wind_distance,19,83dee5fffffffff,83de52fffffffff,-52.255031810702384,-50.88504065286426,-53.13214509482192,-50.08301520295707,108.64679778875993,74.3853669799932,46.78817454825544,82.82056771280932,13.34909419706674,78.60296734640126
wind_distance,20,83de52fffffffff,83de53fffffffff,-53.13214509482192,-50.08301520295707,-53.967757984325566,-49.286774487725445,107.0166397985774,74.39766426394813,45.91289511174775,81.57791157423645,13.339881428906605,77.98778791909228
wind_distance,21,83de53fffffffff,83de5efffffffff,-53.967757984325566,-49.286774487725445,-54.7644163332168,-48.497130285094,105.36387554479676,73.71592850059919,43.30774901455757,80.31802286532402,11.725761532054122,77.0169756829616
wind_distance,22,83de5efffffffff,83de58fffffffff,-54.7644163332168,-48.497130285094,-55.52449454489262,-47.71480598812804,103.69281221697037,73.18837258951781,43.20220289037771,79.04418492153368,8.491091093403933,76.11627875552574
wind_distance,23,83de58fffffffff,83de5bfffffffff,-55.52449454489262,-47.71480598812804,-54.749349794867214,-46.91079253262034,106.80587069262796,37.08932575253053,56.141209186304,81.41724400403348,0.0,59.253284878282
wind_distance,24,83de5bfffffffff,83c3b5fffffffff,-54.749349794867214,-46.91079253262034,-54.00718833446861,-46.11264903755499,105.36511095763537,35.67709092432971,56.06285169512274,80.31896461045352,0.0,57.99802776739162
wind_distance,25,83c3b5fffffffff,83c3a2fffffffff,-54.00718833446861,-46.11264903755499,-54.73555874222228,-45.371437022524645,99.93772580764336,72.31434818526203,49.591308860143954,76.18171318227648,0.0,74.24803068376926
wind_distance,26,83c3a2fffffffff,83c3a3fffffffff,-54.73555874222228,-45.371437022524645,-55.43326443230958,-44.638275176876455,98.25939101605717,71.80427139949222,44.84097524782123,74.90233226097602,0.0,73.35330183023413
wind_distance,27,83c3a3fffffffff,83c3aefffffffff,-55.43326443230958,-44.638275176876455,-56.10200756030591,-43.91362644315471,96.57741363696452,71.0175854246732,43.075252210984885,73.6201746249323,0.0,72.31888002480275
wind_distance,28,83c3aefffffffff,83c3aafffffffff,-56.10200756030591,-43.91362644315471,-55.39309310891529,-43.17034579442026,100.47715825194564,40.06152848812856,47.44334131895727,76.59291813436984,0.0,58.3272233112492
wind_distance,29,83c3aafffffffff,83c3abfffffffff,-55.39309310891529,-43.17034579442026,-56.036572252749146,-42.47021681912311,93.88839407042884,70.28431779793394,39.863312119269175,71.57035694393318,0.0,70.92733737093356
wind_distance,30,83c3abfffffffff,83c3a9fffffffff,-56.036572252749146,-42.47021681912311,-57.35888724351914,-42.491421785866834,108.46329572010944,73.35738045926978,13.61783257158058,82.6806855827197,0.0,78.01903302099474
wind_distance,31,83c3a9fffffffff,83c3adfffffffff,-57.35888724351914,-42.491421785866834,-58.08972343870734,-43.20953607777423,99.6268871158208,55.22074301599284,40.54389465802819,75.9447633830389,0.0,65.58275319951588
wind_distance,32,83c3adfffffffff,83c31efffffffff,-58.08972343870734,-43.20953607777423,-59.43065154215923,-43.20543813990415,108.67903525636802,71.69086651076081,18.624664006901625,82.8451420714031,0.0,77.26800429108195
wind_distance,33,83c31efffffffff,83c31cfffffffff,-59.43065154215923,-43.20543813990415,-60.72590580810889,-43.132568235371714,105.35466651755216,69.54703902479538,17.984850507014404,80.31100289897431,0.0,74.92902096188485
wind_distance,34,83c31cfffffffff,83c31dfffffffff,-60.72590580810889,-43.132568235371714,-61.10582028927719,-42.19199865246609,109.102420686805,64.87391316062904,33.24294021248033,83.16788533143271,0.0,74.02089924603088
wind_distance,35,83c31dfffffffff,83c30afffffffff,-61.10582028927719,-42.19199865246609,-61.47362441961694,-41.25270455108213,108.81388490411317,64.32738871883143,30.052694230198675,82.9479368578987,0.0,73.63766278836506
wind_distance,36,83c30afffffffff,83c30bfffffffff,-61.47362441961694,-41.25270455108213,-61.82985925428938,-40.3153049359237,108.46329572010391,64.07237565970492,26.522256588531025,82.68068558271548,0.0,73.37653062121021
wind_distance,37,83c30bfffffffff,83c356fffffffff,-61.82985925428938,-40.3153049359237,-62.17503592316898,-39.38040436754102,108.05186432887764,,,82.36705478926604,0.0,
wind_distance,38,83c356fffffffff,83c350fffffffff,-62.17503592316898,-39.38040436754102,-62.50963752582108,-38.44859145060387,107.58099712822288,,,82.00811656311242,0.0,
wind_distance,39,83c350fffffffff,83c351fffffffff,-62.50963752582108,-38.44859145060387,-62.45386969224467,-37.57247150360533,97.54266186994847,,,74.35597547932056,0.0,
wind_distance,40,83c351fffffffff,83c35cfffffffff,-62.45386969224467,-37.57247150360533,-62.39858482318752,-36.68307834521445,99.01751557668916,,,75.48024442945655,0.0,
wind_distance,41,83c35cfffffffff,83c35dfffffffff,-62.39858482318752,-36.68307834521445,-62.343776773414895,-35.780548893582406,100.4771582519453,,,76.59291813436957,0.0,
wind_distance,42,83c35dfffffffff,83c34afffffffff,-62.343776773414895,-35.780548893582406,-62.28943949974828,-34.865050234601895,101.91823516318276,,,77.69143930881376,0.0,
wind_distance,43,83c34afffffffff,83c34bfffffffff,-62.28943949974828,-34.865050234601895,-62.2355670589937,-33.93678079400253,103.33726125132571,,,78.77315132068351,0.0,
wind_distance,44,83c34bfffffffff,83c2e9fffffffff,-62.2355670589937,-33.93678079400253,-61.23482591573246,-33.379000583963,111.47016384910614,,,84.97279663016397,0.0,
wind_distance,45,83c2e9fffffffff,83c2ebfffffffff,-61.23482591573246,-33.379000583963,-60.25148577742109,-32.81593625576219,110.95283880848672,,,84.57844397156602,0.0,
wind_distance,46,83c2ebfffffffff,83c2ccfffffffff,-60.25148577742109,-32.81593625576219,-59.2856608564301,-32.24828775957427,110.37231091274236,,,84.1359122920576,0.0,
wind_distance,47,83c2ccfffffffff,83c2cefffffffff,-59.2856608564301,-32.24828775957427,-58.2879029854873,-31.897011792474537,101.8035602585264,,,77.60402356440757,0.0,
wind_distance,48,83c2cefffffffff,83c2ddfffffffff,-58.2879029854873,-31.897011792474537,-57.27167550379452,-31.58908763591373,102.01368882732508,,,77.76420285836545,0.0,
wind_distance,49,83c2ddfffffffff,83c2dcfffffffff,-57.27167550379452,-31.58908763591373,-56.29290093514759,-32.171892774479495,112.87357633600716,,,86.04260652116852,0.0,
wind_distance,50,83c2dcfffffffff,83c2defffffffff,-56.29290093514759,-32.171892774479495,-55.259386114172536,-31.84783355955129,103.8968498428361,,,79.19972113937814,0.0,
wind_distance,51,83c2defffffffff,83c2dafffffffff,-55.259386114172536,-31.84783355955129,-55.21511074636932,-30.93482512651256,101.60898978634836,,,77.45570408059486,0.0,
wind_distance,52,83c2dafffffffff,83c2dbfffffffff,-55.21511074636932,-30.93482512651256,-56.2016840305668,-30.35004663210461,114.6135844750966,,,87.36900053219574,0.0,
wind_distance,53,83c2dbfffffffff,83a975fffffffff,-56.2016840305668,-30.35004663210461,-56.15628058430347,-29.416940174998548,103.84914028402255,,,79.16335253186567,0.0,
wind_distance,54,83a975fffffffff,83a971fffffffff,-56.15628058430347,-29.416940174998548,-56.11101306665727,-28.46923362642102,105.47232156999624,,,80.40069038572975,0.0,
wind_distance,55,83a971fffffffff,83a973fffffffff,-56.11101306665727,-28.46923362642102,-55.08308977112326,-28.106743034623467,108.4202585693546,,,82.64787871375715,0.0,
wind_distance,56,83a973fffffffff,83a954fffffffff,-55.08308977112326,-28.106743034623467,-54.0482421511476,-27.731525218430328,109.9036727500973,,,83.77867324339631,0.0,
wind_distance,57,83a954fffffffff,83a956fffffffff,-54.0482421511476,-27.731525218430328,-53.00708160421143,-27.34357010790724,111.35100616814702,,,84.8819637019486,0.0,
wind_distance,58,83a956fffffffff,83a952fffffffff,-53.00708160421143,-27.34357010790724,-52.96626718695735,-26.35273952083224,110.24986530956156,,,84.04257300755252,0.0,
wind_distance,59,83a952fffffffff,83a953fffffffff,-52.96626718695735,-26.35273952083224,-53.963770546328725,-25.75455765668322,119.8057945954452,,,91.3269799536192,0.0,
wind_distance,60,83a953fffffffff,83a95efffffffff,-53.963770546328725,-25.75455765668322,-54.952264807662985,-25.14900116779973,119.93319683058854,,,91.42409763823764,0.0,
wind_distance,61,83a95efffffffff,83a95cfffffffff,-54.952264807662985,-25.14900116779973,-55.97602056615206,-25.5405773631746,111.71367727485462,,,85.15842492825143,0.0,
wind_distance,62,83a95cfffffffff,83a95dfffffffff,-55.97602056615206,-25.5405773631746,-56.946351118067625,-24.92578323526011,119.1597864423872,,,90.83453320808886,0.0,
wind_distance,63,83a95dfffffffff,83a959fffffffff,-56.946351118067625,-24.92578323526011,-56.900422018252286,-23.918423420629843,112.10993262126895,,,85.46048714653308,0.0,
wind_distance,64,83a959fffffffff,83a95bfffffffff,-56.900422018252286,-23.918423420629843,-55.88669513608247,-23.51961629805521,112.3236020889162,,,85.62336563879978,0.0,
wind_distance,65,83a95bfffffffff,83a874fffffffff,-55.88669513608247,-23.51961629805521,-54.865705282191975,-23.108820911599288,113.82610052152852,,,86.76870793796724,0.0,
wind_distance,66,83a874fffffffff,83a876fffffffff,-54.865705282191975,-23.108820911599288,-53.83802913828195,-22.686108394880225,115.28484880398854,,,87.88069985454743,0.0,
wind_distance,67,83a876fffffffff,83a872fffffffff,-53.83802913828195,-22.686108394880225,-53.796370760633714,-21.637356761677697,116.69490069218728,,,88.95557090700306,0.0,
wind_distance,68,83a872fffffffff,83a809fffffffff,-53.796370760633714,-21.637356761677697,-52.76408034601325,-21.19381766967376,117.69207243551745,,,89.71570679292532,0.0,
wind_distance,69,83a809fffffffff,83a80bfffffffff,-52.76408034601325,-21.19381766967376,-51.72637199061283,-20.738894491172527,119.03122373566792,,,90.73653090545416,0.0,
wind_distance,70,83a80bfffffffff,83a8e4fffffffff,-51.72637199061283,-20.738894491172527,-50.68388865486845,-20.272802525235893,120.30888522666272,,,91.71048183804145,0.0,
wind_distance,71,83a8e4fffffffff,83a8e6fffffffff,-50.68388865486845,-20.272802525235893,-49.63729185997181,-19.79579821126944,121.52008905406674,,,92.63377263577448,0.0,
wind_distance,72,83a8e6fffffffff,83a8e2fffffffff,-49.63729185997181,-19.79579821126944,-49.60187339095635,-18.70128955300349,121.76076000964493,,,92.81723414203742,0.0,
wind_distance,73,83a8e2fffffffff,83a8e3fffffffff,-49.60187339095635,-18.70128955300349,-50.60999468552081,-18.088498700295364,126.32281087016516,,,96.29484829995864,0.0,
wind_distance,74,83a8e3fffffffff,83a8eefffffffff,-50.60999468552081,-18.088498700295364,-51.61106746036044,-17.47050931941304,126.32281087016467,,,96.29484829995828,0.0,
wind_distance,75,83a8eefffffffff,83a8ecfffffffff,-51.61106746036044,-17.47050931941304,-52.64425705591377,-17.95049212575175,121.76076000964576,,,92.81723414203806,0.0,
wind_distance,76,83a8ecfffffffff,83a8edfffffffff,-52.64425705591377,-17.95049212575175,-53.63100006058626,-17.32584296968953,125.5294043205322,,,95.690040959061,0.0,
wind_distance,77,83a8edfffffffff,83a8e9fffffffff,-53.63100006058626,-17.32584296968953,-53.589970434844936,-16.221804368517642,122.84134731999366,,,93.64095703426976,0.0,
wind_distance,78,83a8e9fffffffff,83a8ebfffffffff,-53.589970434844936,-16.221804368517642,-52.56498635758213,-15.736011761693932,122.16097563069276,,,93.12231524536789,0.0,
wind_distance,79,83a8ebfffffffff,83a8ccfffffffff,-52.56498635758213,-15.736011761693932,-51.53479232290384,-15.240554221152925,123.37574266674746,,,94.04832224798996,0.0,
wind_distance,80,83a8ccfffffffff,83a8cefffffffff,-51.53479232290384,-15.240554221152925,-50.50001928325744,-14.735782059568477,124.51486005748546,,,94.916662143068,0.0,
wind_distance,81,83a8cefffffffff,83a8ddfffffffff,-50.50001928325744,-14.735782059568477,-49.46131574581997,-14.222084697622112,125.57344815065144,,,95.72361521149148,0.0,
wind_distance,82,83a8ddfffffffff,83a8d9fffffffff,-49.46131574581997,-14.222084697622112,-49.42645288895152,-13.08067867854374,126.97462433387356,,,96.79172038644336,0.0,
wind_distance,83,83a8d9fffffffff,83a8dbfffffffff,-49.42645288895152,-13.08067867854374,-48.38608247506741,-12.552580282948911,127.17072156287132,,,96.94120370452586,0.0,
wind_distance,84,83a8dbfffffffff,838175fffffffff,-48.38608247506741,-12.552580282948911,-48.35292493566055,-11.398631006566305,128.36416024138467,,,97.85095227417148,0.0,
wind_distance,85,838175fffffffff,838171fffffffff,-48.35292493566055,-11.398631006566305,-48.31987237785977,-10.238928903134196,129.00368577230464,,,98.3384573697253,0.0,
wind_distance,86,838171fffffffff,838173fffffffff,-48.31987237785977,-10.238928903134196,-47.280188597727,-9.693765618047648,128.99387806152086,,,98.3309810317972,0.0,
wind_distance,87,838173fffffffff,838154fffffffff,-47.280188597727,-9.693765618047648,-46.23868189203487,-9.14271457177125,129.6430090443284,,,98.8258082849724,0.0,
wind_distance,88,838154fffffffff,838156fffffffff,-46.23868189203487,-9.14271457177125,-45.19603710884472,-8.586363749156394,130.18896248354093,,,99.2419841382935,0.0,
wind_distance,89,838156fffffffff,838152fffffffff,-45.19603710884472,-8.586363749156394,-45.1680152629652,-7.411230936731446,130.70541185973667,,,99.63566928504416,0.0,
wind_distance,90,838152fffffffff,83802cfffffffff,-45.1680152629652,-7.411230936731446,-45.14008369864204,-6.233608923543788,130.98208135785148,,,99.84657218663948,0.0,
wind_distance,91,83802cfffffffff,83802efffffffff,-45.14008369864204,-6.233608923543788,-44.10035776284053,-5.668385560769351,131.0441499939945,,,99.89388660167192,0.0,
wind_distance,92,83802efffffffff,838023fffffffff,-44.10035776284053,-5.668385560769351,-43.0854598262675,-6.281042200853475,131.29477929922317,,,100.08493927664227,0.0,
wind_distance,93,838023fffffffff,838022fffffffff,-43.0854598262675,-6.281042200853475,-42.06817402435892,-6.891739291669503,131.2947792992237,,,100.08493927664269,0.0,
wind_distance,94,838022fffffffff,838035fffffffff,-42.06817402435892,-6.891739291669503,-41.04913516065597,-7.499763758964962,131.18335310801845,,,100.00000000000024,0.0,
wind_distance,95,838035fffffffff,83811bfffffffff,-41.04913516065597,-7.499763758964962,-41.070465861173815,-8.67652168870399,130.87076142787078,,,99.76171391206172,0.0,
wind_distance,96,83811bfffffffff,838119fffffffff,-41.070465861173815,-8.67652168870399,-42.11423330620472,-9.245319429648015,130.93378374609097,,,99.80975531116232,0.0,
wind_distance,97,838119fffffffff,83811dfffffffff,-42.11423330620472,-9.245319429648015,-42.13737671194217,-10.416647326155552,130.27057827594177,,,99.30419919109342,0.0,
wind_distance,98,83811dfffffffff,83811cfffffffff,-42.13737671194217,-10.416647326155552,-41.11333905444868,-11.01863484977654,130.37658422954175,,,99.38500666482273,0.0,
wind_distance,99,83811cfffffffff,83811efffffffff,-41.11333905444868,-11.01863484977654,-40.068354575447366,-10.449679845648951,130.520981471155,,,99.4950795042434,0.0,
wind_distance,100,83811efffffffff,8381adfffffffff,-40.068354575447366,-10.449679845648951,-39.02632811261704,-9.876855364153505,130.63072644943526,,,99.57873720598693,0.0,
wind_distance,101,8381adfffffffff,8381acfffffffff,-39.02632811261704,-9.876855364153505,-38.004189800253066,-10.469351983149506,129.82786999719409,,,98.96672628141474,0.0,
wind_distance,102,8381acfffffffff,8381aefffffffff,-38.004189800253066,-10.469351983149506,-36.96832612385055,-9.891295794202206,130.3228942808786,,,99.34407925491048,0.0,
wind_distance,103,8381aefffffffff,8381aafffffffff,-36.96832612385055,-9.891295794202206,-36.95382865398404,-8.722319856320942,129.99410722547057,,,99.0934475645181,0.0,
wind_distance,104,8381aafffffffff,8381abfffffffff,-36.95382865398404,-8.722319856320942,-37.97173038337054,-8.128391442403322,129.98989164812602,,,99.09023406429516,0.0,
wind_distance,105,8381abfffffffff,83818dfffffffff,-37.97173038337054,-8.128391442403322,-37.95558146074781,-6.952973959083126,130.71276324848552,,,99.64127318872148,0.0,
wind_distance,106,83818dfffffffff,838032fffffffff,-37.95558146074781,-6.952973959083126,-38.97262652504691,-6.351852613010659,130.7114973032996,,,99.64030816903268,0.0,
wind_distance,107,838032fffffffff,838033fffffffff,-38.97262652504691,-6.351852613010659,-39.98987433003491,-5.747213686186128,131.044149993994,,,99.89388660167155,0.0,
wind_distance,108,838033fffffffff,838015fffffffff,-39.98987433003491,-5.747213686186128,-39.970415720919775,-4.566612045265059,131.2947792992235,,,100.08493927664252,0.0,
wind_distance,109,838015fffffffff,838011fffffffff,-39.970415720919775,-4.566612045265059,-39.951021065006856,-3.386009881584493,131.2947792992235,,,100.08493927664252,0.0,
wind_distance,110,838011fffffffff,838013fffffffff,-39.951021065006856,-3.386009881584493,-38.919455397479744,-2.813409804111022,131.04414999399395,,,99.89388660167153,0.0,
wind_distance,111,838013fffffffff,8380acfffffffff,-38.919455397479744,-2.813409804111022,-37.89151818715549,-2.241356974785438,130.71149730329984,,,99.64030816903288,0.0,
wind_distance,112,8380acfffffffff,8380aefffffffff,-37.89151818715549,-2.241356974785438,-36.867848159912654,-1.6705171207167144,130.27057827594177,,,99.30419919109342,0.0,
wind_distance,113,8380aefffffffff,8380aafffffffff,-36.867848159912654,-1.6705171207167144,-36.85368327649224,-0.498099480912631,130.3765842295421,43.132003021802745,59.17921172530493,99.38500666482298,39.24674927683176,71.25850484331286
wind_distance,114,8380aafffffffff,83808cfffffffff,-36.85368327649224,-0.498099480912631,-36.83956497656423,0.6708787465931045,129.99410722547046,47.09326582844987,55.26595099737032,99.093447564518,39.2313817530815,73.09335669648394
wind_distance,115,83808cfffffffff,83808efffffffff,-36.83956497656423,0.6708787465931045,-35.82420275350771,1.2322078818641211,128.99387806152177,75.03792670350246,24.82582802629295,98.33098103179788,39.11615807151357,86.68445386765018
wind_distance,116,83808efffffffff,83809dfffffffff,-35.82420275350771,1.2322078818641211,-34.81431363610812,1.789893706087209,128.24472565047614,75.45660940657993,18.41144570321501,97.75990825976044,35.24074061325804,86.60825883317018
wind_distance,117,83809dfffffffff,83809cfffffffff,-34.81431363610812,1.789893706087209,-33.819509556967134,1.1881928149356444,129.24493291535398,70.74813036249145,29.716821775162927,98.52235809899749,31.581080688366946,84.63524423074446
wind_distance,118,83809cfffffffff,83809efffffffff,-33.819509556967134,1.1881928149356444,-32.820612794424655,1.7425415365598105,126.99806769767405,73.17366827407773,19.190672804316584,96.80959107143887,33.443512700303955,84.99162967275831
wind_distance,119,83809efffffffff,838093fffffffff,-32.820612794424655,1.7425415365598105,-31.83461547161728,1.1431783066454078,128.2750662496022,70.36079965368292,25.906380772631312,97.78303665098328,32.67418246751255,84.0719181523331
wind_distance,120,838093fffffffff,837c6cfffffffff,-31.83461547161728,1.1431783066454078,-30.84891790098236,1.6936357793381736,125.50769070252616,71.09579733226546,21.00817603278981,95.67348884517492,31.517015292505807,83.3846430887202
wind_distance,121,837c6cfffffffff,837c6efffffffff,-30.84891790098236,1.6936357793381736,-29.871399818622184,2.238723098785788,124.39592583205098,70.15111936062345,22.3560958229346,94.8259995531763,30.382339491968175,82.48855945689988
wind_distance,122,837c6efffffffff,837c6afffffffff,-29.871399818622184,2.238723098785788,-29.86889580542288,3.3746069421088234,126.30500124655012,52.80563513681227,41.60406308464055,96.2812721691516,27.73106015790439,74.54345365298194
wind_distance,123,837c6afffffffff,837c6bfffffffff,-29.86889580542288,3.3746069421088234,-30.84071151774895,3.9729185961614175,126.70953298975935,36.09821108476063,35.837685948871965,96.58964341719869,27.15750427139801,66.34392725097966
wind_distance,124,837c6bfffffffff,837c4dfffffffff,-30.84071151774895,3.9729185961614175,-30.8366283407957,5.102775222228874,125.63531342863992,60.30294697621036,42.61683960743211,95.77077460826152,25.914655351745747,78.03686079223594
wind_distance,125,837c4dfffffffff,837c49fffffffff,-30.8366283407957,5.102775222228874,-30.83255842036689,6.225019152234905,124.78881643252882,70.26092750736896,45.20131761918973,95.12549685307712,28.66029174485948,82.69321218022304
wind_distance,126,837c49fffffffff,8356ebfffffffff,-30.83255842036689,6.225019152234905,-31.806101355001186,6.823325163374361,126.46507613486185,39.8668954027424,63.232177917264586,96.40329595076656,34.16320613923834,68.13509567675447
wind_distance,127,8356ebfffffffff,8356eafffffffff,-31.806101355001186,6.823325163374361,-32.7840120385713,7.4208541819784655,126.71558914325892,38.48627390789006,65.84540460635777,96.59425997361085,36.90031337145564,67.54026694075046
wind_distance,128,8356eafffffffff,8356eefffffffff,-32.7840120385713,7.4208541819784655,-32.77676323958047,8.531765343609958,123.53043471446686,77.10850470380778,60.0702171816374,94.16624273412972,33.2302283265108,85.63737371896875
wind_distance,129,8356eefffffffff,8356ecfffffffff,-32.77676323958047,8.531765343609958,-31.79482508531481,9.03907648502624,121.76076000964608,94.01928326175285,16.729704261475337,92.8172341420383,32.39212528097512,93.41825870189558
wind_distance,130,8356ecfffffffff,8356edfffffffff,-31.79482508531481,9.03907648502624,-30.8244580918476,8.443605238473047,125.5294043205305,64.12847559375706,80.1150153906204,95.69004095905971,34.23734351083802,79.9092582764084
wind_distance,131,8356edfffffffff,83565efffffffff,-30.8244580918476,8.443605238473047,-29.856496843182207,8.943353848728355,120.0333034441651,90.61448613009264,19.58531077426019,91.50040809318853,33.92868583627772,91.05744711164058
wind_distance,132,83565efffffffff,835658fffffffff,-29.856496843182207,8.943353848728355,-28.897927033047825,8.347093858681097,124.4993435407678,59.717378482905765,72.47037649612984,94.90483402894372,32.2619024548632,77.31110625592474
wind_distance,133,835658fffffffff,83565dfffffffff,-28.897927033047825,8.347093858681097,-27.94582285946385,8.839087054311317,118.11385995702511,86.57149136877335,22.61760606640746,90.03723198001241,32.18539200661151,88.30436167439288
wind_distance,134,83565dfffffffff,83564efffffffff,-27.94582285946385,8.839087054311317,-27.003042510601965,9.32261102488248,116.64801683271536,84.34596890750042,24.58114927242446,88.9198317233634,34.49203773206896,86.63290031543191
wind_distance,135,83564efffffffff,835648fffffffff,-27.003042510601965,9.32261102488248,-26.066366528656875,8.727022404282168,122.33939137502644,53.92800603584677,68.91528966759365,93.2583201119204,38.615875170332224,73.59316307388359
wind_distance,136,835648fffffffff,83564bfffffffff,-26.066366528656875,8.727022404282168,-26.06276913696877,7.647027920857975,120.0907259111857,22.677691028102725,35.40256213019452,91.54418077139816,32.110488612770915,57.110935899750444
wind_distance,137,83564bfffffffff,837c5bfffffffff,-26.06276913696877,7.647027920857975,-26.998800330943453,7.153825210278917,116.87982574567276,23.493108269151943,24.477526580634084,89.096537766825,29.89878034078816,56.29482301798847
wind_distance,138,837c5bfffffffff,837c59fffffffff,-26.998800330943453,7.153825210278917,-27.94458593933044,6.652475612345678,118.35532447201614,20.76795668779963,23.28611733672204,90.2212984101426,31.255455857767377,55.49462754897111
wind_distance,139,837c59fffffffff,837c5dfffffffff,-27.94458593933044,6.652475612345678,-27.943964495835885,5.546096403454672,123.02394408847968,28.12013841775617,37.75806879365416,93.78014906142865,33.05657461097805,60.950143739592406
wind_distance,140,837c5dfffffffff,837c5cfffffffff,-27.943964495835885,5.546096403454672,-26.994530967034738,4.95015955123623,124.2708613170715,56.8299045121719,46.3266527055852,94.7306638935698,28.992846161626183,75.78028420287085
wind_distance,141,837c5cfffffffff,837c5efffffffff,-26.994530967034738,4.95015955123623,-26.0555399762636,5.4608615049615015,118.47660238249831,70.34488209743351,2.9787000447843868,90.3137475720285,26.04900153680217,80.32931483473101
wind_distance,142,837c5efffffffff,837cedfffffffff,-26.0555399762636,5.4608615049615015,-25.12671283144919,5.963749782499141,116.996236132055,70.40546951052062,11.283220756977633,89.18527645479432,26.718189471684468,79.79537298265747
wind_distance,143,837cedfffffffff,837cecfffffffff,-25.12671283144919,5.963749782499141,-24.201863687087407,5.371435105738333,121.69805199259898,53.46435743508747,34.37538118574111,92.76943233215816,27.167683690222688,73.11689488362282
wind_distance,144,837cecfffffffff,837ceefffffffff,-24.201863687087407,5.371435105738333,-23.292903147293565,5.867123597913117,114.69756750781576,65.18618412728974,10.421032995024468,87.43302011298053,28.180040279510862,76.30960212013514
wind_distance,145,837ceefffffffff,837ceafffffffff,-23.292903147293565,5.867123597913117,-23.300785381492823,6.944954250075057,119.85263063140196,60.423778621408445,15.50519334097794,91.36268268178334,29.7586047873935,75.8932306515959
wind_distance,146,837ceafffffffff,837cebfffffffff,-23.300785381492823,6.944954250075057,-24.214846927066056,7.53759196497461,120.45283182443455,52.213914958153936,31.63489762289126,91.82021115533772,21.1519588609374,72.01706305674583
wind_distance,147,837cebfffffffff,837ccdfffffffff,-24.214846927066056,7.53759196497461,-24.221308030557285,8.607944240755227,119.02003275039708,72.02461832276771,20.77704030388797,90.72800010866804,24.724202204684985,81.37630921571787
wind_distance,148,837ccdfffffffff,837cc9fffffffff,-24.221308030557285,8.607944240755227,-24.227748916814285,9.668957152092526,117.98153472085504,76.0788877358429,23.21758509755589,89.93636153186864,26.550689343803136,83.00762463385577
wind_distance,149,837cc9fffffffff,83566bfffffffff,-24.227748916814285,9.668957152092526,-25.14689143622826,10.263284183321902,120.4163701174043,54.390607880774766,59.510819284966985,91.79241669348994,26.41955983911921,73.09151228713236
wind_distance,150,83566bfffffffff,83566afffffffff,-25.14689143622826,10.263284183321902,-26.073527206163885,10.857597690304823,120.9428543456352,51.077426655586095,67.61355151824405,92.19375132609184,29.30565898428309,71.63558899083897
wind_distance,151,83566afffffffff,83566efffffffff,-26.073527206163885,10.857597690304823,-26.055334121114896,11.898539177030948,115.76456067771768,80.79819460991358,39.74004653278854,88.24638030283887,34.291252780123926,84.52228745637623
wind_distance,152,83566efffffffff,835661fffffffff,-26.055334121114896,11.898539177030948,-25.948712160951256,12.909873213322385,113.0499058410016,83.41374814243399,36.14368342489858,86.17702106449039,34.49174143475737,84.7953846034622
wind_distance,153,835661fffffffff,835665fffffffff,-25.948712160951256,12.909873213322385,-25.839702567697408,13.935414626199387,114.64302309759282,84.96862743676512,36.74061981786954,87.39144135399115,37.670154384735206,86.18003439537813
wind_distance,154,835665fffffffff,83574bfffffffff,-25.839702567697408,13.935414626199387,-25.728225048591103,14.9747827877784,116.1942661623145,88.34934214499728,39.437302646129375,88.57394128860129,37.29430980761484,88.46164171679928
wind_distance,155,83574bfffffffff,835749fffffffff,-25.728225048591103,14.9747827877784,-24.672710526547,15.407963915478335,123.08276287423968,91.06125728565088,43.42614716110053,93.82498614202342,34.42550466876978,92.44312171383714
wind_distance,156,835749fffffffff,83574dfffffffff,-24.672710526547,15.407963915478335,-24.546047740665053,16.465366485717198,118.35532447201612,92.665530069017,47.51799737935841,90.2212984101426,20.902124202353725,91.4434142395798
wind_distance,157,83574dfffffffff,83576bfffffffff,-24.546047740665053,16.465366485717198,-24.416449820913467,17.535380858770083,119.77573757173067,94.001241203056,51.133538172862025,91.30406772961942,17.27752646658395,92.65265446633771
wind_distance,158,83576bfffffffff,835769fffffffff,-24.416449820913467,17.535380858770083,-23.325875432840927,17.973324437925505,125.3373078534878,91.10380235639316,51.87541940080788,95.54360738918098,23.13032928554486,93.32370487278706
wind_distance,159,835769fffffffff,83576dfffffffff,-23.325875432840927,17.973324437925505,-23.17987442068898,19.058783485366845,121.67542187558844,96.85102730589765,33.85558315759652,92.75218157855689,16.48790945596956,94.80160444222727
wind_distance,160,83576dfffffffff,83576cfffffffff,-23.17987442068898,19.058783485366845,-24.148036498415987,19.711000614673218,124.78881643252902,53.11988765331365,93.1373966596958,95.12549685307724,13.935065192381131,74.12269225319544
wind_distance,161,83576cfffffffff,83576efffffffff,-24.148036498415987,19.711000614673218,-25.25589943674969,19.261236419756603,126.44316274658772,7.726465773002426,47.28870431409451,96.38659155363464,18.885807863914003,52.05652866331854
wind_distance,162,83576efffffffff,835763fffffffff,-25.25589943674969,19.261236419756603,-26.24187270641521,19.90388333703424,125.60208242492112,46.20110305027325,90.18496382711812,95.74544288519496,28.115115362620365,70.9732729677341
wind_distance,163,835763fffffffff,835762fffffffff,-26.24187270641521,19.90388333703424,-27.24143820420208,20.544604917081006,126.3050012465497,43.21419945710796,88.64790400341244,96.28127216915126,32.16881280939294,69.74773581312961
wind_distance,164,835762fffffffff,835775fffffffff,-27.24143820420208,20.544604917081006,-28.254258102255253,21.182594111910365,126.91379442936484,40.37815923629242,83.89212718603034,96.74535024643129,38.64778020392053,68.56175474136185
wind_distance,165,835775fffffffff,835770fffffffff,-28.254258102255253,21.182594111910365,-29.35681497208016,20.701250992924024,126.39181586043216,8.106599910865233,21.71906128823237,96.34745024115936,44.3131467218121,52.227025076012296
wind_distance,166,835770fffffffff,835776fffffffff,-29.35681497208016,20.701250992924024,-30.382733086813555,21.326353963545014,127.16676304532334,35.784875983664385,79.49033859651097,96.938186158889,46.1967458978124,66.36153107127669
wind_distance,167,835776fffffffff,83572bfffffffff,-30.382733086813555,21.326353963545014,-31.4203085099453,21.94691335542508,127.52467389422767,34.29255069163659,72.80080584992469,97.21101867949824,47.6227411155963,65.75178468556742
wind_distance,168,83572bfffffffff,83572afffffffff,-31.4203085099453,21.94691335542508,-32.46904924661946,22.562132362725816,127.78156029721308,32.580966595593985,70.26098959627987,97.40684108904888,51.097548953517496,64.99390384232143
wind_distance,169,83572afffffffff,83572efffffffff,-32.46904924661946,22.562132362725816,-32.42984067799345,23.690864189543177,125.57344815065171,70.33341130930124,60.07995320870402,95.72361521149168,55.81655243948261,83.02851326039647
wind_distance,170,83572efffffffff,83572cfffffffff,-32.42984067799345,23.690864189543177,-31.314839169601097,24.20621604705745,126.97462433387336,85.12515968188373,3.6984053438261393,96.7917203864432,57.18330130202605,90.95844003416346
wind_distance,171,83572cfffffffff,83572dfffffffff,-31.314839169601097,24.20621604705745,-30.25184486702748,23.57740707067387,128.7169837714939,63.24763746428698,55.38288873871792,98.11990677316092,61.55358639663324,80.68377211872395
wind_distance,172,83572dfffffffff,8334defffffffff,-30.25184486702748,23.57740707067387,-29.1204239093084,24.07761888977881,127.82065363307458,86.09391937408115,10.91193301591102,97.43664162008828,52.4559555743523,91.76528049708472
wind_distance,173,8334defffffffff,8334d1fffffffff,-29.1204239093084,24.07761888977881,-29.037610620109582,25.22087041866937,127.39913487367537,72.93471533898723,47.01739008073719,97.11532130816416,53.75809390073928,85.0250183235757
wind_distance,174,8334d1fffffffff,8334d5fffffffff,-29.037610620109582,25.22087041866937,-28.95266018754113,26.371662597795705,128.2447256504762,71.19196971466864,42.003161243857086,97.7599082597605,58.54338510186349,84.47593898721456
wind_distance,175,8334d5fffffffff,8334f3fffffffff,-28.95266018754113,26.371662597795705,-28.865489189409782,27.529125637232728,128.99387806152214,69.3762549737111,36.81598954534744,98.33098103179816,60.870014300156456,83.85361800275463
wind_distance,176,8334f3fffffffff,8334f1fffffffff,-28.865489189409782,27.529125637232728,-27.6728409625767,28.032440172467336,129.99410722547003,73.25343908580047,12.760073094716104,99.09344756451767,60.83701069183061,86.17344332515907
wind_distance,177,8334f1fffffffff,8334f5fffffffff,-27.6728409625767,28.032440172467336,-27.566920231379573,29.19776221300941,129.98989164812636,67.390834648744,24.988391343851045,99.09023406429544,58.597808510928274,83.24053435651973
wind_distance,178,8334f5fffffffff,8334f4fffffffff,-27.566920231379573,29.19776221300941,-28.68412962911497,29.86042719403582,130.81646567063257,48.60723039140039,34.9629557905056,99.72032469921432,56.02594444430828,74.16377754530735
wind_distance,179,8334f4fffffffff,8334f6fffffffff,-28.68412962911497,29.86042719403582,-29.894023451038755,29.343759678880986,130.32003208588483,33.718094784272914,12.573481108713398,99.3418974270139,58.31099877879699,66.5299961056434
wind_distance,180,8334f6fffffffff,8334abfffffffff,-29.894023451038755,29.343759678880986,-31.02631533280516,29.98572369058141,130.63072644943568,46.72562613297815,29.98879307919087,99.57873720598724,62.400565869436335,73.1521816694827
wind_distance,181,8334abfffffffff,8334aafffffffff,-31.02631533280516,29.98572369058141,-32.17225984459747,30.617349027625,130.52098147115365,45.93117318016168,27.381757975182573,99.49507950424236,63.781100994015546,72.71312634220202
wind_distance,182,8334aafffffffff,8334aefffffffff,-32.17225984459747,30.617349027625,-32.12519938232869,31.789161105530592,130.37658422954146,57.510220566775686,14.541625683717214,99.3850066648225,60.68116489925401,78.4476136157991
wind_distance,183,8334aefffffffff,8334a1fffffffff,-32.12519938232869,31.789161105530592,-32.07682742818661,32.96342325927311,130.65116277571022,55.85705261048136,8.1809668062811,99.5943156508054,52.78581204586504,77.72568413064337
wind_distance,184,8334a1fffffffff,8334a5fffffffff,-32.07682742818661,32.96342325927311,-32.02708845595398,34.13915193452915,130.81646567063365,54.12582095293221,1.6812630186635371,99.72032469921515,45.421462226326376,76.92307282607368
wind_distance,185,8334a5fffffffff,83358bfffffffff,-32.02708845595398,34.13915193452915,-31.975923764284413,35.31535603623256,130.87165961511153,51.19290981808394,9.531393102290478,99.76239859286876,37.77400715646721,75.47765420547636
wind_distance,186,83358bfffffffff,833588fffffffff,-31.975923764284413,35.31535603623256,-31.92327124677701,36.49104191066576,130.81646567063146,49.898450998776845,14.100607327930192,99.72032469921348,32.068278669216376,74.80938784899516
wind_distance,187,833588fffffffff,83358dfffffffff,-31.92327124677701,36.49104191066576,-30.62432533135197,37.0379202156729,130.71276324848645,40.749501478525154,6.632505971708123,99.6412731887222,23.079099521606167,70.19538733362367
wind_distance,188,83358dfffffffff,8335abfffffffff,-30.62432533135197,37.0379202156729,-30.55036112821561,38.2119862698902,130.7127632484858,47.76391256792674,20.33160524059716,99.64127318872173,14.524230241867476,73.70259287832423
wind_distance,189,8335abfffffffff,8335a9fffffffff,-30.55036112821561,38.2119862698902,-29.210263624157577,38.74444476623569,130.81646567063302,37.278806986492505,5.321702723822112,99.72032469921469,2.8020362734985,68.4995658428536
wind_distance,190,8335a9fffffffff,83351afffffffff,-29.210263624157577,38.74444476623569,-27.849748665702016,39.26159083800157,130.87165961511093,39.355452664703975,7.215082596917944,99.7623985928683,0.0,69.55892562878614
wind_distance,191,83351afffffffff,83351efffffffff,-27.849748665702016,39.26159083800157,-27.73115253013343,40.42886096043764,130.18896248354145,47.82130044289552,23.958838686129337,99.2419841382939,0.0,73.5316422905947
wind_distance,192,83351efffffffff,833513fffffffff,-27.73115253013343,40.42886096043764,-29.01300785709888,41.07911239127524,129.94503234812905,60.87629273133977,19.809555351467043,99.05603818582875,0.0,79.96616545858426
wind_distance,193,833513fffffffff,833510fffffffff,-29.01300785709888,41.07911239127524,-28.909756793839136,42.2387537572227,129.23136294407735,44.425202595618536,30.63374828495109,98.51201382058476,0.0,71.46860820810164
wind_distance,194,833510fffffffff,833514fffffffff,-28.909756793839136,42.2387537572227,-28.80322884433233,43.39203701274136,128.53342790042308,43.7217297106181,33.1499789982356,97.97998362992516,0.0,70.85085667027163
wind_distance,195,833514fffffffff,833532fffffffff,-28.80322884433233,43.39203701274136,-28.69326626793972,44.53807629665504,127.73742649556378,43.143643594452925,34.62713027656255,97.37319825205492,0.0,70.25842092325392
wind_distance,196,833532fffffffff,833536fffffffff,-28.69326626793972,44.53807629665504,-28.57970108719106,45.67601936803361,126.84712561029868,42.60636441505669,35.482332993878266,96.69452914948062,0.0,69.65044678226866
wind_distance,197,833536fffffffff,831a69fffffffff,-28.57970108719106,45.67601936803361,-28.462354248218222,46.80505084285301,125.86665437415236,42.60085598275296,35.66008852078928,95.94712392395708,0.0,69.27398995335503
wind_distance,198,831a69fffffffff,831a6dfffffffff,-28.462354248218222,46.80505084285301,-28.341034697664018,47.92439501736234,124.80045844448097,42.929710960779765,34.936751709807325,95.13437146382331,0.0,69.03204121230154
wind_distance,199,831a6dfffffffff,831893fffffffff,-28.341034697664018,47.92439501736234,-28.215538366268863,49.03331826152503,123.65325246391684,43.0769258689876,33.87266787210087,94.25986570270015,0.0,68.66839578584387
wind_distance,200,831893fffffffff,831890fffffffff,-28.215538366268863,49.03331826152503,-28.085647048011143,50.13113097383182,122.42997158183152,43.162260064883206,32.39969080762867,93.32736866469716,0.0,68.24481436479019
wind_distance,201,831890fffffffff,831894fffffffff,-28.085647048011143,50.13113097383182,-27.9511271621453,51.217189096395686,121.13572289064524,43.07586820954857,31.58055726527409,92.34077344470715,0.0,67.70832082712786
wind_distance,202,831894fffffffff,8318b2fffffffff,-27.9511271621453,51.217189096395686,-27.811728383712275,52.29089519633977,119.77573757173094,42.78531232551048,31.479227475446915,91.30406772961962,0.0,67.04469002756505
wind_distance,203,8318b2fffffffff,8318b6fffffffff,-27.811728383712275,52.29089519633977,-27.6671821260438,53.35169912592156,118.355324472017,42.95236072811888,31.28670522917815,90.22129841014328,0.0,66.58682956913108
wind_food,1,83eedcfffffffff,83eed8fffffffff,-27.83055450872197,-65.19239867027046,-27.633369781742072,-64.05340848173876,126.99806769767656,40.429044115053216,27.675335779073148,96.80959107144078,0.0,20.214522057526608
wind_food,2,83eed8fffffffff,83eedbfffffffff,-27.633369781742072,-64.05340848173876,-27.45302148323532,-62.92300046478047,126.0140277693592,40.82817720603255,30.83724819641353,96.0594654609854,0.0,20.414088603016275
wind_food,3,83eedbfffffffff,83dd75fffffffff,-27.45302148323532,-62.92300046478047,-27.287444717906148,-61.80198083857781,124.94399369391694,41.46311797029674,38.10804353641262,95.2437872136386,26.84370927098307,34.15341362063991
wind_food,4,83dd75fffffffff,83dd71fffffffff,-27.287444717906148,-61.80198083857781,-27.134898532863023,-60.69110801278219,123.79270747085567,41.95910541978961,41.891991405649016,94.36617111694278,0.0,20.979552709894804
wind_food,5,83dd71fffffffff,83dd46fffffffff,-27.134898532863023,-60.69110801278219,-26.99390487036324,-59.59109157307983,122.56513232883052,42.42051294038815,46.36566047988973,93.43040059961628,13.348845056317762,27.884678998352957
wind_food,6,83dd46fffffffff,83dd42fffffffff,-26.99390487036324,-59.59109157307983,-26.863200807984004,-58.50259149407012,121.26640379464884,42.89513168318719,50.25020516289881,92.44039043185336,2.0835554636460505,22.48934357341662
wind_food,7,83dd42fffffffff,83dd5cfffffffff,-26.863200807984004,-58.50259149407012,-26.74170083398408,-57.42621762511335,119.90178148991386,43.77327735245565,53.92308803332445,91.40014998029903,0.0,21.886638676227825
wind_food,8,83dd5cfffffffff,83dd58fffffffff,-26.74170083398408,-57.42621762511335,-26.62846678365793,-56.362529474133495,118.47660238249792,44.72338668116623,57.88649812592799,90.3137475720282,0.0,22.361693340583116
wind_food,9,83dd58fffffffff,83dd5bfffffffff,-26.62846678365793,-56.362529474133495,-26.522683682810968,-55.312036298640855,116.9962361320536,46.0444885992131,61.93502428216743,89.18527645479325,0.0,23.02224429960655
wind_food,10,83dd5bfffffffff,83dc74fffffffff,-26.522683682810968,-55.312036298640855,-24.81043946765585,-54.83919802507662,121.01279146722236,16.786578684006304,25.74475315591085,92.2470638233944,0.0,8.393289342003152
wind_food,11,83dc74fffffffff,83dc76fffffffff,-24.81043946765585,-54.83919802507662,-23.15171738703949,-54.346800634238704,120.06776441326188,14.375046130797449,28.42379374108765,91.5266774088298,0.0,7.187523065398724
wind_food,12,83dc76fffffffff,83dc0dfffffffff,-23.15171738703949,-54.346800634238704,-21.58526434385308,-53.82478839602709,117.50372806865812,14.75533731705551,31.03803403559117,89.57213341841017,0.0,7.377668658527755
wind_food,13,83dc0dfffffffff,83dc08fffffffff,-21.58526434385308,-53.82478839602709,-20.05750533063191,-53.27406260726403,118.05127686350866,14.700198509061035,35.44337278147986,89.98952539832067,2.415148732886878,8.557673620973956
wind_food,14,83dc08fffffffff,83dc0afffffffff,-20.05750533063191,-53.27406260726403,-18.553127630732494,-52.69794842556114,119.34900059304655,14.62398648659051,37.642333180197454,90.97876961169987,1.5508274085952944,8.087406947592903
wind_food,15,83dc0afffffffff,83dc19fffffffff,-18.553127630732494,-52.69794842556114,-17.073623264831,-52.097051436593176,120.58313602228696,15.170528616683852,42.11367002172061,91.91954098245772,0.9309899553150986,8.050759285999476
wind_food,16,83dc19fffffffff,83dc1bfffffffff,-17.073623264831,-52.097051436593176,-15.620302914945617,-51.47206420260137,121.74882861631002,15.45679142879743,45.26894010878957,92.80813893822366,7.663888393028104,11.560339910912766
wind_food,17,83dc1bfffffffff,83dcf4fffffffff,-15.620302914945617,-51.47206420260137,-14.194296760629769,-50.8237615980952,122.8413473199936,16.264504907431103,48.20555935480576,93.64095703426972,6.268806872391969,11.266655889911537
wind_food,18,83dcf4fffffffff,83dcf6fffffffff,-14.194296760629769,-50.8237615980952,-12.796557771671138,-50.15299560378961,123.85612784314684,17.13565115569567,51.69721928373595,94.41451594941474,12.78830440561362,14.961977780654644
wind_food,19,83dcf6fffffffff,83dc8dfffffffff,-12.796557771671138,-50.15299560378961,-11.427867133992386,-49.46068963498231,124.78881643252824,17.776714883297874,53.346513462278125,95.12549685307664,2.6115848960915646,10.19414988969472
wind_food,20,83dc8dfffffffff,83dc88fffffffff,-11.427867133992386,-49.46068963498231,-10.088841465267045,-48.74783247881019,125.63531342864054,19.746678027695296,55.828428900346616,95.77077460826204,9.379450041118464,14.56306403440688
wind_food,21,83dc88fffffffff,83dc8afffffffff,-10.088841465267045,-48.74783247881019,-8.779941472079972,-48.01547191224865,126.3918158604316,21.95271231008686,58.109320173788646,96.34745024115894,12.842473182269968,17.397592746178415
wind_food,22,83dc8afffffffff,83dc99fffffffff,-8.779941472079972,-48.01547191224865,-7.501481708965345,-47.264708069743214,127.05485830467453,23.274460787832275,59.63601017066948,96.85288208790932,8.995118323290628,16.13478955556145
wind_food,23,83dc99fffffffff,83dc9bfffffffff,-7.501481708965345,-47.264708069743214,-6.253641118717103,-46.49668662631389,127.62135123092588,24.93570298401386,61.19475947912719,97.2847150246577,11.843122619524896,18.389412801769378
wind_food,24,83dc9bfffffffff,83c0cbfffffffff,-6.253641118717103,-46.49668662631389,-5.036474060280346,-45.71259185905971,128.08861606982674,23.801552033586887,62.9556362609932,97.6409071998311,9.956997869495371,16.879274951541127
wind_food,25,83c0cbfffffffff,83c0c9fffffffff,-5.036474060280346,-45.71259185905971,-3.849921562705317,-44.913639647332936,128.45441628243378,23.35422268341536,62.68986699626757,97.91975371803667,11.44916988173605,17.401696282575706
wind_food,26,83c0c9fffffffff,83d1b2fffffffff,-3.849921562705317,-44.913639647332936,-2.693822578742336,-44.101070469467366,128.71698377149323,24.49847177033733,63.24790560905915,98.1199067731604,2.8701423495488183,13.684307059943073
wind_food,27,83d1b2fffffffff,83d1b0fffffffff,-2.693822578742336,-44.101070469467366,-1.5679250476829034,-43.27614245178083,128.87504006074417,25.20237677524213,64.77410757192334,98.24039179317724,1.8327498808215912,13.51756332803186
wind_food,28,83d1b0fffffffff,83d1b5fffffffff,-1.5679250476829034,-43.27614245178083,-0.4718966123999023,-42.44012452352031,128.9278117731892,27.07536560295915,66.02852595927374,98.28061923911056,0.1420681214163308,13.60871686218774
wind_food,29,83d1b5fffffffff,83d1a6fffffffff,-0.4718966123999023,-42.44012452352031,0.594665131013475,-41.59428972933751,128.8750400607429,28.326756908848992,66.89403921621262,98.24039179317626,1.463629778845273,14.895193343847133
wind_food,30,83d1a6fffffffff,83d1a4fffffffff,0.594665131013475,-41.59428972933751,1.6322229419190473,-40.73990874862396,128.71698377149465,30.4301023926266,64.31522807737643,98.11990677316147,0.0,15.2150511963133
wind_food,31,83d1a4fffffffff,83c04bfffffffff,1.6322229419190473,-40.73990874862396,2.641290865643189,-39.87824366845458,128.4544162824339,31.964909106626624,59.58814663012876,97.91975371803676,0.0,15.982454553313312
wind_food,32,83c04bfffffffff,83c049fffffffff,2.641290865643189,-39.87824366845458,3.622425825509066,-39.010542053868136,128.08861606982654,32.6311600614278,53.69440245498966,97.64090719983096,0.0,16.3155800307139
wind_food,33,83c049fffffffff,83d132fffffffff,3.622425825509066,-39.010542053868136,4.576219895858458,-38.13803135567148,127.62135123092628,32.648941885885314,53.77796918243924,97.284715024658,0.0,16.324470942942657
wind_food,34,83d132fffffffff,83d130fffffffff,4.576219895858458,-38.13803135567148,5.503293258806826,-37.261913691848704,127.05485830467391,33.5976761874247,46.726732120465286,96.85288208790884,0.0,16.79883809371235
wind_food,35,83d130fffffffff,83d134fffffffff,5.503293258806826,-37.261913691848704,5.041012588112454,-36.17750672521794,127.4256226693602,59.99914222828284,45.10376318519575,97.1355127387514,7.607876164518564,33.803509196400704
wind_food,36,83d134fffffffff,83ad65fffffffff,5.041012588112454,-36.17750672521794,4.589929289243254,-35.087852913719246,127.83806684702309,57.980505550234064,40.743631484608215,97.44991557104012,24.194737575320417,41.087621562777244
wind_food,37,83ad65fffffffff,83ad61fffffffff,4.589929289243254,-35.087852913719246,4.149695332524082,-33.993915256857754,128.14915616373165,55.06724647866821,36.52821898680544,97.6870564195839,37.44118857775158,46.25421752820989
wind_food,38,83ad61fffffffff,83ad6efffffffff,4.149695332524082,-33.993915256857754,3.719974101136784,-32.89666823983151,128.35739143280293,49.83521170570285,23.80801401434702,97.84579246660338,51.39451093678273,50.614861321242785
wind_food,39,83ad6efffffffff,83ad68fffffffff,3.719974101136784,-32.89666823983151,2.39985815073826,-32.64548956456741,126.54684635965457,55.64308362603186,14.5148204470883,96.46562872611908,54.29239905088019,54.96774133845602
wind_food,40,83ad68fffffffff,83ad6bfffffffff,2.39985815073826,-32.64548956456741,1.9958093710009173,-31.53769355038377,128.9278117731874,49.40978654613512,16.523527045065396,98.28061923910916,60.80470890676169,55.107247726448406
wind_food,41,83ad6bfffffffff,83ad4cfffffffff,1.9958093710009173,-31.53769355038377,2.8907788280241467,-30.69617543404503,126.54684635965356,44.06608442030716,1.9599310351175667,96.46562872611833,60.20317044665821,52.13462743348269
wind_food,42,83ad4cfffffffff,83ad4efffffffff,2.8907788280241467,-30.69617543404503,3.763513543719272,-29.85516883241576,125.57344815065156,44.79881686381925,15.66173784051422,95.72361521149158,58.43193891965132,51.615377891735285
wind_food,43,83ad4efffffffff,83ad5dfffffffff,3.763513543719272,-29.85516883241576,4.61444181722868,-29.015679071081475,124.51486005748592,45.13049565298733,29.49733959976981,94.91666214306834,57.75589432564048,51.44319498931391
wind_food,44,83ad5dfffffffff,83ad5cfffffffff,4.61444181722868,-29.015679071081475,5.867047528766562,-29.25616582613331,124.56309458078778,63.03946124927137,25.91343898614196,94.95343092672807,55.726866351209566,59.38316380024047
wind_food,45,83ad5cfffffffff,83ad5efffffffff,5.867047528766562,-29.25616582613331,6.67912538447994,-28.41389989472488,122.59065359586658,42.446344184214766,37.50232250385101,93.44985525329864,53.2025626398374,47.82445341202609
wind_food,46,83ad5efffffffff,83ad5afffffffff,6.67912538447994,-28.41389989472488,6.2526754194581535,-27.345045828869527,126.0255367541794,21.325010624893075,12.165233488154277,96.06823866623402,47.78105595192189,34.553033288407484
wind_food,47,83ad5afffffffff,83ad5bfffffffff,6.2526754194581535,-27.345045828869527,5.030227480620041,-27.10202764196404,123.85612784314677,25.76489814293413,38.28013711989792,94.41451594941468,50.07639955594999,37.92064884944206
wind_food,48,83ad5bfffffffff,83ac75fffffffff,5.030227480620041,-27.10202764196404,4.625443307799537,-26.027176101707298,126.11601717644564,22.738273581870587,19.562363756169173,96.13721115407076,54.3999372797783,38.56910543082444
wind_food,49,83ac75fffffffff,83ac71fffffffff,4.625443307799537,-26.027176101707298,4.229405583331442,-24.955024113968893,125.67004805780664,18.6657553949077,24.64250166825799,95.79725253274188,54.04361951992848,36.35468745741809
wind_food,50,83ac71fffffffff,83ac73fffffffff,4.229405583331442,-24.955024113968893,5.027112048738215,-24.14956264074788,120.54380700426223,48.57298533211442,73.84562318428036,91.88956079282777,57.43135718480098,53.0021712584577
wind_food,51,83ac73fffffffff,83ac54fffffffff,5.027112048738215,-24.14956264074788,5.805747788011479,-23.349390367571704,119.15000358242536,46.182313251856726,76.73391184685528,90.8270758137396,55.90020046051511,51.04125685618592
wind_food,52,83ac54fffffffff,83ac56fffffffff,5.805747788011479,-23.349390367571704,6.565711139085463,-22.555231151985662,117.6983700077788,43.33936120405171,84.06021389614284,89.72050738089031,47.49190792026369,45.415634562157706
wind_food,53,83ac56fffffffff,83ace5fffffffff,6.565711139085463,-22.555231151985662,7.3074078573070835,-21.767757648216005,116.1942661623145,39.520973024649656,88.14898069551046,88.57394128860129,36.60843666545058,38.064704845050116
wind_food,54,83ace5fffffffff,83ace0fffffffff,7.3074078573070835,-21.767757648216005,8.03124892786872,-20.987591207399355,114.64302309759408,38.18450591292903,89.30456786799343,87.39144135399214,34.23616902559154,36.21033746926029
wind_food,55,83ace0fffffffff,83ace6fffffffff,8.03124892786872,-20.987591207399355,9.132603163364507,-21.18219221229079,116.29645909490854,83.4021033817995,70.15669764113983,88.65184212752092,1.2694234348783011,42.335763408338906
wind_food,56,83ace6fffffffff,83acf5fffffffff,9.132603163364507,-21.18219221229079,9.817270369457916,-20.335285722217822,118.05127686350926,29.293827492274943,85.63269410004023,89.98952539832112,9.565918439507714,19.429872965891327
wind_food,57,83acf5fffffffff,83acf1fffffffff,9.817270369457916,-20.335285722217822,9.39055437318769,-19.29845501725736,123.63027080065667,0.1325921577216158,5.230596623397699,94.2423469682604,0.0,0.0662960788608079
wind_food,58,83acf1fffffffff,83acc4fffffffff,9.39055437318769,-19.29845501725736,8.294966128409088,-19.116063242533976,116.81641371915298,20.71375085316912,76.35871252588656,89.04819929626647,0.0,10.35687542658456
wind_food,59,83acc4fffffffff,83acc5fffffffff,8.294966128409088,-19.116063242533976,7.215557070777733,-18.92961695127037,115.34841083348954,18.432707212184784,72.65750886233607,87.92915267115494,2.066187810736875,10.24944751146083
wind_food,60,83acc5fffffffff,83aceefffffffff,7.215557070777733,-18.92961695127037,6.514365088685094,-19.720168883970025,114.63286125285777,67.21552415908513,85.83455398963046,87.3836950626407,12.537229855359744,39.87637700722244
wind_food,61,83aceefffffffff,83acecfffffffff,6.514365088685094,-19.720168883970025,5.778030685807184,-20.485585641521208,114.69756750781644,63.801347541881206,88.965329454054,87.43302011298104,16.2982913372145,40.04981943954785
wind_food,62,83acecfffffffff,83acedfffffffff,5.778030685807184,-20.485585641521208,4.645337584598653,-20.22091661815367,121.69805199259794,11.847809984051322,57.82201265309276,92.76943233215736,34.28887246953313,23.068341226792228
wind_food,63,83acedfffffffff,83ace9fffffffff,4.645337584598653,-20.22091661815367,4.27414434132569,-19.19025345916987,121.0127914672221,5.019299840146474,32.72960689264363,92.24706382339424,41.578548908543006,23.29892437434474
wind_food,64,83ace9fffffffff,83acebfffffffff,4.27414434132569,-19.19025345916987,5.021465632255066,-18.44019251524664,114.64302309759356,46.11188287737248,88.34110879081571,87.39144135399172,35.334391538038844,40.72313720770566
wind_food,65,83acebfffffffff,83acccfffffffff,5.021465632255066,-18.44019251524664,5.752027044201049,-17.697714672218332,113.04990584100176,41.57854558733603,88.19714959459549,86.17702106449052,28.6919124088509,35.13522899809347
wind_food,66,83acccfffffffff,83accefffffffff,5.752027044201049,-17.697714672218332,6.42319757673094,-16.877228950588975,115.76456067771518,32.80568889811448,83.28962262696395,88.24638030283697,18.275868277410307,25.540778587762397
wind_food,67,83accefffffffff,83acddfffffffff,6.42319757673094,-16.877228950588975,7.082740467907127,-16.026404938722788,117.88769920360036,30.30853694970593,79.11050114600624,89.86483148249005,14.953889993925214,22.63121347181557
wind_food,68,83acddfffffffff,83acdcfffffffff,7.082740467907127,-16.026404938722788,8.146123094089083,-16.19483488306955,115.13257182073484,76.28594162877184,72.83671497282728,87.76462035235,13.64929069556942,44.96761616217063
wind_food,69,83acdcfffffffff,83acdefffffffff,8.146123094089083,-16.19483488306955,8.81160125695401,-15.325606152229437,120.05662421112558,23.630679496394823,73.37303629091646,91.51818532361293,0.8009732603121231,12.215826378353473
wind_food,70,83acdefffffffff,83acdafffffffff,8.81160125695401,-15.325606152229437,8.403639182646533,-14.294662122265525,122.73835670342386,5.434495642921768,15.226414895451008,93.5624481273622,1.4332166275412532,3.433856135231511
wind_food,71,83acdafffffffff,83acdbfffffffff,8.403639182646533,-14.294662122265525,7.345448808627451,-14.139767814965664,115.35457509906692,33.92834289096162,74.25402359866047,87.93385164052211,16.165411308245996,25.04687709960381
wind_food,72,83acdbfffffffff,838375fffffffff,7.345448808627451,-14.139767814965664,6.953550240067687,-13.118835518515532,121.1646207508192,6.1500188077218025,2.4333822534271725,92.36280204779536,24.70940779419509,15.429713300958447
wind_food,73,838375fffffffff,838371fffffffff,6.953550240067687,-13.118835518515532,6.567168597965335,-12.10331819152056,120.45283182443536,8.499673741023031,5.001709717193696,91.82021115533834,29.48656043427004,18.993117087646535
wind_food,74,838371fffffffff,838373fffffffff,6.567168597965335,-12.10331819152056,7.213541236879739,-11.23092066122493,119.85263063140196,25.223750578788835,56.69166541578888,91.36268268178334,25.935031037710235,25.579390808249535
wind_food,75,838373fffffffff,838354fffffffff,7.213541236879739,-11.23092066122493,7.860516743197915,-10.35099213514864,120.69507034430768,25.93991131636609,52.71082433716483,92.00486760307592,26.74377773342901,26.34184452489755
wind_food,76,838354fffffffff,838356fffffffff,7.860516743197915,-10.35099213514864,8.50793078539527,-9.464198654601988,121.45893312889632,25.6963271237125,42.64946726352612,92.5871539728714,17.569557692010807,21.632942407861655
wind_food,77,838356fffffffff,838352fffffffff,8.50793078539527,-9.464198654601988,8.11299106530532,-8.457339321562714,120.06776441326096,21.955684971814986,17.95596909151896,91.52667740882912,0.0,10.977842485907493
wind_food,78,838352fffffffff,838353fffffffff,8.11299106530532,-8.457339321562714,7.085162473625599,-8.342290902181544,113.7848590761563,42.36618639446962,55.79246079834414,86.73726992057011,0.0,21.18309319723481
wind_food,79,838353fffffffff,83835efffffffff,7.085162473625599,-8.342290902181544,6.072466996370348,-8.226279796348008,112.17588171924652,39.09737552501461,58.12234746181171,85.51075960596874,0.0,19.548687762507306
wind_food,80,83835efffffffff,83835afffffffff,6.072466996370348,-8.226279796348008,5.702636383150557,-7.241011318368763,116.88969217575266,14.970796142545687,3.800778472880787,89.10405886599355,3.6762068988499967,9.323501520697842
wind_food,81,83835afffffffff,83835bfffffffff,5.702636383150557,-7.241011318368763,4.71518335315676,-7.13133663198507,109.6178842629734,36.70618082790981,58.55568883618699,83.5608190108638,0.0,18.353090413954906
wind_food,82,83835bfffffffff,838275fffffffff,4.71518335315676,-7.13133663198507,4.3602110564285015,-6.162480731908645,114.6440021343297,14.06983138830918,0.5290433033630443,87.3921876657096,3.821239095641275,8.945535241975227
wind_food,83,838275fffffffff,838271fffffffff,4.3602110564285015,-6.162480731908645,4.010196343512981,-5.2034463312691415,113.4545727498626,13.531605309439598,3.231385989545976,86.48549534821127,1.5728393314123714,7.552222320425985
wind_food,84,838271fffffffff,838273fffffffff,4.010196343512981,-5.2034463312691415,4.623639581212615,-4.342243004326383,117.4343921623196,30.63009065134785,54.79717280176449,89.51927922258744,5.973852575411658,18.301971613379752
wind_food,85,838273fffffffff,838254fffffffff,4.623639581212615,-4.342243004326383,5.238223716553482,-3.476964365949133,117.92224276088083,29.94642717285183,46.43900129320141,89.89116375443008,2.400401768433443,16.173414470642637
wind_food,86,838254fffffffff,838256fffffffff,5.238223716553482,-3.476964365949133,5.853810146753341,-2.608279547486147,118.33189159332468,30.23456097586621,41.42695358641474,90.2034357178602,13.044486964645872,21.63952397025604
wind_food,87,838256fffffffff,8382e5fffffffff,5.853810146753341,-2.608279547486147,6.470258891411949,-1.7368724184967093,118.66166536019792,30.718462489812904,31.87204017217916,90.4548195703538,16.118352095175315,23.41840729249411
wind_food,88,8382e5fffffffff,8382e0fffffffff,6.470258891411949,-1.7368724184967093,7.08742877949619,-0.8634388060692992,118.91020430032911,30.210416028458543,27.13892013681523,90.64427877706164,22.52062557783689,26.365520803147717
wind_food,89,8382e0fffffffff,8382e6fffffffff,7.08742877949619,-0.8634388060692992,8.082003725074852,-0.9238503441454572,110.78223390447587,47.3742628920537,43.57199057662933,84.44839324487786,12.461332365420956,29.91779762873733
wind_food,90,8382e6fffffffff,83821bfffffffff,8.082003725074852,-0.9238503441454572,9.090451144019122,-0.9848181662626688,112.32360208891556,45.93759669215035,42.38973795641088,85.6233656387993,0.8064140315857196,23.372005361868034
wind_food,91,83821bfffffffff,8382f4fffffffff,9.090451144019122,-0.9848181662626688,9.717149062682834,-0.0979015910376759,120.75439564334928,,,92.05009079461362,0.0,
wind_food,92,8382f4fffffffff,8382f0fffffffff,9.717149062682834,-0.0979015910376759,9.326974663925483,0.8383050041724175,112.7799414906174,,,85.97122944231566,0.0,
wind_food,93,8382f0fffffffff,8382f3fffffffff,9.326974663925483,0.8383050041724175,8.941839770409798,1.761944933522318,111.27066873468596,37.10936251312119,30.82260518825468,84.82072313174079,0.0,18.554681256560595
wind_food,94,8382f3fffffffff,8382c6fffffffff,8.941839770409798,1.761944933522318,7.947315555604303,1.8036606124249213,110.62995379463015,59.82613289125492,33.247048941618736,84.33231135930482,1.59058565807938,30.70835927466715
wind_food,95,8382c6fffffffff,8382c0fffffffff,7.947315555604303,1.8036606124249213,6.9663774382839705,1.8442726476496605,109.11371250109391,59.59651537518396,38.316544366511664,83.17649298935682,12.726850893878662,36.161683134531316
wind_food,96,8382c0fffffffff,8382c1fffffffff,6.9663774382839705,1.8442726476496605,5.999312041373086,1.883779807258384,107.56575121399788,58.29777075656408,41.70378883885668,81.99649472706098,15.89539037638243,37.09658056647325
wind_food,97,8382c1fffffffff,8382ccfffffffff,5.999312041373086,1.883779807258384,5.046366343027856,1.9221838940703293,105.99049119029112,57.78273689955186,44.75276821652639,80.795686860525,24.938208499099805,41.36047269932583
wind_food,98,8382ccfffffffff,8382cdfffffffff,5.046366343027856,1.9221838940703293,4.107748934669216,1.9594895414201048,104.39221182877188,56.56611533142176,46.860895130915786,79.57733154054533,27.016377380276506,41.79124635584913
wind_food,99,8382cdfffffffff,8382c9fffffffff,4.107748934669216,1.9594895414201048,3.772573403636418,2.835186081395067,104.25025394390438,28.09890394955112,28.35994860839492,79.4691182028739,30.414209203058636,29.256556576304877
wind_food,100,8382c9fffffffff,8382cbfffffffff,3.772573403636418,2.835186081395067,4.362749016180593,3.674906545885903,114.066234488708,24.32793314132089,10.683009225250666,86.95176010235409,27.99596637021317,26.161949755767033
wind_food,101,8382cbfffffffff,83589bfffffffff,4.362749016180593,3.674906545885903,4.853984159845133,4.498379393119393,106.54959210053607,23.964984349076296,0.1947694323361573,81.22188492376903,23.840976682849288,23.902980515962792
wind_food,102,83589bfffffffff,8382d9fffffffff,4.853984159845133,4.498379393119393,5.8461489795428,4.4878163437694765,109.99106002172314,,,83.84528784773097,0.0,
wind_food,103,8382d9fffffffff,8382ddfffffffff,5.8461489795428,4.4878163437694765,6.246933416160393,3.625326035326777,105.70616249328098,,,80.57894541408857,0.0,
wind_food,104,8382ddfffffffff,8382dcfffffffff,6.246933416160393,3.625326035326777,7.209891014314715,3.598471299138798,106.90516530164554,,,81.49293547453264,0.0,
wind_food,105,8382dcfffffffff,8382defffffffff,7.209891014314715,3.598471299138798,7.816042770057244,4.454258449175113,116.51489464986842,,,88.81835376926864,0.0,
wind_food,106,8382defffffffff,8382dafffffffff,7.816042770057244,4.454258449175113,7.269416279838584,5.300547263542498,111.90665906879994,,,85.30553337560634,0.0,
wind_food,107,8382dafffffffff,8358d6fffffffff,7.269416279838584,5.300547263542498,7.698730213636012,6.138974351271959,104.63193369385824,,,79.76006956286817,0.0,
wind_food,108,8358d6fffffffff,8358d4fffffffff,7.698730213636012,6.138974351271959,8.136522291554801,6.990895920941821,106.35990397616985,,,81.0772872138675,0.0,
wind_food,109,8358d4fffffffff,8358f3fffffffff,8.136522291554801,6.990895920941821,8.582993496090667,7.856101616488376,108.07028794075296,,,82.38109895831558,0.0,
wind_food,110,8358f3fffffffff,8358f1fffffffff,8.582993496090667,7.856101616488376,9.038348639655196,8.734339226505204,109.75858045949312,,,83.66807057379943,0.0,
wind_food,111,8358f1fffffffff,8358f5fffffffff,9.038348639655196,8.734339226505204,8.426962547809882,9.61940560016374,119.11999522724923,,,90.80420068936964,0.0,
wind_food,112,8358f5fffffffff,8358f4fffffffff,8.426962547809882,9.61940560016374,7.360812633999145,9.610267873866762,116.88969217575644,,,89.10405886599644,0.0,
wind_food,113,8358f4fffffffff,8358f6fffffffff,7.360812633999145,9.610267873866762,6.921796692822362,8.724833263077818,109.6178842629739,,,83.56081901086417,0.0,
wind_food,114,8358f6fffffffff,8358abfffffffff,6.921796692822362,8.724833263077818,5.878761430775483,8.715835479689437,114.64400213432964,,,87.39218766570956,0.0,
wind_food,115,8358abfffffffff,8358aafffffffff,5.878761430775483,8.715835479689437,4.846604838614618,8.70413129029543,113.4545727498622,,,86.48549534821097,0.0,
wind_food,116,8358aafffffffff,8358aefffffffff,4.846604838614618,8.70413129029543,4.226245888589891,9.564498877836224,117.43439216232322,,,89.5192792225902,0.0,
wind_food,117,8358aefffffffff,8358acfffffffff,4.226245888589891,9.564498877836224,4.63506400127856,10.452411115105148,108.40629185577576,,,82.63723200192372,0.0,
wind_food,118,8358acfffffffff,8358adfffffffff,4.63506400127856,10.452411115105148,5.681825709296879,10.474385694904724,114.4852632137258,,,87.27118228138069,0.0,
wind_food,119,8358adfffffffff,83581efffffffff,5.681825709296879,10.474385694904724,6.112557875362658,11.378876460131996,111.02613005309048,,,84.63431328948428,0.0,
wind_food,120,83581efffffffff,835811fffffffff,6.112557875362658,11.378876460131996,5.478766791879377,12.26680015059342,120.44169442049824,,,91.81172120316587,0.0,
wind_food,121,835811fffffffff,835815fffffffff,5.478766791879377,12.26680015059342,4.838608464528929,13.156142268175213,120.83385386092692,,,92.11066114572532,0.0,
wind_food,122,835815fffffffff,835833fffffffff,4.838608464528929,13.156142268175213,4.192148680056468,14.046139404691605,121.14063658424736,,,92.34451911325864,0.0,
wind_food,123,835833fffffffff,835832fffffffff,4.192148680056468,14.046139404691605,3.127869371855977,13.997713854149096,114.94247244782656,,,87.61970915103946,0.0,
wind_food,124,835832fffffffff,83598dfffffffff,3.127869371855977,13.997713854149096,2.0769536132182016,13.945321586213742,113.549009039458,,,86.55748336144465,0.0,
wind_food,125,83598dfffffffff,8359abfffffffff,2.0769536132182016,13.945321586213742,1.42315366539312,14.8184019813497,119.93319683058785,,,91.4240976382371,0.0,
wind_food,126,8359abfffffffff,8359aafffffffff,1.42315366539312,14.8184019813497,0.3862404241798085,14.753658812161648,111.7136772748555,,,85.1584249282521,0.0,
wind_food,127,8359aafffffffff,8359aefffffffff,0.3862404241798085,14.753658812161648,-0.2725734226701595,15.616294551951604,119.15978644238947,,,90.8345332080906,0.0,
wind_food,128,8359aefffffffff,8359acfffffffff,-0.2725734226701595,15.616294551951604,0.0990942605811839,16.55916081929011,112.10993262126898,,,85.46048714653311,0.0,
wind_food,129,8359acfffffffff,8359adfffffffff,0.0990942605811839,16.55916081929011,1.149960777211839,16.63790018129364,112.32360208891735,,,85.62336563880068,0.0,
wind_food,130,8359adfffffffff,83591efffffffff,1.149960777211839,16.63790018129364,1.5448842516885657,17.59712470170729,114.6205257562222,,,87.37429181417714,0.0,
wind_food,131,83591efffffffff,83591cfffffffff,1.5448842516885657,17.59712470170729,1.9488671948225629,18.567119587986173,116.00399233683731,,,88.42889710352048,0.0,
wind_food,132,83591cfffffffff,83591dfffffffff,1.9488671948225629,18.567119587986173,3.0446607264139662,18.6503972088746,115.84714727971392,,,88.30933539587437,0.0,
wind_food,133,83591dfffffffff,83590afffffffff,3.0446607264139662,18.6503972088746,4.155061115780687,18.7282303320823,117.28000920646136,,,89.40159435465216,0.0,
wind_food,134,83590afffffffff,83590bfffffffff,4.155061115780687,18.7282303320823,5.279511982128298,18.80031295481675,118.65869449983484,,,90.4525549077326,0.0,
wind_food,135,83590bfffffffff,835956fffffffff,5.279511982128298,18.80031295481675,6.417399532152436,18.866346391632256,119.9781000111888,,,91.45832696652998,0.0,
wind_food,136,835956fffffffff,835952fffffffff,6.417399532152436,18.866346391632256,7.088051853408453,17.938824440425208,125.07514691049114,,,95.34376424080467,0.0,
wind_food,137,835952fffffffff,835953fffffffff,7.088051853408453,17.938824440425208,8.235663132349156,17.989876041636037,121.52008905406817,,,92.63377263577556,0.0,
wind_food,138,835953fffffffff,835951fffffffff,8.235663132349156,17.989876041636037,8.7307448298753,18.979121597564653,121.76076000964542,,,92.8172341420378,0.0,
wind_food,139,835951fffffffff,83595cfffffffff,8.7307448298753,18.979121597564653,9.904693340349,19.025323802631515,123.53043471446688,,,94.16624273412974,0.0,
wind_food,140,83595cfffffffff,83595dfffffffff,9.904693340349,19.025323802631515,11.089063366414011,19.06440249167625,124.56309458078726,,,94.95343092672766,0.0,
wind_food,141,83595dfffffffff,83594efffffffff,11.089063366414011,19.06440249167625,11.625098266766525,20.0638118413629,124.51486005748686,,,94.91666214306906,0.0,
wind_food,142,83594efffffffff,835941fffffffff,11.625098266766525,20.0638118413629,10.958259371961216,21.030194710905747,127.93618944774096,,,97.52471362917258,0.0,
wind_food,143,835941fffffffff,835945fffffffff,10.958259371961216,21.030194710905747,10.282452458126672,21.994332436287458,127.98781568364775,,,97.56406788768454,0.0,
wind_food,144,835945fffffffff,83596efffffffff,10.282452458126672,21.994332436287458,10.822798665255249,23.012599969644608,126.10039279141688,,,96.12530081281284,0.0,
wind_food,145,83596efffffffff,83596cfffffffff,10.822798665255249,23.012599969644608,11.375190565530032,24.03604579278826,126.97462433387308,,,96.791720386443,0.0,
wind_food,146,83596cfffffffff,83596dfffffffff,11.375190565530032,24.03604579278826,12.626598248426806,24.08363225394508,127.17072156287122,,,96.9412037045258,0.0,
wind_food,147,83596dfffffffff,833f9efffffffff,12.626598248426806,24.08363225394508,13.20732228117069,25.11020407098252,128.3641602413837,,,97.85095227417074,0.0,
wind_food,148,833f9efffffffff,833f91fffffffff,13.20732228117069,25.11020407098252,12.517320015931457,26.094793680761683,129.51239652067778,,,98.72624342361148,0.0,
wind_food,149,833f91fffffffff,833f95fffffffff,12.517320015931457,26.094793680761683,11.817085027396857,27.074022331380853,129.24493291535398,,,98.52235809899749,0.0,
wind_food,150,833f95fffffffff,833f86fffffffff,11.817085027396857,27.074022331380853,12.403931175767813,28.110862202796888,128.9828444230098,,,98.32257017916258,0.0,
wind_food,151,833f86fffffffff,833fb1fffffffff,12.403931175767813,28.110862202796888,11.68959174328385,29.08666231919754,128.9828444230079,,,98.32257017916112,0.0,
wind_food,152,833fb1fffffffff,833fb5fffffffff,11.68959174328385,29.08666231919754,10.96463894840315,30.054614477909595,128.4519670888682,,,97.91788671775991,0.0,
wind_food,153,833fb5fffffffff,833fb4fffffffff,10.96463894840315,30.054614477909595,9.654890401658257,29.969878969780613,126.46107421178864,,,96.40024531745188,0.0,
wind_food,154,833fb4fffffffff,833fb6fffffffff,9.654890401658257,29.969878969780613,9.094248313856957,28.92651773026392,128.08861606982728,,,97.64090719983152,0.0,
wind_food,155,833fb6fffffffff,833fb2fffffffff,9.094248313856957,28.92651773026392,9.820505804469033,27.971397529344,127.75290476822424,,,97.38499721304636,0.0,
wind_food,156,833fb2fffffffff,8338c9fffffffff,9.820505804469033,27.971397529344,9.268200616880524,26.932268554931788,127.7529047682261,,,97.3849972130478,0.0,
wind_food,157,8338c9fffffffff,8338cbfffffffff,9.268200616880524,26.932268554931788,8.728603607989573,25.89609537685444,127.1318943737075,,,96.91160605494308,0.0,
wind_food,158,8338cbfffffffff,835964fffffffff,8.728603607989573,25.89609537685444,8.201373641636598,24.86381997012388,126.41496894540433,,,96.36509964897188,0.0,
wind_food,159,835964fffffffff,835966fffffffff,8.201373641636598,24.86381997012388,7.686176656889642,23.836351885990595,125.60546191245572,,,95.7480190409758,0.0,
wind_food,160,835966fffffffff,835975fffffffff,7.686176656889642,23.836351885990595,7.182685879280803,22.81456504138629,124.70706865800948,,,95.06318119138486,0.0,
wind_food,161,835975fffffffff,835971fffffffff,7.182685879280803,22.81456504138629,7.875672463278038,21.87231901567729,126.71558914325854,,,96.59425997361056,0.0,
wind_food,162,835971fffffffff,835973fffffffff,7.875672463278038,21.87231901567729,7.378657452659885,20.8623925472154,123.53043471446637,,,94.16624273412934,0.0,
wind_food,163,835973fffffffff,835972fffffffff,7.378657452659885,20.8623925472154,6.209553183971132,20.79133590078482,121.760760009645,,,92.81723414203748,0.0,
wind_food,164,835972fffffffff,835976fffffffff,6.209553183971132,20.79133590078482,5.5187822809401625,21.71869760164179,125.5294043205304,,,95.69004095905966,0.0,
wind_food,165,835976fffffffff,835929fffffffff,5.5187822809401625,21.71869760164179,4.820426725239033,22.641368499241565,125.28585860225952,,,95.50438804464576,0.0,
wind_food,166,835929fffffffff,83592dfffffffff,4.820426725239033,22.641368499241565,4.114571804823616,23.55848753913706,124.94647774310944,,,95.24568078407545,0.0,
wind_food,167,83592dfffffffff,83592cfffffffff,4.114571804823616,23.55848753913706,2.9538752366450574,23.45028935462433,118.96484481745514,,,90.68593079755928,0.0,
wind_food,168,83592cfffffffff,83592efffffffff,2.9538752366450574,23.45028935462433,2.5169493425218747,22.4386495189124,121.05974773064747,,,92.28285819997696,0.0,
wind_food,169,83592efffffffff,835923fffffffff,2.5169493425218747,22.4386495189124,1.3888533689240634,22.327196750201395,116.6480168327148,,,88.91983172336299,0.0,
wind_food,170,835923fffffffff,835922fffffffff,1.3888533689240634,22.327196750201395,0.2772402942344124,22.20955051977097,115.13257182073488,,,87.76462035235002,0.0,
wind_food,171,835922fffffffff,835935fffffffff,0.2772402942344124,22.20955051977097,-0.8174303079918337,22.08611609222332,113.572760927504,,,86.57558923195587,0.0,
wind_food,172,835935fffffffff,835930fffffffff,-0.8174303079918337,22.08611609222332,-1.195870711542406,21.096307868912064,116.8098753527688,,,89.04321515290584,0.0,
wind_food,173,835930fffffffff,835936fffffffff,-1.195870711542406,21.096307868912064,-2.257443811804888,20.972954065048093,111.02613005309033,,,84.63431328948415,0.0,
wind_food,174,835936fffffffff,835565fffffffff,-2.257443811804888,20.972954065048093,-2.965458141898346,21.763299633791984,114.4483406835146,,,87.24303653778105,0.0,
wind_food,175,835565fffffffff,835564fffffffff,-2.965458141898346,21.763299633791984,-3.6994685798131695,22.49752079157028,111.27188823828276,,,84.82165274938504,0.0,
wind_food,176,835564fffffffff,835566fffffffff,-3.6994685798131695,22.49752079157028,-4.801043713184156,22.201231013249124,117.98153472085669,,,89.9363615318699,0.0,
wind_food,177,835566fffffffff,835575fffffffff,-4.801043713184156,22.201231013249124,-5.907555578247753,21.894858171170764,119.02003275039758,,,90.7280001086684,0.0,
wind_food,178,835575fffffffff,835571fffffffff,-5.907555578247753,21.894858171170764,-6.238935885784584,20.85648222527155,120.45283182443094,,,91.82021115533496,0.0,
wind_food,179,835571fffffffff,835573fffffffff,-6.238935885784584,20.85648222527155,-7.338755054131703,20.53514017645645,119.85263063140223,,,91.36268268178354,0.0,
wind_food,180,835573fffffffff,835572fffffffff,-7.338755054131703,20.53514017645645,-8.13218281050008,21.252456480501657,114.69756750781652,,,87.4330201129811,0.0,
wind_food,181,835572fffffffff,835576fffffffff,-8.13218281050008,21.252456480501657,-7.816203816620584,22.306846690472657,121.69805199259794,,,92.76943233215736,0.0,
wind_food,182,835576fffffffff,835529fffffffff,-7.816203816620584,22.306846690472657,-7.493466505897349,23.366974611149374,122.43266426450852,,,93.32942127473736,0.0,
wind_food,183,835529fffffffff,83552dfffffffff,-7.493466505897349,23.366974611149374,-7.16377286155754,24.43205364811406,123.08276287423918,,,93.82498614202304,0.0,
wind_food,184,83552dfffffffff,8338b2fffffffff,-7.16377286155754,24.43205364811406,-6.826918081974456,25.5012706857392,123.64550958299044,,,94.25396336772933,0.0,
wind_food,185,8338b2fffffffff,8338b3fffffffff,-6.826918081974456,25.5012706857392,-5.666830615973319,25.80414535044822,121.0597477306479,,,92.28285819997733,0.0,
wind_food,186,8338b3fffffffff,8338b1fffffffff,-5.666830615973319,25.80414535044822,-5.310683446287346,26.86954300186694,123.66885638379443,,,94.27176044354027,0.0,
wind_food,187,8338b1fffffffff,8338b5fffffffff,-5.310683446287346,26.86954300186694,-6.130870616754296,27.648752273089016,118.65812362642755,,,90.45211973559088,0.0,
wind_food,188,8338b5fffffffff,83399bfffffffff,-6.130870616754296,27.648752273089016,-6.972503783420421,28.432010486809617,120.03330344416462,,,91.50040809318814,0.0,
wind_food,189,83399bfffffffff,833999fffffffff,-6.972503783420421,28.432010486809617,-6.617630537532462,29.517397249608056,125.5294043205306,,,95.6900409590598,0.0,
wind_food,190,833999fffffffff,83399dfffffffff,-6.617630537532462,29.517397249608056,-7.486487960209644,30.31233916442326,121.76076000964572,,,92.81723414203805,0.0,
wind_food,191,83399dfffffffff,83398efffffffff,-7.486487960209644,30.31233916442326,-7.128745121845369,31.40609394807108,126.32281087016467,,,96.29484829995828,0.0,
wind_food,192,83398efffffffff,833988fffffffff,-7.128745121845369,31.40609394807108,-5.883271350826712,31.688168229858125,122.1188345894025,,,93.09019147334054,0.0,
wind_food,193,833988fffffffff,83398dfffffffff,-5.883271350826712,31.688168229858125,-5.503272921158933,32.771726475948554,125.67598671931287,,,95.8017795259659,0.0,
wind_food,194,83398dfffffffff,8339abfffffffff,-5.503272921158933,32.771726475948554,-6.387685287165702,33.589626016132264,122.6599693816852,,,93.50269411141316,0.0,
wind_food,195,8339abfffffffff,8339aafffffffff,-6.387685287165702,33.589626016132264,-7.666001313151955,33.3105444475032,122.59065359586734,,,93.4498552532992,0.0,
wind_food,196,8339aafffffffff,8339aefffffffff,-7.666001313151955,33.3105444475032,-8.594111335362093,34.12229755996004,124.5630945807872,,,94.95343092672762,0.0,
wind_food,197,8339aefffffffff,8339acfffffffff,-8.594111335362093,34.12229755996004,-8.231355157232787,35.22618352845901,127.14993829656468,,,96.92536079015126,0.0,
wind_food,198,8339acfffffffff,8339adfffffffff,-8.231355157232787,35.22618352845901,-6.918653899824522,35.50239685498287,122.93101291914007,49.62605880872877,39.701776279344905,93.70930838908885,21.01255714746149,35.31930797809513
wind_food,199,8339adfffffffff,83391efffffffff,-6.918653899824522,35.50239685498287,-6.531098743885775,36.59244260620563,126.11601717644628,,,96.13721115407124,0.0,
wind_food,200,83391efffffffff,833911fffffffff,-6.531098743885775,36.59244260620563,-7.478231973733608,37.42178981690063,124.80826507174794,,,95.14032239210955,0.0,
wind_food,201,833911fffffffff,833915fffffffff,-7.478231973733608,37.42178981690063,-8.452708707585034,38.24861248942609,125.60208242492196,,,95.7454428851956,0.0,
wind_food,202,833915fffffffff,833933fffffffff,-8.452708707585034,38.24861248942609,-9.45514171764952,39.071749671295976,126.30500124654664,,,96.28127216914892,0.0,
wind_food,203,833933fffffffff,833931fffffffff,-9.45514171764952,39.071749671295976,-9.078901144910912,40.17004654106383,126.30500124655072,,,96.28127216915205,0.0,
wind_food,204,833931fffffffff,833935fffffffff,-9.078901144910912,40.17004654106383,-10.11851480373732,40.99170938036684,126.70953298975871,,,96.5896434171982,0.0,
wind_food,205,833935fffffffff,833934fffffffff,-10.11851480373732,40.99170938036684,-11.54615587310791,40.70215727504176,124.32507374903916,54.361921783144005,42.593749182300975,94.77198958824312,0.0,27.180960891572003
wind_food,206,833934fffffffff,833936fffffffff,-11.54615587310791,40.70215727504176,-11.894448391463149,39.59026101130041,127.13189437370764,31.53062786832833,24.50168096430832,96.9116060549432,0.0,15.765313934164165
wind_food,207,833936fffffffff,83356cfffffffff,-11.894448391463149,39.59026101130041,-12.233353796106185,38.47191918385374,127.75290476822607,30.01600184973952,25.31653573706799,97.38499721304775,0.0,15.00800092486976
wind_food,208,83356cfffffffff,83356efffffffff,-12.233353796106185,38.47191918385374,-13.621842837102982,38.14344394901163,126.5357696317793,51.00061313045368,47.57499499428763,96.4571850268136,6.895642936158445,28.948128033306062
wind_food,209,83356efffffffff,833563fffffffff,-13.621842837102982,38.14344394901163,-14.70770868563397,38.93201783977754,128.87233417688162,70.10566851930679,20.40097979833863,98.23832911998096,5.268043014969179,37.686855767137985
wind_food,210,833563fffffffff,833544fffffffff,-14.70770868563397,38.93201783977754,-16.10925533940843,38.57390409447628,127.89164156516313,50.420411818833216,39.50973246630207,97.49075514166452,7.46061018907683,28.940511003955024
wind_food,211,833544fffffffff,833571fffffffff,-16.10925533940843,38.57390409447628,-17.23754415966721,39.34300665752316,129.73348659543575,67.56520850578711,17.45089760611193,98.89477858414814,4.160696809310595,35.86295265754885
wind_food,212,833571fffffffff,833575fffffffff,-17.23754415966721,39.34300665752316,-16.96213133194519,40.48377074839964,129.00368577230626,63.8920935111003,20.36192009601221,98.33845736972654,0.0,31.94604675555015
wind_food,213,833575fffffffff,833574fffffffff,-16.96213133194519,40.48377074839964,-18.130979973204305,41.24445618991414,129.67340662883328,66.20046016019654,8.435170651019442,98.84898011568468,0.0,33.10023008009827
wind_food,214,833574fffffffff,833529fffffffff,-18.130979973204305,41.24445618991414,-19.32764180581105,41.99335239472269,129.7271656530811,64.93067052310998,2.0654843766273814,98.88996018135168,0.0,32.46533526155499
wind_food,215,833529fffffffff,833528fffffffff,-19.32764180581105,41.99335239472269,-20.552040173215293,42.72922427199143,129.6734066288332,64.44885153598699,0.6951999113862802,98.84898011568464,0.0,32.224425767993495
wind_food,216,833528fffffffff,83352efffffffff,-20.552040173215293,42.72922427199143,-21.80399355365364,43.450854903609965,129.51239652067855,63.19079804397087,10.814631557748342,98.72624342361208,0.0,31.595399021985436
wind_food,217,83352efffffffff,833523fffffffff,-21.80399355365364,43.450854903609965,-23.08320699130181,44.15705331703173,129.24493291535182,62.866082898953024,16.704394586197168,98.52235809899584,0.0,31.433041449476512
wind_food,218,833523fffffffff,833522fffffffff,-23.08320699130181,44.15705331703173,-24.38926393563857,44.84666232145526,128.87233417688466,62.566672421975625,21.99221129323508,98.23832911998328,0.0,31.283336210987812
wind_food,219,833522fffffffff,833535fffffffff,-24.38926393563857,44.84666232145526,-25.72161870169857,45.51856631983576,128.39642328978888,62.62009408294141,23.75826777129445,97.87554613279748,0.0,31.310047041470703
wind_food,220,833535fffffffff,83189bfffffffff,-25.72161870169857,45.51856631983576,-25.557135881472576,46.64607946653949,126.0140277693598,43.20239672692226,34.06850231755788,96.05946546098586,0.0,21.60119836346113
wind_food,221,83189bfffffffff,831898fffffffff,-25.557135881472576,46.64607946653949,-25.38713748742768,47.7637758974967,124.9439936939165,42.90121612380809,33.8918647608464,95.24378721363824,0.0,21.450608061904045
wind_food,222,831898fffffffff,83189cfffffffff,-25.38713748742768,47.7637758974967,-25.21134450921399,48.87091503655079,123.79270747085636,43.20741282324453,32.5431133904947,94.36617111694328,0.0,21.603706411622266
wind_food,223,83189cfffffffff,831882fffffffff,-25.21134450921399,48.87091503655079,-25.029459023411896,49.9668002681593,122.56513232883133,42.88066579465698,31.594365336689982,93.4304005996169,0.0,21.44033289732849
wind_food,224,831882fffffffff,831886fffffffff,-25.029459023411896,49.9668002681593,-24.84116258445928,51.050780428734136,121.26640379464844,42.7791073677926,30.718262708019548,92.44039043185307,0.0,21.3895536838963
wind_food,225,831886fffffffff,8318b1fffffffff,-24.84116258445928,51.050780428734136,-24.64611445085201,52.12225085841702,119.90178148991276,42.27383953435891,30.155642977763225,91.4001499802982,0.0,21.136919767179457
wind_food,226,8318b1fffffffff,8318b0fffffffff,-24.64611445085201,52.12225085841702,-26.14083664541098,52.748806164765455,122.96446363577316,60.06862195835851,27.26765514004408,93.73480759751776,0.0,30.034310979179256
wind_food,227,8318b0fffffffff,8318b6fffffffff,-26.14083664541098,52.748806164765455,-27.6671821260438,53.35169912592156,122.07277083041993,60.87011409856431,27.126464050092345,93.05507744561427,0.0,30.435057049282154
distance_food,1,83eedcfffffffff,83eeddfffffffff,-27.83055450872197,-65.19239867027046,-30.06239548440604,-64.5257632378848,128.87233417688444,58.19854200839951,29.16137051782716,98.23832911998308,0.0,49.11916455999154
distance_food,2,83eeddfffffffff,83eecafffffffff,-30.06239548440604,-64.5257632378848,-32.17770032225667,-63.82963948262643,128.39642328978954,59.31607382805211,29.75978310992713,97.87554613279796,0.0,48.93777306639898
distance_food,3,83eecafffffffff,83dd64fffffffff,-32.17770032225667,-63.82963948262643,-31.80682370734664,-62.70870996953608,126.01402776935969,41.25418783593323,31.21542331914669,96.05946546098578,20.64864078029035,58.35405312063806
distance_food,4,83dd64fffffffff,83dd60fffffffff,-31.80682370734664,-62.70870996953608,-31.46587333423894,-61.5964031961196,124.94399369391704,41.60104608993159,34.89584971729461,95.24378721363868,0.0,47.62189360681934
distance_food,5,83dd60fffffffff,83dd61fffffffff,-31.46587333423894,-61.5964031961196,-33.328847588587514,-60.89706873753011,126.39181586043205,64.1039078536856,32.75231573675987,96.34745024115928,0.0,48.17372512057964
distance_food,6,83dd61fffffffff,83dd6cfffffffff,-33.328847588587514,-60.89706873753011,-35.10008116682766,-60.177510697532,125.63531342864012,65.30899239961035,33.58092484238839,95.77077460826168,2.2448481434226366,49.00781137584215
distance_food,7,83dd6cfffffffff,83dd68fffffffff,-35.10008116682766,-60.177510697532,-34.66666048806154,-59.0984819845803,122.4299715818294,41.160884886304025,40.47763798364844,93.32736866469553,7.519010770027156,50.42318971736134
distance_food,8,83dd68fffffffff,83dd6bfffffffff,-34.66666048806154,-59.0984819845803,-34.26387492149215,-58.0295244049096,121.1357228906453,41.39607179492283,45.49032524005218,92.3407734447072,0.0,46.1703867223536
distance_food,9,83dd6bfffffffff,83dd4dfffffffff,-34.26387492149215,-58.0295244049096,-33.888623220697724,-56.97138963854788,119.775737571731,41.33531832456029,51.920676412297865,91.30406772961966,0.0,45.65203386480983
distance_food,10,83dd4dfffffffff,83dd49fffffffff,-33.888623220697724,-56.97138963854788,-33.53820456711048,-55.92476061515173,118.35532447201712,42.37446902914801,63.05614763122277,90.22129841014336,0.0,45.11064920507168
distance_food,11,83dd49fffffffff,83de94fffffffff,-33.53820456711048,-55.92476061515173,-35.03803742300678,-55.24096110796338,121.10214025891734,77.88469535517261,42.31165074695454,92.31517367847748,0.0,46.15758683923874
distance_food,12,83de94fffffffff,83de90fffffffff,-35.03803742300678,-55.24096110796338,-34.669836245687826,-54.219423056831786,116.02365020245004,42.73179141426936,67.74015505525202,88.44388213412613,0.0,44.221941067063064
distance_food,13,83de90fffffffff,83de91fffffffff,-34.669836245687826,-54.219423056831786,-36.06981710199783,-53.53771121711112,119.02308983159293,73.65161381478006,23.81526961370661,90.73033049672676,0.0,45.36516524836338
distance_food,14,83de91fffffffff,83de9efffffffff,-36.06981710199783,-53.53771121711112,-35.68933779613531,-52.5422727756283,113.57276092750148,44.13190822163641,72.44127948974258,86.57558923195394,0.0,43.28779461597697
distance_food,15,83de9efffffffff,83de9afffffffff,-35.68933779613531,-52.5422727756283,-35.33075093677958,-51.5597077900365,111.97374021059542,42.93432232258697,69.9306236591659,85.35666878281022,0.0,42.67833439140511
distance_food,16,83de9afffffffff,83de9bfffffffff,-35.33075093677958,-51.5597077900365,-36.61202887965778,-50.89703847959999,115.70989208649358,79.8937091493478,43.90130121643233,88.20470688168528,0.0,44.10235344084264
distance_food,17,83de9bfffffffff,83c4d9fffffffff,-36.61202887965778,-50.89703847959999,-37.843999552554976,-50.22796793304983,114.48526321372636,78.82813034440116,44.88319782840484,87.27118228138112,0.0,43.63559114069056
distance_food,18,83c4d9fffffffff,83c4d8fffffffff,-37.843999552554976,-50.22796793304983,-39.02838013839977,-49.55391280747053,113.20724229449888,78.45108587034622,44.52820285139172,86.29695735958397,0.0,43.148478679791985
distance_food,19,83c4d8fffffffff,83c4defffffffff,-39.02838013839977,-49.55391280747053,-40.216928502918655,-48.85506618811584,116.1639431319756,75.9758483980727,41.59433358713553,88.55082628992159,0.0,44.275413144960794
distance_food,20,83c4defffffffff,83c4d3fffffffff,-40.216928502918655,-48.85506618811584,-41.36387764082272,-48.14974733108217,115.28741329107906,75.07521823900109,49.21139878872165,87.88265474213779,0.0,43.941327371068894
distance_food,21,83c4d3fffffffff,83c4d2fffffffff,-41.36387764082272,-48.14974733108217,-42.47050175208303,-47.439221424769066,114.34616054675315,74.04291998160747,48.73683420314942,87.16514545302024,0.0,43.58257272651012
distance_food,22,83c4d2fffffffff,83c4d6fffffffff,-42.47050175208303,-47.439221424769066,-42.24498369138229,-46.41617114876325,115.03981150927416,42.86328557976696,65.1012005327799,87.69390992357759,0.0,43.846954961788796
distance_food,23,83c4d6fffffffff,83c48bfffffffff,-42.24498369138229,-46.41617114876325,-43.30058642458373,-45.70594720959663,113.4461641872325,75.07965504580797,45.12258520440143,86.47908556950775,0.0,43.23954278475387
distance_food,24,83c48bfffffffff,83c48afffffffff,-43.30058642458373,-45.70594720959663,-44.31961743013103,-44.99331147816858,112.33958685585334,74.07118784747887,41.8711422427527,85.63555069624681,0.0,42.817775348123405
distance_food,25,83c48afffffffff,83c49dfffffffff,-44.31961743013103,-44.99331147816858,-45.30333278107268,-44.279326082931696,111.18031720693033,72.2828412908245,37.99735441253034,84.7518488991381,0.0,42.37592444956905
distance_food,26,83c49dfffffffff,83c483fffffffff,-45.30333278107268,-44.279326082931696,-45.0523527642124,-43.26387407399027,114.69734007033615,46.0287765128895,54.959456327849445,87.43284673924505,0.0,43.716423369622525
distance_food,27,83c483fffffffff,83c480fffffffff,-45.0523527642124,-43.26387407399027,-44.80833572539951,-42.24246350663671,115.30995580194352,46.55198499998999,49.7964805093619,87.8998387142885,0.0,43.94991935714425
distance_food,28,83c480fffffffff,83c484fffffffff,-44.80833572539951,-42.24246350663671,-44.57100436168233,-41.21575274886596,115.85138742321028,46.5855005378558,45.084680665347335,88.31256762267442,0.0,44.15628381133721
distance_food,29,83c484fffffffff,83c4a2fffffffff,-44.57100436168233,-41.21575274886596,-44.340095440845786,-40.184418111216566,116.31953443880276,46.81629185582955,42.00517171439214,88.66943227394385,0.0,44.33471613697193
distance_food,30,83c4a2fffffffff,83c4a6fffffffff,-44.340095440845786,-40.184418111216566,-44.11535895132376,-39.149151566090346,116.71255656326775,46.95587809336508,39.45388235368602,88.96902983350721,0.0,44.484514916753604
distance_food,31,83c4a6fffffffff,83c59bfffffffff,-44.11535895132376,-39.149151566090346,-45.02202101834585,-38.46835541030166,109.09691141168946,64.47174284884875,24.632213526423453,83.1636856559518,0.0867991670634988,41.62524241150765
distance_food,32,83c59bfffffffff,83c59afffffffff,-45.02202101834585,-38.46835541030166,-45.89994403587464,-37.78987056639107,107.64929939657532,63.30624694518694,22.836207861980824,82.06018282512983,8.697447820703639,45.378815322916736
distance_food,33,83c59afffffffff,83c59efffffffff,-45.89994403587464,-37.78987056639107,-45.66524030172804,-36.76738288870387,115.57633008586777,47.87205900681124,29.49250042823368,88.1028936580853,19.913000298363915,54.00794697822461
distance_food,34,83c59efffffffff,83c591fffffffff,-45.66524030172804,-36.76738288870387,-45.43641758356349,-35.74309503562166,115.72897548394896,48.7249766765453,24.959650949347832,88.21925399990056,17.65859519088464,52.9389245953926
distance_food,35,83c591fffffffff,83c595fffffffff,-45.43641758356349,-35.74309503562166,-45.21326460648008,-34.717707649959536,115.80544946903254,49.76489719179293,21.32209860431716,88.27754949492468,29.11197850616644,58.69476400054556
distance_food,36,83c595fffffffff,83c5b3fffffffff,-45.21326460648008,-34.717707649959536,-44.99557974837114,-33.69192336250194,115.80544946902704,50.84402522652333,15.803583758365294,88.2775494949205,33.856064273924034,61.06680688442227
distance_food,37,83c5b3fffffffff,83c5b2fffffffff,-44.99557974837114,-33.69192336250194,-45.86646835104419,-33.079602563503634,105.70616249328144,55.5476036983051,2.139712973910814,80.5789454140889,35.90727356905325,58.243109491571076
distance_food,38,83c5b2fffffffff,83c5b6fffffffff,-45.86646835104419,-33.079602563503634,-45.83624731050914,-32.16290669930425,101.97135540733666,52.461274142614826,7.709730250698814,77.73193243762574,33.38918838698111,55.56056041230343
distance_food,39,83c5b6fffffffff,83c5b4fffffffff,-45.83624731050914,-32.16290669930425,-44.75475582676514,-31.741439765172803,112.28351733298696,50.30818985979289,5.798884510850897,85.59280935632984,35.71237802373705,60.65259369003344
distance_food,40,83c5b4fffffffff,83c5b5fffffffff,-44.75475582676514,-31.741439765172803,-43.74229609354151,-32.26651241294115,111.90665906879828,48.86872880193269,5.99592030398088,85.30553337560508,40.2708299423652,62.78818165898514
distance_food,41,83c5b5fffffffff,83c5a6fffffffff,-43.74229609354151,-32.26651241294115,-42.6964648489648,-31.85242054861825,108.78131325861384,48.73926152660072,6.729387052648905,82.92310775822435,38.68613703969296,60.80462239895866
distance_food,42,83c5a6fffffffff,83c5a4fffffffff,-42.6964648489648,-31.85242054861825,-41.64634272507934,-31.424165832591346,110.22973138699211,50.66675589672697,4.872717571664002,84.02722508261202,43.169187983816,63.59820653321401
distance_food,43,83c5a4fffffffff,83a9b5fffffffff,-41.64634272507934,-31.424165832591346,-41.51235219821471,-30.398987969687283,114.70916012766143,52.59793730371886,2.6827475704787425,87.44185707252686,43.81045160723132,65.6261543398791
distance_food,44,83a9b5fffffffff,83a9b1fffffffff,-41.51235219821471,-30.398987969687283,-41.48954390253654,-29.43466929211563,107.25002175922546,52.83781297355661,3.1898953430800803,81.75581673912112,48.77412166402443,65.26496920157277
distance_food,45,83a9b1fffffffff,83a986fffffffff,-41.48954390253654,-29.43466929211563,-41.4668130177929,-28.45504549317599,108.95179944986356,53.02533824493516,7.637969767256472,83.05306799114304,50.40251560736627,66.72779179925465
distance_food,46,83a986fffffffff,83a982fffffffff,-41.4668130177929,-28.45504549317599,-41.44415915767365,-27.460336049802592,110.62917276898384,53.281553322094055,12.513822901465735,84.33171598982555,53.60678573474115,68.96925086228336
distance_food,47,83a982fffffffff,83a99cfffffffff,-41.44415915767365,-27.460336049802592,-41.42158193838591,-26.45080361299066,112.27734097088218,53.53327899684239,17.60793435960113,85.5881011658785,53.000620827786925,69.29436099683271
distance_food,48,83a99cfffffffff,83a99efffffffff,-41.42158193838591,-26.45080361299066,-40.35143133062108,-25.94933102950823,120.45283182443625,62.57061996604021,3.8204701588545,91.82021115533902,50.92341019568861,71.37181067551381
distance_food,49,83a99efffffffff,83a99afffffffff,-40.35143133062108,-25.94933102950823,-40.33076614635522,-24.918491887483768,114.64302309759408,55.439538307345735,23.270088956248998,87.39144135399214,51.46874601067965,69.4300936823359
distance_food,50,83a99afffffffff,83a99bfffffffff,-40.33076614635522,-24.918491887483768,-41.3766558995998,-24.388545082784,121.01279146722128,40.818740249899726,22.65880368726304,92.2470638233936,49.90765508316211,71.07735945327786
distance_food,51,83a99bfffffffff,83a8b5fffffffff,-41.3766558995998,-24.388545082784,-41.35430632492269,-23.336572637681872,116.99623613205462,57.08553936076636,27.5161749675714,89.18527645479404,47.29481542864804,68.24004594172104
distance_food,52,83a8b5fffffffff,83a8b1fffffffff,-41.35430632492269,-23.336572637681872,-41.33203188068039,-22.271286289753,118.47660238249829,,,90.31374757202848,0.0,
distance_food,53,83a8b1fffffffff,83a8b3fffffffff,-41.33203188068039,-22.271286289753,-40.269188575380525,-21.744010848631724,124.27086131707053,,,94.73066389356904,0.0,
distance_food,54,83a8b3fffffffff,83a894fffffffff,-40.269188575380525,-21.744010848631724,-39.20926687621599,-21.207495775416103,124.85029948019653,64.40275625753185,2.279442242104297,95.17236487879153,36.58022784553191,65.87629636216172
distance_food,55,83a894fffffffff,83a896fffffffff,-39.20926687621599,-21.207495775416103,-38.15297672636697,-20.66228532222732,125.33730785348834,65.09182523146873,6.041651560457318,95.5436073891814,42.3050368463755,68.92432211777844
distance_food,56,83a896fffffffff,83a892fffffffff,-38.15297672636697,-20.66228532222732,-38.136221407636455,-19.568146584338315,121.67542187558855,51.25124267705712,31.885506022706853,92.752181578557,34.89749673085123,63.824839154704115
distance_food,57,83a892fffffffff,83a59efffffffff,-38.136221407636455,-19.568146584338315,-37.08607091588699,-19.01042698777696,126.46507613486064,65.96875600138641,18.82896597572005,96.40329595076564,35.11680162306902,65.76004878691734
distance_food,58,83a59efffffffff,83a591fffffffff,-37.08607091588699,-19.01042698777696,-37.07117891728324,-17.900973732676988,123.37574266674808,49.53401107237012,38.62769149576116,94.04832224799044,46.715940413659936,70.38213133082519
distance_food,59,83a591fffffffff,83a595fffffffff,-37.07117891728324,-17.900973732676988,-37.056337102676,-16.781275859843184,124.51486005748588,46.334499502901416,46.66296187115941,94.91666214306832,48.92742435943072,71.92204325124952
distance_food,60,83a595fffffffff,83a5b3fffffffff,-37.056337102676,-16.781275859843184,-37.04154522080395,-15.652057587168017,125.57344815065136,44.72905344621541,49.744040275543966,95.72361521149143,54.37529837829422,75.04945679489282
distance_food,61,83a5b3fffffffff,83a5b1fffffffff,-37.04154522080395,-15.652057587168017,-36.00177329533265,-15.078063918431054,128.4617630173423,70.66996181007106,37.90662744578293,97.92535407412949,54.51813074354072,76.2217424088351
distance_food,62,83a5b1fffffffff,83a5b5fffffffff,-36.00177329533265,-15.078063918431054,-35.98881271461242,-13.937859983580974,126.7927441701942,44.080706522055735,56.20581404977212,96.6530746212832,60.64109058893975,78.64708260511148
distance_food,63,83a5b5fffffffff,83a5a6fffffffff,-35.98881271461242,-13.937859983580974,-34.95643214729487,-13.357499389880813,128.8750400607436,73.90880109427128,45.72523827869827,98.2403917931768,62.59796698092645,80.41917938705163
distance_food,64,83a5a6fffffffff,83a5a4fffffffff,-34.95643214729487,-13.357499389880813,-33.93028049120828,-12.773697082052909,128.7169837714933,75.61043505020899,46.30640191144985,98.11990677316044,69.15404497562749,83.63697587439395
distance_food,65,83a5a4fffffffff,8381b5fffffffff,-33.93028049120828,-12.773697082052909,-33.920879630134685,-11.624216638240013,127.820653633075,39.8088891709508,68.22439675932283,97.4366416200886,71.10285870289702,84.26975016149281
distance_food,66,8381b5fffffffff,8381a2fffffffff,-33.920879630134685,-11.624216638240013,-34.93416536553838,-11.053566831006858,127.39913487367492,12.03761930397303,13.910414253396082,97.1153213081638,63.715841879656494,80.41558159391015
distance_food,67,8381a2fffffffff,8381a3fffffffff,-34.93416536553838,-11.053566831006858,-35.95019088515578,-10.47573751618655,128.2447256504768,13.639005387717887,12.867997956036795,97.75990825976096,61.58027492735146,79.67009159355621
distance_food,68,8381a3fffffffff,8381aefffffffff,-35.95019088515578,-10.47573751618655,-36.96832612385055,-9.891295794202206,128.99387806152131,,,98.33098103179756,0.0,
distance_food,69,8381aefffffffff,8381acfffffffff,-36.96832612385055,-9.891295794202206,-38.004189800253066,-10.469351983149506,130.3228942808786,,,99.34407925491048,0.0,
distance_food,70,8381acfffffffff,8381adfffffffff,-38.004189800253066,-10.469351983149506,-39.02632811261704,-9.876855364153505,129.82786999719409,,,98.96672628141474,0.0,
distance_food,71,8381adfffffffff,8381a9fffffffff,-39.02632811261704,-9.876855364153505,-39.00836816002458,-8.704994804836987,130.3200320858846,,,99.34189742701372,0.0,
distance_food,72,8381a9fffffffff,8381abfffffffff,-39.00836816002458,-8.704994804836987,-37.97173038337054,-8.128391442403322,130.81646567063217,,,99.72032469921405,0.0,
distance_food,73,8381abfffffffff,83818cfffffffff,-37.97173038337054,-8.128391442403322,-36.939379403784606,-7.54990393367037,130.65116277571016,,,99.59431565080536,0.0,
distance_food,74,83818cfffffffff,83818efffffffff,-36.939379403784606,-7.54990393367037,-35.91195441353425,-6.970223438222774,130.3765842295423,,,99.38500666482314,0.0,
distance_food,75,83818efffffffff,83819dfffffffff,-35.91195441353425,-6.970223438222774,-34.89007586334134,-6.390039344802386,129.99410722547043,,,99.093447564518,0.0,
distance_food,76,83819dfffffffff,83819cfffffffff,-34.89007586334134,-6.390039344802386,-33.883588770490206,-6.978662043971704,128.9938780615211,,,98.33098103179736,0.0,
distance_food,77,83819cfffffffff,83819efffffffff,-33.883588770490206,-6.978662043971704,-32.87287428967797,-6.397040452282979,129.00368577230452,65.7806351778971,67.67145335401435,98.33845736972522,56.88111971769234,77.60978854370879
distance_food,78,83819efffffffff,83819afffffffff,-32.87287428967797,-6.397040452282979,-32.86533414784212,-5.230885225461806,129.67340662883302,30.178691452749423,64.15667775826284,98.84898011568448,55.64039451148784,77.24468731358616
distance_food,79,83819afffffffff,83819bfffffffff,-32.86533414784212,-5.230885225461806,-33.865128722835394,-4.64043435208105,128.75664985557174,10.852190980774717,1.567954745246673,98.15014390549368,49.71524015040444,73.93269202794906
distance_food,80,83819bfffffffff,8380b5fffffffff,-33.865128722835394,-4.64043435208105,-33.855944509524285,-3.470833307871576,130.0578713005893,30.797035481311703,62.75351576182915,99.14205439885188,47.50394492083928,73.32299965984558
distance_food,81,8380b5fffffffff,8380a2fffffffff,-33.855944509524285,-3.470833307871576,-34.85739153278383,-2.873638449314077,129.50563567861653,14.139732217845657,6.245771487786717,98.72108968885698,41.76627670114652,70.24368319500175
distance_food,82,8380a2fffffffff,8380a3fffffffff,-34.85739153278383,-2.873638449314077,-35.86156205197147,-2.273310868399149,129.99410722547032,16.793364801695855,10.8981633368923,99.0934475645179,41.13161627053973,70.11253191752881
distance_food,83,8380a3fffffffff,8380aefffffffff,-35.86156205197147,-2.273310868399149,-36.867848159912654,-1.6705171207167144,130.37658422954243,15.287401507224782,12.273781952128768,99.38500666482324,35.152488294897125,67.26874747986018
distance_food,84,8380aefffffffff,8380aafffffffff,-36.867848159912654,-1.6705171207167144,-36.85368327649224,-0.498099480912631,130.3765842295421,43.132003021802745,59.17921172530493,99.38500666482298,39.24674927683176,69.31587797082737
distance_food,85,8380aafffffffff,83808cfffffffff,-36.85368327649224,-0.498099480912631,-36.83956497656423,0.6708787465931045,129.99410722547046,47.09326582844987,55.26595099737032,99.093447564518,39.2313817530815,69.16241465879975
distance_food,86,83808cfffffffff,83808efffffffff,-36.83956497656423,0.6708787465931045,-35.82420275350771,1.2322078818641211,128.99387806152177,75.03792670350246,24.82582802629295,98.33098103179788,39.11615807151357,68.72356955165571
distance_food,87,83808efffffffff,83809dfffffffff,-35.82420275350771,1.2322078818641211,-34.81431363610812,1.789893706087209,128.24472565047614,75.45660940657993,18.41144570321501,97.75990825976044,35.24074061325804,66.50032443650923
distance_food,88,83809dfffffffff,83809cfffffffff,-34.81431363610812,1.789893706087209,-33.819509556967134,1.1881928149356444,129.24493291535398,70.74813036249145,29.716821775162927,98.52235809899749,31.581080688366946,65.05171939368222
distance_food,89,83809cfffffffff,83809efffffffff,-33.819509556967134,1.1881928149356444,-32.820612794424655,1.7425415365598105,126.99806769767405,73.17366827407773,19.190672804316584,96.80959107143887,33.443512700303955,65.12655188587141
distance_food,90,83809efffffffff,83809afffffffff,-32.820612794424655,1.7425415365598105,-32.813244686381225,2.8920248057620386,127.819505757646,51.52061067577459,45.71594767274826,97.4357666040124,32.67418246751255,65.05497453576248
distance_food,91,83809afffffffff,83809bfffffffff,-32.813244686381225,2.8920248057620386,-33.80147115024287,3.4928342148783607,128.4544162824328,32.07226836941193,33.6375156790837,97.91975371803592,27.90324068265293,62.91149720034443
distance_food,92,83809bfffffffff,8356d9fffffffff,-33.80147115024287,3.4928342148783607,-34.79298633995289,4.093830601281249,128.7169837714953,34.59793175996051,45.63030670564025,98.119906773162,25.159875314081013,61.6398910436215
distance_food,93,8356d9fffffffff,8356ddfffffffff,-34.79298633995289,4.093830601281249,-34.78237500188676,5.235690277732663,126.97462433387336,68.60486221962553,52.39791998361742,96.7917203864432,22.595003167325483,59.693361776884345
distance_food,94,8356ddfffffffff,8356c3fffffffff,-34.78237500188676,5.235690277732663,-34.77179831040876,6.3696879718052,126.10039279141672,72.39262924037071,56.059385725530674,96.12530081281272,28.84967819487663,62.48748950384468
distance_food,95,8356c3fffffffff,8356c0fffffffff,-34.77179831040876,6.3696879718052,-34.76125609682831,7.495025847674215,125.13744591708954,75.08680044889375,60.56461434134969,95.39125426535612,35.30363293568037,65.34744360051825
distance_food,96,8356c0fffffffff,8356c6fffffffff,-34.76125609682831,7.495025847674215,-35.7505791186495,8.089236879433,127.45526634891428,33.542739519944774,77.1092875263018,97.15810987386936,33.98666798585036,65.57238892985987
distance_food,97,8356c6fffffffff,8356f3fffffffff,-35.7505791186495,8.089236879433,-36.74202227080571,8.68058875018835,127.3533275520768,31.21260333734266,82.54631143507339,97.08040276056396,36.15650471338339,66.61845373697368
distance_food,98,8356f3fffffffff,8356f0fffffffff,-36.74202227080571,8.68058875018835,-36.72826856321728,9.790048878906838,123.37574266674729,78.7990675730927,73.92370497230499,94.04832224798984,34.84593140342298,64.44712682570642
distance_food,99,8356f0fffffffff,8356f6fffffffff,-36.72826856321728,9.790048878906838,-37.71962387367565,10.373874691429863,126.46507613486196,28.840479323772183,86.33578018967337,96.40329595076663,35.700744519789275,66.05202023527795
distance_food,100,8356f6fffffffff,8356abfffffffff,-37.71962387367565,10.373874691429863,-38.71192306461784,10.953052360521262,126.11601717644616,26.202075234436247,87.51298567475862,96.13721115407115,36.73385515752512,66.43553315579814
distance_food,101,8356abfffffffff,8356aafffffffff,-38.71192306461784,10.953052360521262,-39.70457172316346,11.526980909057482,125.67004805780556,24.89392199350898,87.52533334104184,95.79725253274108,33.379838494903055,64.58854551382207
distance_food,102,8356aafffffffff,8356aefffffffff,-39.70457172316346,11.526980909057482,-39.68604070397538,12.610904448149666,120.54380700426198,76.89849505976238,87.14842710866294,91.88956079282757,35.458671533653515,63.67411616324054
distance_food,103,8356aefffffffff,8356acfffffffff,-39.68604070397538,12.610904448149666,-38.67811410378383,13.119365881304038,123.02394408847908,103.63055570774246,0.5134477443651398,93.78014906142818,41.779080562172624,67.7796148118004
distance_food,104,8356acfffffffff,8356adfffffffff,-38.67811410378383,13.119365881304038,-37.68902639850671,12.550266573196955,124.51282291649976,78.46481559944573,82.27621947388273,94.91510924711172,47.82447753092406,71.36979338901789
distance_food,105,8356adfffffffff,83561efffffffff,-37.68902639850671,12.550266573196955,-36.68727409851218,13.050389894058778,122.02941576476894,102.78275739269952,4.476231526710363,93.02202823271963,44.15403644675864,68.58803233973913
distance_food,106,83561efffffffff,835611fffffffff,-36.68727409851218,13.050389894058778,-36.67369745120813,14.112529909100688,118.11385995702516,76.50508656293793,83.67525945327624,90.03723198001245,47.37872708433873,68.70797953217559
distance_food,107,835611fffffffff,835615fffffffff,-36.67369745120813,14.112529909100688,-36.66016453854757,15.161487562479175,116.64801683271487,75.0895404259385,84.02199675158161,88.91983172336305,54.04711058261657,71.48347115298981
distance_food,108,835615fffffffff,835614fffffffff,-36.66016453854757,15.161487562479175,-37.64349902465934,15.72014366249938,122.3393913750261,22.664245438718545,79.82235044004597,93.25832011192014,57.501508999811776,75.37991455586595
distance_food,109,835614fffffffff,835789fffffffff,-37.64349902465934,15.72014366249938,-38.62780713691691,16.271915254501785,121.7943718085314,21.306644850461485,78.2056859196929,92.84285614215416,57.61672874524757,75.22979244370086
distance_food,110,835789fffffffff,83578bfffffffff,-38.62780713691691,16.271915254501785,-39.630803510706166,15.785437314674626,120.06776441326193,0.4503593755446932,6.277086826145229,91.52667740882984,65.56083656987916,78.5437569893545
distance_food,111,83578bfffffffff,8356a4fffffffff,-39.630803510706166,15.785437314674626,-40.63681167497264,15.290502620008487,121.0127914672226,0.7864684058642455,7.072401184030052,92.2470638233946,60.27968487048737,76.26337434694099
distance_food,112,8356a4fffffffff,8356a6fffffffff,-40.63681167497264,15.290502620008487,-41.64522251506882,14.78749841687905,121.88072480283998,0.5828008670968269,9.619802261040638,92.90868232532657,61.38919406804852,77.14893819668754
distance_food,113,8356a6fffffffff,83579bfffffffff,-41.64522251506882,14.78749841687905,-42.632245381758274,15.32877645956805,121.88072480284316,17.36894817629117,75.30913801774338,92.90868232532898,57.631063828545486,75.26987307693723
distance_food,114,83579bfffffffff,8356b4fffffffff,-42.632245381758274,15.32877645956805,-43.64199233864439,14.817202346955272,122.43266426450748,0.1392539311919592,13.951619412422705,93.32942127473656,63.07928771236178,78.20435449354918
distance_food,115,8356b4fffffffff,835e96fffffffff,-43.64199233864439,14.817202346955272,-44.62599054646103,15.349315291369845,121.08635547679847,15.569647923126626,72.01696501419659,92.30314106782616,57.72216171799926,75.01265139291272
distance_food,116,835e96fffffffff,835e92fffffffff,-44.62599054646103,15.349315291369845,-44.59977918663324,16.386416064670026,115.35457509906657,65.75355982723315,88.74834798696716,87.93385164052184,65.19816539774702,76.56600851913443
distance_food,117,835e92fffffffff,83579efffffffff,-44.59977918663324,16.386416064670026,-43.59266341345799,16.892626768862335,121.16462075082242,97.63409725441434,18.89256239028885,92.3628020477978,69.06150374221207,80.71215289500493
distance_food,118,83579efffffffff,83579cfffffffff,-43.59266341345799,16.892626768862335,-42.5861195811717,17.39095925625116,120.45283182443328,97.98650687266095,16.929834172956863,91.82021115533676,68.13696560408611,79.97858837971144
distance_food,119,83579cfffffffff,83579dfffffffff,-42.5861195811717,17.39095925625116,-41.60218434224212,16.864055886261625,119.85263063140177,82.82752787003929,62.80013335274188,91.36268268178318,72.26149070993482,81.812086695859
distance_food,120,83579dfffffffff,83578efffffffff,-41.60218434224212,16.864055886261625,-40.61245867761973,17.3584792351929,118.6822844614632,98.62852162170628,13.861008441626,90.47053734305648,68.12613234501008,79.29833484403328
distance_food,121,83578efffffffff,83578cfffffffff,-40.61245867761973,17.3584792351929,-39.65897737235272,17.867936397455466,115.84714727971412,96.7489167405124,15.749726593658613,88.30933539587451,68.58323014527522,78.44628277057487
distance_food,122,83578cfffffffff,8357aafffffffff,-39.65897737235272,17.867936397455466,-39.70653091317371,18.931383732486903,118.35650497907828,64.6584457431774,84.08617185942988,90.22219830104656,68.92507572198798,79.57363701151726
distance_food,123,8357aafffffffff,8357aefffffffff,-39.70653091317371,18.931383732486903,-39.755207801177335,20.00609086570027,119.611053077586,63.19143779299446,80.91186416909784,91.17853008307895,71.43868499282334,81.30860753795115
distance_food,124,8357aefffffffff,8357acfffffffff,-39.755207801177335,20.00609086570027,-38.76210037393007,20.53557885310161,119.15134084049912,89.61030490104126,15.996601304281128,90.8280951946611,73.84011170357962,82.33410344912036
distance_food,125,8357acfffffffff,8357adfffffffff,-38.76210037393007,20.53557885310161,-37.72515845230745,19.972628859303125,124.9788101447208,76.9200298818933,57.02954937286706,95.2703275100855,71.03762348833172,83.1539754992086
distance_food,126,8357adfffffffff,83571efffffffff,-37.72515845230745,19.972628859303125,-36.708090689398,20.493460006335773,120.88893273784582,93.28773439756414,11.049789419167446,92.15264732431731,68.37477655718331,80.26371194075031
distance_food,127,83571efffffffff,835711fffffffff,-36.708090689398,20.493460006335773,-36.72165980756992,21.59432520115931,122.41889280240962,64.92640453833062,71.9236556028275,93.3189234015144,67.06262675989316,80.19077508070379
distance_food,128,835711fffffffff,835715fffffffff,-36.72165980756992,21.59432520115931,-36.73556301340823,22.70518492537379,123.5304347144671,63.55787701799837,67.62877036879661,94.1662427341299,68.92669496077087,81.54646884745038
distance_food,129,835715fffffffff,835733fffffffff,-36.73556301340823,22.70518492537379,-36.74981279744771,23.82532970962593,124.5630945807884,62.10701150464887,62.46779888805515,94.95343092672854,70.43505269508032,82.69424181090443
distance_food,130,835733fffffffff,835731fffffffff,-36.74981279744771,23.82532970962593,-35.67673945503917,24.367911328439213,124.51486005748669,81.90206126899751,9.793059641650864,94.91666214306892,74.2161087585079,84.5663854507884
distance_food,131,835731fffffffff,835735fffffffff,-35.67673945503917,24.367911328439213,-35.67781304667581,25.50347541551581,126.26918617130676,60.64967465528431,51.19894621591351,96.25397062944032,72.21107753359722,84.23252408151876
distance_food,132,835735fffffffff,835734fffffffff,-35.67781304667581,25.50347541551581,-36.779405254615845,26.09043753491047,128.14915616373187,33.86213753836124,37.55447986154945,97.68705641958408,78.04158303904404,87.86431972931406
distance_food,133,835734fffffffff,835736fffffffff,-36.779405254615845,26.09043753491047,-37.86022014119937,25.530981144631173,124.8004584444807,29.153781691139997,8.277600334271936,95.1343714638231,80.03905539553143,87.58671342967727
distance_food,134,835736fffffffff,833a6bfffffffff,-37.86022014119937,25.530981144631173,-38.96341410756854,26.098139163585856,127.16676304532406,33.097662708504025,32.961036625211904,96.93818615888956,80.22173323647755,88.57995969768356
distance_food,135,833a6bfffffffff,833a6afffffffff,-38.96341410756854,26.098139163585856,-40.07325360721391,26.65483120698233,126.7095329897598,35.06490682666739,25.71058429739749,96.58964341719904,85.5258692548682,91.05775633603362
distance_food,136,833a6afffffffff,833a6efffffffff,-40.07325360721391,26.65483120698233,-40.13103706719736,27.78955508069261,126.30500124655,52.922620381603146,36.2816860993206,96.28127216915148,85.85920819394117,91.07024018154632
distance_food,137,833a6efffffffff,833a61fffffffff,-40.13103706719736,27.78955508069261,-40.1903270760608,28.929723627653885,126.91379442936535,51.71716926543745,29.59729146719016,96.74535024643168,84.16016440460055,90.45275732551612
distance_food,138,833a61fffffffff,833a65fffffffff,-40.1903270760608,28.929723627653885,-40.25118319876412,30.074463622123336,127.42562266935953,50.55142784260671,22.28454977386333,97.13551273875088,79.04357695226926,88.08954484551006
distance_food,139,833a65fffffffff,833b4bfffffffff,-40.25118319876412,30.074463622123336,-40.31366817498034,31.222880018650542,127.83806684702412,48.29933449941122,8.070648340028619,97.44991557104088,64.47485897272878,80.96238727188484
distance_food,140,833b4bfffffffff,833b4afffffffff,-40.31366817498034,31.222880018650542,-41.48981152529807,31.757485150991307,126.37411521970051,47.76933221522757,3.682076947761138,96.33395718711532,50.01002740575306,73.17199229643418
distance_food,141,833b4afffffffff,833b59fffffffff,-41.48981152529807,31.757485150991307,-42.57733824001975,31.136941212139902,124.11323830432818,51.54646028024853,5.920611078766202,94.61050915670045,52.96928819651679,73.78989867660862
distance_food,142,833b59fffffffff,833b5bfffffffff,-42.57733824001975,31.136941212139902,-43.640467154609325,30.513418942931143,122.93101291913996,52.95759035318596,6.676495224593845,93.70930838908876,56.07137506374686,74.89034172641782
distance_food,143,833b5bfffffffff,833b5afffffffff,-43.640467154609325,30.513418942931143,-44.79852374808203,31.01390806861108,123.85612784314492,45.73412907163689,4.636258782804784,94.41451594941329,67.35286274641014,80.88368934791171
distance_food,144,833b5afffffffff,833b5efffffffff,-44.79852374808203,31.01390806861108,-44.920886832082296,32.14247749169801,126.02553675418088,44.34722665869071,3.3995018916293374,96.06823866623516,56.0463322812701,76.05728547375263
distance_food,145,833b5efffffffff,833b51fffffffff,-44.920886832082296,32.14247749169801,-45.04651655640098,33.27269930293736,126.22356381382303,43.788958605276925,9.45744772558665,96.2191930784761,45.96990517715472,71.09454912781541
distance_food,146,833b51fffffffff,833b55fffffffff,-45.04651655640098,33.27269930293736,-45.17554424361917,34.40367996413672,126.32281087016626,43.13529925553135,15.438408168300034,96.2948482999595,31.579754102371407,63.937301201165454
distance_food,147,833b55fffffffff,833b73fffffffff,-45.17554424361917,34.40367996413672,-45.30810827950993,35.534521455671374,126.32281087016445,42.576074732870616,21.232354566182103,96.2948482999581,23.29822230866416,59.796535304311135
distance_food,148,833b73fffffffff,833b71fffffffff,-45.30810827950993,35.534521455671374,-44.20499274077126,36.19408168269789,123.53043471446776,33.419821339985816,1.1108044922132756,94.1662427341304,15.0186205110456,54.592431622588
distance_food,149,833b71fffffffff,833b75fffffffff,-44.20499274077126,36.19408168269789,-44.32746194486689,37.32942965972447,126.71558914325882,41.60394382786178,30.04804510286012,96.59425997361076,7.857776510754658,52.22601824218271
distance_food,150,833b75fffffffff,833b74fffffffff,-44.32746194486689,37.32942965972447,-45.58443715202693,37.79219752944952,122.16097563069276,60.98070034859628,30.796023593445756,93.12231524536789,6.240325611033993,49.68132042820094
distance_food,151,833b74fffffffff,833b76fffffffff,-45.58443715202693,37.79219752944952,-46.68592830520272,37.11699584445852,122.84134731999312,70.71707895833802,4.403112823406375,93.64095703426936,4.929394012578238,49.2851755234238
distance_food,152,833b76fffffffff,833b2bfffffffff,-46.68592830520272,37.11699584445852,-47.92855177605513,37.55188271817819,120.03330344416344,62.15141649600466,31.843884446367948,91.50040809318725,6.666308886778801,49.08335848998303
distance_food,153,833b2bfffffffff,833b2afffffffff,-47.92855177605513,37.55188271817819,-49.17105698040224,37.968840852155445,118.65812362642905,62.667477684500135,31.847088900260427,90.45211973559202,7.73457385746778,49.0933467965299
distance_food,154,833b2afffffffff,833b2efffffffff,-49.17105698040224,37.968840852155445,-49.36334534266104,39.07079861896575,123.66885638379443,41.734923694183294,36.82838263345493,94.27176044354027,13.796752912100631,54.03425667782045
distance_food,155,833b2efffffffff,833b2cfffffffff,-49.36334534266104,39.07079861896575,-48.28359285146084,39.77050478677622,121.05974773064789,31.262516380755,9.285799304701731,92.2828581999773,6.421840879581295,49.3523495397793
distance_food,156,833b2cfffffffff,831ad2fffffffff,-48.28359285146084,39.77050478677622,-48.46875776087139,40.87347696193428,123.64550958298987,43.93685367509395,33.21382826024897,94.2539633677289,1.070370235125392,47.66216680142715
distance_food,157,831ad2fffffffff,831ad6fffffffff,-48.46875776087139,40.87347696193428,-48.65931047234043,41.97112517351633,123.08276287423874,46.31423840216709,29.324299480464934,93.82498614202272,0.0,46.91249307101136
distance_food,158,831ad6fffffffff,831a89fffffffff,-48.65931047234043,41.97112517351633,-48.85548520786634,43.062652299771294,122.43266426450936,49.38029750153439,22.44927919112948,93.329421274738,0.0,46.664710637369
distance_food,159,831a89fffffffff,831af2fffffffff,-48.85548520786634,43.062652299771294,-47.70291956228319,43.77016514030347,121.88072480284058,38.75222195304518,7.391759792246328,92.90868232532702,0.0,46.45434116266351
distance_food,160,831af2fffffffff,831af6fffffffff,-47.70291956228319,43.77016514030347,-47.89054466847602,44.85801178884894,121.88072480284188,48.74663317417349,26.03306277510685,92.90868232532802,0.0,46.45434116266401
distance_food,161,831af6fffffffff,831af4fffffffff,-47.89054466847602,44.85801178884894,-46.6873361067201,45.56073637888519,122.43266426450904,36.58862254626941,11.834834575465967,93.32942127473775,0.0,46.66471063736888
distance_food,162,831af4fffffffff,831a1afffffffff,-46.6873361067201,45.56073637888519,-46.86482589869279,46.642714923998845,121.08635547679889,48.47235572741779,30.59512663005704,92.30314106782646,0.0,46.15157053391323
distance_food,163,831a1afffffffff,831a18fffffffff,-46.86482589869279,46.642714923998845,-45.60759077527089,47.337693314865184,122.73835670342052,33.81235049065648,12.025100211585304,93.56244812735966,0.0,46.78122406367983
distance_food,164,831a18fffffffff,831a1dfffffffff,-45.60759077527089,47.337693314865184,-44.31173160871038,48.02135854609844,123.24839174860524,31.46586658625997,14.023128544707191,93.95124368190288,0.0,46.97562184095144
distance_food,165,831a1dfffffffff,831a0efffffffff,-44.31173160871038,48.02135854609844,-42.97682836643355,48.69231691576239,123.66885638379458,29.15976375445932,15.884938572410034,94.2717604435404,0.0,47.1358802217702
distance_food,166,831a0efffffffff,831a0cfffffffff,-42.97682836643355,48.69231691576239,-41.60260484770485,49.3491614543758,123.99787286078634,28.073156635640917,17.092313113903977,94.52256702013464,0.0,47.26128351006732
distance_food,167,831a0cfffffffff,831a2bfffffffff,-41.60260484770485,49.3491614543758,-40.1889492338026,49.99048042197371,124.23395837507697,28.13781005749524,14.94082420915673,94.70253308190792,0.0,47.35126654095396
distance_food,168,831a2bfffffffff,831a29fffffffff,-40.1889492338026,49.99048042197371,-38.73593512298962,50.61486659082996,124.37604163706588,29.478676442435056,13.89379507461235,94.81084199353631,0.0,47.40542099676816
distance_food,169,831a29fffffffff,831b5afffffffff,-38.73593512298962,50.61486659082996,-37.2438426059576,51.22092726928149,124.42347496366853,31.92621934648962,12.32189485692832,94.84700003148764,0.0,47.42350001574382
distance_food,170,831b5afffffffff,831b58fffffffff,-37.2438426059576,51.22092726928149,-35.71317883939187,51.80729499903368,124.37604163706456,32.90934837066079,11.549973201757751,94.81084199353528,0.0,47.40542099676764
distance_food,171,831b58fffffffff,831b5dfffffffff,-35.71317883939187,51.80729499903368,-34.144697480086144,52.3726388322604,124.23395837507871,32.749462552545204,10.74582863528773,94.70253308190924,0.0,47.35126654095462
distance_food,172,831b5dfffffffff,831b4efffffffff,-34.144697480086144,52.3726388322604,-32.53941625665356,52.91567606618126,123.9978728607864,32.338694299359844,8.692101370599596,94.5225670201347,0.0,47.26128351006735
distance_food,173,831b4efffffffff,831b4cfffffffff,-32.53941625665356,52.91567606618126,-30.898631888674096,53.43518428239341,123.66885638379216,32.046285498460335,7.429574267750895,94.27176044353855,0.0,47.13588022176928
distance_food,174,831b4cfffffffff,831b6bfffffffff,-30.898631888674096,53.43518428239341,-29.223931523309385,53.9300135072368,123.24839174860467,31.437697778001368,4.612378557319742,93.95124368190244,0.0,46.97562184095122
distance_food,175,831b6bfffffffff,8318b6fffffffff,-29.223931523309385,53.9300135072368,-27.6671821260438,53.35169912592156,121.10214025892016,38.374081020110026,27.36994947426778,92.31517367847964,0.0,46.15758683923982
wind_dominated,1,83eedcfffffffff,83eeddfffffffff,-27.83055450872197,-65.19239867027046,-30.06239548440604,-64.5257632378848,128.87233417688444,58.19854200839951,29.16137051782716,98.23832911998308,0.0,70.21047814187457
wind_dominated,2,83eeddfffffffff,83eecafffffffff,-30.06239548440604,-64.5257632378848,-32.17770032225667,-63.82963948262643,128.39642328978954,59.31607382805211,29.75978310992713,97.87554613279796,0.0,70.88391551947586
wind_dominated,3,83eecafffffffff,83eecbfffffffff,-32.17770032225667,-63.82963948262643,-34.18003684751135,-63.10743562224235,127.819505757646,60.36808288884446,29.464929469433347,97.4357666040124,20.64864078029035,71.48838800339485
wind_dominated,4,83eecbfffffffff,83df96fffffffff,-34.18003684751135,-63.10743562224235,-36.07370718836176,-62.36241033074938,127.14434205233664,59.84216394517307,28.27476604937968,96.92109481882528,35.25874659935426,70.96584320726873
wind_dominated,5,83df96fffffffff,83df90fffffffff,-36.07370718836176,-62.36241033074938,-37.86351067661641,-61.59765444897576,126.3741152197,61.3789465566257,28.18197528603707,96.33395718711492,41.9032296772349,71.86544974577247
wind_dominated,6,83df90fffffffff,83df91fffffffff,-37.86351067661641,-61.59765444897576,-39.5545474560228,-60.81608007657734,125.51239433666284,63.07090822010498,30.63503027544515,95.67707438710934,19.224459060535743,72.85275807020629
wind_dominated,7,83df91fffffffff,83df9cfffffffff,-39.5545474560228,-60.81608007657734,-41.15206058617907,-60.02041546242648,124.56309458078849,64.70252729417248,32.79285559171484,94.9534309267286,23.93052145437851,73.77779838393931
wind_dominated,8,83df9cfffffffff,83df9dfffffffff,-41.15206058617907,-60.02041546242648,-42.66131272189328,-59.21320430928908,123.53043471446507,64.60278172769246,32.90017862008539,94.16624273412836,20.79164197823755,73.47182002962322
wind_dominated,9,83df9dfffffffff,83df8afffffffff,-42.66131272189328,-59.21320430928908,-44.08749266671768,-58.39680833382526,122.41889280241185,66.7499154956505,36.77247333109809,93.3189234015161,3.642636337592693,74.72061786741018
wind_dominated,10,83df8afffffffff,83df8bfffffffff,-44.08749266671768,-58.39680833382526,-45.43564695388184,-57.573412144412245,121.2331609737971,68.40196898738871,40.64239749158488,92.41504970068272,0.0,75.60589320137692
wind_dominated,11,83df8bfffffffff,83de16fffffffff,-45.43564695388184,-57.573412144412245,-46.71063185895748,-56.74502970012246,119.97810001119026,69.39978026582908,43.54455682811325,91.4583269665311,0.0,76.01734427603968
wind_dominated,12,83de16fffffffff,83de10fffffffff,-46.71063185895748,-56.74502970012246,-47.917081717115,-55.91351178657332,118.65869449983356,70.55700454432338,44.720185526510434,90.45255490773162,10.312353120503571,76.52566965334584
wind_dominated,13,83de10fffffffff,83de11fffffffff,-47.917081717115,-55.91351178657332,-49.05938997927256,-55.08055408642641,117.28000920646076,71.51853317350754,46.28153202016937,89.4015943546517,16.781201968297474,76.88345152785078
wind_dominated,14,83de11fffffffff,83de1cfffffffff,-49.05938997927256,-55.08055408642641,-50.1417000156092,-54.24770553569724,115.84714727971388,71.10770345331505,47.33270278846173,88.30933539587434,17.243333277741936,76.26819303608283
wind_dominated,15,83de1cfffffffff,83de1dfffffffff,-50.1417000156092,-54.24770553569724,-51.16790321465603,-53.41637674515798,114.36521077858056,72.54399938589754,50.31851650826101,87.17966728934785,29.481219384704367,76.93469975693263
wind_dominated,16,83de1dfffffffff,83de0afffffffff,-51.16790321465603,-53.41637674515798,-52.14164240732195,-52.58784833303852,112.83926394447168,73.57814666127041,51.53191145362155,86.01645046499026,17.41103640667404,77.30963780238636
wind_dominated,17,83de0afffffffff,83dee4fffffffff,-52.14164240732195,-52.58784833303852,-51.33369111063651,-51.69194427659555,113.85948344177451,35.94904604684825,62.53240039648608,86.79415546576332,10.656662449689613,51.20257887252277
wind_dominated,18,83dee4fffffffff,83dee0fffffffff,-51.33369111063651,-51.69194427659555,-50.56656921373769,-50.80183559854842,112.45828445175351,37.04388148553074,62.611240199628426,85.72603290537471,17.818709431930408,51.64852691148393
wind_dominated,19,83dee0fffffffff,83dee3fffffffff,-50.56656921373769,-50.80183559854842,-49.83751332741041,-49.9184076211014,111.01403137501836,37.92115797013894,61.09903079005064,84.62509056587989,16.366978086921367,51.93233774886123
wind_dominated,20,83dee3fffffffff,83deeefffffffff,-49.83751332741041,-49.9184076211014,-50.74892118804535,-49.14635023544538,108.14757689817704,72.63912942368667,48.66588479139913,82.44001570010705,13.124450347300924,75.57939530661278
wind_dominated,21,83deeefffffffff,83deecfffffffff,-50.74892118804535,-49.14635023544538,-52.35769049976527,-49.22781472931408,117.26727014596796,84.22311585530954,10.913424996542307,89.39188347275169,11.16005474348184,85.77374614054219
wind_dominated,22,83deecfffffffff,83deedfffffffff,-52.35769049976527,-49.22781472931408,-53.191882236456415,-48.44882155245115,105.97212802184336,73.28570720343302,47.085469389103295,80.78168876700727,11.721398611694276,75.53450167250529
wind_dominated,23,83deedfffffffff,83de5afffffffff,-53.191882236456415,-48.44882155245115,-53.98836448673039,-47.67624786220035,104.32180035352395,72.73162433264402,51.21359712202775,79.5236574473165,0.0,74.76923426704576
wind_dominated,24,83de5afffffffff,83de5bfffffffff,-53.98836448673039,-47.67624786220035,-54.749349794867214,-46.91079253262034,102.6550962821683,72.59767142553974,50.80764805562855,78.25314252917497,0.0,74.2943127566303
wind_dominated,25,83de5bfffffffff,83c3b5fffffffff,-54.749349794867214,-46.91079253262034,-54.00718833446861,-46.11264903755499,105.36511095763537,35.67709092432971,56.06285169512274,80.31896461045352,0.0,49.06965303016685
wind_dominated,26,83c3b5fffffffff,83c3a2fffffffff,-54.00718833446861,-46.11264903755499,-54.73555874222228,-45.371437022524645,99.93772580764336,72.31434818526203,49.591308860143954,76.18171318227648,0.0,73.47455768436637
wind_dominated,27,83c3a2fffffffff,83c3a3fffffffff,-54.73555874222228,-45.371437022524645,-55.43326443230958,-44.638275176876455,98.25939101605717,71.80427139949222,44.84097524782123,74.90233226097602,0.0,72.73368965793736
wind_dominated,28,83c3a3fffffffff,83c3aefffffffff,-55.43326443230958,-44.638275176876455,-56.10200756030591,-43.91362644315471,96.57741363696452,71.0175854246732,43.075252210984885,73.6201746249323,0.0,71.79836218475093
wind_dominated,29,83c3aefffffffff,83c3aafffffffff,-56.10200756030591,-43.91362644315471,-55.39309310891529,-43.17034579442026,100.47715825194564,40.06152848812856,47.44334131895727,76.59291813436984,0.0,51.02094538200094
wind_dominated,30,83c3aafffffffff,83c3abfffffffff,-55.39309310891529,-43.17034579442026,-56.036572252749146,-42.47021681912311,93.88839407042884,70.28431779793394,39.863312119269175,71.57035694393318,0.0,70.6701295417337
wind_dominated,31,83c3abfffffffff,83c3a9fffffffff,-56.036572252749146,-42.47021681912311,-57.35888724351914,-42.491421785866834,108.46329572010944,73.35738045926978,13.61783257158058,82.6806855827197,0.0,76.15437199630475
wind_dominated,32,83c3a9fffffffff,83c3adfffffffff,-57.35888724351914,-42.491421785866834,-58.08972343870734,-43.20953607777423,99.6268871158208,55.22074301599284,40.54389465802819,75.9447633830389,0.0,61.43794912610666
wind_dominated,33,83c3adfffffffff,83c31efffffffff,-58.08972343870734,-43.20953607777423,-59.43065154215923,-43.20543813990415,108.67903525636802,71.69086651076081,18.624664006901625,82.8451420714031,0.0,75.0371491789535
wind_dominated,34,83c31efffffffff,83c31cfffffffff,-59.43065154215923,-43.20543813990415,-60.72590580810889,-43.132568235371714,105.35466651755216,69.54703902479538,17.984850507014404,80.31100289897431,0.0,72.77622818704906
wind_dominated,35,83c31cfffffffff,83c31dfffffffff,-60.72590580810889,-43.132568235371714,-61.10582028927719,-42.19199865246609,109.102420686805,64.87391316062904,33.24294021248033,83.16788533143271,0.0,70.36210481187014
wind_dominated,36,83c31dfffffffff,83c30afffffffff,-61.10582028927719,-42.19199865246609,-61.47362441961694,-41.25270455108213,108.81388490411317,64.32738871883143,30.052694230198675,82.9479368578987,0.0,69.9135531605516
wind_dominated,37,83c30afffffffff,83c30bfffffffff,-61.47362441961694,-41.25270455108213,-61.82985925428938,-40.3153049359237,108.46329572010391,64.07237565970492,26.522256588531025,82.68068558271548,0.0,69.65486863660809
wind_dominated,38,83c30bfffffffff,83c356fffffffff,-61.82985925428938,-40.3153049359237,-62.17503592316898,-39.38040436754102,108.05186432887764,,,82.36705478926604,0.0,
wind_dominated,39,83c356fffffffff,83c350fffffffff,-62.17503592316898,-39.38040436754102,-62.50963752582108,-38.44859145060387,107.58099712822288,,,82.00811656311242,0.0,
wind_dominated,40,83c350fffffffff,83c351fffffffff,-62.50963752582108,-38.44859145060387,-62.45386969224467,-37.57247150360533,97.54266186994847,,,74.35597547932056,0.0,
wind_dominated,41,83c351fffffffff,83c35cfffffffff,-62.45386969224467,-37.57247150360533,-62.39858482318752,-36.68307834521445,99.01751557668916,,,75.48024442945655,0.0,
wind_dominated,42,83c35cfffffffff,83c35dfffffffff,-62.39858482318752,-36.68307834521445,-62.343776773414895,-35.780548893582406,100.4771582519453,,,76.59291813436957,0.0,
wind_dominated,43,83c35dfffffffff,83c34afffffffff,-62.343776773414895,-35.780548893582406,-62.28943949974828,-34.865050234601895,101.91823516318276,,,77.69143930881376,0.0,
wind_dominated,44,83c34afffffffff,83c34bfffffffff,-62.28943949974828,-34.865050234601895,-62.2355670589937,-33.93678079400253,103.33726125132571,,,78.77315132068351,0.0,
wind_dominated,45,83c34bfffffffff,83c2e9fffffffff,-62.2355670589937,-33.93678079400253,-61.23482591573246,-33.379000583963,111.47016384910614,,,84.97279663016397,0.0,
wind_dominated,46,83c2e9fffffffff,83c2ebfffffffff,-61.23482591573246,-33.379000583963,-60.25148577742109,-32.81593625576219,110.95283880848672,,,84.57844397156602,0.0,
wind_dominated,47,83c2ebfffffffff,83c2eafffffffff,-60.25148577742109,-32.81593625576219,-59.325709366219975,-33.18202815139875,95.45039595259593,,,72.7610582373213,0.0,
wind_dominated,48,83c2eafffffffff,83c2c5fffffffff,-59.325709366219975,-33.18202815139875,-58.384694186142326,-33.650969611558,101.71973725271694,,,77.54012597083072,0.0,
wind_dominated,49,83c2c5fffffffff,83c2e3fffffffff,-58.384694186142326,-33.650969611558,-58.433302703138274,-34.505811697033145,95.15959539259858,,,72.53938334252126,0.0,
wind_dominated,50,83c2e3fffffffff,83c2e0fffffffff,-58.433302703138274,-34.505811697033145,-58.48205390487936,-35.34588716322941,93.51793045572444,,,71.28795555234856,0.0,
wind_dominated,51,83c2e0fffffffff,83c2e4fffffffff,-58.48205390487936,-35.34588716322941,-58.51898344383176,-36.23325945656209,98.7276384408924,,,75.25927345339217,0.0,
wind_dominated,52,83c2e4fffffffff,83c219fffffffff,-58.51898344383176,-36.23325945656209,-57.55594678188724,-36.729575387929806,102.26928911319403,,,77.95904487132916,0.0,
wind_dominated,53,83c219fffffffff,83c21bfffffffff,-57.55594678188724,-36.729575387929806,-56.52336118655783,-36.46454855313963,96.7771499442125,,,73.77243198268067,0.0,
wind_dominated,54,83c21bfffffffff,83c2f5fffffffff,-56.52336118655783,-36.46454855313963,-56.4769905254616,-35.63601607837582,92.22300030513972,,,70.30084086141788,0.0,
wind_dominated,55,83c2f5fffffffff,83c2f0fffffffff,-56.4769905254616,-35.63601607837582,-55.43784450114287,-35.34905942827804,99.3412859656734,50.09339610962324,3.327570688693227,75.72705195595546,0.0,57.7834928635229
wind_dominated,56,83c2f0fffffffff,83c2f3fffffffff,-55.43784450114287,-35.34905942827804,-55.39302522957979,-34.49644082965262,94.89500853337356,50.315049739415706,3.222025242328776,72.3376909379925,0.0,56.92184209898875
wind_dominated,57,83c2f3fffffffff,83c2d4fffffffff,-55.39302522957979,-34.49644082965262,-54.3480196186954,-34.18723383097749,101.91823516318134,,,77.69143930881268,0.0,
wind_dominated,58,83c2d4fffffffff,83c2d6fffffffff,-54.3480196186954,-34.18723383097749,-53.29636836558607,-33.86474435863313,103.33726125132576,,,78.77315132068355,0.0,
wind_dominated,59,83c2d6fffffffff,83a925fffffffff,-53.29636836558607,-33.86474435863313,-52.238722797425545,-33.5288637189291,104.73063338394502,,,79.83530753151919,0.0,
wind_dominated,60,83a925fffffffff,83a921fffffffff,-52.238722797425545,-33.5288637189291,-52.198562334582576,-32.633601814949834,99.61901212257186,49.285651643836594,0.0078361559257998,75.93876033992227,0.0,57.28158425266229
wind_dominated,61,83a921fffffffff,83a92efffffffff,-52.198562334582576,-32.633601814949834,-52.15852871171384,-31.72296135694242,101.32880916923638,,,77.24212468162852,0.0,
wind_dominated,62,83a92efffffffff,83a92afffffffff,-52.15852871171384,-31.72296135694242,-52.11862136776804,-30.79701595150645,103.03042252786088,,,78.53925066469695,0.0,
wind_dominated,63,83a92afffffffff,83a92bfffffffff,-52.11862136776804,-30.79701595150645,-53.13028879917927,-30.228614854762785,115.70122162240754,,,88.19809745763824,0.0,
wind_dominated,64,83a92bfffffffff,83a976fffffffff,-53.13028879917927,-30.228614854762785,-54.13323408205582,-29.650792673524897,116.04854304603217,,,88.46285774573565,0.0,
wind_dominated,65,83a976fffffffff,83a972fffffffff,-54.13323408205582,-29.650792673524897,-54.09067279909527,-28.698488524119703,105.972128021847,,,80.78168876701004,0.0,
wind_dominated,66,83a972fffffffff,83a973fffffffff,-54.09067279909527,-28.698488524119703,-55.08308977112326,-28.106743034623467,117.26727014596555,,,89.39188347274987,0.0,
wind_dominated,67,83a973fffffffff,83a971fffffffff,-55.08308977112326,-28.106743034623467,-56.11101306665727,-28.46923362642102,108.4202585693546,,,82.64787871375715,0.0,
wind_dominated,68,83a971fffffffff,83a975fffffffff,-56.11101306665727,-28.46923362642102,-56.15628058430347,-29.416940174998548,105.47232156999624,,,80.40069038572975,0.0,
wind_dominated,69,83a975fffffffff,83c2dbfffffffff,-56.15628058430347,-29.416940174998548,-56.2016840305668,-30.35004663210461,103.84914028402255,,,79.16335253186567,0.0,
wind_dominated,70,83c2dbfffffffff,83c2dafffffffff,-56.2016840305668,-30.35004663210461,-55.21511074636932,-30.93482512651256,114.6135844750966,,,87.36900053219574,0.0,
wind_dominated,71,83c2dafffffffff,83c2defffffffff,-55.21511074636932,-30.93482512651256,-55.259386114172536,-31.84783355955129,101.60898978634836,,,77.45570408059486,0.0,
wind_dominated,72,83c2defffffffff,83c2dcfffffffff,-55.259386114172536,-31.84783355955129,-56.29290093514759,-32.171892774479495,103.8968498428361,,,79.19972113937814,0.0,
wind_dominated,73,83c2dcfffffffff,83c2ddfffffffff,-56.29290093514759,-32.171892774479495,-57.27167550379452,-31.58908763591373,112.87357633600716,,,86.04260652116852,0.0,
wind_dominated,74,83c2ddfffffffff,83c2cefffffffff,-57.27167550379452,-31.58908763591373,-58.2879029854873,-31.897011792474537,102.01368882732508,,,77.76420285836545,0.0,
wind_dominated,75,83c2cefffffffff,83c2c8fffffffff,-58.2879029854873,-31.897011792474537,-59.2459479149998,-31.303001915164167,112.22854389541384,,,85.55090355329105,0.0,
wind_dominated,76,83c2c8fffffffff,83c2cbfffffffff,-59.2459479149998,-31.303001915164167,-59.19666413301351,-30.39917003187235,100.61171212456664,,,76.69548745390095,0.0,
wind_dominated,77,83c2cbfffffffff,83b269fffffffff,-59.19666413301351,-30.39917003187235,-60.12013783354664,-29.94889114624532,101.9178307220282,,,77.6911310066207,0.0,
wind_dominated,78,83b269fffffffff,83b26dfffffffff,-60.12013783354664,-29.94889114624532,-60.077084424360365,-28.970936502893444,108.82360129315116,,,82.9553435820049,0.0,
wind_dominated,79,83b26dfffffffff,83b26cfffffffff,-60.077084424360365,-28.970936502893444,-60.99528966142597,-28.549386698639537,101.03580811283508,,,77.01877236636942,0.0,
wind_dominated,80,83b26cfffffffff,83b26efffffffff,-60.99528966142597,-28.549386698639537,-61.97297608516748,-29.11313271778208,114.01588105904692,,,86.91337609366083,0.0,
wind_dominated,81,83b26efffffffff,83b263fffffffff,-61.97297608516748,-29.11313271778208,-62.911498603791536,-28.674671036574928,103.5617063226758,,,78.94424396775534,0.0,
wind_dominated,82,83b263fffffffff,83b262fffffffff,-62.911498603791536,-28.674671036574928,-63.85755419429282,-28.222338803715243,105.2842259125261,,,80.2573066003532,0.0,
wind_dominated,83,83b262fffffffff,83b266fffffffff,-63.85755419429282,-28.222338803715243,-63.798038185833455,-27.20295171429064,113.50213146952878,,,86.5217489722721,0.0,
wind_dominated,84,83b266fffffffff,83b359fffffffff,-63.798038185833455,-27.20295171429064,-63.73901740735528,-26.17326804897797,114.64579924814991,,,87.39355759091552,0.0,
wind_dominated,85,83b359fffffffff,83b35dfffffffff,-63.73901740735528,-26.17326804897797,-63.680485826997135,-25.13380920690266,115.73150546732464,,,88.22118258559054,0.0,
wind_dominated,86,83b35dfffffffff,83b35cfffffffff,-63.680485826997135,-25.13380920690266,-64.6211399069207,-24.63762764478945,109.75858045949374,,,83.66807057379991,0.0,
wind_dominated,87,83b35cfffffffff,83b342fffffffff,-64.6211399069207,-24.63762764478945,-64.55899186512538,-23.57923927623796,117.85649162493064,,,89.8410421998331,0.0,
wind_dominated,88,83b342fffffffff,83b346fffffffff,-64.55899186512538,-23.57923927623796,-64.497354697356,-22.512394743814657,118.7953850106079,,,90.55675296909828,0.0,
wind_dominated,89,83b346fffffffff,83b371fffffffff,-64.497354697356,-22.512394743814657,-64.43622227103047,-21.437744224222072,119.66199875647544,,,91.21736555852794,0.0,
wind_dominated,90,83b371fffffffff,83b375fffffffff,-64.43622227103047,-21.437744224222072,-64.37558854899801,-20.355969377326485,120.45283182443347,,,91.8202111553369,0.0,
wind_dominated,91,83b375fffffffff,83b374fffffffff,-64.37558854899801,-20.355969377326485,-65.30653653255223,-19.80960838457281,114.64302309759276,,,87.39144135399113,0.0,
wind_dominated,92,83b374fffffffff,83b376fffffffff,-65.30653653255223,-19.80960838457281,-66.31224688212912,-20.350131262011484,121.01279146722106,,,92.24706382339345,0.0,
wind_dominated,93,83b376fffffffff,83b32bfffffffff,-66.31224688212912,-20.350131262011484,-67.25892958956192,-19.78763979091132,116.99623613205507,,,89.18527645479438,0.0,
wind_dominated,94,83b32bfffffffff,83b32afffffffff,-67.25892958956192,-19.78763979091132,-68.21077098838592,-19.21299020269293,118.47660238249888,,,90.31374757202892,0.0,
wind_dominated,95,83b32afffffffff,83b32efffffffff,-68.21077098838592,-19.21299020269293,-68.13397184528641,-18.09776821261034,124.27086131707136,,,94.73066389356968,0.0,
wind_dominated,96,83b32efffffffff,83b321fffffffff,-68.13397184528641,-18.09776821261034,-68.05779230295933,-16.97731605528295,124.85029948019604,,,95.17236487879116,0.0,
wind_dominated,97,83b321fffffffff,83b325fffffffff,-68.05779230295933,-16.97731605528295,-67.98222515940918,-15.852465195809584,125.3373078534877,,,95.54360738918092,0.0,
wind_dominated,98,83b325fffffffff,83b324fffffffff,-67.98222515940918,-15.852465195809584,-68.92668142556421,-15.244605578545157,121.67542187558767,,,92.7521815785563,0.0,
wind_dominated,99,83b324fffffffff,838b75fffffffff,-68.92668142556421,-15.244605578545157,-68.84776094514436,-14.109844595990658,126.46507613486096,,,96.4032959507659,0.0,
wind_dominated,100,838b75fffffffff,838b71fffffffff,-68.84776094514436,-14.109844595990658,-68.76946841745617,-12.972810259679292,126.7155891432593,,,96.59425997361112,0.0,
wind_dominated,101,838b71fffffffff,838b73fffffffff,-68.76946841745617,-12.972810259679292,-67.75912769229177,-12.460113047704544,123.5304347144671,,,94.1662427341299,0.0,
wind_dominated,102,838b73fffffffff,838b54fffffffff,-67.75912769229177,-12.460113047704544,-66.76182666135735,-11.948340414274218,122.41889280240976,,,93.31892340151452,0.0,
wind_dominated,103,838b54fffffffff,838b56fffffffff,-66.76182666135735,-11.948340414274218,-65.77790693930442,-11.438072295572688,121.23316097379764,,,92.41504970068316,0.0,
wind_dominated,104,838b56fffffffff,838b52fffffffff,-65.77790693930442,-11.438072295572688,-65.7134874377363,-10.315026367600488,125.07514691049064,,,95.3437642408043,0.0,
wind_dominated,105,838b52fffffffff,838a2cfffffffff,-65.7134874377363,-10.315026367600488,-65.64957508471994,-9.19283278994935,124.97881014472232,,,95.27032751008666,0.0,
wind_dominated,106,838a2cfffffffff,838a2efffffffff,-65.64957508471994,-9.19283278994935,-64.68784559499211,-8.69718352134625,119.15134084050096,,,90.8280951946625,0.0,
wind_dominated,107,838a2efffffffff,838a2afffffffff,-64.68784559499211,-8.69718352134625,-64.6286367578287,-7.583586759588975,123.99787286078652,,,94.5225670201348,0.0,
wind_dominated,108,838a2afffffffff,838a01fffffffff,-64.6286367578287,-7.583586759588975,-63.6848079995069,-7.098668805951551,117.22557290655534,,,89.36009800727552,0.0,
wind_dominated,109,838a01fffffffff,838a03fffffffff,-63.6848079995069,-7.098668805951551,-62.75475459252954,-6.615167479296682,115.90120802895532,,,88.35054546404275,0.0,
wind_dominated,110,838a03fffffffff,838a1cfffffffff,-62.75475459252954,-6.615167479296682,-61.82391531526703,-6.117311489556675,116.81641371915164,,,89.04819929626547,0.0,
wind_dominated,111,838a1cfffffffff,838a1efffffffff,-61.82391531526703,-6.117311489556675,-60.88355720377409,-5.61179188745224,118.23260663545103,,,90.1277516043493,0.0,
wind_dominated,112,838a1efffffffff,838aadfffffffff,-60.88355720377409,-5.61179188745224,-59.93404768083196,-5.098936001791613,119.59182789423146,,,91.16387488262932,0.0,
wind_dominated,113,838aadfffffffff,838aacfffffffff,-59.93404768083196,-5.098936001791613,-59.02283813356435,-5.708362383469293,121.52008905406748,,,92.63377263577506,0.0,
wind_dominated,114,838aacfffffffff,838aaefffffffff,-59.02283813356435,-5.708362383469293,-58.05508337616023,-5.1878173329972,121.7607600096468,,,92.81723414203886,0.0,
wind_dominated,115,838aaefffffffff,838aaafffffffff,-58.05508337616023,-5.1878173329972,-58.00918008319709,-4.052692284642334,126.32281087016489,,,96.29484829995845,0.0,
wind_dominated,116,838aaafffffffff,838aabfffffffff,-58.00918008319709,-4.052692284642334,-58.92885485992256,-3.449404324578866,122.11883458940386,,,93.09019147334158,0.0,
wind_dominated,117,838aabfffffffff,838af6fffffffff,-58.92885485992256,-3.449404324578866,-59.83811667895138,-2.8513196696978853,120.88893273784603,,,92.15264732431748,0.0,
wind_dominated,118,838af6fffffffff,838af2fffffffff,-59.83811667895138,-2.8513196696978853,-59.79034686738796,-1.7283737246421853,124.97881014472355,,,95.2703275100876,0.0,
wind_dominated,119,838af2fffffffff,838af3fffffffff,-59.79034686738796,-1.7283737246421853,-60.68799809611326,-1.1427464449333222,119.15134084049906,,,90.82809519466105,0.0,
wind_dominated,120,838af3fffffffff,838ac6fffffffff,-60.68799809611326,-1.1427464449333222,-61.57476456641498,-0.5637093438832164,117.75436504121284,,,89.76319193812061,0.0,
wind_dominated,121,838ac6fffffffff,838ac2fffffffff,-61.57476456641498,-0.5637093438832164,-61.5253276836715,0.5428449737537835,123.16612732111092,,,93.8885341798622,0.0,
wind_dominated,122,838ac2fffffffff,838adcfffffffff,-61.5253276836715,0.5428449737537835,-61.47602085650781,1.64608538114398,122.797313953769,,,93.6073907583808,0.0,
wind_dominated,123,838adcfffffffff,838addfffffffff,-61.47602085650781,1.64608538114398,-62.35003174139882,2.202005647955716,115.13257182073518,,,87.76462035235025,0.0,
wind_dominated,124,838addfffffffff,838acafffffffff,-62.35003174139882,2.202005647955716,-63.21283973242242,2.749893004810099,113.5727609275046,,,86.57558923195633,0.0,
wind_dominated,125,838acafffffffff,838acbfffffffff,-63.21283973242242,2.749893004810099,-64.06427512104405,3.289456992480197,111.9737402105927,,,85.35666878280814,0.0,
wind_dominated,126,838acbfffffffff,836669fffffffff,-64.06427512104405,3.289456992480197,-64.92015322031354,3.908200044979144,117.2819183311602,,,89.40304966483718,0.0,
wind_dominated,127,836669fffffffff,83666dfffffffff,-64.92015322031354,3.908200044979144,-64.8623350321573,4.947204805068865,115.70989208649463,,,88.20470688168609,0.0,
wind_dominated,128,83666dfffffffff,835f6cfffffffff,-64.8623350321573,4.947204805068865,-64.80494996341439,5.975208194193136,114.48526321372394,,,87.27118228137928,0.0,
wind_dominated,129,835f6cfffffffff,835f6efffffffff,-64.80494996341439,5.975208194193136,-63.91012933740013,6.4894886679880335,114.25239263791254,,,87.09366694098419,0.0,
wind_dominated,130,835f6efffffffff,835f6afffffffff,-63.91012933740013,6.4894886679880335,-63.8590036605786,7.542900907078439,117.27007168319838,,,89.39401906173006,0.0,
wind_dominated,131,835f6afffffffff,835f4cfffffffff,-63.8590036605786,7.542900907078439,-63.80800544707311,8.588596930014086,116.4117281896495,,,88.73971081818172,0.0,
wind_dominated,132,835f4cfffffffff,835f4efffffffff,-63.80800544707311,8.588596930014086,-62.91008672852432,9.14441426021752,116.41172818964476,,,88.73971081817811,0.0,
wind_dominated,133,835f4efffffffff,835f5dfffffffff,-62.91008672852432,9.14441426021752,-62.00271282703308,9.702090128689,117.27007168319894,,,89.39401906173048,0.0,
wind_dominated,134,835f5dfffffffff,835f5cfffffffff,-62.00271282703308,9.702090128689,-61.13447787401928,9.211322763489187,109.75858045949316,,,83.66807057379947,0.0,
wind_dominated,135,835f5cfffffffff,835f5efffffffff,-61.13447787401928,9.211322763489187,-60.20815739954283,9.770687460817436,119.11999522724965,,,90.80420068936996,0.0,
wind_dominated,136,835f5efffffffff,835f5afffffffff,-60.20815739954283,9.770687460817436,-60.160872679839095,10.820870304637577,116.88969217575226,60.04948368126546,82.54530432386423,89.10405886599324,1.68159211823654,68.76585623668379
wind_dominated,137,835f5afffffffff,835f5bfffffffff,-60.160872679839095,10.820870304637577,-61.03803985519744,11.301221533173909,109.6178842629738,13.076234114596147,55.43387758655147,83.5608190108641,16.59785367188734,34.22160958347653
wind_dominated,138,835f5bfffffffff,835e75fffffffff,-61.03803985519744,11.301221533173909,-60.99000964892878,12.33116602616559,114.64400213432894,57.43038710897618,87.19428590896477,87.39218766570903,1.3566361727383172,66.41892727599603
wind_dominated,139,835e75fffffffff,835e62fffffffff,-60.99000964892878,12.33116602616559,-61.85577045639757,12.791308851631213,106.99114644925166,10.987224576887147,51.89672554136355,81.55847820199695,13.064465498881004,32.158600664420085
wind_dominated,140,835e62fffffffff,835e63fffffffff,-61.85577045639757,12.791308851631213,-62.71079649936441,13.241343979401153,105.28422591252604,9.275997514280917,50.05618919529972,80.25730660035316,20.426495711316736,30.57039024010259
wind_dominated,141,835e63fffffffff,835e6efffffffff,-62.71079649936441,13.241343979401153,-63.55491252497059,13.681231130541448,103.56170632267543,8.99920101080205,46.52127409679605,78.94424396775507,23.851911903267467,29.982713897887955
wind_dominated,142,835e6efffffffff,835e6afffffffff,-63.55491252497059,13.681231130541448,-63.50467082510272,14.669033736160058,109.97225868569234,54.58101043614258,91.44252826879584,83.83095574263886,22.839896695256996,63.35599402809146
wind_dominated,143,835e6afffffffff,835e6bfffffffff,-63.50467082510272,14.669033736160058,-64.33703598814803,15.088126717417378,100.86239264840418,9.030552589355528,45.33892792405508,76.88657917239905,25.986382617544933,29.387360564268583
wind_dominated,144,835e6bfffffffff,835e4dfffffffff,-64.33703598814803,15.088126717417378,-64.28622961091878,16.054030388880477,107.541516996683,54.80489991503223,84.85916408247184,81.97802118088251,33.79859016136183,62.95683629478731
wind_dominated,145,835e4dfffffffff,835e49fffffffff,-64.28622961091878,16.054030388880477,-64.23554715236783,17.008319917268103,106.24974622737012,55.45505917621919,80.31903626304194,80.993314860524,40.965271302442034,63.11653588151063
wind_dominated,146,835e49fffffffff,835e4bfffffffff,-64.23554715236783,17.008319917268103,-63.35469248966192,17.563415949857472,112.05474894656996,86.37057434970151,40.780981325003424,85.41842108144817,45.97502355567424,86.08492836922551
wind_dominated,147,835e4bfffffffff,834d4bfffffffff,-63.35469248966192,17.563415949857472,-63.30494734505256,18.50409138616932,104.73063338394378,54.01718973903711,79.63054355655855,79.83530753151825,31.309309955968917,61.76262507678145
wind_dominated,148,834d4bfffffffff,834d4afffffffff,-63.30494734505256,18.50409138616932,-63.25532537652416,19.43223887776862,103.33726125132289,52.42931259990612,75.74591237014585,78.77315132068136,47.75890356330757,60.33246421613869
wind_dominated,149,834d4afffffffff,834d5dfffffffff,-63.25532537652416,19.43223887776862,-63.20582620130428,20.347627703882523,101.91823516318284,51.26877310686462,71.72899945311309,77.69143930881381,76.6558788841895,59.19557296744938
wind_dominated,150,834d5dfffffffff,834d58fffffffff,-63.20582620130428,20.347627703882523,-64.03404904499664,20.703562833462406,94.89500853337056,16.438634127186475,25.13865751013911,72.33769093799023,84.4045835355363,33.2083511704276
wind_dominated,151,834d58fffffffff,834d5efffffffff,-64.03404904499664,20.703562833462406,-63.98398059406456,21.59573810194602,99.34128596567238,49.687214101563626,67.15332583819357,75.72705195595468,84.02443814530025,57.49916545788094
wind_dominated,152,834d5efffffffff,834d51fffffffff,-63.98398059406456,21.59573810194602,-63.10719470549394,22.139367433392163,108.81388490411328,75.63281353995771,38.900472209462585,82.94793685789877,88.72878059457754,77.82735053534003
wind_dominated,153,834d51fffffffff,834d55fffffffff,-63.10719470549394,22.139367433392163,-62.22129089317078,22.67969957849766,109.102420686807,72.66408573428399,34.48671562327208,83.16788533143423,91.53595691993436,75.81522561342905
wind_dominated,154,834d55fffffffff,834d54fffffffff,-62.22129089317078,22.67969957849766,-62.43131082359364,23.60728640773788,105.3546665175497,41.61070075923374,51.49771252578317,80.31100289897245,90.9011657412169,53.22079140115535
wind_dominated,155,834d54fffffffff,834d72fffffffff,-62.43131082359364,23.60728640773788,-61.78715070020877,24.20748136773457,93.49797136015304,65.67713401741307,37.376616809386185,71.2727408966026,91.67292611787056,67.35581608116992
wind_dominated,156,834d72fffffffff,834d76fffffffff,-61.78715070020877,24.20748136773457,-61.125015475447455,24.81579098088853,95.19976867287652,62.74469540404749,32.64883880089088,72.57000710638013,92.87469065975962,65.69228891474728
wind_dominated,157,834d76fffffffff,834d29fffffffff,-61.125015475447455,24.81579098088853,-60.44432657478284,25.431971377578904,96.90477665647975,62.95291037857308,31.862403210515623,73.8697207843796,93.35392119472536,66.22795350031504
wind_dominated,158,834d29fffffffff,834d2dfffffffff,-60.44432657478284,25.431971377578904,-59.74449351253134,26.05574110313096,98.60995632226208,59.93448097471323,26.92628372205542,75.16956533430374,91.87935378281207,64.50500628259039
wind_dominated,159,834d2dfffffffff,834d2cfffffffff,-59.74449351253134,26.05574110313096,-60.01226513192994,27.043153441172908,112.97975847739478,43.40878911877667,22.06628797904501,86.12354830141118,89.61489333485676,56.22321687356701
wind_dominated,160,834d2cfffffffff,834d2efffffffff,-60.01226513192994,27.043153441172908,-60.99230726853423,27.38789546688072,104.2170346049642,40.25745954654085,0.2932656532169593,79.44379537177288,87.88738714383804,52.013360294110456
wind_dominated,161,834d2efffffffff,834d23fffffffff,-60.99230726853423,27.38789546688072,-61.27484017428935,28.36948812777175,112.62543406177272,44.14452809511147,14.780639309503735,85.85344968963815,87.30730013092466,56.65720457346947
wind_dominated,162,834d23fffffffff,834d04fffffffff,-61.27484017428935,28.36948812777175,-62.25590098909193,28.693924565239428,102.40497030822443,43.81231572116876,3.531775199227021,78.0624735395373,82.22418344016006,54.087363066679316
wind_dominated,163,834d04fffffffff,834d31fffffffff,-62.25590098909193,28.693924565239428,-62.553269037751065,29.66796040193605,112.08932941754534,44.70039449335524,7.39031451635654,85.44478149239674,81.58746094728383,56.92371059306769
wind_dominated,164,834d31fffffffff,834d35fffffffff,-62.553269037751065,29.66796040193605,-61.85782532869387,30.336723782952166,100.0724495705102,47.16459162302246,7.8013588113178685,76.28441200775619,75.61837523833394,55.90053773844258
wind_dominated,165,834d35fffffffff,834d26fffffffff,-61.85782532869387,30.336723782952166,-60.85002160540968,30.01853637594312,103.13329011717332,49.1822494762117,11.449597823368016,78.61766578892977,63.86445557644196,58.01287437002712
wind_dominated,166,834d26fffffffff,834d24fffffffff,-60.85002160540968,30.01853637594312,-59.83393535189996,29.687829215399773,104.6634029863863,49.28477026539482,11.241468791056704,79.78405834786449,62.14424589970038,58.43455669013572
wind_dominated,167,834d24fffffffff,833b9efffffffff,-59.83393535189996,29.687829215399773,-59.0813752978396,30.3569182249521,103.84914028402382,47.82154666741085,7.627927187070848,79.16335253186662,71.14167619791613,57.22408842674758
wind_dominated,168,833b9efffffffff,833b91fffffffff,-59.0813752978396,30.3569182249521,-59.35868195447489,31.370107320034247,115.72897548394737,45.23270495342755,6.667979106945578,88.21925399989934,68.6735736276735,58.12866966736908
wind_dominated,169,833b91fffffffff,833b95fffffffff,-59.35868195447489,31.370107320034247,-59.64222137412985,32.38335577839851,115.8054494690327,45.35457324306853,14.168452198203246,88.27754949492481,52.36568569425325,58.23146611862541
wind_dominated,170,833b95fffffffff,833bb3fffffffff,-59.64222137412985,32.38335577839851,-59.9321917095984,33.39595521120892,115.80544946902768,45.637943628822015,21.049546318921955,88.27754949492099,41.4370217936798,58.42982538865171
wind_dominated,171,833bb3fffffffff,833bb1fffffffff,-59.9321917095984,33.39595521120892,-59.14348796118646,34.09899579103525,106.90516530164614,34.93473016961651,9.044022381258952,81.4929354745331,32.3379092916298,48.90219176109149
wind_dominated,172,833bb1fffffffff,833ba2fffffffff,-59.14348796118646,34.09899579103525,-58.3301574547612,34.806765191786404,108.42025856935544,32.30945542894418,11.78045746871314,82.64787871375779,27.673696822202345,47.410982414388265
wind_dominated,173,833ba2fffffffff,833ba3fffffffff,-58.3301574547612,34.806765191786404,-57.21676984123575,34.47979392256407,108.14757689817615,37.4370557611174,25.04142197328631,82.44001570010639,25.45655893858739,50.9379437428141
wind_dominated,174,833ba3fffffffff,833baefffffffff,-57.21676984123575,34.47979392256407,-56.09616226028023,34.13781749110445,109.72499072747246,37.84065909209063,25.33368749318992,83.64246539507451,24.59216013085384,51.58120098298579
wind_dominated,175,833baefffffffff,833bacfffffffff,-56.09616226028023,34.13781749110445,-55.2178328487668,34.8395542666961,112.10993262126908,32.53149784256344,8.604558694610912,85.46048714653318,23.59869889347229,48.41019463375436
wind_dominated,176,833bacfffffffff,833badfffffffff,-55.2178328487668,34.8395542666961,-54.07173524154727,34.476689863456336,112.32360208891704,38.83909558518004,25.68644703344128,85.62336563880044,22.598598397488374,52.87437660126616
wind_dominated,177,833badfffffffff,833b1efffffffff,-54.07173524154727,34.476689863456336,-53.14767802315186,35.17467283449653,114.62052575622192,32.722271437237566,6.110614152500081,87.37429181417694,23.307901829769666,49.11787755031938
wind_dominated,178,833b1efffffffff,833b11fffffffff,-53.14767802315186,35.17467283449653,-53.38061362786843,36.24958314778728,121.36072245442978,42.79679644476583,34.154241392835694,92.51228877683872,21.13512349882425,57.7114441443877
wind_dominated,179,833b11fffffffff,833b15fffffffff,-53.38061362786843,36.24958314778728,-53.61960598726456,37.32208122974768,121.1406365842501,42.90896373465497,37.10508019676203,92.3445191132607,20.66614585834997,57.73963034823669
wind_dominated,180,833b15fffffffff,833b06fffffffff,-53.61960598726456,37.32208122974768,-52.65014154930467,38.03570817277136,116.51407078945869,28.733803047088767,11.136423429565887,88.81772574719861,18.8879229678725,46.758979857121716
wind_dominated,181,833b06fffffffff,833b04fffffffff,-52.65014154930467,38.03570817277136,-51.65105040199175,38.7487061678155,117.75811281535104,29.235032746393905,11.516392758748951,89.76604883577524,17.51857318212205,47.394337573208304
wind_dominated,182,833b04fffffffff,833b23fffffffff,-51.65105040199175,38.7487061678155,-50.62158943417206,39.46005561165804,118.940476540716,29.03229526810311,10.948246255141056,90.66735505897522,14.25552838760858,47.52281320536474
wind_dominated,183,833b23fffffffff,833b2efffffffff,-50.62158943417206,39.46005561165804,-49.36334534266104,39.07079861896575,116.6480168327137,36.38922532398556,25.04417687521555,88.91983172336215,2.4695981302337846,52.14840724379854
wind_dominated,184,833b2efffffffff,833b2cfffffffff,-49.36334534266104,39.07079861896575,-48.28359285146084,39.77050478677622,121.05974773064789,31.262516380755,9.285799304701731,92.2828581999773,6.421840879581295,49.56861892652169
wind_dominated,185,833b2cfffffffff,833b2dfffffffff,-48.28359285146084,39.77050478677622,-47.00565943245185,39.35333385270191,118.9648448174552,37.480192580999926,26.26565172111992,90.68593079755932,1.070370235125392,53.44191404596774
wind_dominated,186,833b2dfffffffff,831adefffffffff,-47.00565943245185,39.35333385270191,-45.87677061324135,40.03861218872359,123.02341231209736,31.50223077762599,7.703094664050168,93.77974369263016,0.0,50.18548465212724
wind_dominated,187,831adefffffffff,831ad8fffffffff,-45.87677061324135,40.03861218872359,-44.58306679787768,39.59211133847234,121.1357228906454,36.53891952831723,25.51109694640321,92.34077344470728,2.743489135146417,53.27947570323424
wind_dominated,188,831ad8fffffffff,831addfffffffff,-44.58306679787768,39.59211133847234,-43.40688838853685,40.26017959665153,124.80826507174642,30.01319422514705,6.665950907861709,95.14032239210842,0.0,49.55133267523546
wind_dominated,189,831addfffffffff,831acefffffffff,-43.40688838853685,40.26017959665153,-42.19976173015533,40.920236217566654,125.6020824249202,28.876196424979263,8.346814594071674,95.74544288519424,7.175629562545459,48.936970363043756
wind_dominated,190,831acefffffffff,831accfffffffff,-42.19976173015533,40.920236217566654,-40.961563279443645,41.571038207821424,126.30500124654904,28.82710653018468,7.637460716469714,96.28127216915075,3.799160734587056,49.0633562218745
wind_dominated,191,831accfffffffff,831aebfffffffff,-40.961563279443645,41.571038207821424,-39.69227909680408,42.21132619557435,126.91379442936628,28.98242796599194,7.745801748189943,96.74535024643238,0.0,49.31130465012407
wind_dominated,192,831aebfffffffff,831ae9fffffffff,-39.69227909680408,42.21132619557435,-38.39201651521673,42.8398319227014,127.42562266936083,29.232104790843373,8.182195597213385,97.1355127387519,0.0,49.60312717521593
wind_dominated,193,831ae9fffffffff,831a5afffffffff,-38.39201651521673,42.8398319227014,-37.06101571599542,43.45528636373943,127.83806684702304,28.73344729463372,7.446919246111916,97.44991557104008,0.0,49.34838777755563
wind_dominated,194,831a5afffffffff,831a58fffffffff,-37.06101571599542,43.45528636373943,-35.699660958306936,44.056428408815904,128.1491561637294,28.77063246081764,8.145560679753393,97.6870564195822,0.0,49.44555964844701
wind_dominated,195,831a58fffffffff,831a5dfffffffff,-35.699660958306936,44.056428408815904,-34.30849117331965,44.642014029962446,128.35739143280378,28.383446268044477,8.497203023931718,97.84579246660404,0.0,49.22215012761234
wind_dominated,196,831a5dfffffffff,831a4efffffffff,-34.30849117331965,44.642014029962446,-32.8882096019456,45.21082583202489,128.46176301734258,28.49294919413184,8.400936277482545,97.9253540741297,0.0,49.322670658131194
wind_dominated,197,831a4efffffffff,831a4cfffffffff,-32.8882096019456,45.21082583202489,-31.439692129997248,45.76168287134803,128.46176301734278,28.99328849280106,8.03222447175082,97.92535407412984,0.0,49.672908167199694
wind_dominated,198,831a4cfffffffff,831a6bfffffffff,-31.439692129997248,45.76168287134803,-29.963993959044657,46.2934506081603,128.35739143280202,29.389402125342247,7.475926269368437,97.84579246660267,0.0,49.92631922772037
wind_dominated,199,831a6bfffffffff,831a69fffffffff,-29.963993959044657,46.2934506081603,-28.462354248218222,46.80505084285301,128.1491561637319,29.54642463910865,6.870983143494378,97.68705641958408,0.0,49.98861417325128
wind_dominated,200,831a69fffffffff,831a6dfffffffff,-28.462354248218222,46.80505084285301,-28.341034697664018,47.92439501736234,124.80045844448097,42.929710960779765,34.936751709807325,95.13437146382331,0.0,58.59110911169283
wind_dominated,201,831a6dfffffffff,831893fffffffff,-28.341034697664018,47.92439501736234,-28.215538366268863,49.03331826152503,123.65325246391684,43.0769258689876,33.87266787210087,94.25986570270015,0.0,58.431807819101365
wind_dominated,202,831893fffffffff,831890fffffffff,-28.215538366268863,49.03331826152503,-28.085647048011143,50.13113097383182,122.42997158183152,43.162260064883206,32.39969080762867,93.32736866469716,0.0,58.21179264482739
wind_dominated,203,831890fffffffff,831894fffffffff,-28.085647048011143,50.13113097383182,-27.9511271621453,51.217189096395686,121.13572289064524,43.07586820954857,31.58055726527409,92.34077344470715,0.0,57.85533978009614
wind_dominated,204,831894fffffffff,8318b2fffffffff,-27.9511271621453,51.217189096395686,-27.811728383712275,52.29089519633977,119.77573757173094,42.78531232551048,31.479227475446915,91.30406772961962,0.0,57.34093894674322
wind_dominated,205,8318b2fffffffff,8318b6fffffffff,-27.811728383712275,52.29089519633977,-27.6671821260438,53.35169912592156,118.355324472017,42.95236072811888,31.28670522917815,90.22129841014328,0.0,57.133042032726195
distance_food_leaning,1,83eedcfffffffff,83eed8fffffffff,-27.83055450872197,-65.19239867027046,-27.633369781742072,-64.05340848173876,126.99806769767656,40.429044115053216,27.675335779073148,96.80959107144078,0.0,60.53350877023635
distance_food_leaning,2,83eed8fffffffff,83eedbfffffffff,-27.633369781742072,-64.05340848173876,-27.45302148323532,-62.92300046478047,126.0140277693592,40.82817720603255,30.83724819641353,96.0594654609854,0.0,60.27818589230246
distance_food_leaning,3,83eedbfffffffff,83dd75fffffffff,-27.45302148323532,-62.92300046478047,-27.287444717906148,-61.80198083857781,124.94399369391694,41.46311797029674,38.10804353641262,95.2437872136386,26.84370927098307,65.42957085210494
distance_food_leaning,4,83dd75fffffffff,83dd71fffffffff,-27.287444717906148,-61.80198083857781,-27.134898532863023,-60.69110801278219,123.79270747085567,41.95910541978961,41.891991405649016,94.36617111694278,0.0,59.77081718440827
distance_food_leaning,5,83dd71fffffffff,83dd46fffffffff,-27.134898532863023,-60.69110801278219,-26.99390487036324,-59.59109157307983,122.56513232883052,42.42051294038815,46.36566047988973,93.43040059961628,13.348845056317762,62.111123193188135
distance_food_leaning,6,83dd46fffffffff,83dd42fffffffff,-26.99390487036324,-59.59109157307983,-26.863200807984004,-58.50259149407012,121.26640379464884,42.89513168318719,50.25020516289881,92.44039043185336,2.0835554636460505,59.50544581361204
distance_food_leaning,7,83dd42fffffffff,83dd5cfffffffff,-26.863200807984004,-58.50259149407012,-26.74170083398408,-57.42621762511335,119.90178148991386,43.77327735245565,53.92308803332445,91.40014998029903,0.0,58.83205819588621
distance_food_leaning,8,83dd5cfffffffff,83dd58fffffffff,-26.74170083398408,-57.42621762511335,-26.62846678365793,-56.362529474133495,118.47660238249792,44.72338668116623,57.88649812592799,90.3137475720282,0.0,58.57388979036397
distance_food_leaning,9,83dd58fffffffff,83dd5bfffffffff,-26.62846678365793,-56.362529474133495,-26.522683682810968,-55.312036298640855,116.9962361320536,46.0444885992131,61.93502428216743,89.18527645479325,0.0,58.40598480716056
distance_food_leaning,10,83dd5bfffffffff,83dc75fffffffff,-26.522683682810968,-55.312036298640855,-26.423640188411728,-54.27519750123788,115.46604307145786,46.50998438118548,66.4805635210335,88.0188227666216,0.0,57.962406697666445
distance_food_leaning,11,83dc75fffffffff,83dc71fffffffff,-26.423640188411728,-54.27519750123788,-26.354993902075464,-53.24624458655128,114.50343363687486,46.66157415185808,70.84374931905711,87.28503344672947,0.0,57.64098896892216
distance_food_leaning,12,83dc71fffffffff,83dc46fffffffff,-26.354993902075464,-53.24624458655128,-26.385100043653928,-52.19119017667384,117.33437994257636,49.5058249268541,72.65297167730847,89.44304072328572,0.0,59.57326783969909
distance_food_leaning,13,83dc46fffffffff,83dc42fffffffff,-26.385100043653928,-52.19119017667384,-26.414114334802512,-51.12468639854555,118.60685790574304,49.826315992723536,74.4831680062774,90.41304029489211,0.0,60.15441494526311
distance_food_leaning,14,83dc42fffffffff,83dc5cfffffffff,-26.414114334802512,-51.12468639854555,-26.44209510025755,-50.047297402105485,119.81663912136584,50.20155035841253,75.66794643209599,91.33524664726872,3.3055834028165654,61.38920511172143
distance_food_leaning,15,83dc5cfffffffff,83dc58fffffffff,-26.44209510025755,-50.047297402105485,-26.469096584243253,-48.95962962558565,120.95901896360654,50.80696332650786,75.06453677852154,92.20607348251517,0.0,61.34512573920994
distance_food_leaning,16,83dc58fffffffff,83dc5bfffffffff,-26.469096584243253,-48.95962962558565,-26.49516930110904,-47.86233069155977,122.02941576476816,52.02385381254381,72.73864092029176,93.02202823271904,5.579917472414073,63.23415375460547
distance_food_leaning,17,83dc5bfffffffff,83c44afffffffff,-26.49516930110904,-47.86233069155977,-26.520360350429325,-46.75608792961667,123.02341231209704,52.17775365364516,69.87100574316256,93.77974369262988,8.866214732462566,64.316440888901
distance_food_leaning,18,83c44afffffffff,83c44efffffffff,-26.520360350429325,-46.75608792961667,-26.544713700697088,-45.64162652202388,123.93679775113137,51.82581074601798,69.16228967077532,94.47600996223974,0.0,62.78574820492526
distance_food_leaning,19,83c44efffffffff,83c441fffffffff,-26.544713700697088,-45.64162652202388,-26.56827044520285,-44.51970727473728,124.76560922916175,51.75457519127865,67.23214025476851,95.1078061912536,0.0,63.080275653010396
distance_food_leaning,20,83c441fffffffff,83c445fffffffff,-26.56827044520285,-44.51970727473728,-26.59106903322897,-43.39112402246841,125.5061725718554,50.85523219999973,65.48110698224511,95.67233158654813,0.0,63.09273545327398
distance_food_leaning,21,83c445fffffffff,83c463fffffffff,-26.59106903322897,-43.39112402246841,-26.613145479292765,-42.25670068308797,126.1551412625534,50.1283452053031,64.77467307962478,96.16703512577207,0.0,63.122021124476966
distance_food_leaning,22,83c463fffffffff,83c460fffffffff,-26.613145479292765,-42.25670068308797,-26.63453355283195,-41.11728798324785,126.70953298976072,49.98994894202378,62.61012274394508,96.58964341719972,0.0,63.291806391207
distance_food_leaning,23,83c460fffffffff,83c464fffffffff,-26.63453355283195,-41.11728798324785,-26.655264950431786,-39.97375988355514,127.1667630453228,50.18856552100013,59.41609882428654,96.9381861588886,0.0,63.52566273574433
distance_food_leaning,24,83c464fffffffff,83c54afffffffff,-26.655264950431786,-39.97375988355514,-26.6753694524401,-38.82700973773714,127.5246738942274,51.82368761708943,51.67420632793472,97.21101867949804,10.749631605956615,66.30254194606718
distance_food_leaning,25,83c54afffffffff,83c54efffffffff,-26.6753694524401,-38.82700973773714,-26.694875065596303,-37.6779462258004,127.78156029721204,52.39040407795447,47.13861820387295,97.40684108904809,16.535585574142637,67.72765888273891
distance_food_leaning,26,83c54efffffffff,83c541fffffffff,-26.694875065596303,-37.6779462258004,-26.713808153109923,-36.52748910602798,127.93618944774283,52.68452058924399,42.582563305678335,97.52471362917402,32.964443209530344,71.16060163326627
distance_food_leaning,27,83c541fffffffff,83c56afffffffff,-26.713808153109923,-36.52748910602798,-25.51928837397384,-35.93341376040616,125.8682250580455,33.982910773091525,23.85466506097215,95.9483212434766,40.7192577538524,66.31288540443624
distance_food_leaning,28,83c56afffffffff,83c56efffffffff,-25.51928837397384,-35.93341376040616,-25.554814622806177,-34.77849432617493,128.46176301734235,53.46770101698605,32.97406359118439,97.92535407412952,47.938585686824105,74.59070447952539
distance_food_leaning,29,83c56efffffffff,83c56cfffffffff,-25.554814622806177,-34.77849432617493,-24.3865540084771,-34.16499113101611,126.97462433387297,39.055686557179385,19.572547036559964,96.79172038644288,52.50901716126739,70.61436959262873
distance_food_leaning,30,83c56cfffffffff,83c56dfffffffff,-24.3865540084771,-34.16499113101611,-23.15938765692826,-34.69745813683159,127.17072156287142,34.49060643167447,8.769456988996629,96.94120370452592,50.33019921979442,68.88382362572419
distance_food_leaning,31,83c56dfffffffff,83c19efffffffff,-23.15938765692826,-34.69745813683159,-21.99573749762173,-34.05690676981212,128.36416024138452,38.32711098922566,21.362567411517976,97.85095227417136,52.777918520820194,70.97919313801742
distance_food_leaning,32,83c19efffffffff,83c19cfffffffff,-21.99573749762173,-34.05690676981212,-20.84402203428409,-33.40228457492271,129.0036857723047,38.09995063151349,22.699472922843253,98.33845736972536,53.05933939805359,71.21108175392744
distance_food_leaning,33,83c19cfffffffff,83c19dfffffffff,-20.84402203428409,-33.40228457492271,-19.585571183772487,-33.90067901887894,128.99387806152097,35.64875035334412,4.90709820888994,98.3309810317973,56.13142641797006,71.08640090549589
distance_food_leaning,34,83c19dfffffffff,83c18afffffffff,-19.585571183772487,-33.90067901887894,-18.306072351516743,-34.38853801628031,129.64300904432773,35.11951601881139,4.334113154420376,98.82580828497188,56.68127751639096,71.28501445140755
distance_food_leaning,35,83c18afffffffff,83c18bfffffffff,-18.306072351516743,-34.38853801628031,-17.006300514519353,-34.86489361889002,130.1889624835405,31.749566619256747,6.140577393796192,99.2419841382932,55.38602396032247,70.22306684698812
distance_food_leaning,36,83c18bfffffffff,83c189fffffffff,-17.006300514519353,-34.86489361889002,-15.865250076852508,-34.1594104898364,130.70541185973644,37.97095630385711,27.722595154080818,99.635669285044,58.853837011611496,72.97988893600143
distance_food_leaning,37,83c189fffffffff,83c18dfffffffff,-15.865250076852508,-34.1594104898364,-16.038349692619864,-32.99076087635125,130.93378374609136,57.57569765229349,33.80803798708528,99.80975531116265,58.981810727589206,78.97394909678722
distance_food_leaning,38,83c18dfffffffff,83c1abfffffffff,-16.038349692619864,-32.99076087635125,-16.206643157291992,-31.82385196457473,130.71276324848472,56.946251508678905,20.12625069863588,99.64127318872087,62.07525061428826,79.31956216982175
distance_food_leaning,39,83c1abfffffffff,83c1aafffffffff,-16.206643157291992,-31.82385196457473,-17.467534430854183,-31.3621838516111,129.9898916481261,59.57257130645522,3.577813142405556,99.09023406429525,63.91221600146492,80.19933162437718
distance_food_leaning,40,83c1aafffffffff,83c1aefffffffff,-17.467534430854183,-31.3621838516111,-17.612878743531127,-30.1998077931812,129.99410722547057,56.29250334387815,13.59687337551518,99.0934475645181,62.46936034507017,78.92834685443653
distance_food_leaning,41,83c1aefffffffff,83c1acfffffffff,-17.612878743531127,-30.1998077931812,-16.529579965512042,-29.499206291414747,130.32289428087927,49.84630438279084,13.22668607566843,99.34407925491098,63.3631319755457,77.29855733740189
distance_food_leaning,42,83c1acfffffffff,83c1adfffffffff,-16.529579965512042,-29.499206291414747,-15.288149571618774,-29.947481300921204,129.82786999719434,47.00776828082814,9.39436109746922,98.96672628141494,65.84898006527243,76.7554896380104
distance_food_leaning,43,83c1adfffffffff,83c11efffffffff,-15.288149571618774,-29.947481300921204,-14.22145689264554,-29.22657261636154,130.6307264494344,53.25289815912727,9.070846505134938,99.57873720598629,67.71486439638609,79.30821093000854
distance_food_leaning,44,83c11efffffffff,83c111fffffffff,-14.22145689264554,-29.22657261636154,-14.4070174631932,-28.072094037894296,129.64300904432886,55.51858825575462,0.9179353992630624,98.82580828497277,67.67440601313046,79.60336182183886
distance_food_leaning,45,83c111fffffffff,83c115fffffffff,-14.4070174631932,-28.072094037894296,-14.58773138914843,-26.92315358627112,128.99387806152097,54.51722214602307,7.728988901788809,98.3309810317973,68.78544513582061,79.27774618686969
distance_food_leaning,46,83c115fffffffff,83c133fffffffff,-14.58773138914843,-26.92315358627112,-14.763782647718289,-25.780662247531417,128.24472565047677,52.47143736743267,21.042784426776336,97.75990825976092,73.21887657302118,79.2651606547145
distance_food_leaning,47,83c133fffffffff,83c132fffffffff,-14.763782647718289,-25.780662247531417,-15.952132340459974,-25.350449249991605,128.4412613581237,37.15621930987796,15.784779353479005,97.909725826541,75.95208897194132,75.29214650062215
distance_food_leaning,48,83c132fffffffff,83c136fffffffff,-15.952132340459974,-25.350449249991605,-16.10757091320485,-24.21844931715961,126.84712561029988,51.72734927163993,27.60096232334256,96.69452914948153,77.26778604511611,79.31902656525597
distance_food_leaning,49,83c136fffffffff,83c134fffffffff,-16.10757091320485,-24.21844931715961,-15.10258850606555,-23.518503453756608,128.45441628243398,66.38278774082268,16.923305772378992,97.91975371803684,77.89478999337757,84.45367117994074
distance_food_leaning,50,83c134fffffffff,83c135fffffffff,-15.10258850606555,-23.518503453756608,-13.932489098060357,-23.935544451791216,127.81950575764586,70.71145901877095,17.583288462933428,97.43576660401229,79.02654756979052,85.73663052159553
distance_food_leaning,51,83c135fffffffff,83c126fffffffff,-13.932489098060357,-23.935544451791216,-12.94387845205332,-23.22150582948568,128.27506624960236,68.81537333743242,25.76783743604867,97.78303665098342,79.14395658180514,85.36492164308247
distance_food_leaning,52,83c126fffffffff,839899fffffffff,-12.94387845205332,-23.22150582948568,-13.133418514325982,-22.10642268978696,125.5076907025258,46.19480693716766,44.24630047984161,95.67348884517466,78.66191648076708,77.42756979989105
distance_food_leaning,53,839899fffffffff,83989dfffffffff,-13.133418514325982,-22.10642268978696,-13.318344542261126,-21.00100473315481,124.39592583205156,44.39595779012981,50.33797193154071,94.82599955317676,80.49153922752525,76.83009495913237
distance_food_leaning,54,83989dfffffffff,83989cfffffffff,-13.318344542261126,-21.00100473315481,-14.45528750225377,-20.600227218283788,126.3050012465483,19.77048288531256,14.727326691058478,96.2812721691502,78.54350519740824,69.78048198965051
distance_food_leaning,55,83989cfffffffff,83989efffffffff,-14.45528750225377,-20.600227218283788,-15.424735830512644,-21.29219072320312,126.70953298975996,25.7087685169198,43.76361114341464,96.58964341719916,79.770690902232,71.96159044412192
distance_food_leaning,56,83989efffffffff,839893fffffffff,-15.424735830512644,-21.29219072320312,-16.550998974096096,-20.877102958487768,125.6353134286404,21.5759650112058,17.854847355693597,95.77077460826192,81.07760675501649,70.573698158496
distance_food_leaning,57,839893fffffffff,83a46cfffffffff,-16.550998974096096,-20.877102958487768,-17.53403016981222,-21.556474636084467,126.84606942497555,25.22020375555425,37.6653125315525,96.6937240280242,81.6368981544299,72.24030277156436
distance_food_leaning,58,83a46cfffffffff,83a46efffffffff,-17.53403016981222,-21.556474636084467,-18.5286626410246,-22.23163524577241,127.14993829656592,26.986663416148527,30.308059128057213,96.9253607901522,82.21754896865991,73.00218921365264
distance_food_leaning,59,83a46efffffffff,83a463fffffffff,-18.5286626410246,-22.23163524577241,-19.640519858289363,-21.79306192493893,124.56309458078786,28.33029997004509,21.064238357194544,94.95343092672812,81.0326784165176,72.1823411376811
distance_food_leaning,60,83a463fffffffff,83a462fffffffff,-19.640519858289363,-21.79306192493893,-20.736402428726176,-21.35082358902081,123.53043471446593,25.561202269023745,22.500892898937717,94.166242734129,82.90534122059655,71.33255029189094
distance_food_leaning,61,83a462fffffffff,83a466fffffffff,-20.736402428726176,-21.35082358902081,-20.82565830743848,-20.258987507327724,121.76076000964612,49.66731062999983,49.46344971703488,92.81723414203834,82.14068767976724,77.73694779597257
distance_food_leaning,62,83a466fffffffff,83a559fffffffff,-20.82565830743848,-20.258987507327724,-20.91275377406424,-19.17851574082021,120.488529590587,48.35518919954998,55.163172699970914,91.8474232712859,83.49210436305393,77.12868926811873
distance_food_leaning,63,83a559fffffffff,83a55dfffffffff,-20.91275377406424,-19.17851574082021,-20.99776594057468,-18.10999523107367,119.15134084049986,47.09269824136432,60.3069545535167,90.82809519466166,83.74396296828724,76.29064966339757
distance_food_leaning,64,83a55dfffffffff,83a55cfffffffff,-20.99776594057468,-18.10999523107367,-22.036808137663066,-17.686356555390223,119.61105307758577,16.695209058046107,22.25019478434745,91.17853008307875,84.53810233024116,67.50544822500144
distance_food_leaning,65,83a55cfffffffff,83a542fffffffff,-22.036808137663066,-17.686356555390223,-22.106991660456067,-16.637945090643,116.81641371915366,44.463121316100185,68.74268298768288,89.048199296267,84.65840987187107,74.79471801733777
distance_food_leaning,66,83a542fffffffff,83a546fffffffff,-22.106991660456067,-16.637945090643,-22.175543829098054,-15.60268585504554,115.34841083348878,42.755884028818194,72.54516280279584,87.92915267115436,85.7830497240551,73.94795148903366
distance_food_leaning,67,83a546fffffffff,83a571fffffffff,-22.175543829098054,-15.60268585504554,-22.214133976671253,-14.551138015454478,117.00033060055576,41.9464160359489,76.28884028059703,89.1883976347335,85.4407530089618,74.26627422994379
distance_food_leaning,68,83a571fffffffff,83a575fffffffff,-22.214133976671253,-14.551138015454478,-22.223926911353136,-13.467922840748283,120.45283182443433,40.76868597140383,79.47343477289324,91.82021115533756,83.56052108189284,74.8528155854685
distance_food_leaning,69,83a575fffffffff,83a574fffffffff,-22.223926911353136,-13.467922840748283,-23.155032846076505,-12.97661552960237,114.64302309759388,6.316678520760362,21.04377997310727,87.39144135399198,81.78142014112339,61.94700826144878
distance_food_leaning,70,83a574fffffffff,83a576fffffffff,-23.155032846076505,-12.97661552960237,-24.08811443226284,-13.576337443380346,121.01279146722138,19.8476272350311,63.70644850980702,92.24706382339367,79.00786145517668,67.8793923732415
distance_food_leaning,71,83a576fffffffff,83a52bfffffffff,-24.08811443226284,-13.576337443380346,-25.03802479649197,-13.073672672076668,116.99623613205463,7.232965293186181,22.108961032787747,89.18527645479405,83.24026163802961,63.41058014295881
distance_food_leaning,72,83a52bfffffffff,83a52afffffffff,-25.03802479649197,-13.073672672076668,-25.996005367035067,-12.56112656634412,118.47660238249895,7.734132442556383,22.75947197112045,90.313747572029,83.13522079607267,64.10415767799594
distance_food_leaning,73,83a52afffffffff,83a52efffffffff,-25.996005367035067,-12.56112656634412,-25.999817347244925,-11.443539624114662,124.27086131707068,38.76371527153786,80.34386015687225,94.73066389356916,79.75760406868524,74.94596734198299
distance_food_leaning,74,83a52efffffffff,83a521fffffffff,-25.999817347244925,-11.443539624114662,-26.003616908411143,-10.320741656225504,124.85029948019648,37.207097388456255,80.94896446674058,95.1723648787915,76.86067939257859,74.12044753444835
distance_food_leaning,75,83a521fffffffff,83a525fffffffff,-26.003616908411143,-10.320741656225504,-26.00740411109177,-9.193563902697605,125.3373078534875,35.9770319933333,80.86756568089866,95.54360738918076,72.05079298848037,72.97507189028644
distance_food_leaning,76,83a525fffffffff,83a524fffffffff,-26.00740411109177,-9.193563902697605,-26.96832899760929,-8.649298107061641,121.67542187558834,4.660753923313151,15.046938113133695,92.75218157855682,67.80860271419648,61.33603750911165
distance_food_leaning,77,83a524fffffffff,83a526fffffffff,-26.96832899760929,-8.649298107061641,-27.935699979847293,-9.237742661178835,124.78881643252907,22.671628654611723,67.41717420598209,95.1254968530773,63.68811588811959,67.10186020054608
distance_food_leaning,78,83a526fffffffff,83a535fffffffff,-27.935699979847293,-9.237742661178835,-28.91289641380815,-9.827555479038992,125.63531342863988,21.655955100106635,64.86217088704856,95.77077460826152,66.73185133039301,67.72854410024135
distance_food_leaning,79,83a535fffffffff,83a531fffffffff,-28.91289641380815,-9.827555479038992,-28.91385829263849,-10.967079719269275,126.70953298976032,64.91214009187037,77.54647578778057,96.58964341719944,69.02621209431317,81.57370615502346
distance_food_leaning,80,83a531fffffffff,83a533fffffffff,-28.91385829263849,-10.967079719269275,-29.90209653193658,-11.559439848480324,126.30500124654866,21.37205030127519,62.73248643455571,96.28127216915048,72.22658008707404,68.9975671923726
distance_food_leaning,81,83a533fffffffff,83a532fffffffff,-29.90209653193658,-11.559439848480324,-30.89502924889049,-11.00864760512802,124.39592583205092,7.756289386595837,17.64950117566438,94.82599955317627,76.30585148742298,65.00105689005149
distance_food_leaning,82,83a532fffffffff,83a536fffffffff,-30.89502924889049,-11.00864760512802,-30.89076767978675,-9.86093045698942,127.62135123092524,37.70174847638089,75.31072947980046,97.28471502465722,73.57620144847141,74.66812234493716
distance_food_leaning,83,83a536fffffffff,838196fffffffff,-30.89076767978675,-9.86093045698942,-30.886520244052463,-8.709011075624437,128.0886160698267,34.849761244811425,74.29403042139528,97.64090719983108,65.53934439871684,72.38325085310234
distance_food_leaning,84,838196fffffffff,838192fffffffff,-30.886520244052463,-8.709011075624437,-30.882286871541123,-7.553801953205287,128.45441628243395,33.73822867746162,72.99876702930386,97.91975371803682,62.64939076912462,71.61122361608182
distance_food_leaning,85,838192fffffffff,837d6cfffffffff,-30.882286871541123,-7.553801953205287,-30.878067492569333,-6.396231482762001,128.71698377149406,32.799510810303346,71.4420093497233,98.11990677316103,58.96039688640792,70.6918860069531
distance_food_leaning,86,837d6cfffffffff,837d6efffffffff,-30.878067492569333,-6.396231482762001,-29.889158809284208,-5.81563851864742,126.97462433387372,73.29375991947397,63.10109900963396,96.79172038644349,52.9122528125538,80.9664387315747
distance_food_leaning,87,837d6efffffffff,837d6afffffffff,-29.889158809284208,-5.81563851864742,-29.88659678690393,-4.660358541306685,128.46176301734235,33.70795515993661,68.11676456304454,97.92535407412952,46.809007237405474,68.43686503252684
distance_food_leaning,88,837d6afffffffff,837d6bfffffffff,-29.88659678690393,-4.660358541306685,-30.86967043880369,-4.077773015445348,126.79274417019452,12.487302115194083,9.461963246038128,96.65307462128344,41.504685213249104,60.373664987849764
distance_food_leaning,89,837d6bfffffffff,8380b6fffffffff,-30.86967043880369,-4.077773015445348,-31.8577654786158,-3.490152720121161,127.62601403128475,12.921906107612775,8.378309985667611,97.2882694393364,40.50865073394366,60.62243669874076
distance_food_leaning,90,8380b6fffffffff,8380b2fffffffff,-31.8577654786158,-3.490152720121161,-31.85194937925932,-2.328013376640788,129.22579161408754,36.69960425389566,59.71763380890014,98.50776684117938,38.67619361364759,67.9990034194879
distance_food_leaning,91,8380b2fffffffff,8380b3fffffffff,-31.85194937925932,-2.328013376640788,-32.84286288276018,-1.7333835985799604,128.44126135812408,18.93754937576284,12.10889502099902,97.90972582654128,37.71040619934151,62.17820896586779
distance_food_leaning,92,8380b3fffffffff,8380b1fffffffff,-32.84286288276018,-1.7333835985799604,-33.84679063541436,-2.3022061837600845,128.2447256504768,29.325335881104188,37.83273752828848,97.75990825976096,38.927292009406905,65.46301329609312
distance_food_leaning,93,8380b1fffffffff,8380b5fffffffff,-33.84679063541436,-2.3022061837600845,-33.855944509524285,-3.470833307871576,129.94956299855772,61.25733051251285,56.82955992422121,99.05949186369364,38.894517047346056,75.68584849506988
distance_food_leaning,94,8380b5fffffffff,83819bfffffffff,-33.855944509524285,-3.470833307871576,-33.865128722835394,-4.64043435208105,130.0578713005893,65.23267776158518,60.572295061971786,99.14205439885188,41.76627670114652,77.49408586813081
distance_food_leaning,95,83819bfffffffff,83819afffffffff,-33.865128722835394,-4.64043435208105,-32.86533414784212,-5.230885225461806,128.75664985557174,88.8951322016734,0.8292484668832851,98.15014390549368,47.50394492083928,85.24440059741671
distance_food_leaning,96,83819afffffffff,83819efffffffff,-32.86533414784212,-5.230885225461806,-32.87287428967797,-6.397040452282979,129.67340662883302,68.99557911297302,63.54687244775308,98.84898011568448,49.71524015040444,80.06621182181503
distance_food_leaning,97,83819efffffffff,83819cfffffffff,-32.87287428967797,-6.397040452282979,-33.883588770490206,-6.978662043971704,129.00368577230452,30.283262559454244,64.267542707991,98.33845736972522,55.64039451148784,69.38228635499645
distance_food_leaning,98,83819cfffffffff,83819dfffffffff,-33.883588770490206,-6.978662043971704,-34.89007586334134,-6.390039344802386,128.9938780615211,10.495885167083344,7.895956928631118,98.33098103179736,56.88111971769234,63.69048000956216
distance_food_leaning,99,83819dfffffffff,83818afffffffff,-34.89007586334134,-6.390039344802386,-35.899293568730585,-5.796489109500522,129.64300904432818,,,98.82580828497224,0.0,
distance_food_leaning,100,83818afffffffff,83818bfffffffff,-35.899293568730585,-5.796489109500522,-36.91062461056249,-5.198645936416975,130.18896248354045,,,99.24198413829316,0.0,
distance_food_leaning,101,83818bfffffffff,838016fffffffff,-36.91062461056249,-5.198645936416975,-37.92344386388392,-4.597166182258479,130.6290466972281,,,99.57745674458128,0.0,
distance_food_leaning,102,838016fffffffff,838010fffffffff,-37.92344386388392,-4.597166182258479,-38.93712064695767,-3.992724455643745,130.96106707008215,,,99.83055316648831,0.0,
distance_food_leaning,103,838010fffffffff,838013fffffffff,-38.93712064695767,-3.992724455643745,-38.919455397479744,-2.813409804111022,131.1486459042975,,,99.97354298171348,0.0,
distance_food_leaning,104,838013fffffffff,8380acfffffffff,-38.919455397479744,-2.813409804111022,-37.89151818715549,-2.241356974785438,130.71149730329984,,,99.64030816903288,0.0,
distance_food_leaning,105,8380acfffffffff,8380aefffffffff,-37.89151818715549,-2.241356974785438,-36.867848159912654,-1.6705171207167144,130.27057827594177,,,99.30419919109342,0.0,
distance_food_leaning,106,8380aefffffffff,8380aafffffffff,-36.867848159912654,-1.6705171207167144,-36.85368327649224,-0.498099480912631,130.3765842295421,43.132003021802745,59.17921172530493,99.38500666482298,39.24674927683176,70.48145409431866
distance_food_leaning,107,8380aafffffffff,8380abfffffffff,-36.85368327649224,-0.498099480912631,-37.85980236093124,0.1065129462135732,130.5209814711546,22.82132643669885,23.22776434713234,99.4950795042431,39.2313817530815,64.44021403374751
distance_food_leaning,108,8380abfffffffff,8380f6fffffffff,-37.85980236093124,0.1065129462135732,-38.8668069990222,0.7116008069558565,130.63072644943543,25.0565399109458,30.379239029215245,99.57873720598704,39.68827435837039,65.24398544795135
distance_food_leaning,109,8380f6fffffffff,8380f4fffffffff,-38.8668069990222,0.7116008069558565,-39.89321772288814,0.1458094313170003,130.32003208588418,21.700201067091783,24.298949668925623,99.3418974270134,40.118231227826186,64.20465527919947
distance_food_leaning,110,8380f4fffffffff,8380f5fffffffff,-39.89321772288814,0.1458094313170003,-40.90176533970135,0.75158134471478,130.81646567063285,23.93355289596756,36.88457719532578,99.72032469921456,42.24031281458247,65.48829078131403
distance_food_leaning,111,8380f5fffffffff,8380f1fffffffff,-40.90176533970135,0.75158134471478,-40.88098637874728,1.920422334466482,129.98989164812622,56.09979874267391,62.76560717880676,99.09023406429532,39.95203387935114,74.36546343082006
distance_food_leaning,112,8380f1fffffffff,8380f3fffffffff,-40.88098637874728,1.920422334466482,-39.85499629020059,2.482218858277579,129.99410722547125,82.93780940223027,16.161339867925186,99.0934475645186,39.01630231053167,82.23132706503472
distance_food_leaning,113,8380f3fffffffff,8380d4fffffffff,-39.85499629020059,2.482218858277579,-38.831994721032274,3.041113454522865,129.5056356786166,83.18523426474903,10.617639524074654,98.72108968885703,37.0643160495591,81.72897833376504
distance_food_leaning,114,8380d4fffffffff,8380d6fffffffff,-38.831994721032274,3.041113454522865,-37.81261762933904,3.596491224716491,128.9135767448267,84.92356401918282,3.588579120041577,98.2697679931062,29.68102076588649,80.54815735548524
distance_food_leaning,115,8380d6fffffffff,8380d2fffffffff,-37.81261762933904,3.596491224716491,-37.79699211406923,4.747620639523074,128.0116566290592,65.11138446418123,56.237872123490135,97.58224164589896,24.74284427746703,73.27310501769726
distance_food_leaning,116,8380d2fffffffff,8356defffffffff,-37.79699211406923,4.747620639523074,-36.783553079510526,5.29368288349688,127.62601403128552,87.13741837122959,2.783033600904633,97.28826943933696,29.03892467432251,80.59314516590186
distance_food_leaning,117,8356defffffffff,8356d1fffffffff,-36.783553079510526,5.29368288349688,-36.76966431058942,6.4316605779885885,126.54684635965457,72.7013071861351,60.8410915919734,96.46562872611908,31.89652498723353,76.42251151634677
distance_food_leaning,118,8356d1fffffffff,8356d5fffffffff,-36.76966431058942,6.4316605779885885,-36.75582078070905,7.560884577319469,125.57344815065152,75.35847421406098,65.42191302095226,95.72361521149152,35.245088778142964,77.51836762559265
distance_food_leaning,119,8356d5fffffffff,8356f3fffffffff,-36.75582078070905,7.560884577319469,-36.74202227080571,8.68058875018835,124.51486005748596,77.42158514673905,70.08013845537764,94.91666214306838,32.78536466389965,77.24187954833583
distance_food_leaning,120,8356f3fffffffff,8356f1fffffffff,-36.74202227080571,8.68058875018835,-35.738448157962495,9.202194185748002,124.56309458078802,98.75916471838428,11.63704797001482,94.95343092672825,34.84593140342298,84.07365115956401
distance_food_leaning,121,8356f1fffffffff,8356f5fffffffff,-35.738448157962495,9.202194185748002,-35.7263565807034,10.304612493086784,122.59065359586766,79.5939389163261,75.25814992284602,93.44985525329946,30.499841117747867,76.70307752509714
distance_food_leaning,122,8356f5fffffffff,8356f4fffffffff,-35.7263565807034,10.304612493086784,-36.71455944167219,10.888584629501402,126.02553675418004,29.158090292546863,87.06133509957189,96.0682386662345,36.096163091027215,64.00077903908675
distance_food_leaning,123,8356f4fffffffff,8356f6fffffffff,-36.71455944167219,10.888584629501402,-37.71962387367565,10.373874691429863,123.8561278431458,1.8494437245295223,10.505814452250377,94.41451594941395,36.07309649088877,54.97671039024358
distance_food_leaning,124,8356f6fffffffff,8356abfffffffff,-37.71962387367565,10.373874691429863,-38.71192306461784,10.953052360521262,126.11601717644616,26.202075234436247,87.51298567475862,96.13721115407115,36.73385515752512,63.27599917887147
distance_food_leaning,125,8356abfffffffff,8356aafffffffff,-38.71192306461784,10.953052360521262,-39.70457172316346,11.526980909057482,125.67004805780556,24.89392199350898,87.52533334104184,95.79725253274108,33.379838494903055,62.04277056340385
distance_food_leaning,126,8356aafffffffff,8356aefffffffff,-39.70457172316346,11.526980909057482,-39.68604070397538,12.610904448149666,120.54380700426198,76.89849505976238,87.14842710866294,91.88956079282757,35.458671533653515,76.1060632210732
distance_food_leaning,127,8356aefffffffff,8356acfffffffff,-39.68604070397538,12.610904448149666,-38.67811410378383,13.119365881304038,123.02394408847908,103.63055570774246,0.5134477443651398,93.78014906142818,41.779080562172624,86.33505735547135
distance_food_leaning,128,8356acfffffffff,8356adfffffffff,-38.67811410378383,13.119365881304038,-37.68902639850671,12.550266573196955,124.51282291649976,78.46481559944573,82.27621947388273,94.91510924711172,47.82447753092406,80.56189480957438
distance_food_leaning,129,8356adfffffffff,83561efffffffff,-37.68902639850671,12.550266573196955,-36.68727409851218,13.050389894058778,122.02941576476894,102.78275739269952,4.476231526710363,93.02202823271963,44.15403644675864,86.1766486235214
distance_food_leaning,130,83561efffffffff,835611fffffffff,-36.68727409851218,13.050389894058778,-36.67369745120813,14.112529909100688,118.11385995702516,76.50508656293793,83.67525945327624,90.03723198001245,47.37872708433873,77.44588737575535
distance_food_leaning,131,835611fffffffff,835615fffffffff,-36.67369745120813,14.112529909100688,-36.66016453854757,15.161487562479175,116.64801683271487,75.0895404259385,84.02199675158161,88.91983172336305,54.04711058261657,77.79620010598637
distance_food_leaning,132,835615fffffffff,835633fffffffff,-36.66016453854757,15.161487562479175,-36.65692532437309,16.20262785684093,115.77019791672164,73.2152297034178,84.20315755068859,88.25067752414813,57.501508999811776,77.59020947306176
distance_food_leaning,133,835633fffffffff,835630fffffffff,-36.65692532437309,16.20262785684093,-36.66927164440258,17.257284588943563,117.28000920646232,71.18969901465518,83.88788087686086,89.4015943546529,62.81304384851946,78.62031565142689
distance_food_leaning,134,835630fffffffff,835635fffffffff,-36.66927164440258,17.257284588943563,-35.67082513306152,17.752606287304754,119.34900059304708,98.23457911394702,4.782002506147544,90.97876961170029,65.42029932270306,88.04381840457486
distance_food_leaning,135,835635fffffffff,835622fffffffff,-35.67082513306152,17.752606287304754,-34.66735498808633,17.176387887446896,124.23395837507822,76.30966257428543,75.65903472035076,94.70253308190888,63.971780702426,83.03852145372528
distance_food_leaning,136,835622fffffffff,835623fffffffff,-34.66735498808633,17.176387887446896,-33.67201993872624,16.59635075620667,123.99787286078596,74.92640455479022,77.76608746304886,94.52256702013436,61.64585657228898,82.06837619096204
distance_food_leaning,137,835623fffffffff,83562efffffffff,-33.67201993872624,16.59635075620667,-32.68531461458021,16.01316688579755,123.66885638379378,73.19700484501976,82.58957749067075,94.2717604435398,57.1960439426993,80.53419046381569
distance_food_leaning,138,83562efffffffff,83562afffffffff,-32.68531461458021,16.01316688579755,-32.718482794750315,14.964614568326184,116.64801683271511,21.376274785731948,76.67046424629265,88.91983172336323,53.75708636586246,61.62421557057369
distance_food_leaning,139,83562afffffffff,83562bfffffffff,-32.718482794750315,14.964614568326184,-31.751803944342623,14.384955471981028,122.33939137502738,69.93607815150625,87.36993398263637,93.25832011192112,49.51169448781677,77.5123223989758
distance_food_leaning,140,83562bfffffffff,835676fffffffff,-31.751803944342623,14.384955471981028,-30.79441879623833,13.804000129042777,121.79437180852985,67.9694901949433,88.17827717749498,92.84285614215298,46.361803110949495,76.08463575174937
distance_food_leaning,141,835676fffffffff,835672fffffffff,-30.79441879623833,13.804000129042777,-30.80841370664652,12.757906174185626,116.33036054469318,17.3237406721791,69.22069405529601,88.67768492615461,39.32903220551788,57.40177110583461
distance_food_leaning,142,835672fffffffff,835673fffffffff,-30.80841370664652,12.757906174185626,-29.84915295024487,12.169815828056487,122.97792401656562,64.15116463836122,86.05633657192986,93.74506833599835,37.366053850401,73.59109432958775
distance_food_leaning,143,835673fffffffff,835671fffffffff,-29.84915295024487,12.169815828056487,-28.89430426637707,12.634304501980075,115.84714727971355,95.41089360103372,24.630862446789003,88.30933539587409,37.43721836170352,80.26537945058786
distance_food_leaning,144,835671fffffffff,835675fffffffff,-28.89430426637707,12.634304501980075,-28.83365488808013,13.662362237944366,114.50343363687536,84.2514239200622,56.79671954982551,87.28503344672986,38.63402036441632,76.64474797226686
distance_food_leaning,145,835675fffffffff,83575bfffffffff,-28.83365488808013,13.662362237944366,-28.756522599233925,14.698075712506732,115.466043071456,85.78690517268859,58.1530581971764,88.01882276662018,41.14888529255829,77.97525999362833
distance_food_leaning,146,83575bfffffffff,835759fffffffff,-28.756522599233925,14.698075712506732,-27.71998557779781,15.143339963092622,121.88072480284156,95.91162018272452,31.27392843025802,92.90868232532776,41.06706638995442,83.44124049547212
distance_food_leaning,147,835759fffffffff,83575dfffffffff,-27.71998557779781,15.143339963092622,-27.628685991811288,16.198705843218733,117.75786360153047,88.35684496140684,57.84248781782184,89.7658588621127,40.12723964114669,79.41543084770774
distance_food_leaning,148,83575dfffffffff,83575cfffffffff,-27.628685991811288,16.198705843218733,-28.596880062178208,16.810150476982958,123.6016103933945,39.887425548740055,91.50968238617097,94.22049937358992,39.11150263789478,66.89877787899593
distance_food_leaning,149,83575cfffffffff,83575efffffffff,-28.596880062178208,16.810150476982958,-29.64648055033374,16.3508575317284,122.96446363577331,2.09839997453186,28.435758338750805,93.7348075975179,42.14955346079319,55.92683448327715
distance_food_leaning,150,83575efffffffff,835753fffffffff,-29.64648055033374,16.3508575317284,-30.62620784712437,16.95275192081349,123.98687048551936,34.81228791523436,89.02588816606544,94.51417999921598,44.16589234363662,66.53395484290562
distance_food_leaning,151,835753fffffffff,835752fffffffff,-30.62620784712437,16.95275192081349,-31.61640148077988,17.552466872803194,124.51282291649866,32.59956450323389,87.67354188269606,94.91510924711088,48.05523173576019,66.84847032167764
distance_food_leaning,152,835752fffffffff,835756fffffffff,-31.61640148077988,17.552466872803194,-31.569124005193228,18.63388012952868,120.35161547694727,79.25113730699788,73.8394730610952,91.7430547592789,49.730702094627766,79.59300899066437
distance_food_leaning,153,835756fffffffff,83570bfffffffff,-31.569124005193228,18.63388012952868,-32.5810562002521,19.2358279316398,125.72965831609814,29.962121652073343,80.76354833420073,95.84269294639134,52.38056560336965,67.3860960894916
distance_food_leaning,154,83570bfffffffff,83570afffffffff,-32.5810562002521,19.2358279316398,-33.60280790088038,19.83357223864785,126.02553675417973,28.50253397179177,74.59523718402323,96.06823866623428,54.99079628558104,67.58303878177088
distance_food_leaning,155,83570afffffffff,83571dfffffffff,-33.60280790088038,19.83357223864785,-34.63386372714284,20.42638277135873,126.223563813823,27.0047370852582,72.06525254061233,96.21919307847608,58.08596460182153,67.8282105851798
distance_food_leaning,156,83571dfffffffff,835718fffffffff,-34.63386372714284,20.42638277135873,-35.672702161042864,19.915298008967103,122.4188928024098,7.75613751218864,3.338355779330085,93.31892340151454,61.51020819760989,61.28834459393584
distance_food_leaning,157,835718fffffffff,83571efffffffff,-35.672702161042864,19.915298008967103,-36.708090689398,20.493460006335773,125.72492361254535,24.517124264244096,67.28714455664527,95.83908372049444,64.55602398252923,68.1858839360263
distance_food_leaning,158,83571efffffffff,835711fffffffff,-36.708090689398,20.493460006335773,-36.72165980756992,21.59432520115931,122.41889280240962,64.92640453833062,71.9236556028275,93.3189234015144,67.06262675989316,79.54990841423502
distance_food_leaning,159,835711fffffffff,835715fffffffff,-36.72165980756992,21.59432520115931,-36.73556301340823,22.70518492537379,123.5304347144671,63.55787701799837,67.62877036879661,94.1662427341299,68.92669496077087,79.93582346461864
distance_food_leaning,160,835715fffffffff,835733fffffffff,-36.73556301340823,22.70518492537379,-36.74981279744771,23.82532970962593,124.5630945807884,62.10701150464887,62.46779888805515,94.95343092672854,70.43505269508032,80.19582945377499
distance_food_leaning,161,835733fffffffff,835731fffffffff,-36.74981279744771,23.82532970962593,-35.67673945503917,24.367911328439213,124.51486005748669,81.90206126899751,9.793059641650864,94.91666214306892,74.2161087585079,86.8721712039353
distance_food_leaning,162,835731fffffffff,835735fffffffff,-35.67673945503917,24.367911328439213,-35.67781304667581,25.50347541551581,126.26918617130676,60.64967465528431,51.19894621591351,96.25397062944032,72.21107753359722,80.7641032180249
distance_food_leaning,163,835735fffffffff,835734fffffffff,-35.67781304667581,25.50347541551581,-36.779405254615845,26.09043753491047,128.14915616373187,33.86213753836124,37.55447986154945,97.68705641958408,78.04158303904404,74.61048607910922
distance_food_leaning,164,835734fffffffff,835736fffffffff,-36.779405254615845,26.09043753491047,-37.86022014119937,25.530981144631173,124.8004584444807,29.153781691139997,8.277600334271936,95.1343714638231,80.03905539553143,72.32113131835983
distance_food_leaning,165,835736fffffffff,833a6bfffffffff,-37.86022014119937,25.530981144631173,-38.96341410756854,26.098139163585856,127.16676304532406,33.097662708504025,32.961036625211904,96.93818615888956,80.22173323647755,74.4427385392915
distance_food_leaning,166,833a6bfffffffff,833a6afffffffff,-38.96341410756854,26.098139163585856,-40.07325360721391,26.65483120698233,126.7095329897598,35.06490682666739,25.71058429739749,96.58964341719904,85.5258692548682,75.91946760757338
distance_food_leaning,167,833a6afffffffff,833a6efffffffff,-40.07325360721391,26.65483120698233,-40.13103706719736,27.78955508069261,126.30500124655,52.922620381603146,36.2816860993206,96.28127216915148,85.85920819394117,81.18926383784492
distance_food_leaning,168,833a6efffffffff,833a61fffffffff,-40.13103706719736,27.78955508069261,-40.1903270760608,28.929723627653885,126.91379442936535,51.71716926543745,29.59729146719016,96.74535024643168,84.16016440460055,80.7198587837672
distance_food_leaning,169,833a61fffffffff,833a65fffffffff,-40.1903270760608,28.929723627653885,-40.25118319876412,30.074463622123336,127.42562266935953,50.55142784260671,22.28454977386333,97.13551273875088,79.04357695226926,79.5419001126113
distance_food_leaning,170,833a65fffffffff,833b4bfffffffff,-40.25118319876412,30.074463622123336,-40.31366817498034,31.222880018650542,127.83806684702412,48.29933449941122,8.070648340028619,97.44991557104088,64.47485897272878,76.10972992988955
distance_food_leaning,171,833b4bfffffffff,833b49fffffffff,-40.31366817498034,31.222880018650542,-39.19199813766323,31.82882209239101,125.86665437415192,49.35074746454342,5.411309736619475,95.94712392395674,50.01002740575306,72.78079168249201
distance_food_leaning,172,833b49fffffffff,833b4dfffffffff,-39.19199813766323,31.82882209239101,-39.24148102414175,32.9856461042966,128.7169837714929,47.82155232828867,2.5043386405872083,98.11990677316015,57.53426719087401,74.91327252324147
distance_food_leaning,173,833b4dfffffffff,833b6bfffffffff,-39.24148102414175,32.9856461042966,-39.292341430301626,34.143870550834016,128.87504006074514,46.67391901261752,4.043527763498483,98.24039179317798,43.91776518194396,71.90592463676303
distance_food_leaning,174,833b6bfffffffff,833b68fffffffff,-39.292341430301626,34.143870550834016,-39.34463760620566,35.30254769784139,128.92781177318906,44.92062901607388,15.789017967547531,98.28061923911044,30.75686242264517,68.76787080890642
distance_food_leaning,175,833b68fffffffff,833b6cfffffffff,-39.34463760620566,35.30254769784139,-39.39843112816944,36.4607274324919,128.87504006074312,44.09496523212234,20.80191568334471,98.24039179317644,19.0032439291877,66.14933425206246
distance_food_leaning,176,833b6cfffffffff,833592fffffffff,-39.39843112816944,36.4607274324919,-39.45378713925424,37.61746191536312,128.71698377149417,43.35601297782104,25.1144743075271,98.11990677316112,13.608929911235617,64.78854326217399
distance_food_leaning,177,833592fffffffff,833596fffffffff,-39.45378713925424,37.61746191536312,-39.510774610898,38.771810203698735,128.4544162824341,42.81781582952324,28.62244522312428,97.91975371803692,9.192861623330428,63.64379393254152
distance_food_leaning,178,833596fffffffff,831ac9fffffffff,-39.510774610898,38.771810203698735,-39.56946662788047,39.92284278950992,128.08861606982563,41.67087887918759,32.61379625795009,97.64090719983028,4.273399862344406,62.176397236140296
distance_food_leaning,179,831ac9fffffffff,831acdfffffffff,-39.56946662788047,39.92284278950992,-39.62994069908306,41.06964599808217,127.6213512309256,41.65363562285661,34.42199643848692,97.28471502465749,0.0,61.138448199185724
distance_food_leaning,180,831acdfffffffff,831aebfffffffff,-39.62994069908306,41.06964599808217,-39.69227909680408,42.21132619557435,127.05485830467602,42.15434588845319,36.87735352122931,96.85288208791044,0.0,61.07274481049118
distance_food_leaning,181,831aebfffffffff,831ae8fffffffff,-39.69227909680408,42.21132619557435,-39.75656922773276,43.34701375861037,126.39181586043192,42.96625151813168,37.17450458350904,96.34745024115918,0.0,61.06360057601909
distance_food_leaning,182,831ae8fffffffff,831aedfffffffff,-39.75656922773276,43.34701375861037,-38.43647106430228,43.97624873776884,127.16676304532184,29.20179841179244,9.898223314776994,96.93818615888787,0.0,57.22963260298167
distance_food_leaning,183,831aedfffffffff,831a5efffffffff,-38.43647106430228,43.97624873776884,-37.08461612708048,44.591667829695005,127.52467389422792,28.922852996974235,8.88860671385825,97.21101867949844,0.0,57.28236523884149
distance_food_leaning,184,831a5efffffffff,831a5cfffffffff,-37.08461612708048,44.591667829695005,-35.7014037565787,45.19199223579292,127.78156029721367,28.6276949114614,9.100408487030816,97.40684108904932,0.0,57.29172901796308
distance_food_leaning,185,831a5cfffffffff,831a43fffffffff,-35.7014037565787,45.19199223579292,-34.28739808224315,45.775963183192445,127.93618944774076,28.362418804030625,9.176145954192137,97.52471362917242,0.0,57.2710824557954
distance_food_leaning,186,831a43fffffffff,831a41fffffffff,-34.28739808224315,45.775963183192445,-32.84333847892438,46.34235176452254,127.98781568364704,28.6814015225392,8.49780285985768,97.564067887684,0.0,57.38645440060376
distance_food_leaning,187,831a41fffffffff,831a6afffffffff,-32.84333847892438,46.34235176452254,-31.370148588690974,46.88996903826777,127.9361894477434,29.52161305007515,7.454982077160325,97.52471362917444,0.0,57.618840729609765
distance_food_leaning,188,831a6afffffffff,831a68fffffffff,-31.370148588690974,46.88996903826777,-29.868943503076817,47.41767624992037,127.78156029721195,29.496661216383984,7.36605359710309,97.406841089048,0.0,57.5524189094392
distance_food_leaning,189,831a68fffffffff,831a6dfffffffff,-29.868943503076817,47.41767624992037,-28.341034697664018,47.92439501736234,127.52467389422772,30.215360718335877,6.445617068735354,97.2110186794983,0.0,57.67011755524991
distance_food_leaning,190,831a6dfffffffff,831893fffffffff,-28.341034697664018,47.92439501736234,-28.215538366268863,49.03331826152503,123.65325246391684,43.0769258689876,33.87266787210087,94.25986570270015,0.0,60.05301061204636
distance_food_leaning,191,831893fffffffff,831890fffffffff,-28.215538366268863,49.03331826152503,-28.085647048011143,50.13113097383182,122.42997158183152,43.162260064883206,32.39969080762867,93.32736866469716,0.0,59.612362351813545
distance_food_leaning,192,831890fffffffff,831894fffffffff,-28.085647048011143,50.13113097383182,-27.9511271621453,51.217189096395686,121.13572289064524,43.07586820954857,31.58055726527409,92.34077344470715,0.0,59.09314718521814
distance_food_leaning,193,831894fffffffff,8318b2fffffffff,-27.9511271621453,51.217189096395686,-27.811728383712275,52.29089519633977,119.77573757173094,42.78531232551048,31.479227475446915,91.30406772961962,0.0,58.487627562462954
distance_food_leaning,194,8318b2fffffffff,8318b6fffffffff,-27.811728383712275,52.29089519633977,-27.6671821260438,53.35169912592156,118.355324472017,42.95236072811888,31.28670522917815,90.22129841014328,0.0,57.996357423507305
balanced,1,83eedcfffffffff,83eed8fffffffff,-27.83055450872197,-65.19239867027046,-27.633369781742072,-64.05340848173876,126.99806769767656,40.429044115053216,27.675335779073148,96.80959107144078,0.0,47.98202854536083
balanced,2,83eed8fffffffff,83eedbfffffffff,-27.633369781742072,-64.05340848173876,-27.45302148323532,-62.92300046478047,126.0140277693592,40.82817720603255,30.83724819641353,96.0594654609854,0.0,48.23283534034999
balanced,3,83eedbfffffffff,83dd75fffffffff,-27.45302148323532,-62.92300046478047,-27.287444717906148,-61.80198083857781,124.94399369391694,41.46311797029674,38.10804353641262,95.2437872136386,26.84370927098307,54.33792956004815
balanced,4,83dd75fffffffff,83dd71fffffffff,-27.287444717906148,-61.80198083857781,-27.134898532863023,-60.69110801278219,123.79270747085567,41.95910541978961,41.891991405649016,94.36617111694278,0.0,49.28269264356358
balanced,5,83dd71fffffffff,83dd46fffffffff,-27.134898532863023,-60.69110801278219,-26.99390487036324,-59.59109157307983,122.56513232883052,42.42051294038815,46.36566047988973,93.43040059961628,13.348845056317762,52.30366041529267
balanced,6,83dd46fffffffff,83dd42fffffffff,-26.99390487036324,-59.59109157307983,-26.863200807984004,-58.50259149407012,121.26640379464884,42.89513168318719,50.25020516289881,92.44039043185336,2.0835554636460505,50.33190141184998
balanced,7,83dd42fffffffff,83dd5cfffffffff,-26.863200807984004,-58.50259149407012,-26.74170083398408,-57.42621762511335,119.90178148991386,43.77327735245565,53.92308803332445,91.40014998029903,0.0,50.321664738404415
balanced,8,83dd5cfffffffff,83dd58fffffffff,-26.74170083398408,-57.42621762511335,-26.62846678365793,-56.362529474133495,118.47660238249792,44.72338668116623,57.88649812592799,90.3137475720282,0.0,50.772128756667755
balanced,9,83dd58fffffffff,83dd5bfffffffff,-26.62846678365793,-56.362529474133495,-26.522683682810968,-55.312036298640855,116.9962361320536,46.0444885992131,61.93502428216743,89.18527645479325,0.0,51.36688080433996
balanced,10,83dd5bfffffffff,83dc75fffffffff,-26.522683682810968,-55.312036298640855,-26.423640188411728,-54.27519750123788,115.46604307145786,46.50998438118548,66.4805635210335,88.0188227666216,0.0,51.657696934564015
balanced,11,83dc75fffffffff,83dc71fffffffff,-26.423640188411728,-54.27519750123788,-26.354993902075464,-53.24624458655128,114.50343363687486,46.66157415185808,70.84374931905711,87.28503344672947,0.0,51.934514626667784
balanced,12,83dc71fffffffff,83dc46fffffffff,-26.354993902075464,-53.24624458655128,-26.385100043653928,-52.19119017667384,117.33437994257636,49.5058249268541,72.65297167730847,89.44304072328572,0.0,53.90053935545821
balanced,13,83dc46fffffffff,83dc42fffffffff,-26.385100043653928,-52.19119017667384,-26.414114334802512,-51.12468639854555,118.60685790574304,49.826315992723536,74.4831680062774,90.41304029489211,0.0,54.502755286184794
balanced,14,83dc42fffffffff,83dc5cfffffffff,-26.414114334802512,-51.12468639854555,-26.44209510025755,-50.047297402105485,119.81663912136584,50.20155035841253,75.66794643209599,91.33524664726872,3.3055834028165654,55.70910546131854
balanced,15,83dc5cfffffffff,83dc58fffffffff,-26.44209510025755,-50.047297402105485,-26.469096584243253,-48.95962962558565,120.95901896360654,50.80696332650786,75.06453677852154,92.20607348251517,0.0,55.49106105320985
balanced,16,83dc58fffffffff,83dc5bfffffffff,-26.469096584243253,-48.95962962558565,-26.49516930110904,-47.86233069155977,122.02941576476816,52.02385381254381,72.73864092029176,93.02202823271904,5.579917472414073,57.10599758134523
balanced,17,83dc5bfffffffff,83c44afffffffff,-26.49516930110904,-47.86233069155977,-26.520360350429325,-46.75608792961667,123.02341231209704,52.17775365364516,69.87100574316256,93.77974369262988,8.866214732462566,57.7653680900558
balanced,18,83c44afffffffff,83c44efffffffff,-26.520360350429325,-46.75608792961667,-26.544713700697088,-45.64162652202388,123.93679775113137,51.82581074601798,69.16228967077532,94.47600996223974,0.0,55.98935625415665
balanced,19,83c44efffffffff,83c441fffffffff,-26.544713700697088,-45.64162652202388,-26.56827044520285,-44.51970727473728,124.76560922916175,51.75457519127865,67.23214025476851,95.1078061912536,0.0,55.95738595936439
balanced,20,83c441fffffffff,83c445fffffffff,-26.56827044520285,-44.51970727473728,-26.59106903322897,-43.39112402246841,125.5061725718554,50.85523219999973,65.48110698224511,95.67233158654813,0.0,55.59190305418885
balanced,21,83c445fffffffff,83c463fffffffff,-26.59106903322897,-43.39112402246841,-26.613145479292765,-42.25670068308797,126.1551412625534,50.1283452053031,64.77467307962478,96.16703512577207,0.0,55.37891592781534
balanced,22,83c463fffffffff,83c460fffffffff,-26.613145479292765,-42.25670068308797,-26.63453355283195,-41.11728798324785,126.70953298976072,49.98994894202378,62.61012274394508,96.58964341719972,0.0,55.23388487636394
balanced,23,83c460fffffffff,83c464fffffffff,-26.63453355283195,-41.11728798324785,-26.655264950431786,-39.97375988355514,127.1667630453228,50.18856552100013,59.41609882428654,96.9381861588886,0.0,55.098491938495286
balanced,24,83c464fffffffff,83c559fffffffff,-26.655264950431786,-39.97375988355514,-27.914745068878545,-39.39364154742214,125.60546191245616,74.74978652341812,23.944961364637862,95.74801904097612,10.749631605956615,63.168742779315195
balanced,25,83c559fffffffff,83c55bfffffffff,-27.914745068878545,-39.39364154742214,-29.162082779502025,-39.94170558030319,122.93101291913892,73.13853525548836,27.49838251146581,93.70930838908797,12.999931415578937,62.71803115318411
balanced,26,83c55bfffffffff,83c55afffffffff,-29.162082779502025,-39.94170558030319,-30.37973270971704,-39.34043544997329,123.85612784314456,73.56993355028425,25.5403229117101,94.414515949413,15.32559249199789,63.37147899450819
balanced,27,83c55afffffffff,83c55efffffffff,-30.37973270971704,-39.34043544997329,-30.34427953030229,-38.207399188737234,126.02553675418184,50.0950207774515,50.301978309778704,96.0682386662359,13.80441102815258,56.64955994745976
balanced,28,83c55efffffffff,83c551fffffffff,-30.34427953030229,-38.207399188737234,-30.30986009989881,-37.07257220045604,126.22356381382136,50.99470092075531,45.71855094536428,96.21919307847482,24.405147706571952,58.71652292769539
balanced,29,83c551fffffffff,83c555fffffffff,-30.30986009989881,-37.07257220045604,-30.276429878686645,-35.93684325744022,126.32281087016815,51.57420314820097,40.81817149218539,96.29484829996092,30.785127675547315,59.756978433596665
balanced,30,83c555fffffffff,83c573fffffffff,-30.276429878686645,-35.93684325744022,-30.243946848014183,-34.8011053083145,126.32281087016445,52.07441881365979,30.953123728647903,96.2948482999581,50.27435560200799,62.86840550871774
balanced,31,83c573fffffffff,83c571fffffffff,-30.243946848014183,-34.8011053083145,-29.078823923058543,-34.24192820528313,123.53043471446716,39.481273447522,16.785304142027616,94.16624273412994,51.03378523828408,55.92766966110736
balanced,32,83c571fffffffff,83c575fffffffff,-29.078823923058543,-34.24192820528313,-29.06356536247096,-33.10241985586555,126.71558914325892,52.58953005715986,26.025854404455888,96.59425997361085,49.71527102152039,62.55972965969687
balanced,33,83c575fffffffff,83c574fffffffff,-29.06356536247096,-33.10241985586555,-30.18166584916801,-32.533169875887424,122.16097563069276,61.032000697982106,6.081605580125532,93.12231524536789,51.13175776721084,63.18400696425793
balanced,34,83c574fffffffff,83c576fffffffff,-30.18166584916801,-32.533169875887424,-31.3194351804832,-33.08636501636138,122.84134731999372,55.44296888812946,12.100546232317576,93.6409570342698,49.77605615256948,61.43474051927838
balanced,35,83c576fffffffff,83c52bfffffffff,-31.3194351804832,-33.08636501636138,-32.40013502609467,-32.50325142599288,120.03330344416544,60.15001200158306,6.5782157421118,91.50040809318878,48.70520924069294,61.90899065093962
balanced,36,83c52bfffffffff,83c52afffffffff,-32.40013502609467,-32.50325142599288,-33.454659832776485,-31.91785545747796,118.65812362642764,57.7980559160903,3.687473880443593,90.45211973559095,48.00076894453941,60.223759464065644
balanced,37,83c52afffffffff,83c52efffffffff,-33.454659832776485,-31.91785545747796,-33.38201478697349,-30.807407343328983,123.66885638379496,52.23192293203613,8.050899246955879,94.2717604435407,47.95750377348293,59.57088798526884
balanced,38,83c52efffffffff,83c52cfffffffff,-33.38201478697349,-30.807407343328983,-32.28292934835357,-30.2696206030377,121.05974773064804,50.1027700529355,4.382599858119884,92.28285819997744,51.27137840228897,58.41850114743721
balanced,39,83c52cfffffffff,83c52dfffffffff,-32.28292934835357,-30.2696206030377,-31.22982744400974,-30.837258787785583,118.96484481745578,47.76029115612187,2.0620366662030785,90.68593079755976,51.641576603953965,56.84441468912778
balanced,40,83c52dfffffffff,83a4defffffffff,-31.22982744400974,-30.837258787785583,-30.12272504844373,-30.2758338604594,123.02341231209708,49.857965457026566,5.2492393786787925,93.77974369262992,52.943907660378,59.190814760543084
balanced,41,83a4defffffffff,83a4d1fffffffff,-30.12272504844373,-30.2758338604594,-30.09442439967046,-29.15329874028327,124.85029948019744,52.81523108887877,3.694426608327441,95.1723648787922,52.81595246145184,60.610435052312276
balanced,42,83a4d1fffffffff,83a4d5fffffffff,-30.09442439967046,-29.15329874028327,-30.06686287080528,-28.035967598196784,124.27086131707075,52.996665973006586,1.2583923635449152,94.73066389356924,54.91689283878826,60.72708336138555
balanced,43,83a4d5fffffffff,83a4f3fffffffff,-30.06686287080528,-28.035967598196784,-30.04001189227744,-26.92464841032981,123.6016103933959,53.26965462126791,6.008936505054758,94.220499373591,57.42486703201302,61.659878717492546
balanced,44,83a4f3fffffffff,83a4f1fffffffff,-30.04001189227744,-26.92464841032981,-28.980260694051363,-26.343065861114933,123.6016103933954,58.68998376914848,3.722127669281383,94.22049937359064,62.1135227979193,64.53706064624859
balanced,45,83a4f1fffffffff,83a4f5fffffffff,-28.980260694051363,-26.343065861114933,-28.96761134990594,-25.23728004911054,122.96446363577289,53.03550752091608,15.56853752241064,93.73480759751756,61.63393651357519,63.218286342577805
balanced,46,83a4f5fffffffff,83a4f4fffffffff,-28.96761134990594,-25.23728004911054,-29.98833448216332,-24.72314092101911,117.69837000777908,41.83606513616039,14.59094820701914,89.72050738089051,63.280430654990376,57.765759220431306
balanced,47,83a4f4fffffffff,83a4f6fffffffff,-29.98833448216332,-24.72314092101911,-31.02553220719767,-25.296601876875435,122.4326642645082,37.07923327608262,8.751173613027664,93.32942127473711,64.76413931919312,56.65846491799557
balanced,48,83a4f6fffffffff,83a4abfffffffff,-31.02553220719767,-25.296601876875435,-32.015401836807904,-24.773219662082425,115.46604307145714,41.98589182783317,14.5415338715315,88.01882276662104,60.89633814203563,56.83342457667985
balanced,49,83a4abfffffffff,83a4aafffffffff,-32.015401836807904,-24.773219662082425,-32.99701254496842,-24.260616866383124,114.50343363687377,40.03763729063436,16.432325300495496,87.28503344672863,61.08685166514433,56.06116781335075
balanced,50,83a4aafffffffff,83a4aefffffffff,-32.99701254496842,-24.260616866383124,-32.98905587307907,-23.21880533820112,115.84714727971397,53.05032543567753,23.861471154833616,88.30933539587441,57.81819096745061,61.66271610200682
balanced,51,83a4aefffffffff,83a4a1fffffffff,-32.98905587307907,-23.21880533820112,-32.98112623186868,-22.164107704435857,117.2800092064618,52.64923181574586,28.24858208310785,89.4015943546525,60.29647020805268,62.764323282615415
balanced,52,83a4a1fffffffff,83a4a5fffffffff,-32.98112623186868,-22.164107704435857,-32.973223484128766,-21.097011187022986,118.65869449983248,52.24949977314198,32.268961285903146,90.4525549077308,64.43600818573225,64.14966414731279
balanced,53,83a4a5fffffffff,83a58bfffffffff,-32.973223484128766,-21.097011187022986,-32.9653474935758,-20.018048901550056,119.9781000111905,51.98319231993751,36.12935665408577,91.45832696653127,64.16755570143935,64.67722182363083
balanced,54,83a58bfffffffff,83a589fffffffff,-32.9653474935758,-20.018048901550056,-31.94125347437579,-19.438408940642823,125.07514691049238,69.28224029870854,19.038768057043537,95.34376424080564,62.406495150603085,70.70120122755009
balanced,55,83a589fffffffff,83a58dfffffffff,-31.94125347437579,-19.438408940642823,-31.93515935133365,-18.34556924334884,121.52008905406758,50.87682633830638,46.918971772583895,92.63377263577512,66.02043107074145,66.03684571746177
balanced,56,83a58dfffffffff,83a5abfffffffff,-31.93515935133365,-18.34556924334884,-31.929085740726293,-17.242478318950663,122.65996938168452,50.12023521107071,52.03224352998223,93.50269411141262,69.75951160402244,67.25402899165479
balanced,57,83a5abfffffffff,83a5a9fffffffff,-31.929085740726293,-17.242478318950663,-30.9165515829864,-16.65388508717284,126.02553675417856,75.64076414310864,31.92930512607869,96.06823866623338,74.9369901987278,77.2571058094669
balanced,58,83a5a9fffffffff,83a5adfffffffff,-30.9165515829864,-16.65388508717284,-30.912218278356487,-15.54002948850758,123.8561278431466,47.31826689659279,63.3075195069403,94.41451594941456,82.00381980659074,69.98317745547367
balanced,59,83a5adfffffffff,83a51efffffffff,-30.912218278356487,-15.54002948850758,-29.909962786843813,-14.947309043656546,126.11601717644596,78.5250391201955,41.93607750354311,96.137211154071,84.10971320725443,81.2667293861047
balanced,60,83a51efffffffff,83a51cfffffffff,-29.909962786843813,-14.947309043656546,-28.916763105214,-14.352362506911549,125.67004805780716,79.71730584512119,47.53242357338804,95.79725253274228,85.9963204940772,82.57860455402542
balanced,61,83a51cfffffffff,83a51dfffffffff,-28.916763105214,-14.352362506911549,-27.93242657525888,-14.87001632375681,120.54380700426074,87.7870071710352,24.82782565211265,91.88956079282664,87.81346927210728,82.7271475258948
balanced,62,83a51dfffffffff,83a50efffffffff,-27.93242657525888,-14.87001632375681,-26.95710585846628,-14.271701418595876,124.27086131707134,80.48646830162924,50.200885469384495,94.73066389356968,87.04411076101567,83.04269718786418
balanced,63,83a50efffffffff,83a501fffffffff,-26.95710585846628,-14.271701418595876,-26.959365248221246,-13.158584124182635,123.77340749393775,43.04465813033918,75.59895266354536,94.35145890196988,86.79698049994833,70.44259228907083
balanced,64,83a501fffffffff,83a505fffffffff,-26.959365248221246,-13.158584124182635,-26.9616172206737,-12.038967763411057,124.49607090912748,40.81726814886592,78.09006560364203,94.90233932853944,84.5285311755219,69.5123218535768
balanced,65,83a505fffffffff,83a523fffffffff,-26.9616172206737,-12.038967763411057,-26.963861812282044,-10.913657186040332,125.12923899465068,38.90209748520873,79.61469739877846,95.38499819532558,80.79680650018675,68.29716949259635
balanced,66,83a523fffffffff,83a520fffffffff,-26.963861812282044,-10.913657186040332,-26.96609905926613,-9.783482995601046,125.67004805780635,36.18860135843173,80.30197377259698,95.79725253274168,70.49839314999494,65.34449231045389
balanced,67,83a520fffffffff,83a524fffffffff,-26.96609905926613,-9.783482995601046,-26.96832899760929,-8.649298107061641,126.11601717644636,34.78786204909663,79.58749511840514,96.13721115407132,68.00715061835113,64.31648780137078
balanced,68,83a524fffffffff,837d75fffffffff,-26.96832899760929,-8.649298107061641,-26.970551663060217,-7.511974053261782,126.46507613486077,33.370266836722124,78.51461511527346,96.40329595076574,63.68811588811959,62.85818020906983
balanced,69,837d75fffffffff,837d71fffffffff,-26.970551663060217,-7.511974053261782,-26.972767091134862,-6.3723970780316135,126.71558914325882,32.430729520421124,76.62943601429963,96.59425997361076,59.65875929810557,61.54526526130276
balanced,70,837d71fffffffff,837d73fffffffff,-26.972767091134862,-6.3723970780316135,-26.018692167926105,-5.7943423715179945,123.5304347144666,75.03872776700865,66.76318437089756,94.16624273412953,53.6925968226892,75.68020172866991
balanced,71,837d73fffffffff,837d54fffffffff,-26.018692167926105,-5.7943423715179945,-25.075130621133383,-5.219917593156162,122.41889280241054,73.98938668159163,65.24224198916149,93.31892340151512,46.313800347602026,73.37841596152775
balanced,72,837d54fffffffff,837d56fffffffff,-25.075130621133383,-5.219917593156162,-24.142412798266545,-4.649671228691905,121.23316097379691,73.85229402775299,66.94237068140913,92.4150497006826,44.20932556748674,72.80153470294424
balanced,73,837d56fffffffff,837d52fffffffff,-24.142412798266545,-4.649671228691905,-24.149102706576763,-3.524864755156263,125.0751469104921,31.70651224945114,69.00286984615771,95.3437642408054,40.43187600622305,56.27239635788246
balanced,74,837d52fffffffff,837d53fffffffff,-24.149102706576763,-3.524864755156263,-25.085579351200195,-2.9590420304868745,121.52008905406812,11.639519372352432,6.969926516974004,92.63377263577556,35.8936150430075,40.32165519997254
balanced,75,837d53fffffffff,837d5efffffffff,-25.085579351200195,-2.9590420304868745,-26.02987114112275,-2.3871128739849907,122.659969381685,15.617275274041246,8.325199660405367,93.502694111413,31.7656689746538,41.4833721040117
balanced,76,837d5efffffffff,837d5cfffffffff,-26.02987114112275,-2.3871128739849907,-26.979370302809635,-2.9491452687755704,122.59065359586636,29.567085617646203,50.44004727963591,93.44985525329844,34.84037683759827,51.87387091853126
balanced,77,837d5cfffffffff,837d5dfffffffff,-26.979370302809635,-2.9491452687755704,-27.939557795041807,-2.37041476493255,124.56309458078796,16.96321718099149,10.86783302644931,94.9534309267282,34.513045144902264,43.26070848204044
balanced,78,837d5dfffffffff,837d59fffffffff,-27.939557795041807,-2.37041476493255,-27.94019345653789,-1.2269296538700087,127.14993829656336,38.72700168065009,57.74976874547964,96.92536079015024,35.47619920512048,57.43862562487716
balanced,79,837d59fffffffff,837d5bfffffffff,-27.94019345653789,-1.2269296538700087,-26.98373689786919,-0.672244171263873,122.93101291914029,69.8602785623403,41.46645284993419,93.709308389089,35.27331477700813,67.25821218205787
balanced,80,837d5bfffffffff,837c74fffffffff,-26.98373689786919,-0.672244171263873,-26.037263965823666,-0.123039200394024,121.67542187558831,67.47363412120308,37.216618663081,92.7521815785568,35.45005631185503,65.62678125072738
balanced,81,837c74fffffffff,837c76fffffffff,-26.037263965823666,-0.123039200394024,-25.101127438158887,0.4202240819639131,120.35161547694754,66.919024045188,38.710732207756365,91.74305475927908,33.04386517131841,64.77037230089823
balanced,82,837c76fffffffff,837c72fffffffff,-25.101127438158887,0.4202240819639131,-25.10627711652173,1.5399814163161003,124.5128229164983,40.1533905751409,40.33167966458164,94.91510924711062,29.598563657874013,54.48876970222251
balanced,83,837c72fffffffff,837c73fffffffff,-25.10627711652173,1.5399814163161003,-26.044609467088907,2.1269369146772066,123.02394408847982,29.167281786346752,5.844227336454081,93.78014906142874,29.255682318860146,46.23651663038476
balanced,84,837c73fffffffff,837c55fffffffff,-26.044609467088907,2.1269369146772066,-26.04826461312956,3.2445241128039064,124.27086131707138,46.88641777784488,34.17077661139258,94.7306638935697,26.93303888045821,55.97745171643977
balanced,85,837c55fffffffff,837c51fffffffff,-26.04826461312956,3.2445241128039064,-26.05190809762442,4.356092620116956,123.60161039339556,53.065977899859526,31.172075454933537,94.22049937359074,23.97890221599107,57.4055289607126
balanced,86,837c51fffffffff,837c53fffffffff,-26.05190809762442,4.356092620116956,-25.12162819763532,4.867663292958679,117.75786360153045,68.09664994364479,1.9572249779014703,89.76585886211267,22.75234197568725,58.91460852901931
balanced,87,837c53fffffffff,837cecfffffffff,-25.12162819763532,4.867663292958679,-24.201863687087407,5.371435105738333,116.25130064270589,65.76513950836875,0.833950550585631,88.61741820776832,24.418868009078015,57.85844992255217
balanced,88,837cecfffffffff,837ceefffffffff,-24.201863687087407,5.371435105738333,-23.292903147293565,5.867123597913117,114.69756750781576,65.18618412728974,10.421032995024468,87.43302011298053,28.180040279510862,58.982491040214676
balanced,89,837ceefffffffff,837ceafffffffff,-23.292903147293565,5.867123597913117,-23.300785381492823,6.944954250075057,119.85263063140196,60.423778621408445,15.50519334097794,91.36268268178334,29.7586047873935,59.08055654467488
balanced,90,837ceafffffffff,837cebfffffffff,-23.300785381492823,6.944954250075057,-24.214846927066056,7.53759196497461,120.45283182443455,52.213914958153936,31.63489762289126,91.82021115533772,21.1519588609374,55.8255108643395
balanced,91,837cebfffffffff,837ccdfffffffff,-24.214846927066056,7.53759196497461,-24.221308030557285,8.607944240755227,119.02003275039708,72.02461832276771,20.77704030388797,90.72800010866804,24.724202204684985,63.050791833033294
balanced,92,837ccdfffffffff,837cc9fffffffff,-24.221308030557285,8.607944240755227,-24.227748916814285,9.668957152092526,117.98153472085504,76.0788877358429,23.21758509755589,89.93636153186864,26.550689343803136,65.04435993241395
balanced,93,837cc9fffffffff,83566bfffffffff,-24.227748916814285,9.668957152092526,-25.14689143622826,10.263284183321902,120.4163701174043,54.390607880774766,59.510819284966985,91.79241669348994,26.41955983911921,60.52896205667743
balanced,94,83566bfffffffff,83566afffffffff,-25.14689143622826,10.263284183321902,-26.073527206163885,10.857597690304823,120.9428543456352,51.077426655586095,67.61355151824405,92.19375132609184,29.30565898428309,60.71158300874301
balanced,95,83566afffffffff,83566efffffffff,-26.073527206163885,10.857597690304823,-26.055334121114896,11.898539177030948,115.76456067771768,80.79819460991358,39.74004653278854,88.24638030283887,34.291252780123926,69.62544714412073
balanced,96,83566efffffffff,83566cfffffffff,-26.055334121114896,11.898539177030948,-25.03604124271784,12.316194502297725,120.15662663122318,83.13805270136936,37.00714234025487,91.59441635272472,34.49174143475737,71.33260850734213
balanced,97,83566cfffffffff,83566dfffffffff,-25.03604124271784,12.316194502297725,-24.135410946648573,11.724718836383904,117.98153472085416,49.59810175817993,71.18666471150996,89.93636153186797,29.55927780852873,59.85067119568912
balanced,98,83566dfffffffff,83549efffffffff,-24.135410946648573,11.724718836383904,-23.110722475138964,12.1341306957519,120.416370117404,78.9540657714815,45.483783897485054,91.79241669348971,24.39296134434758,68.54632197525753
balanced,99,83549efffffffff,835491fffffffff,-23.110722475138964,12.1341306957519,-22.97143039786005,13.146430324301592,113.57276092750443,88.41207153441839,19.124122491683085,86.57558923195622,12.668700297935,65.78365769210953
balanced,100,835491fffffffff,835495fffffffff,-22.97143039786005,13.146430324301592,-22.829046476826765,14.17255568062787,115.13257182073502,92.11932161947126,22.23156938145521,87.76462035235014,14.8284935936179,68.36597041036265
balanced,101,835495fffffffff,8354b3fffffffff,-22.829046476826765,14.17255568062787,-22.68346843164436,15.212101050457996,116.64801683271558,96.58485896163032,20.690931906913583,88.91983172336359,14.258034624424514,70.23059321723747
balanced,102,8354b3fffffffff,8354b1fffffffff,-22.68346843164436,15.212101050457996,-21.614799102881967,15.631213620128388,123.66885638379313,81.14093162544383,56.62786144491314,94.2717604435393,17.46689097185536,69.89406512210172
balanced,103,8354b1fffffffff,8354b5fffffffff,-21.614799102881967,15.631213620128388,-21.45326294602981,16.686991053274166,118.65812362642777,96.66788157650676,16.442507465079874,90.45211973559104,15.96335828425795,70.6397109546396
balanced,104,8354b5fffffffff,83559bfffffffff,-21.45326294602981,16.686991053274166,-21.288028230597696,17.754875437151213,120.0333034441647,98.72583505419075,13.707694549120356,91.5004080931882,1.5253247366690623,68.61629085187862
balanced,105,83559bfffffffff,835599fffffffff,-21.288028230597696,17.754875437151213,-20.18643972641425,18.174869914264136,125.52940432053173,83.87638255963196,71.26973948095966,95.69004095906064,0.0,69.38453925966694
balanced,106,835599fffffffff,83559dfffffffff,-20.18643972641425,18.174869914264136,-20.00409505052687,19.256184942096795,121.76076000964508,102.09443009552376,12.983628650255849,92.81723414203756,0.0,69.98130514584636
balanced,107,83559dfffffffff,83559cfffffffff,-20.00409505052687,19.256184942096795,-20.94595490697623,19.924630146549887,123.53043471446696,66.24021293665578,94.2282301232066,94.1662427341298,0.0,64.16878100722191
balanced,108,83559cfffffffff,835591fffffffff,-20.94595490697623,19.924630146549887,-21.903759199851823,20.5935973196464,124.56309458078798,61.53197316901227,94.6672710904018,94.95343092672822,0.0,62.56554565466355
balanced,109,835591fffffffff,835595fffffffff,-21.903759199851823,20.5935973196464,-21.736600001054875,21.702479607230696,124.51486005748602,96.4240854028266,35.01560253257933,94.91666214306842,0.0,70.5461930573091
balanced,110,835595fffffffff,8355b3fffffffff,-21.736600001054875,21.702479607230696,-21.565390661066665,22.82061691141936,125.57344815065198,94.16769060682468,35.92356839981074,95.7236152114919,7.222937345261067,71.42110511521072
balanced,111,8355b3fffffffff,8355b2fffffffff,-21.565390661066665,22.82061691141936,-22.560008499677743,23.504551137021306,126.9746243338726,53.52340656456347,85.02113885845668,96.79172038644262,10.288130162392816,61.00661866008241
balanced,112,8355b2fffffffff,8355b6fffffffff,-22.560008499677743,23.504551137021306,-22.39541988578128,24.638307951419016,127.17072156287162,87.60987376903923,37.2799540228849,96.94120370452607,26.82783276165012,73.21987257359203
balanced,113,8355b6fffffffff,8355b4fffffffff,-22.39541988578128,24.638307951419016,-21.210231311275585,25.08151355620916,129.3322982902532,83.69922745794348,43.62614496074188,98.58895601163604,32.211846343087515,73.86136155135989
balanced,114,8355b4fffffffff,8355b5fffffffff,-21.210231311275585,25.08151355620916,-20.21150272308568,24.381168000975705,127.43066089693222,44.03665106705312,72.49944997130326,97.13935333853227,33.74928299626917,60.75626802476509
balanced,115,8355b5fffffffff,8355a2fffffffff,-20.21150272308568,24.381168000975705,-19.23064243498796,23.67927319085283,126.54684635965462,42.52574908992634,76.49912735510428,96.46562872611912,21.02492474071953,57.80488593746061
balanced,116,8355a2fffffffff,8355a3fffffffff,-19.23064243498796,23.67927319085283,-18.26773465964367,22.97673727661952,125.57344815065144,40.93229388449331,84.50864094646845,95.72361521149148,0.0,53.54086621189161
balanced,117,8355a3fffffffff,8355aefffffffff,-18.26773465964367,22.97673727661952,-17.32282000676271,22.27444023339124,124.51486005748568,35.41813549723746,92.68801323500914,94.91666214306817,0.0,51.911054165316344
balanced,118,8355aefffffffff,8355a8fffffffff,-17.32282000676271,22.27444023339124,-16.395898444144606,21.573230236495704,123.37574266674756,,,94.04832224799004,0.0,
balanced,119,8355a8fffffffff,8355adfffffffff,-16.395898444144606,21.573230236495704,-15.246182840298603,21.9650041469056,126.46507613486048,,,96.40329595076552,0.0,
balanced,120,8355adfffffffff,83551efffffffff,-15.246182840298603,21.9650041469056,-14.09337361279415,22.34768348308154,126.11601717644577,,,96.13721115407084,0.0,
balanced,121,83551efffffffff,835511fffffffff,-14.09337361279415,22.34768348308154,-13.83345027841329,23.444273376252944,124.80826507174818,,,95.14032239210974,0.0,
balanced,122,835511fffffffff,835515fffffffff,-13.83345027841329,23.444273376252944,-13.567481139507056,24.54739604756384,125.60208242492104,,,95.74544288519488,0.0,
balanced,123,835515fffffffff,835533fffffffff,-13.567481139507056,24.54739604756384,-13.295264649248596,25.65621332940991,126.30500124654992,,,96.28127216915144,0.0,
balanced,124,835533fffffffff,835531fffffffff,-13.295264649248596,25.65621332940991,-12.099212480835163,26.018742830817573,126.30500124655012,,,96.2812721691516,0.0,
balanced,125,835531fffffffff,835535fffffffff,-12.099212480835163,26.018742830817573,-11.806307115769345,27.12774920817624,126.70953298975992,,,96.58964341719911,0.0,
balanced,126,835535fffffffff,835534fffffffff,-11.806307115769345,27.12774920817624,-12.73124076290363,27.88743284282081,124.32507374903854,,,94.77198958824265,0.0,
balanced,127,835534fffffffff,835536fffffffff,-12.73124076290363,27.88743284282081,-13.95483846534638,27.521887177001787,127.13189437370674,,,96.91160605494252,0.0,
balanced,128,835536fffffffff,83346bfffffffff,-13.95483846534638,27.521887177001787,-14.914155227330566,28.273892033787337,126.01402776935944,,,96.05946546098558,0.0,
balanced,129,83346bfffffffff,83346afffffffff,-14.914155227330566,28.273892033787337,-15.89470269635722,29.02489308941571,126.99806769767449,68.5849658638039,56.51136722551456,96.8095910714392,27.575530995048627,67.6431065885145
balanced,130,83346afffffffff,83346efffffffff,-15.89470269635722,29.02489308941571,-15.635583859212728,30.16517324267424,129.2449329153531,81.87387600085636,6.430312048544541,98.52235809899682,33.58019402257361,69.66532783941076
balanced,131,83346efffffffff,833461fffffffff,-15.635583859212728,30.16517324267424,-15.369845756657034,31.30729045929514,129.5123965206773,82.14029588406885,4.88984066531206,98.72624342361112,32.75644897712082,69.51426524266626
balanced,132,833461fffffffff,833465fffffffff,-15.369845756657034,31.30729045929514,-15.09724335410732,32.45026588108096,129.67340662883328,83.22305139830097,1.4440985691250283,98.84898011568468,27.932072025209777,68.67473885598025
balanced,133,833465fffffffff,8339b4fffffffff,-15.09724335410732,32.45026588108096,-13.798835897602356,32.81645067523894,128.2208115661691,63.39194083662953,52.4698177087103,97.74167874836247,27.680205342816656,65.46230279859492
balanced,134,8339b4fffffffff,8339b5fffffffff,-13.798835897602356,32.81645067523894,-12.497979745961231,33.16699341743973,127.43066089693316,63.54931032402025,55.6778653884514,97.139353338533,26.42915581789243,65.41514783359162
balanced,135,8339b5fffffffff,8339a6fffffffff,-12.497979745961231,33.16699341743973,-12.184082522689245,34.29621299892796,128.87504006074371,81.8295530437284,11.449015032806736,98.2403917931769,26.205591975540948,68.58995865383329
balanced,136,8339a6fffffffff,8339a4fffffffff,-12.184082522689245,34.29621299892796,-11.862034279936744,35.42322686886394,128.7169837714944,79.51433247755512,16.007443161358378,98.1199067731613,25.81809387525321,68.00606811415692
balanced,137,8339a4fffffffff,83356bfffffffff,-11.862034279936744,35.42322686886394,-12.88439383653916,36.219608925266506,127.8206536330758,72.82293988592262,34.08741150633196,97.43664162008922,25.499130300979377,66.86873565122488
balanced,138,83356bfffffffff,83356afffffffff,-12.88439383653916,36.219608925266506,-13.932870947993711,37.01098345086452,128.45196708886797,71.66507629672496,29.692505410767264,97.91788671775976,18.627929598582103,64.73623299481106
balanced,139,83356afffffffff,83356efffffffff,-13.932870947993711,37.01098345086452,-13.621842837102982,38.14344394901163,128.87233417688395,71.57647186210552,19.62336772030849,98.23832911998274,12.2198422855647,62.50839270998082
balanced,140,83356efffffffff,833563fffffffff,-13.621842837102982,38.14344394901163,-14.70770868563397,38.93201783977754,128.87233417688162,70.10566851930679,20.40097979833863,98.23832911998096,5.268043014969179,60.6074727265447
balanced,141,833563fffffffff,833562fffffffff,-14.70770868563397,38.93201783977754,-15.821076458937547,39.71254170640565,129.24493291535578,68.69506462152802,18.94273930632481,98.52235809899886,7.46061018907683,60.42112924675871
balanced,142,833562fffffffff,833571fffffffff,-15.821076458937547,39.71254170640565,-17.23754415966721,39.34300665752316,128.24472565047705,52.29135600052503,34.74898127752894,97.75990825976116,0.0,53.719413005891255
balanced,143,833571fffffffff,833570fffffffff,-17.23754415966721,39.34300665752316,-18.39269810870521,40.1022274619085,129.9495629985577,66.50579828576164,11.880181987191383,99.05949186369362,0.0,57.50818507213188
balanced,144,833570fffffffff,833576fffffffff,-18.39269810870521,40.1022274619085,-19.574715492404227,40.8503337449195,130.05787130058957,65.5585166892221,6.035103155186859,99.1420543988521,0.0,56.56953331086316
balanced,145,833576fffffffff,83352bfffffffff,-19.574715492404227,40.8503337449195,-20.783503115357902,41.58610120350007,130.05787130059016,64.07959837384908,0.5441061397565651,99.14205439885254,0.0,55.42886628317105
balanced,146,83352bfffffffff,83352afffffffff,-20.783503115357902,41.58610120350007,-22.01886824780762,42.308321540705,129.94956299855772,63.41678144394317,6.619153100254614,99.05949186369364,0.0,55.74647544671082
balanced,147,83352afffffffff,833505fffffffff,-22.01886824780762,42.308321540705,-23.28051082133794,43.01581016602302,129.73348659543515,63.1011533692348,13.292879951317955,98.89477858414767,0.0,56.238182918070024
balanced,148,833505fffffffff,833504fffffffff,-23.28051082133794,43.01581016602302,-24.568016026948,43.70741396612675,129.4107157749916,62.943802716352586,18.97596969252824,98.64873302059377,0.0,56.66973796197199
balanced,149,833504fffffffff,833531fffffffff,-24.568016026948,43.70741396612675,-25.880847507089783,44.38201905735906,128.98284442300874,62.69424725954203,23.47939347207817,98.32257017916176,0.0,56.922409304773154
balanced,150,833531fffffffff,833535fffffffff,-25.880847507089783,44.38201905735906,-25.72161870169857,45.51856631983576,126.99806769767449,43.81046142056672,33.68293880462368,96.8095910714392,0.0,49.935355770120815
balanced,151,833535fffffffff,83189bfffffffff,-25.72161870169857,45.51856631983576,-25.557135881472576,46.64607946653949,126.0140277693598,43.20239672692226,34.06850231755788,96.05946546098586,0.0,49.505648560820454
balanced,152,83189bfffffffff,831898fffffffff,-25.557135881472576,46.64607946653949,-25.38713748742768,47.7637758974967,124.9439936939165,42.90121612380809,33.8918647608464,95.24378721363824,0.0,49.12280908969935
balanced,153,831898fffffffff,83189cfffffffff,-25.38713748742768,47.7637758974967,-25.21134450921399,48.87091503655079,123.79270747085636,43.20741282324453,32.5431133904947,94.36617111694328,0.0,48.84712780343027
balanced,154,83189cfffffffff,831882fffffffff,-25.21134450921399,48.87091503655079,-25.029459023411896,49.9668002681593,122.56513232883133,42.88066579465698,31.594365336689982,93.4304005996169,0.0,48.34082303141686
balanced,155,831882fffffffff,831886fffffffff,-25.029459023411896,49.9668002681593,-24.84116258445928,51.050780428734136,121.26640379464844,42.7791073677926,30.718262708019548,92.44039043185307,0.0,47.915586347474914
balanced,156,831886fffffffff,8318b1fffffffff,-24.84116258445928,51.050780428734136,-24.64611445085201,52.12225085841702,119.90178148991276,42.27383953435891,30.155642977763225,91.4001499802982,0.0,47.34514510560935
balanced,157,8318b1fffffffff,8318b0fffffffff,-24.64611445085201,52.12225085841702,-26.14083664541098,52.748806164765455,122.96446363577316,60.06862195835851,27.26765514004408,93.73480759751776,0.0,54.874656576603144
balanced,158,8318b0fffffffff,8318b6fffffffff,-26.14083664541098,52.748806164765455,-27.6671821260438,53.35169912592156,122.07277083041993,60.87011409856431,27.126464050092345,93.05507744561427,0.0,54.97721527811924
crosswind_mix,1,83eedcfffffffff,83eeddfffffffff,-27.83055450872197,-65.19239867027046,-30.06239548440604,-64.5257632378848,128.87233417688444,58.19854200839951,29.16137051782716,98.23832911998308,0.0,64.40304384376012
crosswind_mix,2,83eeddfffffffff,83eecafffffffff,-30.06239548440604,-64.5257632378848,-32.17770032225667,-63.82963948262643,128.39642328978954,59.31607382805211,29.75978310992713,97.87554613279796,0.0,64.97265737585087
crosswind_mix,3,83eecafffffffff,83eecbfffffffff,-32.17770032225667,-63.82963948262643,-34.18003684751135,-63.10743562224235,127.819505757646,60.36808288884446,29.464929469433347,97.4357666040124,20.64864078029035,65.30775731951262
crosswind_mix,4,83eecbfffffffff,83df96fffffffff,-34.18003684751135,-63.10743562224235,-36.07370718836176,-62.36241033074938,127.14434205233664,59.84216394517307,28.27476604937968,96.92109481882528,35.25874659935426,64.65236362811005
crosswind_mix,5,83df96fffffffff,83df90fffffffff,-36.07370718836176,-62.36241033074938,-37.86351067661641,-61.59765444897576,126.3741152197,61.3789465566257,28.18197528603707,96.33395718711492,41.9032296772349,65.22605549165473
crosswind_mix,6,83df90fffffffff,83df91fffffffff,-37.86351067661641,-61.59765444897576,-39.5545474560228,-60.81608007657734,125.51239433666284,63.07090822010498,30.63503027544515,95.67707438710934,19.224459060535743,66.36558248127433
crosswind_mix,7,83df91fffffffff,83df9cfffffffff,-39.5545474560228,-60.81608007657734,-41.15206058617907,-60.02041546242648,124.56309458078849,64.70252729417248,32.79285559171484,94.9534309267286,23.93052145437851,67.39586404344779
crosswind_mix,8,83df9cfffffffff,83df9dfffffffff,-41.15206058617907,-60.02041546242648,-42.66131272189328,-59.21320430928908,123.53043471446507,64.60278172769246,32.90017862008539,94.16624273412836,20.79164197823755,67.13129940810182
crosswind_mix,9,83df9dfffffffff,83df8afffffffff,-42.66131272189328,-59.21320430928908,-44.08749266671768,-58.39680833382526,122.41889280241185,66.7499154956505,36.77247333109809,93.3189234015161,3.642636337592693,68.7251294344997
crosswind_mix,10,83df8afffffffff,83df8bfffffffff,-44.08749266671768,-58.39680833382526,-45.43564695388184,-57.573412144412245,121.2331609737971,68.40196898738871,40.64239749158488,92.41504970068272,0.0,70.05397890221614
crosswind_mix,11,83df8bfffffffff,83de16fffffffff,-45.43564695388184,-57.573412144412245,-46.71063185895748,-56.74502970012246,119.97810001119026,69.39978026582908,43.54455682811325,91.4583269665311,0.0,70.84629958849652
crosswind_mix,12,83de16fffffffff,83de10fffffffff,-46.71063185895748,-56.74502970012246,-47.917081717115,-55.91351178657332,118.65869449983356,70.55700454432338,44.720185526510434,90.45255490773162,10.312353120503571,71.35830584978326
crosswind_mix,13,83de10fffffffff,83de11fffffffff,-47.917081717115,-55.91351178657332,-49.05938997927256,-55.08055408642641,117.28000920646076,71.51853317350754,46.28153202016937,89.4015943546517,16.781201968297474,71.83605129718316
crosswind_mix,14,83de11fffffffff,83de1cfffffffff,-49.05938997927256,-55.08055408642641,-50.1417000156092,-54.24770553569724,115.84714727971388,71.10770345331505,47.33270278846173,88.30933539587434,17.243333277741936,71.51319290311218
crosswind_mix,15,83de1cfffffffff,83de1dfffffffff,-50.1417000156092,-54.24770553569724,-51.16790321465603,-53.41637674515798,114.36521077858056,72.54399938589754,50.31851650826101,87.17966728934785,29.481219384704367,72.48960318140533
crosswind_mix,16,83de1dfffffffff,83de19fffffffff,-51.16790321465603,-53.41637674515798,-50.3652057488469,-52.50271807872833,114.94247244782316,35.45252874154537,61.96659682924555,87.61970915103686,17.41103640667404,56.40549648193286
crosswind_mix,17,83de19fffffffff,83dee4fffffffff,-50.3652057488469,-52.50271807872833,-51.33369111063651,-51.69194427659555,111.82119921899312,74.72314576412838,50.07029561502511,85.24038802920218,14.940952094085787,72.94774841382986
crosswind_mix,18,83dee4fffffffff,83dee5fffffffff,-51.33369111063651,-51.69194427659555,-52.255031810702384,-50.88504065286426,110.24986530956193,74.89752672551408,48.63074415620077,84.04257300755279,17.818709431930408,72.38768409626303
crosswind_mix,19,83dee5fffffffff,83de52fffffffff,-52.255031810702384,-50.88504065286426,-53.13214509482192,-50.08301520295707,108.64679778875993,74.3853669799932,46.78817454825544,82.82056771280932,13.34909419706674,71.39648871349048
crosswind_mix,20,83de52fffffffff,83deecfffffffff,-53.13214509482192,-50.08301520295707,-52.35769049976527,-49.22781472931408,110.22973138699211,37.78962892539989,60.35749304339824,84.02722508261202,13.339881428906605,56.1744805961632
crosswind_mix,21,83deecfffffffff,83deedfffffffff,-52.35769049976527,-49.22781472931408,-53.191882236456415,-48.44882155245115,105.97212802184336,73.28570720343302,47.085469389103295,80.78168876700727,11.721398611694276,70.29445410963935
crosswind_mix,22,83deedfffffffff,83de5afffffffff,-53.191882236456415,-48.44882155245115,-53.98836448673039,-47.67624786220035,104.32180035352395,72.73162433264402,51.21359712202775,79.5236574473165,0.0,70.4656288249225
crosswind_mix,23,83de5afffffffff,83de5bfffffffff,-53.98836448673039,-47.67624786220035,-54.749349794867214,-46.91079253262034,102.6550962821683,72.59767142553974,50.80764805562855,78.25314252917497,0.0,69.93630808264807
crosswind_mix,24,83de5bfffffffff,83c3b5fffffffff,-54.749349794867214,-46.91079253262034,-54.00718833446861,-46.11264903755499,105.36511095763537,35.67709092432971,56.06285169512274,80.31896461045352,0.0,53.14680518432546
crosswind_mix,25,83c3b5fffffffff,83c3a2fffffffff,-54.00718833446861,-46.11264903755499,-54.73555874222228,-45.371437022524645,99.93772580764336,72.31434818526203,49.591308860143954,76.18171318227648,0.0,68.92994981934275
crosswind_mix,26,83c3a2fffffffff,83c3a3fffffffff,-54.73555874222228,-45.371437022524645,-55.43326443230958,-44.638275176876455,98.25939101605717,71.80427139949222,44.84097524782123,74.90233226097602,0.0,67.34103042760316
crosswind_mix,27,83c3a3fffffffff,83c3aefffffffff,-55.43326443230958,-44.638275176876455,-56.10200756030591,-43.91362644315471,96.57741363696452,71.0175854246732,43.075252210984885,73.6201746249323,0.0,66.20989554201327
crosswind_mix,28,83c3aefffffffff,83c3aafffffffff,-56.10200756030591,-43.91362644315471,-55.39309310891529,-43.17034579442026,100.47715825194564,40.06152848812856,47.44334131895727,76.59291813436984,0.0,52.49730794816668
crosswind_mix,29,83c3aafffffffff,83c3abfffffffff,-55.39309310891529,-43.17034579442026,-56.036572252749146,-42.47021681912311,93.88839407042884,70.28431779793394,39.863312119269175,71.57035694393318,0.0,64.58592840600076
crosswind_mix,30,83c3abfffffffff,83c3a9fffffffff,-56.036572252749146,-42.47021681912311,-57.35888724351914,-42.491421785866834,108.46329572010944,73.35738045926978,13.61783257158058,82.6806855827197,0.0,64.20646241876692
crosswind_mix,31,83c3a9fffffffff,83c3adfffffffff,-57.35888724351914,-42.491421785866834,-58.08972343870734,-43.20953607777423,99.6268871158208,55.22074301599284,40.54389465802819,75.9447633830389,0.0,58.502579454513736
crosswind_mix,32,83c3adfffffffff,83c31efffffffff,-58.08972343870734,-43.20953607777423,-59.43065154215923,-43.20543813990415,108.67903525636802,71.69086651076081,18.624664006901625,82.8451420714031,0.0,64.42390867818166
crosswind_mix,33,83c31efffffffff,83c31cfffffffff,-59.43065154215923,-43.20543813990415,-60.72590580810889,-43.132568235371714,105.35466651755216,69.54703902479538,17.984850507014404,80.31100289897431,0.0,62.463790483492865
crosswind_mix,34,83c31cfffffffff,83c31dfffffffff,-60.72590580810889,-43.132568235371714,-61.10582028927719,-42.19199865246609,109.102420686805,64.87391316062904,33.24294021248033,83.16788533143271,0.0,64.0359102222404
crosswind_mix,35,83c31dfffffffff,83c30afffffffff,-61.10582028927719,-42.19199865246609,-61.47362441961694,-41.25270455108213,108.81388490411317,64.32738871883143,30.052694230198675,82.9479368578987,0.0,63.05861426282506
crosswind_mix,36,83c30afffffffff,83c30bfffffffff,-61.47362441961694,-41.25270455108213,-61.82985925428938,-40.3153049359237,108.46329572010391,64.07237565970492,26.522256588531025,82.68068558271548,0.0,62.1448448223733
crosswind_mix,37,83c30bfffffffff,83c356fffffffff,-61.82985925428938,-40.3153049359237,-62.17503592316898,-39.38040436754102,108.05186432887764,,,82.36705478926604,0.0,
crosswind_mix,38,83c356fffffffff,83c350fffffffff,-62.17503592316898,-39.38040436754102,-62.50963752582108,-38.44859145060387,107.58099712822288,,,82.00811656311242,0.0,
crosswind_mix,39,83c350fffffffff,83c351fffffffff,-62.50963752582108,-38.44859145060387,-62.45386969224467,-37.57247150360533,97.54266186994847,,,74.35597547932056,0.0,
crosswind_mix,40,83c351fffffffff,83c35cfffffffff,-62.45386969224467,-37.57247150360533,-62.39858482318752,-36.68307834521445,99.01751557668916,,,75.48024442945655,0.0,
crosswind_mix,41,83c35cfffffffff,83c35dfffffffff,-62.39858482318752,-36.68307834521445,-62.343776773414895,-35.780548893582406,100.4771582519453,,,76.59291813436957,0.0,
crosswind_mix,42,83c35dfffffffff,83c34afffffffff,-62.343776773414895,-35.780548893582406,-62.28943949974828,-34.865050234601895,101.91823516318276,,,77.69143930881376,0.0,
crosswind_mix,43,83c34afffffffff,83c34bfffffffff,-62.28943949974828,-34.865050234601895,-62.2355670589937,-33.93678079400253,103.33726125132571,,,78.77315132068351,0.0,
crosswind_mix,44,83c34bfffffffff,83c2e9fffffffff,-62.2355670589937,-33.93678079400253,-61.23482591573246,-33.379000583963,111.47016384910614,,,84.97279663016397,0.0,
crosswind_mix,45,83c2e9fffffffff,83c2ebfffffffff,-61.23482591573246,-33.379000583963,-60.25148577742109,-32.81593625576219,110.95283880848672,,,84.57844397156602,0.0,
crosswind_mix,46,83c2ebfffffffff,83c2eafffffffff,-60.25148577742109,-32.81593625576219,-59.325709366219975,-33.18202815139875,95.45039595259593,,,72.7610582373213,0.0,
crosswind_mix,47,83c2eafffffffff,83c2c1fffffffff,-59.325709366219975,-33.18202815139875,-58.33622779805886,-32.781360646465494,102.48412189095448,,,78.12281014540594,0.0,
crosswind_mix,48,83c2c1fffffffff,83c2cefffffffff,-58.33622779805886,-32.781360646465494,-58.2879029854873,-31.897011792474537,98.43998568111505,,,75.03999810102296,0.0,
crosswind_mix,49,83c2cefffffffff,83c2c8fffffffff,-58.2879029854873,-31.897011792474537,-59.2459479149998,-31.303001915164167,112.22854389541384,,,85.55090355329105,0.0,
crosswind_mix,50,83c2c8fffffffff,83c2cbfffffffff,-59.2459479149998,-31.303001915164167,-59.19666413301351,-30.39917003187235,100.61171212456664,,,76.69548745390095,0.0,
crosswind_mix,51,83c2cbfffffffff,83b269fffffffff,-59.19666413301351,-30.39917003187235,-60.12013783354664,-29.94889114624532,101.9178307220282,,,77.6911310066207,0.0,
crosswind_mix,52,83b269fffffffff,83b26dfffffffff,-60.12013783354664,-29.94889114624532,-60.077084424360365,-28.970936502893444,108.82360129315116,,,82.9553435820049,0.0,
crosswind_mix,53,83b26dfffffffff,83a96cfffffffff,-60.077084424360365,-28.970936502893444,-60.03438815542268,-27.98247670316399,109.99106002172311,,,83.84528784773094,0.0,
crosswind_mix,54,83a96cfffffffff,83a96efffffffff,-60.03438815542268,-27.98247670316399,-59.049659346111376,-27.60189324168109,105.7061624932829,,,80.57894541409001,0.0,
crosswind_mix,55,83a96efffffffff,83a96afffffffff,-59.049659346111376,-27.60189324168109,-59.0009381572959,-26.64145171692325,106.90516530164346,,,81.49293547453107,0.0,
crosswind_mix,56,83a96afffffffff,83a94cfffffffff,-59.0009381572959,-26.64145171692325,-58.95235628771326,-25.66738184378833,108.42025856935636,,,82.64787871375849,0.0,
crosswind_mix,57,83a94cfffffffff,83a94efffffffff,-58.95235628771326,-25.66738184378833,-57.95354743255163,-25.302659102153395,108.14757689817752,,,82.44001570010742,0.0,
crosswind_mix,58,83a94efffffffff,83a95dfffffffff,-57.95354743255163,-25.302659102153395,-56.946351118067625,-24.92578323526011,109.72499072747092,,,83.64246539507333,0.0,
crosswind_mix,59,83a95dfffffffff,83a959fffffffff,-56.946351118067625,-24.92578323526011,-56.900422018252286,-23.918423420629843,112.10993262126895,,,85.46048714653308,0.0,
crosswind_mix,60,83a959fffffffff,83a95bfffffffff,-56.900422018252286,-23.918423420629843,-55.88669513608247,-23.51961629805521,112.3236020889162,,,85.62336563879978,0.0,
crosswind_mix,61,83a95bfffffffff,83a874fffffffff,-55.88669513608247,-23.51961629805521,-54.865705282191975,-23.108820911599288,113.82610052152852,,,86.76870793796724,0.0,
crosswind_mix,62,83a874fffffffff,83a876fffffffff,-54.865705282191975,-23.108820911599288,-53.83802913828195,-22.686108394880225,115.28484880398854,,,87.88069985454743,0.0,
crosswind_mix,63,83a876fffffffff,83a872fffffffff,-53.83802913828195,-22.686108394880225,-53.796370760633714,-21.637356761677697,116.69490069218728,,,88.95557090700306,0.0,
crosswind_mix,64,83a872fffffffff,83a809fffffffff,-53.796370760633714,-21.637356761677697,-52.76408034601325,-21.19381766967376,117.69207243551745,,,89.71570679292532,0.0,
crosswind_mix,65,83a809fffffffff,83a80bfffffffff,-52.76408034601325,-21.19381766967376,-51.72637199061283,-20.738894491172527,119.03122373566792,,,90.73653090545416,0.0,
crosswind_mix,66,83a80bfffffffff,83a8e5fffffffff,-51.72637199061283,-20.738894491172527,-51.687817542949006,-19.6605138404928,119.97810001118924,,,91.45832696653032,0.0,
crosswind_mix,67,83a8e5fffffffff,83a852fffffffff,-51.687817542949006,-19.6605138404928,-52.68407532781328,-19.04269448101394,125.07514691049138,,,95.34376424080487,0.0,
crosswind_mix,68,83a852fffffffff,83a8ecfffffffff,-52.68407532781328,-19.04269448101394,-52.64425705591377,-17.95049212575175,121.52008905406736,,,92.63377263577496,0.0,
crosswind_mix,69,83a8ecfffffffff,83a8edfffffffff,-52.64425705591377,-17.95049212575175,-53.63100006058626,-17.32584296968953,125.5294043205322,,,95.690040959061,0.0,
crosswind_mix,70,83a8edfffffffff,83a85efffffffff,-53.63100006058626,-17.32584296968953,-54.651574801355245,-17.7933118737032,120.03330344416482,,,91.5004080931883,0.0,
crosswind_mix,71,83a85efffffffff,83a85cfffffffff,-54.651574801355245,-17.7933118737032,-55.66569354393976,-18.25019983740118,118.65812362642816,,,90.45211973559137,0.0,
crosswind_mix,72,83a85cfffffffff,83a85dfffffffff,-55.66569354393976,-18.25019983740118,-56.62766024007269,-17.618283436698157,123.66885638379254,,,94.27176044353884,0.0,
crosswind_mix,73,83a85dfffffffff,83a859fffffffff,-56.62766024007269,-17.618283436698157,-56.58266381441218,-16.530418459329255,121.0597477306473,,,92.28285819997686,0.0,
crosswind_mix,74,83a859fffffffff,838ba6fffffffff,-56.58266381441218,-16.530418459329255,-56.537798528377714,-15.433369142809653,122.08072518831948,,,93.06114098775672,0.0,
crosswind_mix,75,838ba6fffffffff,838ba2fffffffff,-56.537798528377714,-15.433369142809653,-56.4930638642842,-14.327834795751858,123.023944088479,,,93.78014906142812,0.0,
crosswind_mix,76,838ba2fffffffff,838ba3fffffffff,-56.4930638642842,-14.327834795751858,-57.44164920264474,-13.69383609977919,124.2708613170697,,,94.73066389356842,0.0,
crosswind_mix,77,838ba3fffffffff,838baefffffffff,-57.44164920264474,-13.69383609977919,-58.380051064077314,-13.059687761790496,123.60161039339704,,,94.22049937359186,0.0,
crosswind_mix,78,838baefffffffff,838ba8fffffffff,-58.380051064077314,-13.059687761790496,-59.30793738413245,-12.42608333736792,122.84552372180757,,,93.64414067130522,0.0,
crosswind_mix,79,838ba8fffffffff,838babfffffffff,-59.30793738413245,-12.42608333736792,-59.26008995657561,-11.317571359602224,123.37098976611468,,,94.04469915060744,0.0,
crosswind_mix,80,838babfffffffff,838b8cfffffffff,-59.26008995657561,-11.317571359602224,-58.28654741381298,-10.832397680502671,119.15000358242548,,,90.8270758137397,0.0,
crosswind_mix,81,838b8cfffffffff,838b8efffffffff,-58.28654741381298,-10.832397680502671,-57.30483113443089,-10.3384519960569,120.54380700426236,,,91.88956079282788,0.0,
crosswind_mix,82,838b8efffffffff,838b9dfffffffff,-57.30483113443089,-10.3384519960569,-56.315421156449055,-9.83604496365506,121.8744319976046,,,92.9038853712266,0.0,
crosswind_mix,83,838b9dfffffffff,838b9cfffffffff,-56.315421156449055,-9.83604496365506,-55.36173631102211,-10.46426400796044,125.60208242491916,,,95.74544288519346,0.0,
crosswind_mix,84,838b9cfffffffff,838b9efffffffff,-55.36173631102211,-10.46426400796044,-54.35713223015182,-9.952502497218596,123.79270747085693,,,94.36617111694376,0.0,
crosswind_mix,85,838b9efffffffff,838b9afffffffff,-54.35713223015182,-9.952502497218596,-54.31556856708164,-8.807271859678353,127.42562266936125,,,97.1355127387522,0.0,
crosswind_mix,86,838b9afffffffff,838b9bfffffffff,-54.31556856708164,-8.807271859678353,-55.27603635703976,-8.182669279647754,126.41496894540457,,,96.36509964897206,0.0,
crosswind_mix,87,838b9bfffffffff,838ab5fffffffff,-55.27603635703976,-8.182669279647754,-55.23337465737328,-7.03659372493685,127.52467389422743,,,97.21101867949808,0.0,
crosswind_mix,88,838ab5fffffffff,838ab1fffffffff,-55.23337465737328,-7.03659372493685,-55.19083780453898,-5.888205655132452,127.7815602972138,,,97.40684108904942,0.0,
crosswind_mix,89,838ab1fffffffff,838ab3fffffffff,-55.19083780453898,-5.888205655132452,-54.19161569556972,-5.35297124063777,125.57344815065063,,,95.72361521149088,0.0,
crosswind_mix,90,838ab3fffffffff,838a94fffffffff,-54.19161569556972,-5.35297124063777,-53.18641825907552,-4.8119537458992605,126.54684635965393,,,96.46562872611858,0.0,
crosswind_mix,91,838a94fffffffff,838a96fffffffff,-53.18641825907552,-4.8119537458992605,-52.1758157224856,-4.265670933255064,127.4306608969325,,,97.1393533385325,0.0,
crosswind_mix,92,838a96fffffffff,838a92fffffffff,-52.1758157224856,-4.265670933255064,-52.13754502203226,-3.103186409333297,129.3322982902536,,,98.58895601163634,0.0,
crosswind_mix,93,838a92fffffffff,83806cfffffffff,-52.13754502203226,-3.103186409333297,-52.09938985389531,-1.9416578279512209,129.22579161408845,,,98.50776684118006,0.0,
crosswind_mix,94,83806cfffffffff,83806efffffffff,-52.09938985389531,-1.9416578279512209,-51.08688729129876,-1.3849148777438434,128.4412613581238,,,97.90972582654106,0.0,
crosswind_mix,95,83806efffffffff,83806afffffffff,-51.08688729129876,-1.3849148777438434,-51.05029983954579,-0.2231647325025954,129.24493291535296,,,98.52235809899672,0.0,
crosswind_mix,96,83806afffffffff,83806bfffffffff,-51.05029983954579,-0.2231647325025954,-52.02342416238791,0.374728417478879,126.99806769767422,,,96.809591071439,0.0,
crosswind_mix,97,83806bfffffffff,83804dfffffffff,-52.02342416238791,0.374728417478879,-51.985612669253335,1.52771256439626,128.27506624960367,,,97.7830366509844,0.0,
crosswind_mix,98,83804dfffffffff,835f32fffffffff,-51.985612669253335,1.52771256439626,-52.95003497170006,2.1149413589011345,125.50769070252542,,,95.67348884517436,0.0,
crosswind_mix,99,835f32fffffffff,835f33fffffffff,-52.95003497170006,2.1149413589011345,-53.906633973344434,2.696377704600645,124.39592583205076,,,94.82599955317616,0.0,
crosswind_mix,100,835f33fffffffff,835f31fffffffff,-53.906633973344434,2.696377704600645,-54.89653379791206,2.137729917139999,126.30500124654682,,,96.28127216914906,0.0,
crosswind_mix,101,835f31fffffffff,835f35fffffffff,-54.89653379791206,2.137729917139999,-54.93821060599685,0.9989670835451288,126.7095329897606,,,96.58964341719964,0.0,
crosswind_mix,102,835f35fffffffff,838a9bfffffffff,-54.93821060599685,0.9989670835451288,-54.98000880658107,-0.1439054943242675,127.16676304532436,,,96.93818615888978,0.0,
crosswind_mix,103,838a9bfffffffff,838a9afffffffff,-54.98000880658107,-0.1439054943242675,-54.02804877604444,-0.7384782960487422,124.80045844448048,,,95.13437146382292,0.0,
crosswind_mix,104,838a9afffffffff,838a9efffffffff,-54.02804877604444,-0.7384782960487422,-54.0687594696441,-1.8902308854726424,128.14915616372946,,,97.68705641958223,0.0,
crosswind_mix,105,838a9efffffffff,838a9cfffffffff,-54.0687594696441,-1.8902308854726424,-55.06397133341082,-2.4383917194965568,126.26918617130865,,,96.25397062944177,0.0,
crosswind_mix,106,838a9cfffffffff,838a9dfffffffff,-55.06397133341082,-2.4383917194965568,-56.00945790346041,-1.837366387020034,124.51486005748444,,,94.9166621430672,0.0,
crosswind_mix,107,838a9dfffffffff,838a8afffffffff,-56.00945790346041,-1.837366387020034,-56.945666453067226,-1.2413461998826507,123.37574266674916,,,94.04832224799128,0.0,
crosswind_mix,108,838a8afffffffff,838a8bfffffffff,-56.945666453067226,-1.2413461998826507,-57.87224049566792,-0.6508676631037369,122.16097563069069,,,93.1223152453663,0.0,
crosswind_mix,109,838a8bfffffffff,838ad6fffffffff,-57.87224049566792,-0.6508676631037369,-58.78885098528281,-0.0664340659904402,120.87560982766333,,,92.14249137856136,0.0,
crosswind_mix,110,838ad6fffffffff,838ad2fffffffff,-58.78885098528281,-0.0664340659904402,-58.74244007890655,1.056276290418485,124.94647774310776,,,95.24568078407415,0.0,
crosswind_mix,111,838ad2fffffffff,838ad3fffffffff,-58.74244007890655,1.056276290418485,-59.64781461751533,1.6267021641922248,118.96484481745514,,,90.68593079755928,0.0,
crosswind_mix,112,838ad3fffffffff,835f2dfffffffff,-59.64781461751533,1.6267021641922248,-59.600561391706094,2.7376684307175942,123.64550958298676,,,94.25396336772651,0.0,
crosswind_mix,113,835f2dfffffffff,838adafffffffff,-59.600561391706094,2.7376684307175942,-60.494523555656514,3.292565586693607,116.87982574567316,,,89.09653776682528,0.0,
crosswind_mix,114,838adafffffffff,838adbfffffffff,-60.494523555656514,3.292565586693607,-61.377795611280746,3.839437011532366,115.35457509906708,,,87.93385164052224,0.0,
crosswind_mix,115,838adbfffffffff,835f75fffffffff,-61.377795611280746,3.839437011532366,-61.32887631825789,4.92800292570438,121.16462075081948,,,92.36280204779558,0.0,
crosswind_mix,116,835f75fffffffff,835f71fffffffff,-61.32887631825789,4.92800292570438,-61.28008533088924,6.010170439935985,120.45283182443526,,,91.82021115533828,0.0,
crosswind_mix,117,835f71fffffffff,835f73fffffffff,-61.28008533088924,6.010170439935985,-60.35076829952133,6.565613510701449,119.8526306314016,,,91.36268268178304,0.0,
crosswind_mix,118,835f73fffffffff,835f54fffffffff,-60.35076829952133,6.565613510701449,-59.41282391694443,7.123226316109987,120.69507034430788,,,92.00486760307608,0.0,
crosswind_mix,119,835f54fffffffff,835f56fffffffff,-59.41282391694443,7.123226316109987,-58.46664099373161,7.682455975451105,121.45893312889626,,,92.58715397287136,0.0,
crosswind_mix,120,835f56fffffffff,835f52fffffffff,-58.46664099373161,7.682455975451105,-58.42111456159281,8.761309332610232,120.06776441326062,64.7473024738676,71.0454132752629,91.52667740882885,0.0,74.04073711463504
crosswind_mix,121,835f52fffffffff,835f53fffffffff,-58.42111456159281,8.761309332610232,-59.31971409792852,9.270699496817624,113.78485907615618,18.47192768991655,61.56110652904461,86.73726992057001,5.579210473999007,47.5693661269382
crosswind_mix,122,835f53fffffffff,835f5efffffffff,-59.31971409792852,9.270699496817624,-60.20815739954283,9.770687460817436,112.17588171924558,15.54017394228847,58.49675775773015,85.51075960596803,12.921548206033682,45.122666404480675
crosswind_mix,123,835f5efffffffff,835f5cfffffffff,-60.20815739954283,9.770687460817436,-61.13447787401928,9.211322763489187,119.11999522724965,7.485974892503603,30.612247553853887,90.80420068936996,1.68159211823654,37.106697163833566
crosswind_mix,124,835f5cfffffffff,835f5dfffffffff,-61.13447787401928,9.211322763489187,-62.00271282703308,9.702090128689,109.75858045949316,,,83.66807057379947,0.0,
crosswind_mix,125,835f5dfffffffff,835f59fffffffff,-62.00271282703308,9.702090128689,-61.95360591246479,10.741764554605878,115.7315054673238,,,88.2211825855899,0.0,
crosswind_mix,126,835f59fffffffff,835f5bfffffffff,-61.95360591246479,10.741764554605878,-61.03803985519744,11.301221533173909,117.70975695348078,,,89.72918755671459,0.0,
crosswind_mix,127,835f5bfffffffff,835e74fffffffff,-61.03803985519744,11.301221533173909,-60.11371335536269,11.860984216563615,118.3730019167028,92.96501112965052,37.92564872550122,90.23477378203076,1.3566361727383172,81.13806744453473
crosswind_mix,128,835e74fffffffff,835e76fffffffff,-60.11371335536269,11.860984216563615,-59.18098792931129,12.420485921307188,118.95950211168902,94.41794808322636,34.98177161212917,90.68185809653468,18.0638124407086,81.40988579299942
crosswind_mix,129,835e76fffffffff,835e72fffffffff,-59.18098792931129,12.420485921307188,-59.13499437982485,13.449098941727607,114.4852632137238,59.80865085768784,88.56097637858225,87.27118228137917,15.649453234601566,73.79787538897412
crosswind_mix,130,835e72fffffffff,835e09fffffffff,-59.13499437982485,13.449098941727607,-58.19534112474788,14.006398581754956,118.92150097542884,94.32823295944544,34.9356041585405,90.65289014034218,20.15686249809504,81.34710435353347
crosswind_mix,131,835e09fffffffff,835e0bfffffffff,-58.19534112474788,14.006398581754956,-57.24812828753794,14.561812849096274,119.2988806157313,94.4985422928287,35.38126774646387,90.94056356182556,26.24656104923683,81.60769376425479
crosswind_mix,132,835e0bfffffffff,835ee4fffffffff,-57.24812828753794,14.561812849096274,-56.29378805092808,15.11475721501224,119.59405789850622,95.37270281750963,34.778649930597204,91.1655747966976,22.54440551490036,81.99175383388354
crosswind_mix,133,835ee4fffffffff,835ee6fffffffff,-56.29378805092808,15.11475721501224,-55.33277492992855,15.664647468967518,119.80579459544434,94.56912069701488,33.968619945093195,91.32697995361852,41.75200322324404,81.47637832361164
crosswind_mix,134,835ee6fffffffff,835ef5fffffffff,-55.33277492992855,15.664647468967518,-54.3655648209572,16.210902655225183,119.93319683058776,95.1018991895956,32.857478498225504,91.42409763823704,49.63061924010805,81.549674585914
crosswind_mix,135,835ef5fffffffff,835ef4fffffffff,-54.3655648209572,16.210902655225183,-53.43150389785098,15.739381078482008,112.77994149061814,87.62334895777516,51.911828612303744,85.97122944231623,65.71472677483916,79.9854090340432
crosswind_mix,136,835ef4fffffffff,835ef6fffffffff,-53.43150389785098,15.739381078482008,-52.45207830870964,16.280707873299132,120.75439564334778,95.98933162715304,30.09519135403814,92.05009079461249,61.7950827715948,81.62873132276789
crosswind_mix,137,835ef6fffffffff,835ef2fffffffff,-52.45207830870964,16.280707873299132,-52.41455730806087,17.290217994467245,112.32360208891592,60.163609672523584,85.57222165051958,85.62336563879958,67.16721545667879,72.88325885800559
crosswind_mix,138,835ef2fffffffff,835ef3fffffffff,-52.41455730806087,17.290217994467245,-53.3539162253349,17.75294376255277,112.10993262126946,13.879789909172631,49.91307735176882,85.46048714653348,75.63385497056159,42.56065656890012
crosswind_mix,139,835ef3fffffffff,835ed5fffffffff,-53.3539162253349,17.75294376255277,-53.3152904504399,18.73904087276488,109.7249907274688,58.35682280342412,81.8330222885165,83.64246539507172,75.25939243453684,70.63775547793688
crosswind_mix,140,835ed5fffffffff,835ed1fffffffff,-53.3152904504399,18.73904087276488,-53.276776116890815,19.71095394434096,108.14757689817864,57.11596838075885,77.80164838180156,82.44001570010829,76.27428385796793,68.85031857677222
crosswind_mix,141,835ed1fffffffff,835edcfffffffff,-53.276776116890815,19.71095394434096,-54.20614073755807,20.14377629805484,108.42025856935383,16.553820117394785,40.23504465908973,82.64787871375655,78.7236294437534,41.1182826046423
crosswind_mix,142,835edcfffffffff,835eddfffffffff,-54.20614073755807,20.14377629805484,-55.12754599290006,20.56575242681875,106.9051653016469,18.46043495446021,34.45558388243679,81.49293547453368,83.88372214818618,40.56921489607757
crosswind_mix,143,835eddfffffffff,835ecefffffffff,-55.12754599290006,20.56575242681875,-56.08252404128479,20.034300761553023,115.80544946902992,17.60927820907124,30.80406183131549,88.2775494949227,84.65762391818497,41.448716319275526
crosswind_mix,144,835ecefffffffff,835ec8fffffffff,-56.08252404128479,20.034300761553023,-56.987971569174,20.444444240198827,104.89720284459676,18.16162897223296,31.96864452634707,79.96228207265216,86.28898098445991,39.46322801318154
crosswind_mix,145,835ec8fffffffff,835ecbfffffffff,-56.987971569174,20.444444240198827,-56.94502808525103,21.377049179402967,103.7969679994546,52.540150915086585,66.53527880868505,79.12358202491346,84.35993409119459,63.314205826754346
crosswind_mix,146,835ecbfffffffff,834d65fffffffff,-56.94502808525103,21.377049179402967,-57.84043886010816,21.766381074910324,102.21202967304237,20.572341267279125,25.10107787494661,77.91539646717187,87.644052593222,38.68100514878044
crosswind_mix,147,834d65fffffffff,834d64fffffffff,-57.84043886010816,21.766381074910324,-58.02246800729683,22.730985627331656,108.88294756041893,43.618075195843694,58.29299151952943,83.00058275745036,87.31814507610352,58.36781072906284
crosswind_mix,148,834d64fffffffff,834d66fffffffff,-58.02246800729683,22.730985627331656,-58.97336915306511,23.1155693274506,106.36048773430066,23.500773065576453,18.463205592911905,81.07773220792885,89.85191296626499,39.766347313749264
crosswind_mix,149,834d66fffffffff,834d75fffffffff,-58.97336915306511,23.1155693274506,-59.91807865561736,23.48986864554201,105.07228841387789,26.521914408833904,14.135443729392351,80.09574837392664,92.4293626851894,40.11677046247341
crosswind_mix,150,834d75fffffffff,834d74fffffffff,-59.91807865561736,23.48986864554201,-60.17856191210068,24.458889177585984,110.95283880848716,41.64721329356206,43.46132798611017,84.57844397156634,92.60514717064343,54.889405435472966
crosswind_mix,151,834d74fffffffff,834d76fffffffff,-60.17856191210068,24.458889177585984,-61.125015475447455,24.81579098088853,103.56529629054492,29.29300837580256,10.446868130678917,78.94698057097828,92.69451413874025,40.41997198533055
crosswind_mix,152,834d76fffffffff,834d2bfffffffff,-61.125015475447455,24.81579098088853,-61.39927104442047,25.78137710010033,110.8517680072656,41.882987292688455,36.95166282443485,84.50139852423864,93.35392119472536,53.68224576850278
crosswind_mix,153,834d2bfffffffff,834d2afffffffff,-61.39927104442047,25.78137710010033,-61.67906576351242,26.75000446440115,111.26124118688516,42.48380996692367,29.627923101156544,84.8135365889536,91.44993054944324,52.61155058037922
crosswind_mix,154,834d2afffffffff,834d2efffffffff,-61.67906576351242,26.75000446440115,-60.99230726853423,27.38789546688072,98.259391016056,56.62709003442841,22.51827533975238,74.90233226097513,90.04194660517449,55.28789976345722
crosswind_mix,155,834d2efffffffff,834d2cfffffffff,-60.99230726853423,27.38789546688072,-60.01226513192994,27.043153441172908,104.2170346049642,59.891997011527614,0.2472525801356166,79.44379537177288,87.30730013092466,53.82858763332279
crosswind_mix,156,834d2cfffffffff,833ab6fffffffff,-60.01226513192994,27.043153441172908,-59.28887114921303,27.684955268275065,100.97599503019032,53.67605787557808,16.754931379233682,76.97317734136992,87.88738714383804,53.28096841604675
crosswind_mix,157,833ab6fffffffff,834d25fffffffff,-59.28887114921303,27.684955268275065,-59.5584873716962,28.68552885965048,114.35378406440007,44.10667994926234,14.580437754164748,87.17095679833677,87.62856185341097,51.120714564965155
crosswind_mix,158,834d25fffffffff,833b9afffffffff,-59.5584873716962,28.68552885965048,-58.810110699118354,29.34449333959119,103.26954494833149,50.84073547244194,12.051830466743148,78.72153173527892,82.78163426740849,51.44719335015328
crosswind_mix,159,833b9afffffffff,833b9bfffffffff,-58.810110699118354,29.34449333959119,-57.77911984259254,28.98844952352721,107.64929939657664,53.10859161464767,6.995744187437217,82.06018282513084,73.5194518449683,52.57149949235053
crosswind_mix,160,833b9bfffffffff,833b99fffffffff,-57.77911984259254,28.98844952352721,-56.9914642198769,29.64923089087427,105.9721280218456,50.78740858945532,12.640057276504672,80.78168876700897,83.79847928275201,52.15622238013128
crosswind_mix,161,833b99fffffffff,833b9dfffffffff,-56.9914642198769,29.64923089087427,-57.24705638319827,30.68042880964004,117.26727014596928,44.7876247805062,1.376179445741288,89.3918834727527,76.35752751616225,49.48661332122717
crosswind_mix,162,833b9dfffffffff,833b8efffffffff,-57.24705638319827,30.68042880964004,-56.43100834650871,31.35633884765052,108.14757689817569,44.5118879123837,4.909722894402186,82.44001570010603,67.98590652467495,47.969893245104096
crosswind_mix,163,833b8efffffffff,833b8cfffffffff,-56.43100834650871,31.35633884765052,-55.5910256306364,32.03675205544671,109.72499072747044,41.41417719979175,1.7278627558803692,83.64246539507296,53.18127940678174,46.145400769593834
crosswind_mix,164,833b8cfffffffff,833baafffffffff,-55.5910256306364,32.03675205544671,-55.84057620335725,33.087539357944095,119.15978644238903,44.51880339700067,19.45786460369298,90.83453320809024,42.22925502997345,53.401334581666
crosswind_mix,165,833baafffffffff,833baefffffffff,-55.84057620335725,33.087539357944095,-56.09616226028023,34.13781749110445,119.1597864423878,44.63781579969592,25.84840116497384,90.83453320808933,30.46874253814614,54.73894809526952
crosswind_mix,166,833baefffffffff,833bacfffffffff,-56.09616226028023,34.13781749110445,-55.2178328487668,34.8395542666961,112.10993262126908,32.53149784256344,8.604558694610912,85.46048714653318,23.59869889347229,43.62480680416385
crosswind_mix,167,833bacfffffffff,833badfffffffff,-55.2178328487668,34.8395542666961,-54.07173524154727,34.476689863456336,112.32360208891704,38.83909558518004,25.68644703344128,85.62336563880044,22.598598397488374,50.243846890918405
crosswind_mix,168,833badfffffffff,833b1efffffffff,-54.07173524154727,34.476689863456336,-53.14767802315186,35.17467283449653,114.62052575622192,32.722271437237566,6.110614152500081,87.37429181417694,23.307901829769666,43.79554609337188
crosswind_mix,169,833b1efffffffff,833b1cfffffffff,-53.14767802315186,35.17467283449653,-52.19625405141781,35.873810789915225,116.00399233683778,30.60352380839512,7.036239962727692,88.42889710352085,21.13512349882425,43.23767902779935
crosswind_mix,170,833b1cfffffffff,833b1dfffffffff,-52.19625405141781,35.873810789915225,-51.00812110375124,35.481431582240006,115.84714727971313,38.53416799718614,29.7145579901024,88.30933539587377,23.4778043581039,51.702796215375685
crosswind_mix,171,833b1dfffffffff,833b0efffffffff,-51.00812110375124,35.481431582240006,-50.0103064382686,36.17315393369526,118.35650497907707,30.68021288071732,4.555047418302219,90.22219830104568,20.416423496791506,43.31777541433281
crosswind_mix,172,833b0efffffffff,833b0cfffffffff,-50.0103064382686,36.17315393369526,-48.98396780501763,36.8636464346309,119.61105307758488,29.58629878607964,5.34498017939091,91.1785300830781,13.126697687131252,43.21570445384143
crosswind_mix,173,833b0cfffffffff,833b2afffffffff,-48.98396780501763,36.8636464346309,-49.17105698040224,37.968840852155445,123.99787286078774,41.42368918006351,34.53136021605951,94.52256702013572,16.547089407906483,55.97488673928437
crosswind_mix,174,833b2afffffffff,833b2efffffffff,-49.17105698040224,37.968840852155445,-49.36334534266104,39.07079861896575,123.66885638379443,41.734923694183294,36.82838263345493,94.27176044354027,13.796752912100631,56.51466650684472
crosswind_mix,175,833b2efffffffff,833b21fffffffff,-49.36334534266104,39.07079861896575,-49.5610481548615,40.16868570236206,123.24839174860344,44.15510018362152,34.31834288530524,93.95124368190152,6.421840879581295,57.126591773442264
crosswind_mix,176,833b21fffffffff,833b25fffffffff,-49.5610481548615,40.16868570236206,-49.7643924593189,41.26168430989771,122.73835670342106,46.87283427444727,28.6380438304647,93.56244812736008,0.0,57.2327603415246
crosswind_mix,177,833b25fffffffff,833b24fffffffff,-49.7643924593189,41.26168430989771,-51.058023692059166,41.6304176217828,115.35457509906732,59.76286994258528,11.922388942633852,87.9338516405224,0.0,58.64606825197613
crosswind_mix,178,833b24fffffffff,833b26fffffffff,-51.058023692059166,41.6304176217828,-52.10946353918996,40.9080927384992,119.0495247490056,60.987422878995,10.741587015084496,90.75048161863846,0.0,59.867173328105935
crosswind_mix,179,833b26fffffffff,833b35fffffffff,-52.10946353918996,40.9080927384992,-53.12874160304196,40.18314971033487,117.96214978019152,64.03342422968747,11.996102130516652,89.92158454972552,0.0,61.39240790586473
crosswind_mix,180,833b35fffffffff,833b31fffffffff,-53.12874160304196,40.18314971033487,-52.88623207027069,39.11163311319781,120.94285434563572,51.97065124052563,27.92029336514144,92.19375132609224,0.0,59.227509691118776
crosswind_mix,181,833b31fffffffff,833b33fffffffff,-52.88623207027069,39.11163311319781,-53.86488579264041,38.39137060349055,116.68894685854066,67.82717137177576,12.578836383273304,88.95103234818019,4.092268533835757,63.1146626669966
crosswind_mix,182,833b33fffffffff,833b32fffffffff,-53.86488579264041,38.39137060349055,-55.07418519306685,38.729665254991616,111.67245553678244,65.34287063083973,28.65904981794078,85.12700193356838,17.827639888268628,63.94134585907853
crosswind_mix,183,833b32fffffffff,833b36fffffffff,-55.07418519306685,38.729665254991616,-55.3413390397567,39.78395425250056,119.4668614990304,44.91739461289189,39.76859350586815,91.06861401892952,13.36240046909666,57.73300021329843
crosswind_mix,184,833b36fffffffff,832b65fffffffff,-55.3413390397567,39.78395425250056,-55.66276027483568,40.78358114141693,114.44834068351356,47.671700873070975,36.37033139069821,87.24303653778026,0.2852229727525695,57.282827676009205
crosswind_mix,185,832b65fffffffff,832b64fffffffff,-55.66276027483568,40.78358114141693,-56.04552976424304,41.74201885595132,111.27188823828337,50.55878234701059,31.1344574093286,84.8216527493855,0.0,56.952778480186666
crosswind_mix,186,832b64fffffffff,831a9efffffffff,-56.04552976424304,41.74201885595132,-55.02845767823758,42.51908694827584,120.41637011740715,39.8209554382701,14.68047556236207,91.79241669349211,0.0,50.3842978396551
crosswind_mix,187,831a9efffffffff,831a9cfffffffff,-55.02845767823758,42.51908694827584,-53.98130861490728,43.2902723821961,120.94285434563407,40.80605845353131,11.605240011116315,92.19375132609098,0.0,50.38220262681621
crosswind_mix,188,831a9cfffffffff,831a9dfffffffff,-53.98130861490728,43.2902723821961,-52.59402379563606,43.04507630135636,115.76456067771568,40.15141006541951,10.441946992980654,88.24638030283734,0.0,48.63800852215709
crosswind_mix,189,831a9dfffffffff,831a8efffffffff,-52.59402379563606,43.04507630135636,-51.51988862653275,43.77667183236794,118.935089065476,40.07209467705841,8.474225517719443,90.66324823054588,0.0,48.92986691123686
crosswind_mix,190,831a8efffffffff,831a8cfffffffff,-51.51988862653275,43.77667183236794,-50.410738609943024,44.5034830998101,119.8526306314024,39.96534209635371,7.238000178230273,91.36268268178368,0.0,48.83907588835801
crosswind_mix,191,831a8cfffffffff,831aaafffffffff,-50.410738609943024,44.5034830998101,-50.6534289046776,45.55694732748071,118.6822844614648,46.95685586170789,22.294122908110648,90.47053734305771,0.0,55.078413715393395
crosswind_mix,192,831aaafffffffff,831aaefffffffff,-50.6534289046776,45.55694732748071,-50.950465015580754,46.57820022356616,115.84714727971212,47.02831544956889,24.594776318517024,88.30933539587299,0.0,54.925913607249754
crosswind_mix,193,831aaefffffffff,831aa1fffffffff,-50.950465015580754,46.57820022356616,-51.2627912750652,47.61127112164907,117.280009206462,46.99165147367746,27.973101946625224,89.40159435465266,0.0,55.91092443255957
crosswind_mix,194,831aa1fffffffff,831a12fffffffff,-51.2627912750652,47.61127112164907,-50.03723224622118,48.363112222835824,123.72351954300768,35.67458832850785,9.19923158261476,94.31342972391631,0.0,47.97116939795177
crosswind_mix,195,831a12fffffffff,831a13fffffffff,-50.03723224622118,48.363112222835824,-48.51841136507847,48.05357816958284,117.69207243551736,37.29838213659014,16.984403614982092,89.71570679292526,0.0,48.96078382916907
crosswind_mix,196,831a13fffffffff,831a1efffffffff,-48.51841136507847,48.05357816958284,-47.04800970413656,47.715514839769455,115.91088543510482,36.31076205965134,18.921076384883246,88.35792247181107,0.0,48.44697304834564
crosswind_mix,197,831a1efffffffff,831a1cfffffffff,-47.04800970413656,47.715514839769455,-45.77312374718215,48.41166352352819,122.33939137502564,32.38288229732098,11.99586809635161,93.2583201119198,0.0,46.56811080150675
crosswind_mix,198,831a1cfffffffff,831a03fffffffff,-45.77312374718215,48.41166352352819,-44.45824945906462,49.09586409502015,122.79731395377068,30.9553161638704,13.729966825415897,93.60739075838208,0.0,46.305868674533
crosswind_mix,199,831a03fffffffff,831a0efffffffff,-44.45824945906462,49.09586409502015,-42.97682836643355,48.69231691576239,117.2255729065558,32.00019596712742,25.46061119543548,89.36009800727588,0.0,47.90024962483357
crosswind_mix,200,831a0efffffffff,831a08fffffffff,-42.97682836643355,48.69231691576239,-41.50184551984074,48.26481045119744,118.65812362642716,30.97776239835942,26.490201443106912,90.45211973559056,0.0,47.92255740847826
crosswind_mix,201,831a08fffffffff,831a0dfffffffff,-41.50184551984074,48.26481045119744,-40.110769143486095,48.90724332238583,124.78658108098809,27.15066417542934,16.881646840965598,95.12379286283156,0.0,45.48879931475726
crosswind_mix,202,831a0dfffffffff,831a76fffffffff,-40.110769143486095,48.90724332238583,-38.6817246741736,49.53346373670568,124.97881014471984,28.182990832347425,14.80085624301436,95.27032751008475,0.0,45.63276491780201
crosswind_mix,203,831a76fffffffff,831a74fffffffff,-38.6817246741736,49.53346373670568,-37.214986904635,50.14209468337727,125.07514691049472,30.405291072382894,12.332179791776271,95.34376424080742,0.0,46.27221076678893
crosswind_mix,204,831a74fffffffff,831b5bfffffffff,-37.214986904635,50.14209468337727,-35.711042727004134,50.73178216767016,125.07514691049082,31.61631557636901,11.626230267824898,95.34376424080445,0.0,46.736533113990816
crosswind_mix,205,831b5bfffffffff,831b59fffffffff,-35.711042727004134,50.73178216767016,-34.170608872690735,51.30120615934359,124.97881014472092,31.722195306624474,10.82451952763193,95.27032751008558,0.0,46.607099811864295
crosswind_mix,206,831b59fffffffff,831b4afffffffff,-34.170608872690735,51.30120615934359,-32.59464796665771,51.84909197191494,124.78658108098804,32.14013422130791,9.090383455580076,95.12379286283152,0.0,46.425281660619426
crosswind_mix,207,831b4afffffffff,831b48fffffffff,-32.59464796665771,51.84909197191494,-30.984382198089502,52.37422192611672,124.49934354076925,31.7585618932609,8.158279122482641,94.90483402894482,0.0,45.98238697981043
crosswind_mix,208,831b48fffffffff,831b4dfffffffff,-30.984382198089502,52.37422192611672,-29.34130387487544,52.8754471230616,124.11841058041998,31.734931032943905,6.843083247273495,94.6144519405745,0.0,45.620417748099
crosswind_mix,209,831b4dfffffffff,8318b6fffffffff,-29.34130387487544,52.8754471230616,-27.6671821260438,53.35169912592156,123.6455095829912,31.84856637332108,5.057998342445282,94.25396336772992,0.0,45.21207186546857
