"matrix","x","y"
"1",-5,54.5
"1",-5,53.5
"1",-5,52.5
"1",-5,51.5
"1",-5,50.5
"1",-5,49.5
"1",-5,48.5
"1",-5,47.5
"1",-6,46.5
"1",-7,46.5
"1",-8,45.5
"1",-9,45.5
"1",-10,45.5
"1",-11,44.5
"1",-12,44.5
"1",-13,44.5
"1",-14,44.5
"1",-15,43.5
"1",-16,43.5
"1",-17,43.5
"1",-18,42.5
"1",-18,41.5
"1",-18,40.5
"1",-18,39.5
"1",-18,38.5
"1",-18,37.5
"1",-18,36.5
"1",-18,35.5
"1",-18,34.5
"1",-18,33.5
"1",-18,32.5
"1",-18,31.5
"1",-18,30.5
"1",-18,29.5
"1",-18,28.5
"1",-18,27.5
"1",-18,26.5
"1",-18,25.5
"1",-18,24.5
"1",-18,23.5
"1",-18,22.5
"1",-18,21.5
"1",-18,20.5
"1",-18,19.5
"1",-18,18.5
"1",-18,17.5
"1",-18,16.5
"1",-18,15.5
"1",-18,14.5
"1",-18,13.5
"1",-18,12.5
"1",-18,11.5
"1",-18,10.5
"1",-18,9.5
"1",-17,8.5
"1",-16,8.5
"1",-15,7.5
"1",-14,7.5
"1",-13,6.5
"1",-12,5.5
"1",-11,5.5
"1",-11,4.5
"1",-11,3.5
"1",-11,2.5
"1",-11,1.5
"1",-10,0.5
"1",-9,-0.5
"1",-9,-1.5
"1",-8,-2.5
"1",-7,-3.5
"1",-6,-4.5
"1",-5,-5.5
"1",-4,-5.5
"1",-3,-6.5
"1",-2,-7.5
"1",-1,-7.5
"1",-1,-8.5
"1",0,-9.5
"1",1,-10.5
"1",2,-11.5
"1",3,-12.5
"1",4,-13.5
"1",5,-13.5
"1",6,-13.5
"1",7,-13.5
"1",8,-14.5
"1",9,-15.5
"1",10,-15.5
"1",10,-16.5
"1",10,-17.5
"1",10,-18.5
"1",11,-19.5
"1",11,-20.5
"1",12,-21.5
"1",13,-22.5
"1",13,-23.5
"1",13,-24.5
"1",13,-25.5
"1",13,-26.5
"1",13,-27.5
"1",14,-28.5
"1",15,-29.5
"1",15,-30.5
"1",15,-31.5
"1",15,-32.5
"1",15,-33.5
"1",15,-34.5
"1",15,-35.5
"1",15,-36.5
"1",15,-37.5
"1",15,-38.5
"1",15,-39.5
"1",15,-40.5
"1",15,-41.5
"1",16,-41.5
"1",17,-42.5
"1",18,-42.5
"1",19,-42.5
"1",20,-42.5
"1",21,-43.5
"1",22,-43.5
"1",23,-44.5
"1",24,-44.5
"1",25,-45.5
"2",-5,54.5
"2",-5,53.5
"2",-5,52.5
"2",-5,51.5
"2",-5,50.5
"2",-5,49.5
"2",-5,48.5
"2",-5,47.5
"2",-6,46.5
"2",-7,46.5
"2",-8,45.5
"2",-9,45.5
"2",-10,45.5
"2",-11,44.5
"2",-12,44.5
"2",-13,44.5
"2",-14,44.5
"2",-15,43.5
"2",-16,43.5
"2",-17,43.5
"2",-18,42.5
"2",-18,41.5
"2",-18,40.5
"2",-18,39.5
"2",-18,38.5
"2",-18,37.5
"2",-18,36.5
"2",-18,35.5
"2",-18,34.5
"2",-18,33.5
"2",-18,32.5
"2",-18,31.5
"2",-18,30.5
"2",-18,29.5
"2",-18,28.5
"2",-18,27.5
"2",-18,26.5
"2",-18,25.5
"2",-18,24.5
"2",-18,23.5
"2",-18,22.5
"2",-18,21.5
"2",-18,20.5
"2",-18,19.5
"2",-18,18.5
"2",-18,17.5
"2",-18,16.5
"2",-18,15.5
"2",-18,14.5
"2",-18,13.5
"2",-18,12.5
"2",-18,11.5
"2",-18,10.5
"2",-18,9.5
"2",-17,8.5
"2",-16,8.5
"2",-15,7.5
"2",-14,7.5
"2",-13,6.5
"2",-12,5.5
"2",-11,5.5
"2",-11,4.5
"2",-11,3.5
"2",-11,2.5
"2",-11,1.5
"2",-10,0.5
"2",-9,-0.5
"2",-9,-1.5
"2",-8,-2.5
"2",-7,-3.5
"2",-6,-4.5
"2",-5,-5.5
"2",-4,-5.5
"2",-3,-6.5
"2",-2,-7.5
"2",-1,-8.5
"2",0,-9.5
"2",1,-10.5
"2",2,-11.5
"2",3,-12.5
"2",4,-13.5
"2",5,-13.5
"2",6,-14.5
"2",7,-15.5
"2",8,-16.5
"2",9,-17.5
"2",10,-17.5
"2",10,-18.5
"2",11,-19.5
"2",11,-20.5
"2",12,-21.5
"2",13,-22.5
"2",13,-23.5
"2",13,-24.5
"2",13,-25.5
"2",13,-26.5
"2",13,-27.5
"2",14,-28.5
"2",15,-29.5
"2",15,-30.5
"2",15,-31.5
"2",15,-32.5
"2",15,-33.5
"2",15,-34.5
"2",15,-35.5
"2",15,-36.5
"2",15,-37.5
"2",15,-38.5
"2",15,-39.5
"2",15,-40.5
"2",15,-41.5
"2",16,-41.5
"2",17,-42.5
"2",18,-42.5
"2",19,-42.5
"2",20,-42.5
"2",21,-43.5
"2",22,-43.5
"2",23,-44.5
"2",24,-44.5
"2",25,-45.5
"3",-5,54.5
"3",-5,53.5
"3",-5,52.5
"3",-5,51.5
"3",-5,50.5
"3",-5,49.5
"3",-5,48.5
"3",-5,47.5
"3",-6,47.5
"3",-6,46.5
"3",-7,46.5
"3",-8,45.5
"3",-9,45.5
"3",-10,45.5
"3",-11,44.5
"3",-12,44.5
"3",-13,44.5
"3",-14,44.5
"3",-15,43.5
"3",-16,43.5
"3",-17,43.5
"3",-18,42.5
"3",-18,41.5
"3",-18,40.5
"3",-18,39.5
"3",-18,38.5
"3",-18,37.5
"3",-18,36.5
"3",-18,35.5
"3",-18,34.5
"3",-18,33.5
"3",-18,32.5
"3",-18,31.5
"3",-18,30.5
"3",-18,29.5
"3",-18,28.5
"3",-18,27.5
"3",-18,26.5
"3",-18,25.5
"3",-18,24.5
"3",-18,23.5
"3",-18,22.5
"3",-18,21.5
"3",-18,20.5
"3",-18,19.5
"3",-18,18.5
"3",-18,17.5
"3",-18,16.5
"3",-18,15.5
"3",-18,14.5
"3",-18,13.5
"3",-18,12.5
"3",-18,11.5
"3",-18,10.5
"3",-18,9.5
"3",-17,8.5
"3",-16,8.5
"3",-15,7.5
"3",-14,7.5
"3",-13,6.5
"3",-12,5.5
"3",-11,5.5
"3",-11,4.5
"3",-11,3.5
"3",-11,2.5
"3",-11,1.5
"3",-10,0.5
"3",-9,-0.5
"3",-9,-1.5
"3",-8,-2.5
"3",-7,-3.5
"3",-6,-4.5
"3",-5,-5.5
"3",-4,-5.5
"3",-3,-6.5
"3",-2,-7.5
"3",-1,-7.5
"3",-1,-8.5
"3",0,-9.5
"3",1,-10.5
"3",2,-11.5
"3",3,-12.5
"3",4,-13.5
"3",5,-13.5
"3",6,-13.5
"3",7,-13.5
"3",8,-14.5
"3",9,-15.5
"3",10,-15.5
"3",10,-16.5
"3",10,-17.5
"3",10,-18.5
"3",11,-19.5
"3",11,-20.5
"3",12,-21.5
"3",13,-22.5
"3",13,-23.5
"3",13,-24.5
"3",13,-25.5
"3",13,-26.5
"3",13,-27.5
"3",14,-28.5
"3",15,-29.5
"3",15,-30.5
"3",15,-31.5
"3",15,-32.5
"3",15,-33.5
"3",15,-34.5
"3",15,-35.5
"3",15,-36.5
"3",15,-37.5
"3",15,-38.5
"3",15,-39.5
"3",15,-40.5
"3",16,-40.5
"3",17,-41.5
"3",18,-41.5
"3",19,-41.5
"3",20,-41.5
"3",21,-42.5
"3",22,-42.5
"3",23,-43.5
"3",24,-44.5
"3",25,-45.5
"4",-5,54.5
"4",-5,53.5
"4",-5,52.5
"4",-5,51.5
"4",-5,50.5
"4",-5,49.5
"4",-5,48.5
"4",-5,47.5
"4",-6,46.5
"4",-7,46.5
"4",-8,45.5
"4",-9,45.5
"4",-10,45.5
"4",-11,44.5
"4",-12,44.5
"4",-13,44.5
"4",-14,44.5
"4",-15,43.5
"4",-16,43.5
"4",-17,43.5
"4",-18,42.5
"4",-18,41.5
"4",-18,40.5
"4",-18,39.5
"4",-18,38.5
"4",-18,37.5
"4",-18,36.5
"4",-18,35.5
"4",-18,34.5
"4",-18,33.5
"4",-18,32.5
"4",-18,31.5
"4",-18,30.5
"4",-18,29.5
"4",-18,28.5
"4",-18,27.5
"4",-18,26.5
"4",-18,25.5
"4",-18,24.5
"4",-18,23.5
"4",-18,22.5
"4",-18,21.5
"4",-18,20.5
"4",-18,19.5
"4",-18,18.5
"4",-18,17.5
"4",-18,16.5
"4",-18,15.5
"4",-18,14.5
"4",-18,13.5
"4",-18,12.5
"4",-18,11.5
"4",-18,10.5
"4",-18,9.5
"4",-17,8.5
"4",-16,8.5
"4",-15,7.5
"4",-14,7.5
"4",-13,6.5
"4",-12,5.5
"4",-11,5.5
"4",-11,4.5
"4",-11,3.5
"4",-11,2.5
"4",-11,1.5
"4",-11,0.5
"4",-11,-0.5
"4",-11,-1.5
"4",-10,-2.5
"4",-9,-3.5
"4",-8,-4.5
"4",-7,-5.5
"4",-6,-6.5
"4",-6,-7.5
"4",-5,-8.5
"4",-4,-9.5
"4",-3,-10.5
"4",-2,-11.5
"4",-1,-12.5
"4",0,-13.5
"4",1,-14.5
"4",1,-15.5
"4",1,-16.5
"4",2,-17.5
"4",3,-18.5
"4",3,-19.5
"4",4,-20.5
"4",5,-21.5
"4",6,-22.5
"4",7,-23.5
"4",8,-24.5
"4",8,-25.5
"4",9,-26.5
"4",10,-27.5
"4",11,-28.5
"4",12,-29.5
"4",13,-30.5
"4",13,-31.5
"4",13,-32.5
"4",13,-33.5
"4",13,-34.5
"4",13,-35.5
"4",13,-36.5
"4",13,-37.5
"4",13,-38.5
"4",14,-38.5
"4",15,-39.5
"4",15,-40.5
"4",15,-41.5
"4",15,-42.5
"4",16,-42.5
"4",17,-43.5
"4",18,-43.5
"4",19,-43.5
"4",20,-43.5
"4",21,-43.5
"4",22,-43.5
"4",23,-44.5
"4",24,-44.5
"4",25,-45.5
"5",-5,54.5
"5",-5,53.5
"5",-5,52.5
"5",-5,51.5
"5",-5,50.5
"5",-5,49.5
"5",-5,48.5
"5",-5,47.5
"5",-6,46.5
"5",-7,46.5
"5",-8,45.5
"5",-9,45.5
"5",-10,45.5
"5",-11,44.5
"5",-12,44.5
"5",-13,44.5
"5",-14,44.5
"5",-15,43.5
"5",-16,43.5
"5",-17,43.5
"5",-18,42.5
"5",-18,41.5
"5",-18,40.5
"5",-18,39.5
"5",-18,38.5
"5",-18,37.5
"5",-18,36.5
"5",-18,35.5
"5",-18,34.5
"5",-18,33.5
"5",-18,32.5
"5",-18,31.5
"5",-18,30.5
"5",-18,29.5
"5",-18,28.5
"5",-18,27.5
"5",-18,26.5
"5",-18,25.5
"5",-18,24.5
"5",-18,23.5
"5",-18,22.5
"5",-18,21.5
"5",-18,20.5
"5",-18,19.5
"5",-18,18.5
"5",-18,17.5
"5",-18,16.5
"5",-18,15.5
"5",-18,14.5
"5",-18,13.5
"5",-18,12.5
"5",-18,11.5
"5",-18,10.5
"5",-18,9.5
"5",-17,8.5
"5",-16,8.5
"5",-15,7.5
"5",-14,7.5
"5",-13,6.5
"5",-12,5.5
"5",-11,5.5
"5",-11,4.5
"5",-11,3.5
"5",-11,2.5
"5",-11,1.5
"5",-10,0.5
"5",-9,-0.5
"5",-9,-1.5
"5",-8,-2.5
"5",-7,-3.5
"5",-6,-4.5
"5",-5,-5.5
"5",-4,-5.5
"5",-3,-6.5
"5",-2,-7.5
"5",-1,-7.5
"5",-1,-8.5
"5",0,-9.5
"5",1,-10.5
"5",2,-11.5
"5",3,-12.5
"5",4,-13.5
"5",5,-13.5
"5",6,-14.5
"5",7,-15.5
"5",8,-16.5
"5",9,-17.5
"5",10,-17.5
"5",10,-18.5
"5",11,-19.5
"5",11,-20.5
"5",12,-21.5
"5",13,-22.5
"5",13,-23.5
"5",13,-24.5
"5",13,-25.5
"5",13,-26.5
"5",13,-27.5
"5",14,-28.5
"5",15,-29.5
"5",15,-30.5
"5",15,-31.5
"5",15,-32.5
"5",15,-33.5
"5",15,-34.5
"5",15,-35.5
"5",15,-36.5
"5",15,-37.5
"5",15,-38.5
"5",15,-39.5
"5",15,-40.5
"5",16,-40.5
"5",17,-41.5
"5",18,-41.5
"5",19,-41.5
"5",20,-41.5
"5",21,-42.5
"5",22,-42.5
"5",23,-43.5
"5",24,-44.5
"5",25,-45.5
"6",-5,54.5
"6",-5,53.5
"6",-5,52.5
"6",-5,51.5
"6",-5,50.5
"6",-5,49.5
"6",-5,48.5
"6",-5,47.5
"6",-6,47.5
"6",-6,46.5
"6",-7,46.5
"6",-8,45.5
"6",-9,44.5
"6",-10,44.5
"6",-11,43.5
"6",-12,43.5
"6",-13,43.5
"6",-14,43.5
"6",-15,42.5
"6",-16,42.5
"6",-17,42.5
"6",-18,41.5
"6",-18,40.5
"6",-18,39.5
"6",-18,38.5
"6",-18,37.5
"6",-18,36.5
"6",-18,35.5
"6",-18,34.5
"6",-18,33.5
"6",-18,32.5
"6",-18,31.5
"6",-18,30.5
"6",-18,29.5
"6",-18,28.5
"6",-18,27.5
"6",-18,26.5
"6",-18,25.5
"6",-18,24.5
"6",-18,23.5
"6",-18,22.5
"6",-18,21.5
"6",-18,20.5
"6",-18,19.5
"6",-18,18.5
"6",-18,17.5
"6",-18,16.5
"6",-18,15.5
"6",-18,14.5
"6",-18,13.5
"6",-18,12.5
"6",-18,11.5
"6",-18,10.5
"6",-18,9.5
"6",-17,8.5
"6",-16,8.5
"6",-15,7.5
"6",-14,7.5
"6",-13,6.5
"6",-12,5.5
"6",-11,5.5
"6",-11,4.5
"6",-11,3.5
"6",-11,2.5
"6",-11,1.5
"6",-10,0.5
"6",-9,-0.5
"6",-8,-1.5
"6",-7,-2.5
"6",-6,-3.5
"6",-5,-4.5
"6",-4,-4.5
"6",-3,-5.5
"6",-3,-6.5
"6",-2,-7.5
"6",-1,-7.5
"6",-1,-8.5
"6",0,-9.5
"6",1,-10.5
"6",2,-11.5
"6",3,-12.5
"6",4,-13.5
"6",5,-13.5
"6",6,-13.5
"6",7,-13.5
"6",8,-14.5
"6",9,-15.5
"6",10,-15.5
"6",10,-16.5
"6",10,-17.5
"6",10,-18.5
"6",11,-19.5
"6",11,-20.5
"6",12,-21.5
"6",13,-22.5
"6",13,-23.5
"6",13,-24.5
"6",13,-25.5
"6",13,-26.5
"6",13,-27.5
"6",14,-28.5
"6",15,-29.5
"6",15,-30.5
"6",15,-31.5
"6",15,-32.5
"6",15,-33.5
"6",15,-34.5
"6",15,-35.5
"6",15,-36.5
"6",15,-37.5
"6",15,-38.5
"6",15,-39.5
"6",16,-40.5
"6",17,-41.5
"6",18,-41.5
"6",19,-41.5
"6",20,-41.5
"6",21,-42.5
"6",22,-42.5
"6",23,-43.5
"6",24,-44.5
"6",25,-45.5
"7",-5,54.5
"7",-5,53.5
"7",-5,52.5
"7",-5,51.5
"7",-5,50.5
"7",-5,49.5
"7",-5,48.5
"7",-5,47.5
"7",-6,46.5
"7",-7,46.5
"7",-8,45.5
"7",-9,44.5
"7",-10,44.5
"7",-11,43.5
"7",-11,42.5
"7",-11,41.5
"7",-11,40.5
"7",-11,39.5
"7",-11,38.5
"7",-11,37.5
"7",-11,36.5
"7",-11,35.5
"7",-11,34.5
"7",-11,33.5
"7",-11,32.5
"7",-12,31.5
"7",-13,30.5
"7",-14,29.5
"7",-15,28.5
"7",-16,27.5
"7",-16,26.5
"7",-17,25.5
"7",-18,24.5
"7",-18,23.5
"7",-18,22.5
"7",-18,21.5
"7",-18,20.5
"7",-18,19.5
"7",-18,18.5
"7",-18,17.5
"7",-18,16.5
"7",-18,15.5
"7",-18,14.5
"7",-18,13.5
"7",-18,12.5
"7",-18,11.5
"7",-18,10.5
"7",-18,9.5
"7",-17,8.5
"7",-16,8.5
"7",-16,7.5
"7",-16,6.5
"7",-16,5.5
"7",-16,4.5
"7",-16,3.5
"7",-16,2.5
"7",-16,1.5
"7",-16,0.5
"7",-16,-0.5
"7",-15,-1.5
"7",-14,-2.5
"7",-13,-3.5
"7",-12,-4.5
"7",-11,-5.5
"7",-10,-6.5
"7",-9,-7.5
"7",-8,-8.5
"7",-7,-9.5
"7",-6,-10.5
"7",-5,-11.5
"7",-4,-12.5
"7",-3,-13.5
"7",-2,-14.5
"7",-1,-15.5
"7",-1,-16.5
"7",0,-17.5
"7",1,-18.5
"7",2,-19.5
"7",3,-20.5
"7",4,-21.5
"7",5,-22.5
"7",6,-23.5
"7",7,-24.5
"7",8,-25.5
"7",9,-26.5
"7",10,-27.5
"7",11,-28.5
"7",11,-29.5
"7",11,-30.5
"7",11,-31.5
"7",11,-32.5
"7",11,-33.5
"7",11,-34.5
"7",11,-35.5
"7",11,-36.5
"7",11,-37.5
"7",11,-38.5
"7",11,-39.5
"7",11,-40.5
"7",12,-41.5
"7",13,-41.5
"7",14,-41.5
"7",15,-42.5
"7",16,-42.5
"7",17,-43.5
"7",18,-43.5
"7",19,-43.5
"7",20,-43.5
"7",21,-43.5
"7",22,-43.5
"7",23,-44.5
"7",24,-44.5
"7",25,-45.5
"8",-5,54.5
"8",-5,53.5
"8",-5,52.5
"8",-5,51.5
"8",-5,50.5
"8",-5,49.5
"8",-5,48.5
"8",-5,47.5
"8",-6,46.5
"8",-7,46.5
"8",-8,45.5
"8",-9,45.5
"8",-10,45.5
"8",-11,44.5
"8",-12,44.5
"8",-13,44.5
"8",-14,44.5
"8",-15,43.5
"8",-16,43.5
"8",-17,43.5
"8",-18,42.5
"8",-18,41.5
"8",-18,40.5
"8",-18,39.5
"8",-18,38.5
"8",-18,37.5
"8",-18,36.5
"8",-18,35.5
"8",-18,34.5
"8",-18,33.5
"8",-18,32.5
"8",-18,31.5
"8",-18,30.5
"8",-18,29.5
"8",-18,28.5
"8",-18,27.5
"8",-18,26.5
"8",-18,25.5
"8",-18,24.5
"8",-18,23.5
"8",-18,22.5
"8",-18,21.5
"8",-18,20.5
"8",-18,19.5
"8",-18,18.5
"8",-18,17.5
"8",-18,16.5
"8",-18,15.5
"8",-18,14.5
"8",-18,13.5
"8",-18,12.5
"8",-18,11.5
"8",-18,10.5
"8",-18,9.5
"8",-17,8.5
"8",-16,8.5
"8",-15,7.5
"8",-14,7.5
"8",-13,6.5
"8",-12,5.5
"8",-11,5.5
"8",-11,4.5
"8",-11,3.5
"8",-11,2.5
"8",-11,1.5
"8",-11,0.5
"8",-11,-0.5
"8",-11,-1.5
"8",-10,-2.5
"8",-9,-3.5
"8",-8,-4.5
"8",-7,-5.5
"8",-6,-6.5
"8",-6,-7.5
"8",-5,-8.5
"8",-4,-9.5
"8",-3,-10.5
"8",-2,-11.5
"8",-1,-12.5
"8",0,-13.5
"8",1,-14.5
"8",1,-15.5
"8",1,-16.5
"8",2,-17.5
"8",3,-18.5
"8",3,-19.5
"8",4,-20.5
"8",5,-21.5
"8",6,-22.5
"8",7,-23.5
"8",8,-24.5
"8",8,-25.5
"8",9,-26.5
"8",10,-27.5
"8",11,-28.5
"8",12,-29.5
"8",13,-30.5
"8",13,-31.5
"8",13,-32.5
"8",13,-33.5
"8",13,-34.5
"8",13,-35.5
"8",13,-36.5
"8",13,-37.5
"8",14,-38.5
"8",15,-39.5
"8",16,-40.5
"8",17,-41.5
"8",18,-41.5
"8",19,-41.5
"8",20,-41.5
"8",21,-42.5
"8",22,-42.5
"8",23,-43.5
"8",24,-44.5
"8",25,-45.5
"9",-5,54.5
"9",-5,53.5
"9",-5,52.5
"9",-5,51.5
"9",-5,50.5
"9",-5,49.5
"9",-5,48.5
"9",-5,47.5
"9",-6,46.5
"9",-7,46.5
"9",-8,45.5
"9",-9,45.5
"9",-10,45.5
"9",-11,44.5
"9",-12,44.5
"9",-13,44.5
"9",-14,44.5
"9",-15,43.5
"9",-16,43.5
"9",-17,43.5
"9",-18,42.5
"9",-18,41.5
"9",-18,40.5
"9",-18,39.5
"9",-18,38.5
"9",-18,37.5
"9",-18,36.5
"9",-18,35.5
"9",-18,34.5
"9",-18,33.5
"9",-18,32.5
"9",-18,31.5
"9",-18,30.5
"9",-18,29.5
"9",-18,28.5
"9",-18,27.5
"9",-18,26.5
"9",-18,25.5
"9",-18,24.5
"9",-18,23.5
"9",-18,22.5
"9",-18,21.5
"9",-18,20.5
"9",-18,19.5
"9",-18,18.5
"9",-18,17.5
"9",-18,16.5
"9",-18,15.5
"9",-18,14.5
"9",-18,13.5
"9",-18,12.5
"9",-18,11.5
"9",-18,10.5
"9",-18,9.5
"9",-17,8.5
"9",-16,8.5
"9",-15,7.5
"9",-14,7.5
"9",-13,6.5
"9",-12,5.5
"9",-11,5.5
"9",-11,4.5
"9",-11,3.5
"9",-11,2.5
"9",-11,1.5
"9",-10,0.5
"9",-9,-0.5
"9",-8,-1.5
"9",-7,-2.5
"9",-6,-3.5
"9",-5,-4.5
"9",-4,-4.5
"9",-3,-5.5
"9",-3,-6.5
"9",-2,-7.5
"9",-1,-7.5
"9",-1,-8.5
"9",0,-9.5
"9",1,-10.5
"9",2,-11.5
"9",3,-12.5
"9",4,-13.5
"9",5,-13.5
"9",6,-13.5
"9",7,-13.5
"9",8,-14.5
"9",9,-15.5
"9",10,-15.5
"9",10,-16.5
"9",10,-17.5
"9",10,-18.5
"9",11,-19.5
"9",11,-20.5
"9",12,-21.5
"9",13,-22.5
"9",13,-23.5
"9",13,-24.5
"9",13,-25.5
"9",13,-26.5
"9",13,-27.5
"9",14,-28.5
"9",15,-29.5
"9",15,-30.5
"9",15,-31.5
"9",15,-32.5
"9",15,-33.5
"9",15,-34.5
"9",15,-35.5
"9",15,-36.5
"9",15,-37.5
"9",15,-38.5
"9",15,-39.5
"9",16,-40.5
"9",17,-41.5
"9",18,-41.5
"9",19,-41.5
"9",20,-41.5
"9",21,-42.5
"9",22,-42.5
"9",23,-43.5
"9",24,-44.5
"9",25,-45.5
"10",-5,54.5
"10",-5,53.5
"10",-5,52.5
"10",-5,51.5
"10",-5,50.5
"10",-5,49.5
"10",-5,48.5
"10",-5,47.5
"10",-6,47.5
"10",-6,46.5
"10",-7,46.5
"10",-8,45.5
"10",-9,44.5
"10",-10,44.5
"10",-11,43.5
"10",-12,43.5
"10",-13,43.5
"10",-14,43.5
"10",-15,42.5
"10",-16,42.5
"10",-17,42.5
"10",-18,41.5
"10",-18,40.5
"10",-18,39.5
"10",-18,38.5
"10",-18,37.5
"10",-18,36.5
"10",-18,35.5
"10",-18,34.5
"10",-18,33.5
"10",-18,32.5
"10",-18,31.5
"10",-18,30.5
"10",-18,29.5
"10",-18,28.5
"10",-18,27.5
"10",-18,26.5
"10",-18,25.5
"10",-18,24.5
"10",-18,23.5
"10",-18,22.5
"10",-18,21.5
"10",-18,20.5
"10",-18,19.5
"10",-18,18.5
"10",-18,17.5
"10",-18,16.5
"10",-18,15.5
"10",-18,14.5
"10",-18,13.5
"10",-18,12.5
"10",-18,11.5
"10",-18,10.5
"10",-18,9.5
"10",-17,8.5
"10",-16,8.5
"10",-15,7.5
"10",-14,7.5
"10",-13,6.5
"10",-12,5.5
"10",-11,5.5
"10",-11,4.5
"10",-11,3.5
"10",-11,2.5
"10",-11,1.5
"10",-10,0.5
"10",-9,-0.5
"10",-8,-1.5
"10",-7,-2.5
"10",-6,-3.5
"10",-5,-4.5
"10",-4,-4.5
"10",-3,-5.5
"10",-3,-6.5
"10",-2,-7.5
"10",-1,-7.5
"10",-1,-8.5
"10",0,-9.5
"10",1,-10.5
"10",2,-11.5
"10",3,-12.5
"10",3,-13.5
"10",3,-14.5
"10",3,-15.5
"10",3,-16.5
"10",3,-17.5
"10",3,-18.5
"10",3,-19.5
"10",4,-20.5
"10",5,-21.5
"10",6,-22.5
"10",7,-22.5
"10",8,-23.5
"10",8,-24.5
"10",8,-25.5
"10",8,-26.5
"10",9,-27.5
"10",10,-27.5
"10",11,-28.5
"10",12,-29.5
"10",13,-30.5
"10",13,-31.5
"10",13,-32.5
"10",13,-33.5
"10",13,-34.5
"10",13,-35.5
"10",13,-36.5
"10",13,-37.5
"10",14,-38.5
"10",15,-39.5
"10",16,-40.5
"10",17,-41.5
"10",18,-41.5
"10",19,-41.5
"10",20,-41.5
"10",21,-42.5
"10",22,-42.5
"10",23,-43.5
"10",24,-44.5
"10",25,-45.5
"11",-5,54.5
"11",-5,53.5
"11",-5,52.5
"11",-5,51.5
"11",-5,50.5
"11",-5,49.5
"11",-5,48.5
"11",-6,47.5
"11",-7,46.5
"11",-8,45.5
"11",-9,44.5
"11",-10,44.5
"11",-11,43.5
"11",-11,42.5
"11",-11,41.5
"11",-11,40.5
"11",-11,39.5
"11",-11,38.5
"11",-11,37.5
"11",-11,36.5
"11",-11,35.5
"11",-11,34.5
"11",-11,33.5
"11",-11,32.5
"11",-12,31.5
"11",-13,30.5
"11",-14,29.5
"11",-15,28.5
"11",-16,27.5
"11",-16,26.5
"11",-17,25.5
"11",-18,24.5
"11",-18,23.5
"11",-18,22.5
"11",-18,21.5
"11",-18,20.5
"11",-18,19.5
"11",-18,18.5
"11",-18,17.5
"11",-18,16.5
"11",-18,15.5
"11",-18,14.5
"11",-18,13.5
"11",-18,12.5
"11",-18,11.5
"11",-18,10.5
"11",-18,9.5
"11",-18,8.5
"11",-18,7.5
"11",-18,6.5
"11",-18,5.5
"11",-18,4.5
"11",-18,3.5
"11",-18,2.5
"11",-18,1.5
"11",-18,0.5
"11",-17,-0.5
"11",-16,-1.5
"11",-15,-2.5
"11",-14,-3.5
"11",-13,-4.5
"11",-12,-5.5
"11",-11,-6.5
"11",-10,-7.5
"11",-9,-8.5
"11",-8,-9.5
"11",-7,-10.5
"11",-6,-11.5
"11",-5,-12.5
"11",-4,-13.5
"11",-3,-14.5
"11",-2,-15.5
"11",-1,-16.5
"11",0,-17.5
"11",1,-18.5
"11",2,-19.5
"11",3,-20.5
"11",4,-21.5
"11",5,-22.5
"11",6,-23.5
"11",7,-24.5
"11",8,-25.5
"11",9,-26.5
"11",10,-27.5
"11",11,-28.5
"11",11,-29.5
"11",11,-30.5
"11",11,-31.5
"11",11,-32.5
"11",11,-33.5
"11",11,-34.5
"11",11,-35.5
"11",11,-36.5
"11",11,-37.5
"11",11,-38.5
"11",11,-39.5
"11",11,-40.5
"11",12,-41.5
"11",13,-41.5
"11",14,-41.5
"11",15,-42.5
"11",16,-42.5
"11",17,-43.5
"11",18,-43.5
"11",19,-43.5
"11",20,-43.5
"11",21,-43.5
"11",22,-43.5
"11",23,-44.5
"11",24,-44.5
"11",25,-45.5
"12",-5,54.5
"12",-5,53.5
"12",-5,52.5
"12",-5,51.5
"12",-5,50.5
"12",-5,49.5
"12",-5,48.5
"12",-5,47.5
"12",-6,46.5
"12",-7,46.5
"12",-8,45.5
"12",-9,45.5
"12",-10,45.5
"12",-11,44.5
"12",-12,44.5
"12",-13,44.5
"12",-14,44.5
"12",-15,43.5
"12",-16,43.5
"12",-17,43.5
"12",-18,42.5
"12",-18,41.5
"12",-18,40.5
"12",-18,39.5
"12",-18,38.5
"12",-18,37.5
"12",-18,36.5
"12",-18,35.5
"12",-18,34.5
"12",-18,33.5
"12",-18,32.5
"12",-18,31.5
"12",-18,30.5
"12",-18,29.5
"12",-18,28.5
"12",-18,27.5
"12",-18,26.5
"12",-18,25.5
"12",-18,24.5
"12",-18,23.5
"12",-18,22.5
"12",-18,21.5
"12",-18,20.5
"12",-18,19.5
"12",-18,18.5
"12",-18,17.5
"12",-18,16.5
"12",-18,15.5
"12",-18,14.5
"12",-18,13.5
"12",-18,12.5
"12",-18,11.5
"12",-18,10.5
"12",-18,9.5
"12",-17,8.5
"12",-16,8.5
"12",-16,7.5
"12",-16,6.5
"12",-16,5.5
"12",-16,4.5
"12",-16,3.5
"12",-16,2.5
"12",-16,1.5
"12",-16,0.5
"12",-16,-0.5
"12",-15,-1.5
"12",-14,-2.5
"12",-13,-3.5
"12",-12,-4.5
"12",-11,-5.5
"12",-10,-6.5
"12",-9,-7.5
"12",-8,-8.5
"12",-7,-9.5
"12",-6,-10.5
"12",-5,-11.5
"12",-4,-12.5
"12",-3,-13.5
"12",-2,-14.5
"12",-1,-15.5
"12",-1,-16.5
"12",0,-17.5
"12",1,-18.5
"12",2,-19.5
"12",3,-20.5
"12",4,-21.5
"12",5,-22.5
"12",6,-23.5
"12",7,-24.5
"12",8,-25.5
"12",9,-26.5
"12",10,-27.5
"12",11,-28.5
"12",12,-29.5
"12",13,-30.5
"12",13,-31.5
"12",13,-32.5
"12",13,-33.5
"12",13,-34.5
"12",13,-35.5
"12",13,-36.5
"12",13,-37.5
"12",14,-38.5
"12",15,-39.5
"12",16,-40.5
"12",17,-41.5
"12",18,-42.5
"12",19,-42.5
"12",20,-42.5
"12",21,-43.5
"12",22,-43.5
"12",23,-44.5
"12",24,-44.5
"12",25,-45.5
"13",-5,54.5
"13",-5,53.5
"13",-5,52.5
"13",-5,51.5
"13",-5,50.5
"13",-5,49.5
"13",-5,48.5
"13",-5,47.5
"13",-6,46.5
"13",-7,46.5
"13",-8,45.5
"13",-9,45.5
"13",-10,45.5
"13",-11,44.5
"13",-12,44.5
"13",-13,44.5
"13",-14,44.5
"13",-15,43.5
"13",-16,43.5
"13",-17,43.5
"13",-18,42.5
"13",-18,41.5
"13",-18,40.5
"13",-18,39.5
"13",-18,38.5
"13",-18,37.5
"13",-18,36.5
"13",-18,35.5
"13",-18,34.5
"13",-18,33.5
"13",-18,32.5
"13",-18,31.5
"13",-18,30.5
"13",-18,29.5
"13",-18,28.5
"13",-18,27.5
"13",-18,26.5
"13",-18,25.5
"13",-18,24.5
"13",-18,23.5
"13",-18,22.5
"13",-18,21.5
"13",-18,20.5
"13",-18,19.5
"13",-18,18.5
"13",-18,17.5
"13",-18,16.5
"13",-18,15.5
"13",-18,14.5
"13",-18,13.5
"13",-18,12.5
"13",-18,11.5
"13",-18,10.5
"13",-18,9.5
"13",-17,8.5
"13",-16,8.5
"13",-15,7.5
"13",-14,7.5
"13",-13,6.5
"13",-12,5.5
"13",-11,5.5
"13",-11,4.5
"13",-11,3.5
"13",-11,2.5
"13",-11,1.5
"13",-10,0.5
"13",-9,-0.5
"13",-9,-1.5
"13",-8,-2.5
"13",-7,-3.5
"13",-6,-4.5
"13",-5,-5.5
"13",-4,-5.5
"13",-3,-6.5
"13",-2,-7.5
"13",-1,-8.5
"13",0,-9.5
"13",1,-10.5
"13",2,-11.5
"13",3,-12.5
"13",4,-13.5
"13",5,-13.5
"13",6,-14.5
"13",7,-15.5
"13",8,-16.5
"13",9,-17.5
"13",10,-17.5
"13",10,-18.5
"13",11,-19.5
"13",11,-20.5
"13",12,-21.5
"13",13,-22.5
"13",13,-23.5
"13",13,-24.5
"13",13,-25.5
"13",13,-26.5
"13",13,-27.5
"13",14,-28.5
"13",15,-29.5
"13",15,-30.5
"13",15,-31.5
"13",15,-32.5
"13",15,-33.5
"13",15,-34.5
"13",15,-35.5
"13",15,-36.5
"13",15,-37.5
"13",15,-38.5
"13",15,-39.5
"13",16,-40.5
"13",17,-41.5
"13",18,-41.5
"13",19,-41.5
"13",20,-41.5
"13",21,-42.5
"13",22,-42.5
"13",23,-43.5
"13",24,-44.5
"13",25,-45.5
"14",-5,54.5
"14",-5,53.5
"14",-5,52.5
"14",-5,51.5
"14",-5,50.5
"14",-5,49.5
"14",-5,48.5
"14",-5,47.5
"14",-6,47.5
"14",-6,46.5
"14",-7,46.5
"14",-8,45.5
"14",-9,44.5
"14",-10,44.5
"14",-11,43.5
"14",-12,43.5
"14",-13,43.5
"14",-14,43.5
"14",-15,42.5
"14",-16,42.5
"14",-17,42.5
"14",-18,41.5
"14",-18,40.5
"14",-18,39.5
"14",-18,38.5
"14",-18,37.5
"14",-18,36.5
"14",-18,35.5
"14",-18,34.5
"14",-18,33.5
"14",-18,32.5
"14",-18,31.5
"14",-18,30.5
"14",-18,29.5
"14",-18,28.5
"14",-18,27.5
"14",-18,26.5
"14",-18,25.5
"14",-18,24.5
"14",-18,23.5
"14",-18,22.5
"14",-18,21.5
"14",-18,20.5
"14",-18,19.5
"14",-18,18.5
"14",-18,17.5
"14",-18,16.5
"14",-18,15.5
"14",-18,14.5
"14",-18,13.5
"14",-18,12.5
"14",-18,11.5
"14",-18,10.5
"14",-18,9.5
"14",-17,8.5
"14",-16,8.5
"14",-15,7.5
"14",-14,7.5
"14",-13,6.5
"14",-12,5.5
"14",-11,5.5
"14",-11,4.5
"14",-11,3.5
"14",-11,2.5
"14",-11,1.5
"14",-10,0.5
"14",-9,-0.5
"14",-8,-1.5
"14",-7,-2.5
"14",-6,-3.5
"14",-5,-4.5
"14",-4,-4.5
"14",-3,-5.5
"14",-3,-6.5
"14",-2,-7.5
"14",-1,-7.5
"14",-1,-8.5
"14",0,-9.5
"14",1,-10.5
"14",2,-11.5
"14",3,-12.5
"14",3,-13.5
"14",3,-14.5
"14",3,-15.5
"14",3,-16.5
"14",3,-17.5
"14",3,-18.5
"14",3,-19.5
"14",4,-20.5
"14",5,-21.5
"14",6,-22.5
"14",7,-22.5
"14",8,-23.5
"14",8,-24.5
"14",8,-25.5
"14",8,-26.5
"14",9,-27.5
"14",10,-27.5
"14",11,-28.5
"14",12,-29.5
"14",13,-30.5
"14",13,-31.5
"14",13,-32.5
"14",13,-33.5
"14",13,-34.5
"14",13,-35.5
"14",13,-36.5
"14",13,-37.5
"14",14,-38.5
"14",15,-39.5
"14",16,-40.5
"14",17,-41.5
"14",18,-41.5
"14",19,-41.5
"14",20,-41.5
"14",21,-42.5
"14",22,-42.5
"14",23,-43.5
"14",24,-44.5
"14",25,-45.5
"15",-5,54.5
"15",-5,53.5
"15",-5,52.5
"15",-5,51.5
"15",-5,50.5
"15",-5,49.5
"15",-5,48.5
"15",-5,47.5
"15",-6,47.5
"15",-6,46.5
"15",-7,46.5
"15",-8,45.5
"15",-9,44.5
"15",-10,44.5
"15",-11,43.5
"15",-12,43.5
"15",-13,43.5
"15",-14,43.5
"15",-15,42.5
"15",-16,42.5
"15",-17,42.5
"15",-18,41.5
"15",-18,40.5
"15",-18,39.5
"15",-18,38.5
"15",-18,37.5
"15",-18,36.5
"15",-18,35.5
"15",-18,34.5
"15",-18,33.5
"15",-18,32.5
"15",-18,31.5
"15",-18,30.5
"15",-18,29.5
"15",-18,28.5
"15",-18,27.5
"15",-18,26.5
"15",-18,25.5
"15",-18,24.5
"15",-18,23.5
"15",-18,22.5
"15",-18,21.5
"15",-18,20.5
"15",-18,19.5
"15",-18,18.5
"15",-18,17.5
"15",-18,16.5
"15",-18,15.5
"15",-18,14.5
"15",-18,13.5
"15",-18,12.5
"15",-18,11.5
"15",-18,10.5
"15",-18,9.5
"15",-17,8.5
"15",-16,8.5
"15",-15,7.5
"15",-14,7.5
"15",-13,6.5
"15",-12,5.5
"15",-11,5.5
"15",-11,4.5
"15",-11,3.5
"15",-11,2.5
"15",-11,1.5
"15",-10,0.5
"15",-9,-0.5
"15",-8,-1.5
"15",-7,-2.5
"15",-6,-2.5
"15",-5,-3.5
"15",-4,-3.5
"15",-4,-4.5
"15",-3,-5.5
"15",-3,-6.5
"15",-2,-7.5
"15",-1,-7.5
"15",-1,-8.5
"15",0,-9.5
"15",1,-10.5
"15",2,-11.5
"15",3,-12.5
"15",3,-13.5
"15",3,-14.5
"15",3,-15.5
"15",3,-16.5
"15",3,-17.5
"15",3,-18.5
"15",3,-19.5
"15",4,-20.5
"15",5,-21.5
"15",6,-22.5
"15",7,-22.5
"15",8,-23.5
"15",8,-24.5
"15",8,-25.5
"15",8,-26.5
"15",9,-27.5
"15",10,-27.5
"15",11,-28.5
"15",12,-29.5
"15",13,-30.5
"15",13,-31.5
"15",13,-32.5
"15",13,-33.5
"15",13,-34.5
"15",13,-35.5
"15",13,-36.5
"15",13,-37.5
"15",14,-38.5
"15",15,-39.5
"15",16,-40.5
"15",17,-41.5
"15",18,-41.5
"15",19,-41.5
"15",20,-41.5
"15",21,-42.5
"15",22,-42.5
"15",23,-43.5
"15",24,-44.5
"15",25,-45.5
"16",-5,54.5
"16",-5,53.5
"16",-5,52.5
"16",-6,51.5
"16",-7,50.5
"16",-8,49.5
"16",-9,48.5
"16",-10,47.5
"16",-11,46.5
"16",-12,45.5
"16",-13,44.5
"16",-13,43.5
"16",-13,42.5
"16",-13,41.5
"16",-13,40.5
"16",-13,39.5
"16",-13,38.5
"16",-13,37.5
"16",-13,36.5
"16",-13,35.5
"16",-13,34.5
"16",-13,33.5
"16",-13,32.5
"16",-13,31.5
"16",-13,30.5
"16",-14,29.5
"16",-15,28.5
"16",-16,27.5
"16",-16,26.5
"16",-17,25.5
"16",-18,24.5
"16",-18,23.5
"16",-18,22.5
"16",-18,21.5
"16",-18,20.5
"16",-18,19.5
"16",-18,18.5
"16",-18,17.5
"16",-18,16.5
"16",-18,15.5
"16",-18,14.5
"16",-18,13.5
"16",-18,12.5
"16",-18,11.5
"16",-18,10.5
"16",-18,9.5
"16",-18,8.5
"16",-17,7.5
"16",-17,6.5
"16",-17,5.5
"16",-17,4.5
"16",-17,3.5
"16",-17,2.5
"16",-17,1.5
"16",-17,0.5
"16",-16,-0.5
"16",-15,-1.5
"16",-14,-2.5
"16",-13,-3.5
"16",-12,-4.5
"16",-11,-5.5
"16",-10,-6.5
"16",-9,-7.5
"16",-8,-8.5
"16",-7,-9.5
"16",-6,-10.5
"16",-5,-11.5
"16",-4,-12.5
"16",-3,-13.5
"16",-2,-14.5
"16",-1,-15.5
"16",0,-16.5
"16",1,-17.5
"16",2,-18.5
"16",3,-19.5
"16",4,-20.5
"16",5,-21.5
"16",6,-22.5
"16",7,-23.5
"16",8,-24.5
"16",9,-25.5
"16",10,-26.5
"16",10,-27.5
"16",10,-28.5
"16",10,-29.5
"16",10,-30.5
"16",10,-31.5
"16",10,-32.5
"16",10,-33.5
"16",10,-34.5
"16",10,-35.5
"16",10,-36.5
"16",10,-37.5
"16",10,-38.5
"16",10,-39.5
"16",11,-40.5
"16",12,-41.5
"16",13,-42.5
"16",14,-42.5
"16",15,-42.5
"16",16,-42.5
"16",17,-43.5
"16",18,-43.5
"16",19,-43.5
"16",20,-43.5
"16",21,-43.5
"16",22,-43.5
"16",23,-43.5
"16",24,-44.5
"16",25,-45.5
"17",-5,54.5
"17",-5,53.5
"17",-5,52.5
"17",-5,51.5
"17",-5,50.5
"17",-5,49.5
"17",-5,48.5
"17",-6,47.5
"17",-7,46.5
"17",-8,45.5
"17",-9,44.5
"17",-10,44.5
"17",-11,43.5
"17",-11,42.5
"17",-11,41.5
"17",-11,40.5
"17",-11,39.5
"17",-11,38.5
"17",-11,37.5
"17",-11,36.5
"17",-11,35.5
"17",-11,34.5
"17",-11,33.5
"17",-11,32.5
"17",-12,31.5
"17",-13,30.5
"17",-14,29.5
"17",-15,28.5
"17",-16,27.5
"17",-16,26.5
"17",-17,25.5
"17",-18,24.5
"17",-18,23.5
"17",-18,22.5
"17",-18,21.5
"17",-18,20.5
"17",-18,19.5
"17",-18,18.5
"17",-18,17.5
"17",-18,16.5
"17",-18,15.5
"17",-18,14.5
"17",-18,13.5
"17",-18,12.5
"17",-18,11.5
"17",-18,10.5
"17",-18,9.5
"17",-18,8.5
"17",-18,7.5
"17",-18,6.5
"17",-18,5.5
"17",-18,4.5
"17",-18,3.5
"17",-18,2.5
"17",-18,1.5
"17",-18,0.5
"17",-17,-0.5
"17",-16,-1.5
"17",-15,-2.5
"17",-14,-3.5
"17",-13,-4.5
"17",-12,-5.5
"17",-11,-6.5
"17",-10,-7.5
"17",-9,-8.5
"17",-8,-9.5
"17",-7,-10.5
"17",-6,-11.5
"17",-5,-12.5
"17",-4,-13.5
"17",-3,-14.5
"17",-2,-15.5
"17",-1,-16.5
"17",0,-17.5
"17",1,-18.5
"17",2,-19.5
"17",3,-20.5
"17",4,-21.5
"17",5,-22.5
"17",6,-23.5
"17",7,-24.5
"17",8,-25.5
"17",9,-26.5
"17",10,-27.5
"17",11,-28.5
"17",12,-29.5
"17",13,-30.5
"17",13,-31.5
"17",13,-32.5
"17",13,-33.5
"17",13,-34.5
"17",13,-35.5
"17",13,-36.5
"17",13,-37.5
"17",14,-38.5
"17",15,-39.5
"17",16,-40.5
"17",17,-41.5
"17",18,-42.5
"17",19,-42.5
"17",20,-42.5
"17",21,-43.5
"17",22,-43.5
"17",23,-44.5
"17",24,-44.5
"17",25,-45.5
"18",-5,54.5
"18",-5,53.5
"18",-5,52.5
"18",-5,51.5
"18",-5,50.5
"18",-5,49.5
"18",-5,48.5
"18",-5,47.5
"18",-6,46.5
"18",-7,46.5
"18",-8,45.5
"18",-9,45.5
"18",-10,45.5
"18",-11,44.5
"18",-12,44.5
"18",-13,44.5
"18",-14,44.5
"18",-15,43.5
"18",-16,43.5
"18",-17,43.5
"18",-18,42.5
"18",-18,41.5
"18",-18,40.5
"18",-18,39.5
"18",-18,38.5
"18",-18,37.5
"18",-18,36.5
"18",-18,35.5
"18",-18,34.5
"18",-18,33.5
"18",-18,32.5
"18",-18,31.5
"18",-18,30.5
"18",-18,29.5
"18",-18,28.5
"18",-18,27.5
"18",-18,26.5
"18",-18,25.5
"18",-18,24.5
"18",-18,23.5
"18",-18,22.5
"18",-18,21.5
"18",-18,20.5
"18",-18,19.5
"18",-18,18.5
"18",-18,17.5
"18",-18,16.5
"18",-18,15.5
"18",-18,14.5
"18",-18,13.5
"18",-18,12.5
"18",-18,11.5
"18",-18,10.5
"18",-18,9.5
"18",-17,8.5
"18",-16,8.5
"18",-15,7.5
"18",-14,7.5
"18",-13,6.5
"18",-12,5.5
"18",-11,4.5
"18",-11,3.5
"18",-11,2.5
"18",-11,1.5
"18",-11,0.5
"18",-11,-0.5
"18",-11,-1.5
"18",-10,-2.5
"18",-9,-3.5
"18",-8,-4.5
"18",-7,-5.5
"18",-6,-6.5
"18",-6,-7.5
"18",-5,-8.5
"18",-4,-9.5
"18",-3,-10.5
"18",-2,-11.5
"18",-1,-12.5
"18",0,-13.5
"18",1,-14.5
"18",1,-15.5
"18",1,-16.5
"18",2,-17.5
"18",3,-18.5
"18",3,-19.5
"18",4,-20.5
"18",5,-21.5
"18",6,-22.5
"18",7,-23.5
"18",8,-24.5
"18",8,-25.5
"18",9,-26.5
"18",10,-27.5
"18",11,-28.5
"18",12,-29.5
"18",13,-30.5
"18",13,-31.5
"18",13,-32.5
"18",13,-33.5
"18",13,-34.5
"18",13,-35.5
"18",13,-36.5
"18",13,-37.5
"18",14,-38.5
"18",15,-39.5
"18",16,-40.5
"18",17,-41.5
"18",18,-42.5
"18",19,-42.5
"18",20,-42.5
"18",21,-43.5
"18",22,-43.5
"18",23,-44.5
"18",24,-44.5
"18",25,-45.5
"19",-5,54.5
"19",-5,53.5
"19",-5,52.5
"19",-5,51.5
"19",-5,50.5
"19",-5,49.5
"19",-5,48.5
"19",-5,47.5
"19",-6,46.5
"19",-7,46.5
"19",-8,45.5
"19",-9,44.5
"19",-10,44.5
"19",-11,43.5
"19",-12,43.5
"19",-13,43.5
"19",-14,43.5
"19",-15,42.5
"19",-16,42.5
"19",-17,42.5
"19",-18,41.5
"19",-18,40.5
"19",-18,39.5
"19",-18,38.5
"19",-18,37.5
"19",-18,36.5
"19",-18,35.5
"19",-18,34.5
"19",-18,33.5
"19",-18,32.5
"19",-18,31.5
"19",-18,30.5
"19",-18,29.5
"19",-18,28.5
"19",-18,27.5
"19",-18,26.5
"19",-18,25.5
"19",-18,24.5
"19",-18,23.5
"19",-18,22.5
"19",-18,21.5
"19",-18,20.5
"19",-18,19.5
"19",-18,18.5
"19",-18,17.5
"19",-18,16.5
"19",-18,15.5
"19",-18,14.5
"19",-18,13.5
"19",-18,12.5
"19",-18,11.5
"19",-18,10.5
"19",-18,9.5
"19",-17,8.5
"19",-16,8.5
"19",-15,7.5
"19",-14,7.5
"19",-13,6.5
"19",-12,5.5
"19",-11,4.5
"19",-11,3.5
"19",-11,2.5
"19",-11,1.5
"19",-10,0.5
"19",-9,-0.5
"19",-8,-1.5
"19",-7,-2.5
"19",-6,-3.5
"19",-5,-4.5
"19",-4,-4.5
"19",-3,-5.5
"19",-3,-6.5
"19",-2,-7.5
"19",-1,-7.5
"19",-1,-8.5
"19",0,-9.5
"19",1,-10.5
"19",2,-11.5
"19",3,-12.5
"19",3,-13.5
"19",3,-14.5
"19",3,-15.5
"19",3,-16.5
"19",3,-17.5
"19",3,-18.5
"19",3,-19.5
"19",4,-20.5
"19",5,-21.5
"19",6,-22.5
"19",7,-22.5
"19",8,-23.5
"19",8,-24.5
"19",8,-25.5
"19",8,-26.5
"19",9,-27.5
"19",10,-27.5
"19",11,-28.5
"19",12,-29.5
"19",13,-30.5
"19",13,-31.5
"19",13,-32.5
"19",13,-33.5
"19",13,-34.5
"19",13,-35.5
"19",13,-36.5
"19",13,-37.5
"19",14,-38.5
"19",15,-39.5
"19",16,-40.5
"19",17,-41.5
"19",18,-41.5
"19",19,-41.5
"19",20,-41.5
"19",21,-42.5
"19",22,-42.5
"19",23,-43.5
"19",24,-44.5
"19",25,-45.5
"20",-5,54.5
"20",-5,53.5
"20",-5,52.5
"20",-5,51.5
"20",-5,50.5
"20",-5,49.5
"20",-5,48.5
"20",-5,47.5
"20",-6,47.5
"20",-6,46.5
"20",-7,46.5
"20",-8,45.5
"20",-9,44.5
"20",-10,44.5
"20",-11,43.5
"20",-12,43.5
"20",-13,43.5
"20",-14,43.5
"20",-15,42.5
"20",-16,42.5
"20",-17,42.5
"20",-18,41.5
"20",-18,40.5
"20",-18,39.5
"20",-18,38.5
"20",-18,37.5
"20",-18,36.5
"20",-18,35.5
"20",-18,34.5
"20",-18,33.5
"20",-18,32.5
"20",-18,31.5
"20",-18,30.5
"20",-18,29.5
"20",-18,28.5
"20",-18,27.5
"20",-18,26.5
"20",-18,25.5
"20",-18,24.5
"20",-18,23.5
"20",-18,22.5
"20",-18,21.5
"20",-18,20.5
"20",-18,19.5
"20",-18,18.5
"20",-18,17.5
"20",-18,16.5
"20",-18,15.5
"20",-18,14.5
"20",-18,13.5
"20",-18,12.5
"20",-18,11.5
"20",-18,10.5
"20",-18,9.5
"20",-17,8.5
"20",-16,8.5
"20",-15,7.5
"20",-14,7.5
"20",-13,6.5
"20",-12,5.5
"20",-11,5.5
"20",-11,4.5
"20",-11,3.5
"20",-11,2.5
"20",-11,1.5
"20",-10,0.5
"20",-9,-0.5
"20",-8,-1.5
"20",-7,-2.5
"20",-6,-3.5
"20",-5,-4.5
"20",-4,-4.5
"20",-3,-5.5
"20",-3,-6.5
"20",-2,-7.5
"20",-1,-7.5
"20",-1,-8.5
"20",0,-9.5
"20",1,-10.5
"20",2,-11.5
"20",3,-12.5
"20",3,-13.5
"20",3,-14.5
"20",3,-15.5
"20",3,-16.5
"20",3,-17.5
"20",3,-18.5
"20",3,-19.5
"20",4,-20.5
"20",5,-21.5
"20",6,-22.5
"20",7,-22.5
"20",8,-23.5
"20",8,-24.5
"20",8,-25.5
"20",8,-26.5
"20",9,-27.5
"20",10,-27.5
"20",11,-28.5
"20",12,-29.5
"20",13,-30.5
"20",13,-31.5
"20",13,-32.5
"20",13,-33.5
"20",13,-34.5
"20",13,-35.5
"20",13,-36.5
"20",13,-37.5
"20",14,-38.5
"20",15,-39.5
"20",16,-40.5
"20",17,-41.5
"20",18,-41.5
"20",19,-41.5
"20",20,-41.5
"20",21,-42.5
"20",22,-42.5
"20",23,-43.5
"20",24,-44.5
"20",25,-45.5
"21",-5,54.5
"21",-5,53.5
"21",-5,52.5
"21",-5,51.5
"21",-5,50.5
"21",-5,49.5
"21",-5,48.5
"21",-5,47.5
"21",-6,47.5
"21",-6,46.5
"21",-7,46.5
"21",-8,45.5
"21",-9,44.5
"21",-10,44.5
"21",-11,43.5
"21",-12,43.5
"21",-13,43.5
"21",-14,43.5
"21",-15,42.5
"21",-16,42.5
"21",-17,42.5
"21",-18,41.5
"21",-18,40.5
"21",-18,39.5
"21",-18,38.5
"21",-18,37.5
"21",-18,36.5
"21",-18,35.5
"21",-18,34.5
"21",-18,33.5
"21",-18,32.5
"21",-18,31.5
"21",-18,30.5
"21",-18,29.5
"21",-18,28.5
"21",-18,27.5
"21",-18,26.5
"21",-18,25.5
"21",-18,24.5
"21",-18,23.5
"21",-18,22.5
"21",-18,21.5
"21",-18,20.5
"21",-18,19.5
"21",-18,18.5
"21",-18,17.5
"21",-18,16.5
"21",-18,15.5
"21",-18,14.5
"21",-18,13.5
"21",-18,12.5
"21",-18,11.5
"21",-18,10.5
"21",-18,9.5
"21",-17,8.5
"21",-16,8.5
"21",-15,7.5
"21",-14,7.5
"21",-13,6.5
"21",-12,5.5
"21",-11,5.5
"21",-11,4.5
"21",-11,3.5
"21",-11,2.5
"21",-11,1.5
"21",-10,0.5
"21",-9,-0.5
"21",-8,-1.5
"21",-7,-1.5
"21",-6,-1.5
"21",-5,-2.5
"21",-4,-2.5
"21",-4,-3.5
"21",-4,-4.5
"21",-3,-5.5
"21",-3,-6.5
"21",-2,-7.5
"21",-1,-7.5
"21",-1,-8.5
"21",0,-9.5
"21",1,-10.5
"21",2,-11.5
"21",3,-12.5
"21",3,-13.5
"21",3,-14.5
"21",3,-15.5
"21",3,-16.5
"21",3,-17.5
"21",3,-18.5
"21",3,-19.5
"21",3,-20.5
"21",3,-21.5
"21",3,-22.5
"21",3,-23.5
"21",4,-24.5
"21",5,-25.5
"21",6,-26.5
"21",7,-26.5
"21",8,-26.5
"21",9,-27.5
"21",10,-27.5
"21",11,-28.5
"21",11,-29.5
"21",11,-30.5
"21",11,-31.5
"21",11,-32.5
"21",11,-33.5
"21",11,-34.5
"21",11,-35.5
"21",12,-36.5
"21",13,-37.5
"21",14,-38.5
"21",15,-39.5
"21",16,-40.5
"21",17,-41.5
"21",18,-41.5
"21",19,-41.5
"21",20,-41.5
"21",21,-42.5
"21",22,-42.5
"21",23,-43.5
"21",24,-44.5
"21",25,-45.5
"22",-5,54.5
"22",-5,53.5
"22",-5,52.5
"22",-6,51.5
"22",-7,50.5
"22",-8,49.5
"22",-9,48.5
"22",-10,47.5
"22",-11,46.5
"22",-12,45.5
"22",-13,44.5
"22",-13,43.5
"22",-13,42.5
"22",-13,41.5
"22",-13,40.5
"22",-13,39.5
"22",-13,38.5
"22",-13,37.5
"22",-13,36.5
"22",-13,35.5
"22",-13,34.5
"22",-13,33.5
"22",-13,32.5
"22",-13,31.5
"22",-13,30.5
"22",-14,29.5
"22",-15,28.5
"22",-16,27.5
"22",-16,26.5
"22",-17,25.5
"22",-18,24.5
"22",-18,23.5
"22",-18,22.5
"22",-18,21.5
"22",-18,20.5
"22",-18,19.5
"22",-18,18.5
"22",-18,17.5
"22",-18,16.5
"22",-18,15.5
"22",-18,14.5
"22",-18,13.5
"22",-18,12.5
"22",-18,11.5
"22",-18,10.5
"22",-18,9.5
"22",-18,8.5
"22",-17,7.5
"22",-17,6.5
"22",-17,5.5
"22",-17,4.5
"22",-17,3.5
"22",-17,2.5
"22",-17,1.5
"22",-17,0.5
"22",-16,-0.5
"22",-15,-1.5
"22",-14,-2.5
"22",-13,-3.5
"22",-12,-4.5
"22",-11,-5.5
"22",-10,-6.5
"22",-9,-7.5
"22",-8,-8.5
"22",-7,-9.5
"22",-6,-10.5
"22",-5,-11.5
"22",-4,-12.5
"22",-3,-13.5
"22",-2,-14.5
"22",-1,-15.5
"22",0,-16.5
"22",1,-17.5
"22",2,-18.5
"22",3,-19.5
"22",4,-20.5
"22",5,-21.5
"22",6,-22.5
"22",7,-23.5
"22",8,-24.5
"22",9,-25.5
"22",10,-26.5
"22",11,-27.5
"22",12,-28.5
"22",13,-29.5
"22",13,-30.5
"22",13,-31.5
"22",13,-32.5
"22",13,-33.5
"22",13,-34.5
"22",13,-35.5
"22",13,-36.5
"22",13,-37.5
"22",13,-38.5
"22",14,-39.5
"22",15,-40.5
"22",16,-41.5
"22",17,-42.5
"22",18,-43.5
"22",19,-43.5
"22",20,-43.5
"22",21,-43.5
"22",22,-43.5
"22",23,-43.5
"22",24,-44.5
"22",25,-45.5
"23",-5,54.5
"23",-5,53.5
"23",-5,52.5
"23",-5,51.5
"23",-5,50.5
"23",-5,49.5
"23",-5,48.5
"23",-5,47.5
"23",-6,46.5
"23",-7,46.5
"23",-8,45.5
"23",-9,44.5
"23",-10,44.5
"23",-11,43.5
"23",-11,42.5
"23",-11,41.5
"23",-11,40.5
"23",-11,39.5
"23",-11,38.5
"23",-11,37.5
"23",-11,36.5
"23",-11,35.5
"23",-11,34.5
"23",-11,33.5
"23",-11,32.5
"23",-12,31.5
"23",-13,30.5
"23",-14,29.5
"23",-15,28.5
"23",-16,27.5
"23",-16,26.5
"23",-17,25.5
"23",-18,24.5
"23",-18,23.5
"23",-18,22.5
"23",-18,21.5
"23",-18,20.5
"23",-18,19.5
"23",-18,18.5
"23",-18,17.5
"23",-18,16.5
"23",-18,15.5
"23",-18,14.5
"23",-18,13.5
"23",-18,12.5
"23",-18,11.5
"23",-18,10.5
"23",-18,9.5
"23",-18,8.5
"23",-18,7.5
"23",-18,6.5
"23",-18,5.5
"23",-18,4.5
"23",-18,3.5
"23",-18,2.5
"23",-18,1.5
"23",-17,0.5
"23",-16,-0.5
"23",-15,-1.5
"23",-14,-2.5
"23",-13,-3.5
"23",-12,-4.5
"23",-11,-5.5
"23",-10,-6.5
"23",-9,-7.5
"23",-8,-8.5
"23",-7,-9.5
"23",-6,-10.5
"23",-5,-11.5
"23",-4,-12.5
"23",-3,-13.5
"23",-2,-14.5
"23",-1,-15.5
"23",-1,-16.5
"23",0,-17.5
"23",1,-18.5
"23",2,-19.5
"23",3,-20.5
"23",4,-21.5
"23",5,-22.5
"23",6,-23.5
"23",7,-24.5
"23",8,-25.5
"23",9,-26.5
"23",10,-27.5
"23",11,-28.5
"23",12,-29.5
"23",13,-30.5
"23",13,-31.5
"23",13,-32.5
"23",13,-33.5
"23",13,-34.5
"23",13,-35.5
"23",13,-36.5
"23",13,-37.5
"23",14,-38.5
"23",15,-39.5
"23",16,-40.5
"23",17,-41.5
"23",18,-42.5
"23",19,-42.5
"23",20,-42.5
"23",21,-43.5
"23",22,-43.5
"23",23,-44.5
"23",24,-44.5
"23",25,-45.5
"24",-5,54.5
"24",-5,53.5
"24",-5,52.5
"24",-5,51.5
"24",-5,50.5
"24",-5,49.5
"24",-5,48.5
"24",-5,47.5
"24",-6,46.5
"24",-7,46.5
"24",-8,45.5
"24",-9,45.5
"24",-10,45.5
"24",-11,44.5
"24",-12,44.5
"24",-13,44.5
"24",-14,44.5
"24",-15,43.5
"24",-16,43.5
"24",-17,43.5
"24",-18,42.5
"24",-18,41.5
"24",-18,40.5
"24",-18,39.5
"24",-18,38.5
"24",-18,37.5
"24",-18,36.5
"24",-18,35.5
"24",-18,34.5
"24",-18,33.5
"24",-18,32.5
"24",-18,31.5
"24",-18,30.5
"24",-18,29.5
"24",-18,28.5
"24",-18,27.5
"24",-18,26.5
"24",-18,25.5
"24",-18,24.5
"24",-18,23.5
"24",-18,22.5
"24",-18,21.5
"24",-18,20.5
"24",-18,19.5
"24",-18,18.5
"24",-18,17.5
"24",-18,16.5
"24",-18,15.5
"24",-18,14.5
"24",-18,13.5
"24",-18,12.5
"24",-18,11.5
"24",-18,10.5
"24",-18,9.5
"24",-17,8.5
"24",-16,8.5
"24",-15,7.5
"24",-14,7.5
"24",-13,6.5
"24",-12,5.5
"24",-11,4.5
"24",-11,3.5
"24",-11,2.5
"24",-11,1.5
"24",-10,0.5
"24",-9,-0.5
"24",-8,-1.5
"24",-7,-2.5
"24",-6,-3.5
"24",-5,-4.5
"24",-4,-5.5
"24",-3,-6.5
"24",-2,-7.5
"24",-1,-8.5
"24",0,-9.5
"24",1,-10.5
"24",2,-11.5
"24",3,-12.5
"24",3,-13.5
"24",3,-14.5
"24",3,-15.5
"24",3,-16.5
"24",3,-17.5
"24",3,-18.5
"24",3,-19.5
"24",4,-20.5
"24",5,-21.5
"24",6,-22.5
"24",7,-23.5
"24",8,-24.5
"24",8,-25.5
"24",9,-26.5
"24",10,-27.5
"24",11,-28.5
"24",12,-29.5
"24",13,-30.5
"24",13,-31.5
"24",13,-32.5
"24",13,-33.5
"24",13,-34.5
"24",13,-35.5
"24",13,-36.5
"24",13,-37.5
"24",14,-38.5
"24",15,-39.5
"24",16,-40.5
"24",17,-41.5
"24",18,-42.5
"24",19,-42.5
"24",20,-42.5
"24",21,-43.5
"24",22,-43.5
"24",23,-44.5
"24",24,-44.5
"24",25,-45.5
"25",-5,54.5
"25",-5,53.5
"25",-5,52.5
"25",-5,51.5
"25",-5,50.5
"25",-5,49.5
"25",-5,48.5
"25",-5,47.5
"25",-6,47.5
"25",-6,46.5
"25",-7,46.5
"25",-8,45.5
"25",-9,44.5
"25",-10,44.5
"25",-11,43.5
"25",-12,43.5
"25",-13,43.5
"25",-14,43.5
"25",-15,42.5
"25",-16,42.5
"25",-17,42.5
"25",-18,41.5
"25",-18,40.5
"25",-18,39.5
"25",-18,38.5
"25",-18,37.5
"25",-18,36.5
"25",-18,35.5
"25",-18,34.5
"25",-18,33.5
"25",-18,32.5
"25",-18,31.5
"25",-18,30.5
"25",-18,29.5
"25",-18,28.5
"25",-18,27.5
"25",-18,26.5
"25",-18,25.5
"25",-18,24.5
"25",-18,23.5
"25",-18,22.5
"25",-18,21.5
"25",-18,20.5
"25",-18,19.5
"25",-18,18.5
"25",-18,17.5
"25",-18,16.5
"25",-18,15.5
"25",-18,14.5
"25",-18,13.5
"25",-18,12.5
"25",-18,11.5
"25",-18,10.5
"25",-18,9.5
"25",-17,8.5
"25",-16,8.5
"25",-15,7.5
"25",-14,7.5
"25",-13,6.5
"25",-12,5.5
"25",-11,5.5
"25",-11,4.5
"25",-11,3.5
"25",-11,2.5
"25",-11,1.5
"25",-10,0.5
"25",-9,-0.5
"25",-8,-1.5
"25",-7,-2.5
"25",-6,-2.5
"25",-5,-3.5
"25",-4,-3.5
"25",-4,-4.5
"25",-3,-5.5
"25",-3,-6.5
"25",-2,-7.5
"25",-1,-7.5
"25",-1,-8.5
"25",0,-9.5
"25",1,-10.5
"25",2,-11.5
"25",3,-12.5
"25",3,-13.5
"25",3,-14.5
"25",3,-15.5
"25",3,-16.5
"25",3,-17.5
"25",3,-18.5
"25",3,-19.5
"25",3,-20.5
"25",3,-21.5
"25",3,-22.5
"25",3,-23.5
"25",3,-24.5
"25",3,-25.5
"25",4,-26.5
"25",5,-27.5
"25",6,-28.5
"25",7,-28.5
"25",8,-29.5
"25",9,-30.5
"25",10,-30.5
"25",11,-31.5
"25",11,-32.5
"25",11,-33.5
"25",12,-34.5
"25",13,-35.5
"25",14,-36.5
"25",15,-37.5
"25",16,-38.5
"25",17,-39.5
"25",18,-39.5
"25",19,-39.5
"25",20,-40.5
"25",20,-41.5
"25",21,-42.5
"25",22,-42.5
"25",23,-43.5
"25",24,-44.5
"25",25,-45.5
"26",-5,54.5
"26",-5,53.5
"26",-5,52.5
"26",-6,51.5
"26",-7,50.5
"26",-8,49.5
"26",-9,48.5
"26",-10,47.5
"26",-11,46.5
"26",-12,45.5
"26",-13,44.5
"26",-14,43.5
"26",-14,42.5
"26",-14,41.5
"26",-14,40.5
"26",-14,39.5
"26",-14,38.5
"26",-14,37.5
"26",-14,36.5
"26",-14,35.5
"26",-14,34.5
"26",-14,33.5
"26",-14,32.5
"26",-14,31.5
"26",-14,30.5
"26",-14,29.5
"26",-15,28.5
"26",-16,27.5
"26",-16,26.5
"26",-17,25.5
"26",-18,24.5
"26",-18,23.5
"26",-18,22.5
"26",-18,21.5
"26",-18,20.5
"26",-18,19.5
"26",-18,18.5
"26",-18,17.5
"26",-18,16.5
"26",-18,15.5
"26",-18,14.5
"26",-18,13.5
"26",-18,12.5
"26",-18,11.5
"26",-18,10.5
"26",-18,9.5
"26",-18,8.5
"26",-17,7.5
"26",-17,6.5
"26",-17,5.5
"26",-17,4.5
"26",-17,3.5
"26",-17,2.5
"26",-17,1.5
"26",-17,0.5
"26",-16,-0.5
"26",-15,-1.5
"26",-14,-2.5
"26",-13,-3.5
"26",-12,-4.5
"26",-11,-5.5
"26",-10,-6.5
"26",-9,-7.5
"26",-8,-8.5
"26",-7,-9.5
"26",-6,-10.5
"26",-5,-11.5
"26",-4,-12.5
"26",-3,-13.5
"26",-2,-14.5
"26",-1,-15.5
"26",0,-16.5
"26",1,-17.5
"26",2,-18.5
"26",3,-19.5
"26",4,-20.5
"26",5,-21.5
"26",6,-22.5
"26",7,-23.5
"26",8,-24.5
"26",9,-25.5
"26",10,-26.5
"26",11,-27.5
"26",12,-28.5
"26",13,-29.5
"26",14,-30.5
"26",15,-31.5
"26",15,-32.5
"26",15,-33.5
"26",15,-34.5
"26",15,-35.5
"26",16,-36.5
"26",17,-37.5
"26",18,-38.5
"26",19,-39.5
"26",20,-40.5
"26",21,-41.5
"26",22,-42.5
"26",23,-43.5
"26",24,-44.5
"26",25,-45.5
"27",-5,54.5
"27",-5,53.5
"27",-5,52.5
"27",-6,51.5
"27",-7,51.5
"27",-8,50.5
"27",-9,49.5
"27",-10,48.5
"27",-11,47.5
"27",-12,47.5
"27",-13,47.5
"27",-13,46.5
"27",-13,45.5
"27",-14,45.5
"27",-15,44.5
"27",-16,44.5
"27",-17,44.5
"27",-18,43.5
"27",-18,42.5
"27",-18,41.5
"27",-18,40.5
"27",-18,39.5
"27",-18,38.5
"27",-18,37.5
"27",-18,36.5
"27",-18,35.5
"27",-18,34.5
"27",-18,33.5
"27",-18,32.5
"27",-18,31.5
"27",-18,30.5
"27",-18,29.5
"27",-18,28.5
"27",-18,27.5
"27",-18,26.5
"27",-18,25.5
"27",-18,24.5
"27",-18,23.5
"27",-18,22.5
"27",-18,21.5
"27",-18,20.5
"27",-18,19.5
"27",-18,18.5
"27",-18,17.5
"27",-18,16.5
"27",-18,15.5
"27",-18,14.5
"27",-18,13.5
"27",-18,12.5
"27",-18,11.5
"27",-18,10.5
"27",-18,9.5
"27",-18,8.5
"27",-18,7.5
"27",-18,6.5
"27",-18,5.5
"27",-18,4.5
"27",-18,3.5
"27",-18,2.5
"27",-18,1.5
"27",-17,0.5
"27",-16,-0.5
"27",-15,-1.5
"27",-14,-2.5
"27",-13,-3.5
"27",-12,-4.5
"27",-11,-5.5
"27",-10,-6.5
"27",-9,-7.5
"27",-8,-8.5
"27",-7,-9.5
"27",-6,-10.5
"27",-5,-11.5
"27",-4,-12.5
"27",-3,-13.5
"27",-2,-14.5
"27",-1,-15.5
"27",-1,-16.5
"27",0,-17.5
"27",1,-18.5
"27",2,-19.5
"27",3,-20.5
"27",4,-21.5
"27",5,-22.5
"27",6,-23.5
"27",7,-24.5
"27",8,-25.5
"27",9,-26.5
"27",10,-27.5
"27",11,-28.5
"27",12,-29.5
"27",13,-30.5
"27",13,-31.5
"27",13,-32.5
"27",13,-33.5
"27",13,-34.5
"27",13,-35.5
"27",13,-36.5
"27",14,-37.5
"27",15,-38.5
"27",16,-39.5
"27",17,-40.5
"27",18,-40.5
"27",19,-41.5
"27",20,-41.5
"27",21,-42.5
"27",22,-42.5
"27",23,-43.5
"27",24,-44.5
"27",25,-45.5
"28",-5,54.5
"28",-5,53.5
"28",-5,52.5
"28",-5,51.5
"28",-6,51.5
"28",-7,51.5
"28",-8,51.5
"28",-9,50.5
"28",-10,50.5
"28",-11,49.5
"28",-12,49.5
"28",-13,49.5
"28",-13,48.5
"28",-13,47.5
"28",-13,46.5
"28",-13,45.5
"28",-13,44.5
"28",-14,44.5
"28",-15,43.5
"28",-16,43.5
"28",-17,43.5
"28",-18,42.5
"28",-18,41.5
"28",-18,40.5
"28",-18,39.5
"28",-18,38.5
"28",-18,37.5
"28",-18,36.5
"28",-18,35.5
"28",-18,34.5
"28",-18,33.5
"28",-18,32.5
"28",-18,31.5
"28",-18,30.5
"28",-18,29.5
"28",-18,28.5
"28",-18,27.5
"28",-18,26.5
"28",-18,25.5
"28",-18,24.5
"28",-18,23.5
"28",-18,22.5
"28",-18,21.5
"28",-18,20.5
"28",-18,19.5
"28",-18,18.5
"28",-18,17.5
"28",-18,16.5
"28",-18,15.5
"28",-18,14.5
"28",-18,13.5
"28",-18,12.5
"28",-18,11.5
"28",-18,10.5
"28",-18,9.5
"28",-17,8.5
"28",-16,8.5
"28",-15,7.5
"28",-14,7.5
"28",-13,6.5
"28",-12,5.5
"28",-11,4.5
"28",-11,3.5
"28",-11,2.5
"28",-11,1.5
"28",-10,0.5
"28",-9,-0.5
"28",-8,-1.5
"28",-7,-2.5
"28",-6,-3.5
"28",-5,-4.5
"28",-4,-4.5
"28",-3,-5.5
"28",-3,-6.5
"28",-2,-7.5
"28",-1,-7.5
"28",-1,-8.5
"28",0,-9.5
"28",1,-10.5
"28",2,-11.5
"28",3,-12.5
"28",3,-13.5
"28",3,-14.5
"28",3,-15.5
"28",3,-16.5
"28",3,-17.5
"28",3,-18.5
"28",3,-19.5
"28",3,-20.5
"28",3,-21.5
"28",3,-22.5
"28",3,-23.5
"28",3,-24.5
"28",3,-25.5
"28",4,-26.5
"28",5,-27.5
"28",6,-28.5
"28",7,-28.5
"28",8,-29.5
"28",9,-30.5
"28",10,-30.5
"28",11,-31.5
"28",11,-32.5
"28",12,-33.5
"28",13,-34.5
"28",14,-35.5
"28",15,-36.5
"28",16,-37.5
"28",17,-38.5
"28",18,-38.5
"28",19,-39.5
"28",20,-40.5
"28",20,-41.5
"28",21,-42.5
"28",22,-42.5
"28",23,-43.5
"28",24,-44.5
"28",25,-45.5
"29",-5,54.5
"29",-5,53.5
"29",-5,52.5
"29",-6,51.5
"29",-7,50.5
"29",-8,49.5
"29",-9,48.5
"29",-10,47.5
"29",-11,46.5
"29",-12,45.5
"29",-13,44.5
"29",-14,43.5
"29",-14,42.5
"29",-14,41.5
"29",-14,40.5
"29",-14,39.5
"29",-14,38.5
"29",-14,37.5
"29",-14,36.5
"29",-14,35.5
"29",-14,34.5
"29",-14,33.5
"29",-14,32.5
"29",-14,31.5
"29",-14,30.5
"29",-14,29.5
"29",-15,28.5
"29",-16,27.5
"29",-16,26.5
"29",-17,25.5
"29",-18,24.5
"29",-18,23.5
"29",-18,22.5
"29",-18,21.5
"29",-18,20.5
"29",-18,19.5
"29",-18,18.5
"29",-18,17.5
"29",-18,16.5
"29",-18,15.5
"29",-18,14.5
"29",-18,13.5
"29",-18,12.5
"29",-18,11.5
"29",-18,10.5
"29",-18,9.5
"29",-18,8.5
"29",-17,7.5
"29",-17,6.5
"29",-17,5.5
"29",-17,4.5
"29",-17,3.5
"29",-17,2.5
"29",-17,1.5
"29",-17,0.5
"29",-16,-0.5
"29",-15,-1.5
"29",-14,-2.5
"29",-13,-3.5
"29",-12,-4.5
"29",-11,-5.5
"29",-10,-6.5
"29",-9,-7.5
"29",-8,-8.5
"29",-7,-9.5
"29",-6,-10.5
"29",-5,-11.5
"29",-4,-12.5
"29",-3,-13.5
"29",-2,-14.5
"29",-1,-15.5
"29",0,-16.5
"29",1,-17.5
"29",2,-18.5
"29",3,-19.5
"29",4,-20.5
"29",5,-21.5
"29",6,-22.5
"29",7,-23.5
"29",8,-24.5
"29",9,-25.5
"29",10,-26.5
"29",11,-27.5
"29",12,-28.5
"29",13,-29.5
"29",14,-30.5
"29",15,-31.5
"29",15,-32.5
"29",15,-33.5
"29",15,-34.5
"29",15,-35.5
"29",16,-36.5
"29",17,-37.5
"29",18,-38.5
"29",19,-39.5
"29",20,-40.5
"29",21,-41.5
"29",22,-42.5
"29",23,-43.5
"29",24,-44.5
"29",25,-45.5
"30",-5,54.5
"30",-5,53.5
"30",-5,52.5
"30",-6,51.5
"30",-7,51.5
"30",-8,50.5
"30",-9,49.5
"30",-10,49.5
"30",-11,48.5
"30",-12,48.5
"30",-13,48.5
"30",-13,47.5
"30",-13,46.5
"30",-13,45.5
"30",-14,45.5
"30",-15,44.5
"30",-16,44.5
"30",-17,44.5
"30",-18,43.5
"30",-18,42.5
"30",-18,41.5
"30",-18,40.5
"30",-18,39.5
"30",-18,38.5
"30",-18,37.5
"30",-18,36.5
"30",-18,35.5
"30",-18,34.5
"30",-18,33.5
"30",-18,32.5
"30",-18,31.5
"30",-18,30.5
"30",-18,29.5
"30",-18,28.5
"30",-18,27.5
"30",-18,26.5
"30",-18,25.5
"30",-18,24.5
"30",-18,23.5
"30",-18,22.5
"30",-18,21.5
"30",-18,20.5
"30",-18,19.5
"30",-18,18.5
"30",-18,17.5
"30",-18,16.5
"30",-18,15.5
"30",-18,14.5
"30",-18,13.5
"30",-18,12.5
"30",-18,11.5
"30",-17,10.5
"30",-16,9.5
"30",-15,8.5
"30",-14,7.5
"30",-13,6.5
"30",-12,5.5
"30",-11,4.5
"30",-11,3.5
"30",-11,2.5
"30",-11,1.5
"30",-10,0.5
"30",-9,-0.5
"30",-8,-1.5
"30",-7,-2.5
"30",-6,-3.5
"30",-5,-4.5
"30",-4,-5.5
"30",-3,-6.5
"30",-2,-7.5
"30",-1,-8.5
"30",0,-9.5
"30",1,-10.5
"30",2,-11.5
"30",3,-12.5
"30",3,-13.5
"30",3,-14.5
"30",3,-15.5
"30",3,-16.5
"30",3,-17.5
"30",3,-18.5
"30",3,-19.5
"30",3,-20.5
"30",4,-21.5
"30",5,-22.5
"30",6,-23.5
"30",7,-24.5
"30",8,-25.5
"30",9,-26.5
"30",10,-27.5
"30",11,-28.5
"30",12,-29.5
"30",13,-30.5
"30",14,-31.5
"30",15,-32.5
"30",15,-33.5
"30",15,-34.5
"30",15,-35.5
"30",16,-36.5
"30",17,-37.5
"30",18,-38.5
"30",19,-39.5
"30",20,-40.5
"30",21,-41.5
"30",22,-42.5
"30",23,-43.5
"30",24,-44.5
"30",25,-45.5
"31",-5,54.5
"31",-5,53.5
"31",-5,52.5
"31",-5,51.5
"31",-6,51.5
"31",-7,51.5
"31",-8,51.5
"31",-9,51.5
"31",-10,51.5
"31",-11,50.5
"31",-12,50.5
"31",-13,49.5
"31",-13,48.5
"31",-13,47.5
"31",-13,46.5
"31",-13,45.5
"31",-13,44.5
"31",-14,44.5
"31",-15,43.5
"31",-16,43.5
"31",-17,43.5
"31",-18,42.5
"31",-18,41.5
"31",-18,40.5
"31",-18,39.5
"31",-18,38.5
"31",-18,37.5
"31",-18,36.5
"31",-18,35.5
"31",-18,34.5
"31",-18,33.5
"31",-18,32.5
"31",-18,31.5
"31",-18,30.5
"31",-18,29.5
"31",-18,28.5
"31",-18,27.5
"31",-18,26.5
"31",-18,25.5
"31",-18,24.5
"31",-18,23.5
"31",-18,22.5
"31",-18,21.5
"31",-18,20.5
"31",-18,19.5
"31",-18,18.5
"31",-18,17.5
"31",-18,16.5
"31",-18,15.5
"31",-18,14.5
"31",-18,13.5
"31",-18,12.5
"31",-18,11.5
"31",-17,10.5
"31",-16,9.5
"31",-15,8.5
"31",-14,7.5
"31",-13,6.5
"31",-12,5.5
"31",-11,4.5
"31",-11,3.5
"31",-11,2.5
"31",-11,1.5
"31",-10,0.5
"31",-9,-0.5
"31",-8,-1.5
"31",-7,-2.5
"31",-6,-3.5
"31",-5,-4.5
"31",-4,-4.5
"31",-3,-5.5
"31",-3,-6.5
"31",-2,-7.5
"31",-1,-8.5
"31",0,-9.5
"31",1,-10.5
"31",2,-11.5
"31",3,-12.5
"31",3,-13.5
"31",3,-14.5
"31",3,-15.5
"31",3,-16.5
"31",3,-17.5
"31",3,-18.5
"31",3,-19.5
"31",3,-20.5
"31",3,-21.5
"31",3,-22.5
"31",3,-23.5
"31",3,-24.5
"31",3,-25.5
"31",4,-26.5
"31",5,-27.5
"31",6,-28.5
"31",7,-28.5
"31",8,-29.5
"31",9,-30.5
"31",10,-30.5
"31",11,-31.5
"31",11,-32.5
"31",12,-33.5
"31",13,-34.5
"31",14,-35.5
"31",15,-36.5
"31",16,-37.5
"31",17,-38.5
"31",18,-38.5
"31",19,-39.5
"31",20,-40.5
"31",20,-41.5
"31",21,-42.5
"31",22,-42.5
"31",23,-43.5
"31",24,-44.5
"31",25,-45.5
"32",-5,54.5
"32",-5,53.5
"32",-5,52.5
"32",-6,51.5
"32",-7,50.5
"32",-8,49.5
"32",-9,48.5
"32",-10,47.5
"32",-11,46.5
"32",-12,45.5
"32",-13,44.5
"32",-14,43.5
"32",-15,42.5
"32",-15,41.5
"32",-15,40.5
"32",-15,39.5
"32",-15,38.5
"32",-15,37.5
"32",-15,36.5
"32",-15,35.5
"32",-15,34.5
"32",-15,33.5
"32",-15,32.5
"32",-15,31.5
"32",-15,30.5
"32",-15,29.5
"32",-16,28.5
"32",-16,27.5
"32",-16,26.5
"32",-17,25.5
"32",-18,24.5
"32",-18,23.5
"32",-18,22.5
"32",-18,21.5
"32",-18,20.5
"32",-18,19.5
"32",-18,18.5
"32",-18,17.5
"32",-18,16.5
"32",-18,15.5
"32",-18,14.5
"32",-18,13.5
"32",-18,12.5
"32",-18,11.5
"32",-18,10.5
"32",-18,9.5
"32",-18,8.5
"32",-18,7.5
"32",-18,6.5
"32",-18,5.5
"32",-18,4.5
"32",-18,3.5
"32",-18,2.5
"32",-18,1.5
"32",-18,0.5
"32",-17,-0.5
"32",-16,-1.5
"32",-15,-2.5
"32",-14,-3.5
"32",-13,-4.5
"32",-12,-5.5
"32",-11,-6.5
"32",-10,-7.5
"32",-9,-8.5
"32",-8,-9.5
"32",-7,-10.5
"32",-6,-11.5
"32",-5,-12.5
"32",-4,-13.5
"32",-3,-14.5
"32",-2,-15.5
"32",-1,-16.5
"32",0,-17.5
"32",1,-18.5
"32",2,-19.5
"32",3,-20.5
"32",4,-21.5
"32",5,-22.5
"32",6,-23.5
"32",7,-24.5
"32",8,-25.5
"32",9,-26.5
"32",10,-27.5
"32",11,-28.5
"32",12,-29.5
"32",13,-30.5
"32",14,-31.5
"32",15,-32.5
"32",15,-33.5
"32",15,-34.5
"32",15,-35.5
"32",16,-36.5
"32",17,-37.5
"32",18,-38.5
"32",19,-39.5
"32",20,-40.5
"32",21,-41.5
"32",22,-42.5
"32",23,-43.5
"32",24,-44.5
"32",25,-45.5
"33",-5,54.5
"33",-5,53.5
"33",-5,52.5
"33",-6,51.5
"33",-7,51.5
"33",-8,51.5
"33",-9,51.5
"33",-10,51.5
"33",-11,50.5
"33",-12,50.5
"33",-13,49.5
"33",-13,48.5
"33",-14,48.5
"33",-15,47.5
"33",-16,47.5
"33",-17,47.5
"33",-18,46.5
"33",-18,45.5
"33",-18,44.5
"33",-18,43.5
"33",-18,42.5
"33",-18,41.5
"33",-18,40.5
"33",-18,39.5
"33",-18,38.5
"33",-18,37.5
"33",-18,36.5
"33",-18,35.5
"33",-18,34.5
"33",-18,33.5
"33",-18,32.5
"33",-18,31.5
"33",-18,30.5
"33",-18,29.5
"33",-18,28.5
"33",-18,27.5
"33",-18,26.5
"33",-18,25.5
"33",-18,24.5
"33",-18,23.5
"33",-18,22.5
"33",-18,21.5
"33",-18,20.5
"33",-18,19.5
"33",-18,18.5
"33",-18,17.5
"33",-18,16.5
"33",-18,15.5
"33",-18,14.5
"33",-18,13.5
"33",-18,12.5
"33",-18,11.5
"33",-17,10.5
"33",-16,9.5
"33",-15,8.5
"33",-14,7.5
"33",-13,6.5
"33",-12,5.5
"33",-11,4.5
"33",-11,3.5
"33",-11,2.5
"33",-11,1.5
"33",-10,0.5
"33",-9,-0.5
"33",-8,-1.5
"33",-7,-2.5
"33",-6,-3.5
"33",-5,-4.5
"33",-4,-5.5
"33",-3,-6.5
"33",-2,-7.5
"33",-1,-8.5
"33",0,-9.5
"33",1,-10.5
"33",2,-11.5
"33",3,-12.5
"33",3,-13.5
"33",3,-14.5
"33",3,-15.5
"33",3,-16.5
"33",3,-17.5
"33",3,-18.5
"33",3,-19.5
"33",3,-20.5
"33",3,-21.5
"33",3,-22.5
"33",3,-23.5
"33",4,-24.5
"33",5,-25.5
"33",6,-26.5
"33",7,-27.5
"33",8,-28.5
"33",9,-29.5
"33",10,-30.5
"33",11,-31.5
"33",12,-32.5
"33",13,-33.5
"33",14,-34.5
"33",15,-35.5
"33",16,-36.5
"33",17,-37.5
"33",18,-38.5
"33",19,-39.5
"33",20,-40.5
"33",21,-41.5
"33",22,-42.5
"33",23,-43.5
"33",24,-44.5
"33",25,-45.5
"34",-5,54.5
"34",-5,53.5
"34",-5,52.5
"34",-6,51.5
"34",-7,50.5
"34",-8,49.5
"34",-9,48.5
"34",-10,47.5
"34",-11,46.5
"34",-12,45.5
"34",-13,44.5
"34",-14,43.5
"34",-15,42.5
"34",-16,41.5
"34",-17,40.5
"34",-18,39.5
"34",-18,38.5
"34",-18,37.5
"34",-18,36.5
"34",-18,35.5
"34",-18,34.5
"34",-18,33.5
"34",-18,32.5
"34",-18,31.5
"34",-18,30.5
"34",-18,29.5
"34",-18,28.5
"34",-18,27.5
"34",-18,26.5
"34",-18,25.5
"34",-18,24.5
"34",-18,23.5
"34",-18,22.5
"34",-18,21.5
"34",-18,20.5
"34",-18,19.5
"34",-18,18.5
"34",-18,17.5
"34",-18,16.5
"34",-18,15.5
"34",-18,14.5
"34",-18,13.5
"34",-17,12.5
"34",-17,11.5
"34",-16,10.5
"34",-15,9.5
"34",-15,8.5
"34",-14,7.5
"34",-14,6.5
"34",-14,5.5
"34",-14,4.5
"34",-14,3.5
"34",-14,2.5
"34",-14,1.5
"34",-14,0.5
"34",-14,-0.5
"34",-14,-1.5
"34",-14,-2.5
"34",-14,-3.5
"34",-14,-4.5
"34",-14,-5.5
"34",-14,-6.5
"34",-13,-7.5
"34",-12,-8.5
"34",-11,-9.5
"34",-10,-10.5
"34",-9,-11.5
"34",-8,-12.5
"34",-7,-13.5
"34",-6,-14.5
"34",-5,-15.5
"34",-4,-16.5
"34",-3,-17.5
"34",-2,-18.5
"34",-1,-19.5
"34",0,-20.5
"34",1,-21.5
"34",2,-22.5
"34",3,-23.5
"34",4,-24.5
"34",5,-25.5
"34",6,-26.5
"34",7,-27.5
"34",8,-28.5
"34",9,-29.5
"34",10,-30.5
"34",11,-31.5
"34",12,-32.5
"34",13,-33.5
"34",14,-34.5
"34",15,-35.5
"34",16,-36.5
"34",17,-37.5
"34",18,-38.5
"34",19,-39.5
"34",20,-40.5
"34",21,-41.5
"34",22,-42.5
"34",23,-43.5
"34",24,-44.5
"34",25,-45.5
"35",-5,54.5
"35",-5,53.5
"35",-5,52.5
"35",-5,51.5
"35",-5,50.5
"35",-5,49.5
"35",-5,48.5
"35",-5,47.5
"35",-6,46.5
"35",-7,46.5
"35",-8,45.5
"35",-9,45.5
"35",-10,45.5
"35",-11,44.5
"35",-12,44.5
"35",-13,44.5
"35",-14,44.5
"35",-15,43.5
"35",-16,43.5
"35",-17,43.5
"35",-18,42.5
"35",-18,41.5
"35",-18,40.5
"35",-18,39.5
"35",-18,38.5
"35",-18,37.5
"35",-18,36.5
"35",-18,35.5
"35",-18,34.5
"35",-18,33.5
"35",-18,32.5
"35",-18,31.5
"35",-18,30.5
"35",-18,29.5
"35",-18,28.5
"35",-18,27.5
"35",-18,26.5
"35",-18,25.5
"35",-18,24.5
"35",-18,23.5
"35",-18,22.5
"35",-18,21.5
"35",-18,20.5
"35",-18,19.5
"35",-18,18.5
"35",-18,17.5
"35",-18,16.5
"35",-18,15.5
"35",-18,14.5
"35",-18,13.5
"35",-18,12.5
"35",-18,11.5
"35",-18,10.5
"35",-18,9.5
"35",-17,8.5
"35",-16,8.5
"35",-15,7.5
"35",-14,7.5
"35",-13,6.5
"35",-12,5.5
"35",-11,5.5
"35",-11,4.5
"35",-11,3.5
"35",-11,2.5
"35",-11,1.5
"35",-10,0.5
"35",-9,-0.5
"35",-9,-1.5
"35",-8,-2.5
"35",-7,-3.5
"35",-6,-4.5
"35",-5,-5.5
"35",-4,-5.5
"35",-3,-6.5
"35",-2,-7.5
"35",-1,-8.5
"35",0,-9.5
"35",1,-10.5
"35",2,-11.5
"35",3,-12.5
"35",3,-13.5
"35",3,-14.5
"35",3,-15.5
"35",3,-16.5
"35",3,-17.5
"35",3,-18.5
"35",3,-19.5
"35",4,-20.5
"35",5,-21.5
"35",5,-22.5
"35",5,-23.5
"35",5,-24.5
"35",5,-25.5
"35",5,-26.5
"35",5,-27.5
"35",5,-28.5
"35",5,-29.5
"35",5,-30.5
"35",5,-31.5
"35",5,-32.5
"35",5,-33.5
"35",5,-34.5
"35",5,-35.5
"35",5,-36.5
"35",5,-37.5
"35",5,-38.5
"35",6,-39.5
"35",7,-39.5
"35",8,-39.5
"35",9,-39.5
"35",10,-39.5
"35",11,-39.5
"35",11,-40.5
"35",12,-41.5
"35",13,-41.5
"35",14,-41.5
"35",15,-42.5
"35",16,-42.5
"35",17,-43.5
"35",18,-43.5
"35",19,-43.5
"35",20,-43.5
"35",21,-43.5
"35",22,-43.5
"35",23,-44.5
"35",24,-44.5
"35",25,-45.5
"36",-5,54.5
"36",-5,53.5
"36",-5,52.5
"36",-5,51.5
"36",-5,50.5
"36",-5,49.5
"36",-5,48.5
"36",-5,47.5
"36",-6,47.5
"36",-6,46.5
"36",-7,46.5
"36",-8,45.5
"36",-9,45.5
"36",-10,45.5
"36",-11,44.5
"36",-12,44.5
"36",-13,44.5
"36",-14,44.5
"36",-15,43.5
"36",-16,43.5
"36",-17,43.5
"36",-18,42.5
"36",-18,41.5
"36",-18,40.5
"36",-18,39.5
"36",-18,38.5
"36",-18,37.5
"36",-18,36.5
"36",-18,35.5
"36",-18,34.5
"36",-18,33.5
"36",-18,32.5
"36",-18,31.5
"36",-18,30.5
"36",-18,29.5
"36",-18,28.5
"36",-18,27.5
"36",-18,26.5
"36",-18,25.5
"36",-18,24.5
"36",-18,23.5
"36",-18,22.5
"36",-18,21.5
"36",-18,20.5
"36",-18,19.5
"36",-18,18.5
"36",-18,17.5
"36",-18,16.5
"36",-18,15.5
"36",-18,14.5
"36",-18,13.5
"36",-18,12.5
"36",-18,11.5
"36",-18,10.5
"36",-18,9.5
"36",-17,8.5
"36",-16,8.5
"36",-15,7.5
"36",-14,7.5
"36",-13,6.5
"36",-12,5.5
"36",-11,5.5
"36",-11,4.5
"36",-11,3.5
"36",-11,2.5
"36",-11,1.5
"36",-10,0.5
"36",-9,-0.5
"36",-8,-1.5
"36",-7,-2.5
"36",-6,-3.5
"36",-5,-4.5
"36",-4,-4.5
"36",-3,-5.5
"36",-3,-6.5
"36",-2,-7.5
"36",-1,-7.5
"36",-1,-8.5
"36",0,-9.5
"36",1,-10.5
"36",2,-11.5
"36",3,-12.5
"36",3,-13.5
"36",3,-14.5
"36",3,-15.5
"36",3,-16.5
"36",3,-17.5
"36",3,-18.5
"36",3,-19.5
"36",4,-20.5
"36",5,-21.5
"36",5,-22.5
"36",5,-23.5
"36",5,-24.5
"36",5,-25.5
"36",5,-26.5
"36",5,-27.5
"36",5,-28.5
"36",5,-29.5
"36",5,-30.5
"36",5,-31.5
"36",5,-32.5
"36",5,-33.5
"36",5,-34.5
"36",5,-35.5
"36",5,-36.5
"36",5,-37.5
"36",5,-38.5
"36",6,-39.5
"36",7,-39.5
"36",8,-39.5
"36",9,-39.5
"36",10,-39.5
"36",11,-39.5
"36",11,-40.5
"36",12,-41.5
"36",13,-41.5
"36",14,-41.5
"36",15,-42.5
"36",16,-42.5
"36",17,-43.5
"36",18,-43.5
"36",19,-43.5
"36",20,-43.5
"36",21,-43.5
"36",22,-43.5
"36",23,-44.5
"36",24,-44.5
"36",25,-45.5
"37",-5,54.5
"37",-5,53.5
"37",-5,52.5
"37",-5,51.5
"37",-5,50.5
"37",-5,49.5
"37",-5,48.5
"37",-5,47.5
"37",-6,46.5
"37",-7,46.5
"37",-8,45.5
"37",-9,44.5
"37",-10,44.5
"37",-11,43.5
"37",-10,42.5
"37",-11,41.5
"37",-11,40.5
"37",-11,39.5
"37",-12,38.5
"37",-13,37.5
"37",-14,37.5
"37",-14,36.5
"37",-14,35.5
"37",-14,34.5
"37",-14,33.5
"37",-14,32.5
"37",-14,31.5
"37",-14,30.5
"37",-14,29.5
"37",-14,28.5
"37",-15,27.5
"37",-16,26.5
"37",-17,25.5
"37",-18,24.5
"37",-18,23.5
"37",-18,22.5
"37",-18,21.5
"37",-18,20.5
"37",-18,19.5
"37",-18,18.5
"37",-18,17.5
"37",-18,16.5
"37",-18,15.5
"37",-18,14.5
"37",-18,13.5
"37",-18,12.5
"37",-18,11.5
"37",-18,10.5
"37",-18,9.5
"37",-17,8.5
"37",-16,8.5
"37",-15,7.5
"37",-14,7.5
"37",-13,6.5
"37",-12,5.5
"37",-11,5.5
"37",-11,4.5
"37",-11,3.5
"37",-11,2.5
"37",-11,1.5
"37",-11,0.5
"37",-11,-0.5
"37",-11,-1.5
"37",-10,-2.5
"37",-9,-3.5
"37",-8,-4.5
"37",-7,-5.5
"37",-6,-6.5
"37",-6,-7.5
"37",-5,-8.5
"37",-4,-9.5
"37",-3,-10.5
"37",-2,-11.5
"37",-1,-12.5
"37",0,-13.5
"37",1,-14.5
"37",1,-15.5
"37",1,-16.5
"37",2,-17.5
"37",3,-18.5
"37",3,-19.5
"37",4,-20.5
"37",5,-21.5
"37",5,-22.5
"37",5,-23.5
"37",5,-24.5
"37",5,-25.5
"37",5,-26.5
"37",5,-27.5
"37",5,-28.5
"37",5,-29.5
"37",5,-30.5
"37",5,-31.5
"37",5,-32.5
"37",5,-33.5
"37",5,-34.5
"37",5,-35.5
"37",5,-36.5
"37",5,-37.5
"37",5,-38.5
"37",6,-39.5
"37",7,-39.5
"37",8,-39.5
"37",9,-39.5
"37",10,-39.5
"37",11,-39.5
"37",11,-40.5
"37",12,-41.5
"37",13,-41.5
"37",14,-41.5
"37",15,-42.5
"37",16,-42.5
"37",17,-43.5
"37",18,-43.5
"37",19,-43.5
"37",20,-43.5
"37",21,-43.5
"37",22,-43.5
"37",23,-44.5
"37",24,-44.5
"37",25,-45.5
"38",-5,54.5
"38",-5,53.5
"38",-5,52.5
"38",-5,51.5
"38",-5,50.5
"38",-5,49.5
"38",-5,48.5
"38",-5,47.5
"38",-6,46.5
"38",-7,46.5
"38",-8,45.5
"38",-9,45.5
"38",-10,45.5
"38",-11,44.5
"38",-12,44.5
"38",-13,44.5
"38",-14,44.5
"38",-15,43.5
"38",-16,43.5
"38",-17,43.5
"38",-18,42.5
"38",-18,41.5
"38",-18,40.5
"38",-18,39.5
"38",-18,38.5
"38",-18,37.5
"38",-18,36.5
"38",-18,35.5
"38",-18,34.5
"38",-18,33.5
"38",-18,32.5
"38",-18,31.5
"38",-18,30.5
"38",-18,29.5
"38",-18,28.5
"38",-18,27.5
"38",-18,26.5
"38",-18,25.5
"38",-18,24.5
"38",-18,23.5
"38",-18,22.5
"38",-18,21.5
"38",-18,20.5
"38",-18,19.5
"38",-18,18.5
"38",-18,17.5
"38",-18,16.5
"38",-18,15.5
"38",-18,14.5
"38",-18,13.5
"38",-18,12.5
"38",-18,11.5
"38",-18,10.5
"38",-18,9.5
"38",-17,8.5
"38",-16,8.5
"38",-15,7.5
"38",-14,7.5
"38",-13,6.5
"38",-12,5.5
"38",-11,5.5
"38",-11,4.5
"38",-11,3.5
"38",-11,2.5
"38",-11,1.5
"38",-10,0.5
"38",-9,-0.5
"38",-9,-1.5
"38",-8,-2.5
"38",-7,-3.5
"38",-6,-4.5
"38",-5,-5.5
"38",-4,-5.5
"38",-3,-6.5
"38",-2,-7.5
"38",-1,-7.5
"38",-1,-8.5
"38",0,-9.5
"38",1,-10.5
"38",2,-11.5
"38",3,-12.5
"38",3,-13.5
"38",3,-14.5
"38",3,-15.5
"38",3,-16.5
"38",3,-17.5
"38",3,-18.5
"38",3,-19.5
"38",4,-20.5
"38",5,-21.5
"38",5,-22.5
"38",5,-23.5
"38",5,-24.5
"38",5,-25.5
"38",5,-26.5
"38",5,-27.5
"38",5,-28.5
"38",5,-29.5
"38",5,-30.5
"38",5,-31.5
"38",5,-32.5
"38",5,-33.5
"38",5,-34.5
"38",5,-35.5
"38",5,-36.5
"38",5,-37.5
"38",5,-38.5
"38",6,-39.5
"38",7,-39.5
"38",8,-39.5
"38",9,-39.5
"38",10,-39.5
"38",11,-39.5
"38",11,-40.5
"38",12,-41.5
"38",13,-41.5
"38",14,-41.5
"38",15,-42.5
"38",16,-42.5
"38",17,-43.5
"38",18,-43.5
"38",19,-43.5
"38",20,-43.5
"38",21,-43.5
"38",22,-43.5
"38",23,-44.5
"38",24,-44.5
"38",25,-45.5
"39",-5,54.5
"39",-5,53.5
"39",-5,52.5
"39",-5,51.5
"39",-5,50.5
"39",-5,49.5
"39",-5,48.5
"39",-5,47.5
"39",-6,47.5
"39",-6,46.5
"39",-7,46.5
"39",-8,45.5
"39",-9,44.5
"39",-10,44.5
"39",-11,43.5
"39",-12,43.5
"39",-13,43.5
"39",-14,43.5
"39",-15,42.5
"39",-16,42.5
"39",-17,42.5
"39",-18,41.5
"39",-18,40.5
"39",-18,39.5
"39",-18,38.5
"39",-18,37.5
"39",-18,36.5
"39",-18,35.5
"39",-18,34.5
"39",-18,33.5
"39",-18,32.5
"39",-18,31.5
"39",-18,30.5
"39",-18,29.5
"39",-18,28.5
"39",-18,27.5
"39",-18,26.5
"39",-18,25.5
"39",-18,24.5
"39",-18,23.5
"39",-18,22.5
"39",-18,21.5
"39",-18,20.5
"39",-18,19.5
"39",-18,18.5
"39",-18,17.5
"39",-18,16.5
"39",-18,15.5
"39",-18,14.5
"39",-18,13.5
"39",-18,12.5
"39",-18,11.5
"39",-18,10.5
"39",-18,9.5
"39",-17,8.5
"39",-16,8.5
"39",-15,7.5
"39",-14,7.5
"39",-13,6.5
"39",-12,5.5
"39",-11,5.5
"39",-11,4.5
"39",-10,3.5
"39",-9,3.5
"39",-8,2.5
"39",-7,3.5
"39",-6,3.5
"39",-5,2.5
"39",-4,2.5
"39",-4,1.5
"39",-4,0.5
"39",-4,-0.5
"39",-4,-1.5
"39",-4,-2.5
"39",-4,-3.5
"39",-4,-4.5
"39",-3,-5.5
"39",-3,-6.5
"39",-2,-7.5
"39",-1,-7.5
"39",-1,-8.5
"39",0,-9.5
"39",1,-10.5
"39",2,-11.5
"39",3,-12.5
"39",3,-13.5
"39",3,-14.5
"39",3,-15.5
"39",3,-16.5
"39",3,-17.5
"39",3,-18.5
"39",3,-19.5
"39",3,-20.5
"39",4,-21.5
"39",5,-22.5
"39",5,-23.5
"39",5,-24.5
"39",5,-25.5
"39",5,-26.5
"39",5,-27.5
"39",5,-28.5
"39",5,-29.5
"39",5,-30.5
"39",5,-31.5
"39",5,-32.5
"39",5,-33.5
"39",5,-34.5
"39",6,-35.5
"39",7,-35.5
"39",8,-35.5
"39",9,-35.5
"39",10,-35.5
"39",11,-35.5
"39",11,-36.5
"39",12,-37.5
"39",13,-38.5
"39",14,-38.5
"39",15,-39.5
"39",16,-40.5
"39",17,-41.5
"39",18,-41.5
"39",19,-41.5
"39",20,-41.5
"39",21,-42.5
"39",22,-42.5
"39",23,-43.5
"39",24,-44.5
"39",25,-45.5
"40",-5,54.5
"40",-5,53.5
"40",-5,52.5
"40",-5,51.5
"40",-5,50.5
"40",-5,49.5
"40",-5,48.5
"40",-5,47.5
"40",-6,46.5
"40",-7,46.5
"40",-8,45.5
"40",-9,44.5
"40",-10,44.5
"40",-11,43.5
"40",-11,42.5
"40",-11,41.5
"40",-11,40.5
"40",-11,39.5
"40",-11,38.5
"40",-11,37.5
"40",-11,36.5
"40",-11,35.5
"40",-11,34.5
"40",-11,33.5
"40",-11,32.5
"40",-12,31.5
"40",-13,30.5
"40",-14,29.5
"40",-15,28.5
"40",-16,27.5
"40",-16,26.5
"40",-17,25.5
"40",-18,24.5
"40",-18,23.5
"40",-18,22.5
"40",-18,21.5
"40",-18,20.5
"40",-18,19.5
"40",-18,18.5
"40",-18,17.5
"40",-18,16.5
"40",-18,15.5
"40",-18,14.5
"40",-18,13.5
"40",-18,12.5
"40",-18,11.5
"40",-18,10.5
"40",-18,9.5
"40",-17,8.5
"40",-16,8.5
"40",-16,7.5
"40",-16,6.5
"40",-16,5.5
"40",-16,4.5
"40",-16,3.5
"40",-16,2.5
"40",-16,1.5
"40",-16,0.5
"40",-16,-0.5
"40",-15,-1.5
"40",-14,-2.5
"40",-13,-3.5
"40",-12,-4.5
"40",-11,-5.5
"40",-10,-6.5
"40",-9,-7.5
"40",-8,-8.5
"40",-7,-9.5
"40",-6,-10.5
"40",-5,-11.5
"40",-4,-12.5
"40",-3,-13.5
"40",-2,-14.5
"40",-1,-15.5
"40",-1,-16.5
"40",0,-17.5
"40",1,-18.5
"40",2,-19.5
"40",3,-20.5
"40",4,-21.5
"40",5,-22.5
"40",5,-23.5
"40",5,-24.5
"40",5,-25.5
"40",5,-26.5
"40",5,-27.5
"40",5,-28.5
"40",5,-29.5
"40",5,-30.5
"40",5,-31.5
"40",5,-32.5
"40",5,-33.5
"40",5,-34.5
"40",5,-35.5
"40",5,-36.5
"40",5,-37.5
"40",5,-38.5
"40",6,-39.5
"40",7,-39.5
"40",8,-40.5
"40",9,-40.5
"40",10,-40.5
"40",11,-40.5
"40",12,-41.5
"40",13,-41.5
"40",14,-41.5
"40",15,-42.5
"40",16,-42.5
"40",17,-43.5
"40",18,-43.5
"40",19,-43.5
"40",20,-43.5
"40",21,-43.5
"40",22,-43.5
"40",23,-44.5
"40",24,-44.5
"40",25,-45.5
"41",-5,54.5
"41",-5,53.5
"41",-5,52.5
"41",-5,51.5
"41",-5,50.5
"41",-5,49.5
"41",-5,48.5
"41",-5,47.5
"41",-6,46.5
"41",-7,46.5
"41",-8,45.5
"41",-9,45.5
"41",-10,45.5
"41",-11,44.5
"41",-12,44.5
"41",-13,44.5
"41",-14,44.5
"41",-15,43.5
"41",-16,43.5
"41",-17,43.5
"41",-18,42.5
"41",-18,41.5
"41",-18,40.5
"41",-18,39.5
"41",-18,38.5
"41",-18,37.5
"41",-18,36.5
"41",-18,35.5
"41",-18,34.5
"41",-18,33.5
"41",-18,32.5
"41",-18,31.5
"41",-18,30.5
"41",-18,29.5
"41",-18,28.5
"41",-18,27.5
"41",-18,26.5
"41",-18,25.5
"41",-18,24.5
"41",-18,23.5
"41",-18,22.5
"41",-18,21.5
"41",-18,20.5
"41",-18,19.5
"41",-18,18.5
"41",-18,17.5
"41",-18,16.5
"41",-18,15.5
"41",-18,14.5
"41",-18,13.5
"41",-18,12.5
"41",-18,11.5
"41",-18,10.5
"41",-18,9.5
"41",-17,8.5
"41",-16,8.5
"41",-15,7.5
"41",-14,7.5
"41",-13,6.5
"41",-12,5.5
"41",-11,5.5
"41",-11,4.5
"41",-11,3.5
"41",-11,2.5
"41",-11,1.5
"41",-11,0.5
"41",-11,-0.5
"41",-11,-1.5
"41",-10,-2.5
"41",-9,-3.5
"41",-8,-4.5
"41",-7,-5.5
"41",-6,-6.5
"41",-6,-7.5
"41",-5,-8.5
"41",-4,-9.5
"41",-3,-10.5
"41",-2,-11.5
"41",-1,-12.5
"41",0,-13.5
"41",1,-14.5
"41",1,-15.5
"41",1,-16.5
"41",2,-17.5
"41",3,-18.5
"41",3,-19.5
"41",3,-20.5
"41",4,-21.5
"41",5,-22.5
"41",5,-23.5
"41",5,-24.5
"41",5,-25.5
"41",5,-26.5
"41",5,-27.5
"41",5,-28.5
"41",5,-29.5
"41",5,-30.5
"41",5,-31.5
"41",5,-32.5
"41",5,-33.5
"41",5,-34.5
"41",5,-35.5
"41",5,-36.5
"41",5,-37.5
"41",5,-38.5
"41",6,-39.5
"41",7,-39.5
"41",8,-39.5
"41",9,-39.5
"41",10,-39.5
"41",11,-39.5
"41",11,-40.5
"41",12,-41.5
"41",13,-41.5
"41",14,-41.5
"41",15,-42.5
"41",16,-42.5
"41",17,-43.5
"41",18,-43.5
"41",19,-43.5
"41",20,-43.5
"41",21,-43.5
"41",22,-43.5
"41",23,-44.5
"41",24,-44.5
"41",25,-45.5
"42",-5,54.5
"42",-5,53.5
"42",-5,52.5
"42",-5,51.5
"42",-5,50.5
"42",-5,49.5
"42",-5,48.5
"42",-5,47.5
"42",-6,46.5
"42",-7,46.5
"42",-8,45.5
"42",-9,44.5
"42",-10,44.5
"42",-11,43.5
"42",-12,43.5
"42",-13,43.5
"42",-14,43.5
"42",-15,42.5
"42",-16,42.5
"42",-17,42.5
"42",-18,41.5
"42",-18,40.5
"42",-18,39.5
"42",-18,38.5
"42",-18,37.5
"42",-18,36.5
"42",-18,35.5
"42",-18,34.5
"42",-18,33.5
"42",-18,32.5
"42",-18,31.5
"42",-18,30.5
"42",-18,29.5
"42",-18,28.5
"42",-18,27.5
"42",-18,26.5
"42",-18,25.5
"42",-18,24.5
"42",-18,23.5
"42",-18,22.5
"42",-18,21.5
"42",-18,20.5
"42",-18,19.5
"42",-18,18.5
"42",-18,17.5
"42",-18,16.5
"42",-18,15.5
"42",-18,14.5
"42",-18,13.5
"42",-18,12.5
"42",-18,11.5
"42",-18,10.5
"42",-18,9.5
"42",-17,8.5
"42",-16,8.5
"42",-15,7.5
"42",-14,7.5
"42",-13,6.5
"42",-12,5.5
"42",-11,5.5
"42",-11,4.5
"42",-11,3.5
"42",-11,2.5
"42",-11,1.5
"42",-10,0.5
"42",-9,-0.5
"42",-8,-1.5
"42",-7,-2.5
"42",-6,-3.5
"42",-5,-4.5
"42",-4,-4.5
"42",-3,-5.5
"42",-3,-6.5
"42",-2,-7.5
"42",-1,-7.5
"42",-1,-8.5
"42",0,-9.5
"42",1,-10.5
"42",2,-11.5
"42",3,-12.5
"42",3,-13.5
"42",3,-14.5
"42",3,-15.5
"42",3,-16.5
"42",3,-17.5
"42",3,-18.5
"42",3,-19.5
"42",3,-20.5
"42",4,-21.5
"42",5,-22.5
"42",5,-23.5
"42",5,-24.5
"42",5,-25.5
"42",5,-26.5
"42",5,-27.5
"42",5,-28.5
"42",5,-29.5
"42",5,-30.5
"42",5,-31.5
"42",5,-32.5
"42",5,-33.5
"42",5,-34.5
"42",5,-35.5
"42",5,-36.5
"42",6,-37.5
"42",7,-37.5
"42",8,-37.5
"42",9,-37.5
"42",10,-37.5
"42",11,-37.5
"42",12,-37.5
"42",13,-38.5
"42",14,-38.5
"42",15,-39.5
"42",16,-40.5
"42",17,-41.5
"42",18,-41.5
"42",19,-41.5
"42",20,-41.5
"42",21,-42.5
"42",22,-42.5
"42",23,-43.5
"42",24,-44.5
"42",25,-45.5
"43",-5,54.5
"43",-5,53.5
"43",-5,52.5
"43",-5,51.5
"43",-5,50.5
"43",-5,49.5
"43",-5,48.5
"43",-5,47.5
"43",-6,47.5
"43",-6,46.5
"43",-7,46.5
"43",-8,45.5
"43",-9,44.5
"43",-10,44.5
"43",-11,43.5
"43",-12,43.5
"43",-13,43.5
"43",-14,43.5
"43",-15,42.5
"43",-16,42.5
"43",-17,42.5
"43",-18,41.5
"43",-18,40.5
"43",-18,39.5
"43",-18,38.5
"43",-18,37.5
"43",-18,36.5
"43",-18,35.5
"43",-18,34.5
"43",-18,33.5
"43",-18,32.5
"43",-18,31.5
"43",-18,30.5
"43",-18,29.5
"43",-18,28.5
"43",-18,27.5
"43",-18,26.5
"43",-18,25.5
"43",-18,24.5
"43",-18,23.5
"43",-18,22.5
"43",-18,21.5
"43",-18,20.5
"43",-18,19.5
"43",-18,18.5
"43",-18,17.5
"43",-18,16.5
"43",-18,15.5
"43",-18,14.5
"43",-18,13.5
"43",-18,12.5
"43",-18,11.5
"43",-18,10.5
"43",-18,9.5
"43",-17,8.5
"43",-16,8.5
"43",-15,7.5
"43",-14,7.5
"43",-13,6.5
"43",-12,5.5
"43",-11,5.5
"43",-11,4.5
"43",-10,3.5
"43",-9,3.5
"43",-8,2.5
"43",-7,3.5
"43",-6,3.5
"43",-5,2.5
"43",-4,2.5
"43",-4,1.5
"43",-4,0.5
"43",-4,-0.5
"43",-4,-1.5
"43",-4,-2.5
"43",-4,-3.5
"43",-4,-4.5
"43",-3,-5.5
"43",-3,-6.5
"43",-2,-7.5
"43",-1,-7.5
"43",-1,-8.5
"43",0,-9.5
"43",1,-10.5
"43",2,-11.5
"43",3,-12.5
"43",3,-13.5
"43",3,-14.5
"43",3,-15.5
"43",3,-16.5
"43",3,-17.5
"43",3,-18.5
"43",3,-19.5
"43",3,-20.5
"43",4,-21.5
"43",5,-22.5
"43",5,-23.5
"43",5,-24.5
"43",5,-25.5
"43",5,-26.5
"43",5,-27.5
"43",5,-28.5
"43",5,-29.5
"43",5,-30.5
"43",5,-31.5
"43",5,-32.5
"43",5,-33.5
"43",5,-34.5
"43",6,-35.5
"43",7,-35.5
"43",8,-35.5
"43",9,-35.5
"43",10,-35.5
"43",11,-35.5
"43",11,-36.5
"43",12,-37.5
"43",13,-38.5
"43",14,-38.5
"43",15,-39.5
"43",16,-40.5
"43",17,-41.5
"43",18,-41.5
"43",19,-41.5
"43",20,-41.5
"43",21,-42.5
"43",22,-42.5
"43",23,-43.5
"43",24,-44.5
"43",25,-45.5
"44",-5,54.5
"44",-5,53.5
"44",-5,52.5
"44",-5,51.5
"44",-5,50.5
"44",-5,49.5
"44",-5,48.5
"44",-6,47.5
"44",-7,46.5
"44",-8,45.5
"44",-9,44.5
"44",-10,44.5
"44",-11,43.5
"44",-11,42.5
"44",-11,41.5
"44",-11,40.5
"44",-11,39.5
"44",-11,38.5
"44",-11,37.5
"44",-11,36.5
"44",-11,35.5
"44",-11,34.5
"44",-11,33.5
"44",-11,32.5
"44",-12,31.5
"44",-13,30.5
"44",-14,29.5
"44",-15,28.5
"44",-16,27.5
"44",-16,26.5
"44",-17,25.5
"44",-18,24.5
"44",-18,23.5
"44",-18,22.5
"44",-18,21.5
"44",-18,20.5
"44",-18,19.5
"44",-18,18.5
"44",-18,17.5
"44",-18,16.5
"44",-18,15.5
"44",-18,14.5
"44",-18,13.5
"44",-18,12.5
"44",-18,11.5
"44",-18,10.5
"44",-18,9.5
"44",-18,8.5
"44",-18,7.5
"44",-18,6.5
"44",-18,5.5
"44",-18,4.5
"44",-18,3.5
"44",-18,2.5
"44",-18,1.5
"44",-18,0.5
"44",-17,-0.5
"44",-16,-1.5
"44",-15,-2.5
"44",-14,-3.5
"44",-13,-4.5
"44",-12,-5.5
"44",-11,-6.5
"44",-10,-7.5
"44",-9,-8.5
"44",-8,-9.5
"44",-7,-10.5
"44",-6,-11.5
"44",-5,-12.5
"44",-4,-13.5
"44",-3,-14.5
"44",-2,-15.5
"44",-1,-16.5
"44",0,-17.5
"44",1,-18.5
"44",2,-19.5
"44",3,-20.5
"44",4,-21.5
"44",5,-22.5
"44",6,-23.5
"44",7,-24.5
"44",8,-25.5
"44",9,-26.5
"44",10,-27.5
"44",11,-28.5
"44",11,-29.5
"44",11,-30.5
"44",11,-31.5
"44",11,-32.5
"44",11,-33.5
"44",11,-34.5
"44",11,-35.5
"44",11,-36.5
"44",11,-37.5
"44",11,-38.5
"44",11,-39.5
"44",11,-40.5
"44",12,-41.5
"44",13,-41.5
"44",14,-41.5
"44",15,-42.5
"44",16,-42.5
"44",17,-43.5
"44",18,-43.5
"44",19,-43.5
"44",20,-43.5
"44",21,-43.5
"44",22,-43.5
"44",23,-44.5
"44",24,-44.5
"44",25,-45.5
"45",-5,54.5
"45",-5,53.5
"45",-5,52.5
"45",-5,51.5
"45",-5,50.5
"45",-5,49.5
"45",-5,48.5
"45",-5,47.5
"45",-6,46.5
"45",-7,46.5
"45",-8,45.5
"45",-9,44.5
"45",-10,44.5
"45",-11,43.5
"45",-11,42.5
"45",-11,41.5
"45",-11,40.5
"45",-11,39.5
"45",-11,38.5
"45",-11,37.5
"45",-11,36.5
"45",-11,35.5
"45",-11,34.5
"45",-11,33.5
"45",-11,32.5
"45",-12,31.5
"45",-13,30.5
"45",-14,29.5
"45",-14,28.5
"45",-15,27.5
"45",-16,26.5
"45",-17,25.5
"45",-18,24.5
"45",-18,23.5
"45",-18,22.5
"45",-18,21.5
"45",-18,20.5
"45",-18,19.5
"45",-18,18.5
"45",-18,17.5
"45",-18,16.5
"45",-18,15.5
"45",-18,14.5
"45",-18,13.5
"45",-18,12.5
"45",-18,11.5
"45",-18,10.5
"45",-18,9.5
"45",-17,8.5
"45",-16,8.5
"45",-15,7.5
"45",-14,7.5
"45",-13,6.5
"45",-12,5.5
"45",-11,4.5
"45",-11,3.5
"45",-11,2.5
"45",-11,1.5
"45",-11,0.5
"45",-11,-0.5
"45",-11,-1.5
"45",-10,-2.5
"45",-9,-3.5
"45",-8,-4.5
"45",-7,-5.5
"45",-6,-6.5
"45",-6,-7.5
"45",-5,-8.5
"45",-4,-9.5
"45",-3,-10.5
"45",-2,-11.5
"45",-1,-12.5
"45",0,-13.5
"45",1,-14.5
"45",1,-15.5
"45",1,-16.5
"45",2,-17.5
"45",3,-18.5
"45",3,-19.5
"45",3,-20.5
"45",4,-21.5
"45",5,-22.5
"45",5,-23.5
"45",5,-24.5
"45",5,-25.5
"45",5,-26.5
"45",5,-27.5
"45",5,-28.5
"45",5,-29.5
"45",5,-30.5
"45",5,-31.5
"45",5,-32.5
"45",5,-33.5
"45",5,-34.5
"45",5,-35.5
"45",5,-36.5
"45",5,-37.5
"45",5,-38.5
"45",6,-39.5
"45",7,-39.5
"45",8,-40.5
"45",9,-40.5
"45",10,-40.5
"45",11,-40.5
"45",12,-41.5
"45",13,-41.5
"45",14,-41.5
"45",15,-42.5
"45",16,-42.5
"45",17,-43.5
"45",18,-43.5
"45",19,-43.5
"45",20,-43.5
"45",21,-43.5
"45",22,-43.5
"45",23,-44.5
"45",24,-44.5
"45",25,-45.5
"46",-5,54.5
"46",-5,53.5
"46",-5,52.5
"46",-5,51.5
"46",-5,50.5
"46",-5,49.5
"46",-5,48.5
"46",-5,47.5
"46",-6,46.5
"46",-7,46.5
"46",-8,45.5
"46",-9,45.5
"46",-10,45.5
"46",-11,44.5
"46",-12,44.5
"46",-13,44.5
"46",-14,44.5
"46",-15,43.5
"46",-16,43.5
"46",-17,43.5
"46",-18,42.5
"46",-18,41.5
"46",-18,40.5
"46",-18,39.5
"46",-18,38.5
"46",-18,37.5
"46",-18,36.5
"46",-18,35.5
"46",-18,34.5
"46",-18,33.5
"46",-18,32.5
"46",-18,31.5
"46",-18,30.5
"46",-18,29.5
"46",-18,28.5
"46",-18,27.5
"46",-18,26.5
"46",-18,25.5
"46",-18,24.5
"46",-18,23.5
"46",-18,22.5
"46",-18,21.5
"46",-18,20.5
"46",-18,19.5
"46",-18,18.5
"46",-18,17.5
"46",-18,16.5
"46",-18,15.5
"46",-18,14.5
"46",-18,13.5
"46",-18,12.5
"46",-18,11.5
"46",-18,10.5
"46",-18,9.5
"46",-17,8.5
"46",-16,8.5
"46",-15,7.5
"46",-14,7.5
"46",-13,6.5
"46",-12,5.5
"46",-11,5.5
"46",-11,4.5
"46",-11,3.5
"46",-11,2.5
"46",-11,1.5
"46",-10,0.5
"46",-9,-0.5
"46",-9,-1.5
"46",-8,-2.5
"46",-7,-3.5
"46",-6,-4.5
"46",-5,-5.5
"46",-4,-5.5
"46",-3,-6.5
"46",-2,-7.5
"46",-1,-8.5
"46",0,-9.5
"46",1,-10.5
"46",2,-11.5
"46",3,-12.5
"46",3,-13.5
"46",3,-14.5
"46",3,-15.5
"46",3,-16.5
"46",3,-17.5
"46",3,-18.5
"46",3,-19.5
"46",3,-20.5
"46",4,-21.5
"46",5,-22.5
"46",5,-23.5
"46",5,-24.5
"46",5,-25.5
"46",5,-26.5
"46",5,-27.5
"46",5,-28.5
"46",5,-29.5
"46",5,-30.5
"46",5,-31.5
"46",5,-32.5
"46",5,-33.5
"46",5,-34.5
"46",5,-35.5
"46",5,-36.5
"46",5,-37.5
"46",6,-38.5
"46",7,-38.5
"46",8,-38.5
"46",9,-38.5
"46",10,-38.5
"46",11,-38.5
"46",12,-39.5
"46",13,-40.5
"46",14,-40.5
"46",15,-41.5
"46",16,-41.5
"46",17,-42.5
"46",18,-42.5
"46",19,-42.5
"46",20,-42.5
"46",21,-43.5
"46",22,-43.5
"46",23,-44.5
"46",24,-44.5
"46",25,-45.5
"47",-5,54.5
"47",-5,53.5
"47",-5,52.5
"47",-5,51.5
"47",-5,50.5
"47",-5,49.5
"47",-5,48.5
"47",-5,47.5
"47",-6,47.5
"47",-6,46.5
"47",-7,46.5
"47",-8,45.5
"47",-9,44.5
"47",-10,44.5
"47",-11,43.5
"47",-12,43.5
"47",-13,43.5
"47",-14,43.5
"47",-15,42.5
"47",-16,42.5
"47",-17,42.5
"47",-18,41.5
"47",-18,40.5
"47",-18,39.5
"47",-18,38.5
"47",-18,37.5
"47",-18,36.5
"47",-18,35.5
"47",-18,34.5
"47",-18,33.5
"47",-18,32.5
"47",-18,31.5
"47",-18,30.5
"47",-18,29.5
"47",-18,28.5
"47",-18,27.5
"47",-18,26.5
"47",-18,25.5
"47",-18,24.5
"47",-18,23.5
"47",-18,22.5
"47",-18,21.5
"47",-18,20.5
"47",-18,19.5
"47",-18,18.5
"47",-18,17.5
"47",-18,16.5
"47",-18,15.5
"47",-18,14.5
"47",-18,13.5
"47",-18,12.5
"47",-18,11.5
"47",-18,10.5
"47",-18,9.5
"47",-17,8.5
"47",-16,8.5
"47",-15,7.5
"47",-14,7.5
"47",-13,6.5
"47",-12,5.5
"47",-11,5.5
"47",-11,4.5
"47",-11,3.5
"47",-11,2.5
"47",-11,1.5
"47",-10,0.5
"47",-9,-0.5
"47",-8,-1.5
"47",-7,-2.5
"47",-6,-3.5
"47",-5,-4.5
"47",-4,-4.5
"47",-3,-5.5
"47",-3,-6.5
"47",-2,-7.5
"47",-1,-7.5
"47",-1,-8.5
"47",0,-9.5
"47",1,-10.5
"47",2,-11.5
"47",3,-12.5
"47",3,-13.5
"47",3,-14.5
"47",3,-15.5
"47",3,-16.5
"47",3,-17.5
"47",3,-18.5
"47",3,-19.5
"47",3,-20.5
"47",3,-21.5
"47",4,-22.5
"47",5,-23.5
"47",5,-24.5
"47",5,-25.5
"47",5,-26.5
"47",5,-27.5
"47",5,-28.5
"47",5,-29.5
"47",5,-30.5
"47",5,-31.5
"47",5,-32.5
"47",5,-33.5
"47",5,-34.5
"47",6,-35.5
"47",7,-35.5
"47",8,-35.5
"47",9,-35.5
"47",10,-35.5
"47",11,-35.5
"47",12,-36.5
"47",13,-37.5
"47",14,-38.5
"47",15,-39.5
"47",16,-40.5
"47",17,-41.5
"47",18,-41.5
"47",19,-41.5
"47",20,-41.5
"47",21,-42.5
"47",22,-42.5
"47",23,-43.5
"47",24,-44.5
"47",25,-45.5
"48",-5,54.5
"48",-5,53.5
"48",-5,52.5
"48",-5,51.5
"48",-5,50.5
"48",-5,49.5
"48",-5,48.5
"48",-5,47.5
"48",-6,47.5
"48",-6,46.5
"48",-7,46.5
"48",-8,45.5
"48",-9,44.5
"48",-10,44.5
"48",-11,43.5
"48",-12,43.5
"48",-13,43.5
"48",-14,43.5
"48",-15,42.5
"48",-16,42.5
"48",-17,42.5
"48",-18,41.5
"48",-18,40.5
"48",-18,39.5
"48",-18,38.5
"48",-18,37.5
"48",-18,36.5
"48",-18,35.5
"48",-18,34.5
"48",-18,33.5
"48",-18,32.5
"48",-18,31.5
"48",-18,30.5
"48",-18,29.5
"48",-18,28.5
"48",-18,27.5
"48",-18,26.5
"48",-18,25.5
"48",-18,24.5
"48",-18,23.5
"48",-18,22.5
"48",-18,21.5
"48",-18,20.5
"48",-18,19.5
"48",-18,18.5
"48",-18,17.5
"48",-18,16.5
"48",-18,15.5
"48",-18,14.5
"48",-18,13.5
"48",-18,12.5
"48",-18,11.5
"48",-18,10.5
"48",-18,9.5
"48",-17,8.5
"48",-16,8.5
"48",-15,7.5
"48",-14,7.5
"48",-13,6.5
"48",-12,5.5
"48",-11,5.5
"48",-11,4.5
"48",-10,3.5
"48",-9,3.5
"48",-8,2.5
"48",-7,3.5
"48",-6,3.5
"48",-5,2.5
"48",-4,2.5
"48",-4,1.5
"48",-4,0.5
"48",-4,-0.5
"48",-4,-1.5
"48",-4,-2.5
"48",-4,-3.5
"48",-4,-4.5
"48",-3,-5.5
"48",-3,-6.5
"48",-2,-7.5
"48",-1,-7.5
"48",-1,-8.5
"48",0,-9.5
"48",1,-10.5
"48",2,-11.5
"48",3,-12.5
"48",3,-13.5
"48",3,-14.5
"48",3,-15.5
"48",3,-16.5
"48",3,-17.5
"48",3,-18.5
"48",3,-19.5
"48",3,-20.5
"48",3,-21.5
"48",3,-22.5
"48",3,-23.5
"48",3,-24.5
"48",3,-25.5
"48",4,-26.5
"48",5,-27.5
"48",5,-28.5
"48",5,-29.5
"48",5,-30.5
"48",5,-31.5
"48",5,-32.5
"48",5,-33.5
"48",5,-34.5
"48",6,-35.5
"48",7,-35.5
"48",8,-35.5
"48",9,-35.5
"48",10,-35.5
"48",11,-35.5
"48",12,-36.5
"48",13,-37.5
"48",14,-38.5
"48",15,-39.5
"48",16,-40.5
"48",17,-41.5
"48",18,-41.5
"48",19,-41.5
"48",20,-41.5
"48",21,-42.5
"48",22,-42.5
"48",23,-43.5
"48",24,-44.5
"48",25,-45.5
"49",-5,54.5
"49",-5,53.5
"49",-5,52.5
"49",-6,51.5
"49",-7,50.5
"49",-8,49.5
"49",-9,48.5
"49",-10,47.5
"49",-11,46.5
"49",-12,45.5
"49",-13,44.5
"49",-13,43.5
"49",-13,42.5
"49",-13,41.5
"49",-13,40.5
"49",-13,39.5
"49",-13,38.5
"49",-13,37.5
"49",-13,36.5
"49",-13,35.5
"49",-13,34.5
"49",-13,33.5
"49",-13,32.5
"49",-13,31.5
"49",-13,30.5
"49",-13,29.5
"49",-14,28.5
"49",-15,27.5
"49",-16,26.5
"49",-17,25.5
"49",-18,24.5
"49",-18,23.5
"49",-18,22.5
"49",-18,21.5
"49",-18,20.5
"49",-18,19.5
"49",-18,18.5
"49",-18,17.5
"49",-18,16.5
"49",-18,15.5
"49",-18,14.5
"49",-18,13.5
"49",-18,12.5
"49",-18,11.5
"49",-18,10.5
"49",-18,9.5
"49",-18,8.5
"49",-17,7.5
"49",-17,6.5
"49",-17,5.5
"49",-17,4.5
"49",-17,3.5
"49",-17,2.5
"49",-17,1.5
"49",-17,0.5
"49",-16,-0.5
"49",-15,-1.5
"49",-14,-2.5
"49",-13,-3.5
"49",-12,-4.5
"49",-11,-5.5
"49",-10,-6.5
"49",-9,-7.5
"49",-8,-8.5
"49",-7,-9.5
"49",-6,-10.5
"49",-5,-11.5
"49",-4,-12.5
"49",-3,-13.5
"49",-2,-14.5
"49",-1,-15.5
"49",0,-16.5
"49",1,-17.5
"49",2,-18.5
"49",3,-19.5
"49",4,-20.5
"49",5,-21.5
"49",6,-22.5
"49",7,-23.5
"49",8,-24.5
"49",8,-25.5
"49",8,-26.5
"49",8,-27.5
"49",8,-28.5
"49",8,-29.5
"49",8,-30.5
"49",8,-31.5
"49",8,-32.5
"49",8,-33.5
"49",8,-34.5
"49",8,-35.5
"49",8,-36.5
"49",8,-37.5
"49",8,-38.5
"49",9,-39.5
"49",10,-40.5
"49",11,-41.5
"49",12,-42.5
"49",13,-43.5
"49",14,-43.5
"49",15,-43.5
"49",16,-43.5
"49",17,-43.5
"49",18,-43.5
"49",19,-43.5
"49",20,-43.5
"49",21,-43.5
"49",22,-43.5
"49",23,-43.5
"49",24,-44.5
"49",25,-45.5
"50",-5,54.5
"50",-5,53.5
"50",-5,52.5
"50",-5,51.5
"50",-5,50.5
"50",-5,49.5
"50",-5,48.5
"50",-6,47.5
"50",-7,46.5
"50",-8,45.5
"50",-9,44.5
"50",-10,44.5
"50",-11,43.5
"50",-11,42.5
"50",-11,41.5
"50",-11,40.5
"50",-11,39.5
"50",-11,38.5
"50",-11,37.5
"50",-11,36.5
"50",-11,35.5
"50",-11,34.5
"50",-11,33.5
"50",-11,32.5
"50",-12,31.5
"50",-13,30.5
"50",-14,29.5
"50",-15,28.5
"50",-16,27.5
"50",-16,26.5
"50",-17,25.5
"50",-18,24.5
"50",-18,23.5
"50",-18,22.5
"50",-18,21.5
"50",-18,20.5
"50",-18,19.5
"50",-18,18.5
"50",-18,17.5
"50",-18,16.5
"50",-18,15.5
"50",-18,14.5
"50",-18,13.5
"50",-18,12.5
"50",-18,11.5
"50",-18,10.5
"50",-18,9.5
"50",-18,8.5
"50",-18,7.5
"50",-18,6.5
"50",-18,5.5
"50",-18,4.5
"50",-18,3.5
"50",-18,2.5
"50",-18,1.5
"50",-17,0.5
"50",-16,-0.5
"50",-15,-1.5
"50",-14,-2.5
"50",-13,-3.5
"50",-12,-4.5
"50",-11,-5.5
"50",-10,-6.5
"50",-9,-7.5
"50",-8,-8.5
"50",-7,-9.5
"50",-6,-10.5
"50",-5,-11.5
"50",-4,-12.5
"50",-3,-13.5
"50",-2,-14.5
"50",-1,-15.5
"50",-1,-16.5
"50",0,-17.5
"50",1,-18.5
"50",2,-19.5
"50",3,-20.5
"50",4,-21.5
"50",5,-22.5
"50",6,-23.5
"50",7,-24.5
"50",8,-25.5
"50",9,-26.5
"50",10,-27.5
"50",11,-28.5
"50",11,-29.5
"50",11,-30.5
"50",11,-31.5
"50",11,-32.5
"50",11,-33.5
"50",11,-34.5
"50",11,-35.5
"50",11,-36.5
"50",11,-37.5
"50",11,-38.5
"50",12,-39.5
"50",13,-40.5
"50",14,-40.5
"50",15,-41.5
"50",16,-42.5
"50",17,-43.5
"50",18,-43.5
"50",19,-43.5
"50",20,-43.5
"50",21,-43.5
"50",22,-43.5
"50",23,-44.5
"50",24,-44.5
"50",25,-45.5
"51",-5,54.5
"51",-5,53.5
"51",-5,52.5
"51",-5,51.5
"51",-5,50.5
"51",-5,49.5
"51",-5,48.5
"51",-5,47.5
"51",-6,46.5
"51",-7,46.5
"51",-8,45.5
"51",-9,44.5
"51",-10,44.5
"51",-11,43.5
"51",-11,42.5
"51",-11,41.5
"51",-11,40.5
"51",-11,39.5
"51",-12,38.5
"51",-13,37.5
"51",-14,37.5
"51",-14,36.5
"51",-14,35.5
"51",-14,34.5
"51",-14,33.5
"51",-14,32.5
"51",-14,31.5
"51",-14,30.5
"51",-14,29.5
"51",-14,28.5
"51",-15,27.5
"51",-16,26.5
"51",-17,25.5
"51",-18,24.5
"51",-18,23.5
"51",-18,22.5
"51",-18,21.5
"51",-18,20.5
"51",-18,19.5
"51",-18,18.5
"51",-18,17.5
"51",-18,16.5
"51",-18,15.5
"51",-18,14.5
"51",-18,13.5
"51",-18,12.5
"51",-18,11.5
"51",-18,10.5
"51",-18,9.5
"51",-17,8.5
"51",-16,8.5
"51",-15,7.5
"51",-14,7.5
"51",-13,6.5
"51",-12,5.5
"51",-11,4.5
"51",-11,3.5
"51",-11,2.5
"51",-11,1.5
"51",-11,0.5
"51",-11,-0.5
"51",-11,-1.5
"51",-10,-2.5
"51",-9,-3.5
"51",-8,-4.5
"51",-7,-5.5
"51",-6,-6.5
"51",-6,-7.5
"51",-5,-8.5
"51",-4,-9.5
"51",-3,-10.5
"51",-2,-11.5
"51",-1,-12.5
"51",0,-13.5
"51",1,-14.5
"51",1,-15.5
"51",1,-16.5
"51",2,-17.5
"51",3,-18.5
"51",3,-19.5
"51",4,-20.5
"51",5,-21.5
"51",6,-22.5
"51",7,-23.5
"51",8,-24.5
"51",8,-25.5
"51",9,-26.5
"51",10,-27.5
"51",11,-28.5
"51",12,-29.5
"51",12,-30.5
"51",12,-31.5
"51",12,-32.5
"51",12,-33.5
"51",12,-34.5
"51",12,-35.5
"51",12,-36.5
"51",13,-37.5
"51",14,-38.5
"51",15,-39.5
"51",16,-40.5
"51",17,-41.5
"51",18,-42.5
"51",19,-42.5
"51",20,-42.5
"51",21,-43.5
"51",22,-43.5
"51",23,-44.5
"51",24,-44.5
"51",25,-45.5
"52",-5,54.5
"52",-5,53.5
"52",-5,52.5
"52",-5,51.5
"52",-5,50.5
"52",-5,49.5
"52",-5,48.5
"52",-5,47.5
"52",-6,46.5
"52",-7,46.5
"52",-8,45.5
"52",-9,44.5
"52",-10,44.5
"52",-11,43.5
"52",-12,43.5
"52",-13,43.5
"52",-14,43.5
"52",-15,42.5
"52",-16,42.5
"52",-17,42.5
"52",-18,41.5
"52",-18,40.5
"52",-18,39.5
"52",-18,38.5
"52",-18,37.5
"52",-18,36.5
"52",-18,35.5
"52",-18,34.5
"52",-18,33.5
"52",-18,32.5
"52",-18,31.5
"52",-18,30.5
"52",-18,29.5
"52",-18,28.5
"52",-18,27.5
"52",-18,26.5
"52",-18,25.5
"52",-18,24.5
"52",-18,23.5
"52",-18,22.5
"52",-18,21.5
"52",-18,20.5
"52",-18,19.5
"52",-18,18.5
"52",-18,17.5
"52",-18,16.5
"52",-18,15.5
"52",-18,14.5
"52",-18,13.5
"52",-18,12.5
"52",-18,11.5
"52",-18,10.5
"52",-18,9.5
"52",-17,8.5
"52",-16,8.5
"52",-15,7.5
"52",-14,7.5
"52",-13,6.5
"52",-12,5.5
"52",-11,4.5
"52",-11,3.5
"52",-11,2.5
"52",-11,1.5
"52",-10,0.5
"52",-9,-0.5
"52",-8,-1.5
"52",-7,-2.5
"52",-6,-3.5
"52",-5,-4.5
"52",-4,-4.5
"52",-3,-5.5
"52",-3,-6.5
"52",-2,-7.5
"52",-1,-8.5
"52",0,-9.5
"52",1,-10.5
"52",2,-11.5
"52",3,-12.5
"52",3,-13.5
"52",3,-14.5
"52",3,-15.5
"52",3,-16.5
"52",3,-17.5
"52",3,-18.5
"52",3,-19.5
"52",3,-20.5
"52",3,-21.5
"52",4,-22.5
"52",5,-23.5
"52",5,-24.5
"52",5,-25.5
"52",5,-26.5
"52",5,-27.5
"52",5,-28.5
"52",5,-29.5
"52",5,-30.5
"52",5,-31.5
"52",5,-32.5
"52",5,-33.5
"52",5,-34.5
"52",6,-35.5
"52",7,-35.5
"52",8,-35.5
"52",9,-35.5
"52",10,-35.5
"52",11,-36.5
"52",12,-37.5
"52",13,-38.5
"52",14,-38.5
"52",15,-39.5
"52",16,-40.5
"52",17,-41.5
"52",18,-41.5
"52",19,-41.5
"52",20,-41.5
"52",21,-42.5
"52",22,-42.5
"52",23,-43.5
"52",24,-44.5
"52",25,-45.5
"53",-5,54.5
"53",-5,53.5
"53",-5,52.5
"53",-5,51.5
"53",-5,50.5
"53",-5,49.5
"53",-5,48.5
"53",-5,47.5
"53",-6,47.5
"53",-6,46.5
"53",-7,46.5
"53",-8,45.5
"53",-9,44.5
"53",-10,44.5
"53",-11,43.5
"53",-12,43.5
"53",-13,43.5
"53",-14,43.5
"53",-15,42.5
"53",-16,42.5
"53",-17,42.5
"53",-18,41.5
"53",-18,40.5
"53",-18,39.5
"53",-18,38.5
"53",-18,37.5
"53",-18,36.5
"53",-18,35.5
"53",-18,34.5
"53",-18,33.5
"53",-18,32.5
"53",-18,31.5
"53",-18,30.5
"53",-18,29.5
"53",-18,28.5
"53",-18,27.5
"53",-18,26.5
"53",-18,25.5
"53",-18,24.5
"53",-18,23.5
"53",-18,22.5
"53",-18,21.5
"53",-18,20.5
"53",-18,19.5
"53",-18,18.5
"53",-18,17.5
"53",-18,16.5
"53",-18,15.5
"53",-18,14.5
"53",-18,13.5
"53",-18,12.5
"53",-18,11.5
"53",-18,10.5
"53",-18,9.5
"53",-17,8.5
"53",-16,8.5
"53",-15,7.5
"53",-14,7.5
"53",-13,6.5
"53",-12,5.5
"53",-11,5.5
"53",-11,4.5
"53",-11,3.5
"53",-11,2.5
"53",-11,1.5
"53",-10,0.5
"53",-9,-0.5
"53",-8,-1.5
"53",-7,-2.5
"53",-6,-3.5
"53",-5,-4.5
"53",-4,-4.5
"53",-3,-5.5
"53",-3,-6.5
"53",-2,-7.5
"53",-1,-7.5
"53",-1,-8.5
"53",0,-9.5
"53",1,-10.5
"53",2,-11.5
"53",3,-12.5
"53",3,-13.5
"53",3,-14.5
"53",3,-15.5
"53",3,-16.5
"53",3,-17.5
"53",3,-18.5
"53",3,-19.5
"53",3,-20.5
"53",3,-21.5
"53",3,-22.5
"53",3,-23.5
"53",3,-24.5
"53",3,-25.5
"53",4,-26.5
"53",5,-27.5
"53",5,-28.5
"53",5,-29.5
"53",5,-30.5
"53",5,-31.5
"53",5,-32.5
"53",5,-33.5
"53",5,-34.5
"53",6,-35.5
"53",7,-35.5
"53",8,-35.5
"53",9,-35.5
"53",10,-35.5
"53",11,-35.5
"53",12,-36.5
"53",13,-37.5
"53",14,-38.5
"53",15,-39.5
"53",16,-40.5
"53",17,-41.5
"53",18,-41.5
"53",19,-41.5
"53",20,-41.5
"53",21,-42.5
"53",22,-42.5
"53",23,-43.5
"53",24,-44.5
"53",25,-45.5
"54",-5,54.5
"54",-5,53.5
"54",-5,52.5
"54",-5,51.5
"54",-5,50.5
"54",-5,49.5
"54",-5,48.5
"54",-5,47.5
"54",-6,47.5
"54",-6,46.5
"54",-7,46.5
"54",-8,45.5
"54",-9,44.5
"54",-10,44.5
"54",-11,43.5
"54",-12,43.5
"54",-13,43.5
"54",-14,43.5
"54",-15,42.5
"54",-16,42.5
"54",-17,42.5
"54",-18,41.5
"54",-18,40.5
"54",-18,39.5
"54",-18,38.5
"54",-18,37.5
"54",-18,36.5
"54",-18,35.5
"54",-18,34.5
"54",-18,33.5
"54",-18,32.5
"54",-18,31.5
"54",-18,30.5
"54",-18,29.5
"54",-18,28.5
"54",-18,27.5
"54",-18,26.5
"54",-18,25.5
"54",-18,24.5
"54",-18,23.5
"54",-18,22.5
"54",-18,21.5
"54",-18,20.5
"54",-18,19.5
"54",-18,18.5
"54",-18,17.5
"54",-18,16.5
"54",-18,15.5
"54",-18,14.5
"54",-18,13.5
"54",-18,12.5
"54",-18,11.5
"54",-18,10.5
"54",-18,9.5
"54",-17,8.5
"54",-16,8.5
"54",-15,7.5
"54",-14,7.5
"54",-13,6.5
"54",-12,5.5
"54",-11,5.5
"54",-11,4.5
"54",-11,3.5
"54",-11,2.5
"54",-11,1.5
"54",-10,0.5
"54",-9,-0.5
"54",-8,-1.5
"54",-7,-1.5
"54",-6,-1.5
"54",-5,-2.5
"54",-4,-2.5
"54",-3,-3.5
"54",-3,-4.5
"54",-3,-5.5
"54",-3,-6.5
"54",-2,-7.5
"54",-1,-7.5
"54",-1,-8.5
"54",0,-9.5
"54",1,-10.5
"54",2,-11.5
"54",3,-12.5
"54",3,-13.5
"54",3,-14.5
"54",3,-15.5
"54",3,-16.5
"54",3,-17.5
"54",3,-18.5
"54",3,-19.5
"54",3,-20.5
"54",3,-21.5
"54",3,-22.5
"54",3,-23.5
"54",3,-24.5
"54",3,-25.5
"54",3,-26.5
"54",3,-27.5
"54",4,-28.5
"54",5,-29.5
"54",5,-30.5
"54",5,-31.5
"54",5,-32.5
"54",5,-33.5
"54",5,-34.5
"54",6,-35.5
"54",7,-35.5
"54",8,-35.5
"54",9,-35.5
"54",10,-35.5
"54",11,-35.5
"54",12,-36.5
"54",13,-37.5
"54",14,-38.5
"54",15,-39.5
"54",16,-40.5
"54",17,-41.5
"54",18,-41.5
"54",19,-41.5
"54",20,-41.5
"54",21,-42.5
"54",22,-42.5
"54",23,-43.5
"54",24,-44.5
"54",25,-45.5
"55",-5,54.5
"55",-5,53.5
"55",-5,52.5
"55",-6,51.5
"55",-7,50.5
"55",-8,49.5
"55",-9,48.5
"55",-10,47.5
"55",-11,46.5
"55",-12,45.5
"55",-13,44.5
"55",-13,43.5
"55",-13,42.5
"55",-13,41.5
"55",-13,40.5
"55",-13,39.5
"55",-13,38.5
"55",-13,37.5
"55",-13,36.5
"55",-13,35.5
"55",-13,34.5
"55",-13,33.5
"55",-13,32.5
"55",-13,31.5
"55",-13,30.5
"55",-13,29.5
"55",-14,28.5
"55",-15,27.5
"55",-16,26.5
"55",-17,25.5
"55",-18,24.5
"55",-18,23.5
"55",-18,22.5
"55",-18,21.5
"55",-18,20.5
"55",-18,19.5
"55",-18,18.5
"55",-18,17.5
"55",-18,16.5
"55",-18,15.5
"55",-18,14.5
"55",-18,13.5
"55",-18,12.5
"55",-18,11.5
"55",-18,10.5
"55",-18,9.5
"55",-18,8.5
"55",-17,7.5
"55",-17,6.5
"55",-17,5.5
"55",-17,4.5
"55",-17,3.5
"55",-17,2.5
"55",-17,1.5
"55",-17,0.5
"55",-16,-0.5
"55",-15,-1.5
"55",-14,-2.5
"55",-13,-3.5
"55",-12,-4.5
"55",-11,-5.5
"55",-10,-6.5
"55",-9,-7.5
"55",-8,-8.5
"55",-7,-9.5
"55",-6,-10.5
"55",-5,-11.5
"55",-4,-12.5
"55",-3,-13.5
"55",-2,-14.5
"55",-1,-15.5
"55",0,-16.5
"55",1,-17.5
"55",2,-18.5
"55",3,-19.5
"55",4,-20.5
"55",5,-21.5
"55",6,-22.5
"55",7,-23.5
"55",8,-24.5
"55",8,-25.5
"55",8,-26.5
"55",8,-27.5
"55",8,-28.5
"55",8,-29.5
"55",8,-30.5
"55",8,-31.5
"55",8,-32.5
"55",8,-33.5
"55",8,-34.5
"55",8,-35.5
"55",8,-36.5
"55",8,-37.5
"55",8,-38.5
"55",9,-39.5
"55",10,-40.5
"55",11,-41.5
"55",12,-42.5
"55",13,-43.5
"55",14,-43.5
"55",15,-43.5
"55",16,-43.5
"55",17,-43.5
"55",18,-43.5
"55",19,-43.5
"55",20,-43.5
"55",21,-43.5
"55",22,-43.5
"55",23,-43.5
"55",24,-44.5
"55",25,-45.5
"56",-5,54.5
"56",-5,53.5
"56",-5,52.5
"56",-5,51.5
"56",-5,50.5
"56",-5,49.5
"56",-5,48.5
"56",-5,47.5
"56",-6,46.5
"56",-7,46.5
"56",-8,45.5
"56",-9,44.5
"56",-10,44.5
"56",-11,43.5
"56",-11,42.5
"56",-11,41.5
"56",-11,40.5
"56",-11,39.5
"56",-11,38.5
"56",-11,37.5
"56",-11,36.5
"56",-11,35.5
"56",-11,34.5
"56",-11,33.5
"56",-11,32.5
"56",-12,31.5
"56",-13,30.5
"56",-14,29.5
"56",-15,28.5
"56",-16,27.5
"56",-16,26.5
"56",-17,25.5
"56",-18,24.5
"56",-18,23.5
"56",-18,22.5
"56",-18,21.5
"56",-18,20.5
"56",-18,19.5
"56",-18,18.5
"56",-18,17.5
"56",-18,16.5
"56",-18,15.5
"56",-18,14.5
"56",-18,13.5
"56",-18,12.5
"56",-18,11.5
"56",-18,10.5
"56",-18,9.5
"56",-18,8.5
"56",-18,7.5
"56",-18,6.5
"56",-18,5.5
"56",-18,4.5
"56",-18,3.5
"56",-18,2.5
"56",-18,1.5
"56",-17,0.5
"56",-16,-0.5
"56",-15,-1.5
"56",-14,-2.5
"56",-13,-3.5
"56",-12,-4.5
"56",-11,-5.5
"56",-10,-6.5
"56",-9,-7.5
"56",-8,-8.5
"56",-7,-9.5
"56",-6,-10.5
"56",-5,-11.5
"56",-4,-12.5
"56",-3,-13.5
"56",-2,-14.5
"56",-1,-15.5
"56",-1,-16.5
"56",0,-17.5
"56",1,-18.5
"56",2,-19.5
"56",3,-20.5
"56",4,-21.5
"56",5,-22.5
"56",6,-23.5
"56",7,-24.5
"56",8,-25.5
"56",9,-26.5
"56",10,-27.5
"56",11,-28.5
"56",12,-29.5
"56",12,-30.5
"56",12,-31.5
"56",12,-32.5
"56",12,-33.5
"56",12,-34.5
"56",12,-35.5
"56",12,-36.5
"56",13,-37.5
"56",14,-38.5
"56",15,-39.5
"56",16,-40.5
"56",17,-41.5
"56",18,-42.5
"56",19,-42.5
"56",20,-42.5
"56",21,-43.5
"56",22,-43.5
"56",23,-44.5
"56",24,-44.5
"56",25,-45.5
"57",-5,54.5
"57",-5,53.5
"57",-5,52.5
"57",-5,51.5
"57",-5,50.5
"57",-5,49.5
"57",-5,48.5
"57",-5,47.5
"57",-6,46.5
"57",-7,46.5
"57",-8,45.5
"57",-9,44.5
"57",-10,44.5
"57",-11,43.5
"57",-12,43.5
"57",-13,43.5
"57",-14,43.5
"57",-15,42.5
"57",-16,42.5
"57",-17,42.5
"57",-18,41.5
"57",-18,40.5
"57",-18,39.5
"57",-18,38.5
"57",-18,37.5
"57",-18,36.5
"57",-18,35.5
"57",-18,34.5
"57",-18,33.5
"57",-18,32.5
"57",-18,31.5
"57",-18,30.5
"57",-18,29.5
"57",-18,28.5
"57",-18,27.5
"57",-18,26.5
"57",-18,25.5
"57",-18,24.5
"57",-18,23.5
"57",-18,22.5
"57",-18,21.5
"57",-18,20.5
"57",-18,19.5
"57",-18,18.5
"57",-18,17.5
"57",-18,16.5
"57",-18,15.5
"57",-18,14.5
"57",-18,13.5
"57",-18,12.5
"57",-18,11.5
"57",-18,10.5
"57",-18,9.5
"57",-17,8.5
"57",-16,8.5
"57",-15,7.5
"57",-14,7.5
"57",-13,6.5
"57",-12,5.5
"57",-11,4.5
"57",-11,3.5
"57",-11,2.5
"57",-11,1.5
"57",-10,0.5
"57",-9,-0.5
"57",-8,-1.5
"57",-7,-2.5
"57",-6,-3.5
"57",-5,-4.5
"57",-4,-5.5
"57",-3,-6.5
"57",-2,-7.5
"57",-1,-8.5
"57",0,-9.5
"57",1,-10.5
"57",2,-11.5
"57",3,-12.5
"57",3,-13.5
"57",3,-14.5
"57",3,-15.5
"57",3,-16.5
"57",3,-17.5
"57",3,-18.5
"57",3,-19.5
"57",3,-20.5
"57",4,-21.5
"57",5,-22.5
"57",6,-23.5
"57",7,-24.5
"57",8,-25.5
"57",9,-26.5
"57",10,-27.5
"57",11,-28.5
"57",11,-29.5
"57",11,-30.5
"57",11,-31.5
"57",11,-32.5
"57",11,-33.5
"57",11,-34.5
"57",11,-35.5
"57",12,-36.5
"57",13,-37.5
"57",14,-38.5
"57",15,-39.5
"57",16,-40.5
"57",17,-41.5
"57",18,-42.5
"57",19,-42.5
"57",20,-42.5
"57",21,-43.5
"57",22,-43.5
"57",23,-44.5
"57",24,-44.5
"57",25,-45.5
"58",-5,54.5
"58",-5,53.5
"58",-5,52.5
"58",-5,51.5
"58",-5,50.5
"58",-5,49.5
"58",-5,48.5
"58",-5,47.5
"58",-6,46.5
"58",-7,46.5
"58",-8,45.5
"58",-9,44.5
"58",-10,44.5
"58",-11,43.5
"58",-12,43.5
"58",-13,43.5
"58",-14,43.5
"58",-15,42.5
"58",-16,42.5
"58",-17,42.5
"58",-18,41.5
"58",-18,40.5
"58",-18,39.5
"58",-18,38.5
"58",-18,37.5
"58",-18,36.5
"58",-18,35.5
"58",-18,34.5
"58",-18,33.5
"58",-18,32.5
"58",-18,31.5
"58",-18,30.5
"58",-18,29.5
"58",-18,28.5
"58",-18,27.5
"58",-18,26.5
"58",-18,25.5
"58",-18,24.5
"58",-18,23.5
"58",-18,22.5
"58",-18,21.5
"58",-18,20.5
"58",-18,19.5
"58",-18,18.5
"58",-18,17.5
"58",-18,16.5
"58",-18,15.5
"58",-18,14.5
"58",-18,13.5
"58",-18,12.5
"58",-18,11.5
"58",-18,10.5
"58",-18,9.5
"58",-17,8.5
"58",-16,8.5
"58",-15,7.5
"58",-14,7.5
"58",-13,6.5
"58",-12,5.5
"58",-11,4.5
"58",-11,3.5
"58",-11,2.5
"58",-11,1.5
"58",-10,0.5
"58",-9,-0.5
"58",-8,-1.5
"58",-7,-2.5
"58",-6,-3.5
"58",-5,-4.5
"58",-4,-4.5
"58",-3,-5.5
"58",-3,-6.5
"58",-2,-7.5
"58",-1,-7.5
"58",-1,-8.5
"58",0,-9.5
"58",1,-10.5
"58",2,-11.5
"58",3,-12.5
"58",3,-13.5
"58",3,-14.5
"58",3,-15.5
"58",3,-16.5
"58",3,-17.5
"58",3,-18.5
"58",3,-19.5
"58",3,-20.5
"58",3,-21.5
"58",3,-22.5
"58",3,-23.5
"58",3,-24.5
"58",3,-25.5
"58",4,-26.5
"58",5,-27.5
"58",5,-28.5
"58",5,-29.5
"58",5,-30.5
"58",5,-31.5
"58",5,-32.5
"58",5,-33.5
"58",5,-34.5
"58",6,-35.5
"58",7,-35.5
"58",8,-35.5
"58",9,-35.5
"58",10,-35.5
"58",11,-35.5
"58",12,-36.5
"58",13,-37.5
"58",14,-38.5
"58",15,-39.5
"58",16,-40.5
"58",17,-41.5
"58",18,-41.5
"58",19,-41.5
"58",20,-41.5
"58",21,-42.5
"58",22,-42.5
"58",23,-43.5
"58",24,-44.5
"58",25,-45.5
"59",-5,54.5
"59",-5,53.5
"59",-5,52.5
"59",-5,51.5
"59",-5,50.5
"59",-5,49.5
"59",-5,48.5
"59",-5,47.5
"59",-6,47.5
"59",-6,46.5
"59",-7,46.5
"59",-8,45.5
"59",-9,44.5
"59",-10,44.5
"59",-11,43.5
"59",-12,43.5
"59",-13,43.5
"59",-14,43.5
"59",-15,42.5
"59",-16,42.5
"59",-17,42.5
"59",-18,41.5
"59",-18,40.5
"59",-18,39.5
"59",-18,38.5
"59",-18,37.5
"59",-18,36.5
"59",-18,35.5
"59",-18,34.5
"59",-18,33.5
"59",-18,32.5
"59",-18,31.5
"59",-18,30.5
"59",-18,29.5
"59",-18,28.5
"59",-18,27.5
"59",-18,26.5
"59",-18,25.5
"59",-18,24.5
"59",-18,23.5
"59",-18,22.5
"59",-18,21.5
"59",-18,20.5
"59",-18,19.5
"59",-18,18.5
"59",-18,17.5
"59",-18,16.5
"59",-18,15.5
"59",-18,14.5
"59",-18,13.5
"59",-18,12.5
"59",-18,11.5
"59",-18,10.5
"59",-18,9.5
"59",-17,8.5
"59",-16,8.5
"59",-15,7.5
"59",-14,7.5
"59",-13,6.5
"59",-12,5.5
"59",-11,5.5
"59",-11,4.5
"59",-11,3.5
"59",-11,2.5
"59",-11,1.5
"59",-10,0.5
"59",-9,-0.5
"59",-8,-1.5
"59",-7,-2.5
"59",-6,-2.5
"59",-5,-3.5
"59",-4,-3.5
"59",-3,-4.5
"59",-3,-5.5
"59",-3,-6.5
"59",-2,-7.5
"59",-1,-7.5
"59",-1,-8.5
"59",0,-9.5
"59",1,-10.5
"59",2,-11.5
"59",3,-12.5
"59",3,-13.5
"59",3,-14.5
"59",3,-15.5
"59",3,-16.5
"59",3,-17.5
"59",3,-18.5
"59",3,-19.5
"59",3,-20.5
"59",3,-21.5
"59",3,-22.5
"59",3,-23.5
"59",3,-24.5
"59",3,-25.5
"59",3,-26.5
"59",3,-27.5
"59",4,-28.5
"59",5,-29.5
"59",5,-30.5
"59",5,-31.5
"59",5,-32.5
"59",5,-33.5
"59",6,-34.5
"59",7,-34.5
"59",8,-34.5
"59",9,-34.5
"59",10,-34.5
"59",11,-35.5
"59",12,-36.5
"59",13,-37.5
"59",14,-38.5
"59",15,-39.5
"59",16,-40.5
"59",17,-41.5
"59",18,-41.5
"59",19,-41.5
"59",20,-41.5
"59",21,-42.5
"59",22,-42.5
"59",23,-43.5
"59",24,-44.5
"59",25,-45.5
"60",-5,54.5
"60",-5,53.5
"60",-5,52.5
"60",-6,51.5
"60",-7,50.5
"60",-8,49.5
"60",-9,48.5
"60",-10,47.5
"60",-11,46.5
"60",-12,45.5
"60",-13,44.5
"60",-13,43.5
"60",-13,42.5
"60",-13,41.5
"60",-13,40.5
"60",-13,39.5
"60",-13,38.5
"60",-13,37.5
"60",-13,36.5
"60",-13,35.5
"60",-13,34.5
"60",-13,33.5
"60",-13,32.5
"60",-13,31.5
"60",-13,30.5
"60",-13,29.5
"60",-14,28.5
"60",-15,27.5
"60",-16,26.5
"60",-17,25.5
"60",-18,24.5
"60",-18,23.5
"60",-18,22.5
"60",-18,21.5
"60",-18,20.5
"60",-18,19.5
"60",-18,18.5
"60",-18,17.5
"60",-18,16.5
"60",-18,15.5
"60",-18,14.5
"60",-18,13.5
"60",-18,12.5
"60",-18,11.5
"60",-18,10.5
"60",-18,9.5
"60",-18,8.5
"60",-17,7.5
"60",-17,6.5
"60",-17,5.5
"60",-17,4.5
"60",-17,3.5
"60",-17,2.5
"60",-17,1.5
"60",-17,0.5
"60",-16,-0.5
"60",-15,-1.5
"60",-14,-2.5
"60",-13,-3.5
"60",-12,-4.5
"60",-11,-5.5
"60",-10,-6.5
"60",-9,-7.5
"60",-8,-8.5
"60",-7,-9.5
"60",-6,-10.5
"60",-5,-11.5
"60",-4,-12.5
"60",-3,-13.5
"60",-2,-14.5
"60",-1,-15.5
"60",0,-16.5
"60",1,-17.5
"60",2,-18.5
"60",3,-19.5
"60",4,-20.5
"60",5,-21.5
"60",6,-22.5
"60",7,-23.5
"60",8,-24.5
"60",8,-25.5
"60",8,-26.5
"60",8,-27.5
"60",8,-28.5
"60",8,-29.5
"60",8,-30.5
"60",8,-31.5
"60",8,-32.5
"60",8,-33.5
"60",8,-34.5
"60",8,-35.5
"60",8,-36.5
"60",8,-37.5
"60",9,-38.5
"60",10,-39.5
"60",11,-40.5
"60",12,-41.5
"60",13,-42.5
"60",14,-43.5
"60",15,-43.5
"60",16,-43.5
"60",17,-43.5
"60",18,-43.5
"60",19,-43.5
"60",20,-43.5
"60",21,-43.5
"60",22,-43.5
"60",23,-43.5
"60",24,-44.5
"60",25,-45.5
"61",-5,54.5
"61",-5,53.5
"61",-5,52.5
"61",-5,51.5
"61",-5,50.5
"61",-5,49.5
"61",-5,48.5
"61",-5,47.5
"61",-6,46.5
"61",-7,46.5
"61",-8,45.5
"61",-9,44.5
"61",-10,44.5
"61",-11,43.5
"61",-11,42.5
"61",-11,41.5
"61",-11,40.5
"61",-11,39.5
"61",-11,38.5
"61",-11,37.5
"61",-11,36.5
"61",-11,35.5
"61",-11,34.5
"61",-11,33.5
"61",-11,32.5
"61",-12,31.5
"61",-13,30.5
"61",-14,29.5
"61",-14,28.5
"61",-15,27.5
"61",-16,26.5
"61",-17,25.5
"61",-18,24.5
"61",-18,23.5
"61",-18,22.5
"61",-18,21.5
"61",-18,20.5
"61",-18,19.5
"61",-18,18.5
"61",-18,17.5
"61",-18,16.5
"61",-18,15.5
"61",-18,14.5
"61",-18,13.5
"61",-18,12.5
"61",-18,11.5
"61",-17,10.5
"61",-16,9.5
"61",-15,8.5
"61",-14,7.5
"61",-13,6.5
"61",-12,5.5
"61",-11,4.5
"61",-11,3.5
"61",-11,2.5
"61",-11,1.5
"61",-11,0.5
"61",-11,-0.5
"61",-11,-1.5
"61",-10,-2.5
"61",-9,-3.5
"61",-8,-4.5
"61",-7,-5.5
"61",-6,-6.5
"61",-6,-7.5
"61",-5,-8.5
"61",-4,-9.5
"61",-3,-10.5
"61",-2,-11.5
"61",-1,-12.5
"61",0,-13.5
"61",1,-14.5
"61",1,-15.5
"61",1,-16.5
"61",2,-17.5
"61",3,-18.5
"61",3,-19.5
"61",3,-20.5
"61",4,-21.5
"61",5,-22.5
"61",6,-23.5
"61",7,-24.5
"61",8,-25.5
"61",9,-26.5
"61",10,-27.5
"61",11,-28.5
"61",11,-29.5
"61",11,-30.5
"61",11,-31.5
"61",11,-32.5
"61",11,-33.5
"61",11,-34.5
"61",11,-35.5
"61",12,-36.5
"61",13,-37.5
"61",14,-38.5
"61",15,-39.5
"61",16,-40.5
"61",17,-41.5
"61",18,-42.5
"61",19,-42.5
"61",20,-42.5
"61",21,-43.5
"61",22,-43.5
"61",23,-44.5
"61",24,-44.5
"61",25,-45.5
"62",-5,54.5
"62",-5,53.5
"62",-5,52.5
"62",-5,51.5
"62",-5,50.5
"62",-5,49.5
"62",-5,48.5
"62",-5,47.5
"62",-6,47.5
"62",-6,46.5
"62",-7,46.5
"62",-8,45.5
"62",-9,44.5
"62",-10,44.5
"62",-11,43.5
"62",-12,43.5
"62",-13,43.5
"62",-14,43.5
"62",-15,42.5
"62",-16,42.5
"62",-17,42.5
"62",-18,41.5
"62",-18,40.5
"62",-18,39.5
"62",-18,38.5
"62",-18,37.5
"62",-18,36.5
"62",-18,35.5
"62",-18,34.5
"62",-18,33.5
"62",-18,32.5
"62",-18,31.5
"62",-18,30.5
"62",-18,29.5
"62",-18,28.5
"62",-18,27.5
"62",-18,26.5
"62",-18,25.5
"62",-18,24.5
"62",-18,23.5
"62",-18,22.5
"62",-18,21.5
"62",-18,20.5
"62",-18,19.5
"62",-18,18.5
"62",-18,17.5
"62",-18,16.5
"62",-18,15.5
"62",-18,14.5
"62",-18,13.5
"62",-18,12.5
"62",-18,11.5
"62",-18,10.5
"62",-18,9.5
"62",-17,8.5
"62",-16,8.5
"62",-15,7.5
"62",-14,7.5
"62",-13,6.5
"62",-12,5.5
"62",-11,4.5
"62",-11,3.5
"62",-11,2.5
"62",-11,1.5
"62",-10,0.5
"62",-9,-0.5
"62",-8,-1.5
"62",-7,-2.5
"62",-6,-3.5
"62",-5,-4.5
"62",-4,-4.5
"62",-3,-5.5
"62",-3,-6.5
"62",-2,-7.5
"62",-1,-7.5
"62",-1,-8.5
"62",0,-9.5
"62",1,-10.5
"62",2,-11.5
"62",3,-12.5
"62",3,-13.5
"62",3,-14.5
"62",3,-15.5
"62",3,-16.5
"62",3,-17.5
"62",3,-18.5
"62",3,-19.5
"62",3,-20.5
"62",3,-21.5
"62",3,-22.5
"62",3,-23.5
"62",3,-24.5
"62",3,-25.5
"62",3,-26.5
"62",3,-27.5
"62",4,-28.5
"62",5,-29.5
"62",5,-30.5
"62",5,-31.5
"62",5,-32.5
"62",6,-33.5
"62",7,-33.5
"62",8,-34.5
"62",9,-34.5
"62",10,-34.5
"62",11,-35.5
"62",12,-36.5
"62",13,-37.5
"62",14,-38.5
"62",15,-39.5
"62",16,-40.5
"62",17,-41.5
"62",18,-41.5
"62",19,-41.5
"62",20,-41.5
"62",21,-42.5
"62",22,-42.5
"62",23,-43.5
"62",24,-44.5
"62",25,-45.5
"63",-5,54.5
"63",-5,53.5
"63",-5,52.5
"63",-6,51.5
"63",-7,50.5
"63",-8,49.5
"63",-9,48.5
"63",-10,47.5
"63",-11,46.5
"63",-12,45.5
"63",-13,44.5
"63",-13,43.5
"63",-13,42.5
"63",-13,41.5
"63",-13,40.5
"63",-13,39.5
"63",-13,38.5
"63",-13,37.5
"63",-13,36.5
"63",-13,35.5
"63",-13,34.5
"63",-13,33.5
"63",-13,32.5
"63",-13,31.5
"63",-13,30.5
"63",-13,29.5
"63",-14,28.5
"63",-15,27.5
"63",-16,26.5
"63",-17,25.5
"63",-18,24.5
"63",-18,23.5
"63",-18,22.5
"63",-18,21.5
"63",-18,20.5
"63",-18,19.5
"63",-18,18.5
"63",-18,17.5
"63",-18,16.5
"63",-18,15.5
"63",-18,14.5
"63",-18,13.5
"63",-18,12.5
"63",-18,11.5
"63",-18,10.5
"63",-18,9.5
"63",-18,8.5
"63",-17,7.5
"63",-17,6.5
"63",-17,5.5
"63",-17,4.5
"63",-17,3.5
"63",-17,2.5
"63",-17,1.5
"63",-17,0.5
"63",-16,-0.5
"63",-15,-1.5
"63",-14,-2.5
"63",-13,-3.5
"63",-12,-4.5
"63",-11,-5.5
"63",-10,-6.5
"63",-9,-7.5
"63",-8,-8.5
"63",-7,-9.5
"63",-6,-10.5
"63",-5,-11.5
"63",-4,-12.5
"63",-3,-13.5
"63",-2,-14.5
"63",-1,-15.5
"63",0,-16.5
"63",1,-17.5
"63",2,-18.5
"63",3,-19.5
"63",4,-20.5
"63",5,-21.5
"63",6,-22.5
"63",7,-23.5
"63",8,-24.5
"63",9,-25.5
"63",10,-26.5
"63",11,-27.5
"63",12,-28.5
"63",13,-29.5
"63",14,-30.5
"63",15,-31.5
"63",15,-32.5
"63",15,-33.5
"63",15,-34.5
"63",15,-35.5
"63",16,-36.5
"63",17,-37.5
"63",18,-38.5
"63",19,-39.5
"63",20,-40.5
"63",21,-41.5
"63",22,-42.5
"63",23,-43.5
"63",24,-44.5
"63",25,-45.5
"64",-5,54.5
"64",-5,53.5
"64",-5,52.5
"64",-5,51.5
"64",-5,50.5
"64",-5,49.5
"64",-5,48.5
"64",-5,47.5
"64",-6,46.5
"64",-7,46.5
"64",-8,45.5
"64",-9,44.5
"64",-10,44.5
"64",-11,43.5
"64",-11,42.5
"64",-11,41.5
"64",-11,40.5
"64",-11,39.5
"64",-12,38.5
"64",-13,37.5
"64",-14,36.5
"64",-14,35.5
"64",-14,34.5
"64",-14,33.5
"64",-14,32.5
"64",-14,31.5
"64",-14,30.5
"64",-14,29.5
"64",-14,28.5
"64",-15,27.5
"64",-16,26.5
"64",-17,25.5
"64",-18,24.5
"64",-18,23.5
"64",-18,22.5
"64",-18,21.5
"64",-18,20.5
"64",-18,19.5
"64",-18,18.5
"64",-18,17.5
"64",-18,16.5
"64",-18,15.5
"64",-18,14.5
"64",-18,13.5
"64",-18,12.5
"64",-18,11.5
"64",-17,10.5
"64",-16,9.5
"64",-15,8.5
"64",-14,7.5
"64",-13,6.5
"64",-12,5.5
"64",-11,4.5
"64",-11,3.5
"64",-11,2.5
"64",-11,1.5
"64",-10,0.5
"64",-9,-0.5
"64",-8,-1.5
"64",-7,-2.5
"64",-6,-3.5
"64",-5,-4.5
"64",-4,-5.5
"64",-3,-6.5
"64",-2,-7.5
"64",-1,-8.5
"64",0,-9.5
"64",1,-10.5
"64",2,-11.5
"64",3,-12.5
"64",3,-13.5
"64",3,-14.5
"64",3,-15.5
"64",3,-16.5
"64",3,-17.5
"64",3,-18.5
"64",3,-19.5
"64",3,-20.5
"64",3,-21.5
"64",3,-22.5
"64",3,-23.5
"64",3,-24.5
"64",4,-25.5
"64",5,-26.5
"64",6,-27.5
"64",7,-28.5
"64",8,-29.5
"64",9,-30.5
"64",10,-31.5
"64",11,-32.5
"64",11,-33.5
"64",11,-34.5
"64",12,-35.5
"64",13,-36.5
"64",14,-37.5
"64",15,-38.5
"64",16,-39.5
"64",17,-40.5
"64",18,-40.5
"64",19,-41.5
"64",20,-41.5
"64",21,-42.5
"64",22,-42.5
"64",23,-43.5
"64",24,-44.5
"64",25,-45.5
"65",-5,54.5
"65",-5,53.5
"65",-5,52.5
"65",-5,51.5
"65",-6,51.5
"65",-7,51.5
"65",-8,51.5
"65",-9,51.5
"65",-10,51.5
"65",-11,50.5
"65",-12,50.5
"65",-13,49.5
"65",-13,48.5
"65",-13,47.5
"65",-13,46.5
"65",-13,45.5
"65",-13,44.5
"65",-14,44.5
"65",-15,43.5
"65",-16,43.5
"65",-17,43.5
"65",-18,42.5
"65",-18,41.5
"65",-18,40.5
"65",-18,39.5
"65",-18,38.5
"65",-18,37.5
"65",-18,36.5
"65",-18,35.5
"65",-18,34.5
"65",-18,33.5
"65",-18,32.5
"65",-18,31.5
"65",-18,30.5
"65",-18,29.5
"65",-18,28.5
"65",-18,27.5
"65",-18,26.5
"65",-18,25.5
"65",-18,24.5
"65",-18,23.5
"65",-18,22.5
"65",-18,21.5
"65",-18,20.5
"65",-18,19.5
"65",-18,18.5
"65",-18,17.5
"65",-18,16.5
"65",-18,15.5
"65",-18,14.5
"65",-18,13.5
"65",-18,12.5
"65",-18,11.5
"65",-17,10.5
"65",-16,9.5
"65",-15,8.5
"65",-14,7.5
"65",-13,6.5
"65",-12,5.5
"65",-11,4.5
"65",-11,3.5
"65",-11,2.5
"65",-11,1.5
"65",-10,0.5
"65",-9,-0.5
"65",-8,-1.5
"65",-7,-2.5
"65",-6,-3.5
"65",-5,-4.5
"65",-4,-4.5
"65",-3,-5.5
"65",-3,-6.5
"65",-2,-7.5
"65",-1,-8.5
"65",0,-9.5
"65",1,-10.5
"65",2,-11.5
"65",3,-12.5
"65",3,-13.5
"65",3,-14.5
"65",3,-15.5
"65",3,-16.5
"65",3,-17.5
"65",3,-18.5
"65",3,-19.5
"65",3,-20.5
"65",3,-21.5
"65",3,-22.5
"65",3,-23.5
"65",3,-24.5
"65",3,-25.5
"65",3,-26.5
"65",3,-27.5
"65",4,-28.5
"65",5,-29.5
"65",5,-30.5
"65",5,-31.5
"65",5,-32.5
"65",6,-33.5
"65",7,-33.5
"65",8,-34.5
"65",9,-34.5
"65",10,-34.5
"65",11,-35.5
"65",12,-36.5
"65",13,-37.5
"65",14,-38.5
"65",15,-39.5
"65",16,-40.5
"65",17,-41.5
"65",18,-42.5
"65",19,-42.5
"65",20,-42.5
"65",21,-43.5
"65",22,-43.5
"65",23,-44.5
"65",24,-44.5
"65",25,-45.5
"66",-5,54.5
"66",-5,53.5
"66",-5,52.5
"66",-6,51.5
"66",-7,50.5
"66",-8,49.5
"66",-9,48.5
"66",-10,47.5
"66",-11,46.5
"66",-12,45.5
"66",-13,44.5
"66",-13,43.5
"66",-13,42.5
"66",-13,41.5
"66",-13,40.5
"66",-13,39.5
"66",-13,38.5
"66",-13,37.5
"66",-13,36.5
"66",-13,35.5
"66",-13,34.5
"66",-13,33.5
"66",-13,32.5
"66",-13,31.5
"66",-13,30.5
"66",-13,29.5
"66",-14,28.5
"66",-15,27.5
"66",-16,26.5
"66",-17,25.5
"66",-18,24.5
"66",-18,23.5
"66",-18,22.5
"66",-18,21.5
"66",-18,20.5
"66",-18,19.5
"66",-18,18.5
"66",-18,17.5
"66",-18,16.5
"66",-18,15.5
"66",-18,14.5
"66",-18,13.5
"66",-18,12.5
"66",-18,11.5
"66",-18,10.5
"66",-18,9.5
"66",-18,8.5
"66",-17,7.5
"66",-16,6.5
"66",-16,5.5
"66",-16,4.5
"66",-16,3.5
"66",-16,2.5
"66",-16,1.5
"66",-16,0.5
"66",-16,-0.5
"66",-15,-1.5
"66",-14,-2.5
"66",-13,-3.5
"66",-12,-4.5
"66",-11,-5.5
"66",-10,-6.5
"66",-9,-7.5
"66",-8,-8.5
"66",-7,-9.5
"66",-6,-10.5
"66",-5,-11.5
"66",-4,-12.5
"66",-3,-13.5
"66",-2,-14.5
"66",-1,-15.5
"66",0,-16.5
"66",0,-17.5
"66",0,-18.5
"66",0,-19.5
"66",0,-20.5
"66",1,-21.5
"66",2,-22.5
"66",3,-23.5
"66",4,-24.5
"66",5,-25.5
"66",6,-26.5
"66",7,-27.5
"66",8,-28.5
"66",9,-29.5
"66",10,-30.5
"66",11,-31.5
"66",12,-32.5
"66",13,-33.5
"66",14,-34.5
"66",15,-35.5
"66",16,-36.5
"66",17,-37.5
"66",18,-38.5
"66",19,-39.5
"66",20,-40.5
"66",21,-41.5
"66",22,-42.5
"66",23,-43.5
"66",24,-44.5
"66",25,-45.5
"67",-5,54.5
"67",-5,53.5
"67",-5,52.5
"67",-6,51.5
"67",-7,51.5
"67",-8,51.5
"67",-9,51.5
"67",-10,51.5
"67",-11,50.5
"67",-12,50.5
"67",-13,49.5
"67",-13,48.5
"67",-13,47.5
"67",-13,46.5
"67",-13,45.5
"67",-13,44.5
"67",-14,44.5
"67",-15,43.5
"67",-16,43.5
"67",-17,43.5
"67",-18,42.5
"67",-18,41.5
"67",-18,40.5
"67",-18,39.5
"67",-18,38.5
"67",-18,37.5
"67",-18,36.5
"67",-18,35.5
"67",-18,34.5
"67",-18,33.5
"67",-18,32.5
"67",-18,31.5
"67",-18,30.5
"67",-18,29.5
"67",-18,28.5
"67",-18,27.5
"67",-18,26.5
"67",-18,25.5
"67",-18,24.5
"67",-18,23.5
"67",-18,22.5
"67",-18,21.5
"67",-18,20.5
"67",-18,19.5
"67",-18,18.5
"67",-18,17.5
"67",-18,16.5
"67",-18,15.5
"67",-18,14.5
"67",-18,13.5
"67",-18,12.5
"67",-18,11.5
"67",-17,10.5
"67",-16,9.5
"67",-15,8.5
"67",-14,7.5
"67",-13,6.5
"67",-12,5.5
"67",-11,4.5
"67",-11,3.5
"67",-11,2.5
"67",-11,1.5
"67",-10,0.5
"67",-9,-0.5
"67",-8,-1.5
"67",-7,-2.5
"67",-6,-3.5
"67",-5,-4.5
"67",-4,-5.5
"67",-3,-6.5
"67",-2,-7.5
"67",-1,-8.5
"67",0,-9.5
"67",1,-10.5
"67",2,-11.5
"67",3,-12.5
"67",3,-13.5
"67",3,-14.5
"67",3,-15.5
"67",3,-16.5
"67",3,-17.5
"67",3,-18.5
"67",3,-19.5
"67",3,-20.5
"67",3,-21.5
"67",3,-22.5
"67",3,-23.5
"67",3,-24.5
"67",4,-25.5
"67",5,-26.5
"67",6,-27.5
"67",7,-28.5
"67",8,-29.5
"67",9,-30.5
"67",10,-31.5
"67",11,-32.5
"67",12,-33.5
"67",13,-34.5
"67",14,-35.5
"67",15,-36.5
"67",16,-37.5
"67",17,-38.5
"67",18,-38.5
"67",19,-39.5
"67",20,-40.5
"67",21,-41.5
"67",22,-42.5
"67",23,-43.5
"67",24,-44.5
"67",25,-45.5
"68",-5,54.5
"68",-5,53.5
"68",-5,52.5
"68",-6,51.5
"68",-7,50.5
"68",-8,49.5
"68",-9,48.5
"68",-10,47.5
"68",-11,46.5
"68",-12,45.5
"68",-13,44.5
"68",-13,43.5
"68",-13,42.5
"68",-13,41.5
"68",-13,40.5
"68",-13,39.5
"68",-13,38.5
"68",-13,37.5
"68",-13,36.5
"68",-13,35.5
"68",-13,34.5
"68",-13,33.5
"68",-13,32.5
"68",-13,31.5
"68",-13,30.5
"68",-14,29.5
"68",-15,28.5
"68",-15,27.5
"68",-16,26.5
"68",-17,25.5
"68",-18,24.5
"68",-18,23.5
"68",-18,22.5
"68",-18,21.5
"68",-18,20.5
"68",-18,19.5
"68",-18,18.5
"68",-18,17.5
"68",-18,16.5
"68",-18,15.5
"68",-18,14.5
"68",-18,13.5
"68",-18,12.5
"68",-18,11.5
"68",-17,10.5
"68",-16,9.5
"68",-15,8.5
"68",-14,7.5
"68",-13,6.5
"68",-12,5.5
"68",-11,4.5
"68",-10,3.5
"68",-9,2.5
"68",-8,1.5
"68",-7,0.5
"68",-6,-0.5
"68",-5,-1.5
"68",-4,-2.5
"68",-3,-3.5
"68",-2,-4.5
"68",-2,-5.5
"68",-2,-6.5
"68",-2,-7.5
"68",-2,-8.5
"68",-2,-9.5
"68",-2,-10.5
"68",-2,-11.5
"68",-2,-12.5
"68",-2,-13.5
"68",-2,-14.5
"68",-2,-15.5
"68",-2,-16.5
"68",-2,-17.5
"68",-2,-18.5
"68",-1,-19.5
"68",0,-20.5
"68",1,-21.5
"68",2,-22.5
"68",3,-23.5
"68",4,-24.5
"68",5,-25.5
"68",6,-26.5
"68",7,-27.5
"68",8,-28.5
"68",9,-29.5
"68",10,-30.5
"68",11,-31.5
"68",12,-32.5
"68",13,-33.5
"68",14,-34.5
"68",15,-35.5
"68",16,-36.5
"68",17,-37.5
"68",18,-38.5
"68",19,-39.5
"68",20,-40.5
"68",21,-41.5
"68",22,-42.5
"68",23,-43.5
"68",24,-44.5
"68",25,-45.5
"69",-5,54.5
"69",-5,53.5
"69",-5,52.5
"69",-5,51.5
"69",-5,50.5
"69",-5,49.5
"69",-5,48.5
"69",-5,47.5
"69",-6,46.5
"69",-7,46.5
"69",-8,45.5
"69",-9,44.5
"69",-10,44.5
"69",-11,43.5
"69",-10,42.5
"69",-11,41.5
"69",-11,40.5
"69",-11,39.5
"69",-11,38.5
"69",-11,37.5
"69",-11,36.5
"69",-11,35.5
"69",-11,34.5
"69",-11,33.5
"69",-11,32.5
"69",-12,31.5
"69",-13,30.5
"69",-14,29.5
"69",-14,28.5
"69",-15,27.5
"69",-16,26.5
"69",-17,25.5
"69",-18,24.5
"69",-18,23.5
"69",-18,22.5
"69",-18,21.5
"69",-18,20.5
"69",-18,19.5
"69",-18,18.5
"69",-18,17.5
"69",-18,16.5
"69",-18,15.5
"69",-18,14.5
"69",-18,13.5
"69",-18,12.5
"69",-18,11.5
"69",-18,10.5
"69",-18,9.5
"69",-17,8.5
"69",-16,8.5
"69",-15,7.5
"69",-14,7.5
"69",-13,6.5
"69",-12,5.5
"69",-11,5.5
"69",-11,4.5
"69",-11,3.5
"69",-11,2.5
"69",-11,1.5
"69",-11,0.5
"69",-11,-0.5
"69",-11,-1.5
"69",-10,-2.5
"69",-9,-3.5
"69",-8,-4.5
"69",-7,-5.5
"69",-6,-6.5
"69",-6,-7.5
"69",-5,-8.5
"69",-4,-9.5
"69",-3,-10.5
"69",-2,-11.5
"69",-1,-12.5
"69",0,-13.5
"69",1,-14.5
"69",1,-15.5
"69",1,-16.5
"69",2,-17.5
"69",3,-18.5
"69",3,-19.5
"69",3,-20.5
"69",4,-21.5
"69",5,-22.5
"69",5,-23.5
"69",5,-24.5
"69",5,-25.5
"69",5,-26.5
"69",5,-27.5
"69",5,-28.5
"69",5,-29.5
"69",5,-30.5
"69",5,-31.5
"69",5,-32.5
"69",5,-33.5
"69",5,-34.5
"69",5,-35.5
"69",5,-36.5
"69",5,-37.5
"69",5,-38.5
"69",6,-39.5
"69",7,-39.5
"69",8,-39.5
"69",9,-39.5
"69",10,-39.5
"69",11,-39.5
"69",11,-40.5
"69",12,-41.5
"69",13,-41.5
"69",14,-41.5
"69",15,-42.5
"69",16,-42.5
"69",17,-43.5
"69",18,-43.5
"69",19,-43.5
"69",20,-43.5
"69",21,-43.5
"69",22,-43.5
"69",23,-44.5
"69",24,-44.5
"69",25,-45.5
"70",-5,54.5
"70",-5,53.5
"70",-5,52.5
"70",-5,51.5
"70",-5,50.5
"70",-5,49.5
"70",-5,48.5
"70",-5,47.5
"70",-6,46.5
"70",-7,46.5
"70",-8,45.5
"70",-9,44.5
"70",-10,44.5
"70",-11,43.5
"70",-10,42.5
"70",-11,41.5
"70",-10,40.5
"70",-11,39.5
"70",-12,38.5
"70",-13,37.5
"70",-14,37.5
"70",-14,36.5
"70",-14,35.5
"70",-14,34.5
"70",-14,33.5
"70",-14,32.5
"70",-14,31.5
"70",-14,30.5
"70",-14,29.5
"70",-15,28.5
"70",-16,28.5
"70",-17,28.5
"70",-18,27.5
"70",-18,26.5
"70",-18,25.5
"70",-18,24.5
"70",-18,23.5
"70",-18,22.5
"70",-18,21.5
"70",-18,20.5
"70",-18,19.5
"70",-18,18.5
"70",-18,17.5
"70",-18,16.5
"70",-18,15.5
"70",-18,14.5
"70",-18,13.5
"70",-18,12.5
"70",-18,11.5
"70",-18,10.5
"70",-18,9.5
"70",-17,8.5
"70",-16,8.5
"70",-15,7.5
"70",-14,7.5
"70",-13,6.5
"70",-12,5.5
"70",-11,5.5
"70",-11,4.5
"70",-11,3.5
"70",-11,2.5
"70",-11,1.5
"70",-10,0.5
"70",-9,-0.5
"70",-9,-1.5
"70",-8,-2.5
"70",-7,-3.5
"70",-6,-4.5
"70",-5,-5.5
"70",-4,-5.5
"70",-3,-6.5
"70",-2,-7.5
"70",-1,-8.5
"70",0,-9.5
"70",1,-10.5
"70",2,-11.5
"70",3,-12.5
"70",3,-13.5
"70",3,-14.5
"70",3,-15.5
"70",3,-16.5
"70",3,-17.5
"70",3,-18.5
"70",3,-19.5
"70",3,-20.5
"70",4,-21.5
"70",5,-22.5
"70",5,-23.5
"70",5,-24.5
"70",5,-25.5
"70",5,-26.5
"70",5,-27.5
"70",5,-28.5
"70",5,-29.5
"70",5,-30.5
"70",5,-31.5
"70",5,-32.5
"70",5,-33.5
"70",5,-34.5
"70",5,-35.5
"70",5,-36.5
"70",5,-37.5
"70",5,-38.5
"70",6,-39.5
"70",7,-39.5
"70",8,-39.5
"70",9,-39.5
"70",10,-39.5
"70",11,-39.5
"70",11,-40.5
"70",12,-41.5
"70",13,-41.5
"70",14,-41.5
"70",15,-42.5
"70",16,-42.5
"70",17,-43.5
"70",18,-43.5
"70",19,-43.5
"70",20,-43.5
"70",21,-43.5
"70",22,-43.5
"70",23,-44.5
"70",24,-44.5
"70",25,-45.5
"71",-5,54.5
"71",-5,53.5
"71",-5,52.5
"71",-5,51.5
"71",-5,50.5
"71",-5,49.5
"71",-5,48.5
"71",-5,47.5
"71",-6,47.5
"71",-6,46.5
"71",-7,46.5
"71",-8,45.5
"71",-9,44.5
"71",-10,44.5
"71",-11,43.5
"71",-10,42.5
"71",-11,41.5
"71",-10,40.5
"71",-11,39.5
"71",-12,38.5
"71",-13,37.5
"71",-14,37.5
"71",-14,36.5
"71",-14,35.5
"71",-14,34.5
"71",-14,33.5
"71",-14,32.5
"71",-14,31.5
"71",-14,30.5
"71",-14,29.5
"71",-15,28.5
"71",-16,28.5
"71",-17,28.5
"71",-18,27.5
"71",-18,26.5
"71",-18,25.5
"71",-18,24.5
"71",-18,23.5
"71",-18,22.5
"71",-18,21.5
"71",-18,20.5
"71",-18,19.5
"71",-18,18.5
"71",-18,17.5
"71",-18,16.5
"71",-18,15.5
"71",-18,14.5
"71",-18,13.5
"71",-18,12.5
"71",-18,11.5
"71",-18,10.5
"71",-18,9.5
"71",-17,8.5
"71",-16,8.5
"71",-15,7.5
"71",-14,7.5
"71",-13,6.5
"71",-12,5.5
"71",-11,5.5
"71",-11,4.5
"71",-10,3.5
"71",-9,3.5
"71",-8,2.5
"71",-7,3.5
"71",-6,3.5
"71",-5,2.5
"71",-4,2.5
"71",-4,1.5
"71",-4,0.5
"71",-4,-0.5
"71",-4,-1.5
"71",-4,-2.5
"71",-4,-3.5
"71",-4,-4.5
"71",-3,-5.5
"71",-3,-6.5
"71",-2,-7.5
"71",-1,-7.5
"71",-1,-8.5
"71",0,-9.5
"71",1,-10.5
"71",2,-11.5
"71",3,-12.5
"71",3,-13.5
"71",3,-14.5
"71",3,-15.5
"71",3,-16.5
"71",3,-17.5
"71",3,-18.5
"71",3,-19.5
"71",3,-20.5
"71",3,-21.5
"71",3,-22.5
"71",4,-23.5
"71",5,-24.5
"71",5,-25.5
"71",5,-26.5
"71",5,-27.5
"71",5,-28.5
"71",5,-29.5
"71",5,-30.5
"71",5,-31.5
"71",5,-32.5
"71",5,-33.5
"71",5,-34.5
"71",5,-35.5
"71",5,-36.5
"71",6,-37.5
"71",7,-37.5
"71",8,-37.5
"71",9,-37.5
"71",10,-37.5
"71",11,-37.5
"71",12,-37.5
"71",13,-38.5
"71",14,-38.5
"71",15,-39.5
"71",16,-40.5
"71",17,-41.5
"71",18,-41.5
"71",19,-41.5
"71",20,-41.5
"71",21,-42.5
"71",22,-42.5
"71",23,-43.5
"71",24,-44.5
"71",25,-45.5
"72",-5,54.5
"72",-5,53.5
"72",-5,52.5
"72",-5,51.5
"72",-5,50.5
"72",-5,49.5
"72",-5,48.5
"72",-5,47.5
"72",-6,46.5
"72",-7,46.5
"72",-8,45.5
"72",-9,44.5
"72",-10,44.5
"72",-11,43.5
"72",-11,42.5
"72",-11,41.5
"72",-11,40.5
"72",-11,39.5
"72",-11,38.5
"72",-11,37.5
"72",-11,36.5
"72",-11,35.5
"72",-11,34.5
"72",-11,33.5
"72",-11,32.5
"72",-12,31.5
"72",-13,30.5
"72",-14,29.5
"72",-14,28.5
"72",-15,27.5
"72",-16,26.5
"72",-17,25.5
"72",-18,24.5
"72",-18,23.5
"72",-18,22.5
"72",-18,21.5
"72",-18,20.5
"72",-18,19.5
"72",-18,18.5
"72",-18,17.5
"72",-18,16.5
"72",-18,15.5
"72",-18,14.5
"72",-18,13.5
"72",-18,12.5
"72",-18,11.5
"72",-18,10.5
"72",-18,9.5
"72",-17,8.5
"72",-16,8.5
"72",-15,7.5
"72",-14,7.5
"72",-13,6.5
"72",-12,5.5
"72",-11,5.5
"72",-11,4.5
"72",-11,3.5
"72",-11,2.5
"72",-11,1.5
"72",-11,0.5
"72",-11,-0.5
"72",-11,-1.5
"72",-10,-2.5
"72",-9,-3.5
"72",-8,-4.5
"72",-7,-5.5
"72",-6,-6.5
"72",-6,-7.5
"72",-5,-8.5
"72",-4,-9.5
"72",-3,-10.5
"72",-2,-11.5
"72",-1,-12.5
"72",0,-13.5
"72",1,-14.5
"72",1,-15.5
"72",1,-16.5
"72",2,-17.5
"72",3,-18.5
"72",3,-19.5
"72",3,-20.5
"72",4,-21.5
"72",5,-22.5
"72",5,-23.5
"72",5,-24.5
"72",5,-25.5
"72",5,-26.5
"72",5,-27.5
"72",5,-28.5
"72",5,-29.5
"72",5,-30.5
"72",5,-31.5
"72",5,-32.5
"72",5,-33.5
"72",5,-34.5
"72",5,-35.5
"72",5,-36.5
"72",5,-37.5
"72",5,-38.5
"72",6,-39.5
"72",7,-39.5
"72",8,-40.5
"72",9,-40.5
"72",10,-40.5
"72",11,-40.5
"72",12,-41.5
"72",13,-41.5
"72",14,-41.5
"72",15,-42.5
"72",16,-42.5
"72",17,-43.5
"72",18,-43.5
"72",19,-43.5
"72",20,-43.5
"72",21,-43.5
"72",22,-43.5
"72",23,-44.5
"72",24,-44.5
"72",25,-45.5
"73",-5,54.5
"73",-5,53.5
"73",-5,52.5
"73",-5,51.5
"73",-5,50.5
"73",-5,49.5
"73",-5,48.5
"73",-5,47.5
"73",-6,46.5
"73",-7,46.5
"73",-8,45.5
"73",-9,44.5
"73",-10,44.5
"73",-11,43.5
"73",-10,42.5
"73",-11,41.5
"73",-11,40.5
"73",-11,39.5
"73",-12,38.5
"73",-13,37.5
"73",-14,37.5
"73",-14,36.5
"73",-14,35.5
"73",-14,34.5
"73",-14,33.5
"73",-14,32.5
"73",-14,31.5
"73",-14,30.5
"73",-14,29.5
"73",-14,28.5
"73",-15,27.5
"73",-16,26.5
"73",-17,25.5
"73",-18,24.5
"73",-18,23.5
"73",-18,22.5
"73",-18,21.5
"73",-18,20.5
"73",-18,19.5
"73",-18,18.5
"73",-18,17.5
"73",-18,16.5
"73",-18,15.5
"73",-18,14.5
"73",-18,13.5
"73",-18,12.5
"73",-18,11.5
"73",-18,10.5
"73",-18,9.5
"73",-17,8.5
"73",-16,8.5
"73",-15,7.5
"73",-14,7.5
"73",-13,6.5
"73",-12,5.5
"73",-11,5.5
"73",-11,4.5
"73",-11,3.5
"73",-11,2.5
"73",-11,1.5
"73",-10,0.5
"73",-9,-0.5
"73",-8,-1.5
"73",-7,-2.5
"73",-6,-3.5
"73",-5,-4.5
"73",-4,-5.5
"73",-3,-6.5
"73",-2,-7.5
"73",-1,-8.5
"73",0,-9.5
"73",1,-10.5
"73",2,-11.5
"73",3,-12.5
"73",3,-13.5
"73",3,-14.5
"73",3,-15.5
"73",3,-16.5
"73",3,-17.5
"73",3,-18.5
"73",3,-19.5
"73",3,-20.5
"73",4,-21.5
"73",5,-22.5
"73",5,-23.5
"73",5,-24.5
"73",5,-25.5
"73",5,-26.5
"73",5,-27.5
"73",5,-28.5
"73",5,-29.5
"73",5,-30.5
"73",5,-31.5
"73",5,-32.5
"73",5,-33.5
"73",5,-34.5
"73",5,-35.5
"73",5,-36.5
"73",5,-37.5
"73",5,-38.5
"73",6,-39.5
"73",7,-39.5
"73",8,-39.5
"73",9,-39.5
"73",10,-39.5
"73",11,-39.5
"73",11,-40.5
"73",12,-41.5
"73",13,-41.5
"73",14,-41.5
"73",15,-42.5
"73",16,-42.5
"73",17,-43.5
"73",18,-43.5
"73",19,-43.5
"73",20,-43.5
"73",21,-43.5
"73",22,-43.5
"73",23,-44.5
"73",24,-44.5
"73",25,-45.5
"74",-5,54.5
"74",-5,53.5
"74",-5,52.5
"74",-5,51.5
"74",-5,50.5
"74",-5,49.5
"74",-5,48.5
"74",-5,47.5
"74",-6,46.5
"74",-7,46.5
"74",-8,45.5
"74",-9,44.5
"74",-10,44.5
"74",-11,43.5
"74",-10,42.5
"74",-11,41.5
"74",-10,40.5
"74",-11,39.5
"74",-12,38.5
"74",-13,37.5
"74",-14,37.5
"74",-14,36.5
"74",-14,35.5
"74",-14,34.5
"74",-14,33.5
"74",-14,32.5
"74",-14,31.5
"74",-14,30.5
"74",-14,29.5
"74",-15,28.5
"74",-16,28.5
"74",-17,28.5
"74",-18,27.5
"74",-18,26.5
"74",-18,25.5
"74",-18,24.5
"74",-18,23.5
"74",-18,22.5
"74",-18,21.5
"74",-18,20.5
"74",-18,19.5
"74",-18,18.5
"74",-18,17.5
"74",-18,16.5
"74",-18,15.5
"74",-18,14.5
"74",-18,13.5
"74",-18,12.5
"74",-18,11.5
"74",-18,10.5
"74",-18,9.5
"74",-17,8.5
"74",-16,8.5
"74",-15,7.5
"74",-14,7.5
"74",-13,6.5
"74",-12,5.5
"74",-11,5.5
"74",-11,4.5
"74",-11,3.5
"74",-11,2.5
"74",-11,1.5
"74",-10,0.5
"74",-9,-0.5
"74",-8,-1.5
"74",-7,-2.5
"74",-6,-3.5
"74",-5,-4.5
"74",-4,-4.5
"74",-3,-5.5
"74",-3,-6.5
"74",-2,-7.5
"74",-1,-7.5
"74",-1,-8.5
"74",0,-9.5
"74",1,-10.5
"74",2,-11.5
"74",3,-12.5
"74",3,-13.5
"74",3,-14.5
"74",3,-15.5
"74",3,-16.5
"74",3,-17.5
"74",3,-18.5
"74",3,-19.5
"74",3,-20.5
"74",3,-21.5
"74",3,-22.5
"74",4,-23.5
"74",5,-24.5
"74",5,-25.5
"74",5,-26.5
"74",5,-27.5
"74",5,-28.5
"74",5,-29.5
"74",5,-30.5
"74",5,-31.5
"74",5,-32.5
"74",5,-33.5
"74",5,-34.5
"74",5,-35.5
"74",5,-36.5
"74",5,-37.5
"74",6,-38.5
"74",7,-38.5
"74",8,-38.5
"74",9,-38.5
"74",10,-38.5
"74",11,-38.5
"74",12,-39.5
"74",13,-40.5
"74",14,-40.5
"74",15,-41.5
"74",16,-41.5
"74",17,-42.5
"74",18,-42.5
"74",19,-42.5
"74",20,-42.5
"74",21,-43.5
"74",22,-43.5
"74",23,-44.5
"74",24,-44.5
"74",25,-45.5
"75",-5,54.5
"75",-5,53.5
"75",-5,52.5
"75",-5,51.5
"75",-5,50.5
"75",-5,49.5
"75",-5,48.5
"75",-5,47.5
"75",-6,47.5
"75",-6,46.5
"75",-7,46.5
"75",-8,45.5
"75",-9,44.5
"75",-10,44.5
"75",-11,43.5
"75",-12,43.5
"75",-13,43.5
"75",-14,43.5
"75",-15,42.5
"75",-16,42.5
"75",-17,42.5
"75",-18,41.5
"75",-18,40.5
"75",-18,39.5
"75",-18,38.5
"75",-18,37.5
"75",-18,36.5
"75",-18,35.5
"75",-18,34.5
"75",-18,33.5
"75",-18,32.5
"75",-18,31.5
"75",-18,30.5
"75",-18,29.5
"75",-18,28.5
"75",-18,27.5
"75",-18,26.5
"75",-18,25.5
"75",-18,24.5
"75",-18,23.5
"75",-18,22.5
"75",-18,21.5
"75",-18,20.5
"75",-18,19.5
"75",-18,18.5
"75",-18,17.5
"75",-18,16.5
"75",-18,15.5
"75",-18,14.5
"75",-18,13.5
"75",-18,12.5
"75",-18,11.5
"75",-18,10.5
"75",-18,9.5
"75",-17,8.5
"75",-16,8.5
"75",-15,7.5
"75",-14,7.5
"75",-13,6.5
"75",-12,5.5
"75",-11,5.5
"75",-11,4.5
"75",-10,3.5
"75",-9,3.5
"75",-8,2.5
"75",-7,3.5
"75",-6,3.5
"75",-5,2.5
"75",-4,2.5
"75",-4,1.5
"75",-4,0.5
"75",-4,-0.5
"75",-4,-1.5
"75",-4,-2.5
"75",-4,-3.5
"75",-4,-4.5
"75",-3,-5.5
"75",-3,-6.5
"75",-2,-7.5
"75",-1,-7.5
"75",-1,-8.5
"75",0,-9.5
"75",1,-10.5
"75",2,-11.5
"75",3,-12.5
"75",3,-13.5
"75",3,-14.5
"75",3,-15.5
"75",3,-16.5
"75",3,-17.5
"75",3,-18.5
"75",3,-19.5
"75",3,-20.5
"75",3,-21.5
"75",3,-22.5
"75",3,-23.5
"75",3,-24.5
"75",4,-25.5
"75",5,-26.5
"75",5,-27.5
"75",5,-28.5
"75",5,-29.5
"75",5,-30.5
"75",5,-31.5
"75",5,-32.5
"75",5,-33.5
"75",5,-34.5
"75",6,-35.5
"75",7,-35.5
"75",8,-35.5
"75",9,-35.5
"75",10,-35.5
"75",11,-35.5
"75",11,-36.5
"75",12,-37.5
"75",13,-38.5
"75",14,-38.5
"75",15,-39.5
"75",16,-40.5
"75",17,-41.5
"75",18,-41.5
"75",19,-41.5
"75",20,-41.5
"75",21,-42.5
"75",22,-42.5
"75",23,-43.5
"75",24,-44.5
"75",25,-45.5
"76",-5,54.5
"76",-5,53.5
"76",-5,52.5
"76",-5,51.5
"76",-5,50.5
"76",-5,49.5
"76",-5,48.5
"76",-6,47.5
"76",-7,46.5
"76",-8,45.5
"76",-9,44.5
"76",-10,44.5
"76",-11,43.5
"76",-11,42.5
"76",-11,41.5
"76",-11,40.5
"76",-11,39.5
"76",-11,38.5
"76",-11,37.5
"76",-11,36.5
"76",-11,35.5
"76",-11,34.5
"76",-11,33.5
"76",-11,32.5
"76",-12,31.5
"76",-13,30.5
"76",-13,29.5
"76",-14,28.5
"76",-15,27.5
"76",-16,26.5
"76",-17,25.5
"76",-18,24.5
"76",-18,23.5
"76",-18,22.5
"76",-18,21.5
"76",-18,20.5
"76",-18,19.5
"76",-18,18.5
"76",-18,17.5
"76",-18,16.5
"76",-18,15.5
"76",-18,14.5
"76",-18,13.5
"76",-18,12.5
"76",-18,11.5
"76",-18,10.5
"76",-18,9.5
"76",-18,8.5
"76",-18,7.5
"76",-18,6.5
"76",-18,5.5
"76",-18,4.5
"76",-18,3.5
"76",-18,2.5
"76",-18,1.5
"76",-17,0.5
"76",-16,-0.5
"76",-15,-1.5
"76",-14,-2.5
"76",-13,-3.5
"76",-12,-4.5
"76",-11,-5.5
"76",-10,-6.5
"76",-9,-7.5
"76",-8,-8.5
"76",-7,-9.5
"76",-6,-10.5
"76",-5,-11.5
"76",-4,-12.5
"76",-3,-13.5
"76",-2,-14.5
"76",-1,-15.5
"76",-1,-16.5
"76",0,-17.5
"76",1,-18.5
"76",2,-19.5
"76",3,-20.5
"76",4,-21.5
"76",5,-22.5
"76",5,-23.5
"76",5,-24.5
"76",5,-25.5
"76",5,-26.5
"76",5,-27.5
"76",5,-28.5
"76",5,-29.5
"76",5,-30.5
"76",5,-31.5
"76",5,-32.5
"76",5,-33.5
"76",5,-34.5
"76",5,-35.5
"76",5,-36.5
"76",5,-37.5
"76",5,-38.5
"76",6,-39.5
"76",7,-39.5
"76",8,-40.5
"76",9,-41.5
"76",10,-41.5
"76",11,-41.5
"76",12,-42.5
"76",13,-42.5
"76",14,-42.5
"76",15,-42.5
"76",16,-42.5
"76",17,-43.5
"76",18,-43.5
"76",19,-43.5
"76",20,-43.5
"76",21,-43.5
"76",22,-43.5
"76",23,-44.5
"76",24,-44.5
"76",25,-45.5
"77",-5,54.5
"77",-5,53.5
"77",-5,52.5
"77",-5,51.5
"77",-5,50.5
"77",-5,49.5
"77",-5,48.5
"77",-5,47.5
"77",-6,46.5
"77",-7,46.5
"77",-8,45.5
"77",-9,44.5
"77",-10,44.5
"77",-11,43.5
"77",-11,42.5
"77",-11,41.5
"77",-11,40.5
"77",-11,39.5
"77",-11,38.5
"77",-11,37.5
"77",-11,36.5
"77",-11,35.5
"77",-11,34.5
"77",-11,33.5
"77",-11,32.5
"77",-12,31.5
"77",-13,30.5
"77",-14,29.5
"77",-14,28.5
"77",-15,27.5
"77",-16,26.5
"77",-17,25.5
"77",-18,24.5
"77",-18,23.5
"77",-18,22.5
"77",-18,21.5
"77",-18,20.5
"77",-18,19.5
"77",-18,18.5
"77",-18,17.5
"77",-18,16.5
"77",-18,15.5
"77",-18,14.5
"77",-18,13.5
"77",-18,12.5
"77",-18,11.5
"77",-18,10.5
"77",-18,9.5
"77",-17,8.5
"77",-16,8.5
"77",-15,7.5
"77",-14,7.5
"77",-13,6.5
"77",-12,5.5
"77",-11,4.5
"77",-11,3.5
"77",-11,2.5
"77",-11,1.5
"77",-11,0.5
"77",-11,-0.5
"77",-11,-1.5
"77",-10,-2.5
"77",-9,-3.5
"77",-8,-4.5
"77",-7,-5.5
"77",-6,-6.5
"77",-6,-7.5
"77",-5,-8.5
"77",-4,-9.5
"77",-3,-10.5
"77",-2,-11.5
"77",-1,-12.5
"77",0,-13.5
"77",1,-14.5
"77",1,-15.5
"77",1,-16.5
"77",2,-17.5
"77",3,-18.5
"77",3,-19.5
"77",3,-20.5
"77",4,-21.5
"77",5,-22.5
"77",5,-23.5
"77",5,-24.5
"77",5,-25.5
"77",5,-26.5
"77",5,-27.5
"77",5,-28.5
"77",5,-29.5
"77",5,-30.5
"77",5,-31.5
"77",5,-32.5
"77",5,-33.5
"77",5,-34.5
"77",5,-35.5
"77",5,-36.5
"77",5,-37.5
"77",5,-38.5
"77",6,-39.5
"77",7,-39.5
"77",8,-40.5
"77",9,-40.5
"77",10,-40.5
"77",11,-40.5
"77",12,-41.5
"77",13,-41.5
"77",14,-41.5
"77",15,-42.5
"77",16,-42.5
"77",17,-43.5
"77",18,-43.5
"77",19,-43.5
"77",20,-43.5
"77",21,-43.5
"77",22,-43.5
"77",23,-44.5
"77",24,-44.5
"77",25,-45.5
"78",-5,54.5
"78",-5,53.5
"78",-5,52.5
"78",-5,51.5
"78",-5,50.5
"78",-5,49.5
"78",-5,48.5
"78",-5,47.5
"78",-6,46.5
"78",-7,46.5
"78",-8,45.5
"78",-9,44.5
"78",-10,44.5
"78",-11,43.5
"78",-10,42.5
"78",-11,41.5
"78",-11,40.5
"78",-11,39.5
"78",-12,38.5
"78",-13,37.5
"78",-14,37.5
"78",-14,36.5
"78",-14,35.5
"78",-14,34.5
"78",-14,33.5
"78",-14,32.5
"78",-14,31.5
"78",-14,30.5
"78",-14,29.5
"78",-14,28.5
"78",-15,27.5
"78",-16,27.5
"78",-16,26.5
"78",-17,25.5
"78",-18,24.5
"78",-18,23.5
"78",-18,22.5
"78",-18,21.5
"78",-18,20.5
"78",-18,19.5
"78",-18,18.5
"78",-18,17.5
"78",-18,16.5
"78",-18,15.5
"78",-18,14.5
"78",-18,13.5
"78",-18,12.5
"78",-18,11.5
"78",-18,10.5
"78",-18,9.5
"78",-18,8.5
"78",-18,7.5
"78",-18,6.5
"78",-18,5.5
"78",-18,4.5
"78",-18,3.5
"78",-18,2.5
"78",-18,1.5
"78",-18,0.5
"78",-18,-0.5
"78",-18,-1.5
"78",-17,-2.5
"78",-16,-3.5
"78",-16,-4.5
"78",-16,-5.5
"78",-16,-6.5
"78",-16,-7.5
"78",-16,-8.5
"78",-16,-9.5
"78",-16,-10.5
"78",-16,-11.5
"78",-16,-12.5
"78",-16,-13.5
"78",-16,-14.5
"78",-16,-15.5
"78",-16,-16.5
"78",-16,-17.5
"78",-16,-18.5
"78",-16,-19.5
"78",-16,-20.5
"78",-16,-21.5
"78",-16,-22.5
"78",-16,-23.5
"78",-16,-24.5
"78",-16,-25.5
"78",-16,-26.5
"78",-16,-27.5
"78",-16,-28.5
"78",-16,-29.5
"78",-16,-30.5
"78",-15,-31.5
"78",-14,-31.5
"78",-13,-32.5
"78",-12,-32.5
"78",-11,-33.5
"78",-10,-34.5
"78",-9,-34.5
"78",-8,-35.5
"78",-7,-35.5
"78",-6,-36.5
"78",-5,-37.5
"78",-4,-38.5
"78",-3,-39.5
"78",-2,-40.5
"78",-1,-40.5
"78",0,-41.5
"78",1,-41.5
"78",2,-42.5
"78",3,-42.5
"78",4,-42.5
"78",5,-42.5
"78",6,-42.5
"78",7,-42.5
"78",8,-42.5
"78",9,-42.5
"78",10,-42.5
"78",11,-42.5
"78",12,-43.5
"78",13,-43.5
"78",14,-43.5
"78",15,-43.5
"78",16,-43.5
"78",17,-43.5
"78",18,-43.5
"78",19,-43.5
"78",20,-43.5
"78",21,-43.5
"78",22,-43.5
"78",23,-44.5
"78",24,-44.5
"78",25,-45.5
"79",-5,54.5
"79",-5,53.5
"79",-5,52.5
"79",-5,51.5
"79",-5,50.5
"79",-5,49.5
"79",-5,48.5
"79",-5,47.5
"79",-6,47.5
"79",-6,46.5
"79",-7,46.5
"79",-8,45.5
"79",-9,44.5
"79",-10,44.5
"79",-11,43.5
"79",-12,43.5
"79",-13,43.5
"79",-14,43.5
"79",-15,42.5
"79",-16,42.5
"79",-17,42.5
"79",-18,41.5
"79",-18,40.5
"79",-18,39.5
"79",-18,38.5
"79",-18,37.5
"79",-18,36.5
"79",-18,35.5
"79",-18,34.5
"79",-18,33.5
"79",-18,32.5
"79",-18,31.5
"79",-18,30.5
"79",-18,29.5
"79",-18,28.5
"79",-18,27.5
"79",-18,26.5
"79",-18,25.5
"79",-18,24.5
"79",-18,23.5
"79",-18,22.5
"79",-18,21.5
"79",-18,20.5
"79",-18,19.5
"79",-18,18.5
"79",-18,17.5
"79",-18,16.5
"79",-18,15.5
"79",-18,14.5
"79",-18,13.5
"79",-18,12.5
"79",-18,11.5
"79",-18,10.5
"79",-18,9.5
"79",-17,8.5
"79",-16,8.5
"79",-16,7.5
"79",-16,6.5
"79",-16,5.5
"79",-16,4.5
"79",-16,3.5
"79",-16,2.5
"79",-16,1.5
"79",-16,0.5
"79",-16,-0.5
"79",-16,-1.5
"79",-16,-2.5
"79",-16,-3.5
"79",-16,-4.5
"79",-16,-5.5
"79",-16,-6.5
"79",-16,-7.5
"79",-16,-8.5
"79",-16,-9.5
"79",-16,-10.5
"79",-16,-11.5
"79",-16,-12.5
"79",-16,-13.5
"79",-16,-14.5
"79",-16,-15.5
"79",-16,-16.5
"79",-16,-17.5
"79",-16,-18.5
"79",-16,-19.5
"79",-16,-20.5
"79",-16,-21.5
"79",-16,-22.5
"79",-16,-23.5
"79",-16,-24.5
"79",-16,-25.5
"79",-16,-26.5
"79",-16,-27.5
"79",-16,-28.5
"79",-16,-29.5
"79",-16,-30.5
"79",-15,-31.5
"79",-14,-31.5
"79",-13,-32.5
"79",-12,-32.5
"79",-11,-33.5
"79",-10,-34.5
"79",-9,-34.5
"79",-8,-35.5
"79",-7,-35.5
"79",-7,-36.5
"79",-6,-37.5
"79",-5,-38.5
"79",-4,-38.5
"79",-3,-39.5
"79",-2,-40.5
"79",-1,-40.5
"79",0,-41.5
"79",1,-41.5
"79",2,-42.5
"79",3,-42.5
"79",4,-42.5
"79",5,-42.5
"79",6,-42.5
"79",7,-42.5
"79",8,-42.5
"79",9,-42.5
"79",10,-42.5
"79",11,-42.5
"79",12,-43.5
"79",13,-43.5
"79",14,-43.5
"79",15,-43.5
"79",16,-43.5
"79",17,-43.5
"79",18,-43.5
"79",19,-43.5
"79",20,-43.5
"79",21,-43.5
"79",22,-43.5
"79",23,-44.5
"79",24,-44.5
"79",25,-45.5
"80",-5,54.5
"80",-5,53.5
"80",-5,52.5
"80",-5,51.5
"80",-5,50.5
"80",-5,49.5
"80",-5,48.5
"80",-5,47.5
"80",-6,47.5
"80",-6,46.5
"80",-7,46.5
"80",-8,45.5
"80",-9,44.5
"80",-10,44.5
"80",-11,43.5
"80",-12,43.5
"80",-13,43.5
"80",-14,43.5
"80",-15,42.5
"80",-16,42.5
"80",-17,42.5
"80",-18,41.5
"80",-18,40.5
"80",-18,39.5
"80",-18,38.5
"80",-18,37.5
"80",-18,36.5
"80",-18,35.5
"80",-18,34.5
"80",-18,33.5
"80",-18,32.5
"80",-18,31.5
"80",-18,30.5
"80",-18,29.5
"80",-18,28.5
"80",-18,27.5
"80",-18,26.5
"80",-18,25.5
"80",-18,24.5
"80",-18,23.5
"80",-18,22.5
"80",-18,21.5
"80",-18,20.5
"80",-18,19.5
"80",-18,18.5
"80",-18,17.5
"80",-18,16.5
"80",-18,15.5
"80",-18,14.5
"80",-18,13.5
"80",-18,12.5
"80",-18,11.5
"80",-18,10.5
"80",-18,9.5
"80",-18,8.5
"80",-18,7.5
"80",-18,6.5
"80",-18,5.5
"80",-18,4.5
"80",-18,3.5
"80",-17,2.5
"80",-16,2.5
"80",-16,1.5
"80",-16,0.5
"80",-16,-0.5
"80",-16,-1.5
"80",-16,-2.5
"80",-16,-3.5
"80",-16,-4.5
"80",-16,-5.5
"80",-16,-6.5
"80",-16,-7.5
"80",-16,-8.5
"80",-16,-9.5
"80",-16,-10.5
"80",-16,-11.5
"80",-16,-12.5
"80",-16,-13.5
"80",-16,-14.5
"80",-16,-15.5
"80",-16,-16.5
"80",-16,-17.5
"80",-16,-18.5
"80",-16,-19.5
"80",-16,-20.5
"80",-16,-21.5
"80",-16,-22.5
"80",-15,-23.5
"80",-14,-23.5
"80",-13,-23.5
"80",-12,-23.5
"80",-12,-24.5
"80",-11,-23.5
"80",-10,-24.5
"80",-10,-25.5
"80",-10,-26.5
"80",-10,-27.5
"80",-10,-28.5
"80",-10,-29.5
"80",-9,-30.5
"80",-8,-31.5
"80",-7,-32.5
"80",-6,-33.5
"80",-5,-34.5
"80",-4,-34.5
"80",-3,-34.5
"80",-2,-35.5
"80",-1,-35.5
"80",0,-36.5
"80",1,-36.5
"80",2,-36.5
"80",3,-36.5
"80",4,-36.5
"80",5,-36.5
"80",6,-37.5
"80",7,-37.5
"80",8,-37.5
"80",9,-37.5
"80",10,-37.5
"80",11,-37.5
"80",12,-37.5
"80",13,-38.5
"80",14,-38.5
"80",15,-39.5
"80",16,-40.5
"80",17,-41.5
"80",18,-41.5
"80",19,-41.5
"80",20,-41.5
"80",21,-42.5
"80",22,-42.5
"80",23,-43.5
"80",24,-44.5
"80",25,-45.5
"81",-5,54.5
"81",-5,53.5
"81",-5,52.5
"81",-6,51.5
"81",-7,50.5
"81",-8,49.5
"81",-9,48.5
"81",-10,47.5
"81",-11,46.5
"81",-12,45.5
"81",-12,44.5
"81",-12,43.5
"81",-12,42.5
"81",-12,41.5
"81",-12,40.5
"81",-12,39.5
"81",-12,38.5
"81",-12,37.5
"81",-12,36.5
"81",-12,35.5
"81",-12,34.5
"81",-12,33.5
"81",-12,32.5
"81",-12,31.5
"81",-13,30.5
"81",-13,29.5
"81",-14,28.5
"81",-15,27.5
"81",-16,26.5
"81",-17,25.5
"81",-18,24.5
"81",-18,23.5
"81",-18,22.5
"81",-18,21.5
"81",-18,20.5
"81",-18,19.5
"81",-18,18.5
"81",-18,17.5
"81",-18,16.5
"81",-18,15.5
"81",-18,14.5
"81",-18,13.5
"81",-18,12.5
"81",-18,11.5
"81",-18,10.5
"81",-18,9.5
"81",-18,8.5
"81",-17,7.5
"81",-17,6.5
"81",-17,5.5
"81",-17,4.5
"81",-17,3.5
"81",-17,2.5
"81",-17,1.5
"81",-17,0.5
"81",-16,-0.5
"81",-15,-1.5
"81",-14,-2.5
"81",-13,-3.5
"81",-12,-4.5
"81",-11,-5.5
"81",-10,-6.5
"81",-9,-7.5
"81",-8,-8.5
"81",-7,-9.5
"81",-6,-10.5
"81",-5,-11.5
"81",-4,-12.5
"81",-3,-13.5
"81",-2,-14.5
"81",-1,-15.5
"81",0,-16.5
"81",1,-17.5
"81",2,-18.5
"81",3,-19.5
"81",4,-20.5
"81",5,-21.5
"81",6,-22.5
"81",7,-23.5
"81",8,-24.5
"81",8,-25.5
"81",8,-26.5
"81",8,-27.5
"81",8,-28.5
"81",8,-29.5
"81",8,-30.5
"81",8,-31.5
"81",8,-32.5
"81",8,-33.5
"81",8,-34.5
"81",8,-35.5
"81",8,-36.5
"81",8,-37.5
"81",8,-38.5
"81",9,-39.5
"81",10,-40.5
"81",11,-41.5
"81",12,-42.5
"81",13,-43.5
"81",14,-43.5
"81",15,-43.5
"81",16,-43.5
"81",17,-43.5
"81",18,-43.5
"81",19,-43.5
"81",20,-43.5
"81",21,-43.5
"81",22,-43.5
"81",23,-43.5
"81",24,-44.5
"81",25,-45.5
"82",-5,54.5
"82",-5,53.5
"82",-5,52.5
"82",-5,51.5
"82",-5,50.5
"82",-5,49.5
"82",-5,48.5
"82",-6,47.5
"82",-7,46.5
"82",-8,45.5
"82",-9,44.5
"82",-10,44.5
"82",-11,43.5
"82",-11,42.5
"82",-11,41.5
"82",-11,40.5
"82",-11,39.5
"82",-11,38.5
"82",-11,37.5
"82",-11,36.5
"82",-11,35.5
"82",-11,34.5
"82",-11,33.5
"82",-11,32.5
"82",-12,31.5
"82",-13,30.5
"82",-13,29.5
"82",-14,28.5
"82",-15,27.5
"82",-16,26.5
"82",-17,25.5
"82",-18,24.5
"82",-18,23.5
"82",-18,22.5
"82",-18,21.5
"82",-18,20.5
"82",-18,19.5
"82",-18,18.5
"82",-18,17.5
"82",-18,16.5
"82",-18,15.5
"82",-18,14.5
"82",-18,13.5
"82",-18,12.5
"82",-18,11.5
"82",-18,10.5
"82",-18,9.5
"82",-18,8.5
"82",-17,7.5
"82",-16,6.5
"82",-16,5.5
"82",-16,4.5
"82",-16,3.5
"82",-16,2.5
"82",-16,1.5
"82",-16,0.5
"82",-16,-0.5
"82",-15,-1.5
"82",-14,-2.5
"82",-13,-3.5
"82",-12,-4.5
"82",-11,-5.5
"82",-10,-6.5
"82",-9,-7.5
"82",-8,-8.5
"82",-7,-9.5
"82",-6,-10.5
"82",-5,-11.5
"82",-4,-12.5
"82",-3,-13.5
"82",-2,-14.5
"82",-1,-15.5
"82",-1,-16.5
"82",0,-17.5
"82",1,-18.5
"82",2,-19.5
"82",3,-20.5
"82",4,-21.5
"82",5,-22.5
"82",5,-23.5
"82",5,-24.5
"82",5,-25.5
"82",5,-26.5
"82",5,-27.5
"82",5,-28.5
"82",5,-29.5
"82",5,-30.5
"82",5,-31.5
"82",5,-32.5
"82",5,-33.5
"82",5,-34.5
"82",5,-35.5
"82",5,-36.5
"82",5,-37.5
"82",6,-38.5
"82",7,-38.5
"82",8,-39.5
"82",9,-40.5
"82",10,-40.5
"82",11,-41.5
"82",12,-42.5
"82",13,-42.5
"82",14,-42.5
"82",15,-42.5
"82",16,-42.5
"82",17,-43.5
"82",18,-43.5
"82",19,-43.5
"82",20,-43.5
"82",21,-43.5
"82",22,-43.5
"82",23,-44.5
"82",24,-44.5
"82",25,-45.5
"83",-5,54.5
"83",-5,53.5
"83",-5,52.5
"83",-5,51.5
"83",-5,50.5
"83",-5,49.5
"83",-5,48.5
"83",-5,47.5
"83",-6,46.5
"83",-7,46.5
"83",-8,45.5
"83",-9,44.5
"83",-10,44.5
"83",-11,43.5
"83",-11,42.5
"83",-11,41.5
"83",-11,40.5
"83",-11,39.5
"83",-11,38.5
"83",-11,37.5
"83",-11,36.5
"83",-11,35.5
"83",-11,34.5
"83",-11,33.5
"83",-11,32.5
"83",-12,31.5
"83",-13,30.5
"83",-14,29.5
"83",-14,28.5
"83",-15,27.5
"83",-16,26.5
"83",-17,25.5
"83",-18,24.5
"83",-18,23.5
"83",-18,22.5
"83",-18,21.5
"83",-18,20.5
"83",-18,19.5
"83",-18,18.5
"83",-18,17.5
"83",-18,16.5
"83",-18,15.5
"83",-18,14.5
"83",-18,13.5
"83",-18,12.5
"83",-18,11.5
"83",-18,10.5
"83",-18,9.5
"83",-18,8.5
"83",-18,7.5
"83",-18,6.5
"83",-18,5.5
"83",-18,4.5
"83",-18,3.5
"83",-18,2.5
"83",-18,1.5
"83",-18,0.5
"83",-18,-0.5
"83",-18,-1.5
"83",-17,-2.5
"83",-16,-3.5
"83",-16,-4.5
"83",-16,-5.5
"83",-16,-6.5
"83",-16,-7.5
"83",-16,-8.5
"83",-16,-9.5
"83",-16,-10.5
"83",-16,-11.5
"83",-16,-12.5
"83",-16,-13.5
"83",-16,-14.5
"83",-16,-15.5
"83",-16,-16.5
"83",-16,-17.5
"83",-16,-18.5
"83",-16,-19.5
"83",-16,-20.5
"83",-16,-21.5
"83",-16,-22.5
"83",-16,-23.5
"83",-16,-24.5
"83",-16,-25.5
"83",-16,-26.5
"83",-16,-27.5
"83",-16,-28.5
"83",-16,-29.5
"83",-16,-30.5
"83",-15,-31.5
"83",-14,-31.5
"83",-13,-32.5
"83",-12,-32.5
"83",-11,-33.5
"83",-10,-34.5
"83",-9,-34.5
"83",-8,-35.5
"83",-7,-35.5
"83",-6,-36.5
"83",-5,-37.5
"83",-4,-38.5
"83",-3,-39.5
"83",-2,-40.5
"83",-1,-40.5
"83",0,-41.5
"83",1,-41.5
"83",2,-42.5
"83",3,-42.5
"83",4,-42.5
"83",5,-42.5
"83",6,-42.5
"83",7,-42.5
"83",8,-42.5
"83",9,-42.5
"83",10,-42.5
"83",11,-42.5
"83",12,-43.5
"83",13,-43.5
"83",14,-43.5
"83",15,-43.5
"83",16,-43.5
"83",17,-43.5
"83",18,-43.5
"83",19,-43.5
"83",20,-43.5
"83",21,-43.5
"83",22,-43.5
"83",23,-44.5
"83",24,-44.5
"83",25,-45.5
"84",-5,54.5
"84",-5,53.5
"84",-5,52.5
"84",-5,51.5
"84",-5,50.5
"84",-5,49.5
"84",-5,48.5
"84",-5,47.5
"84",-6,46.5
"84",-7,46.5
"84",-8,45.5
"84",-9,44.5
"84",-10,44.5
"84",-11,43.5
"84",-12,43.5
"84",-13,43.5
"84",-14,43.5
"84",-15,42.5
"84",-16,42.5
"84",-17,42.5
"84",-18,41.5
"84",-18,40.5
"84",-18,39.5
"84",-18,38.5
"84",-18,37.5
"84",-18,36.5
"84",-18,35.5
"84",-18,34.5
"84",-18,33.5
"84",-18,32.5
"84",-18,31.5
"84",-18,30.5
"84",-18,29.5
"84",-18,28.5
"84",-18,27.5
"84",-18,26.5
"84",-18,25.5
"84",-18,24.5
"84",-18,23.5
"84",-18,22.5
"84",-18,21.5
"84",-18,20.5
"84",-18,19.5
"84",-18,18.5
"84",-18,17.5
"84",-18,16.5
"84",-18,15.5
"84",-18,14.5
"84",-18,13.5
"84",-18,12.5
"84",-18,11.5
"84",-18,10.5
"84",-18,9.5
"84",-17,8.5
"84",-16,8.5
"84",-16,7.5
"84",-16,6.5
"84",-16,5.5
"84",-16,4.5
"84",-16,3.5
"84",-16,2.5
"84",-16,1.5
"84",-16,0.5
"84",-16,-0.5
"84",-16,-1.5
"84",-16,-2.5
"84",-16,-3.5
"84",-16,-4.5
"84",-16,-5.5
"84",-16,-6.5
"84",-16,-7.5
"84",-16,-8.5
"84",-16,-9.5
"84",-16,-10.5
"84",-16,-11.5
"84",-16,-12.5
"84",-16,-13.5
"84",-16,-14.5
"84",-16,-15.5
"84",-16,-16.5
"84",-16,-17.5
"84",-16,-18.5
"84",-16,-19.5
"84",-16,-20.5
"84",-16,-21.5
"84",-16,-22.5
"84",-16,-23.5
"84",-16,-24.5
"84",-16,-25.5
"84",-16,-26.5
"84",-16,-27.5
"84",-16,-28.5
"84",-16,-29.5
"84",-16,-30.5
"84",-15,-31.5
"84",-14,-31.5
"84",-13,-32.5
"84",-12,-32.5
"84",-11,-33.5
"84",-10,-34.5
"84",-9,-34.5
"84",-8,-35.5
"84",-7,-35.5
"84",-7,-36.5
"84",-6,-37.5
"84",-5,-38.5
"84",-4,-38.5
"84",-3,-39.5
"84",-2,-40.5
"84",-1,-40.5
"84",0,-41.5
"84",1,-41.5
"84",2,-42.5
"84",3,-42.5
"84",4,-42.5
"84",5,-42.5
"84",6,-42.5
"84",7,-42.5
"84",8,-42.5
"84",9,-42.5
"84",10,-42.5
"84",11,-42.5
"84",12,-43.5
"84",13,-43.5
"84",14,-43.5
"84",15,-43.5
"84",16,-43.5
"84",17,-43.5
"84",18,-43.5
"84",19,-43.5
"84",20,-43.5
"84",21,-43.5
"84",22,-43.5
"84",23,-44.5
"84",24,-44.5
"84",25,-45.5
"85",-5,54.5
"85",-5,53.5
"85",-5,52.5
"85",-5,51.5
"85",-5,50.5
"85",-5,49.5
"85",-5,48.5
"85",-5,47.5
"85",-6,47.5
"85",-6,46.5
"85",-7,46.5
"85",-8,45.5
"85",-9,44.5
"85",-10,44.5
"85",-11,43.5
"85",-12,43.5
"85",-13,43.5
"85",-14,43.5
"85",-15,42.5
"85",-16,42.5
"85",-17,42.5
"85",-18,41.5
"85",-18,40.5
"85",-18,39.5
"85",-18,38.5
"85",-18,37.5
"85",-18,36.5
"85",-18,35.5
"85",-18,34.5
"85",-18,33.5
"85",-18,32.5
"85",-18,31.5
"85",-18,30.5
"85",-18,29.5
"85",-18,28.5
"85",-18,27.5
"85",-18,26.5
"85",-18,25.5
"85",-18,24.5
"85",-18,23.5
"85",-18,22.5
"85",-18,21.5
"85",-18,20.5
"85",-18,19.5
"85",-18,18.5
"85",-18,17.5
"85",-18,16.5
"85",-18,15.5
"85",-18,14.5
"85",-18,13.5
"85",-18,12.5
"85",-18,11.5
"85",-18,10.5
"85",-18,9.5
"85",-17,8.5
"85",-16,8.5
"85",-16,7.5
"85",-16,6.5
"85",-16,5.5
"85",-16,4.5
"85",-16,3.5
"85",-16,2.5
"85",-16,1.5
"85",-16,0.5
"85",-16,-0.5
"85",-16,-1.5
"85",-16,-2.5
"85",-16,-3.5
"85",-16,-4.5
"85",-16,-5.5
"85",-16,-6.5
"85",-16,-7.5
"85",-16,-8.5
"85",-16,-9.5
"85",-16,-10.5
"85",-16,-11.5
"85",-16,-12.5
"85",-16,-13.5
"85",-16,-14.5
"85",-16,-15.5
"85",-16,-16.5
"85",-16,-17.5
"85",-16,-18.5
"85",-16,-19.5
"85",-16,-20.5
"85",-16,-21.5
"85",-16,-22.5
"85",-15,-23.5
"85",-14,-23.5
"85",-13,-23.5
"85",-12,-23.5
"85",-11,-24.5
"85",-10,-24.5
"85",-10,-25.5
"85",-10,-26.5
"85",-10,-27.5
"85",-10,-28.5
"85",-10,-29.5
"85",-9,-30.5
"85",-8,-31.5
"85",-7,-32.5
"85",-6,-33.5
"85",-5,-34.5
"85",-4,-34.5
"85",-3,-34.5
"85",-2,-35.5
"85",-1,-35.5
"85",0,-36.5
"85",1,-36.5
"85",2,-36.5
"85",3,-36.5
"85",4,-36.5
"85",5,-36.5
"85",6,-37.5
"85",7,-37.5
"85",8,-37.5
"85",9,-37.5
"85",10,-37.5
"85",11,-37.5
"85",12,-37.5
"85",13,-38.5
"85",14,-38.5
"85",15,-39.5
"85",16,-40.5
"85",17,-41.5
"85",18,-41.5
"85",19,-41.5
"85",20,-41.5
"85",21,-42.5
"85",22,-42.5
"85",23,-43.5
"85",24,-44.5
"85",25,-45.5
"86",-5,54.5
"86",-5,53.5
"86",-5,52.5
"86",-5,51.5
"86",-5,50.5
"86",-5,49.5
"86",-5,48.5
"86",-5,47.5
"86",-6,47.5
"86",-6,46.5
"86",-7,46.5
"86",-8,45.5
"86",-9,44.5
"86",-10,44.5
"86",-11,43.5
"86",-12,43.5
"86",-13,43.5
"86",-14,43.5
"86",-15,42.5
"86",-16,42.5
"86",-17,42.5
"86",-18,41.5
"86",-18,40.5
"86",-18,39.5
"86",-18,38.5
"86",-18,37.5
"86",-18,36.5
"86",-18,35.5
"86",-18,34.5
"86",-18,33.5
"86",-18,32.5
"86",-18,31.5
"86",-18,30.5
"86",-18,29.5
"86",-18,28.5
"86",-18,27.5
"86",-18,26.5
"86",-18,25.5
"86",-18,24.5
"86",-18,23.5
"86",-18,22.5
"86",-18,21.5
"86",-18,20.5
"86",-18,19.5
"86",-18,18.5
"86",-18,17.5
"86",-18,16.5
"86",-18,15.5
"86",-18,14.5
"86",-18,13.5
"86",-18,12.5
"86",-18,11.5
"86",-18,10.5
"86",-18,9.5
"86",-18,8.5
"86",-18,7.5
"86",-18,6.5
"86",-18,5.5
"86",-18,4.5
"86",-18,3.5
"86",-17,2.5
"86",-16,2.5
"86",-16,1.5
"86",-16,0.5
"86",-16,-0.5
"86",-16,-1.5
"86",-16,-2.5
"86",-16,-3.5
"86",-16,-4.5
"86",-16,-5.5
"86",-16,-6.5
"86",-16,-7.5
"86",-16,-8.5
"86",-16,-9.5
"86",-16,-10.5
"86",-16,-11.5
"86",-16,-12.5
"86",-16,-13.5
"86",-16,-14.5
"86",-16,-15.5
"86",-16,-16.5
"86",-16,-17.5
"86",-16,-18.5
"86",-16,-19.5
"86",-16,-20.5
"86",-16,-21.5
"86",-16,-22.5
"86",-15,-23.5
"86",-14,-23.5
"86",-13,-23.5
"86",-12,-23.5
"86",-12,-24.5
"86",-11,-23.5
"86",-10,-24.5
"86",-10,-25.5
"86",-10,-26.5
"86",-10,-27.5
"86",-10,-28.5
"86",-10,-29.5
"86",-9,-30.5
"86",-8,-31.5
"86",-8,-32.5
"86",-7,-33.5
"86",-7,-34.5
"86",-7,-35.5
"86",-7,-36.5
"86",-6,-37.5
"86",-5,-38.5
"86",-4,-38.5
"86",-3,-39.5
"86",-2,-40.5
"86",-1,-40.5
"86",0,-41.5
"86",1,-41.5
"86",1,-42.5
"86",1,-43.5
"86",1,-44.5
"86",2,-45.5
"86",3,-46.5
"86",4,-46.5
"86",5,-46.5
"86",6,-46.5
"86",7,-46.5
"86",8,-47.5
"86",9,-48.5
"86",10,-48.5
"86",11,-48.5
"86",12,-49.5
"86",13,-49.5
"86",14,-49.5
"86",15,-48.5
"86",16,-48.5
"86",17,-49.5
"86",18,-49.5
"86",19,-49.5
"86",20,-49.5
"86",21,-48.5
"86",22,-48.5
"86",23,-47.5
"86",24,-46.5
"86",25,-45.5
"87",-5,54.5
"87",-5,53.5
"87",-5,52.5
"87",-6,51.5
"87",-7,50.5
"87",-8,49.5
"87",-9,48.5
"87",-10,47.5
"87",-11,46.5
"87",-12,45.5
"87",-12,44.5
"87",-12,43.5
"87",-12,42.5
"87",-12,41.5
"87",-12,40.5
"87",-12,39.5
"87",-12,38.5
"87",-12,37.5
"87",-12,36.5
"87",-12,35.5
"87",-12,34.5
"87",-12,33.5
"87",-12,32.5
"87",-12,31.5
"87",-13,30.5
"87",-13,29.5
"87",-14,28.5
"87",-15,27.5
"87",-16,26.5
"87",-17,25.5
"87",-18,24.5
"87",-18,23.5
"87",-18,22.5
"87",-18,21.5
"87",-18,20.5
"87",-18,19.5
"87",-18,18.5
"87",-18,17.5
"87",-18,16.5
"87",-18,15.5
"87",-18,14.5
"87",-18,13.5
"87",-18,12.5
"87",-18,11.5
"87",-18,10.5
"87",-18,9.5
"87",-18,8.5
"87",-17,7.5
"87",-17,6.5
"87",-17,5.5
"87",-17,4.5
"87",-17,3.5
"87",-17,2.5
"87",-17,1.5
"87",-17,0.5
"87",-16,-0.5
"87",-15,-1.5
"87",-14,-2.5
"87",-13,-3.5
"87",-12,-4.5
"87",-11,-5.5
"87",-10,-6.5
"87",-9,-7.5
"87",-8,-8.5
"87",-7,-9.5
"87",-6,-10.5
"87",-5,-11.5
"87",-4,-12.5
"87",-3,-13.5
"87",-2,-14.5
"87",-1,-15.5
"87",0,-16.5
"87",1,-17.5
"87",2,-18.5
"87",3,-19.5
"87",4,-20.5
"87",5,-21.5
"87",6,-22.5
"87",7,-23.5
"87",7,-24.5
"87",7,-25.5
"87",7,-26.5
"87",7,-27.5
"87",7,-28.5
"87",7,-29.5
"87",7,-30.5
"87",7,-31.5
"87",7,-32.5
"87",7,-33.5
"87",7,-34.5
"87",7,-35.5
"87",7,-36.5
"87",7,-37.5
"87",8,-38.5
"87",9,-39.5
"87",10,-40.5
"87",11,-41.5
"87",12,-42.5
"87",13,-43.5
"87",14,-43.5
"87",15,-43.5
"87",16,-43.5
"87",17,-43.5
"87",18,-43.5
"87",19,-43.5
"87",20,-43.5
"87",21,-43.5
"87",22,-43.5
"87",23,-43.5
"87",24,-44.5
"87",25,-45.5
"88",-5,54.5
"88",-5,53.5
"88",-5,52.5
"88",-5,51.5
"88",-5,50.5
"88",-5,49.5
"88",-5,48.5
"88",-5,47.5
"88",-6,46.5
"88",-7,46.5
"88",-8,45.5
"88",-9,44.5
"88",-10,44.5
"88",-11,43.5
"88",-11,42.5
"88",-11,41.5
"88",-11,40.5
"88",-11,39.5
"88",-11,38.5
"88",-11,37.5
"88",-11,36.5
"88",-11,35.5
"88",-11,34.5
"88",-11,33.5
"88",-11,32.5
"88",-12,31.5
"88",-13,30.5
"88",-14,29.5
"88",-14,28.5
"88",-15,27.5
"88",-16,26.5
"88",-17,25.5
"88",-18,24.5
"88",-18,23.5
"88",-18,22.5
"88",-18,21.5
"88",-18,20.5
"88",-18,19.5
"88",-18,18.5
"88",-18,17.5
"88",-18,16.5
"88",-18,15.5
"88",-18,14.5
"88",-18,13.5
"88",-18,12.5
"88",-18,11.5
"88",-18,10.5
"88",-18,9.5
"88",-18,8.5
"88",-18,7.5
"88",-18,6.5
"88",-18,5.5
"88",-18,4.5
"88",-18,3.5
"88",-18,2.5
"88",-18,1.5
"88",-18,0.5
"88",-18,-0.5
"88",-18,-1.5
"88",-17,-2.5
"88",-16,-3.5
"88",-15,-4.5
"88",-14,-5.5
"88",-13,-6.5
"88",-13,-7.5
"88",-13,-8.5
"88",-13,-9.5
"88",-13,-10.5
"88",-12,-11.5
"88",-11,-12.5
"88",-11,-13.5
"88",-11,-14.5
"88",-11,-15.5
"88",-11,-16.5
"88",-11,-17.5
"88",-11,-18.5
"88",-11,-19.5
"88",-11,-20.5
"88",-11,-21.5
"88",-11,-22.5
"88",-11,-23.5
"88",-10,-24.5
"88",-10,-25.5
"88",-10,-26.5
"88",-10,-27.5
"88",-10,-28.5
"88",-9,-29.5
"88",-9,-30.5
"88",-9,-31.5
"88",-8,-32.5
"88",-7,-33.5
"88",-7,-34.5
"88",-7,-35.5
"88",-6,-36.5
"88",-5,-37.5
"88",-4,-38.5
"88",-3,-39.5
"88",-2,-40.5
"88",-1,-41.5
"88",0,-42.5
"88",1,-42.5
"88",2,-43.5
"88",3,-44.5
"88",4,-44.5
"88",5,-44.5
"88",6,-44.5
"88",7,-44.5
"88",8,-45.5
"88",9,-45.5
"88",10,-45.5
"88",11,-45.5
"88",12,-45.5
"88",13,-45.5
"88",14,-45.5
"88",15,-45.5
"88",16,-45.5
"88",17,-45.5
"88",18,-45.5
"88",19,-45.5
"88",20,-45.5
"88",21,-45.5
"88",22,-45.5
"88",23,-45.5
"88",24,-45.5
"88",25,-45.5
"89",-5,54.5
"89",-5,53.5
"89",-5,52.5
"89",-5,51.5
"89",-5,50.5
"89",-5,49.5
"89",-5,48.5
"89",-5,47.5
"89",-6,46.5
"89",-7,46.5
"89",-8,45.5
"89",-9,44.5
"89",-10,44.5
"89",-11,43.5
"89",-11,42.5
"89",-11,41.5
"89",-11,40.5
"89",-11,39.5
"89",-12,38.5
"89",-13,37.5
"89",-14,37.5
"89",-14,36.5
"89",-14,35.5
"89",-14,34.5
"89",-14,33.5
"89",-14,32.5
"89",-14,31.5
"89",-14,30.5
"89",-14,29.5
"89",-14,28.5
"89",-15,27.5
"89",-16,26.5
"89",-17,25.5
"89",-18,24.5
"89",-18,23.5
"89",-18,22.5
"89",-18,21.5
"89",-18,20.5
"89",-18,19.5
"89",-18,18.5
"89",-18,17.5
"89",-18,16.5
"89",-18,15.5
"89",-18,14.5
"89",-18,13.5
"89",-18,12.5
"89",-18,11.5
"89",-18,10.5
"89",-18,9.5
"89",-18,8.5
"89",-18,7.5
"89",-18,6.5
"89",-18,5.5
"89",-18,4.5
"89",-18,3.5
"89",-18,2.5
"89",-18,1.5
"89",-18,0.5
"89",-18,-0.5
"89",-18,-1.5
"89",-17,-2.5
"89",-16,-3.5
"89",-16,-4.5
"89",-16,-5.5
"89",-16,-6.5
"89",-16,-7.5
"89",-16,-8.5
"89",-16,-9.5
"89",-16,-10.5
"89",-16,-11.5
"89",-16,-12.5
"89",-16,-13.5
"89",-16,-14.5
"89",-16,-15.5
"89",-16,-16.5
"89",-16,-17.5
"89",-16,-18.5
"89",-16,-19.5
"89",-16,-20.5
"89",-16,-21.5
"89",-16,-22.5
"89",-16,-23.5
"89",-16,-24.5
"89",-16,-25.5
"89",-16,-26.5
"89",-16,-27.5
"89",-16,-28.5
"89",-16,-29.5
"89",-16,-30.5
"89",-15,-31.5
"89",-14,-31.5
"89",-13,-32.5
"89",-12,-32.5
"89",-11,-33.5
"89",-10,-34.5
"89",-9,-34.5
"89",-8,-35.5
"89",-7,-35.5
"89",-6,-36.5
"89",-5,-37.5
"89",-4,-38.5
"89",-3,-39.5
"89",-2,-40.5
"89",-1,-40.5
"89",0,-41.5
"89",1,-41.5
"89",2,-42.5
"89",3,-42.5
"89",4,-42.5
"89",5,-42.5
"89",6,-42.5
"89",7,-42.5
"89",8,-42.5
"89",9,-42.5
"89",10,-42.5
"89",11,-42.5
"89",12,-43.5
"89",13,-43.5
"89",14,-43.5
"89",15,-43.5
"89",16,-43.5
"89",17,-43.5
"89",18,-43.5
"89",19,-43.5
"89",20,-43.5
"89",21,-43.5
"89",22,-43.5
"89",23,-44.5
"89",24,-44.5
"89",25,-45.5
"90",-5,54.5
"90",-5,53.5
"90",-5,52.5
"90",-5,51.5
"90",-5,50.5
"90",-5,49.5
"90",-5,48.5
"90",-5,47.5
"90",-6,47.5
"90",-6,46.5
"90",-7,46.5
"90",-8,45.5
"90",-9,44.5
"90",-10,44.5
"90",-11,43.5
"90",-12,43.5
"90",-13,43.5
"90",-14,43.5
"90",-15,42.5
"90",-16,42.5
"90",-17,42.5
"90",-18,41.5
"90",-18,40.5
"90",-18,39.5
"90",-18,38.5
"90",-18,37.5
"90",-18,36.5
"90",-18,35.5
"90",-18,34.5
"90",-18,33.5
"90",-18,32.5
"90",-18,31.5
"90",-18,30.5
"90",-18,29.5
"90",-18,28.5
"90",-18,27.5
"90",-18,26.5
"90",-18,25.5
"90",-18,24.5
"90",-18,23.5
"90",-18,22.5
"90",-18,21.5
"90",-18,20.5
"90",-18,19.5
"90",-18,18.5
"90",-18,17.5
"90",-18,16.5
"90",-18,15.5
"90",-18,14.5
"90",-18,13.5
"90",-18,12.5
"90",-18,11.5
"90",-18,10.5
"90",-18,9.5
"90",-18,8.5
"90",-18,7.5
"90",-18,6.5
"90",-18,5.5
"90",-18,4.5
"90",-18,3.5
"90",-17,2.5
"90",-16,2.5
"90",-16,1.5
"90",-16,0.5
"90",-16,-0.5
"90",-16,-1.5
"90",-16,-2.5
"90",-16,-3.5
"90",-16,-4.5
"90",-16,-5.5
"90",-16,-6.5
"90",-16,-7.5
"90",-16,-8.5
"90",-16,-9.5
"90",-16,-10.5
"90",-16,-11.5
"90",-16,-12.5
"90",-16,-13.5
"90",-16,-14.5
"90",-16,-15.5
"90",-16,-16.5
"90",-16,-17.5
"90",-16,-18.5
"90",-16,-19.5
"90",-16,-20.5
"90",-16,-21.5
"90",-16,-22.5
"90",-16,-23.5
"90",-16,-24.5
"90",-16,-25.5
"90",-16,-26.5
"90",-16,-27.5
"90",-16,-28.5
"90",-15,-29.5
"90",-14,-29.5
"90",-13,-30.5
"90",-12,-30.5
"90",-12,-31.5
"90",-11,-32.5
"90",-11,-33.5
"90",-10,-34.5
"90",-9,-34.5
"90",-8,-35.5
"90",-7,-35.5
"90",-7,-36.5
"90",-6,-37.5
"90",-5,-38.5
"90",-4,-38.5
"90",-3,-39.5
"90",-2,-40.5
"90",-1,-40.5
"90",0,-41.5
"90",1,-41.5
"90",1,-42.5
"90",2,-43.5
"90",3,-44.5
"90",4,-44.5
"90",5,-44.5
"90",6,-44.5
"90",7,-44.5
"90",8,-45.5
"90",9,-45.5
"90",10,-45.5
"90",11,-45.5
"90",12,-45.5
"90",13,-45.5
"90",14,-46.5
"90",15,-47.5
"90",16,-47.5
"90",17,-48.5
"90",18,-48.5
"90",19,-48.5
"90",20,-48.5
"90",21,-48.5
"90",22,-48.5
"90",23,-47.5
"90",24,-46.5
"90",25,-45.5
"91",-5,54.5
"91",-5,53.5
"91",-5,52.5
"91",-6,51.5
"91",-7,50.5
"91",-8,49.5
"91",-9,48.5
"91",-10,47.5
"91",-11,46.5
"91",-12,45.5
"91",-12,44.5
"91",-12,43.5
"91",-12,42.5
"91",-12,41.5
"91",-12,40.5
"91",-12,39.5
"91",-12,38.5
"91",-12,37.5
"91",-12,36.5
"91",-12,35.5
"91",-12,34.5
"91",-12,33.5
"91",-12,32.5
"91",-12,31.5
"91",-13,30.5
"91",-13,29.5
"91",-14,28.5
"91",-15,27.5
"91",-16,26.5
"91",-17,25.5
"91",-18,24.5
"91",-18,23.5
"91",-18,22.5
"91",-18,21.5
"91",-18,20.5
"91",-18,19.5
"91",-18,18.5
"91",-18,17.5
"91",-18,16.5
"91",-18,15.5
"91",-18,14.5
"91",-18,13.5
"91",-18,12.5
"91",-18,11.5
"91",-18,10.5
"91",-18,9.5
"91",-18,8.5
"91",-17,7.5
"91",-17,6.5
"91",-17,5.5
"91",-17,4.5
"91",-17,3.5
"91",-17,2.5
"91",-17,1.5
"91",-17,0.5
"91",-16,-0.5
"91",-15,-1.5
"91",-14,-2.5
"91",-13,-3.5
"91",-12,-4.5
"91",-11,-5.5
"91",-10,-6.5
"91",-9,-7.5
"91",-8,-8.5
"91",-7,-9.5
"91",-6,-10.5
"91",-5,-11.5
"91",-4,-12.5
"91",-3,-13.5
"91",-2,-14.5
"91",-1,-15.5
"91",0,-16.5
"91",1,-17.5
"91",2,-18.5
"91",3,-19.5
"91",3,-20.5
"91",3,-21.5
"91",3,-22.5
"91",4,-23.5
"91",5,-24.5
"91",6,-25.5
"91",6,-26.5
"91",6,-27.5
"91",6,-28.5
"91",6,-29.5
"91",6,-30.5
"91",6,-31.5
"91",6,-32.5
"91",6,-33.5
"91",6,-34.5
"91",6,-35.5
"91",6,-36.5
"91",7,-37.5
"91",8,-38.5
"91",9,-39.5
"91",10,-40.5
"91",11,-41.5
"91",12,-42.5
"91",13,-43.5
"91",14,-44.5
"91",15,-44.5
"91",16,-44.5
"91",17,-44.5
"91",18,-44.5
"91",19,-44.5
"91",20,-44.5
"91",21,-44.5
"91",22,-44.5
"91",23,-44.5
"91",24,-44.5
"91",25,-45.5
"92",-5,54.5
"92",-5,53.5
"92",-5,52.5
"92",-5,51.5
"92",-5,50.5
"92",-5,49.5
"92",-5,48.5
"92",-5,47.5
"92",-6,46.5
"92",-7,46.5
"92",-8,45.5
"92",-9,44.5
"92",-10,44.5
"92",-11,43.5
"92",-11,42.5
"92",-11,41.5
"92",-11,40.5
"92",-11,39.5
"92",-11,38.5
"92",-11,37.5
"92",-11,36.5
"92",-11,35.5
"92",-11,34.5
"92",-11,33.5
"92",-11,32.5
"92",-12,31.5
"92",-13,30.5
"92",-14,29.5
"92",-14,28.5
"92",-15,27.5
"92",-16,26.5
"92",-17,25.5
"92",-18,24.5
"92",-18,23.5
"92",-18,22.5
"92",-18,21.5
"92",-18,20.5
"92",-18,19.5
"92",-18,18.5
"92",-18,17.5
"92",-18,16.5
"92",-18,15.5
"92",-18,14.5
"92",-18,13.5
"92",-18,12.5
"92",-18,11.5
"92",-18,10.5
"92",-18,9.5
"92",-18,8.5
"92",-18,7.5
"92",-18,6.5
"92",-18,5.5
"92",-18,4.5
"92",-18,3.5
"92",-18,2.5
"92",-18,1.5
"92",-18,0.5
"92",-18,-0.5
"92",-18,-1.5
"92",-17,-2.5
"92",-16,-3.5
"92",-16,-4.5
"92",-16,-5.5
"92",-16,-6.5
"92",-16,-7.5
"92",-16,-8.5
"92",-16,-9.5
"92",-16,-10.5
"92",-16,-11.5
"92",-16,-12.5
"92",-16,-13.5
"92",-16,-14.5
"92",-16,-15.5
"92",-16,-16.5
"92",-16,-17.5
"92",-16,-18.5
"92",-16,-19.5
"92",-16,-20.5
"92",-16,-21.5
"92",-16,-22.5
"92",-16,-23.5
"92",-16,-24.5
"92",-16,-25.5
"92",-16,-26.5
"92",-16,-27.5
"92",-16,-28.5
"92",-15,-29.5
"92",-14,-30.5
"92",-13,-31.5
"92",-12,-32.5
"92",-11,-33.5
"92",-10,-34.5
"92",-9,-34.5
"92",-8,-35.5
"92",-7,-35.5
"92",-6,-36.5
"92",-5,-37.5
"92",-4,-38.5
"92",-3,-39.5
"92",-2,-40.5
"92",-1,-41.5
"92",0,-42.5
"92",1,-42.5
"92",2,-43.5
"92",3,-44.5
"92",4,-44.5
"92",5,-44.5
"92",6,-44.5
"92",7,-44.5
"92",8,-45.5
"92",9,-45.5
"92",10,-45.5
"92",11,-45.5
"92",12,-45.5
"92",13,-45.5
"92",14,-45.5
"92",15,-45.5
"92",16,-45.5
"92",17,-45.5
"92",18,-45.5
"92",19,-45.5
"92",20,-45.5
"92",21,-45.5
"92",22,-45.5
"92",23,-45.5
"92",24,-45.5
"92",25,-45.5
"93",-5,54.5
"93",-5,53.5
"93",-5,52.5
"93",-5,51.5
"93",-5,50.5
"93",-5,49.5
"93",-5,48.5
"93",-5,47.5
"93",-6,47.5
"93",-6,46.5
"93",-7,46.5
"93",-8,45.5
"93",-9,44.5
"93",-10,44.5
"93",-11,43.5
"93",-12,43.5
"93",-13,43.5
"93",-14,43.5
"93",-15,42.5
"93",-16,42.5
"93",-17,42.5
"93",-18,41.5
"93",-18,40.5
"93",-18,39.5
"93",-18,38.5
"93",-18,37.5
"93",-18,36.5
"93",-18,35.5
"93",-18,34.5
"93",-18,33.5
"93",-18,32.5
"93",-18,31.5
"93",-18,30.5
"93",-18,29.5
"93",-18,28.5
"93",-18,27.5
"93",-18,26.5
"93",-18,25.5
"93",-18,24.5
"93",-18,23.5
"93",-18,22.5
"93",-18,21.5
"93",-18,20.5
"93",-18,19.5
"93",-18,18.5
"93",-18,17.5
"93",-18,16.5
"93",-18,15.5
"93",-18,14.5
"93",-18,13.5
"93",-18,12.5
"93",-18,11.5
"93",-18,10.5
"93",-18,9.5
"93",-18,8.5
"93",-18,7.5
"93",-18,6.5
"93",-17,5.5
"93",-16,5.5
"93",-16,4.5
"93",-16,3.5
"93",-16,2.5
"93",-16,1.5
"93",-16,0.5
"93",-16,-0.5
"93",-16,-1.5
"93",-16,-2.5
"93",-16,-3.5
"93",-16,-4.5
"93",-16,-5.5
"93",-16,-6.5
"93",-16,-7.5
"93",-16,-8.5
"93",-16,-9.5
"93",-16,-10.5
"93",-16,-11.5
"93",-16,-12.5
"93",-16,-13.5
"93",-16,-14.5
"93",-16,-15.5
"93",-16,-16.5
"93",-16,-17.5
"93",-16,-18.5
"93",-16,-19.5
"93",-16,-20.5
"93",-16,-21.5
"93",-16,-22.5
"93",-16,-23.5
"93",-16,-24.5
"93",-16,-25.5
"93",-16,-26.5
"93",-16,-27.5
"93",-16,-28.5
"93",-15,-29.5
"93",-14,-29.5
"93",-13,-30.5
"93",-12,-30.5
"93",-12,-31.5
"93",-11,-32.5
"93",-11,-33.5
"93",-10,-34.5
"93",-9,-34.5
"93",-8,-35.5
"93",-7,-35.5
"93",-7,-36.5
"93",-6,-37.5
"93",-5,-38.5
"93",-4,-38.5
"93",-3,-39.5
"93",-2,-40.5
"93",-1,-40.5
"93",0,-41.5
"93",1,-41.5
"93",1,-42.5
"93",2,-43.5
"93",3,-44.5
"93",4,-44.5
"93",5,-44.5
"93",6,-44.5
"93",7,-44.5
"93",8,-45.5
"93",9,-45.5
"93",10,-45.5
"93",11,-45.5
"93",12,-45.5
"93",13,-45.5
"93",14,-46.5
"93",15,-46.5
"93",16,-46.5
"93",17,-47.5
"93",18,-47.5
"93",19,-47.5
"93",20,-47.5
"93",21,-47.5
"93",22,-47.5
"93",23,-46.5
"93",24,-46.5
"93",25,-45.5
"94",-5,54.5
"94",-5,53.5
"94",-5,52.5
"94",-6,51.5
"94",-7,50.5
"94",-8,49.5
"94",-9,48.5
"94",-10,47.5
"94",-11,46.5
"94",-12,45.5
"94",-12,44.5
"94",-12,43.5
"94",-12,42.5
"94",-12,41.5
"94",-12,40.5
"94",-12,39.5
"94",-12,38.5
"94",-12,37.5
"94",-12,36.5
"94",-12,35.5
"94",-12,34.5
"94",-12,33.5
"94",-12,32.5
"94",-12,31.5
"94",-13,30.5
"94",-13,29.5
"94",-14,28.5
"94",-15,27.5
"94",-16,26.5
"94",-17,25.5
"94",-18,24.5
"94",-18,23.5
"94",-18,22.5
"94",-18,21.5
"94",-18,20.5
"94",-18,19.5
"94",-18,18.5
"94",-18,17.5
"94",-18,16.5
"94",-18,15.5
"94",-18,14.5
"94",-18,13.5
"94",-18,12.5
"94",-18,11.5
"94",-18,10.5
"94",-18,9.5
"94",-18,8.5
"94",-17,7.5
"94",-17,6.5
"94",-17,5.5
"94",-17,4.5
"94",-17,3.5
"94",-17,2.5
"94",-17,1.5
"94",-17,0.5
"94",-17,-0.5
"94",-17,-1.5
"94",-16,-2.5
"94",-15,-3.5
"94",-14,-4.5
"94",-13,-5.5
"94",-12,-6.5
"94",-12,-7.5
"94",-12,-8.5
"94",-12,-9.5
"94",-12,-10.5
"94",-12,-11.5
"94",-12,-12.5
"94",-12,-13.5
"94",-12,-14.5
"94",-12,-15.5
"94",-12,-16.5
"94",-12,-17.5
"94",-12,-18.5
"94",-12,-19.5
"94",-12,-20.5
"94",-12,-21.5
"94",-12,-22.5
"94",-12,-23.5
"94",-12,-24.5
"94",-12,-25.5
"94",-12,-26.5
"94",-12,-27.5
"94",-12,-28.5
"94",-12,-29.5
"94",-12,-30.5
"94",-11,-31.5
"94",-10,-32.5
"94",-9,-33.5
"94",-8,-34.5
"94",-7,-35.5
"94",-6,-36.5
"94",-5,-37.5
"94",-4,-38.5
"94",-3,-39.5
"94",-2,-40.5
"94",-1,-41.5
"94",0,-42.5
"94",1,-43.5
"94",2,-44.5
"94",3,-45.5
"94",4,-45.5
"94",5,-45.5
"94",6,-45.5
"94",7,-45.5
"94",8,-45.5
"94",9,-45.5
"94",10,-45.5
"94",11,-45.5
"94",12,-45.5
"94",13,-45.5
"94",14,-45.5
"94",15,-45.5
"94",16,-45.5
"94",17,-45.5
"94",18,-45.5
"94",19,-45.5
"94",20,-45.5
"94",21,-45.5
"94",22,-45.5
"94",23,-45.5
"94",24,-45.5
"94",25,-45.5
"95",-5,54.5
"95",-5,53.5
"95",-5,52.5
"95",-5,51.5
"95",-5,50.5
"95",-5,49.5
"95",-5,48.5
"95",-5,47.5
"95",-6,46.5
"95",-7,46.5
"95",-8,45.5
"95",-9,44.5
"95",-10,44.5
"95",-11,43.5
"95",-11,42.5
"95",-11,41.5
"95",-11,40.5
"95",-11,39.5
"95",-11,38.5
"95",-11,37.5
"95",-11,36.5
"95",-11,35.5
"95",-11,34.5
"95",-11,33.5
"95",-11,32.5
"95",-12,31.5
"95",-13,30.5
"95",-14,29.5
"95",-14,28.5
"95",-15,27.5
"95",-16,26.5
"95",-17,25.5
"95",-18,24.5
"95",-18,23.5
"95",-18,22.5
"95",-18,21.5
"95",-18,20.5
"95",-18,19.5
"95",-18,18.5
"95",-18,17.5
"95",-18,16.5
"95",-18,15.5
"95",-18,14.5
"95",-18,13.5
"95",-18,12.5
"95",-18,11.5
"95",-18,10.5
"95",-18,9.5
"95",-18,8.5
"95",-17,7.5
"95",-16,6.5
"95",-16,5.5
"95",-16,4.5
"95",-16,3.5
"95",-16,2.5
"95",-16,1.5
"95",-16,0.5
"95",-16,-0.5
"95",-16,-1.5
"95",-16,-2.5
"95",-16,-3.5
"95",-16,-4.5
"95",-16,-5.5
"95",-16,-6.5
"95",-16,-7.5
"95",-16,-8.5
"95",-16,-9.5
"95",-16,-10.5
"95",-16,-11.5
"95",-16,-12.5
"95",-16,-13.5
"95",-16,-14.5
"95",-16,-15.5
"95",-16,-16.5
"95",-16,-17.5
"95",-16,-18.5
"95",-16,-19.5
"95",-16,-20.5
"95",-16,-21.5
"95",-16,-22.5
"95",-16,-23.5
"95",-16,-24.5
"95",-16,-25.5
"95",-16,-26.5
"95",-16,-27.5
"95",-15,-28.5
"95",-14,-29.5
"95",-13,-30.5
"95",-12,-31.5
"95",-11,-32.5
"95",-10,-33.5
"95",-9,-33.5
"95",-8,-34.5
"95",-7,-35.5
"95",-6,-36.5
"95",-5,-37.5
"95",-4,-38.5
"95",-3,-39.5
"95",-2,-40.5
"95",-1,-41.5
"95",0,-42.5
"95",1,-42.5
"95",2,-43.5
"95",3,-44.5
"95",4,-44.5
"95",5,-44.5
"95",6,-44.5
"95",7,-44.5
"95",8,-45.5
"95",9,-45.5
"95",10,-45.5
"95",11,-45.5
"95",12,-45.5
"95",13,-45.5
"95",14,-45.5
"95",15,-45.5
"95",16,-45.5
"95",17,-45.5
"95",18,-45.5
"95",19,-45.5
"95",20,-45.5
"95",21,-45.5
"95",22,-45.5
"95",23,-45.5
"95",24,-45.5
"95",25,-45.5
"96",-5,54.5
"96",-5,53.5
"96",-5,52.5
"96",-5,51.5
"96",-5,50.5
"96",-5,49.5
"96",-5,48.5
"96",-5,47.5
"96",-6,46.5
"96",-7,46.5
"96",-8,45.5
"96",-9,44.5
"96",-10,44.5
"96",-11,43.5
"96",-11,42.5
"96",-11,41.5
"96",-11,40.5
"96",-11,39.5
"96",-12,38.5
"96",-13,37.5
"96",-14,37.5
"96",-14,36.5
"96",-14,35.5
"96",-14,34.5
"96",-14,33.5
"96",-14,32.5
"96",-14,31.5
"96",-14,30.5
"96",-15,29.5
"96",-16,29.5
"96",-17,29.5
"96",-18,28.5
"96",-18,27.5
"96",-18,26.5
"96",-18,25.5
"96",-18,24.5
"96",-18,23.5
"96",-18,22.5
"96",-18,21.5
"96",-18,20.5
"96",-18,19.5
"96",-18,18.5
"96",-18,17.5
"96",-18,16.5
"96",-18,15.5
"96",-18,14.5
"96",-18,13.5
"96",-18,12.5
"96",-18,11.5
"96",-18,10.5
"96",-18,9.5
"96",-18,8.5
"96",-17,7.5
"96",-16,6.5
"96",-16,5.5
"96",-16,4.5
"96",-16,3.5
"96",-16,2.5
"96",-16,1.5
"96",-16,0.5
"96",-16,-0.5
"96",-16,-1.5
"96",-16,-2.5
"96",-16,-3.5
"96",-16,-4.5
"96",-16,-5.5
"96",-16,-6.5
"96",-16,-7.5
"96",-16,-8.5
"96",-16,-9.5
"96",-16,-10.5
"96",-16,-11.5
"96",-16,-12.5
"96",-16,-13.5
"96",-16,-14.5
"96",-16,-15.5
"96",-16,-16.5
"96",-16,-17.5
"96",-16,-18.5
"96",-16,-19.5
"96",-16,-20.5
"96",-16,-21.5
"96",-16,-22.5
"96",-16,-23.5
"96",-16,-24.5
"96",-16,-25.5
"96",-16,-26.5
"96",-16,-27.5
"96",-16,-28.5
"96",-16,-29.5
"96",-16,-30.5
"96",-15,-31.5
"96",-14,-31.5
"96",-13,-32.5
"96",-12,-32.5
"96",-11,-33.5
"96",-10,-34.5
"96",-9,-34.5
"96",-8,-35.5
"96",-7,-35.5
"96",-6,-36.5
"96",-5,-37.5
"96",-4,-38.5
"96",-3,-39.5
"96",-2,-40.5
"96",-1,-40.5
"96",0,-41.5
"96",1,-41.5
"96",1,-42.5
"96",2,-43.5
"96",3,-44.5
"96",4,-44.5
"96",5,-44.5
"96",6,-44.5
"96",7,-44.5
"96",8,-45.5
"96",9,-45.5
"96",10,-45.5
"96",11,-45.5
"96",12,-45.5
"96",13,-45.5
"96",14,-46.5
"96",15,-46.5
"96",16,-46.5
"96",17,-46.5
"96",18,-46.5
"96",19,-46.5
"96",20,-46.5
"96",21,-46.5
"96",22,-46.5
"96",23,-46.5
"96",24,-46.5
"96",25,-45.5
"97",-5,54.5
"97",-5,53.5
"97",-5,52.5
"97",-6,51.5
"97",-7,50.5
"97",-8,49.5
"97",-9,48.5
"97",-10,47.5
"97",-11,46.5
"97",-11,45.5
"97",-11,44.5
"97",-11,43.5
"97",-11,42.5
"97",-11,41.5
"97",-11,40.5
"97",-11,39.5
"97",-11,38.5
"97",-11,37.5
"97",-11,36.5
"97",-11,35.5
"97",-11,34.5
"97",-11,33.5
"97",-11,32.5
"97",-12,31.5
"97",-13,30.5
"97",-14,29.5
"97",-15,28.5
"97",-15,27.5
"97",-16,26.5
"97",-17,25.5
"97",-17,24.5
"97",-18,23.5
"97",-18,22.5
"97",-18,21.5
"97",-18,20.5
"97",-18,19.5
"97",-18,18.5
"97",-18,17.5
"97",-18,16.5
"97",-18,15.5
"97",-18,14.5
"97",-18,13.5
"97",-18,12.5
"97",-18,11.5
"97",-18,10.5
"97",-18,9.5
"97",-18,8.5
"97",-17,7.5
"97",-17,6.5
"97",-17,5.5
"97",-17,4.5
"97",-17,3.5
"97",-17,2.5
"97",-17,1.5
"97",-17,0.5
"97",-17,-0.5
"97",-17,-1.5
"97",-17,-2.5
"97",-17,-3.5
"97",-17,-4.5
"97",-17,-5.5
"97",-17,-6.5
"97",-17,-7.5
"97",-17,-8.5
"97",-17,-9.5
"97",-17,-10.5
"97",-17,-11.5
"97",-17,-12.5
"97",-17,-13.5
"97",-17,-14.5
"97",-17,-15.5
"97",-17,-16.5
"97",-17,-17.5
"97",-17,-18.5
"97",-17,-19.5
"97",-17,-20.5
"97",-17,-21.5
"97",-17,-22.5
"97",-17,-23.5
"97",-17,-24.5
"97",-17,-25.5
"97",-16,-26.5
"97",-15,-27.5
"97",-14,-28.5
"97",-13,-29.5
"97",-12,-30.5
"97",-11,-31.5
"97",-10,-32.5
"97",-9,-33.5
"97",-8,-34.5
"97",-7,-35.5
"97",-6,-36.5
"97",-5,-37.5
"97",-4,-38.5
"97",-3,-39.5
"97",-2,-40.5
"97",-1,-41.5
"97",0,-42.5
"97",1,-43.5
"97",2,-44.5
"97",3,-45.5
"97",4,-45.5
"97",5,-45.5
"97",6,-45.5
"97",7,-45.5
"97",8,-45.5
"97",9,-45.5
"97",10,-45.5
"97",11,-45.5
"97",12,-45.5
"97",13,-45.5
"97",14,-45.5
"97",15,-45.5
"97",16,-45.5
"97",17,-45.5
"97",18,-45.5
"97",19,-45.5
"97",20,-45.5
"97",21,-45.5
"97",22,-45.5
"97",23,-45.5
"97",24,-45.5
"97",25,-45.5
"98",-5,54.5
"98",-5,53.5
"98",-5,52.5
"98",-5,51.5
"98",-5,50.5
"98",-5,49.5
"98",-5,48.5
"98",-5,47.5
"98",-6,46.5
"98",-7,46.5
"98",-8,45.5
"98",-9,44.5
"98",-10,44.5
"98",-11,43.5
"98",-10,42.5
"98",-11,41.5
"98",-11,40.5
"98",-11,39.5
"98",-11,38.5
"98",-11,37.5
"98",-11,36.5
"98",-11,35.5
"98",-11,34.5
"98",-11,33.5
"98",-11,32.5
"98",-12,31.5
"98",-13,30.5
"98",-14,29.5
"98",-14,28.5
"98",-15,27.5
"98",-16,26.5
"98",-17,25.5
"98",-18,24.5
"98",-18,23.5
"98",-18,22.5
"98",-18,21.5
"98",-18,20.5
"98",-18,19.5
"98",-18,18.5
"98",-18,17.5
"98",-18,16.5
"98",-18,15.5
"98",-18,14.5
"98",-18,13.5
"98",-18,12.5
"98",-18,11.5
"98",-18,10.5
"98",-18,9.5
"98",-18,8.5
"98",-18,7.5
"98",-18,6.5
"98",-18,5.5
"98",-18,4.5
"98",-18,3.5
"98",-18,2.5
"98",-18,1.5
"98",-18,0.5
"98",-18,-0.5
"98",-18,-1.5
"98",-18,-2.5
"98",-17,-3.5
"98",-16,-4.5
"98",-16,-5.5
"98",-16,-6.5
"98",-16,-7.5
"98",-16,-8.5
"98",-16,-9.5
"98",-16,-10.5
"98",-16,-11.5
"98",-16,-12.5
"98",-16,-13.5
"98",-16,-14.5
"98",-16,-15.5
"98",-16,-16.5
"98",-16,-17.5
"98",-16,-18.5
"98",-16,-19.5
"98",-16,-20.5
"98",-16,-21.5
"98",-16,-22.5
"98",-16,-23.5
"98",-16,-24.5
"98",-16,-25.5
"98",-16,-26.5
"98",-16,-27.5
"98",-16,-28.5
"98",-16,-29.5
"98",-16,-30.5
"98",-16,-31.5
"98",-15,-32.5
"98",-14,-32.5
"98",-13,-33.5
"98",-12,-33.5
"98",-11,-34.5
"98",-10,-35.5
"98",-9,-35.5
"98",-8,-36.5
"98",-7,-36.5
"98",-6,-37.5
"98",-5,-38.5
"98",-4,-38.5
"98",-3,-39.5
"98",-2,-40.5
"98",-1,-40.5
"98",0,-41.5
"98",1,-41.5
"98",2,-42.5
"98",3,-42.5
"98",4,-42.5
"98",5,-42.5
"98",6,-42.5
"98",7,-42.5
"98",8,-42.5
"98",9,-42.5
"98",10,-42.5
"98",11,-42.5
"98",12,-43.5
"98",13,-43.5
"98",14,-43.5
"98",15,-43.5
"98",16,-43.5
"98",17,-43.5
"98",18,-43.5
"98",19,-43.5
"98",20,-43.5
"98",21,-43.5
"98",22,-43.5
"98",23,-44.5
"98",24,-44.5
"98",25,-45.5
"99",-5,54.5
"99",-5,53.5
"99",-5,52.5
"99",-5,51.5
"99",-5,50.5
"99",-5,49.5
"99",-5,48.5
"99",-5,47.5
"99",-6,46.5
"99",-7,46.5
"99",-8,45.5
"99",-9,44.5
"99",-10,44.5
"99",-11,43.5
"99",-10,42.5
"99",-11,41.5
"99",-11,40.5
"99",-11,39.5
"99",-11,38.5
"99",-11,37.5
"99",-11,36.5
"99",-11,35.5
"99",-11,34.5
"99",-11,33.5
"99",-11,32.5
"99",-12,31.5
"99",-13,30.5
"99",-14,29.5
"99",-14,28.5
"99",-15,27.5
"99",-16,26.5
"99",-17,25.5
"99",-18,24.5
"99",-18,23.5
"99",-18,22.5
"99",-18,21.5
"99",-18,20.5
"99",-18,19.5
"99",-18,18.5
"99",-18,17.5
"99",-18,16.5
"99",-18,15.5
"99",-18,14.5
"99",-18,13.5
"99",-18,12.5
"99",-18,11.5
"99",-18,10.5
"99",-18,9.5
"99",-18,8.5
"99",-18,7.5
"99",-18,6.5
"99",-18,5.5
"99",-18,4.5
"99",-18,3.5
"99",-18,2.5
"99",-18,1.5
"99",-18,0.5
"99",-18,-0.5
"99",-18,-1.5
"99",-17,-2.5
"99",-16,-3.5
"99",-16,-4.5
"99",-16,-5.5
"99",-16,-6.5
"99",-16,-7.5
"99",-16,-8.5
"99",-16,-9.5
"99",-16,-10.5
"99",-16,-11.5
"99",-16,-12.5
"99",-16,-13.5
"99",-16,-14.5
"99",-16,-15.5
"99",-16,-16.5
"99",-16,-17.5
"99",-16,-18.5
"99",-16,-19.5
"99",-16,-20.5
"99",-16,-21.5
"99",-16,-22.5
"99",-16,-23.5
"99",-16,-24.5
"99",-16,-25.5
"99",-16,-26.5
"99",-16,-27.5
"99",-16,-28.5
"99",-16,-29.5
"99",-16,-30.5
"99",-16,-31.5
"99",-15,-32.5
"99",-14,-32.5
"99",-13,-33.5
"99",-12,-33.5
"99",-11,-34.5
"99",-10,-35.5
"99",-9,-35.5
"99",-8,-36.5
"99",-7,-36.5
"99",-6,-37.5
"99",-5,-38.5
"99",-4,-38.5
"99",-3,-39.5
"99",-2,-40.5
"99",-1,-40.5
"99",0,-41.5
"99",1,-41.5
"99",2,-42.5
"99",3,-42.5
"99",4,-42.5
"99",5,-42.5
"99",6,-42.5
"99",7,-42.5
"99",8,-42.5
"99",9,-42.5
"99",10,-42.5
"99",11,-42.5
"99",12,-43.5
"99",13,-43.5
"99",14,-43.5
"99",15,-43.5
"99",16,-43.5
"99",17,-43.5
"99",18,-43.5
"99",19,-43.5
"99",20,-43.5
"99",21,-43.5
"99",22,-43.5
"99",23,-44.5
"99",24,-44.5
"99",25,-45.5
"100",-5,54.5
"100",-5,53.5
"100",-5,52.5
"100",-5,51.5
"100",-5,50.5
"100",-5,49.5
"100",-5,48.5
"100",-5,47.5
"100",-6,46.5
"100",-7,46.5
"100",-8,45.5
"100",-9,44.5
"100",-10,44.5
"100",-11,43.5
"100",-10,42.5
"100",-11,41.5
"100",-10,40.5
"100",-11,39.5
"100",-12,38.5
"100",-13,37.5
"100",-14,37.5
"100",-14,36.5
"100",-14,35.5
"100",-14,34.5
"100",-14,33.5
"100",-14,32.5
"100",-14,31.5
"100",-14,30.5
"100",-14,29.5
"100",-15,28.5
"100",-16,28.5
"100",-17,28.5
"100",-18,27.5
"100",-18,26.5
"100",-18,25.5
"100",-18,24.5
"100",-18,23.5
"100",-18,22.5
"100",-18,21.5
"100",-18,20.5
"100",-18,19.5
"100",-18,18.5
"100",-18,17.5
"100",-18,16.5
"100",-18,15.5
"100",-18,14.5
"100",-18,13.5
"100",-18,12.5
"100",-18,11.5
"100",-18,10.5
"100",-18,9.5
"100",-17,8.5
"100",-16,8.5
"100",-16,7.5
"100",-16,6.5
"100",-16,5.5
"100",-16,4.5
"100",-16,3.5
"100",-16,2.5
"100",-16,1.5
"100",-16,0.5
"100",-16,-0.5
"100",-16,-1.5
"100",-16,-2.5
"100",-16,-3.5
"100",-16,-4.5
"100",-16,-5.5
"100",-16,-6.5
"100",-16,-7.5
"100",-16,-8.5
"100",-16,-9.5
"100",-16,-10.5
"100",-16,-11.5
"100",-16,-12.5
"100",-16,-13.5
"100",-16,-14.5
"100",-16,-15.5
"100",-16,-16.5
"100",-16,-17.5
"100",-16,-18.5
"100",-16,-19.5
"100",-16,-20.5
"100",-16,-21.5
"100",-16,-22.5
"100",-16,-23.5
"100",-16,-24.5
"100",-16,-25.5
"100",-16,-26.5
"100",-16,-27.5
"100",-16,-28.5
"100",-16,-29.5
"100",-16,-30.5
"100",-15,-31.5
"100",-14,-31.5
"100",-13,-32.5
"100",-12,-32.5
"100",-11,-33.5
"100",-10,-34.5
"100",-9,-34.5
"100",-8,-35.5
"100",-7,-35.5
"100",-7,-36.5
"100",-6,-37.5
"100",-5,-38.5
"100",-4,-38.5
"100",-3,-39.5
"100",-2,-40.5
"100",-1,-40.5
"100",0,-41.5
"100",1,-41.5
"100",2,-42.5
"100",3,-42.5
"100",4,-42.5
"100",5,-42.5
"100",6,-42.5
"100",7,-42.5
"100",8,-42.5
"100",9,-42.5
"100",10,-42.5
"100",11,-42.5
"100",12,-43.5
"100",13,-43.5
"100",14,-43.5
"100",15,-43.5
"100",16,-43.5
"100",17,-43.5
"100",18,-43.5
"100",19,-43.5
"100",20,-43.5
"100",21,-43.5
"100",22,-43.5
"100",23,-44.5
"100",24,-44.5
"100",25,-45.5
"101",-5,54.5
"101",-5,53.5
"101",-5,52.5
"101",-5,51.5
"101",-5,50.5
"101",-5,49.5
"101",-5,48.5
"101",-5,47.5
"101",-6,47.5
"101",-6,46.5
"101",-7,46.5
"101",-8,45.5
"101",-9,44.5
"101",-10,44.5
"101",-11,43.5
"101",-10,42.5
"101",-11,41.5
"101",-10,40.5
"101",-11,39.5
"101",-12,38.5
"101",-13,37.5
"101",-14,37.5
"101",-14,36.5
"101",-14,35.5
"101",-14,34.5
"101",-14,33.5
"101",-14,32.5
"101",-14,31.5
"101",-14,30.5
"101",-14,29.5
"101",-15,28.5
"101",-16,28.5
"101",-17,28.5
"101",-18,27.5
"101",-18,26.5
"101",-18,25.5
"101",-18,24.5
"101",-18,23.5
"101",-18,22.5
"101",-18,21.5
"101",-18,20.5
"101",-18,19.5
"101",-18,18.5
"101",-18,17.5
"101",-18,16.5
"101",-18,15.5
"101",-18,14.5
"101",-18,13.5
"101",-18,12.5
"101",-18,11.5
"101",-18,10.5
"101",-18,9.5
"101",-17,8.5
"101",-16,8.5
"101",-16,7.5
"101",-16,6.5
"101",-16,5.5
"101",-16,4.5
"101",-16,3.5
"101",-16,2.5
"101",-16,1.5
"101",-16,0.5
"101",-16,-0.5
"101",-16,-1.5
"101",-16,-2.5
"101",-16,-3.5
"101",-16,-4.5
"101",-16,-5.5
"101",-16,-6.5
"101",-16,-7.5
"101",-16,-8.5
"101",-16,-9.5
"101",-16,-10.5
"101",-16,-11.5
"101",-16,-12.5
"101",-16,-13.5
"101",-16,-14.5
"101",-16,-15.5
"101",-16,-16.5
"101",-16,-17.5
"101",-16,-18.5
"101",-16,-19.5
"101",-16,-20.5
"101",-16,-21.5
"101",-16,-22.5
"101",-16,-23.5
"101",-16,-24.5
"101",-16,-25.5
"101",-16,-26.5
"101",-16,-27.5
"101",-16,-28.5
"101",-16,-29.5
"101",-16,-30.5
"101",-15,-31.5
"101",-14,-31.5
"101",-13,-31.5
"101",-12,-31.5
"101",-11,-32.5
"101",-11,-33.5
"101",-10,-34.5
"101",-9,-34.5
"101",-8,-35.5
"101",-7,-35.5
"101",-7,-36.5
"101",-6,-37.5
"101",-5,-38.5
"101",-4,-38.5
"101",-3,-39.5
"101",-2,-40.5
"101",-1,-40.5
"101",0,-41.5
"101",1,-41.5
"101",1,-42.5
"101",2,-43.5
"101",3,-44.5
"101",4,-44.5
"101",5,-44.5
"101",6,-44.5
"101",7,-44.5
"101",8,-45.5
"101",9,-45.5
"101",10,-45.5
"101",11,-45.5
"101",12,-45.5
"101",13,-45.5
"101",14,-46.5
"101",15,-46.5
"101",16,-46.5
"101",17,-47.5
"101",18,-47.5
"101",19,-47.5
"101",20,-47.5
"101",21,-47.5
"101",22,-47.5
"101",23,-46.5
"101",24,-46.5
"101",25,-45.5
"102",-5,54.5
"102",-5,53.5
"102",-5,52.5
"102",-5,51.5
"102",-5,50.5
"102",-5,49.5
"102",-5,48.5
"102",-6,47.5
"102",-7,46.5
"102",-8,45.5
"102",-9,44.5
"102",-10,44.5
"102",-11,43.5
"102",-11,42.5
"102",-11,41.5
"102",-11,40.5
"102",-11,39.5
"102",-11,38.5
"102",-11,37.5
"102",-11,36.5
"102",-11,35.5
"102",-11,34.5
"102",-11,33.5
"102",-11,32.5
"102",-12,31.5
"102",-13,30.5
"102",-13,29.5
"102",-14,28.5
"102",-15,27.5
"102",-16,26.5
"102",-17,25.5
"102",-18,24.5
"102",-18,23.5
"102",-18,22.5
"102",-18,21.5
"102",-18,20.5
"102",-18,19.5
"102",-18,18.5
"102",-18,17.5
"102",-18,16.5
"102",-18,15.5
"102",-18,14.5
"102",-18,13.5
"102",-18,12.5
"102",-18,11.5
"102",-18,10.5
"102",-18,9.5
"102",-18,8.5
"102",-17,7.5
"102",-16,6.5
"102",-16,5.5
"102",-16,4.5
"102",-16,3.5
"102",-16,2.5
"102",-16,1.5
"102",-16,0.5
"102",-16,-0.5
"102",-15,-1.5
"102",-14,-2.5
"102",-13,-3.5
"102",-12,-4.5
"102",-11,-5.5
"102",-10,-6.5
"102",-9,-7.5
"102",-8,-8.5
"102",-7,-9.5
"102",-6,-10.5
"102",-5,-11.5
"102",-4,-12.5
"102",-3,-13.5
"102",-2,-14.5
"102",-1,-15.5
"102",-1,-16.5
"102",0,-17.5
"102",1,-18.5
"102",2,-19.5
"102",3,-20.5
"102",3,-21.5
"102",4,-22.5
"102",5,-23.5
"102",5,-24.5
"102",5,-25.5
"102",5,-26.5
"102",5,-27.5
"102",5,-28.5
"102",5,-29.5
"102",5,-30.5
"102",5,-31.5
"102",5,-32.5
"102",5,-33.5
"102",5,-34.5
"102",5,-35.5
"102",5,-36.5
"102",5,-37.5
"102",5,-38.5
"102",6,-39.5
"102",7,-39.5
"102",8,-40.5
"102",9,-41.5
"102",10,-41.5
"102",11,-42.5
"102",12,-43.5
"102",13,-43.5
"102",14,-43.5
"102",15,-43.5
"102",16,-43.5
"102",17,-43.5
"102",18,-43.5
"102",19,-43.5
"102",20,-43.5
"102",21,-43.5
"102",22,-43.5
"102",23,-44.5
"102",24,-44.5
"102",25,-45.5
"103",-5,54.5
"103",-5,53.5
"103",-5,52.5
"103",-5,51.5
"103",-5,50.5
"103",-5,49.5
"103",-5,48.5
"103",-5,47.5
"103",-6,46.5
"103",-7,46.5
"103",-8,45.5
"103",-9,44.5
"103",-10,44.5
"103",-11,43.5
"103",-11,42.5
"103",-11,41.5
"103",-11,40.5
"103",-11,39.5
"103",-11,38.5
"103",-11,37.5
"103",-11,36.5
"103",-11,35.5
"103",-11,34.5
"103",-11,33.5
"103",-11,32.5
"103",-12,31.5
"103",-13,30.5
"103",-14,29.5
"103",-14,28.5
"103",-15,27.5
"103",-16,26.5
"103",-17,25.5
"103",-18,24.5
"103",-18,23.5
"103",-18,22.5
"103",-18,21.5
"103",-18,20.5
"103",-18,19.5
"103",-18,18.5
"103",-18,17.5
"103",-18,16.5
"103",-18,15.5
"103",-18,14.5
"103",-18,13.5
"103",-18,12.5
"103",-18,11.5
"103",-18,10.5
"103",-18,9.5
"103",-18,8.5
"103",-18,7.5
"103",-18,6.5
"103",-18,5.5
"103",-18,4.5
"103",-18,3.5
"103",-18,2.5
"103",-18,1.5
"103",-18,0.5
"103",-18,-0.5
"103",-18,-1.5
"103",-18,-2.5
"103",-17,-3.5
"103",-16,-4.5
"103",-16,-5.5
"103",-16,-6.5
"103",-16,-7.5
"103",-16,-8.5
"103",-16,-9.5
"103",-16,-10.5
"103",-16,-11.5
"103",-16,-12.5
"103",-16,-13.5
"103",-16,-14.5
"103",-16,-15.5
"103",-16,-16.5
"103",-16,-17.5
"103",-16,-18.5
"103",-16,-19.5
"103",-16,-20.5
"103",-16,-21.5
"103",-16,-22.5
"103",-16,-23.5
"103",-16,-24.5
"103",-16,-25.5
"103",-16,-26.5
"103",-16,-27.5
"103",-16,-28.5
"103",-16,-29.5
"103",-16,-30.5
"103",-16,-31.5
"103",-15,-32.5
"103",-14,-32.5
"103",-13,-33.5
"103",-12,-33.5
"103",-11,-34.5
"103",-10,-35.5
"103",-9,-35.5
"103",-8,-36.5
"103",-7,-36.5
"103",-6,-37.5
"103",-5,-38.5
"103",-4,-38.5
"103",-3,-39.5
"103",-2,-40.5
"103",-1,-40.5
"103",0,-41.5
"103",1,-41.5
"103",2,-42.5
"103",3,-42.5
"103",4,-42.5
"103",5,-42.5
"103",6,-42.5
"103",7,-42.5
"103",8,-42.5
"103",9,-42.5
"103",10,-42.5
"103",11,-42.5
"103",12,-43.5
"103",13,-43.5
"103",14,-43.5
"103",15,-43.5
"103",16,-43.5
"103",17,-43.5
"103",18,-43.5
"103",19,-43.5
"103",20,-43.5
"103",21,-43.5
"103",22,-43.5
"103",23,-44.5
"103",24,-44.5
"103",25,-45.5
"104",-5,54.5
"104",-5,53.5
"104",-5,52.5
"104",-5,51.5
"104",-5,50.5
"104",-5,49.5
"104",-5,48.5
"104",-5,47.5
"104",-6,46.5
"104",-7,46.5
"104",-8,45.5
"104",-9,44.5
"104",-10,44.5
"104",-11,43.5
"104",-10,42.5
"104",-11,41.5
"104",-11,40.5
"104",-11,39.5
"104",-12,38.5
"104",-13,37.5
"104",-14,37.5
"104",-14,36.5
"104",-14,35.5
"104",-14,34.5
"104",-14,33.5
"104",-14,32.5
"104",-14,31.5
"104",-14,30.5
"104",-14,29.5
"104",-14,28.5
"104",-15,27.5
"104",-16,26.5
"104",-17,25.5
"104",-18,24.5
"104",-18,23.5
"104",-18,22.5
"104",-18,21.5
"104",-18,20.5
"104",-18,19.5
"104",-18,18.5
"104",-18,17.5
"104",-18,16.5
"104",-18,15.5
"104",-18,14.5
"104",-18,13.5
"104",-18,12.5
"104",-18,11.5
"104",-18,10.5
"104",-18,9.5
"104",-17,8.5
"104",-16,8.5
"104",-16,7.5
"104",-16,6.5
"104",-16,5.5
"104",-16,4.5
"104",-16,3.5
"104",-16,2.5
"104",-16,1.5
"104",-16,0.5
"104",-16,-0.5
"104",-16,-1.5
"104",-16,-2.5
"104",-16,-3.5
"104",-16,-4.5
"104",-16,-5.5
"104",-16,-6.5
"104",-16,-7.5
"104",-16,-8.5
"104",-16,-9.5
"104",-16,-10.5
"104",-16,-11.5
"104",-16,-12.5
"104",-16,-13.5
"104",-16,-14.5
"104",-16,-15.5
"104",-16,-16.5
"104",-16,-17.5
"104",-16,-18.5
"104",-16,-19.5
"104",-16,-20.5
"104",-16,-21.5
"104",-16,-22.5
"104",-16,-23.5
"104",-16,-24.5
"104",-16,-25.5
"104",-16,-26.5
"104",-16,-27.5
"104",-16,-28.5
"104",-16,-29.5
"104",-16,-30.5
"104",-16,-31.5
"104",-15,-32.5
"104",-14,-32.5
"104",-13,-33.5
"104",-12,-33.5
"104",-11,-34.5
"104",-10,-35.5
"104",-9,-35.5
"104",-8,-36.5
"104",-7,-36.5
"104",-6,-37.5
"104",-5,-38.5
"104",-4,-38.5
"104",-3,-39.5
"104",-2,-40.5
"104",-1,-40.5
"104",0,-41.5
"104",1,-41.5
"104",2,-42.5
"104",3,-42.5
"104",4,-42.5
"104",5,-42.5
"104",6,-42.5
"104",7,-42.5
"104",8,-42.5
"104",9,-42.5
"104",10,-42.5
"104",11,-42.5
"104",12,-43.5
"104",13,-43.5
"104",14,-43.5
"104",15,-43.5
"104",16,-43.5
"104",17,-43.5
"104",18,-43.5
"104",19,-43.5
"104",20,-43.5
"104",21,-43.5
"104",22,-43.5
"104",23,-44.5
"104",24,-44.5
"104",25,-45.5
"105",-5,54.5
"105",-5,53.5
"105",-5,52.5
"105",-5,51.5
"105",-5,50.5
"105",-5,49.5
"105",-5,48.5
"105",-5,47.5
"105",-6,47.5
"105",-6,46.5
"105",-7,46.5
"105",-8,45.5
"105",-9,44.5
"105",-10,44.5
"105",-11,43.5
"105",-10,42.5
"105",-11,41.5
"105",-11,40.5
"105",-11,39.5
"105",-12,38.5
"105",-13,37.5
"105",-14,37.5
"105",-14,36.5
"105",-14,35.5
"105",-14,34.5
"105",-14,33.5
"105",-14,32.5
"105",-14,31.5
"105",-14,30.5
"105",-14,29.5
"105",-15,28.5
"105",-16,28.5
"105",-17,28.5
"105",-18,27.5
"105",-18,26.5
"105",-18,25.5
"105",-18,24.5
"105",-18,23.5
"105",-18,22.5
"105",-18,21.5
"105",-18,20.5
"105",-18,19.5
"105",-18,18.5
"105",-18,17.5
"105",-18,16.5
"105",-18,15.5
"105",-18,14.5
"105",-18,13.5
"105",-18,12.5
"105",-18,11.5
"105",-18,10.5
"105",-18,9.5
"105",-17,8.5
"105",-16,8.5
"105",-16,7.5
"105",-16,6.5
"105",-16,5.5
"105",-16,4.5
"105",-16,3.5
"105",-16,2.5
"105",-16,1.5
"105",-16,0.5
"105",-16,-0.5
"105",-16,-1.5
"105",-16,-2.5
"105",-16,-3.5
"105",-16,-4.5
"105",-16,-5.5
"105",-16,-6.5
"105",-16,-7.5
"105",-16,-8.5
"105",-16,-9.5
"105",-16,-10.5
"105",-16,-11.5
"105",-16,-12.5
"105",-16,-13.5
"105",-16,-14.5
"105",-16,-15.5
"105",-16,-16.5
"105",-16,-17.5
"105",-16,-18.5
"105",-16,-19.5
"105",-16,-20.5
"105",-16,-21.5
"105",-16,-22.5
"105",-16,-23.5
"105",-16,-24.5
"105",-16,-25.5
"105",-16,-26.5
"105",-16,-27.5
"105",-16,-28.5
"105",-16,-29.5
"105",-16,-30.5
"105",-15,-31.5
"105",-14,-31.5
"105",-13,-32.5
"105",-12,-32.5
"105",-11,-33.5
"105",-10,-34.5
"105",-9,-34.5
"105",-8,-35.5
"105",-7,-35.5
"105",-7,-36.5
"105",-6,-37.5
"105",-5,-38.5
"105",-4,-38.5
"105",-3,-39.5
"105",-2,-40.5
"105",-1,-40.5
"105",0,-41.5
"105",1,-41.5
"105",2,-42.5
"105",3,-42.5
"105",4,-42.5
"105",5,-42.5
"105",6,-42.5
"105",7,-42.5
"105",8,-42.5
"105",9,-42.5
"105",10,-42.5
"105",11,-42.5
"105",12,-43.5
"105",13,-43.5
"105",14,-43.5
"105",15,-43.5
"105",16,-43.5
"105",17,-43.5
"105",18,-43.5
"105",19,-43.5
"105",20,-43.5
"105",21,-43.5
"105",22,-43.5
"105",23,-44.5
"105",24,-44.5
"105",25,-45.5
"106",-5,54.5
"106",-5,53.5
"106",-5,52.5
"106",-5,51.5
"106",-5,50.5
"106",-5,49.5
"106",-5,48.5
"106",-5,47.5
"106",-6,47.5
"106",-6,46.5
"106",-7,46.5
"106",-8,45.5
"106",-9,44.5
"106",-10,44.5
"106",-11,43.5
"106",-10,42.5
"106",-11,41.5
"106",-10,40.5
"106",-11,39.5
"106",-12,38.5
"106",-13,37.5
"106",-14,37.5
"106",-14,36.5
"106",-14,35.5
"106",-14,34.5
"106",-14,33.5
"106",-14,32.5
"106",-14,31.5
"106",-14,30.5
"106",-14,29.5
"106",-14,28.5
"106",-15,28.5
"106",-16,28.5
"106",-17,28.5
"106",-18,27.5
"106",-18,26.5
"106",-18,25.5
"106",-18,24.5
"106",-18,23.5
"106",-18,22.5
"106",-18,21.5
"106",-18,20.5
"106",-18,19.5
"106",-18,18.5
"106",-18,17.5
"106",-18,16.5
"106",-18,15.5
"106",-18,14.5
"106",-18,13.5
"106",-18,12.5
"106",-18,11.5
"106",-18,10.5
"106",-18,9.5
"106",-17,8.5
"106",-16,8.5
"106",-16,7.5
"106",-16,6.5
"106",-16,5.5
"106",-16,4.5
"106",-16,3.5
"106",-16,2.5
"106",-16,1.5
"106",-16,0.5
"106",-16,-0.5
"106",-16,-1.5
"106",-16,-2.5
"106",-16,-3.5
"106",-16,-4.5
"106",-16,-5.5
"106",-16,-6.5
"106",-16,-7.5
"106",-16,-8.5
"106",-16,-9.5
"106",-16,-10.5
"106",-16,-11.5
"106",-16,-12.5
"106",-16,-13.5
"106",-16,-14.5
"106",-16,-15.5
"106",-16,-16.5
"106",-16,-17.5
"106",-16,-18.5
"106",-16,-19.5
"106",-16,-20.5
"106",-16,-21.5
"106",-16,-22.5
"106",-16,-23.5
"106",-16,-24.5
"106",-16,-25.5
"106",-16,-26.5
"106",-16,-27.5
"106",-16,-28.5
"106",-16,-29.5
"106",-15,-30.5
"106",-14,-30.5
"106",-13,-30.5
"106",-12,-30.5
"106",-12,-31.5
"106",-11,-32.5
"106",-11,-33.5
"106",-10,-34.5
"106",-9,-34.5
"106",-8,-35.5
"106",-7,-35.5
"106",-7,-36.5
"106",-6,-37.5
"106",-5,-38.5
"106",-4,-38.5
"106",-3,-39.5
"106",-2,-40.5
"106",-1,-40.5
"106",0,-41.5
"106",1,-41.5
"106",1,-42.5
"106",2,-43.5
"106",3,-44.5
"106",4,-44.5
"106",5,-44.5
"106",6,-44.5
"106",7,-44.5
"106",8,-45.5
"106",9,-45.5
"106",10,-45.5
"106",11,-45.5
"106",12,-45.5
"106",13,-45.5
"106",14,-46.5
"106",15,-46.5
"106",16,-46.5
"106",17,-47.5
"106",18,-47.5
"106",19,-47.5
"106",20,-47.5
"106",21,-47.5
"106",22,-47.5
"106",23,-46.5
"106",24,-46.5
"106",25,-45.5
"107",-5,54.5
"107",-5,53.5
"107",-5,52.5
"107",-5,51.5
"107",-5,50.5
"107",-6,49.5
"107",-7,48.5
"107",-8,47.5
"107",-9,46.5
"107",-10,45.5
"107",-11,44.5
"107",-11,43.5
"107",-11,42.5
"107",-11,41.5
"107",-11,40.5
"107",-11,39.5
"107",-11,38.5
"107",-11,37.5
"107",-11,36.5
"107",-11,35.5
"107",-11,34.5
"107",-11,33.5
"107",-11,32.5
"107",-12,31.5
"107",-13,30.5
"107",-13,29.5
"107",-14,28.5
"107",-15,27.5
"107",-16,26.5
"107",-17,25.5
"107",-18,24.5
"107",-18,23.5
"107",-18,22.5
"107",-18,21.5
"107",-18,20.5
"107",-18,19.5
"107",-18,18.5
"107",-18,17.5
"107",-18,16.5
"107",-18,15.5
"107",-18,14.5
"107",-18,13.5
"107",-18,12.5
"107",-18,11.5
"107",-18,10.5
"107",-18,9.5
"107",-18,8.5
"107",-17,7.5
"107",-17,6.5
"107",-17,5.5
"107",-17,4.5
"107",-17,3.5
"107",-17,2.5
"107",-17,1.5
"107",-17,0.5
"107",-16,-0.5
"107",-15,-1.5
"107",-14,-2.5
"107",-13,-3.5
"107",-12,-4.5
"107",-11,-5.5
"107",-10,-6.5
"107",-9,-7.5
"107",-8,-8.5
"107",-7,-9.5
"107",-6,-10.5
"107",-5,-11.5
"107",-4,-12.5
"107",-3,-13.5
"107",-2,-14.5
"107",-1,-15.5
"107",0,-16.5
"107",1,-17.5
"107",2,-18.5
"107",3,-19.5
"107",3,-20.5
"107",4,-21.5
"107",5,-22.5
"107",6,-23.5
"107",6,-24.5
"107",6,-25.5
"107",6,-26.5
"107",6,-27.5
"107",6,-28.5
"107",6,-29.5
"107",6,-30.5
"107",6,-31.5
"107",6,-32.5
"107",6,-33.5
"107",6,-34.5
"107",6,-35.5
"107",6,-36.5
"107",6,-37.5
"107",7,-38.5
"107",8,-39.5
"107",9,-40.5
"107",10,-41.5
"107",11,-42.5
"107",12,-43.5
"107",13,-43.5
"107",14,-43.5
"107",15,-43.5
"107",16,-43.5
"107",17,-43.5
"107",18,-43.5
"107",19,-43.5
"107",20,-43.5
"107",21,-43.5
"107",22,-43.5
"107",23,-43.5
"107",24,-44.5
"107",25,-45.5
"108",-5,54.5
"108",-5,53.5
"108",-5,52.5
"108",-5,51.5
"108",-5,50.5
"108",-5,49.5
"108",-5,48.5
"108",-6,47.5
"108",-7,46.5
"108",-8,45.5
"108",-9,44.5
"108",-10,44.5
"108",-11,43.5
"108",-11,42.5
"108",-11,41.5
"108",-11,40.5
"108",-11,39.5
"108",-11,38.5
"108",-11,37.5
"108",-11,36.5
"108",-11,35.5
"108",-11,34.5
"108",-11,33.5
"108",-11,32.5
"108",-12,31.5
"108",-13,30.5
"108",-13,29.5
"108",-14,28.5
"108",-15,27.5
"108",-16,26.5
"108",-17,25.5
"108",-18,24.5
"108",-18,23.5
"108",-18,22.5
"108",-18,21.5
"108",-18,20.5
"108",-18,19.5
"108",-18,18.5
"108",-18,17.5
"108",-18,16.5
"108",-18,15.5
"108",-18,14.5
"108",-18,13.5
"108",-18,12.5
"108",-18,11.5
"108",-18,10.5
"108",-18,9.5
"108",-18,8.5
"108",-18,7.5
"108",-18,6.5
"108",-18,5.5
"108",-18,4.5
"108",-18,3.5
"108",-18,2.5
"108",-18,1.5
"108",-18,0.5
"108",-18,-0.5
"108",-18,-1.5
"108",-18,-2.5
"108",-17,-3.5
"108",-16,-4.5
"108",-16,-5.5
"108",-16,-6.5
"108",-16,-7.5
"108",-16,-8.5
"108",-16,-9.5
"108",-16,-10.5
"108",-16,-11.5
"108",-16,-12.5
"108",-16,-13.5
"108",-16,-14.5
"108",-16,-15.5
"108",-16,-16.5
"108",-16,-17.5
"108",-16,-18.5
"108",-16,-19.5
"108",-16,-20.5
"108",-16,-21.5
"108",-16,-22.5
"108",-16,-23.5
"108",-16,-24.5
"108",-16,-25.5
"108",-16,-26.5
"108",-16,-27.5
"108",-16,-28.5
"108",-16,-29.5
"108",-16,-30.5
"108",-15,-31.5
"108",-14,-32.5
"108",-13,-33.5
"108",-12,-34.5
"108",-11,-35.5
"108",-10,-36.5
"108",-9,-36.5
"108",-8,-37.5
"108",-7,-37.5
"108",-6,-38.5
"108",-5,-38.5
"108",-4,-39.5
"108",-3,-40.5
"108",-2,-41.5
"108",-1,-41.5
"108",0,-42.5
"108",1,-42.5
"108",2,-43.5
"108",3,-44.5
"108",4,-44.5
"108",5,-44.5
"108",6,-44.5
"108",7,-44.5
"108",8,-45.5
"108",9,-45.5
"108",10,-45.5
"108",11,-45.5
"108",12,-45.5
"108",13,-45.5
"108",14,-45.5
"108",15,-45.5
"108",16,-45.5
"108",17,-45.5
"108",18,-45.5
"108",19,-45.5
"108",20,-45.5
"108",21,-45.5
"108",22,-45.5
"108",23,-45.5
"108",24,-45.5
"108",25,-45.5
"109",-5,54.5
"109",-5,53.5
"109",-5,52.5
"109",-5,51.5
"109",-5,50.5
"109",-5,49.5
"109",-5,48.5
"109",-5,47.5
"109",-6,46.5
"109",-7,46.5
"109",-8,45.5
"109",-9,44.5
"109",-10,44.5
"109",-11,43.5
"109",-11,42.5
"109",-11,41.5
"109",-11,40.5
"109",-11,39.5
"109",-11,38.5
"109",-11,37.5
"109",-11,36.5
"109",-11,35.5
"109",-11,34.5
"109",-11,33.5
"109",-11,32.5
"109",-12,31.5
"109",-13,30.5
"109",-14,29.5
"109",-14,28.5
"109",-15,27.5
"109",-16,26.5
"109",-17,25.5
"109",-18,24.5
"109",-18,23.5
"109",-18,22.5
"109",-18,21.5
"109",-18,20.5
"109",-18,19.5
"109",-18,18.5
"109",-18,17.5
"109",-18,16.5
"109",-18,15.5
"109",-18,14.5
"109",-18,13.5
"109",-18,12.5
"109",-18,11.5
"109",-18,10.5
"109",-18,9.5
"109",-18,8.5
"109",-18,7.5
"109",-18,6.5
"109",-18,5.5
"109",-18,4.5
"109",-18,3.5
"109",-18,2.5
"109",-18,1.5
"109",-18,0.5
"109",-18,-0.5
"109",-18,-1.5
"109",-17,-2.5
"109",-16,-3.5
"109",-16,-4.5
"109",-16,-5.5
"109",-16,-6.5
"109",-16,-7.5
"109",-16,-8.5
"109",-16,-9.5
"109",-16,-10.5
"109",-16,-11.5
"109",-16,-12.5
"109",-16,-13.5
"109",-16,-14.5
"109",-16,-15.5
"109",-16,-16.5
"109",-16,-17.5
"109",-16,-18.5
"109",-16,-19.5
"109",-16,-20.5
"109",-16,-21.5
"109",-16,-22.5
"109",-16,-23.5
"109",-16,-24.5
"109",-16,-25.5
"109",-16,-26.5
"109",-16,-27.5
"109",-16,-28.5
"109",-16,-29.5
"109",-16,-30.5
"109",-15,-31.5
"109",-14,-31.5
"109",-13,-32.5
"109",-12,-32.5
"109",-11,-33.5
"109",-10,-34.5
"109",-9,-34.5
"109",-8,-35.5
"109",-7,-35.5
"109",-6,-36.5
"109",-5,-37.5
"109",-4,-38.5
"109",-3,-39.5
"109",-2,-40.5
"109",-1,-40.5
"109",0,-41.5
"109",1,-41.5
"109",2,-42.5
"109",3,-42.5
"109",4,-42.5
"109",5,-42.5
"109",6,-42.5
"109",7,-42.5
"109",8,-42.5
"109",9,-42.5
"109",10,-42.5
"109",11,-42.5
"109",12,-43.5
"109",13,-43.5
"109",14,-43.5
"109",15,-43.5
"109",16,-43.5
"109",17,-43.5
"109",18,-43.5
"109",19,-43.5
"109",20,-43.5
"109",21,-43.5
"109",22,-43.5
"109",23,-44.5
"109",24,-44.5
"109",25,-45.5
"110",-5,54.5
"110",-5,53.5
"110",-5,52.5
"110",-5,51.5
"110",-5,50.5
"110",-5,49.5
"110",-5,48.5
"110",-5,47.5
"110",-6,46.5
"110",-7,46.5
"110",-8,45.5
"110",-9,44.5
"110",-10,44.5
"110",-11,43.5
"110",-10,42.5
"110",-11,41.5
"110",-11,40.5
"110",-11,39.5
"110",-12,38.5
"110",-13,37.5
"110",-14,37.5
"110",-14,36.5
"110",-14,35.5
"110",-14,34.5
"110",-14,33.5
"110",-14,32.5
"110",-14,31.5
"110",-14,30.5
"110",-14,29.5
"110",-15,28.5
"110",-16,28.5
"110",-17,28.5
"110",-18,27.5
"110",-18,26.5
"110",-18,25.5
"110",-18,24.5
"110",-18,23.5
"110",-18,22.5
"110",-18,21.5
"110",-18,20.5
"110",-18,19.5
"110",-18,18.5
"110",-18,17.5
"110",-18,16.5
"110",-18,15.5
"110",-18,14.5
"110",-18,13.5
"110",-18,12.5
"110",-18,11.5
"110",-18,10.5
"110",-18,9.5
"110",-17,8.5
"110",-16,8.5
"110",-16,7.5
"110",-16,6.5
"110",-16,5.5
"110",-16,4.5
"110",-16,3.5
"110",-16,2.5
"110",-16,1.5
"110",-16,0.5
"110",-16,-0.5
"110",-16,-1.5
"110",-16,-2.5
"110",-16,-3.5
"110",-16,-4.5
"110",-16,-5.5
"110",-16,-6.5
"110",-16,-7.5
"110",-16,-8.5
"110",-16,-9.5
"110",-16,-10.5
"110",-16,-11.5
"110",-16,-12.5
"110",-16,-13.5
"110",-16,-14.5
"110",-16,-15.5
"110",-16,-16.5
"110",-16,-17.5
"110",-16,-18.5
"110",-16,-19.5
"110",-16,-20.5
"110",-16,-21.5
"110",-16,-22.5
"110",-16,-23.5
"110",-16,-24.5
"110",-16,-25.5
"110",-16,-26.5
"110",-16,-27.5
"110",-16,-28.5
"110",-16,-29.5
"110",-16,-30.5
"110",-15,-31.5
"110",-14,-31.5
"110",-13,-32.5
"110",-12,-32.5
"110",-11,-33.5
"110",-10,-34.5
"110",-9,-34.5
"110",-8,-35.5
"110",-7,-35.5
"110",-7,-36.5
"110",-6,-37.5
"110",-5,-38.5
"110",-4,-38.5
"110",-3,-39.5
"110",-2,-40.5
"110",-1,-40.5
"110",0,-41.5
"110",1,-41.5
"110",2,-42.5
"110",3,-42.5
"110",4,-42.5
"110",5,-42.5
"110",6,-42.5
"110",7,-42.5
"110",8,-42.5
"110",9,-42.5
"110",10,-42.5
"110",11,-42.5
"110",12,-43.5
"110",13,-43.5
"110",14,-43.5
"110",15,-43.5
"110",16,-43.5
"110",17,-43.5
"110",18,-43.5
"110",19,-43.5
"110",20,-43.5
"110",21,-43.5
"110",22,-43.5
"110",23,-44.5
"110",24,-44.5
"110",25,-45.5
"111",-5,54.5
"111",-5,53.5
"111",-5,52.5
"111",-5,51.5
"111",-5,50.5
"111",-5,49.5
"111",-5,48.5
"111",-5,47.5
"111",-6,47.5
"111",-6,46.5
"111",-7,46.5
"111",-8,45.5
"111",-9,44.5
"111",-10,44.5
"111",-11,43.5
"111",-10,42.5
"111",-11,41.5
"111",-11,40.5
"111",-11,39.5
"111",-12,38.5
"111",-13,37.5
"111",-14,37.5
"111",-14,36.5
"111",-14,35.5
"111",-14,34.5
"111",-14,33.5
"111",-14,32.5
"111",-14,31.5
"111",-14,30.5
"111",-14,29.5
"111",-15,28.5
"111",-16,28.5
"111",-17,28.5
"111",-18,27.5
"111",-18,26.5
"111",-18,25.5
"111",-18,24.5
"111",-18,23.5
"111",-18,22.5
"111",-18,21.5
"111",-18,20.5
"111",-18,19.5
"111",-18,18.5
"111",-18,17.5
"111",-18,16.5
"111",-18,15.5
"111",-18,14.5
"111",-18,13.5
"111",-18,12.5
"111",-18,11.5
"111",-18,10.5
"111",-18,9.5
"111",-17,8.5
"111",-16,8.5
"111",-16,7.5
"111",-16,6.5
"111",-16,5.5
"111",-16,4.5
"111",-16,3.5
"111",-16,2.5
"111",-16,1.5
"111",-16,0.5
"111",-16,-0.5
"111",-16,-1.5
"111",-16,-2.5
"111",-16,-3.5
"111",-16,-4.5
"111",-16,-5.5
"111",-16,-6.5
"111",-16,-7.5
"111",-16,-8.5
"111",-16,-9.5
"111",-16,-10.5
"111",-16,-11.5
"111",-16,-12.5
"111",-16,-13.5
"111",-16,-14.5
"111",-16,-15.5
"111",-16,-16.5
"111",-16,-17.5
"111",-16,-18.5
"111",-16,-19.5
"111",-16,-20.5
"111",-16,-21.5
"111",-16,-22.5
"111",-16,-23.5
"111",-16,-24.5
"111",-16,-25.5
"111",-16,-26.5
"111",-16,-27.5
"111",-16,-28.5
"111",-16,-29.5
"111",-16,-30.5
"111",-15,-31.5
"111",-14,-31.5
"111",-13,-32.5
"111",-12,-32.5
"111",-11,-33.5
"111",-10,-34.5
"111",-9,-34.5
"111",-8,-35.5
"111",-7,-35.5
"111",-7,-36.5
"111",-6,-37.5
"111",-5,-38.5
"111",-4,-38.5
"111",-3,-39.5
"111",-2,-40.5
"111",-1,-40.5
"111",0,-41.5
"111",1,-41.5
"111",1,-42.5
"111",2,-43.5
"111",3,-44.5
"111",4,-44.5
"111",5,-44.5
"111",6,-44.5
"111",7,-44.5
"111",8,-45.5
"111",9,-45.5
"111",10,-45.5
"111",11,-45.5
"111",12,-45.5
"111",13,-45.5
"111",14,-46.5
"111",15,-46.5
"111",16,-46.5
"111",17,-47.5
"111",18,-47.5
"111",19,-47.5
"111",20,-47.5
"111",21,-47.5
"111",22,-47.5
"111",23,-46.5
"111",24,-46.5
"111",25,-45.5
"112",-5,54.5
"112",-5,53.5
"112",-5,52.5
"112",-5,51.5
"112",-5,50.5
"112",-5,49.5
"112",-5,48.5
"112",-5,47.5
"112",-6,47.5
"112",-6,46.5
"112",-7,46.5
"112",-8,45.5
"112",-9,44.5
"112",-10,44.5
"112",-11,43.5
"112",-12,43.5
"112",-13,43.5
"112",-14,43.5
"112",-15,42.5
"112",-16,42.5
"112",-17,42.5
"112",-18,41.5
"112",-18,40.5
"112",-18,39.5
"112",-18,38.5
"112",-18,37.5
"112",-18,36.5
"112",-18,35.5
"112",-18,34.5
"112",-18,33.5
"112",-18,32.5
"112",-18,31.5
"112",-18,30.5
"112",-18,29.5
"112",-18,28.5
"112",-18,27.5
"112",-18,26.5
"112",-18,25.5
"112",-18,24.5
"112",-18,23.5
"112",-18,22.5
"112",-18,21.5
"112",-18,20.5
"112",-18,19.5
"112",-18,18.5
"112",-18,17.5
"112",-18,16.5
"112",-18,15.5
"112",-18,14.5
"112",-18,13.5
"112",-18,12.5
"112",-18,11.5
"112",-18,10.5
"112",-18,9.5
"112",-18,8.5
"112",-18,7.5
"112",-18,6.5
"112",-18,5.5
"112",-18,4.5
"112",-18,3.5
"112",-17,2.5
"112",-16,2.5
"112",-16,1.5
"112",-16,0.5
"112",-16,-0.5
"112",-16,-1.5
"112",-16,-2.5
"112",-16,-3.5
"112",-16,-4.5
"112",-16,-5.5
"112",-16,-6.5
"112",-16,-7.5
"112",-16,-8.5
"112",-16,-9.5
"112",-16,-10.5
"112",-16,-11.5
"112",-16,-12.5
"112",-16,-13.5
"112",-16,-14.5
"112",-16,-15.5
"112",-16,-16.5
"112",-16,-17.5
"112",-16,-18.5
"112",-16,-19.5
"112",-16,-20.5
"112",-16,-21.5
"112",-16,-22.5
"112",-16,-23.5
"112",-16,-24.5
"112",-16,-25.5
"112",-16,-26.5
"112",-16,-27.5
"112",-16,-28.5
"112",-16,-29.5
"112",-15,-30.5
"112",-14,-30.5
"112",-13,-30.5
"112",-12,-30.5
"112",-12,-31.5
"112",-11,-32.5
"112",-11,-33.5
"112",-10,-34.5
"112",-9,-34.5
"112",-8,-35.5
"112",-7,-35.5
"112",-7,-36.5
"112",-6,-37.5
"112",-5,-38.5
"112",-4,-38.5
"112",-3,-39.5
"112",-2,-40.5
"112",-1,-40.5
"112",0,-41.5
"112",1,-41.5
"112",1,-42.5
"112",1,-43.5
"112",1,-44.5
"112",2,-45.5
"112",3,-46.5
"112",4,-46.5
"112",5,-46.5
"112",6,-46.5
"112",7,-46.5
"112",8,-47.5
"112",9,-48.5
"112",10,-48.5
"112",11,-48.5
"112",12,-49.5
"112",13,-49.5
"112",14,-49.5
"112",15,-48.5
"112",16,-48.5
"112",17,-49.5
"112",18,-49.5
"112",19,-49.5
"112",20,-49.5
"112",21,-48.5
"112",22,-48.5
"112",23,-47.5
"112",24,-46.5
"112",25,-45.5
"113",-5,54.5
"113",-5,53.5
"113",-5,52.5
"113",-5,51.5
"113",-5,50.5
"113",-6,49.5
"113",-7,48.5
"113",-8,47.5
"113",-9,46.5
"113",-10,45.5
"113",-11,44.5
"113",-11,43.5
"113",-11,42.5
"113",-11,41.5
"113",-11,40.5
"113",-11,39.5
"113",-11,38.5
"113",-11,37.5
"113",-11,36.5
"113",-11,35.5
"113",-11,34.5
"113",-11,33.5
"113",-11,32.5
"113",-12,31.5
"113",-13,30.5
"113",-13,29.5
"113",-14,28.5
"113",-15,27.5
"113",-16,26.5
"113",-17,25.5
"113",-18,24.5
"113",-18,23.5
"113",-18,22.5
"113",-18,21.5
"113",-18,20.5
"113",-18,19.5
"113",-18,18.5
"113",-18,17.5
"113",-18,16.5
"113",-18,15.5
"113",-18,14.5
"113",-18,13.5
"113",-18,12.5
"113",-18,11.5
"113",-18,10.5
"113",-18,9.5
"113",-18,8.5
"113",-17,7.5
"113",-17,6.5
"113",-17,5.5
"113",-17,4.5
"113",-17,3.5
"113",-17,2.5
"113",-17,1.5
"113",-17,0.5
"113",-17,-0.5
"113",-17,-1.5
"113",-16,-2.5
"113",-15,-3.5
"113",-14,-4.5
"113",-13,-5.5
"113",-12,-6.5
"113",-11,-7.5
"113",-11,-8.5
"113",-11,-9.5
"113",-11,-10.5
"113",-11,-11.5
"113",-11,-12.5
"113",-11,-13.5
"113",-11,-14.5
"113",-11,-15.5
"113",-11,-16.5
"113",-11,-17.5
"113",-11,-18.5
"113",-11,-19.5
"113",-11,-20.5
"113",-11,-21.5
"113",-11,-22.5
"113",-11,-23.5
"113",-11,-24.5
"113",-11,-25.5
"113",-11,-26.5
"113",-11,-27.5
"113",-11,-28.5
"113",-11,-29.5
"113",-11,-30.5
"113",-11,-31.5
"113",-10,-32.5
"113",-9,-33.5
"113",-8,-34.5
"113",-7,-35.5
"113",-6,-36.5
"113",-5,-37.5
"113",-4,-38.5
"113",-3,-39.5
"113",-2,-40.5
"113",-1,-41.5
"113",0,-42.5
"113",1,-43.5
"113",2,-44.5
"113",3,-44.5
"113",4,-44.5
"113",5,-44.5
"113",6,-44.5
"113",7,-44.5
"113",8,-45.5
"113",9,-45.5
"113",10,-45.5
"113",11,-45.5
"113",12,-45.5
"113",13,-45.5
"113",14,-45.5
"113",15,-45.5
"113",16,-45.5
"113",17,-45.5
"113",18,-45.5
"113",19,-45.5
"113",20,-45.5
"113",21,-45.5
"113",22,-45.5
"113",23,-45.5
"113",24,-45.5
"113",25,-45.5
"114",-5,54.5
"114",-5,53.5
"114",-5,52.5
"114",-5,51.5
"114",-5,50.5
"114",-5,49.5
"114",-5,48.5
"114",-5,47.5
"114",-6,46.5
"114",-7,46.5
"114",-8,45.5
"114",-9,44.5
"114",-10,44.5
"114",-11,43.5
"114",-11,42.5
"114",-11,41.5
"114",-11,40.5
"114",-11,39.5
"114",-11,38.5
"114",-11,37.5
"114",-11,36.5
"114",-11,35.5
"114",-11,34.5
"114",-11,33.5
"114",-11,32.5
"114",-12,31.5
"114",-13,30.5
"114",-13,29.5
"114",-14,28.5
"114",-15,27.5
"114",-16,26.5
"114",-17,25.5
"114",-18,24.5
"114",-18,23.5
"114",-18,22.5
"114",-18,21.5
"114",-18,20.5
"114",-18,19.5
"114",-18,18.5
"114",-18,17.5
"114",-18,16.5
"114",-18,15.5
"114",-18,14.5
"114",-18,13.5
"114",-18,12.5
"114",-18,11.5
"114",-18,10.5
"114",-18,9.5
"114",-18,8.5
"114",-18,7.5
"114",-18,6.5
"114",-18,5.5
"114",-18,4.5
"114",-18,3.5
"114",-18,2.5
"114",-18,1.5
"114",-18,0.5
"114",-18,-0.5
"114",-18,-1.5
"114",-18,-2.5
"114",-17,-3.5
"114",-16,-4.5
"114",-16,-5.5
"114",-16,-6.5
"114",-16,-7.5
"114",-16,-8.5
"114",-16,-9.5
"114",-16,-10.5
"114",-16,-11.5
"114",-16,-12.5
"114",-16,-13.5
"114",-16,-14.5
"114",-16,-15.5
"114",-16,-16.5
"114",-16,-17.5
"114",-16,-18.5
"114",-16,-19.5
"114",-16,-20.5
"114",-16,-21.5
"114",-16,-22.5
"114",-16,-23.5
"114",-16,-24.5
"114",-16,-25.5
"114",-16,-26.5
"114",-16,-27.5
"114",-16,-28.5
"114",-16,-29.5
"114",-16,-30.5
"114",-15,-31.5
"114",-14,-32.5
"114",-13,-33.5
"114",-12,-34.5
"114",-11,-35.5
"114",-10,-36.5
"114",-9,-36.5
"114",-8,-37.5
"114",-7,-37.5
"114",-6,-38.5
"114",-5,-38.5
"114",-4,-39.5
"114",-3,-39.5
"114",-2,-40.5
"114",-1,-41.5
"114",0,-42.5
"114",1,-42.5
"114",2,-43.5
"114",3,-44.5
"114",4,-44.5
"114",5,-44.5
"114",6,-44.5
"114",7,-44.5
"114",8,-45.5
"114",9,-45.5
"114",10,-45.5
"114",11,-45.5
"114",12,-45.5
"114",13,-45.5
"114",14,-45.5
"114",15,-45.5
"114",16,-45.5
"114",17,-45.5
"114",18,-45.5
"114",19,-45.5
"114",20,-45.5
"114",21,-45.5
"114",22,-45.5
"114",23,-45.5
"114",24,-45.5
"114",25,-45.5
"115",-5,54.5
"115",-5,53.5
"115",-5,52.5
"115",-5,51.5
"115",-5,50.5
"115",-5,49.5
"115",-5,48.5
"115",-5,47.5
"115",-6,46.5
"115",-7,46.5
"115",-8,45.5
"115",-9,44.5
"115",-10,44.5
"115",-11,43.5
"115",-11,42.5
"115",-11,41.5
"115",-11,40.5
"115",-11,39.5
"115",-11,38.5
"115",-11,37.5
"115",-11,36.5
"115",-11,35.5
"115",-11,34.5
"115",-11,33.5
"115",-11,32.5
"115",-12,31.5
"115",-13,30.5
"115",-14,29.5
"115",-14,28.5
"115",-15,27.5
"115",-16,26.5
"115",-17,25.5
"115",-18,24.5
"115",-18,23.5
"115",-18,22.5
"115",-18,21.5
"115",-18,20.5
"115",-18,19.5
"115",-18,18.5
"115",-18,17.5
"115",-18,16.5
"115",-18,15.5
"115",-18,14.5
"115",-18,13.5
"115",-18,12.5
"115",-18,11.5
"115",-18,10.5
"115",-18,9.5
"115",-18,8.5
"115",-18,7.5
"115",-18,6.5
"115",-18,5.5
"115",-18,4.5
"115",-18,3.5
"115",-18,2.5
"115",-18,1.5
"115",-18,0.5
"115",-18,-0.5
"115",-18,-1.5
"115",-17,-2.5
"115",-16,-3.5
"115",-16,-4.5
"115",-16,-5.5
"115",-16,-6.5
"115",-16,-7.5
"115",-16,-8.5
"115",-16,-9.5
"115",-16,-10.5
"115",-16,-11.5
"115",-16,-12.5
"115",-16,-13.5
"115",-16,-14.5
"115",-16,-15.5
"115",-16,-16.5
"115",-16,-17.5
"115",-16,-18.5
"115",-16,-19.5
"115",-16,-20.5
"115",-16,-21.5
"115",-16,-22.5
"115",-16,-23.5
"115",-16,-24.5
"115",-16,-25.5
"115",-16,-26.5
"115",-16,-27.5
"115",-16,-28.5
"115",-16,-29.5
"115",-16,-30.5
"115",-15,-31.5
"115",-14,-31.5
"115",-13,-32.5
"115",-12,-32.5
"115",-11,-33.5
"115",-10,-34.5
"115",-9,-34.5
"115",-8,-35.5
"115",-7,-35.5
"115",-6,-36.5
"115",-5,-37.5
"115",-4,-38.5
"115",-3,-39.5
"115",-2,-40.5
"115",-1,-40.5
"115",0,-41.5
"115",1,-41.5
"115",2,-42.5
"115",3,-42.5
"115",4,-42.5
"115",5,-42.5
"115",6,-42.5
"115",7,-42.5
"115",8,-42.5
"115",9,-42.5
"115",10,-42.5
"115",11,-42.5
"115",12,-43.5
"115",13,-43.5
"115",14,-43.5
"115",15,-43.5
"115",16,-43.5
"115",17,-43.5
"115",18,-43.5
"115",19,-43.5
"115",20,-43.5
"115",21,-43.5
"115",22,-43.5
"115",23,-44.5
"115",24,-44.5
"115",25,-45.5
"116",-5,54.5
"116",-5,53.5
"116",-5,52.5
"116",-5,51.5
"116",-5,50.5
"116",-5,49.5
"116",-5,48.5
"116",-5,47.5
"116",-6,47.5
"116",-6,46.5
"116",-7,46.5
"116",-8,45.5
"116",-9,44.5
"116",-10,44.5
"116",-11,43.5
"116",-10,42.5
"116",-11,41.5
"116",-11,40.5
"116",-11,39.5
"116",-12,38.5
"116",-13,37.5
"116",-14,37.5
"116",-14,36.5
"116",-14,35.5
"116",-14,34.5
"116",-14,33.5
"116",-14,32.5
"116",-14,31.5
"116",-14,30.5
"116",-14,29.5
"116",-14,28.5
"116",-15,28.5
"116",-16,28.5
"116",-17,28.5
"116",-18,27.5
"116",-18,26.5
"116",-18,25.5
"116",-18,24.5
"116",-18,23.5
"116",-18,22.5
"116",-18,21.5
"116",-18,20.5
"116",-18,19.5
"116",-18,18.5
"116",-18,17.5
"116",-18,16.5
"116",-18,15.5
"116",-18,14.5
"116",-18,13.5
"116",-18,12.5
"116",-18,11.5
"116",-18,10.5
"116",-18,9.5
"116",-18,8.5
"116",-18,7.5
"116",-18,6.5
"116",-17,5.5
"116",-16,5.5
"116",-16,4.5
"116",-16,3.5
"116",-16,2.5
"116",-16,1.5
"116",-16,0.5
"116",-16,-0.5
"116",-16,-1.5
"116",-16,-2.5
"116",-16,-3.5
"116",-16,-4.5
"116",-16,-5.5
"116",-16,-6.5
"116",-16,-7.5
"116",-16,-8.5
"116",-16,-9.5
"116",-16,-10.5
"116",-16,-11.5
"116",-16,-12.5
"116",-16,-13.5
"116",-16,-14.5
"116",-16,-15.5
"116",-16,-16.5
"116",-16,-17.5
"116",-16,-18.5
"116",-16,-19.5
"116",-16,-20.5
"116",-16,-21.5
"116",-16,-22.5
"116",-16,-23.5
"116",-16,-24.5
"116",-16,-25.5
"116",-16,-26.5
"116",-16,-27.5
"116",-16,-28.5
"116",-16,-29.5
"116",-15,-30.5
"116",-14,-30.5
"116",-13,-31.5
"116",-12,-31.5
"116",-11,-32.5
"116",-11,-33.5
"116",-10,-34.5
"116",-9,-34.5
"116",-8,-35.5
"116",-7,-35.5
"116",-7,-36.5
"116",-6,-37.5
"116",-5,-38.5
"116",-4,-38.5
"116",-3,-39.5
"116",-2,-40.5
"116",-1,-40.5
"116",0,-41.5
"116",1,-41.5
"116",1,-42.5
"116",1,-43.5
"116",2,-44.5
"116",3,-45.5
"116",4,-45.5
"116",5,-46.5
"116",6,-46.5
"116",7,-46.5
"116",8,-47.5
"116",9,-48.5
"116",10,-48.5
"116",11,-48.5
"116",12,-49.5
"116",13,-49.5
"116",14,-49.5
"116",15,-49.5
"116",16,-49.5
"116",17,-48.5
"116",18,-48.5
"116",19,-48.5
"116",20,-48.5
"116",21,-48.5
"116",22,-48.5
"116",23,-47.5
"116",24,-46.5
"116",25,-45.5
"117",-5,54.5
"117",-5,53.5
"117",-5,52.5
"117",-6,51.5
"117",-7,50.5
"117",-8,49.5
"117",-9,48.5
"117",-10,47.5
"117",-11,46.5
"117",-11,45.5
"117",-11,44.5
"117",-11,43.5
"117",-11,42.5
"117",-11,41.5
"117",-11,40.5
"117",-11,39.5
"117",-11,38.5
"117",-11,37.5
"117",-11,36.5
"117",-11,35.5
"117",-11,34.5
"117",-11,33.5
"117",-11,32.5
"117",-11,31.5
"117",-12,30.5
"117",-13,29.5
"117",-14,28.5
"117",-15,27.5
"117",-16,26.5
"117",-17,25.5
"117",-18,24.5
"117",-18,23.5
"117",-18,22.5
"117",-18,21.5
"117",-18,20.5
"117",-18,19.5
"117",-18,18.5
"117",-18,17.5
"117",-18,16.5
"117",-18,15.5
"117",-18,14.5
"117",-18,13.5
"117",-18,12.5
"117",-18,11.5
"117",-18,10.5
"117",-18,9.5
"117",-18,8.5
"117",-17,7.5
"117",-17,6.5
"117",-17,5.5
"117",-17,4.5
"117",-17,3.5
"117",-17,2.5
"117",-17,1.5
"117",-17,0.5
"117",-17,-0.5
"117",-17,-1.5
"117",-17,-2.5
"117",-16,-3.5
"117",-15,-4.5
"117",-15,-5.5
"117",-15,-6.5
"117",-15,-7.5
"117",-15,-8.5
"117",-15,-9.5
"117",-15,-10.5
"117",-15,-11.5
"117",-15,-12.5
"117",-15,-13.5
"117",-15,-14.5
"117",-15,-15.5
"117",-15,-16.5
"117",-15,-17.5
"117",-15,-18.5
"117",-15,-19.5
"117",-15,-20.5
"117",-15,-21.5
"117",-15,-22.5
"117",-15,-23.5
"117",-15,-24.5
"117",-15,-25.5
"117",-15,-26.5
"117",-15,-27.5
"117",-15,-28.5
"117",-15,-29.5
"117",-15,-30.5
"117",-14,-31.5
"117",-13,-32.5
"117",-12,-33.5
"117",-11,-34.5
"117",-10,-35.5
"117",-9,-36.5
"117",-8,-37.5
"117",-7,-38.5
"117",-6,-39.5
"117",-5,-40.5
"117",-4,-41.5
"117",-3,-42.5
"117",-2,-43.5
"117",-1,-44.5
"117",0,-45.5
"117",1,-45.5
"117",2,-45.5
"117",3,-45.5
"117",4,-45.5
"117",5,-45.5
"117",6,-45.5
"117",7,-45.5
"117",8,-45.5
"117",9,-45.5
"117",10,-45.5
"117",11,-45.5
"117",12,-45.5
"117",13,-45.5
"117",14,-45.5
"117",15,-45.5
"117",16,-45.5
"117",17,-45.5
"117",18,-45.5
"117",19,-45.5
"117",20,-45.5
"117",21,-45.5
"117",22,-45.5
"117",23,-45.5
"117",24,-45.5
"117",25,-45.5
"118",-5,54.5
"118",-5,53.5
"118",-5,52.5
"118",-5,51.5
"118",-5,50.5
"118",-5,49.5
"118",-5,48.5
"118",-5,47.5
"118",-6,46.5
"118",-7,46.5
"118",-8,45.5
"118",-9,44.5
"118",-10,44.5
"118",-11,43.5
"118",-11,42.5
"118",-11,41.5
"118",-11,40.5
"118",-11,39.5
"118",-11,38.5
"118",-11,37.5
"118",-11,36.5
"118",-11,35.5
"118",-11,34.5
"118",-11,33.5
"118",-11,32.5
"118",-12,31.5
"118",-13,30.5
"118",-14,29.5
"118",-14,28.5
"118",-15,27.5
"118",-16,26.5
"118",-17,25.5
"118",-18,24.5
"118",-18,23.5
"118",-18,22.5
"118",-18,21.5
"118",-18,20.5
"118",-18,19.5
"118",-18,18.5
"118",-18,17.5
"118",-18,16.5
"118",-18,15.5
"118",-18,14.5
"118",-18,13.5
"118",-18,12.5
"118",-18,11.5
"118",-18,10.5
"118",-18,9.5
"118",-18,8.5
"118",-17,7.5
"118",-16,6.5
"118",-16,5.5
"118",-16,4.5
"118",-16,3.5
"118",-16,2.5
"118",-16,1.5
"118",-16,0.5
"118",-16,-0.5
"118",-16,-1.5
"118",-16,-2.5
"118",-16,-3.5
"118",-16,-4.5
"118",-16,-5.5
"118",-16,-6.5
"118",-16,-7.5
"118",-16,-8.5
"118",-16,-9.5
"118",-16,-10.5
"118",-16,-11.5
"118",-16,-12.5
"118",-16,-13.5
"118",-16,-14.5
"118",-16,-15.5
"118",-16,-16.5
"118",-16,-17.5
"118",-16,-18.5
"118",-16,-19.5
"118",-16,-20.5
"118",-16,-21.5
"118",-16,-22.5
"118",-16,-23.5
"118",-16,-24.5
"118",-16,-25.5
"118",-16,-26.5
"118",-16,-27.5
"118",-16,-28.5
"118",-16,-29.5
"118",-15,-30.5
"118",-14,-31.5
"118",-13,-32.5
"118",-12,-33.5
"118",-11,-34.5
"118",-10,-35.5
"118",-9,-35.5
"118",-8,-36.5
"118",-7,-36.5
"118",-6,-37.5
"118",-5,-38.5
"118",-4,-39.5
"118",-3,-39.5
"118",-2,-40.5
"118",-1,-41.5
"118",0,-42.5
"118",1,-42.5
"118",2,-43.5
"118",3,-44.5
"118",4,-44.5
"118",5,-44.5
"118",6,-44.5
"118",7,-44.5
"118",8,-45.5
"118",9,-45.5
"118",10,-45.5
"118",11,-45.5
"118",12,-45.5
"118",13,-45.5
"118",14,-45.5
"118",15,-45.5
"118",16,-45.5
"118",17,-45.5
"118",18,-45.5
"118",19,-45.5
"118",20,-45.5
"118",21,-45.5
"118",22,-45.5
"118",23,-45.5
"118",24,-45.5
"118",25,-45.5
"119",-5,54.5
"119",-5,53.5
"119",-5,52.5
"119",-5,51.5
"119",-5,50.5
"119",-5,49.5
"119",-5,48.5
"119",-5,47.5
"119",-6,47.5
"119",-6,46.5
"119",-7,46.5
"119",-8,45.5
"119",-9,44.5
"119",-10,44.5
"119",-11,43.5
"119",-11,42.5
"119",-11,41.5
"119",-11,40.5
"119",-11,39.5
"119",-12,38.5
"119",-13,37.5
"119",-14,37.5
"119",-14,36.5
"119",-14,35.5
"119",-14,34.5
"119",-14,33.5
"119",-14,32.5
"119",-14,31.5
"119",-14,30.5
"119",-15,29.5
"119",-16,29.5
"119",-17,29.5
"119",-18,28.5
"119",-18,27.5
"119",-18,26.5
"119",-18,25.5
"119",-18,24.5
"119",-18,23.5
"119",-18,22.5
"119",-18,21.5
"119",-18,20.5
"119",-18,19.5
"119",-18,18.5
"119",-18,17.5
"119",-18,16.5
"119",-18,15.5
"119",-18,14.5
"119",-18,13.5
"119",-18,12.5
"119",-18,11.5
"119",-18,10.5
"119",-18,9.5
"119",-18,8.5
"119",-18,7.5
"119",-18,6.5
"119",-17,5.5
"119",-16,5.5
"119",-16,4.5
"119",-16,3.5
"119",-16,2.5
"119",-16,1.5
"119",-16,0.5
"119",-16,-0.5
"119",-16,-1.5
"119",-16,-2.5
"119",-16,-3.5
"119",-16,-4.5
"119",-16,-5.5
"119",-16,-6.5
"119",-16,-7.5
"119",-16,-8.5
"119",-16,-9.5
"119",-16,-10.5
"119",-16,-11.5
"119",-16,-12.5
"119",-16,-13.5
"119",-16,-14.5
"119",-16,-15.5
"119",-16,-16.5
"119",-16,-17.5
"119",-16,-18.5
"119",-16,-19.5
"119",-16,-20.5
"119",-16,-21.5
"119",-16,-22.5
"119",-16,-23.5
"119",-16,-24.5
"119",-16,-25.5
"119",-16,-26.5
"119",-16,-27.5
"119",-16,-28.5
"119",-16,-29.5
"119",-16,-30.5
"119",-15,-31.5
"119",-14,-31.5
"119",-13,-32.5
"119",-12,-32.5
"119",-11,-33.5
"119",-10,-34.5
"119",-9,-34.5
"119",-8,-35.5
"119",-7,-35.5
"119",-7,-36.5
"119",-6,-37.5
"119",-5,-38.5
"119",-4,-38.5
"119",-3,-39.5
"119",-2,-40.5
"119",-1,-40.5
"119",0,-41.5
"119",1,-41.5
"119",1,-42.5
"119",2,-43.5
"119",3,-44.5
"119",4,-44.5
"119",5,-44.5
"119",6,-44.5
"119",7,-44.5
"119",8,-45.5
"119",9,-45.5
"119",10,-45.5
"119",11,-45.5
"119",12,-45.5
"119",13,-45.5
"119",14,-46.5
"119",15,-46.5
"119",16,-46.5
"119",17,-47.5
"119",18,-47.5
"119",19,-47.5
"119",20,-47.5
"119",21,-47.5
"119",22,-47.5
"119",23,-46.5
"119",24,-46.5
"119",25,-45.5
"120",-5,54.5
"120",-5,53.5
"120",-5,52.5
"120",-6,51.5
"120",-7,50.5
"120",-8,49.5
"120",-9,48.5
"120",-10,47.5
"120",-11,46.5
"120",-11,45.5
"120",-11,44.5
"120",-11,43.5
"120",-11,42.5
"120",-11,41.5
"120",-11,40.5
"120",-11,39.5
"120",-11,38.5
"120",-11,37.5
"120",-11,36.5
"120",-11,35.5
"120",-11,34.5
"120",-11,33.5
"120",-11,32.5
"120",-11,31.5
"120",-12,30.5
"120",-13,29.5
"120",-14,28.5
"120",-15,27.5
"120",-16,26.5
"120",-17,25.5
"120",-18,24.5
"120",-18,23.5
"120",-18,22.5
"120",-18,21.5
"120",-18,20.5
"120",-18,19.5
"120",-18,18.5
"120",-18,17.5
"120",-18,16.5
"120",-18,15.5
"120",-18,14.5
"120",-18,13.5
"120",-18,12.5
"120",-18,11.5
"120",-18,10.5
"120",-18,9.5
"120",-18,8.5
"120",-17,7.5
"120",-17,6.5
"120",-17,5.5
"120",-17,4.5
"120",-17,3.5
"120",-17,2.5
"120",-17,1.5
"120",-17,0.5
"120",-17,-0.5
"120",-17,-1.5
"120",-17,-2.5
"120",-17,-3.5
"120",-17,-4.5
"120",-17,-5.5
"120",-17,-6.5
"120",-17,-7.5
"120",-17,-8.5
"120",-17,-9.5
"120",-17,-10.5
"120",-17,-11.5
"120",-17,-12.5
"120",-17,-13.5
"120",-17,-14.5
"120",-17,-15.5
"120",-17,-16.5
"120",-17,-17.5
"120",-17,-18.5
"120",-17,-19.5
"120",-17,-20.5
"120",-17,-21.5
"120",-17,-22.5
"120",-17,-23.5
"120",-17,-24.5
"120",-17,-25.5
"120",-17,-26.5
"120",-17,-27.5
"120",-17,-28.5
"120",-17,-29.5
"120",-17,-30.5
"120",-16,-31.5
"120",-15,-32.5
"120",-14,-33.5
"120",-13,-34.5
"120",-12,-35.5
"120",-11,-36.5
"120",-10,-37.5
"120",-9,-38.5
"120",-8,-39.5
"120",-7,-40.5
"120",-6,-41.5
"120",-5,-42.5
"120",-4,-43.5
"120",-3,-44.5
"120",-2,-45.5
"120",-1,-45.5
"120",0,-45.5
"120",1,-45.5
"120",2,-45.5
"120",3,-45.5
"120",4,-45.5
"120",5,-45.5
"120",6,-45.5
"120",7,-45.5
"120",8,-45.5
"120",9,-45.5
"120",10,-45.5
"120",11,-45.5
"120",12,-45.5
"120",13,-45.5
"120",14,-45.5
"120",15,-45.5
"120",16,-45.5
"120",17,-45.5
"120",18,-45.5
"120",19,-45.5
"120",20,-45.5
"120",21,-45.5
"120",22,-45.5
"120",23,-45.5
"120",24,-45.5
"120",25,-45.5
"121",-5,54.5
"121",-5,53.5
"121",-5,52.5
"121",-5,51.5
"121",-5,50.5
"121",-5,49.5
"121",-5,48.5
"121",-5,47.5
"121",-6,46.5
"121",-7,46.5
"121",-8,45.5
"121",-9,44.5
"121",-10,44.5
"121",-11,43.5
"121",-11,42.5
"121",-11,41.5
"121",-11,40.5
"121",-11,39.5
"121",-11,38.5
"121",-11,37.5
"121",-11,36.5
"121",-11,35.5
"121",-11,34.5
"121",-11,33.5
"121",-11,32.5
"121",-12,31.5
"121",-13,30.5
"121",-14,29.5
"121",-14,28.5
"121",-15,27.5
"121",-16,26.5
"121",-17,25.5
"121",-18,24.5
"121",-18,23.5
"121",-18,22.5
"121",-18,21.5
"121",-18,20.5
"121",-18,19.5
"121",-18,18.5
"121",-18,17.5
"121",-18,16.5
"121",-18,15.5
"121",-18,14.5
"121",-18,13.5
"121",-18,12.5
"121",-18,11.5
"121",-18,10.5
"121",-18,9.5
"121",-18,8.5
"121",-17,7.5
"121",-16,6.5
"121",-16,5.5
"121",-16,4.5
"121",-16,3.5
"121",-16,2.5
"121",-16,1.5
"121",-16,0.5
"121",-16,-0.5
"121",-16,-1.5
"121",-16,-2.5
"121",-16,-3.5
"121",-16,-4.5
"121",-16,-5.5
"121",-16,-6.5
"121",-16,-7.5
"121",-16,-8.5
"121",-16,-9.5
"121",-16,-10.5
"121",-16,-11.5
"121",-16,-12.5
"121",-16,-13.5
"121",-16,-14.5
"121",-16,-15.5
"121",-16,-16.5
"121",-16,-17.5
"121",-16,-18.5
"121",-16,-19.5
"121",-16,-20.5
"121",-16,-21.5
"121",-16,-22.5
"121",-16,-23.5
"121",-16,-24.5
"121",-16,-25.5
"121",-16,-26.5
"121",-16,-27.5
"121",-16,-28.5
"121",-15,-29.5
"121",-14,-30.5
"121",-13,-31.5
"121",-12,-32.5
"121",-11,-33.5
"121",-10,-34.5
"121",-9,-34.5
"121",-8,-35.5
"121",-7,-35.5
"121",-6,-36.5
"121",-5,-37.5
"121",-4,-38.5
"121",-3,-39.5
"121",-2,-40.5
"121",-1,-41.5
"121",0,-42.5
"121",1,-42.5
"121",2,-43.5
"121",3,-44.5
"121",4,-44.5
"121",5,-44.5
"121",6,-44.5
"121",7,-44.5
"121",8,-45.5
"121",9,-45.5
"121",10,-45.5
"121",11,-45.5
"121",12,-45.5
"121",13,-45.5
"121",14,-45.5
"121",15,-45.5
"121",16,-45.5
"121",17,-45.5
"121",18,-45.5
"121",19,-45.5
"121",20,-45.5
"121",21,-45.5
"121",22,-45.5
"121",23,-45.5
"121",24,-45.5
"121",25,-45.5
"122",-5,54.5
"122",-5,53.5
"122",-5,52.5
"122",-5,51.5
"122",-5,50.5
"122",-5,49.5
"122",-5,48.5
"122",-5,47.5
"122",-6,46.5
"122",-7,46.5
"122",-8,45.5
"122",-9,44.5
"122",-10,44.5
"122",-11,43.5
"122",-11,42.5
"122",-11,41.5
"122",-11,40.5
"122",-11,39.5
"122",-12,38.5
"122",-13,37.5
"122",-14,37.5
"122",-14,36.5
"122",-14,35.5
"122",-14,34.5
"122",-14,33.5
"122",-14,32.5
"122",-14,31.5
"122",-14,30.5
"122",-14,29.5
"122",-15,28.5
"122",-16,28.5
"122",-17,28.5
"122",-18,27.5
"122",-18,26.5
"122",-18,25.5
"122",-18,24.5
"122",-18,23.5
"122",-18,22.5
"122",-18,21.5
"122",-18,20.5
"122",-18,19.5
"122",-18,18.5
"122",-18,17.5
"122",-18,16.5
"122",-18,15.5
"122",-18,14.5
"122",-18,13.5
"122",-18,12.5
"122",-18,11.5
"122",-18,10.5
"122",-18,9.5
"122",-18,8.5
"122",-17,7.5
"122",-16,6.5
"122",-16,5.5
"122",-16,4.5
"122",-16,3.5
"122",-16,2.5
"122",-16,1.5
"122",-16,0.5
"122",-16,-0.5
"122",-16,-1.5
"122",-16,-2.5
"122",-16,-3.5
"122",-16,-4.5
"122",-16,-5.5
"122",-16,-6.5
"122",-16,-7.5
"122",-16,-8.5
"122",-16,-9.5
"122",-16,-10.5
"122",-16,-11.5
"122",-16,-12.5
"122",-16,-13.5
"122",-16,-14.5
"122",-16,-15.5
"122",-16,-16.5
"122",-16,-17.5
"122",-16,-18.5
"122",-16,-19.5
"122",-16,-20.5
"122",-16,-21.5
"122",-16,-22.5
"122",-16,-23.5
"122",-16,-24.5
"122",-16,-25.5
"122",-16,-26.5
"122",-16,-27.5
"122",-16,-28.5
"122",-16,-29.5
"122",-16,-30.5
"122",-15,-31.5
"122",-14,-31.5
"122",-13,-32.5
"122",-12,-32.5
"122",-11,-33.5
"122",-10,-34.5
"122",-9,-34.5
"122",-8,-35.5
"122",-7,-35.5
"122",-6,-36.5
"122",-5,-37.5
"122",-4,-38.5
"122",-3,-39.5
"122",-2,-40.5
"122",-1,-40.5
"122",0,-41.5
"122",1,-41.5
"122",1,-42.5
"122",2,-43.5
"122",3,-44.5
"122",4,-44.5
"122",5,-44.5
"122",6,-44.5
"122",7,-44.5
"122",8,-45.5
"122",9,-45.5
"122",10,-45.5
"122",11,-45.5
"122",12,-45.5
"122",13,-45.5
"122",14,-46.5
"122",15,-46.5
"122",16,-46.5
"122",17,-46.5
"122",18,-46.5
"122",19,-46.5
"122",20,-46.5
"122",21,-46.5
"122",22,-46.5
"122",23,-46.5
"122",24,-46.5
"122",25,-45.5
"123",-5,54.5
"123",-5,53.5
"123",-5,52.5
"123",-6,51.5
"123",-7,50.5
"123",-8,49.5
"123",-9,48.5
"123",-10,47.5
"123",-11,46.5
"123",-11,45.5
"123",-11,44.5
"123",-11,43.5
"123",-11,42.5
"123",-11,41.5
"123",-11,40.5
"123",-11,39.5
"123",-11,38.5
"123",-11,37.5
"123",-11,36.5
"123",-11,35.5
"123",-11,34.5
"123",-11,33.5
"123",-11,32.5
"123",-11,31.5
"123",-12,30.5
"123",-13,29.5
"123",-14,28.5
"123",-15,27.5
"123",-16,26.5
"123",-17,25.5
"123",-17,24.5
"123",-18,23.5
"123",-18,22.5
"123",-18,21.5
"123",-18,20.5
"123",-18,19.5
"123",-18,18.5
"123",-18,17.5
"123",-18,16.5
"123",-18,15.5
"123",-18,14.5
"123",-18,13.5
"123",-18,12.5
"123",-18,11.5
"123",-18,10.5
"123",-18,9.5
"123",-18,8.5
"123",-18,7.5
"123",-18,6.5
"123",-18,5.5
"123",-18,4.5
"123",-18,3.5
"123",-18,2.5
"123",-18,1.5
"123",-18,0.5
"123",-18,-0.5
"123",-18,-1.5
"123",-18,-2.5
"123",-18,-3.5
"123",-18,-4.5
"123",-18,-5.5
"123",-18,-6.5
"123",-18,-7.5
"123",-18,-8.5
"123",-18,-9.5
"123",-18,-10.5
"123",-18,-11.5
"123",-18,-12.5
"123",-18,-13.5
"123",-18,-14.5
"123",-18,-15.5
"123",-18,-16.5
"123",-18,-17.5
"123",-18,-18.5
"123",-18,-19.5
"123",-18,-20.5
"123",-18,-21.5
"123",-18,-22.5
"123",-18,-23.5
"123",-18,-24.5
"123",-18,-25.5
"123",-18,-26.5
"123",-18,-27.5
"123",-17,-28.5
"123",-16,-29.5
"123",-15,-30.5
"123",-14,-31.5
"123",-13,-32.5
"123",-12,-33.5
"123",-11,-34.5
"123",-10,-35.5
"123",-9,-36.5
"123",-8,-37.5
"123",-7,-38.5
"123",-6,-39.5
"123",-5,-40.5
"123",-4,-41.5
"123",-3,-42.5
"123",-2,-43.5
"123",-1,-44.5
"123",0,-45.5
"123",1,-45.5
"123",2,-45.5
"123",3,-45.5
"123",4,-45.5
"123",5,-45.5
"123",6,-45.5
"123",7,-45.5
"123",8,-45.5
"123",9,-45.5
"123",10,-45.5
"123",11,-45.5
"123",12,-45.5
"123",13,-45.5
"123",14,-45.5
"123",15,-45.5
"123",16,-45.5
"123",17,-45.5
"123",18,-45.5
"123",19,-45.5
"123",20,-45.5
"123",21,-45.5
"123",22,-45.5
"123",23,-45.5
"123",24,-45.5
"123",25,-45.5
"124",-5,54.5
"124",-5,53.5
"124",-5,52.5
"124",-5,51.5
"124",-5,50.5
"124",-5,49.5
"124",-5,48.5
"124",-6,47.5
"124",-7,46.5
"124",-8,45.5
"124",-9,44.5
"124",-10,44.5
"124",-11,43.5
"124",-11,42.5
"124",-11,41.5
"124",-11,40.5
"124",-11,39.5
"124",-11,38.5
"124",-11,37.5
"124",-11,36.5
"124",-11,35.5
"124",-11,34.5
"124",-11,33.5
"124",-11,32.5
"124",-12,31.5
"124",-13,30.5
"124",-13,29.5
"124",-14,28.5
"124",-15,27.5
"124",-16,26.5
"124",-17,25.5
"124",-18,24.5
"124",-18,23.5
"124",-18,22.5
"124",-18,21.5
"124",-18,20.5
"124",-18,19.5
"124",-18,18.5
"124",-18,17.5
"124",-18,16.5
"124",-18,15.5
"124",-18,14.5
"124",-18,13.5
"124",-18,12.5
"124",-18,11.5
"124",-18,10.5
"124",-18,9.5
"124",-18,8.5
"124",-18,7.5
"124",-18,6.5
"124",-18,5.5
"124",-18,4.5
"124",-18,3.5
"124",-18,2.5
"124",-18,1.5
"124",-18,0.5
"124",-18,-0.5
"124",-18,-1.5
"124",-18,-2.5
"124",-17,-3.5
"124",-16,-4.5
"124",-16,-5.5
"124",-16,-6.5
"124",-16,-7.5
"124",-16,-8.5
"124",-16,-9.5
"124",-16,-10.5
"124",-16,-11.5
"124",-16,-12.5
"124",-16,-13.5
"124",-16,-14.5
"124",-16,-15.5
"124",-16,-16.5
"124",-16,-17.5
"124",-16,-18.5
"124",-16,-19.5
"124",-16,-20.5
"124",-16,-21.5
"124",-16,-22.5
"124",-16,-23.5
"124",-16,-24.5
"124",-16,-25.5
"124",-16,-26.5
"124",-16,-27.5
"124",-16,-28.5
"124",-16,-29.5
"124",-16,-30.5
"124",-16,-31.5
"124",-15,-32.5
"124",-14,-33.5
"124",-13,-34.5
"124",-12,-35.5
"124",-11,-36.5
"124",-10,-37.5
"124",-9,-38.5
"124",-8,-39.5
"124",-7,-39.5
"124",-6,-40.5
"124",-5,-41.5
"124",-4,-41.5
"124",-3,-42.5
"124",-2,-42.5
"124",-1,-42.5
"124",0,-43.5
"124",1,-43.5
"124",2,-44.5
"124",3,-44.5
"124",4,-44.5
"124",5,-44.5
"124",6,-44.5
"124",7,-44.5
"124",8,-45.5
"124",9,-45.5
"124",10,-45.5
"124",11,-45.5
"124",12,-45.5
"124",13,-45.5
"124",14,-45.5
"124",15,-45.5
"124",16,-45.5
"124",17,-45.5
"124",18,-45.5
"124",19,-45.5
"124",20,-45.5
"124",21,-45.5
"124",22,-45.5
"124",23,-45.5
"124",24,-45.5
"124",25,-45.5
"125",-5,54.5
"125",-5,53.5
"125",-5,52.5
"125",-5,51.5
"125",-5,50.5
"125",-5,49.5
"125",-5,48.5
"125",-5,47.5
"125",-6,46.5
"125",-7,46.5
"125",-8,45.5
"125",-9,44.5
"125",-10,44.5
"125",-11,43.5
"125",-11,42.5
"125",-11,41.5
"125",-11,40.5
"125",-11,39.5
"125",-11,38.5
"125",-11,37.5
"125",-11,36.5
"125",-11,35.5
"125",-11,34.5
"125",-11,33.5
"125",-11,32.5
"125",-12,31.5
"125",-13,30.5
"125",-14,29.5
"125",-14,28.5
"125",-15,27.5
"125",-16,26.5
"125",-17,25.5
"125",-18,24.5
"125",-18,23.5
"125",-18,22.5
"125",-18,21.5
"125",-18,20.5
"125",-18,19.5
"125",-18,18.5
"125",-18,17.5
"125",-18,16.5
"125",-18,15.5
"125",-18,14.5
"125",-18,13.5
"125",-18,12.5
"125",-18,11.5
"125",-18,10.5
"125",-18,9.5
"125",-18,8.5
"125",-18,7.5
"125",-18,6.5
"125",-18,5.5
"125",-18,4.5
"125",-18,3.5
"125",-18,2.5
"125",-18,1.5
"125",-18,0.5
"125",-18,-0.5
"125",-18,-1.5
"125",-17,-2.5
"125",-16,-3.5
"125",-16,-4.5
"125",-16,-5.5
"125",-16,-6.5
"125",-16,-7.5
"125",-16,-8.5
"125",-16,-9.5
"125",-16,-10.5
"125",-16,-11.5
"125",-16,-12.5
"125",-16,-13.5
"125",-16,-14.5
"125",-16,-15.5
"125",-16,-16.5
"125",-16,-17.5
"125",-16,-18.5
"125",-16,-19.5
"125",-16,-20.5
"125",-16,-21.5
"125",-16,-22.5
"125",-16,-23.5
"125",-16,-24.5
"125",-16,-25.5
"125",-16,-26.5
"125",-16,-27.5
"125",-16,-28.5
"125",-16,-29.5
"125",-16,-30.5
"125",-16,-31.5
"125",-15,-32.5
"125",-14,-32.5
"125",-13,-33.5
"125",-12,-33.5
"125",-11,-34.5
"125",-10,-35.5
"125",-9,-35.5
"125",-8,-36.5
"125",-7,-36.5
"125",-6,-37.5
"125",-5,-38.5
"125",-4,-39.5
"125",-3,-39.5
"125",-2,-40.5
"125",-1,-40.5
"125",0,-41.5
"125",1,-41.5
"125",2,-42.5
"125",3,-42.5
"125",4,-42.5
"125",5,-42.5
"125",6,-42.5
"125",7,-42.5
"125",8,-42.5
"125",9,-42.5
"125",10,-42.5
"125",11,-42.5
"125",12,-43.5
"125",13,-43.5
"125",14,-43.5
"125",15,-43.5
"125",16,-43.5
"125",17,-43.5
"125",18,-43.5
"125",19,-43.5
"125",20,-43.5
"125",21,-43.5
"125",22,-43.5
"125",23,-44.5
"125",24,-44.5
"125",25,-45.5
"126",-5,54.5
"126",-5,53.5
"126",-5,52.5
"126",-5,51.5
"126",-5,50.5
"126",-5,49.5
"126",-5,48.5
"126",-5,47.5
"126",-6,46.5
"126",-7,46.5
"126",-8,45.5
"126",-9,44.5
"126",-10,44.5
"126",-11,43.5
"126",-10,42.5
"126",-11,41.5
"126",-11,40.5
"126",-11,39.5
"126",-11,38.5
"126",-11,37.5
"126",-11,36.5
"126",-11,35.5
"126",-11,34.5
"126",-11,33.5
"126",-11,32.5
"126",-12,31.5
"126",-13,30.5
"126",-14,29.5
"126",-14,28.5
"126",-15,27.5
"126",-16,26.5
"126",-17,25.5
"126",-18,24.5
"126",-18,23.5
"126",-18,22.5
"126",-18,21.5
"126",-18,20.5
"126",-18,19.5
"126",-18,18.5
"126",-18,17.5
"126",-18,16.5
"126",-18,15.5
"126",-18,14.5
"126",-18,13.5
"126",-18,12.5
"126",-18,11.5
"126",-18,10.5
"126",-18,9.5
"126",-17,8.5
"126",-16,8.5
"126",-16,7.5
"126",-16,6.5
"126",-16,5.5
"126",-16,4.5
"126",-16,3.5
"126",-16,2.5
"126",-16,1.5
"126",-16,0.5
"126",-16,-0.5
"126",-16,-1.5
"126",-16,-2.5
"126",-16,-3.5
"126",-16,-4.5
"126",-16,-5.5
"126",-16,-6.5
"126",-16,-7.5
"126",-16,-8.5
"126",-16,-9.5
"126",-16,-10.5
"126",-16,-11.5
"126",-16,-12.5
"126",-16,-13.5
"126",-16,-14.5
"126",-16,-15.5
"126",-16,-16.5
"126",-16,-17.5
"126",-16,-18.5
"126",-16,-19.5
"126",-16,-20.5
"126",-16,-21.5
"126",-16,-22.5
"126",-16,-23.5
"126",-16,-24.5
"126",-16,-25.5
"126",-16,-26.5
"126",-16,-27.5
"126",-16,-28.5
"126",-16,-29.5
"126",-16,-30.5
"126",-16,-31.5
"126",-15,-32.5
"126",-14,-32.5
"126",-13,-33.5
"126",-12,-33.5
"126",-11,-34.5
"126",-10,-35.5
"126",-9,-35.5
"126",-8,-36.5
"126",-7,-36.5
"126",-6,-37.5
"126",-5,-38.5
"126",-4,-38.5
"126",-3,-39.5
"126",-2,-40.5
"126",-1,-40.5
"126",0,-41.5
"126",1,-41.5
"126",2,-42.5
"126",3,-42.5
"126",4,-42.5
"126",5,-42.5
"126",6,-42.5
"126",7,-42.5
"126",8,-42.5
"126",9,-42.5
"126",10,-42.5
"126",11,-42.5
"126",12,-43.5
"126",13,-43.5
"126",14,-43.5
"126",15,-43.5
"126",16,-43.5
"126",17,-43.5
"126",18,-43.5
"126",19,-43.5
"126",20,-43.5
"126",21,-43.5
"126",22,-43.5
"126",23,-44.5
"126",24,-44.5
"126",25,-45.5
"127",-5,54.5
"127",-5,53.5
"127",-5,52.5
"127",-5,51.5
"127",-5,50.5
"127",-5,49.5
"127",-5,48.5
"127",-5,47.5
"127",-6,47.5
"127",-6,46.5
"127",-7,46.5
"127",-8,45.5
"127",-9,44.5
"127",-10,44.5
"127",-11,43.5
"127",-10,42.5
"127",-11,41.5
"127",-11,40.5
"127",-11,39.5
"127",-12,38.5
"127",-13,37.5
"127",-14,37.5
"127",-14,36.5
"127",-14,35.5
"127",-14,34.5
"127",-14,33.5
"127",-14,32.5
"127",-14,31.5
"127",-14,30.5
"127",-14,29.5
"127",-15,28.5
"127",-16,28.5
"127",-17,28.5
"127",-18,27.5
"127",-18,26.5
"127",-18,25.5
"127",-18,24.5
"127",-18,23.5
"127",-18,22.5
"127",-18,21.5
"127",-18,20.5
"127",-18,19.5
"127",-18,18.5
"127",-18,17.5
"127",-18,16.5
"127",-18,15.5
"127",-18,14.5
"127",-18,13.5
"127",-18,12.5
"127",-18,11.5
"127",-18,10.5
"127",-18,9.5
"127",-17,8.5
"127",-16,8.5
"127",-16,7.5
"127",-16,6.5
"127",-16,5.5
"127",-16,4.5
"127",-16,3.5
"127",-16,2.5
"127",-16,1.5
"127",-16,0.5
"127",-16,-0.5
"127",-16,-1.5
"127",-16,-2.5
"127",-16,-3.5
"127",-16,-4.5
"127",-16,-5.5
"127",-16,-6.5
"127",-16,-7.5
"127",-16,-8.5
"127",-16,-9.5
"127",-16,-10.5
"127",-16,-11.5
"127",-16,-12.5
"127",-16,-13.5
"127",-16,-14.5
"127",-16,-15.5
"127",-16,-16.5
"127",-16,-17.5
"127",-16,-18.5
"127",-16,-19.5
"127",-16,-20.5
"127",-16,-21.5
"127",-16,-22.5
"127",-16,-23.5
"127",-16,-24.5
"127",-16,-25.5
"127",-16,-26.5
"127",-16,-27.5
"127",-16,-28.5
"127",-16,-29.5
"127",-16,-30.5
"127",-15,-31.5
"127",-14,-31.5
"127",-13,-32.5
"127",-12,-32.5
"127",-11,-33.5
"127",-10,-34.5
"127",-9,-34.5
"127",-8,-35.5
"127",-7,-35.5
"127",-7,-36.5
"127",-6,-37.5
"127",-5,-38.5
"127",-4,-38.5
"127",-3,-39.5
"127",-2,-40.5
"127",-1,-40.5
"127",0,-41.5
"127",1,-41.5
"127",2,-42.5
"127",3,-42.5
"127",4,-42.5
"127",5,-42.5
"127",6,-42.5
"127",7,-42.5
"127",8,-42.5
"127",9,-42.5
"127",10,-42.5
"127",11,-42.5
"127",12,-43.5
"127",13,-43.5
"127",14,-43.5
"127",15,-43.5
"127",16,-43.5
"127",17,-43.5
"127",18,-43.5
"127",19,-43.5
"127",20,-43.5
"127",21,-43.5
"127",22,-43.5
"127",23,-44.5
"127",24,-44.5
"127",25,-45.5
"128",-5,54.5
"128",-5,53.5
"128",-5,52.5
"128",-5,51.5
"128",-5,50.5
"128",-5,49.5
"128",-5,48.5
"128",-5,47.5
"128",-6,47.5
"128",-6,46.5
"128",-7,46.5
"128",-8,45.5
"128",-9,44.5
"128",-10,44.5
"128",-11,43.5
"128",-10,42.5
"128",-11,41.5
"128",-10,40.5
"128",-11,39.5
"128",-12,38.5
"128",-13,37.5
"128",-14,37.5
"128",-14,36.5
"128",-14,35.5
"128",-14,34.5
"128",-14,33.5
"128",-14,32.5
"128",-14,31.5
"128",-14,30.5
"128",-14,29.5
"128",-15,28.5
"128",-16,28.5
"128",-17,28.5
"128",-18,27.5
"128",-18,26.5
"128",-18,25.5
"128",-18,24.5
"128",-18,23.5
"128",-18,22.5
"128",-18,21.5
"128",-18,20.5
"128",-18,19.5
"128",-18,18.5
"128",-18,17.5
"128",-18,16.5
"128",-18,15.5
"128",-18,14.5
"128",-18,13.5
"128",-18,12.5
"128",-18,11.5
"128",-18,10.5
"128",-18,9.5
"128",-17,8.5
"128",-16,8.5
"128",-16,7.5
"128",-16,6.5
"128",-16,5.5
"128",-16,4.5
"128",-16,3.5
"128",-16,2.5
"128",-16,1.5
"128",-16,0.5
"128",-16,-0.5
"128",-16,-1.5
"128",-16,-2.5
"128",-16,-3.5
"128",-16,-4.5
"128",-16,-5.5
"128",-16,-6.5
"128",-16,-7.5
"128",-16,-8.5
"128",-16,-9.5
"128",-16,-10.5
"128",-16,-11.5
"128",-16,-12.5
"128",-16,-13.5
"128",-16,-14.5
"128",-16,-15.5
"128",-16,-16.5
"128",-16,-17.5
"128",-16,-18.5
"128",-16,-19.5
"128",-16,-20.5
"128",-16,-21.5
"128",-16,-22.5
"128",-16,-23.5
"128",-16,-24.5
"128",-16,-25.5
"128",-16,-26.5
"128",-16,-27.5
"128",-16,-28.5
"128",-16,-29.5
"128",-16,-30.5
"128",-15,-31.5
"128",-14,-31.5
"128",-13,-31.5
"128",-12,-31.5
"128",-11,-32.5
"128",-11,-33.5
"128",-10,-34.5
"128",-9,-34.5
"128",-8,-35.5
"128",-7,-35.5
"128",-7,-36.5
"128",-6,-37.5
"128",-5,-38.5
"128",-4,-38.5
"128",-3,-39.5
"128",-2,-40.5
"128",-1,-40.5
"128",0,-41.5
"128",1,-41.5
"128",1,-42.5
"128",2,-43.5
"128",3,-44.5
"128",4,-44.5
"128",5,-44.5
"128",6,-44.5
"128",7,-44.5
"128",8,-45.5
"128",9,-45.5
"128",10,-45.5
"128",11,-45.5
"128",12,-45.5
"128",13,-45.5
"128",14,-46.5
"128",15,-47.5
"128",16,-47.5
"128",17,-48.5
"128",18,-48.5
"128",19,-48.5
"128",20,-48.5
"128",21,-48.5
"128",22,-48.5
"128",23,-47.5
"128",24,-46.5
"128",25,-45.5
"129",-5,54.5
"129",-5,53.5
"129",-5,52.5
"129",-5,51.5
"129",-5,50.5
"129",-6,49.5
"129",-7,48.5
"129",-8,47.5
"129",-9,46.5
"129",-10,45.5
"129",-11,44.5
"129",-11,43.5
"129",-11,42.5
"129",-11,41.5
"129",-11,40.5
"129",-11,39.5
"129",-11,38.5
"129",-11,37.5
"129",-11,36.5
"129",-11,35.5
"129",-11,34.5
"129",-11,33.5
"129",-11,32.5
"129",-11,31.5
"129",-12,30.5
"129",-13,29.5
"129",-14,28.5
"129",-15,27.5
"129",-16,26.5
"129",-17,25.5
"129",-18,24.5
"129",-18,23.5
"129",-18,22.5
"129",-18,21.5
"129",-18,20.5
"129",-18,19.5
"129",-18,18.5
"129",-18,17.5
"129",-18,16.5
"129",-18,15.5
"129",-18,14.5
"129",-18,13.5
"129",-18,12.5
"129",-18,11.5
"129",-18,10.5
"129",-18,9.5
"129",-18,8.5
"129",-18,7.5
"129",-18,6.5
"129",-18,5.5
"129",-18,4.5
"129",-18,3.5
"129",-18,2.5
"129",-18,1.5
"129",-18,0.5
"129",-18,-0.5
"129",-18,-1.5
"129",-17,-2.5
"129",-16,-3.5
"129",-15,-4.5
"129",-14,-5.5
"129",-14,-6.5
"129",-14,-7.5
"129",-14,-8.5
"129",-14,-9.5
"129",-14,-10.5
"129",-14,-11.5
"129",-14,-12.5
"129",-14,-13.5
"129",-14,-14.5
"129",-14,-15.5
"129",-14,-16.5
"129",-14,-17.5
"129",-14,-18.5
"129",-14,-19.5
"129",-14,-20.5
"129",-14,-21.5
"129",-14,-22.5
"129",-14,-23.5
"129",-14,-24.5
"129",-14,-25.5
"129",-14,-26.5
"129",-14,-27.5
"129",-14,-28.5
"129",-14,-29.5
"129",-14,-30.5
"129",-14,-31.5
"129",-13,-32.5
"129",-12,-33.5
"129",-11,-34.5
"129",-10,-35.5
"129",-9,-36.5
"129",-8,-37.5
"129",-7,-38.5
"129",-6,-39.5
"129",-5,-40.5
"129",-4,-41.5
"129",-3,-42.5
"129",-2,-43.5
"129",-1,-44.5
"129",0,-44.5
"129",1,-44.5
"129",2,-44.5
"129",3,-44.5
"129",4,-44.5
"129",5,-44.5
"129",6,-44.5
"129",7,-44.5
"129",8,-45.5
"129",9,-45.5
"129",10,-45.5
"129",11,-45.5
"129",12,-45.5
"129",13,-45.5
"129",14,-45.5
"129",15,-45.5
"129",16,-45.5
"129",17,-45.5
"129",18,-45.5
"129",19,-45.5
"129",20,-45.5
"129",21,-45.5
"129",22,-45.5
"129",23,-45.5
"129",24,-45.5
"129",25,-45.5
"130",-5,54.5
"130",-5,53.5
"130",-5,52.5
"130",-5,51.5
"130",-5,50.5
"130",-5,49.5
"130",-5,48.5
"130",-6,47.5
"130",-7,46.5
"130",-8,45.5
"130",-9,44.5
"130",-10,44.5
"130",-11,43.5
"130",-11,42.5
"130",-11,41.5
"130",-11,40.5
"130",-11,39.5
"130",-11,38.5
"130",-11,37.5
"130",-11,36.5
"130",-11,35.5
"130",-11,34.5
"130",-11,33.5
"130",-11,32.5
"130",-12,31.5
"130",-13,30.5
"130",-13,29.5
"130",-14,28.5
"130",-15,27.5
"130",-16,26.5
"130",-17,25.5
"130",-18,24.5
"130",-18,23.5
"130",-18,22.5
"130",-18,21.5
"130",-18,20.5
"130",-18,19.5
"130",-18,18.5
"130",-18,17.5
"130",-18,16.5
"130",-18,15.5
"130",-18,14.5
"130",-18,13.5
"130",-18,12.5
"130",-18,11.5
"130",-18,10.5
"130",-18,9.5
"130",-18,8.5
"130",-18,7.5
"130",-18,6.5
"130",-18,5.5
"130",-18,4.5
"130",-18,3.5
"130",-18,2.5
"130",-18,1.5
"130",-18,0.5
"130",-18,-0.5
"130",-18,-1.5
"130",-18,-2.5
"130",-17,-3.5
"130",-16,-4.5
"130",-16,-5.5
"130",-16,-6.5
"130",-16,-7.5
"130",-16,-8.5
"130",-16,-9.5
"130",-16,-10.5
"130",-16,-11.5
"130",-16,-12.5
"130",-16,-13.5
"130",-16,-14.5
"130",-16,-15.5
"130",-16,-16.5
"130",-16,-17.5
"130",-16,-18.5
"130",-16,-19.5
"130",-16,-20.5
"130",-16,-21.5
"130",-16,-22.5
"130",-16,-23.5
"130",-16,-24.5
"130",-16,-25.5
"130",-16,-26.5
"130",-16,-27.5
"130",-16,-28.5
"130",-16,-29.5
"130",-16,-30.5
"130",-16,-31.5
"130",-15,-32.5
"130",-14,-33.5
"130",-13,-34.5
"130",-12,-35.5
"130",-11,-36.5
"130",-10,-37.5
"130",-9,-38.5
"130",-8,-39.5
"130",-7,-39.5
"130",-6,-40.5
"130",-5,-41.5
"130",-4,-41.5
"130",-3,-42.5
"130",-2,-42.5
"130",-1,-42.5
"130",0,-43.5
"130",1,-43.5
"130",2,-44.5
"130",3,-45.5
"130",4,-45.5
"130",5,-45.5
"130",6,-45.5
"130",7,-45.5
"130",8,-45.5
"130",9,-45.5
"130",10,-45.5
"130",11,-45.5
"130",12,-45.5
"130",13,-45.5
"130",14,-45.5
"130",15,-45.5
"130",16,-45.5
"130",17,-45.5
"130",18,-45.5
"130",19,-45.5
"130",20,-45.5
"130",21,-45.5
"130",22,-45.5
"130",23,-45.5
"130",24,-45.5
"130",25,-45.5
"131",-5,54.5
"131",-5,53.5
"131",-5,52.5
"131",-5,51.5
"131",-5,50.5
"131",-5,49.5
"131",-5,48.5
"131",-5,47.5
"131",-6,46.5
"131",-7,46.5
"131",-8,45.5
"131",-9,44.5
"131",-10,44.5
"131",-11,43.5
"131",-11,42.5
"131",-11,41.5
"131",-11,40.5
"131",-11,39.5
"131",-11,38.5
"131",-11,37.5
"131",-11,36.5
"131",-11,35.5
"131",-11,34.5
"131",-11,33.5
"131",-11,32.5
"131",-12,31.5
"131",-13,30.5
"131",-14,29.5
"131",-14,28.5
"131",-15,27.5
"131",-16,26.5
"131",-17,25.5
"131",-18,24.5
"131",-18,23.5
"131",-18,22.5
"131",-18,21.5
"131",-18,20.5
"131",-18,19.5
"131",-18,18.5
"131",-18,17.5
"131",-18,16.5
"131",-18,15.5
"131",-18,14.5
"131",-18,13.5
"131",-18,12.5
"131",-18,11.5
"131",-18,10.5
"131",-18,9.5
"131",-18,8.5
"131",-18,7.5
"131",-18,6.5
"131",-18,5.5
"131",-18,4.5
"131",-18,3.5
"131",-18,2.5
"131",-18,1.5
"131",-18,0.5
"131",-18,-0.5
"131",-18,-1.5
"131",-17,-2.5
"131",-16,-3.5
"131",-16,-4.5
"131",-16,-5.5
"131",-16,-6.5
"131",-16,-7.5
"131",-16,-8.5
"131",-16,-9.5
"131",-16,-10.5
"131",-16,-11.5
"131",-16,-12.5
"131",-16,-13.5
"131",-16,-14.5
"131",-16,-15.5
"131",-16,-16.5
"131",-16,-17.5
"131",-16,-18.5
"131",-16,-19.5
"131",-16,-20.5
"131",-16,-21.5
"131",-16,-22.5
"131",-16,-23.5
"131",-16,-24.5
"131",-16,-25.5
"131",-16,-26.5
"131",-16,-27.5
"131",-16,-28.5
"131",-16,-29.5
"131",-16,-30.5
"131",-16,-31.5
"131",-15,-32.5
"131",-14,-32.5
"131",-13,-33.5
"131",-12,-33.5
"131",-11,-34.5
"131",-10,-35.5
"131",-9,-35.5
"131",-8,-36.5
"131",-7,-36.5
"131",-6,-37.5
"131",-5,-38.5
"131",-4,-39.5
"131",-3,-39.5
"131",-2,-40.5
"131",-1,-40.5
"131",0,-41.5
"131",1,-41.5
"131",2,-42.5
"131",3,-42.5
"131",4,-42.5
"131",5,-42.5
"131",6,-42.5
"131",7,-42.5
"131",8,-42.5
"131",9,-42.5
"131",10,-42.5
"131",11,-42.5
"131",12,-43.5
"131",13,-43.5
"131",14,-43.5
"131",15,-43.5
"131",16,-43.5
"131",17,-43.5
"131",18,-43.5
"131",19,-43.5
"131",20,-43.5
"131",21,-43.5
"131",22,-43.5
"131",23,-44.5
"131",24,-44.5
"131",25,-45.5
"132",-5,54.5
"132",-5,53.5
"132",-5,52.5
"132",-5,51.5
"132",-5,50.5
"132",-5,49.5
"132",-5,48.5
"132",-5,47.5
"132",-6,46.5
"132",-7,46.5
"132",-8,45.5
"132",-9,44.5
"132",-10,44.5
"132",-11,43.5
"132",-10,42.5
"132",-11,41.5
"132",-11,40.5
"132",-11,39.5
"132",-12,38.5
"132",-13,37.5
"132",-14,37.5
"132",-14,36.5
"132",-14,35.5
"132",-14,34.5
"132",-14,33.5
"132",-14,32.5
"132",-14,31.5
"132",-14,30.5
"132",-14,29.5
"132",-15,28.5
"132",-16,28.5
"132",-17,28.5
"132",-18,27.5
"132",-18,26.5
"132",-18,25.5
"132",-18,24.5
"132",-18,23.5
"132",-18,22.5
"132",-18,21.5
"132",-18,20.5
"132",-18,19.5
"132",-18,18.5
"132",-18,17.5
"132",-18,16.5
"132",-18,15.5
"132",-18,14.5
"132",-18,13.5
"132",-18,12.5
"132",-18,11.5
"132",-18,10.5
"132",-18,9.5
"132",-17,8.5
"132",-16,8.5
"132",-16,7.5
"132",-16,6.5
"132",-16,5.5
"132",-16,4.5
"132",-16,3.5
"132",-16,2.5
"132",-16,1.5
"132",-16,0.5
"132",-16,-0.5
"132",-16,-1.5
"132",-16,-2.5
"132",-16,-3.5
"132",-16,-4.5
"132",-16,-5.5
"132",-16,-6.5
"132",-16,-7.5
"132",-16,-8.5
"132",-16,-9.5
"132",-16,-10.5
"132",-16,-11.5
"132",-16,-12.5
"132",-16,-13.5
"132",-16,-14.5
"132",-16,-15.5
"132",-16,-16.5
"132",-16,-17.5
"132",-16,-18.5
"132",-16,-19.5
"132",-16,-20.5
"132",-16,-21.5
"132",-16,-22.5
"132",-16,-23.5
"132",-16,-24.5
"132",-16,-25.5
"132",-16,-26.5
"132",-16,-27.5
"132",-16,-28.5
"132",-16,-29.5
"132",-16,-30.5
"132",-16,-31.5
"132",-15,-32.5
"132",-14,-32.5
"132",-13,-33.5
"132",-12,-33.5
"132",-11,-34.5
"132",-10,-35.5
"132",-9,-35.5
"132",-8,-36.5
"132",-7,-36.5
"132",-6,-37.5
"132",-5,-38.5
"132",-4,-38.5
"132",-3,-39.5
"132",-2,-40.5
"132",-1,-40.5
"132",0,-41.5
"132",1,-41.5
"132",2,-42.5
"132",3,-42.5
"132",4,-42.5
"132",5,-42.5
"132",6,-42.5
"132",7,-42.5
"132",8,-42.5
"132",9,-42.5
"132",10,-42.5
"132",11,-42.5
"132",12,-43.5
"132",13,-43.5
"132",14,-43.5
"132",15,-43.5
"132",16,-43.5
"132",17,-43.5
"132",18,-43.5
"132",19,-43.5
"132",20,-43.5
"132",21,-43.5
"132",22,-43.5
"132",23,-44.5
"132",24,-44.5
"132",25,-45.5
"133",-5,54.5
"133",-5,53.5
"133",-5,52.5
"133",-5,51.5
"133",-5,50.5
"133",-5,49.5
"133",-5,48.5
"133",-5,47.5
"133",-6,47.5
"133",-6,46.5
"133",-7,46.5
"133",-8,45.5
"133",-9,44.5
"133",-10,44.5
"133",-11,43.5
"133",-10,42.5
"133",-11,41.5
"133",-11,40.5
"133",-11,39.5
"133",-12,38.5
"133",-13,37.5
"133",-14,37.5
"133",-14,36.5
"133",-14,35.5
"133",-14,34.5
"133",-14,33.5
"133",-14,32.5
"133",-14,31.5
"133",-14,30.5
"133",-14,29.5
"133",-15,28.5
"133",-16,28.5
"133",-17,28.5
"133",-18,27.5
"133",-18,26.5
"133",-18,25.5
"133",-18,24.5
"133",-18,23.5
"133",-18,22.5
"133",-18,21.5
"133",-18,20.5
"133",-18,19.5
"133",-18,18.5
"133",-18,17.5
"133",-18,16.5
"133",-18,15.5
"133",-18,14.5
"133",-18,13.5
"133",-18,12.5
"133",-18,11.5
"133",-18,10.5
"133",-18,9.5
"133",-17,8.5
"133",-16,8.5
"133",-16,7.5
"133",-16,6.5
"133",-16,5.5
"133",-16,4.5
"133",-16,3.5
"133",-16,2.5
"133",-16,1.5
"133",-16,0.5
"133",-16,-0.5
"133",-16,-1.5
"133",-16,-2.5
"133",-16,-3.5
"133",-16,-4.5
"133",-16,-5.5
"133",-16,-6.5
"133",-16,-7.5
"133",-16,-8.5
"133",-16,-9.5
"133",-16,-10.5
"133",-16,-11.5
"133",-16,-12.5
"133",-16,-13.5
"133",-16,-14.5
"133",-16,-15.5
"133",-16,-16.5
"133",-16,-17.5
"133",-16,-18.5
"133",-16,-19.5
"133",-16,-20.5
"133",-16,-21.5
"133",-16,-22.5
"133",-16,-23.5
"133",-16,-24.5
"133",-16,-25.5
"133",-16,-26.5
"133",-16,-27.5
"133",-16,-28.5
"133",-16,-29.5
"133",-16,-30.5
"133",-15,-31.5
"133",-14,-31.5
"133",-13,-32.5
"133",-12,-32.5
"133",-11,-33.5
"133",-10,-34.5
"133",-9,-34.5
"133",-8,-35.5
"133",-7,-35.5
"133",-7,-36.5
"133",-6,-37.5
"133",-5,-38.5
"133",-4,-38.5
"133",-3,-39.5
"133",-2,-40.5
"133",-1,-40.5
"133",0,-41.5
"133",1,-41.5
"133",1,-42.5
"133",2,-43.5
"133",3,-44.5
"133",4,-44.5
"133",5,-44.5
"133",6,-44.5
"133",7,-44.5
"133",8,-45.5
"133",9,-45.5
"133",10,-45.5
"133",11,-45.5
"133",12,-45.5
"133",13,-45.5
"133",14,-46.5
"133",15,-46.5
"133",16,-46.5
"133",17,-47.5
"133",18,-47.5
"133",19,-47.5
"133",20,-47.5
"133",21,-47.5
"133",22,-47.5
"133",23,-46.5
"133",24,-46.5
"133",25,-45.5
"134",-5,54.5
"134",-5,53.5
"134",-5,52.5
"134",-5,51.5
"134",-5,50.5
"134",-5,49.5
"134",-5,48.5
"134",-5,47.5
"134",-6,47.5
"134",-6,46.5
"134",-7,46.5
"134",-8,45.5
"134",-9,44.5
"134",-10,44.5
"134",-11,43.5
"134",-10,42.5
"134",-11,41.5
"134",-10,40.5
"134",-11,39.5
"134",-12,38.5
"134",-13,37.5
"134",-14,37.5
"134",-14,36.5
"134",-14,35.5
"134",-14,34.5
"134",-14,33.5
"134",-14,32.5
"134",-14,31.5
"134",-14,30.5
"134",-14,29.5
"134",-14,28.5
"134",-15,28.5
"134",-16,28.5
"134",-17,28.5
"134",-18,27.5
"134",-18,26.5
"134",-18,25.5
"134",-18,24.5
"134",-18,23.5
"134",-18,22.5
"134",-18,21.5
"134",-18,20.5
"134",-18,19.5
"134",-18,18.5
"134",-18,17.5
"134",-18,16.5
"134",-18,15.5
"134",-18,14.5
"134",-18,13.5
"134",-18,12.5
"134",-18,11.5
"134",-18,10.5
"134",-18,9.5
"134",-18,8.5
"134",-18,7.5
"134",-18,6.5
"134",-17,5.5
"134",-16,5.5
"134",-16,4.5
"134",-16,3.5
"134",-16,2.5
"134",-16,1.5
"134",-16,0.5
"134",-16,-0.5
"134",-16,-1.5
"134",-16,-2.5
"134",-16,-3.5
"134",-16,-4.5
"134",-16,-5.5
"134",-16,-6.5
"134",-16,-7.5
"134",-16,-8.5
"134",-16,-9.5
"134",-16,-10.5
"134",-16,-11.5
"134",-16,-12.5
"134",-16,-13.5
"134",-16,-14.5
"134",-16,-15.5
"134",-16,-16.5
"134",-16,-17.5
"134",-16,-18.5
"134",-16,-19.5
"134",-16,-20.5
"134",-16,-21.5
"134",-16,-22.5
"134",-16,-23.5
"134",-16,-24.5
"134",-16,-25.5
"134",-16,-26.5
"134",-16,-27.5
"134",-16,-28.5
"134",-16,-29.5
"134",-15,-30.5
"134",-14,-30.5
"134",-13,-30.5
"134",-12,-30.5
"134",-12,-31.5
"134",-11,-32.5
"134",-11,-33.5
"134",-10,-34.5
"134",-9,-34.5
"134",-8,-35.5
"134",-7,-35.5
"134",-7,-36.5
"134",-6,-37.5
"134",-5,-38.5
"134",-4,-38.5
"134",-3,-39.5
"134",-2,-40.5
"134",-1,-40.5
"134",0,-41.5
"134",1,-41.5
"134",1,-42.5
"134",1,-43.5
"134",1,-44.5
"134",2,-45.5
"134",3,-46.5
"134",4,-46.5
"134",5,-46.5
"134",6,-46.5
"134",7,-46.5
"134",8,-47.5
"134",9,-48.5
"134",10,-48.5
"134",11,-48.5
"134",12,-49.5
"134",13,-49.5
"134",14,-49.5
"134",15,-48.5
"134",16,-48.5
"134",17,-49.5
"134",18,-49.5
"134",19,-49.5
"134",20,-49.5
"134",21,-48.5
"134",22,-48.5
"134",23,-47.5
"134",24,-46.5
"134",25,-45.5
"135",-5,54.5
"135",-5,53.5
"135",-5,52.5
"135",-5,51.5
"135",-5,50.5
"135",-6,49.5
"135",-7,48.5
"135",-8,47.5
"135",-9,46.5
"135",-10,45.5
"135",-11,44.5
"135",-11,43.5
"135",-11,42.5
"135",-11,41.5
"135",-11,40.5
"135",-11,39.5
"135",-11,38.5
"135",-11,37.5
"135",-11,36.5
"135",-11,35.5
"135",-11,34.5
"135",-11,33.5
"135",-11,32.5
"135",-11,31.5
"135",-12,30.5
"135",-13,29.5
"135",-14,28.5
"135",-15,27.5
"135",-16,26.5
"135",-17,25.5
"135",-18,24.5
"135",-18,23.5
"135",-18,22.5
"135",-18,21.5
"135",-18,20.5
"135",-18,19.5
"135",-18,18.5
"135",-18,17.5
"135",-18,16.5
"135",-18,15.5
"135",-18,14.5
"135",-18,13.5
"135",-18,12.5
"135",-18,11.5
"135",-18,10.5
"135",-18,9.5
"135",-18,8.5
"135",-17,7.5
"135",-17,6.5
"135",-17,5.5
"135",-17,4.5
"135",-17,3.5
"135",-17,2.5
"135",-17,1.5
"135",-17,0.5
"135",-17,-0.5
"135",-17,-1.5
"135",-17,-2.5
"135",-16,-3.5
"135",-16,-4.5
"135",-16,-5.5
"135",-16,-6.5
"135",-16,-7.5
"135",-16,-8.5
"135",-16,-9.5
"135",-16,-10.5
"135",-16,-11.5
"135",-16,-12.5
"135",-16,-13.5
"135",-16,-14.5
"135",-16,-15.5
"135",-16,-16.5
"135",-16,-17.5
"135",-16,-18.5
"135",-16,-19.5
"135",-16,-20.5
"135",-16,-21.5
"135",-16,-22.5
"135",-16,-23.5
"135",-16,-24.5
"135",-16,-25.5
"135",-16,-26.5
"135",-16,-27.5
"135",-16,-28.5
"135",-16,-29.5
"135",-16,-30.5
"135",-16,-31.5
"135",-15,-32.5
"135",-14,-33.5
"135",-13,-34.5
"135",-12,-35.5
"135",-11,-36.5
"135",-10,-37.5
"135",-9,-38.5
"135",-8,-39.5
"135",-7,-40.5
"135",-6,-41.5
"135",-5,-42.5
"135",-4,-43.5
"135",-3,-44.5
"135",-2,-45.5
"135",-1,-45.5
"135",0,-45.5
"135",1,-45.5
"135",2,-45.5
"135",3,-45.5
"135",4,-45.5
"135",5,-45.5
"135",6,-45.5
"135",7,-45.5
"135",8,-45.5
"135",9,-45.5
"135",10,-45.5
"135",11,-45.5
"135",12,-45.5
"135",13,-45.5
"135",14,-45.5
"135",15,-45.5
"135",16,-45.5
"135",17,-45.5
"135",18,-45.5
"135",19,-45.5
"135",20,-45.5
"135",21,-45.5
"135",22,-45.5
"135",23,-45.5
"135",24,-45.5
"135",25,-45.5
"136",-5,54.5
"136",-5,53.5
"136",-5,52.5
"136",-5,51.5
"136",-5,50.5
"136",-6,49.5
"136",-6,48.5
"136",-6,47.5
"136",-6,46.5
"136",-7,46.5
"136",-8,45.5
"136",-9,44.5
"136",-10,44.5
"136",-11,43.5
"136",-11,42.5
"136",-11,41.5
"136",-11,40.5
"136",-11,39.5
"136",-11,38.5
"136",-11,37.5
"136",-11,36.5
"136",-11,35.5
"136",-11,34.5
"136",-11,33.5
"136",-11,32.5
"136",-12,31.5
"136",-13,30.5
"136",-13,29.5
"136",-14,28.5
"136",-15,27.5
"136",-16,26.5
"136",-17,25.5
"136",-18,24.5
"136",-18,23.5
"136",-18,22.5
"136",-18,21.5
"136",-18,20.5
"136",-18,19.5
"136",-18,18.5
"136",-18,17.5
"136",-18,16.5
"136",-18,15.5
"136",-18,14.5
"136",-18,13.5
"136",-18,12.5
"136",-18,11.5
"136",-18,10.5
"136",-18,9.5
"136",-18,8.5
"136",-18,7.5
"136",-18,6.5
"136",-18,5.5
"136",-18,4.5
"136",-18,3.5
"136",-18,2.5
"136",-18,1.5
"136",-18,0.5
"136",-18,-0.5
"136",-18,-1.5
"136",-17,-2.5
"136",-16,-3.5
"136",-16,-4.5
"136",-16,-5.5
"136",-16,-6.5
"136",-16,-7.5
"136",-16,-8.5
"136",-16,-9.5
"136",-16,-10.5
"136",-16,-11.5
"136",-16,-12.5
"136",-16,-13.5
"136",-16,-14.5
"136",-16,-15.5
"136",-16,-16.5
"136",-16,-17.5
"136",-16,-18.5
"136",-16,-19.5
"136",-16,-20.5
"136",-16,-21.5
"136",-16,-22.5
"136",-16,-23.5
"136",-16,-24.5
"136",-16,-25.5
"136",-16,-26.5
"136",-16,-27.5
"136",-16,-28.5
"136",-16,-29.5
"136",-16,-30.5
"136",-15,-31.5
"136",-14,-32.5
"136",-13,-33.5
"136",-12,-34.5
"136",-11,-35.5
"136",-10,-36.5
"136",-9,-37.5
"136",-8,-38.5
"136",-7,-39.5
"136",-6,-40.5
"136",-5,-41.5
"136",-4,-41.5
"136",-3,-42.5
"136",-2,-42.5
"136",-1,-42.5
"136",0,-43.5
"136",1,-43.5
"136",2,-44.5
"136",3,-45.5
"136",4,-45.5
"136",5,-45.5
"136",6,-45.5
"136",7,-45.5
"136",8,-45.5
"136",9,-45.5
"136",10,-45.5
"136",11,-45.5
"136",12,-45.5
"136",13,-45.5
"136",14,-45.5
"136",15,-45.5
"136",16,-45.5
"136",17,-45.5
"136",18,-45.5
"136",19,-45.5
"136",20,-45.5
"136",21,-45.5
"136",22,-45.5
"136",23,-45.5
"136",24,-45.5
"136",25,-45.5
"137",-5,54.5
"137",-5,53.5
"137",-5,52.5
"137",-5,51.5
"137",-5,50.5
"137",-5,49.5
"137",-5,48.5
"137",-5,47.5
"137",-6,46.5
"137",-7,46.5
"137",-8,45.5
"137",-9,44.5
"137",-10,44.5
"137",-11,43.5
"137",-11,42.5
"137",-11,41.5
"137",-11,40.5
"137",-11,39.5
"137",-11,38.5
"137",-11,37.5
"137",-11,36.5
"137",-11,35.5
"137",-11,34.5
"137",-11,33.5
"137",-11,32.5
"137",-12,31.5
"137",-13,30.5
"137",-14,29.5
"137",-14,28.5
"137",-15,27.5
"137",-16,26.5
"137",-17,25.5
"137",-18,24.5
"137",-18,23.5
"137",-18,22.5
"137",-18,21.5
"137",-18,20.5
"137",-18,19.5
"137",-18,18.5
"137",-18,17.5
"137",-18,16.5
"137",-18,15.5
"137",-18,14.5
"137",-18,13.5
"137",-18,12.5
"137",-18,11.5
"137",-18,10.5
"137",-18,9.5
"137",-18,8.5
"137",-17,7.5
"137",-16,6.5
"137",-16,5.5
"137",-16,4.5
"137",-16,3.5
"137",-16,2.5
"137",-16,1.5
"137",-16,0.5
"137",-16,-0.5
"137",-16,-1.5
"137",-16,-2.5
"137",-16,-3.5
"137",-16,-4.5
"137",-16,-5.5
"137",-16,-6.5
"137",-16,-7.5
"137",-16,-8.5
"137",-16,-9.5
"137",-16,-10.5
"137",-16,-11.5
"137",-16,-12.5
"137",-16,-13.5
"137",-16,-14.5
"137",-16,-15.5
"137",-16,-16.5
"137",-16,-17.5
"137",-16,-18.5
"137",-16,-19.5
"137",-16,-20.5
"137",-16,-21.5
"137",-16,-22.5
"137",-16,-23.5
"137",-16,-24.5
"137",-16,-25.5
"137",-16,-26.5
"137",-16,-27.5
"137",-16,-28.5
"137",-16,-29.5
"137",-16,-30.5
"137",-16,-31.5
"137",-15,-32.5
"137",-14,-32.5
"137",-13,-33.5
"137",-12,-33.5
"137",-11,-34.5
"137",-10,-35.5
"137",-9,-35.5
"137",-8,-36.5
"137",-7,-36.5
"137",-6,-37.5
"137",-5,-38.5
"137",-4,-39.5
"137",-3,-39.5
"137",-2,-40.5
"137",-1,-40.5
"137",0,-41.5
"137",1,-41.5
"137",2,-42.5
"137",3,-42.5
"137",4,-42.5
"137",5,-42.5
"137",6,-42.5
"137",7,-42.5
"137",8,-42.5
"137",9,-42.5
"137",10,-42.5
"137",11,-42.5
"137",12,-43.5
"137",13,-43.5
"137",14,-43.5
"137",15,-43.5
"137",16,-43.5
"137",17,-43.5
"137",18,-43.5
"137",19,-43.5
"137",20,-43.5
"137",21,-43.5
"137",22,-43.5
"137",23,-44.5
"137",24,-44.5
"137",25,-45.5
"138",-5,54.5
"138",-5,53.5
"138",-5,52.5
"138",-5,51.5
"138",-5,50.5
"138",-5,49.5
"138",-5,48.5
"138",-5,47.5
"138",-6,47.5
"138",-6,46.5
"138",-7,46.5
"138",-8,45.5
"138",-9,44.5
"138",-10,44.5
"138",-11,43.5
"138",-10,42.5
"138",-11,41.5
"138",-11,40.5
"138",-11,39.5
"138",-12,38.5
"138",-13,37.5
"138",-14,37.5
"138",-14,36.5
"138",-14,35.5
"138",-14,34.5
"138",-14,33.5
"138",-14,32.5
"138",-14,31.5
"138",-14,30.5
"138",-14,29.5
"138",-14,28.5
"138",-15,28.5
"138",-16,28.5
"138",-17,28.5
"138",-18,27.5
"138",-18,26.5
"138",-18,25.5
"138",-18,24.5
"138",-18,23.5
"138",-18,22.5
"138",-18,21.5
"138",-18,20.5
"138",-18,19.5
"138",-18,18.5
"138",-18,17.5
"138",-18,16.5
"138",-18,15.5
"138",-18,14.5
"138",-18,13.5
"138",-18,12.5
"138",-18,11.5
"138",-18,10.5
"138",-18,9.5
"138",-18,8.5
"138",-18,7.5
"138",-18,6.5
"138",-17,5.5
"138",-16,5.5
"138",-16,4.5
"138",-16,3.5
"138",-16,2.5
"138",-16,1.5
"138",-16,0.5
"138",-16,-0.5
"138",-16,-1.5
"138",-16,-2.5
"138",-16,-3.5
"138",-16,-4.5
"138",-16,-5.5
"138",-16,-6.5
"138",-16,-7.5
"138",-16,-8.5
"138",-16,-9.5
"138",-16,-10.5
"138",-16,-11.5
"138",-16,-12.5
"138",-16,-13.5
"138",-16,-14.5
"138",-16,-15.5
"138",-16,-16.5
"138",-16,-17.5
"138",-16,-18.5
"138",-16,-19.5
"138",-16,-20.5
"138",-16,-21.5
"138",-16,-22.5
"138",-16,-23.5
"138",-16,-24.5
"138",-16,-25.5
"138",-16,-26.5
"138",-16,-27.5
"138",-16,-28.5
"138",-16,-29.5
"138",-16,-30.5
"138",-15,-31.5
"138",-14,-31.5
"138",-13,-32.5
"138",-12,-32.5
"138",-11,-33.5
"138",-10,-34.5
"138",-9,-34.5
"138",-8,-35.5
"138",-7,-35.5
"138",-7,-36.5
"138",-6,-37.5
"138",-5,-38.5
"138",-4,-38.5
"138",-3,-39.5
"138",-2,-40.5
"138",-1,-40.5
"138",0,-41.5
"138",1,-41.5
"138",1,-42.5
"138",1,-43.5
"138",2,-44.5
"138",3,-45.5
"138",4,-45.5
"138",5,-46.5
"138",6,-46.5
"138",7,-46.5
"138",8,-47.5
"138",9,-48.5
"138",10,-48.5
"138",11,-48.5
"138",12,-49.5
"138",13,-49.5
"138",14,-49.5
"138",15,-48.5
"138",16,-48.5
"138",17,-49.5
"138",18,-49.5
"138",19,-49.5
"138",20,-49.5
"138",21,-48.5
"138",22,-48.5
"138",23,-47.5
"138",24,-46.5
"138",25,-45.5
"139",-5,54.5
"139",-5,53.5
"139",-5,52.5
"139",-5,51.5
"139",-5,50.5
"139",-6,49.5
"139",-7,48.5
"139",-8,47.5
"139",-9,46.5
"139",-10,45.5
"139",-11,44.5
"139",-11,43.5
"139",-11,42.5
"139",-11,41.5
"139",-11,40.5
"139",-11,39.5
"139",-11,38.5
"139",-11,37.5
"139",-11,36.5
"139",-11,35.5
"139",-11,34.5
"139",-11,33.5
"139",-11,32.5
"139",-11,31.5
"139",-12,30.5
"139",-13,29.5
"139",-14,28.5
"139",-15,27.5
"139",-16,26.5
"139",-17,25.5
"139",-18,24.5
"139",-18,23.5
"139",-18,22.5
"139",-18,21.5
"139",-18,20.5
"139",-18,19.5
"139",-18,18.5
"139",-18,17.5
"139",-18,16.5
"139",-18,15.5
"139",-18,14.5
"139",-18,13.5
"139",-18,12.5
"139",-18,11.5
"139",-18,10.5
"139",-18,9.5
"139",-18,8.5
"139",-18,7.5
"139",-18,6.5
"139",-18,5.5
"139",-18,4.5
"139",-18,3.5
"139",-18,2.5
"139",-18,1.5
"139",-18,0.5
"139",-18,-0.5
"139",-18,-1.5
"139",-18,-2.5
"139",-18,-3.5
"139",-18,-4.5
"139",-18,-5.5
"139",-18,-6.5
"139",-18,-7.5
"139",-18,-8.5
"139",-18,-9.5
"139",-18,-10.5
"139",-18,-11.5
"139",-18,-12.5
"139",-18,-13.5
"139",-18,-14.5
"139",-18,-15.5
"139",-18,-16.5
"139",-18,-17.5
"139",-18,-18.5
"139",-18,-19.5
"139",-18,-20.5
"139",-18,-21.5
"139",-18,-22.5
"139",-18,-23.5
"139",-18,-24.5
"139",-18,-25.5
"139",-18,-26.5
"139",-18,-27.5
"139",-18,-28.5
"139",-18,-29.5
"139",-18,-30.5
"139",-17,-31.5
"139",-16,-32.5
"139",-15,-33.5
"139",-14,-34.5
"139",-13,-35.5
"139",-12,-36.5
"139",-11,-37.5
"139",-10,-38.5
"139",-9,-39.5
"139",-8,-40.5
"139",-7,-41.5
"139",-6,-42.5
"139",-5,-43.5
"139",-4,-44.5
"139",-3,-45.5
"139",-2,-45.5
"139",-1,-45.5
"139",0,-45.5
"139",1,-45.5
"139",2,-45.5
"139",3,-45.5
"139",4,-45.5
"139",5,-45.5
"139",6,-45.5
"139",7,-45.5
"139",8,-45.5
"139",9,-45.5
"139",10,-45.5
"139",11,-45.5
"139",12,-45.5
"139",13,-45.5
"139",14,-45.5
"139",15,-45.5
"139",16,-45.5
"139",17,-45.5
"139",18,-45.5
"139",19,-45.5
"139",20,-45.5
"139",21,-45.5
"139",22,-45.5
"139",23,-45.5
"139",24,-45.5
"139",25,-45.5
"140",-5,54.5
"140",-5,53.5
"140",-5,52.5
"140",-5,51.5
"140",-5,50.5
"140",-6,49.5
"140",-6,48.5
"140",-6,47.5
"140",-6,46.5
"140",-7,46.5
"140",-8,45.5
"140",-9,44.5
"140",-10,44.5
"140",-11,43.5
"140",-11,42.5
"140",-11,41.5
"140",-11,40.5
"140",-11,39.5
"140",-11,38.5
"140",-11,37.5
"140",-11,36.5
"140",-11,35.5
"140",-11,34.5
"140",-11,33.5
"140",-11,32.5
"140",-12,31.5
"140",-13,30.5
"140",-14,29.5
"140",-14,28.5
"140",-15,27.5
"140",-16,26.5
"140",-17,25.5
"140",-18,24.5
"140",-18,23.5
"140",-18,22.5
"140",-18,21.5
"140",-18,20.5
"140",-18,19.5
"140",-18,18.5
"140",-18,17.5
"140",-18,16.5
"140",-18,15.5
"140",-18,14.5
"140",-18,13.5
"140",-18,12.5
"140",-18,11.5
"140",-18,10.5
"140",-18,9.5
"140",-18,8.5
"140",-17,7.5
"140",-16,6.5
"140",-16,5.5
"140",-16,4.5
"140",-16,3.5
"140",-16,2.5
"140",-16,1.5
"140",-16,0.5
"140",-16,-0.5
"140",-16,-1.5
"140",-16,-2.5
"140",-16,-3.5
"140",-16,-4.5
"140",-16,-5.5
"140",-16,-6.5
"140",-16,-7.5
"140",-16,-8.5
"140",-16,-9.5
"140",-16,-10.5
"140",-16,-11.5
"140",-16,-12.5
"140",-16,-13.5
"140",-16,-14.5
"140",-16,-15.5
"140",-16,-16.5
"140",-16,-17.5
"140",-16,-18.5
"140",-16,-19.5
"140",-16,-20.5
"140",-16,-21.5
"140",-16,-22.5
"140",-16,-23.5
"140",-16,-24.5
"140",-16,-25.5
"140",-16,-26.5
"140",-16,-27.5
"140",-16,-28.5
"140",-16,-29.5
"140",-16,-30.5
"140",-15,-31.5
"140",-14,-32.5
"140",-13,-33.5
"140",-12,-34.5
"140",-11,-35.5
"140",-10,-36.5
"140",-9,-37.5
"140",-8,-38.5
"140",-7,-39.5
"140",-6,-40.5
"140",-5,-41.5
"140",-4,-41.5
"140",-3,-42.5
"140",-2,-42.5
"140",-1,-42.5
"140",0,-43.5
"140",1,-43.5
"140",2,-44.5
"140",3,-45.5
"140",4,-45.5
"140",5,-45.5
"140",6,-45.5
"140",7,-45.5
"140",8,-45.5
"140",9,-45.5
"140",10,-45.5
"140",11,-45.5
"140",12,-45.5
"140",13,-45.5
"140",14,-45.5
"140",15,-45.5
"140",16,-45.5
"140",17,-45.5
"140",18,-45.5
"140",19,-45.5
"140",20,-45.5
"140",21,-45.5
"140",22,-45.5
"140",23,-45.5
"140",24,-45.5
"140",25,-45.5
"141",-5,54.5
"141",-5,53.5
"141",-5,52.5
"141",-5,51.5
"141",-5,50.5
"141",-5,49.5
"141",-5,48.5
"141",-5,47.5
"141",-6,47.5
"141",-6,46.5
"141",-7,46.5
"141",-8,45.5
"141",-9,44.5
"141",-10,44.5
"141",-11,43.5
"141",-11,42.5
"141",-11,41.5
"141",-11,40.5
"141",-11,39.5
"141",-12,38.5
"141",-13,37.5
"141",-14,37.5
"141",-14,36.5
"141",-14,35.5
"141",-14,34.5
"141",-14,33.5
"141",-14,32.5
"141",-14,31.5
"141",-14,30.5
"141",-14,29.5
"141",-15,28.5
"141",-16,28.5
"141",-17,28.5
"141",-18,27.5
"141",-18,26.5
"141",-18,25.5
"141",-18,24.5
"141",-18,23.5
"141",-18,22.5
"141",-18,21.5
"141",-18,20.5
"141",-18,19.5
"141",-18,18.5
"141",-18,17.5
"141",-18,16.5
"141",-18,15.5
"141",-18,14.5
"141",-18,13.5
"141",-18,12.5
"141",-18,11.5
"141",-18,10.5
"141",-18,9.5
"141",-17,8.5
"141",-16,8.5
"141",-16,7.5
"141",-16,6.5
"141",-16,5.5
"141",-16,4.5
"141",-16,3.5
"141",-16,2.5
"141",-16,1.5
"141",-16,0.5
"141",-16,-0.5
"141",-16,-1.5
"141",-16,-2.5
"141",-16,-3.5
"141",-16,-4.5
"141",-16,-5.5
"141",-16,-6.5
"141",-16,-7.5
"141",-16,-8.5
"141",-16,-9.5
"141",-16,-10.5
"141",-16,-11.5
"141",-16,-12.5
"141",-16,-13.5
"141",-16,-14.5
"141",-16,-15.5
"141",-16,-16.5
"141",-16,-17.5
"141",-16,-18.5
"141",-16,-19.5
"141",-16,-20.5
"141",-16,-21.5
"141",-16,-22.5
"141",-16,-23.5
"141",-16,-24.5
"141",-16,-25.5
"141",-16,-26.5
"141",-16,-27.5
"141",-16,-28.5
"141",-16,-29.5
"141",-16,-30.5
"141",-15,-31.5
"141",-14,-31.5
"141",-13,-32.5
"141",-12,-32.5
"141",-11,-33.5
"141",-10,-34.5
"141",-9,-34.5
"141",-8,-35.5
"141",-7,-35.5
"141",-7,-36.5
"141",-6,-37.5
"141",-5,-38.5
"141",-4,-38.5
"141",-3,-39.5
"141",-2,-40.5
"141",-1,-40.5
"141",0,-41.5
"141",1,-41.5
"141",1,-42.5
"141",2,-43.5
"141",3,-44.5
"141",4,-44.5
"141",5,-44.5
"141",6,-44.5
"141",7,-44.5
"141",8,-45.5
"141",9,-45.5
"141",10,-45.5
"141",11,-45.5
"141",12,-45.5
"141",13,-45.5
"141",14,-46.5
"141",15,-46.5
"141",16,-46.5
"141",17,-47.5
"141",18,-47.5
"141",19,-47.5
"141",20,-47.5
"141",21,-47.5
"141",22,-47.5
"141",23,-46.5
"141",24,-46.5
"141",25,-45.5
"142",-5,54.5
"142",-5,53.5
"142",-5,52.5
"142",-5,51.5
"142",-5,50.5
"142",-6,49.5
"142",-7,48.5
"142",-8,47.5
"142",-9,46.5
"142",-10,45.5
"142",-11,44.5
"142",-11,43.5
"142",-11,42.5
"142",-11,41.5
"142",-11,40.5
"142",-11,39.5
"142",-11,38.5
"142",-11,37.5
"142",-11,36.5
"142",-11,35.5
"142",-11,34.5
"142",-11,33.5
"142",-11,32.5
"142",-11,31.5
"142",-12,30.5
"142",-13,29.5
"142",-14,28.5
"142",-15,27.5
"142",-16,26.5
"142",-17,25.5
"142",-18,24.5
"142",-18,23.5
"142",-18,22.5
"142",-18,21.5
"142",-18,20.5
"142",-18,19.5
"142",-18,18.5
"142",-18,17.5
"142",-18,16.5
"142",-18,15.5
"142",-18,14.5
"142",-18,13.5
"142",-18,12.5
"142",-18,11.5
"142",-18,10.5
"142",-18,9.5
"142",-18,8.5
"142",-18,7.5
"142",-18,6.5
"142",-18,5.5
"142",-18,4.5
"142",-18,3.5
"142",-18,2.5
"142",-18,1.5
"142",-18,0.5
"142",-18,-0.5
"142",-18,-1.5
"142",-18,-2.5
"142",-18,-3.5
"142",-18,-4.5
"142",-18,-5.5
"142",-18,-6.5
"142",-18,-7.5
"142",-18,-8.5
"142",-18,-9.5
"142",-18,-10.5
"142",-18,-11.5
"142",-18,-12.5
"142",-18,-13.5
"142",-18,-14.5
"142",-18,-15.5
"142",-18,-16.5
"142",-18,-17.5
"142",-18,-18.5
"142",-18,-19.5
"142",-18,-20.5
"142",-18,-21.5
"142",-18,-22.5
"142",-18,-23.5
"142",-18,-24.5
"142",-18,-25.5
"142",-18,-26.5
"142",-18,-27.5
"142",-18,-28.5
"142",-18,-29.5
"142",-18,-30.5
"142",-17,-31.5
"142",-16,-32.5
"142",-15,-33.5
"142",-14,-34.5
"142",-13,-35.5
"142",-12,-36.5
"142",-11,-37.5
"142",-10,-38.5
"142",-9,-39.5
"142",-8,-40.5
"142",-7,-41.5
"142",-6,-42.5
"142",-5,-43.5
"142",-4,-44.5
"142",-3,-45.5
"142",-2,-45.5
"142",-1,-45.5
"142",0,-45.5
"142",1,-45.5
"142",2,-45.5
"142",3,-45.5
"142",4,-45.5
"142",5,-45.5
"142",6,-45.5
"142",7,-45.5
"142",8,-45.5
"142",9,-45.5
"142",10,-45.5
"142",11,-45.5
"142",12,-45.5
"142",13,-45.5
"142",14,-45.5
"142",15,-45.5
"142",16,-45.5
"142",17,-45.5
"142",18,-45.5
"142",19,-45.5
"142",20,-45.5
"142",21,-45.5
"142",22,-45.5
"142",23,-45.5
"142",24,-45.5
"142",25,-45.5
"143",-5,54.5
"143",-5,53.5
"143",-5,52.5
"143",-5,51.5
"143",-5,50.5
"143",-6,49.5
"143",-6,48.5
"143",-6,47.5
"143",-6,46.5
"143",-7,46.5
"143",-8,45.5
"143",-9,44.5
"143",-10,44.5
"143",-11,43.5
"143",-11,42.5
"143",-11,41.5
"143",-11,40.5
"143",-11,39.5
"143",-11,38.5
"143",-11,37.5
"143",-11,36.5
"143",-11,35.5
"143",-11,34.5
"143",-11,33.5
"143",-11,32.5
"143",-12,31.5
"143",-13,30.5
"143",-14,29.5
"143",-14,28.5
"143",-15,27.5
"143",-16,26.5
"143",-17,25.5
"143",-18,24.5
"143",-18,23.5
"143",-18,22.5
"143",-18,21.5
"143",-18,20.5
"143",-18,19.5
"143",-18,18.5
"143",-18,17.5
"143",-18,16.5
"143",-18,15.5
"143",-18,14.5
"143",-18,13.5
"143",-18,12.5
"143",-18,11.5
"143",-18,10.5
"143",-18,9.5
"143",-18,8.5
"143",-17,7.5
"143",-16,6.5
"143",-16,5.5
"143",-16,4.5
"143",-16,3.5
"143",-16,2.5
"143",-16,1.5
"143",-16,0.5
"143",-16,-0.5
"143",-16,-1.5
"143",-16,-2.5
"143",-16,-3.5
"143",-16,-4.5
"143",-16,-5.5
"143",-16,-6.5
"143",-16,-7.5
"143",-16,-8.5
"143",-16,-9.5
"143",-16,-10.5
"143",-16,-11.5
"143",-16,-12.5
"143",-16,-13.5
"143",-16,-14.5
"143",-16,-15.5
"143",-16,-16.5
"143",-16,-17.5
"143",-16,-18.5
"143",-16,-19.5
"143",-16,-20.5
"143",-16,-21.5
"143",-16,-22.5
"143",-16,-23.5
"143",-16,-24.5
"143",-16,-25.5
"143",-16,-26.5
"143",-16,-27.5
"143",-16,-28.5
"143",-16,-29.5
"143",-16,-30.5
"143",-15,-31.5
"143",-14,-32.5
"143",-13,-33.5
"143",-12,-34.5
"143",-11,-35.5
"143",-10,-36.5
"143",-9,-37.5
"143",-8,-38.5
"143",-7,-39.5
"143",-6,-40.5
"143",-5,-41.5
"143",-4,-41.5
"143",-3,-42.5
"143",-2,-42.5
"143",-1,-42.5
"143",0,-43.5
"143",1,-43.5
"143",2,-44.5
"143",3,-45.5
"143",4,-45.5
"143",5,-45.5
"143",6,-45.5
"143",7,-45.5
"143",8,-45.5
"143",9,-45.5
"143",10,-45.5
"143",11,-45.5
"143",12,-45.5
"143",13,-45.5
"143",14,-45.5
"143",15,-45.5
"143",16,-45.5
"143",17,-45.5
"143",18,-45.5
"143",19,-45.5
"143",20,-45.5
"143",21,-45.5
"143",22,-45.5
"143",23,-45.5
"143",24,-45.5
"143",25,-45.5
"144",-5,54.5
"144",-5,53.5
"144",-5,52.5
"144",-5,51.5
"144",-5,50.5
"144",-5,49.5
"144",-5,48.5
"144",-5,47.5
"144",-6,46.5
"144",-7,46.5
"144",-8,45.5
"144",-9,44.5
"144",-10,44.5
"144",-11,43.5
"144",-11,42.5
"144",-11,41.5
"144",-11,40.5
"144",-11,39.5
"144",-12,38.5
"144",-13,37.5
"144",-14,37.5
"144",-14,36.5
"144",-14,35.5
"144",-14,34.5
"144",-14,33.5
"144",-14,32.5
"144",-14,31.5
"144",-14,30.5
"144",-14,29.5
"144",-15,28.5
"144",-16,28.5
"144",-17,28.5
"144",-18,27.5
"144",-18,26.5
"144",-18,25.5
"144",-18,24.5
"144",-18,23.5
"144",-18,22.5
"144",-18,21.5
"144",-18,20.5
"144",-18,19.5
"144",-18,18.5
"144",-18,17.5
"144",-18,16.5
"144",-18,15.5
"144",-18,14.5
"144",-18,13.5
"144",-18,12.5
"144",-18,11.5
"144",-18,10.5
"144",-18,9.5
"144",-18,8.5
"144",-17,7.5
"144",-16,6.5
"144",-16,5.5
"144",-16,4.5
"144",-16,3.5
"144",-16,2.5
"144",-16,1.5
"144",-16,0.5
"144",-16,-0.5
"144",-16,-1.5
"144",-16,-2.5
"144",-16,-3.5
"144",-16,-4.5
"144",-16,-5.5
"144",-16,-6.5
"144",-16,-7.5
"144",-16,-8.5
"144",-16,-9.5
"144",-16,-10.5
"144",-16,-11.5
"144",-16,-12.5
"144",-16,-13.5
"144",-16,-14.5
"144",-16,-15.5
"144",-16,-16.5
"144",-16,-17.5
"144",-16,-18.5
"144",-16,-19.5
"144",-16,-20.5
"144",-16,-21.5
"144",-16,-22.5
"144",-16,-23.5
"144",-16,-24.5
"144",-16,-25.5
"144",-16,-26.5
"144",-16,-27.5
"144",-16,-28.5
"144",-16,-29.5
"144",-16,-30.5
"144",-15,-31.5
"144",-14,-31.5
"144",-13,-32.5
"144",-12,-32.5
"144",-11,-33.5
"144",-10,-34.5
"144",-9,-34.5
"144",-8,-35.5
"144",-7,-35.5
"144",-6,-36.5
"144",-5,-37.5
"144",-4,-38.5
"144",-3,-39.5
"144",-2,-40.5
"144",-1,-41.5
"144",0,-42.5
"144",1,-42.5
"144",2,-43.5
"144",3,-44.5
"144",4,-44.5
"144",5,-44.5
"144",6,-44.5
"144",7,-44.5
"144",8,-45.5
"144",9,-45.5
"144",10,-45.5
"144",11,-45.5
"144",12,-45.5
"144",13,-45.5
"144",14,-46.5
"144",15,-46.5
"144",16,-46.5
"144",17,-47.5
"144",18,-47.5
"144",19,-47.5
"144",20,-47.5
"144",21,-47.5
"144",22,-47.5
"144",23,-46.5
"144",24,-46.5
"144",25,-45.5
"145",-5,54.5
"145",-5,53.5
"145",-5,52.5
"145",-5,51.5
"145",-5,50.5
"145",-6,49.5
"145",-7,48.5
"145",-8,47.5
"145",-9,46.5
"145",-10,45.5
"145",-11,44.5
"145",-11,43.5
"145",-11,42.5
"145",-11,41.5
"145",-11,40.5
"145",-11,39.5
"145",-11,38.5
"145",-11,37.5
"145",-11,36.5
"145",-11,35.5
"145",-11,34.5
"145",-11,33.5
"145",-11,32.5
"145",-11,31.5
"145",-12,30.5
"145",-13,29.5
"145",-14,28.5
"145",-15,27.5
"145",-16,26.5
"145",-17,25.5
"145",-17,24.5
"145",-18,23.5
"145",-18,22.5
"145",-18,21.5
"145",-18,20.5
"145",-18,19.5
"145",-18,18.5
"145",-18,17.5
"145",-18,16.5
"145",-18,15.5
"145",-18,14.5
"145",-18,13.5
"145",-18,12.5
"145",-18,11.5
"145",-18,10.5
"145",-18,9.5
"145",-18,8.5
"145",-18,7.5
"145",-18,6.5
"145",-18,5.5
"145",-18,4.5
"145",-18,3.5
"145",-18,2.5
"145",-18,1.5
"145",-18,0.5
"145",-18,-0.5
"145",-18,-1.5
"145",-18,-2.5
"145",-18,-3.5
"145",-18,-4.5
"145",-18,-5.5
"145",-18,-6.5
"145",-18,-7.5
"145",-18,-8.5
"145",-18,-9.5
"145",-18,-10.5
"145",-18,-11.5
"145",-18,-12.5
"145",-18,-13.5
"145",-18,-14.5
"145",-18,-15.5
"145",-18,-16.5
"145",-18,-17.5
"145",-18,-18.5
"145",-18,-19.5
"145",-18,-20.5
"145",-18,-21.5
"145",-18,-22.5
"145",-18,-23.5
"145",-18,-24.5
"145",-18,-25.5
"145",-18,-26.5
"145",-18,-27.5
"145",-18,-28.5
"145",-18,-29.5
"145",-18,-30.5
"145",-17,-31.5
"145",-16,-32.5
"145",-15,-33.5
"145",-14,-34.5
"145",-13,-35.5
"145",-12,-36.5
"145",-11,-37.5
"145",-10,-38.5
"145",-9,-39.5
"145",-8,-40.5
"145",-7,-41.5
"145",-6,-42.5
"145",-5,-43.5
"145",-4,-44.5
"145",-3,-45.5
"145",-2,-45.5
"145",-1,-45.5
"145",0,-45.5
"145",1,-45.5
"145",2,-45.5
"145",3,-45.5
"145",4,-45.5
"145",5,-45.5
"145",6,-45.5
"145",7,-45.5
"145",8,-45.5
"145",9,-45.5
"145",10,-45.5
"145",11,-45.5
"145",12,-45.5
"145",13,-45.5
"145",14,-45.5
"145",15,-45.5
"145",16,-45.5
"145",17,-45.5
"145",18,-45.5
"145",19,-45.5
"145",20,-45.5
"145",21,-45.5
"145",22,-45.5
"145",23,-45.5
"145",24,-45.5
"145",25,-45.5
"146",-5,54.5
"146",-5,53.5
"146",-5,52.5
"146",-5,51.5
"146",-5,50.5
"146",-6,49.5
"146",-6,48.5
"146",-6,47.5
"146",-6,46.5
"146",-7,46.5
"146",-8,45.5
"146",-9,44.5
"146",-10,44.5
"146",-11,43.5
"146",-11,42.5
"146",-11,41.5
"146",-11,40.5
"146",-11,39.5
"146",-11,38.5
"146",-11,37.5
"146",-11,36.5
"146",-11,35.5
"146",-11,34.5
"146",-11,33.5
"146",-11,32.5
"146",-12,31.5
"146",-13,30.5
"146",-14,29.5
"146",-14,28.5
"146",-15,27.5
"146",-16,26.5
"146",-17,25.5
"146",-18,24.5
"146",-18,23.5
"146",-18,22.5
"146",-18,21.5
"146",-18,20.5
"146",-18,19.5
"146",-18,18.5
"146",-18,17.5
"146",-18,16.5
"146",-18,15.5
"146",-18,14.5
"146",-18,13.5
"146",-18,12.5
"146",-18,11.5
"146",-18,10.5
"146",-18,9.5
"146",-18,8.5
"146",-17,7.5
"146",-16,6.5
"146",-16,5.5
"146",-16,4.5
"146",-16,3.5
"146",-16,2.5
"146",-16,1.5
"146",-16,0.5
"146",-16,-0.5
"146",-16,-1.5
"146",-16,-2.5
"146",-16,-3.5
"146",-16,-4.5
"146",-16,-5.5
"146",-16,-6.5
"146",-16,-7.5
"146",-16,-8.5
"146",-16,-9.5
"146",-16,-10.5
"146",-16,-11.5
"146",-16,-12.5
"146",-16,-13.5
"146",-16,-14.5
"146",-16,-15.5
"146",-16,-16.5
"146",-16,-17.5
"146",-16,-18.5
"146",-16,-19.5
"146",-16,-20.5
"146",-16,-21.5
"146",-16,-22.5
"146",-16,-23.5
"146",-16,-24.5
"146",-16,-25.5
"146",-16,-26.5
"146",-16,-27.5
"146",-16,-28.5
"146",-16,-29.5
"146",-16,-30.5
"146",-15,-31.5
"146",-14,-32.5
"146",-13,-33.5
"146",-12,-34.5
"146",-11,-35.5
"146",-10,-36.5
"146",-9,-37.5
"146",-8,-38.5
"146",-7,-39.5
"146",-6,-40.5
"146",-5,-41.5
"146",-4,-41.5
"146",-3,-42.5
"146",-2,-42.5
"146",-1,-42.5
"146",0,-43.5
"146",1,-43.5
"146",2,-44.5
"146",3,-45.5
"146",4,-45.5
"146",5,-45.5
"146",6,-45.5
"146",7,-45.5
"146",8,-45.5
"146",9,-45.5
"146",10,-45.5
"146",11,-45.5
"146",12,-45.5
"146",13,-45.5
"146",14,-45.5
"146",15,-45.5
"146",16,-45.5
"146",17,-45.5
"146",18,-45.5
"146",19,-45.5
"146",20,-45.5
"146",21,-45.5
"146",22,-45.5
"146",23,-45.5
"146",24,-45.5
"146",25,-45.5
"147",-5,54.5
"147",-5,53.5
"147",-5,52.5
"147",-5,51.5
"147",-5,50.5
"147",-6,49.5
"147",-7,48.5
"147",-8,47.5
"147",-9,46.5
"147",-10,45.5
"147",-11,44.5
"147",-11,43.5
"147",-11,42.5
"147",-11,41.5
"147",-11,40.5
"147",-11,39.5
"147",-11,38.5
"147",-11,37.5
"147",-11,36.5
"147",-11,35.5
"147",-11,34.5
"147",-11,33.5
"147",-11,32.5
"147",-11,31.5
"147",-12,30.5
"147",-13,29.5
"147",-14,28.5
"147",-15,27.5
"147",-16,26.5
"147",-17,25.5
"147",-17,24.5
"147",-18,23.5
"147",-18,22.5
"147",-18,21.5
"147",-18,20.5
"147",-18,19.5
"147",-18,18.5
"147",-18,17.5
"147",-18,16.5
"147",-18,15.5
"147",-18,14.5
"147",-18,13.5
"147",-18,12.5
"147",-18,11.5
"147",-18,10.5
"147",-18,9.5
"147",-18,8.5
"147",-18,7.5
"147",-18,6.5
"147",-18,5.5
"147",-18,4.5
"147",-18,3.5
"147",-18,2.5
"147",-18,1.5
"147",-18,0.5
"147",-18,-0.5
"147",-18,-1.5
"147",-18,-2.5
"147",-18,-3.5
"147",-18,-4.5
"147",-18,-5.5
"147",-18,-6.5
"147",-18,-7.5
"147",-18,-8.5
"147",-18,-9.5
"147",-18,-10.5
"147",-18,-11.5
"147",-18,-12.5
"147",-18,-13.5
"147",-18,-14.5
"147",-18,-15.5
"147",-18,-16.5
"147",-18,-17.5
"147",-18,-18.5
"147",-18,-19.5
"147",-18,-20.5
"147",-18,-21.5
"147",-18,-22.5
"147",-18,-23.5
"147",-18,-24.5
"147",-18,-25.5
"147",-18,-26.5
"147",-18,-27.5
"147",-18,-28.5
"147",-18,-29.5
"147",-17,-30.5
"147",-16,-31.5
"147",-15,-32.5
"147",-14,-33.5
"147",-13,-34.5
"147",-12,-35.5
"147",-11,-36.5
"147",-10,-37.5
"147",-9,-38.5
"147",-8,-39.5
"147",-7,-40.5
"147",-6,-41.5
"147",-5,-42.5
"147",-4,-43.5
"147",-3,-44.5
"147",-2,-45.5
"147",-1,-45.5
"147",0,-45.5
"147",1,-45.5
"147",2,-45.5
"147",3,-45.5
"147",4,-45.5
"147",5,-45.5
"147",6,-45.5
"147",7,-45.5
"147",8,-45.5
"147",9,-45.5
"147",10,-45.5
"147",11,-45.5
"147",12,-45.5
"147",13,-45.5
"147",14,-45.5
"147",15,-45.5
"147",16,-45.5
"147",17,-45.5
"147",18,-45.5
"147",19,-45.5
"147",20,-45.5
"147",21,-45.5
"147",22,-45.5
"147",23,-45.5
"147",24,-45.5
"147",25,-45.5
"148",-5,54.5
"148",-5,53.5
"148",-5,52.5
"148",-5,51.5
"148",-5,50.5
"148",-6,49.5
"148",-7,48.5
"148",-8,47.5
"148",-9,46.5
"148",-10,45.5
"148",-11,44.5
"148",-11,43.5
"148",-11,42.5
"148",-11,41.5
"148",-11,40.5
"148",-11,39.5
"148",-11,38.5
"148",-11,37.5
"148",-11,36.5
"148",-11,35.5
"148",-11,34.5
"148",-11,33.5
"148",-11,32.5
"148",-11,31.5
"148",-12,30.5
"148",-13,29.5
"148",-14,28.5
"148",-15,27.5
"148",-16,26.5
"148",-17,25.5
"148",-18,24.5
"148",-19,23.5
"148",-20,22.5
"148",-21,21.5
"148",-22,20.5
"148",-22,19.5
"148",-23,18.5
"148",-24,17.5
"148",-25,16.5
"148",-26,15.5
"148",-27,14.5
"148",-28,13.5
"148",-29,12.5
"148",-30,11.5
"148",-31,10.5
"148",-32,9.5
"148",-33,8.5
"148",-34,7.5
"148",-34,6.5
"148",-34,5.5
"148",-34,4.5
"148",-34,3.5
"148",-34,2.5
"148",-34,1.5
"148",-34,0.5
"148",-34,-0.5
"148",-34,-1.5
"148",-34,-2.5
"148",-34,-3.5
"148",-34,-4.5
"148",-34,-5.5
"148",-34,-6.5
"148",-34,-7.5
"148",-34,-8.5
"148",-34,-9.5
"148",-34,-10.5
"148",-35,-11.5
"148",-36,-12.5
"148",-37,-13.5
"148",-38,-14.5
"148",-38,-15.5
"148",-38,-16.5
"148",-38,-17.5
"148",-38,-18.5
"148",-39,-19.5
"148",-39,-20.5
"148",-39,-21.5
"148",-39,-22.5
"148",-39,-23.5
"148",-39,-24.5
"148",-39,-25.5
"148",-39,-26.5
"148",-39,-27.5
"148",-39,-28.5
"148",-39,-29.5
"148",-39,-30.5
"148",-39,-31.5
"148",-39,-32.5
"148",-39,-33.5
"148",-39,-34.5
"148",-38,-35.5
"148",-37,-36.5
"148",-36,-37.5
"148",-35,-38.5
"148",-34,-39.5
"148",-33,-40.5
"148",-32,-41.5
"148",-31,-42.5
"148",-30,-42.5
"148",-29,-43.5
"148",-28,-44.5
"148",-27,-45.5
"148",-26,-45.5
"148",-25,-45.5
"148",-24,-45.5
"148",-23,-45.5
"148",-22,-45.5
"148",-21,-45.5
"148",-20,-45.5
"148",-19,-45.5
"148",-18,-45.5
"148",-17,-45.5
"148",-16,-45.5
"148",-15,-45.5
"148",-14,-45.5
"148",-13,-45.5
"148",-12,-45.5
"148",-11,-45.5
"148",-10,-45.5
"148",-9,-45.5
"148",-8,-45.5
"148",-7,-45.5
"148",-6,-45.5
"148",-5,-45.5
"148",-4,-45.5
"148",-3,-45.5
"148",-2,-45.5
"148",-1,-45.5
"148",0,-45.5
"148",1,-45.5
"148",2,-45.5
"148",3,-45.5
"148",4,-45.5
"148",5,-45.5
"148",6,-45.5
"148",7,-45.5
"148",8,-45.5
"148",9,-45.5
"148",10,-45.5
"148",11,-45.5
"148",12,-45.5
"148",13,-45.5
"148",14,-45.5
"148",15,-45.5
"148",16,-45.5
"148",17,-45.5
"148",18,-45.5
"148",19,-45.5
"148",20,-45.5
"148",21,-45.5
"148",22,-45.5
"148",23,-45.5
"148",24,-45.5
"148",25,-45.5
"149",-5,54.5
"149",-5,53.5
"149",-5,52.5
"149",-5,51.5
"149",-5,50.5
"149",-6,49.5
"149",-6,48.5
"149",-6,47.5
"149",-7,46.5
"149",-8,45.5
"149",-9,44.5
"149",-10,44.5
"149",-11,43.5
"149",-11,42.5
"149",-11,41.5
"149",-11,40.5
"149",-11,39.5
"149",-11,38.5
"149",-11,37.5
"149",-11,36.5
"149",-11,35.5
"149",-11,34.5
"149",-11,33.5
"149",-11,32.5
"149",-12,31.5
"149",-13,30.5
"149",-13,29.5
"149",-14,28.5
"149",-15,27.5
"149",-16,26.5
"149",-17,25.5
"149",-18,24.5
"149",-18,23.5
"149",-18,22.5
"149",-18,21.5
"149",-18,20.5
"149",-18,19.5
"149",-18,18.5
"149",-18,17.5
"149",-18,16.5
"149",-18,15.5
"149",-18,14.5
"149",-18,13.5
"149",-18,12.5
"149",-18,11.5
"149",-18,10.5
"149",-18,9.5
"149",-18,8.5
"149",-18,7.5
"149",-18,6.5
"149",-18,5.5
"149",-18,4.5
"149",-18,3.5
"149",-18,2.5
"149",-18,1.5
"149",-18,0.5
"149",-18,-0.5
"149",-18,-1.5
"149",-17,-2.5
"149",-16,-3.5
"149",-16,-4.5
"149",-16,-5.5
"149",-16,-6.5
"149",-16,-7.5
"149",-16,-8.5
"149",-16,-9.5
"149",-16,-10.5
"149",-16,-11.5
"149",-16,-12.5
"149",-16,-13.5
"149",-16,-14.5
"149",-16,-15.5
"149",-16,-16.5
"149",-16,-17.5
"149",-16,-18.5
"149",-16,-19.5
"149",-16,-20.5
"149",-16,-21.5
"149",-16,-22.5
"149",-16,-23.5
"149",-16,-24.5
"149",-16,-25.5
"149",-16,-26.5
"149",-16,-27.5
"149",-16,-28.5
"149",-16,-29.5
"149",-16,-30.5
"149",-16,-31.5
"149",-15,-32.5
"149",-14,-33.5
"149",-13,-34.5
"149",-12,-35.5
"149",-11,-36.5
"149",-10,-37.5
"149",-9,-38.5
"149",-8,-39.5
"149",-7,-39.5
"149",-6,-40.5
"149",-5,-41.5
"149",-4,-41.5
"149",-3,-42.5
"149",-2,-42.5
"149",-1,-42.5
"149",0,-43.5
"149",1,-43.5
"149",2,-44.5
"149",3,-45.5
"149",4,-45.5
"149",5,-45.5
"149",6,-45.5
"149",7,-45.5
"149",8,-45.5
"149",9,-45.5
"149",10,-45.5
"149",11,-45.5
"149",12,-45.5
"149",13,-45.5
"149",14,-45.5
"149",15,-45.5
"149",16,-45.5
"149",17,-45.5
"149",18,-45.5
"149",19,-45.5
"149",20,-45.5
"149",21,-45.5
"149",22,-45.5
"149",23,-45.5
"149",24,-45.5
"149",25,-45.5
"150",-5,54.5
"150",-5,53.5
"150",-5,52.5
"150",-5,51.5
"150",-5,50.5
"150",-5,49.5
"150",-5,48.5
"150",-5,47.5
"150",-6,46.5
"150",-7,46.5
"150",-8,45.5
"150",-9,44.5
"150",-10,44.5
"150",-11,43.5
"150",-11,42.5
"150",-11,41.5
"150",-11,40.5
"150",-11,39.5
"150",-11,38.5
"150",-11,37.5
"150",-11,36.5
"150",-11,35.5
"150",-11,34.5
"150",-11,33.5
"150",-11,32.5
"150",-12,31.5
"150",-13,30.5
"150",-14,29.5
"150",-14,28.5
"150",-15,27.5
"150",-16,26.5
"150",-17,25.5
"150",-18,24.5
"150",-18,23.5
"150",-18,22.5
"150",-18,21.5
"150",-18,20.5
"150",-18,19.5
"150",-18,18.5
"150",-18,17.5
"150",-18,16.5
"150",-18,15.5
"150",-18,14.5
"150",-18,13.5
"150",-18,12.5
"150",-18,11.5
"150",-18,10.5
"150",-18,9.5
"150",-18,8.5
"150",-17,7.5
"150",-16,6.5
"150",-16,5.5
"150",-16,4.5
"150",-16,3.5
"150",-16,2.5
"150",-16,1.5
"150",-16,0.5
"150",-16,-0.5
"150",-16,-1.5
"150",-16,-2.5
"150",-16,-3.5
"150",-16,-4.5
"150",-16,-5.5
"150",-16,-6.5
"150",-16,-7.5
"150",-16,-8.5
"150",-16,-9.5
"150",-16,-10.5
"150",-16,-11.5
"150",-16,-12.5
"150",-16,-13.5
"150",-16,-14.5
"150",-16,-15.5
"150",-16,-16.5
"150",-16,-17.5
"150",-16,-18.5
"150",-16,-19.5
"150",-16,-20.5
"150",-16,-21.5
"150",-16,-22.5
"150",-16,-23.5
"150",-16,-24.5
"150",-16,-25.5
"150",-16,-26.5
"150",-16,-27.5
"150",-16,-28.5
"150",-16,-29.5
"150",-16,-30.5
"150",-16,-31.5
"150",-15,-32.5
"150",-14,-32.5
"150",-13,-33.5
"150",-12,-33.5
"150",-11,-34.5
"150",-10,-35.5
"150",-9,-35.5
"150",-8,-36.5
"150",-7,-36.5
"150",-6,-37.5
"150",-5,-38.5
"150",-4,-39.5
"150",-3,-39.5
"150",-2,-40.5
"150",-1,-40.5
"150",0,-41.5
"150",1,-41.5
"150",2,-42.5
"150",3,-42.5
"150",4,-42.5
"150",5,-42.5
"150",6,-42.5
"150",7,-42.5
"150",8,-42.5
"150",9,-42.5
"150",10,-42.5
"150",11,-42.5
"150",12,-43.5
"150",13,-43.5
"150",14,-43.5
"150",15,-43.5
"150",16,-43.5
"150",17,-43.5
"150",18,-43.5
"150",19,-43.5
"150",20,-43.5
"150",21,-43.5
"150",22,-43.5
"150",23,-44.5
"150",24,-44.5
"150",25,-45.5
"151",-5,54.5
"151",-5,53.5
"151",-5,52.5
"151",-5,51.5
"151",-5,50.5
"151",-5,49.5
"151",-5,48.5
"151",-5,47.5
"151",-6,46.5
"151",-7,46.5
"151",-8,45.5
"151",-9,44.5
"151",-10,44.5
"151",-11,43.5
"151",-10,42.5
"151",-11,41.5
"151",-11,40.5
"151",-11,39.5
"151",-12,38.5
"151",-13,37.5
"151",-14,37.5
"151",-14,36.5
"151",-14,35.5
"151",-14,34.5
"151",-14,33.5
"151",-14,32.5
"151",-14,31.5
"151",-14,30.5
"151",-14,29.5
"151",-14,28.5
"151",-15,27.5
"151",-16,26.5
"151",-17,25.5
"151",-18,24.5
"151",-18,23.5
"151",-18,22.5
"151",-18,21.5
"151",-18,20.5
"151",-18,19.5
"151",-18,18.5
"151",-18,17.5
"151",-18,16.5
"151",-18,15.5
"151",-18,14.5
"151",-18,13.5
"151",-18,12.5
"151",-18,11.5
"151",-18,10.5
"151",-18,9.5
"151",-17,8.5
"151",-16,8.5
"151",-16,7.5
"151",-16,6.5
"151",-16,5.5
"151",-16,4.5
"151",-16,3.5
"151",-16,2.5
"151",-16,1.5
"151",-16,0.5
"151",-16,-0.5
"151",-16,-1.5
"151",-16,-2.5
"151",-16,-3.5
"151",-16,-4.5
"151",-16,-5.5
"151",-16,-6.5
"151",-16,-7.5
"151",-16,-8.5
"151",-16,-9.5
"151",-16,-10.5
"151",-16,-11.5
"151",-16,-12.5
"151",-16,-13.5
"151",-16,-14.5
"151",-16,-15.5
"151",-16,-16.5
"151",-16,-17.5
"151",-16,-18.5
"151",-16,-19.5
"151",-16,-20.5
"151",-16,-21.5
"151",-16,-22.5
"151",-16,-23.5
"151",-16,-24.5
"151",-16,-25.5
"151",-16,-26.5
"151",-16,-27.5
"151",-16,-28.5
"151",-16,-29.5
"151",-16,-30.5
"151",-16,-31.5
"151",-15,-32.5
"151",-14,-32.5
"151",-13,-33.5
"151",-12,-33.5
"151",-11,-34.5
"151",-10,-35.5
"151",-9,-35.5
"151",-8,-36.5
"151",-7,-36.5
"151",-6,-37.5
"151",-5,-38.5
"151",-4,-38.5
"151",-3,-39.5
"151",-2,-40.5
"151",-1,-40.5
"151",0,-41.5
"151",1,-41.5
"151",2,-42.5
"151",3,-42.5
"151",4,-42.5
"151",5,-42.5
"151",6,-42.5
"151",7,-42.5
"151",8,-42.5
"151",9,-42.5
"151",10,-42.5
"151",11,-42.5
"151",12,-43.5
"151",13,-43.5
"151",14,-43.5
"151",15,-43.5
"151",16,-43.5
"151",17,-43.5
"151",18,-43.5
"151",19,-43.5
"151",20,-43.5
"151",21,-43.5
"151",22,-43.5
"151",23,-44.5
"151",24,-44.5
"151",25,-45.5
"152",-5,54.5
"152",-5,53.5
"152",-5,52.5
"152",-5,51.5
"152",-5,50.5
"152",-5,49.5
"152",-5,48.5
"152",-5,47.5
"152",-6,47.5
"152",-6,46.5
"152",-7,46.5
"152",-8,45.5
"152",-9,44.5
"152",-10,44.5
"152",-11,43.5
"152",-10,42.5
"152",-11,41.5
"152",-11,40.5
"152",-11,39.5
"152",-12,38.5
"152",-13,37.5
"152",-14,37.5
"152",-14,36.5
"152",-14,35.5
"152",-14,34.5
"152",-14,33.5
"152",-14,32.5
"152",-14,31.5
"152",-14,30.5
"152",-14,29.5
"152",-15,28.5
"152",-16,28.5
"152",-17,28.5
"152",-18,27.5
"152",-18,26.5
"152",-18,25.5
"152",-18,24.5
"152",-18,23.5
"152",-18,22.5
"152",-18,21.5
"152",-18,20.5
"152",-18,19.5
"152",-18,18.5
"152",-18,17.5
"152",-18,16.5
"152",-18,15.5
"152",-18,14.5
"152",-18,13.5
"152",-18,12.5
"152",-18,11.5
"152",-18,10.5
"152",-18,9.5
"152",-17,8.5
"152",-16,8.5
"152",-16,7.5
"152",-16,6.5
"152",-16,5.5
"152",-16,4.5
"152",-16,3.5
"152",-16,2.5
"152",-16,1.5
"152",-16,0.5
"152",-16,-0.5
"152",-16,-1.5
"152",-16,-2.5
"152",-16,-3.5
"152",-16,-4.5
"152",-16,-5.5
"152",-16,-6.5
"152",-16,-7.5
"152",-16,-8.5
"152",-16,-9.5
"152",-16,-10.5
"152",-16,-11.5
"152",-16,-12.5
"152",-16,-13.5
"152",-16,-14.5
"152",-16,-15.5
"152",-16,-16.5
"152",-16,-17.5
"152",-16,-18.5
"152",-16,-19.5
"152",-16,-20.5
"152",-16,-21.5
"152",-16,-22.5
"152",-16,-23.5
"152",-16,-24.5
"152",-16,-25.5
"152",-16,-26.5
"152",-16,-27.5
"152",-16,-28.5
"152",-16,-29.5
"152",-16,-30.5
"152",-15,-31.5
"152",-14,-31.5
"152",-13,-32.5
"152",-12,-32.5
"152",-11,-33.5
"152",-10,-34.5
"152",-9,-34.5
"152",-8,-35.5
"152",-7,-35.5
"152",-7,-36.5
"152",-6,-37.5
"152",-5,-38.5
"152",-4,-38.5
"152",-3,-39.5
"152",-2,-40.5
"152",-1,-40.5
"152",0,-41.5
"152",1,-41.5
"152",1,-42.5
"152",2,-43.5
"152",3,-44.5
"152",4,-44.5
"152",5,-44.5
"152",6,-44.5
"152",7,-44.5
"152",8,-45.5
"152",9,-45.5
"152",10,-45.5
"152",11,-45.5
"152",12,-45.5
"152",13,-45.5
"152",14,-46.5
"152",15,-46.5
"152",16,-46.5
"152",17,-47.5
"152",18,-47.5
"152",19,-47.5
"152",20,-47.5
"152",21,-47.5
"152",22,-47.5
"152",23,-46.5
"152",24,-46.5
"152",25,-45.5
"153",-5,54.5
"153",-5,53.5
"153",-5,52.5
"153",-5,51.5
"153",-5,50.5
"153",-5,49.5
"153",-5,48.5
"153",-5,47.5
"153",-6,47.5
"153",-6,46.5
"153",-7,46.5
"153",-8,45.5
"153",-9,44.5
"153",-10,44.5
"153",-11,43.5
"153",-10,42.5
"153",-11,41.5
"153",-10,40.5
"153",-11,39.5
"153",-12,38.5
"153",-13,37.5
"153",-14,37.5
"153",-14,36.5
"153",-14,35.5
"153",-14,34.5
"153",-14,33.5
"153",-14,32.5
"153",-14,31.5
"153",-14,30.5
"153",-14,29.5
"153",-14,28.5
"153",-15,28.5
"153",-16,28.5
"153",-17,28.5
"153",-18,27.5
"153",-18,26.5
"153",-18,25.5
"153",-18,24.5
"153",-18,23.5
"153",-18,22.5
"153",-18,21.5
"153",-18,20.5
"153",-18,19.5
"153",-18,18.5
"153",-18,17.5
"153",-18,16.5
"153",-18,15.5
"153",-18,14.5
"153",-18,13.5
"153",-18,12.5
"153",-18,11.5
"153",-18,10.5
"153",-18,9.5
"153",-18,8.5
"153",-18,7.5
"153",-18,6.5
"153",-17,5.5
"153",-16,5.5
"153",-16,4.5
"153",-16,3.5
"153",-16,2.5
"153",-16,1.5
"153",-16,0.5
"153",-16,-0.5
"153",-16,-1.5
"153",-16,-2.5
"153",-16,-3.5
"153",-16,-4.5
"153",-16,-5.5
"153",-16,-6.5
"153",-16,-7.5
"153",-16,-8.5
"153",-16,-9.5
"153",-16,-10.5
"153",-16,-11.5
"153",-16,-12.5
"153",-16,-13.5
"153",-16,-14.5
"153",-16,-15.5
"153",-16,-16.5
"153",-16,-17.5
"153",-16,-18.5
"153",-16,-19.5
"153",-16,-20.5
"153",-16,-21.5
"153",-16,-22.5
"153",-16,-23.5
"153",-16,-24.5
"153",-16,-25.5
"153",-16,-26.5
"153",-16,-27.5
"153",-16,-28.5
"153",-16,-29.5
"153",-16,-30.5
"153",-15,-31.5
"153",-14,-31.5
"153",-13,-31.5
"153",-12,-31.5
"153",-11,-32.5
"153",-11,-33.5
"153",-10,-34.5
"153",-9,-34.5
"153",-8,-35.5
"153",-7,-35.5
"153",-7,-36.5
"153",-6,-37.5
"153",-5,-38.5
"153",-4,-38.5
"153",-3,-39.5
"153",-2,-40.5
"153",-1,-40.5
"153",0,-41.5
"153",1,-41.5
"153",1,-42.5
"153",1,-43.5
"153",1,-44.5
"153",2,-45.5
"153",3,-46.5
"153",4,-46.5
"153",5,-46.5
"153",6,-46.5
"153",7,-46.5
"153",8,-47.5
"153",9,-48.5
"153",10,-48.5
"153",11,-48.5
"153",12,-49.5
"153",13,-49.5
"153",14,-49.5
"153",15,-48.5
"153",16,-48.5
"153",17,-49.5
"153",18,-49.5
"153",19,-49.5
"153",20,-49.5
"153",21,-48.5
"153",22,-48.5
"153",23,-47.5
"153",24,-46.5
"153",25,-45.5
"154",-5,54.5
"154",-5,53.5
"154",-5,52.5
"154",-5,51.5
"154",-5,50.5
"154",-6,49.5
"154",-7,48.5
"154",-8,47.5
"154",-9,46.5
"154",-10,45.5
"154",-11,44.5
"154",-11,43.5
"154",-11,42.5
"154",-11,41.5
"154",-11,40.5
"154",-11,39.5
"154",-11,38.5
"154",-11,37.5
"154",-11,36.5
"154",-11,35.5
"154",-11,34.5
"154",-11,33.5
"154",-11,32.5
"154",-11,31.5
"154",-12,30.5
"154",-13,29.5
"154",-14,28.5
"154",-15,27.5
"154",-16,26.5
"154",-17,25.5
"154",-18,24.5
"154",-18,23.5
"154",-18,22.5
"154",-18,21.5
"154",-18,20.5
"154",-18,19.5
"154",-18,18.5
"154",-18,17.5
"154",-18,16.5
"154",-18,15.5
"154",-18,14.5
"154",-18,13.5
"154",-18,12.5
"154",-18,11.5
"154",-18,10.5
"154",-18,9.5
"154",-18,8.5
"154",-18,7.5
"154",-18,6.5
"154",-18,5.5
"154",-18,4.5
"154",-18,3.5
"154",-18,2.5
"154",-18,1.5
"154",-18,0.5
"154",-18,-0.5
"154",-18,-1.5
"154",-18,-2.5
"154",-18,-3.5
"154",-18,-4.5
"154",-18,-5.5
"154",-18,-6.5
"154",-18,-7.5
"154",-18,-8.5
"154",-18,-9.5
"154",-18,-10.5
"154",-18,-11.5
"154",-18,-12.5
"154",-18,-13.5
"154",-18,-14.5
"154",-18,-15.5
"154",-18,-16.5
"154",-18,-17.5
"154",-18,-18.5
"154",-18,-19.5
"154",-18,-20.5
"154",-18,-21.5
"154",-18,-22.5
"154",-18,-23.5
"154",-18,-24.5
"154",-18,-25.5
"154",-18,-26.5
"154",-18,-27.5
"154",-18,-28.5
"154",-18,-29.5
"154",-18,-30.5
"154",-18,-31.5
"154",-17,-32.5
"154",-16,-33.5
"154",-15,-34.5
"154",-14,-35.5
"154",-13,-36.5
"154",-12,-37.5
"154",-11,-38.5
"154",-10,-39.5
"154",-9,-40.5
"154",-8,-41.5
"154",-7,-42.5
"154",-6,-43.5
"154",-5,-44.5
"154",-4,-45.5
"154",-3,-45.5
"154",-2,-45.5
"154",-1,-45.5
"154",0,-45.5
"154",1,-45.5
"154",2,-45.5
"154",3,-45.5
"154",4,-45.5
"154",5,-45.5
"154",6,-45.5
"154",7,-45.5
"154",8,-45.5
"154",9,-45.5
"154",10,-45.5
"154",11,-45.5
"154",12,-45.5
"154",13,-45.5
"154",14,-45.5
"154",15,-45.5
"154",16,-45.5
"154",17,-45.5
"154",18,-45.5
"154",19,-45.5
"154",20,-45.5
"154",21,-45.5
"154",22,-45.5
"154",23,-45.5
"154",24,-45.5
"154",25,-45.5
"155",-5,54.5
"155",-5,53.5
"155",-5,52.5
"155",-5,51.5
"155",-5,50.5
"155",-6,49.5
"155",-6,48.5
"155",-6,47.5
"155",-6,46.5
"155",-7,46.5
"155",-8,45.5
"155",-9,44.5
"155",-10,44.5
"155",-11,43.5
"155",-11,42.5
"155",-11,41.5
"155",-11,40.5
"155",-11,39.5
"155",-11,38.5
"155",-11,37.5
"155",-11,36.5
"155",-11,35.5
"155",-11,34.5
"155",-11,33.5
"155",-11,32.5
"155",-12,31.5
"155",-13,30.5
"155",-13,29.5
"155",-14,28.5
"155",-15,27.5
"155",-16,26.5
"155",-17,25.5
"155",-18,24.5
"155",-18,23.5
"155",-18,22.5
"155",-18,21.5
"155",-18,20.5
"155",-18,19.5
"155",-18,18.5
"155",-18,17.5
"155",-18,16.5
"155",-18,15.5
"155",-18,14.5
"155",-18,13.5
"155",-18,12.5
"155",-18,11.5
"155",-18,10.5
"155",-18,9.5
"155",-18,8.5
"155",-17,7.5
"155",-16,6.5
"155",-16,5.5
"155",-16,4.5
"155",-16,3.5
"155",-16,2.5
"155",-16,1.5
"155",-16,0.5
"155",-16,-0.5
"155",-16,-1.5
"155",-16,-2.5
"155",-16,-3.5
"155",-16,-4.5
"155",-16,-5.5
"155",-16,-6.5
"155",-16,-7.5
"155",-16,-8.5
"155",-16,-9.5
"155",-16,-10.5
"155",-16,-11.5
"155",-16,-12.5
"155",-16,-13.5
"155",-16,-14.5
"155",-16,-15.5
"155",-16,-16.5
"155",-16,-17.5
"155",-16,-18.5
"155",-16,-19.5
"155",-16,-20.5
"155",-16,-21.5
"155",-16,-22.5
"155",-16,-23.5
"155",-16,-24.5
"155",-16,-25.5
"155",-16,-26.5
"155",-16,-27.5
"155",-16,-28.5
"155",-16,-29.5
"155",-16,-30.5
"155",-16,-31.5
"155",-15,-32.5
"155",-14,-33.5
"155",-13,-34.5
"155",-12,-35.5
"155",-11,-36.5
"155",-10,-37.5
"155",-9,-38.5
"155",-8,-39.5
"155",-7,-39.5
"155",-6,-40.5
"155",-5,-41.5
"155",-4,-41.5
"155",-3,-42.5
"155",-2,-42.5
"155",-1,-42.5
"155",0,-43.5
"155",1,-43.5
"155",2,-44.5
"155",3,-45.5
"155",4,-45.5
"155",5,-45.5
"155",6,-45.5
"155",7,-45.5
"155",8,-45.5
"155",9,-45.5
"155",10,-45.5
"155",11,-45.5
"155",12,-45.5
"155",13,-45.5
"155",14,-45.5
"155",15,-45.5
"155",16,-45.5
"155",17,-45.5
"155",18,-45.5
"155",19,-45.5
"155",20,-45.5
"155",21,-45.5
"155",22,-45.5
"155",23,-45.5
"155",24,-45.5
"155",25,-45.5
"156",-5,54.5
"156",-5,53.5
"156",-5,52.5
"156",-5,51.5
"156",-5,50.5
"156",-5,49.5
"156",-5,48.5
"156",-5,47.5
"156",-6,46.5
"156",-7,46.5
"156",-8,45.5
"156",-9,44.5
"156",-10,44.5
"156",-11,43.5
"156",-11,42.5
"156",-11,41.5
"156",-11,40.5
"156",-11,39.5
"156",-11,38.5
"156",-11,37.5
"156",-11,36.5
"156",-11,35.5
"156",-11,34.5
"156",-11,33.5
"156",-11,32.5
"156",-12,31.5
"156",-13,30.5
"156",-14,29.5
"156",-14,28.5
"156",-15,27.5
"156",-16,26.5
"156",-17,25.5
"156",-18,24.5
"156",-18,23.5
"156",-18,22.5
"156",-18,21.5
"156",-18,20.5
"156",-18,19.5
"156",-18,18.5
"156",-18,17.5
"156",-18,16.5
"156",-18,15.5
"156",-18,14.5
"156",-18,13.5
"156",-18,12.5
"156",-18,11.5
"156",-18,10.5
"156",-18,9.5
"156",-18,8.5
"156",-17,7.5
"156",-16,6.5
"156",-16,5.5
"156",-16,4.5
"156",-16,3.5
"156",-16,2.5
"156",-16,1.5
"156",-16,0.5
"156",-16,-0.5
"156",-16,-1.5
"156",-16,-2.5
"156",-16,-3.5
"156",-16,-4.5
"156",-16,-5.5
"156",-16,-6.5
"156",-16,-7.5
"156",-16,-8.5
"156",-16,-9.5
"156",-16,-10.5
"156",-16,-11.5
"156",-16,-12.5
"156",-16,-13.5
"156",-16,-14.5
"156",-16,-15.5
"156",-16,-16.5
"156",-16,-17.5
"156",-16,-18.5
"156",-16,-19.5
"156",-16,-20.5
"156",-16,-21.5
"156",-16,-22.5
"156",-16,-23.5
"156",-16,-24.5
"156",-16,-25.5
"156",-16,-26.5
"156",-16,-27.5
"156",-16,-28.5
"156",-16,-29.5
"156",-16,-30.5
"156",-16,-31.5
"156",-15,-32.5
"156",-14,-32.5
"156",-13,-33.5
"156",-12,-33.5
"156",-11,-34.5
"156",-10,-35.5
"156",-9,-35.5
"156",-8,-36.5
"156",-7,-36.5
"156",-6,-37.5
"156",-5,-38.5
"156",-4,-39.5
"156",-3,-39.5
"156",-2,-40.5
"156",-1,-41.5
"156",0,-42.5
"156",1,-42.5
"156",2,-43.5
"156",3,-44.5
"156",4,-44.5
"156",5,-44.5
"156",6,-44.5
"156",7,-44.5
"156",8,-45.5
"156",9,-45.5
"156",10,-45.5
"156",11,-45.5
"156",12,-45.5
"156",13,-45.5
"156",14,-45.5
"156",15,-45.5
"156",16,-45.5
"156",17,-45.5
"156",18,-45.5
"156",19,-45.5
"156",20,-45.5
"156",21,-45.5
"156",22,-45.5
"156",23,-45.5
"156",24,-45.5
"156",25,-45.5
"157",-5,54.5
"157",-5,53.5
"157",-5,52.5
"157",-5,51.5
"157",-5,50.5
"157",-5,49.5
"157",-5,48.5
"157",-5,47.5
"157",-6,46.5
"157",-7,46.5
"157",-8,45.5
"157",-9,44.5
"157",-10,44.5
"157",-11,43.5
"157",-11,42.5
"157",-11,41.5
"157",-11,40.5
"157",-11,39.5
"157",-12,38.5
"157",-13,37.5
"157",-14,37.5
"157",-14,36.5
"157",-14,35.5
"157",-14,34.5
"157",-14,33.5
"157",-14,32.5
"157",-14,31.5
"157",-14,30.5
"157",-14,29.5
"157",-15,28.5
"157",-16,28.5
"157",-17,28.5
"157",-18,27.5
"157",-18,26.5
"157",-18,25.5
"157",-18,24.5
"157",-18,23.5
"157",-18,22.5
"157",-18,21.5
"157",-18,20.5
"157",-18,19.5
"157",-18,18.5
"157",-18,17.5
"157",-18,16.5
"157",-18,15.5
"157",-18,14.5
"157",-18,13.5
"157",-18,12.5
"157",-18,11.5
"157",-18,10.5
"157",-18,9.5
"157",-17,8.5
"157",-16,8.5
"157",-16,7.5
"157",-16,6.5
"157",-16,5.5
"157",-16,4.5
"157",-16,3.5
"157",-16,2.5
"157",-16,1.5
"157",-16,0.5
"157",-16,-0.5
"157",-16,-1.5
"157",-16,-2.5
"157",-16,-3.5
"157",-16,-4.5
"157",-16,-5.5
"157",-16,-6.5
"157",-16,-7.5
"157",-16,-8.5
"157",-16,-9.5
"157",-16,-10.5
"157",-16,-11.5
"157",-16,-12.5
"157",-16,-13.5
"157",-16,-14.5
"157",-16,-15.5
"157",-16,-16.5
"157",-16,-17.5
"157",-16,-18.5
"157",-16,-19.5
"157",-16,-20.5
"157",-16,-21.5
"157",-16,-22.5
"157",-16,-23.5
"157",-16,-24.5
"157",-16,-25.5
"157",-16,-26.5
"157",-16,-27.5
"157",-16,-28.5
"157",-16,-29.5
"157",-16,-30.5
"157",-16,-31.5
"157",-16,-32.5
"157",-15,-33.5
"157",-14,-33.5
"157",-13,-34.5
"157",-12,-34.5
"157",-11,-35.5
"157",-10,-36.5
"157",-9,-36.5
"157",-8,-37.5
"157",-7,-37.5
"157",-6,-38.5
"157",-5,-38.5
"157",-4,-38.5
"157",-3,-39.5
"157",-2,-40.5
"157",-1,-40.5
"157",0,-41.5
"157",1,-41.5
"157",1,-42.5
"157",2,-43.5
"157",3,-44.5
"157",4,-44.5
"157",5,-44.5
"157",6,-44.5
"157",7,-44.5
"157",8,-45.5
"157",9,-45.5
"157",10,-45.5
"157",11,-45.5
"157",12,-45.5
"157",13,-45.5
"157",14,-46.5
"157",15,-46.5
"157",16,-46.5
"157",17,-47.5
"157",18,-47.5
"157",19,-47.5
"157",20,-47.5
"157",21,-47.5
"157",22,-47.5
"157",23,-46.5
"157",24,-46.5
"157",25,-45.5
"158",-5,54.5
"158",-5,53.5
"158",-5,52.5
"158",-5,51.5
"158",-5,50.5
"158",-5,49.5
"158",-5,48.5
"158",-5,47.5
"158",-6,47.5
"158",-6,46.5
"158",-7,46.5
"158",-8,45.5
"158",-9,44.5
"158",-10,44.5
"158",-11,43.5
"158",-10,42.5
"158",-11,41.5
"158",-11,40.5
"158",-11,39.5
"158",-12,38.5
"158",-13,37.5
"158",-14,37.5
"158",-14,36.5
"158",-14,35.5
"158",-14,34.5
"158",-14,33.5
"158",-14,32.5
"158",-14,31.5
"158",-14,30.5
"158",-14,29.5
"158",-15,28.5
"158",-16,28.5
"158",-17,28.5
"158",-18,27.5
"158",-18,26.5
"158",-18,25.5
"158",-18,24.5
"158",-18,23.5
"158",-18,22.5
"158",-18,21.5
"158",-18,20.5
"158",-18,19.5
"158",-18,18.5
"158",-18,17.5
"158",-18,16.5
"158",-18,15.5
"158",-18,14.5
"158",-18,13.5
"158",-18,12.5
"158",-18,11.5
"158",-18,10.5
"158",-18,9.5
"158",-18,8.5
"158",-18,7.5
"158",-18,6.5
"158",-17,5.5
"158",-16,5.5
"158",-16,4.5
"158",-16,3.5
"158",-16,2.5
"158",-16,1.5
"158",-16,0.5
"158",-16,-0.5
"158",-16,-1.5
"158",-16,-2.5
"158",-16,-3.5
"158",-16,-4.5
"158",-16,-5.5
"158",-16,-6.5
"158",-16,-7.5
"158",-16,-8.5
"158",-16,-9.5
"158",-16,-10.5
"158",-16,-11.5
"158",-16,-12.5
"158",-16,-13.5
"158",-16,-14.5
"158",-16,-15.5
"158",-16,-16.5
"158",-16,-17.5
"158",-16,-18.5
"158",-16,-19.5
"158",-16,-20.5
"158",-16,-21.5
"158",-16,-22.5
"158",-16,-23.5
"158",-16,-24.5
"158",-16,-25.5
"158",-16,-26.5
"158",-16,-27.5
"158",-16,-28.5
"158",-16,-29.5
"158",-16,-30.5
"158",-15,-31.5
"158",-14,-31.5
"158",-13,-32.5
"158",-12,-32.5
"158",-11,-33.5
"158",-10,-34.5
"158",-9,-34.5
"158",-8,-35.5
"158",-7,-35.5
"158",-7,-36.5
"158",-6,-37.5
"158",-5,-38.5
"158",-4,-38.5
"158",-3,-39.5
"158",-2,-40.5
"158",-1,-40.5
"158",0,-41.5
"158",1,-41.5
"158",1,-42.5
"158",1,-43.5
"158",2,-44.5
"158",3,-45.5
"158",4,-45.5
"158",5,-46.5
"158",6,-46.5
"158",7,-46.5
"158",8,-47.5
"158",9,-48.5
"158",10,-48.5
"158",11,-48.5
"158",12,-49.5
"158",13,-49.5
"158",14,-49.5
"158",15,-48.5
"158",16,-48.5
"158",17,-49.5
"158",18,-49.5
"158",19,-49.5
"158",20,-49.5
"158",21,-48.5
"158",22,-48.5
"158",23,-47.5
"158",24,-46.5
"158",25,-45.5
"159",-5,54.5
"159",-5,53.5
"159",-5,52.5
"159",-5,51.5
"159",-5,50.5
"159",-6,49.5
"159",-7,48.5
"159",-8,47.5
"159",-9,46.5
"159",-10,45.5
"159",-11,44.5
"159",-11,43.5
"159",-11,42.5
"159",-11,41.5
"159",-11,40.5
"159",-11,39.5
"159",-11,38.5
"159",-11,37.5
"159",-11,36.5
"159",-11,35.5
"159",-11,34.5
"159",-11,33.5
"159",-11,32.5
"159",-11,31.5
"159",-12,30.5
"159",-13,29.5
"159",-14,28.5
"159",-15,27.5
"159",-16,26.5
"159",-17,25.5
"159",-18,24.5
"159",-18,23.5
"159",-18,22.5
"159",-18,21.5
"159",-18,20.5
"159",-18,19.5
"159",-18,18.5
"159",-18,17.5
"159",-18,16.5
"159",-18,15.5
"159",-18,14.5
"159",-18,13.5
"159",-18,12.5
"159",-18,11.5
"159",-18,10.5
"159",-18,9.5
"159",-18,8.5
"159",-18,7.5
"159",-18,6.5
"159",-18,5.5
"159",-18,4.5
"159",-18,3.5
"159",-18,2.5
"159",-18,1.5
"159",-18,0.5
"159",-18,-0.5
"159",-18,-1.5
"159",-18,-2.5
"159",-18,-3.5
"159",-18,-4.5
"159",-18,-5.5
"159",-18,-6.5
"159",-18,-7.5
"159",-18,-8.5
"159",-18,-9.5
"159",-18,-10.5
"159",-18,-11.5
"159",-18,-12.5
"159",-18,-13.5
"159",-18,-14.5
"159",-18,-15.5
"159",-18,-16.5
"159",-18,-17.5
"159",-18,-18.5
"159",-18,-19.5
"159",-18,-20.5
"159",-18,-21.5
"159",-18,-22.5
"159",-18,-23.5
"159",-18,-24.5
"159",-18,-25.5
"159",-18,-26.5
"159",-18,-27.5
"159",-18,-28.5
"159",-18,-29.5
"159",-18,-30.5
"159",-17,-31.5
"159",-16,-32.5
"159",-15,-33.5
"159",-14,-34.5
"159",-13,-35.5
"159",-12,-36.5
"159",-11,-37.5
"159",-10,-38.5
"159",-9,-39.5
"159",-8,-40.5
"159",-7,-41.5
"159",-6,-42.5
"159",-5,-43.5
"159",-4,-44.5
"159",-3,-45.5
"159",-2,-45.5
"159",-1,-45.5
"159",0,-45.5
"159",1,-45.5
"159",2,-45.5
"159",3,-45.5
"159",4,-45.5
"159",5,-45.5
"159",6,-45.5
"159",7,-45.5
"159",8,-45.5
"159",9,-45.5
"159",10,-45.5
"159",11,-45.5
"159",12,-45.5
"159",13,-45.5
"159",14,-45.5
"159",15,-45.5
"159",16,-45.5
"159",17,-45.5
"159",18,-45.5
"159",19,-45.5
"159",20,-45.5
"159",21,-45.5
"159",22,-45.5
"159",23,-45.5
"159",24,-45.5
"159",25,-45.5
"160",-5,54.5
"160",-5,53.5
"160",-5,52.5
"160",-5,51.5
"160",-5,50.5
"160",-6,49.5
"160",-6,48.5
"160",-6,47.5
"160",-6,46.5
"160",-7,46.5
"160",-8,45.5
"160",-9,44.5
"160",-10,44.5
"160",-11,43.5
"160",-11,42.5
"160",-11,41.5
"160",-11,40.5
"160",-11,39.5
"160",-11,38.5
"160",-11,37.5
"160",-11,36.5
"160",-11,35.5
"160",-11,34.5
"160",-11,33.5
"160",-11,32.5
"160",-12,31.5
"160",-13,30.5
"160",-13,29.5
"160",-14,28.5
"160",-15,27.5
"160",-16,26.5
"160",-17,25.5
"160",-18,24.5
"160",-18,23.5
"160",-18,22.5
"160",-18,21.5
"160",-18,20.5
"160",-18,19.5
"160",-18,18.5
"160",-18,17.5
"160",-18,16.5
"160",-18,15.5
"160",-18,14.5
"160",-18,13.5
"160",-18,12.5
"160",-18,11.5
"160",-18,10.5
"160",-18,9.5
"160",-18,8.5
"160",-17,7.5
"160",-16,6.5
"160",-16,5.5
"160",-16,4.5
"160",-16,3.5
"160",-16,2.5
"160",-16,1.5
"160",-16,0.5
"160",-16,-0.5
"160",-16,-1.5
"160",-16,-2.5
"160",-16,-3.5
"160",-16,-4.5
"160",-16,-5.5
"160",-16,-6.5
"160",-16,-7.5
"160",-16,-8.5
"160",-16,-9.5
"160",-16,-10.5
"160",-16,-11.5
"160",-16,-12.5
"160",-16,-13.5
"160",-16,-14.5
"160",-16,-15.5
"160",-16,-16.5
"160",-16,-17.5
"160",-16,-18.5
"160",-16,-19.5
"160",-16,-20.5
"160",-16,-21.5
"160",-16,-22.5
"160",-16,-23.5
"160",-16,-24.5
"160",-16,-25.5
"160",-16,-26.5
"160",-16,-27.5
"160",-16,-28.5
"160",-16,-29.5
"160",-16,-30.5
"160",-16,-31.5
"160",-15,-32.5
"160",-14,-33.5
"160",-13,-34.5
"160",-12,-35.5
"160",-11,-36.5
"160",-10,-37.5
"160",-9,-38.5
"160",-8,-39.5
"160",-7,-39.5
"160",-6,-40.5
"160",-5,-41.5
"160",-4,-41.5
"160",-3,-42.5
"160",-2,-42.5
"160",-1,-42.5
"160",0,-43.5
"160",1,-43.5
"160",2,-44.5
"160",3,-45.5
"160",4,-45.5
"160",5,-45.5
"160",6,-45.5
"160",7,-45.5
"160",8,-45.5
"160",9,-45.5
"160",10,-45.5
"160",11,-45.5
"160",12,-45.5
"160",13,-45.5
"160",14,-45.5
"160",15,-45.5
"160",16,-45.5
"160",17,-45.5
"160",18,-45.5
"160",19,-45.5
"160",20,-45.5
"160",21,-45.5
"160",22,-45.5
"160",23,-45.5
"160",24,-45.5
"160",25,-45.5
"161",-5,54.5
"161",-5,53.5
"161",-5,52.5
"161",-5,51.5
"161",-5,50.5
"161",-5,49.5
"161",-5,48.5
"161",-5,47.5
"161",-6,47.5
"161",-6,46.5
"161",-7,46.5
"161",-8,45.5
"161",-9,44.5
"161",-10,44.5
"161",-11,43.5
"161",-11,42.5
"161",-11,41.5
"161",-11,40.5
"161",-11,39.5
"161",-12,38.5
"161",-13,37.5
"161",-14,37.5
"161",-14,36.5
"161",-14,35.5
"161",-14,34.5
"161",-14,33.5
"161",-14,32.5
"161",-14,31.5
"161",-14,30.5
"161",-14,29.5
"161",-15,28.5
"161",-16,28.5
"161",-17,28.5
"161",-18,27.5
"161",-18,26.5
"161",-18,25.5
"161",-18,24.5
"161",-18,23.5
"161",-18,22.5
"161",-18,21.5
"161",-18,20.5
"161",-18,19.5
"161",-18,18.5
"161",-18,17.5
"161",-18,16.5
"161",-18,15.5
"161",-18,14.5
"161",-18,13.5
"161",-18,12.5
"161",-18,11.5
"161",-18,10.5
"161",-18,9.5
"161",-17,8.5
"161",-16,8.5
"161",-16,7.5
"161",-16,6.5
"161",-16,5.5
"161",-16,4.5
"161",-16,3.5
"161",-16,2.5
"161",-16,1.5
"161",-16,0.5
"161",-16,-0.5
"161",-16,-1.5
"161",-16,-2.5
"161",-16,-3.5
"161",-16,-4.5
"161",-16,-5.5
"161",-16,-6.5
"161",-16,-7.5
"161",-16,-8.5
"161",-16,-9.5
"161",-16,-10.5
"161",-16,-11.5
"161",-16,-12.5
"161",-16,-13.5
"161",-16,-14.5
"161",-16,-15.5
"161",-16,-16.5
"161",-16,-17.5
"161",-16,-18.5
"161",-16,-19.5
"161",-16,-20.5
"161",-16,-21.5
"161",-16,-22.5
"161",-16,-23.5
"161",-16,-24.5
"161",-16,-25.5
"161",-16,-26.5
"161",-16,-27.5
"161",-16,-28.5
"161",-16,-29.5
"161",-16,-30.5
"161",-16,-31.5
"161",-16,-32.5
"161",-15,-33.5
"161",-14,-33.5
"161",-13,-34.5
"161",-12,-34.5
"161",-11,-35.5
"161",-10,-36.5
"161",-9,-36.5
"161",-8,-37.5
"161",-7,-37.5
"161",-6,-38.5
"161",-5,-38.5
"161",-4,-38.5
"161",-3,-39.5
"161",-2,-40.5
"161",-1,-40.5
"161",0,-41.5
"161",1,-41.5
"161",1,-42.5
"161",2,-43.5
"161",3,-44.5
"161",4,-44.5
"161",5,-44.5
"161",6,-44.5
"161",7,-44.5
"161",8,-45.5
"161",9,-45.5
"161",10,-45.5
"161",11,-45.5
"161",12,-45.5
"161",13,-45.5
"161",14,-46.5
"161",15,-47.5
"161",16,-47.5
"161",17,-48.5
"161",18,-48.5
"161",19,-48.5
"161",20,-48.5
"161",21,-48.5
"161",22,-48.5
"161",23,-47.5
"161",24,-46.5
"161",25,-45.5
"162",-5,54.5
"162",-5,53.5
"162",-5,52.5
"162",-5,51.5
"162",-5,50.5
"162",-6,49.5
"162",-7,48.5
"162",-8,47.5
"162",-9,46.5
"162",-10,45.5
"162",-11,44.5
"162",-11,43.5
"162",-11,42.5
"162",-11,41.5
"162",-11,40.5
"162",-11,39.5
"162",-11,38.5
"162",-11,37.5
"162",-11,36.5
"162",-11,35.5
"162",-11,34.5
"162",-11,33.5
"162",-11,32.5
"162",-11,31.5
"162",-12,30.5
"162",-13,29.5
"162",-14,28.5
"162",-15,27.5
"162",-16,26.5
"162",-17,25.5
"162",-17,24.5
"162",-18,23.5
"162",-18,22.5
"162",-18,21.5
"162",-18,20.5
"162",-18,19.5
"162",-18,18.5
"162",-18,17.5
"162",-18,16.5
"162",-18,15.5
"162",-18,14.5
"162",-18,13.5
"162",-18,12.5
"162",-18,11.5
"162",-18,10.5
"162",-18,9.5
"162",-18,8.5
"162",-18,7.5
"162",-18,6.5
"162",-18,5.5
"162",-18,4.5
"162",-18,3.5
"162",-18,2.5
"162",-18,1.5
"162",-18,0.5
"162",-18,-0.5
"162",-18,-1.5
"162",-18,-2.5
"162",-18,-3.5
"162",-18,-4.5
"162",-18,-5.5
"162",-18,-6.5
"162",-18,-7.5
"162",-18,-8.5
"162",-18,-9.5
"162",-18,-10.5
"162",-18,-11.5
"162",-18,-12.5
"162",-18,-13.5
"162",-18,-14.5
"162",-18,-15.5
"162",-18,-16.5
"162",-18,-17.5
"162",-18,-18.5
"162",-18,-19.5
"162",-18,-20.5
"162",-18,-21.5
"162",-18,-22.5
"162",-18,-23.5
"162",-18,-24.5
"162",-18,-25.5
"162",-18,-26.5
"162",-18,-27.5
"162",-18,-28.5
"162",-18,-29.5
"162",-18,-30.5
"162",-17,-31.5
"162",-16,-32.5
"162",-15,-33.5
"162",-14,-34.5
"162",-13,-35.5
"162",-12,-36.5
"162",-11,-37.5
"162",-10,-38.5
"162",-9,-39.5
"162",-8,-40.5
"162",-7,-41.5
"162",-6,-42.5
"162",-5,-43.5
"162",-4,-44.5
"162",-3,-45.5
"162",-2,-45.5
"162",-1,-45.5
"162",0,-45.5
"162",1,-45.5
"162",2,-45.5
"162",3,-45.5
"162",4,-45.5
"162",5,-45.5
"162",6,-45.5
"162",7,-45.5
"162",8,-45.5
"162",9,-45.5
"162",10,-45.5
"162",11,-45.5
"162",12,-45.5
"162",13,-45.5
"162",14,-45.5
"162",15,-45.5
"162",16,-45.5
"162",17,-45.5
"162",18,-45.5
"162",19,-45.5
"162",20,-45.5
"162",21,-45.5
"162",22,-45.5
"162",23,-45.5
"162",24,-45.5
"162",25,-45.5
"163",-5,54.5
"163",-5,53.5
"163",-5,52.5
"163",-5,51.5
"163",-5,50.5
"163",-6,49.5
"163",-6,48.5
"163",-6,47.5
"163",-6,46.5
"163",-7,46.5
"163",-8,45.5
"163",-9,44.5
"163",-10,44.5
"163",-11,43.5
"163",-11,42.5
"163",-11,41.5
"163",-11,40.5
"163",-11,39.5
"163",-11,38.5
"163",-11,37.5
"163",-11,36.5
"163",-11,35.5
"163",-11,34.5
"163",-11,33.5
"163",-11,32.5
"163",-12,31.5
"163",-13,30.5
"163",-14,29.5
"163",-14,28.5
"163",-15,27.5
"163",-16,26.5
"163",-17,25.5
"163",-18,24.5
"163",-18,23.5
"163",-18,22.5
"163",-18,21.5
"163",-18,20.5
"163",-18,19.5
"163",-18,18.5
"163",-18,17.5
"163",-18,16.5
"163",-18,15.5
"163",-18,14.5
"163",-18,13.5
"163",-18,12.5
"163",-18,11.5
"163",-18,10.5
"163",-18,9.5
"163",-18,8.5
"163",-17,7.5
"163",-16,6.5
"163",-16,5.5
"163",-16,4.5
"163",-16,3.5
"163",-16,2.5
"163",-16,1.5
"163",-16,0.5
"163",-16,-0.5
"163",-16,-1.5
"163",-16,-2.5
"163",-16,-3.5
"163",-16,-4.5
"163",-16,-5.5
"163",-16,-6.5
"163",-16,-7.5
"163",-16,-8.5
"163",-16,-9.5
"163",-16,-10.5
"163",-16,-11.5
"163",-16,-12.5
"163",-16,-13.5
"163",-16,-14.5
"163",-16,-15.5
"163",-16,-16.5
"163",-16,-17.5
"163",-16,-18.5
"163",-16,-19.5
"163",-16,-20.5
"163",-16,-21.5
"163",-16,-22.5
"163",-16,-23.5
"163",-16,-24.5
"163",-16,-25.5
"163",-16,-26.5
"163",-16,-27.5
"163",-16,-28.5
"163",-16,-29.5
"163",-16,-30.5
"163",-15,-31.5
"163",-14,-32.5
"163",-13,-33.5
"163",-12,-34.5
"163",-11,-35.5
"163",-10,-36.5
"163",-9,-37.5
"163",-8,-38.5
"163",-7,-39.5
"163",-6,-40.5
"163",-5,-41.5
"163",-4,-41.5
"163",-3,-42.5
"163",-2,-42.5
"163",-1,-42.5
"163",0,-43.5
"163",1,-43.5
"163",2,-44.5
"163",3,-45.5
"163",4,-45.5
"163",5,-45.5
"163",6,-45.5
"163",7,-45.5
"163",8,-45.5
"163",9,-45.5
"163",10,-45.5
"163",11,-45.5
"163",12,-45.5
"163",13,-45.5
"163",14,-45.5
"163",15,-45.5
"163",16,-45.5
"163",17,-45.5
"163",18,-45.5
"163",19,-45.5
"163",20,-45.5
"163",21,-45.5
"163",22,-45.5
"163",23,-45.5
"163",24,-45.5
"163",25,-45.5
"164",-5,54.5
"164",-5,53.5
"164",-5,52.5
"164",-5,51.5
"164",-5,50.5
"164",-5,49.5
"164",-5,48.5
"164",-5,47.5
"164",-6,46.5
"164",-7,46.5
"164",-8,45.5
"164",-9,44.5
"164",-10,44.5
"164",-11,43.5
"164",-11,42.5
"164",-11,41.5
"164",-11,40.5
"164",-11,39.5
"164",-11,38.5
"164",-11,37.5
"164",-11,36.5
"164",-11,35.5
"164",-11,34.5
"164",-11,33.5
"164",-11,32.5
"164",-12,31.5
"164",-13,30.5
"164",-14,29.5
"164",-14,28.5
"164",-15,27.5
"164",-16,26.5
"164",-17,26.5
"164",-18,25.5
"164",-18,24.5
"164",-18,23.5
"164",-18,22.5
"164",-18,21.5
"164",-18,20.5
"164",-18,19.5
"164",-18,18.5
"164",-18,17.5
"164",-18,16.5
"164",-18,15.5
"164",-18,14.5
"164",-18,13.5
"164",-18,12.5
"164",-18,11.5
"164",-18,10.5
"164",-18,9.5
"164",-18,8.5
"164",-17,7.5
"164",-16,6.5
"164",-16,5.5
"164",-16,4.5
"164",-16,3.5
"164",-16,2.5
"164",-16,1.5
"164",-16,0.5
"164",-16,-0.5
"164",-16,-1.5
"164",-16,-2.5
"164",-16,-3.5
"164",-16,-4.5
"164",-16,-5.5
"164",-16,-6.5
"164",-16,-7.5
"164",-16,-8.5
"164",-16,-9.5
"164",-16,-10.5
"164",-16,-11.5
"164",-16,-12.5
"164",-16,-13.5
"164",-16,-14.5
"164",-16,-15.5
"164",-16,-16.5
"164",-16,-17.5
"164",-16,-18.5
"164",-16,-19.5
"164",-16,-20.5
"164",-16,-21.5
"164",-16,-22.5
"164",-16,-23.5
"164",-16,-24.5
"164",-16,-25.5
"164",-16,-26.5
"164",-16,-27.5
"164",-16,-28.5
"164",-16,-29.5
"164",-16,-30.5
"164",-16,-31.5
"164",-16,-32.5
"164",-16,-33.5
"164",-16,-34.5
"164",-15,-35.5
"164",-14,-35.5
"164",-13,-36.5
"164",-12,-36.5
"164",-11,-37.5
"164",-10,-38.5
"164",-9,-38.5
"164",-8,-39.5
"164",-7,-39.5
"164",-6,-40.5
"164",-5,-41.5
"164",-4,-41.5
"164",-3,-42.5
"164",-2,-42.5
"164",-1,-42.5
"164",0,-43.5
"164",1,-43.5
"164",2,-44.5
"164",3,-45.5
"164",4,-45.5
"164",5,-45.5
"164",6,-45.5
"164",7,-45.5
"164",8,-46.5
"164",9,-46.5
"164",10,-46.5
"164",11,-46.5
"164",12,-46.5
"164",13,-46.5
"164",14,-47.5
"164",15,-47.5
"164",16,-47.5
"164",17,-47.5
"164",18,-47.5
"164",19,-47.5
"164",20,-47.5
"164",21,-47.5
"164",22,-47.5
"164",23,-46.5
"164",24,-46.5
"164",25,-45.5
"165",-5,54.5
"165",-5,53.5
"165",-5,52.5
"165",-5,51.5
"165",-5,50.5
"165",-6,49.5
"165",-7,48.5
"165",-8,47.5
"165",-9,46.5
"165",-10,45.5
"165",-11,44.5
"165",-11,43.5
"165",-11,42.5
"165",-11,41.5
"165",-11,40.5
"165",-11,39.5
"165",-11,38.5
"165",-11,37.5
"165",-11,36.5
"165",-11,35.5
"165",-11,34.5
"165",-11,33.5
"165",-11,32.5
"165",-11,31.5
"165",-12,30.5
"165",-13,29.5
"165",-14,28.5
"165",-15,27.5
"165",-16,26.5
"165",-17,25.5
"165",-17,24.5
"165",-18,23.5
"165",-18,22.5
"165",-18,21.5
"165",-18,20.5
"165",-18,19.5
"165",-18,18.5
"165",-18,17.5
"165",-18,16.5
"165",-18,15.5
"165",-18,14.5
"165",-18,13.5
"165",-18,12.5
"165",-18,11.5
"165",-18,10.5
"165",-18,9.5
"165",-18,8.5
"165",-18,7.5
"165",-18,6.5
"165",-18,5.5
"165",-18,4.5
"165",-18,3.5
"165",-18,2.5
"165",-18,1.5
"165",-18,0.5
"165",-18,-0.5
"165",-18,-1.5
"165",-18,-2.5
"165",-18,-3.5
"165",-18,-4.5
"165",-18,-5.5
"165",-18,-6.5
"165",-18,-7.5
"165",-18,-8.5
"165",-18,-9.5
"165",-18,-10.5
"165",-18,-11.5
"165",-18,-12.5
"165",-18,-13.5
"165",-18,-14.5
"165",-18,-15.5
"165",-18,-16.5
"165",-18,-17.5
"165",-18,-18.5
"165",-18,-19.5
"165",-18,-20.5
"165",-18,-21.5
"165",-18,-22.5
"165",-18,-23.5
"165",-18,-24.5
"165",-18,-25.5
"165",-18,-26.5
"165",-18,-27.5
"165",-18,-28.5
"165",-18,-29.5
"165",-18,-30.5
"165",-17,-31.5
"165",-16,-32.5
"165",-15,-33.5
"165",-14,-34.5
"165",-13,-35.5
"165",-12,-36.5
"165",-11,-37.5
"165",-10,-38.5
"165",-9,-39.5
"165",-8,-40.5
"165",-7,-41.5
"165",-6,-42.5
"165",-5,-43.5
"165",-4,-44.5
"165",-3,-45.5
"165",-2,-45.5
"165",-1,-45.5
"165",0,-45.5
"165",1,-45.5
"165",2,-45.5
"165",3,-45.5
"165",4,-45.5
"165",5,-45.5
"165",6,-45.5
"165",7,-45.5
"165",8,-45.5
"165",9,-45.5
"165",10,-45.5
"165",11,-45.5
"165",12,-45.5
"165",13,-45.5
"165",14,-45.5
"165",15,-45.5
"165",16,-45.5
"165",17,-45.5
"165",18,-45.5
"165",19,-45.5
"165",20,-45.5
"165",21,-45.5
"165",22,-45.5
"165",23,-45.5
"165",24,-45.5
"165",25,-45.5
"166",-5,54.5
"166",-5,53.5
"166",-5,52.5
"166",-5,51.5
"166",-5,50.5
"166",-6,49.5
"166",-6,48.5
"166",-6,47.5
"166",-6,46.5
"166",-7,46.5
"166",-8,45.5
"166",-9,44.5
"166",-10,44.5
"166",-11,43.5
"166",-11,42.5
"166",-11,41.5
"166",-11,40.5
"166",-11,39.5
"166",-11,38.5
"166",-11,37.5
"166",-11,36.5
"166",-11,35.5
"166",-11,34.5
"166",-11,33.5
"166",-11,32.5
"166",-12,31.5
"166",-13,30.5
"166",-14,29.5
"166",-14,28.5
"166",-15,27.5
"166",-16,26.5
"166",-17,25.5
"166",-18,24.5
"166",-18,23.5
"166",-18,22.5
"166",-18,21.5
"166",-18,20.5
"166",-18,19.5
"166",-18,18.5
"166",-18,17.5
"166",-18,16.5
"166",-18,15.5
"166",-18,14.5
"166",-18,13.5
"166",-18,12.5
"166",-18,11.5
"166",-18,10.5
"166",-18,9.5
"166",-18,8.5
"166",-17,7.5
"166",-16,6.5
"166",-16,5.5
"166",-16,4.5
"166",-16,3.5
"166",-16,2.5
"166",-16,1.5
"166",-16,0.5
"166",-16,-0.5
"166",-16,-1.5
"166",-16,-2.5
"166",-16,-3.5
"166",-16,-4.5
"166",-16,-5.5
"166",-16,-6.5
"166",-16,-7.5
"166",-16,-8.5
"166",-16,-9.5
"166",-16,-10.5
"166",-16,-11.5
"166",-16,-12.5
"166",-16,-13.5
"166",-16,-14.5
"166",-16,-15.5
"166",-16,-16.5
"166",-16,-17.5
"166",-16,-18.5
"166",-16,-19.5
"166",-16,-20.5
"166",-16,-21.5
"166",-16,-22.5
"166",-16,-23.5
"166",-16,-24.5
"166",-16,-25.5
"166",-16,-26.5
"166",-16,-27.5
"166",-16,-28.5
"166",-16,-29.5
"166",-16,-30.5
"166",-15,-31.5
"166",-14,-32.5
"166",-13,-33.5
"166",-12,-34.5
"166",-11,-35.5
"166",-10,-36.5
"166",-9,-37.5
"166",-8,-38.5
"166",-7,-39.5
"166",-6,-40.5
"166",-5,-41.5
"166",-4,-41.5
"166",-3,-42.5
"166",-2,-43.5
"166",-1,-43.5
"166",0,-44.5
"166",1,-44.5
"166",2,-45.5
"166",3,-46.5
"166",4,-46.5
"166",5,-46.5
"166",6,-46.5
"166",7,-46.5
"166",8,-46.5
"166",9,-46.5
"166",10,-46.5
"166",11,-46.5
"166",12,-46.5
"166",13,-46.5
"166",14,-46.5
"166",15,-46.5
"166",16,-46.5
"166",17,-46.5
"166",18,-46.5
"166",19,-46.5
"166",20,-46.5
"166",21,-46.5
"166",22,-46.5
"166",23,-46.5
"166",24,-46.5
"166",25,-45.5
"167",-5,54.5
"167",-5,53.5
"167",-5,52.5
"167",-5,51.5
"167",-5,50.5
"167",-6,49.5
"167",-7,48.5
"167",-8,47.5
"167",-9,46.5
"167",-10,45.5
"167",-11,44.5
"167",-11,43.5
"167",-11,42.5
"167",-11,41.5
"167",-11,40.5
"167",-11,39.5
"167",-11,38.5
"167",-11,37.5
"167",-11,36.5
"167",-11,35.5
"167",-11,34.5
"167",-11,33.5
"167",-11,32.5
"167",-11,31.5
"167",-12,30.5
"167",-13,29.5
"167",-14,28.5
"167",-15,27.5
"167",-16,26.5
"167",-17,25.5
"167",-17,24.5
"167",-18,23.5
"167",-18,22.5
"167",-18,21.5
"167",-18,20.5
"167",-18,19.5
"167",-18,18.5
"167",-18,17.5
"167",-18,16.5
"167",-18,15.5
"167",-18,14.5
"167",-18,13.5
"167",-18,12.5
"167",-18,11.5
"167",-18,10.5
"167",-18,9.5
"167",-18,8.5
"167",-18,7.5
"167",-18,6.5
"167",-18,5.5
"167",-18,4.5
"167",-18,3.5
"167",-18,2.5
"167",-18,1.5
"167",-18,0.5
"167",-18,-0.5
"167",-18,-1.5
"167",-18,-2.5
"167",-18,-3.5
"167",-18,-4.5
"167",-18,-5.5
"167",-18,-6.5
"167",-18,-7.5
"167",-18,-8.5
"167",-18,-9.5
"167",-18,-10.5
"167",-18,-11.5
"167",-18,-12.5
"167",-18,-13.5
"167",-18,-14.5
"167",-18,-15.5
"167",-18,-16.5
"167",-18,-17.5
"167",-18,-18.5
"167",-18,-19.5
"167",-18,-20.5
"167",-18,-21.5
"167",-18,-22.5
"167",-18,-23.5
"167",-18,-24.5
"167",-18,-25.5
"167",-18,-26.5
"167",-18,-27.5
"167",-18,-28.5
"167",-18,-29.5
"167",-18,-30.5
"167",-17,-31.5
"167",-16,-32.5
"167",-15,-33.5
"167",-14,-34.5
"167",-13,-35.5
"167",-12,-36.5
"167",-11,-37.5
"167",-10,-38.5
"167",-9,-39.5
"167",-8,-40.5
"167",-7,-41.5
"167",-6,-42.5
"167",-5,-43.5
"167",-4,-44.5
"167",-3,-45.5
"167",-2,-45.5
"167",-1,-45.5
"167",0,-45.5
"167",1,-45.5
"167",2,-45.5
"167",3,-45.5
"167",4,-45.5
"167",5,-45.5
"167",6,-45.5
"167",7,-45.5
"167",8,-45.5
"167",9,-45.5
"167",10,-45.5
"167",11,-45.5
"167",12,-45.5
"167",13,-45.5
"167",14,-45.5
"167",15,-45.5
"167",16,-45.5
"167",17,-45.5
"167",18,-45.5
"167",19,-45.5
"167",20,-45.5
"167",21,-45.5
"167",22,-45.5
"167",23,-45.5
"167",24,-45.5
"167",25,-45.5
"168",-5,54.5
"168",-5,53.5
"168",-5,52.5
"168",-5,51.5
"168",-5,50.5
"168",-6,49.5
"168",-7,48.5
"168",-8,47.5
"168",-9,46.5
"168",-10,45.5
"168",-11,44.5
"168",-11,43.5
"168",-11,42.5
"168",-11,41.5
"168",-11,40.5
"168",-11,39.5
"168",-11,38.5
"168",-11,37.5
"168",-11,36.5
"168",-11,35.5
"168",-11,34.5
"168",-11,33.5
"168",-11,32.5
"168",-11,31.5
"168",-12,30.5
"168",-13,29.5
"168",-14,28.5
"168",-15,27.5
"168",-16,26.5
"168",-17,25.5
"168",-18,24.5
"168",-19,23.5
"168",-20,22.5
"168",-21,21.5
"168",-22,20.5
"168",-22,19.5
"168",-23,18.5
"168",-24,17.5
"168",-25,16.5
"168",-26,15.5
"168",-27,14.5
"168",-28,13.5
"168",-29,12.5
"168",-30,11.5
"168",-31,10.5
"168",-32,9.5
"168",-33,8.5
"168",-34,7.5
"168",-34,6.5
"168",-34,5.5
"168",-34,4.5
"168",-34,3.5
"168",-34,2.5
"168",-34,1.5
"168",-34,0.5
"168",-34,-0.5
"168",-34,-1.5
"168",-34,-2.5
"168",-34,-3.5
"168",-34,-4.5
"168",-34,-5.5
"168",-34,-6.5
"168",-34,-7.5
"168",-34,-8.5
"168",-34,-9.5
"168",-34,-10.5
"168",-35,-11.5
"168",-36,-12.5
"168",-37,-13.5
"168",-38,-14.5
"168",-38,-15.5
"168",-38,-16.5
"168",-38,-17.5
"168",-38,-18.5
"168",-38,-19.5
"168",-38,-20.5
"168",-38,-21.5
"168",-38,-22.5
"168",-38,-23.5
"168",-38,-24.5
"168",-38,-25.5
"168",-38,-26.5
"168",-38,-27.5
"168",-38,-28.5
"168",-38,-29.5
"168",-38,-30.5
"168",-38,-31.5
"168",-38,-32.5
"168",-38,-33.5
"168",-38,-34.5
"168",-37,-35.5
"168",-36,-36.5
"168",-35,-37.5
"168",-34,-38.5
"168",-33,-39.5
"168",-32,-40.5
"168",-31,-41.5
"168",-30,-42.5
"168",-29,-43.5
"168",-28,-44.5
"168",-27,-45.5
"168",-26,-45.5
"168",-25,-45.5
"168",-24,-45.5
"168",-23,-45.5
"168",-22,-45.5
"168",-21,-45.5
"168",-20,-45.5
"168",-19,-45.5
"168",-18,-45.5
"168",-17,-45.5
"168",-16,-45.5
"168",-15,-45.5
"168",-14,-45.5
"168",-13,-45.5
"168",-12,-45.5
"168",-11,-45.5
"168",-10,-45.5
"168",-9,-45.5
"168",-8,-45.5
"168",-7,-45.5
"168",-6,-45.5
"168",-5,-45.5
"168",-4,-45.5
"168",-3,-45.5
"168",-2,-45.5
"168",-1,-45.5
"168",0,-45.5
"168",1,-45.5
"168",2,-45.5
"168",3,-45.5
"168",4,-45.5
"168",5,-45.5
"168",6,-45.5
"168",7,-45.5
"168",8,-45.5
"168",9,-45.5
"168",10,-45.5
"168",11,-45.5
"168",12,-45.5
"168",13,-45.5
"168",14,-45.5
"168",15,-45.5
"168",16,-45.5
"168",17,-45.5
"168",18,-45.5
"168",19,-45.5
"168",20,-45.5
"168",21,-45.5
"168",22,-45.5
"168",23,-45.5
"168",24,-45.5
"168",25,-45.5
"169",-5,54.5
"169",-5,53.5
"169",-5,52.5
"169",-5,51.5
"169",-5,50.5
"169",-6,49.5
"169",-6,48.5
"169",-6,47.5
"169",-6,46.5
"169",-7,46.5
"169",-8,45.5
"169",-9,44.5
"169",-10,44.5
"169",-11,43.5
"169",-11,42.5
"169",-11,41.5
"169",-11,40.5
"169",-11,39.5
"169",-11,38.5
"169",-11,37.5
"169",-11,36.5
"169",-11,35.5
"169",-11,34.5
"169",-11,33.5
"169",-11,32.5
"169",-12,31.5
"169",-13,30.5
"169",-13,29.5
"169",-14,28.5
"169",-15,27.5
"169",-16,26.5
"169",-17,25.5
"169",-18,24.5
"169",-18,23.5
"169",-18,22.5
"169",-18,21.5
"169",-18,20.5
"169",-18,19.5
"169",-18,18.5
"169",-18,17.5
"169",-18,16.5
"169",-18,15.5
"169",-18,14.5
"169",-18,13.5
"169",-18,12.5
"169",-18,11.5
"169",-18,10.5
"169",-18,9.5
"169",-18,8.5
"169",-18,7.5
"169",-18,6.5
"169",-18,5.5
"169",-18,4.5
"169",-18,3.5
"169",-18,2.5
"169",-18,1.5
"169",-18,0.5
"169",-18,-0.5
"169",-18,-1.5
"169",-18,-2.5
"169",-18,-3.5
"169",-18,-4.5
"169",-18,-5.5
"169",-18,-6.5
"169",-18,-7.5
"169",-18,-8.5
"169",-18,-9.5
"169",-19,-10.5
"169",-20,-11.5
"169",-21,-12.5
"169",-22,-13.5
"169",-23,-14.5
"169",-24,-15.5
"169",-25,-16.5
"169",-26,-17.5
"169",-27,-18.5
"169",-27,-19.5
"169",-27,-20.5
"169",-27,-21.5
"169",-27,-22.5
"169",-27,-23.5
"169",-27,-24.5
"169",-27,-25.5
"169",-27,-26.5
"169",-27,-27.5
"169",-27,-28.5
"169",-27,-29.5
"169",-27,-30.5
"169",-27,-31.5
"169",-27,-32.5
"169",-26,-33.5
"169",-25,-34.5
"169",-24,-35.5
"169",-23,-36.5
"169",-22,-37.5
"169",-21,-38.5
"169",-20,-39.5
"169",-19,-40.5
"169",-18,-41.5
"169",-17,-42.5
"169",-16,-42.5
"169",-15,-42.5
"169",-14,-42.5
"169",-13,-43.5
"169",-12,-43.5
"169",-11,-43.5
"169",-10,-43.5
"169",-9,-43.5
"169",-8,-44.5
"169",-7,-44.5
"169",-6,-44.5
"169",-5,-44.5
"169",-4,-44.5
"169",-3,-44.5
"169",-2,-44.5
"169",-1,-44.5
"169",0,-45.5
"169",1,-45.5
"169",2,-45.5
"169",3,-45.5
"169",4,-45.5
"169",5,-45.5
"169",6,-45.5
"169",7,-45.5
"169",8,-45.5
"169",9,-45.5
"169",10,-45.5
"169",11,-45.5
"169",12,-45.5
"169",13,-45.5
"169",14,-45.5
"169",15,-45.5
"169",16,-45.5
"169",17,-45.5
"169",18,-45.5
"169",19,-45.5
"169",20,-45.5
"169",21,-45.5
"169",22,-45.5
"169",23,-45.5
"169",24,-45.5
"169",25,-45.5
"170",-5,54.5
"170",-5,53.5
"170",-5,52.5
"170",-5,51.5
"170",-5,50.5
"170",-5,49.5
"170",-5,48.5
"170",-5,47.5
"170",-6,46.5
"170",-7,46.5
"170",-8,45.5
"170",-9,44.5
"170",-10,44.5
"170",-11,43.5
"170",-11,42.5
"170",-11,41.5
"170",-11,40.5
"170",-11,39.5
"170",-11,38.5
"170",-11,37.5
"170",-11,36.5
"170",-11,35.5
"170",-11,34.5
"170",-11,33.5
"170",-11,32.5
"170",-12,31.5
"170",-13,30.5
"170",-14,29.5
"170",-14,28.5
"170",-15,27.5
"170",-16,26.5
"170",-17,25.5
"170",-18,24.5
"170",-18,23.5
"170",-18,22.5
"170",-18,21.5
"170",-18,20.5
"170",-18,19.5
"170",-18,18.5
"170",-18,17.5
"170",-18,16.5
"170",-18,15.5
"170",-18,14.5
"170",-18,13.5
"170",-18,12.5
"170",-18,11.5
"170",-18,10.5
"170",-18,9.5
"170",-18,8.5
"170",-17,7.5
"170",-16,6.5
"170",-16,5.5
"170",-16,4.5
"170",-16,3.5
"170",-16,2.5
"170",-16,1.5
"170",-16,0.5
"170",-16,-0.5
"170",-16,-1.5
"170",-16,-2.5
"170",-16,-3.5
"170",-16,-4.5
"170",-16,-5.5
"170",-16,-6.5
"170",-16,-7.5
"170",-16,-8.5
"170",-16,-9.5
"170",-16,-10.5
"170",-16,-11.5
"170",-16,-12.5
"170",-16,-13.5
"170",-16,-14.5
"170",-16,-15.5
"170",-16,-16.5
"170",-16,-17.5
"170",-16,-18.5
"170",-16,-19.5
"170",-16,-20.5
"170",-16,-21.5
"170",-16,-22.5
"170",-16,-23.5
"170",-16,-24.5
"170",-16,-25.5
"170",-16,-26.5
"170",-16,-27.5
"170",-16,-28.5
"170",-16,-29.5
"170",-16,-30.5
"170",-16,-31.5
"170",-16,-32.5
"170",-16,-33.5
"170",-15,-34.5
"170",-14,-35.5
"170",-13,-36.5
"170",-12,-36.5
"170",-11,-37.5
"170",-10,-38.5
"170",-9,-38.5
"170",-8,-39.5
"170",-7,-39.5
"170",-6,-40.5
"170",-5,-41.5
"170",-4,-41.5
"170",-3,-41.5
"170",-2,-41.5
"170",-1,-41.5
"170",0,-42.5
"170",1,-42.5
"170",2,-43.5
"170",3,-44.5
"170",4,-44.5
"170",5,-44.5
"170",6,-44.5
"170",7,-44.5
"170",8,-45.5
"170",9,-45.5
"170",10,-45.5
"170",11,-45.5
"170",12,-45.5
"170",13,-45.5
"170",14,-45.5
"170",15,-45.5
"170",16,-45.5
"170",17,-45.5
"170",18,-45.5
"170",19,-45.5
"170",20,-45.5
"170",21,-45.5
"170",22,-45.5
"170",23,-45.5
"170",24,-45.5
"170",25,-45.5
"171",-5,54.5
"171",-5,53.5
"171",-5,52.5
"171",-5,51.5
"171",-5,50.5
"171",-5,49.5
"171",-5,48.5
"171",-5,47.5
"171",-6,47.5
"171",-6,46.5
"171",-7,46.5
"171",-8,45.5
"171",-9,44.5
"171",-10,44.5
"171",-11,43.5
"171",-10,42.5
"171",-11,41.5
"171",-11,40.5
"171",-11,39.5
"171",-12,38.5
"171",-13,37.5
"171",-14,37.5
"171",-14,36.5
"171",-14,35.5
"171",-14,34.5
"171",-14,33.5
"171",-14,32.5
"171",-14,31.5
"171",-14,30.5
"171",-14,29.5
"171",-15,28.5
"171",-16,28.5
"171",-17,28.5
"171",-18,27.5
"171",-18,26.5
"171",-18,25.5
"171",-18,24.5
"171",-18,23.5
"171",-18,22.5
"171",-18,21.5
"171",-18,20.5
"171",-18,19.5
"171",-18,18.5
"171",-18,17.5
"171",-18,16.5
"171",-18,15.5
"171",-18,14.5
"171",-18,13.5
"171",-18,12.5
"171",-18,11.5
"171",-18,10.5
"171",-18,9.5
"171",-18,8.5
"171",-18,7.5
"171",-18,6.5
"171",-18,5.5
"171",-18,4.5
"171",-18,3.5
"171",-18,2.5
"171",-19,2.5
"171",-20,1.5
"171",-21,1.5
"171",-22,0.5
"171",-22,-0.5
"171",-22,-1.5
"171",-23,-2.5
"171",-23,-3.5
"171",-23,-4.5
"171",-23,-5.5
"171",-23,-6.5
"171",-23,-7.5
"171",-23,-8.5
"171",-23,-9.5
"171",-23,-10.5
"171",-24,-11.5
"171",-25,-11.5
"171",-26,-11.5
"171",-27,-12.5
"171",-28,-12.5
"171",-29,-13.5
"171",-29,-14.5
"171",-29,-15.5
"171",-29,-16.5
"171",-29,-17.5
"171",-29,-18.5
"171",-29,-19.5
"171",-29,-20.5
"171",-29,-21.5
"171",-29,-22.5
"171",-29,-23.5
"171",-29,-24.5
"171",-29,-25.5
"171",-29,-26.5
"171",-28,-27.5
"171",-27,-27.5
"171",-27,-28.5
"171",-27,-29.5
"171",-27,-30.5
"171",-27,-31.5
"171",-26,-32.5
"171",-25,-32.5
"171",-24,-33.5
"171",-23,-33.5
"171",-22,-33.5
"171",-21,-34.5
"171",-21,-35.5
"171",-21,-36.5
"171",-21,-37.5
"171",-21,-38.5
"171",-21,-39.5
"171",-20,-40.5
"171",-19,-41.5
"171",-18,-41.5
"171",-17,-42.5
"171",-16,-42.5
"171",-15,-42.5
"171",-14,-42.5
"171",-13,-43.5
"171",-12,-44.5
"171",-11,-44.5
"171",-10,-44.5
"171",-9,-44.5
"171",-8,-45.5
"171",-7,-45.5
"171",-6,-45.5
"171",-5,-45.5
"171",-4,-45.5
"171",-3,-45.5
"171",-2,-46.5
"171",-1,-46.5
"171",0,-45.5
"171",1,-45.5
"171",2,-45.5
"171",3,-46.5
"171",4,-46.5
"171",5,-46.5
"171",6,-46.5
"171",7,-46.5
"171",8,-47.5
"171",9,-48.5
"171",10,-48.5
"171",11,-48.5
"171",12,-49.5
"171",13,-49.5
"171",14,-49.5
"171",15,-48.5
"171",16,-48.5
"171",17,-49.5
"171",18,-49.5
"171",19,-49.5
"171",20,-49.5
"171",21,-48.5
"171",22,-48.5
"171",23,-47.5
"171",24,-46.5
"171",25,-45.5
"172",-5,54.5
"172",-5,53.5
"172",-5,52.5
"172",-5,51.5
"172",-5,50.5
"172",-6,49.5
"172",-7,48.5
"172",-8,47.5
"172",-9,46.5
"172",-10,45.5
"172",-11,44.5
"172",-11,43.5
"172",-11,42.5
"172",-11,41.5
"172",-11,40.5
"172",-11,39.5
"172",-11,38.5
"172",-11,37.5
"172",-11,36.5
"172",-11,35.5
"172",-11,34.5
"172",-11,33.5
"172",-11,32.5
"172",-11,31.5
"172",-12,30.5
"172",-13,29.5
"172",-14,28.5
"172",-15,27.5
"172",-16,26.5
"172",-17,25.5
"172",-18,24.5
"172",-19,23.5
"172",-20,22.5
"172",-21,21.5
"172",-22,20.5
"172",-22,19.5
"172",-23,18.5
"172",-24,17.5
"172",-25,16.5
"172",-26,15.5
"172",-27,14.5
"172",-28,13.5
"172",-29,12.5
"172",-30,11.5
"172",-31,10.5
"172",-32,9.5
"172",-33,8.5
"172",-33,7.5
"172",-33,6.5
"172",-33,5.5
"172",-33,4.5
"172",-33,3.5
"172",-33,2.5
"172",-33,1.5
"172",-33,0.5
"172",-33,-0.5
"172",-33,-1.5
"172",-33,-2.5
"172",-33,-3.5
"172",-33,-4.5
"172",-33,-5.5
"172",-33,-6.5
"172",-33,-7.5
"172",-34,-8.5
"172",-35,-9.5
"172",-35,-10.5
"172",-35,-11.5
"172",-36,-12.5
"172",-37,-13.5
"172",-37,-14.5
"172",-37,-15.5
"172",-37,-16.5
"172",-37,-17.5
"172",-37,-18.5
"172",-37,-19.5
"172",-37,-20.5
"172",-37,-21.5
"172",-37,-22.5
"172",-37,-23.5
"172",-37,-24.5
"172",-37,-25.5
"172",-37,-26.5
"172",-37,-27.5
"172",-37,-28.5
"172",-37,-29.5
"172",-37,-30.5
"172",-37,-31.5
"172",-37,-32.5
"172",-37,-33.5
"172",-36,-34.5
"172",-35,-35.5
"172",-34,-36.5
"172",-33,-37.5
"172",-32,-38.5
"172",-31,-39.5
"172",-30,-40.5
"172",-29,-41.5
"172",-28,-42.5
"172",-27,-43.5
"172",-26,-44.5
"172",-25,-45.5
"172",-24,-45.5
"172",-23,-45.5
"172",-22,-45.5
"172",-21,-45.5
"172",-20,-45.5
"172",-19,-45.5
"172",-18,-45.5
"172",-17,-45.5
"172",-16,-45.5
"172",-15,-45.5
"172",-14,-45.5
"172",-13,-45.5
"172",-12,-45.5
"172",-11,-45.5
"172",-10,-45.5
"172",-9,-45.5
"172",-8,-45.5
"172",-7,-45.5
"172",-6,-45.5
"172",-5,-45.5
"172",-4,-45.5
"172",-3,-45.5
"172",-2,-45.5
"172",-1,-45.5
"172",0,-45.5
"172",1,-45.5
"172",2,-45.5
"172",3,-45.5
"172",4,-45.5
"172",5,-45.5
"172",6,-45.5
"172",7,-45.5
"172",8,-45.5
"172",9,-45.5
"172",10,-45.5
"172",11,-45.5
"172",12,-45.5
"172",13,-45.5
"172",14,-45.5
"172",15,-45.5
"172",16,-45.5
"172",17,-45.5
"172",18,-45.5
"172",19,-45.5
"172",20,-45.5
"172",21,-45.5
"172",22,-45.5
"172",23,-45.5
"172",24,-45.5
"172",25,-45.5
"173",-5,54.5
"173",-5,53.5
"173",-5,52.5
"173",-5,51.5
"173",-5,50.5
"173",-6,49.5
"173",-6,48.5
"173",-6,47.5
"173",-6,46.5
"173",-7,46.5
"173",-8,45.5
"173",-9,44.5
"173",-10,44.5
"173",-11,43.5
"173",-11,42.5
"173",-11,41.5
"173",-11,40.5
"173",-11,39.5
"173",-11,38.5
"173",-11,37.5
"173",-11,36.5
"173",-11,35.5
"173",-11,34.5
"173",-11,33.5
"173",-11,32.5
"173",-12,31.5
"173",-13,30.5
"173",-13,29.5
"173",-14,28.5
"173",-15,27.5
"173",-16,26.5
"173",-17,25.5
"173",-18,24.5
"173",-18,23.5
"173",-18,22.5
"173",-18,21.5
"173",-18,20.5
"173",-18,19.5
"173",-18,18.5
"173",-18,17.5
"173",-18,16.5
"173",-18,15.5
"173",-18,14.5
"173",-18,13.5
"173",-18,12.5
"173",-18,11.5
"173",-18,10.5
"173",-18,9.5
"173",-18,8.5
"173",-17,7.5
"173",-16,6.5
"173",-16,5.5
"173",-16,4.5
"173",-16,3.5
"173",-16,2.5
"173",-16,1.5
"173",-16,0.5
"173",-16,-0.5
"173",-16,-1.5
"173",-16,-2.5
"173",-16,-3.5
"173",-16,-4.5
"173",-16,-5.5
"173",-16,-6.5
"173",-16,-7.5
"173",-16,-8.5
"173",-16,-9.5
"173",-16,-10.5
"173",-16,-11.5
"173",-16,-12.5
"173",-16,-13.5
"173",-16,-14.5
"173",-16,-15.5
"173",-16,-16.5
"173",-16,-17.5
"173",-16,-18.5
"173",-16,-19.5
"173",-16,-20.5
"173",-16,-21.5
"173",-16,-22.5
"173",-16,-23.5
"173",-16,-24.5
"173",-16,-25.5
"173",-16,-26.5
"173",-16,-27.5
"173",-16,-28.5
"173",-16,-29.5
"173",-16,-30.5
"173",-16,-31.5
"173",-15,-32.5
"173",-14,-33.5
"173",-13,-34.5
"173",-12,-35.5
"173",-11,-36.5
"173",-10,-37.5
"173",-9,-38.5
"173",-8,-39.5
"173",-7,-39.5
"173",-6,-40.5
"173",-5,-41.5
"173",-4,-41.5
"173",-3,-42.5
"173",-2,-42.5
"173",-1,-42.5
"173",0,-43.5
"173",1,-43.5
"173",2,-44.5
"173",3,-45.5
"173",4,-45.5
"173",5,-45.5
"173",6,-45.5
"173",7,-45.5
"173",8,-45.5
"173",9,-45.5
"173",10,-45.5
"173",11,-45.5
"173",12,-45.5
"173",13,-45.5
"173",14,-45.5
"173",15,-45.5
"173",16,-45.5
"173",17,-45.5
"173",18,-45.5
"173",19,-45.5
"173",20,-45.5
"173",21,-45.5
"173",22,-45.5
"173",23,-45.5
"173",24,-45.5
"173",25,-45.5
"174",-5,54.5
"174",-5,53.5
"174",-5,52.5
"174",-5,51.5
"174",-5,50.5
"174",-5,49.5
"174",-5,48.5
"174",-5,47.5
"174",-6,47.5
"174",-6,46.5
"174",-7,46.5
"174",-8,45.5
"174",-9,44.5
"174",-10,44.5
"174",-11,43.5
"174",-11,42.5
"174",-11,41.5
"174",-11,40.5
"174",-11,39.5
"174",-12,38.5
"174",-13,37.5
"174",-14,37.5
"174",-14,36.5
"174",-14,35.5
"174",-14,34.5
"174",-14,33.5
"174",-14,32.5
"174",-14,31.5
"174",-14,30.5
"174",-14,29.5
"174",-15,28.5
"174",-16,28.5
"174",-17,28.5
"174",-18,27.5
"174",-18,26.5
"174",-18,25.5
"174",-18,24.5
"174",-18,23.5
"174",-18,22.5
"174",-18,21.5
"174",-18,20.5
"174",-18,19.5
"174",-18,18.5
"174",-18,17.5
"174",-18,16.5
"174",-18,15.5
"174",-18,14.5
"174",-18,13.5
"174",-18,12.5
"174",-18,11.5
"174",-18,10.5
"174",-18,9.5
"174",-18,8.5
"174",-17,7.5
"174",-16,6.5
"174",-16,5.5
"174",-16,4.5
"174",-16,3.5
"174",-16,2.5
"174",-16,1.5
"174",-16,0.5
"174",-16,-0.5
"174",-16,-1.5
"174",-16,-2.5
"174",-16,-3.5
"174",-16,-4.5
"174",-16,-5.5
"174",-16,-6.5
"174",-16,-7.5
"174",-16,-8.5
"174",-16,-9.5
"174",-16,-10.5
"174",-16,-11.5
"174",-16,-12.5
"174",-16,-13.5
"174",-16,-14.5
"174",-16,-15.5
"174",-16,-16.5
"174",-16,-17.5
"174",-16,-18.5
"174",-16,-19.5
"174",-16,-20.5
"174",-16,-21.5
"174",-16,-22.5
"174",-16,-23.5
"174",-16,-24.5
"174",-16,-25.5
"174",-16,-26.5
"174",-16,-27.5
"174",-16,-28.5
"174",-16,-29.5
"174",-16,-30.5
"174",-16,-31.5
"174",-16,-32.5
"174",-16,-33.5
"174",-16,-34.5
"174",-16,-35.5
"174",-16,-36.5
"174",-16,-37.5
"174",-15,-38.5
"174",-14,-38.5
"174",-13,-39.5
"174",-12,-39.5
"174",-11,-40.5
"174",-10,-41.5
"174",-9,-41.5
"174",-8,-42.5
"174",-7,-42.5
"174",-6,-43.5
"174",-5,-43.5
"174",-4,-43.5
"174",-3,-43.5
"174",-2,-43.5
"174",-1,-43.5
"174",0,-44.5
"174",1,-44.5
"174",2,-45.5
"174",3,-46.5
"174",4,-46.5
"174",5,-46.5
"174",6,-46.5
"174",7,-46.5
"174",8,-47.5
"174",9,-48.5
"174",10,-48.5
"174",11,-48.5
"174",12,-49.5
"174",13,-49.5
"174",14,-49.5
"174",15,-49.5
"174",16,-49.5
"174",17,-48.5
"174",18,-48.5
"174",19,-48.5
"174",20,-48.5
"174",21,-48.5
"174",22,-48.5
"174",23,-47.5
"174",24,-46.5
"174",25,-45.5
"175",-5,54.5
"175",-5,53.5
"175",-5,52.5
"175",-5,51.5
"175",-5,50.5
"175",-6,49.5
"175",-7,48.5
"175",-8,47.5
"175",-9,46.5
"175",-10,45.5
"175",-11,44.5
"175",-11,43.5
"175",-11,42.5
"175",-11,41.5
"175",-11,40.5
"175",-11,39.5
"175",-11,38.5
"175",-11,37.5
"175",-11,36.5
"175",-11,35.5
"175",-11,34.5
"175",-11,33.5
"175",-11,32.5
"175",-11,31.5
"175",-12,30.5
"175",-13,29.5
"175",-14,28.5
"175",-15,27.5
"175",-16,26.5
"175",-17,25.5
"175",-17,24.5
"175",-18,23.5
"175",-18,22.5
"175",-18,21.5
"175",-18,20.5
"175",-18,19.5
"175",-18,18.5
"175",-18,17.5
"175",-18,16.5
"175",-18,15.5
"175",-18,14.5
"175",-18,13.5
"175",-18,12.5
"175",-18,11.5
"175",-18,10.5
"175",-18,9.5
"175",-18,8.5
"175",-18,7.5
"175",-18,6.5
"175",-18,5.5
"175",-18,4.5
"175",-18,3.5
"175",-18,2.5
"175",-18,1.5
"175",-18,0.5
"175",-18,-0.5
"175",-18,-1.5
"175",-18,-2.5
"175",-18,-3.5
"175",-18,-4.5
"175",-18,-5.5
"175",-18,-6.5
"175",-18,-7.5
"175",-18,-8.5
"175",-18,-9.5
"175",-18,-10.5
"175",-18,-11.5
"175",-18,-12.5
"175",-18,-13.5
"175",-18,-14.5
"175",-18,-15.5
"175",-18,-16.5
"175",-18,-17.5
"175",-18,-18.5
"175",-18,-19.5
"175",-18,-20.5
"175",-18,-21.5
"175",-18,-22.5
"175",-18,-23.5
"175",-18,-24.5
"175",-18,-25.5
"175",-18,-26.5
"175",-18,-27.5
"175",-18,-28.5
"175",-18,-29.5
"175",-18,-30.5
"175",-18,-31.5
"175",-17,-32.5
"175",-16,-33.5
"175",-15,-34.5
"175",-14,-35.5
"175",-13,-36.5
"175",-12,-37.5
"175",-11,-38.5
"175",-10,-39.5
"175",-9,-40.5
"175",-8,-41.5
"175",-7,-42.5
"175",-6,-43.5
"175",-5,-44.5
"175",-4,-45.5
"175",-3,-45.5
"175",-2,-45.5
"175",-1,-45.5
"175",0,-45.5
"175",1,-45.5
"175",2,-45.5
"175",3,-45.5
"175",4,-45.5
"175",5,-45.5
"175",6,-45.5
"175",7,-45.5
"175",8,-45.5
"175",9,-45.5
"175",10,-45.5
"175",11,-45.5
"175",12,-45.5
"175",13,-45.5
"175",14,-45.5
"175",15,-45.5
"175",16,-45.5
"175",17,-45.5
"175",18,-45.5
"175",19,-45.5
"175",20,-45.5
"175",21,-45.5
"175",22,-45.5
"175",23,-45.5
"175",24,-45.5
"175",25,-45.5
"176",-5,54.5
"176",-5,53.5
"176",-5,52.5
"176",-5,51.5
"176",-5,50.5
"176",-6,49.5
"176",-6,48.5
"176",-6,47.5
"176",-6,46.5
"176",-7,46.5
"176",-8,45.5
"176",-9,44.5
"176",-10,44.5
"176",-11,43.5
"176",-11,42.5
"176",-11,41.5
"176",-11,40.5
"176",-11,39.5
"176",-11,38.5
"176",-11,37.5
"176",-11,36.5
"176",-11,35.5
"176",-11,34.5
"176",-11,33.5
"176",-11,32.5
"176",-12,31.5
"176",-13,30.5
"176",-13,29.5
"176",-14,28.5
"176",-15,27.5
"176",-16,26.5
"176",-17,25.5
"176",-18,24.5
"176",-18,23.5
"176",-18,22.5
"176",-18,21.5
"176",-18,20.5
"176",-18,19.5
"176",-18,18.5
"176",-18,17.5
"176",-18,16.5
"176",-18,15.5
"176",-18,14.5
"176",-18,13.5
"176",-18,12.5
"176",-18,11.5
"176",-18,10.5
"176",-18,9.5
"176",-18,8.5
"176",-17,7.5
"176",-16,6.5
"176",-16,5.5
"176",-16,4.5
"176",-16,3.5
"176",-16,2.5
"176",-16,1.5
"176",-16,0.5
"176",-16,-0.5
"176",-16,-1.5
"176",-16,-2.5
"176",-16,-3.5
"176",-16,-4.5
"176",-16,-5.5
"176",-16,-6.5
"176",-16,-7.5
"176",-16,-8.5
"176",-16,-9.5
"176",-16,-10.5
"176",-16,-11.5
"176",-16,-12.5
"176",-16,-13.5
"176",-16,-14.5
"176",-16,-15.5
"176",-16,-16.5
"176",-16,-17.5
"176",-16,-18.5
"176",-16,-19.5
"176",-16,-20.5
"176",-16,-21.5
"176",-16,-22.5
"176",-16,-23.5
"176",-16,-24.5
"176",-16,-25.5
"176",-16,-26.5
"176",-16,-27.5
"176",-16,-28.5
"176",-16,-29.5
"176",-16,-30.5
"176",-16,-31.5
"176",-15,-32.5
"176",-14,-33.5
"176",-13,-34.5
"176",-12,-35.5
"176",-11,-36.5
"176",-10,-37.5
"176",-9,-38.5
"176",-8,-39.5
"176",-7,-39.5
"176",-6,-40.5
"176",-5,-41.5
"176",-4,-41.5
"176",-3,-42.5
"176",-2,-42.5
"176",-1,-42.5
"176",0,-43.5
"176",1,-43.5
"176",2,-44.5
"176",3,-45.5
"176",4,-45.5
"176",5,-45.5
"176",6,-45.5
"176",7,-45.5
"176",8,-45.5
"176",9,-45.5
"176",10,-45.5
"176",11,-45.5
"176",12,-45.5
"176",13,-45.5
"176",14,-45.5
"176",15,-45.5
"176",16,-45.5
"176",17,-45.5
"176",18,-45.5
"176",19,-45.5
"176",20,-45.5
"176",21,-45.5
"176",22,-45.5
"176",23,-45.5
"176",24,-45.5
"176",25,-45.5
"177",-5,54.5
"177",-5,53.5
"177",-5,52.5
"177",-5,51.5
"177",-5,50.5
"177",-5,49.5
"177",-5,48.5
"177",-5,47.5
"177",-6,46.5
"177",-7,46.5
"177",-8,45.5
"177",-9,44.5
"177",-10,44.5
"177",-11,43.5
"177",-11,42.5
"177",-11,41.5
"177",-11,40.5
"177",-11,39.5
"177",-11,38.5
"177",-11,37.5
"177",-11,36.5
"177",-11,35.5
"177",-11,34.5
"177",-11,33.5
"177",-11,32.5
"177",-12,31.5
"177",-13,30.5
"177",-14,29.5
"177",-14,28.5
"177",-15,27.5
"177",-16,26.5
"177",-17,25.5
"177",-18,24.5
"177",-18,23.5
"177",-18,22.5
"177",-18,21.5
"177",-18,20.5
"177",-18,19.5
"177",-18,18.5
"177",-18,17.5
"177",-18,16.5
"177",-18,15.5
"177",-18,14.5
"177",-18,13.5
"177",-18,12.5
"177",-18,11.5
"177",-18,10.5
"177",-18,9.5
"177",-18,8.5
"177",-17,7.5
"177",-16,6.5
"177",-16,5.5
"177",-16,4.5
"177",-16,3.5
"177",-16,2.5
"177",-16,1.5
"177",-16,0.5
"177",-16,-0.5
"177",-16,-1.5
"177",-16,-2.5
"177",-16,-3.5
"177",-16,-4.5
"177",-16,-5.5
"177",-16,-6.5
"177",-16,-7.5
"177",-16,-8.5
"177",-16,-9.5
"177",-16,-10.5
"177",-16,-11.5
"177",-16,-12.5
"177",-16,-13.5
"177",-16,-14.5
"177",-16,-15.5
"177",-16,-16.5
"177",-16,-17.5
"177",-16,-18.5
"177",-16,-19.5
"177",-16,-20.5
"177",-16,-21.5
"177",-16,-22.5
"177",-16,-23.5
"177",-16,-24.5
"177",-16,-25.5
"177",-16,-26.5
"177",-16,-27.5
"177",-16,-28.5
"177",-16,-29.5
"177",-16,-30.5
"177",-16,-31.5
"177",-16,-32.5
"177",-16,-33.5
"177",-16,-34.5
"177",-15,-35.5
"177",-14,-36.5
"177",-13,-37.5
"177",-12,-37.5
"177",-11,-38.5
"177",-10,-39.5
"177",-9,-39.5
"177",-8,-40.5
"177",-7,-40.5
"177",-6,-41.5
"177",-5,-42.5
"177",-4,-42.5
"177",-3,-43.5
"177",-2,-43.5
"177",-1,-43.5
"177",0,-44.5
"177",1,-44.5
"177",2,-45.5
"177",3,-46.5
"177",4,-46.5
"177",5,-46.5
"177",6,-46.5
"177",7,-46.5
"177",8,-47.5
"177",9,-48.5
"177",10,-48.5
"177",11,-48.5
"177",12,-49.5
"177",13,-49.5
"177",14,-49.5
"177",15,-49.5
"177",16,-49.5
"177",17,-49.5
"177",18,-49.5
"177",19,-49.5
"177",20,-49.5
"177",21,-48.5
"177",22,-48.5
"177",23,-47.5
"177",24,-46.5
"177",25,-45.5
"178",-5,54.5
"178",-5,53.5
"178",-5,52.5
"178",-5,51.5
"178",-5,50.5
"178",-6,49.5
"178",-7,48.5
"178",-8,47.5
"178",-9,46.5
"178",-10,45.5
"178",-11,44.5
"178",-11,43.5
"178",-11,42.5
"178",-11,41.5
"178",-11,40.5
"178",-11,39.5
"178",-11,38.5
"178",-11,37.5
"178",-11,36.5
"178",-11,35.5
"178",-11,34.5
"178",-11,33.5
"178",-11,32.5
"178",-11,31.5
"178",-12,30.5
"178",-13,29.5
"178",-14,28.5
"178",-15,27.5
"178",-16,26.5
"178",-17,25.5
"178",-17,24.5
"178",-18,23.5
"178",-19,22.5
"178",-19,21.5
"178",-19,20.5
"178",-19,19.5
"178",-19,18.5
"178",-19,17.5
"178",-19,16.5
"178",-19,15.5
"178",-19,14.5
"178",-19,13.5
"178",-19,12.5
"178",-19,11.5
"178",-19,10.5
"178",-19,9.5
"178",-19,8.5
"178",-19,7.5
"178",-19,6.5
"178",-19,5.5
"178",-19,4.5
"178",-19,3.5
"178",-19,2.5
"178",-19,1.5
"178",-19,0.5
"178",-19,-0.5
"178",-19,-1.5
"178",-19,-2.5
"178",-19,-3.5
"178",-19,-4.5
"178",-19,-5.5
"178",-19,-6.5
"178",-19,-7.5
"178",-19,-8.5
"178",-19,-9.5
"178",-19,-10.5
"178",-19,-11.5
"178",-19,-12.5
"178",-19,-13.5
"178",-19,-14.5
"178",-19,-15.5
"178",-19,-16.5
"178",-19,-17.5
"178",-19,-18.5
"178",-19,-19.5
"178",-19,-20.5
"178",-19,-21.5
"178",-19,-22.5
"178",-19,-23.5
"178",-19,-24.5
"178",-19,-25.5
"178",-19,-26.5
"178",-19,-27.5
"178",-19,-28.5
"178",-19,-29.5
"178",-19,-30.5
"178",-18,-31.5
"178",-17,-32.5
"178",-16,-33.5
"178",-15,-34.5
"178",-14,-35.5
"178",-13,-36.5
"178",-12,-37.5
"178",-11,-38.5
"178",-10,-39.5
"178",-9,-40.5
"178",-8,-41.5
"178",-7,-42.5
"178",-6,-43.5
"178",-5,-44.5
"178",-4,-45.5
"178",-3,-46.5
"178",-2,-46.5
"178",-1,-46.5
"178",0,-46.5
"178",1,-46.5
"178",2,-46.5
"178",3,-46.5
"178",4,-46.5
"178",5,-46.5
"178",6,-46.5
"178",7,-46.5
"178",8,-46.5
"178",9,-46.5
"178",10,-46.5
"178",11,-46.5
"178",12,-46.5
"178",13,-46.5
"178",14,-46.5
"178",15,-46.5
"178",16,-46.5
"178",17,-46.5
"178",18,-46.5
"178",19,-46.5
"178",20,-46.5
"178",21,-46.5
"178",22,-46.5
"178",23,-46.5
"178",24,-46.5
"178",25,-45.5
"179",-5,54.5
"179",-5,53.5
"179",-5,52.5
"179",-5,51.5
"179",-5,50.5
"179",-6,49.5
"179",-7,48.5
"179",-8,47.5
"179",-9,46.5
"179",-10,45.5
"179",-11,44.5
"179",-11,43.5
"179",-11,42.5
"179",-11,41.5
"179",-11,40.5
"179",-11,39.5
"179",-11,38.5
"179",-11,37.5
"179",-11,36.5
"179",-11,35.5
"179",-11,34.5
"179",-11,33.5
"179",-11,32.5
"179",-11,31.5
"179",-12,30.5
"179",-13,29.5
"179",-14,28.5
"179",-15,27.5
"179",-16,26.5
"179",-17,25.5
"179",-18,24.5
"179",-19,23.5
"179",-20,22.5
"179",-21,21.5
"179",-22,20.5
"179",-22,19.5
"179",-23,18.5
"179",-24,17.5
"179",-25,16.5
"179",-26,15.5
"179",-27,14.5
"179",-28,13.5
"179",-29,12.5
"179",-30,11.5
"179",-31,10.5
"179",-32,9.5
"179",-33,8.5
"179",-33,7.5
"179",-33,6.5
"179",-33,5.5
"179",-33,4.5
"179",-33,3.5
"179",-33,2.5
"179",-33,1.5
"179",-33,0.5
"179",-33,-0.5
"179",-33,-1.5
"179",-33,-2.5
"179",-33,-3.5
"179",-33,-4.5
"179",-33,-5.5
"179",-33,-6.5
"179",-33,-7.5
"179",-34,-8.5
"179",-35,-9.5
"179",-35,-10.5
"179",-35,-11.5
"179",-36,-12.5
"179",-37,-13.5
"179",-38,-14.5
"179",-38,-15.5
"179",-38,-16.5
"179",-38,-17.5
"179",-38,-18.5
"179",-38,-19.5
"179",-38,-20.5
"179",-38,-21.5
"179",-38,-22.5
"179",-38,-23.5
"179",-38,-24.5
"179",-38,-25.5
"179",-38,-26.5
"179",-38,-27.5
"179",-38,-28.5
"179",-38,-29.5
"179",-38,-30.5
"179",-38,-31.5
"179",-38,-32.5
"179",-38,-33.5
"179",-37,-34.5
"179",-36,-35.5
"179",-35,-36.5
"179",-34,-37.5
"179",-33,-38.5
"179",-32,-39.5
"179",-31,-40.5
"179",-30,-41.5
"179",-29,-42.5
"179",-28,-43.5
"179",-27,-44.5
"179",-26,-45.5
"179",-25,-45.5
"179",-24,-45.5
"179",-23,-45.5
"179",-22,-45.5
"179",-21,-45.5
"179",-20,-45.5
"179",-19,-45.5
"179",-18,-45.5
"179",-17,-45.5
"179",-16,-45.5
"179",-15,-45.5
"179",-14,-45.5
"179",-13,-45.5
"179",-12,-45.5
"179",-11,-45.5
"179",-10,-45.5
"179",-9,-45.5
"179",-8,-45.5
"179",-7,-45.5
"179",-6,-45.5
"179",-5,-45.5
"179",-4,-45.5
"179",-3,-45.5
"179",-2,-45.5
"179",-1,-45.5
"179",0,-45.5
"179",1,-45.5
"179",2,-45.5
"179",3,-45.5
"179",4,-45.5
"179",5,-45.5
"179",6,-45.5
"179",7,-45.5
"179",8,-45.5
"179",9,-45.5
"179",10,-45.5
"179",11,-45.5
"179",12,-45.5
"179",13,-45.5
"179",14,-45.5
"179",15,-45.5
"179",16,-45.5
"179",17,-45.5
"179",18,-45.5
"179",19,-45.5
"179",20,-45.5
"179",21,-45.5
"179",22,-45.5
"179",23,-45.5
"179",24,-45.5
"179",25,-45.5
"180",-5,54.5
"180",-5,53.5
"180",-5,52.5
"180",-5,51.5
"180",-5,50.5
"180",-6,49.5
"180",-6,48.5
"180",-6,47.5
"180",-6,46.5
"180",-7,46.5
"180",-8,45.5
"180",-9,44.5
"180",-10,44.5
"180",-11,43.5
"180",-11,42.5
"180",-11,41.5
"180",-11,40.5
"180",-11,39.5
"180",-11,38.5
"180",-11,37.5
"180",-11,36.5
"180",-11,35.5
"180",-11,34.5
"180",-11,33.5
"180",-11,32.5
"180",-12,31.5
"180",-13,30.5
"180",-13,29.5
"180",-14,28.5
"180",-15,27.5
"180",-16,26.5
"180",-17,25.5
"180",-18,24.5
"180",-18,23.5
"180",-18,22.5
"180",-18,21.5
"180",-18,20.5
"180",-18,19.5
"180",-18,18.5
"180",-18,17.5
"180",-18,16.5
"180",-18,15.5
"180",-18,14.5
"180",-18,13.5
"180",-18,12.5
"180",-18,11.5
"180",-18,10.5
"180",-18,9.5
"180",-18,8.5
"180",-18,7.5
"180",-18,6.5
"180",-18,5.5
"180",-18,4.5
"180",-18,3.5
"180",-18,2.5
"180",-18,1.5
"180",-18,0.5
"180",-18,-0.5
"180",-18,-1.5
"180",-18,-2.5
"180",-18,-3.5
"180",-18,-4.5
"180",-18,-5.5
"180",-18,-6.5
"180",-18,-7.5
"180",-19,-8.5
"180",-20,-9.5
"180",-21,-10.5
"180",-22,-11.5
"180",-23,-12.5
"180",-24,-13.5
"180",-25,-14.5
"180",-26,-15.5
"180",-27,-16.5
"180",-27,-17.5
"180",-27,-18.5
"180",-27,-19.5
"180",-27,-20.5
"180",-27,-21.5
"180",-27,-22.5
"180",-27,-23.5
"180",-27,-24.5
"180",-27,-25.5
"180",-27,-26.5
"180",-27,-27.5
"180",-27,-28.5
"180",-27,-29.5
"180",-27,-30.5
"180",-27,-31.5
"180",-27,-32.5
"180",-26,-33.5
"180",-25,-34.5
"180",-24,-35.5
"180",-23,-36.5
"180",-22,-37.5
"180",-21,-38.5
"180",-20,-39.5
"180",-19,-40.5
"180",-18,-41.5
"180",-17,-42.5
"180",-16,-42.5
"180",-15,-42.5
"180",-14,-42.5
"180",-13,-43.5
"180",-12,-44.5
"180",-11,-44.5
"180",-10,-44.5
"180",-9,-44.5
"180",-8,-45.5
"180",-7,-45.5
"180",-6,-45.5
"180",-5,-45.5
"180",-4,-45.5
"180",-3,-45.5
"180",-2,-45.5
"180",-1,-45.5
"180",0,-45.5
"180",1,-45.5
"180",2,-45.5
"180",3,-45.5
"180",4,-45.5
"180",5,-45.5
"180",6,-45.5
"180",7,-45.5
"180",8,-45.5
"180",9,-45.5
"180",10,-45.5
"180",11,-45.5
"180",12,-45.5
"180",13,-45.5
"180",14,-45.5
"180",15,-45.5
"180",16,-45.5
"180",17,-45.5
"180",18,-45.5
"180",19,-45.5
"180",20,-45.5
"180",21,-45.5
"180",22,-45.5
"180",23,-45.5
"180",24,-45.5
"180",25,-45.5
"181",-5,54.5
"181",-5,53.5
"181",-5,52.5
"181",-5,51.5
"181",-5,50.5
"181",-5,49.5
"181",-5,48.5
"181",-5,47.5
"181",-6,47.5
"181",-6,46.5
"181",-7,46.5
"181",-8,45.5
"181",-9,44.5
"181",-10,44.5
"181",-11,43.5
"181",-11,42.5
"181",-11,41.5
"181",-11,40.5
"181",-11,39.5
"181",-12,38.5
"181",-13,37.5
"181",-14,37.5
"181",-14,36.5
"181",-14,35.5
"181",-14,34.5
"181",-14,33.5
"181",-14,32.5
"181",-14,31.5
"181",-14,30.5
"181",-14,29.5
"181",-15,28.5
"181",-16,28.5
"181",-17,28.5
"181",-18,27.5
"181",-18,26.5
"181",-18,25.5
"181",-18,24.5
"181",-18,23.5
"181",-18,22.5
"181",-18,21.5
"181",-18,20.5
"181",-18,19.5
"181",-18,18.5
"181",-18,17.5
"181",-18,16.5
"181",-18,15.5
"181",-18,14.5
"181",-18,13.5
"181",-18,12.5
"181",-18,11.5
"181",-18,10.5
"181",-18,9.5
"181",-18,8.5
"181",-18,7.5
"181",-18,6.5
"181",-18,5.5
"181",-18,4.5
"181",-18,3.5
"181",-18,2.5
"181",-19,2.5
"181",-20,1.5
"181",-21,1.5
"181",-22,0.5
"181",-22,-0.5
"181",-22,-1.5
"181",-23,-2.5
"181",-23,-3.5
"181",-23,-4.5
"181",-23,-5.5
"181",-23,-6.5
"181",-23,-7.5
"181",-23,-8.5
"181",-23,-9.5
"181",-23,-10.5
"181",-24,-11.5
"181",-25,-11.5
"181",-26,-11.5
"181",-27,-12.5
"181",-28,-12.5
"181",-29,-13.5
"181",-29,-14.5
"181",-29,-15.5
"181",-29,-16.5
"181",-29,-17.5
"181",-29,-18.5
"181",-29,-19.5
"181",-29,-20.5
"181",-29,-21.5
"181",-29,-22.5
"181",-29,-23.5
"181",-29,-24.5
"181",-29,-25.5
"181",-29,-26.5
"181",-28,-27.5
"181",-27,-27.5
"181",-27,-28.5
"181",-27,-29.5
"181",-27,-30.5
"181",-27,-31.5
"181",-27,-32.5
"181",-27,-33.5
"181",-27,-34.5
"181",-27,-35.5
"181",-27,-36.5
"181",-27,-37.5
"181",-26,-38.5
"181",-25,-38.5
"181",-24,-39.5
"181",-23,-39.5
"181",-22,-39.5
"181",-21,-39.5
"181",-20,-40.5
"181",-19,-41.5
"181",-18,-41.5
"181",-17,-42.5
"181",-16,-42.5
"181",-15,-42.5
"181",-14,-42.5
"181",-13,-43.5
"181",-12,-44.5
"181",-11,-44.5
"181",-10,-44.5
"181",-9,-44.5
"181",-8,-45.5
"181",-7,-45.5
"181",-6,-45.5
"181",-5,-45.5
"181",-4,-45.5
"181",-3,-45.5
"181",-2,-46.5
"181",-1,-46.5
"181",0,-45.5
"181",1,-45.5
"181",2,-45.5
"181",3,-46.5
"181",4,-46.5
"181",5,-46.5
"181",6,-46.5
"181",7,-46.5
"181",8,-47.5
"181",9,-48.5
"181",10,-48.5
"181",11,-48.5
"181",12,-49.5
"181",13,-49.5
"181",14,-49.5
"181",15,-49.5
"181",16,-49.5
"181",17,-48.5
"181",18,-48.5
"181",19,-48.5
"181",20,-48.5
"181",21,-48.5
"181",22,-48.5
"181",23,-47.5
"181",24,-46.5
"181",25,-45.5
"182",-5,54.5
"182",-5,53.5
"182",-5,52.5
"182",-5,51.5
"182",-5,50.5
"182",-6,49.5
"182",-7,48.5
"182",-8,47.5
"182",-9,46.5
"182",-10,45.5
"182",-11,44.5
"182",-11,43.5
"182",-11,42.5
"182",-11,41.5
"182",-11,40.5
"182",-11,39.5
"182",-11,38.5
"182",-11,37.5
"182",-11,36.5
"182",-11,35.5
"182",-11,34.5
"182",-11,33.5
"182",-11,32.5
"182",-11,31.5
"182",-12,30.5
"182",-13,29.5
"182",-14,28.5
"182",-15,27.5
"182",-16,26.5
"182",-17,25.5
"182",-18,24.5
"182",-19,23.5
"182",-20,22.5
"182",-21,21.5
"182",-22,20.5
"182",-22,19.5
"182",-22,18.5
"182",-23,17.5
"182",-24,16.5
"182",-25,15.5
"182",-26,14.5
"182",-27,13.5
"182",-28,12.5
"182",-29,11.5
"182",-29,10.5
"182",-29,9.5
"182",-29,8.5
"182",-29,7.5
"182",-29,6.5
"182",-29,5.5
"182",-29,4.5
"182",-29,3.5
"182",-29,2.5
"182",-29,1.5
"182",-29,0.5
"182",-29,-0.5
"182",-29,-1.5
"182",-29,-2.5
"182",-29,-3.5
"182",-29,-4.5
"182",-29,-5.5
"182",-30,-6.5
"182",-31,-7.5
"182",-32,-8.5
"182",-33,-9.5
"182",-34,-10.5
"182",-35,-11.5
"182",-36,-12.5
"182",-37,-13.5
"182",-37,-14.5
"182",-37,-15.5
"182",-37,-16.5
"182",-37,-17.5
"182",-37,-18.5
"182",-37,-19.5
"182",-37,-20.5
"182",-37,-21.5
"182",-37,-22.5
"182",-37,-23.5
"182",-37,-24.5
"182",-37,-25.5
"182",-37,-26.5
"182",-37,-27.5
"182",-37,-28.5
"182",-37,-29.5
"182",-37,-30.5
"182",-37,-31.5
"182",-37,-32.5
"182",-37,-33.5
"182",-36,-34.5
"182",-35,-35.5
"182",-34,-36.5
"182",-33,-37.5
"182",-32,-38.5
"182",-31,-39.5
"182",-30,-40.5
"182",-29,-41.5
"182",-28,-42.5
"182",-27,-43.5
"182",-26,-44.5
"182",-25,-45.5
"182",-24,-45.5
"182",-23,-45.5
"182",-22,-45.5
"182",-21,-45.5
"182",-20,-45.5
"182",-19,-45.5
"182",-18,-45.5
"182",-17,-45.5
"182",-16,-45.5
"182",-15,-45.5
"182",-14,-45.5
"182",-13,-45.5
"182",-12,-45.5
"182",-11,-45.5
"182",-10,-45.5
"182",-9,-45.5
"182",-8,-45.5
"182",-7,-45.5
"182",-6,-45.5
"182",-5,-45.5
"182",-4,-45.5
"182",-3,-45.5
"182",-2,-45.5
"182",-1,-45.5
"182",0,-45.5
"182",1,-45.5
"182",2,-45.5
"182",3,-45.5
"182",4,-45.5
"182",5,-45.5
"182",6,-45.5
"182",7,-45.5
"182",8,-45.5
"182",9,-45.5
"182",10,-45.5
"182",11,-45.5
"182",12,-45.5
"182",13,-45.5
"182",14,-45.5
"182",15,-45.5
"182",16,-45.5
"182",17,-45.5
"182",18,-45.5
"182",19,-45.5
"182",20,-45.5
"182",21,-45.5
"182",22,-45.5
"182",23,-45.5
"182",24,-45.5
"182",25,-45.5
"183",-5,54.5
"183",-5,53.5
"183",-5,52.5
"183",-5,51.5
"183",-5,50.5
"183",-6,49.5
"183",-6,48.5
"183",-6,47.5
"183",-6,46.5
"183",-7,46.5
"183",-8,45.5
"183",-9,44.5
"183",-10,44.5
"183",-11,43.5
"183",-11,42.5
"183",-11,41.5
"183",-11,40.5
"183",-11,39.5
"183",-11,38.5
"183",-11,37.5
"183",-11,36.5
"183",-11,35.5
"183",-11,34.5
"183",-11,33.5
"183",-11,32.5
"183",-12,31.5
"183",-13,30.5
"183",-13,29.5
"183",-14,28.5
"183",-15,27.5
"183",-16,26.5
"183",-17,25.5
"183",-18,24.5
"183",-18,23.5
"183",-18,22.5
"183",-18,21.5
"183",-18,20.5
"183",-18,19.5
"183",-18,18.5
"183",-18,17.5
"183",-18,16.5
"183",-18,15.5
"183",-18,14.5
"183",-18,13.5
"183",-18,12.5
"183",-18,11.5
"183",-18,10.5
"183",-18,9.5
"183",-18,8.5
"183",-18,7.5
"183",-18,6.5
"183",-18,5.5
"183",-18,4.5
"183",-18,3.5
"183",-18,2.5
"183",-18,1.5
"183",-18,0.5
"183",-18,-0.5
"183",-18,-1.5
"183",-18,-2.5
"183",-18,-3.5
"183",-18,-4.5
"183",-18,-5.5
"183",-18,-6.5
"183",-19,-7.5
"183",-20,-8.5
"183",-21,-9.5
"183",-22,-10.5
"183",-23,-11.5
"183",-24,-12.5
"183",-25,-13.5
"183",-26,-14.5
"183",-27,-15.5
"183",-27,-16.5
"183",-27,-17.5
"183",-27,-18.5
"183",-27,-19.5
"183",-27,-20.5
"183",-27,-21.5
"183",-27,-22.5
"183",-27,-23.5
"183",-27,-24.5
"183",-27,-25.5
"183",-27,-26.5
"183",-27,-27.5
"183",-27,-28.5
"183",-27,-29.5
"183",-27,-30.5
"183",-27,-31.5
"183",-26,-32.5
"183",-25,-33.5
"183",-24,-34.5
"183",-23,-35.5
"183",-22,-36.5
"183",-21,-37.5
"183",-20,-38.5
"183",-19,-39.5
"183",-18,-40.5
"183",-17,-41.5
"183",-16,-41.5
"183",-15,-42.5
"183",-14,-42.5
"183",-13,-43.5
"183",-12,-44.5
"183",-11,-44.5
"183",-10,-44.5
"183",-9,-44.5
"183",-8,-45.5
"183",-7,-45.5
"183",-6,-45.5
"183",-5,-45.5
"183",-4,-45.5
"183",-3,-45.5
"183",-2,-45.5
"183",-1,-45.5
"183",0,-45.5
"183",1,-45.5
"183",2,-45.5
"183",3,-46.5
"183",4,-46.5
"183",5,-46.5
"183",6,-46.5
"183",7,-46.5
"183",8,-46.5
"183",9,-46.5
"183",10,-46.5
"183",11,-46.5
"183",12,-46.5
"183",13,-46.5
"183",14,-46.5
"183",15,-46.5
"183",16,-46.5
"183",17,-46.5
"183",18,-46.5
"183",19,-46.5
"183",20,-46.5
"183",21,-46.5
"183",22,-46.5
"183",23,-46.5
"183",24,-46.5
"183",25,-45.5
"184",-5,54.5
"184",-5,53.5
"184",-5,52.5
"184",-5,51.5
"184",-5,50.5
"184",-5,49.5
"184",-5,48.5
"184",-5,47.5
"184",-6,46.5
"184",-7,46.5
"184",-8,45.5
"184",-9,44.5
"184",-10,44.5
"184",-11,43.5
"184",-11,42.5
"184",-11,41.5
"184",-11,40.5
"184",-11,39.5
"184",-11,38.5
"184",-11,37.5
"184",-11,36.5
"184",-11,35.5
"184",-11,34.5
"184",-11,33.5
"184",-11,32.5
"184",-12,31.5
"184",-13,30.5
"184",-14,29.5
"184",-14,28.5
"184",-15,27.5
"184",-16,26.5
"184",-17,25.5
"184",-18,24.5
"184",-18,23.5
"184",-18,22.5
"184",-18,21.5
"184",-18,20.5
"184",-18,19.5
"184",-18,18.5
"184",-18,17.5
"184",-18,16.5
"184",-18,15.5
"184",-18,14.5
"184",-18,13.5
"184",-18,12.5
"184",-18,11.5
"184",-18,10.5
"184",-18,9.5
"184",-18,8.5
"184",-17,7.5
"184",-16,6.5
"184",-16,5.5
"184",-16,4.5
"184",-16,3.5
"184",-16,2.5
"184",-16,1.5
"184",-16,0.5
"184",-16,-0.5
"184",-16,-1.5
"184",-16,-2.5
"184",-16,-3.5
"184",-16,-4.5
"184",-16,-5.5
"184",-16,-6.5
"184",-16,-7.5
"184",-16,-8.5
"184",-16,-9.5
"184",-16,-10.5
"184",-16,-11.5
"184",-16,-12.5
"184",-16,-13.5
"184",-16,-14.5
"184",-16,-15.5
"184",-16,-16.5
"184",-16,-17.5
"184",-16,-18.5
"184",-16,-19.5
"184",-16,-20.5
"184",-16,-21.5
"184",-16,-22.5
"184",-16,-23.5
"184",-16,-24.5
"184",-16,-25.5
"184",-16,-26.5
"184",-16,-27.5
"184",-16,-28.5
"184",-16,-29.5
"184",-16,-30.5
"184",-16,-31.5
"184",-16,-32.5
"184",-16,-33.5
"184",-16,-34.5
"184",-15,-35.5
"184",-14,-36.5
"184",-13,-37.5
"184",-12,-37.5
"184",-11,-38.5
"184",-10,-39.5
"184",-9,-39.5
"184",-8,-40.5
"184",-7,-40.5
"184",-6,-41.5
"184",-5,-42.5
"184",-4,-42.5
"184",-3,-43.5
"184",-2,-43.5
"184",-1,-43.5
"184",0,-44.5
"184",1,-44.5
"184",2,-45.5
"184",3,-46.5
"184",4,-46.5
"184",5,-46.5
"184",6,-46.5
"184",7,-46.5
"184",8,-47.5
"184",9,-48.5
"184",10,-48.5
"184",11,-48.5
"184",12,-49.5
"184",13,-49.5
"184",14,-49.5
"184",15,-49.5
"184",16,-49.5
"184",17,-48.5
"184",18,-48.5
"184",19,-48.5
"184",20,-48.5
"184",21,-48.5
"184",22,-48.5
"184",23,-47.5
"184",24,-46.5
"184",25,-45.5
"185",-5,54.5
"185",-5,53.5
"185",-5,52.5
"185",-5,51.5
"185",-5,50.5
"185",-6,49.5
"185",-7,48.5
"185",-8,47.5
"185",-9,46.5
"185",-10,45.5
"185",-11,44.5
"185",-11,43.5
"185",-11,42.5
"185",-11,41.5
"185",-11,40.5
"185",-11,39.5
"185",-11,38.5
"185",-11,37.5
"185",-11,36.5
"185",-11,35.5
"185",-11,34.5
"185",-11,33.5
"185",-11,32.5
"185",-11,31.5
"185",-12,30.5
"185",-13,29.5
"185",-14,28.5
"185",-15,27.5
"185",-16,26.5
"185",-17,25.5
"185",-18,24.5
"185",-19,23.5
"185",-20,22.5
"185",-21,21.5
"185",-21,20.5
"185",-21,19.5
"185",-21,18.5
"185",-21,17.5
"185",-21,16.5
"185",-21,15.5
"185",-21,14.5
"185",-21,13.5
"185",-21,12.5
"185",-21,11.5
"185",-21,10.5
"185",-21,9.5
"185",-21,8.5
"185",-21,7.5
"185",-21,6.5
"185",-21,5.5
"185",-21,4.5
"185",-21,3.5
"185",-21,2.5
"185",-21,1.5
"185",-21,0.5
"185",-21,-0.5
"185",-21,-1.5
"185",-21,-2.5
"185",-21,-3.5
"185",-21,-4.5
"185",-22,-5.5
"185",-23,-6.5
"185",-24,-7.5
"185",-25,-8.5
"185",-26,-9.5
"185",-27,-10.5
"185",-28,-11.5
"185",-29,-12.5
"185",-30,-13.5
"185",-30,-14.5
"185",-30,-15.5
"185",-30,-16.5
"185",-30,-17.5
"185",-30,-18.5
"185",-30,-19.5
"185",-30,-20.5
"185",-30,-21.5
"185",-30,-22.5
"185",-30,-23.5
"185",-30,-24.5
"185",-30,-25.5
"185",-30,-26.5
"185",-30,-27.5
"185",-30,-28.5
"185",-30,-29.5
"185",-30,-30.5
"185",-30,-31.5
"185",-29,-32.5
"185",-28,-33.5
"185",-27,-34.5
"185",-26,-35.5
"185",-25,-36.5
"185",-24,-37.5
"185",-23,-38.5
"185",-22,-39.5
"185",-21,-40.5
"185",-20,-41.5
"185",-19,-42.5
"185",-18,-43.5
"185",-17,-44.5
"185",-16,-45.5
"185",-15,-46.5
"185",-14,-47.5
"185",-13,-47.5
"185",-12,-47.5
"185",-11,-47.5
"185",-10,-47.5
"185",-9,-47.5
"185",-8,-47.5
"185",-7,-47.5
"185",-6,-47.5
"185",-5,-47.5
"185",-4,-47.5
"185",-3,-47.5
"185",-2,-47.5
"185",-1,-47.5
"185",0,-47.5
"185",1,-47.5
"185",2,-47.5
"185",3,-47.5
"185",4,-47.5
"185",5,-47.5
"185",6,-47.5
"185",7,-47.5
"185",8,-47.5
"185",9,-47.5
"185",10,-47.5
"185",11,-47.5
"185",12,-47.5
"185",13,-47.5
"185",14,-47.5
"185",15,-47.5
"185",16,-47.5
"185",17,-47.5
"185",18,-47.5
"185",19,-47.5
"185",20,-47.5
"185",21,-47.5
"185",22,-47.5
"185",23,-47.5
"185",24,-46.5
"185",25,-45.5
"186",-5,54.5
"186",-5,53.5
"186",-5,52.5
"186",-5,51.5
"186",-5,50.5
"186",-6,49.5
"186",-7,48.5
"186",-8,47.5
"186",-9,46.5
"186",-10,45.5
"186",-11,44.5
"186",-11,43.5
"186",-11,42.5
"186",-11,41.5
"186",-11,40.5
"186",-11,39.5
"186",-11,38.5
"186",-11,37.5
"186",-11,36.5
"186",-11,35.5
"186",-11,34.5
"186",-11,33.5
"186",-11,32.5
"186",-11,31.5
"186",-12,30.5
"186",-13,29.5
"186",-14,28.5
"186",-15,27.5
"186",-16,26.5
"186",-17,25.5
"186",-18,24.5
"186",-19,23.5
"186",-20,22.5
"186",-21,21.5
"186",-22,20.5
"186",-22,19.5
"186",-22,18.5
"186",-23,17.5
"186",-24,16.5
"186",-25,15.5
"186",-26,14.5
"186",-27,13.5
"186",-28,12.5
"186",-28,11.5
"186",-28,10.5
"186",-28,9.5
"186",-28,8.5
"186",-28,7.5
"186",-28,6.5
"186",-28,5.5
"186",-28,4.5
"186",-28,3.5
"186",-28,2.5
"186",-28,1.5
"186",-28,0.5
"186",-28,-0.5
"186",-28,-1.5
"186",-28,-2.5
"186",-28,-3.5
"186",-28,-4.5
"186",-29,-5.5
"186",-30,-6.5
"186",-31,-7.5
"186",-32,-8.5
"186",-33,-9.5
"186",-34,-10.5
"186",-35,-11.5
"186",-36,-12.5
"186",-37,-13.5
"186",-38,-14.5
"186",-38,-15.5
"186",-38,-16.5
"186",-38,-17.5
"186",-38,-18.5
"186",-38,-19.5
"186",-38,-20.5
"186",-38,-21.5
"186",-38,-22.5
"186",-38,-23.5
"186",-38,-24.5
"186",-38,-25.5
"186",-38,-26.5
"186",-38,-27.5
"186",-38,-28.5
"186",-38,-29.5
"186",-38,-30.5
"186",-38,-31.5
"186",-38,-32.5
"186",-38,-33.5
"186",-37,-34.5
"186",-36,-35.5
"186",-35,-36.5
"186",-34,-37.5
"186",-33,-38.5
"186",-32,-39.5
"186",-31,-40.5
"186",-30,-41.5
"186",-29,-42.5
"186",-28,-43.5
"186",-27,-44.5
"186",-26,-45.5
"186",-25,-45.5
"186",-24,-45.5
"186",-23,-45.5
"186",-22,-45.5
"186",-21,-45.5
"186",-20,-45.5
"186",-19,-45.5
"186",-18,-45.5
"186",-17,-45.5
"186",-16,-45.5
"186",-15,-45.5
"186",-14,-45.5
"186",-13,-45.5
"186",-12,-45.5
"186",-11,-45.5
"186",-10,-45.5
"186",-9,-45.5
"186",-8,-45.5
"186",-7,-45.5
"186",-6,-45.5
"186",-5,-45.5
"186",-4,-45.5
"186",-3,-45.5
"186",-2,-45.5
"186",-1,-45.5
"186",0,-45.5
"186",1,-45.5
"186",2,-45.5
"186",3,-45.5
"186",4,-45.5
"186",5,-45.5
"186",6,-45.5
"186",7,-45.5
"186",8,-45.5
"186",9,-45.5
"186",10,-45.5
"186",11,-45.5
"186",12,-45.5
"186",13,-45.5
"186",14,-45.5
"186",15,-45.5
"186",16,-45.5
"186",17,-45.5
"186",18,-45.5
"186",19,-45.5
"186",20,-45.5
"186",21,-45.5
"186",22,-45.5
"186",23,-45.5
"186",24,-45.5
"186",25,-45.5
"187",-5,54.5
"187",-5,53.5
"187",-5,52.5
"187",-5,51.5
"187",-5,50.5
"187",-6,49.5
"187",-6,48.5
"187",-6,47.5
"187",-6,46.5
"187",-7,46.5
"187",-8,45.5
"187",-9,44.5
"187",-10,44.5
"187",-11,43.5
"187",-11,42.5
"187",-11,41.5
"187",-11,40.5
"187",-11,39.5
"187",-11,38.5
"187",-11,37.5
"187",-11,36.5
"187",-11,35.5
"187",-11,34.5
"187",-11,33.5
"187",-11,32.5
"187",-12,31.5
"187",-13,30.5
"187",-13,29.5
"187",-14,28.5
"187",-15,27.5
"187",-16,26.5
"187",-17,25.5
"187",-18,24.5
"187",-19,23.5
"187",-20,22.5
"187",-20,21.5
"187",-21,20.5
"187",-22,19.5
"187",-23,18.5
"187",-24,17.5
"187",-25,16.5
"187",-26,15.5
"187",-27,14.5
"187",-28,13.5
"187",-29,12.5
"187",-30,11.5
"187",-31,10.5
"187",-31,9.5
"187",-31,8.5
"187",-31,7.5
"187",-31,6.5
"187",-31,5.5
"187",-31,4.5
"187",-31,3.5
"187",-31,2.5
"187",-31,1.5
"187",-31,0.5
"187",-31,-0.5
"187",-31,-1.5
"187",-31,-2.5
"187",-31,-3.5
"187",-31,-4.5
"187",-31,-5.5
"187",-31,-6.5
"187",-31,-7.5
"187",-32,-8.5
"187",-33,-9.5
"187",-34,-10.5
"187",-35,-11.5
"187",-36,-12.5
"187",-37,-13.5
"187",-37,-14.5
"187",-37,-15.5
"187",-37,-16.5
"187",-37,-17.5
"187",-37,-18.5
"187",-37,-19.5
"187",-37,-20.5
"187",-37,-21.5
"187",-37,-22.5
"187",-37,-23.5
"187",-37,-24.5
"187",-37,-25.5
"187",-37,-26.5
"187",-37,-27.5
"187",-37,-28.5
"187",-36,-29.5
"187",-36,-30.5
"187",-36,-31.5
"187",-35,-32.5
"187",-35,-33.5
"187",-34,-34.5
"187",-33,-35.5
"187",-32,-36.5
"187",-31,-37.5
"187",-30,-38.5
"187",-29,-38.5
"187",-28,-39.5
"187",-27,-40.5
"187",-26,-41.5
"187",-25,-42.5
"187",-24,-43.5
"187",-23,-43.5
"187",-22,-43.5
"187",-21,-43.5
"187",-20,-44.5
"187",-19,-45.5
"187",-18,-45.5
"187",-17,-46.5
"187",-16,-46.5
"187",-15,-47.5
"187",-14,-47.5
"187",-13,-48.5
"187",-12,-48.5
"187",-11,-48.5
"187",-10,-48.5
"187",-9,-48.5
"187",-8,-48.5
"187",-7,-48.5
"187",-6,-48.5
"187",-5,-48.5
"187",-4,-48.5
"187",-3,-48.5
"187",-2,-48.5
"187",-1,-48.5
"187",0,-48.5
"187",1,-48.5
"187",2,-48.5
"187",3,-48.5
"187",4,-48.5
"187",5,-48.5
"187",6,-48.5
"187",7,-48.5
"187",8,-48.5
"187",9,-48.5
"187",10,-48.5
"187",11,-48.5
"187",12,-48.5
"187",13,-48.5
"187",14,-48.5
"187",15,-48.5
"187",16,-48.5
"187",17,-48.5
"187",18,-48.5
"187",19,-48.5
"187",20,-48.5
"187",21,-48.5
"187",22,-48.5
"187",23,-47.5
"187",24,-46.5
"187",25,-45.5
"188",-5,54.5
"188",-5,53.5
"188",-5,52.5
"188",-5,51.5
"188",-5,50.5
"188",-6,49.5
"188",-6,48.5
"188",-6,47.5
"188",-6,46.5
"188",-7,46.5
"188",-8,45.5
"188",-9,44.5
"188",-10,44.5
"188",-11,43.5
"188",-11,42.5
"188",-11,41.5
"188",-11,40.5
"188",-11,39.5
"188",-11,38.5
"188",-11,37.5
"188",-11,36.5
"188",-11,35.5
"188",-11,34.5
"188",-11,33.5
"188",-11,32.5
"188",-12,31.5
"188",-13,30.5
"188",-14,29.5
"188",-14,28.5
"188",-15,27.5
"188",-16,26.5
"188",-17,25.5
"188",-18,24.5
"188",-18,23.5
"188",-18,22.5
"188",-18,21.5
"188",-18,20.5
"188",-18,19.5
"188",-18,18.5
"188",-18,17.5
"188",-18,16.5
"188",-18,15.5
"188",-18,14.5
"188",-18,13.5
"188",-18,12.5
"188",-18,11.5
"188",-18,10.5
"188",-18,9.5
"188",-18,8.5
"188",-18,7.5
"188",-18,6.5
"188",-18,5.5
"188",-18,4.5
"188",-18,3.5
"188",-18,2.5
"188",-18,1.5
"188",-18,0.5
"188",-18,-0.5
"188",-18,-1.5
"188",-18,-2.5
"188",-18,-3.5
"188",-19,-4.5
"188",-20,-5.5
"188",-21,-6.5
"188",-22,-7.5
"188",-23,-8.5
"188",-23,-9.5
"188",-24,-10.5
"188",-25,-11.5
"188",-26,-12.5
"188",-27,-13.5
"188",-27,-14.5
"188",-27,-15.5
"188",-27,-16.5
"188",-27,-17.5
"188",-27,-18.5
"188",-27,-19.5
"188",-27,-20.5
"188",-27,-21.5
"188",-27,-22.5
"188",-27,-23.5
"188",-27,-24.5
"188",-27,-25.5
"188",-27,-26.5
"188",-27,-27.5
"188",-27,-28.5
"188",-27,-29.5
"188",-27,-30.5
"188",-27,-31.5
"188",-27,-32.5
"188",-27,-33.5
"188",-27,-34.5
"188",-27,-35.5
"188",-26,-36.5
"188",-25,-36.5
"188",-24,-37.5
"188",-23,-37.5
"188",-22,-37.5
"188",-21,-38.5
"188",-20,-39.5
"188",-19,-40.5
"188",-18,-40.5
"188",-17,-41.5
"188",-16,-41.5
"188",-15,-42.5
"188",-14,-42.5
"188",-13,-43.5
"188",-12,-44.5
"188",-11,-44.5
"188",-10,-44.5
"188",-9,-44.5
"188",-8,-45.5
"188",-7,-45.5
"188",-6,-45.5
"188",-5,-45.5
"188",-4,-45.5
"188",-3,-45.5
"188",-2,-46.5
"188",-1,-46.5
"188",0,-46.5
"188",1,-46.5
"188",2,-47.5
"188",3,-48.5
"188",4,-48.5
"188",5,-48.5
"188",6,-48.5
"188",7,-48.5
"188",8,-48.5
"188",9,-49.5
"188",10,-49.5
"188",11,-49.5
"188",12,-49.5
"188",13,-49.5
"188",14,-49.5
"188",15,-49.5
"188",16,-49.5
"188",17,-48.5
"188",18,-48.5
"188",19,-48.5
"188",20,-48.5
"188",21,-48.5
"188",22,-48.5
"188",23,-47.5
"188",24,-46.5
"188",25,-45.5
"189",-5,54.5
"189",-5,53.5
"189",-5,52.5
"189",-5,51.5
"189",-5,50.5
"189",-6,49.5
"189",-7,48.5
"189",-8,47.5
"189",-9,46.5
"189",-10,45.5
"189",-11,44.5
"189",-11,43.5
"189",-11,42.5
"189",-11,41.5
"189",-11,40.5
"189",-11,39.5
"189",-11,38.5
"189",-11,37.5
"189",-11,36.5
"189",-11,35.5
"189",-11,34.5
"189",-11,33.5
"189",-11,32.5
"189",-11,31.5
"189",-12,30.5
"189",-13,29.5
"189",-14,28.5
"189",-15,27.5
"189",-16,26.5
"189",-17,25.5
"189",-18,24.5
"189",-19,23.5
"189",-20,22.5
"189",-21,21.5
"189",-21,20.5
"189",-21,19.5
"189",-21,18.5
"189",-22,17.5
"189",-23,16.5
"189",-24,15.5
"189",-25,14.5
"189",-25,13.5
"189",-25,12.5
"189",-25,11.5
"189",-25,10.5
"189",-25,9.5
"189",-25,8.5
"189",-25,7.5
"189",-25,6.5
"189",-25,5.5
"189",-25,4.5
"189",-25,3.5
"189",-25,2.5
"189",-25,1.5
"189",-25,0.5
"189",-25,-0.5
"189",-25,-1.5
"189",-25,-2.5
"189",-26,-3.5
"189",-27,-4.5
"189",-28,-5.5
"189",-29,-6.5
"189",-30,-7.5
"189",-31,-8.5
"189",-32,-9.5
"189",-33,-10.5
"189",-34,-11.5
"189",-35,-12.5
"189",-36,-13.5
"189",-37,-14.5
"189",-37,-15.5
"189",-37,-16.5
"189",-37,-17.5
"189",-37,-18.5
"189",-37,-19.5
"189",-37,-20.5
"189",-37,-21.5
"189",-37,-22.5
"189",-37,-23.5
"189",-37,-24.5
"189",-37,-25.5
"189",-37,-26.5
"189",-37,-27.5
"189",-37,-28.5
"189",-37,-29.5
"189",-37,-30.5
"189",-37,-31.5
"189",-37,-32.5
"189",-37,-33.5
"189",-36,-34.5
"189",-35,-35.5
"189",-34,-36.5
"189",-33,-37.5
"189",-32,-38.5
"189",-31,-39.5
"189",-30,-40.5
"189",-29,-41.5
"189",-28,-42.5
"189",-27,-43.5
"189",-26,-44.5
"189",-25,-45.5
"189",-24,-46.5
"189",-23,-47.5
"189",-22,-47.5
"189",-21,-47.5
"189",-20,-47.5
"189",-19,-47.5
"189",-18,-47.5
"189",-17,-47.5
"189",-16,-47.5
"189",-15,-47.5
"189",-14,-47.5
"189",-13,-47.5
"189",-12,-47.5
"189",-11,-47.5
"189",-10,-47.5
"189",-9,-47.5
"189",-8,-47.5
"189",-7,-47.5
"189",-6,-47.5
"189",-5,-47.5
"189",-4,-47.5
"189",-3,-47.5
"189",-2,-47.5
"189",-1,-47.5
"189",0,-47.5
"189",1,-47.5
"189",2,-47.5
"189",3,-47.5
"189",4,-47.5
"189",5,-47.5
"189",6,-47.5
"189",7,-47.5
"189",8,-47.5
"189",9,-47.5
"189",10,-47.5
"189",11,-47.5
"189",12,-47.5
"189",13,-47.5
"189",14,-47.5
"189",15,-47.5
"189",16,-47.5
"189",17,-47.5
"189",18,-47.5
"189",19,-47.5
"189",20,-47.5
"189",21,-47.5
"189",22,-47.5
"189",23,-47.5
"189",24,-46.5
"189",25,-45.5
"190",-5,54.5
"190",-5,53.5
"190",-5,52.5
"190",-5,51.5
"190",-5,50.5
"190",-6,49.5
"190",-6,48.5
"190",-6,47.5
"190",-6,46.5
"190",-7,46.5
"190",-8,45.5
"190",-9,44.5
"190",-10,44.5
"190",-11,43.5
"190",-11,42.5
"190",-11,41.5
"190",-11,40.5
"190",-11,39.5
"190",-11,38.5
"190",-11,37.5
"190",-11,36.5
"190",-11,35.5
"190",-11,34.5
"190",-11,33.5
"190",-11,32.5
"190",-12,31.5
"190",-13,30.5
"190",-13,29.5
"190",-14,28.5
"190",-15,27.5
"190",-16,26.5
"190",-17,25.5
"190",-18,24.5
"190",-18,23.5
"190",-18,22.5
"190",-18,21.5
"190",-18,20.5
"190",-18,19.5
"190",-18,18.5
"190",-18,17.5
"190",-18,16.5
"190",-18,15.5
"190",-18,14.5
"190",-18,13.5
"190",-18,12.5
"190",-18,11.5
"190",-18,10.5
"190",-18,9.5
"190",-18,8.5
"190",-18,7.5
"190",-18,6.5
"190",-18,5.5
"190",-18,4.5
"190",-18,3.5
"190",-18,2.5
"190",-18,1.5
"190",-18,0.5
"190",-18,-0.5
"190",-18,-1.5
"190",-18,-2.5
"190",-18,-3.5
"190",-18,-4.5
"190",-19,-5.5
"190",-20,-6.5
"190",-21,-7.5
"190",-22,-8.5
"190",-23,-9.5
"190",-24,-10.5
"190",-25,-11.5
"190",-26,-12.5
"190",-27,-13.5
"190",-27,-14.5
"190",-27,-15.5
"190",-27,-16.5
"190",-27,-17.5
"190",-27,-18.5
"190",-27,-19.5
"190",-27,-20.5
"190",-27,-21.5
"190",-27,-22.5
"190",-27,-23.5
"190",-27,-24.5
"190",-27,-25.5
"190",-27,-26.5
"190",-27,-27.5
"190",-27,-28.5
"190",-27,-29.5
"190",-27,-30.5
"190",-27,-31.5
"190",-26,-32.5
"190",-25,-33.5
"190",-24,-34.5
"190",-23,-35.5
"190",-22,-36.5
"190",-21,-37.5
"190",-20,-38.5
"190",-19,-39.5
"190",-18,-40.5
"190",-17,-41.5
"190",-16,-41.5
"190",-15,-42.5
"190",-14,-42.5
"190",-13,-43.5
"190",-12,-44.5
"190",-11,-44.5
"190",-10,-44.5
"190",-9,-44.5
"190",-8,-45.5
"190",-7,-45.5
"190",-6,-45.5
"190",-5,-45.5
"190",-4,-45.5
"190",-3,-45.5
"190",-2,-46.5
"190",-1,-46.5
"190",0,-46.5
"190",1,-46.5
"190",2,-47.5
"190",3,-48.5
"190",4,-48.5
"190",5,-48.5
"190",6,-48.5
"190",7,-48.5
"190",8,-48.5
"190",9,-49.5
"190",10,-49.5
"190",11,-49.5
"190",12,-49.5
"190",13,-49.5
"190",14,-49.5
"190",15,-49.5
"190",16,-49.5
"190",17,-49.5
"190",18,-49.5
"190",19,-49.5
"190",20,-49.5
"190",21,-48.5
"190",22,-48.5
"190",23,-47.5
"190",24,-46.5
"190",25,-45.5
"191",-5,54.5
"191",-5,53.5
"191",-5,52.5
"191",-5,51.5
"191",-5,50.5
"191",-6,49.5
"191",-7,48.5
"191",-8,47.5
"191",-9,46.5
"191",-10,45.5
"191",-11,44.5
"191",-11,43.5
"191",-11,42.5
"191",-11,41.5
"191",-11,40.5
"191",-11,39.5
"191",-11,38.5
"191",-11,37.5
"191",-11,36.5
"191",-11,35.5
"191",-11,34.5
"191",-11,33.5
"191",-11,32.5
"191",-11,31.5
"191",-12,30.5
"191",-13,29.5
"191",-14,28.5
"191",-15,27.5
"191",-16,26.5
"191",-17,25.5
"191",-18,24.5
"191",-19,23.5
"191",-20,22.5
"191",-21,21.5
"191",-21,20.5
"191",-21,19.5
"191",-21,18.5
"191",-21,17.5
"191",-21,16.5
"191",-21,15.5
"191",-21,14.5
"191",-21,13.5
"191",-21,12.5
"191",-21,11.5
"191",-21,10.5
"191",-21,9.5
"191",-21,8.5
"191",-21,7.5
"191",-21,6.5
"191",-21,5.5
"191",-21,4.5
"191",-21,3.5
"191",-21,2.5
"191",-21,1.5
"191",-21,0.5
"191",-21,-0.5
"191",-21,-1.5
"191",-21,-2.5
"191",-22,-3.5
"191",-23,-4.5
"191",-24,-5.5
"191",-25,-6.5
"191",-26,-7.5
"191",-27,-8.5
"191",-28,-9.5
"191",-29,-10.5
"191",-30,-11.5
"191",-31,-12.5
"191",-32,-13.5
"191",-33,-14.5
"191",-33,-15.5
"191",-33,-16.5
"191",-33,-17.5
"191",-33,-18.5
"191",-33,-19.5
"191",-33,-20.5
"191",-33,-21.5
"191",-33,-22.5
"191",-33,-23.5
"191",-33,-24.5
"191",-33,-25.5
"191",-33,-26.5
"191",-33,-27.5
"191",-33,-28.5
"191",-33,-29.5
"191",-33,-30.5
"191",-33,-31.5
"191",-32,-32.5
"191",-31,-33.5
"191",-30,-34.5
"191",-29,-35.5
"191",-28,-36.5
"191",-27,-37.5
"191",-26,-38.5
"191",-25,-39.5
"191",-24,-40.5
"191",-23,-41.5
"191",-22,-42.5
"191",-21,-43.5
"191",-20,-44.5
"191",-19,-45.5
"191",-18,-46.5
"191",-17,-47.5
"191",-16,-48.5
"191",-15,-48.5
"191",-14,-48.5
"191",-13,-48.5
"191",-12,-48.5
"191",-11,-48.5
"191",-10,-48.5
"191",-9,-48.5
"191",-8,-48.5
"191",-7,-48.5
"191",-6,-48.5
"191",-5,-48.5
"191",-4,-48.5
"191",-3,-48.5
"191",-2,-48.5
"191",-1,-48.5
"191",0,-48.5
"191",1,-48.5
"191",2,-48.5
"191",3,-48.5
"191",4,-48.5
"191",5,-48.5
"191",6,-48.5
"191",7,-48.5
"191",8,-48.5
"191",9,-48.5
"191",10,-48.5
"191",11,-48.5
"191",12,-48.5
"191",13,-48.5
"191",14,-48.5
"191",15,-48.5
"191",16,-48.5
"191",17,-48.5
"191",18,-48.5
"191",19,-48.5
"191",20,-48.5
"191",21,-48.5
"191",22,-48.5
"191",23,-47.5
"191",24,-46.5
"191",25,-45.5
"192",-5,54.5
"192",-5,53.5
"192",-5,52.5
"192",-5,51.5
"192",-5,50.5
"192",-6,49.5
"192",-7,48.5
"192",-8,47.5
"192",-9,46.5
"192",-10,45.5
"192",-11,44.5
"192",-11,43.5
"192",-11,42.5
"192",-11,41.5
"192",-11,40.5
"192",-11,39.5
"192",-11,38.5
"192",-11,37.5
"192",-11,36.5
"192",-11,35.5
"192",-11,34.5
"192",-11,33.5
"192",-11,32.5
"192",-11,31.5
"192",-12,30.5
"192",-13,29.5
"192",-14,28.5
"192",-15,27.5
"192",-16,26.5
"192",-17,25.5
"192",-18,24.5
"192",-19,23.5
"192",-20,22.5
"192",-21,21.5
"192",-21,20.5
"192",-21,19.5
"192",-21,18.5
"192",-22,17.5
"192",-23,16.5
"192",-24,15.5
"192",-25,14.5
"192",-25,13.5
"192",-25,12.5
"192",-25,11.5
"192",-25,10.5
"192",-25,9.5
"192",-25,8.5
"192",-25,7.5
"192",-25,6.5
"192",-25,5.5
"192",-25,4.5
"192",-25,3.5
"192",-25,2.5
"192",-25,1.5
"192",-25,0.5
"192",-25,-0.5
"192",-25,-1.5
"192",-25,-2.5
"192",-26,-3.5
"192",-27,-4.5
"192",-28,-5.5
"192",-29,-6.5
"192",-30,-7.5
"192",-31,-8.5
"192",-32,-9.5
"192",-33,-10.5
"192",-34,-11.5
"192",-35,-12.5
"192",-36,-13.5
"192",-37,-14.5
"192",-38,-15.5
"192",-38,-16.5
"192",-38,-17.5
"192",-38,-18.5
"192",-38,-19.5
"192",-38,-20.5
"192",-38,-21.5
"192",-38,-22.5
"192",-38,-23.5
"192",-38,-24.5
"192",-38,-25.5
"192",-38,-26.5
"192",-38,-27.5
"192",-38,-28.5
"192",-38,-29.5
"192",-38,-30.5
"192",-38,-31.5
"192",-38,-32.5
"192",-38,-33.5
"192",-38,-34.5
"192",-37,-35.5
"192",-36,-36.5
"192",-35,-37.5
"192",-34,-38.5
"192",-33,-39.5
"192",-32,-40.5
"192",-31,-41.5
"192",-30,-42.5
"192",-29,-43.5
"192",-28,-44.5
"192",-27,-45.5
"192",-26,-46.5
"192",-25,-47.5
"192",-24,-47.5
"192",-23,-47.5
"192",-22,-47.5
"192",-21,-47.5
"192",-20,-47.5
"192",-19,-47.5
"192",-18,-47.5
"192",-17,-47.5
"192",-16,-47.5
"192",-15,-47.5
"192",-14,-47.5
"192",-13,-47.5
"192",-12,-47.5
"192",-11,-47.5
"192",-10,-47.5
"192",-9,-47.5
"192",-8,-47.5
"192",-7,-47.5
"192",-6,-47.5
"192",-5,-47.5
"192",-4,-47.5
"192",-3,-47.5
"192",-2,-47.5
"192",-1,-47.5
"192",0,-47.5
"192",1,-47.5
"192",2,-47.5
"192",3,-47.5
"192",4,-47.5
"192",5,-47.5
"192",6,-47.5
"192",7,-47.5
"192",8,-47.5
"192",9,-47.5
"192",10,-47.5
"192",11,-47.5
"192",12,-47.5
"192",13,-47.5
"192",14,-47.5
"192",15,-47.5
"192",16,-47.5
"192",17,-47.5
"192",18,-47.5
"192",19,-47.5
"192",20,-47.5
"192",21,-47.5
"192",22,-47.5
"192",23,-47.5
"192",24,-46.5
"192",25,-45.5
"193",-5,54.5
"193",-5,53.5
"193",-5,52.5
"193",-5,51.5
"193",-5,50.5
"193",-6,49.5
"193",-6,48.5
"193",-6,47.5
"193",-6,46.5
"193",-7,46.5
"193",-8,45.5
"193",-9,44.5
"193",-10,44.5
"193",-11,43.5
"193",-11,42.5
"193",-11,41.5
"193",-11,40.5
"193",-11,39.5
"193",-11,38.5
"193",-11,37.5
"193",-11,36.5
"193",-11,35.5
"193",-11,34.5
"193",-11,33.5
"193",-11,32.5
"193",-12,31.5
"193",-13,30.5
"193",-13,29.5
"193",-14,28.5
"193",-15,27.5
"193",-16,26.5
"193",-17,25.5
"193",-18,24.5
"193",-18,23.5
"193",-19,22.5
"193",-20,21.5
"193",-20,20.5
"193",-21,19.5
"193",-22,18.5
"193",-23,17.5
"193",-24,16.5
"193",-25,15.5
"193",-26,14.5
"193",-27,13.5
"193",-28,12.5
"193",-29,11.5
"193",-29,10.5
"193",-29,9.5
"193",-29,8.5
"193",-29,7.5
"193",-29,6.5
"193",-29,5.5
"193",-29,4.5
"193",-29,3.5
"193",-29,2.5
"193",-29,1.5
"193",-29,0.5
"193",-29,-0.5
"193",-29,-1.5
"193",-29,-2.5
"193",-29,-3.5
"193",-29,-4.5
"193",-29,-5.5
"193",-30,-6.5
"193",-31,-7.5
"193",-32,-8.5
"193",-33,-9.5
"193",-34,-10.5
"193",-35,-11.5
"193",-36,-12.5
"193",-37,-13.5
"193",-37,-14.5
"193",-37,-15.5
"193",-37,-16.5
"193",-37,-17.5
"193",-37,-18.5
"193",-37,-19.5
"193",-37,-20.5
"193",-37,-21.5
"193",-37,-22.5
"193",-37,-23.5
"193",-37,-24.5
"193",-37,-25.5
"193",-37,-26.5
"193",-37,-27.5
"193",-37,-28.5
"193",-36,-29.5
"193",-36,-30.5
"193",-36,-31.5
"193",-35,-32.5
"193",-35,-33.5
"193",-34,-34.5
"193",-33,-35.5
"193",-32,-36.5
"193",-31,-37.5
"193",-30,-38.5
"193",-29,-38.5
"193",-28,-39.5
"193",-27,-40.5
"193",-26,-41.5
"193",-25,-42.5
"193",-24,-43.5
"193",-23,-43.5
"193",-22,-43.5
"193",-21,-43.5
"193",-20,-44.5
"193",-19,-45.5
"193",-18,-45.5
"193",-17,-46.5
"193",-16,-46.5
"193",-15,-47.5
"193",-14,-47.5
"193",-13,-48.5
"193",-12,-48.5
"193",-11,-48.5
"193",-10,-48.5
"193",-9,-48.5
"193",-8,-48.5
"193",-7,-48.5
"193",-6,-48.5
"193",-5,-48.5
"193",-4,-48.5
"193",-3,-48.5
"193",-2,-48.5
"193",-1,-48.5
"193",0,-48.5
"193",1,-48.5
"193",2,-48.5
"193",3,-48.5
"193",4,-48.5
"193",5,-48.5
"193",6,-48.5
"193",7,-48.5
"193",8,-48.5
"193",9,-49.5
"193",10,-49.5
"193",11,-49.5
"193",12,-49.5
"193",13,-49.5
"193",14,-49.5
"193",15,-49.5
"193",16,-49.5
"193",17,-49.5
"193",18,-49.5
"193",19,-49.5
"193",20,-49.5
"193",21,-48.5
"193",22,-48.5
"193",23,-47.5
"193",24,-46.5
"193",25,-45.5
"194",-5,54.5
"194",-5,53.5
"194",-5,52.5
"194",-5,51.5
"194",-5,50.5
"194",-6,49.5
"194",-7,48.5
"194",-8,47.5
"194",-9,46.5
"194",-10,45.5
"194",-11,44.5
"194",-11,43.5
"194",-11,42.5
"194",-11,41.5
"194",-11,40.5
"194",-11,39.5
"194",-11,38.5
"194",-11,37.5
"194",-11,36.5
"194",-11,35.5
"194",-11,34.5
"194",-11,33.5
"194",-11,32.5
"194",-11,31.5
"194",-12,30.5
"194",-13,29.5
"194",-14,28.5
"194",-15,27.5
"194",-16,26.5
"194",-17,25.5
"194",-18,24.5
"194",-19,23.5
"194",-20,22.5
"194",-21,21.5
"194",-21,20.5
"194",-21,19.5
"194",-21,18.5
"194",-22,17.5
"194",-23,16.5
"194",-23,15.5
"194",-23,14.5
"194",-23,13.5
"194",-23,12.5
"194",-23,11.5
"194",-23,10.5
"194",-23,9.5
"194",-23,8.5
"194",-23,7.5
"194",-23,6.5
"194",-23,5.5
"194",-23,4.5
"194",-23,3.5
"194",-23,2.5
"194",-23,1.5
"194",-23,0.5
"194",-23,-0.5
"194",-23,-1.5
"194",-24,-2.5
"194",-25,-3.5
"194",-26,-4.5
"194",-27,-5.5
"194",-28,-6.5
"194",-29,-7.5
"194",-30,-8.5
"194",-31,-9.5
"194",-32,-10.5
"194",-33,-11.5
"194",-34,-12.5
"194",-35,-13.5
"194",-36,-14.5
"194",-37,-15.5
"194",-37,-16.5
"194",-37,-17.5
"194",-37,-18.5
"194",-37,-19.5
"194",-37,-20.5
"194",-37,-21.5
"194",-37,-22.5
"194",-37,-23.5
"194",-37,-24.5
"194",-37,-25.5
"194",-37,-26.5
"194",-37,-27.5
"194",-37,-28.5
"194",-37,-29.5
"194",-37,-30.5
"194",-37,-31.5
"194",-37,-32.5
"194",-37,-33.5
"194",-36,-34.5
"194",-35,-35.5
"194",-34,-36.5
"194",-33,-37.5
"194",-32,-38.5
"194",-31,-39.5
"194",-30,-40.5
"194",-29,-41.5
"194",-28,-42.5
"194",-27,-43.5
"194",-26,-44.5
"194",-25,-45.5
"194",-24,-46.5
"194",-23,-47.5
"194",-22,-48.5
"194",-21,-48.5
"194",-20,-48.5
"194",-19,-48.5
"194",-18,-48.5
"194",-17,-48.5
"194",-16,-48.5
"194",-15,-48.5
"194",-14,-48.5
"194",-13,-48.5
"194",-12,-48.5
"194",-11,-48.5
"194",-10,-48.5
"194",-9,-48.5
"194",-8,-48.5
"194",-7,-48.5
"194",-6,-48.5
"194",-5,-48.5
"194",-4,-48.5
"194",-3,-48.5
"194",-2,-48.5
"194",-1,-48.5
"194",0,-48.5
"194",1,-48.5
"194",2,-48.5
"194",3,-48.5
"194",4,-48.5
"194",5,-48.5
"194",6,-48.5
"194",7,-48.5
"194",8,-48.5
"194",9,-48.5
"194",10,-48.5
"194",11,-48.5
"194",12,-48.5
"194",13,-48.5
"194",14,-48.5
"194",15,-48.5
"194",16,-48.5
"194",17,-48.5
"194",18,-48.5
"194",19,-48.5
"194",20,-48.5
"194",21,-48.5
"194",22,-48.5
"194",23,-47.5
"194",24,-46.5
"194",25,-45.5
"195",-5,54.5
"195",-5,53.5
"195",-5,52.5
"195",-5,51.5
"195",-5,50.5
"195",-6,49.5
"195",-7,48.5
"195",-7,47.5
"195",-8,46.5
"195",-9,45.5
"195",-10,44.5
"195",-10,43.5
"195",-10,42.5
"195",-10,41.5
"195",-10,40.5
"195",-11,39.5
"195",-11,38.5
"195",-11,37.5
"195",-11,36.5
"195",-11,35.5
"195",-11,34.5
"195",-11,33.5
"195",-11,32.5
"195",-11,31.5
"195",-12,30.5
"195",-13,29.5
"195",-14,28.5
"195",-15,27.5
"195",-16,26.5
"195",-17,25.5
"195",-18,24.5
"195",-19,23.5
"195",-20,22.5
"195",-21,21.5
"195",-21,20.5
"195",-21,19.5
"195",-21,18.5
"195",-22,17.5
"195",-23,16.5
"195",-23,15.5
"195",-23,14.5
"195",-23,13.5
"195",-23,12.5
"195",-23,11.5
"195",-23,10.5
"195",-23,9.5
"195",-23,8.5
"195",-23,7.5
"195",-23,6.5
"195",-23,5.5
"195",-23,4.5
"195",-23,3.5
"195",-23,2.5
"195",-23,1.5
"195",-23,0.5
"195",-23,-0.5
"195",-24,-1.5
"195",-25,-2.5
"195",-26,-3.5
"195",-27,-4.5
"195",-28,-5.5
"195",-29,-6.5
"195",-30,-7.5
"195",-31,-8.5
"195",-32,-9.5
"195",-33,-10.5
"195",-34,-11.5
"195",-35,-12.5
"195",-36,-13.5
"195",-37,-14.5
"195",-38,-15.5
"195",-38,-16.5
"195",-38,-17.5
"195",-38,-18.5
"195",-38,-19.5
"195",-38,-20.5
"195",-38,-21.5
"195",-38,-22.5
"195",-38,-23.5
"195",-38,-24.5
"195",-38,-25.5
"195",-38,-26.5
"195",-38,-27.5
"195",-38,-28.5
"195",-38,-29.5
"195",-38,-30.5
"195",-38,-31.5
"195",-38,-32.5
"195",-38,-33.5
"195",-38,-34.5
"195",-37,-35.5
"195",-36,-36.5
"195",-35,-37.5
"195",-34,-38.5
"195",-33,-39.5
"195",-32,-40.5
"195",-31,-41.5
"195",-30,-42.5
"195",-29,-43.5
"195",-28,-44.5
"195",-27,-45.5
"195",-26,-46.5
"195",-25,-47.5
"195",-24,-48.5
"195",-23,-48.5
"195",-22,-48.5
"195",-21,-48.5
"195",-20,-48.5
"195",-19,-48.5
"195",-18,-48.5
"195",-17,-48.5
"195",-16,-48.5
"195",-15,-48.5
"195",-14,-48.5
"195",-13,-48.5
"195",-12,-48.5
"195",-11,-48.5
"195",-10,-48.5
"195",-9,-48.5
"195",-8,-48.5
"195",-7,-48.5
"195",-6,-48.5
"195",-5,-48.5
"195",-4,-48.5
"195",-3,-48.5
"195",-2,-48.5
"195",-1,-48.5
"195",0,-48.5
"195",1,-48.5
"195",2,-48.5
"195",3,-48.5
"195",4,-48.5
"195",5,-48.5
"195",6,-48.5
"195",7,-48.5
"195",8,-48.5
"195",9,-48.5
"195",10,-48.5
"195",11,-48.5
"195",12,-48.5
"195",13,-48.5
"195",14,-48.5
"195",15,-48.5
"195",16,-48.5
"195",17,-48.5
"195",18,-48.5
"195",19,-48.5
"195",20,-48.5
"195",21,-48.5
"195",22,-48.5
"195",23,-47.5
"195",24,-46.5
"195",25,-45.5
