"matrix","x","y"
"1",0,-73.5
"1",1,-73.5
"1",2,-73.5
"1",3,-74.5
"1",4,-74.5
"1",5,-74.5
"1",6,-74.5
"1",5,-75.5
"1",6,-75.5
"1",5,-76.5
"1",5,-77.5
"1",5,-78.5
"1",5,-79.5
"1",6,-79.5
"1",6,-80.5
"1",6,-81.5
"1",6,-82.5
"1",5,-83.5
"1",6,-83.5
"1",5,-84.5
"1",6,-84.5
"1",5,-85.5
"1",6,-85.5
"1",5,-86.5
"1",6,-86.5
"1",5,-87.5
"1",4,-87.5
"1",3,-87.5
"1",2,-88.5
"1",3,-88.5
"1",2,-89.5
"1",1,-89.5
"1",0,-89.5
"1",-1,-89.5
"1",-2,-89.5
"1",-3,-89.5
"1",-4,-89.5
"1",-5,-89.5
"1",-6,-89.5
"1",-7,-89.5
"1",-8,-89.5
"1",-9,-89.5
"1",-10,-89.5
"1",-11,-89.5
"1",-12,-89.5
"1",-13,-89.5
"1",-14,-89.5
"1",-15,-89.5
"1",-16,-89.5
"1",-17,-89.5
"1",-18,-89.5
"1",-19,-89.5
"1",-20,-89.5
"1",-21,-89.5
"1",-22,-89.5
"1",-23,-89.5
"1",-24,-89.5
"1",-25,-89.5
"1",-26,-89.5
"1",-27,-89.5
"1",-28,-89.5
"1",-29,-89.5
"1",-30,-89.5
"1",-31,-89.5
"1",-32,-89.5
"1",-33,-89.5
"1",-34,-89.5
"1",-35,-89.5
"1",-36,-89.5
"1",-37,-89.5
"1",-38,-89.5
"1",-39,-89.5
"1",-40,-89.5
"1",-41,-89.5
"1",-42,-89.5
"1",-43,-89.5
"1",-44,-89.5
"1",-45,-89.5
"1",-46,-89.5
"1",-47,-89.5
"1",-48,-89.5
"1",-49,-89.5
"1",-50,-89.5
"1",-51,-89.5
"1",-52,-89.5
"1",-53,-89.5
"1",-54,-89.5
"1",-55,-89.5
"1",-56,-89.5
"1",-57,-89.5
"1",-58,-89.5
"1",-59,-89.5
"1",-60,-89.5
"1",-61,-89.5
"1",-62,-89.5
"1",-63,-89.5
"1",-64,-89.5
"1",-65,-89.5
"1",-66,-89.5
"1",-67,-89.5
"1",-68,-89.5
"1",-69,-89.5
"1",-70,-89.5
"1",-71,-89.5
"1",-72,-89.5
"1",-73,-89.5
"1",-74,-89.5
"1",-75,-89.5
"1",-76,-89.5
"1",-77,-89.5
"1",-78,-89.5
"1",-79,-89.5
"1",-80,-89.5
"1",-81,-89.5
"1",-82,-89.5
"1",-83,-89.5
"1",-84,-89.5
"1",-85,-89.5
"1",-86,-89.5
"1",-87,-89.5
"1",-88,-89.5
"1",-89,-89.5
"1",-90,-89.5
"1",-91,-89.5
"1",-92,-89.5
"1",-93,-89.5
"1",-94,-89.5
"1",-95,-89.5
"1",-96,-89.5
"1",-97,-89.5
"1",-98,-89.5
"1",-99,-89.5
"1",-100,-89.5
"1",-101,-89.5
"1",-102,-89.5
"1",-103,-89.5
"1",-104,-89.5
"1",-105,-89.5
"1",-106,-89.5
"1",-107,-89.5
"1",-108,-89.5
"1",-109,-89.5
"1",-110,-89.5
"1",-111,-89.5
"1",-112,-89.5
"1",-113,-89.5
"1",-114,-89.5
"1",-115,-89.5
"1",-116,-89.5
"1",-117,-89.5
"1",-118,-89.5
"1",-119,-89.5
"1",-120,-89.5
"1",-121,-89.5
"1",-122,-89.5
"1",-123,-89.5
"1",-124,-89.5
"1",-125,-89.5
"1",-126,-89.5
"1",-127,-89.5
"1",-128,-89.5
"1",-129,-89.5
"1",-130,-89.5
"1",-131,-89.5
"1",-132,-89.5
"1",-133,-89.5
"1",-134,-89.5
"1",-135,-89.5
"1",-136,-89.5
"1",-137,-89.5
"1",-138,-89.5
"1",-139,-89.5
"1",-140,-89.5
"1",-141,-89.5
"1",-142,-89.5
"1",-143,-89.5
"1",-144,-89.5
"1",-145,-89.5
"1",-146,-89.5
"1",-147,-89.5
"1",-148,-89.5
"1",-149,-89.5
"1",-150,-89.5
"1",-151,-89.5
"1",-152,-89.5
"1",-153,-89.5
"1",-154,-89.5
"1",-155,-89.5
"1",-156,-89.5
"1",-157,-89.5
"1",-158,-89.5
"1",-159,-89.5
"1",-160,-89.5
"1",-161,-89.5
"1",-161,-88.5
"1",-161,-87.5
"1",-162,-86.5
"1",-161,-86.5
"1",-162,-85.5
"1",-163,-85.5
"1",-162,-84.5
"1",-163,-83.5
"1",-164,-82.5
"1",-165,-81.5
"1",-166,-80.5
"1",-166,-79.5
"1",-166,-78.5
"1",-166,-77.5
"1",-166,-76.5
"1",-166,-75.5
"1",-166,-74.5
"1",-166,-73.5
"1",-166,-72.5
"1",-166,-71.5
"1",-165,-70.5
"1",-164,-69.5
"1",-163,-68.5
"1",-162,-67.5
"1",-163,-67.5
"1",-162,-66.5
"1",-163,-66.5
"1",-164,-66.5
"1",-165,-66.5
"1",-166,-66.5
"1",-165,-65.5
"1",-164,-64.5
"1",-165,-63.5
"1",-166,-62.5
"1",-167,-61.5
"1",-168,-60.5
"1",-169,-59.5
"1",-170,-58.5
"1",-171,-57.5
"1",-172,-56.5
"1",-173,-55.5
"1",-174,-54.5
"1",-175,-53.5
"1",-176,-52.5
"1",-177,-51.5
"1",-178,-50.5
"1",-179,-49.5
"1",-180,-48.5
"1",-179,-48.5
"1",-180,-47.5
"1",-179,-46.5
"1",-178,-45.5
"1",-177,-44.5
"1",-176,-43.5
"1",-175,-42.5
"1",-174,-41.5
"1",-173,-41.5
"1",-172,-41.5
"1",-171,-41.5
"1",-170,-41.5
"1",-169,-41.5
"1",-168,-41.5
"1",-167,-40.5
"1",-166,-39.5
"1",-165,-38.5
"1",-164,-37.5
"1",-163,-36.5
"1",-163,-35.5
"1",-163,-34.5
"1",-164,-33.5
"1",-165,-32.5
"1",-166,-31.5
"1",-167,-30.5
"1",-168,-29.5
"1",-169,-28.5
"1",-170,-27.5
"1",-170,-26.5
"1",-171,-25.5
"1",-172,-24.5
"1",-173,-23.5
"1",-174,-22.5
"1",-175,-21.5
"1",-176,-20.5
"1",-177,-19.5
"1",-178,-18.5
"1",-179,-17.5
"1",-180,-16.5
"1",-180,-15.5
"1",-180,-14.5
"1",-180,-13.5
"1",-180,-12.5
"1",-180,-11.5
"1",-180,-10.5
"1",-180,-9.5
"1",-180,-8.5
"1",-180,-7.5
"1",-180,-6.5
"1",-180,-5.5
"1",-180,-4.5
"1",-180,-3.5
"1",-180,-2.5
"1",-179,-1.5
"1",-178,-0.5
"1",-178,0.5
"1",-179,0.5
"1",-180,0.5
"1",-180,1.5
"1",-180,2.5
"1",-180,3.5
"1",-180,4.5
"1",-180,5.5
"1",-180,6.5
"1",-179,7.5
"1",-178,8.5
"1",-177,9.5
"1",-176,10.5
"1",-175,11.5
"1",-174,12.5
"1",-173,13.5
"1",-172,14.5
"1",-171,15.5
"1",-170,16.5
"1",-169,17.5
"1",-168,18.5
"1",-167,19.5
"1",-166,20.5
"1",-165,21.5
"1",-164,22.5
"1",-163,23.5
"1",-164,23.5
"1",-163,24.5
"1",-164,24.5
"1",-163,25.5
"1",-164,25.5
"1",-163,26.5
"1",-164,26.5
"1",-163,27.5
"1",-164,27.5
"1",-163,28.5
"1",-164,28.5
"1",-163,29.5
"1",-164,29.5
"1",-163,30.5
"1",-164,30.5
"1",-165,30.5
"1",-166,30.5
"1",-167,30.5
"1",-168,30.5
"1",-169,30.5
"1",-170,30.5
"1",-171,30.5
"1",-172,30.5
"1",-171,31.5
"1",-172,32.5
"1",-171,33.5
"1",-172,33.5
"1",-173,32.5
"1",-174,31.5
"1",-175,32.5
"1",-176,31.5
"1",-177,32.5
"1",-178,31.5
"1",-178,32.5
"1",-177,33.5
"1",-176,34.5
"1",-175,35.5
"1",-174,36.5
"1",-173,37.5
"1",-172,38.5
"1",-171,39.5
"1",-170,40.5
"1",-169,41.5
"1",-168,42.5
"1",-167,43.5
"1",-166,44.5
"1",-165,45.5
"1",-166,45.5
"1",-165,46.5
"1",-166,46.5
"1",-165,47.5
"1",-166,47.5
"1",-165,48.5
"1",-166,48.5
"1",-165,49.5
"1",-166,49.5
"1",-165,50.5
"1",-166,50.5
"1",-165,51.5
"1",-166,51.5
"1",-167,51.5
"1",-168,51.5
"1",-169,51.5
"1",-170,51.5
"1",-171,51.5
"1",-172,51.5
"1",-173,51.5
"1",-174,51.5
"1",-175,51.5
"1",-176,51.5
"1",-175,52.5
"1",-176,53.5
"1",-176,54.5
"1",-175,55.5
"1",-174,56.5
"1",-173,57.5
"1",-172,58.5
"1",-171,59.5
"1",-170,60.5
"1",-169,61.5
"1",-169,62.5
"1",-169,63.5
"1",-169,64.5
"1",-169,65.5
"1",-169,66.5
"1",-169,67.5
"1",-169,68.5
"1",-168,69.5
"1",-167,70.5
"1",-168,70.5
"1",-167,71.5
"1",-168,71.5
"1",-167,72.5
"1",-168,72.5
"1",-167,73.5
"1",-168,74.5
"1",-169,75.5
"1",-170,76.5
"1",-171,77.5
"1",-171,78.5
"1",-171,79.5
"1",-171,80.5
"1",-170,80.5
"1",-169,80.5
"1",-168,80.5
"1",-167,81.5
"1",-166,82.5
"1",-165,83.5
"1",-164,83.5
"1",-163,84.5
"1",-162,85.5
"1",-161,85.5
"1",-160,86.5
"1",-159,87.5
"1",-158,88.5
"1",-157,88.5
"1",-156,88.5
"1",-155,88.5
"1",-154,88.5
"1",-153,88.5
"1",-152,88.5
"1",-151,89.5
"1",-150,89.5
"1",-149,89.5
"1",-148,89.5
"1",-147,89.5
"1",-146,89.5
"1",-145,89.5
"1",-144,89.5
"1",-143,89.5
"1",-142,89.5
"1",-141,89.5
"1",-140,89.5
"1",-139,89.5
"1",-138,89.5
"1",-137,89.5
"1",-136,89.5
"1",-135,89.5
"1",-134,89.5
"1",-133,89.5
"1",-132,89.5
"1",-131,89.5
"1",-130,89.5
"1",-129,89.5
"1",-128,89.5
"1",-127,89.5
"1",-126,89.5
"1",-125,89.5
"1",-124,89.5
"1",-123,89.5
"1",-122,89.5
"1",-121,89.5
"1",-120,89.5
"1",-119,89.5
"1",-118,89.5
"1",-117,89.5
"1",-116,89.5
"1",-115,89.5
"1",-114,89.5
"1",-113,89.5
"1",-112,89.5
"1",-111,89.5
"1",-110,89.5
"1",-109,89.5
"1",-108,89.5
"1",-107,89.5
"1",-106,89.5
"1",-105,89.5
"1",-104,89.5
"1",-103,89.5
"1",-102,89.5
"1",-101,89.5
"1",-100,89.5
"1",-99,89.5
"1",-98,89.5
"1",-97,89.5
"1",-96,89.5
"1",-95,89.5
"1",-94,89.5
"1",-93,89.5
"1",-92,89.5
"1",-91,89.5
"1",-90,89.5
"1",-89,89.5
"1",-88,89.5
"1",-87,89.5
"1",-86,89.5
"1",-85,89.5
"1",-84,89.5
"1",-83,89.5
"1",-82,89.5
"1",-81,89.5
"1",-80,89.5
"1",-79,89.5
"1",-78,89.5
"1",-77,89.5
"1",-76,89.5
"1",-75,89.5
"1",-74,89.5
"1",-73,89.5
"1",-72,89.5
"1",-71,89.5
"1",-70,89.5
"1",-69,89.5
"1",-68,89.5
"1",-67,89.5
"1",-66,89.5
"1",-65,89.5
"1",-64,89.5
"1",-63,89.5
"1",-62,89.5
"1",-61,89.5
"1",-60,89.5
"1",-59,89.5
"1",-58,89.5
"1",-57,89.5
"1",-56,89.5
"1",-55,89.5
"1",-54,89.5
"1",-53,89.5
"1",-52,89.5
"1",-51,89.5
"1",-50,89.5
"1",-49,89.5
"1",-48,89.5
"1",-47,89.5
"1",-46,89.5
"1",-45,89.5
"1",-44,89.5
"1",-43,89.5
"1",-42,89.5
"1",-41,89.5
"1",-40,89.5
"1",-39,89.5
"1",-38,89.5
"1",-37,89.5
"1",-36,89.5
"1",-35,89.5
"1",-34,89.5
"1",-33,89.5
"1",-32,89.5
"1",-31,89.5
"1",-30,89.5
"1",-29,89.5
"1",-28,89.5
"1",-27,89.5
"1",-26,89.5
"1",-25,89.5
"1",-24,89.5
"1",-23,89.5
"1",-22,89.5
"1",-21,89.5
"1",-20,89.5
"1",-19,89.5
"1",-18,89.5
"1",-17,89.5
"1",-16,89.5
"1",-15,89.5
"1",-14,89.5
"1",-13,89.5
"1",-12,89.5
"1",-11,89.5
"1",-10,89.5
"1",-9,89.5
"1",-8,89.5
"1",-7,89.5
"1",-6,89.5
"1",-5,89.5
"1",-4,89.5
"1",-3,89.5
"1",-2,89.5
"1",-2,88.5
"1",-2,87.5
"1",-2,86.5
"1",-2,85.5
"1",-2,84.5
"1",-1,83.5
"1",0,82.5
"1",0,81.5
"1",0,80.5
"1",-1,79.5
"1",-1,78.5
"1",-1,77.5
"1",-1,76.5
"1",-1,75.5
"1",-1,74.5
"1",-1,73.5
"1",0,73.5
"1",0,72.5
"1",0,71.5
"1",0,70.5
"1",0,69.5
"1",0,68.5
"1",0,67.5
"1",1,66.5
"1",2,66.5
"1",3,66.5
"1",4,65.5
"1",3,64.5
"1",3,63.5
"1",3,62.5
"1",3,61.5
"1",3,60.5
"1",3,59.5
"1",3,58.5
"1",3,57.5
"1",3,56.5
"1",2,55.5
"1",1,55.5
"1",0,54.5
"2",0,-73.5
"2",-1,-72.5
"2",-1,-71.5
"2",-1,-70.5
"2",0,-69.5
"2",0,-68.5
"2",0,-67.5
"2",0,-66.5
"2",0,-65.5
"2",0,-64.5
"2",1,-63.5
"2",0,-63.5
"2",1,-62.5
"2",2,-61.5
"2",3,-60.5
"2",4,-60.5
"2",5,-60.5
"2",6,-59.5
"2",7,-59.5
"2",8,-58.5
"2",9,-57.5
"2",8,-56.5
"2",9,-55.5
"2",8,-54.5
"2",9,-53.5
"2",8,-52.5
"2",9,-51.5
"2",10,-51.5
"2",9,-50.5
"2",8,-49.5
"2",9,-48.5
"2",8,-47.5
"2",7,-47.5
"2",7,-46.5
"2",6,-45.5
"2",7,-45.5
"2",6,-44.5
"2",5,-43.5
"2",4,-42.5
"2",5,-41.5
"2",4,-40.5
"2",5,-39.5
"2",5,-38.5
"2",5,-37.5
"2",5,-36.5
"2",5,-35.5
"2",5,-34.5
"2",5,-33.5
"2",5,-32.5
"2",5,-31.5
"2",5,-30.5
"2",5,-29.5
"2",5,-28.5
"2",5,-27.5
"2",5,-26.5
"2",5,-25.5
"2",5,-24.5
"2",5,-23.5
"2",5,-22.5
"2",4,-21.5
"2",3,-20.5
"2",3,-19.5
"2",3,-18.5
"2",2,-17.5
"2",1,-16.5
"2",1,-15.5
"2",1,-14.5
"2",1,-13.5
"2",0,-12.5
"2",-1,-11.5
"2",-2,-10.5
"2",-3,-9.5
"2",-4,-8.5
"2",-5,-7.5
"2",-6,-6.5
"2",-7,-6.5
"2",-8,-5.5
"2",-9,-4.5
"2",-10,-4.5
"2",-11,-3.5
"2",-12,-3.5
"2",-13,-2.5
"2",-14,-1.5
"2",-15,-0.5
"2",-16,0.5
"2",-16,1.5
"2",-16,2.5
"2",-16,3.5
"2",-16,4.5
"2",-16,5.5
"2",-16,6.5
"2",-16,7.5
"2",-17,7.5
"2",-18,8.5
"2",-18,9.5
"2",-18,10.5
"2",-18,11.5
"2",-18,12.5
"2",-18,13.5
"2",-18,14.5
"2",-18,15.5
"2",-18,16.5
"2",-18,17.5
"2",-18,18.5
"2",-18,19.5
"2",-18,20.5
"2",-18,21.5
"2",-18,22.5
"2",-18,23.5
"2",-18,24.5
"2",-18,25.5
"2",-18,26.5
"2",-18,27.5
"2",-18,28.5
"2",-18,29.5
"2",-18,30.5
"2",-18,31.5
"2",-18,32.5
"2",-18,33.5
"2",-18,34.5
"2",-18,35.5
"2",-18,36.5
"2",-18,37.5
"2",-18,38.5
"2",-18,39.5
"2",-18,40.5
"2",-18,41.5
"2",-18,42.5
"2",-18,43.5
"2",-17,44.5
"2",-16,44.5
"2",-15,44.5
"2",-14,44.5
"2",-13,44.5
"2",-13,45.5
"2",-13,46.5
"2",-13,47.5
"2",-13,48.5
"2",-12,49.5
"2",-12,50.5
"2",-13,51.5
"2",-13,52.5
"2",-12,53.5
"2",-13,54.5
"2",-12,55.5
"2",-11,56.5
"2",-10,57.5
"2",-9,57.5
"2",-8,58.5
"2",-7,59.5
"2",-6,59.5
"2",-5,59.5
"2",-4,59.5
"2",-3,59.5
"2",-2,58.5
"2",-1,58.5
"2",0,58.5
"2",1,58.5
"2",0,57.5
"2",-1,56.5
"2",0,55.5
"2",0,54.5
"3",0,-73.5
"3",-1,-72.5
"3",-1,-71.5
"3",-1,-70.5
"3",0,-69.5
"3",0,-68.5
"3",0,-67.5
"3",0,-66.5
"3",0,-65.5
"3",0,-64.5
"3",1,-63.5
"3",0,-63.5
"3",1,-62.5
"3",2,-61.5
"3",3,-60.5
"3",4,-60.5
"3",5,-60.5
"3",6,-59.5
"3",7,-59.5
"3",8,-58.5
"3",9,-57.5
"3",8,-56.5
"3",9,-55.5
"3",8,-54.5
"3",9,-53.5
"3",8,-52.5
"3",9,-51.5
"3",8,-50.5
"3",9,-49.5
"3",8,-48.5
"3",9,-47.5
"3",10,-47.5
"3",11,-47.5
"3",11,-46.5
"3",11,-45.5
"3",11,-44.5
"3",11,-43.5
"3",10,-42.5
"3",9,-41.5
"3",8,-41.5
"3",7,-41.5
"3",6,-40.5
"3",5,-39.5
"3",5,-38.5
"3",5,-37.5
"3",5,-36.5
"3",5,-35.5
"3",5,-34.5
"3",5,-33.5
"3",5,-32.5
"3",5,-31.5
"3",5,-30.5
"3",5,-29.5
"3",5,-28.5
"3",5,-27.5
"3",5,-26.5
"3",5,-25.5
"3",5,-24.5
"3",5,-23.5
"3",5,-22.5
"3",4,-21.5
"3",3,-20.5
"3",3,-19.5
"3",3,-18.5
"3",3,-17.5
"3",3,-16.5
"3",3,-15.5
"3",3,-14.5
"3",3,-13.5
"3",3,-12.5
"3",3,-11.5
"3",3,-10.5
"3",2,-9.5
"3",1,-9.5
"3",0,-8.5
"3",-1,-7.5
"3",-1,-6.5
"3",-2,-5.5
"3",-3,-4.5
"3",-3,-3.5
"3",-3,-2.5
"3",-3,-1.5
"3",-4,-1.5
"3",-5,-1.5
"3",-6,-0.5
"3",-7,-0.5
"3",-8,0.5
"3",-9,1.5
"3",-10,1.5
"3",-11,2.5
"3",-11,3.5
"3",-11,4.5
"3",-11,5.5
"3",-12,5.5
"3",-13,6.5
"3",-14,6.5
"3",-14,7.5
"3",-15,7.5
"3",-16,7.5
"3",-17,7.5
"3",-18,8.5
"3",-18,9.5
"3",-18,10.5
"3",-18,11.5
"3",-18,12.5
"3",-18,13.5
"3",-18,14.5
"3",-18,15.5
"3",-18,16.5
"3",-18,17.5
"3",-18,18.5
"3",-18,19.5
"3",-18,20.5
"3",-18,21.5
"3",-18,22.5
"3",-18,23.5
"3",-18,24.5
"3",-18,25.5
"3",-18,26.5
"3",-18,27.5
"3",-18,28.5
"3",-18,29.5
"3",-18,30.5
"3",-18,31.5
"3",-18,32.5
"3",-18,33.5
"3",-18,34.5
"3",-18,35.5
"3",-18,36.5
"3",-18,37.5
"3",-18,38.5
"3",-18,39.5
"3",-18,40.5
"3",-18,41.5
"3",-18,42.5
"3",-18,43.5
"3",-17,44.5
"3",-16,44.5
"3",-15,44.5
"3",-14,44.5
"3",-13,44.5
"3",-13,45.5
"3",-13,46.5
"3",-13,47.5
"3",-13,48.5
"3",-12,49.5
"3",-12,50.5
"3",-13,51.5
"3",-13,52.5
"3",-12,53.5
"3",-13,54.5
"3",-12,55.5
"3",-11,56.5
"3",-10,57.5
"3",-9,57.5
"3",-8,58.5
"3",-7,59.5
"3",-6,59.5
"3",-5,59.5
"3",-4,59.5
"3",-3,59.5
"3",-2,58.5
"3",-1,58.5
"3",0,58.5
"3",1,58.5
"3",0,57.5
"3",-1,56.5
"3",0,55.5
"3",0,54.5
"4",0,-73.5
"4",-1,-72.5
"4",-1,-71.5
"4",-1,-70.5
"4",0,-69.5
"4",1,-68.5
"4",0,-67.5
"4",0,-66.5
"4",0,-65.5
"4",0,-64.5
"4",1,-63.5
"4",0,-63.5
"4",1,-62.5
"4",2,-61.5
"4",3,-60.5
"4",4,-60.5
"4",5,-60.5
"4",6,-59.5
"4",7,-59.5
"4",8,-58.5
"4",9,-57.5
"4",8,-56.5
"4",9,-55.5
"4",8,-54.5
"4",9,-53.5
"4",8,-52.5
"4",9,-51.5
"4",8,-50.5
"4",9,-49.5
"4",8,-48.5
"4",8,-47.5
"4",7,-47.5
"4",7,-46.5
"4",6,-45.5
"4",5,-44.5
"4",4,-43.5
"4",5,-42.5
"4",4,-41.5
"4",4,-40.5
"4",5,-39.5
"4",5,-38.5
"4",5,-37.5
"4",5,-36.5
"4",5,-35.5
"4",5,-34.5
"4",5,-33.5
"4",5,-32.5
"4",5,-31.5
"4",5,-30.5
"4",5,-29.5
"4",5,-28.5
"4",5,-27.5
"4",5,-26.5
"4",5,-25.5
"4",5,-24.5
"4",5,-23.5
"4",5,-22.5
"4",4,-21.5
"4",3,-20.5
"4",3,-19.5
"4",2,-18.5
"4",1,-17.5
"4",0,-16.5
"4",-1,-15.5
"4",-2,-14.5
"4",-3,-13.5
"4",-4,-12.5
"4",-5,-11.5
"4",-6,-10.5
"4",-7,-9.5
"4",-8,-8.5
"4",-9,-7.5
"4",-9,-6.5
"4",-10,-5.5
"4",-11,-4.5
"4",-12,-3.5
"4",-13,-2.5
"4",-14,-1.5
"4",-15,-0.5
"4",-16,0.5
"4",-16,1.5
"4",-16,2.5
"4",-16,3.5
"4",-16,4.5
"4",-16,5.5
"4",-16,6.5
"4",-16,7.5
"4",-17,7.5
"4",-18,8.5
"4",-18,9.5
"4",-18,10.5
"4",-18,11.5
"4",-18,12.5
"4",-18,13.5
"4",-18,14.5
"4",-18,15.5
"4",-18,16.5
"4",-18,17.5
"4",-18,18.5
"4",-18,19.5
"4",-18,20.5
"4",-18,21.5
"4",-18,22.5
"4",-18,23.5
"4",-18,24.5
"4",-18,25.5
"4",-18,26.5
"4",-18,27.5
"4",-18,28.5
"4",-18,29.5
"4",-18,30.5
"4",-18,31.5
"4",-18,32.5
"4",-18,33.5
"4",-18,34.5
"4",-18,35.5
"4",-18,36.5
"4",-18,37.5
"4",-18,38.5
"4",-18,39.5
"4",-18,40.5
"4",-18,41.5
"4",-18,42.5
"4",-18,43.5
"4",-17,44.5
"4",-16,44.5
"4",-15,44.5
"4",-14,44.5
"4",-13,44.5
"4",-13,45.5
"4",-13,46.5
"4",-13,47.5
"4",-13,48.5
"4",-13,49.5
"4",-12,50.5
"4",-13,51.5
"4",-13,52.5
"4",-12,53.5
"4",-13,54.5
"4",-12,55.5
"4",-11,56.5
"4",-10,57.5
"4",-9,57.5
"4",-8,58.5
"4",-7,59.5
"4",-6,59.5
"4",-5,59.5
"4",-4,59.5
"4",-3,59.5
"4",-2,58.5
"4",-1,58.5
"4",0,57.5
"4",-1,56.5
"4",0,55.5
"4",0,54.5
"5",0,-73.5
"5",-1,-72.5
"5",-1,-71.5
"5",-1,-70.5
"5",0,-69.5
"5",0,-68.5
"5",0,-67.5
"5",0,-66.5
"5",0,-65.5
"5",0,-64.5
"5",1,-63.5
"5",0,-63.5
"5",1,-62.5
"5",2,-61.5
"5",3,-60.5
"5",4,-60.5
"5",5,-60.5
"5",6,-59.5
"5",7,-59.5
"5",8,-58.5
"5",9,-57.5
"5",8,-56.5
"5",9,-55.5
"5",8,-54.5
"5",9,-53.5
"5",8,-52.5
"5",9,-51.5
"5",8,-50.5
"5",9,-49.5
"5",8,-48.5
"5",8,-47.5
"5",7,-47.5
"5",7,-46.5
"5",6,-45.5
"5",5,-44.5
"5",4,-43.5
"5",5,-42.5
"5",4,-41.5
"5",4,-40.5
"5",5,-39.5
"5",5,-38.5
"5",5,-37.5
"5",5,-36.5
"5",5,-35.5
"5",5,-34.5
"5",5,-33.5
"5",5,-32.5
"5",5,-31.5
"5",5,-30.5
"5",5,-29.5
"5",5,-28.5
"5",5,-27.5
"5",5,-26.5
"5",5,-25.5
"5",5,-24.5
"5",5,-23.5
"5",5,-22.5
"5",4,-21.5
"5",3,-20.5
"5",3,-19.5
"5",3,-18.5
"5",2,-17.5
"5",1,-16.5
"5",1,-15.5
"5",1,-14.5
"5",1,-13.5
"5",0,-12.5
"5",-1,-11.5
"5",-2,-10.5
"5",-3,-9.5
"5",-4,-8.5
"5",-5,-7.5
"5",-6,-6.5
"5",-7,-6.5
"5",-8,-5.5
"5",-9,-4.5
"5",-10,-4.5
"5",-11,-3.5
"5",-12,-3.5
"5",-13,-2.5
"5",-14,-1.5
"5",-15,-1.5
"5",-16,-0.5
"5",-16,0.5
"5",-16,1.5
"5",-16,2.5
"5",-16,3.5
"5",-16,4.5
"5",-16,5.5
"5",-16,6.5
"5",-16,7.5
"5",-17,7.5
"5",-18,8.5
"5",-18,9.5
"5",-18,10.5
"5",-18,11.5
"5",-18,12.5
"5",-18,13.5
"5",-18,14.5
"5",-18,15.5
"5",-18,16.5
"5",-18,17.5
"5",-18,18.5
"5",-18,19.5
"5",-18,20.5
"5",-18,21.5
"5",-18,22.5
"5",-18,23.5
"5",-18,24.5
"5",-18,25.5
"5",-18,26.5
"5",-18,27.5
"5",-18,28.5
"5",-18,29.5
"5",-18,30.5
"5",-18,31.5
"5",-18,32.5
"5",-18,33.5
"5",-18,34.5
"5",-18,35.5
"5",-18,36.5
"5",-18,37.5
"5",-18,38.5
"5",-18,39.5
"5",-18,40.5
"5",-18,41.5
"5",-18,42.5
"5",-18,43.5
"5",-17,44.5
"5",-16,44.5
"5",-15,44.5
"5",-14,44.5
"5",-13,44.5
"5",-13,45.5
"5",-13,46.5
"5",-13,47.5
"5",-13,48.5
"5",-12,49.5
"5",-12,50.5
"5",-13,51.5
"5",-13,52.5
"5",-12,53.5
"5",-13,54.5
"5",-12,55.5
"5",-11,56.5
"5",-10,57.5
"5",-9,57.5
"5",-8,58.5
"5",-7,59.5
"5",-6,59.5
"5",-5,59.5
"5",-4,59.5
"5",-3,59.5
"5",-2,58.5
"5",-1,58.5
"5",0,57.5
"5",-1,56.5
"5",0,55.5
"5",0,54.5
"6",0,-73.5
"6",1,-73.5
"6",2,-73.5
"6",3,-72.5
"6",4,-72.5
"6",5,-72.5
"6",6,-71.5
"6",5,-70.5
"6",6,-69.5
"6",5,-68.5
"6",6,-67.5
"6",5,-66.5
"6",5,-65.5
"6",6,-64.5
"6",7,-64.5
"6",8,-63.5
"6",9,-62.5
"6",8,-62.5
"6",9,-61.5
"6",8,-60.5
"6",9,-59.5
"6",8,-59.5
"6",9,-58.5
"6",8,-57.5
"6",9,-56.5
"6",10,-55.5
"6",11,-55.5
"6",11,-54.5
"6",11,-53.5
"6",11,-52.5
"6",11,-51.5
"6",11,-50.5
"6",11,-49.5
"6",11,-48.5
"6",11,-47.5
"6",11,-46.5
"6",11,-45.5
"6",11,-44.5
"6",11,-43.5
"6",10,-42.5
"6",9,-41.5
"6",8,-41.5
"6",7,-41.5
"6",6,-40.5
"6",5,-39.5
"6",5,-38.5
"6",5,-37.5
"6",5,-36.5
"6",5,-35.5
"6",5,-34.5
"6",5,-33.5
"6",5,-32.5
"6",5,-31.5
"6",5,-30.5
"6",5,-29.5
"6",5,-28.5
"6",5,-27.5
"6",5,-26.5
"6",5,-25.5
"6",5,-24.5
"6",5,-23.5
"6",5,-22.5
"6",4,-21.5
"6",3,-20.5
"6",3,-19.5
"6",3,-18.5
"6",3,-17.5
"6",3,-16.5
"6",3,-15.5
"6",3,-14.5
"6",3,-13.5
"6",3,-12.5
"6",3,-11.5
"6",3,-10.5
"6",2,-9.5
"6",1,-9.5
"6",0,-8.5
"6",-1,-7.5
"6",-1,-6.5
"6",-2,-5.5
"6",-3,-4.5
"6",-3,-3.5
"6",-3,-2.5
"6",-3,-1.5
"6",-4,-1.5
"6",-5,-1.5
"6",-6,-0.5
"6",-7,-0.5
"6",-8,0.5
"6",-9,1.5
"6",-10,1.5
"6",-11,2.5
"6",-11,3.5
"6",-11,4.5
"6",-11,5.5
"6",-12,5.5
"6",-13,6.5
"6",-14,6.5
"6",-14,7.5
"6",-15,7.5
"6",-16,7.5
"6",-16,8.5
"6",-16,9.5
"6",-16,10.5
"6",-17,10.5
"6",-18,11.5
"6",-18,12.5
"6",-18,13.5
"6",-18,14.5
"6",-18,15.5
"6",-18,16.5
"6",-18,17.5
"6",-18,18.5
"6",-18,19.5
"6",-18,20.5
"6",-18,21.5
"6",-18,22.5
"6",-18,23.5
"6",-18,24.5
"6",-18,25.5
"6",-18,26.5
"6",-18,27.5
"6",-18,28.5
"6",-18,29.5
"6",-18,30.5
"6",-18,31.5
"6",-18,32.5
"6",-18,33.5
"6",-18,34.5
"6",-18,35.5
"6",-18,36.5
"6",-18,37.5
"6",-18,38.5
"6",-18,39.5
"6",-18,40.5
"6",-18,41.5
"6",-18,42.5
"6",-18,43.5
"6",-17,44.5
"6",-16,44.5
"6",-15,44.5
"6",-14,44.5
"6",-13,44.5
"6",-13,45.5
"6",-13,46.5
"6",-13,47.5
"6",-13,48.5
"6",-12,49.5
"6",-12,50.5
"6",-13,51.5
"6",-13,52.5
"6",-12,53.5
"6",-13,54.5
"6",-12,55.5
"6",-11,56.5
"6",-10,57.5
"6",-9,57.5
"6",-8,58.5
"6",-7,59.5
"6",-6,59.5
"6",-5,59.5
"6",-4,59.5
"6",-3,59.5
"6",-2,58.5
"6",-1,58.5
"6",0,58.5
"6",1,58.5
"6",0,57.5
"6",-1,56.5
"6",0,55.5
"6",0,54.5
"7",0,-73.5
"7",-1,-72.5
"7",-1,-71.5
"7",-1,-70.5
"7",0,-69.5
"7",1,-68.5
"7",0,-67.5
"7",0,-66.5
"7",0,-65.5
"7",0,-64.5
"7",1,-63.5
"7",0,-63.5
"7",1,-62.5
"7",2,-61.5
"7",3,-60.5
"7",4,-60.5
"7",5,-59.5
"7",6,-58.5
"7",7,-58.5
"7",8,-57.5
"7",9,-56.5
"7",10,-55.5
"7",9,-54.5
"7",8,-53.5
"7",9,-52.5
"7",8,-51.5
"7",9,-50.5
"7",8,-49.5
"7",9,-48.5
"7",8,-47.5
"7",7,-46.5
"7",6,-45.5
"7",5,-44.5
"7",4,-43.5
"7",5,-42.5
"7",4,-41.5
"7",4,-40.5
"7",5,-39.5
"7",5,-38.5
"7",5,-37.5
"7",5,-36.5
"7",5,-35.5
"7",5,-34.5
"7",5,-33.5
"7",5,-32.5
"7",5,-31.5
"7",5,-30.5
"7",5,-29.5
"7",5,-28.5
"7",5,-27.5
"7",5,-26.5
"7",5,-25.5
"7",5,-24.5
"7",5,-23.5
"7",5,-22.5
"7",4,-21.5
"7",3,-20.5
"7",3,-19.5
"7",2,-18.5
"7",1,-17.5
"7",0,-16.5
"7",-1,-15.5
"7",-2,-14.5
"7",-3,-13.5
"7",-4,-12.5
"7",-5,-11.5
"7",-6,-10.5
"7",-7,-9.5
"7",-8,-8.5
"7",-9,-7.5
"7",-9,-6.5
"7",-10,-5.5
"7",-11,-4.5
"7",-12,-3.5
"7",-13,-2.5
"7",-14,-1.5
"7",-15,-0.5
"7",-16,0.5
"7",-16,1.5
"7",-16,2.5
"7",-16,3.5
"7",-16,4.5
"7",-16,5.5
"7",-16,6.5
"7",-16,7.5
"7",-17,7.5
"7",-18,8.5
"7",-18,9.5
"7",-18,10.5
"7",-18,11.5
"7",-18,12.5
"7",-18,13.5
"7",-18,14.5
"7",-18,15.5
"7",-18,16.5
"7",-18,17.5
"7",-18,18.5
"7",-18,19.5
"7",-18,20.5
"7",-18,21.5
"7",-18,22.5
"7",-18,23.5
"7",-18,24.5
"7",-18,25.5
"7",-18,26.5
"7",-18,27.5
"7",-18,28.5
"7",-18,29.5
"7",-18,30.5
"7",-18,31.5
"7",-18,32.5
"7",-18,33.5
"7",-18,34.5
"7",-18,35.5
"7",-18,36.5
"7",-18,37.5
"7",-18,38.5
"7",-18,39.5
"7",-18,40.5
"7",-18,41.5
"7",-18,42.5
"7",-18,43.5
"7",-18,44.5
"7",-18,45.5
"7",-18,46.5
"7",-17,47.5
"7",-16,47.5
"7",-15,47.5
"7",-14,48.5
"7",-13,49.5
"7",-12,50.5
"7",-13,51.5
"7",-13,52.5
"7",-12,53.5
"7",-11,54.5
"7",-10,55.5
"7",-9,56.5
"7",-8,57.5
"7",-7,58.5
"7",-6,59.5
"7",-5,59.5
"7",-4,59.5
"7",-3,59.5
"7",-2,58.5
"7",-1,58.5
"7",0,57.5
"7",-1,56.5
"7",0,55.5
"7",0,54.5
"8",0,-73.5
"8",-1,-72.5
"8",-1,-71.5
"8",-1,-70.5
"8",0,-69.5
"8",0,-68.5
"8",0,-67.5
"8",0,-66.5
"8",0,-65.5
"8",0,-64.5
"8",1,-63.5
"8",0,-62.5
"8",1,-61.5
"8",2,-60.5
"8",3,-59.5
"8",4,-59.5
"8",5,-59.5
"8",6,-58.5
"8",5,-57.5
"8",6,-56.5
"8",7,-55.5
"8",8,-54.5
"8",9,-53.5
"8",8,-52.5
"8",9,-51.5
"8",8,-50.5
"8",9,-49.5
"8",8,-48.5
"8",8,-47.5
"8",7,-47.5
"8",7,-46.5
"8",6,-45.5
"8",5,-44.5
"8",4,-43.5
"8",5,-42.5
"8",4,-41.5
"8",4,-40.5
"8",5,-39.5
"8",5,-38.5
"8",5,-37.5
"8",5,-36.5
"8",5,-35.5
"8",5,-34.5
"8",5,-33.5
"8",5,-32.5
"8",5,-31.5
"8",5,-30.5
"8",5,-29.5
"8",5,-28.5
"8",5,-27.5
"8",5,-26.5
"8",5,-25.5
"8",5,-24.5
"8",5,-23.5
"8",5,-22.5
"8",4,-21.5
"8",3,-20.5
"8",3,-19.5
"8",2,-18.5
"8",1,-17.5
"8",0,-16.5
"8",-1,-15.5
"8",-2,-14.5
"8",-3,-13.5
"8",-4,-12.5
"8",-5,-11.5
"8",-6,-10.5
"8",-7,-9.5
"8",-8,-8.5
"8",-9,-7.5
"8",-9,-6.5
"8",-10,-5.5
"8",-11,-4.5
"8",-12,-3.5
"8",-13,-2.5
"8",-14,-1.5
"8",-15,-0.5
"8",-16,0.5
"8",-16,1.5
"8",-16,2.5
"8",-16,3.5
"8",-16,4.5
"8",-16,5.5
"8",-16,6.5
"8",-16,7.5
"8",-17,7.5
"8",-18,8.5
"8",-18,9.5
"8",-18,10.5
"8",-18,11.5
"8",-18,12.5
"8",-18,13.5
"8",-18,14.5
"8",-18,15.5
"8",-18,16.5
"8",-18,17.5
"8",-18,18.5
"8",-18,19.5
"8",-18,20.5
"8",-18,21.5
"8",-18,22.5
"8",-18,23.5
"8",-18,24.5
"8",-18,25.5
"8",-18,26.5
"8",-18,27.5
"8",-18,28.5
"8",-18,29.5
"8",-18,30.5
"8",-18,31.5
"8",-18,32.5
"8",-18,33.5
"8",-18,34.5
"8",-18,35.5
"8",-18,36.5
"8",-18,37.5
"8",-18,38.5
"8",-18,39.5
"8",-18,40.5
"8",-18,41.5
"8",-18,42.5
"8",-18,43.5
"8",-17,44.5
"8",-16,44.5
"8",-15,44.5
"8",-14,44.5
"8",-13,44.5
"8",-13,45.5
"8",-13,46.5
"8",-13,47.5
"8",-13,48.5
"8",-12,49.5
"8",-12,50.5
"8",-13,51.5
"8",-13,52.5
"8",-12,53.5
"8",-13,54.5
"8",-12,55.5
"8",-11,56.5
"8",-10,57.5
"8",-9,57.5
"8",-8,58.5
"8",-7,59.5
"8",-6,59.5
"8",-5,59.5
"8",-4,59.5
"8",-3,59.5
"8",-2,58.5
"8",-1,58.5
"8",0,57.5
"8",-1,56.5
"8",0,55.5
"8",0,54.5
"9",0,-73.5
"9",-1,-72.5
"9",-1,-71.5
"9",-1,-70.5
"9",0,-69.5
"9",0,-68.5
"9",0,-67.5
"9",0,-66.5
"9",0,-65.5
"9",0,-64.5
"9",1,-63.5
"9",0,-62.5
"9",1,-61.5
"9",2,-60.5
"9",3,-59.5
"9",4,-59.5
"9",5,-59.5
"9",6,-58.5
"9",5,-57.5
"9",6,-56.5
"9",7,-55.5
"9",8,-54.5
"9",9,-53.5
"9",8,-52.5
"9",9,-51.5
"9",8,-50.5
"9",9,-49.5
"9",8,-48.5
"9",8,-47.5
"9",7,-47.5
"9",7,-46.5
"9",6,-45.5
"9",5,-44.5
"9",4,-43.5
"9",5,-42.5
"9",4,-41.5
"9",4,-40.5
"9",5,-39.5
"9",5,-38.5
"9",5,-37.5
"9",5,-36.5
"9",5,-35.5
"9",5,-34.5
"9",5,-33.5
"9",5,-32.5
"9",5,-31.5
"9",5,-30.5
"9",5,-29.5
"9",5,-28.5
"9",5,-27.5
"9",5,-26.5
"9",5,-25.5
"9",5,-24.5
"9",5,-23.5
"9",5,-22.5
"9",4,-21.5
"9",3,-20.5
"9",3,-19.5
"9",3,-18.5
"9",3,-17.5
"9",3,-16.5
"9",3,-15.5
"9",3,-14.5
"9",3,-13.5
"9",3,-12.5
"9",3,-11.5
"9",3,-10.5
"9",2,-9.5
"9",1,-9.5
"9",0,-8.5
"9",-1,-7.5
"9",-1,-6.5
"9",-2,-5.5
"9",-3,-4.5
"9",-3,-3.5
"9",-3,-2.5
"9",-4,-2.5
"9",-5,-1.5
"9",-6,-0.5
"9",-7,-0.5
"9",-8,0.5
"9",-9,1.5
"9",-10,1.5
"9",-11,2.5
"9",-11,3.5
"9",-11,4.5
"9",-11,5.5
"9",-12,5.5
"9",-13,6.5
"9",-14,6.5
"9",-14,7.5
"9",-15,7.5
"9",-16,7.5
"9",-17,7.5
"9",-18,8.5
"9",-18,9.5
"9",-18,10.5
"9",-18,11.5
"9",-18,12.5
"9",-18,13.5
"9",-18,14.5
"9",-18,15.5
"9",-18,16.5
"9",-18,17.5
"9",-18,18.5
"9",-18,19.5
"9",-18,20.5
"9",-18,21.5
"9",-18,22.5
"9",-18,23.5
"9",-18,24.5
"9",-18,25.5
"9",-18,26.5
"9",-18,27.5
"9",-18,28.5
"9",-18,29.5
"9",-18,30.5
"9",-18,31.5
"9",-18,32.5
"9",-18,33.5
"9",-18,34.5
"9",-18,35.5
"9",-18,36.5
"9",-18,37.5
"9",-18,38.5
"9",-18,39.5
"9",-18,40.5
"9",-18,41.5
"9",-18,42.5
"9",-18,43.5
"9",-17,44.5
"9",-16,44.5
"9",-15,44.5
"9",-14,44.5
"9",-13,44.5
"9",-13,45.5
"9",-13,46.5
"9",-13,47.5
"9",-13,48.5
"9",-12,49.5
"9",-12,50.5
"9",-13,51.5
"9",-13,52.5
"9",-12,53.5
"9",-13,54.5
"9",-12,55.5
"9",-11,56.5
"9",-10,57.5
"9",-9,57.5
"9",-8,58.5
"9",-7,59.5
"9",-6,59.5
"9",-5,59.5
"9",-4,59.5
"9",-3,59.5
"9",-2,58.5
"9",-1,58.5
"9",0,57.5
"9",-1,56.5
"9",0,55.5
"9",0,54.5
"10",0,-73.5
"10",1,-73.5
"10",2,-73.5
"10",3,-72.5
"10",4,-72.5
"10",5,-72.5
"10",6,-71.5
"10",5,-70.5
"10",6,-69.5
"10",5,-68.5
"10",6,-67.5
"10",5,-66.5
"10",5,-65.5
"10",6,-64.5
"10",7,-64.5
"10",8,-63.5
"10",8,-62.5
"10",9,-61.5
"10",8,-60.5
"10",8,-59.5
"10",9,-58.5
"10",8,-57.5
"10",9,-56.5
"10",10,-55.5
"10",11,-55.5
"10",11,-54.5
"10",11,-53.5
"10",11,-52.5
"10",11,-51.5
"10",11,-50.5
"10",11,-49.5
"10",11,-48.5
"10",11,-47.5
"10",11,-46.5
"10",11,-45.5
"10",11,-44.5
"10",11,-43.5
"10",10,-42.5
"10",9,-41.5
"10",8,-40.5
"10",7,-40.5
"10",6,-39.5
"10",5,-38.5
"10",5,-37.5
"10",5,-36.5
"10",5,-35.5
"10",5,-34.5
"10",5,-33.5
"10",5,-32.5
"10",5,-31.5
"10",5,-30.5
"10",5,-29.5
"10",5,-28.5
"10",5,-27.5
"10",5,-26.5
"10",5,-25.5
"10",5,-24.5
"10",5,-23.5
"10",5,-22.5
"10",4,-21.5
"10",3,-20.5
"10",3,-19.5
"10",3,-18.5
"10",3,-17.5
"10",3,-16.5
"10",3,-15.5
"10",3,-14.5
"10",3,-13.5
"10",3,-12.5
"10",3,-11.5
"10",3,-10.5
"10",2,-9.5
"10",1,-9.5
"10",0,-8.5
"10",-1,-7.5
"10",-1,-6.5
"10",-2,-5.5
"10",-3,-4.5
"10",-3,-3.5
"10",-3,-2.5
"10",-3,-1.5
"10",-4,-1.5
"10",-5,-1.5
"10",-6,-0.5
"10",-7,-0.5
"10",-8,0.5
"10",-9,1.5
"10",-10,1.5
"10",-11,2.5
"10",-11,3.5
"10",-11,4.5
"10",-11,5.5
"10",-12,5.5
"10",-13,6.5
"10",-14,6.5
"10",-14,7.5
"10",-15,7.5
"10",-16,7.5
"10",-16,8.5
"10",-16,9.5
"10",-16,10.5
"10",-17,10.5
"10",-18,11.5
"10",-18,12.5
"10",-18,13.5
"10",-18,14.5
"10",-18,15.5
"10",-18,16.5
"10",-18,17.5
"10",-18,18.5
"10",-18,19.5
"10",-18,20.5
"10",-18,21.5
"10",-18,22.5
"10",-18,23.5
"10",-18,24.5
"10",-18,25.5
"10",-18,26.5
"10",-18,27.5
"10",-18,28.5
"10",-18,29.5
"10",-18,30.5
"10",-18,31.5
"10",-18,32.5
"10",-18,33.5
"10",-18,34.5
"10",-18,35.5
"10",-18,36.5
"10",-18,37.5
"10",-18,38.5
"10",-18,39.5
"10",-18,40.5
"10",-18,41.5
"10",-18,42.5
"10",-18,43.5
"10",-17,44.5
"10",-16,44.5
"10",-15,44.5
"10",-14,44.5
"10",-13,44.5
"10",-13,45.5
"10",-13,46.5
"10",-13,47.5
"10",-13,48.5
"10",-12,49.5
"10",-12,50.5
"10",-12,51.5
"10",-12,52.5
"10",-12,53.5
"10",-13,54.5
"10",-13,55.5
"10",-12,56.5
"10",-11,57.5
"10",-10,58.5
"10",-9,58.5
"10",-8,58.5
"10",-7,59.5
"10",-6,59.5
"10",-5,59.5
"10",-4,59.5
"10",-3,59.5
"10",-2,58.5
"10",-1,58.5
"10",0,57.5
"10",-1,56.5
"10",0,55.5
"10",0,54.5
"11",0,-73.5
"11",-1,-72.5
"11",-1,-71.5
"11",-1,-70.5
"11",0,-69.5
"11",1,-68.5
"11",0,-67.5
"11",-1,-66.5
"11",-1,-65.5
"11",0,-64.5
"11",1,-63.5
"11",0,-62.5
"11",1,-61.5
"11",2,-60.5
"11",3,-59.5
"11",4,-58.5
"11",5,-57.5
"11",6,-56.5
"11",7,-55.5
"11",8,-54.5
"11",9,-53.5
"11",8,-52.5
"11",9,-51.5
"11",8,-50.5
"11",9,-49.5
"11",8,-48.5
"11",8,-47.5
"11",7,-46.5
"11",6,-45.5
"11",5,-44.5
"11",4,-43.5
"11",5,-42.5
"11",4,-41.5
"11",4,-40.5
"11",5,-39.5
"11",5,-38.5
"11",5,-37.5
"11",5,-36.5
"11",5,-35.5
"11",5,-34.5
"11",5,-33.5
"11",5,-32.5
"11",5,-31.5
"11",5,-30.5
"11",5,-29.5
"11",5,-28.5
"11",5,-27.5
"11",5,-26.5
"11",5,-25.5
"11",5,-24.5
"11",5,-23.5
"11",5,-22.5
"11",4,-21.5
"11",3,-20.5
"11",3,-19.5
"11",3,-18.5
"11",2,-17.5
"11",1,-16.5
"11",0,-15.5
"11",-1,-14.5
"11",-2,-13.5
"11",-3,-12.5
"11",-4,-11.5
"11",-5,-10.5
"11",-6,-9.5
"11",-7,-8.5
"11",-8,-7.5
"11",-9,-6.5
"11",-10,-5.5
"11",-11,-4.5
"11",-12,-3.5
"11",-13,-2.5
"11",-14,-1.5
"11",-15,-0.5
"11",-16,0.5
"11",-17,1.5
"11",-18,2.5
"11",-18,3.5
"11",-18,4.5
"11",-18,5.5
"11",-18,6.5
"11",-18,7.5
"11",-18,8.5
"11",-18,9.5
"11",-18,10.5
"11",-18,11.5
"11",-18,12.5
"11",-18,13.5
"11",-18,14.5
"11",-18,15.5
"11",-18,16.5
"11",-18,17.5
"11",-18,18.5
"11",-18,19.5
"11",-18,20.5
"11",-18,21.5
"11",-18,22.5
"11",-18,23.5
"11",-18,24.5
"11",-18,25.5
"11",-18,26.5
"11",-18,27.5
"11",-18,28.5
"11",-18,29.5
"11",-18,30.5
"11",-18,31.5
"11",-18,32.5
"11",-18,33.5
"11",-18,34.5
"11",-18,35.5
"11",-18,36.5
"11",-18,37.5
"11",-18,38.5
"11",-18,39.5
"11",-18,40.5
"11",-18,41.5
"11",-18,42.5
"11",-18,43.5
"11",-18,44.5
"11",-18,45.5
"11",-18,46.5
"11",-18,47.5
"11",-17,48.5
"11",-16,49.5
"11",-15,50.5
"11",-14,51.5
"11",-13,52.5
"11",-12,53.5
"11",-11,54.5
"11",-10,55.5
"11",-9,56.5
"11",-8,57.5
"11",-7,58.5
"11",-6,59.5
"11",-5,59.5
"11",-4,59.5
"11",-3,59.5
"11",-2,58.5
"11",-1,57.5
"11",-1,56.5
"11",0,55.5
"11",0,54.5
"12",0,-73.5
"12",-1,-72.5
"12",-1,-71.5
"12",-1,-70.5
"12",0,-69.5
"12",1,-68.5
"12",0,-67.5
"12",0,-66.5
"12",0,-65.5
"12",0,-64.5
"12",0,-63.5
"12",1,-62.5
"12",2,-61.5
"12",3,-60.5
"12",4,-60.5
"12",5,-59.5
"12",6,-58.5
"12",5,-57.5
"12",6,-56.5
"12",7,-55.5
"12",8,-54.5
"12",9,-53.5
"12",8,-52.5
"12",9,-51.5
"12",8,-50.5
"12",9,-49.5
"12",8,-48.5
"12",8,-47.5
"12",7,-46.5
"12",6,-45.5
"12",5,-44.5
"12",4,-43.5
"12",5,-42.5
"12",4,-41.5
"12",4,-40.5
"12",5,-39.5
"12",5,-38.5
"12",5,-37.5
"12",5,-36.5
"12",5,-35.5
"12",5,-34.5
"12",5,-33.5
"12",5,-32.5
"12",5,-31.5
"12",5,-30.5
"12",5,-29.5
"12",5,-28.5
"12",5,-27.5
"12",5,-26.5
"12",5,-25.5
"12",5,-24.5
"12",5,-23.5
"12",5,-22.5
"12",4,-21.5
"12",3,-20.5
"12",3,-19.5
"12",2,-18.5
"12",1,-17.5
"12",0,-16.5
"12",-1,-15.5
"12",-2,-14.5
"12",-3,-13.5
"12",-4,-12.5
"12",-5,-11.5
"12",-6,-10.5
"12",-7,-9.5
"12",-8,-8.5
"12",-9,-7.5
"12",-9,-6.5
"12",-10,-5.5
"12",-11,-4.5
"12",-12,-3.5
"12",-13,-2.5
"12",-14,-1.5
"12",-15,-0.5
"12",-16,0.5
"12",-16,1.5
"12",-16,2.5
"12",-16,3.5
"12",-16,4.5
"12",-16,5.5
"12",-16,6.5
"12",-16,7.5
"12",-17,7.5
"12",-18,8.5
"12",-18,9.5
"12",-18,10.5
"12",-18,11.5
"12",-18,12.5
"12",-18,13.5
"12",-18,14.5
"12",-18,15.5
"12",-18,16.5
"12",-18,17.5
"12",-18,18.5
"12",-18,19.5
"12",-18,20.5
"12",-18,21.5
"12",-18,22.5
"12",-18,23.5
"12",-18,24.5
"12",-18,25.5
"12",-18,26.5
"12",-18,27.5
"12",-18,28.5
"12",-18,29.5
"12",-18,30.5
"12",-18,31.5
"12",-18,32.5
"12",-18,33.5
"12",-18,34.5
"12",-18,35.5
"12",-18,36.5
"12",-18,37.5
"12",-18,38.5
"12",-18,39.5
"12",-18,40.5
"12",-18,41.5
"12",-18,42.5
"12",-18,43.5
"12",-18,44.5
"12",-18,45.5
"12",-18,46.5
"12",-18,47.5
"12",-17,48.5
"12",-16,49.5
"12",-15,50.5
"12",-14,51.5
"12",-13,52.5
"12",-12,53.5
"12",-11,54.5
"12",-10,55.5
"12",-9,56.5
"12",-8,57.5
"12",-7,58.5
"12",-6,59.5
"12",-5,59.5
"12",-4,59.5
"12",-3,59.5
"12",-2,58.5
"12",-1,57.5
"12",-1,56.5
"12",0,55.5
"12",0,54.5
"13",0,-73.5
"13",-1,-72.5
"13",-1,-71.5
"13",-1,-70.5
"13",0,-69.5
"13",0,-68.5
"13",0,-67.5
"13",0,-66.5
"13",0,-65.5
"13",0,-64.5
"13",0,-63.5
"13",1,-62.5
"13",2,-61.5
"13",3,-60.5
"13",4,-60.5
"13",5,-59.5
"13",6,-58.5
"13",5,-57.5
"13",6,-56.5
"13",7,-55.5
"13",8,-54.5
"13",9,-53.5
"13",8,-52.5
"13",9,-51.5
"13",8,-50.5
"13",9,-49.5
"13",8,-48.5
"13",8,-47.5
"13",7,-47.5
"13",7,-46.5
"13",6,-45.5
"13",5,-44.5
"13",4,-43.5
"13",5,-42.5
"13",4,-41.5
"13",4,-40.5
"13",5,-39.5
"13",5,-38.5
"13",5,-37.5
"13",5,-36.5
"13",5,-35.5
"13",5,-34.5
"13",5,-33.5
"13",5,-32.5
"13",5,-31.5
"13",5,-30.5
"13",5,-29.5
"13",5,-28.5
"13",5,-27.5
"13",5,-26.5
"13",5,-25.5
"13",5,-24.5
"13",5,-23.5
"13",5,-22.5
"13",4,-21.5
"13",3,-20.5
"13",3,-19.5
"13",2,-18.5
"13",1,-17.5
"13",0,-16.5
"13",-1,-15.5
"13",-2,-14.5
"13",-3,-13.5
"13",-4,-12.5
"13",-5,-11.5
"13",-6,-10.5
"13",-7,-9.5
"13",-8,-8.5
"13",-9,-7.5
"13",-9,-6.5
"13",-10,-5.5
"13",-11,-4.5
"13",-12,-3.5
"13",-13,-2.5
"13",-14,-1.5
"13",-15,-0.5
"13",-16,0.5
"13",-16,1.5
"13",-16,2.5
"13",-16,3.5
"13",-16,4.5
"13",-16,5.5
"13",-16,6.5
"13",-16,7.5
"13",-17,7.5
"13",-18,8.5
"13",-18,9.5
"13",-18,10.5
"13",-18,11.5
"13",-18,12.5
"13",-18,13.5
"13",-18,14.5
"13",-18,15.5
"13",-18,16.5
"13",-18,17.5
"13",-18,18.5
"13",-18,19.5
"13",-18,20.5
"13",-18,21.5
"13",-18,22.5
"13",-18,23.5
"13",-18,24.5
"13",-18,25.5
"13",-18,26.5
"13",-18,27.5
"13",-18,28.5
"13",-18,29.5
"13",-18,30.5
"13",-18,31.5
"13",-18,32.5
"13",-18,33.5
"13",-18,34.5
"13",-18,35.5
"13",-18,36.5
"13",-18,37.5
"13",-18,38.5
"13",-18,39.5
"13",-18,40.5
"13",-18,41.5
"13",-18,42.5
"13",-18,43.5
"13",-17,44.5
"13",-16,44.5
"13",-15,44.5
"13",-14,44.5
"13",-13,45.5
"13",-13,46.5
"13",-13,47.5
"13",-13,48.5
"13",-12,49.5
"13",-12,50.5
"13",-13,51.5
"13",-13,52.5
"13",-12,53.5
"13",-13,54.5
"13",-12,55.5
"13",-11,56.5
"13",-10,57.5
"13",-9,57.5
"13",-8,58.5
"13",-7,59.5
"13",-6,59.5
"13",-5,59.5
"13",-4,59.5
"13",-3,59.5
"13",-2,58.5
"13",-1,58.5
"13",0,57.5
"13",-1,56.5
"13",0,55.5
"13",0,54.5
"14",0,-73.5
"14",-1,-72.5
"14",-1,-71.5
"14",-1,-70.5
"14",0,-69.5
"14",0,-68.5
"14",0,-67.5
"14",0,-66.5
"14",0,-65.5
"14",0,-64.5
"14",1,-63.5
"14",0,-62.5
"14",1,-61.5
"14",0,-60.5
"14",0,-59.5
"14",-1,-59.5
"14",-2,-59.5
"14",-2,-58.5
"14",-2,-57.5
"14",-2,-56.5
"14",-2,-55.5
"14",-2,-54.5
"14",-2,-53.5
"14",-2,-52.5
"14",-2,-51.5
"14",-2,-50.5
"14",-2,-49.5
"14",-2,-48.5
"14",-3,-47.5
"14",-4,-46.5
"14",-5,-46.5
"14",-6,-45.5
"14",-7,-45.5
"14",-7,-44.5
"14",-7,-43.5
"14",-7,-42.5
"14",-7,-41.5
"14",-7,-40.5
"14",-7,-39.5
"14",-7,-38.5
"14",-7,-37.5
"14",-7,-36.5
"14",-7,-35.5
"14",-7,-34.5
"14",-7,-33.5
"14",-8,-33.5
"14",-8,-32.5
"14",-8,-31.5
"14",-8,-30.5
"14",-8,-29.5
"14",-8,-28.5
"14",-8,-27.5
"14",-8,-26.5
"14",-9,-26.5
"14",-10,-26.5
"14",-10,-25.5
"14",-10,-24.5
"14",-10,-23.5
"14",-11,-22.5
"14",-11,-21.5
"14",-11,-20.5
"14",-11,-19.5
"14",-11,-18.5
"14",-11,-17.5
"14",-11,-16.5
"14",-11,-15.5
"14",-11,-14.5
"14",-11,-13.5
"14",-11,-12.5
"14",-12,-11.5
"14",-13,-10.5
"14",-14,-9.5
"14",-15,-9.5
"14",-16,-8.5
"14",-16,-7.5
"14",-16,-6.5
"14",-16,-5.5
"14",-16,-4.5
"14",-16,-3.5
"14",-16,-2.5
"14",-16,-1.5
"14",-16,-0.5
"14",-16,0.5
"14",-16,1.5
"14",-16,2.5
"14",-16,3.5
"14",-16,4.5
"14",-16,5.5
"14",-16,6.5
"14",-16,7.5
"14",-16,8.5
"14",-16,9.5
"14",-16,10.5
"14",-17,10.5
"14",-18,11.5
"14",-18,12.5
"14",-18,13.5
"14",-18,14.5
"14",-18,15.5
"14",-18,16.5
"14",-18,17.5
"14",-18,18.5
"14",-18,19.5
"14",-18,20.5
"14",-18,21.5
"14",-18,22.5
"14",-18,23.5
"14",-18,24.5
"14",-18,25.5
"14",-18,26.5
"14",-18,27.5
"14",-18,28.5
"14",-18,29.5
"14",-18,30.5
"14",-18,31.5
"14",-18,32.5
"14",-18,33.5
"14",-18,34.5
"14",-18,35.5
"14",-18,36.5
"14",-18,37.5
"14",-18,38.5
"14",-18,39.5
"14",-18,40.5
"14",-18,41.5
"14",-18,42.5
"14",-18,43.5
"14",-17,44.5
"14",-16,44.5
"14",-15,44.5
"14",-14,44.5
"14",-13,44.5
"14",-13,45.5
"14",-13,46.5
"14",-13,47.5
"14",-13,48.5
"14",-12,49.5
"14",-12,50.5
"14",-12,51.5
"14",-12,52.5
"14",-12,53.5
"14",-13,54.5
"14",-12,55.5
"14",-11,56.5
"14",-10,57.5
"14",-9,57.5
"14",-8,58.5
"14",-7,59.5
"14",-6,59.5
"14",-5,59.5
"14",-4,59.5
"14",-3,59.5
"14",-2,58.5
"14",-1,58.5
"14",0,57.5
"14",-1,56.5
"14",0,55.5
"14",0,54.5
"15",0,-73.5
"15",1,-73.5
"15",1,-72.5
"15",1,-71.5
"15",1,-70.5
"15",1,-69.5
"15",1,-68.5
"15",1,-67.5
"15",1,-66.5
"15",1,-65.5
"15",0,-64.5
"15",1,-63.5
"15",0,-62.5
"15",1,-61.5
"15",0,-60.5
"15",0,-59.5
"15",-1,-59.5
"15",-2,-59.5
"15",-2,-58.5
"15",-2,-57.5
"15",-2,-56.5
"15",-2,-55.5
"15",-2,-54.5
"15",-2,-53.5
"15",-2,-52.5
"15",-2,-51.5
"15",-2,-50.5
"15",-2,-49.5
"15",-2,-48.5
"15",-3,-47.5
"15",-4,-46.5
"15",-5,-46.5
"15",-6,-45.5
"15",-7,-45.5
"15",-7,-44.5
"15",-7,-43.5
"15",-7,-42.5
"15",-7,-41.5
"15",-7,-40.5
"15",-7,-39.5
"15",-7,-38.5
"15",-7,-37.5
"15",-7,-36.5
"15",-7,-35.5
"15",-7,-34.5
"15",-7,-33.5
"15",-8,-33.5
"15",-8,-32.5
"15",-8,-31.5
"15",-8,-30.5
"15",-8,-29.5
"15",-8,-28.5
"15",-8,-27.5
"15",-8,-26.5
"15",-9,-26.5
"15",-10,-26.5
"15",-10,-25.5
"15",-10,-24.5
"15",-10,-23.5
"15",-11,-22.5
"15",-11,-21.5
"15",-11,-20.5
"15",-11,-19.5
"15",-11,-18.5
"15",-11,-17.5
"15",-11,-16.5
"15",-11,-15.5
"15",-11,-14.5
"15",-11,-13.5
"15",-11,-12.5
"15",-12,-11.5
"15",-13,-10.5
"15",-14,-9.5
"15",-15,-9.5
"15",-16,-8.5
"15",-16,-7.5
"15",-16,-6.5
"15",-16,-5.5
"15",-16,-4.5
"15",-16,-3.5
"15",-16,-2.5
"15",-16,-1.5
"15",-16,-0.5
"15",-16,0.5
"15",-16,1.5
"15",-16,2.5
"15",-16,3.5
"15",-16,4.5
"15",-16,5.5
"15",-16,6.5
"15",-16,7.5
"15",-16,8.5
"15",-16,9.5
"15",-16,10.5
"15",-17,10.5
"15",-18,11.5
"15",-18,12.5
"15",-18,13.5
"15",-18,14.5
"15",-18,15.5
"15",-18,16.5
"15",-18,17.5
"15",-18,18.5
"15",-18,19.5
"15",-18,20.5
"15",-18,21.5
"15",-18,22.5
"15",-18,23.5
"15",-18,24.5
"15",-18,25.5
"15",-18,26.5
"15",-18,27.5
"15",-18,28.5
"15",-18,29.5
"15",-18,30.5
"15",-18,31.5
"15",-18,32.5
"15",-18,33.5
"15",-18,34.5
"15",-18,35.5
"15",-18,36.5
"15",-18,37.5
"15",-18,38.5
"15",-18,39.5
"15",-18,40.5
"15",-18,41.5
"15",-18,42.5
"15",-18,43.5
"15",-17,44.5
"15",-16,44.5
"15",-15,44.5
"15",-14,44.5
"15",-13,44.5
"15",-13,45.5
"15",-13,46.5
"15",-13,47.5
"15",-13,48.5
"15",-12,49.5
"15",-12,50.5
"15",-12,51.5
"15",-12,52.5
"15",-12,53.5
"15",-12,54.5
"15",-12,55.5
"15",-12,56.5
"15",-11,57.5
"15",-10,58.5
"15",-9,58.5
"15",-8,58.5
"15",-7,59.5
"15",-6,59.5
"15",-5,59.5
"15",-4,59.5
"15",-3,59.5
"15",-2,58.5
"15",-1,58.5
"15",0,57.5
"15",-1,56.5
"15",0,55.5
"15",0,54.5
"16",0,-73.5
"16",-1,-72.5
"16",-2,-71.5
"16",-3,-70.5
"16",-4,-69.5
"16",-5,-68.5
"16",-6,-67.5
"16",-6,-66.5
"16",-6,-65.5
"16",-5,-64.5
"16",-4,-63.5
"16",-3,-62.5
"16",-2,-61.5
"16",-1,-60.5
"16",0,-59.5
"16",1,-58.5
"16",2,-57.5
"16",3,-56.5
"16",4,-55.5
"16",5,-54.5
"16",4,-53.5
"16",3,-52.5
"16",4,-51.5
"16",5,-50.5
"16",6,-49.5
"16",7,-48.5
"16",8,-47.5
"16",7,-46.5
"16",6,-45.5
"16",7,-44.5
"16",6,-43.5
"16",5,-42.5
"16",4,-41.5
"16",4,-40.5
"16",4,-39.5
"16",4,-38.5
"16",5,-37.5
"16",5,-36.5
"16",6,-35.5
"16",7,-34.5
"16",8,-33.5
"16",9,-32.5
"16",9,-31.5
"16",9,-30.5
"16",9,-29.5
"16",9,-28.5
"16",9,-27.5
"16",9,-26.5
"16",9,-25.5
"16",8,-24.5
"16",7,-23.5
"16",6,-22.5
"16",5,-21.5
"16",4,-20.5
"16",3,-19.5
"16",2,-18.5
"16",2,-17.5
"16",1,-16.5
"16",1,-15.5
"16",0,-14.5
"16",-1,-13.5
"16",-2,-12.5
"16",-3,-11.5
"16",-4,-10.5
"16",-5,-9.5
"16",-6,-8.5
"16",-7,-7.5
"16",-8,-6.5
"16",-9,-5.5
"16",-10,-4.5
"16",-11,-3.5
"16",-12,-2.5
"16",-13,-1.5
"16",-14,-0.5
"16",-15,0.5
"16",-16,1.5
"16",-17,2.5
"16",-17,3.5
"16",-17,4.5
"16",-17,5.5
"16",-17,6.5
"16",-17,7.5
"16",-18,8.5
"16",-19,9.5
"16",-19,10.5
"16",-19,11.5
"16",-19,12.5
"16",-19,13.5
"16",-19,14.5
"16",-19,15.5
"16",-19,16.5
"16",-19,17.5
"16",-19,18.5
"16",-19,19.5
"16",-19,20.5
"16",-19,21.5
"16",-19,22.5
"16",-19,23.5
"16",-18,24.5
"16",-17,25.5
"16",-17,26.5
"16",-17,27.5
"16",-17,28.5
"16",-16,29.5
"16",-16,30.5
"16",-16,31.5
"16",-16,32.5
"16",-16,33.5
"16",-16,34.5
"16",-16,35.5
"16",-16,36.5
"16",-16,37.5
"16",-16,38.5
"16",-16,39.5
"16",-16,40.5
"16",-16,41.5
"16",-16,42.5
"16",-17,43.5
"16",-18,44.5
"16",-19,45.5
"16",-19,46.5
"16",-18,47.5
"16",-17,48.5
"16",-16,49.5
"16",-15,50.5
"16",-14,51.5
"16",-13,52.5
"16",-12,53.5
"16",-11,54.5
"16",-10,55.5
"16",-9,56.5
"16",-8,57.5
"16",-7,58.5
"16",-6,59.5
"16",-5,59.5
"16",-4,59.5
"16",-3,59.5
"16",-2,58.5
"16",-1,57.5
"16",-1,56.5
"16",0,55.5
"16",0,54.5
"17",0,-73.5
"17",-1,-72.5
"17",-1,-71.5
"17",-1,-70.5
"17",0,-69.5
"17",1,-68.5
"17",0,-67.5
"17",-1,-66.5
"17",-1,-65.5
"17",0,-64.5
"17",1,-63.5
"17",0,-62.5
"17",1,-61.5
"17",2,-60.5
"17",3,-59.5
"17",4,-58.5
"17",5,-57.5
"17",6,-56.5
"17",7,-55.5
"17",8,-54.5
"17",9,-53.5
"17",8,-52.5
"17",9,-51.5
"17",8,-50.5
"17",9,-49.5
"17",8,-48.5
"17",8,-47.5
"17",7,-46.5
"17",6,-45.5
"17",5,-44.5
"17",4,-43.5
"17",5,-42.5
"17",4,-41.5
"17",4,-40.5
"17",5,-39.5
"17",5,-38.5
"17",5,-37.5
"17",5,-36.5
"17",5,-35.5
"17",5,-34.5
"17",5,-33.5
"17",5,-32.5
"17",5,-31.5
"17",5,-30.5
"17",5,-29.5
"17",5,-28.5
"17",5,-27.5
"17",5,-26.5
"17",5,-25.5
"17",5,-24.5
"17",5,-23.5
"17",5,-22.5
"17",4,-21.5
"17",3,-20.5
"17",3,-19.5
"17",3,-18.5
"17",2,-17.5
"17",1,-16.5
"17",0,-15.5
"17",-1,-14.5
"17",-2,-13.5
"17",-3,-12.5
"17",-4,-11.5
"17",-5,-10.5
"17",-6,-9.5
"17",-7,-8.5
"17",-8,-7.5
"17",-9,-6.5
"17",-10,-5.5
"17",-11,-4.5
"17",-12,-3.5
"17",-13,-2.5
"17",-14,-1.5
"17",-15,-0.5
"17",-16,0.5
"17",-17,1.5
"17",-18,2.5
"17",-18,3.5
"17",-18,4.5
"17",-18,5.5
"17",-18,6.5
"17",-18,7.5
"17",-18,8.5
"17",-18,9.5
"17",-18,10.5
"17",-18,11.5
"17",-18,12.5
"17",-18,13.5
"17",-18,14.5
"17",-18,15.5
"17",-18,16.5
"17",-18,17.5
"17",-18,18.5
"17",-18,19.5
"17",-18,20.5
"17",-18,21.5
"17",-18,22.5
"17",-18,23.5
"17",-18,24.5
"17",-18,25.5
"17",-18,26.5
"17",-18,27.5
"17",-18,28.5
"17",-18,29.5
"17",-18,30.5
"17",-18,31.5
"17",-18,32.5
"17",-18,33.5
"17",-18,34.5
"17",-18,35.5
"17",-18,36.5
"17",-18,37.5
"17",-18,38.5
"17",-18,39.5
"17",-18,40.5
"17",-18,41.5
"17",-18,42.5
"17",-18,43.5
"17",-18,44.5
"17",-18,45.5
"17",-18,46.5
"17",-18,47.5
"17",-17,48.5
"17",-16,49.5
"17",-15,50.5
"17",-14,51.5
"17",-13,52.5
"17",-12,53.5
"17",-11,54.5
"17",-10,55.5
"17",-9,56.5
"17",-8,57.5
"17",-7,58.5
"17",-6,59.5
"17",-5,59.5
"17",-4,59.5
"17",-3,59.5
"17",-2,58.5
"17",-1,57.5
"17",-1,56.5
"17",0,55.5
"17",0,54.5
"18",0,-73.5
"18",-1,-72.5
"18",-1,-71.5
"18",-1,-70.5
"18",0,-69.5
"18",1,-68.5
"18",0,-67.5
"18",0,-66.5
"18",0,-65.5
"18",0,-64.5
"18",0,-63.5
"18",1,-62.5
"18",2,-61.5
"18",3,-60.5
"18",4,-60.5
"18",5,-59.5
"18",6,-58.5
"18",5,-57.5
"18",6,-56.5
"18",7,-55.5
"18",8,-54.5
"18",9,-53.5
"18",8,-52.5
"18",9,-51.5
"18",8,-50.5
"18",9,-49.5
"18",8,-48.5
"18",8,-47.5
"18",7,-46.5
"18",6,-45.5
"18",5,-44.5
"18",4,-43.5
"18",5,-42.5
"18",4,-41.5
"18",4,-40.5
"18",5,-39.5
"18",5,-38.5
"18",5,-37.5
"18",5,-36.5
"18",5,-35.5
"18",5,-34.5
"18",5,-33.5
"18",5,-32.5
"18",5,-31.5
"18",5,-30.5
"18",5,-29.5
"18",5,-28.5
"18",5,-27.5
"18",5,-26.5
"18",5,-25.5
"18",5,-24.5
"18",5,-23.5
"18",5,-22.5
"18",4,-21.5
"18",3,-20.5
"18",3,-19.5
"18",2,-18.5
"18",1,-17.5
"18",0,-16.5
"18",-1,-15.5
"18",-2,-14.5
"18",-3,-13.5
"18",-4,-12.5
"18",-5,-11.5
"18",-6,-10.5
"18",-7,-9.5
"18",-8,-8.5
"18",-9,-7.5
"18",-9,-6.5
"18",-10,-5.5
"18",-11,-4.5
"18",-12,-3.5
"18",-13,-2.5
"18",-14,-1.5
"18",-15,-0.5
"18",-16,0.5
"18",-16,1.5
"18",-16,2.5
"18",-16,3.5
"18",-16,4.5
"18",-16,5.5
"18",-16,6.5
"18",-16,7.5
"18",-17,7.5
"18",-18,8.5
"18",-18,9.5
"18",-18,10.5
"18",-18,11.5
"18",-18,12.5
"18",-18,13.5
"18",-18,14.5
"18",-18,15.5
"18",-18,16.5
"18",-18,17.5
"18",-18,18.5
"18",-18,19.5
"18",-18,20.5
"18",-18,21.5
"18",-18,22.5
"18",-18,23.5
"18",-18,24.5
"18",-18,25.5
"18",-18,26.5
"18",-18,27.5
"18",-18,28.5
"18",-18,29.5
"18",-18,30.5
"18",-18,31.5
"18",-18,32.5
"18",-18,33.5
"18",-18,34.5
"18",-18,35.5
"18",-18,36.5
"18",-18,37.5
"18",-18,38.5
"18",-18,39.5
"18",-18,40.5
"18",-18,41.5
"18",-18,42.5
"18",-18,43.5
"18",-18,44.5
"18",-18,45.5
"18",-18,46.5
"18",-18,47.5
"18",-17,48.5
"18",-16,49.5
"18",-15,50.5
"18",-14,51.5
"18",-13,52.5
"18",-12,53.5
"18",-11,54.5
"18",-10,55.5
"18",-9,56.5
"18",-8,57.5
"18",-7,58.5
"18",-6,59.5
"18",-5,59.5
"18",-4,59.5
"18",-3,59.5
"18",-2,58.5
"18",-1,57.5
"18",-1,56.5
"18",0,55.5
"18",0,54.5
"19",0,-73.5
"19",-1,-72.5
"19",-1,-71.5
"19",-1,-70.5
"19",0,-69.5
"19",0,-68.5
"19",0,-67.5
"19",0,-66.5
"19",0,-65.5
"19",0,-64.5
"19",1,-63.5
"19",0,-62.5
"19",1,-61.5
"19",0,-60.5
"19",0,-59.5
"19",-1,-59.5
"19",-2,-59.5
"19",-2,-58.5
"19",-2,-57.5
"19",-2,-56.5
"19",-2,-55.5
"19",-2,-54.5
"19",-2,-53.5
"19",-2,-52.5
"19",-2,-51.5
"19",-3,-50.5
"19",-4,-49.5
"19",-5,-49.5
"19",-5,-48.5
"19",-6,-47.5
"19",-7,-46.5
"19",-7,-45.5
"19",-7,-44.5
"19",-7,-43.5
"19",-7,-42.5
"19",-7,-41.5
"19",-7,-40.5
"19",-7,-39.5
"19",-7,-38.5
"19",-7,-37.5
"19",-7,-36.5
"19",-7,-35.5
"19",-7,-34.5
"19",-8,-33.5
"19",-8,-32.5
"19",-8,-31.5
"19",-9,-30.5
"19",-10,-30.5
"19",-10,-29.5
"19",-10,-28.5
"19",-10,-27.5
"19",-10,-26.5
"19",-10,-25.5
"19",-10,-24.5
"19",-10,-23.5
"19",-11,-22.5
"19",-11,-21.5
"19",-11,-20.5
"19",-11,-19.5
"19",-11,-18.5
"19",-11,-17.5
"19",-11,-16.5
"19",-11,-15.5
"19",-11,-14.5
"19",-11,-13.5
"19",-11,-12.5
"19",-12,-11.5
"19",-13,-10.5
"19",-14,-9.5
"19",-15,-9.5
"19",-16,-8.5
"19",-16,-7.5
"19",-16,-6.5
"19",-16,-5.5
"19",-16,-4.5
"19",-16,-3.5
"19",-16,-2.5
"19",-16,-1.5
"19",-16,-0.5
"19",-16,0.5
"19",-16,1.5
"19",-16,2.5
"19",-16,3.5
"19",-16,4.5
"19",-16,5.5
"19",-16,6.5
"19",-16,7.5
"19",-17,7.5
"19",-18,8.5
"19",-18,9.5
"19",-18,10.5
"19",-18,11.5
"19",-18,12.5
"19",-18,13.5
"19",-18,14.5
"19",-18,15.5
"19",-18,16.5
"19",-18,17.5
"19",-18,18.5
"19",-18,19.5
"19",-18,20.5
"19",-18,21.5
"19",-18,22.5
"19",-18,23.5
"19",-18,24.5
"19",-18,25.5
"19",-18,26.5
"19",-18,27.5
"19",-18,28.5
"19",-18,29.5
"19",-18,30.5
"19",-18,31.5
"19",-18,32.5
"19",-18,33.5
"19",-18,34.5
"19",-18,35.5
"19",-18,36.5
"19",-18,37.5
"19",-18,38.5
"19",-18,39.5
"19",-18,40.5
"19",-18,41.5
"19",-18,42.5
"19",-18,43.5
"19",-17,44.5
"19",-16,44.5
"19",-15,44.5
"19",-14,45.5
"19",-13,46.5
"19",-13,47.5
"19",-13,48.5
"19",-12,49.5
"19",-12,50.5
"19",-12,51.5
"19",-12,52.5
"19",-12,53.5
"19",-13,54.5
"19",-12,55.5
"19",-11,56.5
"19",-10,57.5
"19",-9,57.5
"19",-8,58.5
"19",-7,59.5
"19",-6,59.5
"19",-5,59.5
"19",-4,59.5
"19",-3,59.5
"19",-2,58.5
"19",-1,58.5
"19",0,57.5
"19",-1,56.5
"19",0,55.5
"19",0,54.5
"20",0,-73.5
"20",1,-73.5
"20",1,-72.5
"20",1,-71.5
"20",1,-70.5
"20",1,-69.5
"20",1,-68.5
"20",1,-67.5
"20",1,-66.5
"20",1,-65.5
"20",0,-64.5
"20",1,-63.5
"20",0,-62.5
"20",1,-61.5
"20",0,-60.5
"20",0,-59.5
"20",-1,-59.5
"20",-2,-59.5
"20",-2,-58.5
"20",-2,-57.5
"20",-2,-56.5
"20",-2,-55.5
"20",-2,-54.5
"20",-2,-53.5
"20",-2,-52.5
"20",-2,-51.5
"20",-2,-50.5
"20",-2,-49.5
"20",-2,-48.5
"20",-3,-47.5
"20",-4,-46.5
"20",-5,-46.5
"20",-6,-45.5
"20",-7,-45.5
"20",-7,-44.5
"20",-7,-43.5
"20",-7,-42.5
"20",-7,-41.5
"20",-7,-40.5
"20",-7,-39.5
"20",-7,-38.5
"20",-7,-37.5
"20",-7,-36.5
"20",-7,-35.5
"20",-7,-34.5
"20",-7,-33.5
"20",-8,-33.5
"20",-8,-32.5
"20",-8,-31.5
"20",-9,-30.5
"20",-10,-30.5
"20",-10,-29.5
"20",-10,-28.5
"20",-10,-27.5
"20",-10,-26.5
"20",-10,-25.5
"20",-10,-24.5
"20",-10,-23.5
"20",-11,-22.5
"20",-11,-21.5
"20",-11,-20.5
"20",-11,-19.5
"20",-11,-18.5
"20",-11,-17.5
"20",-11,-16.5
"20",-11,-15.5
"20",-11,-14.5
"20",-11,-13.5
"20",-11,-12.5
"20",-12,-11.5
"20",-13,-10.5
"20",-14,-9.5
"20",-15,-9.5
"20",-16,-8.5
"20",-16,-7.5
"20",-16,-6.5
"20",-16,-5.5
"20",-16,-4.5
"20",-16,-3.5
"20",-16,-2.5
"20",-16,-1.5
"20",-16,-0.5
"20",-16,0.5
"20",-16,1.5
"20",-16,2.5
"20",-16,3.5
"20",-16,4.5
"20",-16,5.5
"20",-16,6.5
"20",-16,7.5
"20",-16,8.5
"20",-16,9.5
"20",-16,10.5
"20",-17,10.5
"20",-18,11.5
"20",-18,12.5
"20",-18,13.5
"20",-18,14.5
"20",-18,15.5
"20",-18,16.5
"20",-18,17.5
"20",-18,18.5
"20",-18,19.5
"20",-18,20.5
"20",-18,21.5
"20",-18,22.5
"20",-18,23.5
"20",-18,24.5
"20",-18,25.5
"20",-18,26.5
"20",-18,27.5
"20",-18,28.5
"20",-18,29.5
"20",-18,30.5
"20",-18,31.5
"20",-18,32.5
"20",-18,33.5
"20",-18,34.5
"20",-18,35.5
"20",-18,36.5
"20",-18,37.5
"20",-18,38.5
"20",-18,39.5
"20",-18,40.5
"20",-18,41.5
"20",-18,42.5
"20",-17,43.5
"20",-16,43.5
"20",-15,43.5
"20",-14,43.5
"20",-13,44.5
"20",-13,45.5
"20",-13,46.5
"20",-13,47.5
"20",-13,48.5
"20",-12,49.5
"20",-12,50.5
"20",-12,51.5
"20",-12,52.5
"20",-12,53.5
"20",-12,54.5
"20",-12,55.5
"20",-11,56.5
"20",-10,57.5
"20",-9,57.5
"20",-8,58.5
"20",-7,59.5
"20",-6,59.5
"20",-5,59.5
"20",-4,59.5
"20",-3,59.5
"20",-2,58.5
"20",-1,58.5
"20",0,57.5
"20",-1,56.5
"20",0,55.5
"20",0,54.5
"21",0,-73.5
"21",1,-73.5
"21",2,-72.5
"21",2,-71.5
"21",2,-70.5
"21",2,-69.5
"21",2,-68.5
"21",2,-67.5
"21",2,-66.5
"21",2,-65.5
"21",2,-64.5
"21",1,-63.5
"21",0,-62.5
"21",1,-61.5
"21",0,-60.5
"21",0,-59.5
"21",-1,-59.5
"21",-2,-59.5
"21",-2,-58.5
"21",-2,-57.5
"21",-2,-56.5
"21",-2,-55.5
"21",-2,-54.5
"21",-2,-53.5
"21",-2,-52.5
"21",-2,-51.5
"21",-2,-50.5
"21",-2,-49.5
"21",-2,-48.5
"21",-3,-47.5
"21",-4,-46.5
"21",-5,-46.5
"21",-6,-45.5
"21",-7,-45.5
"21",-7,-44.5
"21",-7,-43.5
"21",-7,-42.5
"21",-7,-41.5
"21",-7,-40.5
"21",-7,-39.5
"21",-7,-38.5
"21",-7,-37.5
"21",-7,-36.5
"21",-7,-35.5
"21",-7,-34.5
"21",-7,-33.5
"21",-8,-33.5
"21",-8,-32.5
"21",-8,-31.5
"21",-8,-30.5
"21",-9,-30.5
"21",-10,-30.5
"21",-10,-29.5
"21",-10,-28.5
"21",-10,-27.5
"21",-10,-26.5
"21",-10,-25.5
"21",-10,-24.5
"21",-11,-23.5
"21",-11,-22.5
"21",-11,-21.5
"21",-11,-20.5
"21",-11,-19.5
"21",-11,-18.5
"21",-11,-17.5
"21",-11,-16.5
"21",-11,-15.5
"21",-11,-14.5
"21",-11,-13.5
"21",-11,-12.5
"21",-12,-11.5
"21",-13,-10.5
"21",-14,-9.5
"21",-15,-9.5
"21",-16,-8.5
"21",-16,-7.5
"21",-16,-6.5
"21",-16,-5.5
"21",-16,-4.5
"21",-16,-3.5
"21",-16,-2.5
"21",-16,-1.5
"21",-16,-0.5
"21",-16,0.5
"21",-16,1.5
"21",-16,2.5
"21",-16,3.5
"21",-16,4.5
"21",-16,5.5
"21",-16,6.5
"21",-16,7.5
"21",-16,8.5
"21",-16,9.5
"21",-16,10.5
"21",-17,10.5
"21",-18,11.5
"21",-18,12.5
"21",-18,13.5
"21",-18,14.5
"21",-18,15.5
"21",-18,16.5
"21",-18,17.5
"21",-18,18.5
"21",-18,19.5
"21",-18,20.5
"21",-18,21.5
"21",-18,22.5
"21",-18,23.5
"21",-18,24.5
"21",-18,25.5
"21",-18,26.5
"21",-18,27.5
"21",-18,28.5
"21",-18,29.5
"21",-18,30.5
"21",-18,31.5
"21",-18,32.5
"21",-18,33.5
"21",-18,34.5
"21",-18,35.5
"21",-18,36.5
"21",-18,37.5
"21",-18,38.5
"21",-18,39.5
"21",-18,40.5
"21",-18,41.5
"21",-18,42.5
"21",-17,43.5
"21",-16,43.5
"21",-15,43.5
"21",-14,43.5
"21",-13,44.5
"21",-13,45.5
"21",-13,46.5
"21",-13,47.5
"21",-13,48.5
"21",-12,49.5
"21",-12,50.5
"21",-12,51.5
"21",-12,52.5
"21",-12,53.5
"21",-12,54.5
"21",-12,55.5
"21",-12,56.5
"21",-11,57.5
"21",-10,58.5
"21",-9,58.5
"21",-8,58.5
"21",-7,59.5
"21",-6,59.5
"21",-5,59.5
"21",-4,59.5
"21",-3,59.5
"21",-2,58.5
"21",-1,58.5
"21",0,57.5
"21",-1,56.5
"21",0,55.5
"21",0,54.5
"22",0,-73.5
"22",-1,-72.5
"22",-2,-71.5
"22",-3,-70.5
"22",-4,-69.5
"22",-5,-68.5
"22",-6,-67.5
"22",-6,-66.5
"22",-6,-65.5
"22",-5,-64.5
"22",-4,-63.5
"22",-3,-62.5
"22",-2,-61.5
"22",-1,-60.5
"22",0,-59.5
"22",1,-58.5
"22",2,-57.5
"22",3,-56.5
"22",4,-55.5
"22",5,-54.5
"22",4,-53.5
"22",3,-52.5
"22",4,-51.5
"22",5,-50.5
"22",6,-49.5
"22",7,-48.5
"22",8,-47.5
"22",7,-46.5
"22",6,-45.5
"22",6,-44.5
"22",5,-43.5
"22",5,-42.5
"22",5,-41.5
"22",5,-40.5
"22",5,-39.5
"22",5,-38.5
"22",5,-37.5
"22",5,-36.5
"22",5,-35.5
"22",6,-34.5
"22",7,-33.5
"22",8,-32.5
"22",8,-31.5
"22",8,-30.5
"22",8,-29.5
"22",8,-28.5
"22",8,-27.5
"22",8,-26.5
"22",8,-25.5
"22",8,-24.5
"22",7,-23.5
"22",6,-22.5
"22",5,-21.5
"22",4,-20.5
"22",3,-19.5
"22",2,-18.5
"22",2,-17.5
"22",1,-16.5
"22",1,-15.5
"22",0,-14.5
"22",-1,-13.5
"22",-2,-12.5
"22",-3,-11.5
"22",-4,-10.5
"22",-5,-9.5
"22",-6,-8.5
"22",-7,-7.5
"22",-8,-6.5
"22",-9,-5.5
"22",-10,-4.5
"22",-11,-3.5
"22",-12,-2.5
"22",-13,-1.5
"22",-14,-0.5
"22",-15,0.5
"22",-16,1.5
"22",-17,2.5
"22",-17,3.5
"22",-17,4.5
"22",-17,5.5
"22",-17,6.5
"22",-17,7.5
"22",-17,8.5
"22",-18,9.5
"22",-18,10.5
"22",-18,11.5
"22",-18,12.5
"22",-18,13.5
"22",-18,14.5
"22",-18,15.5
"22",-18,16.5
"22",-18,17.5
"22",-18,18.5
"22",-18,19.5
"22",-18,20.5
"22",-18,21.5
"22",-18,22.5
"22",-18,23.5
"22",-18,24.5
"22",-17,25.5
"22",-17,26.5
"22",-17,27.5
"22",-17,28.5
"22",-16,29.5
"22",-16,30.5
"22",-16,31.5
"22",-16,32.5
"22",-16,33.5
"22",-16,34.5
"22",-16,35.5
"22",-16,36.5
"22",-16,37.5
"22",-16,38.5
"22",-16,39.5
"22",-16,40.5
"22",-16,41.5
"22",-16,42.5
"22",-16,43.5
"22",-17,44.5
"22",-18,45.5
"22",-18,46.5
"22",-18,47.5
"22",-17,48.5
"22",-16,49.5
"22",-15,50.5
"22",-14,51.5
"22",-13,52.5
"22",-12,53.5
"22",-11,54.5
"22",-10,55.5
"22",-9,56.5
"22",-8,57.5
"22",-7,58.5
"22",-6,59.5
"22",-5,59.5
"22",-4,59.5
"22",-3,59.5
"22",-2,58.5
"22",-1,57.5
"22",-1,56.5
"22",0,55.5
"22",0,54.5
"23",0,-73.5
"23",-1,-72.5
"23",-1,-71.5
"23",-1,-70.5
"23",0,-69.5
"23",1,-68.5
"23",0,-67.5
"23",0,-66.5
"23",0,-65.5
"23",0,-64.5
"23",1,-63.5
"23",0,-62.5
"23",1,-61.5
"23",2,-60.5
"23",3,-59.5
"23",4,-58.5
"23",5,-57.5
"23",6,-56.5
"23",7,-55.5
"23",8,-54.5
"23",9,-53.5
"23",8,-52.5
"23",9,-51.5
"23",8,-50.5
"23",9,-49.5
"23",8,-48.5
"23",8,-47.5
"23",7,-46.5
"23",6,-45.5
"23",5,-44.5
"23",4,-43.5
"23",4,-42.5
"23",4,-41.5
"23",4,-40.5
"23",5,-39.5
"23",5,-38.5
"23",5,-37.5
"23",5,-36.5
"23",5,-35.5
"23",5,-34.5
"23",5,-33.5
"23",5,-32.5
"23",5,-31.5
"23",5,-30.5
"23",5,-29.5
"23",5,-28.5
"23",5,-27.5
"23",5,-26.5
"23",5,-25.5
"23",5,-24.5
"23",5,-23.5
"23",5,-22.5
"23",4,-21.5
"23",3,-20.5
"23",3,-19.5
"23",3,-18.5
"23",2,-17.5
"23",1,-16.5
"23",0,-15.5
"23",-1,-14.5
"23",-2,-13.5
"23",-3,-12.5
"23",-4,-11.5
"23",-5,-10.5
"23",-6,-9.5
"23",-7,-8.5
"23",-8,-7.5
"23",-9,-6.5
"23",-10,-5.5
"23",-11,-4.5
"23",-12,-3.5
"23",-13,-2.5
"23",-14,-1.5
"23",-15,-0.5
"23",-16,0.5
"23",-17,1.5
"23",-18,2.5
"23",-18,3.5
"23",-18,4.5
"23",-18,5.5
"23",-18,6.5
"23",-18,7.5
"23",-18,8.5
"23",-18,9.5
"23",-18,10.5
"23",-18,11.5
"23",-18,12.5
"23",-18,13.5
"23",-18,14.5
"23",-18,15.5
"23",-18,16.5
"23",-18,17.5
"23",-18,18.5
"23",-18,19.5
"23",-18,20.5
"23",-18,21.5
"23",-18,22.5
"23",-18,23.5
"23",-18,24.5
"23",-18,25.5
"23",-18,26.5
"23",-18,27.5
"23",-18,28.5
"23",-18,29.5
"23",-18,30.5
"23",-18,31.5
"23",-18,32.5
"23",-18,33.5
"23",-18,34.5
"23",-18,35.5
"23",-18,36.5
"23",-18,37.5
"23",-18,38.5
"23",-18,39.5
"23",-18,40.5
"23",-18,41.5
"23",-18,42.5
"23",-18,43.5
"23",-18,44.5
"23",-18,45.5
"23",-18,46.5
"23",-18,47.5
"23",-17,48.5
"23",-16,49.5
"23",-15,50.5
"23",-14,51.5
"23",-13,52.5
"23",-12,53.5
"23",-11,54.5
"23",-10,55.5
"23",-9,56.5
"23",-8,57.5
"23",-7,58.5
"23",-6,59.5
"23",-5,59.5
"23",-4,59.5
"23",-3,59.5
"23",-2,58.5
"23",-1,57.5
"23",-1,56.5
"23",0,55.5
"23",0,54.5
"24",0,-73.5
"24",-1,-72.5
"24",-1,-71.5
"24",-1,-70.5
"24",0,-69.5
"24",1,-68.5
"24",0,-67.5
"24",0,-66.5
"24",0,-65.5
"24",0,-64.5
"24",1,-63.5
"24",0,-62.5
"24",1,-61.5
"24",0,-60.5
"24",-1,-59.5
"24",-2,-59.5
"24",-2,-58.5
"24",-2,-57.5
"24",-2,-56.5
"24",-2,-55.5
"24",-2,-54.5
"24",-2,-53.5
"24",-2,-52.5
"24",-2,-51.5
"24",-3,-50.5
"24",-4,-49.5
"24",-5,-49.5
"24",-5,-48.5
"24",-6,-47.5
"24",-7,-46.5
"24",-7,-45.5
"24",-7,-44.5
"24",-7,-43.5
"24",-7,-42.5
"24",-7,-41.5
"24",-7,-40.5
"24",-7,-39.5
"24",-7,-38.5
"24",-7,-37.5
"24",-7,-36.5
"24",-7,-35.5
"24",-7,-34.5
"24",-8,-33.5
"24",-8,-32.5
"24",-9,-31.5
"24",-10,-30.5
"24",-10,-29.5
"24",-10,-28.5
"24",-10,-27.5
"24",-10,-26.5
"24",-10,-25.5
"24",-10,-24.5
"24",-10,-23.5
"24",-11,-22.5
"24",-11,-21.5
"24",-11,-20.5
"24",-11,-19.5
"24",-11,-18.5
"24",-11,-17.5
"24",-11,-16.5
"24",-11,-15.5
"24",-11,-14.5
"24",-11,-13.5
"24",-11,-12.5
"24",-12,-11.5
"24",-13,-10.5
"24",-14,-9.5
"24",-15,-8.5
"24",-16,-7.5
"24",-16,-6.5
"24",-16,-5.5
"24",-16,-4.5
"24",-16,-3.5
"24",-16,-2.5
"24",-16,-1.5
"24",-16,-0.5
"24",-16,0.5
"24",-16,1.5
"24",-16,2.5
"24",-16,3.5
"24",-16,4.5
"24",-16,5.5
"24",-16,6.5
"24",-16,7.5
"24",-16,8.5
"24",-17,9.5
"24",-18,10.5
"24",-18,11.5
"24",-18,12.5
"24",-18,13.5
"24",-18,14.5
"24",-18,15.5
"24",-18,16.5
"24",-18,17.5
"24",-18,18.5
"24",-18,19.5
"24",-18,20.5
"24",-18,21.5
"24",-18,22.5
"24",-18,23.5
"24",-18,24.5
"24",-18,25.5
"24",-18,26.5
"24",-18,27.5
"24",-18,28.5
"24",-18,29.5
"24",-18,30.5
"24",-18,31.5
"24",-18,32.5
"24",-18,33.5
"24",-18,34.5
"24",-18,35.5
"24",-18,36.5
"24",-18,37.5
"24",-18,38.5
"24",-18,39.5
"24",-18,40.5
"24",-18,41.5
"24",-18,42.5
"24",-18,43.5
"24",-18,44.5
"24",-17,45.5
"24",-16,46.5
"24",-15,47.5
"24",-14,48.5
"24",-13,49.5
"24",-12,50.5
"24",-12,51.5
"24",-12,52.5
"24",-12,53.5
"24",-11,54.5
"24",-10,55.5
"24",-9,56.5
"24",-8,57.5
"24",-7,58.5
"24",-6,59.5
"24",-5,59.5
"24",-4,59.5
"24",-3,59.5
"24",-2,58.5
"24",-1,57.5
"24",-1,56.5
"24",0,55.5
"24",0,54.5
"25",0,-73.5
"25",1,-73.5
"25",2,-72.5
"25",2,-71.5
"25",2,-70.5
"25",2,-69.5
"25",2,-68.5
"25",2,-67.5
"25",2,-66.5
"25",2,-65.5
"25",2,-64.5
"25",1,-63.5
"25",0,-62.5
"25",1,-61.5
"25",0,-60.5
"25",0,-59.5
"25",-1,-59.5
"25",-2,-59.5
"25",-2,-58.5
"25",-2,-57.5
"25",-2,-56.5
"25",-2,-55.5
"25",-2,-54.5
"25",-2,-53.5
"25",-2,-52.5
"25",-2,-51.5
"25",-2,-50.5
"25",-2,-49.5
"25",-2,-48.5
"25",-3,-47.5
"25",-4,-46.5
"25",-5,-46.5
"25",-6,-45.5
"25",-7,-44.5
"25",-7,-43.5
"25",-7,-42.5
"25",-7,-41.5
"25",-7,-40.5
"25",-7,-39.5
"25",-7,-38.5
"25",-7,-37.5
"25",-7,-36.5
"25",-7,-35.5
"25",-7,-34.5
"25",-7,-33.5
"25",-8,-33.5
"25",-8,-32.5
"25",-8,-31.5
"25",-9,-30.5
"25",-10,-30.5
"25",-10,-29.5
"25",-10,-28.5
"25",-10,-27.5
"25",-10,-26.5
"25",-10,-25.5
"25",-10,-24.5
"25",-11,-23.5
"25",-11,-22.5
"25",-11,-21.5
"25",-11,-20.5
"25",-11,-19.5
"25",-11,-18.5
"25",-11,-17.5
"25",-11,-16.5
"25",-11,-15.5
"25",-11,-14.5
"25",-11,-13.5
"25",-11,-12.5
"25",-12,-11.5
"25",-13,-10.5
"25",-14,-9.5
"25",-15,-9.5
"25",-16,-8.5
"25",-16,-7.5
"25",-16,-6.5
"25",-16,-5.5
"25",-16,-4.5
"25",-16,-3.5
"25",-16,-2.5
"25",-16,-1.5
"25",-16,-0.5
"25",-16,0.5
"25",-16,1.5
"25",-16,2.5
"25",-16,3.5
"25",-16,4.5
"25",-16,5.5
"25",-16,6.5
"25",-16,7.5
"25",-16,8.5
"25",-16,9.5
"25",-16,10.5
"25",-17,10.5
"25",-18,11.5
"25",-18,12.5
"25",-18,13.5
"25",-18,14.5
"25",-18,15.5
"25",-18,16.5
"25",-18,17.5
"25",-18,18.5
"25",-18,19.5
"25",-18,20.5
"25",-18,21.5
"25",-18,22.5
"25",-18,23.5
"25",-18,24.5
"25",-18,25.5
"25",-18,26.5
"25",-18,27.5
"25",-18,28.5
"25",-18,29.5
"25",-18,30.5
"25",-18,31.5
"25",-18,32.5
"25",-18,33.5
"25",-18,34.5
"25",-18,35.5
"25",-18,36.5
"25",-18,37.5
"25",-18,38.5
"25",-18,39.5
"25",-18,40.5
"25",-18,41.5
"25",-18,42.5
"25",-17,43.5
"25",-16,43.5
"25",-15,43.5
"25",-14,43.5
"25",-13,44.5
"25",-13,45.5
"25",-13,46.5
"25",-13,47.5
"25",-13,48.5
"25",-12,49.5
"25",-12,50.5
"25",-12,51.5
"25",-12,52.5
"25",-12,53.5
"25",-12,54.5
"25",-12,55.5
"25",-11,56.5
"25",-10,57.5
"25",-9,57.5
"25",-8,58.5
"25",-7,59.5
"25",-6,59.5
"25",-5,59.5
"25",-4,59.5
"25",-3,59.5
"25",-2,58.5
"25",-1,58.5
"25",0,57.5
"25",-1,56.5
"25",0,55.5
"25",0,54.5
"26",0,-73.5
"26",-1,-72.5
"26",-2,-71.5
"26",-3,-70.5
"26",-4,-69.5
"26",-5,-68.5
"26",-6,-67.5
"26",-6,-66.5
"26",-5,-65.5
"26",-4,-64.5
"26",-3,-63.5
"26",-2,-62.5
"26",-1,-61.5
"26",0,-60.5
"26",1,-59.5
"26",2,-58.5
"26",3,-57.5
"26",4,-56.5
"26",5,-55.5
"26",6,-54.5
"26",5,-53.5
"26",4,-52.5
"26",5,-51.5
"26",6,-50.5
"26",7,-49.5
"26",8,-48.5
"26",7,-47.5
"26",6,-46.5
"26",6,-45.5
"26",6,-44.5
"26",6,-43.5
"26",6,-42.5
"26",6,-41.5
"26",6,-40.5
"26",6,-39.5
"26",6,-38.5
"26",6,-37.5
"26",6,-36.5
"26",6,-35.5
"26",6,-34.5
"26",6,-33.5
"26",7,-32.5
"26",7,-31.5
"26",7,-30.5
"26",7,-29.5
"26",7,-28.5
"26",7,-27.5
"26",7,-26.5
"26",7,-25.5
"26",7,-24.5
"26",7,-23.5
"26",6,-22.5
"26",5,-21.5
"26",4,-20.5
"26",3,-19.5
"26",2,-18.5
"26",2,-17.5
"26",1,-16.5
"26",1,-15.5
"26",0,-14.5
"26",-1,-13.5
"26",-2,-12.5
"26",-3,-11.5
"26",-4,-10.5
"26",-5,-9.5
"26",-6,-8.5
"26",-7,-7.5
"26",-8,-6.5
"26",-9,-5.5
"26",-10,-4.5
"26",-11,-3.5
"26",-12,-2.5
"26",-13,-1.5
"26",-14,-0.5
"26",-15,0.5
"26",-16,1.5
"26",-17,2.5
"26",-17,3.5
"26",-17,4.5
"26",-17,5.5
"26",-17,6.5
"26",-17,7.5
"26",-17,8.5
"26",-18,9.5
"26",-18,10.5
"26",-18,11.5
"26",-18,12.5
"26",-18,13.5
"26",-18,14.5
"26",-18,15.5
"26",-18,16.5
"26",-18,17.5
"26",-18,18.5
"26",-18,19.5
"26",-18,20.5
"26",-18,21.5
"26",-18,22.5
"26",-18,23.5
"26",-18,24.5
"26",-17,25.5
"26",-17,26.5
"26",-17,27.5
"26",-17,28.5
"26",-16,29.5
"26",-16,30.5
"26",-16,31.5
"26",-16,32.5
"26",-16,33.5
"26",-16,34.5
"26",-16,35.5
"26",-16,36.5
"26",-16,37.5
"26",-16,38.5
"26",-16,39.5
"26",-16,40.5
"26",-16,41.5
"26",-16,42.5
"26",-16,43.5
"26",-17,44.5
"26",-17,45.5
"26",-17,46.5
"26",-17,47.5
"26",-17,48.5
"26",-16,49.5
"26",-15,50.5
"26",-14,51.5
"26",-13,52.5
"26",-12,53.5
"26",-11,54.5
"26",-10,55.5
"26",-9,56.5
"26",-8,57.5
"26",-7,58.5
"26",-6,59.5
"26",-5,59.5
"26",-4,59.5
"26",-3,59.5
"26",-2,58.5
"26",-1,57.5
"26",-1,56.5
"26",0,55.5
"26",0,54.5
"27",0,-73.5
"27",-1,-72.5
"27",-1,-71.5
"27",-1,-70.5
"27",0,-69.5
"27",1,-68.5
"27",0,-67.5
"27",0,-66.5
"27",0,-65.5
"27",0,-64.5
"27",1,-63.5
"27",0,-62.5
"27",1,-61.5
"27",2,-60.5
"27",3,-59.5
"27",2,-58.5
"27",2,-57.5
"27",3,-56.5
"27",2,-55.5
"27",1,-54.5
"27",0,-53.5
"27",-1,-52.5
"27",-2,-51.5
"27",-3,-50.5
"27",-4,-49.5
"27",-5,-48.5
"27",-6,-47.5
"27",-7,-46.5
"27",-7,-45.5
"27",-7,-44.5
"27",-7,-43.5
"27",-7,-42.5
"27",-7,-41.5
"27",-7,-40.5
"27",-7,-39.5
"27",-7,-38.5
"27",-7,-37.5
"27",-7,-36.5
"27",-7,-35.5
"27",-7,-34.5
"27",-8,-33.5
"27",-8,-32.5
"27",-9,-31.5
"27",-10,-30.5
"27",-10,-29.5
"27",-10,-28.5
"27",-10,-27.5
"27",-10,-26.5
"27",-10,-25.5
"27",-10,-24.5
"27",-10,-23.5
"27",-11,-22.5
"27",-11,-21.5
"27",-11,-20.5
"27",-11,-19.5
"27",-11,-18.5
"27",-11,-17.5
"27",-11,-16.5
"27",-11,-15.5
"27",-11,-14.5
"27",-11,-13.5
"27",-11,-12.5
"27",-12,-11.5
"27",-13,-10.5
"27",-14,-9.5
"27",-15,-8.5
"27",-16,-7.5
"27",-16,-6.5
"27",-16,-5.5
"27",-16,-4.5
"27",-16,-3.5
"27",-17,-2.5
"27",-18,-1.5
"27",-18,-0.5
"27",-18,0.5
"27",-18,1.5
"27",-18,2.5
"27",-18,3.5
"27",-18,4.5
"27",-18,5.5
"27",-18,6.5
"27",-18,7.5
"27",-18,8.5
"27",-18,9.5
"27",-18,10.5
"27",-18,11.5
"27",-18,12.5
"27",-18,13.5
"27",-18,14.5
"27",-18,15.5
"27",-18,16.5
"27",-18,17.5
"27",-18,18.5
"27",-18,19.5
"27",-18,20.5
"27",-18,21.5
"27",-18,22.5
"27",-18,23.5
"27",-18,24.5
"27",-18,25.5
"27",-18,26.5
"27",-18,27.5
"27",-18,28.5
"27",-18,29.5
"27",-18,30.5
"27",-18,31.5
"27",-18,32.5
"27",-18,33.5
"27",-18,34.5
"27",-18,35.5
"27",-18,36.5
"27",-18,37.5
"27",-18,38.5
"27",-18,39.5
"27",-18,40.5
"27",-18,41.5
"27",-18,42.5
"27",-18,43.5
"27",-18,44.5
"27",-18,45.5
"27",-18,46.5
"27",-18,47.5
"27",-17,48.5
"27",-16,49.5
"27",-15,50.5
"27",-14,51.5
"27",-13,52.5
"27",-12,53.5
"27",-11,54.5
"27",-10,55.5
"27",-9,56.5
"27",-8,57.5
"27",-7,58.5
"27",-6,59.5
"27",-5,59.5
"27",-4,59.5
"27",-3,59.5
"27",-2,58.5
"27",-1,57.5
"27",-1,56.5
"27",0,55.5
"27",0,54.5
"28",0,-73.5
"28",1,-73.5
"28",2,-72.5
"28",2,-71.5
"28",2,-70.5
"28",2,-69.5
"28",2,-68.5
"28",2,-67.5
"28",2,-66.5
"28",2,-65.5
"28",2,-64.5
"28",1,-63.5
"28",0,-62.5
"28",1,-61.5
"28",0,-60.5
"28",-1,-59.5
"28",-2,-59.5
"28",-2,-58.5
"28",-2,-57.5
"28",-2,-56.5
"28",-2,-55.5
"28",-2,-54.5
"28",-2,-53.5
"28",-2,-52.5
"28",-2,-51.5
"28",-2,-50.5
"28",-2,-49.5
"28",-2,-48.5
"28",-3,-47.5
"28",-4,-46.5
"28",-5,-46.5
"28",-6,-45.5
"28",-7,-44.5
"28",-7,-43.5
"28",-7,-42.5
"28",-7,-41.5
"28",-7,-40.5
"28",-7,-39.5
"28",-7,-38.5
"28",-7,-37.5
"28",-7,-36.5
"28",-7,-35.5
"28",-7,-34.5
"28",-8,-33.5
"28",-8,-32.5
"28",-8,-31.5
"28",-9,-30.5
"28",-10,-30.5
"28",-10,-29.5
"28",-10,-28.5
"28",-10,-27.5
"28",-10,-26.5
"28",-10,-25.5
"28",-10,-24.5
"28",-11,-23.5
"28",-11,-22.5
"28",-11,-21.5
"28",-11,-20.5
"28",-11,-19.5
"28",-11,-18.5
"28",-11,-17.5
"28",-11,-16.5
"28",-11,-15.5
"28",-11,-14.5
"28",-11,-13.5
"28",-11,-12.5
"28",-12,-11.5
"28",-13,-10.5
"28",-14,-9.5
"28",-15,-9.5
"28",-16,-8.5
"28",-16,-7.5
"28",-16,-6.5
"28",-16,-5.5
"28",-16,-4.5
"28",-16,-3.5
"28",-16,-2.5
"28",-16,-1.5
"28",-16,-0.5
"28",-16,0.5
"28",-16,1.5
"28",-16,2.5
"28",-16,3.5
"28",-16,4.5
"28",-16,5.5
"28",-16,6.5
"28",-16,7.5
"28",-16,8.5
"28",-16,9.5
"28",-16,10.5
"28",-17,10.5
"28",-18,11.5
"28",-18,12.5
"28",-18,13.5
"28",-18,14.5
"28",-18,15.5
"28",-18,16.5
"28",-18,17.5
"28",-18,18.5
"28",-18,19.5
"28",-18,20.5
"28",-18,21.5
"28",-18,22.5
"28",-18,23.5
"28",-18,24.5
"28",-18,25.5
"28",-18,26.5
"28",-18,27.5
"28",-18,28.5
"28",-18,29.5
"28",-18,30.5
"28",-18,31.5
"28",-18,32.5
"28",-18,33.5
"28",-18,34.5
"28",-18,35.5
"28",-18,36.5
"28",-18,37.5
"28",-18,38.5
"28",-18,39.5
"28",-18,40.5
"28",-18,41.5
"28",-18,42.5
"28",-17,43.5
"28",-16,43.5
"28",-15,44.5
"28",-14,45.5
"28",-13,46.5
"28",-13,47.5
"28",-13,48.5
"28",-12,49.5
"28",-12,50.5
"28",-12,51.5
"28",-12,52.5
"28",-12,53.5
"28",-12,54.5
"28",-12,55.5
"28",-11,56.5
"28",-10,57.5
"28",-9,57.5
"28",-8,58.5
"28",-7,59.5
"28",-6,59.5
"28",-5,59.5
"28",-4,59.5
"28",-3,59.5
"28",-2,58.5
"28",-1,57.5
"28",0,56.5
"28",0,55.5
"28",0,54.5
"29",0,-73.5
"29",-1,-72.5
"29",-2,-71.5
"29",-3,-70.5
"29",-4,-69.5
"29",-5,-68.5
"29",-6,-67.5
"29",-7,-66.5
"29",-6,-65.5
"29",-5,-64.5
"29",-4,-63.5
"29",-3,-62.5
"29",-2,-61.5
"29",-1,-60.5
"29",0,-59.5
"29",-1,-58.5
"29",-2,-57.5
"29",-3,-56.5
"29",-4,-55.5
"29",-5,-54.5
"29",-6,-53.5
"29",-7,-52.5
"29",-8,-51.5
"29",-9,-50.5
"29",-10,-49.5
"29",-11,-48.5
"29",-12,-47.5
"29",-13,-46.5
"29",-14,-45.5
"29",-15,-44.5
"29",-16,-43.5
"29",-17,-42.5
"29",-18,-41.5
"29",-18,-40.5
"29",-18,-39.5
"29",-18,-38.5
"29",-18,-37.5
"29",-18,-36.5
"29",-18,-35.5
"29",-18,-34.5
"29",-18,-33.5
"29",-18,-32.5
"29",-18,-31.5
"29",-18,-30.5
"29",-18,-29.5
"29",-18,-28.5
"29",-18,-27.5
"29",-18,-26.5
"29",-18,-25.5
"29",-18,-24.5
"29",-18,-23.5
"29",-18,-22.5
"29",-18,-21.5
"29",-18,-20.5
"29",-18,-19.5
"29",-18,-18.5
"29",-18,-17.5
"29",-18,-16.5
"29",-18,-15.5
"29",-18,-14.5
"29",-18,-13.5
"29",-18,-12.5
"29",-18,-11.5
"29",-18,-10.5
"29",-18,-9.5
"29",-18,-8.5
"29",-18,-7.5
"29",-18,-6.5
"29",-18,-5.5
"29",-18,-4.5
"29",-18,-3.5
"29",-18,-2.5
"29",-18,-1.5
"29",-18,-0.5
"29",-18,0.5
"29",-18,1.5
"29",-18,2.5
"29",-18,3.5
"29",-18,4.5
"29",-18,5.5
"29",-18,6.5
"29",-18,7.5
"29",-18,8.5
"29",-18,9.5
"29",-18,10.5
"29",-18,11.5
"29",-18,12.5
"29",-18,13.5
"29",-18,14.5
"29",-18,15.5
"29",-18,16.5
"29",-18,17.5
"29",-18,18.5
"29",-18,19.5
"29",-18,20.5
"29",-18,21.5
"29",-18,22.5
"29",-18,23.5
"29",-18,24.5
"29",-17,25.5
"29",-17,26.5
"29",-17,27.5
"29",-17,28.5
"29",-16,29.5
"29",-16,30.5
"29",-16,31.5
"29",-16,32.5
"29",-16,33.5
"29",-16,34.5
"29",-16,35.5
"29",-16,36.5
"29",-16,37.5
"29",-16,38.5
"29",-16,39.5
"29",-16,40.5
"29",-16,41.5
"29",-16,42.5
"29",-16,43.5
"29",-16,44.5
"29",-16,45.5
"29",-16,46.5
"29",-16,47.5
"29",-16,48.5
"29",-16,49.5
"29",-15,50.5
"29",-14,51.5
"29",-13,52.5
"29",-12,53.5
"29",-11,54.5
"29",-10,55.5
"29",-9,56.5
"29",-8,57.5
"29",-7,58.5
"29",-6,59.5
"29",-5,59.5
"29",-4,59.5
"29",-3,59.5
"29",-2,58.5
"29",-1,57.5
"29",-1,56.5
"29",0,55.5
"29",0,54.5
"30",0,-73.5
"30",-1,-72.5
"30",-2,-72.5
"30",-3,-72.5
"30",-4,-72.5
"30",-5,-71.5
"30",-6,-70.5
"30",-7,-69.5
"30",-8,-68.5
"30",-9,-67.5
"30",-9,-66.5
"30",-8,-65.5
"30",-9,-64.5
"30",-10,-63.5
"30",-11,-62.5
"30",-12,-61.5
"30",-13,-60.5
"30",-14,-59.5
"30",-14,-58.5
"30",-14,-57.5
"30",-15,-56.5
"30",-16,-55.5
"30",-16,-54.5
"30",-16,-53.5
"30",-16,-52.5
"30",-17,-51.5
"30",-18,-50.5
"30",-18,-49.5
"30",-18,-48.5
"30",-18,-47.5
"30",-18,-46.5
"30",-18,-45.5
"30",-18,-44.5
"30",-18,-43.5
"30",-18,-42.5
"30",-18,-41.5
"30",-18,-40.5
"30",-18,-39.5
"30",-18,-38.5
"30",-18,-37.5
"30",-17,-36.5
"30",-16,-35.5
"30",-16,-34.5
"30",-16,-33.5
"30",-16,-32.5
"30",-16,-31.5
"30",-16,-30.5
"30",-16,-29.5
"30",-16,-28.5
"30",-16,-27.5
"30",-16,-26.5
"30",-16,-25.5
"30",-16,-24.5
"30",-16,-23.5
"30",-16,-22.5
"30",-16,-21.5
"30",-16,-20.5
"30",-16,-19.5
"30",-16,-18.5
"30",-16,-17.5
"30",-16,-16.5
"30",-16,-15.5
"30",-16,-14.5
"30",-16,-13.5
"30",-16,-12.5
"30",-16,-11.5
"30",-16,-10.5
"30",-16,-9.5
"30",-16,-8.5
"30",-16,-7.5
"30",-16,-6.5
"30",-16,-5.5
"30",-16,-4.5
"30",-16,-3.5
"30",-16,-2.5
"30",-16,-1.5
"30",-16,-0.5
"30",-16,0.5
"30",-16,1.5
"30",-16,2.5
"30",-16,3.5
"30",-16,4.5
"30",-16,5.5
"30",-16,6.5
"30",-16,7.5
"30",-16,8.5
"30",-16,9.5
"30",-17,10.5
"30",-18,11.5
"30",-18,12.5
"30",-18,13.5
"30",-18,14.5
"30",-18,15.5
"30",-18,16.5
"30",-18,17.5
"30",-18,18.5
"30",-18,19.5
"30",-18,20.5
"30",-18,21.5
"30",-18,22.5
"30",-18,23.5
"30",-18,24.5
"30",-18,25.5
"30",-18,26.5
"30",-18,27.5
"30",-18,28.5
"30",-18,29.5
"30",-18,30.5
"30",-18,31.5
"30",-18,32.5
"30",-18,33.5
"30",-18,34.5
"30",-18,35.5
"30",-18,36.5
"30",-18,37.5
"30",-18,38.5
"30",-18,39.5
"30",-18,40.5
"30",-18,41.5
"30",-18,42.5
"30",-18,43.5
"30",-18,44.5
"30",-18,45.5
"30",-18,46.5
"30",-18,47.5
"30",-17,48.5
"30",-16,49.5
"30",-15,50.5
"30",-14,51.5
"30",-13,52.5
"30",-12,53.5
"30",-11,54.5
"30",-10,55.5
"30",-9,56.5
"30",-8,57.5
"30",-7,58.5
"30",-6,59.5
"30",-5,59.5
"30",-4,59.5
"30",-3,59.5
"30",-2,58.5
"30",-1,57.5
"30",-1,56.5
"30",0,55.5
"30",0,54.5
"31",0,-73.5
"31",-1,-73.5
"31",-2,-73.5
"31",-3,-73.5
"31",-4,-73.5
"31",-5,-73.5
"31",-6,-73.5
"31",-7,-72.5
"31",-8,-71.5
"31",-9,-70.5
"31",-8,-69.5
"31",-9,-68.5
"31",-8,-67.5
"31",-9,-66.5
"31",-8,-65.5
"31",-9,-64.5
"31",-9,-63.5
"31",-10,-62.5
"31",-11,-61.5
"31",-12,-61.5
"31",-13,-60.5
"31",-14,-59.5
"31",-14,-58.5
"31",-14,-57.5
"31",-15,-56.5
"31",-16,-55.5
"31",-16,-54.5
"31",-16,-53.5
"31",-16,-52.5
"31",-17,-51.5
"31",-18,-50.5
"31",-18,-49.5
"31",-18,-48.5
"31",-18,-47.5
"31",-18,-46.5
"31",-18,-45.5
"31",-18,-44.5
"31",-18,-43.5
"31",-18,-42.5
"31",-18,-41.5
"31",-18,-40.5
"31",-18,-39.5
"31",-18,-38.5
"31",-18,-37.5
"31",-17,-36.5
"31",-16,-35.5
"31",-16,-34.5
"31",-16,-33.5
"31",-16,-32.5
"31",-16,-31.5
"31",-16,-30.5
"31",-16,-29.5
"31",-16,-28.5
"31",-16,-27.5
"31",-16,-26.5
"31",-16,-25.5
"31",-16,-24.5
"31",-16,-23.5
"31",-16,-22.5
"31",-16,-21.5
"31",-16,-20.5
"31",-16,-19.5
"31",-16,-18.5
"31",-16,-17.5
"31",-16,-16.5
"31",-16,-15.5
"31",-16,-14.5
"31",-16,-13.5
"31",-16,-12.5
"31",-16,-11.5
"31",-16,-10.5
"31",-16,-9.5
"31",-16,-8.5
"31",-16,-7.5
"31",-16,-6.5
"31",-16,-5.5
"31",-16,-4.5
"31",-16,-3.5
"31",-16,-2.5
"31",-16,-1.5
"31",-16,-0.5
"31",-16,0.5
"31",-16,1.5
"31",-16,2.5
"31",-16,3.5
"31",-16,4.5
"31",-16,5.5
"31",-16,6.5
"31",-16,7.5
"31",-16,8.5
"31",-16,9.5
"31",-16,10.5
"31",-17,11.5
"31",-18,12.5
"31",-18,13.5
"31",-18,14.5
"31",-18,15.5
"31",-18,16.5
"31",-18,17.5
"31",-18,18.5
"31",-18,19.5
"31",-18,20.5
"31",-18,21.5
"31",-18,22.5
"31",-18,23.5
"31",-18,24.5
"31",-18,25.5
"31",-18,26.5
"31",-18,27.5
"31",-18,28.5
"31",-18,29.5
"31",-18,30.5
"31",-18,31.5
"31",-18,32.5
"31",-18,33.5
"31",-18,34.5
"31",-18,35.5
"31",-18,36.5
"31",-18,37.5
"31",-18,38.5
"31",-18,39.5
"31",-18,40.5
"31",-18,41.5
"31",-17,42.5
"31",-16,43.5
"31",-15,44.5
"31",-14,45.5
"31",-13,46.5
"31",-13,47.5
"31",-13,48.5
"31",-12,49.5
"31",-12,50.5
"31",-12,51.5
"31",-12,52.5
"31",-12,53.5
"31",-11,54.5
"31",-10,55.5
"31",-9,56.5
"31",-8,57.5
"31",-7,58.5
"31",-6,59.5
"31",-5,59.5
"31",-4,59.5
"31",-3,59.5
"31",-2,58.5
"31",-1,57.5
"31",0,56.5
"31",0,55.5
"31",0,54.5
"32",0,-73.5
"32",-1,-72.5
"32",-2,-71.5
"32",-3,-70.5
"32",-4,-69.5
"32",-5,-68.5
"32",-6,-67.5
"32",-7,-66.5
"32",-8,-65.5
"32",-7,-64.5
"32",-6,-63.5
"32",-7,-62.5
"32",-8,-61.5
"32",-9,-60.5
"32",-10,-59.5
"32",-11,-58.5
"32",-12,-57.5
"32",-13,-56.5
"32",-14,-55.5
"32",-15,-54.5
"32",-16,-53.5
"32",-17,-52.5
"32",-18,-51.5
"32",-18,-50.5
"32",-18,-49.5
"32",-18,-48.5
"32",-18,-47.5
"32",-18,-46.5
"32",-18,-45.5
"32",-18,-44.5
"32",-18,-43.5
"32",-18,-42.5
"32",-18,-41.5
"32",-18,-40.5
"32",-18,-39.5
"32",-18,-38.5
"32",-18,-37.5
"32",-18,-36.5
"32",-18,-35.5
"32",-18,-34.5
"32",-18,-33.5
"32",-18,-32.5
"32",-18,-31.5
"32",-18,-30.5
"32",-18,-29.5
"32",-18,-28.5
"32",-18,-27.5
"32",-18,-26.5
"32",-18,-25.5
"32",-18,-24.5
"32",-18,-23.5
"32",-18,-22.5
"32",-18,-21.5
"32",-18,-20.5
"32",-18,-19.5
"32",-18,-18.5
"32",-18,-17.5
"32",-18,-16.5
"32",-18,-15.5
"32",-18,-14.5
"32",-18,-13.5
"32",-18,-12.5
"32",-18,-11.5
"32",-18,-10.5
"32",-18,-9.5
"32",-18,-8.5
"32",-18,-7.5
"32",-18,-6.5
"32",-18,-5.5
"32",-18,-4.5
"32",-18,-3.5
"32",-18,-2.5
"32",-18,-1.5
"32",-18,-0.5
"32",-18,0.5
"32",-18,1.5
"32",-18,2.5
"32",-18,3.5
"32",-18,4.5
"32",-18,5.5
"32",-18,6.5
"32",-18,7.5
"32",-18,8.5
"32",-18,9.5
"32",-18,10.5
"32",-18,11.5
"32",-18,12.5
"32",-18,13.5
"32",-18,14.5
"32",-18,15.5
"32",-18,16.5
"32",-18,17.5
"32",-18,18.5
"32",-18,19.5
"32",-18,20.5
"32",-18,21.5
"32",-18,22.5
"32",-18,23.5
"32",-18,24.5
"32",-18,25.5
"32",-18,26.5
"32",-18,27.5
"32",-18,28.5
"32",-18,29.5
"32",-18,30.5
"32",-18,31.5
"32",-18,32.5
"32",-18,33.5
"32",-18,34.5
"32",-18,35.5
"32",-18,36.5
"32",-18,37.5
"32",-18,38.5
"32",-18,39.5
"32",-18,40.5
"32",-18,41.5
"32",-18,42.5
"32",-18,43.5
"32",-18,44.5
"32",-18,45.5
"32",-18,46.5
"32",-18,47.5
"32",-17,48.5
"32",-16,49.5
"32",-15,50.5
"32",-14,51.5
"32",-13,52.5
"32",-12,53.5
"32",-11,54.5
"32",-10,55.5
"32",-9,56.5
"32",-8,57.5
"32",-7,58.5
"32",-6,59.5
"32",-5,59.5
"32",-4,59.5
"32",-3,59.5
"32",-2,58.5
"32",-1,57.5
"32",-1,56.5
"32",0,55.5
"32",0,54.5
"33",0,-73.5
"33",-1,-72.5
"33",-2,-72.5
"33",-3,-72.5
"33",-4,-72.5
"33",-5,-72.5
"33",-6,-71.5
"33",-7,-70.5
"33",-8,-69.5
"33",-9,-68.5
"33",-8,-67.5
"33",-9,-66.5
"33",-8,-65.5
"33",-9,-64.5
"33",-10,-63.5
"33",-11,-62.5
"33",-12,-61.5
"33",-13,-60.5
"33",-14,-59.5
"33",-14,-58.5
"33",-14,-57.5
"33",-15,-56.5
"33",-16,-55.5
"33",-16,-54.5
"33",-16,-53.5
"33",-16,-52.5
"33",-17,-51.5
"33",-18,-50.5
"33",-18,-49.5
"33",-18,-48.5
"33",-18,-47.5
"33",-18,-46.5
"33",-18,-45.5
"33",-18,-44.5
"33",-18,-43.5
"33",-18,-42.5
"33",-18,-41.5
"33",-18,-40.5
"33",-18,-39.5
"33",-18,-38.5
"33",-18,-37.5
"33",-17,-36.5
"33",-16,-35.5
"33",-16,-34.5
"33",-16,-33.5
"33",-16,-32.5
"33",-16,-31.5
"33",-16,-30.5
"33",-16,-29.5
"33",-16,-28.5
"33",-16,-27.5
"33",-16,-26.5
"33",-16,-25.5
"33",-16,-24.5
"33",-16,-23.5
"33",-16,-22.5
"33",-16,-21.5
"33",-16,-20.5
"33",-16,-19.5
"33",-16,-18.5
"33",-16,-17.5
"33",-16,-16.5
"33",-16,-15.5
"33",-16,-14.5
"33",-16,-13.5
"33",-16,-12.5
"33",-16,-11.5
"33",-16,-10.5
"33",-16,-9.5
"33",-16,-8.5
"33",-16,-7.5
"33",-16,-6.5
"33",-16,-5.5
"33",-16,-4.5
"33",-16,-3.5
"33",-16,-2.5
"33",-16,-1.5
"33",-16,-0.5
"33",-16,0.5
"33",-16,1.5
"33",-16,2.5
"33",-16,3.5
"33",-16,4.5
"33",-16,5.5
"33",-16,6.5
"33",-16,7.5
"33",-16,8.5
"33",-16,9.5
"33",-16,10.5
"33",-17,11.5
"33",-18,12.5
"33",-18,13.5
"33",-18,14.5
"33",-18,15.5
"33",-18,16.5
"33",-18,17.5
"33",-18,18.5
"33",-18,19.5
"33",-18,20.5
"33",-18,21.5
"33",-18,22.5
"33",-18,23.5
"33",-18,24.5
"33",-18,25.5
"33",-18,26.5
"33",-18,27.5
"33",-18,28.5
"33",-18,29.5
"33",-18,30.5
"33",-18,31.5
"33",-18,32.5
"33",-18,33.5
"33",-18,34.5
"33",-18,35.5
"33",-18,36.5
"33",-18,37.5
"33",-18,38.5
"33",-18,39.5
"33",-18,40.5
"33",-18,41.5
"33",-17,42.5
"33",-16,43.5
"33",-15,44.5
"33",-14,45.5
"33",-13,46.5
"33",-13,47.5
"33",-13,48.5
"33",-13,49.5
"33",-13,50.5
"33",-13,51.5
"33",-13,52.5
"33",-12,53.5
"33",-11,54.5
"33",-10,55.5
"33",-9,56.5
"33",-8,57.5
"33",-7,58.5
"33",-6,59.5
"33",-5,59.5
"33",-4,59.5
"33",-3,59.5
"33",-2,58.5
"33",-1,57.5
"33",0,56.5
"33",0,55.5
"33",0,54.5
"34",0,-73.5
"34",-1,-72.5
"34",-2,-71.5
"34",-3,-70.5
"34",-4,-69.5
"34",-5,-68.5
"34",-6,-67.5
"34",-7,-66.5
"34",-8,-65.5
"34",-9,-64.5
"34",-10,-63.5
"34",-11,-62.5
"34",-12,-61.5
"34",-13,-60.5
"34",-14,-59.5
"34",-15,-58.5
"34",-16,-57.5
"34",-17,-56.5
"34",-18,-55.5
"34",-18,-54.5
"34",-18,-53.5
"34",-18,-52.5
"34",-18,-51.5
"34",-18,-50.5
"34",-18,-49.5
"34",-18,-48.5
"34",-18,-47.5
"34",-18,-46.5
"34",-18,-45.5
"34",-18,-44.5
"34",-18,-43.5
"34",-18,-42.5
"34",-18,-41.5
"34",-18,-40.5
"34",-18,-39.5
"34",-18,-38.5
"34",-18,-37.5
"34",-18,-36.5
"34",-18,-35.5
"34",-18,-34.5
"34",-18,-33.5
"34",-18,-32.5
"34",-18,-31.5
"34",-18,-30.5
"34",-18,-29.5
"34",-18,-28.5
"34",-18,-27.5
"34",-18,-26.5
"34",-18,-25.5
"34",-18,-24.5
"34",-18,-23.5
"34",-18,-22.5
"34",-18,-21.5
"34",-18,-20.5
"34",-18,-19.5
"34",-18,-18.5
"34",-18,-17.5
"34",-18,-16.5
"34",-18,-15.5
"34",-18,-14.5
"34",-18,-13.5
"34",-18,-12.5
"34",-18,-11.5
"34",-18,-10.5
"34",-18,-9.5
"34",-18,-8.5
"34",-18,-7.5
"34",-18,-6.5
"34",-18,-5.5
"34",-18,-4.5
"34",-18,-3.5
"34",-18,-2.5
"34",-18,-1.5
"34",-18,-0.5
"34",-18,0.5
"34",-18,1.5
"34",-18,2.5
"34",-18,3.5
"34",-18,4.5
"34",-18,5.5
"34",-18,6.5
"34",-18,7.5
"34",-18,8.5
"34",-18,9.5
"34",-18,10.5
"34",-18,11.5
"34",-18,12.5
"34",-18,13.5
"34",-18,14.5
"34",-18,15.5
"34",-18,16.5
"34",-18,17.5
"34",-18,18.5
"34",-18,19.5
"34",-18,20.5
"34",-18,21.5
"34",-18,22.5
"34",-18,23.5
"34",-18,24.5
"34",-18,25.5
"34",-18,26.5
"34",-18,27.5
"34",-18,28.5
"34",-18,29.5
"34",-18,30.5
"34",-18,31.5
"34",-18,32.5
"34",-18,33.5
"34",-18,34.5
"34",-18,35.5
"34",-18,36.5
"34",-18,37.5
"34",-18,38.5
"34",-18,39.5
"34",-18,40.5
"34",-18,41.5
"34",-18,42.5
"34",-18,43.5
"34",-18,44.5
"34",-18,45.5
"34",-18,46.5
"34",-18,47.5
"34",-17,48.5
"34",-16,49.5
"34",-15,50.5
"34",-14,51.5
"34",-13,52.5
"34",-12,53.5
"34",-11,54.5
"34",-10,55.5
"34",-9,56.5
"34",-8,57.5
"34",-7,58.5
"34",-6,59.5
"34",-5,59.5
"34",-4,59.5
"34",-3,59.5
"34",-2,58.5
"34",-1,57.5
"34",0,56.5
"34",0,55.5
"34",0,54.5
"35",0,-73.5
"35",-1,-72.5
"35",-1,-71.5
"35",-1,-70.5
"35",0,-69.5
"35",0,-68.5
"35",0,-67.5
"35",0,-66.5
"35",0,-65.5
"35",0,-64.5
"35",1,-63.5
"35",0,-63.5
"35",1,-62.5
"35",2,-61.5
"35",3,-60.5
"35",4,-60.5
"35",5,-60.5
"35",6,-59.5
"35",7,-59.5
"35",8,-58.5
"35",9,-57.5
"35",8,-56.5
"35",9,-55.5
"35",8,-54.5
"35",9,-53.5
"35",8,-52.5
"35",9,-51.5
"35",8,-50.5
"35",9,-49.5
"35",8,-48.5
"35",9,-47.5
"35",10,-47.5
"35",11,-47.5
"35",11,-46.5
"35",11,-45.5
"35",11,-44.5
"35",11,-43.5
"35",11,-42.5
"35",11,-41.5
"35",11,-40.5
"35",11,-39.5
"35",11,-38.5
"35",11,-37.5
"35",11,-36.5
"35",11,-35.5
"35",11,-34.5
"35",11,-33.5
"35",11,-32.5
"35",11,-31.5
"35",11,-30.5
"35",11,-29.5
"35",11,-28.5
"35",11,-27.5
"35",11,-26.5
"35",10,-25.5
"35",9,-24.5
"35",8,-23.5
"35",7,-22.5
"35",6,-21.5
"35",5,-20.5
"35",4,-19.5
"35",3,-18.5
"35",2,-17.5
"35",1,-16.5
"35",1,-15.5
"35",1,-14.5
"35",1,-13.5
"35",0,-12.5
"35",-1,-11.5
"35",-2,-10.5
"35",-3,-9.5
"35",-4,-8.5
"35",-5,-7.5
"35",-6,-6.5
"35",-7,-6.5
"35",-8,-5.5
"35",-9,-4.5
"35",-10,-4.5
"35",-11,-3.5
"35",-12,-3.5
"35",-13,-2.5
"35",-14,-1.5
"35",-15,-1.5
"35",-16,-0.5
"35",-16,0.5
"35",-16,1.5
"35",-16,2.5
"35",-16,3.5
"35",-16,4.5
"35",-16,5.5
"35",-16,6.5
"35",-16,7.5
"35",-17,7.5
"35",-18,8.5
"35",-18,9.5
"35",-18,10.5
"35",-18,11.5
"35",-18,12.5
"35",-18,13.5
"35",-18,14.5
"35",-18,15.5
"35",-18,16.5
"35",-18,17.5
"35",-18,18.5
"35",-18,19.5
"35",-18,20.5
"35",-18,21.5
"35",-18,22.5
"35",-18,23.5
"35",-18,24.5
"35",-18,25.5
"35",-18,26.5
"35",-18,27.5
"35",-18,28.5
"35",-18,29.5
"35",-18,30.5
"35",-18,31.5
"35",-18,32.5
"35",-18,33.5
"35",-18,34.5
"35",-18,35.5
"35",-18,36.5
"35",-18,37.5
"35",-18,38.5
"35",-18,39.5
"35",-18,40.5
"35",-18,41.5
"35",-18,42.5
"35",-18,43.5
"35",-17,44.5
"35",-16,44.5
"35",-15,44.5
"35",-14,44.5
"35",-13,44.5
"35",-13,45.5
"35",-13,46.5
"35",-13,47.5
"35",-13,48.5
"35",-12,49.5
"35",-12,50.5
"35",-13,51.5
"35",-13,52.5
"35",-12,53.5
"35",-13,54.5
"35",-12,55.5
"35",-11,56.5
"35",-10,57.5
"35",-9,57.5
"35",-8,58.5
"35",-7,59.5
"35",-6,59.5
"35",-5,59.5
"35",-4,59.5
"35",-3,59.5
"35",-2,58.5
"35",-1,58.5
"35",0,58.5
"35",1,58.5
"35",0,57.5
"35",-1,56.5
"35",0,55.5
"35",0,54.5
"36",0,-73.5
"36",-1,-72.5
"36",-1,-71.5
"36",-1,-70.5
"36",0,-69.5
"36",0,-68.5
"36",0,-67.5
"36",0,-66.5
"36",0,-65.5
"36",0,-64.5
"36",1,-63.5
"36",0,-63.5
"36",1,-62.5
"36",2,-61.5
"36",3,-60.5
"36",4,-60.5
"36",5,-60.5
"36",6,-59.5
"36",7,-59.5
"36",8,-58.5
"36",9,-57.5
"36",8,-56.5
"36",9,-55.5
"36",8,-54.5
"36",9,-53.5
"36",8,-52.5
"36",9,-51.5
"36",8,-50.5
"36",9,-49.5
"36",8,-48.5
"36",9,-47.5
"36",10,-47.5
"36",11,-47.5
"36",11,-46.5
"36",11,-45.5
"36",11,-44.5
"36",11,-43.5
"36",10,-42.5
"36",9,-41.5
"36",8,-41.5
"36",7,-41.5
"36",6,-40.5
"36",5,-39.5
"36",5,-38.5
"36",5,-37.5
"36",5,-36.5
"36",5,-35.5
"36",5,-34.5
"36",5,-33.5
"36",5,-32.5
"36",5,-31.5
"36",5,-30.5
"36",5,-29.5
"36",5,-28.5
"36",5,-27.5
"36",5,-26.5
"36",5,-25.5
"36",5,-24.5
"36",5,-23.5
"36",5,-22.5
"36",5,-21.5
"36",4,-20.5
"36",3,-19.5
"36",3,-18.5
"36",3,-17.5
"36",3,-16.5
"36",3,-15.5
"36",3,-14.5
"36",3,-13.5
"36",3,-12.5
"36",3,-11.5
"36",3,-10.5
"36",2,-9.5
"36",1,-9.5
"36",0,-8.5
"36",-1,-7.5
"36",-1,-6.5
"36",-2,-5.5
"36",-3,-4.5
"36",-3,-3.5
"36",-3,-2.5
"36",-3,-1.5
"36",-4,-1.5
"36",-5,-1.5
"36",-6,-0.5
"36",-7,-0.5
"36",-8,0.5
"36",-9,1.5
"36",-10,1.5
"36",-11,2.5
"36",-11,3.5
"36",-11,4.5
"36",-11,5.5
"36",-12,5.5
"36",-13,6.5
"36",-14,6.5
"36",-14,7.5
"36",-15,7.5
"36",-16,7.5
"36",-16,8.5
"36",-16,9.5
"36",-16,10.5
"36",-17,10.5
"36",-18,11.5
"36",-18,12.5
"36",-18,13.5
"36",-18,14.5
"36",-18,15.5
"36",-18,16.5
"36",-18,17.5
"36",-18,18.5
"36",-18,19.5
"36",-18,20.5
"36",-18,21.5
"36",-18,22.5
"36",-18,23.5
"36",-18,24.5
"36",-18,25.5
"36",-18,26.5
"36",-18,27.5
"36",-18,28.5
"36",-18,29.5
"36",-18,30.5
"36",-18,31.5
"36",-18,32.5
"36",-18,33.5
"36",-18,34.5
"36",-18,35.5
"36",-18,36.5
"36",-18,37.5
"36",-18,38.5
"36",-18,39.5
"36",-18,40.5
"36",-18,41.5
"36",-18,42.5
"36",-18,43.5
"36",-17,44.5
"36",-16,44.5
"36",-15,44.5
"36",-14,44.5
"36",-13,44.5
"36",-13,45.5
"36",-13,46.5
"36",-13,47.5
"36",-13,48.5
"36",-12,49.5
"36",-12,50.5
"36",-13,51.5
"36",-13,52.5
"36",-12,53.5
"36",-13,54.5
"36",-12,55.5
"36",-11,56.5
"36",-10,57.5
"36",-9,57.5
"36",-8,58.5
"36",-7,59.5
"36",-6,59.5
"36",-5,59.5
"36",-4,59.5
"36",-3,59.5
"36",-2,58.5
"36",-1,58.5
"36",0,58.5
"36",1,58.5
"36",0,57.5
"36",-1,56.5
"36",0,55.5
"36",0,54.5
"37",0,-73.5
"37",-1,-72.5
"37",-1,-71.5
"37",-1,-70.5
"37",0,-69.5
"37",0,-68.5
"37",0,-67.5
"37",0,-66.5
"37",0,-65.5
"37",0,-64.5
"37",1,-63.5
"37",0,-63.5
"37",1,-62.5
"37",2,-61.5
"37",1,-61.5
"37",2,-60.5
"37",3,-59.5
"37",4,-59.5
"37",5,-59.5
"37",6,-58.5
"37",5,-57.5
"37",6,-56.5
"37",7,-55.5
"37",8,-54.5
"37",9,-53.5
"37",8,-52.5
"37",9,-51.5
"37",8,-50.5
"37",9,-49.5
"37",8,-48.5
"37",9,-47.5
"37",10,-47.5
"37",11,-46.5
"37",11,-45.5
"37",11,-44.5
"37",11,-43.5
"37",11,-42.5
"37",11,-41.5
"37",11,-40.5
"37",11,-39.5
"37",11,-38.5
"37",11,-37.5
"37",11,-36.5
"37",12,-35.5
"37",13,-34.5
"37",13,-33.5
"37",13,-32.5
"37",13,-31.5
"37",13,-30.5
"37",13,-29.5
"37",13,-28.5
"37",12,-27.5
"37",11,-26.5
"37",10,-25.5
"37",9,-24.5
"37",8,-23.5
"37",7,-22.5
"37",6,-21.5
"37",5,-20.5
"37",4,-19.5
"37",3,-18.5
"37",2,-17.5
"37",1,-16.5
"37",1,-15.5
"37",0,-14.5
"37",-1,-13.5
"37",-2,-12.5
"37",-3,-11.5
"37",-4,-10.5
"37",-5,-9.5
"37",-6,-8.5
"37",-7,-7.5
"37",-8,-6.5
"37",-9,-5.5
"37",-10,-4.5
"37",-11,-3.5
"37",-12,-3.5
"37",-13,-2.5
"37",-14,-1.5
"37",-15,-0.5
"37",-16,0.5
"37",-16,1.5
"37",-16,2.5
"37",-16,3.5
"37",-16,4.5
"37",-16,5.5
"37",-16,6.5
"37",-16,7.5
"37",-17,7.5
"37",-18,8.5
"37",-18,9.5
"37",-18,10.5
"37",-18,11.5
"37",-18,12.5
"37",-18,13.5
"37",-18,14.5
"37",-18,15.5
"37",-18,16.5
"37",-18,17.5
"37",-18,18.5
"37",-18,19.5
"37",-18,20.5
"37",-18,21.5
"37",-18,22.5
"37",-18,23.5
"37",-18,24.5
"37",-18,25.5
"37",-18,26.5
"37",-18,27.5
"37",-18,28.5
"37",-18,29.5
"37",-18,30.5
"37",-18,31.5
"37",-18,32.5
"37",-18,33.5
"37",-18,34.5
"37",-18,35.5
"37",-18,36.5
"37",-18,37.5
"37",-18,38.5
"37",-18,39.5
"37",-18,40.5
"37",-18,41.5
"37",-18,42.5
"37",-18,43.5
"37",-17,44.5
"37",-16,44.5
"37",-15,44.5
"37",-14,44.5
"37",-13,44.5
"37",-13,45.5
"37",-13,46.5
"37",-13,47.5
"37",-13,48.5
"37",-13,49.5
"37",-12,50.5
"37",-13,51.5
"37",-13,52.5
"37",-12,53.5
"37",-13,54.5
"37",-12,55.5
"37",-11,56.5
"37",-10,57.5
"37",-9,57.5
"37",-8,58.5
"37",-7,59.5
"37",-6,59.5
"37",-5,59.5
"37",-4,59.5
"37",-3,59.5
"37",-2,58.5
"37",-1,58.5
"37",0,57.5
"37",-1,56.5
"37",0,55.5
"37",0,54.5
"38",0,-73.5
"38",-1,-72.5
"38",-1,-71.5
"38",-1,-70.5
"38",0,-69.5
"38",0,-68.5
"38",0,-67.5
"38",0,-66.5
"38",0,-65.5
"38",0,-64.5
"38",1,-63.5
"38",0,-62.5
"38",1,-61.5
"38",2,-60.5
"38",3,-59.5
"38",4,-59.5
"38",5,-59.5
"38",6,-58.5
"38",5,-57.5
"38",6,-56.5
"38",7,-55.5
"38",8,-54.5
"38",9,-53.5
"38",8,-52.5
"38",9,-51.5
"38",8,-50.5
"38",9,-49.5
"38",8,-48.5
"38",9,-47.5
"38",10,-47.5
"38",11,-47.5
"38",11,-46.5
"38",11,-45.5
"38",11,-44.5
"38",11,-43.5
"38",11,-42.5
"38",11,-41.5
"38",11,-40.5
"38",11,-39.5
"38",11,-38.5
"38",11,-37.5
"38",11,-36.5
"38",11,-35.5
"38",11,-34.5
"38",11,-33.5
"38",11,-32.5
"38",11,-31.5
"38",11,-30.5
"38",11,-29.5
"38",11,-28.5
"38",11,-27.5
"38",11,-26.5
"38",10,-25.5
"38",9,-24.5
"38",8,-23.5
"38",7,-22.5
"38",6,-21.5
"38",5,-20.5
"38",4,-19.5
"38",3,-18.5
"38",2,-17.5
"38",1,-16.5
"38",1,-15.5
"38",1,-14.5
"38",1,-13.5
"38",0,-12.5
"38",-1,-11.5
"38",-2,-10.5
"38",-3,-9.5
"38",-4,-8.5
"38",-5,-7.5
"38",-6,-6.5
"38",-7,-6.5
"38",-8,-5.5
"38",-9,-4.5
"38",-10,-4.5
"38",-11,-3.5
"38",-12,-3.5
"38",-13,-2.5
"38",-14,-1.5
"38",-15,-1.5
"38",-16,-0.5
"38",-16,0.5
"38",-16,1.5
"38",-16,2.5
"38",-16,3.5
"38",-16,4.5
"38",-16,5.5
"38",-16,6.5
"38",-16,7.5
"38",-16,8.5
"38",-16,9.5
"38",-16,10.5
"38",-17,10.5
"38",-18,11.5
"38",-18,12.5
"38",-18,13.5
"38",-18,14.5
"38",-18,15.5
"38",-18,16.5
"38",-18,17.5
"38",-18,18.5
"38",-18,19.5
"38",-18,20.5
"38",-18,21.5
"38",-18,22.5
"38",-18,23.5
"38",-18,24.5
"38",-18,25.5
"38",-18,26.5
"38",-18,27.5
"38",-18,28.5
"38",-18,29.5
"38",-18,30.5
"38",-18,31.5
"38",-18,32.5
"38",-18,33.5
"38",-18,34.5
"38",-18,35.5
"38",-18,36.5
"38",-18,37.5
"38",-18,38.5
"38",-18,39.5
"38",-18,40.5
"38",-18,41.5
"38",-18,42.5
"38",-18,43.5
"38",-17,44.5
"38",-16,44.5
"38",-15,44.5
"38",-14,44.5
"38",-13,44.5
"38",-13,45.5
"38",-13,46.5
"38",-13,47.5
"38",-13,48.5
"38",-12,49.5
"38",-12,50.5
"38",-13,51.5
"38",-13,52.5
"38",-12,53.5
"38",-13,54.5
"38",-12,55.5
"38",-11,56.5
"38",-10,57.5
"38",-9,57.5
"38",-8,58.5
"38",-7,59.5
"38",-6,59.5
"38",-5,59.5
"38",-4,59.5
"38",-3,59.5
"38",-2,58.5
"38",-1,58.5
"38",0,57.5
"38",-1,56.5
"38",0,55.5
"38",0,54.5
"39",0,-73.5
"39",-1,-72.5
"39",-1,-71.5
"39",-1,-70.5
"39",0,-69.5
"39",0,-68.5
"39",0,-67.5
"39",0,-66.5
"39",0,-65.5
"39",0,-64.5
"39",1,-63.5
"39",0,-62.5
"39",1,-61.5
"39",2,-60.5
"39",3,-59.5
"39",4,-59.5
"39",5,-59.5
"39",6,-58.5
"39",5,-57.5
"39",6,-56.5
"39",7,-55.5
"39",8,-54.5
"39",9,-53.5
"39",8,-52.5
"39",9,-51.5
"39",10,-51.5
"39",11,-51.5
"39",11,-50.5
"39",11,-49.5
"39",11,-48.5
"39",11,-47.5
"39",11,-46.5
"39",11,-45.5
"39",11,-44.5
"39",11,-43.5
"39",10,-42.5
"39",9,-41.5
"39",8,-41.5
"39",7,-41.5
"39",6,-40.5
"39",5,-39.5
"39",5,-38.5
"39",5,-37.5
"39",5,-36.5
"39",5,-35.5
"39",5,-34.5
"39",5,-33.5
"39",5,-32.5
"39",5,-31.5
"39",5,-30.5
"39",5,-29.5
"39",5,-28.5
"39",5,-27.5
"39",5,-26.5
"39",5,-25.5
"39",5,-24.5
"39",5,-23.5
"39",5,-22.5
"39",5,-21.5
"39",4,-20.5
"39",3,-19.5
"39",3,-18.5
"39",3,-17.5
"39",3,-16.5
"39",3,-15.5
"39",3,-14.5
"39",3,-13.5
"39",3,-12.5
"39",3,-11.5
"39",3,-10.5
"39",2,-9.5
"39",1,-9.5
"39",0,-8.5
"39",-1,-7.5
"39",-1,-6.5
"39",-2,-5.5
"39",-3,-4.5
"39",-3,-3.5
"39",-3,-2.5
"39",-3,-1.5
"39",-4,-1.5
"39",-5,-1.5
"39",-6,-0.5
"39",-7,-0.5
"39",-8,0.5
"39",-9,1.5
"39",-10,1.5
"39",-11,2.5
"39",-11,3.5
"39",-11,4.5
"39",-11,5.5
"39",-12,5.5
"39",-13,6.5
"39",-14,6.5
"39",-14,7.5
"39",-15,7.5
"39",-16,7.5
"39",-16,8.5
"39",-16,9.5
"39",-16,10.5
"39",-17,10.5
"39",-18,11.5
"39",-18,12.5
"39",-18,13.5
"39",-18,14.5
"39",-18,15.5
"39",-18,16.5
"39",-18,17.5
"39",-18,18.5
"39",-18,19.5
"39",-18,20.5
"39",-18,21.5
"39",-18,22.5
"39",-18,23.5
"39",-18,24.5
"39",-18,25.5
"39",-18,26.5
"39",-18,27.5
"39",-18,28.5
"39",-18,29.5
"39",-18,30.5
"39",-18,31.5
"39",-18,32.5
"39",-18,33.5
"39",-18,34.5
"39",-18,35.5
"39",-18,36.5
"39",-18,37.5
"39",-18,38.5
"39",-18,39.5
"39",-18,40.5
"39",-18,41.5
"39",-18,42.5
"39",-18,43.5
"39",-17,44.5
"39",-16,44.5
"39",-15,44.5
"39",-14,44.5
"39",-13,44.5
"39",-13,45.5
"39",-13,46.5
"39",-13,47.5
"39",-13,48.5
"39",-12,49.5
"39",-12,50.5
"39",-13,51.5
"39",-13,52.5
"39",-12,53.5
"39",-13,54.5
"39",-12,55.5
"39",-11,56.5
"39",-10,57.5
"39",-9,57.5
"39",-8,58.5
"39",-7,59.5
"39",-6,59.5
"39",-5,59.5
"39",-4,59.5
"39",-3,59.5
"39",-2,58.5
"39",-1,58.5
"39",0,58.5
"39",1,58.5
"39",0,57.5
"39",-1,56.5
"39",0,55.5
"39",0,54.5
"40",0,-73.5
"40",-1,-72.5
"40",-1,-71.5
"40",-1,-70.5
"40",0,-69.5
"40",1,-68.5
"40",0,-67.5
"40",0,-66.5
"40",0,-65.5
"40",0,-64.5
"40",1,-63.5
"40",0,-63.5
"40",1,-62.5
"40",2,-61.5
"40",3,-60.5
"40",4,-60.5
"40",5,-59.5
"40",6,-58.5
"40",5,-57.5
"40",6,-56.5
"40",7,-55.5
"40",8,-54.5
"40",9,-53.5
"40",8,-52.5
"40",9,-51.5
"40",8,-50.5
"40",9,-49.5
"40",8,-48.5
"40",9,-47.5
"40",10,-47.5
"40",11,-46.5
"40",11,-45.5
"40",11,-44.5
"40",11,-43.5
"40",11,-42.5
"40",11,-41.5
"40",11,-40.5
"40",11,-39.5
"40",11,-38.5
"40",11,-37.5
"40",11,-36.5
"40",12,-35.5
"40",13,-34.5
"40",13,-33.5
"40",13,-32.5
"40",13,-31.5
"40",13,-30.5
"40",13,-29.5
"40",13,-28.5
"40",12,-27.5
"40",11,-26.5
"40",10,-25.5
"40",9,-24.5
"40",8,-23.5
"40",7,-22.5
"40",6,-21.5
"40",5,-20.5
"40",4,-19.5
"40",3,-18.5
"40",2,-17.5
"40",1,-16.5
"40",0,-15.5
"40",-1,-14.5
"40",-2,-13.5
"40",-3,-12.5
"40",-4,-11.5
"40",-5,-10.5
"40",-6,-9.5
"40",-7,-8.5
"40",-8,-7.5
"40",-9,-6.5
"40",-10,-5.5
"40",-11,-4.5
"40",-12,-3.5
"40",-13,-2.5
"40",-14,-1.5
"40",-15,-0.5
"40",-16,0.5
"40",-16,1.5
"40",-16,2.5
"40",-16,3.5
"40",-16,4.5
"40",-16,5.5
"40",-16,6.5
"40",-16,7.5
"40",-17,7.5
"40",-18,8.5
"40",-18,9.5
"40",-18,10.5
"40",-18,11.5
"40",-18,12.5
"40",-18,13.5
"40",-18,14.5
"40",-18,15.5
"40",-18,16.5
"40",-18,17.5
"40",-18,18.5
"40",-18,19.5
"40",-18,20.5
"40",-18,21.5
"40",-18,22.5
"40",-18,23.5
"40",-18,24.5
"40",-18,25.5
"40",-18,26.5
"40",-18,27.5
"40",-18,28.5
"40",-18,29.5
"40",-18,30.5
"40",-18,31.5
"40",-18,32.5
"40",-18,33.5
"40",-18,34.5
"40",-18,35.5
"40",-18,36.5
"40",-18,37.5
"40",-18,38.5
"40",-18,39.5
"40",-18,40.5
"40",-18,41.5
"40",-18,42.5
"40",-18,43.5
"40",-18,44.5
"40",-18,45.5
"40",-18,46.5
"40",-17,47.5
"40",-16,47.5
"40",-15,47.5
"40",-14,48.5
"40",-13,49.5
"40",-12,50.5
"40",-13,51.5
"40",-13,52.5
"40",-12,53.5
"40",-11,54.5
"40",-10,55.5
"40",-9,56.5
"40",-8,57.5
"40",-7,58.5
"40",-6,59.5
"40",-5,59.5
"40",-4,59.5
"40",-3,59.5
"40",-2,58.5
"40",-1,58.5
"40",0,57.5
"40",-1,56.5
"40",0,55.5
"40",0,54.5
"41",0,-73.5
"41",-1,-72.5
"41",-1,-71.5
"41",-1,-70.5
"41",0,-69.5
"41",0,-68.5
"41",0,-67.5
"41",0,-66.5
"41",0,-65.5
"41",0,-64.5
"41",0,-63.5
"41",1,-62.5
"41",2,-61.5
"41",3,-60.5
"41",4,-60.5
"41",5,-59.5
"41",6,-58.5
"41",5,-57.5
"41",6,-56.5
"41",7,-55.5
"41",8,-54.5
"41",9,-53.5
"41",8,-52.5
"41",9,-51.5
"41",8,-50.5
"41",9,-49.5
"41",8,-48.5
"41",9,-47.5
"41",10,-47.5
"41",11,-46.5
"41",11,-45.5
"41",11,-44.5
"41",11,-43.5
"41",11,-42.5
"41",11,-41.5
"41",11,-40.5
"41",11,-39.5
"41",11,-38.5
"41",11,-37.5
"41",11,-36.5
"41",11,-35.5
"41",11,-34.5
"41",11,-33.5
"41",11,-32.5
"41",11,-31.5
"41",11,-30.5
"41",11,-29.5
"41",11,-28.5
"41",11,-27.5
"41",11,-26.5
"41",10,-25.5
"41",9,-24.5
"41",8,-23.5
"41",7,-22.5
"41",6,-21.5
"41",5,-20.5
"41",4,-19.5
"41",3,-18.5
"41",2,-17.5
"41",1,-16.5
"41",0,-15.5
"41",-1,-14.5
"41",-2,-13.5
"41",-3,-12.5
"41",-4,-11.5
"41",-5,-10.5
"41",-6,-9.5
"41",-7,-9.5
"41",-8,-8.5
"41",-9,-7.5
"41",-9,-6.5
"41",-10,-5.5
"41",-11,-4.5
"41",-12,-3.5
"41",-13,-2.5
"41",-14,-1.5
"41",-15,-0.5
"41",-16,0.5
"41",-16,1.5
"41",-16,2.5
"41",-16,3.5
"41",-16,4.5
"41",-16,5.5
"41",-16,6.5
"41",-16,7.5
"41",-17,7.5
"41",-18,8.5
"41",-18,9.5
"41",-18,10.5
"41",-18,11.5
"41",-18,12.5
"41",-18,13.5
"41",-18,14.5
"41",-18,15.5
"41",-18,16.5
"41",-18,17.5
"41",-18,18.5
"41",-18,19.5
"41",-18,20.5
"41",-18,21.5
"41",-18,22.5
"41",-18,23.5
"41",-18,24.5
"41",-18,25.5
"41",-18,26.5
"41",-18,27.5
"41",-18,28.5
"41",-18,29.5
"41",-18,30.5
"41",-18,31.5
"41",-18,32.5
"41",-18,33.5
"41",-18,34.5
"41",-18,35.5
"41",-18,36.5
"41",-18,37.5
"41",-18,38.5
"41",-18,39.5
"41",-18,40.5
"41",-18,41.5
"41",-18,42.5
"41",-18,43.5
"41",-17,44.5
"41",-16,44.5
"41",-15,44.5
"41",-14,44.5
"41",-13,44.5
"41",-13,45.5
"41",-13,46.5
"41",-13,47.5
"41",-13,48.5
"41",-13,49.5
"41",-12,50.5
"41",-13,51.5
"41",-13,52.5
"41",-12,53.5
"41",-13,54.5
"41",-12,55.5
"41",-11,56.5
"41",-10,57.5
"41",-9,57.5
"41",-8,58.5
"41",-7,59.5
"41",-6,59.5
"41",-5,59.5
"41",-4,59.5
"41",-3,59.5
"41",-2,58.5
"41",-1,58.5
"41",0,57.5
"41",-1,56.5
"41",0,55.5
"41",0,54.5
"42",0,-73.5
"42",-1,-72.5
"42",-1,-71.5
"42",-1,-70.5
"42",0,-69.5
"42",0,-68.5
"42",0,-67.5
"42",0,-66.5
"42",0,-65.5
"42",0,-64.5
"42",1,-63.5
"42",0,-62.5
"42",1,-61.5
"42",0,-60.5
"42",0,-59.5
"42",0,-58.5
"42",0,-57.5
"42",0,-56.5
"42",0,-55.5
"42",1,-54.5
"42",0,-53.5
"42",1,-52.5
"42",0,-51.5
"42",0,-50.5
"42",1,-49.5
"42",0,-48.5
"42",1,-47.5
"42",1,-46.5
"42",1,-45.5
"42",1,-44.5
"42",2,-43.5
"42",3,-42.5
"42",4,-42.5
"42",5,-41.5
"42",4,-40.5
"42",5,-39.5
"42",5,-38.5
"42",5,-37.5
"42",5,-36.5
"42",5,-35.5
"42",5,-34.5
"42",5,-33.5
"42",5,-32.5
"42",5,-31.5
"42",5,-30.5
"42",5,-29.5
"42",5,-28.5
"42",5,-27.5
"42",5,-26.5
"42",5,-25.5
"42",5,-24.5
"42",5,-23.5
"42",5,-22.5
"42",5,-21.5
"42",4,-20.5
"42",3,-19.5
"42",3,-18.5
"42",2,-17.5
"42",1,-16.5
"42",1,-15.5
"42",1,-14.5
"42",1,-13.5
"42",0,-12.5
"42",-1,-11.5
"42",-2,-10.5
"42",-3,-9.5
"42",-4,-8.5
"42",-5,-7.5
"42",-6,-6.5
"42",-7,-6.5
"42",-8,-5.5
"42",-9,-4.5
"42",-10,-4.5
"42",-11,-3.5
"42",-12,-3.5
"42",-13,-2.5
"42",-14,-1.5
"42",-15,-1.5
"42",-16,-0.5
"42",-16,0.5
"42",-16,1.5
"42",-16,2.5
"42",-16,3.5
"42",-16,4.5
"42",-16,5.5
"42",-16,6.5
"42",-16,7.5
"42",-16,8.5
"42",-16,9.5
"42",-16,10.5
"42",-17,10.5
"42",-18,11.5
"42",-18,12.5
"42",-18,13.5
"42",-18,14.5
"42",-18,15.5
"42",-18,16.5
"42",-18,17.5
"42",-18,18.5
"42",-18,19.5
"42",-18,20.5
"42",-18,21.5
"42",-18,22.5
"42",-18,23.5
"42",-18,24.5
"42",-18,25.5
"42",-18,26.5
"42",-18,27.5
"42",-18,28.5
"42",-18,29.5
"42",-18,30.5
"42",-18,31.5
"42",-18,32.5
"42",-18,33.5
"42",-18,34.5
"42",-18,35.5
"42",-18,36.5
"42",-18,37.5
"42",-18,38.5
"42",-18,39.5
"42",-18,40.5
"42",-18,41.5
"42",-18,42.5
"42",-18,43.5
"42",-17,44.5
"42",-16,44.5
"42",-15,44.5
"42",-14,44.5
"42",-13,44.5
"42",-13,45.5
"42",-13,46.5
"42",-13,47.5
"42",-13,48.5
"42",-12,49.5
"42",-12,50.5
"42",-12,51.5
"42",-12,52.5
"42",-12,53.5
"42",-13,54.5
"42",-12,55.5
"42",-11,56.5
"42",-10,57.5
"42",-9,57.5
"42",-8,58.5
"42",-7,59.5
"42",-6,59.5
"42",-5,59.5
"42",-4,59.5
"42",-3,59.5
"42",-2,58.5
"42",-1,58.5
"42",0,57.5
"42",-1,56.5
"42",0,55.5
"42",0,54.5
"43",0,-73.5
"43",1,-73.5
"43",1,-72.5
"43",1,-71.5
"43",1,-70.5
"43",1,-69.5
"43",1,-68.5
"43",1,-67.5
"43",1,-66.5
"43",1,-65.5
"43",0,-64.5
"43",1,-63.5
"43",0,-62.5
"43",1,-61.5
"43",0,-60.5
"43",0,-59.5
"43",-1,-59.5
"43",-2,-59.5
"43",-2,-58.5
"43",-2,-57.5
"43",-2,-56.5
"43",-2,-55.5
"43",-2,-54.5
"43",-2,-53.5
"43",-2,-52.5
"43",-2,-51.5
"43",-2,-50.5
"43",-1,-49.5
"43",0,-48.5
"43",1,-47.5
"43",1,-46.5
"43",1,-45.5
"43",1,-44.5
"43",2,-43.5
"43",3,-42.5
"43",4,-42.5
"43",5,-41.5
"43",4,-40.5
"43",5,-39.5
"43",5,-38.5
"43",5,-37.5
"43",5,-36.5
"43",5,-35.5
"43",5,-34.5
"43",5,-33.5
"43",5,-32.5
"43",5,-31.5
"43",5,-30.5
"43",5,-29.5
"43",5,-28.5
"43",5,-27.5
"43",5,-26.5
"43",5,-25.5
"43",5,-24.5
"43",5,-23.5
"43",5,-22.5
"43",5,-21.5
"43",4,-20.5
"43",3,-19.5
"43",3,-18.5
"43",3,-17.5
"43",3,-16.5
"43",3,-15.5
"43",3,-14.5
"43",3,-13.5
"43",3,-12.5
"43",3,-11.5
"43",3,-10.5
"43",2,-9.5
"43",1,-9.5
"43",0,-8.5
"43",-1,-7.5
"43",-1,-6.5
"43",-2,-5.5
"43",-3,-4.5
"43",-3,-3.5
"43",-3,-2.5
"43",-3,-1.5
"43",-4,-1.5
"43",-5,-1.5
"43",-6,-0.5
"43",-7,-0.5
"43",-8,0.5
"43",-9,1.5
"43",-10,1.5
"43",-11,2.5
"43",-11,3.5
"43",-11,4.5
"43",-11,5.5
"43",-12,5.5
"43",-13,6.5
"43",-14,6.5
"43",-14,7.5
"43",-15,7.5
"43",-16,7.5
"43",-16,8.5
"43",-16,9.5
"43",-16,10.5
"43",-17,10.5
"43",-18,11.5
"43",-18,12.5
"43",-18,13.5
"43",-18,14.5
"43",-18,15.5
"43",-18,16.5
"43",-18,17.5
"43",-18,18.5
"43",-18,19.5
"43",-18,20.5
"43",-18,21.5
"43",-18,22.5
"43",-18,23.5
"43",-18,24.5
"43",-18,25.5
"43",-18,26.5
"43",-18,27.5
"43",-18,28.5
"43",-18,29.5
"43",-18,30.5
"43",-18,31.5
"43",-18,32.5
"43",-18,33.5
"43",-18,34.5
"43",-18,35.5
"43",-18,36.5
"43",-18,37.5
"43",-18,38.5
"43",-18,39.5
"43",-18,40.5
"43",-18,41.5
"43",-18,42.5
"43",-18,43.5
"43",-17,44.5
"43",-16,44.5
"43",-15,44.5
"43",-14,44.5
"43",-13,44.5
"43",-13,45.5
"43",-13,46.5
"43",-13,47.5
"43",-13,48.5
"43",-12,49.5
"43",-12,50.5
"43",-12,51.5
"43",-12,52.5
"43",-12,53.5
"43",-13,54.5
"43",-13,55.5
"43",-12,56.5
"43",-11,57.5
"43",-10,58.5
"43",-9,58.5
"43",-8,58.5
"43",-7,59.5
"43",-6,59.5
"43",-5,59.5
"43",-4,59.5
"43",-3,59.5
"43",-2,58.5
"43",-1,58.5
"43",0,57.5
"43",-1,56.5
"43",0,55.5
"43",0,54.5
"44",0,-73.5
"44",-1,-72.5
"44",-2,-71.5
"44",-3,-70.5
"44",-4,-69.5
"44",-3,-68.5
"44",-4,-67.5
"44",-4,-66.5
"44",-3,-65.5
"44",-2,-64.5
"44",-1,-63.5
"44",0,-62.5
"44",1,-61.5
"44",2,-60.5
"44",3,-59.5
"44",4,-58.5
"44",5,-57.5
"44",6,-56.5
"44",7,-55.5
"44",8,-54.5
"44",9,-53.5
"44",8,-52.5
"44",9,-51.5
"44",8,-50.5
"44",9,-49.5
"44",8,-48.5
"44",9,-47.5
"44",10,-46.5
"44",11,-45.5
"44",11,-44.5
"44",11,-43.5
"44",11,-42.5
"44",11,-41.5
"44",11,-40.5
"44",11,-39.5
"44",11,-38.5
"44",11,-37.5
"44",11,-36.5
"44",12,-35.5
"44",13,-34.5
"44",13,-33.5
"44",13,-32.5
"44",13,-31.5
"44",13,-30.5
"44",13,-29.5
"44",13,-28.5
"44",12,-27.5
"44",11,-26.5
"44",10,-25.5
"44",9,-24.5
"44",8,-23.5
"44",7,-22.5
"44",6,-21.5
"44",5,-20.5
"44",4,-19.5
"44",3,-18.5
"44",2,-17.5
"44",1,-16.5
"44",0,-15.5
"44",-1,-14.5
"44",-2,-13.5
"44",-3,-12.5
"44",-4,-11.5
"44",-5,-10.5
"44",-6,-9.5
"44",-7,-8.5
"44",-8,-7.5
"44",-9,-6.5
"44",-10,-5.5
"44",-11,-4.5
"44",-12,-3.5
"44",-13,-2.5
"44",-14,-1.5
"44",-15,-0.5
"44",-16,0.5
"44",-17,1.5
"44",-18,2.5
"44",-18,3.5
"44",-18,4.5
"44",-18,5.5
"44",-18,6.5
"44",-18,7.5
"44",-18,8.5
"44",-18,9.5
"44",-18,10.5
"44",-18,11.5
"44",-18,12.5
"44",-18,13.5
"44",-18,14.5
"44",-18,15.5
"44",-18,16.5
"44",-18,17.5
"44",-18,18.5
"44",-18,19.5
"44",-18,20.5
"44",-18,21.5
"44",-18,22.5
"44",-18,23.5
"44",-18,24.5
"44",-18,25.5
"44",-18,26.5
"44",-18,27.5
"44",-18,28.5
"44",-18,29.5
"44",-18,30.5
"44",-18,31.5
"44",-18,32.5
"44",-18,33.5
"44",-18,34.5
"44",-18,35.5
"44",-18,36.5
"44",-18,37.5
"44",-18,38.5
"44",-18,39.5
"44",-18,40.5
"44",-18,41.5
"44",-18,42.5
"44",-18,43.5
"44",-18,44.5
"44",-18,45.5
"44",-18,46.5
"44",-18,47.5
"44",-17,48.5
"44",-16,49.5
"44",-15,50.5
"44",-14,51.5
"44",-13,52.5
"44",-12,53.5
"44",-11,54.5
"44",-10,55.5
"44",-9,56.5
"44",-8,57.5
"44",-7,58.5
"44",-6,59.5
"44",-5,59.5
"44",-4,59.5
"44",-3,59.5
"44",-2,58.5
"44",-1,57.5
"44",-1,56.5
"44",0,55.5
"44",0,54.5
"45",0,-73.5
"45",-1,-72.5
"45",-1,-71.5
"45",-1,-70.5
"45",0,-69.5
"45",1,-68.5
"45",0,-67.5
"45",0,-66.5
"45",0,-65.5
"45",0,-64.5
"45",0,-63.5
"45",1,-62.5
"45",2,-61.5
"45",3,-60.5
"45",4,-60.5
"45",5,-59.5
"45",6,-58.5
"45",5,-57.5
"45",6,-56.5
"45",7,-55.5
"45",8,-54.5
"45",9,-53.5
"45",8,-52.5
"45",9,-51.5
"45",8,-50.5
"45",9,-49.5
"45",8,-48.5
"45",9,-47.5
"45",10,-47.5
"45",11,-46.5
"45",11,-45.5
"45",11,-44.5
"45",11,-43.5
"45",11,-42.5
"45",11,-41.5
"45",11,-40.5
"45",11,-39.5
"45",11,-38.5
"45",11,-37.5
"45",11,-36.5
"45",11,-35.5
"45",11,-34.5
"45",11,-33.5
"45",11,-32.5
"45",11,-31.5
"45",11,-30.5
"45",11,-29.5
"45",11,-28.5
"45",11,-27.5
"45",10,-26.5
"45",9,-25.5
"45",8,-24.5
"45",7,-23.5
"45",6,-22.5
"45",5,-21.5
"45",4,-20.5
"45",3,-19.5
"45",2,-18.5
"45",1,-17.5
"45",0,-16.5
"45",-1,-15.5
"45",-2,-14.5
"45",-3,-13.5
"45",-4,-12.5
"45",-5,-11.5
"45",-6,-10.5
"45",-7,-9.5
"45",-8,-8.5
"45",-9,-7.5
"45",-9,-6.5
"45",-10,-5.5
"45",-11,-4.5
"45",-12,-3.5
"45",-13,-2.5
"45",-14,-1.5
"45",-15,-0.5
"45",-16,0.5
"45",-16,1.5
"45",-16,2.5
"45",-16,3.5
"45",-16,4.5
"45",-16,5.5
"45",-16,6.5
"45",-16,7.5
"45",-17,7.5
"45",-18,8.5
"45",-18,9.5
"45",-18,10.5
"45",-18,11.5
"45",-18,12.5
"45",-18,13.5
"45",-18,14.5
"45",-18,15.5
"45",-18,16.5
"45",-18,17.5
"45",-18,18.5
"45",-18,19.5
"45",-18,20.5
"45",-18,21.5
"45",-18,22.5
"45",-18,23.5
"45",-18,24.5
"45",-18,25.5
"45",-18,26.5
"45",-18,27.5
"45",-18,28.5
"45",-18,29.5
"45",-18,30.5
"45",-18,31.5
"45",-18,32.5
"45",-18,33.5
"45",-18,34.5
"45",-18,35.5
"45",-18,36.5
"45",-18,37.5
"45",-18,38.5
"45",-18,39.5
"45",-18,40.5
"45",-18,41.5
"45",-18,42.5
"45",-18,43.5
"45",-18,44.5
"45",-18,45.5
"45",-18,46.5
"45",-18,47.5
"45",-17,48.5
"45",-16,49.5
"45",-15,50.5
"45",-14,51.5
"45",-13,52.5
"45",-12,53.5
"45",-11,54.5
"45",-10,55.5
"45",-9,56.5
"45",-8,57.5
"45",-7,58.5
"45",-6,59.5
"45",-5,59.5
"45",-4,59.5
"45",-3,59.5
"45",-2,58.5
"45",-1,57.5
"45",-1,56.5
"45",0,55.5
"45",0,54.5
"46",0,-73.5
"46",-1,-72.5
"46",-1,-71.5
"46",-1,-70.5
"46",0,-69.5
"46",0,-68.5
"46",0,-67.5
"46",0,-66.5
"46",0,-65.5
"46",0,-64.5
"46",0,-63.5
"46",1,-62.5
"46",2,-61.5
"46",3,-60.5
"46",4,-60.5
"46",5,-59.5
"46",6,-58.5
"46",5,-57.5
"46",6,-56.5
"46",7,-55.5
"46",8,-54.5
"46",9,-53.5
"46",8,-52.5
"46",9,-51.5
"46",10,-51.5
"46",11,-50.5
"46",11,-49.5
"46",11,-48.5
"46",11,-47.5
"46",11,-46.5
"46",11,-45.5
"46",11,-44.5
"46",11,-43.5
"46",11,-42.5
"46",11,-41.5
"46",11,-40.5
"46",11,-39.5
"46",11,-38.5
"46",11,-37.5
"46",11,-36.5
"46",11,-35.5
"46",11,-34.5
"46",11,-33.5
"46",11,-32.5
"46",11,-31.5
"46",11,-30.5
"46",11,-29.5
"46",11,-28.5
"46",11,-27.5
"46",11,-26.5
"46",10,-25.5
"46",9,-24.5
"46",8,-23.5
"46",7,-22.5
"46",6,-21.5
"46",5,-20.5
"46",4,-19.5
"46",3,-18.5
"46",2,-17.5
"46",1,-16.5
"46",0,-15.5
"46",-1,-14.5
"46",-2,-13.5
"46",-3,-12.5
"46",-4,-11.5
"46",-5,-11.5
"46",-6,-10.5
"46",-7,-9.5
"46",-8,-8.5
"46",-9,-7.5
"46",-9,-6.5
"46",-10,-5.5
"46",-11,-4.5
"46",-12,-3.5
"46",-13,-2.5
"46",-14,-1.5
"46",-15,-0.5
"46",-16,0.5
"46",-16,1.5
"46",-16,2.5
"46",-16,3.5
"46",-16,4.5
"46",-16,5.5
"46",-16,6.5
"46",-16,7.5
"46",-16,8.5
"46",-16,9.5
"46",-16,10.5
"46",-17,10.5
"46",-18,11.5
"46",-18,12.5
"46",-18,13.5
"46",-18,14.5
"46",-18,15.5
"46",-18,16.5
"46",-18,17.5
"46",-18,18.5
"46",-18,19.5
"46",-18,20.5
"46",-18,21.5
"46",-18,22.5
"46",-18,23.5
"46",-18,24.5
"46",-18,25.5
"46",-18,26.5
"46",-18,27.5
"46",-18,28.5
"46",-18,29.5
"46",-18,30.5
"46",-18,31.5
"46",-18,32.5
"46",-18,33.5
"46",-18,34.5
"46",-18,35.5
"46",-18,36.5
"46",-18,37.5
"46",-18,38.5
"46",-18,39.5
"46",-18,40.5
"46",-18,41.5
"46",-18,42.5
"46",-18,43.5
"46",-17,44.5
"46",-16,44.5
"46",-15,44.5
"46",-14,44.5
"46",-13,45.5
"46",-13,46.5
"46",-13,47.5
"46",-13,48.5
"46",-12,49.5
"46",-12,50.5
"46",-13,51.5
"46",-13,52.5
"46",-13,53.5
"46",-13,54.5
"46",-12,55.5
"46",-11,56.5
"46",-10,57.5
"46",-9,57.5
"46",-8,58.5
"46",-7,59.5
"46",-6,59.5
"46",-5,59.5
"46",-4,59.5
"46",-3,59.5
"46",-2,58.5
"46",-1,58.5
"46",0,57.5
"46",-1,56.5
"46",0,55.5
"46",0,54.5
"47",0,-73.5
"47",-1,-72.5
"47",-1,-71.5
"47",-1,-70.5
"47",0,-69.5
"47",0,-68.5
"47",0,-67.5
"47",0,-66.5
"47",0,-65.5
"47",0,-64.5
"47",1,-63.5
"47",0,-62.5
"47",1,-61.5
"47",0,-60.5
"47",0,-59.5
"47",0,-58.5
"47",0,-57.5
"47",0,-56.5
"47",0,-55.5
"47",1,-54.5
"47",0,-53.5
"47",0,-52.5
"47",0,-51.5
"47",0,-50.5
"47",1,-49.5
"47",0,-48.5
"47",1,-47.5
"47",1,-46.5
"47",1,-45.5
"47",1,-44.5
"47",2,-43.5
"47",3,-42.5
"47",4,-42.5
"47",5,-41.5
"47",4,-40.5
"47",5,-39.5
"47",5,-38.5
"47",5,-37.5
"47",5,-36.5
"47",5,-35.5
"47",5,-34.5
"47",5,-33.5
"47",5,-32.5
"47",5,-31.5
"47",5,-30.5
"47",5,-29.5
"47",5,-28.5
"47",5,-27.5
"47",5,-26.5
"47",5,-25.5
"47",5,-24.5
"47",5,-23.5
"47",5,-22.5
"47",5,-21.5
"47",4,-20.5
"47",3,-19.5
"47",3,-18.5
"47",3,-17.5
"47",3,-16.5
"47",3,-15.5
"47",3,-14.5
"47",3,-13.5
"47",3,-12.5
"47",3,-11.5
"47",3,-10.5
"47",2,-9.5
"47",1,-9.5
"47",0,-8.5
"47",-1,-7.5
"47",-1,-6.5
"47",-2,-5.5
"47",-3,-4.5
"47",-3,-3.5
"47",-3,-2.5
"47",-4,-2.5
"47",-5,-1.5
"47",-6,-0.5
"47",-7,-0.5
"47",-8,0.5
"47",-9,1.5
"47",-10,1.5
"47",-11,2.5
"47",-11,3.5
"47",-11,4.5
"47",-11,5.5
"47",-12,5.5
"47",-13,6.5
"47",-14,6.5
"47",-14,7.5
"47",-15,7.5
"47",-16,7.5
"47",-16,8.5
"47",-16,9.5
"47",-16,10.5
"47",-17,10.5
"47",-18,11.5
"47",-18,12.5
"47",-18,13.5
"47",-18,14.5
"47",-18,15.5
"47",-18,16.5
"47",-18,17.5
"47",-18,18.5
"47",-18,19.5
"47",-18,20.5
"47",-18,21.5
"47",-18,22.5
"47",-18,23.5
"47",-18,24.5
"47",-18,25.5
"47",-18,26.5
"47",-18,27.5
"47",-18,28.5
"47",-18,29.5
"47",-18,30.5
"47",-18,31.5
"47",-18,32.5
"47",-18,33.5
"47",-18,34.5
"47",-18,35.5
"47",-18,36.5
"47",-18,37.5
"47",-18,38.5
"47",-18,39.5
"47",-18,40.5
"47",-18,41.5
"47",-18,42.5
"47",-18,43.5
"47",-17,44.5
"47",-16,44.5
"47",-15,44.5
"47",-14,44.5
"47",-13,44.5
"47",-13,45.5
"47",-13,46.5
"47",-13,47.5
"47",-13,48.5
"47",-12,49.5
"47",-12,50.5
"47",-12,51.5
"47",-12,52.5
"47",-12,53.5
"47",-12,54.5
"47",-12,55.5
"47",-11,56.5
"47",-10,57.5
"47",-9,57.5
"47",-8,58.5
"47",-7,59.5
"47",-6,59.5
"47",-5,59.5
"47",-4,59.5
"47",-3,59.5
"47",-2,58.5
"47",-1,58.5
"47",0,57.5
"47",-1,56.5
"47",0,55.5
"47",0,54.5
"48",0,-73.5
"48",1,-73.5
"48",1,-72.5
"48",1,-71.5
"48",1,-70.5
"48",1,-69.5
"48",1,-68.5
"48",1,-67.5
"48",1,-66.5
"48",1,-65.5
"48",0,-64.5
"48",1,-63.5
"48",0,-62.5
"48",1,-61.5
"48",0,-60.5
"48",0,-59.5
"48",-1,-59.5
"48",-2,-59.5
"48",-2,-58.5
"48",-2,-57.5
"48",-2,-56.5
"48",-2,-55.5
"48",-2,-54.5
"48",-2,-53.5
"48",-2,-52.5
"48",-2,-51.5
"48",-2,-50.5
"48",-1,-49.5
"48",0,-48.5
"48",1,-47.5
"48",1,-46.5
"48",1,-45.5
"48",1,-44.5
"48",2,-43.5
"48",3,-42.5
"48",4,-42.5
"48",5,-41.5
"48",4,-40.5
"48",5,-39.5
"48",5,-38.5
"48",5,-37.5
"48",5,-36.5
"48",5,-35.5
"48",5,-34.5
"48",5,-33.5
"48",5,-32.5
"48",5,-31.5
"48",5,-30.5
"48",5,-29.5
"48",5,-28.5
"48",5,-27.5
"48",5,-26.5
"48",5,-25.5
"48",5,-24.5
"48",5,-23.5
"48",5,-22.5
"48",5,-21.5
"48",4,-20.5
"48",3,-19.5
"48",3,-18.5
"48",3,-17.5
"48",3,-16.5
"48",3,-15.5
"48",3,-14.5
"48",3,-13.5
"48",3,-12.5
"48",3,-11.5
"48",3,-10.5
"48",2,-9.5
"48",1,-9.5
"48",0,-8.5
"48",-1,-7.5
"48",-1,-6.5
"48",-2,-5.5
"48",-3,-4.5
"48",-3,-3.5
"48",-3,-2.5
"48",-3,-1.5
"48",-4,-1.5
"48",-5,-1.5
"48",-6,-0.5
"48",-7,-0.5
"48",-8,0.5
"48",-9,1.5
"48",-10,1.5
"48",-11,2.5
"48",-11,3.5
"48",-11,4.5
"48",-11,5.5
"48",-12,5.5
"48",-13,6.5
"48",-14,6.5
"48",-14,7.5
"48",-15,7.5
"48",-16,7.5
"48",-16,8.5
"48",-16,9.5
"48",-16,10.5
"48",-17,10.5
"48",-18,11.5
"48",-18,12.5
"48",-18,13.5
"48",-18,14.5
"48",-18,15.5
"48",-18,16.5
"48",-18,17.5
"48",-18,18.5
"48",-18,19.5
"48",-18,20.5
"48",-18,21.5
"48",-18,22.5
"48",-18,23.5
"48",-18,24.5
"48",-18,25.5
"48",-18,26.5
"48",-18,27.5
"48",-18,28.5
"48",-18,29.5
"48",-18,30.5
"48",-18,31.5
"48",-18,32.5
"48",-18,33.5
"48",-18,34.5
"48",-18,35.5
"48",-18,36.5
"48",-18,37.5
"48",-18,38.5
"48",-18,39.5
"48",-18,40.5
"48",-18,41.5
"48",-18,42.5
"48",-18,43.5
"48",-17,44.5
"48",-16,44.5
"48",-15,44.5
"48",-14,44.5
"48",-13,44.5
"48",-13,45.5
"48",-13,46.5
"48",-13,47.5
"48",-13,48.5
"48",-12,49.5
"48",-12,50.5
"48",-12,51.5
"48",-12,52.5
"48",-12,53.5
"48",-12,54.5
"48",-12,55.5
"48",-12,56.5
"48",-11,57.5
"48",-10,58.5
"48",-9,58.5
"48",-8,58.5
"48",-7,59.5
"48",-6,59.5
"48",-5,59.5
"48",-4,59.5
"48",-3,59.5
"48",-2,58.5
"48",-1,58.5
"48",0,57.5
"48",-1,56.5
"48",0,55.5
"48",0,54.5
"49",0,-73.5
"49",-1,-72.5
"49",-2,-71.5
"49",-3,-70.5
"49",-4,-69.5
"49",-5,-68.5
"49",-6,-67.5
"49",-6,-66.5
"49",-6,-65.5
"49",-5,-64.5
"49",-4,-63.5
"49",-3,-62.5
"49",-2,-61.5
"49",-1,-60.5
"49",0,-59.5
"49",1,-58.5
"49",2,-57.5
"49",3,-56.5
"49",4,-55.5
"49",5,-54.5
"49",4,-53.5
"49",3,-52.5
"49",4,-51.5
"49",5,-50.5
"49",6,-49.5
"49",7,-48.5
"49",8,-47.5
"49",7,-46.5
"49",6,-45.5
"49",7,-44.5
"49",6,-43.5
"49",6,-42.5
"49",6,-41.5
"49",6,-40.5
"49",6,-39.5
"49",6,-38.5
"49",7,-37.5
"49",8,-36.5
"49",9,-35.5
"49",10,-34.5
"49",11,-33.5
"49",11,-32.5
"49",11,-31.5
"49",11,-30.5
"49",11,-29.5
"49",11,-28.5
"49",11,-27.5
"49",11,-26.5
"49",10,-25.5
"49",9,-24.5
"49",8,-23.5
"49",7,-22.5
"49",6,-21.5
"49",5,-20.5
"49",4,-19.5
"49",3,-18.5
"49",2,-17.5
"49",1,-16.5
"49",1,-15.5
"49",0,-14.5
"49",-1,-13.5
"49",-2,-12.5
"49",-3,-11.5
"49",-4,-10.5
"49",-5,-9.5
"49",-6,-8.5
"49",-7,-7.5
"49",-8,-6.5
"49",-9,-5.5
"49",-10,-4.5
"49",-11,-3.5
"49",-12,-2.5
"49",-13,-1.5
"49",-14,-0.5
"49",-15,0.5
"49",-16,1.5
"49",-17,2.5
"49",-17,3.5
"49",-17,4.5
"49",-17,5.5
"49",-17,6.5
"49",-17,7.5
"49",-17,8.5
"49",-18,9.5
"49",-18,10.5
"49",-18,11.5
"49",-18,12.5
"49",-18,13.5
"49",-18,14.5
"49",-18,15.5
"49",-18,16.5
"49",-18,17.5
"49",-18,18.5
"49",-18,19.5
"49",-18,20.5
"49",-18,21.5
"49",-18,22.5
"49",-18,23.5
"49",-18,24.5
"49",-17,25.5
"49",-17,26.5
"49",-17,27.5
"49",-17,28.5
"49",-16,29.5
"49",-16,30.5
"49",-16,31.5
"49",-16,32.5
"49",-16,33.5
"49",-16,34.5
"49",-16,35.5
"49",-16,36.5
"49",-16,37.5
"49",-16,38.5
"49",-16,39.5
"49",-16,40.5
"49",-16,41.5
"49",-16,42.5
"49",-17,43.5
"49",-18,44.5
"49",-19,45.5
"49",-19,46.5
"49",-18,47.5
"49",-17,48.5
"49",-16,49.5
"49",-15,50.5
"49",-14,51.5
"49",-13,52.5
"49",-12,53.5
"49",-11,54.5
"49",-10,55.5
"49",-9,56.5
"49",-8,57.5
"49",-7,58.5
"49",-6,59.5
"49",-5,59.5
"49",-4,59.5
"49",-3,59.5
"49",-2,58.5
"49",-1,57.5
"49",-1,56.5
"49",0,55.5
"49",0,54.5
"50",0,-73.5
"50",-1,-72.5
"50",-1,-71.5
"50",-1,-70.5
"50",0,-69.5
"50",1,-68.5
"50",0,-67.5
"50",-1,-66.5
"50",-1,-65.5
"50",0,-64.5
"50",1,-63.5
"50",0,-62.5
"50",1,-61.5
"50",2,-60.5
"50",3,-59.5
"50",4,-58.5
"50",5,-57.5
"50",6,-56.5
"50",7,-55.5
"50",8,-54.5
"50",9,-53.5
"50",8,-52.5
"50",9,-51.5
"50",8,-50.5
"50",9,-49.5
"50",8,-48.5
"50",9,-47.5
"50",10,-46.5
"50",11,-45.5
"50",11,-44.5
"50",11,-43.5
"50",11,-42.5
"50",11,-41.5
"50",11,-40.5
"50",11,-39.5
"50",11,-38.5
"50",11,-37.5
"50",11,-36.5
"50",11,-35.5
"50",11,-34.5
"50",11,-33.5
"50",11,-32.5
"50",11,-31.5
"50",11,-30.5
"50",11,-29.5
"50",11,-28.5
"50",11,-27.5
"50",11,-26.5
"50",10,-25.5
"50",9,-24.5
"50",8,-23.5
"50",7,-22.5
"50",6,-21.5
"50",5,-20.5
"50",4,-19.5
"50",3,-18.5
"50",2,-17.5
"50",1,-16.5
"50",0,-15.5
"50",-1,-14.5
"50",-2,-13.5
"50",-3,-12.5
"50",-4,-11.5
"50",-5,-10.5
"50",-6,-9.5
"50",-7,-8.5
"50",-8,-7.5
"50",-9,-6.5
"50",-10,-5.5
"50",-11,-4.5
"50",-12,-3.5
"50",-13,-2.5
"50",-14,-1.5
"50",-15,-0.5
"50",-16,0.5
"50",-17,1.5
"50",-18,2.5
"50",-18,3.5
"50",-18,4.5
"50",-18,5.5
"50",-18,6.5
"50",-18,7.5
"50",-18,8.5
"50",-18,9.5
"50",-18,10.5
"50",-18,11.5
"50",-18,12.5
"50",-18,13.5
"50",-18,14.5
"50",-18,15.5
"50",-18,16.5
"50",-18,17.5
"50",-18,18.5
"50",-18,19.5
"50",-18,20.5
"50",-18,21.5
"50",-18,22.5
"50",-18,23.5
"50",-18,24.5
"50",-18,25.5
"50",-18,26.5
"50",-18,27.5
"50",-18,28.5
"50",-18,29.5
"50",-18,30.5
"50",-18,31.5
"50",-18,32.5
"50",-18,33.5
"50",-18,34.5
"50",-18,35.5
"50",-18,36.5
"50",-18,37.5
"50",-18,38.5
"50",-18,39.5
"50",-18,40.5
"50",-18,41.5
"50",-18,42.5
"50",-18,43.5
"50",-18,44.5
"50",-18,45.5
"50",-18,46.5
"50",-18,47.5
"50",-17,48.5
"50",-16,49.5
"50",-15,50.5
"50",-14,51.5
"50",-13,52.5
"50",-12,53.5
"50",-11,54.5
"50",-10,55.5
"50",-9,56.5
"50",-8,57.5
"50",-7,58.5
"50",-6,59.5
"50",-5,59.5
"50",-4,59.5
"50",-3,59.5
"50",-2,58.5
"50",-1,57.5
"50",-1,56.5
"50",0,55.5
"50",0,54.5
"51",0,-73.5
"51",-1,-72.5
"51",-1,-71.5
"51",-1,-70.5
"51",0,-69.5
"51",0,-68.5
"51",0,-67.5
"51",0,-66.5
"51",0,-65.5
"51",0,-64.5
"51",0,-63.5
"51",1,-62.5
"51",2,-61.5
"51",3,-60.5
"51",4,-60.5
"51",5,-59.5
"51",6,-58.5
"51",5,-57.5
"51",6,-56.5
"51",7,-55.5
"51",8,-54.5
"51",9,-53.5
"51",8,-52.5
"51",9,-51.5
"51",10,-51.5
"51",11,-50.5
"51",11,-49.5
"51",11,-48.5
"51",11,-47.5
"51",11,-46.5
"51",11,-45.5
"51",11,-44.5
"51",11,-43.5
"51",11,-42.5
"51",11,-41.5
"51",11,-40.5
"51",11,-39.5
"51",11,-38.5
"51",11,-37.5
"51",11,-36.5
"51",11,-35.5
"51",11,-34.5
"51",11,-33.5
"51",11,-32.5
"51",11,-31.5
"51",11,-30.5
"51",11,-29.5
"51",11,-28.5
"51",11,-27.5
"51",10,-26.5
"51",9,-25.5
"51",8,-24.5
"51",7,-23.5
"51",6,-22.5
"51",5,-21.5
"51",4,-20.5
"51",3,-19.5
"51",2,-18.5
"51",1,-17.5
"51",0,-16.5
"51",-1,-15.5
"51",-2,-14.5
"51",-3,-13.5
"51",-4,-12.5
"51",-5,-11.5
"51",-6,-10.5
"51",-7,-9.5
"51",-8,-8.5
"51",-9,-7.5
"51",-9,-6.5
"51",-10,-5.5
"51",-11,-4.5
"51",-12,-3.5
"51",-13,-2.5
"51",-14,-1.5
"51",-15,-0.5
"51",-16,0.5
"51",-16,1.5
"51",-16,2.5
"51",-16,3.5
"51",-16,4.5
"51",-16,5.5
"51",-16,6.5
"51",-16,7.5
"51",-16,8.5
"51",-16,9.5
"51",-16,10.5
"51",-17,10.5
"51",-18,11.5
"51",-18,12.5
"51",-18,13.5
"51",-18,14.5
"51",-18,15.5
"51",-18,16.5
"51",-18,17.5
"51",-18,18.5
"51",-18,19.5
"51",-18,20.5
"51",-18,21.5
"51",-18,22.5
"51",-18,23.5
"51",-18,24.5
"51",-18,25.5
"51",-18,26.5
"51",-18,27.5
"51",-18,28.5
"51",-18,29.5
"51",-18,30.5
"51",-18,31.5
"51",-18,32.5
"51",-18,33.5
"51",-18,34.5
"51",-18,35.5
"51",-18,36.5
"51",-18,37.5
"51",-18,38.5
"51",-18,39.5
"51",-18,40.5
"51",-18,41.5
"51",-18,42.5
"51",-18,43.5
"51",-18,44.5
"51",-18,45.5
"51",-18,46.5
"51",-18,47.5
"51",-17,48.5
"51",-16,49.5
"51",-15,50.5
"51",-14,51.5
"51",-13,52.5
"51",-12,53.5
"51",-11,54.5
"51",-10,55.5
"51",-9,56.5
"51",-8,57.5
"51",-7,58.5
"51",-6,59.5
"51",-5,59.5
"51",-4,59.5
"51",-3,59.5
"51",-2,58.5
"51",-1,57.5
"51",-1,56.5
"51",0,55.5
"51",0,54.5
"52",0,-73.5
"52",-1,-72.5
"52",-1,-71.5
"52",-1,-70.5
"52",0,-69.5
"52",0,-68.5
"52",0,-67.5
"52",0,-66.5
"52",0,-65.5
"52",0,-64.5
"52",1,-63.5
"52",0,-62.5
"52",1,-61.5
"52",0,-60.5
"52",0,-59.5
"52",0,-58.5
"52",0,-57.5
"52",0,-56.5
"52",0,-55.5
"52",1,-54.5
"52",0,-53.5
"52",0,-52.5
"52",0,-51.5
"52",0,-50.5
"52",0,-49.5
"52",0,-48.5
"52",1,-47.5
"52",1,-46.5
"52",1,-45.5
"52",1,-44.5
"52",2,-43.5
"52",3,-42.5
"52",4,-42.5
"52",5,-41.5
"52",4,-40.5
"52",5,-39.5
"52",5,-38.5
"52",5,-37.5
"52",5,-36.5
"52",5,-35.5
"52",5,-34.5
"52",5,-33.5
"52",5,-32.5
"52",5,-31.5
"52",5,-30.5
"52",5,-29.5
"52",5,-28.5
"52",5,-27.5
"52",5,-26.5
"52",5,-25.5
"52",5,-24.5
"52",5,-23.5
"52",5,-22.5
"52",5,-21.5
"52",4,-20.5
"52",3,-19.5
"52",3,-18.5
"52",2,-17.5
"52",1,-16.5
"52",1,-15.5
"52",1,-14.5
"52",1,-13.5
"52",0,-12.5
"52",-1,-11.5
"52",-2,-10.5
"52",-3,-9.5
"52",-4,-8.5
"52",-5,-7.5
"52",-6,-6.5
"52",-7,-6.5
"52",-8,-5.5
"52",-9,-4.5
"52",-10,-4.5
"52",-11,-3.5
"52",-12,-3.5
"52",-13,-2.5
"52",-14,-1.5
"52",-15,-1.5
"52",-16,-0.5
"52",-16,0.5
"52",-16,1.5
"52",-16,2.5
"52",-16,3.5
"52",-16,4.5
"52",-16,5.5
"52",-16,6.5
"52",-16,7.5
"52",-16,8.5
"52",-16,9.5
"52",-16,10.5
"52",-17,10.5
"52",-18,11.5
"52",-18,12.5
"52",-18,13.5
"52",-18,14.5
"52",-18,15.5
"52",-18,16.5
"52",-18,17.5
"52",-18,18.5
"52",-18,19.5
"52",-18,20.5
"52",-18,21.5
"52",-18,22.5
"52",-18,23.5
"52",-18,24.5
"52",-18,25.5
"52",-18,26.5
"52",-18,27.5
"52",-18,28.5
"52",-18,29.5
"52",-18,30.5
"52",-18,31.5
"52",-18,32.5
"52",-18,33.5
"52",-18,34.5
"52",-18,35.5
"52",-18,36.5
"52",-18,37.5
"52",-18,38.5
"52",-18,39.5
"52",-18,40.5
"52",-18,41.5
"52",-18,42.5
"52",-18,43.5
"52",-17,44.5
"52",-16,44.5
"52",-15,44.5
"52",-14,45.5
"52",-13,46.5
"52",-13,47.5
"52",-13,48.5
"52",-12,49.5
"52",-12,50.5
"52",-12,51.5
"52",-12,52.5
"52",-12,53.5
"52",-12,54.5
"52",-12,55.5
"52",-11,56.5
"52",-10,57.5
"52",-9,57.5
"52",-8,58.5
"52",-7,59.5
"52",-6,59.5
"52",-5,59.5
"52",-4,59.5
"52",-3,59.5
"52",-2,58.5
"52",-1,58.5
"52",0,57.5
"52",-1,56.5
"52",0,55.5
"52",0,54.5
"53",0,-73.5
"53",1,-73.5
"53",1,-72.5
"53",1,-71.5
"53",1,-70.5
"53",1,-69.5
"53",1,-68.5
"53",1,-67.5
"53",1,-66.5
"53",1,-65.5
"53",0,-64.5
"53",1,-63.5
"53",0,-62.5
"53",1,-61.5
"53",0,-60.5
"53",0,-59.5
"53",0,-58.5
"53",0,-57.5
"53",0,-56.5
"53",0,-55.5
"53",1,-54.5
"53",0,-53.5
"53",0,-52.5
"53",0,-51.5
"53",0,-50.5
"53",0,-49.5
"53",0,-48.5
"53",1,-47.5
"53",1,-46.5
"53",1,-45.5
"53",1,-44.5
"53",2,-43.5
"53",3,-42.5
"53",4,-42.5
"53",5,-41.5
"53",4,-40.5
"53",5,-39.5
"53",5,-38.5
"53",5,-37.5
"53",5,-36.5
"53",5,-35.5
"53",5,-34.5
"53",5,-33.5
"53",5,-32.5
"53",5,-31.5
"53",5,-30.5
"53",5,-29.5
"53",5,-28.5
"53",5,-27.5
"53",5,-26.5
"53",5,-25.5
"53",5,-24.5
"53",5,-23.5
"53",5,-22.5
"53",5,-21.5
"53",4,-20.5
"53",3,-19.5
"53",3,-18.5
"53",3,-17.5
"53",3,-16.5
"53",3,-15.5
"53",3,-14.5
"53",3,-13.5
"53",3,-12.5
"53",3,-11.5
"53",3,-10.5
"53",2,-9.5
"53",1,-9.5
"53",0,-8.5
"53",-1,-7.5
"53",-1,-6.5
"53",-2,-5.5
"53",-3,-4.5
"53",-3,-3.5
"53",-3,-2.5
"53",-3,-1.5
"53",-4,-1.5
"53",-5,-1.5
"53",-6,-0.5
"53",-7,-0.5
"53",-8,0.5
"53",-9,1.5
"53",-10,1.5
"53",-11,2.5
"53",-11,3.5
"53",-11,4.5
"53",-11,5.5
"53",-12,5.5
"53",-13,6.5
"53",-14,7.5
"53",-15,7.5
"53",-16,7.5
"53",-16,8.5
"53",-16,9.5
"53",-16,10.5
"53",-17,10.5
"53",-18,11.5
"53",-18,12.5
"53",-18,13.5
"53",-18,14.5
"53",-18,15.5
"53",-18,16.5
"53",-18,17.5
"53",-18,18.5
"53",-18,19.5
"53",-18,20.5
"53",-18,21.5
"53",-18,22.5
"53",-18,23.5
"53",-18,24.5
"53",-18,25.5
"53",-18,26.5
"53",-18,27.5
"53",-18,28.5
"53",-18,29.5
"53",-18,30.5
"53",-18,31.5
"53",-18,32.5
"53",-18,33.5
"53",-18,34.5
"53",-18,35.5
"53",-18,36.5
"53",-18,37.5
"53",-18,38.5
"53",-18,39.5
"53",-18,40.5
"53",-18,41.5
"53",-18,42.5
"53",-17,43.5
"53",-16,43.5
"53",-15,43.5
"53",-14,43.5
"53",-13,44.5
"53",-13,45.5
"53",-13,46.5
"53",-13,47.5
"53",-13,48.5
"53",-12,49.5
"53",-12,50.5
"53",-12,51.5
"53",-12,52.5
"53",-12,53.5
"53",-12,54.5
"53",-12,55.5
"53",-11,56.5
"53",-10,57.5
"53",-9,57.5
"53",-8,58.5
"53",-7,59.5
"53",-6,59.5
"53",-5,59.5
"53",-4,59.5
"53",-3,59.5
"53",-2,58.5
"53",-1,58.5
"53",0,57.5
"53",-1,56.5
"53",0,55.5
"53",0,54.5
"54",0,-73.5
"54",1,-73.5
"54",1,-72.5
"54",1,-71.5
"54",1,-70.5
"54",1,-69.5
"54",1,-68.5
"54",1,-67.5
"54",1,-66.5
"54",1,-65.5
"54",0,-64.5
"54",0,-63.5
"54",0,-62.5
"54",0,-61.5
"54",0,-60.5
"54",0,-59.5
"54",0,-58.5
"54",0,-57.5
"54",0,-56.5
"54",0,-55.5
"54",1,-54.5
"54",0,-53.5
"54",0,-52.5
"54",0,-51.5
"54",0,-50.5
"54",0,-49.5
"54",0,-48.5
"54",1,-47.5
"54",1,-46.5
"54",1,-45.5
"54",1,-44.5
"54",2,-43.5
"54",3,-42.5
"54",4,-42.5
"54",5,-41.5
"54",4,-40.5
"54",5,-39.5
"54",5,-38.5
"54",5,-37.5
"54",5,-36.5
"54",5,-35.5
"54",5,-34.5
"54",5,-33.5
"54",5,-32.5
"54",5,-31.5
"54",5,-30.5
"54",5,-29.5
"54",5,-28.5
"54",5,-27.5
"54",5,-26.5
"54",5,-25.5
"54",5,-24.5
"54",5,-23.5
"54",5,-22.5
"54",5,-21.5
"54",5,-20.5
"54",4,-19.5
"54",3,-18.5
"54",3,-17.5
"54",3,-16.5
"54",3,-15.5
"54",2,-15.5
"54",1,-15.5
"54",1,-14.5
"54",1,-13.5
"54",0,-12.5
"54",-1,-11.5
"54",-1,-10.5
"54",-1,-9.5
"54",-2,-8.5
"54",-3,-7.5
"54",-3,-6.5
"54",-3,-5.5
"54",-3,-4.5
"54",-4,-4.5
"54",-4,-3.5
"54",-4,-2.5
"54",-4,-1.5
"54",-5,-1.5
"54",-6,-0.5
"54",-7,-0.5
"54",-8,0.5
"54",-9,1.5
"54",-10,1.5
"54",-11,2.5
"54",-11,3.5
"54",-11,4.5
"54",-11,5.5
"54",-12,5.5
"54",-13,6.5
"54",-14,6.5
"54",-14,7.5
"54",-15,7.5
"54",-16,7.5
"54",-16,8.5
"54",-16,9.5
"54",-16,10.5
"54",-17,10.5
"54",-18,11.5
"54",-18,12.5
"54",-18,13.5
"54",-18,14.5
"54",-18,15.5
"54",-18,16.5
"54",-18,17.5
"54",-18,18.5
"54",-18,19.5
"54",-18,20.5
"54",-18,21.5
"54",-18,22.5
"54",-18,23.5
"54",-18,24.5
"54",-18,25.5
"54",-18,26.5
"54",-18,27.5
"54",-18,28.5
"54",-18,29.5
"54",-18,30.5
"54",-18,31.5
"54",-18,32.5
"54",-18,33.5
"54",-18,34.5
"54",-18,35.5
"54",-18,36.5
"54",-18,37.5
"54",-18,38.5
"54",-18,39.5
"54",-18,40.5
"54",-18,41.5
"54",-18,42.5
"54",-17,43.5
"54",-16,43.5
"54",-15,43.5
"54",-14,43.5
"54",-13,44.5
"54",-13,45.5
"54",-13,46.5
"54",-13,47.5
"54",-13,48.5
"54",-12,49.5
"54",-12,50.5
"54",-12,51.5
"54",-12,52.5
"54",-12,53.5
"54",-12,54.5
"54",-12,55.5
"54",-12,56.5
"54",-11,57.5
"54",-10,58.5
"54",-9,58.5
"54",-8,58.5
"54",-7,59.5
"54",-6,59.5
"54",-5,59.5
"54",-4,59.5
"54",-3,59.5
"54",-2,58.5
"54",-1,58.5
"54",0,57.5
"54",-1,56.5
"54",0,55.5
"54",0,54.5
"55",0,-73.5
"55",-1,-72.5
"55",-2,-71.5
"55",-3,-70.5
"55",-4,-69.5
"55",-5,-68.5
"55",-6,-67.5
"55",-6,-66.5
"55",-6,-65.5
"55",-5,-64.5
"55",-4,-63.5
"55",-3,-62.5
"55",-2,-61.5
"55",-1,-60.5
"55",0,-59.5
"55",1,-58.5
"55",2,-57.5
"55",3,-56.5
"55",4,-55.5
"55",5,-54.5
"55",4,-53.5
"55",3,-52.5
"55",4,-51.5
"55",5,-50.5
"55",6,-49.5
"55",7,-48.5
"55",8,-47.5
"55",7,-46.5
"55",6,-45.5
"55",7,-44.5
"55",7,-43.5
"55",7,-42.5
"55",7,-41.5
"55",7,-40.5
"55",7,-39.5
"55",7,-38.5
"55",7,-37.5
"55",8,-36.5
"55",9,-35.5
"55",10,-34.5
"55",11,-33.5
"55",11,-32.5
"55",11,-31.5
"55",11,-30.5
"55",11,-29.5
"55",11,-28.5
"55",11,-27.5
"55",11,-26.5
"55",10,-25.5
"55",9,-24.5
"55",8,-23.5
"55",7,-22.5
"55",6,-21.5
"55",5,-20.5
"55",4,-19.5
"55",3,-18.5
"55",2,-17.5
"55",1,-16.5
"55",0,-15.5
"55",-1,-14.5
"55",-2,-13.5
"55",-3,-12.5
"55",-4,-11.5
"55",-5,-10.5
"55",-6,-9.5
"55",-7,-8.5
"55",-8,-7.5
"55",-9,-6.5
"55",-10,-5.5
"55",-11,-4.5
"55",-12,-3.5
"55",-13,-2.5
"55",-14,-1.5
"55",-15,-0.5
"55",-16,0.5
"55",-17,1.5
"55",-18,2.5
"55",-18,3.5
"55",-18,4.5
"55",-18,5.5
"55",-18,6.5
"55",-18,7.5
"55",-18,8.5
"55",-18,9.5
"55",-18,10.5
"55",-18,11.5
"55",-18,12.5
"55",-18,13.5
"55",-18,14.5
"55",-18,15.5
"55",-18,16.5
"55",-18,17.5
"55",-18,18.5
"55",-18,19.5
"55",-18,20.5
"55",-18,21.5
"55",-18,22.5
"55",-18,23.5
"55",-18,24.5
"55",-17,25.5
"55",-17,26.5
"55",-17,27.5
"55",-17,28.5
"55",-16,29.5
"55",-16,30.5
"55",-16,31.5
"55",-16,32.5
"55",-16,33.5
"55",-16,34.5
"55",-16,35.5
"55",-16,36.5
"55",-16,37.5
"55",-16,38.5
"55",-16,39.5
"55",-16,40.5
"55",-16,41.5
"55",-16,42.5
"55",-17,43.5
"55",-18,44.5
"55",-19,45.5
"55",-19,46.5
"55",-18,47.5
"55",-17,48.5
"55",-16,49.5
"55",-15,50.5
"55",-14,51.5
"55",-13,52.5
"55",-12,53.5
"55",-11,54.5
"55",-10,55.5
"55",-9,56.5
"55",-8,57.5
"55",-7,58.5
"55",-6,59.5
"55",-5,59.5
"55",-4,59.5
"55",-3,59.5
"55",-2,58.5
"55",-1,57.5
"55",-1,56.5
"55",0,55.5
"55",0,54.5
"56",0,-73.5
"56",-1,-72.5
"56",-1,-71.5
"56",-1,-70.5
"56",0,-69.5
"56",1,-68.5
"56",0,-67.5
"56",0,-66.5
"56",0,-65.5
"56",0,-64.5
"56",1,-63.5
"56",0,-62.5
"56",1,-61.5
"56",2,-60.5
"56",3,-59.5
"56",4,-58.5
"56",5,-57.5
"56",6,-56.5
"56",7,-55.5
"56",8,-54.5
"56",9,-53.5
"56",8,-52.5
"56",9,-51.5
"56",10,-50.5
"56",11,-49.5
"56",11,-48.5
"56",11,-47.5
"56",11,-46.5
"56",11,-45.5
"56",11,-44.5
"56",11,-43.5
"56",11,-42.5
"56",11,-41.5
"56",11,-40.5
"56",11,-39.5
"56",11,-38.5
"56",11,-37.5
"56",11,-36.5
"56",11,-35.5
"56",11,-34.5
"56",11,-33.5
"56",11,-32.5
"56",11,-31.5
"56",11,-30.5
"56",11,-29.5
"56",11,-28.5
"56",11,-27.5
"56",11,-26.5
"56",10,-25.5
"56",9,-24.5
"56",8,-23.5
"56",7,-22.5
"56",6,-21.5
"56",5,-20.5
"56",4,-19.5
"56",3,-18.5
"56",2,-17.5
"56",1,-16.5
"56",0,-15.5
"56",-1,-14.5
"56",-2,-13.5
"56",-3,-12.5
"56",-4,-11.5
"56",-5,-10.5
"56",-6,-9.5
"56",-7,-8.5
"56",-8,-7.5
"56",-9,-6.5
"56",-10,-5.5
"56",-11,-4.5
"56",-12,-3.5
"56",-13,-2.5
"56",-14,-1.5
"56",-15,-0.5
"56",-16,0.5
"56",-17,1.5
"56",-18,2.5
"56",-18,3.5
"56",-18,4.5
"56",-18,5.5
"56",-18,6.5
"56",-18,7.5
"56",-18,8.5
"56",-18,9.5
"56",-18,10.5
"56",-18,11.5
"56",-18,12.5
"56",-18,13.5
"56",-18,14.5
"56",-18,15.5
"56",-18,16.5
"56",-18,17.5
"56",-18,18.5
"56",-18,19.5
"56",-18,20.5
"56",-18,21.5
"56",-18,22.5
"56",-18,23.5
"56",-18,24.5
"56",-18,25.5
"56",-18,26.5
"56",-18,27.5
"56",-18,28.5
"56",-18,29.5
"56",-18,30.5
"56",-18,31.5
"56",-18,32.5
"56",-18,33.5
"56",-18,34.5
"56",-18,35.5
"56",-18,36.5
"56",-18,37.5
"56",-18,38.5
"56",-18,39.5
"56",-18,40.5
"56",-18,41.5
"56",-18,42.5
"56",-18,43.5
"56",-18,44.5
"56",-18,45.5
"56",-18,46.5
"56",-18,47.5
"56",-17,48.5
"56",-16,49.5
"56",-15,50.5
"56",-14,51.5
"56",-13,52.5
"56",-12,53.5
"56",-11,54.5
"56",-10,55.5
"56",-9,56.5
"56",-8,57.5
"56",-7,58.5
"56",-6,59.5
"56",-5,59.5
"56",-4,59.5
"56",-3,59.5
"56",-2,58.5
"56",-1,57.5
"56",-1,56.5
"56",0,55.5
"56",0,54.5
"57",0,-73.5
"57",-1,-72.5
"57",-1,-71.5
"57",-1,-70.5
"57",0,-69.5
"57",0,-68.5
"57",0,-67.5
"57",0,-66.5
"57",0,-65.5
"57",0,-64.5
"57",1,-63.5
"57",0,-62.5
"57",1,-61.5
"57",0,-60.5
"57",0,-59.5
"57",0,-58.5
"57",0,-57.5
"57",0,-56.5
"57",0,-55.5
"57",1,-54.5
"57",0,-53.5
"57",0,-52.5
"57",0,-51.5
"57",0,-50.5
"57",0,-49.5
"57",0,-48.5
"57",1,-47.5
"57",1,-46.5
"57",1,-45.5
"57",1,-44.5
"57",2,-43.5
"57",3,-42.5
"57",4,-41.5
"57",4,-40.5
"57",5,-39.5
"57",5,-38.5
"57",5,-37.5
"57",5,-36.5
"57",5,-35.5
"57",5,-34.5
"57",5,-33.5
"57",5,-32.5
"57",5,-31.5
"57",5,-30.5
"57",5,-29.5
"57",5,-28.5
"57",5,-27.5
"57",5,-26.5
"57",5,-25.5
"57",5,-24.5
"57",5,-23.5
"57",5,-22.5
"57",5,-21.5
"57",4,-20.5
"57",3,-19.5
"57",2,-18.5
"57",1,-17.5
"57",0,-16.5
"57",-1,-15.5
"57",-2,-14.5
"57",-3,-13.5
"57",-4,-12.5
"57",-5,-11.5
"57",-6,-10.5
"57",-7,-9.5
"57",-8,-8.5
"57",-9,-7.5
"57",-9,-6.5
"57",-10,-5.5
"57",-11,-4.5
"57",-12,-3.5
"57",-13,-2.5
"57",-14,-1.5
"57",-15,-0.5
"57",-16,0.5
"57",-16,1.5
"57",-16,2.5
"57",-16,3.5
"57",-16,4.5
"57",-16,5.5
"57",-16,6.5
"57",-16,7.5
"57",-16,8.5
"57",-16,9.5
"57",-17,10.5
"57",-18,11.5
"57",-18,12.5
"57",-18,13.5
"57",-18,14.5
"57",-18,15.5
"57",-18,16.5
"57",-18,17.5
"57",-18,18.5
"57",-18,19.5
"57",-18,20.5
"57",-18,21.5
"57",-18,22.5
"57",-18,23.5
"57",-18,24.5
"57",-18,25.5
"57",-18,26.5
"57",-18,27.5
"57",-18,28.5
"57",-18,29.5
"57",-18,30.5
"57",-18,31.5
"57",-18,32.5
"57",-18,33.5
"57",-18,34.5
"57",-18,35.5
"57",-18,36.5
"57",-18,37.5
"57",-18,38.5
"57",-18,39.5
"57",-18,40.5
"57",-18,41.5
"57",-18,42.5
"57",-18,43.5
"57",-18,44.5
"57",-18,45.5
"57",-18,46.5
"57",-17,47.5
"57",-16,48.5
"57",-15,49.5
"57",-14,50.5
"57",-13,51.5
"57",-13,52.5
"57",-12,53.5
"57",-11,54.5
"57",-10,55.5
"57",-9,56.5
"57",-8,57.5
"57",-7,58.5
"57",-6,59.5
"57",-5,59.5
"57",-4,59.5
"57",-3,59.5
"57",-2,58.5
"57",-1,57.5
"57",-1,56.5
"57",0,55.5
"57",0,54.5
"58",0,-73.5
"58",-1,-72.5
"58",-1,-71.5
"58",-1,-70.5
"58",0,-69.5
"58",0,-68.5
"58",0,-67.5
"58",0,-66.5
"58",0,-65.5
"58",0,-64.5
"58",1,-63.5
"58",0,-62.5
"58",1,-61.5
"58",0,-60.5
"58",0,-59.5
"58",-1,-59.5
"58",-2,-59.5
"58",-2,-58.5
"58",-2,-57.5
"58",-2,-56.5
"58",-2,-55.5
"58",-2,-54.5
"58",-2,-53.5
"58",-2,-52.5
"58",-2,-51.5
"58",-2,-50.5
"58",-2,-49.5
"58",-2,-48.5
"58",-3,-47.5
"58",-4,-46.5
"58",-5,-46.5
"58",-6,-45.5
"58",-7,-44.5
"58",-7,-43.5
"58",-7,-42.5
"58",-7,-41.5
"58",-7,-40.5
"58",-7,-39.5
"58",-7,-38.5
"58",-7,-37.5
"58",-7,-36.5
"58",-7,-35.5
"58",-7,-34.5
"58",-7,-33.5
"58",-7,-32.5
"58",-7,-31.5
"58",-7,-30.5
"58",-8,-29.5
"58",-8,-28.5
"58",-8,-27.5
"58",-8,-26.5
"58",-9,-25.5
"58",-10,-25.5
"58",-10,-24.5
"58",-10,-23.5
"58",-11,-22.5
"58",-11,-21.5
"58",-11,-20.5
"58",-11,-19.5
"58",-11,-18.5
"58",-11,-17.5
"58",-11,-16.5
"58",-11,-15.5
"58",-11,-14.5
"58",-11,-13.5
"58",-11,-12.5
"58",-12,-11.5
"58",-13,-10.5
"58",-14,-9.5
"58",-15,-9.5
"58",-16,-8.5
"58",-16,-7.5
"58",-16,-6.5
"58",-16,-5.5
"58",-16,-4.5
"58",-16,-3.5
"58",-16,-2.5
"58",-16,-1.5
"58",-16,-0.5
"58",-16,0.5
"58",-16,1.5
"58",-16,2.5
"58",-16,3.5
"58",-16,4.5
"58",-16,5.5
"58",-16,6.5
"58",-16,7.5
"58",-16,8.5
"58",-16,9.5
"58",-16,10.5
"58",-17,10.5
"58",-18,11.5
"58",-18,12.5
"58",-18,13.5
"58",-18,14.5
"58",-18,15.5
"58",-18,16.5
"58",-18,17.5
"58",-18,18.5
"58",-18,19.5
"58",-18,20.5
"58",-18,21.5
"58",-18,22.5
"58",-18,23.5
"58",-18,24.5
"58",-18,25.5
"58",-18,26.5
"58",-18,27.5
"58",-18,28.5
"58",-18,29.5
"58",-18,30.5
"58",-18,31.5
"58",-18,32.5
"58",-18,33.5
"58",-18,34.5
"58",-18,35.5
"58",-18,36.5
"58",-18,37.5
"58",-18,38.5
"58",-18,39.5
"58",-18,40.5
"58",-18,41.5
"58",-18,42.5
"58",-18,43.5
"58",-17,44.5
"58",-16,44.5
"58",-15,44.5
"58",-14,45.5
"58",-13,46.5
"58",-13,47.5
"58",-13,48.5
"58",-12,49.5
"58",-12,50.5
"58",-12,51.5
"58",-12,52.5
"58",-12,53.5
"58",-12,54.5
"58",-12,55.5
"58",-11,56.5
"58",-10,57.5
"58",-9,57.5
"58",-8,58.5
"58",-7,59.5
"58",-6,59.5
"58",-5,59.5
"58",-4,59.5
"58",-3,59.5
"58",-2,58.5
"58",-1,57.5
"58",0,56.5
"58",0,55.5
"58",0,54.5
"59",0,-73.5
"59",1,-73.5
"59",1,-72.5
"59",1,-71.5
"59",1,-70.5
"59",1,-69.5
"59",1,-68.5
"59",1,-67.5
"59",1,-66.5
"59",1,-65.5
"59",0,-64.5
"59",1,-63.5
"59",0,-62.5
"59",0,-61.5
"59",0,-60.5
"59",0,-59.5
"59",-1,-59.5
"59",-2,-59.5
"59",-2,-58.5
"59",-2,-57.5
"59",-2,-56.5
"59",-2,-55.5
"59",-2,-54.5
"59",-2,-53.5
"59",-2,-52.5
"59",-2,-51.5
"59",-2,-50.5
"59",-2,-49.5
"59",-2,-48.5
"59",-3,-47.5
"59",-4,-46.5
"59",-5,-46.5
"59",-6,-45.5
"59",-7,-45.5
"59",-7,-44.5
"59",-7,-43.5
"59",-7,-42.5
"59",-7,-41.5
"59",-7,-40.5
"59",-7,-39.5
"59",-7,-38.5
"59",-7,-37.5
"59",-7,-36.5
"59",-7,-35.5
"59",-7,-34.5
"59",-7,-33.5
"59",-8,-33.5
"59",-8,-32.5
"59",-8,-31.5
"59",-8,-30.5
"59",-8,-29.5
"59",-8,-28.5
"59",-9,-27.5
"59",-10,-27.5
"59",-10,-26.5
"59",-10,-25.5
"59",-10,-24.5
"59",-10,-23.5
"59",-11,-22.5
"59",-11,-21.5
"59",-11,-20.5
"59",-11,-19.5
"59",-11,-18.5
"59",-11,-17.5
"59",-11,-16.5
"59",-11,-15.5
"59",-11,-14.5
"59",-11,-13.5
"59",-11,-12.5
"59",-12,-11.5
"59",-13,-10.5
"59",-14,-9.5
"59",-15,-9.5
"59",-16,-8.5
"59",-16,-7.5
"59",-16,-6.5
"59",-16,-5.5
"59",-16,-4.5
"59",-16,-3.5
"59",-16,-2.5
"59",-16,-1.5
"59",-16,-0.5
"59",-16,0.5
"59",-16,1.5
"59",-16,2.5
"59",-16,3.5
"59",-16,4.5
"59",-16,5.5
"59",-16,6.5
"59",-16,7.5
"59",-16,8.5
"59",-16,9.5
"59",-16,10.5
"59",-17,10.5
"59",-18,11.5
"59",-18,12.5
"59",-18,13.5
"59",-18,14.5
"59",-18,15.5
"59",-18,16.5
"59",-18,17.5
"59",-18,18.5
"59",-18,19.5
"59",-18,20.5
"59",-18,21.5
"59",-18,22.5
"59",-18,23.5
"59",-18,24.5
"59",-18,25.5
"59",-18,26.5
"59",-18,27.5
"59",-18,28.5
"59",-18,29.5
"59",-18,30.5
"59",-18,31.5
"59",-18,32.5
"59",-18,33.5
"59",-18,34.5
"59",-18,35.5
"59",-18,36.5
"59",-18,37.5
"59",-18,38.5
"59",-18,39.5
"59",-18,40.5
"59",-18,41.5
"59",-18,42.5
"59",-17,43.5
"59",-16,43.5
"59",-15,43.5
"59",-14,43.5
"59",-13,44.5
"59",-13,45.5
"59",-13,46.5
"59",-13,47.5
"59",-13,48.5
"59",-12,49.5
"59",-12,50.5
"59",-12,51.5
"59",-12,52.5
"59",-12,53.5
"59",-12,54.5
"59",-12,55.5
"59",-11,56.5
"59",-10,57.5
"59",-9,57.5
"59",-8,58.5
"59",-7,59.5
"59",-6,59.5
"59",-5,59.5
"59",-4,59.5
"59",-3,59.5
"59",-2,58.5
"59",-1,58.5
"59",0,57.5
"59",-1,56.5
"59",0,55.5
"59",0,54.5
"60",0,-73.5
"60",-1,-72.5
"60",-2,-71.5
"60",-3,-70.5
"60",-4,-69.5
"60",-5,-68.5
"60",-6,-67.5
"60",-7,-66.5
"60",-7,-65.5
"60",-6,-64.5
"60",-5,-63.5
"60",-4,-62.5
"60",-3,-61.5
"60",-2,-60.5
"60",-1,-59.5
"60",0,-58.5
"60",1,-57.5
"60",2,-56.5
"60",3,-55.5
"60",4,-54.5
"60",3,-53.5
"60",2,-52.5
"60",3,-51.5
"60",4,-50.5
"60",5,-49.5
"60",6,-48.5
"60",7,-47.5
"60",8,-46.5
"60",8,-45.5
"60",8,-44.5
"60",8,-43.5
"60",8,-42.5
"60",8,-41.5
"60",8,-40.5
"60",8,-39.5
"60",8,-38.5
"60",8,-37.5
"60",8,-36.5
"60",8,-35.5
"60",9,-34.5
"60",10,-33.5
"60",10,-32.5
"60",10,-31.5
"60",10,-30.5
"60",10,-29.5
"60",10,-28.5
"60",10,-27.5
"60",10,-26.5
"60",10,-25.5
"60",9,-24.5
"60",8,-23.5
"60",7,-22.5
"60",6,-21.5
"60",5,-20.5
"60",4,-19.5
"60",3,-18.5
"60",2,-17.5
"60",1,-16.5
"60",0,-15.5
"60",-1,-14.5
"60",-2,-13.5
"60",-3,-12.5
"60",-4,-11.5
"60",-5,-10.5
"60",-6,-9.5
"60",-7,-8.5
"60",-8,-7.5
"60",-9,-6.5
"60",-10,-5.5
"60",-11,-4.5
"60",-12,-3.5
"60",-13,-2.5
"60",-14,-1.5
"60",-15,-0.5
"60",-16,0.5
"60",-17,1.5
"60",-18,2.5
"60",-18,3.5
"60",-18,4.5
"60",-18,5.5
"60",-18,6.5
"60",-18,7.5
"60",-18,8.5
"60",-18,9.5
"60",-18,10.5
"60",-18,11.5
"60",-18,12.5
"60",-18,13.5
"60",-18,14.5
"60",-18,15.5
"60",-18,16.5
"60",-18,17.5
"60",-18,18.5
"60",-18,19.5
"60",-18,20.5
"60",-18,21.5
"60",-18,22.5
"60",-18,23.5
"60",-18,24.5
"60",-17,25.5
"60",-17,26.5
"60",-17,27.5
"60",-17,28.5
"60",-17,29.5
"60",-17,30.5
"60",-17,31.5
"60",-17,32.5
"60",-17,33.5
"60",-17,34.5
"60",-17,35.5
"60",-17,36.5
"60",-17,37.5
"60",-17,38.5
"60",-17,39.5
"60",-17,40.5
"60",-17,41.5
"60",-17,42.5
"60",-18,43.5
"60",-18,44.5
"60",-18,45.5
"60",-18,46.5
"60",-18,47.5
"60",-17,48.5
"60",-16,49.5
"60",-15,50.5
"60",-14,51.5
"60",-13,52.5
"60",-12,53.5
"60",-11,54.5
"60",-10,55.5
"60",-9,56.5
"60",-8,57.5
"60",-7,58.5
"60",-6,59.5
"60",-5,59.5
"60",-4,59.5
"60",-3,59.5
"60",-2,58.5
"60",-1,57.5
"60",-1,56.5
"60",0,55.5
"60",0,54.5
"61",0,-73.5
"61",-1,-72.5
"61",-1,-71.5
"61",-1,-70.5
"61",0,-69.5
"61",1,-68.5
"61",0,-67.5
"61",0,-66.5
"61",0,-65.5
"61",0,-64.5
"61",1,-63.5
"61",0,-62.5
"61",1,-61.5
"61",2,-60.5
"61",3,-59.5
"61",4,-58.5
"61",5,-57.5
"61",6,-56.5
"61",7,-55.5
"61",8,-54.5
"61",9,-53.5
"61",10,-52.5
"61",11,-51.5
"61",11,-50.5
"61",11,-49.5
"61",11,-48.5
"61",11,-47.5
"61",11,-46.5
"61",11,-45.5
"61",11,-44.5
"61",11,-43.5
"61",11,-42.5
"61",11,-41.5
"61",11,-40.5
"61",11,-39.5
"61",11,-38.5
"61",11,-37.5
"61",11,-36.5
"61",11,-35.5
"61",11,-34.5
"61",11,-33.5
"61",11,-32.5
"61",11,-31.5
"61",11,-30.5
"61",11,-29.5
"61",11,-28.5
"61",11,-27.5
"61",10,-26.5
"61",9,-25.5
"61",8,-24.5
"61",7,-23.5
"61",6,-22.5
"61",5,-21.5
"61",4,-20.5
"61",3,-19.5
"61",2,-18.5
"61",1,-17.5
"61",0,-16.5
"61",-1,-15.5
"61",-2,-14.5
"61",-3,-13.5
"61",-4,-12.5
"61",-5,-11.5
"61",-6,-10.5
"61",-7,-9.5
"61",-8,-8.5
"61",-9,-7.5
"61",-9,-6.5
"61",-10,-5.5
"61",-11,-4.5
"61",-12,-3.5
"61",-13,-2.5
"61",-14,-1.5
"61",-15,-0.5
"61",-16,0.5
"61",-16,1.5
"61",-16,2.5
"61",-16,3.5
"61",-16,4.5
"61",-16,5.5
"61",-16,6.5
"61",-16,7.5
"61",-16,8.5
"61",-16,9.5
"61",-17,10.5
"61",-18,11.5
"61",-18,12.5
"61",-18,13.5
"61",-18,14.5
"61",-18,15.5
"61",-18,16.5
"61",-18,17.5
"61",-18,18.5
"61",-18,19.5
"61",-18,20.5
"61",-18,21.5
"61",-18,22.5
"61",-18,23.5
"61",-18,24.5
"61",-18,25.5
"61",-18,26.5
"61",-18,27.5
"61",-18,28.5
"61",-18,29.5
"61",-18,30.5
"61",-18,31.5
"61",-18,32.5
"61",-18,33.5
"61",-18,34.5
"61",-18,35.5
"61",-18,36.5
"61",-18,37.5
"61",-18,38.5
"61",-18,39.5
"61",-18,40.5
"61",-18,41.5
"61",-18,42.5
"61",-18,43.5
"61",-18,44.5
"61",-18,45.5
"61",-18,46.5
"61",-18,47.5
"61",-17,48.5
"61",-16,49.5
"61",-15,50.5
"61",-14,51.5
"61",-13,52.5
"61",-12,53.5
"61",-11,54.5
"61",-10,55.5
"61",-9,56.5
"61",-8,57.5
"61",-7,58.5
"61",-6,59.5
"61",-5,59.5
"61",-4,59.5
"61",-3,59.5
"61",-2,58.5
"61",-1,57.5
"61",-1,56.5
"61",0,55.5
"61",0,54.5
"62",0,-73.5
"62",1,-73.5
"62",1,-72.5
"62",1,-71.5
"62",1,-70.5
"62",1,-69.5
"62",1,-68.5
"62",1,-67.5
"62",1,-66.5
"62",1,-65.5
"62",0,-64.5
"62",1,-63.5
"62",0,-62.5
"62",0,-61.5
"62",0,-60.5
"62",-1,-59.5
"62",-2,-59.5
"62",-2,-58.5
"62",-2,-57.5
"62",-2,-56.5
"62",-2,-55.5
"62",-2,-54.5
"62",-2,-53.5
"62",-2,-52.5
"62",-2,-51.5
"62",-2,-50.5
"62",-2,-49.5
"62",-2,-48.5
"62",-3,-47.5
"62",-4,-46.5
"62",-5,-46.5
"62",-6,-45.5
"62",-7,-44.5
"62",-7,-43.5
"62",-7,-42.5
"62",-7,-41.5
"62",-7,-40.5
"62",-7,-39.5
"62",-7,-38.5
"62",-7,-37.5
"62",-7,-36.5
"62",-7,-35.5
"62",-7,-34.5
"62",-7,-33.5
"62",-8,-32.5
"62",-8,-31.5
"62",-8,-30.5
"62",-8,-29.5
"62",-8,-28.5
"62",-9,-27.5
"62",-10,-27.5
"62",-10,-26.5
"62",-10,-25.5
"62",-10,-24.5
"62",-10,-23.5
"62",-11,-22.5
"62",-11,-21.5
"62",-11,-20.5
"62",-11,-19.5
"62",-11,-18.5
"62",-11,-17.5
"62",-11,-16.5
"62",-11,-15.5
"62",-11,-14.5
"62",-11,-13.5
"62",-11,-12.5
"62",-12,-11.5
"62",-13,-10.5
"62",-14,-9.5
"62",-15,-9.5
"62",-16,-8.5
"62",-16,-7.5
"62",-16,-6.5
"62",-16,-5.5
"62",-16,-4.5
"62",-16,-3.5
"62",-16,-2.5
"62",-16,-1.5
"62",-16,-0.5
"62",-16,0.5
"62",-16,1.5
"62",-16,2.5
"62",-16,3.5
"62",-16,4.5
"62",-16,5.5
"62",-16,6.5
"62",-16,7.5
"62",-16,8.5
"62",-16,9.5
"62",-16,10.5
"62",-17,10.5
"62",-18,11.5
"62",-18,12.5
"62",-18,13.5
"62",-18,14.5
"62",-18,15.5
"62",-18,16.5
"62",-18,17.5
"62",-18,18.5
"62",-18,19.5
"62",-18,20.5
"62",-18,21.5
"62",-18,22.5
"62",-18,23.5
"62",-18,24.5
"62",-18,25.5
"62",-18,26.5
"62",-18,27.5
"62",-18,28.5
"62",-18,29.5
"62",-18,30.5
"62",-18,31.5
"62",-18,32.5
"62",-18,33.5
"62",-18,34.5
"62",-18,35.5
"62",-18,36.5
"62",-18,37.5
"62",-18,38.5
"62",-18,39.5
"62",-18,40.5
"62",-18,41.5
"62",-18,42.5
"62",-18,43.5
"62",-17,44.5
"62",-16,44.5
"62",-15,44.5
"62",-14,45.5
"62",-13,46.5
"62",-13,47.5
"62",-13,48.5
"62",-12,49.5
"62",-12,50.5
"62",-12,51.5
"62",-12,52.5
"62",-12,53.5
"62",-12,54.5
"62",-12,55.5
"62",-11,56.5
"62",-10,57.5
"62",-9,57.5
"62",-8,58.5
"62",-7,59.5
"62",-6,59.5
"62",-5,59.5
"62",-4,59.5
"62",-3,59.5
"62",-2,58.5
"62",-1,57.5
"62",0,56.5
"62",0,55.5
"62",0,54.5
"63",0,-73.5
"63",-1,-72.5
"63",-2,-71.5
"63",-3,-70.5
"63",-4,-69.5
"63",-5,-68.5
"63",-6,-67.5
"63",-7,-66.5
"63",-7,-65.5
"63",-6,-64.5
"63",-5,-63.5
"63",-4,-62.5
"63",-3,-61.5
"63",-2,-60.5
"63",-1,-59.5
"63",0,-58.5
"63",1,-57.5
"63",2,-56.5
"63",3,-55.5
"63",4,-54.5
"63",5,-53.5
"63",6,-52.5
"63",7,-51.5
"63",8,-50.5
"63",8,-49.5
"63",8,-48.5
"63",8,-47.5
"63",8,-46.5
"63",8,-45.5
"63",8,-44.5
"63",8,-43.5
"63",8,-42.5
"63",8,-41.5
"63",8,-40.5
"63",8,-39.5
"63",8,-38.5
"63",8,-37.5
"63",8,-36.5
"63",8,-35.5
"63",8,-34.5
"63",8,-33.5
"63",8,-32.5
"63",8,-31.5
"63",8,-30.5
"63",8,-29.5
"63",8,-28.5
"63",8,-27.5
"63",8,-26.5
"63",8,-25.5
"63",8,-24.5
"63",7,-23.5
"63",6,-22.5
"63",5,-21.5
"63",4,-20.5
"63",3,-19.5
"63",2,-18.5
"63",2,-17.5
"63",1,-16.5
"63",0,-15.5
"63",-1,-14.5
"63",-2,-13.5
"63",-3,-12.5
"63",-4,-11.5
"63",-5,-10.5
"63",-6,-9.5
"63",-7,-8.5
"63",-8,-7.5
"63",-9,-6.5
"63",-10,-5.5
"63",-11,-4.5
"63",-12,-3.5
"63",-13,-2.5
"63",-14,-1.5
"63",-15,-0.5
"63",-16,0.5
"63",-17,1.5
"63",-18,2.5
"63",-18,3.5
"63",-18,4.5
"63",-18,5.5
"63",-18,6.5
"63",-18,7.5
"63",-18,8.5
"63",-18,9.5
"63",-18,10.5
"63",-18,11.5
"63",-18,12.5
"63",-18,13.5
"63",-18,14.5
"63",-18,15.5
"63",-18,16.5
"63",-18,17.5
"63",-18,18.5
"63",-18,19.5
"63",-18,20.5
"63",-18,21.5
"63",-18,22.5
"63",-18,23.5
"63",-18,24.5
"63",-18,25.5
"63",-18,26.5
"63",-18,27.5
"63",-18,28.5
"63",-18,29.5
"63",-18,30.5
"63",-18,31.5
"63",-18,32.5
"63",-18,33.5
"63",-18,34.5
"63",-18,35.5
"63",-18,36.5
"63",-18,37.5
"63",-18,38.5
"63",-18,39.5
"63",-18,40.5
"63",-18,41.5
"63",-18,42.5
"63",-18,43.5
"63",-18,44.5
"63",-18,45.5
"63",-18,46.5
"63",-18,47.5
"63",-17,48.5
"63",-16,49.5
"63",-15,50.5
"63",-14,51.5
"63",-13,52.5
"63",-12,53.5
"63",-11,54.5
"63",-10,55.5
"63",-9,56.5
"63",-8,57.5
"63",-7,58.5
"63",-6,59.5
"63",-5,59.5
"63",-4,59.5
"63",-3,59.5
"63",-2,58.5
"63",-1,57.5
"63",-1,56.5
"63",0,55.5
"63",0,54.5
"64",0,-73.5
"64",-1,-72.5
"64",-2,-72.5
"64",-3,-72.5
"64",-4,-72.5
"64",-5,-71.5
"64",-6,-70.5
"64",-7,-69.5
"64",-8,-68.5
"64",-9,-67.5
"64",-9,-66.5
"64",-8,-65.5
"64",-9,-64.5
"64",-10,-63.5
"64",-11,-62.5
"64",-12,-61.5
"64",-13,-60.5
"64",-14,-59.5
"64",-14,-58.5
"64",-14,-57.5
"64",-15,-56.5
"64",-16,-55.5
"64",-16,-54.5
"64",-16,-53.5
"64",-16,-52.5
"64",-17,-51.5
"64",-18,-50.5
"64",-18,-49.5
"64",-18,-48.5
"64",-18,-47.5
"64",-18,-46.5
"64",-18,-45.5
"64",-18,-44.5
"64",-18,-43.5
"64",-18,-42.5
"64",-18,-41.5
"64",-18,-40.5
"64",-18,-39.5
"64",-18,-38.5
"64",-18,-37.5
"64",-17,-36.5
"64",-16,-35.5
"64",-16,-34.5
"64",-16,-33.5
"64",-16,-32.5
"64",-16,-31.5
"64",-16,-30.5
"64",-16,-29.5
"64",-16,-28.5
"64",-16,-27.5
"64",-16,-26.5
"64",-16,-25.5
"64",-16,-24.5
"64",-16,-23.5
"64",-16,-22.5
"64",-16,-21.5
"64",-16,-20.5
"64",-16,-19.5
"64",-16,-18.5
"64",-16,-17.5
"64",-16,-16.5
"64",-16,-15.5
"64",-16,-14.5
"64",-16,-13.5
"64",-16,-12.5
"64",-16,-11.5
"64",-16,-10.5
"64",-16,-9.5
"64",-16,-8.5
"64",-16,-7.5
"64",-16,-6.5
"64",-16,-5.5
"64",-16,-4.5
"64",-16,-3.5
"64",-16,-2.5
"64",-16,-1.5
"64",-16,-0.5
"64",-16,0.5
"64",-16,1.5
"64",-16,2.5
"64",-16,3.5
"64",-16,4.5
"64",-16,5.5
"64",-16,6.5
"64",-16,7.5
"64",-16,8.5
"64",-16,9.5
"64",-16,10.5
"64",-17,11.5
"64",-18,12.5
"64",-18,13.5
"64",-18,14.5
"64",-18,15.5
"64",-18,16.5
"64",-18,17.5
"64",-18,18.5
"64",-18,19.5
"64",-18,20.5
"64",-18,21.5
"64",-18,22.5
"64",-18,23.5
"64",-18,24.5
"64",-18,25.5
"64",-18,26.5
"64",-18,27.5
"64",-18,28.5
"64",-18,29.5
"64",-18,30.5
"64",-18,31.5
"64",-18,32.5
"64",-18,33.5
"64",-18,34.5
"64",-18,35.5
"64",-18,36.5
"64",-18,37.5
"64",-18,38.5
"64",-18,39.5
"64",-18,40.5
"64",-18,41.5
"64",-18,42.5
"64",-18,43.5
"64",-18,44.5
"64",-18,45.5
"64",-18,46.5
"64",-18,47.5
"64",-17,48.5
"64",-16,49.5
"64",-15,50.5
"64",-14,51.5
"64",-13,52.5
"64",-12,53.5
"64",-11,54.5
"64",-10,55.5
"64",-9,56.5
"64",-8,57.5
"64",-7,58.5
"64",-6,59.5
"64",-5,59.5
"64",-4,59.5
"64",-3,59.5
"64",-2,58.5
"64",-1,57.5
"64",0,56.5
"64",0,55.5
"64",0,54.5
"65",0,-73.5
"65",-1,-72.5
"65",-2,-72.5
"65",-3,-72.5
"65",-4,-72.5
"65",-5,-72.5
"65",-6,-71.5
"65",-7,-70.5
"65",-8,-69.5
"65",-9,-68.5
"65",-8,-67.5
"65",-9,-66.5
"65",-8,-65.5
"65",-9,-64.5
"65",-9,-63.5
"65",-10,-62.5
"65",-11,-61.5
"65",-12,-61.5
"65",-13,-60.5
"65",-14,-59.5
"65",-14,-58.5
"65",-14,-57.5
"65",-15,-56.5
"65",-16,-55.5
"65",-16,-54.5
"65",-16,-53.5
"65",-16,-52.5
"65",-17,-51.5
"65",-18,-50.5
"65",-18,-49.5
"65",-18,-48.5
"65",-18,-47.5
"65",-18,-46.5
"65",-18,-45.5
"65",-18,-44.5
"65",-18,-43.5
"65",-18,-42.5
"65",-18,-41.5
"65",-18,-40.5
"65",-18,-39.5
"65",-18,-38.5
"65",-18,-37.5
"65",-17,-36.5
"65",-16,-35.5
"65",-16,-34.5
"65",-16,-33.5
"65",-16,-32.5
"65",-16,-31.5
"65",-16,-30.5
"65",-16,-29.5
"65",-16,-28.5
"65",-16,-27.5
"65",-16,-26.5
"65",-16,-25.5
"65",-16,-24.5
"65",-16,-23.5
"65",-16,-22.5
"65",-16,-21.5
"65",-16,-20.5
"65",-16,-19.5
"65",-16,-18.5
"65",-16,-17.5
"65",-16,-16.5
"65",-16,-15.5
"65",-16,-14.5
"65",-16,-13.5
"65",-16,-12.5
"65",-16,-11.5
"65",-16,-10.5
"65",-16,-9.5
"65",-16,-8.5
"65",-16,-7.5
"65",-16,-6.5
"65",-16,-5.5
"65",-16,-4.5
"65",-16,-3.5
"65",-16,-2.5
"65",-16,-1.5
"65",-16,-0.5
"65",-16,0.5
"65",-16,1.5
"65",-16,2.5
"65",-16,3.5
"65",-16,4.5
"65",-16,5.5
"65",-16,6.5
"65",-16,7.5
"65",-16,8.5
"65",-16,9.5
"65",-16,10.5
"65",-17,11.5
"65",-18,12.5
"65",-18,13.5
"65",-18,14.5
"65",-18,15.5
"65",-18,16.5
"65",-18,17.5
"65",-18,18.5
"65",-18,19.5
"65",-18,20.5
"65",-18,21.5
"65",-18,22.5
"65",-18,23.5
"65",-18,24.5
"65",-18,25.5
"65",-18,26.5
"65",-18,27.5
"65",-18,28.5
"65",-18,29.5
"65",-18,30.5
"65",-18,31.5
"65",-18,32.5
"65",-18,33.5
"65",-18,34.5
"65",-18,35.5
"65",-18,36.5
"65",-18,37.5
"65",-18,38.5
"65",-18,39.5
"65",-18,40.5
"65",-18,41.5
"65",-17,42.5
"65",-16,43.5
"65",-15,44.5
"65",-14,45.5
"65",-13,46.5
"65",-13,47.5
"65",-13,48.5
"65",-12,49.5
"65",-12,50.5
"65",-12,51.5
"65",-12,52.5
"65",-12,53.5
"65",-11,54.5
"65",-10,55.5
"65",-9,56.5
"65",-8,57.5
"65",-7,58.5
"65",-6,59.5
"65",-5,59.5
"65",-4,59.5
"65",-3,59.5
"65",-2,58.5
"65",-1,57.5
"65",0,56.5
"65",0,55.5
"65",0,54.5
"66",0,-73.5
"66",-1,-72.5
"66",-2,-71.5
"66",-3,-70.5
"66",-4,-69.5
"66",-5,-68.5
"66",-6,-67.5
"66",-7,-66.5
"66",-8,-65.5
"66",-9,-64.5
"66",-10,-63.5
"66",-11,-62.5
"66",-12,-61.5
"66",-13,-60.5
"66",-14,-59.5
"66",-15,-58.5
"66",-16,-57.5
"66",-17,-56.5
"66",-18,-55.5
"66",-18,-54.5
"66",-18,-53.5
"66",-18,-52.5
"66",-18,-51.5
"66",-18,-50.5
"66",-18,-49.5
"66",-18,-48.5
"66",-18,-47.5
"66",-18,-46.5
"66",-18,-45.5
"66",-18,-44.5
"66",-18,-43.5
"66",-18,-42.5
"66",-18,-41.5
"66",-18,-40.5
"66",-18,-39.5
"66",-18,-38.5
"66",-18,-37.5
"66",-18,-36.5
"66",-18,-35.5
"66",-18,-34.5
"66",-18,-33.5
"66",-18,-32.5
"66",-18,-31.5
"66",-18,-30.5
"66",-18,-29.5
"66",-18,-28.5
"66",-18,-27.5
"66",-18,-26.5
"66",-18,-25.5
"66",-18,-24.5
"66",-18,-23.5
"66",-18,-22.5
"66",-18,-21.5
"66",-18,-20.5
"66",-18,-19.5
"66",-18,-18.5
"66",-18,-17.5
"66",-18,-16.5
"66",-18,-15.5
"66",-18,-14.5
"66",-18,-13.5
"66",-18,-12.5
"66",-18,-11.5
"66",-18,-10.5
"66",-18,-9.5
"66",-18,-8.5
"66",-18,-7.5
"66",-18,-6.5
"66",-18,-5.5
"66",-18,-4.5
"66",-18,-3.5
"66",-18,-2.5
"66",-18,-1.5
"66",-18,-0.5
"66",-18,0.5
"66",-18,1.5
"66",-18,2.5
"66",-18,3.5
"66",-18,4.5
"66",-18,5.5
"66",-18,6.5
"66",-18,7.5
"66",-18,8.5
"66",-18,9.5
"66",-18,10.5
"66",-18,11.5
"66",-18,12.5
"66",-18,13.5
"66",-18,14.5
"66",-18,15.5
"66",-18,16.5
"66",-18,17.5
"66",-18,18.5
"66",-18,19.5
"66",-18,20.5
"66",-18,21.5
"66",-18,22.5
"66",-18,23.5
"66",-18,24.5
"66",-18,25.5
"66",-18,26.5
"66",-18,27.5
"66",-18,28.5
"66",-18,29.5
"66",-18,30.5
"66",-18,31.5
"66",-18,32.5
"66",-18,33.5
"66",-18,34.5
"66",-18,35.5
"66",-18,36.5
"66",-18,37.5
"66",-18,38.5
"66",-18,39.5
"66",-18,40.5
"66",-18,41.5
"66",-18,42.5
"66",-18,43.5
"66",-18,44.5
"66",-18,45.5
"66",-18,46.5
"66",-18,47.5
"66",-17,48.5
"66",-16,49.5
"66",-15,50.5
"66",-14,51.5
"66",-13,52.5
"66",-12,53.5
"66",-11,54.5
"66",-10,55.5
"66",-9,56.5
"66",-8,57.5
"66",-7,58.5
"66",-6,59.5
"66",-5,59.5
"66",-4,59.5
"66",-3,59.5
"66",-2,58.5
"66",-1,57.5
"66",0,56.5
"66",0,55.5
"66",0,54.5
"67",0,-73.5
"67",-1,-72.5
"67",-2,-72.5
"67",-3,-72.5
"67",-4,-72.5
"67",-5,-71.5
"67",-6,-70.5
"67",-7,-69.5
"67",-8,-68.5
"67",-9,-67.5
"67",-8,-66.5
"67",-9,-65.5
"67",-10,-64.5
"67",-11,-63.5
"67",-12,-62.5
"67",-13,-61.5
"67",-14,-60.5
"67",-14,-59.5
"67",-14,-58.5
"67",-14,-57.5
"67",-15,-56.5
"67",-16,-55.5
"67",-16,-54.5
"67",-16,-53.5
"67",-16,-52.5
"67",-17,-51.5
"67",-18,-50.5
"67",-18,-49.5
"67",-18,-48.5
"67",-18,-47.5
"67",-18,-46.5
"67",-18,-45.5
"67",-18,-44.5
"67",-18,-43.5
"67",-18,-42.5
"67",-18,-41.5
"67",-18,-40.5
"67",-18,-39.5
"67",-18,-38.5
"67",-18,-37.5
"67",-17,-36.5
"67",-16,-35.5
"67",-16,-34.5
"67",-16,-33.5
"67",-16,-32.5
"67",-16,-31.5
"67",-16,-30.5
"67",-16,-29.5
"67",-16,-28.5
"67",-16,-27.5
"67",-16,-26.5
"67",-16,-25.5
"67",-16,-24.5
"67",-16,-23.5
"67",-16,-22.5
"67",-16,-21.5
"67",-16,-20.5
"67",-16,-19.5
"67",-16,-18.5
"67",-16,-17.5
"67",-16,-16.5
"67",-16,-15.5
"67",-16,-14.5
"67",-16,-13.5
"67",-16,-12.5
"67",-16,-11.5
"67",-16,-10.5
"67",-16,-9.5
"67",-16,-8.5
"67",-16,-7.5
"67",-16,-6.5
"67",-16,-5.5
"67",-16,-4.5
"67",-16,-3.5
"67",-16,-2.5
"67",-16,-1.5
"67",-16,-0.5
"67",-16,0.5
"67",-16,1.5
"67",-16,2.5
"67",-16,3.5
"67",-16,4.5
"67",-16,5.5
"67",-16,6.5
"67",-16,7.5
"67",-16,8.5
"67",-16,9.5
"67",-16,10.5
"67",-17,11.5
"67",-18,12.5
"67",-18,13.5
"67",-18,14.5
"67",-18,15.5
"67",-18,16.5
"67",-18,17.5
"67",-18,18.5
"67",-18,19.5
"67",-18,20.5
"67",-18,21.5
"67",-18,22.5
"67",-18,23.5
"67",-18,24.5
"67",-18,25.5
"67",-18,26.5
"67",-18,27.5
"67",-18,28.5
"67",-18,29.5
"67",-18,30.5
"67",-18,31.5
"67",-18,32.5
"67",-18,33.5
"67",-18,34.5
"67",-18,35.5
"67",-18,36.5
"67",-18,37.5
"67",-18,38.5
"67",-18,39.5
"67",-18,40.5
"67",-18,41.5
"67",-18,42.5
"67",-18,43.5
"67",-18,44.5
"67",-18,45.5
"67",-18,46.5
"67",-18,47.5
"67",-17,48.5
"67",-16,49.5
"67",-15,50.5
"67",-14,51.5
"67",-13,52.5
"67",-12,53.5
"67",-11,54.5
"67",-10,55.5
"67",-9,56.5
"67",-8,57.5
"67",-7,58.5
"67",-6,59.5
"67",-5,59.5
"67",-4,59.5
"67",-3,59.5
"67",-2,58.5
"67",-1,57.5
"67",0,56.5
"67",0,55.5
"67",0,54.5
"68",0,-73.5
"68",-1,-72.5
"68",-2,-71.5
"68",-3,-70.5
"68",-4,-69.5
"68",-5,-68.5
"68",-6,-67.5
"68",-7,-66.5
"68",-8,-65.5
"68",-9,-64.5
"68",-10,-63.5
"68",-11,-62.5
"68",-12,-61.5
"68",-13,-60.5
"68",-14,-59.5
"68",-15,-58.5
"68",-16,-57.5
"68",-17,-56.5
"68",-18,-55.5
"68",-18,-54.5
"68",-18,-53.5
"68",-18,-52.5
"68",-18,-51.5
"68",-18,-50.5
"68",-18,-49.5
"68",-18,-48.5
"68",-18,-47.5
"68",-18,-46.5
"68",-18,-45.5
"68",-18,-44.5
"68",-18,-43.5
"68",-18,-42.5
"68",-18,-41.5
"68",-18,-40.5
"68",-18,-39.5
"68",-18,-38.5
"68",-18,-37.5
"68",-18,-36.5
"68",-18,-35.5
"68",-18,-34.5
"68",-18,-33.5
"68",-18,-32.5
"68",-18,-31.5
"68",-18,-30.5
"68",-18,-29.5
"68",-18,-28.5
"68",-18,-27.5
"68",-18,-26.5
"68",-18,-25.5
"68",-18,-24.5
"68",-18,-23.5
"68",-18,-22.5
"68",-18,-21.5
"68",-18,-20.5
"68",-18,-19.5
"68",-18,-18.5
"68",-18,-17.5
"68",-18,-16.5
"68",-18,-15.5
"68",-18,-14.5
"68",-18,-13.5
"68",-18,-12.5
"68",-18,-11.5
"68",-18,-10.5
"68",-18,-9.5
"68",-18,-8.5
"68",-18,-7.5
"68",-18,-6.5
"68",-18,-5.5
"68",-18,-4.5
"68",-18,-3.5
"68",-18,-2.5
"68",-18,-1.5
"68",-18,-0.5
"68",-18,0.5
"68",-18,1.5
"68",-18,2.5
"68",-18,3.5
"68",-18,4.5
"68",-18,5.5
"68",-18,6.5
"68",-18,7.5
"68",-18,8.5
"68",-18,9.5
"68",-18,10.5
"68",-18,11.5
"68",-18,12.5
"68",-18,13.5
"68",-18,14.5
"68",-18,15.5
"68",-18,16.5
"68",-18,17.5
"68",-18,18.5
"68",-18,19.5
"68",-18,20.5
"68",-18,21.5
"68",-18,22.5
"68",-18,23.5
"68",-18,24.5
"68",-18,25.5
"68",-18,26.5
"68",-18,27.5
"68",-18,28.5
"68",-18,29.5
"68",-18,30.5
"68",-18,31.5
"68",-18,32.5
"68",-18,33.5
"68",-18,34.5
"68",-18,35.5
"68",-18,36.5
"68",-18,37.5
"68",-18,38.5
"68",-18,39.5
"68",-18,40.5
"68",-18,41.5
"68",-18,42.5
"68",-18,43.5
"68",-18,44.5
"68",-18,45.5
"68",-18,46.5
"68",-18,47.5
"68",-17,48.5
"68",-16,49.5
"68",-15,50.5
"68",-14,51.5
"68",-13,52.5
"68",-12,53.5
"68",-11,54.5
"68",-10,55.5
"68",-9,56.5
"68",-8,57.5
"68",-7,58.5
"68",-6,59.5
"68",-5,59.5
"68",-4,59.5
"68",-3,59.5
"68",-2,58.5
"68",-1,57.5
"68",0,56.5
"68",0,55.5
"68",0,54.5
"69",0,-73.5
"69",-1,-72.5
"69",-1,-71.5
"69",-1,-70.5
"69",0,-69.5
"69",0,-68.5
"69",0,-67.5
"69",0,-66.5
"69",0,-65.5
"69",0,-64.5
"69",1,-63.5
"69",0,-63.5
"69",1,-62.5
"69",2,-61.5
"69",1,-61.5
"69",2,-60.5
"69",3,-59.5
"69",4,-59.5
"69",5,-59.5
"69",6,-58.5
"69",5,-57.5
"69",6,-56.5
"69",7,-55.5
"69",8,-54.5
"69",9,-53.5
"69",8,-52.5
"69",9,-51.5
"69",8,-50.5
"69",9,-49.5
"69",8,-48.5
"69",9,-47.5
"69",10,-47.5
"69",11,-46.5
"69",11,-45.5
"69",11,-44.5
"69",11,-43.5
"69",11,-42.5
"69",11,-41.5
"69",11,-40.5
"69",11,-39.5
"69",11,-38.5
"69",11,-37.5
"69",11,-36.5
"69",12,-35.5
"69",13,-34.5
"69",13,-33.5
"69",13,-32.5
"69",13,-31.5
"69",13,-30.5
"69",13,-29.5
"69",13,-28.5
"69",12,-27.5
"69",11,-26.5
"69",10,-25.5
"69",9,-24.5
"69",8,-23.5
"69",7,-22.5
"69",6,-21.5
"69",5,-20.5
"69",4,-19.5
"69",3,-18.5
"69",2,-17.5
"69",1,-16.5
"69",1,-15.5
"69",0,-14.5
"69",-1,-13.5
"69",-2,-12.5
"69",-3,-11.5
"69",-4,-10.5
"69",-5,-9.5
"69",-6,-8.5
"69",-7,-7.5
"69",-8,-6.5
"69",-9,-5.5
"69",-10,-4.5
"69",-11,-3.5
"69",-12,-3.5
"69",-13,-2.5
"69",-14,-1.5
"69",-15,-0.5
"69",-16,0.5
"69",-16,1.5
"69",-16,2.5
"69",-16,3.5
"69",-16,4.5
"69",-16,5.5
"69",-16,6.5
"69",-16,7.5
"69",-16,8.5
"69",-16,9.5
"69",-16,10.5
"69",-17,10.5
"69",-18,11.5
"69",-18,12.5
"69",-18,13.5
"69",-18,14.5
"69",-18,15.5
"69",-18,16.5
"69",-18,17.5
"69",-18,18.5
"69",-18,19.5
"69",-18,20.5
"69",-18,21.5
"69",-18,22.5
"69",-18,23.5
"69",-18,24.5
"69",-18,25.5
"69",-18,26.5
"69",-18,27.5
"69",-18,28.5
"69",-18,29.5
"69",-18,30.5
"69",-18,31.5
"69",-18,32.5
"69",-18,33.5
"69",-18,34.5
"69",-18,35.5
"69",-18,36.5
"69",-18,37.5
"69",-18,38.5
"69",-18,39.5
"69",-18,40.5
"69",-18,41.5
"69",-18,42.5
"69",-18,43.5
"69",-17,44.5
"69",-16,44.5
"69",-15,44.5
"69",-14,44.5
"69",-13,44.5
"69",-13,45.5
"69",-13,46.5
"69",-13,47.5
"69",-13,48.5
"69",-13,49.5
"69",-12,50.5
"69",-13,51.5
"69",-13,52.5
"69",-12,53.5
"69",-13,54.5
"69",-12,55.5
"69",-11,56.5
"69",-10,57.5
"69",-9,57.5
"69",-8,58.5
"69",-7,59.5
"69",-6,59.5
"69",-5,59.5
"69",-4,59.5
"69",-3,59.5
"69",-2,58.5
"69",-1,58.5
"69",0,57.5
"69",-1,56.5
"69",0,55.5
"69",0,54.5
"70",0,-73.5
"70",-1,-72.5
"70",-1,-71.5
"70",-1,-70.5
"70",0,-69.5
"70",0,-68.5
"70",0,-67.5
"70",0,-66.5
"70",0,-65.5
"70",0,-64.5
"70",1,-63.5
"70",0,-62.5
"70",1,-61.5
"70",2,-60.5
"70",3,-59.5
"70",4,-59.5
"70",5,-59.5
"70",6,-58.5
"70",5,-57.5
"70",6,-56.5
"70",7,-55.5
"70",8,-54.5
"70",9,-53.5
"70",8,-52.5
"70",9,-51.5
"70",8,-50.5
"70",9,-49.5
"70",8,-48.5
"70",9,-47.5
"70",10,-47.5
"70",11,-47.5
"70",11,-46.5
"70",11,-45.5
"70",11,-44.5
"70",11,-43.5
"70",11,-42.5
"70",11,-41.5
"70",11,-40.5
"70",11,-39.5
"70",11,-38.5
"70",11,-37.5
"70",11,-36.5
"70",11,-35.5
"70",11,-34.5
"70",11,-33.5
"70",11,-32.5
"70",11,-31.5
"70",11,-30.5
"70",11,-29.5
"70",11,-28.5
"70",11,-27.5
"70",11,-26.5
"70",10,-25.5
"70",9,-24.5
"70",8,-23.5
"70",7,-22.5
"70",6,-21.5
"70",5,-20.5
"70",4,-19.5
"70",3,-18.5
"70",2,-17.5
"70",1,-16.5
"70",1,-15.5
"70",1,-14.5
"70",1,-13.5
"70",0,-12.5
"70",-1,-11.5
"70",-2,-10.5
"70",-3,-9.5
"70",-4,-8.5
"70",-5,-7.5
"70",-6,-6.5
"70",-7,-6.5
"70",-8,-5.5
"70",-9,-4.5
"70",-10,-4.5
"70",-11,-3.5
"70",-12,-3.5
"70",-13,-2.5
"70",-14,-1.5
"70",-15,-1.5
"70",-16,-0.5
"70",-16,0.5
"70",-16,1.5
"70",-16,2.5
"70",-16,3.5
"70",-16,4.5
"70",-16,5.5
"70",-16,6.5
"70",-16,7.5
"70",-16,8.5
"70",-16,9.5
"70",-16,10.5
"70",-17,10.5
"70",-18,11.5
"70",-18,12.5
"70",-18,13.5
"70",-18,14.5
"70",-18,15.5
"70",-18,16.5
"70",-18,17.5
"70",-18,18.5
"70",-18,19.5
"70",-18,20.5
"70",-18,21.5
"70",-18,22.5
"70",-18,23.5
"70",-18,24.5
"70",-18,25.5
"70",-18,26.5
"70",-18,27.5
"70",-18,28.5
"70",-18,29.5
"70",-18,30.5
"70",-18,31.5
"70",-18,32.5
"70",-18,33.5
"70",-18,34.5
"70",-18,35.5
"70",-18,36.5
"70",-18,37.5
"70",-18,38.5
"70",-18,39.5
"70",-18,40.5
"70",-18,41.5
"70",-18,42.5
"70",-18,43.5
"70",-17,44.5
"70",-16,44.5
"70",-15,44.5
"70",-14,44.5
"70",-13,44.5
"70",-13,45.5
"70",-13,46.5
"70",-13,47.5
"70",-13,48.5
"70",-12,49.5
"70",-12,50.5
"70",-13,51.5
"70",-13,52.5
"70",-12,53.5
"70",-13,54.5
"70",-12,55.5
"70",-11,56.5
"70",-10,57.5
"70",-9,57.5
"70",-8,58.5
"70",-7,59.5
"70",-6,59.5
"70",-5,59.5
"70",-4,59.5
"70",-3,59.5
"70",-2,58.5
"70",-1,58.5
"70",0,57.5
"70",-1,56.5
"70",0,55.5
"70",0,54.5
"71",0,-73.5
"71",-1,-72.5
"71",-1,-71.5
"71",-1,-70.5
"71",0,-69.5
"71",0,-68.5
"71",0,-67.5
"71",0,-66.5
"71",0,-65.5
"71",0,-64.5
"71",1,-63.5
"71",0,-62.5
"71",1,-61.5
"71",2,-60.5
"71",3,-59.5
"71",4,-59.5
"71",5,-59.5
"71",6,-58.5
"71",5,-57.5
"71",6,-56.5
"71",7,-55.5
"71",8,-54.5
"71",9,-53.5
"71",8,-52.5
"71",9,-51.5
"71",8,-50.5
"71",9,-49.5
"71",8,-48.5
"71",9,-47.5
"71",10,-47.5
"71",11,-47.5
"71",11,-46.5
"71",11,-45.5
"71",11,-44.5
"71",11,-43.5
"71",11,-42.5
"71",11,-41.5
"71",11,-40.5
"71",11,-39.5
"71",11,-38.5
"71",11,-37.5
"71",11,-36.5
"71",11,-35.5
"71",11,-34.5
"71",11,-33.5
"71",11,-32.5
"71",11,-31.5
"71",11,-30.5
"71",11,-29.5
"71",11,-28.5
"71",11,-27.5
"71",11,-26.5
"71",10,-25.5
"71",9,-24.5
"71",8,-23.5
"71",8,-22.5
"71",8,-21.5
"71",8,-20.5
"71",8,-19.5
"71",8,-18.5
"71",8,-17.5
"71",8,-16.5
"71",7,-15.5
"71",6,-14.5
"71",5,-13.5
"71",5,-12.5
"71",4,-11.5
"71",3,-11.5
"71",3,-10.5
"71",2,-9.5
"71",1,-9.5
"71",0,-8.5
"71",-1,-7.5
"71",-1,-6.5
"71",-2,-5.5
"71",-3,-4.5
"71",-3,-3.5
"71",-3,-2.5
"71",-3,-1.5
"71",-4,-1.5
"71",-5,-1.5
"71",-6,-0.5
"71",-7,-0.5
"71",-8,0.5
"71",-9,1.5
"71",-10,1.5
"71",-11,2.5
"71",-11,3.5
"71",-11,4.5
"71",-11,5.5
"71",-12,5.5
"71",-13,6.5
"71",-14,6.5
"71",-14,7.5
"71",-15,7.5
"71",-16,7.5
"71",-16,8.5
"71",-16,9.5
"71",-16,10.5
"71",-17,10.5
"71",-18,11.5
"71",-18,12.5
"71",-18,13.5
"71",-18,14.5
"71",-18,15.5
"71",-18,16.5
"71",-18,17.5
"71",-18,18.5
"71",-18,19.5
"71",-18,20.5
"71",-18,21.5
"71",-18,22.5
"71",-18,23.5
"71",-18,24.5
"71",-18,25.5
"71",-18,26.5
"71",-18,27.5
"71",-18,28.5
"71",-18,29.5
"71",-18,30.5
"71",-18,31.5
"71",-18,32.5
"71",-18,33.5
"71",-18,34.5
"71",-18,35.5
"71",-18,36.5
"71",-18,37.5
"71",-18,38.5
"71",-18,39.5
"71",-18,40.5
"71",-18,41.5
"71",-18,42.5
"71",-18,43.5
"71",-17,44.5
"71",-16,44.5
"71",-15,44.5
"71",-14,44.5
"71",-13,44.5
"71",-13,45.5
"71",-13,46.5
"71",-13,47.5
"71",-13,48.5
"71",-12,49.5
"71",-12,50.5
"71",-12,51.5
"71",-12,52.5
"71",-12,53.5
"71",-13,54.5
"71",-12,55.5
"71",-11,56.5
"71",-10,57.5
"71",-9,57.5
"71",-8,58.5
"71",-7,59.5
"71",-6,59.5
"71",-5,59.5
"71",-4,59.5
"71",-3,59.5
"71",-2,58.5
"71",-1,58.5
"71",0,57.5
"71",-1,56.5
"71",0,55.5
"71",0,54.5
"72",0,-73.5
"72",-1,-72.5
"72",-1,-71.5
"72",-1,-70.5
"72",0,-69.5
"72",1,-68.5
"72",0,-67.5
"72",0,-66.5
"72",0,-65.5
"72",0,-64.5
"72",1,-63.5
"72",0,-63.5
"72",1,-62.5
"72",2,-61.5
"72",3,-60.5
"72",4,-60.5
"72",5,-59.5
"72",6,-58.5
"72",5,-57.5
"72",6,-56.5
"72",7,-55.5
"72",8,-54.5
"72",9,-53.5
"72",8,-52.5
"72",9,-51.5
"72",8,-50.5
"72",9,-49.5
"72",8,-48.5
"72",9,-47.5
"72",10,-47.5
"72",11,-46.5
"72",11,-45.5
"72",11,-44.5
"72",11,-43.5
"72",11,-42.5
"72",11,-41.5
"72",11,-40.5
"72",11,-39.5
"72",11,-38.5
"72",11,-37.5
"72",11,-36.5
"72",12,-35.5
"72",13,-34.5
"72",13,-33.5
"72",13,-32.5
"72",13,-31.5
"72",13,-30.5
"72",13,-29.5
"72",13,-28.5
"72",12,-27.5
"72",11,-26.5
"72",10,-25.5
"72",9,-24.5
"72",8,-23.5
"72",7,-22.5
"72",6,-21.5
"72",5,-20.5
"72",4,-19.5
"72",3,-18.5
"72",2,-17.5
"72",1,-16.5
"72",0,-15.5
"72",-1,-14.5
"72",-2,-13.5
"72",-3,-12.5
"72",-4,-11.5
"72",-5,-10.5
"72",-6,-9.5
"72",-7,-8.5
"72",-8,-7.5
"72",-9,-6.5
"72",-10,-5.5
"72",-11,-4.5
"72",-12,-3.5
"72",-13,-2.5
"72",-14,-1.5
"72",-15,-0.5
"72",-16,0.5
"72",-16,1.5
"72",-16,2.5
"72",-16,3.5
"72",-16,4.5
"72",-16,5.5
"72",-16,6.5
"72",-16,7.5
"72",-17,7.5
"72",-18,8.5
"72",-18,9.5
"72",-18,10.5
"72",-18,11.5
"72",-18,12.5
"72",-18,13.5
"72",-18,14.5
"72",-18,15.5
"72",-18,16.5
"72",-18,17.5
"72",-18,18.5
"72",-18,19.5
"72",-18,20.5
"72",-18,21.5
"72",-18,22.5
"72",-18,23.5
"72",-18,24.5
"72",-18,25.5
"72",-18,26.5
"72",-18,27.5
"72",-18,28.5
"72",-18,29.5
"72",-18,30.5
"72",-18,31.5
"72",-18,32.5
"72",-18,33.5
"72",-18,34.5
"72",-18,35.5
"72",-18,36.5
"72",-18,37.5
"72",-18,38.5
"72",-18,39.5
"72",-18,40.5
"72",-18,41.5
"72",-18,42.5
"72",-18,43.5
"72",-18,44.5
"72",-18,45.5
"72",-18,46.5
"72",-17,47.5
"72",-16,47.5
"72",-15,47.5
"72",-14,48.5
"72",-13,49.5
"72",-12,50.5
"72",-13,51.5
"72",-13,52.5
"72",-12,53.5
"72",-11,54.5
"72",-10,55.5
"72",-9,56.5
"72",-8,57.5
"72",-7,58.5
"72",-6,59.5
"72",-5,59.5
"72",-4,59.5
"72",-3,59.5
"72",-2,58.5
"72",-1,58.5
"72",0,57.5
"72",-1,56.5
"72",0,55.5
"72",0,54.5
"73",0,-73.5
"73",-1,-72.5
"73",-1,-71.5
"73",-1,-70.5
"73",0,-69.5
"73",0,-68.5
"73",0,-67.5
"73",0,-66.5
"73",0,-65.5
"73",0,-64.5
"73",0,-63.5
"73",1,-62.5
"73",2,-61.5
"73",3,-60.5
"73",4,-60.5
"73",5,-59.5
"73",6,-58.5
"73",5,-57.5
"73",6,-56.5
"73",7,-55.5
"73",8,-54.5
"73",9,-53.5
"73",8,-52.5
"73",9,-51.5
"73",8,-50.5
"73",9,-49.5
"73",8,-48.5
"73",9,-47.5
"73",10,-47.5
"73",11,-46.5
"73",11,-45.5
"73",11,-44.5
"73",11,-43.5
"73",11,-42.5
"73",11,-41.5
"73",11,-40.5
"73",11,-39.5
"73",11,-38.5
"73",11,-37.5
"73",11,-36.5
"73",12,-35.5
"73",13,-34.5
"73",13,-33.5
"73",13,-32.5
"73",13,-31.5
"73",13,-30.5
"73",13,-29.5
"73",13,-28.5
"73",12,-27.5
"73",11,-26.5
"73",10,-25.5
"73",9,-24.5
"73",8,-23.5
"73",7,-22.5
"73",6,-21.5
"73",5,-20.5
"73",4,-19.5
"73",3,-18.5
"73",2,-17.5
"73",1,-16.5
"73",0,-15.5
"73",-1,-14.5
"73",-2,-13.5
"73",-3,-12.5
"73",-4,-11.5
"73",-5,-10.5
"73",-6,-9.5
"73",-7,-9.5
"73",-8,-8.5
"73",-9,-7.5
"73",-9,-6.5
"73",-10,-5.5
"73",-11,-4.5
"73",-12,-3.5
"73",-13,-2.5
"73",-14,-1.5
"73",-15,-0.5
"73",-16,0.5
"73",-16,1.5
"73",-16,2.5
"73",-16,3.5
"73",-16,4.5
"73",-16,5.5
"73",-16,6.5
"73",-16,7.5
"73",-16,8.5
"73",-16,9.5
"73",-16,10.5
"73",-17,10.5
"73",-18,11.5
"73",-18,12.5
"73",-18,13.5
"73",-18,14.5
"73",-18,15.5
"73",-18,16.5
"73",-18,17.5
"73",-18,18.5
"73",-18,19.5
"73",-18,20.5
"73",-18,21.5
"73",-18,22.5
"73",-18,23.5
"73",-18,24.5
"73",-18,25.5
"73",-18,26.5
"73",-18,27.5
"73",-18,28.5
"73",-18,29.5
"73",-18,30.5
"73",-18,31.5
"73",-18,32.5
"73",-18,33.5
"73",-18,34.5
"73",-18,35.5
"73",-18,36.5
"73",-18,37.5
"73",-18,38.5
"73",-18,39.5
"73",-18,40.5
"73",-18,41.5
"73",-18,42.5
"73",-18,43.5
"73",-18,44.5
"73",-18,45.5
"73",-17,46.5
"73",-16,46.5
"73",-15,46.5
"73",-14,47.5
"73",-13,47.5
"73",-13,48.5
"73",-13,49.5
"73",-12,50.5
"73",-13,51.5
"73",-13,52.5
"73",-13,53.5
"73",-13,54.5
"73",-12,55.5
"73",-11,56.5
"73",-10,57.5
"73",-9,57.5
"73",-8,58.5
"73",-7,59.5
"73",-6,59.5
"73",-5,59.5
"73",-4,59.5
"73",-3,59.5
"73",-2,58.5
"73",-1,58.5
"73",0,57.5
"73",-1,56.5
"73",0,55.5
"73",0,54.5
"74",0,-73.5
"74",-1,-72.5
"74",-1,-71.5
"74",-1,-70.5
"74",0,-69.5
"74",0,-68.5
"74",0,-67.5
"74",0,-66.5
"74",0,-65.5
"74",0,-64.5
"74",1,-63.5
"74",0,-62.5
"74",1,-61.5
"74",2,-60.5
"74",3,-59.5
"74",4,-59.5
"74",5,-59.5
"74",6,-58.5
"74",5,-57.5
"74",6,-56.5
"74",7,-55.5
"74",8,-54.5
"74",9,-53.5
"74",8,-52.5
"74",9,-51.5
"74",10,-51.5
"74",11,-51.5
"74",11,-50.5
"74",11,-49.5
"74",11,-48.5
"74",11,-47.5
"74",11,-46.5
"74",11,-45.5
"74",11,-44.5
"74",11,-43.5
"74",11,-42.5
"74",11,-41.5
"74",11,-40.5
"74",11,-39.5
"74",11,-38.5
"74",11,-37.5
"74",11,-36.5
"74",11,-35.5
"74",11,-34.5
"74",11,-33.5
"74",11,-32.5
"74",11,-31.5
"74",11,-30.5
"74",11,-29.5
"74",11,-28.5
"74",11,-27.5
"74",11,-26.5
"74",10,-25.5
"74",9,-24.5
"74",8,-23.5
"74",7,-22.5
"74",6,-21.5
"74",5,-20.5
"74",4,-19.5
"74",3,-18.5
"74",3,-17.5
"74",2,-16.5
"74",1,-16.5
"74",1,-15.5
"74",1,-14.5
"74",1,-13.5
"74",0,-12.5
"74",-1,-11.5
"74",-2,-10.5
"74",-3,-9.5
"74",-4,-8.5
"74",-5,-7.5
"74",-6,-6.5
"74",-7,-6.5
"74",-8,-5.5
"74",-9,-4.5
"74",-10,-4.5
"74",-11,-3.5
"74",-12,-3.5
"74",-13,-2.5
"74",-14,-1.5
"74",-15,-1.5
"74",-16,-0.5
"74",-16,0.5
"74",-16,1.5
"74",-16,2.5
"74",-16,3.5
"74",-16,4.5
"74",-16,5.5
"74",-16,6.5
"74",-16,7.5
"74",-16,8.5
"74",-16,9.5
"74",-16,10.5
"74",-17,10.5
"74",-18,11.5
"74",-18,12.5
"74",-18,13.5
"74",-18,14.5
"74",-18,15.5
"74",-18,16.5
"74",-18,17.5
"74",-18,18.5
"74",-18,19.5
"74",-18,20.5
"74",-18,21.5
"74",-18,22.5
"74",-18,23.5
"74",-18,24.5
"74",-18,25.5
"74",-18,26.5
"74",-18,27.5
"74",-18,28.5
"74",-18,29.5
"74",-18,30.5
"74",-18,31.5
"74",-18,32.5
"74",-18,33.5
"74",-18,34.5
"74",-18,35.5
"74",-18,36.5
"74",-18,37.5
"74",-18,38.5
"74",-18,39.5
"74",-18,40.5
"74",-18,41.5
"74",-18,42.5
"74",-18,43.5
"74",-17,44.5
"74",-16,44.5
"74",-15,44.5
"74",-14,44.5
"74",-13,44.5
"74",-13,45.5
"74",-13,46.5
"74",-13,47.5
"74",-13,48.5
"74",-12,49.5
"74",-12,50.5
"74",-13,51.5
"74",-13,52.5
"74",-13,53.5
"74",-13,54.5
"74",-12,55.5
"74",-11,56.5
"74",-10,57.5
"74",-9,57.5
"74",-8,58.5
"74",-7,59.5
"74",-6,59.5
"74",-5,59.5
"74",-4,59.5
"74",-3,59.5
"74",-2,58.5
"74",-1,58.5
"74",0,57.5
"74",-1,56.5
"74",0,55.5
"74",0,54.5
"75",0,-73.5
"75",-1,-72.5
"75",-1,-71.5
"75",-1,-70.5
"75",0,-69.5
"75",0,-68.5
"75",0,-67.5
"75",0,-66.5
"75",0,-65.5
"75",0,-64.5
"75",1,-63.5
"75",0,-62.5
"75",1,-61.5
"75",2,-60.5
"75",3,-59.5
"75",4,-59.5
"75",5,-59.5
"75",6,-58.5
"75",5,-57.5
"75",6,-56.5
"75",7,-55.5
"75",8,-54.5
"75",9,-53.5
"75",10,-53.5
"75",11,-53.5
"75",11,-52.5
"75",11,-51.5
"75",11,-50.5
"75",11,-49.5
"75",11,-48.5
"75",11,-47.5
"75",11,-46.5
"75",11,-45.5
"75",11,-44.5
"75",11,-43.5
"75",11,-42.5
"75",11,-41.5
"75",11,-40.5
"75",11,-39.5
"75",11,-38.5
"75",11,-37.5
"75",11,-36.5
"75",11,-35.5
"75",11,-34.5
"75",11,-33.5
"75",11,-32.5
"75",11,-31.5
"75",11,-30.5
"75",11,-29.5
"75",11,-28.5
"75",11,-27.5
"75",11,-26.5
"75",10,-25.5
"75",9,-24.5
"75",8,-23.5
"75",8,-22.5
"75",8,-21.5
"75",8,-20.5
"75",8,-19.5
"75",8,-18.5
"75",8,-17.5
"75",8,-16.5
"75",7,-15.5
"75",6,-14.5
"75",5,-13.5
"75",5,-12.5
"75",4,-11.5
"75",3,-11.5
"75",3,-10.5
"75",2,-9.5
"75",1,-9.5
"75",0,-8.5
"75",-1,-7.5
"75",-1,-6.5
"75",-2,-5.5
"75",-3,-4.5
"75",-3,-3.5
"75",-3,-2.5
"75",-3,-1.5
"75",-4,-1.5
"75",-5,-1.5
"75",-6,-0.5
"75",-7,-0.5
"75",-8,0.5
"75",-9,1.5
"75",-10,1.5
"75",-11,2.5
"75",-11,3.5
"75",-11,4.5
"75",-11,5.5
"75",-12,5.5
"75",-13,6.5
"75",-14,6.5
"75",-14,7.5
"75",-15,7.5
"75",-16,7.5
"75",-16,8.5
"75",-16,9.5
"75",-16,10.5
"75",-17,10.5
"75",-18,11.5
"75",-18,12.5
"75",-18,13.5
"75",-18,14.5
"75",-18,15.5
"75",-18,16.5
"75",-18,17.5
"75",-18,18.5
"75",-18,19.5
"75",-18,20.5
"75",-18,21.5
"75",-18,22.5
"75",-18,23.5
"75",-18,24.5
"75",-18,25.5
"75",-18,26.5
"75",-18,27.5
"75",-18,28.5
"75",-18,29.5
"75",-18,30.5
"75",-18,31.5
"75",-18,32.5
"75",-18,33.5
"75",-18,34.5
"75",-18,35.5
"75",-18,36.5
"75",-18,37.5
"75",-18,38.5
"75",-18,39.5
"75",-18,40.5
"75",-18,41.5
"75",-18,42.5
"75",-18,43.5
"75",-17,44.5
"75",-16,44.5
"75",-15,44.5
"75",-14,44.5
"75",-13,44.5
"75",-13,45.5
"75",-13,46.5
"75",-13,47.5
"75",-13,48.5
"75",-12,49.5
"75",-12,50.5
"75",-12,51.5
"75",-12,52.5
"75",-12,53.5
"75",-12,54.5
"75",-12,55.5
"75",-12,56.5
"75",-11,57.5
"75",-10,58.5
"75",-9,58.5
"75",-8,58.5
"75",-7,59.5
"75",-6,59.5
"75",-5,59.5
"75",-4,59.5
"75",-3,59.5
"75",-2,58.5
"75",-1,58.5
"75",0,57.5
"75",-1,56.5
"75",0,55.5
"75",0,54.5
"76",0,-73.5
"76",-1,-72.5
"76",-2,-71.5
"76",-3,-70.5
"76",-4,-69.5
"76",-4,-68.5
"76",-4,-67.5
"76",-4,-66.5
"76",-3,-65.5
"76",-2,-64.5
"76",-1,-63.5
"76",0,-62.5
"76",1,-61.5
"76",2,-60.5
"76",3,-59.5
"76",4,-58.5
"76",5,-57.5
"76",6,-56.5
"76",7,-55.5
"76",8,-54.5
"76",9,-53.5
"76",8,-52.5
"76",9,-51.5
"76",8,-50.5
"76",9,-49.5
"76",8,-48.5
"76",9,-47.5
"76",10,-46.5
"76",11,-45.5
"76",11,-44.5
"76",11,-43.5
"76",11,-42.5
"76",11,-41.5
"76",11,-40.5
"76",11,-39.5
"76",11,-38.5
"76",11,-37.5
"76",11,-36.5
"76",12,-35.5
"76",13,-34.5
"76",13,-33.5
"76",13,-32.5
"76",13,-31.5
"76",13,-30.5
"76",13,-29.5
"76",13,-28.5
"76",12,-27.5
"76",11,-26.5
"76",10,-25.5
"76",9,-24.5
"76",8,-23.5
"76",7,-22.5
"76",6,-21.5
"76",5,-20.5
"76",4,-19.5
"76",3,-18.5
"76",2,-17.5
"76",1,-16.5
"76",0,-15.5
"76",-1,-14.5
"76",-2,-13.5
"76",-3,-12.5
"76",-4,-11.5
"76",-5,-10.5
"76",-6,-9.5
"76",-7,-8.5
"76",-8,-7.5
"76",-9,-6.5
"76",-10,-5.5
"76",-11,-4.5
"76",-12,-3.5
"76",-13,-2.5
"76",-14,-1.5
"76",-15,-0.5
"76",-16,0.5
"76",-17,1.5
"76",-18,2.5
"76",-18,3.5
"76",-18,4.5
"76",-18,5.5
"76",-18,6.5
"76",-18,7.5
"76",-18,8.5
"76",-18,9.5
"76",-18,10.5
"76",-18,11.5
"76",-18,12.5
"76",-18,13.5
"76",-18,14.5
"76",-18,15.5
"76",-18,16.5
"76",-18,17.5
"76",-18,18.5
"76",-18,19.5
"76",-18,20.5
"76",-18,21.5
"76",-18,22.5
"76",-18,23.5
"76",-18,24.5
"76",-18,25.5
"76",-18,26.5
"76",-18,27.5
"76",-18,28.5
"76",-18,29.5
"76",-18,30.5
"76",-18,31.5
"76",-18,32.5
"76",-18,33.5
"76",-18,34.5
"76",-18,35.5
"76",-18,36.5
"76",-18,37.5
"76",-18,38.5
"76",-18,39.5
"76",-18,40.5
"76",-18,41.5
"76",-18,42.5
"76",-18,43.5
"76",-18,44.5
"76",-18,45.5
"76",-18,46.5
"76",-18,47.5
"76",-17,48.5
"76",-16,49.5
"76",-15,50.5
"76",-14,51.5
"76",-13,52.5
"76",-12,53.5
"76",-11,54.5
"76",-10,55.5
"76",-9,56.5
"76",-8,57.5
"76",-7,58.5
"76",-6,59.5
"76",-5,59.5
"76",-4,59.5
"76",-3,59.5
"76",-2,58.5
"76",-1,57.5
"76",-1,56.5
"76",0,55.5
"76",0,54.5
"77",0,-73.5
"77",-1,-72.5
"77",-1,-71.5
"77",-1,-70.5
"77",0,-69.5
"77",0,-68.5
"77",0,-67.5
"77",0,-66.5
"77",0,-65.5
"77",0,-64.5
"77",0,-63.5
"77",1,-62.5
"77",2,-61.5
"77",3,-60.5
"77",4,-60.5
"77",5,-59.5
"77",6,-58.5
"77",5,-57.5
"77",6,-56.5
"77",7,-55.5
"77",8,-54.5
"77",9,-53.5
"77",8,-52.5
"77",9,-51.5
"77",8,-50.5
"77",9,-49.5
"77",8,-48.5
"77",9,-47.5
"77",10,-47.5
"77",11,-46.5
"77",11,-45.5
"77",11,-44.5
"77",11,-43.5
"77",11,-42.5
"77",11,-41.5
"77",11,-40.5
"77",11,-39.5
"77",11,-38.5
"77",11,-37.5
"77",11,-36.5
"77",12,-35.5
"77",13,-34.5
"77",13,-33.5
"77",13,-32.5
"77",13,-31.5
"77",13,-30.5
"77",13,-29.5
"77",13,-28.5
"77",12,-27.5
"77",11,-26.5
"77",10,-25.5
"77",9,-24.5
"77",8,-23.5
"77",7,-22.5
"77",6,-21.5
"77",5,-20.5
"77",4,-19.5
"77",3,-18.5
"77",2,-17.5
"77",1,-16.5
"77",0,-15.5
"77",-1,-14.5
"77",-2,-13.5
"77",-3,-12.5
"77",-4,-11.5
"77",-5,-10.5
"77",-6,-9.5
"77",-7,-8.5
"77",-8,-7.5
"77",-9,-6.5
"77",-10,-5.5
"77",-11,-4.5
"77",-12,-3.5
"77",-13,-2.5
"77",-14,-1.5
"77",-15,-0.5
"77",-16,0.5
"77",-16,1.5
"77",-16,2.5
"77",-16,3.5
"77",-16,4.5
"77",-16,5.5
"77",-16,6.5
"77",-16,7.5
"77",-16,8.5
"77",-16,9.5
"77",-16,10.5
"77",-17,10.5
"77",-18,11.5
"77",-18,12.5
"77",-18,13.5
"77",-18,14.5
"77",-18,15.5
"77",-18,16.5
"77",-18,17.5
"77",-18,18.5
"77",-18,19.5
"77",-18,20.5
"77",-18,21.5
"77",-18,22.5
"77",-18,23.5
"77",-18,24.5
"77",-18,25.5
"77",-18,26.5
"77",-18,27.5
"77",-18,28.5
"77",-18,29.5
"77",-18,30.5
"77",-18,31.5
"77",-18,32.5
"77",-18,33.5
"77",-18,34.5
"77",-18,35.5
"77",-18,36.5
"77",-18,37.5
"77",-18,38.5
"77",-18,39.5
"77",-18,40.5
"77",-18,41.5
"77",-18,42.5
"77",-18,43.5
"77",-18,44.5
"77",-18,45.5
"77",-18,46.5
"77",-18,47.5
"77",-17,48.5
"77",-16,49.5
"77",-15,50.5
"77",-14,51.5
"77",-13,52.5
"77",-12,53.5
"77",-11,54.5
"77",-10,55.5
"77",-9,56.5
"77",-8,57.5
"77",-7,58.5
"77",-6,59.5
"77",-5,59.5
"77",-4,59.5
"77",-3,59.5
"77",-2,58.5
"77",-1,58.5
"77",0,57.5
"77",-1,56.5
"77",0,55.5
"77",0,54.5
"78",0,-73.5
"78",-1,-72.5
"78",-1,-71.5
"78",-1,-70.5
"78",0,-69.5
"78",0,-68.5
"78",0,-67.5
"78",0,-66.5
"78",0,-65.5
"78",0,-64.5
"78",0,-63.5
"78",1,-62.5
"78",2,-61.5
"78",3,-60.5
"78",4,-60.5
"78",5,-59.5
"78",6,-58.5
"78",5,-57.5
"78",6,-56.5
"78",7,-55.5
"78",8,-54.5
"78",9,-53.5
"78",8,-52.5
"78",9,-51.5
"78",8,-50.5
"78",9,-49.5
"78",8,-48.5
"78",9,-47.5
"78",10,-47.5
"78",11,-46.5
"78",11,-45.5
"78",11,-44.5
"78",11,-43.5
"78",11,-42.5
"78",11,-41.5
"78",11,-40.5
"78",11,-39.5
"78",11,-38.5
"78",11,-37.5
"78",11,-36.5
"78",11,-35.5
"78",11,-34.5
"78",11,-33.5
"78",11,-32.5
"78",11,-31.5
"78",11,-30.5
"78",11,-29.5
"78",11,-28.5
"78",11,-27.5
"78",11,-26.5
"78",10,-25.5
"78",9,-24.5
"78",8,-23.5
"78",7,-22.5
"78",6,-21.5
"78",5,-20.5
"78",4,-19.5
"78",3,-18.5
"78",2,-17.5
"78",1,-16.5
"78",1,-15.5
"78",1,-14.5
"78",1,-13.5
"78",0,-12.5
"78",-1,-11.5
"78",-2,-10.5
"78",-3,-9.5
"78",-4,-8.5
"78",-5,-7.5
"78",-6,-6.5
"78",-7,-6.5
"78",-8,-5.5
"78",-9,-4.5
"78",-10,-4.5
"78",-11,-3.5
"78",-12,-3.5
"78",-13,-2.5
"78",-14,-1.5
"78",-15,-0.5
"78",-16,0.5
"78",-16,1.5
"78",-16,2.5
"78",-16,3.5
"78",-16,4.5
"78",-16,5.5
"78",-16,6.5
"78",-16,7.5
"78",-16,8.5
"78",-16,9.5
"78",-16,10.5
"78",-17,10.5
"78",-18,11.5
"78",-18,12.5
"78",-18,13.5
"78",-18,14.5
"78",-18,15.5
"78",-18,16.5
"78",-18,17.5
"78",-18,18.5
"78",-18,19.5
"78",-18,20.5
"78",-18,21.5
"78",-18,22.5
"78",-18,23.5
"78",-18,24.5
"78",-18,25.5
"78",-18,26.5
"78",-18,27.5
"78",-18,28.5
"78",-18,29.5
"78",-18,30.5
"78",-18,31.5
"78",-18,32.5
"78",-18,33.5
"78",-18,34.5
"78",-18,35.5
"78",-18,36.5
"78",-18,37.5
"78",-18,38.5
"78",-18,39.5
"78",-18,40.5
"78",-18,41.5
"78",-18,42.5
"78",-18,43.5
"78",-18,44.5
"78",-17,45.5
"78",-16,45.5
"78",-15,45.5
"78",-14,46.5
"78",-13,46.5
"78",-13,47.5
"78",-13,48.5
"78",-13,49.5
"78",-13,50.5
"78",-13,51.5
"78",-13,52.5
"78",-13,53.5
"78",-13,54.5
"78",-12,55.5
"78",-11,56.5
"78",-10,57.5
"78",-9,57.5
"78",-8,58.5
"78",-7,59.5
"78",-6,59.5
"78",-5,59.5
"78",-4,59.5
"78",-3,59.5
"78",-2,58.5
"78",-1,58.5
"78",0,57.5
"78",-1,56.5
"78",0,55.5
"78",0,54.5
"79",0,-73.5
"79",-1,-72.5
"79",-1,-71.5
"79",-1,-70.5
"79",0,-69.5
"79",0,-68.5
"79",0,-67.5
"79",0,-66.5
"79",0,-65.5
"79",0,-64.5
"79",1,-63.5
"79",0,-62.5
"79",1,-61.5
"79",2,-60.5
"79",3,-59.5
"79",4,-59.5
"79",5,-59.5
"79",6,-58.5
"79",5,-57.5
"79",6,-56.5
"79",7,-55.5
"79",8,-54.5
"79",9,-53.5
"79",10,-53.5
"79",11,-53.5
"79",11,-52.5
"79",11,-51.5
"79",11,-50.5
"79",11,-49.5
"79",11,-48.5
"79",11,-47.5
"79",11,-46.5
"79",11,-45.5
"79",11,-44.5
"79",11,-43.5
"79",11,-42.5
"79",11,-41.5
"79",11,-40.5
"79",11,-39.5
"79",11,-38.5
"79",11,-37.5
"79",11,-36.5
"79",11,-35.5
"79",11,-34.5
"79",11,-33.5
"79",11,-32.5
"79",11,-31.5
"79",11,-30.5
"79",11,-29.5
"79",11,-28.5
"79",11,-27.5
"79",11,-26.5
"79",10,-25.5
"79",9,-24.5
"79",8,-23.5
"79",8,-22.5
"79",8,-21.5
"79",8,-20.5
"79",8,-19.5
"79",8,-18.5
"79",8,-17.5
"79",8,-16.5
"79",7,-15.5
"79",6,-14.5
"79",5,-13.5
"79",5,-12.5
"79",4,-11.5
"79",3,-11.5
"79",3,-10.5
"79",2,-9.5
"79",1,-9.5
"79",0,-8.5
"79",-1,-7.5
"79",-1,-6.5
"79",-2,-5.5
"79",-3,-4.5
"79",-3,-3.5
"79",-3,-2.5
"79",-4,-2.5
"79",-5,-1.5
"79",-6,-0.5
"79",-7,-0.5
"79",-8,0.5
"79",-9,1.5
"79",-10,1.5
"79",-11,2.5
"79",-11,3.5
"79",-11,4.5
"79",-11,5.5
"79",-12,5.5
"79",-13,6.5
"79",-14,6.5
"79",-14,7.5
"79",-15,7.5
"79",-16,7.5
"79",-16,8.5
"79",-16,9.5
"79",-16,10.5
"79",-17,10.5
"79",-18,11.5
"79",-18,12.5
"79",-18,13.5
"79",-18,14.5
"79",-18,15.5
"79",-18,16.5
"79",-18,17.5
"79",-18,18.5
"79",-18,19.5
"79",-18,20.5
"79",-18,21.5
"79",-18,22.5
"79",-18,23.5
"79",-18,24.5
"79",-18,25.5
"79",-18,26.5
"79",-18,27.5
"79",-18,28.5
"79",-18,29.5
"79",-18,30.5
"79",-18,31.5
"79",-18,32.5
"79",-18,33.5
"79",-18,34.5
"79",-18,35.5
"79",-18,36.5
"79",-18,37.5
"79",-18,38.5
"79",-18,39.5
"79",-18,40.5
"79",-18,41.5
"79",-18,42.5
"79",-18,43.5
"79",-17,44.5
"79",-16,44.5
"79",-15,44.5
"79",-14,44.5
"79",-13,44.5
"79",-13,45.5
"79",-13,46.5
"79",-13,47.5
"79",-13,48.5
"79",-12,49.5
"79",-12,50.5
"79",-12,51.5
"79",-12,52.5
"79",-12,53.5
"79",-12,54.5
"79",-12,55.5
"79",-11,56.5
"79",-10,57.5
"79",-9,57.5
"79",-8,58.5
"79",-7,59.5
"79",-6,59.5
"79",-5,59.5
"79",-4,59.5
"79",-3,59.5
"79",-2,58.5
"79",-1,58.5
"79",0,57.5
"79",-1,56.5
"79",0,55.5
"79",0,54.5
"80",0,-73.5
"80",1,-73.5
"80",1,-72.5
"80",1,-71.5
"80",1,-70.5
"80",1,-69.5
"80",1,-68.5
"80",1,-67.5
"80",1,-66.5
"80",1,-65.5
"80",0,-64.5
"80",0,-63.5
"80",0,-62.5
"80",1,-61.5
"80",2,-60.5
"80",3,-59.5
"80",4,-59.5
"80",5,-59.5
"80",6,-58.5
"80",5,-57.5
"80",6,-56.5
"80",7,-55.5
"80",8,-54.5
"80",9,-53.5
"80",10,-53.5
"80",11,-53.5
"80",11,-52.5
"80",11,-51.5
"80",11,-50.5
"80",11,-49.5
"80",11,-48.5
"80",11,-47.5
"80",11,-46.5
"80",11,-45.5
"80",11,-44.5
"80",11,-43.5
"80",11,-42.5
"80",11,-41.5
"80",11,-40.5
"80",11,-39.5
"80",11,-38.5
"80",11,-37.5
"80",11,-36.5
"80",11,-35.5
"80",11,-34.5
"80",11,-33.5
"80",11,-32.5
"80",11,-31.5
"80",11,-30.5
"80",11,-29.5
"80",11,-28.5
"80",11,-27.5
"80",11,-26.5
"80",10,-25.5
"80",9,-24.5
"80",8,-23.5
"80",8,-22.5
"80",8,-21.5
"80",8,-20.5
"80",8,-19.5
"80",8,-18.5
"80",8,-17.5
"80",8,-16.5
"80",7,-15.5
"80",6,-14.5
"80",5,-13.5
"80",5,-12.5
"80",4,-11.5
"80",3,-11.5
"80",3,-10.5
"80",2,-9.5
"80",1,-9.5
"80",0,-8.5
"80",-1,-7.5
"80",-1,-6.5
"80",-2,-5.5
"80",-3,-4.5
"80",-4,-4.5
"80",-4,-3.5
"80",-4,-2.5
"80",-4,-1.5
"80",-5,-1.5
"80",-6,-0.5
"80",-7,-0.5
"80",-8,0.5
"80",-9,1.5
"80",-10,1.5
"80",-11,2.5
"80",-11,3.5
"80",-11,4.5
"80",-11,5.5
"80",-12,5.5
"80",-13,6.5
"80",-14,6.5
"80",-14,7.5
"80",-15,7.5
"80",-16,7.5
"80",-16,8.5
"80",-16,9.5
"80",-16,10.5
"80",-17,10.5
"80",-18,11.5
"80",-18,12.5
"80",-18,13.5
"80",-18,14.5
"80",-18,15.5
"80",-18,16.5
"80",-18,17.5
"80",-18,18.5
"80",-18,19.5
"80",-18,20.5
"80",-18,21.5
"80",-18,22.5
"80",-18,23.5
"80",-18,24.5
"80",-18,25.5
"80",-18,26.5
"80",-18,27.5
"80",-18,28.5
"80",-18,29.5
"80",-18,30.5
"80",-18,31.5
"80",-18,32.5
"80",-18,33.5
"80",-18,34.5
"80",-18,35.5
"80",-18,36.5
"80",-18,37.5
"80",-18,38.5
"80",-18,39.5
"80",-18,40.5
"80",-18,41.5
"80",-18,42.5
"80",-18,43.5
"80",-17,44.5
"80",-16,44.5
"80",-15,44.5
"80",-14,44.5
"80",-13,44.5
"80",-13,45.5
"80",-13,46.5
"80",-13,47.5
"80",-13,48.5
"80",-12,49.5
"80",-12,50.5
"80",-12,51.5
"80",-12,52.5
"80",-12,53.5
"80",-12,54.5
"80",-12,55.5
"80",-12,56.5
"80",-11,57.5
"80",-10,58.5
"80",-9,58.5
"80",-8,58.5
"80",-7,59.5
"80",-6,59.5
"80",-5,59.5
"80",-4,59.5
"80",-3,59.5
"80",-2,58.5
"80",-1,58.5
"80",0,57.5
"80",-1,56.5
"80",0,55.5
"80",0,54.5
"81",0,-73.5
"81",-1,-72.5
"81",-2,-71.5
"81",-3,-71.5
"81",-4,-70.5
"81",-5,-69.5
"81",-6,-68.5
"81",-7,-67.5
"81",-7,-66.5
"81",-7,-65.5
"81",-6,-64.5
"81",-5,-63.5
"81",-4,-62.5
"81",-3,-61.5
"81",-2,-60.5
"81",-1,-59.5
"81",0,-58.5
"81",1,-57.5
"81",2,-56.5
"81",3,-55.5
"81",4,-54.5
"81",3,-53.5
"81",2,-52.5
"81",3,-51.5
"81",4,-50.5
"81",5,-49.5
"81",6,-48.5
"81",7,-47.5
"81",6,-46.5
"81",7,-45.5
"81",6,-44.5
"81",7,-43.5
"81",8,-42.5
"81",9,-41.5
"81",9,-40.5
"81",9,-39.5
"81",10,-38.5
"81",11,-37.5
"81",12,-36.5
"81",13,-35.5
"81",14,-34.5
"81",14,-33.5
"81",14,-32.5
"81",14,-31.5
"81",14,-30.5
"81",14,-29.5
"81",13,-28.5
"81",12,-27.5
"81",11,-26.5
"81",10,-25.5
"81",9,-24.5
"81",8,-23.5
"81",7,-22.5
"81",6,-21.5
"81",5,-20.5
"81",4,-19.5
"81",3,-18.5
"81",2,-17.5
"81",1,-16.5
"81",0,-15.5
"81",-1,-14.5
"81",-2,-13.5
"81",-3,-12.5
"81",-4,-11.5
"81",-5,-10.5
"81",-6,-9.5
"81",-7,-8.5
"81",-8,-7.5
"81",-9,-6.5
"81",-10,-5.5
"81",-11,-4.5
"81",-12,-3.5
"81",-13,-2.5
"81",-14,-1.5
"81",-15,-0.5
"81",-16,0.5
"81",-17,1.5
"81",-18,2.5
"81",-18,3.5
"81",-18,4.5
"81",-18,5.5
"81",-18,6.5
"81",-18,7.5
"81",-18,8.5
"81",-18,9.5
"81",-18,10.5
"81",-18,11.5
"81",-18,12.5
"81",-18,13.5
"81",-18,14.5
"81",-18,15.5
"81",-18,16.5
"81",-18,17.5
"81",-18,18.5
"81",-18,19.5
"81",-18,20.5
"81",-18,21.5
"81",-18,22.5
"81",-18,23.5
"81",-18,24.5
"81",-17,25.5
"81",-17,26.5
"81",-17,27.5
"81",-17,28.5
"81",-16,29.5
"81",-16,30.5
"81",-16,31.5
"81",-16,32.5
"81",-16,33.5
"81",-16,34.5
"81",-16,35.5
"81",-16,36.5
"81",-16,37.5
"81",-16,38.5
"81",-16,39.5
"81",-16,40.5
"81",-16,41.5
"81",-17,42.5
"81",-18,43.5
"81",-19,44.5
"81",-20,45.5
"81",-19,46.5
"81",-18,47.5
"81",-17,48.5
"81",-16,49.5
"81",-15,50.5
"81",-14,51.5
"81",-13,52.5
"81",-12,53.5
"81",-11,54.5
"81",-10,55.5
"81",-9,56.5
"81",-8,57.5
"81",-7,58.5
"81",-6,59.5
"81",-5,59.5
"81",-4,59.5
"81",-3,59.5
"81",-2,58.5
"81",-1,57.5
"81",-1,56.5
"81",0,55.5
"81",0,54.5
"82",0,-73.5
"82",-1,-72.5
"82",-2,-71.5
"82",-3,-70.5
"82",-4,-69.5
"82",-4,-68.5
"82",-4,-67.5
"82",-4,-66.5
"82",-3,-65.5
"82",-2,-64.5
"82",-1,-63.5
"82",0,-62.5
"82",1,-61.5
"82",2,-60.5
"82",3,-59.5
"82",4,-58.5
"82",5,-57.5
"82",6,-56.5
"82",7,-55.5
"82",8,-54.5
"82",9,-53.5
"82",8,-52.5
"82",9,-51.5
"82",8,-50.5
"82",9,-49.5
"82",8,-48.5
"82",9,-47.5
"82",10,-46.5
"82",11,-45.5
"82",11,-44.5
"82",11,-43.5
"82",11,-42.5
"82",11,-41.5
"82",11,-40.5
"82",11,-39.5
"82",11,-38.5
"82",11,-37.5
"82",11,-36.5
"82",12,-35.5
"82",13,-34.5
"82",13,-33.5
"82",13,-32.5
"82",13,-31.5
"82",13,-30.5
"82",13,-29.5
"82",13,-28.5
"82",12,-27.5
"82",11,-26.5
"82",10,-25.5
"82",9,-24.5
"82",8,-23.5
"82",7,-22.5
"82",6,-21.5
"82",5,-20.5
"82",4,-19.5
"82",3,-18.5
"82",2,-17.5
"82",1,-16.5
"82",0,-15.5
"82",-1,-14.5
"82",-2,-13.5
"82",-3,-12.5
"82",-4,-11.5
"82",-5,-10.5
"82",-6,-9.5
"82",-7,-8.5
"82",-8,-7.5
"82",-9,-6.5
"82",-10,-5.5
"82",-11,-4.5
"82",-12,-3.5
"82",-13,-2.5
"82",-14,-1.5
"82",-15,-0.5
"82",-16,0.5
"82",-17,1.5
"82",-18,2.5
"82",-18,3.5
"82",-18,4.5
"82",-18,5.5
"82",-18,6.5
"82",-18,7.5
"82",-18,8.5
"82",-18,9.5
"82",-18,10.5
"82",-18,11.5
"82",-18,12.5
"82",-18,13.5
"82",-18,14.5
"82",-18,15.5
"82",-18,16.5
"82",-18,17.5
"82",-18,18.5
"82",-18,19.5
"82",-18,20.5
"82",-18,21.5
"82",-18,22.5
"82",-18,23.5
"82",-18,24.5
"82",-18,25.5
"82",-18,26.5
"82",-18,27.5
"82",-18,28.5
"82",-18,29.5
"82",-18,30.5
"82",-18,31.5
"82",-18,32.5
"82",-18,33.5
"82",-18,34.5
"82",-18,35.5
"82",-18,36.5
"82",-18,37.5
"82",-18,38.5
"82",-18,39.5
"82",-18,40.5
"82",-18,41.5
"82",-18,42.5
"82",-18,43.5
"82",-18,44.5
"82",-18,45.5
"82",-18,46.5
"82",-18,47.5
"82",-17,48.5
"82",-16,49.5
"82",-15,50.5
"82",-14,51.5
"82",-13,52.5
"82",-12,53.5
"82",-11,54.5
"82",-10,55.5
"82",-9,56.5
"82",-8,57.5
"82",-7,58.5
"82",-6,59.5
"82",-5,59.5
"82",-4,59.5
"82",-3,59.5
"82",-2,58.5
"82",-1,57.5
"82",-1,56.5
"82",0,55.5
"82",0,54.5
"83",0,-73.5
"83",-1,-72.5
"83",-1,-71.5
"83",-1,-70.5
"83",0,-69.5
"83",0,-68.5
"83",0,-67.5
"83",0,-66.5
"83",0,-65.5
"83",0,-64.5
"83",1,-63.5
"83",0,-62.5
"83",1,-61.5
"83",2,-60.5
"83",3,-59.5
"83",4,-58.5
"83",5,-57.5
"83",6,-56.5
"83",7,-55.5
"83",8,-54.5
"83",9,-53.5
"83",8,-52.5
"83",9,-51.5
"83",10,-51.5
"83",11,-50.5
"83",11,-49.5
"83",11,-48.5
"83",11,-47.5
"83",11,-46.5
"83",11,-45.5
"83",11,-44.5
"83",11,-43.5
"83",11,-42.5
"83",11,-41.5
"83",11,-40.5
"83",11,-39.5
"83",11,-38.5
"83",11,-37.5
"83",11,-36.5
"83",11,-35.5
"83",11,-34.5
"83",11,-33.5
"83",11,-32.5
"83",11,-31.5
"83",11,-30.5
"83",11,-29.5
"83",11,-28.5
"83",11,-27.5
"83",10,-26.5
"83",9,-25.5
"83",8,-24.5
"83",7,-23.5
"83",6,-22.5
"83",5,-21.5
"83",4,-20.5
"83",3,-19.5
"83",2,-18.5
"83",1,-17.5
"83",0,-16.5
"83",-1,-15.5
"83",-2,-14.5
"83",-3,-13.5
"83",-4,-12.5
"83",-5,-11.5
"83",-6,-10.5
"83",-7,-9.5
"83",-8,-8.5
"83",-9,-7.5
"83",-9,-6.5
"83",-10,-5.5
"83",-11,-4.5
"83",-12,-3.5
"83",-13,-2.5
"83",-14,-1.5
"83",-15,-0.5
"83",-16,0.5
"83",-16,1.5
"83",-16,2.5
"83",-16,3.5
"83",-16,4.5
"83",-16,5.5
"83",-16,6.5
"83",-16,7.5
"83",-16,8.5
"83",-16,9.5
"83",-16,10.5
"83",-17,10.5
"83",-18,11.5
"83",-18,12.5
"83",-18,13.5
"83",-18,14.5
"83",-18,15.5
"83",-18,16.5
"83",-18,17.5
"83",-18,18.5
"83",-18,19.5
"83",-18,20.5
"83",-18,21.5
"83",-18,22.5
"83",-18,23.5
"83",-18,24.5
"83",-18,25.5
"83",-18,26.5
"83",-18,27.5
"83",-18,28.5
"83",-18,29.5
"83",-18,30.5
"83",-18,31.5
"83",-18,32.5
"83",-18,33.5
"83",-18,34.5
"83",-18,35.5
"83",-18,36.5
"83",-18,37.5
"83",-18,38.5
"83",-18,39.5
"83",-18,40.5
"83",-18,41.5
"83",-18,42.5
"83",-18,43.5
"83",-18,44.5
"83",-18,45.5
"83",-18,46.5
"83",-18,47.5
"83",-17,48.5
"83",-16,49.5
"83",-15,50.5
"83",-14,51.5
"83",-13,52.5
"83",-12,53.5
"83",-11,54.5
"83",-10,55.5
"83",-9,56.5
"83",-8,57.5
"83",-7,58.5
"83",-6,59.5
"83",-5,59.5
"83",-4,59.5
"83",-3,59.5
"83",-2,58.5
"83",-1,57.5
"83",-1,56.5
"83",0,55.5
"83",0,54.5
"84",0,-73.5
"84",-1,-72.5
"84",-1,-71.5
"84",-1,-70.5
"84",0,-69.5
"84",0,-68.5
"84",0,-67.5
"84",0,-66.5
"84",0,-65.5
"84",0,-64.5
"84",0,-63.5
"84",1,-62.5
"84",2,-61.5
"84",3,-60.5
"84",4,-60.5
"84",5,-59.5
"84",6,-58.5
"84",5,-57.5
"84",6,-56.5
"84",7,-55.5
"84",8,-54.5
"84",9,-53.5
"84",8,-52.5
"84",9,-51.5
"84",10,-51.5
"84",11,-50.5
"84",11,-49.5
"84",11,-48.5
"84",11,-47.5
"84",11,-46.5
"84",11,-45.5
"84",11,-44.5
"84",11,-43.5
"84",11,-42.5
"84",11,-41.5
"84",11,-40.5
"84",11,-39.5
"84",11,-38.5
"84",11,-37.5
"84",11,-36.5
"84",11,-35.5
"84",11,-34.5
"84",11,-33.5
"84",11,-32.5
"84",11,-31.5
"84",11,-30.5
"84",11,-29.5
"84",11,-28.5
"84",11,-27.5
"84",11,-26.5
"84",10,-25.5
"84",9,-24.5
"84",8,-23.5
"84",7,-22.5
"84",6,-21.5
"84",5,-20.5
"84",4,-19.5
"84",3,-18.5
"84",2,-17.5
"84",1,-16.5
"84",1,-15.5
"84",1,-14.5
"84",1,-13.5
"84",0,-12.5
"84",-1,-11.5
"84",-2,-10.5
"84",-3,-9.5
"84",-4,-8.5
"84",-5,-7.5
"84",-6,-6.5
"84",-7,-6.5
"84",-8,-5.5
"84",-9,-4.5
"84",-10,-4.5
"84",-11,-3.5
"84",-12,-3.5
"84",-13,-2.5
"84",-14,-1.5
"84",-15,-1.5
"84",-16,-0.5
"84",-16,0.5
"84",-16,1.5
"84",-16,2.5
"84",-16,3.5
"84",-16,4.5
"84",-16,5.5
"84",-16,6.5
"84",-16,7.5
"84",-16,8.5
"84",-16,9.5
"84",-16,10.5
"84",-17,10.5
"84",-18,11.5
"84",-18,12.5
"84",-18,13.5
"84",-18,14.5
"84",-18,15.5
"84",-18,16.5
"84",-18,17.5
"84",-18,18.5
"84",-18,19.5
"84",-18,20.5
"84",-18,21.5
"84",-18,22.5
"84",-18,23.5
"84",-18,24.5
"84",-18,25.5
"84",-18,26.5
"84",-18,27.5
"84",-18,28.5
"84",-18,29.5
"84",-18,30.5
"84",-18,31.5
"84",-18,32.5
"84",-18,33.5
"84",-18,34.5
"84",-18,35.5
"84",-18,36.5
"84",-18,37.5
"84",-18,38.5
"84",-18,39.5
"84",-18,40.5
"84",-18,41.5
"84",-18,42.5
"84",-18,43.5
"84",-17,44.5
"84",-16,44.5
"84",-15,44.5
"84",-14,45.5
"84",-13,46.5
"84",-13,47.5
"84",-13,48.5
"84",-12,49.5
"84",-12,50.5
"84",-12,51.5
"84",-12,52.5
"84",-12,53.5
"84",-12,54.5
"84",-12,55.5
"84",-11,56.5
"84",-10,57.5
"84",-9,57.5
"84",-8,58.5
"84",-7,59.5
"84",-6,59.5
"84",-5,59.5
"84",-4,59.5
"84",-3,59.5
"84",-2,58.5
"84",-1,58.5
"84",0,57.5
"84",-1,56.5
"84",0,55.5
"84",0,54.5
"85",0,-73.5
"85",-1,-72.5
"85",-1,-71.5
"85",-1,-70.5
"85",0,-69.5
"85",0,-68.5
"85",0,-67.5
"85",0,-66.5
"85",0,-65.5
"85",0,-64.5
"85",0,-63.5
"85",0,-62.5
"85",1,-61.5
"85",2,-60.5
"85",3,-59.5
"85",4,-59.5
"85",5,-58.5
"85",5,-57.5
"85",6,-56.5
"85",7,-55.5
"85",8,-54.5
"85",9,-53.5
"85",10,-53.5
"85",11,-52.5
"85",11,-51.5
"85",11,-50.5
"85",11,-49.5
"85",11,-48.5
"85",11,-47.5
"85",11,-46.5
"85",11,-45.5
"85",11,-44.5
"85",11,-43.5
"85",11,-42.5
"85",11,-41.5
"85",11,-40.5
"85",11,-39.5
"85",11,-38.5
"85",11,-37.5
"85",11,-36.5
"85",11,-35.5
"85",11,-34.5
"85",11,-33.5
"85",11,-32.5
"85",11,-31.5
"85",11,-30.5
"85",11,-29.5
"85",11,-28.5
"85",11,-27.5
"85",11,-26.5
"85",10,-25.5
"85",9,-24.5
"85",8,-23.5
"85",8,-22.5
"85",8,-21.5
"85",8,-20.5
"85",8,-19.5
"85",8,-18.5
"85",8,-17.5
"85",8,-16.5
"85",7,-15.5
"85",6,-14.5
"85",5,-13.5
"85",5,-12.5
"85",4,-11.5
"85",3,-11.5
"85",3,-10.5
"85",2,-9.5
"85",1,-9.5
"85",0,-8.5
"85",-1,-7.5
"85",-1,-6.5
"85",-2,-5.5
"85",-3,-4.5
"85",-4,-4.5
"85",-4,-3.5
"85",-4,-2.5
"85",-4,-1.5
"85",-5,-1.5
"85",-6,-0.5
"85",-7,-0.5
"85",-8,0.5
"85",-9,1.5
"85",-10,1.5
"85",-11,2.5
"85",-11,3.5
"85",-11,4.5
"85",-11,5.5
"85",-12,5.5
"85",-13,6.5
"85",-14,7.5
"85",-15,7.5
"85",-16,7.5
"85",-16,8.5
"85",-16,9.5
"85",-16,10.5
"85",-17,10.5
"85",-18,11.5
"85",-18,12.5
"85",-18,13.5
"85",-18,14.5
"85",-18,15.5
"85",-18,16.5
"85",-18,17.5
"85",-18,18.5
"85",-18,19.5
"85",-18,20.5
"85",-18,21.5
"85",-18,22.5
"85",-18,23.5
"85",-18,24.5
"85",-18,25.5
"85",-18,26.5
"85",-18,27.5
"85",-18,28.5
"85",-18,29.5
"85",-18,30.5
"85",-18,31.5
"85",-18,32.5
"85",-18,33.5
"85",-18,34.5
"85",-18,35.5
"85",-18,36.5
"85",-18,37.5
"85",-18,38.5
"85",-18,39.5
"85",-18,40.5
"85",-18,41.5
"85",-18,42.5
"85",-17,43.5
"85",-16,43.5
"85",-15,43.5
"85",-14,43.5
"85",-13,44.5
"85",-13,45.5
"85",-13,46.5
"85",-13,47.5
"85",-13,48.5
"85",-12,49.5
"85",-12,50.5
"85",-12,51.5
"85",-12,52.5
"85",-12,53.5
"85",-12,54.5
"85",-12,55.5
"85",-11,56.5
"85",-10,57.5
"85",-9,57.5
"85",-8,58.5
"85",-7,59.5
"85",-6,59.5
"85",-5,59.5
"85",-4,59.5
"85",-3,59.5
"85",-2,58.5
"85",-1,58.5
"85",0,57.5
"85",-1,56.5
"85",0,55.5
"85",0,54.5
"86",0,-73.5
"86",1,-73.5
"86",1,-72.5
"86",1,-71.5
"86",1,-70.5
"86",1,-69.5
"86",1,-68.5
"86",1,-67.5
"86",1,-66.5
"86",1,-65.5
"86",0,-64.5
"86",0,-63.5
"86",0,-62.5
"86",1,-61.5
"86",2,-60.5
"86",3,-59.5
"86",4,-59.5
"86",5,-59.5
"86",5,-58.5
"86",5,-57.5
"86",6,-56.5
"86",7,-55.5
"86",8,-54.5
"86",9,-53.5
"86",10,-53.5
"86",11,-53.5
"86",11,-52.5
"86",11,-51.5
"86",11,-50.5
"86",11,-49.5
"86",11,-48.5
"86",11,-47.5
"86",11,-46.5
"86",11,-45.5
"86",11,-44.5
"86",11,-43.5
"86",11,-42.5
"86",11,-41.5
"86",11,-40.5
"86",11,-39.5
"86",11,-38.5
"86",11,-37.5
"86",11,-36.5
"86",11,-35.5
"86",11,-34.5
"86",11,-33.5
"86",11,-32.5
"86",11,-31.5
"86",11,-30.5
"86",11,-29.5
"86",11,-28.5
"86",11,-27.5
"86",11,-26.5
"86",10,-25.5
"86",9,-24.5
"86",8,-23.5
"86",8,-22.5
"86",8,-21.5
"86",8,-20.5
"86",8,-19.5
"86",8,-18.5
"86",8,-17.5
"86",8,-16.5
"86",8,-15.5
"86",8,-14.5
"86",8,-13.5
"86",8,-12.5
"86",7,-11.5
"86",6,-10.5
"86",5,-9.5
"86",4,-9.5
"86",3,-8.5
"86",2,-8.5
"86",1,-8.5
"86",0,-7.5
"86",0,-6.5
"86",-1,-6.5
"86",-2,-5.5
"86",-3,-4.5
"86",-4,-4.5
"86",-4,-3.5
"86",-4,-2.5
"86",-4,-1.5
"86",-5,-1.5
"86",-6,-0.5
"86",-7,-0.5
"86",-8,0.5
"86",-9,1.5
"86",-10,1.5
"86",-11,2.5
"86",-11,3.5
"86",-11,4.5
"86",-11,5.5
"86",-12,5.5
"86",-13,6.5
"86",-14,6.5
"86",-14,7.5
"86",-15,7.5
"86",-16,7.5
"86",-16,8.5
"86",-16,9.5
"86",-16,10.5
"86",-17,10.5
"86",-18,11.5
"86",-18,12.5
"86",-18,13.5
"86",-18,14.5
"86",-18,15.5
"86",-18,16.5
"86",-18,17.5
"86",-18,18.5
"86",-18,19.5
"86",-18,20.5
"86",-18,21.5
"86",-18,22.5
"86",-18,23.5
"86",-18,24.5
"86",-18,25.5
"86",-18,26.5
"86",-18,27.5
"86",-18,28.5
"86",-18,29.5
"86",-18,30.5
"86",-18,31.5
"86",-18,32.5
"86",-18,33.5
"86",-18,34.5
"86",-18,35.5
"86",-18,36.5
"86",-18,37.5
"86",-18,38.5
"86",-18,39.5
"86",-18,40.5
"86",-18,41.5
"86",-18,42.5
"86",-18,43.5
"86",-17,44.5
"86",-16,44.5
"86",-15,44.5
"86",-14,44.5
"86",-13,44.5
"86",-13,45.5
"86",-13,46.5
"86",-13,47.5
"86",-13,48.5
"86",-12,49.5
"86",-12,50.5
"86",-12,51.5
"86",-12,52.5
"86",-12,53.5
"86",-12,54.5
"86",-12,55.5
"86",-12,56.5
"86",-11,57.5
"86",-10,58.5
"86",-9,58.5
"86",-8,58.5
"86",-7,59.5
"86",-6,59.5
"86",-5,59.5
"86",-4,59.5
"86",-3,59.5
"86",-2,58.5
"86",-1,58.5
"86",0,57.5
"86",-1,56.5
"86",0,55.5
"86",0,54.5
"87",0,-73.5
"87",-1,-72.5
"87",-2,-71.5
"87",-3,-71.5
"87",-4,-70.5
"87",-5,-69.5
"87",-6,-68.5
"87",-7,-67.5
"87",-8,-66.5
"87",-8,-65.5
"87",-7,-64.5
"87",-6,-63.5
"87",-5,-62.5
"87",-4,-61.5
"87",-3,-60.5
"87",-2,-59.5
"87",-1,-58.5
"87",0,-57.5
"87",1,-56.5
"87",2,-55.5
"87",3,-54.5
"87",2,-53.5
"87",1,-52.5
"87",2,-51.5
"87",3,-50.5
"87",4,-49.5
"87",5,-48.5
"87",6,-47.5
"87",7,-46.5
"87",8,-45.5
"87",9,-44.5
"87",10,-43.5
"87",10,-42.5
"87",10,-41.5
"87",10,-40.5
"87",10,-39.5
"87",10,-38.5
"87",11,-37.5
"87",11,-36.5
"87",12,-35.5
"87",13,-34.5
"87",13,-33.5
"87",13,-32.5
"87",13,-31.5
"87",13,-30.5
"87",13,-29.5
"87",13,-28.5
"87",12,-27.5
"87",11,-26.5
"87",10,-25.5
"87",9,-24.5
"87",8,-23.5
"87",7,-22.5
"87",6,-21.5
"87",5,-20.5
"87",4,-19.5
"87",3,-18.5
"87",2,-17.5
"87",1,-16.5
"87",0,-15.5
"87",-1,-14.5
"87",-2,-13.5
"87",-3,-12.5
"87",-4,-11.5
"87",-5,-10.5
"87",-6,-9.5
"87",-7,-8.5
"87",-8,-7.5
"87",-9,-6.5
"87",-10,-5.5
"87",-11,-4.5
"87",-12,-3.5
"87",-13,-2.5
"87",-14,-1.5
"87",-15,-0.5
"87",-16,0.5
"87",-17,1.5
"87",-18,2.5
"87",-18,3.5
"87",-18,4.5
"87",-18,5.5
"87",-18,6.5
"87",-18,7.5
"87",-18,8.5
"87",-18,9.5
"87",-18,10.5
"87",-18,11.5
"87",-18,12.5
"87",-18,13.5
"87",-18,14.5
"87",-18,15.5
"87",-18,16.5
"87",-18,17.5
"87",-18,18.5
"87",-18,19.5
"87",-18,20.5
"87",-18,21.5
"87",-18,22.5
"87",-18,23.5
"87",-18,24.5
"87",-17,25.5
"87",-17,26.5
"87",-17,27.5
"87",-17,28.5
"87",-17,29.5
"87",-17,30.5
"87",-17,31.5
"87",-17,32.5
"87",-17,33.5
"87",-17,34.5
"87",-17,35.5
"87",-17,36.5
"87",-17,37.5
"87",-17,38.5
"87",-17,39.5
"87",-17,40.5
"87",-18,41.5
"87",-19,42.5
"87",-20,43.5
"87",-20,44.5
"87",-20,45.5
"87",-19,46.5
"87",-18,47.5
"87",-17,48.5
"87",-16,49.5
"87",-15,50.5
"87",-14,51.5
"87",-13,52.5
"87",-12,53.5
"87",-11,54.5
"87",-10,55.5
"87",-9,56.5
"87",-8,57.5
"87",-7,58.5
"87",-6,59.5
"87",-5,59.5
"87",-4,59.5
"87",-3,59.5
"87",-2,58.5
"87",-1,57.5
"87",-1,56.5
"87",0,55.5
"87",0,54.5
"88",0,-73.5
"88",-1,-72.5
"88",-1,-71.5
"88",-1,-70.5
"88",0,-69.5
"88",1,-68.5
"88",0,-67.5
"88",0,-66.5
"88",0,-65.5
"88",0,-64.5
"88",1,-63.5
"88",0,-62.5
"88",1,-61.5
"88",2,-60.5
"88",3,-59.5
"88",4,-58.5
"88",5,-57.5
"88",6,-56.5
"88",7,-55.5
"88",8,-54.5
"88",9,-53.5
"88",8,-52.5
"88",9,-51.5
"88",8,-50.5
"88",9,-49.5
"88",8,-48.5
"88",9,-47.5
"88",10,-46.5
"88",11,-45.5
"88",11,-44.5
"88",11,-43.5
"88",11,-42.5
"88",11,-41.5
"88",11,-40.5
"88",11,-39.5
"88",11,-38.5
"88",11,-37.5
"88",11,-36.5
"88",11,-35.5
"88",11,-34.5
"88",11,-33.5
"88",11,-32.5
"88",11,-31.5
"88",11,-30.5
"88",11,-29.5
"88",11,-28.5
"88",11,-27.5
"88",11,-26.5
"88",10,-25.5
"88",9,-24.5
"88",8,-23.5
"88",7,-22.5
"88",6,-21.5
"88",5,-20.5
"88",4,-19.5
"88",3,-18.5
"88",2,-17.5
"88",1,-16.5
"88",0,-15.5
"88",-1,-14.5
"88",-2,-13.5
"88",-3,-12.5
"88",-4,-11.5
"88",-5,-10.5
"88",-6,-9.5
"88",-7,-8.5
"88",-8,-7.5
"88",-9,-6.5
"88",-10,-5.5
"88",-11,-4.5
"88",-12,-3.5
"88",-13,-2.5
"88",-14,-1.5
"88",-15,-0.5
"88",-16,0.5
"88",-17,1.5
"88",-18,2.5
"88",-18,3.5
"88",-18,4.5
"88",-18,5.5
"88",-18,6.5
"88",-18,7.5
"88",-18,8.5
"88",-18,9.5
"88",-18,10.5
"88",-18,11.5
"88",-18,12.5
"88",-18,13.5
"88",-18,14.5
"88",-18,15.5
"88",-18,16.5
"88",-18,17.5
"88",-18,18.5
"88",-18,19.5
"88",-18,20.5
"88",-18,21.5
"88",-18,22.5
"88",-18,23.5
"88",-18,24.5
"88",-18,25.5
"88",-18,26.5
"88",-18,27.5
"88",-18,28.5
"88",-18,29.5
"88",-18,30.5
"88",-18,31.5
"88",-18,32.5
"88",-18,33.5
"88",-18,34.5
"88",-18,35.5
"88",-18,36.5
"88",-18,37.5
"88",-18,38.5
"88",-18,39.5
"88",-18,40.5
"88",-18,41.5
"88",-18,42.5
"88",-18,43.5
"88",-18,44.5
"88",-18,45.5
"88",-18,46.5
"88",-18,47.5
"88",-17,48.5
"88",-16,49.5
"88",-15,50.5
"88",-14,51.5
"88",-13,52.5
"88",-12,53.5
"88",-11,54.5
"88",-10,55.5
"88",-9,56.5
"88",-8,57.5
"88",-7,58.5
"88",-6,59.5
"88",-5,59.5
"88",-4,59.5
"88",-3,59.5
"88",-2,58.5
"88",-1,57.5
"88",-1,56.5
"88",0,55.5
"88",0,54.5
"89",0,-73.5
"89",-1,-72.5
"89",-1,-71.5
"89",-1,-70.5
"89",0,-69.5
"89",0,-68.5
"89",0,-67.5
"89",0,-66.5
"89",0,-65.5
"89",0,-64.5
"89",1,-63.5
"89",0,-62.5
"89",1,-61.5
"89",2,-60.5
"89",3,-59.5
"89",4,-58.5
"89",5,-57.5
"89",6,-56.5
"89",7,-55.5
"89",8,-54.5
"89",9,-53.5
"89",10,-52.5
"89",11,-51.5
"89",11,-50.5
"89",11,-49.5
"89",11,-48.5
"89",11,-47.5
"89",11,-46.5
"89",11,-45.5
"89",11,-44.5
"89",11,-43.5
"89",11,-42.5
"89",11,-41.5
"89",11,-40.5
"89",11,-39.5
"89",11,-38.5
"89",11,-37.5
"89",11,-36.5
"89",11,-35.5
"89",11,-34.5
"89",11,-33.5
"89",11,-32.5
"89",11,-31.5
"89",11,-30.5
"89",11,-29.5
"89",11,-28.5
"89",11,-27.5
"89",10,-26.5
"89",9,-25.5
"89",8,-24.5
"89",7,-23.5
"89",6,-22.5
"89",5,-21.5
"89",4,-20.5
"89",3,-19.5
"89",2,-18.5
"89",1,-17.5
"89",0,-16.5
"89",-1,-15.5
"89",-2,-14.5
"89",-3,-13.5
"89",-4,-12.5
"89",-5,-11.5
"89",-6,-10.5
"89",-7,-9.5
"89",-8,-8.5
"89",-9,-7.5
"89",-9,-6.5
"89",-10,-5.5
"89",-11,-4.5
"89",-12,-3.5
"89",-13,-2.5
"89",-14,-1.5
"89",-15,-0.5
"89",-16,0.5
"89",-16,1.5
"89",-16,2.5
"89",-16,3.5
"89",-16,4.5
"89",-16,5.5
"89",-16,6.5
"89",-16,7.5
"89",-16,8.5
"89",-16,9.5
"89",-16,10.5
"89",-17,11.5
"89",-18,12.5
"89",-18,13.5
"89",-18,14.5
"89",-18,15.5
"89",-18,16.5
"89",-18,17.5
"89",-18,18.5
"89",-18,19.5
"89",-18,20.5
"89",-18,21.5
"89",-18,22.5
"89",-18,23.5
"89",-18,24.5
"89",-18,25.5
"89",-18,26.5
"89",-18,27.5
"89",-18,28.5
"89",-18,29.5
"89",-18,30.5
"89",-18,31.5
"89",-18,32.5
"89",-18,33.5
"89",-18,34.5
"89",-18,35.5
"89",-18,36.5
"89",-18,37.5
"89",-18,38.5
"89",-18,39.5
"89",-18,40.5
"89",-18,41.5
"89",-18,42.5
"89",-18,43.5
"89",-18,44.5
"89",-18,45.5
"89",-18,46.5
"89",-18,47.5
"89",-17,48.5
"89",-16,49.5
"89",-15,50.5
"89",-14,51.5
"89",-13,52.5
"89",-12,53.5
"89",-11,54.5
"89",-10,55.5
"89",-9,56.5
"89",-8,57.5
"89",-7,58.5
"89",-6,59.5
"89",-5,59.5
"89",-4,59.5
"89",-3,59.5
"89",-2,58.5
"89",-1,57.5
"89",-1,56.5
"89",0,55.5
"89",0,54.5
"90",0,-73.5
"90",1,-73.5
"90",1,-72.5
"90",1,-71.5
"90",1,-70.5
"90",1,-69.5
"90",1,-68.5
"90",1,-67.5
"90",1,-66.5
"90",1,-65.5
"90",0,-64.5
"90",0,-63.5
"90",0,-62.5
"90",0,-61.5
"90",0,-60.5
"90",0,-59.5
"90",0,-58.5
"90",0,-57.5
"90",0,-56.5
"90",0,-55.5
"90",0,-54.5
"90",0,-53.5
"90",0,-52.5
"90",0,-51.5
"90",0,-50.5
"90",0,-49.5
"90",0,-48.5
"90",1,-47.5
"90",1,-46.5
"90",1,-45.5
"90",1,-44.5
"90",2,-43.5
"90",3,-42.5
"90",4,-42.5
"90",5,-41.5
"90",4,-40.5
"90",5,-39.5
"90",5,-38.5
"90",5,-37.5
"90",5,-36.5
"90",5,-35.5
"90",5,-34.5
"90",5,-33.5
"90",5,-32.5
"90",5,-31.5
"90",5,-30.5
"90",5,-29.5
"90",5,-28.5
"90",5,-27.5
"90",5,-26.5
"90",5,-25.5
"90",5,-24.5
"90",5,-23.5
"90",5,-22.5
"90",5,-21.5
"90",5,-20.5
"90",4,-19.5
"90",3,-18.5
"90",3,-17.5
"90",3,-16.5
"90",3,-15.5
"90",3,-14.5
"90",3,-13.5
"90",3,-12.5
"90",3,-11.5
"90",3,-10.5
"90",2,-9.5
"90",1,-9.5
"90",0,-8.5
"90",-1,-7.5
"90",-1,-6.5
"90",-2,-5.5
"90",-3,-4.5
"90",-4,-4.5
"90",-4,-3.5
"90",-4,-2.5
"90",-4,-1.5
"90",-5,-1.5
"90",-6,-0.5
"90",-7,-0.5
"90",-8,0.5
"90",-9,1.5
"90",-10,1.5
"90",-11,2.5
"90",-11,3.5
"90",-11,4.5
"90",-11,5.5
"90",-12,5.5
"90",-13,6.5
"90",-14,7.5
"90",-15,7.5
"90",-16,7.5
"90",-16,8.5
"90",-16,9.5
"90",-16,10.5
"90",-17,10.5
"90",-18,11.5
"90",-18,12.5
"90",-18,13.5
"90",-18,14.5
"90",-18,15.5
"90",-18,16.5
"90",-18,17.5
"90",-18,18.5
"90",-18,19.5
"90",-18,20.5
"90",-18,21.5
"90",-18,22.5
"90",-18,23.5
"90",-18,24.5
"90",-18,25.5
"90",-18,26.5
"90",-18,27.5
"90",-18,28.5
"90",-18,29.5
"90",-18,30.5
"90",-18,31.5
"90",-18,32.5
"90",-18,33.5
"90",-18,34.5
"90",-18,35.5
"90",-18,36.5
"90",-18,37.5
"90",-18,38.5
"90",-18,39.5
"90",-18,40.5
"90",-18,41.5
"90",-18,42.5
"90",-17,43.5
"90",-16,43.5
"90",-15,43.5
"90",-14,43.5
"90",-13,44.5
"90",-13,45.5
"90",-13,46.5
"90",-13,47.5
"90",-13,48.5
"90",-12,49.5
"90",-12,50.5
"90",-12,51.5
"90",-12,52.5
"90",-12,53.5
"90",-12,54.5
"90",-12,55.5
"90",-11,56.5
"90",-10,57.5
"90",-9,57.5
"90",-8,58.5
"90",-7,59.5
"90",-6,59.5
"90",-5,59.5
"90",-4,59.5
"90",-3,59.5
"90",-2,58.5
"90",-1,58.5
"90",0,57.5
"90",-1,56.5
"90",0,55.5
"90",0,54.5
"91",0,-73.5
"91",-1,-72.5
"91",-2,-71.5
"91",-3,-71.5
"91",-4,-70.5
"91",-5,-69.5
"91",-6,-68.5
"91",-7,-67.5
"91",-8,-66.5
"91",-8,-65.5
"91",-7,-64.5
"91",-8,-63.5
"91",-7,-62.5
"91",-6,-61.5
"91",-5,-60.5
"91",-4,-59.5
"91",-3,-58.5
"91",-2,-57.5
"91",-1,-56.5
"91",0,-55.5
"91",1,-54.5
"91",2,-53.5
"91",3,-52.5
"91",4,-51.5
"91",5,-50.5
"91",6,-49.5
"91",7,-48.5
"91",8,-47.5
"91",9,-46.5
"91",10,-45.5
"91",11,-44.5
"91",11,-43.5
"91",11,-42.5
"91",11,-41.5
"91",11,-40.5
"91",11,-39.5
"91",11,-38.5
"91",12,-37.5
"91",12,-36.5
"91",12,-35.5
"91",12,-34.5
"91",12,-33.5
"91",12,-32.5
"91",12,-31.5
"91",12,-30.5
"91",12,-29.5
"91",12,-28.5
"91",12,-27.5
"91",11,-26.5
"91",10,-25.5
"91",9,-24.5
"91",8,-23.5
"91",7,-22.5
"91",6,-21.5
"91",5,-20.5
"91",4,-19.5
"91",3,-18.5
"91",2,-17.5
"91",1,-16.5
"91",0,-15.5
"91",-1,-14.5
"91",-2,-13.5
"91",-3,-12.5
"91",-4,-11.5
"91",-5,-10.5
"91",-6,-9.5
"91",-7,-8.5
"91",-8,-7.5
"91",-9,-6.5
"91",-10,-5.5
"91",-11,-4.5
"91",-12,-3.5
"91",-13,-2.5
"91",-14,-1.5
"91",-15,-0.5
"91",-16,0.5
"91",-17,1.5
"91",-18,2.5
"91",-18,3.5
"91",-18,4.5
"91",-18,5.5
"91",-18,6.5
"91",-18,7.5
"91",-18,8.5
"91",-18,9.5
"91",-18,10.5
"91",-18,11.5
"91",-18,12.5
"91",-18,13.5
"91",-18,14.5
"91",-18,15.5
"91",-18,16.5
"91",-18,17.5
"91",-18,18.5
"91",-18,19.5
"91",-18,20.5
"91",-18,21.5
"91",-18,22.5
"91",-18,23.5
"91",-18,24.5
"91",-18,25.5
"91",-18,26.5
"91",-18,27.5
"91",-18,28.5
"91",-18,29.5
"91",-18,30.5
"91",-18,31.5
"91",-18,32.5
"91",-18,33.5
"91",-18,34.5
"91",-18,35.5
"91",-18,36.5
"91",-18,37.5
"91",-18,38.5
"91",-18,39.5
"91",-18,40.5
"91",-18,41.5
"91",-19,42.5
"91",-19,43.5
"91",-19,44.5
"91",-19,45.5
"91",-19,46.5
"91",-18,47.5
"91",-17,48.5
"91",-16,49.5
"91",-15,50.5
"91",-14,51.5
"91",-13,52.5
"91",-12,53.5
"91",-11,54.5
"91",-10,55.5
"91",-9,56.5
"91",-8,57.5
"91",-7,58.5
"91",-6,59.5
"91",-5,59.5
"91",-4,59.5
"91",-3,59.5
"91",-2,58.5
"91",-1,57.5
"91",-1,56.5
"91",0,55.5
"91",0,54.5
"92",0,-73.5
"92",-1,-72.5
"92",-1,-71.5
"92",0,-70.5
"92",-1,-69.5
"92",0,-68.5
"92",0,-67.5
"92",0,-66.5
"92",0,-65.5
"92",0,-64.5
"92",1,-63.5
"92",0,-62.5
"92",1,-61.5
"92",2,-60.5
"92",3,-59.5
"92",4,-58.5
"92",5,-57.5
"92",6,-56.5
"92",7,-55.5
"92",8,-54.5
"92",9,-53.5
"92",10,-52.5
"92",11,-51.5
"92",11,-50.5
"92",11,-49.5
"92",11,-48.5
"92",11,-47.5
"92",11,-46.5
"92",11,-45.5
"92",11,-44.5
"92",11,-43.5
"92",11,-42.5
"92",11,-41.5
"92",11,-40.5
"92",11,-39.5
"92",11,-38.5
"92",11,-37.5
"92",11,-36.5
"92",11,-35.5
"92",11,-34.5
"92",11,-33.5
"92",11,-32.5
"92",11,-31.5
"92",11,-30.5
"92",11,-29.5
"92",11,-28.5
"92",11,-27.5
"92",11,-26.5
"92",10,-25.5
"92",9,-24.5
"92",8,-23.5
"92",7,-22.5
"92",6,-21.5
"92",5,-20.5
"92",4,-19.5
"92",3,-18.5
"92",2,-17.5
"92",1,-16.5
"92",0,-15.5
"92",-1,-14.5
"92",-2,-13.5
"92",-3,-12.5
"92",-4,-11.5
"92",-5,-10.5
"92",-6,-9.5
"92",-7,-8.5
"92",-8,-7.5
"92",-9,-6.5
"92",-10,-5.5
"92",-11,-4.5
"92",-12,-3.5
"92",-13,-2.5
"92",-14,-1.5
"92",-15,-0.5
"92",-16,0.5
"92",-16,1.5
"92",-16,2.5
"92",-16,3.5
"92",-16,4.5
"92",-16,5.5
"92",-16,6.5
"92",-16,7.5
"92",-16,8.5
"92",-16,9.5
"92",-17,10.5
"92",-18,11.5
"92",-18,12.5
"92",-18,13.5
"92",-18,14.5
"92",-18,15.5
"92",-18,16.5
"92",-18,17.5
"92",-18,18.5
"92",-18,19.5
"92",-18,20.5
"92",-18,21.5
"92",-18,22.5
"92",-18,23.5
"92",-18,24.5
"92",-18,25.5
"92",-18,26.5
"92",-18,27.5
"92",-18,28.5
"92",-18,29.5
"92",-18,30.5
"92",-18,31.5
"92",-18,32.5
"92",-18,33.5
"92",-18,34.5
"92",-18,35.5
"92",-18,36.5
"92",-18,37.5
"92",-18,38.5
"92",-18,39.5
"92",-18,40.5
"92",-18,41.5
"92",-18,42.5
"92",-18,43.5
"92",-18,44.5
"92",-18,45.5
"92",-18,46.5
"92",-18,47.5
"92",-17,48.5
"92",-16,49.5
"92",-15,50.5
"92",-14,51.5
"92",-13,52.5
"92",-12,53.5
"92",-11,54.5
"92",-10,55.5
"92",-9,56.5
"92",-8,57.5
"92",-7,58.5
"92",-6,59.5
"92",-5,59.5
"92",-4,59.5
"92",-3,59.5
"92",-2,58.5
"92",-1,57.5
"92",-1,56.5
"92",0,55.5
"92",0,54.5
"93",0,-73.5
"93",1,-73.5
"93",1,-72.5
"93",1,-71.5
"93",1,-70.5
"93",1,-69.5
"93",1,-68.5
"93",1,-67.5
"93",1,-66.5
"93",1,-65.5
"93",0,-64.5
"93",0,-63.5
"93",0,-62.5
"93",0,-61.5
"93",0,-60.5
"93",0,-59.5
"93",0,-58.5
"93",0,-57.5
"93",0,-56.5
"93",0,-55.5
"93",0,-54.5
"93",0,-53.5
"93",0,-52.5
"93",0,-51.5
"93",0,-50.5
"93",0,-49.5
"93",0,-48.5
"93",1,-47.5
"93",1,-46.5
"93",1,-45.5
"93",1,-44.5
"93",2,-43.5
"93",3,-42.5
"93",4,-41.5
"93",4,-40.5
"93",5,-39.5
"93",5,-38.5
"93",5,-37.5
"93",5,-36.5
"93",5,-35.5
"93",5,-34.5
"93",5,-33.5
"93",5,-32.5
"93",5,-31.5
"93",5,-30.5
"93",5,-29.5
"93",5,-28.5
"93",5,-27.5
"93",5,-26.5
"93",5,-25.5
"93",5,-24.5
"93",5,-23.5
"93",5,-22.5
"93",5,-21.5
"93",5,-20.5
"93",4,-19.5
"93",3,-18.5
"93",3,-17.5
"93",3,-16.5
"93",3,-15.5
"93",3,-14.5
"93",3,-13.5
"93",3,-12.5
"93",3,-11.5
"93",3,-10.5
"93",2,-9.5
"93",1,-9.5
"93",0,-8.5
"93",-1,-7.5
"93",-1,-6.5
"93",-2,-5.5
"93",-3,-4.5
"93",-4,-4.5
"93",-4,-3.5
"93",-4,-2.5
"93",-5,-1.5
"93",-6,-0.5
"93",-7,-0.5
"93",-8,0.5
"93",-9,1.5
"93",-10,1.5
"93",-11,2.5
"93",-11,3.5
"93",-11,4.5
"93",-11,5.5
"93",-12,5.5
"93",-13,6.5
"93",-14,7.5
"93",-15,7.5
"93",-16,7.5
"93",-16,8.5
"93",-16,9.5
"93",-16,10.5
"93",-17,10.5
"93",-18,11.5
"93",-18,12.5
"93",-18,13.5
"93",-18,14.5
"93",-18,15.5
"93",-18,16.5
"93",-18,17.5
"93",-18,18.5
"93",-18,19.5
"93",-18,20.5
"93",-18,21.5
"93",-18,22.5
"93",-18,23.5
"93",-18,24.5
"93",-18,25.5
"93",-18,26.5
"93",-18,27.5
"93",-18,28.5
"93",-18,29.5
"93",-18,30.5
"93",-18,31.5
"93",-18,32.5
"93",-18,33.5
"93",-18,34.5
"93",-18,35.5
"93",-18,36.5
"93",-18,37.5
"93",-18,38.5
"93",-18,39.5
"93",-18,40.5
"93",-18,41.5
"93",-18,42.5
"93",-18,43.5
"93",-17,44.5
"93",-16,44.5
"93",-15,44.5
"93",-14,45.5
"93",-13,46.5
"93",-13,47.5
"93",-13,48.5
"93",-12,49.5
"93",-12,50.5
"93",-12,51.5
"93",-12,52.5
"93",-12,53.5
"93",-12,54.5
"93",-12,55.5
"93",-11,56.5
"93",-10,57.5
"93",-9,57.5
"93",-8,58.5
"93",-7,59.5
"93",-6,59.5
"93",-5,59.5
"93",-4,59.5
"93",-3,59.5
"93",-2,58.5
"93",-1,57.5
"93",0,56.5
"93",0,55.5
"93",0,54.5
"94",0,-73.5
"94",-1,-72.5
"94",-2,-71.5
"94",-3,-70.5
"94",-4,-69.5
"94",-5,-68.5
"94",-6,-67.5
"94",-7,-66.5
"94",-8,-65.5
"94",-9,-64.5
"94",-8,-63.5
"94",-7,-62.5
"94",-6,-61.5
"94",-5,-60.5
"94",-4,-59.5
"94",-3,-58.5
"94",-2,-57.5
"94",-1,-56.5
"94",0,-55.5
"94",1,-54.5
"94",2,-53.5
"94",3,-52.5
"94",4,-51.5
"94",5,-50.5
"94",6,-49.5
"94",7,-48.5
"94",8,-47.5
"94",9,-46.5
"94",10,-45.5
"94",11,-44.5
"94",11,-43.5
"94",11,-42.5
"94",11,-41.5
"94",11,-40.5
"94",11,-39.5
"94",11,-38.5
"94",11,-37.5
"94",11,-36.5
"94",11,-35.5
"94",11,-34.5
"94",11,-33.5
"94",11,-32.5
"94",11,-31.5
"94",11,-30.5
"94",11,-29.5
"94",11,-28.5
"94",11,-27.5
"94",11,-26.5
"94",10,-25.5
"94",9,-24.5
"94",8,-23.5
"94",7,-22.5
"94",6,-21.5
"94",5,-20.5
"94",4,-19.5
"94",3,-18.5
"94",2,-17.5
"94",1,-16.5
"94",0,-15.5
"94",-1,-14.5
"94",-2,-13.5
"94",-3,-12.5
"94",-4,-11.5
"94",-5,-10.5
"94",-6,-9.5
"94",-7,-8.5
"94",-8,-7.5
"94",-9,-6.5
"94",-10,-5.5
"94",-11,-4.5
"94",-12,-3.5
"94",-13,-2.5
"94",-14,-1.5
"94",-15,-0.5
"94",-16,0.5
"94",-17,1.5
"94",-17,2.5
"94",-17,3.5
"94",-17,4.5
"94",-17,5.5
"94",-17,6.5
"94",-17,7.5
"94",-17,8.5
"94",-17,9.5
"94",-17,10.5
"94",-17,11.5
"94",-17,12.5
"94",-18,13.5
"94",-18,14.5
"94",-18,15.5
"94",-18,16.5
"94",-18,17.5
"94",-18,18.5
"94",-18,19.5
"94",-18,20.5
"94",-18,21.5
"94",-18,22.5
"94",-18,23.5
"94",-18,24.5
"94",-18,25.5
"94",-18,26.5
"94",-18,27.5
"94",-18,28.5
"94",-18,29.5
"94",-18,30.5
"94",-18,31.5
"94",-18,32.5
"94",-18,33.5
"94",-18,34.5
"94",-18,35.5
"94",-18,36.5
"94",-18,37.5
"94",-18,38.5
"94",-18,39.5
"94",-18,40.5
"94",-18,41.5
"94",-18,42.5
"94",-18,43.5
"94",-18,44.5
"94",-18,45.5
"94",-18,46.5
"94",-18,47.5
"94",-17,48.5
"94",-16,49.5
"94",-15,50.5
"94",-14,51.5
"94",-13,52.5
"94",-12,53.5
"94",-11,54.5
"94",-10,55.5
"94",-9,56.5
"94",-8,57.5
"94",-7,58.5
"94",-6,59.5
"94",-5,59.5
"94",-4,59.5
"94",-3,59.5
"94",-2,58.5
"94",-1,57.5
"94",-1,56.5
"94",0,55.5
"94",0,54.5
"95",0,-73.5
"95",-1,-72.5
"95",-1,-71.5
"95",0,-70.5
"95",-1,-69.5
"95",0,-68.5
"95",0,-67.5
"95",0,-66.5
"95",0,-65.5
"95",0,-64.5
"95",1,-63.5
"95",0,-62.5
"95",1,-61.5
"95",2,-60.5
"95",3,-59.5
"95",4,-58.5
"95",5,-57.5
"95",6,-56.5
"95",7,-55.5
"95",8,-54.5
"95",9,-53.5
"95",10,-52.5
"95",11,-51.5
"95",11,-50.5
"95",11,-49.5
"95",11,-48.5
"95",11,-47.5
"95",11,-46.5
"95",11,-45.5
"95",11,-44.5
"95",11,-43.5
"95",11,-42.5
"95",11,-41.5
"95",11,-40.5
"95",11,-39.5
"95",11,-38.5
"95",11,-37.5
"95",11,-36.5
"95",11,-35.5
"95",11,-34.5
"95",11,-33.5
"95",11,-32.5
"95",11,-31.5
"95",11,-30.5
"95",11,-29.5
"95",11,-28.5
"95",11,-27.5
"95",10,-26.5
"95",9,-25.5
"95",8,-24.5
"95",7,-23.5
"95",6,-22.5
"95",5,-21.5
"95",4,-20.5
"95",3,-19.5
"95",2,-18.5
"95",1,-17.5
"95",0,-16.5
"95",-1,-15.5
"95",-2,-14.5
"95",-3,-13.5
"95",-4,-12.5
"95",-5,-11.5
"95",-6,-10.5
"95",-7,-9.5
"95",-8,-8.5
"95",-9,-7.5
"95",-9,-6.5
"95",-10,-5.5
"95",-11,-4.5
"95",-12,-3.5
"95",-13,-2.5
"95",-14,-1.5
"95",-15,-0.5
"95",-16,0.5
"95",-16,1.5
"95",-16,2.5
"95",-16,3.5
"95",-16,4.5
"95",-16,5.5
"95",-16,6.5
"95",-16,7.5
"95",-16,8.5
"95",-16,9.5
"95",-16,10.5
"95",-17,11.5
"95",-18,12.5
"95",-18,13.5
"95",-18,14.5
"95",-18,15.5
"95",-18,16.5
"95",-18,17.5
"95",-18,18.5
"95",-18,19.5
"95",-18,20.5
"95",-18,21.5
"95",-18,22.5
"95",-18,23.5
"95",-18,24.5
"95",-18,25.5
"95",-18,26.5
"95",-18,27.5
"95",-18,28.5
"95",-18,29.5
"95",-18,30.5
"95",-18,31.5
"95",-18,32.5
"95",-18,33.5
"95",-18,34.5
"95",-18,35.5
"95",-18,36.5
"95",-18,37.5
"95",-18,38.5
"95",-18,39.5
"95",-18,40.5
"95",-18,41.5
"95",-18,42.5
"95",-18,43.5
"95",-18,44.5
"95",-18,45.5
"95",-18,46.5
"95",-18,47.5
"95",-17,48.5
"95",-16,49.5
"95",-15,50.5
"95",-14,51.5
"95",-13,52.5
"95",-12,53.5
"95",-11,54.5
"95",-10,55.5
"95",-9,56.5
"95",-8,57.5
"95",-7,58.5
"95",-6,59.5
"95",-5,59.5
"95",-4,59.5
"95",-3,59.5
"95",-2,58.5
"95",-1,57.5
"95",0,56.5
"95",0,55.5
"95",0,54.5
"96",0,-73.5
"96",-1,-72.5
"96",-1,-71.5
"96",-1,-70.5
"96",0,-69.5
"96",0,-68.5
"96",0,-67.5
"96",0,-66.5
"96",0,-65.5
"96",0,-64.5
"96",0,-63.5
"96",0,-62.5
"96",0,-61.5
"96",0,-60.5
"96",0,-59.5
"96",0,-58.5
"96",0,-57.5
"96",0,-56.5
"96",0,-55.5
"96",0,-54.5
"96",0,-53.5
"96",0,-52.5
"96",0,-51.5
"96",0,-50.5
"96",0,-49.5
"96",0,-48.5
"96",1,-47.5
"96",1,-46.5
"96",1,-45.5
"96",1,-44.5
"96",2,-43.5
"96",3,-42.5
"96",4,-41.5
"96",4,-40.5
"96",5,-39.5
"96",5,-38.5
"96",5,-37.5
"96",5,-36.5
"96",5,-35.5
"96",5,-34.5
"96",5,-33.5
"96",5,-32.5
"96",5,-31.5
"96",5,-30.5
"96",5,-29.5
"96",5,-28.5
"96",5,-27.5
"96",5,-26.5
"96",5,-25.5
"96",5,-24.5
"96",5,-23.5
"96",5,-22.5
"96",5,-21.5
"96",5,-20.5
"96",4,-19.5
"96",3,-18.5
"96",2,-17.5
"96",1,-16.5
"96",0,-15.5
"96",-1,-14.5
"96",-2,-13.5
"96",-3,-12.5
"96",-4,-11.5
"96",-5,-11.5
"96",-6,-10.5
"96",-7,-9.5
"96",-8,-8.5
"96",-9,-7.5
"96",-9,-6.5
"96",-10,-5.5
"96",-11,-4.5
"96",-12,-4.5
"96",-13,-3.5
"96",-14,-2.5
"96",-15,-1.5
"96",-16,-0.5
"96",-16,0.5
"96",-16,1.5
"96",-16,2.5
"96",-16,3.5
"96",-16,4.5
"96",-16,5.5
"96",-16,6.5
"96",-16,7.5
"96",-16,8.5
"96",-16,9.5
"96",-16,10.5
"96",-17,11.5
"96",-18,12.5
"96",-18,13.5
"96",-18,14.5
"96",-18,15.5
"96",-18,16.5
"96",-18,17.5
"96",-18,18.5
"96",-18,19.5
"96",-18,20.5
"96",-18,21.5
"96",-18,22.5
"96",-18,23.5
"96",-18,24.5
"96",-18,25.5
"96",-18,26.5
"96",-18,27.5
"96",-18,28.5
"96",-18,29.5
"96",-18,30.5
"96",-18,31.5
"96",-18,32.5
"96",-18,33.5
"96",-18,34.5
"96",-18,35.5
"96",-18,36.5
"96",-18,37.5
"96",-18,38.5
"96",-18,39.5
"96",-18,40.5
"96",-18,41.5
"96",-18,42.5
"96",-17,43.5
"96",-16,44.5
"96",-15,45.5
"96",-14,46.5
"96",-13,47.5
"96",-13,48.5
"96",-12,49.5
"96",-12,50.5
"96",-12,51.5
"96",-12,52.5
"96",-12,53.5
"96",-11,54.5
"96",-10,55.5
"96",-9,56.5
"96",-8,57.5
"96",-7,58.5
"96",-6,59.5
"96",-5,59.5
"96",-4,59.5
"96",-3,59.5
"96",-2,58.5
"96",-1,57.5
"96",0,56.5
"96",0,55.5
"96",0,54.5
"97",0,-73.5
"97",-1,-72.5
"97",-2,-71.5
"97",-3,-70.5
"97",-4,-69.5
"97",-5,-68.5
"97",-6,-67.5
"97",-7,-66.5
"97",-8,-65.5
"97",-9,-64.5
"97",-10,-63.5
"97",-11,-62.5
"97",-10,-61.5
"97",-9,-60.5
"97",-8,-59.5
"97",-7,-58.5
"97",-6,-57.5
"97",-5,-56.5
"97",-4,-55.5
"97",-3,-54.5
"97",-2,-53.5
"97",-1,-52.5
"97",0,-51.5
"97",1,-50.5
"97",2,-49.5
"97",3,-48.5
"97",4,-47.5
"97",5,-46.5
"97",6,-45.5
"97",7,-44.5
"97",8,-43.5
"97",9,-42.5
"97",9,-41.5
"97",9,-40.5
"97",9,-39.5
"97",9,-38.5
"97",9,-37.5
"97",9,-36.5
"97",9,-35.5
"97",9,-34.5
"97",9,-33.5
"97",9,-32.5
"97",9,-31.5
"97",9,-30.5
"97",9,-29.5
"97",9,-28.5
"97",9,-27.5
"97",9,-26.5
"97",9,-25.5
"97",8,-24.5
"97",7,-23.5
"97",6,-22.5
"97",5,-21.5
"97",4,-20.5
"97",3,-19.5
"97",2,-18.5
"97",1,-17.5
"97",0,-16.5
"97",-1,-15.5
"97",-2,-14.5
"97",-3,-13.5
"97",-4,-12.5
"97",-5,-11.5
"97",-6,-10.5
"97",-7,-9.5
"97",-8,-8.5
"97",-9,-7.5
"97",-10,-6.5
"97",-11,-5.5
"97",-12,-4.5
"97",-13,-3.5
"97",-14,-2.5
"97",-15,-1.5
"97",-16,-0.5
"97",-16,0.5
"97",-16,1.5
"97",-16,2.5
"97",-16,3.5
"97",-16,4.5
"97",-16,5.5
"97",-16,6.5
"97",-16,7.5
"97",-16,8.5
"97",-16,9.5
"97",-16,10.5
"97",-17,11.5
"97",-17,12.5
"97",-18,13.5
"97",-18,14.5
"97",-18,15.5
"97",-18,16.5
"97",-18,17.5
"97",-18,18.5
"97",-18,19.5
"97",-18,20.5
"97",-18,21.5
"97",-18,22.5
"97",-18,23.5
"97",-18,24.5
"97",-18,25.5
"97",-18,26.5
"97",-18,27.5
"97",-18,28.5
"97",-18,29.5
"97",-18,30.5
"97",-18,31.5
"97",-18,32.5
"97",-18,33.5
"97",-18,34.5
"97",-18,35.5
"97",-18,36.5
"97",-18,37.5
"97",-18,38.5
"97",-18,39.5
"97",-18,40.5
"97",-18,41.5
"97",-18,42.5
"97",-18,43.5
"97",-18,44.5
"97",-18,45.5
"97",-18,46.5
"97",-18,47.5
"97",-17,48.5
"97",-16,49.5
"97",-15,50.5
"97",-14,51.5
"97",-13,52.5
"97",-12,53.5
"97",-11,54.5
"97",-10,55.5
"97",-9,56.5
"97",-8,57.5
"97",-7,58.5
"97",-6,59.5
"97",-5,59.5
"97",-4,59.5
"97",-3,59.5
"97",-2,58.5
"97",-1,57.5
"97",0,56.5
"97",0,55.5
"97",0,54.5
"98",0,-73.5
"98",-1,-72.5
"98",-1,-71.5
"98",-1,-70.5
"98",0,-69.5
"98",0,-68.5
"98",0,-67.5
"98",0,-66.5
"98",0,-65.5
"98",0,-64.5
"98",0,-63.5
"98",1,-62.5
"98",2,-61.5
"98",3,-60.5
"98",4,-60.5
"98",5,-59.5
"98",6,-58.5
"98",5,-57.5
"98",6,-56.5
"98",7,-55.5
"98",8,-54.5
"98",9,-53.5
"98",8,-52.5
"98",9,-51.5
"98",8,-50.5
"98",9,-49.5
"98",8,-48.5
"98",9,-47.5
"98",10,-47.5
"98",11,-46.5
"98",11,-45.5
"98",11,-44.5
"98",11,-43.5
"98",11,-42.5
"98",11,-41.5
"98",11,-40.5
"98",11,-39.5
"98",12,-38.5
"98",13,-37.5
"98",14,-36.5
"98",15,-35.5
"98",15,-34.5
"98",15,-33.5
"98",15,-32.5
"98",15,-31.5
"98",15,-30.5
"98",14,-29.5
"98",13,-28.5
"98",12,-27.5
"98",11,-26.5
"98",10,-25.5
"98",9,-24.5
"98",8,-23.5
"98",7,-22.5
"98",6,-21.5
"98",5,-20.5
"98",4,-19.5
"98",3,-18.5
"98",2,-17.5
"98",1,-16.5
"98",0,-15.5
"98",-1,-14.5
"98",-2,-13.5
"98",-3,-12.5
"98",-4,-11.5
"98",-5,-10.5
"98",-6,-9.5
"98",-7,-8.5
"98",-8,-7.5
"98",-9,-6.5
"98",-10,-5.5
"98",-11,-4.5
"98",-12,-3.5
"98",-13,-2.5
"98",-14,-1.5
"98",-15,-0.5
"98",-16,0.5
"98",-16,1.5
"98",-16,2.5
"98",-16,3.5
"98",-16,4.5
"98",-16,5.5
"98",-16,6.5
"98",-16,7.5
"98",-16,8.5
"98",-16,9.5
"98",-16,10.5
"98",-17,10.5
"98",-18,11.5
"98",-18,12.5
"98",-18,13.5
"98",-18,14.5
"98",-18,15.5
"98",-18,16.5
"98",-18,17.5
"98",-18,18.5
"98",-18,19.5
"98",-18,20.5
"98",-18,21.5
"98",-18,22.5
"98",-18,23.5
"98",-18,24.5
"98",-18,25.5
"98",-18,26.5
"98",-18,27.5
"98",-18,28.5
"98",-18,29.5
"98",-18,30.5
"98",-18,31.5
"98",-18,32.5
"98",-18,33.5
"98",-18,34.5
"98",-18,35.5
"98",-18,36.5
"98",-18,37.5
"98",-18,38.5
"98",-18,39.5
"98",-18,40.5
"98",-18,41.5
"98",-18,42.5
"98",-18,43.5
"98",-18,44.5
"98",-18,45.5
"98",-18,46.5
"98",-17,47.5
"98",-16,47.5
"98",-15,47.5
"98",-14,48.5
"98",-13,49.5
"98",-12,50.5
"98",-13,51.5
"98",-13,52.5
"98",-12,53.5
"98",-11,54.5
"98",-10,55.5
"98",-9,56.5
"98",-8,57.5
"98",-7,58.5
"98",-6,59.5
"98",-5,59.5
"98",-4,59.5
"98",-3,59.5
"98",-2,58.5
"98",-1,58.5
"98",0,57.5
"98",-1,56.5
"98",0,55.5
"98",0,54.5
"99",0,-73.5
"99",-1,-72.5
"99",-1,-71.5
"99",-1,-70.5
"99",0,-69.5
"99",0,-68.5
"99",0,-67.5
"99",0,-66.5
"99",0,-65.5
"99",0,-64.5
"99",0,-63.5
"99",1,-62.5
"99",2,-61.5
"99",3,-60.5
"99",4,-60.5
"99",5,-59.5
"99",6,-58.5
"99",5,-57.5
"99",6,-56.5
"99",7,-55.5
"99",8,-54.5
"99",9,-53.5
"99",8,-52.5
"99",9,-51.5
"99",8,-50.5
"99",9,-49.5
"99",8,-48.5
"99",9,-47.5
"99",10,-47.5
"99",11,-46.5
"99",11,-45.5
"99",11,-44.5
"99",11,-43.5
"99",11,-42.5
"99",11,-41.5
"99",11,-40.5
"99",11,-39.5
"99",12,-38.5
"99",13,-37.5
"99",13,-36.5
"99",13,-35.5
"99",13,-34.5
"99",13,-33.5
"99",13,-32.5
"99",13,-31.5
"99",13,-30.5
"99",13,-29.5
"99",13,-28.5
"99",12,-27.5
"99",11,-26.5
"99",10,-25.5
"99",9,-24.5
"99",8,-23.5
"99",7,-22.5
"99",6,-21.5
"99",5,-20.5
"99",4,-19.5
"99",3,-18.5
"99",2,-17.5
"99",1,-16.5
"99",0,-15.5
"99",-1,-14.5
"99",-2,-13.5
"99",-3,-12.5
"99",-4,-11.5
"99",-5,-10.5
"99",-6,-9.5
"99",-7,-9.5
"99",-8,-8.5
"99",-9,-7.5
"99",-9,-6.5
"99",-10,-5.5
"99",-11,-4.5
"99",-12,-3.5
"99",-13,-2.5
"99",-14,-1.5
"99",-15,-0.5
"99",-16,0.5
"99",-16,1.5
"99",-16,2.5
"99",-16,3.5
"99",-16,4.5
"99",-16,5.5
"99",-16,6.5
"99",-16,7.5
"99",-16,8.5
"99",-16,9.5
"99",-16,10.5
"99",-17,10.5
"99",-18,11.5
"99",-18,12.5
"99",-18,13.5
"99",-18,14.5
"99",-18,15.5
"99",-18,16.5
"99",-18,17.5
"99",-18,18.5
"99",-18,19.5
"99",-18,20.5
"99",-18,21.5
"99",-18,22.5
"99",-18,23.5
"99",-18,24.5
"99",-18,25.5
"99",-18,26.5
"99",-18,27.5
"99",-18,28.5
"99",-18,29.5
"99",-18,30.5
"99",-18,31.5
"99",-18,32.5
"99",-18,33.5
"99",-18,34.5
"99",-18,35.5
"99",-18,36.5
"99",-18,37.5
"99",-18,38.5
"99",-18,39.5
"99",-18,40.5
"99",-18,41.5
"99",-18,42.5
"99",-18,43.5
"99",-18,44.5
"99",-18,45.5
"99",-17,46.5
"99",-16,46.5
"99",-15,46.5
"99",-14,47.5
"99",-13,47.5
"99",-13,48.5
"99",-13,49.5
"99",-12,50.5
"99",-13,51.5
"99",-13,52.5
"99",-13,53.5
"99",-13,54.5
"99",-12,55.5
"99",-11,56.5
"99",-10,57.5
"99",-9,57.5
"99",-8,58.5
"99",-7,59.5
"99",-6,59.5
"99",-5,59.5
"99",-4,59.5
"99",-3,59.5
"99",-2,58.5
"99",-1,58.5
"99",0,57.5
"99",-1,56.5
"99",0,55.5
"99",0,54.5
"100",0,-73.5
"100",-1,-72.5
"100",-1,-71.5
"100",-1,-70.5
"100",0,-69.5
"100",0,-68.5
"100",0,-67.5
"100",0,-66.5
"100",0,-65.5
"100",0,-64.5
"100",0,-63.5
"100",0,-62.5
"100",1,-61.5
"100",2,-60.5
"100",3,-59.5
"100",4,-59.5
"100",5,-59.5
"100",6,-58.5
"100",5,-57.5
"100",6,-56.5
"100",7,-55.5
"100",8,-54.5
"100",9,-53.5
"100",8,-52.5
"100",9,-51.5
"100",8,-50.5
"100",9,-49.5
"100",8,-48.5
"100",9,-47.5
"100",10,-47.5
"100",11,-47.5
"100",11,-46.5
"100",11,-45.5
"100",11,-44.5
"100",11,-43.5
"100",11,-42.5
"100",11,-41.5
"100",12,-40.5
"100",12,-39.5
"100",13,-38.5
"100",13,-37.5
"100",13,-36.5
"100",13,-35.5
"100",13,-34.5
"100",13,-33.5
"100",13,-32.5
"100",13,-31.5
"100",13,-30.5
"100",13,-29.5
"100",13,-28.5
"100",13,-27.5
"100",12,-26.5
"100",11,-25.5
"100",10,-24.5
"100",10,-23.5
"100",9,-22.5
"100",8,-21.5
"100",7,-20.5
"100",6,-19.5
"100",5,-18.5
"100",4,-17.5
"100",3,-16.5
"100",2,-15.5
"100",1,-15.5
"100",1,-14.5
"100",1,-13.5
"100",0,-12.5
"100",-1,-11.5
"100",-2,-10.5
"100",-3,-9.5
"100",-4,-8.5
"100",-5,-7.5
"100",-6,-6.5
"100",-7,-6.5
"100",-8,-5.5
"100",-9,-4.5
"100",-10,-4.5
"100",-11,-3.5
"100",-12,-3.5
"100",-13,-2.5
"100",-14,-1.5
"100",-15,-1.5
"100",-16,-0.5
"100",-16,0.5
"100",-16,1.5
"100",-16,2.5
"100",-16,3.5
"100",-16,4.5
"100",-16,5.5
"100",-16,6.5
"100",-16,7.5
"100",-16,8.5
"100",-16,9.5
"100",-16,10.5
"100",-17,10.5
"100",-18,11.5
"100",-18,12.5
"100",-18,13.5
"100",-18,14.5
"100",-18,15.5
"100",-18,16.5
"100",-18,17.5
"100",-18,18.5
"100",-18,19.5
"100",-18,20.5
"100",-18,21.5
"100",-18,22.5
"100",-18,23.5
"100",-18,24.5
"100",-18,25.5
"100",-18,26.5
"100",-18,27.5
"100",-18,28.5
"100",-18,29.5
"100",-18,30.5
"100",-18,31.5
"100",-18,32.5
"100",-18,33.5
"100",-18,34.5
"100",-18,35.5
"100",-18,36.5
"100",-18,37.5
"100",-18,38.5
"100",-18,39.5
"100",-18,40.5
"100",-18,41.5
"100",-18,42.5
"100",-18,43.5
"100",-17,44.5
"100",-16,44.5
"100",-15,44.5
"100",-14,44.5
"100",-13,44.5
"100",-13,45.5
"100",-13,46.5
"100",-13,47.5
"100",-13,48.5
"100",-12,49.5
"100",-12,50.5
"100",-12,51.5
"100",-12,52.5
"100",-12,53.5
"100",-12,54.5
"100",-12,55.5
"100",-11,56.5
"100",-10,57.5
"100",-9,57.5
"100",-8,58.5
"100",-7,59.5
"100",-6,59.5
"100",-5,59.5
"100",-4,59.5
"100",-3,59.5
"100",-2,58.5
"100",-1,58.5
"100",0,57.5
"100",-1,56.5
"100",0,55.5
"100",0,54.5
"101",0,-73.5
"101",-1,-72.5
"101",-1,-71.5
"101",-1,-70.5
"101",0,-69.5
"101",0,-68.5
"101",0,-67.5
"101",0,-66.5
"101",0,-65.5
"101",0,-64.5
"101",0,-63.5
"101",0,-62.5
"101",1,-61.5
"101",2,-60.5
"101",3,-59.5
"101",4,-59.5
"101",5,-59.5
"101",6,-58.5
"101",5,-57.5
"101",6,-56.5
"101",7,-55.5
"101",8,-54.5
"101",9,-53.5
"101",10,-53.5
"101",11,-53.5
"101",11,-52.5
"101",11,-51.5
"101",11,-50.5
"101",11,-49.5
"101",11,-48.5
"101",11,-47.5
"101",11,-46.5
"101",11,-45.5
"101",11,-44.5
"101",11,-43.5
"101",11,-42.5
"101",11,-41.5
"101",12,-40.5
"101",12,-39.5
"101",13,-38.5
"101",13,-37.5
"101",13,-36.5
"101",13,-35.5
"101",13,-34.5
"101",13,-33.5
"101",13,-32.5
"101",13,-31.5
"101",13,-30.5
"101",13,-29.5
"101",13,-28.5
"101",13,-27.5
"101",12,-26.5
"101",12,-25.5
"101",11,-24.5
"101",11,-23.5
"101",10,-22.5
"101",10,-21.5
"101",9,-20.5
"101",8,-19.5
"101",8,-18.5
"101",8,-17.5
"101",8,-16.5
"101",7,-15.5
"101",6,-14.5
"101",5,-13.5
"101",5,-12.5
"101",4,-11.5
"101",3,-11.5
"101",3,-10.5
"101",2,-9.5
"101",1,-9.5
"101",0,-8.5
"101",-1,-7.5
"101",-1,-6.5
"101",-2,-5.5
"101",-3,-4.5
"101",-3,-3.5
"101",-3,-2.5
"101",-3,-1.5
"101",-4,-1.5
"101",-5,-1.5
"101",-6,-0.5
"101",-7,-0.5
"101",-8,0.5
"101",-9,1.5
"101",-10,1.5
"101",-11,2.5
"101",-11,3.5
"101",-11,4.5
"101",-11,5.5
"101",-12,5.5
"101",-13,6.5
"101",-14,6.5
"101",-14,7.5
"101",-15,7.5
"101",-16,7.5
"101",-16,8.5
"101",-16,9.5
"101",-16,10.5
"101",-17,10.5
"101",-18,11.5
"101",-18,12.5
"101",-18,13.5
"101",-18,14.5
"101",-18,15.5
"101",-18,16.5
"101",-18,17.5
"101",-18,18.5
"101",-18,19.5
"101",-18,20.5
"101",-18,21.5
"101",-18,22.5
"101",-18,23.5
"101",-18,24.5
"101",-18,25.5
"101",-18,26.5
"101",-18,27.5
"101",-18,28.5
"101",-18,29.5
"101",-18,30.5
"101",-18,31.5
"101",-18,32.5
"101",-18,33.5
"101",-18,34.5
"101",-18,35.5
"101",-18,36.5
"101",-18,37.5
"101",-18,38.5
"101",-18,39.5
"101",-18,40.5
"101",-18,41.5
"101",-18,42.5
"101",-18,43.5
"101",-17,44.5
"101",-16,44.5
"101",-15,44.5
"101",-14,44.5
"101",-13,44.5
"101",-13,45.5
"101",-13,46.5
"101",-13,47.5
"101",-13,48.5
"101",-12,49.5
"101",-12,50.5
"101",-12,51.5
"101",-12,52.5
"101",-12,53.5
"101",-12,54.5
"101",-12,55.5
"101",-12,56.5
"101",-11,57.5
"101",-10,58.5
"101",-9,58.5
"101",-8,58.5
"101",-7,59.5
"101",-6,59.5
"101",-5,59.5
"101",-4,59.5
"101",-3,59.5
"101",-2,58.5
"101",-1,58.5
"101",0,57.5
"101",-1,56.5
"101",0,55.5
"101",0,54.5
"102",0,-73.5
"102",-1,-72.5
"102",-2,-71.5
"102",-3,-71.5
"102",-4,-70.5
"102",-5,-70.5
"102",-6,-70.5
"102",-7,-69.5
"102",-8,-68.5
"102",-9,-67.5
"102",-9,-66.5
"102",-9,-65.5
"102",-9,-64.5
"102",-8,-63.5
"102",-7,-62.5
"102",-6,-61.5
"102",-5,-60.5
"102",-4,-59.5
"102",-3,-58.5
"102",-2,-57.5
"102",-1,-56.5
"102",0,-55.5
"102",1,-54.5
"102",0,-53.5
"102",1,-52.5
"102",2,-51.5
"102",3,-50.5
"102",4,-49.5
"102",5,-48.5
"102",6,-47.5
"102",7,-46.5
"102",8,-45.5
"102",9,-44.5
"102",10,-43.5
"102",11,-42.5
"102",11,-41.5
"102",11,-40.5
"102",11,-39.5
"102",12,-38.5
"102",13,-37.5
"102",14,-36.5
"102",15,-35.5
"102",15,-34.5
"102",15,-33.5
"102",15,-32.5
"102",15,-31.5
"102",15,-30.5
"102",14,-29.5
"102",13,-28.5
"102",12,-27.5
"102",11,-26.5
"102",10,-25.5
"102",9,-24.5
"102",8,-23.5
"102",7,-22.5
"102",6,-21.5
"102",5,-20.5
"102",4,-19.5
"102",3,-18.5
"102",2,-17.5
"102",1,-16.5
"102",0,-15.5
"102",-1,-14.5
"102",-2,-13.5
"102",-3,-12.5
"102",-4,-11.5
"102",-5,-10.5
"102",-6,-9.5
"102",-7,-8.5
"102",-8,-7.5
"102",-9,-6.5
"102",-10,-5.5
"102",-11,-4.5
"102",-12,-3.5
"102",-13,-2.5
"102",-14,-1.5
"102",-15,-0.5
"102",-16,0.5
"102",-17,1.5
"102",-18,2.5
"102",-18,3.5
"102",-18,4.5
"102",-18,5.5
"102",-18,6.5
"102",-18,7.5
"102",-18,8.5
"102",-18,9.5
"102",-18,10.5
"102",-18,11.5
"102",-18,12.5
"102",-18,13.5
"102",-18,14.5
"102",-18,15.5
"102",-18,16.5
"102",-18,17.5
"102",-18,18.5
"102",-18,19.5
"102",-18,20.5
"102",-18,21.5
"102",-18,22.5
"102",-18,23.5
"102",-18,24.5
"102",-18,25.5
"102",-18,26.5
"102",-18,27.5
"102",-18,28.5
"102",-18,29.5
"102",-18,30.5
"102",-18,31.5
"102",-18,32.5
"102",-18,33.5
"102",-18,34.5
"102",-18,35.5
"102",-18,36.5
"102",-18,37.5
"102",-18,38.5
"102",-18,39.5
"102",-18,40.5
"102",-18,41.5
"102",-19,42.5
"102",-20,43.5
"102",-20,44.5
"102",-20,45.5
"102",-19,46.5
"102",-18,47.5
"102",-17,48.5
"102",-16,49.5
"102",-15,50.5
"102",-14,51.5
"102",-13,52.5
"102",-12,53.5
"102",-11,54.5
"102",-10,55.5
"102",-9,56.5
"102",-8,57.5
"102",-7,58.5
"102",-6,59.5
"102",-5,59.5
"102",-4,59.5
"102",-3,59.5
"102",-2,58.5
"102",-1,57.5
"102",-1,56.5
"102",0,55.5
"102",0,54.5
"103",0,-73.5
"103",-1,-72.5
"103",-1,-71.5
"103",-1,-70.5
"103",0,-69.5
"103",0,-68.5
"103",0,-67.5
"103",0,-66.5
"103",0,-65.5
"103",0,-64.5
"103",1,-63.5
"103",0,-62.5
"103",1,-61.5
"103",2,-60.5
"103",3,-59.5
"103",4,-58.5
"103",5,-57.5
"103",6,-56.5
"103",7,-55.5
"103",8,-54.5
"103",9,-53.5
"103",8,-52.5
"103",9,-51.5
"103",8,-50.5
"103",9,-49.5
"103",8,-48.5
"103",9,-47.5
"103",10,-47.5
"103",11,-46.5
"103",11,-45.5
"103",11,-44.5
"103",11,-43.5
"103",11,-42.5
"103",11,-41.5
"103",11,-40.5
"103",12,-39.5
"103",13,-38.5
"103",13,-37.5
"103",13,-36.5
"103",13,-35.5
"103",13,-34.5
"103",13,-33.5
"103",13,-32.5
"103",13,-31.5
"103",13,-30.5
"103",13,-29.5
"103",13,-28.5
"103",12,-27.5
"103",11,-26.5
"103",10,-25.5
"103",9,-24.5
"103",8,-23.5
"103",7,-22.5
"103",6,-21.5
"103",5,-20.5
"103",4,-19.5
"103",3,-18.5
"103",2,-17.5
"103",1,-16.5
"103",0,-15.5
"103",-1,-14.5
"103",-2,-13.5
"103",-3,-12.5
"103",-4,-11.5
"103",-5,-10.5
"103",-6,-9.5
"103",-7,-8.5
"103",-8,-7.5
"103",-9,-6.5
"103",-10,-5.5
"103",-11,-4.5
"103",-12,-3.5
"103",-13,-2.5
"103",-14,-1.5
"103",-15,-0.5
"103",-16,0.5
"103",-16,1.5
"103",-16,2.5
"103",-16,3.5
"103",-16,4.5
"103",-16,5.5
"103",-16,6.5
"103",-16,7.5
"103",-16,8.5
"103",-16,9.5
"103",-16,10.5
"103",-17,10.5
"103",-18,11.5
"103",-18,12.5
"103",-18,13.5
"103",-18,14.5
"103",-18,15.5
"103",-18,16.5
"103",-18,17.5
"103",-18,18.5
"103",-18,19.5
"103",-18,20.5
"103",-18,21.5
"103",-18,22.5
"103",-18,23.5
"103",-18,24.5
"103",-18,25.5
"103",-18,26.5
"103",-18,27.5
"103",-18,28.5
"103",-18,29.5
"103",-18,30.5
"103",-18,31.5
"103",-18,32.5
"103",-18,33.5
"103",-18,34.5
"103",-18,35.5
"103",-18,36.5
"103",-18,37.5
"103",-18,38.5
"103",-18,39.5
"103",-18,40.5
"103",-18,41.5
"103",-18,42.5
"103",-18,43.5
"103",-18,44.5
"103",-18,45.5
"103",-18,46.5
"103",-18,47.5
"103",-17,48.5
"103",-16,49.5
"103",-15,50.5
"103",-14,51.5
"103",-13,52.5
"103",-12,53.5
"103",-11,54.5
"103",-10,55.5
"103",-9,56.5
"103",-8,57.5
"103",-7,58.5
"103",-6,59.5
"103",-5,59.5
"103",-4,59.5
"103",-3,59.5
"103",-2,58.5
"103",-1,58.5
"103",0,57.5
"103",-1,56.5
"103",0,55.5
"103",0,54.5
"104",0,-73.5
"104",-1,-72.5
"104",-1,-71.5
"104",-1,-70.5
"104",0,-69.5
"104",0,-68.5
"104",0,-67.5
"104",0,-66.5
"104",0,-65.5
"104",0,-64.5
"104",0,-63.5
"104",1,-62.5
"104",2,-61.5
"104",3,-60.5
"104",4,-60.5
"104",5,-59.5
"104",6,-58.5
"104",5,-57.5
"104",6,-56.5
"104",7,-55.5
"104",8,-54.5
"104",9,-53.5
"104",8,-52.5
"104",9,-51.5
"104",8,-50.5
"104",9,-49.5
"104",8,-48.5
"104",9,-47.5
"104",10,-47.5
"104",11,-46.5
"104",11,-45.5
"104",11,-44.5
"104",11,-43.5
"104",11,-42.5
"104",11,-41.5
"104",12,-40.5
"104",12,-39.5
"104",13,-38.5
"104",13,-37.5
"104",13,-36.5
"104",13,-35.5
"104",13,-34.5
"104",13,-33.5
"104",13,-32.5
"104",13,-31.5
"104",13,-30.5
"104",13,-29.5
"104",13,-28.5
"104",13,-27.5
"104",12,-26.5
"104",11,-25.5
"104",10,-24.5
"104",9,-23.5
"104",8,-22.5
"104",7,-21.5
"104",6,-20.5
"104",5,-19.5
"104",4,-18.5
"104",3,-17.5
"104",2,-16.5
"104",1,-15.5
"104",1,-14.5
"104",1,-13.5
"104",0,-12.5
"104",-1,-11.5
"104",-2,-10.5
"104",-3,-9.5
"104",-4,-8.5
"104",-5,-7.5
"104",-6,-6.5
"104",-7,-6.5
"104",-8,-5.5
"104",-9,-4.5
"104",-10,-4.5
"104",-11,-3.5
"104",-12,-3.5
"104",-13,-2.5
"104",-14,-1.5
"104",-15,-0.5
"104",-16,0.5
"104",-16,1.5
"104",-16,2.5
"104",-16,3.5
"104",-16,4.5
"104",-16,5.5
"104",-16,6.5
"104",-16,7.5
"104",-16,8.5
"104",-16,9.5
"104",-16,10.5
"104",-17,10.5
"104",-18,11.5
"104",-18,12.5
"104",-18,13.5
"104",-18,14.5
"104",-18,15.5
"104",-18,16.5
"104",-18,17.5
"104",-18,18.5
"104",-18,19.5
"104",-18,20.5
"104",-18,21.5
"104",-18,22.5
"104",-18,23.5
"104",-18,24.5
"104",-18,25.5
"104",-18,26.5
"104",-18,27.5
"104",-18,28.5
"104",-18,29.5
"104",-18,30.5
"104",-18,31.5
"104",-18,32.5
"104",-18,33.5
"104",-18,34.5
"104",-18,35.5
"104",-18,36.5
"104",-18,37.5
"104",-18,38.5
"104",-18,39.5
"104",-18,40.5
"104",-18,41.5
"104",-18,42.5
"104",-18,43.5
"104",-18,44.5
"104",-18,45.5
"104",-17,46.5
"104",-16,46.5
"104",-15,46.5
"104",-14,47.5
"104",-13,47.5
"104",-13,48.5
"104",-13,49.5
"104",-13,50.5
"104",-13,51.5
"104",-13,52.5
"104",-13,53.5
"104",-13,54.5
"104",-12,55.5
"104",-11,56.5
"104",-10,57.5
"104",-9,57.5
"104",-8,58.5
"104",-7,59.5
"104",-6,59.5
"104",-5,59.5
"104",-4,59.5
"104",-3,59.5
"104",-2,58.5
"104",-1,58.5
"104",0,57.5
"104",-1,56.5
"104",0,55.5
"104",0,54.5
"105",0,-73.5
"105",-1,-72.5
"105",-1,-71.5
"105",-1,-70.5
"105",0,-69.5
"105",0,-68.5
"105",0,-67.5
"105",0,-66.5
"105",0,-65.5
"105",0,-64.5
"105",0,-63.5
"105",0,-62.5
"105",1,-61.5
"105",2,-60.5
"105",3,-59.5
"105",4,-59.5
"105",5,-59.5
"105",6,-58.5
"105",5,-57.5
"105",6,-56.5
"105",7,-55.5
"105",8,-54.5
"105",9,-53.5
"105",8,-52.5
"105",9,-51.5
"105",10,-51.5
"105",11,-50.5
"105",11,-49.5
"105",11,-48.5
"105",11,-47.5
"105",11,-46.5
"105",11,-45.5
"105",11,-44.5
"105",11,-43.5
"105",11,-42.5
"105",11,-41.5
"105",12,-40.5
"105",12,-39.5
"105",13,-38.5
"105",13,-37.5
"105",13,-36.5
"105",13,-35.5
"105",13,-34.5
"105",13,-33.5
"105",13,-32.5
"105",13,-31.5
"105",13,-30.5
"105",13,-29.5
"105",13,-28.5
"105",13,-27.5
"105",12,-26.5
"105",11,-25.5
"105",10,-24.5
"105",10,-23.5
"105",9,-22.5
"105",8,-21.5
"105",7,-20.5
"105",6,-19.5
"105",5,-18.5
"105",4,-17.5
"105",3,-16.5
"105",2,-15.5
"105",1,-15.5
"105",1,-14.5
"105",1,-13.5
"105",0,-12.5
"105",-1,-11.5
"105",-2,-10.5
"105",-3,-9.5
"105",-4,-8.5
"105",-5,-7.5
"105",-6,-6.5
"105",-7,-6.5
"105",-8,-5.5
"105",-9,-4.5
"105",-10,-4.5
"105",-11,-3.5
"105",-12,-3.5
"105",-13,-2.5
"105",-14,-1.5
"105",-15,-1.5
"105",-16,-0.5
"105",-16,0.5
"105",-16,1.5
"105",-16,2.5
"105",-16,3.5
"105",-16,4.5
"105",-16,5.5
"105",-16,6.5
"105",-16,7.5
"105",-16,8.5
"105",-16,9.5
"105",-16,10.5
"105",-17,10.5
"105",-18,11.5
"105",-18,12.5
"105",-18,13.5
"105",-18,14.5
"105",-18,15.5
"105",-18,16.5
"105",-18,17.5
"105",-18,18.5
"105",-18,19.5
"105",-18,20.5
"105",-18,21.5
"105",-18,22.5
"105",-18,23.5
"105",-18,24.5
"105",-18,25.5
"105",-18,26.5
"105",-18,27.5
"105",-18,28.5
"105",-18,29.5
"105",-18,30.5
"105",-18,31.5
"105",-18,32.5
"105",-18,33.5
"105",-18,34.5
"105",-18,35.5
"105",-18,36.5
"105",-18,37.5
"105",-18,38.5
"105",-18,39.5
"105",-18,40.5
"105",-18,41.5
"105",-18,42.5
"105",-18,43.5
"105",-17,44.5
"105",-16,44.5
"105",-15,44.5
"105",-14,44.5
"105",-13,44.5
"105",-13,45.5
"105",-13,46.5
"105",-13,47.5
"105",-13,48.5
"105",-12,49.5
"105",-12,50.5
"105",-12,51.5
"105",-12,52.5
"105",-12,53.5
"105",-12,54.5
"105",-12,55.5
"105",-11,56.5
"105",-10,57.5
"105",-9,57.5
"105",-8,58.5
"105",-7,59.5
"105",-6,59.5
"105",-5,59.5
"105",-4,59.5
"105",-3,59.5
"105",-2,58.5
"105",-1,58.5
"105",0,57.5
"105",-1,56.5
"105",0,55.5
"105",0,54.5
"106",0,-73.5
"106",1,-73.5
"106",1,-72.5
"106",1,-71.5
"106",1,-70.5
"106",0,-69.5
"106",0,-68.5
"106",0,-67.5
"106",0,-66.5
"106",0,-65.5
"106",0,-64.5
"106",0,-63.5
"106",0,-62.5
"106",1,-61.5
"106",2,-60.5
"106",3,-59.5
"106",4,-59.5
"106",5,-59.5
"106",5,-58.5
"106",5,-57.5
"106",6,-56.5
"106",7,-55.5
"106",8,-54.5
"106",9,-53.5
"106",10,-53.5
"106",11,-53.5
"106",11,-52.5
"106",11,-51.5
"106",11,-50.5
"106",11,-49.5
"106",11,-48.5
"106",11,-47.5
"106",11,-46.5
"106",11,-45.5
"106",11,-44.5
"106",11,-43.5
"106",11,-42.5
"106",11,-41.5
"106",12,-40.5
"106",12,-39.5
"106",13,-38.5
"106",13,-37.5
"106",13,-36.5
"106",13,-35.5
"106",13,-34.5
"106",13,-33.5
"106",13,-32.5
"106",13,-31.5
"106",13,-30.5
"106",13,-29.5
"106",13,-28.5
"106",13,-27.5
"106",12,-26.5
"106",12,-25.5
"106",11,-24.5
"106",11,-23.5
"106",10,-22.5
"106",10,-21.5
"106",9,-20.5
"106",8,-19.5
"106",8,-18.5
"106",8,-17.5
"106",8,-16.5
"106",7,-15.5
"106",6,-14.5
"106",5,-13.5
"106",5,-12.5
"106",4,-11.5
"106",3,-11.5
"106",3,-10.5
"106",2,-9.5
"106",1,-9.5
"106",0,-8.5
"106",-1,-7.5
"106",-1,-6.5
"106",-2,-5.5
"106",-3,-4.5
"106",-4,-4.5
"106",-4,-3.5
"106",-4,-2.5
"106",-4,-1.5
"106",-5,-1.5
"106",-6,-0.5
"106",-7,-0.5
"106",-8,0.5
"106",-9,1.5
"106",-10,1.5
"106",-11,2.5
"106",-11,3.5
"106",-11,4.5
"106",-11,5.5
"106",-12,5.5
"106",-13,6.5
"106",-14,6.5
"106",-14,7.5
"106",-15,7.5
"106",-16,7.5
"106",-16,8.5
"106",-16,9.5
"106",-16,10.5
"106",-17,10.5
"106",-18,11.5
"106",-18,12.5
"106",-18,13.5
"106",-18,14.5
"106",-18,15.5
"106",-18,16.5
"106",-18,17.5
"106",-18,18.5
"106",-18,19.5
"106",-18,20.5
"106",-18,21.5
"106",-18,22.5
"106",-18,23.5
"106",-18,24.5
"106",-18,25.5
"106",-18,26.5
"106",-18,27.5
"106",-18,28.5
"106",-18,29.5
"106",-18,30.5
"106",-18,31.5
"106",-18,32.5
"106",-18,33.5
"106",-18,34.5
"106",-18,35.5
"106",-18,36.5
"106",-18,37.5
"106",-18,38.5
"106",-18,39.5
"106",-18,40.5
"106",-18,41.5
"106",-18,42.5
"106",-18,43.5
"106",-17,44.5
"106",-16,44.5
"106",-15,44.5
"106",-14,44.5
"106",-13,44.5
"106",-13,45.5
"106",-13,46.5
"106",-13,47.5
"106",-13,48.5
"106",-12,49.5
"106",-12,50.5
"106",-12,51.5
"106",-12,52.5
"106",-12,53.5
"106",-12,54.5
"106",-12,55.5
"106",-12,56.5
"106",-11,57.5
"106",-10,58.5
"106",-9,58.5
"106",-8,58.5
"106",-7,59.5
"106",-6,59.5
"106",-5,59.5
"106",-4,59.5
"106",-3,59.5
"106",-2,58.5
"106",-1,58.5
"106",0,57.5
"106",-1,56.5
"106",0,55.5
"106",0,54.5
"107",0,-73.5
"107",-1,-72.5
"107",-2,-71.5
"107",-3,-71.5
"107",-4,-70.5
"107",-5,-70.5
"107",-6,-70.5
"107",-7,-70.5
"107",-8,-70.5
"107",-9,-70.5
"107",-10,-70.5
"107",-11,-70.5
"107",-12,-70.5
"107",-13,-70.5
"107",-14,-70.5
"107",-15,-70.5
"107",-16,-70.5
"107",-17,-70.5
"107",-18,-70.5
"107",-19,-69.5
"107",-19,-68.5
"107",-19,-67.5
"107",-18,-66.5
"107",-17,-65.5
"107",-16,-64.5
"107",-15,-63.5
"107",-14,-62.5
"107",-13,-61.5
"107",-12,-60.5
"107",-11,-59.5
"107",-10,-58.5
"107",-9,-57.5
"107",-8,-56.5
"107",-7,-55.5
"107",-6,-54.5
"107",-5,-53.5
"107",-4,-52.5
"107",-3,-51.5
"107",-2,-50.5
"107",-1,-49.5
"107",0,-48.5
"107",1,-47.5
"107",2,-46.5
"107",3,-45.5
"107",4,-44.5
"107",5,-43.5
"107",6,-42.5
"107",7,-41.5
"107",8,-40.5
"107",9,-39.5
"107",10,-38.5
"107",11,-37.5
"107",12,-36.5
"107",13,-35.5
"107",14,-34.5
"107",14,-33.5
"107",14,-32.5
"107",14,-31.5
"107",14,-30.5
"107",14,-29.5
"107",14,-28.5
"107",13,-27.5
"107",12,-26.5
"107",11,-25.5
"107",10,-24.5
"107",9,-23.5
"107",8,-22.5
"107",7,-21.5
"107",6,-20.5
"107",5,-19.5
"107",4,-18.5
"107",3,-17.5
"107",2,-16.5
"107",1,-15.5
"107",0,-14.5
"107",-1,-13.5
"107",-2,-12.5
"107",-3,-11.5
"107",-4,-10.5
"107",-5,-9.5
"107",-6,-8.5
"107",-7,-7.5
"107",-8,-6.5
"107",-9,-5.5
"107",-10,-4.5
"107",-11,-3.5
"107",-12,-2.5
"107",-13,-1.5
"107",-14,-0.5
"107",-15,0.5
"107",-16,1.5
"107",-17,2.5
"107",-17,3.5
"107",-17,4.5
"107",-17,5.5
"107",-17,6.5
"107",-17,7.5
"107",-17,8.5
"107",-17,9.5
"107",-18,10.5
"107",-18,11.5
"107",-18,12.5
"107",-18,13.5
"107",-18,14.5
"107",-18,15.5
"107",-18,16.5
"107",-18,17.5
"107",-18,18.5
"107",-18,19.5
"107",-18,20.5
"107",-18,21.5
"107",-18,22.5
"107",-18,23.5
"107",-18,24.5
"107",-18,25.5
"107",-17,26.5
"107",-17,27.5
"107",-17,28.5
"107",-17,29.5
"107",-17,30.5
"107",-17,31.5
"107",-17,32.5
"107",-17,33.5
"107",-17,34.5
"107",-17,35.5
"107",-17,36.5
"107",-17,37.5
"107",-17,38.5
"107",-17,39.5
"107",-17,40.5
"107",-18,41.5
"107",-19,42.5
"107",-20,43.5
"107",-21,44.5
"107",-20,45.5
"107",-19,46.5
"107",-18,47.5
"107",-17,48.5
"107",-16,49.5
"107",-15,50.5
"107",-14,51.5
"107",-13,52.5
"107",-12,53.5
"107",-11,54.5
"107",-10,55.5
"107",-9,56.5
"107",-8,57.5
"107",-7,58.5
"107",-6,59.5
"107",-5,59.5
"107",-4,59.5
"107",-3,59.5
"107",-2,58.5
"107",-1,57.5
"107",-1,56.5
"107",0,55.5
"107",0,54.5
"108",0,-73.5
"108",-1,-72.5
"108",-2,-71.5
"108",-3,-71.5
"108",-4,-70.5
"108",-5,-70.5
"108",-6,-70.5
"108",-7,-69.5
"108",-8,-68.5
"108",-9,-67.5
"108",-9,-66.5
"108",-9,-65.5
"108",-8,-64.5
"108",-7,-63.5
"108",-6,-62.5
"108",-5,-61.5
"108",-4,-60.5
"108",-3,-59.5
"108",-2,-58.5
"108",-1,-57.5
"108",0,-56.5
"108",1,-55.5
"108",2,-54.5
"108",3,-53.5
"108",4,-52.5
"108",5,-51.5
"108",6,-50.5
"108",7,-49.5
"108",8,-48.5
"108",9,-47.5
"108",10,-46.5
"108",11,-45.5
"108",11,-44.5
"108",11,-43.5
"108",11,-42.5
"108",11,-41.5
"108",11,-40.5
"108",12,-39.5
"108",13,-38.5
"108",13,-37.5
"108",13,-36.5
"108",13,-35.5
"108",13,-34.5
"108",13,-33.5
"108",13,-32.5
"108",13,-31.5
"108",13,-30.5
"108",13,-29.5
"108",13,-28.5
"108",12,-27.5
"108",11,-26.5
"108",10,-25.5
"108",9,-24.5
"108",8,-23.5
"108",7,-22.5
"108",6,-21.5
"108",5,-20.5
"108",4,-19.5
"108",3,-18.5
"108",2,-17.5
"108",1,-16.5
"108",0,-15.5
"108",-1,-14.5
"108",-2,-13.5
"108",-3,-12.5
"108",-4,-11.5
"108",-5,-10.5
"108",-6,-9.5
"108",-7,-8.5
"108",-8,-7.5
"108",-9,-6.5
"108",-10,-5.5
"108",-11,-4.5
"108",-12,-3.5
"108",-13,-2.5
"108",-14,-1.5
"108",-15,-0.5
"108",-16,0.5
"108",-17,1.5
"108",-18,2.5
"108",-18,3.5
"108",-18,4.5
"108",-18,5.5
"108",-18,6.5
"108",-18,7.5
"108",-18,8.5
"108",-18,9.5
"108",-18,10.5
"108",-18,11.5
"108",-18,12.5
"108",-18,13.5
"108",-18,14.5
"108",-18,15.5
"108",-18,16.5
"108",-18,17.5
"108",-18,18.5
"108",-18,19.5
"108",-18,20.5
"108",-18,21.5
"108",-18,22.5
"108",-18,23.5
"108",-18,24.5
"108",-18,25.5
"108",-18,26.5
"108",-18,27.5
"108",-18,28.5
"108",-18,29.5
"108",-18,30.5
"108",-18,31.5
"108",-18,32.5
"108",-18,33.5
"108",-18,34.5
"108",-18,35.5
"108",-18,36.5
"108",-18,37.5
"108",-18,38.5
"108",-18,39.5
"108",-18,40.5
"108",-18,41.5
"108",-18,42.5
"108",-18,43.5
"108",-18,44.5
"108",-18,45.5
"108",-18,46.5
"108",-18,47.5
"108",-17,48.5
"108",-16,49.5
"108",-15,50.5
"108",-14,51.5
"108",-13,52.5
"108",-12,53.5
"108",-11,54.5
"108",-10,55.5
"108",-9,56.5
"108",-8,57.5
"108",-7,58.5
"108",-6,59.5
"108",-5,59.5
"108",-4,59.5
"108",-3,59.5
"108",-2,58.5
"108",-1,57.5
"108",-1,56.5
"108",0,55.5
"108",0,54.5
"109",0,-73.5
"109",-1,-72.5
"109",-1,-71.5
"109",-1,-70.5
"109",0,-69.5
"109",0,-68.5
"109",0,-67.5
"109",0,-66.5
"109",0,-65.5
"109",0,-64.5
"109",1,-63.5
"109",0,-62.5
"109",1,-61.5
"109",2,-60.5
"109",3,-59.5
"109",4,-58.5
"109",5,-57.5
"109",6,-56.5
"109",7,-55.5
"109",8,-54.5
"109",9,-53.5
"109",8,-52.5
"109",9,-51.5
"109",8,-50.5
"109",9,-49.5
"109",8,-48.5
"109",9,-47.5
"109",10,-47.5
"109",11,-46.5
"109",11,-45.5
"109",11,-44.5
"109",11,-43.5
"109",11,-42.5
"109",11,-41.5
"109",12,-40.5
"109",12,-39.5
"109",13,-38.5
"109",13,-37.5
"109",13,-36.5
"109",13,-35.5
"109",13,-34.5
"109",13,-33.5
"109",13,-32.5
"109",13,-31.5
"109",13,-30.5
"109",13,-29.5
"109",13,-28.5
"109",12,-27.5
"109",11,-26.5
"109",10,-25.5
"109",9,-24.5
"109",8,-23.5
"109",7,-22.5
"109",6,-21.5
"109",5,-20.5
"109",4,-19.5
"109",3,-18.5
"109",2,-17.5
"109",1,-16.5
"109",0,-15.5
"109",-1,-14.5
"109",-2,-13.5
"109",-3,-12.5
"109",-4,-11.5
"109",-5,-10.5
"109",-6,-9.5
"109",-7,-8.5
"109",-8,-7.5
"109",-9,-6.5
"109",-10,-5.5
"109",-11,-4.5
"109",-12,-3.5
"109",-13,-2.5
"109",-14,-1.5
"109",-15,-0.5
"109",-16,0.5
"109",-16,1.5
"109",-16,2.5
"109",-16,3.5
"109",-16,4.5
"109",-16,5.5
"109",-16,6.5
"109",-16,7.5
"109",-16,8.5
"109",-16,9.5
"109",-16,10.5
"109",-17,10.5
"109",-18,11.5
"109",-18,12.5
"109",-18,13.5
"109",-18,14.5
"109",-18,15.5
"109",-18,16.5
"109",-18,17.5
"109",-18,18.5
"109",-18,19.5
"109",-18,20.5
"109",-18,21.5
"109",-18,22.5
"109",-18,23.5
"109",-18,24.5
"109",-18,25.5
"109",-18,26.5
"109",-18,27.5
"109",-18,28.5
"109",-18,29.5
"109",-18,30.5
"109",-18,31.5
"109",-18,32.5
"109",-18,33.5
"109",-18,34.5
"109",-18,35.5
"109",-18,36.5
"109",-18,37.5
"109",-18,38.5
"109",-18,39.5
"109",-18,40.5
"109",-18,41.5
"109",-18,42.5
"109",-18,43.5
"109",-18,44.5
"109",-18,45.5
"109",-18,46.5
"109",-18,47.5
"109",-17,48.5
"109",-16,49.5
"109",-15,50.5
"109",-14,51.5
"109",-13,52.5
"109",-12,53.5
"109",-11,54.5
"109",-10,55.5
"109",-9,56.5
"109",-8,57.5
"109",-7,58.5
"109",-6,59.5
"109",-5,59.5
"109",-4,59.5
"109",-3,59.5
"109",-2,58.5
"109",-1,57.5
"109",-1,56.5
"109",0,55.5
"109",0,54.5
"110",0,-73.5
"110",-1,-72.5
"110",-1,-71.5
"110",-1,-70.5
"110",0,-69.5
"110",0,-68.5
"110",0,-67.5
"110",0,-66.5
"110",0,-65.5
"110",0,-64.5
"110",0,-63.5
"110",0,-62.5
"110",1,-61.5
"110",2,-60.5
"110",2,-59.5
"110",3,-58.5
"110",4,-58.5
"110",5,-57.5
"110",6,-56.5
"110",7,-55.5
"110",8,-54.5
"110",9,-53.5
"110",8,-52.5
"110",9,-51.5
"110",10,-51.5
"110",11,-50.5
"110",11,-49.5
"110",11,-48.5
"110",11,-47.5
"110",11,-46.5
"110",11,-45.5
"110",11,-44.5
"110",11,-43.5
"110",11,-42.5
"110",11,-41.5
"110",12,-40.5
"110",12,-39.5
"110",13,-38.5
"110",13,-37.5
"110",13,-36.5
"110",13,-35.5
"110",13,-34.5
"110",13,-33.5
"110",13,-32.5
"110",13,-31.5
"110",13,-30.5
"110",13,-29.5
"110",13,-28.5
"110",13,-27.5
"110",12,-26.5
"110",11,-25.5
"110",10,-24.5
"110",10,-23.5
"110",9,-22.5
"110",8,-21.5
"110",7,-20.5
"110",6,-19.5
"110",5,-18.5
"110",4,-17.5
"110",3,-16.5
"110",2,-15.5
"110",1,-14.5
"110",1,-13.5
"110",0,-12.5
"110",-1,-11.5
"110",-2,-10.5
"110",-3,-9.5
"110",-4,-8.5
"110",-5,-7.5
"110",-6,-6.5
"110",-7,-6.5
"110",-8,-5.5
"110",-9,-4.5
"110",-10,-4.5
"110",-11,-3.5
"110",-12,-3.5
"110",-13,-2.5
"110",-14,-1.5
"110",-15,-1.5
"110",-16,-0.5
"110",-16,0.5
"110",-16,1.5
"110",-16,2.5
"110",-16,3.5
"110",-16,4.5
"110",-16,5.5
"110",-16,6.5
"110",-16,7.5
"110",-16,8.5
"110",-16,9.5
"110",-16,10.5
"110",-17,10.5
"110",-18,11.5
"110",-18,12.5
"110",-18,13.5
"110",-18,14.5
"110",-18,15.5
"110",-18,16.5
"110",-18,17.5
"110",-18,18.5
"110",-18,19.5
"110",-18,20.5
"110",-18,21.5
"110",-18,22.5
"110",-18,23.5
"110",-18,24.5
"110",-18,25.5
"110",-18,26.5
"110",-18,27.5
"110",-18,28.5
"110",-18,29.5
"110",-18,30.5
"110",-18,31.5
"110",-18,32.5
"110",-18,33.5
"110",-18,34.5
"110",-18,35.5
"110",-18,36.5
"110",-18,37.5
"110",-18,38.5
"110",-18,39.5
"110",-18,40.5
"110",-18,41.5
"110",-18,42.5
"110",-18,43.5
"110",-18,44.5
"110",-17,45.5
"110",-16,45.5
"110",-15,45.5
"110",-14,46.5
"110",-13,47.5
"110",-13,48.5
"110",-12,49.5
"110",-12,50.5
"110",-12,51.5
"110",-12,52.5
"110",-12,53.5
"110",-12,54.5
"110",-12,55.5
"110",-11,56.5
"110",-10,57.5
"110",-9,57.5
"110",-8,58.5
"110",-7,59.5
"110",-6,59.5
"110",-5,59.5
"110",-4,59.5
"110",-3,59.5
"110",-2,58.5
"110",-1,58.5
"110",0,57.5
"110",-1,56.5
"110",0,55.5
"110",0,54.5
"111",0,-73.5
"111",-1,-72.5
"111",-1,-71.5
"111",-1,-70.5
"111",0,-69.5
"111",0,-68.5
"111",0,-67.5
"111",0,-66.5
"111",0,-65.5
"111",0,-64.5
"111",0,-63.5
"111",0,-62.5
"111",1,-61.5
"111",2,-60.5
"111",3,-59.5
"111",4,-59.5
"111",5,-58.5
"111",5,-57.5
"111",6,-56.5
"111",7,-55.5
"111",8,-54.5
"111",9,-53.5
"111",10,-53.5
"111",11,-52.5
"111",11,-51.5
"111",11,-50.5
"111",11,-49.5
"111",11,-48.5
"111",11,-47.5
"111",11,-46.5
"111",11,-45.5
"111",11,-44.5
"111",11,-43.5
"111",11,-42.5
"111",11,-41.5
"111",12,-40.5
"111",12,-39.5
"111",13,-38.5
"111",13,-37.5
"111",13,-36.5
"111",13,-35.5
"111",13,-34.5
"111",13,-33.5
"111",13,-32.5
"111",13,-31.5
"111",13,-30.5
"111",13,-29.5
"111",13,-28.5
"111",13,-27.5
"111",12,-26.5
"111",12,-25.5
"111",11,-24.5
"111",11,-23.5
"111",10,-22.5
"111",10,-21.5
"111",9,-20.5
"111",8,-19.5
"111",8,-18.5
"111",8,-17.5
"111",8,-16.5
"111",7,-15.5
"111",6,-14.5
"111",5,-13.5
"111",5,-12.5
"111",4,-11.5
"111",3,-11.5
"111",3,-10.5
"111",2,-9.5
"111",1,-9.5
"111",0,-8.5
"111",-1,-7.5
"111",-1,-6.5
"111",-2,-5.5
"111",-3,-4.5
"111",-4,-4.5
"111",-4,-3.5
"111",-4,-2.5
"111",-4,-1.5
"111",-5,-1.5
"111",-6,-0.5
"111",-7,-0.5
"111",-8,0.5
"111",-9,1.5
"111",-10,1.5
"111",-11,2.5
"111",-11,3.5
"111",-11,4.5
"111",-11,5.5
"111",-12,5.5
"111",-13,6.5
"111",-14,7.5
"111",-15,7.5
"111",-16,7.5
"111",-16,8.5
"111",-16,9.5
"111",-16,10.5
"111",-17,10.5
"111",-18,11.5
"111",-18,12.5
"111",-18,13.5
"111",-18,14.5
"111",-18,15.5
"111",-18,16.5
"111",-18,17.5
"111",-18,18.5
"111",-18,19.5
"111",-18,20.5
"111",-18,21.5
"111",-18,22.5
"111",-18,23.5
"111",-18,24.5
"111",-18,25.5
"111",-18,26.5
"111",-18,27.5
"111",-18,28.5
"111",-18,29.5
"111",-18,30.5
"111",-18,31.5
"111",-18,32.5
"111",-18,33.5
"111",-18,34.5
"111",-18,35.5
"111",-18,36.5
"111",-18,37.5
"111",-18,38.5
"111",-18,39.5
"111",-18,40.5
"111",-18,41.5
"111",-18,42.5
"111",-18,43.5
"111",-17,44.5
"111",-16,44.5
"111",-15,44.5
"111",-14,44.5
"111",-13,45.5
"111",-13,46.5
"111",-13,47.5
"111",-13,48.5
"111",-12,49.5
"111",-12,50.5
"111",-12,51.5
"111",-12,52.5
"111",-12,53.5
"111",-12,54.5
"111",-12,55.5
"111",-11,56.5
"111",-10,57.5
"111",-9,57.5
"111",-8,58.5
"111",-7,59.5
"111",-6,59.5
"111",-5,59.5
"111",-4,59.5
"111",-3,59.5
"111",-2,58.5
"111",-1,58.5
"111",0,57.5
"111",-1,56.5
"111",0,55.5
"111",0,54.5
"112",0,-73.5
"112",1,-73.5
"112",1,-72.5
"112",1,-71.5
"112",1,-70.5
"112",1,-69.5
"112",1,-68.5
"112",1,-67.5
"112",1,-66.5
"112",1,-65.5
"112",0,-64.5
"112",0,-63.5
"112",0,-62.5
"112",1,-61.5
"112",2,-60.5
"112",3,-59.5
"112",4,-59.5
"112",5,-59.5
"112",5,-58.5
"112",5,-57.5
"112",6,-56.5
"112",7,-55.5
"112",8,-54.5
"112",9,-53.5
"112",10,-53.5
"112",11,-53.5
"112",11,-52.5
"112",11,-51.5
"112",11,-50.5
"112",11,-49.5
"112",11,-48.5
"112",11,-47.5
"112",11,-46.5
"112",11,-45.5
"112",11,-44.5
"112",11,-43.5
"112",11,-42.5
"112",11,-41.5
"112",11,-40.5
"112",11,-39.5
"112",11,-38.5
"112",11,-37.5
"112",11,-36.5
"112",11,-35.5
"112",11,-34.5
"112",11,-33.5
"112",11,-32.5
"112",11,-31.5
"112",11,-30.5
"112",11,-29.5
"112",11,-28.5
"112",11,-27.5
"112",11,-26.5
"112",10,-25.5
"112",9,-24.5
"112",8,-23.5
"112",8,-22.5
"112",8,-21.5
"112",8,-20.5
"112",8,-19.5
"112",8,-18.5
"112",8,-17.5
"112",8,-16.5
"112",7,-15.5
"112",6,-14.5
"112",5,-13.5
"112",5,-12.5
"112",4,-11.5
"112",3,-11.5
"112",3,-10.5
"112",3,-9.5
"112",2,-9.5
"112",1,-9.5
"112",0,-8.5
"112",-1,-7.5
"112",-1,-6.5
"112",-2,-5.5
"112",-3,-4.5
"112",-4,-4.5
"112",-4,-3.5
"112",-4,-2.5
"112",-4,-1.5
"112",-5,-1.5
"112",-6,-0.5
"112",-7,-0.5
"112",-8,0.5
"112",-9,1.5
"112",-10,1.5
"112",-11,2.5
"112",-11,3.5
"112",-11,4.5
"112",-11,5.5
"112",-12,5.5
"112",-13,6.5
"112",-14,6.5
"112",-14,7.5
"112",-15,7.5
"112",-16,7.5
"112",-16,8.5
"112",-16,9.5
"112",-16,10.5
"112",-17,10.5
"112",-18,11.5
"112",-18,12.5
"112",-18,13.5
"112",-18,14.5
"112",-18,15.5
"112",-18,16.5
"112",-18,17.5
"112",-18,18.5
"112",-18,19.5
"112",-18,20.5
"112",-18,21.5
"112",-18,22.5
"112",-18,23.5
"112",-18,24.5
"112",-18,25.5
"112",-18,26.5
"112",-18,27.5
"112",-18,28.5
"112",-18,29.5
"112",-18,30.5
"112",-18,31.5
"112",-18,32.5
"112",-18,33.5
"112",-18,34.5
"112",-18,35.5
"112",-18,36.5
"112",-18,37.5
"112",-18,38.5
"112",-18,39.5
"112",-18,40.5
"112",-18,41.5
"112",-18,42.5
"112",-18,43.5
"112",-17,44.5
"112",-16,44.5
"112",-15,44.5
"112",-14,44.5
"112",-13,44.5
"112",-13,45.5
"112",-13,46.5
"112",-13,47.5
"112",-13,48.5
"112",-12,49.5
"112",-12,50.5
"112",-12,51.5
"112",-12,52.5
"112",-12,53.5
"112",-12,54.5
"112",-12,55.5
"112",-12,56.5
"112",-11,57.5
"112",-10,58.5
"112",-9,58.5
"112",-8,58.5
"112",-7,59.5
"112",-6,59.5
"112",-5,59.5
"112",-4,59.5
"112",-3,59.5
"112",-2,58.5
"112",-1,58.5
"112",0,57.5
"112",-1,56.5
"112",0,55.5
"112",0,54.5
"113",0,-73.5
"113",-1,-72.5
"113",-2,-71.5
"113",-3,-71.5
"113",-4,-70.5
"113",-5,-70.5
"113",-6,-70.5
"113",-7,-69.5
"113",-8,-68.5
"113",-9,-67.5
"113",-10,-66.5
"113",-11,-65.5
"113",-10,-64.5
"113",-11,-63.5
"113",-10,-62.5
"113",-9,-61.5
"113",-8,-60.5
"113",-7,-59.5
"113",-6,-58.5
"113",-5,-57.5
"113",-4,-56.5
"113",-3,-55.5
"113",-2,-54.5
"113",-1,-53.5
"113",0,-52.5
"113",1,-51.5
"113",2,-50.5
"113",3,-49.5
"113",4,-48.5
"113",5,-47.5
"113",6,-46.5
"113",7,-45.5
"113",8,-44.5
"113",9,-43.5
"113",10,-42.5
"113",11,-41.5
"113",12,-40.5
"113",13,-39.5
"113",14,-38.5
"113",15,-37.5
"113",15,-36.5
"113",15,-35.5
"113",15,-34.5
"113",15,-33.5
"113",15,-32.5
"113",15,-31.5
"113",15,-30.5
"113",15,-29.5
"113",14,-28.5
"113",13,-27.5
"113",12,-26.5
"113",11,-25.5
"113",10,-24.5
"113",9,-23.5
"113",8,-22.5
"113",7,-21.5
"113",6,-20.5
"113",5,-19.5
"113",4,-18.5
"113",3,-17.5
"113",2,-16.5
"113",1,-15.5
"113",0,-14.5
"113",-1,-13.5
"113",-2,-12.5
"113",-3,-11.5
"113",-4,-10.5
"113",-5,-9.5
"113",-6,-8.5
"113",-7,-7.5
"113",-8,-6.5
"113",-9,-5.5
"113",-10,-4.5
"113",-11,-3.5
"113",-12,-2.5
"113",-13,-1.5
"113",-14,-0.5
"113",-15,0.5
"113",-16,1.5
"113",-17,2.5
"113",-17,3.5
"113",-17,4.5
"113",-17,5.5
"113",-17,6.5
"113",-17,7.5
"113",-17,8.5
"113",-17,9.5
"113",-17,10.5
"113",-17,11.5
"113",-18,12.5
"113",-18,13.5
"113",-18,14.5
"113",-18,15.5
"113",-18,16.5
"113",-18,17.5
"113",-18,18.5
"113",-18,19.5
"113",-18,20.5
"113",-18,21.5
"113",-18,22.5
"113",-18,23.5
"113",-18,24.5
"113",-18,25.5
"113",-17,26.5
"113",-17,27.5
"113",-17,28.5
"113",-17,29.5
"113",-17,30.5
"113",-17,31.5
"113",-17,32.5
"113",-17,33.5
"113",-17,34.5
"113",-17,35.5
"113",-17,36.5
"113",-17,37.5
"113",-17,38.5
"113",-17,39.5
"113",-17,40.5
"113",-18,41.5
"113",-19,42.5
"113",-20,43.5
"113",-20,44.5
"113",-20,45.5
"113",-19,46.5
"113",-18,47.5
"113",-17,48.5
"113",-16,49.5
"113",-15,50.5
"113",-14,51.5
"113",-13,52.5
"113",-12,53.5
"113",-11,54.5
"113",-10,55.5
"113",-9,56.5
"113",-8,57.5
"113",-7,58.5
"113",-6,59.5
"113",-5,59.5
"113",-4,59.5
"113",-3,59.5
"113",-2,58.5
"113",-1,57.5
"113",-1,56.5
"113",0,55.5
"113",0,54.5
"114",0,-73.5
"114",-1,-72.5
"114",-2,-71.5
"114",-3,-71.5
"114",-4,-71.5
"114",-5,-71.5
"114",-6,-70.5
"114",-7,-69.5
"114",-8,-68.5
"114",-9,-67.5
"114",-9,-66.5
"114",-9,-65.5
"114",-8,-64.5
"114",-7,-63.5
"114",-6,-62.5
"114",-5,-61.5
"114",-4,-60.5
"114",-3,-59.5
"114",-2,-58.5
"114",-1,-57.5
"114",0,-56.5
"114",1,-55.5
"114",2,-54.5
"114",3,-53.5
"114",4,-52.5
"114",5,-51.5
"114",6,-50.5
"114",7,-49.5
"114",8,-48.5
"114",9,-47.5
"114",10,-46.5
"114",11,-45.5
"114",11,-44.5
"114",11,-43.5
"114",11,-42.5
"114",11,-41.5
"114",12,-40.5
"114",12,-39.5
"114",13,-38.5
"114",13,-37.5
"114",13,-36.5
"114",13,-35.5
"114",13,-34.5
"114",13,-33.5
"114",13,-32.5
"114",13,-31.5
"114",13,-30.5
"114",13,-29.5
"114",13,-28.5
"114",12,-27.5
"114",11,-26.5
"114",10,-25.5
"114",9,-24.5
"114",8,-23.5
"114",7,-22.5
"114",6,-21.5
"114",5,-20.5
"114",4,-19.5
"114",3,-18.5
"114",2,-17.5
"114",1,-16.5
"114",0,-15.5
"114",-1,-14.5
"114",-2,-13.5
"114",-3,-12.5
"114",-4,-11.5
"114",-5,-10.5
"114",-6,-9.5
"114",-7,-8.5
"114",-8,-7.5
"114",-9,-6.5
"114",-10,-5.5
"114",-11,-4.5
"114",-12,-3.5
"114",-13,-2.5
"114",-14,-1.5
"114",-15,-0.5
"114",-16,0.5
"114",-17,1.5
"114",-18,2.5
"114",-18,3.5
"114",-18,4.5
"114",-18,5.5
"114",-18,6.5
"114",-18,7.5
"114",-18,8.5
"114",-18,9.5
"114",-18,10.5
"114",-18,11.5
"114",-18,12.5
"114",-18,13.5
"114",-18,14.5
"114",-18,15.5
"114",-18,16.5
"114",-18,17.5
"114",-18,18.5
"114",-18,19.5
"114",-18,20.5
"114",-18,21.5
"114",-18,22.5
"114",-18,23.5
"114",-18,24.5
"114",-18,25.5
"114",-18,26.5
"114",-18,27.5
"114",-18,28.5
"114",-18,29.5
"114",-18,30.5
"114",-18,31.5
"114",-18,32.5
"114",-18,33.5
"114",-18,34.5
"114",-18,35.5
"114",-18,36.5
"114",-18,37.5
"114",-18,38.5
"114",-18,39.5
"114",-18,40.5
"114",-18,41.5
"114",-18,42.5
"114",-18,43.5
"114",-18,44.5
"114",-18,45.5
"114",-18,46.5
"114",-18,47.5
"114",-17,48.5
"114",-16,49.5
"114",-15,50.5
"114",-14,51.5
"114",-13,52.5
"114",-12,53.5
"114",-11,54.5
"114",-10,55.5
"114",-9,56.5
"114",-8,57.5
"114",-7,58.5
"114",-6,59.5
"114",-5,59.5
"114",-4,59.5
"114",-3,59.5
"114",-2,58.5
"114",-1,57.5
"114",-1,56.5
"114",0,55.5
"114",0,54.5
"115",0,-73.5
"115",-1,-72.5
"115",-1,-71.5
"115",-1,-70.5
"115",0,-69.5
"115",0,-68.5
"115",0,-67.5
"115",0,-66.5
"115",0,-65.5
"115",0,-64.5
"115",0,-63.5
"115",0,-62.5
"115",1,-61.5
"115",2,-60.5
"115",3,-59.5
"115",4,-58.5
"115",5,-57.5
"115",6,-56.5
"115",7,-55.5
"115",8,-54.5
"115",9,-53.5
"115",8,-52.5
"115",9,-51.5
"115",10,-50.5
"115",11,-49.5
"115",11,-48.5
"115",11,-47.5
"115",11,-46.5
"115",11,-45.5
"115",11,-44.5
"115",11,-43.5
"115",11,-42.5
"115",11,-41.5
"115",12,-40.5
"115",12,-39.5
"115",13,-38.5
"115",13,-37.5
"115",13,-36.5
"115",13,-35.5
"115",13,-34.5
"115",13,-33.5
"115",13,-32.5
"115",13,-31.5
"115",13,-30.5
"115",13,-29.5
"115",13,-28.5
"115",12,-27.5
"115",11,-26.5
"115",10,-25.5
"115",9,-24.5
"115",8,-23.5
"115",7,-22.5
"115",6,-21.5
"115",5,-20.5
"115",4,-19.5
"115",3,-18.5
"115",2,-17.5
"115",1,-16.5
"115",0,-15.5
"115",-1,-14.5
"115",-2,-13.5
"115",-3,-12.5
"115",-4,-11.5
"115",-5,-11.5
"115",-6,-10.5
"115",-7,-9.5
"115",-8,-8.5
"115",-9,-7.5
"115",-9,-6.5
"115",-10,-5.5
"115",-11,-4.5
"115",-12,-3.5
"115",-13,-2.5
"115",-14,-1.5
"115",-15,-0.5
"115",-16,0.5
"115",-16,1.5
"115",-16,2.5
"115",-16,3.5
"115",-16,4.5
"115",-16,5.5
"115",-16,6.5
"115",-16,7.5
"115",-16,8.5
"115",-16,9.5
"115",-16,10.5
"115",-17,11.5
"115",-18,12.5
"115",-18,13.5
"115",-18,14.5
"115",-18,15.5
"115",-18,16.5
"115",-18,17.5
"115",-18,18.5
"115",-18,19.5
"115",-18,20.5
"115",-18,21.5
"115",-18,22.5
"115",-18,23.5
"115",-18,24.5
"115",-18,25.5
"115",-18,26.5
"115",-18,27.5
"115",-18,28.5
"115",-18,29.5
"115",-18,30.5
"115",-18,31.5
"115",-18,32.5
"115",-18,33.5
"115",-18,34.5
"115",-18,35.5
"115",-18,36.5
"115",-18,37.5
"115",-18,38.5
"115",-18,39.5
"115",-18,40.5
"115",-18,41.5
"115",-18,42.5
"115",-18,43.5
"115",-18,44.5
"115",-18,45.5
"115",-18,46.5
"115",-18,47.5
"115",-17,48.5
"115",-16,49.5
"115",-15,50.5
"115",-14,51.5
"115",-13,52.5
"115",-12,53.5
"115",-11,54.5
"115",-10,55.5
"115",-9,56.5
"115",-8,57.5
"115",-7,58.5
"115",-6,59.5
"115",-5,59.5
"115",-4,59.5
"115",-3,59.5
"115",-2,58.5
"115",-1,57.5
"115",0,56.5
"115",0,55.5
"115",0,54.5
"116",0,-73.5
"116",1,-73.5
"116",1,-72.5
"116",1,-71.5
"116",1,-70.5
"116",0,-69.5
"116",0,-68.5
"116",0,-67.5
"116",0,-66.5
"116",0,-65.5
"116",0,-64.5
"116",0,-63.5
"116",0,-62.5
"116",1,-61.5
"116",2,-60.5
"116",3,-59.5
"116",4,-59.5
"116",5,-58.5
"116",5,-57.5
"116",6,-56.5
"116",7,-55.5
"116",8,-54.5
"116",9,-53.5
"116",10,-53.5
"116",11,-52.5
"116",11,-51.5
"116",11,-50.5
"116",11,-49.5
"116",11,-48.5
"116",11,-47.5
"116",11,-46.5
"116",11,-45.5
"116",11,-44.5
"116",11,-43.5
"116",11,-42.5
"116",11,-41.5
"116",11,-40.5
"116",11,-39.5
"116",11,-38.5
"116",11,-37.5
"116",11,-36.5
"116",11,-35.5
"116",11,-34.5
"116",11,-33.5
"116",11,-32.5
"116",11,-31.5
"116",11,-30.5
"116",11,-29.5
"116",11,-28.5
"116",11,-27.5
"116",11,-26.5
"116",10,-25.5
"116",9,-24.5
"116",8,-23.5
"116",8,-22.5
"116",8,-21.5
"116",8,-20.5
"116",8,-19.5
"116",8,-18.5
"116",8,-17.5
"116",8,-16.5
"116",7,-15.5
"116",6,-14.5
"116",5,-13.5
"116",5,-12.5
"116",4,-11.5
"116",3,-11.5
"116",3,-10.5
"116",2,-9.5
"116",1,-9.5
"116",0,-8.5
"116",-1,-7.5
"116",-1,-6.5
"116",-2,-5.5
"116",-3,-4.5
"116",-4,-4.5
"116",-4,-3.5
"116",-4,-2.5
"116",-4,-1.5
"116",-5,-1.5
"116",-6,-0.5
"116",-7,-0.5
"116",-8,0.5
"116",-9,1.5
"116",-10,1.5
"116",-11,2.5
"116",-11,3.5
"116",-11,4.5
"116",-11,5.5
"116",-12,5.5
"116",-13,6.5
"116",-14,7.5
"116",-15,7.5
"116",-16,7.5
"116",-16,8.5
"116",-16,9.5
"116",-16,10.5
"116",-17,10.5
"116",-18,11.5
"116",-18,12.5
"116",-18,13.5
"116",-18,14.5
"116",-18,15.5
"116",-18,16.5
"116",-18,17.5
"116",-18,18.5
"116",-18,19.5
"116",-18,20.5
"116",-18,21.5
"116",-18,22.5
"116",-18,23.5
"116",-18,24.5
"116",-18,25.5
"116",-18,26.5
"116",-18,27.5
"116",-18,28.5
"116",-18,29.5
"116",-18,30.5
"116",-18,31.5
"116",-18,32.5
"116",-18,33.5
"116",-18,34.5
"116",-18,35.5
"116",-18,36.5
"116",-18,37.5
"116",-18,38.5
"116",-18,39.5
"116",-18,40.5
"116",-18,41.5
"116",-18,42.5
"116",-18,43.5
"116",-17,44.5
"116",-16,44.5
"116",-15,44.5
"116",-14,45.5
"116",-13,46.5
"116",-13,47.5
"116",-13,48.5
"116",-12,49.5
"116",-12,50.5
"116",-12,51.5
"116",-12,52.5
"116",-12,53.5
"116",-12,54.5
"116",-12,55.5
"116",-11,56.5
"116",-10,57.5
"116",-9,57.5
"116",-8,58.5
"116",-7,59.5
"116",-6,59.5
"116",-5,59.5
"116",-4,59.5
"116",-3,59.5
"116",-2,58.5
"116",-1,58.5
"116",0,57.5
"116",-1,56.5
"116",0,55.5
"116",0,54.5
"117",0,-73.5
"117",-1,-72.5
"117",-2,-71.5
"117",-3,-71.5
"117",-4,-70.5
"117",-5,-69.5
"117",-6,-68.5
"117",-7,-67.5
"117",-8,-66.5
"117",-9,-65.5
"117",-10,-64.5
"117",-11,-63.5
"117",-10,-62.5
"117",-9,-61.5
"117",-8,-60.5
"117",-7,-59.5
"117",-6,-58.5
"117",-5,-57.5
"117",-4,-56.5
"117",-3,-55.5
"117",-2,-54.5
"117",-1,-53.5
"117",0,-52.5
"117",1,-51.5
"117",2,-50.5
"117",3,-49.5
"117",4,-48.5
"117",5,-47.5
"117",6,-46.5
"117",7,-45.5
"117",8,-44.5
"117",9,-43.5
"117",10,-42.5
"117",11,-41.5
"117",12,-40.5
"117",13,-39.5
"117",14,-38.5
"117",14,-37.5
"117",14,-36.5
"117",14,-35.5
"117",14,-34.5
"117",14,-33.5
"117",14,-32.5
"117",14,-31.5
"117",14,-30.5
"117",14,-29.5
"117",14,-28.5
"117",13,-27.5
"117",12,-26.5
"117",11,-25.5
"117",10,-24.5
"117",9,-23.5
"117",8,-22.5
"117",7,-21.5
"117",6,-20.5
"117",5,-19.5
"117",4,-18.5
"117",3,-17.5
"117",2,-16.5
"117",1,-15.5
"117",0,-14.5
"117",-1,-13.5
"117",-2,-12.5
"117",-3,-11.5
"117",-4,-10.5
"117",-5,-9.5
"117",-6,-8.5
"117",-7,-7.5
"117",-8,-6.5
"117",-9,-5.5
"117",-10,-4.5
"117",-11,-3.5
"117",-12,-2.5
"117",-13,-1.5
"117",-14,-0.5
"117",-15,0.5
"117",-16,1.5
"117",-17,2.5
"117",-17,3.5
"117",-17,4.5
"117",-17,5.5
"117",-17,6.5
"117",-17,7.5
"117",-17,8.5
"117",-17,9.5
"117",-17,10.5
"117",-17,11.5
"117",-17,12.5
"117",-18,13.5
"117",-18,14.5
"117",-18,15.5
"117",-18,16.5
"117",-18,17.5
"117",-18,18.5
"117",-18,19.5
"117",-18,20.5
"117",-18,21.5
"117",-18,22.5
"117",-18,23.5
"117",-18,24.5
"117",-18,25.5
"117",-18,26.5
"117",-18,27.5
"117",-18,28.5
"117",-18,29.5
"117",-18,30.5
"117",-18,31.5
"117",-18,32.5
"117",-18,33.5
"117",-18,34.5
"117",-18,35.5
"117",-18,36.5
"117",-18,37.5
"117",-18,38.5
"117",-18,39.5
"117",-18,40.5
"117",-18,41.5
"117",-19,42.5
"117",-20,43.5
"117",-20,44.5
"117",-20,45.5
"117",-19,46.5
"117",-18,47.5
"117",-17,48.5
"117",-16,49.5
"117",-15,50.5
"117",-14,51.5
"117",-13,52.5
"117",-12,53.5
"117",-11,54.5
"117",-10,55.5
"117",-9,56.5
"117",-8,57.5
"117",-7,58.5
"117",-6,59.5
"117",-5,59.5
"117",-4,59.5
"117",-3,59.5
"117",-2,58.5
"117",-1,57.5
"117",-1,56.5
"117",0,55.5
"117",0,54.5
"118",0,-73.5
"118",-1,-72.5
"118",-1,-71.5
"118",0,-70.5
"118",-1,-69.5
"118",0,-68.5
"118",0,-67.5
"118",0,-66.5
"118",0,-65.5
"118",0,-64.5
"118",0,-63.5
"118",0,-62.5
"118",1,-61.5
"118",2,-60.5
"118",3,-59.5
"118",4,-58.5
"118",5,-57.5
"118",6,-56.5
"118",7,-55.5
"118",8,-54.5
"118",9,-53.5
"118",10,-52.5
"118",11,-51.5
"118",12,-50.5
"118",13,-49.5
"118",14,-48.5
"118",15,-47.5
"118",15,-46.5
"118",15,-45.5
"118",15,-44.5
"118",15,-43.5
"118",15,-42.5
"118",15,-41.5
"118",15,-40.5
"118",15,-39.5
"118",15,-38.5
"118",15,-37.5
"118",15,-36.5
"118",15,-35.5
"118",15,-34.5
"118",15,-33.5
"118",15,-32.5
"118",15,-31.5
"118",15,-30.5
"118",14,-29.5
"118",13,-28.5
"118",12,-27.5
"118",11,-26.5
"118",10,-25.5
"118",9,-24.5
"118",8,-23.5
"118",7,-22.5
"118",6,-21.5
"118",5,-20.5
"118",4,-19.5
"118",3,-18.5
"118",2,-17.5
"118",1,-16.5
"118",0,-15.5
"118",-1,-14.5
"118",-2,-13.5
"118",-3,-12.5
"118",-4,-11.5
"118",-5,-10.5
"118",-6,-9.5
"118",-7,-8.5
"118",-8,-7.5
"118",-9,-6.5
"118",-10,-5.5
"118",-11,-4.5
"118",-12,-3.5
"118",-13,-2.5
"118",-14,-1.5
"118",-15,-0.5
"118",-16,0.5
"118",-16,1.5
"118",-16,2.5
"118",-16,3.5
"118",-16,4.5
"118",-16,5.5
"118",-16,6.5
"118",-16,7.5
"118",-16,8.5
"118",-16,9.5
"118",-16,10.5
"118",-17,11.5
"118",-18,12.5
"118",-18,13.5
"118",-18,14.5
"118",-18,15.5
"118",-18,16.5
"118",-18,17.5
"118",-18,18.5
"118",-18,19.5
"118",-18,20.5
"118",-18,21.5
"118",-18,22.5
"118",-18,23.5
"118",-18,24.5
"118",-18,25.5
"118",-18,26.5
"118",-18,27.5
"118",-18,28.5
"118",-18,29.5
"118",-18,30.5
"118",-18,31.5
"118",-18,32.5
"118",-18,33.5
"118",-18,34.5
"118",-18,35.5
"118",-18,36.5
"118",-18,37.5
"118",-18,38.5
"118",-18,39.5
"118",-18,40.5
"118",-18,41.5
"118",-18,42.5
"118",-18,43.5
"118",-18,44.5
"118",-18,45.5
"118",-18,46.5
"118",-18,47.5
"118",-17,48.5
"118",-16,49.5
"118",-15,50.5
"118",-14,51.5
"118",-13,52.5
"118",-12,53.5
"118",-11,54.5
"118",-10,55.5
"118",-9,56.5
"118",-8,57.5
"118",-7,58.5
"118",-6,59.5
"118",-5,59.5
"118",-4,59.5
"118",-3,59.5
"118",-2,58.5
"118",-1,57.5
"118",0,56.5
"118",0,55.5
"118",0,54.5
"119",0,-73.5
"119",-1,-72.5
"119",-1,-71.5
"119",-1,-70.5
"119",0,-69.5
"119",0,-68.5
"119",0,-67.5
"119",0,-66.5
"119",0,-65.5
"119",0,-64.5
"119",0,-63.5
"119",0,-62.5
"119",1,-61.5
"119",2,-60.5
"119",2,-59.5
"119",3,-58.5
"119",4,-58.5
"119",5,-57.5
"119",6,-56.5
"119",7,-55.5
"119",8,-54.5
"119",9,-53.5
"119",10,-53.5
"119",11,-52.5
"119",11,-51.5
"119",11,-50.5
"119",11,-49.5
"119",11,-48.5
"119",11,-47.5
"119",11,-46.5
"119",11,-45.5
"119",11,-44.5
"119",11,-43.5
"119",11,-42.5
"119",11,-41.5
"119",11,-40.5
"119",11,-39.5
"119",11,-38.5
"119",11,-37.5
"119",11,-36.5
"119",11,-35.5
"119",11,-34.5
"119",11,-33.5
"119",11,-32.5
"119",11,-31.5
"119",11,-30.5
"119",11,-29.5
"119",11,-28.5
"119",11,-27.5
"119",11,-26.5
"119",10,-25.5
"119",9,-24.5
"119",8,-23.5
"119",8,-22.5
"119",8,-21.5
"119",8,-20.5
"119",8,-19.5
"119",8,-18.5
"119",8,-17.5
"119",8,-16.5
"119",7,-15.5
"119",6,-14.5
"119",5,-13.5
"119",5,-12.5
"119",4,-11.5
"119",3,-11.5
"119",3,-10.5
"119",2,-9.5
"119",1,-9.5
"119",0,-8.5
"119",-1,-7.5
"119",-1,-6.5
"119",-2,-5.5
"119",-3,-4.5
"119",-4,-4.5
"119",-4,-3.5
"119",-4,-2.5
"119",-5,-1.5
"119",-6,-0.5
"119",-7,-0.5
"119",-8,0.5
"119",-9,1.5
"119",-10,1.5
"119",-11,2.5
"119",-11,3.5
"119",-11,4.5
"119",-11,5.5
"119",-12,5.5
"119",-13,6.5
"119",-14,7.5
"119",-15,7.5
"119",-16,7.5
"119",-16,8.5
"119",-16,9.5
"119",-16,10.5
"119",-17,10.5
"119",-18,11.5
"119",-18,12.5
"119",-18,13.5
"119",-18,14.5
"119",-18,15.5
"119",-18,16.5
"119",-18,17.5
"119",-18,18.5
"119",-18,19.5
"119",-18,20.5
"119",-18,21.5
"119",-18,22.5
"119",-18,23.5
"119",-18,24.5
"119",-18,25.5
"119",-18,26.5
"119",-18,27.5
"119",-18,28.5
"119",-18,29.5
"119",-18,30.5
"119",-18,31.5
"119",-18,32.5
"119",-18,33.5
"119",-18,34.5
"119",-18,35.5
"119",-18,36.5
"119",-18,37.5
"119",-18,38.5
"119",-18,39.5
"119",-18,40.5
"119",-18,41.5
"119",-18,42.5
"119",-18,43.5
"119",-17,44.5
"119",-16,44.5
"119",-15,44.5
"119",-14,45.5
"119",-13,46.5
"119",-13,47.5
"119",-13,48.5
"119",-12,49.5
"119",-12,50.5
"119",-12,51.5
"119",-12,52.5
"119",-12,53.5
"119",-12,54.5
"119",-12,55.5
"119",-11,56.5
"119",-10,57.5
"119",-9,57.5
"119",-8,58.5
"119",-7,59.5
"119",-6,59.5
"119",-5,59.5
"119",-4,59.5
"119",-3,59.5
"119",-2,58.5
"119",-1,57.5
"119",0,56.5
"119",0,55.5
"119",0,54.5
"120",0,-73.5
"120",-1,-72.5
"120",-2,-71.5
"120",-3,-71.5
"120",-4,-70.5
"120",-5,-69.5
"120",-6,-68.5
"120",-7,-67.5
"120",-8,-66.5
"120",-9,-65.5
"120",-10,-64.5
"120",-11,-63.5
"120",-10,-62.5
"120",-9,-61.5
"120",-8,-60.5
"120",-7,-59.5
"120",-6,-58.5
"120",-5,-57.5
"120",-4,-56.5
"120",-3,-55.5
"120",-2,-54.5
"120",-1,-53.5
"120",0,-52.5
"120",1,-51.5
"120",2,-50.5
"120",3,-49.5
"120",4,-48.5
"120",5,-47.5
"120",6,-46.5
"120",7,-45.5
"120",8,-44.5
"120",9,-43.5
"120",10,-42.5
"120",11,-41.5
"120",12,-40.5
"120",13,-39.5
"120",13,-38.5
"120",13,-37.5
"120",13,-36.5
"120",13,-35.5
"120",13,-34.5
"120",13,-33.5
"120",13,-32.5
"120",13,-31.5
"120",13,-30.5
"120",13,-29.5
"120",13,-28.5
"120",12,-27.5
"120",11,-26.5
"120",10,-25.5
"120",9,-24.5
"120",8,-23.5
"120",7,-22.5
"120",6,-21.5
"120",5,-20.5
"120",4,-19.5
"120",3,-18.5
"120",2,-17.5
"120",1,-16.5
"120",0,-15.5
"120",-1,-14.5
"120",-2,-13.5
"120",-3,-12.5
"120",-4,-11.5
"120",-5,-10.5
"120",-6,-9.5
"120",-7,-8.5
"120",-8,-7.5
"120",-9,-6.5
"120",-10,-5.5
"120",-11,-4.5
"120",-12,-3.5
"120",-13,-2.5
"120",-14,-1.5
"120",-15,-0.5
"120",-16,0.5
"120",-17,1.5
"120",-17,2.5
"120",-17,3.5
"120",-17,4.5
"120",-17,5.5
"120",-17,6.5
"120",-17,7.5
"120",-17,8.5
"120",-17,9.5
"120",-17,10.5
"120",-17,11.5
"120",-17,12.5
"120",-18,13.5
"120",-18,14.5
"120",-18,15.5
"120",-18,16.5
"120",-18,17.5
"120",-18,18.5
"120",-18,19.5
"120",-18,20.5
"120",-18,21.5
"120",-18,22.5
"120",-18,23.5
"120",-18,24.5
"120",-18,25.5
"120",-18,26.5
"120",-18,27.5
"120",-18,28.5
"120",-18,29.5
"120",-18,30.5
"120",-18,31.5
"120",-18,32.5
"120",-18,33.5
"120",-18,34.5
"120",-18,35.5
"120",-18,36.5
"120",-18,37.5
"120",-18,38.5
"120",-18,39.5
"120",-18,40.5
"120",-18,41.5
"120",-19,42.5
"120",-19,43.5
"120",-19,44.5
"120",-19,45.5
"120",-19,46.5
"120",-18,47.5
"120",-17,48.5
"120",-16,49.5
"120",-15,50.5
"120",-14,51.5
"120",-13,52.5
"120",-12,53.5
"120",-11,54.5
"120",-10,55.5
"120",-9,56.5
"120",-8,57.5
"120",-7,58.5
"120",-6,59.5
"120",-5,59.5
"120",-4,59.5
"120",-3,59.5
"120",-2,58.5
"120",-1,57.5
"120",0,56.5
"120",0,55.5
"120",0,54.5
"121",0,-73.5
"121",-1,-72.5
"121",-1,-71.5
"121",0,-70.5
"121",-1,-69.5
"121",0,-68.5
"121",0,-67.5
"121",0,-66.5
"121",0,-65.5
"121",0,-64.5
"121",0,-63.5
"121",0,-62.5
"121",1,-61.5
"121",2,-60.5
"121",3,-59.5
"121",4,-58.5
"121",5,-57.5
"121",6,-56.5
"121",7,-55.5
"121",8,-54.5
"121",9,-53.5
"121",10,-52.5
"121",11,-51.5
"121",12,-50.5
"121",13,-49.5
"121",14,-48.5
"121",15,-47.5
"121",15,-46.5
"121",15,-45.5
"121",15,-44.5
"121",15,-43.5
"121",15,-42.5
"121",15,-41.5
"121",15,-40.5
"121",15,-39.5
"121",15,-38.5
"121",15,-37.5
"121",15,-36.5
"121",15,-35.5
"121",15,-34.5
"121",15,-33.5
"121",15,-32.5
"121",15,-31.5
"121",15,-30.5
"121",14,-29.5
"121",13,-28.5
"121",12,-27.5
"121",11,-26.5
"121",10,-25.5
"121",9,-24.5
"121",8,-23.5
"121",7,-22.5
"121",6,-21.5
"121",5,-20.5
"121",4,-19.5
"121",3,-18.5
"121",2,-17.5
"121",1,-16.5
"121",0,-15.5
"121",-1,-14.5
"121",-2,-13.5
"121",-3,-12.5
"121",-4,-11.5
"121",-5,-10.5
"121",-6,-9.5
"121",-7,-8.5
"121",-8,-7.5
"121",-9,-6.5
"121",-10,-5.5
"121",-11,-4.5
"121",-12,-3.5
"121",-13,-2.5
"121",-14,-1.5
"121",-15,-0.5
"121",-16,0.5
"121",-16,1.5
"121",-16,2.5
"121",-16,3.5
"121",-16,4.5
"121",-16,5.5
"121",-16,6.5
"121",-16,7.5
"121",-16,8.5
"121",-16,9.5
"121",-16,10.5
"121",-17,11.5
"121",-18,12.5
"121",-18,13.5
"121",-18,14.5
"121",-18,15.5
"121",-18,16.5
"121",-18,17.5
"121",-18,18.5
"121",-18,19.5
"121",-18,20.5
"121",-18,21.5
"121",-18,22.5
"121",-18,23.5
"121",-18,24.5
"121",-18,25.5
"121",-18,26.5
"121",-18,27.5
"121",-18,28.5
"121",-18,29.5
"121",-18,30.5
"121",-18,31.5
"121",-18,32.5
"121",-18,33.5
"121",-18,34.5
"121",-18,35.5
"121",-18,36.5
"121",-18,37.5
"121",-18,38.5
"121",-18,39.5
"121",-18,40.5
"121",-18,41.5
"121",-18,42.5
"121",-18,43.5
"121",-18,44.5
"121",-18,45.5
"121",-18,46.5
"121",-18,47.5
"121",-17,48.5
"121",-16,49.5
"121",-15,50.5
"121",-14,51.5
"121",-13,52.5
"121",-12,53.5
"121",-11,54.5
"121",-10,55.5
"121",-9,56.5
"121",-8,57.5
"121",-7,58.5
"121",-6,59.5
"121",-5,59.5
"121",-4,59.5
"121",-3,59.5
"121",-2,58.5
"121",-1,57.5
"121",0,56.5
"121",0,55.5
"121",0,54.5
"122",0,-73.5
"122",-1,-72.5
"122",-1,-71.5
"122",-1,-70.5
"122",0,-69.5
"122",0,-68.5
"122",0,-67.5
"122",0,-66.5
"122",0,-65.5
"122",0,-64.5
"122",0,-63.5
"122",0,-62.5
"122",1,-61.5
"122",2,-60.5
"122",3,-59.5
"122",4,-58.5
"122",5,-57.5
"122",6,-56.5
"122",7,-55.5
"122",8,-54.5
"122",9,-53.5
"122",10,-52.5
"122",11,-51.5
"122",11,-50.5
"122",11,-49.5
"122",11,-48.5
"122",11,-47.5
"122",11,-46.5
"122",11,-45.5
"122",11,-44.5
"122",11,-43.5
"122",11,-42.5
"122",11,-41.5
"122",11,-40.5
"122",11,-39.5
"122",11,-38.5
"122",11,-37.5
"122",11,-36.5
"122",11,-35.5
"122",11,-34.5
"122",11,-33.5
"122",11,-32.5
"122",11,-31.5
"122",11,-30.5
"122",11,-29.5
"122",11,-28.5
"122",11,-27.5
"122",11,-26.5
"122",10,-25.5
"122",9,-24.5
"122",8,-23.5
"122",8,-22.5
"122",8,-21.5
"122",7,-20.5
"122",6,-19.5
"122",5,-18.5
"122",4,-17.5
"122",3,-16.5
"122",2,-15.5
"122",1,-15.5
"122",0,-14.5
"122",-1,-13.5
"122",-2,-12.5
"122",-3,-11.5
"122",-4,-10.5
"122",-5,-10.5
"122",-6,-9.5
"122",-7,-9.5
"122",-8,-8.5
"122",-9,-7.5
"122",-9,-6.5
"122",-10,-5.5
"122",-11,-4.5
"122",-12,-4.5
"122",-13,-3.5
"122",-14,-2.5
"122",-15,-1.5
"122",-16,-0.5
"122",-16,0.5
"122",-16,1.5
"122",-16,2.5
"122",-16,3.5
"122",-16,4.5
"122",-16,5.5
"122",-16,6.5
"122",-16,7.5
"122",-16,8.5
"122",-16,9.5
"122",-16,10.5
"122",-17,11.5
"122",-18,12.5
"122",-18,13.5
"122",-18,14.5
"122",-18,15.5
"122",-18,16.5
"122",-18,17.5
"122",-18,18.5
"122",-18,19.5
"122",-18,20.5
"122",-18,21.5
"122",-18,22.5
"122",-18,23.5
"122",-18,24.5
"122",-18,25.5
"122",-18,26.5
"122",-18,27.5
"122",-18,28.5
"122",-18,29.5
"122",-18,30.5
"122",-18,31.5
"122",-18,32.5
"122",-18,33.5
"122",-18,34.5
"122",-18,35.5
"122",-18,36.5
"122",-18,37.5
"122",-18,38.5
"122",-18,39.5
"122",-18,40.5
"122",-18,41.5
"122",-18,42.5
"122",-18,43.5
"122",-18,44.5
"122",-17,45.5
"122",-16,46.5
"122",-15,47.5
"122",-14,48.5
"122",-13,49.5
"122",-12,50.5
"122",-12,51.5
"122",-12,52.5
"122",-12,53.5
"122",-11,54.5
"122",-10,55.5
"122",-9,56.5
"122",-8,57.5
"122",-7,58.5
"122",-6,59.5
"122",-5,59.5
"122",-4,59.5
"122",-3,59.5
"122",-2,58.5
"122",-1,57.5
"122",0,56.5
"122",0,55.5
"122",0,54.5
"123",0,-73.5
"123",-1,-72.5
"123",-2,-71.5
"123",-3,-70.5
"123",-4,-69.5
"123",-5,-68.5
"123",-6,-67.5
"123",-7,-66.5
"123",-8,-65.5
"123",-9,-64.5
"123",-9,-63.5
"123",-8,-62.5
"123",-7,-61.5
"123",-6,-60.5
"123",-5,-59.5
"123",-4,-58.5
"123",-3,-57.5
"123",-2,-56.5
"123",-1,-55.5
"123",0,-54.5
"123",1,-53.5
"123",2,-52.5
"123",3,-51.5
"123",4,-50.5
"123",5,-49.5
"123",6,-48.5
"123",7,-47.5
"123",8,-46.5
"123",9,-45.5
"123",10,-44.5
"123",11,-43.5
"123",12,-42.5
"123",13,-41.5
"123",13,-40.5
"123",13,-39.5
"123",13,-38.5
"123",13,-37.5
"123",13,-36.5
"123",13,-35.5
"123",13,-34.5
"123",13,-33.5
"123",13,-32.5
"123",13,-31.5
"123",13,-30.5
"123",13,-29.5
"123",13,-28.5
"123",12,-27.5
"123",11,-26.5
"123",10,-25.5
"123",9,-24.5
"123",8,-23.5
"123",7,-22.5
"123",6,-21.5
"123",5,-20.5
"123",4,-19.5
"123",3,-18.5
"123",2,-17.5
"123",1,-16.5
"123",0,-15.5
"123",-1,-14.5
"123",-2,-13.5
"123",-3,-12.5
"123",-4,-11.5
"123",-5,-10.5
"123",-6,-9.5
"123",-7,-8.5
"123",-8,-7.5
"123",-9,-6.5
"123",-10,-5.5
"123",-11,-4.5
"123",-12,-3.5
"123",-13,-2.5
"123",-14,-1.5
"123",-15,-0.5
"123",-16,0.5
"123",-16,1.5
"123",-16,2.5
"123",-16,3.5
"123",-16,4.5
"123",-16,5.5
"123",-16,6.5
"123",-16,7.5
"123",-16,8.5
"123",-16,9.5
"123",-16,10.5
"123",-17,11.5
"123",-17,12.5
"123",-18,13.5
"123",-18,14.5
"123",-19,15.5
"123",-20,16.5
"123",-21,17.5
"123",-22,18.5
"123",-23,19.5
"123",-24,20.5
"123",-25,21.5
"123",-26,22.5
"123",-27,23.5
"123",-28,24.5
"123",-28,25.5
"123",-28,26.5
"123",-28,27.5
"123",-28,28.5
"123",-28,29.5
"123",-28,30.5
"123",-28,31.5
"123",-28,32.5
"123",-28,33.5
"123",-28,34.5
"123",-28,35.5
"123",-28,36.5
"123",-28,37.5
"123",-27,38.5
"123",-26,39.5
"123",-25,40.5
"123",-24,41.5
"123",-23,42.5
"123",-22,43.5
"123",-21,44.5
"123",-20,45.5
"123",-19,46.5
"123",-18,47.5
"123",-17,48.5
"123",-16,49.5
"123",-15,50.5
"123",-14,51.5
"123",-13,52.5
"123",-12,53.5
"123",-11,54.5
"123",-10,55.5
"123",-9,56.5
"123",-8,57.5
"123",-7,58.5
"123",-6,59.5
"123",-5,59.5
"123",-4,59.5
"123",-3,59.5
"123",-2,58.5
"123",-1,57.5
"123",0,56.5
"123",0,55.5
"123",0,54.5
"124",0,-73.5
"124",-1,-72.5
"124",-2,-71.5
"124",-3,-71.5
"124",-4,-70.5
"124",-5,-70.5
"124",-6,-70.5
"124",-7,-69.5
"124",-8,-68.5
"124",-9,-67.5
"124",-9,-66.5
"124",-9,-65.5
"124",-9,-64.5
"124",-8,-63.5
"124",-7,-62.5
"124",-6,-61.5
"124",-5,-60.5
"124",-4,-59.5
"124",-3,-58.5
"124",-2,-57.5
"124",-1,-56.5
"124",0,-55.5
"124",1,-54.5
"124",0,-53.5
"124",1,-52.5
"124",2,-51.5
"124",3,-50.5
"124",4,-49.5
"124",5,-48.5
"124",6,-47.5
"124",7,-46.5
"124",8,-45.5
"124",9,-44.5
"124",10,-43.5
"124",11,-42.5
"124",11,-41.5
"124",12,-40.5
"124",12,-39.5
"124",13,-38.5
"124",14,-37.5
"124",15,-36.5
"124",15,-35.5
"124",15,-34.5
"124",15,-33.5
"124",15,-32.5
"124",15,-31.5
"124",15,-30.5
"124",14,-29.5
"124",13,-28.5
"124",12,-27.5
"124",11,-26.5
"124",10,-25.5
"124",9,-24.5
"124",8,-23.5
"124",7,-22.5
"124",6,-21.5
"124",5,-20.5
"124",4,-19.5
"124",3,-18.5
"124",2,-17.5
"124",1,-16.5
"124",0,-15.5
"124",-1,-14.5
"124",-2,-13.5
"124",-3,-12.5
"124",-4,-11.5
"124",-5,-10.5
"124",-6,-9.5
"124",-7,-8.5
"124",-8,-7.5
"124",-9,-6.5
"124",-10,-5.5
"124",-11,-4.5
"124",-12,-3.5
"124",-13,-2.5
"124",-14,-1.5
"124",-15,-0.5
"124",-16,0.5
"124",-17,1.5
"124",-18,2.5
"124",-18,3.5
"124",-18,4.5
"124",-18,5.5
"124",-18,6.5
"124",-18,7.5
"124",-18,8.5
"124",-18,9.5
"124",-18,10.5
"124",-18,11.5
"124",-18,12.5
"124",-18,13.5
"124",-18,14.5
"124",-18,15.5
"124",-18,16.5
"124",-18,17.5
"124",-18,18.5
"124",-18,19.5
"124",-18,20.5
"124",-18,21.5
"124",-18,22.5
"124",-18,23.5
"124",-18,24.5
"124",-18,25.5
"124",-18,26.5
"124",-18,27.5
"124",-18,28.5
"124",-18,29.5
"124",-18,30.5
"124",-18,31.5
"124",-18,32.5
"124",-18,33.5
"124",-18,34.5
"124",-18,35.5
"124",-18,36.5
"124",-18,37.5
"124",-18,38.5
"124",-18,39.5
"124",-18,40.5
"124",-18,41.5
"124",-19,42.5
"124",-20,43.5
"124",-20,44.5
"124",-20,45.5
"124",-19,46.5
"124",-18,47.5
"124",-17,48.5
"124",-16,49.5
"124",-15,50.5
"124",-14,51.5
"124",-13,52.5
"124",-12,53.5
"124",-11,54.5
"124",-10,55.5
"124",-9,56.5
"124",-8,57.5
"124",-7,58.5
"124",-6,59.5
"124",-5,59.5
"124",-4,59.5
"124",-3,59.5
"124",-2,58.5
"124",-1,57.5
"124",-1,56.5
"124",0,55.5
"124",0,54.5
"125",0,-73.5
"125",-1,-72.5
"125",-1,-71.5
"125",-1,-70.5
"125",0,-69.5
"125",0,-68.5
"125",0,-67.5
"125",0,-66.5
"125",0,-65.5
"125",0,-64.5
"125",0,-63.5
"125",0,-62.5
"125",1,-61.5
"125",2,-60.5
"125",3,-59.5
"125",4,-58.5
"125",5,-57.5
"125",6,-56.5
"125",7,-55.5
"125",8,-54.5
"125",9,-53.5
"125",8,-52.5
"125",9,-51.5
"125",8,-50.5
"125",9,-49.5
"125",8,-48.5
"125",9,-47.5
"125",10,-47.5
"125",11,-46.5
"125",11,-45.5
"125",11,-44.5
"125",11,-43.5
"125",11,-42.5
"125",11,-41.5
"125",12,-40.5
"125",12,-39.5
"125",13,-38.5
"125",14,-37.5
"125",15,-36.5
"125",15,-35.5
"125",15,-34.5
"125",15,-33.5
"125",15,-32.5
"125",15,-31.5
"125",15,-30.5
"125",15,-29.5
"125",14,-28.5
"125",13,-27.5
"125",12,-26.5
"125",11,-25.5
"125",10,-24.5
"125",9,-23.5
"125",8,-22.5
"125",7,-21.5
"125",6,-20.5
"125",5,-19.5
"125",4,-18.5
"125",3,-17.5
"125",2,-16.5
"125",1,-15.5
"125",0,-14.5
"125",-1,-13.5
"125",-2,-12.5
"125",-3,-11.5
"125",-4,-10.5
"125",-5,-9.5
"125",-6,-8.5
"125",-7,-7.5
"125",-8,-6.5
"125",-9,-5.5
"125",-10,-4.5
"125",-11,-3.5
"125",-12,-3.5
"125",-13,-2.5
"125",-14,-1.5
"125",-15,-0.5
"125",-16,0.5
"125",-16,1.5
"125",-16,2.5
"125",-16,3.5
"125",-16,4.5
"125",-16,5.5
"125",-16,6.5
"125",-16,7.5
"125",-16,8.5
"125",-16,9.5
"125",-16,10.5
"125",-17,10.5
"125",-18,11.5
"125",-18,12.5
"125",-18,13.5
"125",-18,14.5
"125",-18,15.5
"125",-18,16.5
"125",-18,17.5
"125",-18,18.5
"125",-18,19.5
"125",-18,20.5
"125",-18,21.5
"125",-18,22.5
"125",-18,23.5
"125",-18,24.5
"125",-18,25.5
"125",-18,26.5
"125",-18,27.5
"125",-18,28.5
"125",-18,29.5
"125",-18,30.5
"125",-18,31.5
"125",-18,32.5
"125",-18,33.5
"125",-18,34.5
"125",-18,35.5
"125",-18,36.5
"125",-18,37.5
"125",-18,38.5
"125",-18,39.5
"125",-18,40.5
"125",-18,41.5
"125",-18,42.5
"125",-18,43.5
"125",-18,44.5
"125",-18,45.5
"125",-18,46.5
"125",-18,47.5
"125",-17,48.5
"125",-16,49.5
"125",-15,50.5
"125",-14,51.5
"125",-13,52.5
"125",-12,53.5
"125",-11,54.5
"125",-10,55.5
"125",-9,56.5
"125",-8,57.5
"125",-7,58.5
"125",-6,59.5
"125",-5,59.5
"125",-4,59.5
"125",-3,59.5
"125",-2,58.5
"125",-1,58.5
"125",0,57.5
"125",-1,56.5
"125",0,55.5
"125",0,54.5
"126",0,-73.5
"126",-1,-72.5
"126",-1,-71.5
"126",-1,-70.5
"126",0,-69.5
"126",0,-68.5
"126",0,-67.5
"126",0,-66.5
"126",0,-65.5
"126",0,-64.5
"126",0,-63.5
"126",0,-62.5
"126",1,-61.5
"126",2,-60.5
"126",2,-59.5
"126",3,-58.5
"126",4,-58.5
"126",5,-57.5
"126",6,-56.5
"126",7,-55.5
"126",8,-54.5
"126",9,-53.5
"126",8,-52.5
"126",9,-51.5
"126",8,-50.5
"126",9,-49.5
"126",8,-48.5
"126",9,-47.5
"126",10,-47.5
"126",11,-46.5
"126",11,-45.5
"126",11,-44.5
"126",11,-43.5
"126",11,-42.5
"126",11,-41.5
"126",12,-40.5
"126",12,-39.5
"126",13,-38.5
"126",13,-37.5
"126",13,-36.5
"126",13,-35.5
"126",13,-34.5
"126",13,-33.5
"126",13,-32.5
"126",13,-31.5
"126",13,-30.5
"126",13,-29.5
"126",13,-28.5
"126",13,-27.5
"126",12,-26.5
"126",12,-25.5
"126",11,-24.5
"126",10,-23.5
"126",9,-22.5
"126",8,-21.5
"126",7,-20.5
"126",6,-19.5
"126",5,-18.5
"126",4,-17.5
"126",3,-16.5
"126",2,-15.5
"126",1,-14.5
"126",1,-13.5
"126",0,-12.5
"126",-1,-11.5
"126",-2,-10.5
"126",-3,-9.5
"126",-4,-8.5
"126",-5,-7.5
"126",-6,-6.5
"126",-7,-6.5
"126",-8,-5.5
"126",-9,-4.5
"126",-10,-4.5
"126",-11,-3.5
"126",-12,-3.5
"126",-13,-2.5
"126",-14,-1.5
"126",-15,-0.5
"126",-16,0.5
"126",-16,1.5
"126",-16,2.5
"126",-16,3.5
"126",-16,4.5
"126",-16,5.5
"126",-16,6.5
"126",-16,7.5
"126",-16,8.5
"126",-16,9.5
"126",-16,10.5
"126",-17,10.5
"126",-18,11.5
"126",-18,12.5
"126",-18,13.5
"126",-18,14.5
"126",-18,15.5
"126",-18,16.5
"126",-18,17.5
"126",-18,18.5
"126",-18,19.5
"126",-18,20.5
"126",-18,21.5
"126",-18,22.5
"126",-18,23.5
"126",-18,24.5
"126",-18,25.5
"126",-18,26.5
"126",-18,27.5
"126",-18,28.5
"126",-18,29.5
"126",-18,30.5
"126",-18,31.5
"126",-18,32.5
"126",-18,33.5
"126",-18,34.5
"126",-18,35.5
"126",-18,36.5
"126",-18,37.5
"126",-18,38.5
"126",-18,39.5
"126",-18,40.5
"126",-18,41.5
"126",-18,42.5
"126",-18,43.5
"126",-18,44.5
"126",-18,45.5
"126",-18,46.5
"126",-17,47.5
"126",-16,47.5
"126",-15,47.5
"126",-14,48.5
"126",-13,49.5
"126",-13,50.5
"126",-13,51.5
"126",-13,52.5
"126",-13,53.5
"126",-13,54.5
"126",-12,55.5
"126",-11,56.5
"126",-10,57.5
"126",-9,57.5
"126",-8,58.5
"126",-7,59.5
"126",-6,59.5
"126",-5,59.5
"126",-4,59.5
"126",-3,59.5
"126",-2,58.5
"126",-1,58.5
"126",0,57.5
"126",-1,56.5
"126",0,55.5
"126",0,54.5
"127",0,-73.5
"127",-1,-72.5
"127",-1,-71.5
"127",-1,-70.5
"127",0,-69.5
"127",0,-68.5
"127",0,-67.5
"127",0,-66.5
"127",0,-65.5
"127",0,-64.5
"127",0,-63.5
"127",0,-62.5
"127",1,-61.5
"127",2,-60.5
"127",2,-59.5
"127",3,-58.5
"127",4,-58.5
"127",5,-57.5
"127",6,-56.5
"127",7,-55.5
"127",8,-54.5
"127",9,-53.5
"127",8,-52.5
"127",9,-51.5
"127",10,-51.5
"127",11,-50.5
"127",11,-49.5
"127",11,-48.5
"127",11,-47.5
"127",11,-46.5
"127",11,-45.5
"127",11,-44.5
"127",11,-43.5
"127",11,-42.5
"127",11,-41.5
"127",12,-40.5
"127",12,-39.5
"127",13,-38.5
"127",13,-37.5
"127",13,-36.5
"127",13,-35.5
"127",13,-34.5
"127",13,-33.5
"127",13,-32.5
"127",13,-31.5
"127",13,-30.5
"127",13,-29.5
"127",13,-28.5
"127",13,-27.5
"127",12,-26.5
"127",12,-25.5
"127",11,-24.5
"127",10,-23.5
"127",9,-22.5
"127",8,-21.5
"127",7,-20.5
"127",6,-19.5
"127",5,-18.5
"127",4,-17.5
"127",3,-16.5
"127",2,-15.5
"127",1,-15.5
"127",1,-14.5
"127",1,-13.5
"127",0,-12.5
"127",-1,-11.5
"127",-2,-10.5
"127",-3,-9.5
"127",-4,-8.5
"127",-5,-7.5
"127",-6,-6.5
"127",-7,-6.5
"127",-8,-5.5
"127",-9,-4.5
"127",-10,-4.5
"127",-11,-3.5
"127",-12,-3.5
"127",-13,-2.5
"127",-14,-1.5
"127",-15,-1.5
"127",-16,-0.5
"127",-16,0.5
"127",-16,1.5
"127",-16,2.5
"127",-16,3.5
"127",-16,4.5
"127",-16,5.5
"127",-16,6.5
"127",-16,7.5
"127",-16,8.5
"127",-16,9.5
"127",-16,10.5
"127",-17,10.5
"127",-18,11.5
"127",-18,12.5
"127",-18,13.5
"127",-18,14.5
"127",-18,15.5
"127",-18,16.5
"127",-18,17.5
"127",-18,18.5
"127",-18,19.5
"127",-18,20.5
"127",-18,21.5
"127",-18,22.5
"127",-18,23.5
"127",-18,24.5
"127",-18,25.5
"127",-18,26.5
"127",-18,27.5
"127",-18,28.5
"127",-18,29.5
"127",-18,30.5
"127",-18,31.5
"127",-18,32.5
"127",-18,33.5
"127",-18,34.5
"127",-18,35.5
"127",-18,36.5
"127",-18,37.5
"127",-18,38.5
"127",-18,39.5
"127",-18,40.5
"127",-18,41.5
"127",-18,42.5
"127",-18,43.5
"127",-17,44.5
"127",-16,44.5
"127",-15,44.5
"127",-14,44.5
"127",-13,44.5
"127",-13,45.5
"127",-13,46.5
"127",-13,47.5
"127",-13,48.5
"127",-12,49.5
"127",-12,50.5
"127",-12,51.5
"127",-12,52.5
"127",-12,53.5
"127",-12,54.5
"127",-12,55.5
"127",-11,56.5
"127",-10,57.5
"127",-9,57.5
"127",-8,58.5
"127",-7,59.5
"127",-6,59.5
"127",-5,59.5
"127",-4,59.5
"127",-3,59.5
"127",-2,58.5
"127",-1,58.5
"127",0,57.5
"127",-1,56.5
"127",0,55.5
"127",0,54.5
"128",0,-73.5
"128",1,-73.5
"128",1,-72.5
"128",1,-71.5
"128",1,-70.5
"128",0,-69.5
"128",0,-68.5
"128",0,-67.5
"128",0,-66.5
"128",0,-65.5
"128",0,-64.5
"128",0,-63.5
"128",0,-62.5
"128",1,-61.5
"128",2,-60.5
"128",3,-59.5
"128",4,-59.5
"128",5,-59.5
"128",5,-58.5
"128",5,-57.5
"128",6,-56.5
"128",7,-55.5
"128",8,-54.5
"128",9,-53.5
"128",10,-53.5
"128",11,-53.5
"128",11,-52.5
"128",11,-51.5
"128",11,-50.5
"128",11,-49.5
"128",11,-48.5
"128",11,-47.5
"128",11,-46.5
"128",11,-45.5
"128",11,-44.5
"128",11,-43.5
"128",11,-42.5
"128",11,-41.5
"128",12,-40.5
"128",12,-39.5
"128",13,-38.5
"128",13,-37.5
"128",13,-36.5
"128",13,-35.5
"128",13,-34.5
"128",13,-33.5
"128",13,-32.5
"128",13,-31.5
"128",13,-30.5
"128",13,-29.5
"128",13,-28.5
"128",13,-27.5
"128",12,-26.5
"128",12,-25.5
"128",11,-24.5
"128",11,-23.5
"128",10,-22.5
"128",10,-21.5
"128",9,-20.5
"128",8,-19.5
"128",8,-18.5
"128",8,-17.5
"128",8,-16.5
"128",7,-15.5
"128",6,-14.5
"128",5,-13.5
"128",5,-12.5
"128",4,-11.5
"128",3,-11.5
"128",3,-10.5
"128",2,-9.5
"128",1,-9.5
"128",0,-8.5
"128",-1,-7.5
"128",-1,-6.5
"128",-2,-5.5
"128",-3,-4.5
"128",-4,-4.5
"128",-4,-3.5
"128",-4,-2.5
"128",-4,-1.5
"128",-5,-1.5
"128",-6,-0.5
"128",-7,-0.5
"128",-8,0.5
"128",-9,1.5
"128",-10,1.5
"128",-11,2.5
"128",-11,3.5
"128",-11,4.5
"128",-11,5.5
"128",-12,5.5
"128",-13,6.5
"128",-14,6.5
"128",-14,7.5
"128",-15,7.5
"128",-16,7.5
"128",-16,8.5
"128",-16,9.5
"128",-16,10.5
"128",-17,10.5
"128",-18,11.5
"128",-18,12.5
"128",-18,13.5
"128",-18,14.5
"128",-18,15.5
"128",-18,16.5
"128",-18,17.5
"128",-18,18.5
"128",-18,19.5
"128",-18,20.5
"128",-18,21.5
"128",-18,22.5
"128",-18,23.5
"128",-18,24.5
"128",-18,25.5
"128",-18,26.5
"128",-18,27.5
"128",-18,28.5
"128",-18,29.5
"128",-18,30.5
"128",-18,31.5
"128",-18,32.5
"128",-18,33.5
"128",-18,34.5
"128",-18,35.5
"128",-18,36.5
"128",-18,37.5
"128",-18,38.5
"128",-18,39.5
"128",-18,40.5
"128",-18,41.5
"128",-18,42.5
"128",-18,43.5
"128",-17,44.5
"128",-16,44.5
"128",-15,44.5
"128",-14,44.5
"128",-13,44.5
"128",-13,45.5
"128",-13,46.5
"128",-13,47.5
"128",-13,48.5
"128",-12,49.5
"128",-12,50.5
"128",-12,51.5
"128",-12,52.5
"128",-12,53.5
"128",-12,54.5
"128",-12,55.5
"128",-12,56.5
"128",-11,57.5
"128",-10,58.5
"128",-9,58.5
"128",-8,58.5
"128",-7,59.5
"128",-6,59.5
"128",-5,59.5
"128",-4,59.5
"128",-3,59.5
"128",-2,58.5
"128",-1,58.5
"128",0,57.5
"128",-1,56.5
"128",0,55.5
"128",0,54.5
"129",0,-73.5
"129",-1,-72.5
"129",-2,-71.5
"129",-3,-71.5
"129",-4,-70.5
"129",-5,-70.5
"129",-6,-70.5
"129",-7,-70.5
"129",-8,-70.5
"129",-9,-70.5
"129",-10,-70.5
"129",-11,-70.5
"129",-12,-70.5
"129",-13,-70.5
"129",-14,-70.5
"129",-15,-70.5
"129",-16,-70.5
"129",-17,-70.5
"129",-18,-70.5
"129",-19,-69.5
"129",-19,-68.5
"129",-19,-67.5
"129",-18,-66.5
"129",-17,-65.5
"129",-16,-64.5
"129",-15,-63.5
"129",-14,-62.5
"129",-13,-61.5
"129",-12,-60.5
"129",-11,-59.5
"129",-10,-58.5
"129",-9,-57.5
"129",-8,-56.5
"129",-7,-55.5
"129",-6,-54.5
"129",-5,-53.5
"129",-4,-52.5
"129",-3,-51.5
"129",-2,-50.5
"129",-1,-49.5
"129",0,-48.5
"129",1,-47.5
"129",2,-46.5
"129",3,-45.5
"129",4,-44.5
"129",5,-43.5
"129",6,-42.5
"129",7,-41.5
"129",8,-40.5
"129",9,-39.5
"129",10,-38.5
"129",11,-37.5
"129",12,-36.5
"129",13,-35.5
"129",14,-34.5
"129",14,-33.5
"129",14,-32.5
"129",14,-31.5
"129",14,-30.5
"129",14,-29.5
"129",14,-28.5
"129",13,-27.5
"129",12,-26.5
"129",11,-25.5
"129",10,-24.5
"129",9,-23.5
"129",8,-22.5
"129",7,-21.5
"129",6,-20.5
"129",5,-19.5
"129",4,-18.5
"129",3,-17.5
"129",2,-16.5
"129",1,-15.5
"129",0,-14.5
"129",-1,-13.5
"129",-2,-12.5
"129",-3,-11.5
"129",-4,-10.5
"129",-5,-9.5
"129",-6,-8.5
"129",-7,-7.5
"129",-8,-6.5
"129",-9,-5.5
"129",-10,-4.5
"129",-11,-3.5
"129",-12,-2.5
"129",-13,-1.5
"129",-14,-0.5
"129",-15,0.5
"129",-16,1.5
"129",-17,2.5
"129",-17,3.5
"129",-17,4.5
"129",-17,5.5
"129",-17,6.5
"129",-17,7.5
"129",-17,8.5
"129",-17,9.5
"129",-17,10.5
"129",-17,11.5
"129",-18,12.5
"129",-18,13.5
"129",-18,14.5
"129",-18,15.5
"129",-18,16.5
"129",-18,17.5
"129",-18,18.5
"129",-18,19.5
"129",-18,20.5
"129",-18,21.5
"129",-18,22.5
"129",-18,23.5
"129",-18,24.5
"129",-18,25.5
"129",-17,26.5
"129",-17,27.5
"129",-17,28.5
"129",-17,29.5
"129",-17,30.5
"129",-17,31.5
"129",-17,32.5
"129",-17,33.5
"129",-17,34.5
"129",-17,35.5
"129",-17,36.5
"129",-17,37.5
"129",-17,38.5
"129",-17,39.5
"129",-17,40.5
"129",-18,41.5
"129",-19,42.5
"129",-20,43.5
"129",-21,44.5
"129",-20,45.5
"129",-19,46.5
"129",-18,47.5
"129",-17,48.5
"129",-16,49.5
"129",-15,50.5
"129",-14,51.5
"129",-13,52.5
"129",-12,53.5
"129",-11,54.5
"129",-10,55.5
"129",-9,56.5
"129",-8,57.5
"129",-7,58.5
"129",-6,59.5
"129",-5,59.5
"129",-4,59.5
"129",-3,59.5
"129",-2,58.5
"129",-1,57.5
"129",-1,56.5
"129",0,55.5
"129",0,54.5
"130",0,-73.5
"130",-1,-72.5
"130",-2,-71.5
"130",-3,-71.5
"130",-4,-70.5
"130",-5,-70.5
"130",-6,-70.5
"130",-7,-69.5
"130",-8,-68.5
"130",-9,-67.5
"130",-9,-66.5
"130",-9,-65.5
"130",-9,-64.5
"130",-9,-63.5
"130",-8,-62.5
"130",-7,-61.5
"130",-6,-60.5
"130",-5,-59.5
"130",-4,-58.5
"130",-3,-57.5
"130",-2,-56.5
"130",-1,-55.5
"130",0,-54.5
"130",1,-53.5
"130",2,-52.5
"130",3,-51.5
"130",4,-50.5
"130",5,-49.5
"130",6,-48.5
"130",7,-47.5
"130",8,-46.5
"130",9,-45.5
"130",10,-44.5
"130",11,-43.5
"130",11,-42.5
"130",11,-41.5
"130",12,-40.5
"130",12,-39.5
"130",13,-38.5
"130",14,-37.5
"130",15,-36.5
"130",15,-35.5
"130",15,-34.5
"130",15,-33.5
"130",15,-32.5
"130",15,-31.5
"130",15,-30.5
"130",14,-29.5
"130",13,-28.5
"130",12,-27.5
"130",11,-26.5
"130",10,-25.5
"130",9,-24.5
"130",8,-23.5
"130",7,-22.5
"130",6,-21.5
"130",5,-20.5
"130",4,-19.5
"130",3,-18.5
"130",2,-17.5
"130",1,-16.5
"130",0,-15.5
"130",-1,-14.5
"130",-2,-13.5
"130",-3,-12.5
"130",-4,-11.5
"130",-5,-10.5
"130",-6,-9.5
"130",-7,-8.5
"130",-8,-7.5
"130",-9,-6.5
"130",-10,-5.5
"130",-11,-4.5
"130",-12,-3.5
"130",-13,-2.5
"130",-14,-1.5
"130",-15,-0.5
"130",-16,0.5
"130",-17,1.5
"130",-18,2.5
"130",-18,3.5
"130",-18,4.5
"130",-18,5.5
"130",-18,6.5
"130",-18,7.5
"130",-18,8.5
"130",-18,9.5
"130",-18,10.5
"130",-18,11.5
"130",-18,12.5
"130",-18,13.5
"130",-18,14.5
"130",-18,15.5
"130",-18,16.5
"130",-18,17.5
"130",-18,18.5
"130",-18,19.5
"130",-18,20.5
"130",-18,21.5
"130",-18,22.5
"130",-18,23.5
"130",-18,24.5
"130",-18,25.5
"130",-18,26.5
"130",-18,27.5
"130",-18,28.5
"130",-18,29.5
"130",-18,30.5
"130",-18,31.5
"130",-18,32.5
"130",-18,33.5
"130",-18,34.5
"130",-18,35.5
"130",-18,36.5
"130",-18,37.5
"130",-18,38.5
"130",-18,39.5
"130",-18,40.5
"130",-18,41.5
"130",-18,42.5
"130",-18,43.5
"130",-18,44.5
"130",-18,45.5
"130",-18,46.5
"130",-18,47.5
"130",-17,48.5
"130",-16,49.5
"130",-15,50.5
"130",-14,51.5
"130",-13,52.5
"130",-12,53.5
"130",-11,54.5
"130",-10,55.5
"130",-9,56.5
"130",-8,57.5
"130",-7,58.5
"130",-6,59.5
"130",-5,59.5
"130",-4,59.5
"130",-3,59.5
"130",-2,58.5
"130",-1,57.5
"130",-1,56.5
"130",0,55.5
"130",0,54.5
"131",0,-73.5
"131",-1,-72.5
"131",-1,-71.5
"131",-1,-70.5
"131",0,-69.5
"131",0,-68.5
"131",0,-67.5
"131",0,-66.5
"131",0,-65.5
"131",0,-64.5
"131",0,-63.5
"131",0,-62.5
"131",1,-61.5
"131",2,-60.5
"131",3,-59.5
"131",4,-58.5
"131",5,-57.5
"131",6,-56.5
"131",7,-55.5
"131",8,-54.5
"131",9,-53.5
"131",8,-52.5
"131",9,-51.5
"131",8,-50.5
"131",9,-49.5
"131",8,-48.5
"131",9,-47.5
"131",10,-46.5
"131",11,-45.5
"131",11,-44.5
"131",11,-43.5
"131",11,-42.5
"131",11,-41.5
"131",12,-40.5
"131",12,-39.5
"131",13,-38.5
"131",13,-37.5
"131",13,-36.5
"131",13,-35.5
"131",13,-34.5
"131",13,-33.5
"131",13,-32.5
"131",13,-31.5
"131",13,-30.5
"131",13,-29.5
"131",13,-28.5
"131",12,-27.5
"131",11,-26.5
"131",10,-25.5
"131",9,-24.5
"131",8,-23.5
"131",7,-22.5
"131",6,-21.5
"131",5,-20.5
"131",4,-19.5
"131",3,-18.5
"131",2,-17.5
"131",1,-16.5
"131",0,-15.5
"131",-1,-14.5
"131",-2,-13.5
"131",-3,-12.5
"131",-4,-11.5
"131",-5,-10.5
"131",-6,-9.5
"131",-7,-8.5
"131",-8,-7.5
"131",-9,-6.5
"131",-10,-5.5
"131",-11,-4.5
"131",-12,-3.5
"131",-13,-2.5
"131",-14,-1.5
"131",-15,-0.5
"131",-16,0.5
"131",-16,1.5
"131",-16,2.5
"131",-16,3.5
"131",-16,4.5
"131",-16,5.5
"131",-16,6.5
"131",-16,7.5
"131",-16,8.5
"131",-16,9.5
"131",-16,10.5
"131",-17,11.5
"131",-18,12.5
"131",-18,13.5
"131",-18,14.5
"131",-18,15.5
"131",-18,16.5
"131",-18,17.5
"131",-18,18.5
"131",-18,19.5
"131",-18,20.5
"131",-18,21.5
"131",-18,22.5
"131",-18,23.5
"131",-18,24.5
"131",-18,25.5
"131",-18,26.5
"131",-18,27.5
"131",-18,28.5
"131",-18,29.5
"131",-18,30.5
"131",-18,31.5
"131",-18,32.5
"131",-18,33.5
"131",-18,34.5
"131",-18,35.5
"131",-18,36.5
"131",-18,37.5
"131",-18,38.5
"131",-18,39.5
"131",-18,40.5
"131",-18,41.5
"131",-18,42.5
"131",-18,43.5
"131",-18,44.5
"131",-18,45.5
"131",-18,46.5
"131",-18,47.5
"131",-17,48.5
"131",-16,49.5
"131",-15,50.5
"131",-14,51.5
"131",-13,52.5
"131",-12,53.5
"131",-11,54.5
"131",-10,55.5
"131",-9,56.5
"131",-8,57.5
"131",-7,58.5
"131",-6,59.5
"131",-5,59.5
"131",-4,59.5
"131",-3,59.5
"131",-2,58.5
"131",-1,57.5
"131",-1,56.5
"131",0,55.5
"131",0,54.5
"132",0,-73.5
"132",-1,-72.5
"132",-1,-71.5
"132",-1,-70.5
"132",0,-69.5
"132",0,-68.5
"132",0,-67.5
"132",0,-66.5
"132",0,-65.5
"132",0,-64.5
"132",0,-63.5
"132",0,-62.5
"132",1,-61.5
"132",2,-60.5
"132",2,-59.5
"132",3,-58.5
"132",4,-58.5
"132",5,-57.5
"132",6,-56.5
"132",7,-55.5
"132",8,-54.5
"132",9,-53.5
"132",8,-52.5
"132",9,-51.5
"132",10,-51.5
"132",11,-50.5
"132",11,-49.5
"132",11,-48.5
"132",11,-47.5
"132",11,-46.5
"132",11,-45.5
"132",11,-44.5
"132",11,-43.5
"132",11,-42.5
"132",11,-41.5
"132",12,-40.5
"132",12,-39.5
"132",13,-38.5
"132",13,-37.5
"132",13,-36.5
"132",13,-35.5
"132",13,-34.5
"132",13,-33.5
"132",13,-32.5
"132",13,-31.5
"132",13,-30.5
"132",13,-29.5
"132",13,-28.5
"132",13,-27.5
"132",12,-26.5
"132",12,-25.5
"132",11,-24.5
"132",10,-23.5
"132",9,-22.5
"132",8,-21.5
"132",7,-20.5
"132",6,-19.5
"132",5,-18.5
"132",4,-17.5
"132",3,-16.5
"132",2,-15.5
"132",1,-14.5
"132",1,-13.5
"132",0,-12.5
"132",-1,-11.5
"132",-2,-10.5
"132",-3,-9.5
"132",-4,-8.5
"132",-5,-7.5
"132",-6,-6.5
"132",-7,-6.5
"132",-8,-5.5
"132",-9,-4.5
"132",-10,-4.5
"132",-11,-3.5
"132",-12,-3.5
"132",-13,-2.5
"132",-14,-1.5
"132",-15,-1.5
"132",-16,-0.5
"132",-16,0.5
"132",-16,1.5
"132",-16,2.5
"132",-16,3.5
"132",-16,4.5
"132",-16,5.5
"132",-16,6.5
"132",-16,7.5
"132",-16,8.5
"132",-16,9.5
"132",-16,10.5
"132",-17,10.5
"132",-18,11.5
"132",-18,12.5
"132",-18,13.5
"132",-18,14.5
"132",-18,15.5
"132",-18,16.5
"132",-18,17.5
"132",-18,18.5
"132",-18,19.5
"132",-18,20.5
"132",-18,21.5
"132",-18,22.5
"132",-18,23.5
"132",-18,24.5
"132",-18,25.5
"132",-18,26.5
"132",-18,27.5
"132",-18,28.5
"132",-18,29.5
"132",-18,30.5
"132",-18,31.5
"132",-18,32.5
"132",-18,33.5
"132",-18,34.5
"132",-18,35.5
"132",-18,36.5
"132",-18,37.5
"132",-18,38.5
"132",-18,39.5
"132",-18,40.5
"132",-18,41.5
"132",-18,42.5
"132",-18,43.5
"132",-18,44.5
"132",-18,45.5
"132",-18,46.5
"132",-17,47.5
"132",-16,47.5
"132",-15,47.5
"132",-14,48.5
"132",-13,49.5
"132",-13,50.5
"132",-13,51.5
"132",-13,52.5
"132",-13,53.5
"132",-13,54.5
"132",-12,55.5
"132",-11,56.5
"132",-10,57.5
"132",-9,57.5
"132",-8,58.5
"132",-7,59.5
"132",-6,59.5
"132",-5,59.5
"132",-4,59.5
"132",-3,59.5
"132",-2,58.5
"132",-1,58.5
"132",0,57.5
"132",-1,56.5
"132",0,55.5
"132",0,54.5
"133",0,-73.5
"133",-1,-72.5
"133",-1,-71.5
"133",-1,-70.5
"133",0,-69.5
"133",0,-68.5
"133",0,-67.5
"133",0,-66.5
"133",0,-65.5
"133",0,-64.5
"133",0,-63.5
"133",0,-62.5
"133",1,-61.5
"133",2,-60.5
"133",2,-59.5
"133",3,-58.5
"133",4,-58.5
"133",5,-57.5
"133",6,-56.5
"133",7,-55.5
"133",8,-54.5
"133",9,-53.5
"133",10,-53.5
"133",11,-52.5
"133",11,-51.5
"133",11,-50.5
"133",11,-49.5
"133",11,-48.5
"133",11,-47.5
"133",11,-46.5
"133",11,-45.5
"133",11,-44.5
"133",11,-43.5
"133",11,-42.5
"133",11,-41.5
"133",12,-40.5
"133",12,-39.5
"133",13,-38.5
"133",13,-37.5
"133",13,-36.5
"133",13,-35.5
"133",13,-34.5
"133",13,-33.5
"133",13,-32.5
"133",13,-31.5
"133",13,-30.5
"133",13,-29.5
"133",13,-28.5
"133",13,-27.5
"133",12,-26.5
"133",12,-25.5
"133",11,-24.5
"133",10,-23.5
"133",9,-22.5
"133",8,-21.5
"133",7,-20.5
"133",6,-19.5
"133",5,-18.5
"133",4,-17.5
"133",3,-16.5
"133",2,-15.5
"133",1,-15.5
"133",0,-14.5
"133",-1,-13.5
"133",-2,-12.5
"133",-3,-11.5
"133",-4,-10.5
"133",-5,-10.5
"133",-6,-9.5
"133",-7,-9.5
"133",-8,-8.5
"133",-9,-8.5
"133",-9,-7.5
"133",-9,-6.5
"133",-9,-5.5
"133",-10,-5.5
"133",-11,-4.5
"133",-12,-4.5
"133",-13,-3.5
"133",-14,-2.5
"133",-15,-2.5
"133",-16,-1.5
"133",-16,-0.5
"133",-16,0.5
"133",-16,1.5
"133",-16,2.5
"133",-16,3.5
"133",-16,4.5
"133",-16,5.5
"133",-16,6.5
"133",-16,7.5
"133",-16,8.5
"133",-16,9.5
"133",-16,10.5
"133",-17,10.5
"133",-18,11.5
"133",-18,12.5
"133",-18,13.5
"133",-18,14.5
"133",-18,15.5
"133",-18,16.5
"133",-18,17.5
"133",-18,18.5
"133",-18,19.5
"133",-18,20.5
"133",-18,21.5
"133",-18,22.5
"133",-18,23.5
"133",-18,24.5
"133",-18,25.5
"133",-18,26.5
"133",-18,27.5
"133",-18,28.5
"133",-18,29.5
"133",-18,30.5
"133",-18,31.5
"133",-18,32.5
"133",-18,33.5
"133",-18,34.5
"133",-18,35.5
"133",-18,36.5
"133",-18,37.5
"133",-18,38.5
"133",-18,39.5
"133",-18,40.5
"133",-18,41.5
"133",-18,42.5
"133",-18,43.5
"133",-17,44.5
"133",-16,44.5
"133",-15,44.5
"133",-14,44.5
"133",-13,45.5
"133",-13,46.5
"133",-13,47.5
"133",-13,48.5
"133",-12,49.5
"133",-12,50.5
"133",-12,51.5
"133",-12,52.5
"133",-12,53.5
"133",-12,54.5
"133",-12,55.5
"133",-11,56.5
"133",-10,57.5
"133",-9,57.5
"133",-8,58.5
"133",-7,59.5
"133",-6,59.5
"133",-5,59.5
"133",-4,59.5
"133",-3,59.5
"133",-2,58.5
"133",-1,58.5
"133",0,57.5
"133",-1,56.5
"133",0,55.5
"133",0,54.5
"134",0,-73.5
"134",1,-73.5
"134",1,-72.5
"134",1,-71.5
"134",1,-70.5
"134",0,-69.5
"134",0,-68.5
"134",0,-67.5
"134",0,-66.5
"134",0,-65.5
"134",0,-64.5
"134",0,-63.5
"134",0,-62.5
"134",1,-61.5
"134",2,-60.5
"134",3,-59.5
"134",4,-59.5
"134",5,-59.5
"134",5,-58.5
"134",5,-57.5
"134",6,-56.5
"134",7,-55.5
"134",8,-54.5
"134",9,-53.5
"134",10,-53.5
"134",11,-53.5
"134",11,-52.5
"134",11,-51.5
"134",11,-50.5
"134",11,-49.5
"134",11,-48.5
"134",11,-47.5
"134",11,-46.5
"134",11,-45.5
"134",11,-44.5
"134",11,-43.5
"134",11,-42.5
"134",11,-41.5
"134",12,-40.5
"134",12,-39.5
"134",13,-38.5
"134",13,-37.5
"134",13,-36.5
"134",13,-35.5
"134",13,-34.5
"134",13,-33.5
"134",13,-32.5
"134",13,-31.5
"134",13,-30.5
"134",13,-29.5
"134",13,-28.5
"134",13,-27.5
"134",12,-26.5
"134",12,-25.5
"134",12,-24.5
"134",12,-23.5
"134",12,-22.5
"134",11,-22.5
"134",10,-22.5
"134",10,-21.5
"134",9,-20.5
"134",8,-19.5
"134",8,-18.5
"134",8,-17.5
"134",8,-16.5
"134",7,-15.5
"134",6,-14.5
"134",5,-13.5
"134",5,-12.5
"134",4,-11.5
"134",3,-11.5
"134",3,-10.5
"134",3,-9.5
"134",2,-9.5
"134",1,-9.5
"134",0,-8.5
"134",-1,-7.5
"134",-1,-6.5
"134",-2,-5.5
"134",-3,-4.5
"134",-4,-4.5
"134",-4,-3.5
"134",-4,-2.5
"134",-4,-1.5
"134",-5,-1.5
"134",-6,-0.5
"134",-7,-0.5
"134",-8,0.5
"134",-9,1.5
"134",-10,1.5
"134",-11,2.5
"134",-11,3.5
"134",-11,4.5
"134",-11,5.5
"134",-12,5.5
"134",-13,6.5
"134",-14,6.5
"134",-14,7.5
"134",-15,7.5
"134",-16,7.5
"134",-16,8.5
"134",-16,9.5
"134",-16,10.5
"134",-17,10.5
"134",-18,11.5
"134",-18,12.5
"134",-18,13.5
"134",-18,14.5
"134",-18,15.5
"134",-18,16.5
"134",-18,17.5
"134",-18,18.5
"134",-18,19.5
"134",-18,20.5
"134",-18,21.5
"134",-18,22.5
"134",-18,23.5
"134",-18,24.5
"134",-18,25.5
"134",-18,26.5
"134",-18,27.5
"134",-18,28.5
"134",-18,29.5
"134",-18,30.5
"134",-18,31.5
"134",-18,32.5
"134",-18,33.5
"134",-18,34.5
"134",-18,35.5
"134",-18,36.5
"134",-18,37.5
"134",-18,38.5
"134",-18,39.5
"134",-18,40.5
"134",-18,41.5
"134",-18,42.5
"134",-18,43.5
"134",-17,44.5
"134",-16,44.5
"134",-15,44.5
"134",-14,44.5
"134",-13,44.5
"134",-13,45.5
"134",-13,46.5
"134",-13,47.5
"134",-13,48.5
"134",-12,49.5
"134",-12,50.5
"134",-12,51.5
"134",-12,52.5
"134",-12,53.5
"134",-12,54.5
"134",-12,55.5
"134",-12,56.5
"134",-11,57.5
"134",-10,58.5
"134",-9,58.5
"134",-8,58.5
"134",-7,59.5
"134",-6,59.5
"134",-5,59.5
"134",-4,59.5
"134",-3,59.5
"134",-2,58.5
"134",-1,58.5
"134",0,57.5
"134",-1,56.5
"134",0,55.5
"134",0,54.5
"135",0,-73.5
"135",-1,-72.5
"135",-2,-71.5
"135",-3,-71.5
"135",-4,-70.5
"135",-5,-70.5
"135",-6,-70.5
"135",-7,-70.5
"135",-8,-70.5
"135",-9,-70.5
"135",-10,-70.5
"135",-11,-70.5
"135",-12,-70.5
"135",-13,-70.5
"135",-14,-70.5
"135",-15,-69.5
"135",-16,-68.5
"135",-16,-67.5
"135",-16,-66.5
"135",-15,-65.5
"135",-14,-64.5
"135",-13,-63.5
"135",-12,-62.5
"135",-11,-61.5
"135",-10,-60.5
"135",-9,-59.5
"135",-8,-58.5
"135",-7,-57.5
"135",-6,-56.5
"135",-5,-55.5
"135",-4,-54.5
"135",-3,-53.5
"135",-2,-52.5
"135",-1,-51.5
"135",0,-50.5
"135",1,-49.5
"135",2,-48.5
"135",3,-47.5
"135",4,-46.5
"135",5,-45.5
"135",6,-44.5
"135",7,-43.5
"135",8,-42.5
"135",9,-41.5
"135",10,-40.5
"135",11,-39.5
"135",12,-38.5
"135",13,-37.5
"135",14,-36.5
"135",15,-35.5
"135",15,-34.5
"135",15,-33.5
"135",15,-32.5
"135",15,-31.5
"135",15,-30.5
"135",15,-29.5
"135",14,-28.5
"135",13,-27.5
"135",12,-26.5
"135",11,-25.5
"135",10,-24.5
"135",9,-23.5
"135",8,-22.5
"135",7,-21.5
"135",6,-20.5
"135",5,-19.5
"135",4,-18.5
"135",3,-17.5
"135",2,-16.5
"135",1,-15.5
"135",0,-14.5
"135",-1,-13.5
"135",-2,-12.5
"135",-3,-11.5
"135",-4,-10.5
"135",-5,-9.5
"135",-6,-8.5
"135",-7,-7.5
"135",-8,-6.5
"135",-9,-5.5
"135",-10,-4.5
"135",-11,-3.5
"135",-12,-2.5
"135",-13,-1.5
"135",-14,-0.5
"135",-15,0.5
"135",-16,1.5
"135",-17,2.5
"135",-17,3.5
"135",-17,4.5
"135",-17,5.5
"135",-17,6.5
"135",-17,7.5
"135",-17,8.5
"135",-17,9.5
"135",-17,10.5
"135",-17,11.5
"135",-17,12.5
"135",-18,13.5
"135",-18,14.5
"135",-18,15.5
"135",-18,16.5
"135",-18,17.5
"135",-18,18.5
"135",-18,19.5
"135",-18,20.5
"135",-18,21.5
"135",-18,22.5
"135",-18,23.5
"135",-18,24.5
"135",-18,25.5
"135",-17,26.5
"135",-17,27.5
"135",-17,28.5
"135",-17,29.5
"135",-17,30.5
"135",-17,31.5
"135",-17,32.5
"135",-17,33.5
"135",-17,34.5
"135",-17,35.5
"135",-17,36.5
"135",-17,37.5
"135",-17,38.5
"135",-17,39.5
"135",-17,40.5
"135",-18,41.5
"135",-19,42.5
"135",-20,43.5
"135",-20,44.5
"135",-20,45.5
"135",-19,46.5
"135",-18,47.5
"135",-17,48.5
"135",-16,49.5
"135",-15,50.5
"135",-14,51.5
"135",-13,52.5
"135",-12,53.5
"135",-11,54.5
"135",-10,55.5
"135",-9,56.5
"135",-8,57.5
"135",-7,58.5
"135",-6,59.5
"135",-5,59.5
"135",-4,59.5
"135",-3,59.5
"135",-2,58.5
"135",-1,57.5
"135",-1,56.5
"135",0,55.5
"135",0,54.5
"136",0,-73.5
"136",-1,-72.5
"136",-2,-71.5
"136",-3,-71.5
"136",-4,-71.5
"136",-5,-71.5
"136",-6,-70.5
"136",-7,-69.5
"136",-8,-68.5
"136",-9,-67.5
"136",-9,-66.5
"136",-9,-65.5
"136",-9,-64.5
"136",-9,-63.5
"136",-8,-62.5
"136",-7,-61.5
"136",-6,-60.5
"136",-5,-59.5
"136",-4,-58.5
"136",-3,-57.5
"136",-2,-56.5
"136",-1,-55.5
"136",0,-54.5
"136",1,-53.5
"136",2,-52.5
"136",3,-51.5
"136",4,-50.5
"136",5,-49.5
"136",6,-48.5
"136",7,-47.5
"136",8,-46.5
"136",9,-45.5
"136",10,-44.5
"136",11,-43.5
"136",11,-42.5
"136",11,-41.5
"136",12,-40.5
"136",12,-39.5
"136",13,-38.5
"136",13,-37.5
"136",13,-36.5
"136",13,-35.5
"136",13,-34.5
"136",13,-33.5
"136",13,-32.5
"136",13,-31.5
"136",13,-30.5
"136",13,-29.5
"136",13,-28.5
"136",12,-27.5
"136",11,-26.5
"136",10,-25.5
"136",9,-24.5
"136",8,-23.5
"136",7,-22.5
"136",6,-21.5
"136",5,-20.5
"136",4,-19.5
"136",3,-18.5
"136",2,-17.5
"136",1,-16.5
"136",0,-15.5
"136",-1,-14.5
"136",-2,-13.5
"136",-3,-12.5
"136",-4,-11.5
"136",-5,-10.5
"136",-6,-9.5
"136",-7,-8.5
"136",-8,-7.5
"136",-9,-6.5
"136",-10,-5.5
"136",-11,-4.5
"136",-12,-3.5
"136",-13,-2.5
"136",-14,-1.5
"136",-15,-0.5
"136",-16,0.5
"136",-17,1.5
"136",-18,2.5
"136",-18,3.5
"136",-18,4.5
"136",-18,5.5
"136",-18,6.5
"136",-18,7.5
"136",-18,8.5
"136",-18,9.5
"136",-18,10.5
"136",-18,11.5
"136",-18,12.5
"136",-18,13.5
"136",-18,14.5
"136",-18,15.5
"136",-18,16.5
"136",-18,17.5
"136",-18,18.5
"136",-18,19.5
"136",-18,20.5
"136",-18,21.5
"136",-18,22.5
"136",-18,23.5
"136",-18,24.5
"136",-18,25.5
"136",-18,26.5
"136",-18,27.5
"136",-18,28.5
"136",-18,29.5
"136",-18,30.5
"136",-18,31.5
"136",-18,32.5
"136",-18,33.5
"136",-18,34.5
"136",-18,35.5
"136",-18,36.5
"136",-18,37.5
"136",-18,38.5
"136",-18,39.5
"136",-18,40.5
"136",-18,41.5
"136",-18,42.5
"136",-18,43.5
"136",-18,44.5
"136",-18,45.5
"136",-18,46.5
"136",-18,47.5
"136",-17,48.5
"136",-16,49.5
"136",-15,50.5
"136",-14,51.5
"136",-13,52.5
"136",-12,53.5
"136",-11,54.5
"136",-10,55.5
"136",-9,56.5
"136",-8,57.5
"136",-7,58.5
"136",-6,59.5
"136",-5,59.5
"136",-4,59.5
"136",-3,59.5
"136",-2,58.5
"136",-1,57.5
"136",-1,56.5
"136",0,55.5
"136",0,54.5
"137",0,-73.5
"137",-1,-72.5
"137",-1,-71.5
"137",-1,-70.5
"137",0,-69.5
"137",0,-68.5
"137",0,-67.5
"137",0,-66.5
"137",0,-65.5
"137",0,-64.5
"137",0,-63.5
"137",0,-62.5
"137",1,-61.5
"137",2,-60.5
"137",3,-59.5
"137",4,-58.5
"137",5,-57.5
"137",6,-56.5
"137",7,-55.5
"137",8,-54.5
"137",9,-53.5
"137",8,-52.5
"137",9,-51.5
"137",10,-50.5
"137",11,-49.5
"137",11,-48.5
"137",11,-47.5
"137",11,-46.5
"137",11,-45.5
"137",11,-44.5
"137",11,-43.5
"137",11,-42.5
"137",11,-41.5
"137",12,-40.5
"137",12,-39.5
"137",13,-38.5
"137",13,-37.5
"137",13,-36.5
"137",13,-35.5
"137",13,-34.5
"137",13,-33.5
"137",13,-32.5
"137",13,-31.5
"137",13,-30.5
"137",13,-29.5
"137",13,-28.5
"137",12,-27.5
"137",11,-26.5
"137",10,-25.5
"137",9,-24.5
"137",8,-23.5
"137",7,-22.5
"137",6,-21.5
"137",5,-20.5
"137",4,-19.5
"137",3,-18.5
"137",2,-17.5
"137",1,-16.5
"137",0,-15.5
"137",-1,-14.5
"137",-2,-13.5
"137",-3,-12.5
"137",-4,-11.5
"137",-5,-11.5
"137",-6,-10.5
"137",-7,-9.5
"137",-8,-8.5
"137",-9,-7.5
"137",-9,-6.5
"137",-10,-5.5
"137",-11,-4.5
"137",-12,-3.5
"137",-13,-2.5
"137",-14,-1.5
"137",-15,-0.5
"137",-16,0.5
"137",-16,1.5
"137",-16,2.5
"137",-16,3.5
"137",-16,4.5
"137",-16,5.5
"137",-16,6.5
"137",-16,7.5
"137",-16,8.5
"137",-16,9.5
"137",-16,10.5
"137",-17,11.5
"137",-18,12.5
"137",-18,13.5
"137",-18,14.5
"137",-18,15.5
"137",-18,16.5
"137",-18,17.5
"137",-18,18.5
"137",-18,19.5
"137",-18,20.5
"137",-18,21.5
"137",-18,22.5
"137",-18,23.5
"137",-18,24.5
"137",-18,25.5
"137",-18,26.5
"137",-18,27.5
"137",-18,28.5
"137",-18,29.5
"137",-18,30.5
"137",-18,31.5
"137",-18,32.5
"137",-18,33.5
"137",-18,34.5
"137",-18,35.5
"137",-18,36.5
"137",-18,37.5
"137",-18,38.5
"137",-18,39.5
"137",-18,40.5
"137",-18,41.5
"137",-18,42.5
"137",-18,43.5
"137",-18,44.5
"137",-18,45.5
"137",-18,46.5
"137",-18,47.5
"137",-17,48.5
"137",-16,49.5
"137",-15,50.5
"137",-14,51.5
"137",-13,52.5
"137",-12,53.5
"137",-11,54.5
"137",-10,55.5
"137",-9,56.5
"137",-8,57.5
"137",-7,58.5
"137",-6,59.5
"137",-5,59.5
"137",-4,59.5
"137",-3,59.5
"137",-2,58.5
"137",-1,57.5
"137",0,56.5
"137",0,55.5
"137",0,54.5
"138",0,-73.5
"138",1,-73.5
"138",1,-72.5
"138",1,-71.5
"138",1,-70.5
"138",0,-69.5
"138",0,-68.5
"138",0,-67.5
"138",0,-66.5
"138",0,-65.5
"138",0,-64.5
"138",0,-63.5
"138",0,-62.5
"138",1,-61.5
"138",2,-60.5
"138",2,-59.5
"138",3,-58.5
"138",4,-58.5
"138",5,-57.5
"138",6,-56.5
"138",7,-55.5
"138",8,-54.5
"138",9,-53.5
"138",10,-53.5
"138",11,-52.5
"138",11,-51.5
"138",11,-50.5
"138",11,-49.5
"138",11,-48.5
"138",11,-47.5
"138",11,-46.5
"138",11,-45.5
"138",11,-44.5
"138",11,-43.5
"138",11,-42.5
"138",11,-41.5
"138",12,-40.5
"138",12,-39.5
"138",13,-38.5
"138",13,-37.5
"138",13,-36.5
"138",13,-35.5
"138",13,-34.5
"138",13,-33.5
"138",13,-32.5
"138",13,-31.5
"138",13,-30.5
"138",13,-29.5
"138",13,-28.5
"138",13,-27.5
"138",12,-26.5
"138",12,-25.5
"138",11,-24.5
"138",11,-23.5
"138",10,-22.5
"138",10,-21.5
"138",9,-20.5
"138",8,-19.5
"138",8,-18.5
"138",8,-17.5
"138",8,-16.5
"138",7,-15.5
"138",6,-14.5
"138",5,-13.5
"138",5,-12.5
"138",4,-11.5
"138",3,-11.5
"138",3,-10.5
"138",2,-9.5
"138",1,-9.5
"138",0,-8.5
"138",-1,-7.5
"138",-1,-6.5
"138",-2,-5.5
"138",-3,-4.5
"138",-4,-4.5
"138",-4,-3.5
"138",-4,-2.5
"138",-4,-1.5
"138",-5,-1.5
"138",-6,-0.5
"138",-7,-0.5
"138",-8,0.5
"138",-9,1.5
"138",-10,1.5
"138",-11,2.5
"138",-11,3.5
"138",-11,4.5
"138",-11,5.5
"138",-12,5.5
"138",-13,6.5
"138",-14,7.5
"138",-15,7.5
"138",-16,7.5
"138",-16,8.5
"138",-16,9.5
"138",-16,10.5
"138",-17,10.5
"138",-18,11.5
"138",-18,12.5
"138",-18,13.5
"138",-18,14.5
"138",-18,15.5
"138",-18,16.5
"138",-18,17.5
"138",-18,18.5
"138",-18,19.5
"138",-18,20.5
"138",-18,21.5
"138",-18,22.5
"138",-18,23.5
"138",-18,24.5
"138",-18,25.5
"138",-18,26.5
"138",-18,27.5
"138",-18,28.5
"138",-18,29.5
"138",-18,30.5
"138",-18,31.5
"138",-18,32.5
"138",-18,33.5
"138",-18,34.5
"138",-18,35.5
"138",-18,36.5
"138",-18,37.5
"138",-18,38.5
"138",-18,39.5
"138",-18,40.5
"138",-18,41.5
"138",-18,42.5
"138",-18,43.5
"138",-17,44.5
"138",-16,44.5
"138",-15,44.5
"138",-14,45.5
"138",-13,46.5
"138",-13,47.5
"138",-13,48.5
"138",-12,49.5
"138",-12,50.5
"138",-12,51.5
"138",-12,52.5
"138",-12,53.5
"138",-12,54.5
"138",-12,55.5
"138",-11,56.5
"138",-10,57.5
"138",-9,57.5
"138",-8,58.5
"138",-7,59.5
"138",-6,59.5
"138",-5,59.5
"138",-4,59.5
"138",-3,59.5
"138",-2,58.5
"138",-1,58.5
"138",0,57.5
"138",-1,56.5
"138",0,55.5
"138",0,54.5
"139",0,-73.5
"139",-1,-72.5
"139",-2,-71.5
"139",-3,-71.5
"139",-4,-70.5
"139",-5,-70.5
"139",-6,-70.5
"139",-7,-69.5
"139",-8,-68.5
"139",-9,-67.5
"139",-10,-66.5
"139",-11,-65.5
"139",-12,-64.5
"139",-11,-63.5
"139",-10,-62.5
"139",-9,-61.5
"139",-8,-60.5
"139",-7,-59.5
"139",-6,-58.5
"139",-5,-57.5
"139",-4,-56.5
"139",-3,-55.5
"139",-2,-54.5
"139",-1,-53.5
"139",0,-52.5
"139",1,-51.5
"139",2,-50.5
"139",3,-49.5
"139",4,-48.5
"139",5,-47.5
"139",6,-46.5
"139",7,-45.5
"139",8,-44.5
"139",9,-43.5
"139",10,-42.5
"139",11,-41.5
"139",12,-40.5
"139",13,-39.5
"139",14,-38.5
"139",15,-37.5
"139",15,-36.5
"139",15,-35.5
"139",15,-34.5
"139",15,-33.5
"139",15,-32.5
"139",15,-31.5
"139",15,-30.5
"139",15,-29.5
"139",14,-28.5
"139",13,-27.5
"139",12,-26.5
"139",11,-25.5
"139",10,-24.5
"139",9,-23.5
"139",8,-22.5
"139",7,-21.5
"139",6,-20.5
"139",5,-19.5
"139",4,-18.5
"139",3,-17.5
"139",2,-16.5
"139",1,-15.5
"139",0,-14.5
"139",-1,-13.5
"139",-2,-12.5
"139",-3,-11.5
"139",-4,-10.5
"139",-5,-9.5
"139",-6,-8.5
"139",-7,-7.5
"139",-8,-6.5
"139",-9,-5.5
"139",-10,-4.5
"139",-11,-3.5
"139",-12,-2.5
"139",-13,-1.5
"139",-14,-0.5
"139",-15,0.5
"139",-16,1.5
"139",-17,2.5
"139",-17,3.5
"139",-17,4.5
"139",-17,5.5
"139",-17,6.5
"139",-17,7.5
"139",-17,8.5
"139",-17,9.5
"139",-17,10.5
"139",-17,11.5
"139",-17,12.5
"139",-18,13.5
"139",-18,14.5
"139",-18,15.5
"139",-18,16.5
"139",-18,17.5
"139",-18,18.5
"139",-18,19.5
"139",-18,20.5
"139",-18,21.5
"139",-18,22.5
"139",-18,23.5
"139",-18,24.5
"139",-18,25.5
"139",-17,26.5
"139",-17,27.5
"139",-17,28.5
"139",-17,29.5
"139",-17,30.5
"139",-17,31.5
"139",-17,32.5
"139",-17,33.5
"139",-17,34.5
"139",-17,35.5
"139",-17,36.5
"139",-17,37.5
"139",-17,38.5
"139",-17,39.5
"139",-17,40.5
"139",-18,41.5
"139",-19,42.5
"139",-20,43.5
"139",-20,44.5
"139",-20,45.5
"139",-19,46.5
"139",-18,47.5
"139",-17,48.5
"139",-16,49.5
"139",-15,50.5
"139",-14,51.5
"139",-13,52.5
"139",-12,53.5
"139",-11,54.5
"139",-10,55.5
"139",-9,56.5
"139",-8,57.5
"139",-7,58.5
"139",-6,59.5
"139",-5,59.5
"139",-4,59.5
"139",-3,59.5
"139",-2,58.5
"139",-1,57.5
"139",-1,56.5
"139",0,55.5
"139",0,54.5
"140",0,-73.5
"140",-1,-72.5
"140",-2,-71.5
"140",-3,-71.5
"140",-4,-71.5
"140",-5,-71.5
"140",-6,-70.5
"140",-7,-69.5
"140",-8,-68.5
"140",-9,-67.5
"140",-9,-66.5
"140",-9,-65.5
"140",-9,-64.5
"140",-9,-63.5
"140",-8,-62.5
"140",-7,-61.5
"140",-6,-60.5
"140",-5,-59.5
"140",-4,-58.5
"140",-3,-57.5
"140",-2,-56.5
"140",-1,-55.5
"140",0,-54.5
"140",1,-53.5
"140",2,-52.5
"140",3,-51.5
"140",4,-50.5
"140",5,-49.5
"140",6,-48.5
"140",7,-47.5
"140",8,-46.5
"140",9,-45.5
"140",10,-44.5
"140",11,-43.5
"140",11,-42.5
"140",11,-41.5
"140",12,-40.5
"140",12,-39.5
"140",13,-38.5
"140",13,-37.5
"140",13,-36.5
"140",13,-35.5
"140",13,-34.5
"140",13,-33.5
"140",13,-32.5
"140",13,-31.5
"140",13,-30.5
"140",13,-29.5
"140",13,-28.5
"140",12,-27.5
"140",11,-26.5
"140",10,-25.5
"140",9,-24.5
"140",8,-23.5
"140",7,-22.5
"140",6,-21.5
"140",5,-20.5
"140",4,-19.5
"140",3,-18.5
"140",2,-17.5
"140",1,-16.5
"140",0,-15.5
"140",-1,-14.5
"140",-2,-13.5
"140",-3,-12.5
"140",-4,-11.5
"140",-5,-10.5
"140",-6,-9.5
"140",-7,-8.5
"140",-8,-7.5
"140",-9,-6.5
"140",-10,-5.5
"140",-11,-4.5
"140",-12,-3.5
"140",-13,-2.5
"140",-14,-1.5
"140",-15,-0.5
"140",-16,0.5
"140",-16,1.5
"140",-16,2.5
"140",-16,3.5
"140",-16,4.5
"140",-16,5.5
"140",-16,6.5
"140",-16,7.5
"140",-16,8.5
"140",-16,9.5
"140",-16,10.5
"140",-17,11.5
"140",-18,12.5
"140",-18,13.5
"140",-18,14.5
"140",-18,15.5
"140",-18,16.5
"140",-18,17.5
"140",-18,18.5
"140",-18,19.5
"140",-18,20.5
"140",-18,21.5
"140",-18,22.5
"140",-18,23.5
"140",-18,24.5
"140",-18,25.5
"140",-18,26.5
"140",-18,27.5
"140",-18,28.5
"140",-18,29.5
"140",-18,30.5
"140",-18,31.5
"140",-18,32.5
"140",-18,33.5
"140",-18,34.5
"140",-18,35.5
"140",-18,36.5
"140",-18,37.5
"140",-18,38.5
"140",-18,39.5
"140",-18,40.5
"140",-18,41.5
"140",-18,42.5
"140",-18,43.5
"140",-18,44.5
"140",-18,45.5
"140",-18,46.5
"140",-18,47.5
"140",-17,48.5
"140",-16,49.5
"140",-15,50.5
"140",-14,51.5
"140",-13,52.5
"140",-12,53.5
"140",-11,54.5
"140",-10,55.5
"140",-9,56.5
"140",-8,57.5
"140",-7,58.5
"140",-6,59.5
"140",-5,59.5
"140",-4,59.5
"140",-3,59.5
"140",-2,58.5
"140",-1,57.5
"140",0,56.5
"140",0,55.5
"140",0,54.5
"141",0,-73.5
"141",-1,-72.5
"141",-1,-71.5
"141",-1,-70.5
"141",0,-69.5
"141",0,-68.5
"141",0,-67.5
"141",0,-66.5
"141",0,-65.5
"141",0,-64.5
"141",0,-63.5
"141",0,-62.5
"141",1,-61.5
"141",2,-60.5
"141",2,-59.5
"141",3,-58.5
"141",4,-58.5
"141",5,-57.5
"141",6,-56.5
"141",7,-55.5
"141",8,-54.5
"141",9,-53.5
"141",10,-53.5
"141",11,-52.5
"141",11,-51.5
"141",11,-50.5
"141",11,-49.5
"141",11,-48.5
"141",11,-47.5
"141",11,-46.5
"141",11,-45.5
"141",11,-44.5
"141",11,-43.5
"141",11,-42.5
"141",11,-41.5
"141",12,-40.5
"141",12,-39.5
"141",13,-38.5
"141",13,-37.5
"141",13,-36.5
"141",13,-35.5
"141",13,-34.5
"141",13,-33.5
"141",13,-32.5
"141",13,-31.5
"141",13,-30.5
"141",13,-29.5
"141",13,-28.5
"141",13,-27.5
"141",12,-26.5
"141",12,-25.5
"141",11,-24.5
"141",10,-23.5
"141",9,-22.5
"141",8,-21.5
"141",7,-20.5
"141",6,-19.5
"141",5,-18.5
"141",4,-17.5
"141",3,-16.5
"141",2,-15.5
"141",1,-15.5
"141",0,-14.5
"141",-1,-13.5
"141",-2,-12.5
"141",-3,-11.5
"141",-4,-10.5
"141",-5,-10.5
"141",-6,-9.5
"141",-7,-9.5
"141",-8,-8.5
"141",-9,-8.5
"141",-9,-7.5
"141",-9,-6.5
"141",-9,-5.5
"141",-10,-5.5
"141",-11,-4.5
"141",-12,-4.5
"141",-13,-3.5
"141",-14,-2.5
"141",-15,-2.5
"141",-16,-1.5
"141",-16,-0.5
"141",-16,0.5
"141",-16,1.5
"141",-16,2.5
"141",-16,3.5
"141",-16,4.5
"141",-16,5.5
"141",-16,6.5
"141",-16,7.5
"141",-16,8.5
"141",-16,9.5
"141",-16,10.5
"141",-17,11.5
"141",-18,12.5
"141",-18,13.5
"141",-18,14.5
"141",-18,15.5
"141",-18,16.5
"141",-18,17.5
"141",-18,18.5
"141",-18,19.5
"141",-18,20.5
"141",-18,21.5
"141",-18,22.5
"141",-18,23.5
"141",-18,24.5
"141",-18,25.5
"141",-18,26.5
"141",-18,27.5
"141",-18,28.5
"141",-18,29.5
"141",-18,30.5
"141",-18,31.5
"141",-18,32.5
"141",-18,33.5
"141",-18,34.5
"141",-18,35.5
"141",-18,36.5
"141",-18,37.5
"141",-18,38.5
"141",-18,39.5
"141",-18,40.5
"141",-18,41.5
"141",-18,42.5
"141",-18,43.5
"141",-17,44.5
"141",-16,44.5
"141",-15,44.5
"141",-14,45.5
"141",-13,46.5
"141",-13,47.5
"141",-13,48.5
"141",-12,49.5
"141",-12,50.5
"141",-12,51.5
"141",-12,52.5
"141",-12,53.5
"141",-12,54.5
"141",-12,55.5
"141",-11,56.5
"141",-10,57.5
"141",-9,57.5
"141",-8,58.5
"141",-7,59.5
"141",-6,59.5
"141",-5,59.5
"141",-4,59.5
"141",-3,59.5
"141",-2,58.5
"141",-1,57.5
"141",0,56.5
"141",0,55.5
"141",0,54.5
"142",0,-73.5
"142",-1,-72.5
"142",-2,-71.5
"142",-3,-71.5
"142",-4,-70.5
"142",-5,-69.5
"142",-6,-68.5
"142",-7,-67.5
"142",-8,-66.5
"142",-9,-65.5
"142",-10,-64.5
"142",-11,-63.5
"142",-10,-62.5
"142",-9,-61.5
"142",-8,-60.5
"142",-7,-59.5
"142",-6,-58.5
"142",-5,-57.5
"142",-4,-56.5
"142",-3,-55.5
"142",-2,-54.5
"142",-1,-53.5
"142",0,-52.5
"142",1,-51.5
"142",2,-50.5
"142",3,-49.5
"142",4,-48.5
"142",5,-47.5
"142",6,-46.5
"142",7,-45.5
"142",8,-44.5
"142",9,-43.5
"142",10,-42.5
"142",11,-41.5
"142",12,-40.5
"142",13,-39.5
"142",14,-38.5
"142",14,-37.5
"142",14,-36.5
"142",14,-35.5
"142",14,-34.5
"142",14,-33.5
"142",14,-32.5
"142",14,-31.5
"142",14,-30.5
"142",14,-29.5
"142",14,-28.5
"142",13,-27.5
"142",12,-26.5
"142",11,-25.5
"142",10,-24.5
"142",9,-23.5
"142",8,-22.5
"142",7,-21.5
"142",6,-20.5
"142",5,-19.5
"142",4,-18.5
"142",3,-17.5
"142",2,-16.5
"142",1,-15.5
"142",0,-14.5
"142",-1,-13.5
"142",-2,-12.5
"142",-3,-11.5
"142",-4,-10.5
"142",-5,-9.5
"142",-6,-8.5
"142",-7,-7.5
"142",-8,-6.5
"142",-9,-5.5
"142",-10,-4.5
"142",-11,-3.5
"142",-12,-2.5
"142",-13,-1.5
"142",-14,-0.5
"142",-15,0.5
"142",-16,1.5
"142",-17,2.5
"142",-17,3.5
"142",-17,4.5
"142",-17,5.5
"142",-17,6.5
"142",-17,7.5
"142",-17,8.5
"142",-17,9.5
"142",-17,10.5
"142",-17,11.5
"142",-17,12.5
"142",-18,13.5
"142",-18,14.5
"142",-18,15.5
"142",-18,16.5
"142",-18,17.5
"142",-18,18.5
"142",-18,19.5
"142",-18,20.5
"142",-18,21.5
"142",-18,22.5
"142",-18,23.5
"142",-18,24.5
"142",-18,25.5
"142",-18,26.5
"142",-18,27.5
"142",-18,28.5
"142",-18,29.5
"142",-18,30.5
"142",-18,31.5
"142",-18,32.5
"142",-18,33.5
"142",-18,34.5
"142",-18,35.5
"142",-18,36.5
"142",-18,37.5
"142",-18,38.5
"142",-18,39.5
"142",-18,40.5
"142",-18,41.5
"142",-19,42.5
"142",-19,43.5
"142",-19,44.5
"142",-19,45.5
"142",-19,46.5
"142",-18,47.5
"142",-17,48.5
"142",-16,49.5
"142",-15,50.5
"142",-14,51.5
"142",-13,52.5
"142",-12,53.5
"142",-11,54.5
"142",-10,55.5
"142",-9,56.5
"142",-8,57.5
"142",-7,58.5
"142",-6,59.5
"142",-5,59.5
"142",-4,59.5
"142",-3,59.5
"142",-2,58.5
"142",-1,57.5
"142",0,56.5
"142",0,55.5
"142",0,54.5
"143",0,-73.5
"143",-1,-72.5
"143",-2,-71.5
"143",-3,-71.5
"143",-4,-71.5
"143",-5,-71.5
"143",-6,-70.5
"143",-7,-69.5
"143",-8,-68.5
"143",-9,-67.5
"143",-9,-66.5
"143",-9,-65.5
"143",-9,-64.5
"143",-9,-63.5
"143",-8,-62.5
"143",-7,-61.5
"143",-6,-60.5
"143",-5,-59.5
"143",-4,-58.5
"143",-3,-57.5
"143",-2,-56.5
"143",-1,-55.5
"143",0,-54.5
"143",1,-53.5
"143",2,-52.5
"143",3,-51.5
"143",4,-50.5
"143",5,-49.5
"143",6,-48.5
"143",7,-47.5
"143",8,-46.5
"143",9,-45.5
"143",10,-44.5
"143",11,-43.5
"143",11,-42.5
"143",11,-41.5
"143",12,-40.5
"143",12,-39.5
"143",13,-38.5
"143",13,-37.5
"143",13,-36.5
"143",13,-35.5
"143",13,-34.5
"143",13,-33.5
"143",13,-32.5
"143",13,-31.5
"143",13,-30.5
"143",13,-29.5
"143",13,-28.5
"143",12,-27.5
"143",11,-26.5
"143",10,-25.5
"143",9,-24.5
"143",8,-23.5
"143",7,-22.5
"143",6,-21.5
"143",5,-20.5
"143",4,-19.5
"143",3,-18.5
"143",2,-17.5
"143",1,-16.5
"143",0,-15.5
"143",-1,-14.5
"143",-2,-13.5
"143",-3,-12.5
"143",-4,-11.5
"143",-5,-10.5
"143",-6,-9.5
"143",-7,-8.5
"143",-8,-7.5
"143",-9,-6.5
"143",-10,-5.5
"143",-11,-4.5
"143",-12,-3.5
"143",-13,-2.5
"143",-14,-1.5
"143",-15,-0.5
"143",-16,0.5
"143",-16,1.5
"143",-16,2.5
"143",-16,3.5
"143",-16,4.5
"143",-16,5.5
"143",-16,6.5
"143",-16,7.5
"143",-16,8.5
"143",-16,9.5
"143",-16,10.5
"143",-17,11.5
"143",-18,12.5
"143",-18,13.5
"143",-18,14.5
"143",-18,15.5
"143",-18,16.5
"143",-18,17.5
"143",-18,18.5
"143",-18,19.5
"143",-18,20.5
"143",-18,21.5
"143",-18,22.5
"143",-18,23.5
"143",-18,24.5
"143",-18,25.5
"143",-18,26.5
"143",-18,27.5
"143",-18,28.5
"143",-18,29.5
"143",-18,30.5
"143",-18,31.5
"143",-18,32.5
"143",-18,33.5
"143",-18,34.5
"143",-18,35.5
"143",-18,36.5
"143",-18,37.5
"143",-18,38.5
"143",-18,39.5
"143",-18,40.5
"143",-18,41.5
"143",-18,42.5
"143",-18,43.5
"143",-18,44.5
"143",-18,45.5
"143",-18,46.5
"143",-18,47.5
"143",-17,48.5
"143",-16,49.5
"143",-15,50.5
"143",-14,51.5
"143",-13,52.5
"143",-12,53.5
"143",-11,54.5
"143",-10,55.5
"143",-9,56.5
"143",-8,57.5
"143",-7,58.5
"143",-6,59.5
"143",-5,59.5
"143",-4,59.5
"143",-3,59.5
"143",-2,58.5
"143",-1,57.5
"143",0,56.5
"143",0,55.5
"143",0,54.5
"144",0,-73.5
"144",-1,-72.5
"144",-1,-71.5
"144",0,-70.5
"144",-1,-69.5
"144",0,-68.5
"144",0,-67.5
"144",0,-66.5
"144",0,-65.5
"144",0,-64.5
"144",0,-63.5
"144",0,-62.5
"144",1,-61.5
"144",2,-60.5
"144",3,-59.5
"144",4,-58.5
"144",5,-57.5
"144",6,-56.5
"144",7,-55.5
"144",8,-54.5
"144",9,-53.5
"144",10,-52.5
"144",11,-51.5
"144",12,-50.5
"144",13,-49.5
"144",14,-48.5
"144",15,-47.5
"144",15,-46.5
"144",15,-45.5
"144",15,-44.5
"144",15,-43.5
"144",15,-42.5
"144",15,-41.5
"144",15,-40.5
"144",15,-39.5
"144",15,-38.5
"144",15,-37.5
"144",15,-36.5
"144",15,-35.5
"144",15,-34.5
"144",15,-33.5
"144",15,-32.5
"144",15,-31.5
"144",15,-30.5
"144",14,-29.5
"144",13,-28.5
"144",13,-27.5
"144",12,-26.5
"144",12,-25.5
"144",11,-24.5
"144",10,-23.5
"144",9,-22.5
"144",8,-21.5
"144",7,-20.5
"144",6,-19.5
"144",5,-18.5
"144",4,-17.5
"144",3,-16.5
"144",2,-15.5
"144",1,-15.5
"144",0,-14.5
"144",-1,-13.5
"144",-2,-12.5
"144",-3,-11.5
"144",-4,-10.5
"144",-5,-10.5
"144",-6,-9.5
"144",-7,-9.5
"144",-8,-8.5
"144",-9,-7.5
"144",-9,-6.5
"144",-10,-5.5
"144",-11,-4.5
"144",-12,-4.5
"144",-13,-3.5
"144",-14,-2.5
"144",-15,-2.5
"144",-16,-1.5
"144",-16,-0.5
"144",-16,0.5
"144",-16,1.5
"144",-16,2.5
"144",-16,3.5
"144",-16,4.5
"144",-16,5.5
"144",-16,6.5
"144",-16,7.5
"144",-16,8.5
"144",-16,9.5
"144",-16,10.5
"144",-17,11.5
"144",-18,12.5
"144",-18,13.5
"144",-18,14.5
"144",-18,15.5
"144",-18,16.5
"144",-18,17.5
"144",-18,18.5
"144",-18,19.5
"144",-18,20.5
"144",-18,21.5
"144",-18,22.5
"144",-18,23.5
"144",-18,24.5
"144",-18,25.5
"144",-18,26.5
"144",-18,27.5
"144",-18,28.5
"144",-18,29.5
"144",-18,30.5
"144",-18,31.5
"144",-18,32.5
"144",-18,33.5
"144",-18,34.5
"144",-18,35.5
"144",-18,36.5
"144",-18,37.5
"144",-18,38.5
"144",-18,39.5
"144",-18,40.5
"144",-18,41.5
"144",-18,42.5
"144",-18,43.5
"144",-18,44.5
"144",-17,45.5
"144",-16,46.5
"144",-15,47.5
"144",-14,48.5
"144",-13,49.5
"144",-12,50.5
"144",-12,51.5
"144",-12,52.5
"144",-12,53.5
"144",-11,54.5
"144",-10,55.5
"144",-9,56.5
"144",-8,57.5
"144",-7,58.5
"144",-6,59.5
"144",-5,59.5
"144",-4,59.5
"144",-3,59.5
"144",-2,58.5
"144",-1,57.5
"144",0,56.5
"144",0,55.5
"144",0,54.5
"145",0,-73.5
"145",-1,-72.5
"145",-2,-71.5
"145",-3,-71.5
"145",-4,-70.5
"145",-5,-69.5
"145",-6,-68.5
"145",-7,-67.5
"145",-8,-66.5
"145",-9,-65.5
"145",-10,-64.5
"145",-10,-63.5
"145",-9,-62.5
"145",-8,-61.5
"145",-7,-60.5
"145",-6,-59.5
"145",-5,-58.5
"145",-4,-57.5
"145",-3,-56.5
"145",-2,-55.5
"145",-1,-54.5
"145",0,-53.5
"145",1,-52.5
"145",2,-51.5
"145",3,-50.5
"145",4,-49.5
"145",5,-48.5
"145",6,-47.5
"145",7,-46.5
"145",8,-45.5
"145",9,-44.5
"145",10,-43.5
"145",11,-42.5
"145",12,-41.5
"145",13,-40.5
"145",14,-39.5
"145",14,-38.5
"145",14,-37.5
"145",14,-36.5
"145",14,-35.5
"145",14,-34.5
"145",14,-33.5
"145",14,-32.5
"145",14,-31.5
"145",14,-30.5
"145",14,-29.5
"145",14,-28.5
"145",13,-27.5
"145",12,-26.5
"145",11,-25.5
"145",10,-24.5
"145",9,-23.5
"145",8,-22.5
"145",7,-21.5
"145",6,-20.5
"145",5,-19.5
"145",4,-18.5
"145",3,-17.5
"145",2,-16.5
"145",1,-15.5
"145",0,-14.5
"145",-1,-13.5
"145",-2,-12.5
"145",-3,-11.5
"145",-4,-10.5
"145",-5,-9.5
"145",-6,-8.5
"145",-7,-7.5
"145",-8,-6.5
"145",-9,-5.5
"145",-10,-4.5
"145",-11,-3.5
"145",-12,-2.5
"145",-13,-1.5
"145",-14,-0.5
"145",-15,0.5
"145",-16,1.5
"145",-16,2.5
"145",-16,3.5
"145",-16,4.5
"145",-16,5.5
"145",-16,6.5
"145",-16,7.5
"145",-16,8.5
"145",-16,9.5
"145",-16,10.5
"145",-17,11.5
"145",-17,12.5
"145",-18,13.5
"145",-18,14.5
"145",-18,15.5
"145",-18,16.5
"145",-18,17.5
"145",-18,18.5
"145",-18,19.5
"145",-18,20.5
"145",-19,21.5
"145",-20,22.5
"145",-21,23.5
"145",-22,24.5
"145",-23,25.5
"145",-24,26.5
"145",-25,27.5
"145",-25,28.5
"145",-25,29.5
"145",-25,30.5
"145",-25,31.5
"145",-25,32.5
"145",-25,33.5
"145",-25,34.5
"145",-25,35.5
"145",-25,36.5
"145",-25,37.5
"145",-25,38.5
"145",-25,39.5
"145",-25,40.5
"145",-24,41.5
"145",-23,42.5
"145",-22,43.5
"145",-21,44.5
"145",-20,45.5
"145",-19,46.5
"145",-18,47.5
"145",-17,48.5
"145",-16,49.5
"145",-15,50.5
"145",-14,51.5
"145",-13,52.5
"145",-12,53.5
"145",-11,54.5
"145",-10,55.5
"145",-9,56.5
"145",-8,57.5
"145",-7,58.5
"145",-6,59.5
"145",-5,59.5
"145",-4,59.5
"145",-3,59.5
"145",-2,58.5
"145",-1,57.5
"145",0,56.5
"145",0,55.5
"145",0,54.5
"146",0,-73.5
"146",-1,-72.5
"146",-1,-71.5
"146",0,-70.5
"146",-1,-69.5
"146",0,-68.5
"146",0,-67.5
"146",0,-66.5
"146",0,-65.5
"146",0,-64.5
"146",0,-63.5
"146",0,-62.5
"146",1,-61.5
"146",2,-60.5
"146",3,-59.5
"146",4,-58.5
"146",5,-57.5
"146",6,-56.5
"146",7,-55.5
"146",8,-54.5
"146",9,-53.5
"146",10,-52.5
"146",11,-51.5
"146",12,-50.5
"146",13,-49.5
"146",14,-48.5
"146",15,-47.5
"146",15,-46.5
"146",15,-45.5
"146",15,-44.5
"146",15,-43.5
"146",15,-42.5
"146",15,-41.5
"146",15,-40.5
"146",15,-39.5
"146",15,-38.5
"146",15,-37.5
"146",15,-36.5
"146",15,-35.5
"146",15,-34.5
"146",15,-33.5
"146",15,-32.5
"146",15,-31.5
"146",15,-30.5
"146",14,-29.5
"146",13,-28.5
"146",12,-27.5
"146",11,-26.5
"146",10,-25.5
"146",9,-24.5
"146",8,-23.5
"146",7,-22.5
"146",6,-21.5
"146",5,-20.5
"146",4,-19.5
"146",3,-18.5
"146",2,-17.5
"146",1,-16.5
"146",0,-15.5
"146",-1,-14.5
"146",-2,-13.5
"146",-3,-12.5
"146",-4,-11.5
"146",-5,-10.5
"146",-6,-9.5
"146",-7,-8.5
"146",-8,-7.5
"146",-9,-6.5
"146",-10,-5.5
"146",-11,-4.5
"146",-12,-3.5
"146",-13,-2.5
"146",-14,-1.5
"146",-15,-0.5
"146",-16,0.5
"146",-16,1.5
"146",-16,2.5
"146",-16,3.5
"146",-16,4.5
"146",-16,5.5
"146",-16,6.5
"146",-16,7.5
"146",-16,8.5
"146",-16,9.5
"146",-16,10.5
"146",-17,11.5
"146",-18,12.5
"146",-18,13.5
"146",-18,14.5
"146",-18,15.5
"146",-18,16.5
"146",-18,17.5
"146",-18,18.5
"146",-18,19.5
"146",-18,20.5
"146",-18,21.5
"146",-18,22.5
"146",-18,23.5
"146",-18,24.5
"146",-18,25.5
"146",-18,26.5
"146",-18,27.5
"146",-18,28.5
"146",-18,29.5
"146",-18,30.5
"146",-18,31.5
"146",-18,32.5
"146",-18,33.5
"146",-18,34.5
"146",-18,35.5
"146",-18,36.5
"146",-18,37.5
"146",-18,38.5
"146",-18,39.5
"146",-18,40.5
"146",-18,41.5
"146",-18,42.5
"146",-18,43.5
"146",-18,44.5
"146",-18,45.5
"146",-18,46.5
"146",-18,47.5
"146",-17,48.5
"146",-16,49.5
"146",-15,50.5
"146",-14,51.5
"146",-13,52.5
"146",-12,53.5
"146",-11,54.5
"146",-10,55.5
"146",-9,56.5
"146",-8,57.5
"146",-7,58.5
"146",-6,59.5
"146",-5,59.5
"146",-4,59.5
"146",-3,59.5
"146",-2,58.5
"146",-1,57.5
"146",0,56.5
"146",0,55.5
"146",0,54.5
"147",0,-73.5
"147",-1,-72.5
"147",-2,-71.5
"147",-3,-70.5
"147",-4,-69.5
"147",-5,-68.5
"147",-6,-67.5
"147",-7,-66.5
"147",-8,-65.5
"147",-9,-64.5
"147",-9,-63.5
"147",-8,-62.5
"147",-7,-61.5
"147",-6,-60.5
"147",-5,-59.5
"147",-4,-58.5
"147",-3,-57.5
"147",-2,-56.5
"147",-1,-55.5
"147",0,-54.5
"147",1,-53.5
"147",2,-52.5
"147",3,-51.5
"147",4,-50.5
"147",5,-49.5
"147",6,-48.5
"147",7,-47.5
"147",8,-46.5
"147",9,-45.5
"147",10,-44.5
"147",11,-43.5
"147",12,-42.5
"147",13,-41.5
"147",14,-40.5
"147",14,-39.5
"147",14,-38.5
"147",14,-37.5
"147",14,-36.5
"147",14,-35.5
"147",14,-34.5
"147",14,-33.5
"147",14,-32.5
"147",14,-31.5
"147",14,-30.5
"147",14,-29.5
"147",13,-28.5
"147",12,-27.5
"147",11,-26.5
"147",10,-25.5
"147",9,-24.5
"147",8,-23.5
"147",7,-22.5
"147",6,-21.5
"147",5,-20.5
"147",4,-19.5
"147",3,-18.5
"147",2,-17.5
"147",1,-16.5
"147",0,-15.5
"147",-1,-14.5
"147",-2,-13.5
"147",-3,-12.5
"147",-4,-11.5
"147",-5,-10.5
"147",-6,-9.5
"147",-7,-8.5
"147",-8,-7.5
"147",-9,-6.5
"147",-10,-5.5
"147",-11,-4.5
"147",-12,-3.5
"147",-13,-2.5
"147",-14,-1.5
"147",-15,-0.5
"147",-16,0.5
"147",-16,1.5
"147",-16,2.5
"147",-16,3.5
"147",-16,4.5
"147",-16,5.5
"147",-16,6.5
"147",-16,7.5
"147",-16,8.5
"147",-16,9.5
"147",-16,10.5
"147",-17,11.5
"147",-17,12.5
"147",-18,13.5
"147",-19,14.5
"147",-20,15.5
"147",-21,16.5
"147",-22,17.5
"147",-23,18.5
"147",-24,19.5
"147",-25,20.5
"147",-26,21.5
"147",-27,22.5
"147",-28,23.5
"147",-29,24.5
"147",-30,25.5
"147",-31,26.5
"147",-31,27.5
"147",-31,28.5
"147",-31,29.5
"147",-31,30.5
"147",-31,31.5
"147",-31,32.5
"147",-31,33.5
"147",-31,34.5
"147",-30,35.5
"147",-29,36.5
"147",-28,37.5
"147",-27,38.5
"147",-26,39.5
"147",-25,40.5
"147",-24,41.5
"147",-23,42.5
"147",-22,43.5
"147",-21,44.5
"147",-20,45.5
"147",-19,46.5
"147",-18,47.5
"147",-17,48.5
"147",-16,49.5
"147",-15,50.5
"147",-14,51.5
"147",-13,52.5
"147",-12,53.5
"147",-11,54.5
"147",-10,55.5
"147",-9,56.5
"147",-8,57.5
"147",-7,58.5
"147",-6,59.5
"147",-5,59.5
"147",-4,59.5
"147",-3,59.5
"147",-2,58.5
"147",-1,57.5
"147",0,56.5
"147",0,55.5
"147",0,54.5
"148",0,-73.5
"148",-1,-72.5
"148",-2,-71.5
"148",-3,-71.5
"148",-4,-70.5
"148",-5,-70.5
"148",-6,-70.5
"148",-7,-70.5
"148",-8,-70.5
"148",-9,-70.5
"148",-10,-70.5
"148",-11,-70.5
"148",-12,-70.5
"148",-13,-70.5
"148",-14,-70.5
"148",-15,-70.5
"148",-16,-70.5
"148",-17,-70.5
"148",-18,-70.5
"148",-19,-69.5
"148",-19,-68.5
"148",-19,-67.5
"148",-18,-66.5
"148",-17,-65.5
"148",-16,-64.5
"148",-15,-63.5
"148",-14,-62.5
"148",-13,-61.5
"148",-12,-60.5
"148",-11,-59.5
"148",-10,-58.5
"148",-9,-57.5
"148",-8,-56.5
"148",-7,-55.5
"148",-6,-54.5
"148",-5,-53.5
"148",-4,-52.5
"148",-3,-51.5
"148",-2,-50.5
"148",-1,-49.5
"148",0,-48.5
"148",1,-47.5
"148",2,-46.5
"148",3,-45.5
"148",4,-44.5
"148",5,-43.5
"148",6,-42.5
"148",7,-41.5
"148",8,-40.5
"148",9,-39.5
"148",10,-38.5
"148",11,-37.5
"148",12,-36.5
"148",13,-35.5
"148",14,-34.5
"148",14,-33.5
"148",14,-32.5
"148",14,-31.5
"148",14,-30.5
"148",14,-29.5
"148",14,-28.5
"148",13,-27.5
"148",12,-26.5
"148",11,-25.5
"148",10,-24.5
"148",9,-23.5
"148",8,-22.5
"148",7,-21.5
"148",6,-20.5
"148",5,-19.5
"148",4,-18.5
"148",3,-17.5
"148",2,-16.5
"148",1,-15.5
"148",0,-14.5
"148",-1,-13.5
"148",-2,-12.5
"148",-3,-11.5
"148",-4,-10.5
"148",-5,-9.5
"148",-6,-8.5
"148",-7,-7.5
"148",-8,-6.5
"148",-9,-5.5
"148",-10,-4.5
"148",-11,-3.5
"148",-12,-2.5
"148",-13,-1.5
"148",-14,-0.5
"148",-15,0.5
"148",-16,1.5
"148",-17,2.5
"148",-17,3.5
"148",-17,4.5
"148",-17,5.5
"148",-17,6.5
"148",-17,7.5
"148",-17,8.5
"148",-17,9.5
"148",-17,10.5
"148",-17,11.5
"148",-17,12.5
"148",-18,13.5
"148",-18,14.5
"148",-18,15.5
"148",-18,16.5
"148",-18,17.5
"148",-18,18.5
"148",-18,19.5
"148",-18,20.5
"148",-18,21.5
"148",-18,22.5
"148",-18,23.5
"148",-18,24.5
"148",-18,25.5
"148",-17,26.5
"148",-17,27.5
"148",-17,28.5
"148",-17,29.5
"148",-17,30.5
"148",-17,31.5
"148",-17,32.5
"148",-17,33.5
"148",-17,34.5
"148",-17,35.5
"148",-17,36.5
"148",-17,37.5
"148",-17,38.5
"148",-17,39.5
"148",-18,40.5
"148",-19,41.5
"148",-20,42.5
"148",-21,43.5
"148",-21,44.5
"148",-20,45.5
"148",-19,46.5
"148",-18,47.5
"148",-17,48.5
"148",-16,49.5
"148",-15,50.5
"148",-14,51.5
"148",-13,52.5
"148",-12,53.5
"148",-11,54.5
"148",-10,55.5
"148",-9,56.5
"148",-8,57.5
"148",-7,58.5
"148",-6,59.5
"148",-5,59.5
"148",-4,59.5
"148",-3,59.5
"148",-2,58.5
"148",-1,57.5
"148",-1,56.5
"148",0,55.5
"148",0,54.5
"149",0,-73.5
"149",-1,-72.5
"149",-2,-71.5
"149",-3,-71.5
"149",-4,-70.5
"149",-5,-70.5
"149",-6,-70.5
"149",-7,-69.5
"149",-8,-68.5
"149",-9,-67.5
"149",-9,-66.5
"149",-9,-65.5
"149",-9,-64.5
"149",-9,-63.5
"149",-8,-62.5
"149",-7,-61.5
"149",-6,-60.5
"149",-5,-59.5
"149",-4,-58.5
"149",-3,-57.5
"149",-2,-56.5
"149",-1,-55.5
"149",0,-54.5
"149",1,-53.5
"149",2,-52.5
"149",3,-51.5
"149",4,-50.5
"149",5,-49.5
"149",6,-48.5
"149",7,-47.5
"149",8,-46.5
"149",9,-45.5
"149",10,-44.5
"149",11,-43.5
"149",11,-42.5
"149",11,-41.5
"149",12,-40.5
"149",12,-39.5
"149",13,-38.5
"149",14,-37.5
"149",15,-36.5
"149",15,-35.5
"149",15,-34.5
"149",15,-33.5
"149",15,-32.5
"149",15,-31.5
"149",15,-30.5
"149",14,-29.5
"149",13,-28.5
"149",12,-27.5
"149",11,-26.5
"149",10,-25.5
"149",9,-24.5
"149",8,-23.5
"149",7,-22.5
"149",6,-21.5
"149",5,-20.5
"149",4,-19.5
"149",3,-18.5
"149",2,-17.5
"149",1,-16.5
"149",0,-15.5
"149",-1,-14.5
"149",-2,-13.5
"149",-3,-12.5
"149",-4,-11.5
"149",-5,-10.5
"149",-6,-9.5
"149",-7,-8.5
"149",-8,-7.5
"149",-9,-6.5
"149",-10,-5.5
"149",-11,-4.5
"149",-12,-3.5
"149",-13,-2.5
"149",-14,-1.5
"149",-15,-0.5
"149",-16,0.5
"149",-17,1.5
"149",-18,2.5
"149",-18,3.5
"149",-18,4.5
"149",-18,5.5
"149",-18,6.5
"149",-18,7.5
"149",-18,8.5
"149",-18,9.5
"149",-18,10.5
"149",-18,11.5
"149",-18,12.5
"149",-18,13.5
"149",-18,14.5
"149",-18,15.5
"149",-18,16.5
"149",-18,17.5
"149",-18,18.5
"149",-18,19.5
"149",-18,20.5
"149",-18,21.5
"149",-18,22.5
"149",-18,23.5
"149",-18,24.5
"149",-18,25.5
"149",-18,26.5
"149",-18,27.5
"149",-18,28.5
"149",-18,29.5
"149",-18,30.5
"149",-18,31.5
"149",-18,32.5
"149",-18,33.5
"149",-18,34.5
"149",-18,35.5
"149",-18,36.5
"149",-18,37.5
"149",-18,38.5
"149",-18,39.5
"149",-18,40.5
"149",-19,41.5
"149",-20,42.5
"149",-20,43.5
"149",-20,44.5
"149",-20,45.5
"149",-19,46.5
"149",-18,47.5
"149",-17,48.5
"149",-16,49.5
"149",-15,50.5
"149",-14,51.5
"149",-13,52.5
"149",-12,53.5
"149",-11,54.5
"149",-10,55.5
"149",-9,56.5
"149",-8,57.5
"149",-7,58.5
"149",-6,59.5
"149",-5,59.5
"149",-4,59.5
"149",-3,59.5
"149",-2,58.5
"149",-1,57.5
"149",-1,56.5
"149",0,55.5
"149",0,54.5
"150",0,-73.5
"150",-1,-72.5
"150",-2,-71.5
"150",-3,-71.5
"150",-4,-71.5
"150",-5,-71.5
"150",-6,-70.5
"150",-7,-69.5
"150",-8,-68.5
"150",-9,-67.5
"150",-9,-66.5
"150",-9,-65.5
"150",-9,-64.5
"150",-9,-63.5
"150",-8,-62.5
"150",-7,-61.5
"150",-6,-60.5
"150",-5,-59.5
"150",-4,-58.5
"150",-3,-57.5
"150",-2,-56.5
"150",-1,-55.5
"150",0,-54.5
"150",1,-53.5
"150",2,-52.5
"150",3,-51.5
"150",4,-50.5
"150",5,-49.5
"150",6,-49.5
"150",7,-49.5
"150",8,-48.5
"150",9,-47.5
"150",10,-46.5
"150",11,-45.5
"150",11,-44.5
"150",11,-43.5
"150",11,-42.5
"150",11,-41.5
"150",12,-40.5
"150",12,-39.5
"150",13,-38.5
"150",14,-37.5
"150",15,-36.5
"150",15,-35.5
"150",15,-34.5
"150",15,-33.5
"150",15,-32.5
"150",15,-31.5
"150",15,-30.5
"150",15,-29.5
"150",14,-28.5
"150",13,-27.5
"150",12,-26.5
"150",11,-25.5
"150",10,-24.5
"150",9,-23.5
"150",8,-22.5
"150",7,-21.5
"150",6,-20.5
"150",5,-19.5
"150",4,-18.5
"150",3,-17.5
"150",2,-16.5
"150",1,-15.5
"150",0,-14.5
"150",-1,-13.5
"150",-2,-12.5
"150",-3,-11.5
"150",-4,-10.5
"150",-5,-9.5
"150",-6,-8.5
"150",-7,-7.5
"150",-8,-6.5
"150",-9,-5.5
"150",-10,-4.5
"150",-11,-3.5
"150",-12,-3.5
"150",-13,-2.5
"150",-14,-1.5
"150",-15,-0.5
"150",-16,0.5
"150",-16,1.5
"150",-16,2.5
"150",-16,3.5
"150",-16,4.5
"150",-16,5.5
"150",-16,6.5
"150",-16,7.5
"150",-16,8.5
"150",-16,9.5
"150",-16,10.5
"150",-17,11.5
"150",-18,12.5
"150",-18,13.5
"150",-18,14.5
"150",-18,15.5
"150",-18,16.5
"150",-18,17.5
"150",-18,18.5
"150",-18,19.5
"150",-18,20.5
"150",-18,21.5
"150",-18,22.5
"150",-18,23.5
"150",-18,24.5
"150",-18,25.5
"150",-18,26.5
"150",-18,27.5
"150",-18,28.5
"150",-18,29.5
"150",-18,30.5
"150",-18,31.5
"150",-18,32.5
"150",-18,33.5
"150",-18,34.5
"150",-18,35.5
"150",-18,36.5
"150",-18,37.5
"150",-18,38.5
"150",-18,39.5
"150",-18,40.5
"150",-18,41.5
"150",-18,42.5
"150",-18,43.5
"150",-18,44.5
"150",-18,45.5
"150",-18,46.5
"150",-18,47.5
"150",-17,48.5
"150",-16,49.5
"150",-15,50.5
"150",-14,51.5
"150",-13,52.5
"150",-12,53.5
"150",-11,54.5
"150",-10,55.5
"150",-9,56.5
"150",-8,57.5
"150",-7,58.5
"150",-6,59.5
"150",-5,59.5
"150",-4,59.5
"150",-3,59.5
"150",-2,58.5
"150",-1,57.5
"150",0,56.5
"150",0,55.5
"150",0,54.5
"151",0,-73.5
"151",-1,-72.5
"151",-1,-71.5
"151",-1,-70.5
"151",0,-69.5
"151",0,-68.5
"151",0,-67.5
"151",0,-66.5
"151",0,-65.5
"151",0,-64.5
"151",0,-63.5
"151",0,-62.5
"151",1,-61.5
"151",2,-60.5
"151",2,-59.5
"151",3,-58.5
"151",4,-58.5
"151",5,-57.5
"151",6,-56.5
"151",7,-55.5
"151",8,-54.5
"151",9,-53.5
"151",8,-52.5
"151",9,-51.5
"151",10,-51.5
"151",11,-50.5
"151",12,-49.5
"151",13,-49.5
"151",14,-48.5
"151",15,-47.5
"151",15,-46.5
"151",15,-45.5
"151",15,-44.5
"151",15,-43.5
"151",15,-42.5
"151",15,-41.5
"151",15,-40.5
"151",15,-39.5
"151",15,-38.5
"151",15,-37.5
"151",15,-36.5
"151",15,-35.5
"151",15,-34.5
"151",15,-33.5
"151",15,-32.5
"151",15,-31.5
"151",15,-30.5
"151",15,-29.5
"151",14,-28.5
"151",13,-27.5
"151",12,-26.5
"151",12,-25.5
"151",11,-24.5
"151",10,-23.5
"151",9,-22.5
"151",8,-21.5
"151",7,-20.5
"151",6,-19.5
"151",5,-18.5
"151",4,-17.5
"151",3,-16.5
"151",2,-15.5
"151",1,-14.5
"151",1,-13.5
"151",0,-12.5
"151",-1,-11.5
"151",-2,-10.5
"151",-3,-9.5
"151",-4,-8.5
"151",-5,-7.5
"151",-6,-6.5
"151",-7,-6.5
"151",-8,-5.5
"151",-9,-4.5
"151",-10,-4.5
"151",-11,-3.5
"151",-12,-3.5
"151",-13,-2.5
"151",-14,-1.5
"151",-15,-1.5
"151",-16,-0.5
"151",-16,0.5
"151",-16,1.5
"151",-16,2.5
"151",-16,3.5
"151",-16,4.5
"151",-16,5.5
"151",-16,6.5
"151",-16,7.5
"151",-16,8.5
"151",-16,9.5
"151",-16,10.5
"151",-17,10.5
"151",-18,11.5
"151",-18,12.5
"151",-18,13.5
"151",-18,14.5
"151",-18,15.5
"151",-18,16.5
"151",-18,17.5
"151",-18,18.5
"151",-18,19.5
"151",-18,20.5
"151",-18,21.5
"151",-18,22.5
"151",-18,23.5
"151",-18,24.5
"151",-18,25.5
"151",-18,26.5
"151",-18,27.5
"151",-18,28.5
"151",-18,29.5
"151",-18,30.5
"151",-18,31.5
"151",-18,32.5
"151",-18,33.5
"151",-18,34.5
"151",-18,35.5
"151",-18,36.5
"151",-18,37.5
"151",-18,38.5
"151",-18,39.5
"151",-18,40.5
"151",-18,41.5
"151",-18,42.5
"151",-18,43.5
"151",-18,44.5
"151",-18,45.5
"151",-18,46.5
"151",-17,47.5
"151",-16,47.5
"151",-15,47.5
"151",-14,48.5
"151",-13,49.5
"151",-13,50.5
"151",-13,51.5
"151",-13,52.5
"151",-13,53.5
"151",-13,54.5
"151",-12,55.5
"151",-11,56.5
"151",-10,57.5
"151",-9,57.5
"151",-8,58.5
"151",-7,59.5
"151",-6,59.5
"151",-5,59.5
"151",-4,59.5
"151",-3,59.5
"151",-2,58.5
"151",-1,58.5
"151",0,57.5
"151",-1,56.5
"151",0,55.5
"151",0,54.5
"152",0,-73.5
"152",-1,-72.5
"152",-1,-71.5
"152",-1,-70.5
"152",0,-69.5
"152",0,-68.5
"152",0,-67.5
"152",0,-66.5
"152",0,-65.5
"152",0,-64.5
"152",0,-63.5
"152",0,-62.5
"152",1,-61.5
"152",2,-60.5
"152",2,-59.5
"152",3,-58.5
"152",4,-58.5
"152",5,-57.5
"152",6,-56.5
"152",7,-55.5
"152",8,-54.5
"152",9,-53.5
"152",8,-52.5
"152",9,-51.5
"152",10,-51.5
"152",11,-50.5
"152",12,-49.5
"152",13,-49.5
"152",14,-48.5
"152",15,-47.5
"152",16,-46.5
"152",16,-45.5
"152",16,-44.5
"152",16,-43.5
"152",16,-42.5
"152",16,-41.5
"152",16,-40.5
"152",16,-39.5
"152",16,-38.5
"152",16,-37.5
"152",16,-36.5
"152",16,-35.5
"152",16,-34.5
"152",16,-33.5
"152",16,-32.5
"152",16,-31.5
"152",15,-31.5
"152",15,-30.5
"152",15,-29.5
"152",14,-28.5
"152",13,-27.5
"152",12,-26.5
"152",12,-25.5
"152",11,-24.5
"152",10,-23.5
"152",9,-22.5
"152",8,-21.5
"152",7,-20.5
"152",6,-19.5
"152",5,-18.5
"152",4,-17.5
"152",3,-16.5
"152",2,-15.5
"152",1,-15.5
"152",0,-14.5
"152",-1,-13.5
"152",-2,-12.5
"152",-3,-11.5
"152",-4,-10.5
"152",-5,-10.5
"152",-6,-9.5
"152",-7,-9.5
"152",-8,-8.5
"152",-9,-8.5
"152",-9,-7.5
"152",-9,-6.5
"152",-9,-5.5
"152",-10,-5.5
"152",-11,-4.5
"152",-12,-4.5
"152",-13,-3.5
"152",-14,-2.5
"152",-15,-2.5
"152",-16,-1.5
"152",-16,-0.5
"152",-16,0.5
"152",-16,1.5
"152",-16,2.5
"152",-16,3.5
"152",-16,4.5
"152",-16,5.5
"152",-16,6.5
"152",-16,7.5
"152",-16,8.5
"152",-16,9.5
"152",-16,10.5
"152",-17,10.5
"152",-18,11.5
"152",-18,12.5
"152",-18,13.5
"152",-18,14.5
"152",-18,15.5
"152",-18,16.5
"152",-18,17.5
"152",-18,18.5
"152",-18,19.5
"152",-18,20.5
"152",-18,21.5
"152",-18,22.5
"152",-18,23.5
"152",-18,24.5
"152",-18,25.5
"152",-18,26.5
"152",-18,27.5
"152",-18,28.5
"152",-18,29.5
"152",-18,30.5
"152",-18,31.5
"152",-18,32.5
"152",-18,33.5
"152",-18,34.5
"152",-18,35.5
"152",-18,36.5
"152",-18,37.5
"152",-18,38.5
"152",-18,39.5
"152",-18,40.5
"152",-18,41.5
"152",-18,42.5
"152",-18,43.5
"152",-17,44.5
"152",-16,44.5
"152",-15,44.5
"152",-14,45.5
"152",-13,45.5
"152",-13,46.5
"152",-13,47.5
"152",-13,48.5
"152",-12,49.5
"152",-12,50.5
"152",-12,51.5
"152",-12,52.5
"152",-12,53.5
"152",-12,54.5
"152",-12,55.5
"152",-11,56.5
"152",-10,57.5
"152",-9,57.5
"152",-8,58.5
"152",-7,59.5
"152",-6,59.5
"152",-5,59.5
"152",-4,59.5
"152",-3,59.5
"152",-2,58.5
"152",-1,58.5
"152",0,57.5
"152",-1,56.5
"152",0,55.5
"152",0,54.5
"153",0,-73.5
"153",1,-73.5
"153",1,-72.5
"153",1,-71.5
"153",1,-70.5
"153",0,-69.5
"153",0,-68.5
"153",0,-67.5
"153",0,-66.5
"153",0,-65.5
"153",0,-64.5
"153",0,-63.5
"153",0,-62.5
"153",1,-61.5
"153",2,-60.5
"153",2,-59.5
"153",2,-58.5
"153",3,-57.5
"153",4,-57.5
"153",5,-57.5
"153",6,-56.5
"153",7,-55.5
"153",8,-54.5
"153",9,-53.5
"153",10,-53.5
"153",11,-53.5
"153",11,-52.5
"153",11,-51.5
"153",11,-50.5
"153",12,-49.5
"153",13,-49.5
"153",14,-48.5
"153",15,-47.5
"153",16,-46.5
"153",16,-45.5
"153",16,-44.5
"153",16,-43.5
"153",16,-42.5
"153",16,-41.5
"153",16,-40.5
"153",16,-39.5
"153",16,-38.5
"153",16,-37.5
"153",16,-36.5
"153",16,-35.5
"153",16,-34.5
"153",16,-33.5
"153",16,-32.5
"153",16,-31.5
"153",15,-31.5
"153",15,-30.5
"153",14,-29.5
"153",13,-28.5
"153",13,-27.5
"153",12,-26.5
"153",12,-25.5
"153",12,-24.5
"153",12,-23.5
"153",12,-22.5
"153",11,-22.5
"153",10,-22.5
"153",10,-21.5
"153",9,-20.5
"153",8,-19.5
"153",8,-18.5
"153",8,-17.5
"153",8,-16.5
"153",7,-16.5
"153",6,-16.5
"153",5,-15.5
"153",4,-15.5
"153",3,-15.5
"153",2,-15.5
"153",1,-15.5
"153",1,-14.5
"153",0,-13.5
"153",-1,-12.5
"153",-2,-11.5
"153",-3,-10.5
"153",-4,-10.5
"153",-5,-10.5
"153",-6,-9.5
"153",-7,-9.5
"153",-8,-8.5
"153",-9,-8.5
"153",-9,-7.5
"153",-9,-6.5
"153",-9,-5.5
"153",-10,-5.5
"153",-11,-4.5
"153",-12,-4.5
"153",-13,-3.5
"153",-14,-2.5
"153",-15,-2.5
"153",-16,-1.5
"153",-16,-0.5
"153",-16,0.5
"153",-17,0.5
"153",-18,1.5
"153",-19,1.5
"153",-20,2.5
"153",-21,2.5
"153",-22,3.5
"153",-23,3.5
"153",-24,4.5
"153",-25,5.5
"153",-26,5.5
"153",-27,5.5
"153",-28,5.5
"153",-29,6.5
"153",-29,7.5
"153",-29,8.5
"153",-29,9.5
"153",-29,10.5
"153",-29,11.5
"153",-29,12.5
"153",-29,13.5
"153",-29,14.5
"153",-29,15.5
"153",-29,16.5
"153",-29,17.5
"153",-29,18.5
"153",-29,19.5
"153",-29,20.5
"153",-29,21.5
"153",-30,21.5
"153",-31,22.5
"153",-32,22.5
"153",-33,23.5
"153",-34,23.5
"153",-35,24.5
"153",-35,25.5
"153",-35,26.5
"153",-35,27.5
"153",-35,28.5
"153",-35,29.5
"153",-35,30.5
"153",-35,31.5
"153",-35,32.5
"153",-35,33.5
"153",-35,34.5
"153",-35,35.5
"153",-35,36.5
"153",-35,37.5
"153",-35,38.5
"153",-34,39.5
"153",-33,40.5
"153",-33,41.5
"153",-33,42.5
"153",-34,43.5
"153",-34,44.5
"153",-33,45.5
"153",-32,46.5
"153",-31,46.5
"153",-30,46.5
"153",-29,46.5
"153",-28,46.5
"153",-27,46.5
"153",-26,47.5
"153",-26,48.5
"153",-27,49.5
"153",-27,50.5
"153",-27,51.5
"153",-26,52.5
"153",-25,53.5
"153",-24,53.5
"153",-23,53.5
"153",-22,53.5
"153",-21,54.5
"153",-20,54.5
"153",-19,55.5
"153",-18,55.5
"153",-17,55.5
"153",-16,55.5
"153",-15,55.5
"153",-14,55.5
"153",-13,55.5
"153",-12,56.5
"153",-11,57.5
"153",-10,58.5
"153",-9,58.5
"153",-8,58.5
"153",-7,59.5
"153",-6,59.5
"153",-5,59.5
"153",-4,59.5
"153",-3,59.5
"153",-2,58.5
"153",-1,58.5
"153",0,57.5
"153",-1,56.5
"153",0,55.5
"153",0,54.5
"154",0,-73.5
"154",-1,-72.5
"154",-2,-71.5
"154",-3,-71.5
"154",-4,-70.5
"154",-5,-70.5
"154",-6,-70.5
"154",-7,-70.5
"154",-8,-70.5
"154",-9,-70.5
"154",-10,-70.5
"154",-11,-70.5
"154",-12,-70.5
"154",-13,-70.5
"154",-14,-70.5
"154",-15,-69.5
"154",-16,-68.5
"154",-16,-67.5
"154",-16,-66.5
"154",-15,-65.5
"154",-14,-64.5
"154",-13,-63.5
"154",-12,-62.5
"154",-11,-61.5
"154",-10,-60.5
"154",-9,-59.5
"154",-8,-58.5
"154",-7,-57.5
"154",-6,-56.5
"154",-5,-55.5
"154",-4,-54.5
"154",-3,-53.5
"154",-2,-52.5
"154",-1,-51.5
"154",0,-50.5
"154",1,-49.5
"154",2,-48.5
"154",3,-47.5
"154",4,-46.5
"154",5,-45.5
"154",6,-44.5
"154",7,-43.5
"154",8,-42.5
"154",9,-41.5
"154",10,-40.5
"154",11,-39.5
"154",12,-38.5
"154",13,-37.5
"154",14,-36.5
"154",15,-35.5
"154",15,-34.5
"154",15,-33.5
"154",15,-32.5
"154",15,-31.5
"154",15,-30.5
"154",15,-29.5
"154",14,-28.5
"154",13,-27.5
"154",12,-26.5
"154",11,-25.5
"154",10,-24.5
"154",9,-23.5
"154",8,-22.5
"154",7,-21.5
"154",6,-20.5
"154",5,-19.5
"154",4,-18.5
"154",3,-17.5
"154",2,-16.5
"154",1,-15.5
"154",0,-14.5
"154",-1,-13.5
"154",-2,-12.5
"154",-3,-11.5
"154",-4,-10.5
"154",-5,-9.5
"154",-6,-8.5
"154",-7,-7.5
"154",-8,-6.5
"154",-9,-5.5
"154",-10,-4.5
"154",-11,-3.5
"154",-12,-2.5
"154",-13,-1.5
"154",-14,-0.5
"154",-15,0.5
"154",-16,1.5
"154",-17,2.5
"154",-17,3.5
"154",-17,4.5
"154",-17,5.5
"154",-17,6.5
"154",-17,7.5
"154",-17,8.5
"154",-17,9.5
"154",-17,10.5
"154",-17,11.5
"154",-17,12.5
"154",-18,13.5
"154",-18,14.5
"154",-18,15.5
"154",-18,16.5
"154",-18,17.5
"154",-18,18.5
"154",-18,19.5
"154",-18,20.5
"154",-18,21.5
"154",-18,22.5
"154",-18,23.5
"154",-18,24.5
"154",-18,25.5
"154",-17,26.5
"154",-17,27.5
"154",-17,28.5
"154",-17,29.5
"154",-17,30.5
"154",-17,31.5
"154",-17,32.5
"154",-17,33.5
"154",-17,34.5
"154",-17,35.5
"154",-17,36.5
"154",-17,37.5
"154",-17,38.5
"154",-17,39.5
"154",-17,40.5
"154",-18,41.5
"154",-19,42.5
"154",-20,43.5
"154",-20,44.5
"154",-20,45.5
"154",-19,46.5
"154",-18,47.5
"154",-17,48.5
"154",-16,49.5
"154",-15,50.5
"154",-14,51.5
"154",-13,52.5
"154",-12,53.5
"154",-11,54.5
"154",-10,55.5
"154",-9,56.5
"154",-8,57.5
"154",-7,58.5
"154",-6,59.5
"154",-5,59.5
"154",-4,59.5
"154",-3,59.5
"154",-2,58.5
"154",-1,57.5
"154",-1,56.5
"154",0,55.5
"154",0,54.5
"155",0,-73.5
"155",-1,-72.5
"155",-2,-71.5
"155",-3,-71.5
"155",-4,-71.5
"155",-5,-71.5
"155",-6,-70.5
"155",-7,-69.5
"155",-8,-68.5
"155",-9,-67.5
"155",-9,-66.5
"155",-9,-65.5
"155",-9,-64.5
"155",-9,-63.5
"155",-8,-62.5
"155",-7,-61.5
"155",-6,-60.5
"155",-5,-59.5
"155",-4,-58.5
"155",-3,-57.5
"155",-2,-56.5
"155",-1,-55.5
"155",0,-54.5
"155",1,-53.5
"155",2,-52.5
"155",3,-51.5
"155",4,-50.5
"155",5,-49.5
"155",6,-48.5
"155",7,-47.5
"155",8,-46.5
"155",9,-45.5
"155",10,-44.5
"155",11,-43.5
"155",11,-42.5
"155",11,-41.5
"155",12,-40.5
"155",12,-39.5
"155",13,-38.5
"155",14,-37.5
"155",15,-36.5
"155",15,-35.5
"155",15,-34.5
"155",15,-33.5
"155",15,-32.5
"155",15,-31.5
"155",15,-30.5
"155",14,-29.5
"155",13,-28.5
"155",12,-27.5
"155",11,-26.5
"155",10,-25.5
"155",9,-24.5
"155",8,-23.5
"155",7,-22.5
"155",6,-21.5
"155",5,-20.5
"155",4,-19.5
"155",3,-18.5
"155",2,-17.5
"155",1,-16.5
"155",0,-15.5
"155",-1,-14.5
"155",-2,-13.5
"155",-3,-12.5
"155",-4,-11.5
"155",-5,-10.5
"155",-6,-9.5
"155",-7,-8.5
"155",-8,-7.5
"155",-9,-6.5
"155",-10,-5.5
"155",-11,-4.5
"155",-12,-3.5
"155",-13,-2.5
"155",-14,-1.5
"155",-15,-0.5
"155",-16,0.5
"155",-16,1.5
"155",-16,2.5
"155",-16,3.5
"155",-16,4.5
"155",-16,5.5
"155",-16,6.5
"155",-16,7.5
"155",-16,8.5
"155",-16,9.5
"155",-16,10.5
"155",-17,11.5
"155",-18,12.5
"155",-18,13.5
"155",-18,14.5
"155",-18,15.5
"155",-18,16.5
"155",-18,17.5
"155",-18,18.5
"155",-18,19.5
"155",-18,20.5
"155",-18,21.5
"155",-18,22.5
"155",-18,23.5
"155",-18,24.5
"155",-18,25.5
"155",-18,26.5
"155",-18,27.5
"155",-18,28.5
"155",-18,29.5
"155",-18,30.5
"155",-18,31.5
"155",-18,32.5
"155",-18,33.5
"155",-18,34.5
"155",-18,35.5
"155",-18,36.5
"155",-18,37.5
"155",-18,38.5
"155",-18,39.5
"155",-18,40.5
"155",-18,41.5
"155",-18,42.5
"155",-18,43.5
"155",-18,44.5
"155",-18,45.5
"155",-18,46.5
"155",-18,47.5
"155",-17,48.5
"155",-16,49.5
"155",-15,50.5
"155",-14,51.5
"155",-13,52.5
"155",-12,53.5
"155",-11,54.5
"155",-10,55.5
"155",-9,56.5
"155",-8,57.5
"155",-7,58.5
"155",-6,59.5
"155",-5,59.5
"155",-4,59.5
"155",-3,59.5
"155",-2,58.5
"155",-1,57.5
"155",0,56.5
"155",0,55.5
"155",0,54.5
"156",0,-73.5
"156",-1,-72.5
"156",-1,-71.5
"156",-1,-70.5
"156",0,-69.5
"156",0,-68.5
"156",0,-67.5
"156",0,-66.5
"156",0,-65.5
"156",0,-64.5
"156",0,-63.5
"156",0,-62.5
"156",1,-61.5
"156",2,-60.5
"156",3,-59.5
"156",4,-58.5
"156",5,-57.5
"156",6,-56.5
"156",7,-55.5
"156",8,-54.5
"156",9,-53.5
"156",8,-52.5
"156",9,-51.5
"156",10,-50.5
"156",11,-49.5
"156",12,-48.5
"156",13,-47.5
"156",14,-46.5
"156",15,-45.5
"156",15,-44.5
"156",15,-43.5
"156",15,-42.5
"156",15,-41.5
"156",15,-40.5
"156",15,-39.5
"156",15,-38.5
"156",15,-37.5
"156",15,-36.5
"156",15,-35.5
"156",15,-34.5
"156",15,-33.5
"156",15,-32.5
"156",15,-31.5
"156",15,-30.5
"156",15,-29.5
"156",14,-28.5
"156",13,-27.5
"156",12,-26.5
"156",11,-25.5
"156",10,-24.5
"156",9,-23.5
"156",8,-22.5
"156",7,-21.5
"156",6,-20.5
"156",5,-19.5
"156",4,-18.5
"156",3,-17.5
"156",2,-16.5
"156",1,-15.5
"156",0,-14.5
"156",-1,-13.5
"156",-2,-12.5
"156",-3,-11.5
"156",-4,-10.5
"156",-5,-9.5
"156",-6,-8.5
"156",-7,-7.5
"156",-8,-6.5
"156",-9,-5.5
"156",-10,-4.5
"156",-11,-3.5
"156",-12,-3.5
"156",-13,-2.5
"156",-14,-1.5
"156",-15,-0.5
"156",-16,0.5
"156",-16,1.5
"156",-16,2.5
"156",-16,3.5
"156",-16,4.5
"156",-16,5.5
"156",-16,6.5
"156",-16,7.5
"156",-16,8.5
"156",-16,9.5
"156",-16,10.5
"156",-17,11.5
"156",-18,12.5
"156",-18,13.5
"156",-18,14.5
"156",-18,15.5
"156",-18,16.5
"156",-18,17.5
"156",-18,18.5
"156",-18,19.5
"156",-18,20.5
"156",-18,21.5
"156",-18,22.5
"156",-18,23.5
"156",-18,24.5
"156",-18,25.5
"156",-18,26.5
"156",-18,27.5
"156",-18,28.5
"156",-18,29.5
"156",-18,30.5
"156",-18,31.5
"156",-18,32.5
"156",-18,33.5
"156",-18,34.5
"156",-18,35.5
"156",-18,36.5
"156",-18,37.5
"156",-18,38.5
"156",-18,39.5
"156",-18,40.5
"156",-18,41.5
"156",-18,42.5
"156",-18,43.5
"156",-18,44.5
"156",-18,45.5
"156",-18,46.5
"156",-18,47.5
"156",-17,48.5
"156",-16,49.5
"156",-15,50.5
"156",-14,51.5
"156",-13,52.5
"156",-12,53.5
"156",-11,54.5
"156",-10,55.5
"156",-9,56.5
"156",-8,57.5
"156",-7,58.5
"156",-6,59.5
"156",-5,59.5
"156",-4,59.5
"156",-3,59.5
"156",-2,58.5
"156",-1,57.5
"156",0,56.5
"156",0,55.5
"156",0,54.5
"157",0,-73.5
"157",-1,-72.5
"157",-1,-71.5
"157",-1,-70.5
"157",0,-69.5
"157",0,-68.5
"157",0,-67.5
"157",0,-66.5
"157",0,-65.5
"157",0,-64.5
"157",0,-63.5
"157",0,-62.5
"157",1,-61.5
"157",2,-60.5
"157",2,-59.5
"157",3,-58.5
"157",4,-58.5
"157",5,-57.5
"157",6,-56.5
"157",7,-55.5
"157",8,-54.5
"157",8,-53.5
"157",9,-52.5
"157",10,-52.5
"157",11,-51.5
"157",11,-50.5
"157",12,-49.5
"157",13,-49.5
"157",14,-48.5
"157",15,-47.5
"157",15,-46.5
"157",15,-45.5
"157",15,-44.5
"157",15,-43.5
"157",15,-42.5
"157",15,-41.5
"157",15,-40.5
"157",15,-39.5
"157",15,-38.5
"157",15,-37.5
"157",15,-36.5
"157",15,-35.5
"157",15,-34.5
"157",15,-33.5
"157",15,-32.5
"157",15,-31.5
"157",15,-30.5
"157",15,-29.5
"157",14,-28.5
"157",13,-27.5
"157",12,-26.5
"157",12,-25.5
"157",11,-24.5
"157",10,-23.5
"157",9,-22.5
"157",8,-21.5
"157",7,-20.5
"157",6,-19.5
"157",5,-18.5
"157",4,-17.5
"157",3,-16.5
"157",2,-15.5
"157",1,-15.5
"157",0,-14.5
"157",-1,-13.5
"157",-2,-12.5
"157",-3,-11.5
"157",-4,-10.5
"157",-5,-10.5
"157",-6,-9.5
"157",-7,-9.5
"157",-8,-8.5
"157",-9,-7.5
"157",-9,-6.5
"157",-10,-5.5
"157",-11,-4.5
"157",-12,-4.5
"157",-13,-3.5
"157",-14,-2.5
"157",-15,-2.5
"157",-16,-1.5
"157",-16,-0.5
"157",-16,0.5
"157",-16,1.5
"157",-16,2.5
"157",-16,3.5
"157",-16,4.5
"157",-16,5.5
"157",-16,6.5
"157",-16,7.5
"157",-16,8.5
"157",-16,9.5
"157",-16,10.5
"157",-17,10.5
"157",-18,11.5
"157",-18,12.5
"157",-18,13.5
"157",-18,14.5
"157",-18,15.5
"157",-18,16.5
"157",-18,17.5
"157",-18,18.5
"157",-18,19.5
"157",-18,20.5
"157",-18,21.5
"157",-18,22.5
"157",-18,23.5
"157",-18,24.5
"157",-18,25.5
"157",-18,26.5
"157",-18,27.5
"157",-18,28.5
"157",-18,29.5
"157",-18,30.5
"157",-18,31.5
"157",-18,32.5
"157",-18,33.5
"157",-18,34.5
"157",-18,35.5
"157",-18,36.5
"157",-18,37.5
"157",-18,38.5
"157",-18,39.5
"157",-18,40.5
"157",-18,41.5
"157",-18,42.5
"157",-18,43.5
"157",-18,44.5
"157",-18,45.5
"157",-18,46.5
"157",-17,47.5
"157",-16,47.5
"157",-15,47.5
"157",-14,48.5
"157",-13,49.5
"157",-12,50.5
"157",-12,51.5
"157",-12,52.5
"157",-12,53.5
"157",-12,54.5
"157",-12,55.5
"157",-11,56.5
"157",-10,57.5
"157",-9,57.5
"157",-8,58.5
"157",-7,59.5
"157",-6,59.5
"157",-5,59.5
"157",-4,59.5
"157",-3,59.5
"157",-2,58.5
"157",-1,58.5
"157",0,57.5
"157",-1,56.5
"157",0,55.5
"157",0,54.5
"158",0,-73.5
"158",1,-73.5
"158",1,-72.5
"158",1,-71.5
"158",1,-70.5
"158",0,-69.5
"158",0,-68.5
"158",0,-67.5
"158",0,-66.5
"158",0,-65.5
"158",0,-64.5
"158",0,-63.5
"158",0,-62.5
"158",1,-61.5
"158",2,-60.5
"158",2,-59.5
"158",3,-58.5
"158",4,-58.5
"158",5,-57.5
"158",6,-56.5
"158",7,-55.5
"158",8,-54.5
"158",8,-53.5
"158",9,-52.5
"158",10,-52.5
"158",11,-51.5
"158",11,-50.5
"158",11,-49.5
"158",11,-48.5
"158",11,-47.5
"158",11,-46.5
"158",11,-45.5
"158",11,-44.5
"158",11,-43.5
"158",11,-42.5
"158",11,-41.5
"158",12,-40.5
"158",12,-39.5
"158",13,-38.5
"158",13,-37.5
"158",13,-36.5
"158",13,-35.5
"158",13,-34.5
"158",13,-33.5
"158",13,-32.5
"158",13,-31.5
"158",13,-30.5
"158",13,-29.5
"158",13,-28.5
"158",13,-27.5
"158",12,-26.5
"158",12,-25.5
"158",11,-24.5
"158",11,-23.5
"158",10,-22.5
"158",10,-21.5
"158",9,-20.5
"158",8,-19.5
"158",7,-19.5
"158",6,-18.5
"158",5,-17.5
"158",4,-16.5
"158",3,-15.5
"158",2,-15.5
"158",1,-15.5
"158",1,-14.5
"158",0,-13.5
"158",-1,-12.5
"158",-2,-11.5
"158",-3,-10.5
"158",-4,-10.5
"158",-5,-10.5
"158",-6,-9.5
"158",-7,-9.5
"158",-8,-8.5
"158",-9,-8.5
"158",-9,-7.5
"158",-9,-6.5
"158",-9,-5.5
"158",-10,-5.5
"158",-11,-4.5
"158",-12,-4.5
"158",-13,-3.5
"158",-14,-2.5
"158",-15,-2.5
"158",-16,-1.5
"158",-16,-0.5
"158",-16,0.5
"158",-17,0.5
"158",-18,1.5
"158",-19,2.5
"158",-20,3.5
"158",-21,3.5
"158",-22,4.5
"158",-23,5.5
"158",-24,6.5
"158",-25,7.5
"158",-26,8.5
"158",-27,8.5
"158",-28,8.5
"158",-29,9.5
"158",-29,10.5
"158",-29,11.5
"158",-29,12.5
"158",-29,13.5
"158",-29,14.5
"158",-29,15.5
"158",-29,16.5
"158",-29,17.5
"158",-29,18.5
"158",-29,19.5
"158",-29,20.5
"158",-30,20.5
"158",-31,21.5
"158",-32,21.5
"158",-33,22.5
"158",-33,23.5
"158",-34,23.5
"158",-35,24.5
"158",-35,25.5
"158",-35,26.5
"158",-35,27.5
"158",-35,28.5
"158",-35,29.5
"158",-35,30.5
"158",-35,31.5
"158",-35,32.5
"158",-35,33.5
"158",-35,34.5
"158",-35,35.5
"158",-35,36.5
"158",-35,37.5
"158",-35,38.5
"158",-34,39.5
"158",-33,40.5
"158",-33,41.5
"158",-33,42.5
"158",-34,43.5
"158",-34,44.5
"158",-33,45.5
"158",-32,46.5
"158",-31,46.5
"158",-30,46.5
"158",-29,46.5
"158",-28,46.5
"158",-27,46.5
"158",-26,47.5
"158",-25,48.5
"158",-24,49.5
"158",-23,50.5
"158",-22,50.5
"158",-21,51.5
"158",-20,51.5
"158",-19,52.5
"158",-18,52.5
"158",-17,53.5
"158",-16,53.5
"158",-15,53.5
"158",-14,54.5
"158",-13,54.5
"158",-12,55.5
"158",-11,56.5
"158",-10,57.5
"158",-9,57.5
"158",-8,58.5
"158",-7,59.5
"158",-6,59.5
"158",-5,59.5
"158",-4,59.5
"158",-3,59.5
"158",-2,58.5
"158",-1,58.5
"158",0,57.5
"158",-1,56.5
"158",0,55.5
"158",0,54.5
"159",0,-73.5
"159",-1,-72.5
"159",-2,-71.5
"159",-3,-71.5
"159",-4,-70.5
"159",-5,-70.5
"159",-6,-70.5
"159",-7,-70.5
"159",-8,-70.5
"159",-9,-70.5
"159",-10,-70.5
"159",-11,-70.5
"159",-12,-69.5
"159",-13,-68.5
"159",-14,-67.5
"159",-14,-66.5
"159",-14,-65.5
"159",-13,-64.5
"159",-12,-63.5
"159",-11,-62.5
"159",-10,-61.5
"159",-9,-60.5
"159",-8,-59.5
"159",-7,-58.5
"159",-6,-57.5
"159",-5,-56.5
"159",-4,-55.5
"159",-3,-54.5
"159",-2,-53.5
"159",-1,-52.5
"159",0,-51.5
"159",1,-50.5
"159",2,-49.5
"159",3,-48.5
"159",4,-47.5
"159",5,-46.5
"159",6,-45.5
"159",7,-44.5
"159",8,-43.5
"159",9,-42.5
"159",10,-41.5
"159",11,-40.5
"159",12,-39.5
"159",13,-38.5
"159",14,-37.5
"159",15,-36.5
"159",15,-35.5
"159",15,-34.5
"159",15,-33.5
"159",15,-32.5
"159",15,-31.5
"159",15,-30.5
"159",15,-29.5
"159",14,-28.5
"159",13,-27.5
"159",12,-26.5
"159",11,-25.5
"159",10,-24.5
"159",9,-23.5
"159",8,-22.5
"159",7,-21.5
"159",6,-20.5
"159",5,-19.5
"159",4,-18.5
"159",3,-17.5
"159",2,-16.5
"159",1,-15.5
"159",0,-14.5
"159",-1,-13.5
"159",-2,-12.5
"159",-3,-11.5
"159",-4,-10.5
"159",-5,-9.5
"159",-6,-8.5
"159",-7,-7.5
"159",-8,-6.5
"159",-9,-5.5
"159",-10,-4.5
"159",-11,-3.5
"159",-12,-2.5
"159",-13,-1.5
"159",-14,-0.5
"159",-15,0.5
"159",-16,1.5
"159",-17,2.5
"159",-17,3.5
"159",-17,4.5
"159",-17,5.5
"159",-17,6.5
"159",-17,7.5
"159",-17,8.5
"159",-17,9.5
"159",-17,10.5
"159",-17,11.5
"159",-17,12.5
"159",-18,13.5
"159",-18,14.5
"159",-18,15.5
"159",-18,16.5
"159",-18,17.5
"159",-18,18.5
"159",-18,19.5
"159",-18,20.5
"159",-18,21.5
"159",-18,22.5
"159",-18,23.5
"159",-18,24.5
"159",-18,25.5
"159",-18,26.5
"159",-18,27.5
"159",-18,28.5
"159",-18,29.5
"159",-18,30.5
"159",-18,31.5
"159",-18,32.5
"159",-18,33.5
"159",-18,34.5
"159",-18,35.5
"159",-18,36.5
"159",-18,37.5
"159",-18,38.5
"159",-18,39.5
"159",-19,40.5
"159",-20,41.5
"159",-21,42.5
"159",-21,43.5
"159",-21,44.5
"159",-20,45.5
"159",-19,46.5
"159",-18,47.5
"159",-17,48.5
"159",-16,49.5
"159",-15,50.5
"159",-14,51.5
"159",-13,52.5
"159",-12,53.5
"159",-11,54.5
"159",-10,55.5
"159",-9,56.5
"159",-8,57.5
"159",-7,58.5
"159",-6,59.5
"159",-5,59.5
"159",-4,59.5
"159",-3,59.5
"159",-2,58.5
"159",-1,57.5
"159",0,56.5
"159",0,55.5
"159",0,54.5
"160",0,-73.5
"160",-1,-72.5
"160",-2,-71.5
"160",-3,-71.5
"160",-4,-71.5
"160",-5,-71.5
"160",-6,-70.5
"160",-7,-69.5
"160",-8,-68.5
"160",-9,-67.5
"160",-9,-66.5
"160",-9,-65.5
"160",-9,-64.5
"160",-9,-63.5
"160",-8,-62.5
"160",-7,-61.5
"160",-6,-60.5
"160",-5,-59.5
"160",-4,-58.5
"160",-3,-57.5
"160",-2,-56.5
"160",-1,-55.5
"160",0,-54.5
"160",1,-53.5
"160",2,-52.5
"160",3,-51.5
"160",4,-50.5
"160",5,-49.5
"160",6,-48.5
"160",7,-47.5
"160",8,-46.5
"160",9,-45.5
"160",10,-44.5
"160",11,-43.5
"160",11,-42.5
"160",11,-41.5
"160",12,-40.5
"160",12,-39.5
"160",13,-38.5
"160",14,-37.5
"160",15,-36.5
"160",15,-35.5
"160",15,-34.5
"160",15,-33.5
"160",15,-32.5
"160",15,-31.5
"160",15,-30.5
"160",14,-29.5
"160",13,-28.5
"160",12,-27.5
"160",11,-26.5
"160",10,-25.5
"160",9,-24.5
"160",8,-23.5
"160",7,-22.5
"160",6,-21.5
"160",5,-20.5
"160",4,-19.5
"160",3,-18.5
"160",2,-17.5
"160",1,-16.5
"160",0,-15.5
"160",-1,-14.5
"160",-2,-13.5
"160",-3,-12.5
"160",-4,-11.5
"160",-5,-10.5
"160",-6,-9.5
"160",-7,-8.5
"160",-8,-7.5
"160",-9,-6.5
"160",-10,-5.5
"160",-11,-4.5
"160",-12,-3.5
"160",-13,-2.5
"160",-14,-1.5
"160",-15,-0.5
"160",-16,0.5
"160",-16,1.5
"160",-16,2.5
"160",-16,3.5
"160",-16,4.5
"160",-16,5.5
"160",-16,6.5
"160",-16,7.5
"160",-16,8.5
"160",-16,9.5
"160",-16,10.5
"160",-17,11.5
"160",-18,12.5
"160",-18,13.5
"160",-18,14.5
"160",-18,15.5
"160",-18,16.5
"160",-18,17.5
"160",-18,18.5
"160",-18,19.5
"160",-18,20.5
"160",-18,21.5
"160",-18,22.5
"160",-18,23.5
"160",-18,24.5
"160",-18,25.5
"160",-18,26.5
"160",-18,27.5
"160",-18,28.5
"160",-18,29.5
"160",-18,30.5
"160",-18,31.5
"160",-18,32.5
"160",-18,33.5
"160",-18,34.5
"160",-18,35.5
"160",-18,36.5
"160",-18,37.5
"160",-18,38.5
"160",-18,39.5
"160",-18,40.5
"160",-18,41.5
"160",-18,42.5
"160",-18,43.5
"160",-18,44.5
"160",-18,45.5
"160",-18,46.5
"160",-18,47.5
"160",-17,48.5
"160",-16,49.5
"160",-15,50.5
"160",-14,51.5
"160",-13,52.5
"160",-12,53.5
"160",-11,54.5
"160",-10,55.5
"160",-9,56.5
"160",-8,57.5
"160",-7,58.5
"160",-6,59.5
"160",-5,59.5
"160",-4,59.5
"160",-3,59.5
"160",-2,58.5
"160",-1,57.5
"160",0,56.5
"160",0,55.5
"160",0,54.5
"161",0,-73.5
"161",-1,-72.5
"161",-1,-71.5
"161",-1,-70.5
"161",0,-69.5
"161",0,-68.5
"161",0,-67.5
"161",0,-66.5
"161",0,-65.5
"161",0,-64.5
"161",0,-63.5
"161",0,-62.5
"161",1,-61.5
"161",2,-60.5
"161",2,-59.5
"161",3,-58.5
"161",4,-58.5
"161",5,-57.5
"161",6,-56.5
"161",7,-55.5
"161",8,-54.5
"161",8,-53.5
"161",9,-52.5
"161",10,-52.5
"161",11,-51.5
"161",11,-50.5
"161",12,-49.5
"161",13,-49.5
"161",14,-48.5
"161",15,-47.5
"161",15,-46.5
"161",15,-45.5
"161",15,-44.5
"161",15,-43.5
"161",15,-42.5
"161",15,-41.5
"161",15,-40.5
"161",15,-39.5
"161",15,-38.5
"161",15,-37.5
"161",15,-36.5
"161",15,-35.5
"161",15,-34.5
"161",15,-33.5
"161",15,-32.5
"161",15,-31.5
"161",15,-30.5
"161",14,-29.5
"161",13,-28.5
"161",13,-27.5
"161",12,-26.5
"161",12,-25.5
"161",11,-24.5
"161",10,-23.5
"161",9,-22.5
"161",8,-21.5
"161",7,-20.5
"161",6,-19.5
"161",5,-18.5
"161",4,-17.5
"161",3,-16.5
"161",2,-15.5
"161",1,-15.5
"161",0,-14.5
"161",-1,-13.5
"161",-2,-12.5
"161",-3,-11.5
"161",-4,-10.5
"161",-5,-10.5
"161",-6,-9.5
"161",-7,-9.5
"161",-8,-8.5
"161",-9,-8.5
"161",-9,-7.5
"161",-9,-6.5
"161",-9,-5.5
"161",-10,-5.5
"161",-11,-4.5
"161",-12,-4.5
"161",-13,-3.5
"161",-14,-2.5
"161",-15,-2.5
"161",-16,-1.5
"161",-16,-0.5
"161",-16,0.5
"161",-17,0.5
"161",-18,1.5
"161",-19,2.5
"161",-20,3.5
"161",-21,3.5
"161",-22,4.5
"161",-23,5.5
"161",-24,6.5
"161",-25,7.5
"161",-26,8.5
"161",-27,8.5
"161",-28,8.5
"161",-29,9.5
"161",-29,10.5
"161",-29,11.5
"161",-29,12.5
"161",-29,13.5
"161",-29,14.5
"161",-29,15.5
"161",-29,16.5
"161",-29,17.5
"161",-29,18.5
"161",-29,19.5
"161",-29,20.5
"161",-30,20.5
"161",-31,21.5
"161",-32,21.5
"161",-33,22.5
"161",-33,23.5
"161",-34,23.5
"161",-35,24.5
"161",-35,25.5
"161",-35,26.5
"161",-35,27.5
"161",-35,28.5
"161",-35,29.5
"161",-35,30.5
"161",-35,31.5
"161",-35,32.5
"161",-35,33.5
"161",-35,34.5
"161",-35,35.5
"161",-35,36.5
"161",-35,37.5
"161",-35,38.5
"161",-34,39.5
"161",-33,40.5
"161",-33,41.5
"161",-33,42.5
"161",-34,43.5
"161",-34,44.5
"161",-33,45.5
"161",-32,46.5
"161",-31,46.5
"161",-30,46.5
"161",-29,46.5
"161",-28,46.5
"161",-27,46.5
"161",-26,47.5
"161",-25,48.5
"161",-24,49.5
"161",-23,50.5
"161",-22,50.5
"161",-21,51.5
"161",-20,51.5
"161",-19,52.5
"161",-18,52.5
"161",-17,53.5
"161",-16,53.5
"161",-15,53.5
"161",-14,54.5
"161",-13,54.5
"161",-12,55.5
"161",-11,56.5
"161",-10,57.5
"161",-9,57.5
"161",-8,58.5
"161",-7,59.5
"161",-6,59.5
"161",-5,59.5
"161",-4,59.5
"161",-3,59.5
"161",-2,58.5
"161",-1,57.5
"161",0,56.5
"161",0,55.5
"161",0,54.5
"162",0,-73.5
"162",-1,-72.5
"162",-2,-71.5
"162",-3,-71.5
"162",-4,-70.5
"162",-5,-70.5
"162",-6,-70.5
"162",-7,-69.5
"162",-8,-68.5
"162",-9,-67.5
"162",-10,-66.5
"162",-11,-65.5
"162",-12,-64.5
"162",-12,-63.5
"162",-11,-62.5
"162",-10,-61.5
"162",-9,-60.5
"162",-8,-59.5
"162",-7,-58.5
"162",-6,-57.5
"162",-5,-56.5
"162",-4,-55.5
"162",-3,-54.5
"162",-2,-53.5
"162",-1,-52.5
"162",0,-51.5
"162",1,-50.5
"162",2,-49.5
"162",3,-48.5
"162",4,-47.5
"162",5,-46.5
"162",6,-45.5
"162",7,-44.5
"162",8,-43.5
"162",9,-42.5
"162",10,-41.5
"162",11,-40.5
"162",12,-39.5
"162",13,-38.5
"162",14,-37.5
"162",14,-36.5
"162",14,-35.5
"162",14,-34.5
"162",14,-33.5
"162",14,-32.5
"162",14,-31.5
"162",14,-30.5
"162",14,-29.5
"162",13,-28.5
"162",12,-27.5
"162",11,-26.5
"162",10,-25.5
"162",9,-24.5
"162",8,-23.5
"162",7,-22.5
"162",6,-21.5
"162",5,-20.5
"162",4,-19.5
"162",3,-18.5
"162",2,-17.5
"162",1,-16.5
"162",0,-15.5
"162",-1,-14.5
"162",-2,-13.5
"162",-3,-12.5
"162",-4,-11.5
"162",-5,-10.5
"162",-6,-9.5
"162",-7,-8.5
"162",-8,-7.5
"162",-9,-6.5
"162",-10,-5.5
"162",-11,-4.5
"162",-12,-3.5
"162",-13,-2.5
"162",-14,-1.5
"162",-15,-0.5
"162",-16,0.5
"162",-17,1.5
"162",-18,2.5
"162",-19,3.5
"162",-20,4.5
"162",-21,5.5
"162",-21,6.5
"162",-21,7.5
"162",-21,8.5
"162",-21,9.5
"162",-21,10.5
"162",-21,11.5
"162",-22,12.5
"162",-23,13.5
"162",-24,14.5
"162",-25,15.5
"162",-26,16.5
"162",-27,17.5
"162",-28,18.5
"162",-29,19.5
"162",-30,20.5
"162",-31,21.5
"162",-32,22.5
"162",-33,23.5
"162",-34,24.5
"162",-35,25.5
"162",-36,26.5
"162",-37,27.5
"162",-37,28.5
"162",-37,29.5
"162",-37,30.5
"162",-37,31.5
"162",-37,32.5
"162",-36,33.5
"162",-35,34.5
"162",-34,35.5
"162",-33,36.5
"162",-32,37.5
"162",-31,38.5
"162",-30,39.5
"162",-29,40.5
"162",-28,41.5
"162",-27,42.5
"162",-26,43.5
"162",-25,44.5
"162",-24,45.5
"162",-23,46.5
"162",-22,47.5
"162",-21,48.5
"162",-20,49.5
"162",-19,50.5
"162",-18,51.5
"162",-17,52.5
"162",-16,53.5
"162",-15,54.5
"162",-14,55.5
"162",-13,56.5
"162",-12,56.5
"162",-11,56.5
"162",-10,56.5
"162",-9,56.5
"162",-8,57.5
"162",-7,58.5
"162",-6,59.5
"162",-5,59.5
"162",-4,59.5
"162",-3,59.5
"162",-2,58.5
"162",-1,57.5
"162",0,56.5
"162",0,55.5
"162",0,54.5
"163",0,-73.5
"163",-1,-72.5
"163",-2,-71.5
"163",-3,-71.5
"163",-4,-71.5
"163",-5,-71.5
"163",-6,-70.5
"163",-7,-69.5
"163",-8,-68.5
"163",-9,-67.5
"163",-9,-66.5
"163",-9,-65.5
"163",-9,-64.5
"163",-9,-63.5
"163",-8,-62.5
"163",-7,-61.5
"163",-6,-60.5
"163",-5,-59.5
"163",-4,-58.5
"163",-3,-57.5
"163",-2,-56.5
"163",-1,-55.5
"163",0,-54.5
"163",1,-53.5
"163",2,-52.5
"163",3,-51.5
"163",4,-50.5
"163",5,-49.5
"163",6,-48.5
"163",7,-47.5
"163",8,-46.5
"163",9,-45.5
"163",10,-44.5
"163",11,-43.5
"163",11,-42.5
"163",11,-41.5
"163",12,-40.5
"163",12,-39.5
"163",13,-38.5
"163",13,-37.5
"163",13,-36.5
"163",13,-35.5
"163",13,-34.5
"163",13,-33.5
"163",13,-32.5
"163",13,-31.5
"163",13,-30.5
"163",13,-29.5
"163",13,-28.5
"163",12,-27.5
"163",11,-26.5
"163",10,-25.5
"163",9,-24.5
"163",8,-23.5
"163",7,-22.5
"163",6,-21.5
"163",5,-20.5
"163",4,-19.5
"163",3,-18.5
"163",2,-17.5
"163",1,-16.5
"163",0,-15.5
"163",-1,-14.5
"163",-2,-13.5
"163",-3,-12.5
"163",-4,-11.5
"163",-5,-10.5
"163",-6,-9.5
"163",-7,-8.5
"163",-8,-7.5
"163",-9,-6.5
"163",-10,-5.5
"163",-11,-4.5
"163",-12,-3.5
"163",-13,-2.5
"163",-14,-1.5
"163",-15,-0.5
"163",-16,0.5
"163",-16,1.5
"163",-16,2.5
"163",-16,3.5
"163",-16,4.5
"163",-16,5.5
"163",-16,6.5
"163",-16,7.5
"163",-16,8.5
"163",-16,9.5
"163",-16,10.5
"163",-17,11.5
"163",-18,12.5
"163",-18,13.5
"163",-18,14.5
"163",-18,15.5
"163",-18,16.5
"163",-18,17.5
"163",-18,18.5
"163",-18,19.5
"163",-18,20.5
"163",-18,21.5
"163",-18,22.5
"163",-18,23.5
"163",-18,24.5
"163",-18,25.5
"163",-18,26.5
"163",-18,27.5
"163",-18,28.5
"163",-18,29.5
"163",-18,30.5
"163",-18,31.5
"163",-18,32.5
"163",-18,33.5
"163",-18,34.5
"163",-18,35.5
"163",-18,36.5
"163",-18,37.5
"163",-18,38.5
"163",-18,39.5
"163",-18,40.5
"163",-18,41.5
"163",-18,42.5
"163",-18,43.5
"163",-18,44.5
"163",-18,45.5
"163",-18,46.5
"163",-18,47.5
"163",-17,48.5
"163",-16,49.5
"163",-15,50.5
"163",-14,51.5
"163",-13,52.5
"163",-12,53.5
"163",-11,54.5
"163",-10,55.5
"163",-9,56.5
"163",-8,57.5
"163",-7,58.5
"163",-6,59.5
"163",-5,59.5
"163",-4,59.5
"163",-3,59.5
"163",-2,58.5
"163",-1,57.5
"163",0,56.5
"163",0,55.5
"163",0,54.5
"164",0,-73.5
"164",-1,-72.5
"164",-1,-71.5
"164",0,-70.5
"164",-1,-69.5
"164",0,-68.5
"164",0,-67.5
"164",0,-66.5
"164",0,-65.5
"164",0,-64.5
"164",0,-63.5
"164",0,-62.5
"164",1,-61.5
"164",2,-60.5
"164",3,-59.5
"164",4,-58.5
"164",5,-57.5
"164",6,-56.5
"164",7,-55.5
"164",8,-54.5
"164",9,-53.5
"164",10,-52.5
"164",11,-51.5
"164",12,-50.5
"164",13,-49.5
"164",14,-48.5
"164",15,-47.5
"164",15,-46.5
"164",15,-45.5
"164",15,-44.5
"164",15,-43.5
"164",15,-42.5
"164",15,-41.5
"164",15,-40.5
"164",15,-39.5
"164",15,-38.5
"164",15,-37.5
"164",15,-36.5
"164",15,-35.5
"164",15,-34.5
"164",15,-33.5
"164",15,-32.5
"164",15,-31.5
"164",15,-30.5
"164",14,-29.5
"164",13,-28.5
"164",13,-27.5
"164",12,-26.5
"164",12,-25.5
"164",11,-24.5
"164",10,-23.5
"164",9,-22.5
"164",8,-21.5
"164",7,-20.5
"164",6,-19.5
"164",5,-18.5
"164",4,-17.5
"164",3,-16.5
"164",2,-15.5
"164",1,-15.5
"164",0,-14.5
"164",-1,-13.5
"164",-2,-12.5
"164",-3,-11.5
"164",-4,-10.5
"164",-5,-10.5
"164",-6,-9.5
"164",-7,-9.5
"164",-8,-8.5
"164",-9,-7.5
"164",-9,-6.5
"164",-10,-5.5
"164",-11,-4.5
"164",-12,-4.5
"164",-13,-3.5
"164",-14,-2.5
"164",-15,-2.5
"164",-16,-1.5
"164",-16,-0.5
"164",-16,0.5
"164",-16,1.5
"164",-16,2.5
"164",-16,3.5
"164",-16,4.5
"164",-16,5.5
"164",-16,6.5
"164",-16,7.5
"164",-16,8.5
"164",-16,9.5
"164",-16,10.5
"164",-17,11.5
"164",-18,12.5
"164",-18,13.5
"164",-18,14.5
"164",-18,15.5
"164",-18,16.5
"164",-18,17.5
"164",-18,18.5
"164",-18,19.5
"164",-18,20.5
"164",-18,21.5
"164",-18,22.5
"164",-18,23.5
"164",-18,24.5
"164",-18,25.5
"164",-18,26.5
"164",-18,27.5
"164",-18,28.5
"164",-18,29.5
"164",-18,30.5
"164",-18,31.5
"164",-18,32.5
"164",-18,33.5
"164",-18,34.5
"164",-18,35.5
"164",-18,36.5
"164",-18,37.5
"164",-18,38.5
"164",-18,39.5
"164",-18,40.5
"164",-18,41.5
"164",-18,42.5
"164",-18,43.5
"164",-18,44.5
"164",-18,45.5
"164",-18,46.5
"164",-17,47.5
"164",-16,48.5
"164",-15,49.5
"164",-14,50.5
"164",-13,51.5
"164",-13,52.5
"164",-12,53.5
"164",-11,54.5
"164",-10,55.5
"164",-9,56.5
"164",-8,57.5
"164",-7,58.5
"164",-6,59.5
"164",-5,59.5
"164",-4,59.5
"164",-3,59.5
"164",-2,58.5
"164",-1,57.5
"164",0,56.5
"164",0,55.5
"164",0,54.5
"165",0,-73.5
"165",-1,-72.5
"165",-2,-71.5
"165",-3,-71.5
"165",-4,-70.5
"165",-5,-69.5
"165",-6,-68.5
"165",-7,-67.5
"165",-8,-66.5
"165",-9,-65.5
"165",-10,-64.5
"165",-10,-63.5
"165",-10,-62.5
"165",-9,-61.5
"165",-8,-60.5
"165",-7,-59.5
"165",-6,-58.5
"165",-5,-57.5
"165",-4,-56.5
"165",-3,-55.5
"165",-2,-54.5
"165",-1,-53.5
"165",0,-52.5
"165",1,-51.5
"165",2,-50.5
"165",3,-49.5
"165",4,-48.5
"165",5,-47.5
"165",6,-46.5
"165",7,-45.5
"165",8,-44.5
"165",9,-43.5
"165",10,-42.5
"165",11,-41.5
"165",12,-40.5
"165",13,-39.5
"165",14,-38.5
"165",14,-37.5
"165",14,-36.5
"165",14,-35.5
"165",14,-34.5
"165",14,-33.5
"165",14,-32.5
"165",14,-31.5
"165",14,-30.5
"165",14,-29.5
"165",13,-28.5
"165",12,-27.5
"165",11,-26.5
"165",10,-25.5
"165",9,-24.5
"165",8,-23.5
"165",7,-22.5
"165",6,-21.5
"165",5,-20.5
"165",4,-19.5
"165",3,-18.5
"165",2,-17.5
"165",1,-16.5
"165",0,-15.5
"165",-1,-14.5
"165",-2,-13.5
"165",-3,-12.5
"165",-4,-11.5
"165",-5,-10.5
"165",-6,-9.5
"165",-7,-8.5
"165",-8,-7.5
"165",-9,-6.5
"165",-10,-5.5
"165",-11,-4.5
"165",-12,-3.5
"165",-13,-2.5
"165",-14,-1.5
"165",-15,-0.5
"165",-16,0.5
"165",-17,1.5
"165",-18,2.5
"165",-18,3.5
"165",-18,4.5
"165",-18,5.5
"165",-18,6.5
"165",-18,7.5
"165",-18,8.5
"165",-19,9.5
"165",-20,10.5
"165",-21,11.5
"165",-22,12.5
"165",-23,13.5
"165",-24,14.5
"165",-25,15.5
"165",-26,16.5
"165",-27,17.5
"165",-28,18.5
"165",-29,19.5
"165",-30,20.5
"165",-31,21.5
"165",-32,22.5
"165",-33,23.5
"165",-34,24.5
"165",-35,25.5
"165",-36,26.5
"165",-36,27.5
"165",-36,28.5
"165",-36,29.5
"165",-36,30.5
"165",-36,31.5
"165",-36,32.5
"165",-35,33.5
"165",-34,34.5
"165",-33,35.5
"165",-32,36.5
"165",-31,37.5
"165",-30,38.5
"165",-29,39.5
"165",-28,40.5
"165",-27,41.5
"165",-26,42.5
"165",-25,43.5
"165",-24,44.5
"165",-23,45.5
"165",-22,46.5
"165",-21,47.5
"165",-20,48.5
"165",-19,49.5
"165",-18,50.5
"165",-17,51.5
"165",-16,52.5
"165",-15,53.5
"165",-14,54.5
"165",-13,55.5
"165",-12,56.5
"165",-11,57.5
"165",-10,57.5
"165",-9,58.5
"165",-8,59.5
"165",-7,59.5
"165",-6,59.5
"165",-5,59.5
"165",-4,59.5
"165",-3,59.5
"165",-2,58.5
"165",-1,57.5
"165",0,56.5
"165",0,55.5
"165",0,54.5
"166",0,-73.5
"166",-1,-72.5
"166",-2,-71.5
"166",-3,-71.5
"166",-4,-71.5
"166",-5,-71.5
"166",-6,-70.5
"166",-7,-69.5
"166",-8,-68.5
"166",-9,-67.5
"166",-9,-66.5
"166",-9,-65.5
"166",-9,-64.5
"166",-9,-63.5
"166",-8,-62.5
"166",-7,-61.5
"166",-6,-60.5
"166",-5,-59.5
"166",-4,-58.5
"166",-3,-57.5
"166",-2,-56.5
"166",-1,-55.5
"166",0,-54.5
"166",1,-53.5
"166",2,-52.5
"166",3,-51.5
"166",4,-50.5
"166",5,-49.5
"166",6,-48.5
"166",7,-47.5
"166",8,-46.5
"166",9,-45.5
"166",10,-44.5
"166",11,-43.5
"166",11,-42.5
"166",11,-41.5
"166",12,-40.5
"166",12,-39.5
"166",13,-38.5
"166",13,-37.5
"166",13,-36.5
"166",13,-35.5
"166",13,-34.5
"166",13,-33.5
"166",13,-32.5
"166",13,-31.5
"166",13,-30.5
"166",13,-29.5
"166",13,-28.5
"166",12,-27.5
"166",11,-26.5
"166",10,-25.5
"166",9,-24.5
"166",8,-23.5
"166",7,-22.5
"166",6,-21.5
"166",5,-20.5
"166",4,-19.5
"166",3,-18.5
"166",2,-17.5
"166",1,-16.5
"166",0,-15.5
"166",-1,-14.5
"166",-2,-13.5
"166",-3,-12.5
"166",-4,-11.5
"166",-5,-10.5
"166",-6,-9.5
"166",-7,-8.5
"166",-8,-7.5
"166",-9,-6.5
"166",-10,-5.5
"166",-11,-4.5
"166",-12,-3.5
"166",-13,-2.5
"166",-14,-1.5
"166",-15,-0.5
"166",-16,0.5
"166",-16,1.5
"166",-16,2.5
"166",-16,3.5
"166",-16,4.5
"166",-16,5.5
"166",-16,6.5
"166",-16,7.5
"166",-16,8.5
"166",-16,9.5
"166",-16,10.5
"166",-17,11.5
"166",-18,12.5
"166",-19,13.5
"166",-20,14.5
"166",-21,15.5
"166",-22,16.5
"166",-23,17.5
"166",-24,18.5
"166",-25,19.5
"166",-26,20.5
"166",-27,21.5
"166",-28,22.5
"166",-29,23.5
"166",-30,24.5
"166",-31,25.5
"166",-31,26.5
"166",-31,27.5
"166",-31,28.5
"166",-31,29.5
"166",-31,30.5
"166",-31,31.5
"166",-31,32.5
"166",-31,33.5
"166",-31,34.5
"166",-31,35.5
"166",-30,36.5
"166",-29,37.5
"166",-28,38.5
"166",-27,39.5
"166",-26,40.5
"166",-25,41.5
"166",-24,42.5
"166",-23,43.5
"166",-22,44.5
"166",-21,45.5
"166",-20,46.5
"166",-19,47.5
"166",-18,48.5
"166",-17,49.5
"166",-16,50.5
"166",-15,51.5
"166",-14,52.5
"166",-13,53.5
"166",-12,54.5
"166",-11,55.5
"166",-10,56.5
"166",-9,57.5
"166",-8,58.5
"166",-7,59.5
"166",-6,59.5
"166",-5,59.5
"166",-4,59.5
"166",-3,59.5
"166",-2,58.5
"166",-1,57.5
"166",0,56.5
"166",0,55.5
"166",0,54.5
"167",0,-73.5
"167",-1,-72.5
"167",-2,-71.5
"167",-3,-71.5
"167",-4,-70.5
"167",-5,-69.5
"167",-6,-68.5
"167",-7,-67.5
"167",-8,-66.5
"167",-9,-65.5
"167",-9,-64.5
"167",-9,-63.5
"167",-9,-62.5
"167",-8,-61.5
"167",-7,-60.5
"167",-6,-59.5
"167",-5,-58.5
"167",-4,-57.5
"167",-3,-56.5
"167",-2,-55.5
"167",-1,-54.5
"167",0,-53.5
"167",1,-52.5
"167",2,-51.5
"167",3,-50.5
"167",4,-49.5
"167",5,-48.5
"167",6,-47.5
"167",7,-46.5
"167",8,-45.5
"167",9,-44.5
"167",10,-43.5
"167",11,-42.5
"167",12,-41.5
"167",13,-40.5
"167",14,-39.5
"167",14,-38.5
"167",14,-37.5
"167",14,-36.5
"167",14,-35.5
"167",14,-34.5
"167",14,-33.5
"167",14,-32.5
"167",14,-31.5
"167",14,-30.5
"167",14,-29.5
"167",13,-28.5
"167",12,-27.5
"167",11,-26.5
"167",10,-25.5
"167",9,-24.5
"167",8,-23.5
"167",7,-22.5
"167",6,-21.5
"167",5,-20.5
"167",4,-19.5
"167",3,-18.5
"167",2,-17.5
"167",1,-16.5
"167",0,-15.5
"167",-1,-14.5
"167",-2,-13.5
"167",-3,-12.5
"167",-4,-11.5
"167",-5,-10.5
"167",-6,-9.5
"167",-7,-8.5
"167",-8,-7.5
"167",-9,-6.5
"167",-10,-5.5
"167",-11,-4.5
"167",-12,-3.5
"167",-13,-2.5
"167",-14,-1.5
"167",-15,-0.5
"167",-16,0.5
"167",-17,1.5
"167",-18,2.5
"167",-19,3.5
"167",-20,4.5
"167",-21,5.5
"167",-22,6.5
"167",-23,7.5
"167",-24,8.5
"167",-25,9.5
"167",-26,10.5
"167",-27,11.5
"167",-28,12.5
"167",-29,13.5
"167",-30,14.5
"167",-31,15.5
"167",-32,16.5
"167",-33,17.5
"167",-34,18.5
"167",-35,19.5
"167",-36,20.5
"167",-37,21.5
"167",-37,22.5
"167",-37,23.5
"167",-37,24.5
"167",-37,25.5
"167",-37,26.5
"167",-37,27.5
"167",-37,28.5
"167",-37,29.5
"167",-37,30.5
"167",-37,31.5
"167",-37,32.5
"167",-36,33.5
"167",-35,34.5
"167",-34,35.5
"167",-33,36.5
"167",-32,37.5
"167",-31,38.5
"167",-30,39.5
"167",-29,40.5
"167",-28,41.5
"167",-27,42.5
"167",-26,43.5
"167",-25,44.5
"167",-24,45.5
"167",-23,46.5
"167",-22,47.5
"167",-21,48.5
"167",-20,49.5
"167",-19,50.5
"167",-18,51.5
"167",-17,52.5
"167",-16,53.5
"167",-15,54.5
"167",-14,55.5
"167",-13,56.5
"167",-12,57.5
"167",-11,58.5
"167",-10,59.5
"167",-9,59.5
"167",-8,59.5
"167",-7,59.5
"167",-6,59.5
"167",-5,59.5
"167",-4,59.5
"167",-3,59.5
"167",-2,58.5
"167",-1,57.5
"167",0,56.5
"167",0,55.5
"167",0,54.5
"168",0,-73.5
"168",-1,-72.5
"168",-2,-71.5
"168",-3,-71.5
"168",-4,-70.5
"168",-5,-70.5
"168",-6,-70.5
"168",-7,-70.5
"168",-8,-70.5
"168",-9,-70.5
"168",-10,-70.5
"168",-11,-70.5
"168",-12,-70.5
"168",-13,-70.5
"168",-14,-70.5
"168",-15,-70.5
"168",-16,-70.5
"168",-17,-70.5
"168",-18,-70.5
"168",-19,-69.5
"168",-19,-68.5
"168",-19,-67.5
"168",-18,-66.5
"168",-17,-65.5
"168",-16,-64.5
"168",-15,-63.5
"168",-14,-62.5
"168",-13,-61.5
"168",-12,-60.5
"168",-11,-59.5
"168",-10,-58.5
"168",-9,-57.5
"168",-8,-56.5
"168",-7,-55.5
"168",-6,-54.5
"168",-5,-53.5
"168",-4,-52.5
"168",-3,-51.5
"168",-2,-50.5
"168",-1,-49.5
"168",0,-48.5
"168",1,-47.5
"168",2,-46.5
"168",3,-45.5
"168",4,-44.5
"168",5,-43.5
"168",6,-42.5
"168",7,-41.5
"168",8,-40.5
"168",9,-39.5
"168",10,-38.5
"168",11,-37.5
"168",12,-36.5
"168",13,-35.5
"168",14,-34.5
"168",14,-33.5
"168",14,-32.5
"168",14,-31.5
"168",14,-30.5
"168",14,-29.5
"168",14,-28.5
"168",13,-27.5
"168",12,-26.5
"168",11,-25.5
"168",10,-24.5
"168",9,-23.5
"168",8,-22.5
"168",7,-21.5
"168",6,-20.5
"168",5,-19.5
"168",4,-18.5
"168",3,-17.5
"168",2,-16.5
"168",1,-15.5
"168",0,-14.5
"168",-1,-13.5
"168",-2,-12.5
"168",-3,-11.5
"168",-4,-10.5
"168",-5,-9.5
"168",-6,-8.5
"168",-7,-7.5
"168",-8,-6.5
"168",-9,-5.5
"168",-10,-4.5
"168",-11,-3.5
"168",-12,-2.5
"168",-13,-1.5
"168",-14,-0.5
"168",-15,0.5
"168",-16,1.5
"168",-17,2.5
"168",-17,3.5
"168",-17,4.5
"168",-17,5.5
"168",-17,6.5
"168",-17,7.5
"168",-17,8.5
"168",-17,9.5
"168",-17,10.5
"168",-17,11.5
"168",-17,12.5
"168",-18,13.5
"168",-18,14.5
"168",-18,15.5
"168",-18,16.5
"168",-18,17.5
"168",-18,18.5
"168",-18,19.5
"168",-18,20.5
"168",-18,21.5
"168",-18,22.5
"168",-18,23.5
"168",-18,24.5
"168",-18,25.5
"168",-17,26.5
"168",-17,27.5
"168",-17,28.5
"168",-17,29.5
"168",-17,30.5
"168",-17,31.5
"168",-17,32.5
"168",-17,33.5
"168",-17,34.5
"168",-17,35.5
"168",-17,36.5
"168",-17,37.5
"168",-17,38.5
"168",-18,39.5
"168",-19,40.5
"168",-20,41.5
"168",-21,42.5
"168",-21,43.5
"168",-21,44.5
"168",-20,45.5
"168",-19,46.5
"168",-18,47.5
"168",-17,48.5
"168",-16,49.5
"168",-15,50.5
"168",-14,51.5
"168",-13,52.5
"168",-12,53.5
"168",-11,54.5
"168",-10,55.5
"168",-9,56.5
"168",-8,57.5
"168",-7,58.5
"168",-6,59.5
"168",-5,59.5
"168",-4,59.5
"168",-3,59.5
"168",-2,58.5
"168",-1,57.5
"168",-1,56.5
"168",0,55.5
"168",0,54.5
"169",0,-73.5
"169",-1,-72.5
"169",-2,-71.5
"169",-3,-71.5
"169",-4,-71.5
"169",-5,-71.5
"169",-6,-70.5
"169",-7,-69.5
"169",-8,-68.5
"169",-9,-67.5
"169",-9,-66.5
"169",-9,-65.5
"169",-9,-64.5
"169",-9,-63.5
"169",-8,-62.5
"169",-7,-61.5
"169",-6,-60.5
"169",-5,-59.5
"169",-4,-58.5
"169",-3,-57.5
"169",-2,-56.5
"169",-1,-55.5
"169",0,-54.5
"169",1,-53.5
"169",2,-52.5
"169",3,-51.5
"169",4,-50.5
"169",5,-49.5
"169",6,-48.5
"169",7,-47.5
"169",8,-46.5
"169",9,-45.5
"169",10,-44.5
"169",11,-43.5
"169",11,-42.5
"169",11,-41.5
"169",12,-40.5
"169",12,-39.5
"169",13,-38.5
"169",14,-37.5
"169",15,-36.5
"169",15,-35.5
"169",15,-34.5
"169",15,-33.5
"169",15,-32.5
"169",15,-31.5
"169",15,-30.5
"169",14,-29.5
"169",13,-28.5
"169",12,-27.5
"169",11,-26.5
"169",10,-25.5
"169",9,-24.5
"169",8,-23.5
"169",7,-22.5
"169",6,-21.5
"169",5,-20.5
"169",4,-19.5
"169",3,-18.5
"169",2,-17.5
"169",1,-16.5
"169",0,-15.5
"169",-1,-14.5
"169",-2,-13.5
"169",-3,-12.5
"169",-4,-11.5
"169",-5,-10.5
"169",-6,-9.5
"169",-7,-8.5
"169",-8,-7.5
"169",-9,-6.5
"169",-10,-5.5
"169",-11,-4.5
"169",-12,-3.5
"169",-13,-2.5
"169",-14,-1.5
"169",-15,-0.5
"169",-16,0.5
"169",-16,1.5
"169",-16,2.5
"169",-16,3.5
"169",-16,4.5
"169",-16,5.5
"169",-16,6.5
"169",-16,7.5
"169",-16,8.5
"169",-16,9.5
"169",-16,10.5
"169",-17,11.5
"169",-18,12.5
"169",-18,13.5
"169",-18,14.5
"169",-18,15.5
"169",-18,16.5
"169",-18,17.5
"169",-18,18.5
"169",-18,19.5
"169",-18,20.5
"169",-18,21.5
"169",-18,22.5
"169",-18,23.5
"169",-18,24.5
"169",-18,25.5
"169",-18,26.5
"169",-18,27.5
"169",-18,28.5
"169",-18,29.5
"169",-18,30.5
"169",-18,31.5
"169",-18,32.5
"169",-18,33.5
"169",-18,34.5
"169",-18,35.5
"169",-18,36.5
"169",-18,37.5
"169",-18,38.5
"169",-18,39.5
"169",-18,40.5
"169",-18,41.5
"169",-18,42.5
"169",-18,43.5
"169",-18,44.5
"169",-18,45.5
"169",-18,46.5
"169",-18,47.5
"169",-17,48.5
"169",-16,49.5
"169",-15,50.5
"169",-14,51.5
"169",-13,52.5
"169",-12,53.5
"169",-11,54.5
"169",-10,55.5
"169",-9,56.5
"169",-8,57.5
"169",-7,58.5
"169",-6,59.5
"169",-5,59.5
"169",-4,59.5
"169",-3,59.5
"169",-2,58.5
"169",-1,57.5
"169",0,56.5
"169",0,55.5
"169",0,54.5
"170",0,-73.5
"170",-1,-72.5
"170",-2,-71.5
"170",-3,-71.5
"170",-4,-71.5
"170",-5,-71.5
"170",-6,-70.5
"170",-7,-70.5
"170",-8,-69.5
"170",-9,-68.5
"170",-9,-67.5
"170",-9,-66.5
"170",-9,-65.5
"170",-9,-64.5
"170",-9,-63.5
"170",-8,-62.5
"170",-7,-61.5
"170",-6,-60.5
"170",-5,-59.5
"170",-4,-58.5
"170",-3,-57.5
"170",-2,-56.5
"170",-1,-55.5
"170",0,-54.5
"170",1,-53.5
"170",2,-52.5
"170",3,-51.5
"170",4,-50.5
"170",5,-49.5
"170",6,-49.5
"170",7,-49.5
"170",8,-48.5
"170",9,-47.5
"170",10,-46.5
"170",11,-45.5
"170",11,-44.5
"170",11,-43.5
"170",11,-42.5
"170",11,-41.5
"170",12,-40.5
"170",12,-39.5
"170",13,-38.5
"170",14,-37.5
"170",15,-36.5
"170",15,-35.5
"170",15,-34.5
"170",15,-33.5
"170",15,-32.5
"170",15,-31.5
"170",15,-30.5
"170",15,-29.5
"170",14,-28.5
"170",13,-27.5
"170",12,-26.5
"170",11,-25.5
"170",10,-24.5
"170",9,-23.5
"170",8,-22.5
"170",7,-21.5
"170",6,-20.5
"170",5,-19.5
"170",4,-18.5
"170",3,-17.5
"170",2,-16.5
"170",1,-15.5
"170",0,-14.5
"170",-1,-13.5
"170",-2,-12.5
"170",-3,-11.5
"170",-4,-10.5
"170",-5,-10.5
"170",-6,-9.5
"170",-7,-9.5
"170",-8,-8.5
"170",-9,-7.5
"170",-9,-6.5
"170",-10,-5.5
"170",-11,-4.5
"170",-12,-3.5
"170",-13,-2.5
"170",-14,-1.5
"170",-15,-0.5
"170",-16,0.5
"170",-16,1.5
"170",-16,2.5
"170",-16,3.5
"170",-16,4.5
"170",-16,5.5
"170",-16,6.5
"170",-16,7.5
"170",-16,8.5
"170",-16,9.5
"170",-16,10.5
"170",-17,11.5
"170",-18,12.5
"170",-18,13.5
"170",-18,14.5
"170",-18,15.5
"170",-18,16.5
"170",-18,17.5
"170",-18,18.5
"170",-18,19.5
"170",-18,20.5
"170",-18,21.5
"170",-18,22.5
"170",-18,23.5
"170",-18,24.5
"170",-18,25.5
"170",-18,26.5
"170",-18,27.5
"170",-18,28.5
"170",-18,29.5
"170",-18,30.5
"170",-18,31.5
"170",-18,32.5
"170",-18,33.5
"170",-18,34.5
"170",-18,35.5
"170",-18,36.5
"170",-18,37.5
"170",-18,38.5
"170",-18,39.5
"170",-18,40.5
"170",-18,41.5
"170",-18,42.5
"170",-18,43.5
"170",-18,44.5
"170",-18,45.5
"170",-18,46.5
"170",-18,47.5
"170",-17,48.5
"170",-16,49.5
"170",-15,50.5
"170",-14,51.5
"170",-13,52.5
"170",-12,53.5
"170",-11,54.5
"170",-10,55.5
"170",-9,56.5
"170",-8,57.5
"170",-7,58.5
"170",-6,59.5
"170",-5,59.5
"170",-4,59.5
"170",-3,59.5
"170",-2,58.5
"170",-1,57.5
"170",0,56.5
"170",0,55.5
"170",0,54.5
"171",0,-73.5
"171",-1,-72.5
"171",-1,-71.5
"171",0,-70.5
"171",1,-70.5
"171",0,-69.5
"171",0,-68.5
"171",0,-67.5
"171",0,-66.5
"171",0,-65.5
"171",0,-64.5
"171",0,-63.5
"171",0,-62.5
"171",1,-61.5
"171",2,-60.5
"171",2,-59.5
"171",3,-58.5
"171",4,-58.5
"171",5,-57.5
"171",6,-56.5
"171",7,-55.5
"171",8,-54.5
"171",8,-53.5
"171",9,-52.5
"171",10,-52.5
"171",11,-51.5
"171",11,-50.5
"171",12,-49.5
"171",13,-49.5
"171",14,-48.5
"171",15,-47.5
"171",16,-46.5
"171",16,-45.5
"171",16,-44.5
"171",16,-43.5
"171",16,-42.5
"171",16,-41.5
"171",16,-40.5
"171",16,-39.5
"171",16,-38.5
"171",16,-37.5
"171",16,-36.5
"171",16,-35.5
"171",16,-34.5
"171",16,-33.5
"171",16,-32.5
"171",16,-31.5
"171",15,-31.5
"171",15,-30.5
"171",14,-29.5
"171",13,-28.5
"171",13,-27.5
"171",12,-26.5
"171",12,-25.5
"171",11,-24.5
"171",11,-23.5
"171",10,-22.5
"171",10,-21.5
"171",9,-20.5
"171",8,-19.5
"171",7,-19.5
"171",6,-18.5
"171",5,-17.5
"171",4,-16.5
"171",3,-15.5
"171",2,-15.5
"171",1,-15.5
"171",1,-14.5
"171",0,-13.5
"171",-1,-12.5
"171",-2,-11.5
"171",-3,-10.5
"171",-4,-10.5
"171",-5,-10.5
"171",-6,-9.5
"171",-7,-9.5
"171",-8,-8.5
"171",-9,-8.5
"171",-9,-7.5
"171",-9,-6.5
"171",-9,-5.5
"171",-10,-5.5
"171",-11,-4.5
"171",-12,-4.5
"171",-13,-3.5
"171",-14,-2.5
"171",-15,-2.5
"171",-16,-1.5
"171",-16,-0.5
"171",-16,0.5
"171",-17,0.5
"171",-18,1.5
"171",-19,2.5
"171",-20,3.5
"171",-21,3.5
"171",-22,4.5
"171",-23,5.5
"171",-24,6.5
"171",-25,7.5
"171",-26,8.5
"171",-27,8.5
"171",-28,8.5
"171",-29,9.5
"171",-29,10.5
"171",-29,11.5
"171",-29,12.5
"171",-29,13.5
"171",-29,14.5
"171",-29,15.5
"171",-29,16.5
"171",-29,17.5
"171",-29,18.5
"171",-29,19.5
"171",-29,20.5
"171",-30,20.5
"171",-31,21.5
"171",-32,21.5
"171",-33,22.5
"171",-33,23.5
"171",-34,23.5
"171",-35,24.5
"171",-35,25.5
"171",-35,26.5
"171",-35,27.5
"171",-35,28.5
"171",-35,29.5
"171",-35,30.5
"171",-35,31.5
"171",-35,32.5
"171",-35,33.5
"171",-35,34.5
"171",-35,35.5
"171",-35,36.5
"171",-35,37.5
"171",-35,38.5
"171",-34,39.5
"171",-33,40.5
"171",-33,41.5
"171",-33,42.5
"171",-34,43.5
"171",-34,44.5
"171",-33,45.5
"171",-32,46.5
"171",-31,46.5
"171",-30,46.5
"171",-29,46.5
"171",-28,46.5
"171",-27,46.5
"171",-26,47.5
"171",-25,48.5
"171",-24,49.5
"171",-23,50.5
"171",-22,50.5
"171",-21,51.5
"171",-20,51.5
"171",-19,52.5
"171",-18,52.5
"171",-17,53.5
"171",-16,53.5
"171",-15,53.5
"171",-14,54.5
"171",-13,54.5
"171",-12,55.5
"171",-11,56.5
"171",-10,57.5
"171",-9,57.5
"171",-8,58.5
"171",-7,59.5
"171",-6,59.5
"171",-5,59.5
"171",-4,59.5
"171",-3,59.5
"171",-2,58.5
"171",-1,58.5
"171",0,57.5
"171",-1,56.5
"171",0,55.5
"171",0,54.5
"172",0,-73.5
"172",-1,-72.5
"172",-2,-71.5
"172",-3,-71.5
"172",-4,-70.5
"172",-5,-70.5
"172",-6,-70.5
"172",-7,-70.5
"172",-8,-70.5
"172",-9,-70.5
"172",-10,-70.5
"172",-11,-70.5
"172",-12,-70.5
"172",-13,-70.5
"172",-14,-70.5
"172",-15,-69.5
"172",-16,-68.5
"172",-16,-67.5
"172",-16,-66.5
"172",-15,-65.5
"172",-14,-64.5
"172",-13,-63.5
"172",-12,-62.5
"172",-11,-61.5
"172",-10,-60.5
"172",-9,-59.5
"172",-8,-58.5
"172",-7,-57.5
"172",-6,-56.5
"172",-5,-55.5
"172",-4,-54.5
"172",-3,-53.5
"172",-2,-52.5
"172",-1,-51.5
"172",0,-50.5
"172",1,-49.5
"172",2,-48.5
"172",3,-47.5
"172",4,-46.5
"172",5,-45.5
"172",6,-44.5
"172",7,-43.5
"172",8,-42.5
"172",9,-41.5
"172",10,-40.5
"172",11,-39.5
"172",12,-38.5
"172",13,-37.5
"172",14,-36.5
"172",14,-35.5
"172",14,-34.5
"172",14,-33.5
"172",14,-32.5
"172",14,-31.5
"172",14,-30.5
"172",14,-29.5
"172",13,-28.5
"172",12,-27.5
"172",11,-26.5
"172",10,-25.5
"172",9,-24.5
"172",8,-23.5
"172",7,-22.5
"172",6,-21.5
"172",5,-20.5
"172",4,-19.5
"172",3,-18.5
"172",2,-17.5
"172",1,-16.5
"172",0,-15.5
"172",-1,-14.5
"172",-2,-13.5
"172",-3,-12.5
"172",-4,-11.5
"172",-5,-10.5
"172",-6,-9.5
"172",-7,-8.5
"172",-8,-7.5
"172",-9,-6.5
"172",-10,-5.5
"172",-11,-4.5
"172",-12,-3.5
"172",-13,-2.5
"172",-14,-1.5
"172",-15,-0.5
"172",-16,0.5
"172",-17,1.5
"172",-18,2.5
"172",-19,3.5
"172",-20,4.5
"172",-21,5.5
"172",-21,6.5
"172",-21,7.5
"172",-21,8.5
"172",-21,9.5
"172",-21,10.5
"172",-21,11.5
"172",-22,12.5
"172",-23,13.5
"172",-24,14.5
"172",-25,15.5
"172",-26,16.5
"172",-27,17.5
"172",-28,18.5
"172",-29,19.5
"172",-30,20.5
"172",-31,21.5
"172",-32,22.5
"172",-33,23.5
"172",-34,24.5
"172",-35,25.5
"172",-36,26.5
"172",-37,27.5
"172",-38,28.5
"172",-39,29.5
"172",-39,30.5
"172",-39,31.5
"172",-39,32.5
"172",-38,33.5
"172",-37,34.5
"172",-36,35.5
"172",-35,36.5
"172",-34,37.5
"172",-33,38.5
"172",-32,39.5
"172",-31,40.5
"172",-30,41.5
"172",-29,42.5
"172",-28,43.5
"172",-27,44.5
"172",-26,45.5
"172",-25,46.5
"172",-24,47.5
"172",-23,48.5
"172",-22,49.5
"172",-21,50.5
"172",-20,51.5
"172",-19,52.5
"172",-18,53.5
"172",-17,54.5
"172",-16,55.5
"172",-15,55.5
"172",-14,55.5
"172",-13,55.5
"172",-12,55.5
"172",-11,55.5
"172",-10,55.5
"172",-9,56.5
"172",-8,57.5
"172",-7,58.5
"172",-6,59.5
"172",-5,59.5
"172",-4,59.5
"172",-3,59.5
"172",-2,58.5
"172",-1,57.5
"172",0,56.5
"172",0,55.5
"172",0,54.5
"173",0,-73.5
"173",-1,-72.5
"173",-2,-71.5
"173",-3,-71.5
"173",-4,-71.5
"173",-5,-71.5
"173",-6,-70.5
"173",-7,-69.5
"173",-8,-68.5
"173",-9,-67.5
"173",-9,-66.5
"173",-9,-65.5
"173",-9,-64.5
"173",-9,-63.5
"173",-9,-62.5
"173",-9,-61.5
"173",-8,-60.5
"173",-7,-59.5
"173",-6,-58.5
"173",-5,-57.5
"173",-4,-56.5
"173",-3,-55.5
"173",-2,-54.5
"173",-1,-53.5
"173",0,-52.5
"173",1,-51.5
"173",2,-50.5
"173",3,-49.5
"173",4,-48.5
"173",5,-47.5
"173",6,-46.5
"173",7,-45.5
"173",8,-44.5
"173",9,-43.5
"173",10,-42.5
"173",11,-41.5
"173",12,-40.5
"173",12,-39.5
"173",13,-38.5
"173",14,-37.5
"173",15,-36.5
"173",15,-35.5
"173",15,-34.5
"173",15,-33.5
"173",15,-32.5
"173",15,-31.5
"173",15,-30.5
"173",14,-29.5
"173",13,-28.5
"173",12,-27.5
"173",11,-26.5
"173",10,-25.5
"173",9,-24.5
"173",8,-23.5
"173",7,-22.5
"173",6,-21.5
"173",5,-20.5
"173",4,-19.5
"173",3,-18.5
"173",2,-17.5
"173",1,-16.5
"173",0,-15.5
"173",-1,-14.5
"173",-2,-13.5
"173",-3,-12.5
"173",-4,-11.5
"173",-5,-10.5
"173",-6,-9.5
"173",-7,-9.5
"173",-8,-8.5
"173",-9,-7.5
"173",-10,-6.5
"173",-11,-5.5
"173",-12,-4.5
"173",-13,-3.5
"173",-14,-2.5
"173",-15,-1.5
"173",-16,-0.5
"173",-17,0.5
"173",-18,1.5
"173",-19,2.5
"173",-20,3.5
"173",-21,4.5
"173",-22,5.5
"173",-23,6.5
"173",-24,7.5
"173",-25,8.5
"173",-26,9.5
"173",-27,10.5
"173",-28,10.5
"173",-29,11.5
"173",-30,12.5
"173",-31,13.5
"173",-32,14.5
"173",-33,15.5
"173",-34,16.5
"173",-35,17.5
"173",-36,18.5
"173",-37,19.5
"173",-38,20.5
"173",-39,21.5
"173",-39,22.5
"173",-39,23.5
"173",-39,24.5
"173",-39,25.5
"173",-39,26.5
"173",-39,27.5
"173",-39,28.5
"173",-39,29.5
"173",-39,30.5
"173",-39,31.5
"173",-39,32.5
"173",-39,33.5
"173",-39,34.5
"173",-38,35.5
"173",-37,36.5
"173",-36,37.5
"173",-35,38.5
"173",-34,39.5
"173",-33,40.5
"173",-32,41.5
"173",-31,42.5
"173",-30,43.5
"173",-29,44.5
"173",-28,45.5
"173",-27,45.5
"173",-26,46.5
"173",-25,47.5
"173",-24,48.5
"173",-23,49.5
"173",-22,49.5
"173",-21,50.5
"173",-20,51.5
"173",-19,52.5
"173",-18,52.5
"173",-17,53.5
"173",-16,53.5
"173",-15,53.5
"173",-14,54.5
"173",-13,54.5
"173",-12,55.5
"173",-11,56.5
"173",-10,57.5
"173",-9,57.5
"173",-8,58.5
"173",-7,59.5
"173",-6,59.5
"173",-5,59.5
"173",-4,59.5
"173",-3,59.5
"173",-2,58.5
"173",-1,57.5
"173",0,56.5
"173",0,55.5
"173",0,54.5
"174",0,-73.5
"174",-1,-72.5
"174",-1,-71.5
"174",0,-70.5
"174",1,-70.5
"174",0,-69.5
"174",0,-68.5
"174",0,-67.5
"174",0,-66.5
"174",0,-65.5
"174",0,-64.5
"174",0,-63.5
"174",0,-62.5
"174",1,-61.5
"174",2,-60.5
"174",2,-59.5
"174",3,-58.5
"174",4,-58.5
"174",5,-57.5
"174",6,-56.5
"174",7,-55.5
"174",8,-54.5
"174",8,-53.5
"174",9,-52.5
"174",10,-52.5
"174",11,-51.5
"174",12,-50.5
"174",13,-49.5
"174",14,-48.5
"174",15,-47.5
"174",16,-46.5
"174",16,-45.5
"174",16,-44.5
"174",16,-43.5
"174",16,-42.5
"174",16,-41.5
"174",16,-40.5
"174",16,-39.5
"174",16,-38.5
"174",16,-37.5
"174",16,-36.5
"174",16,-35.5
"174",16,-34.5
"174",16,-33.5
"174",16,-32.5
"174",16,-31.5
"174",15,-31.5
"174",15,-30.5
"174",14,-29.5
"174",13,-28.5
"174",13,-27.5
"174",12,-26.5
"174",12,-25.5
"174",11,-24.5
"174",10,-23.5
"174",9,-22.5
"174",8,-21.5
"174",7,-20.5
"174",6,-19.5
"174",5,-18.5
"174",4,-17.5
"174",3,-16.5
"174",2,-15.5
"174",1,-15.5
"174",0,-14.5
"174",-1,-13.5
"174",-2,-12.5
"174",-3,-11.5
"174",-4,-10.5
"174",-5,-10.5
"174",-6,-9.5
"174",-7,-9.5
"174",-8,-8.5
"174",-9,-8.5
"174",-9,-7.5
"174",-9,-6.5
"174",-9,-5.5
"174",-10,-5.5
"174",-11,-4.5
"174",-12,-4.5
"174",-13,-3.5
"174",-14,-2.5
"174",-15,-2.5
"174",-16,-1.5
"174",-16,-0.5
"174",-16,0.5
"174",-17,0.5
"174",-18,1.5
"174",-19,2.5
"174",-20,3.5
"174",-21,3.5
"174",-22,4.5
"174",-23,5.5
"174",-24,6.5
"174",-25,7.5
"174",-26,8.5
"174",-27,8.5
"174",-28,8.5
"174",-29,9.5
"174",-29,10.5
"174",-29,11.5
"174",-30,12.5
"174",-31,13.5
"174",-32,14.5
"174",-33,15.5
"174",-34,16.5
"174",-35,16.5
"174",-36,17.5
"174",-37,18.5
"174",-38,19.5
"174",-39,20.5
"174",-39,21.5
"174",-39,22.5
"174",-39,23.5
"174",-39,24.5
"174",-39,25.5
"174",-39,26.5
"174",-39,27.5
"174",-39,28.5
"174",-39,29.5
"174",-39,30.5
"174",-39,31.5
"174",-39,32.5
"174",-39,33.5
"174",-39,34.5
"174",-39,35.5
"174",-39,36.5
"174",-39,37.5
"174",-39,38.5
"174",-38,39.5
"174",-37,39.5
"174",-36,40.5
"174",-35,41.5
"174",-35,42.5
"174",-34,43.5
"174",-34,44.5
"174",-33,45.5
"174",-32,46.5
"174",-31,46.5
"174",-30,46.5
"174",-29,46.5
"174",-28,46.5
"174",-27,46.5
"174",-26,47.5
"174",-25,48.5
"174",-24,49.5
"174",-23,50.5
"174",-22,50.5
"174",-21,51.5
"174",-20,51.5
"174",-19,52.5
"174",-18,52.5
"174",-17,53.5
"174",-16,53.5
"174",-15,53.5
"174",-14,54.5
"174",-13,54.5
"174",-12,55.5
"174",-11,56.5
"174",-10,57.5
"174",-9,57.5
"174",-8,58.5
"174",-7,59.5
"174",-6,59.5
"174",-5,59.5
"174",-4,59.5
"174",-3,59.5
"174",-2,58.5
"174",-1,57.5
"174",0,56.5
"174",0,55.5
"174",0,54.5
"175",0,-73.5
"175",-1,-72.5
"175",-2,-71.5
"175",-3,-71.5
"175",-4,-70.5
"175",-5,-70.5
"175",-6,-70.5
"175",-7,-70.5
"175",-8,-69.5
"175",-9,-68.5
"175",-10,-67.5
"175",-11,-66.5
"175",-11,-65.5
"175",-11,-64.5
"175",-11,-63.5
"175",-10,-62.5
"175",-9,-61.5
"175",-8,-60.5
"175",-7,-59.5
"175",-6,-58.5
"175",-5,-57.5
"175",-4,-56.5
"175",-3,-55.5
"175",-2,-54.5
"175",-1,-53.5
"175",0,-52.5
"175",1,-51.5
"175",2,-50.5
"175",3,-49.5
"175",4,-48.5
"175",5,-47.5
"175",6,-46.5
"175",7,-45.5
"175",8,-44.5
"175",9,-43.5
"175",10,-42.5
"175",11,-41.5
"175",12,-40.5
"175",13,-39.5
"175",14,-38.5
"175",15,-37.5
"175",15,-36.5
"175",15,-35.5
"175",15,-34.5
"175",15,-33.5
"175",15,-32.5
"175",15,-31.5
"175",15,-30.5
"175",14,-29.5
"175",13,-28.5
"175",12,-27.5
"175",11,-26.5
"175",10,-25.5
"175",9,-24.5
"175",8,-23.5
"175",7,-22.5
"175",6,-21.5
"175",5,-20.5
"175",4,-19.5
"175",3,-18.5
"175",2,-17.5
"175",1,-16.5
"175",0,-15.5
"175",-1,-14.5
"175",-2,-13.5
"175",-3,-12.5
"175",-4,-11.5
"175",-5,-10.5
"175",-6,-9.5
"175",-7,-8.5
"175",-8,-7.5
"175",-9,-6.5
"175",-10,-5.5
"175",-11,-4.5
"175",-12,-3.5
"175",-13,-2.5
"175",-14,-1.5
"175",-15,-0.5
"175",-16,0.5
"175",-17,1.5
"175",-18,2.5
"175",-19,3.5
"175",-20,4.5
"175",-21,5.5
"175",-22,6.5
"175",-22,7.5
"175",-22,8.5
"175",-23,9.5
"175",-24,10.5
"175",-25,11.5
"175",-26,12.5
"175",-27,13.5
"175",-28,14.5
"175",-29,15.5
"175",-30,16.5
"175",-31,17.5
"175",-32,18.5
"175",-33,19.5
"175",-34,20.5
"175",-35,21.5
"175",-36,22.5
"175",-37,23.5
"175",-38,24.5
"175",-39,25.5
"175",-39,26.5
"175",-39,27.5
"175",-39,28.5
"175",-39,29.5
"175",-39,30.5
"175",-39,31.5
"175",-39,32.5
"175",-38,33.5
"175",-37,34.5
"175",-36,35.5
"175",-35,36.5
"175",-34,37.5
"175",-33,38.5
"175",-32,39.5
"175",-31,40.5
"175",-30,41.5
"175",-29,42.5
"175",-28,43.5
"175",-27,44.5
"175",-26,45.5
"175",-25,46.5
"175",-24,47.5
"175",-23,48.5
"175",-22,49.5
"175",-21,50.5
"175",-20,51.5
"175",-19,52.5
"175",-18,53.5
"175",-17,54.5
"175",-16,55.5
"175",-15,56.5
"175",-14,56.5
"175",-13,56.5
"175",-12,56.5
"175",-11,56.5
"175",-10,56.5
"175",-9,56.5
"175",-8,57.5
"175",-7,58.5
"175",-6,59.5
"175",-5,59.5
"175",-4,59.5
"175",-3,59.5
"175",-2,58.5
"175",-1,57.5
"175",0,56.5
"175",0,55.5
"175",0,54.5
"176",0,-73.5
"176",-1,-72.5
"176",-2,-71.5
"176",-3,-71.5
"176",-4,-71.5
"176",-5,-71.5
"176",-6,-70.5
"176",-7,-69.5
"176",-8,-68.5
"176",-9,-67.5
"176",-9,-66.5
"176",-9,-65.5
"176",-9,-64.5
"176",-9,-63.5
"176",-9,-62.5
"176",-9,-61.5
"176",-8,-60.5
"176",-7,-59.5
"176",-6,-58.5
"176",-5,-57.5
"176",-4,-56.5
"176",-3,-55.5
"176",-2,-54.5
"176",-1,-53.5
"176",0,-52.5
"176",1,-51.5
"176",2,-50.5
"176",3,-49.5
"176",4,-48.5
"176",5,-47.5
"176",6,-46.5
"176",7,-45.5
"176",8,-44.5
"176",9,-43.5
"176",10,-42.5
"176",11,-41.5
"176",12,-40.5
"176",12,-39.5
"176",13,-38.5
"176",14,-37.5
"176",15,-36.5
"176",15,-35.5
"176",15,-34.5
"176",15,-33.5
"176",15,-32.5
"176",15,-31.5
"176",15,-30.5
"176",14,-29.5
"176",13,-28.5
"176",12,-27.5
"176",11,-26.5
"176",10,-25.5
"176",9,-24.5
"176",8,-23.5
"176",7,-22.5
"176",6,-21.5
"176",5,-20.5
"176",4,-19.5
"176",3,-18.5
"176",2,-17.5
"176",1,-16.5
"176",0,-15.5
"176",-1,-14.5
"176",-2,-13.5
"176",-3,-12.5
"176",-4,-11.5
"176",-5,-11.5
"176",-6,-10.5
"176",-7,-9.5
"176",-8,-8.5
"176",-9,-7.5
"176",-10,-6.5
"176",-11,-5.5
"176",-12,-4.5
"176",-13,-3.5
"176",-14,-2.5
"176",-15,-1.5
"176",-16,-0.5
"176",-17,0.5
"176",-18,1.5
"176",-19,2.5
"176",-20,3.5
"176",-21,4.5
"176",-22,5.5
"176",-23,6.5
"176",-24,7.5
"176",-25,8.5
"176",-26,9.5
"176",-27,10.5
"176",-28,10.5
"176",-29,11.5
"176",-30,12.5
"176",-31,13.5
"176",-32,14.5
"176",-33,15.5
"176",-34,16.5
"176",-35,17.5
"176",-36,18.5
"176",-37,19.5
"176",-38,20.5
"176",-39,21.5
"176",-39,22.5
"176",-39,23.5
"176",-39,24.5
"176",-39,25.5
"176",-39,26.5
"176",-39,27.5
"176",-39,28.5
"176",-39,29.5
"176",-39,30.5
"176",-39,31.5
"176",-39,32.5
"176",-39,33.5
"176",-39,34.5
"176",-38,35.5
"176",-37,36.5
"176",-36,37.5
"176",-35,38.5
"176",-34,39.5
"176",-33,40.5
"176",-32,41.5
"176",-31,42.5
"176",-30,43.5
"176",-29,44.5
"176",-28,45.5
"176",-27,45.5
"176",-26,46.5
"176",-25,47.5
"176",-24,48.5
"176",-23,49.5
"176",-22,49.5
"176",-21,50.5
"176",-20,51.5
"176",-19,52.5
"176",-18,52.5
"176",-17,53.5
"176",-16,53.5
"176",-15,53.5
"176",-14,54.5
"176",-13,54.5
"176",-12,55.5
"176",-11,56.5
"176",-10,57.5
"176",-9,57.5
"176",-8,58.5
"176",-7,59.5
"176",-6,59.5
"176",-5,59.5
"176",-4,59.5
"176",-3,59.5
"176",-2,58.5
"176",-1,57.5
"176",0,56.5
"176",0,55.5
"176",0,54.5
"177",0,-73.5
"177",-1,-72.5
"177",-1,-71.5
"177",0,-70.5
"177",-1,-69.5
"177",0,-68.5
"177",0,-67.5
"177",0,-66.5
"177",0,-65.5
"177",0,-64.5
"177",0,-63.5
"177",0,-62.5
"177",1,-61.5
"177",2,-60.5
"177",3,-59.5
"177",4,-58.5
"177",5,-57.5
"177",6,-56.5
"177",7,-55.5
"177",8,-54.5
"177",9,-53.5
"177",10,-52.5
"177",11,-51.5
"177",12,-50.5
"177",13,-49.5
"177",14,-48.5
"177",15,-47.5
"177",16,-46.5
"177",16,-45.5
"177",16,-44.5
"177",16,-43.5
"177",16,-42.5
"177",16,-41.5
"177",16,-40.5
"177",16,-39.5
"177",16,-38.5
"177",16,-37.5
"177",16,-36.5
"177",16,-35.5
"177",16,-34.5
"177",16,-33.5
"177",16,-32.5
"177",16,-31.5
"177",15,-30.5
"177",14,-29.5
"177",13,-28.5
"177",13,-27.5
"177",12,-26.5
"177",12,-25.5
"177",11,-24.5
"177",10,-23.5
"177",9,-22.5
"177",8,-21.5
"177",7,-20.5
"177",6,-19.5
"177",5,-18.5
"177",4,-17.5
"177",3,-16.5
"177",2,-15.5
"177",1,-15.5
"177",0,-14.5
"177",-1,-13.5
"177",-2,-12.5
"177",-3,-11.5
"177",-4,-10.5
"177",-5,-10.5
"177",-6,-9.5
"177",-7,-9.5
"177",-8,-8.5
"177",-9,-7.5
"177",-9,-6.5
"177",-10,-5.5
"177",-11,-4.5
"177",-12,-4.5
"177",-13,-3.5
"177",-14,-2.5
"177",-15,-2.5
"177",-16,-1.5
"177",-17,-0.5
"177",-18,0.5
"177",-18,1.5
"177",-19,2.5
"177",-20,3.5
"177",-21,4.5
"177",-22,5.5
"177",-23,6.5
"177",-24,7.5
"177",-25,8.5
"177",-26,9.5
"177",-27,10.5
"177",-28,10.5
"177",-29,11.5
"177",-30,12.5
"177",-31,13.5
"177",-32,14.5
"177",-33,15.5
"177",-34,16.5
"177",-35,16.5
"177",-36,17.5
"177",-37,18.5
"177",-38,19.5
"177",-39,20.5
"177",-39,21.5
"177",-39,22.5
"177",-39,23.5
"177",-39,24.5
"177",-39,25.5
"177",-39,26.5
"177",-39,27.5
"177",-39,28.5
"177",-39,29.5
"177",-39,30.5
"177",-39,31.5
"177",-39,32.5
"177",-39,33.5
"177",-39,34.5
"177",-39,35.5
"177",-39,36.5
"177",-39,37.5
"177",-39,38.5
"177",-38,39.5
"177",-37,40.5
"177",-36,41.5
"177",-35,42.5
"177",-34,43.5
"177",-34,44.5
"177",-33,45.5
"177",-32,46.5
"177",-31,47.5
"177",-30,47.5
"177",-29,47.5
"177",-28,48.5
"177",-27,49.5
"177",-26,50.5
"177",-25,51.5
"177",-24,52.5
"177",-23,53.5
"177",-22,53.5
"177",-21,54.5
"177",-20,54.5
"177",-19,55.5
"177",-18,55.5
"177",-17,55.5
"177",-16,55.5
"177",-15,55.5
"177",-14,55.5
"177",-13,55.5
"177",-12,56.5
"177",-11,57.5
"177",-10,58.5
"177",-9,58.5
"177",-8,58.5
"177",-7,59.5
"177",-6,59.5
"177",-5,59.5
"177",-4,59.5
"177",-3,59.5
"177",-2,58.5
"177",-1,57.5
"177",0,56.5
"177",0,55.5
"177",0,54.5
"178",0,-73.5
"178",-1,-73.5
"178",-2,-73.5
"178",-3,-73.5
"178",-4,-72.5
"178",-5,-72.5
"178",-6,-71.5
"178",-7,-70.5
"178",-8,-69.5
"178",-9,-68.5
"178",-10,-67.5
"178",-11,-66.5
"178",-12,-65.5
"178",-12,-64.5
"178",-12,-63.5
"178",-11,-62.5
"178",-10,-61.5
"178",-9,-60.5
"178",-8,-59.5
"178",-7,-58.5
"178",-6,-57.5
"178",-5,-56.5
"178",-4,-55.5
"178",-3,-54.5
"178",-2,-53.5
"178",-1,-52.5
"178",0,-51.5
"178",1,-50.5
"178",2,-49.5
"178",3,-48.5
"178",4,-47.5
"178",5,-46.5
"178",6,-45.5
"178",7,-44.5
"178",8,-43.5
"178",9,-42.5
"178",10,-41.5
"178",11,-40.5
"178",12,-39.5
"178",13,-38.5
"178",14,-37.5
"178",14,-36.5
"178",14,-35.5
"178",14,-34.5
"178",14,-33.5
"178",14,-32.5
"178",14,-31.5
"178",14,-30.5
"178",14,-29.5
"178",13,-28.5
"178",12,-27.5
"178",11,-26.5
"178",10,-25.5
"178",9,-24.5
"178",8,-23.5
"178",7,-22.5
"178",6,-21.5
"178",5,-20.5
"178",4,-19.5
"178",3,-18.5
"178",2,-17.5
"178",1,-16.5
"178",0,-15.5
"178",-1,-14.5
"178",-2,-13.5
"178",-3,-12.5
"178",-4,-11.5
"178",-5,-10.5
"178",-6,-9.5
"178",-7,-8.5
"178",-8,-7.5
"178",-9,-6.5
"178",-10,-5.5
"178",-11,-4.5
"178",-12,-3.5
"178",-13,-2.5
"178",-14,-1.5
"178",-15,-0.5
"178",-16,0.5
"178",-17,1.5
"178",-18,2.5
"178",-19,3.5
"178",-20,4.5
"178",-21,5.5
"178",-22,6.5
"178",-23,7.5
"178",-24,8.5
"178",-25,9.5
"178",-26,10.5
"178",-27,11.5
"178",-28,12.5
"178",-29,13.5
"178",-30,14.5
"178",-31,15.5
"178",-32,16.5
"178",-33,17.5
"178",-34,18.5
"178",-35,19.5
"178",-36,20.5
"178",-37,21.5
"178",-38,22.5
"178",-39,23.5
"178",-39,24.5
"178",-39,25.5
"178",-39,26.5
"178",-39,27.5
"178",-39,28.5
"178",-39,29.5
"178",-39,30.5
"178",-39,31.5
"178",-39,32.5
"178",-38,33.5
"178",-37,34.5
"178",-36,35.5
"178",-35,36.5
"178",-34,37.5
"178",-33,38.5
"178",-32,39.5
"178",-31,40.5
"178",-30,41.5
"178",-29,42.5
"178",-28,43.5
"178",-27,44.5
"178",-26,45.5
"178",-25,46.5
"178",-24,47.5
"178",-23,48.5
"178",-22,49.5
"178",-21,50.5
"178",-20,51.5
"178",-19,52.5
"178",-18,53.5
"178",-17,54.5
"178",-16,55.5
"178",-15,56.5
"178",-14,57.5
"178",-13,58.5
"178",-12,59.5
"178",-11,59.5
"178",-10,59.5
"178",-9,59.5
"178",-8,59.5
"178",-7,59.5
"178",-6,59.5
"178",-5,59.5
"178",-4,59.5
"178",-3,59.5
"178",-2,58.5
"178",-1,57.5
"178",0,56.5
"178",0,55.5
"178",0,54.5
"179",0,-73.5
"179",-1,-72.5
"179",-2,-71.5
"179",-3,-71.5
"179",-4,-70.5
"179",-5,-70.5
"179",-6,-70.5
"179",-7,-70.5
"179",-8,-70.5
"179",-9,-70.5
"179",-10,-70.5
"179",-11,-70.5
"179",-12,-70.5
"179",-13,-70.5
"179",-14,-70.5
"179",-15,-69.5
"179",-16,-68.5
"179",-16,-67.5
"179",-16,-66.5
"179",-15,-65.5
"179",-14,-64.5
"179",-13,-63.5
"179",-12,-62.5
"179",-11,-61.5
"179",-10,-60.5
"179",-9,-59.5
"179",-8,-58.5
"179",-7,-57.5
"179",-6,-56.5
"179",-5,-55.5
"179",-4,-54.5
"179",-3,-53.5
"179",-2,-52.5
"179",-1,-51.5
"179",0,-50.5
"179",1,-49.5
"179",2,-48.5
"179",3,-47.5
"179",4,-46.5
"179",5,-45.5
"179",6,-44.5
"179",7,-43.5
"179",8,-42.5
"179",9,-41.5
"179",10,-40.5
"179",11,-39.5
"179",12,-38.5
"179",13,-37.5
"179",14,-36.5
"179",15,-35.5
"179",15,-34.5
"179",15,-33.5
"179",15,-32.5
"179",15,-31.5
"179",15,-30.5
"179",14,-29.5
"179",13,-28.5
"179",12,-27.5
"179",11,-26.5
"179",10,-25.5
"179",9,-24.5
"179",8,-23.5
"179",7,-22.5
"179",6,-21.5
"179",5,-20.5
"179",4,-19.5
"179",3,-18.5
"179",2,-17.5
"179",1,-16.5
"179",0,-15.5
"179",-1,-14.5
"179",-2,-13.5
"179",-3,-12.5
"179",-4,-11.5
"179",-5,-10.5
"179",-6,-9.5
"179",-7,-8.5
"179",-8,-7.5
"179",-9,-6.5
"179",-10,-5.5
"179",-11,-4.5
"179",-12,-3.5
"179",-13,-2.5
"179",-14,-1.5
"179",-15,-0.5
"179",-16,0.5
"179",-17,1.5
"179",-18,2.5
"179",-19,3.5
"179",-20,4.5
"179",-21,5.5
"179",-22,6.5
"179",-23,7.5
"179",-24,8.5
"179",-25,9.5
"179",-26,10.5
"179",-27,11.5
"179",-28,12.5
"179",-29,13.5
"179",-30,14.5
"179",-31,15.5
"179",-32,16.5
"179",-33,17.5
"179",-34,18.5
"179",-35,19.5
"179",-36,20.5
"179",-37,21.5
"179",-38,22.5
"179",-39,23.5
"179",-40,24.5
"179",-41,25.5
"179",-42,26.5
"179",-42,27.5
"179",-42,28.5
"179",-42,29.5
"179",-42,30.5
"179",-42,31.5
"179",-42,32.5
"179",-41,33.5
"179",-40,34.5
"179",-39,35.5
"179",-38,36.5
"179",-37,37.5
"179",-36,38.5
"179",-35,39.5
"179",-34,40.5
"179",-33,41.5
"179",-32,42.5
"179",-31,43.5
"179",-30,44.5
"179",-29,45.5
"179",-28,46.5
"179",-27,47.5
"179",-26,48.5
"179",-25,49.5
"179",-24,50.5
"179",-23,51.5
"179",-22,52.5
"179",-21,53.5
"179",-20,54.5
"179",-19,55.5
"179",-18,55.5
"179",-17,55.5
"179",-16,55.5
"179",-15,55.5
"179",-14,55.5
"179",-13,55.5
"179",-12,55.5
"179",-11,55.5
"179",-10,55.5
"179",-9,56.5
"179",-8,57.5
"179",-7,58.5
"179",-6,59.5
"179",-5,59.5
"179",-4,59.5
"179",-3,59.5
"179",-2,58.5
"179",-1,57.5
"179",0,56.5
"179",0,55.5
"179",0,54.5
"180",0,-73.5
"180",-1,-72.5
"180",-2,-71.5
"180",-3,-71.5
"180",-4,-71.5
"180",-5,-71.5
"180",-6,-70.5
"180",-7,-69.5
"180",-8,-68.5
"180",-9,-67.5
"180",-9,-66.5
"180",-9,-65.5
"180",-9,-64.5
"180",-9,-63.5
"180",-9,-62.5
"180",-9,-61.5
"180",-8,-60.5
"180",-7,-59.5
"180",-6,-58.5
"180",-5,-57.5
"180",-4,-56.5
"180",-3,-55.5
"180",-2,-54.5
"180",-1,-53.5
"180",0,-52.5
"180",1,-51.5
"180",2,-50.5
"180",3,-49.5
"180",4,-48.5
"180",5,-47.5
"180",6,-46.5
"180",7,-45.5
"180",8,-44.5
"180",9,-43.5
"180",10,-42.5
"180",11,-41.5
"180",12,-40.5
"180",12,-39.5
"180",13,-38.5
"180",14,-37.5
"180",15,-36.5
"180",15,-35.5
"180",15,-34.5
"180",15,-33.5
"180",15,-32.5
"180",15,-31.5
"180",15,-30.5
"180",14,-29.5
"180",13,-28.5
"180",12,-27.5
"180",11,-26.5
"180",10,-25.5
"180",9,-24.5
"180",8,-23.5
"180",7,-22.5
"180",6,-21.5
"180",5,-20.5
"180",4,-19.5
"180",3,-18.5
"180",2,-17.5
"180",1,-16.5
"180",0,-15.5
"180",-1,-14.5
"180",-2,-13.5
"180",-3,-12.5
"180",-4,-11.5
"180",-5,-10.5
"180",-6,-9.5
"180",-7,-9.5
"180",-8,-8.5
"180",-9,-7.5
"180",-10,-6.5
"180",-11,-5.5
"180",-12,-4.5
"180",-13,-3.5
"180",-14,-2.5
"180",-15,-1.5
"180",-16,-0.5
"180",-17,0.5
"180",-18,1.5
"180",-19,2.5
"180",-20,3.5
"180",-21,4.5
"180",-22,5.5
"180",-23,6.5
"180",-24,7.5
"180",-25,8.5
"180",-26,9.5
"180",-27,10.5
"180",-28,10.5
"180",-29,11.5
"180",-30,12.5
"180",-31,13.5
"180",-32,14.5
"180",-33,15.5
"180",-34,16.5
"180",-35,17.5
"180",-36,18.5
"180",-37,19.5
"180",-38,20.5
"180",-39,21.5
"180",-39,22.5
"180",-39,23.5
"180",-39,24.5
"180",-39,25.5
"180",-39,26.5
"180",-39,27.5
"180",-39,28.5
"180",-39,29.5
"180",-39,30.5
"180",-39,31.5
"180",-39,32.5
"180",-39,33.5
"180",-39,34.5
"180",-38,35.5
"180",-37,36.5
"180",-36,37.5
"180",-35,38.5
"180",-34,39.5
"180",-33,40.5
"180",-32,41.5
"180",-31,42.5
"180",-30,43.5
"180",-29,44.5
"180",-28,45.5
"180",-27,45.5
"180",-26,46.5
"180",-25,47.5
"180",-24,48.5
"180",-23,49.5
"180",-22,49.5
"180",-21,50.5
"180",-20,51.5
"180",-19,52.5
"180",-18,52.5
"180",-17,53.5
"180",-16,53.5
"180",-15,53.5
"180",-14,54.5
"180",-13,54.5
"180",-12,55.5
"180",-11,56.5
"180",-10,57.5
"180",-9,57.5
"180",-8,58.5
"180",-7,59.5
"180",-6,59.5
"180",-5,59.5
"180",-4,59.5
"180",-3,59.5
"180",-2,58.5
"180",-1,57.5
"180",0,56.5
"180",0,55.5
"180",0,54.5
"181",0,-73.5
"181",-1,-72.5
"181",-1,-71.5
"181",0,-70.5
"181",1,-70.5
"181",0,-69.5
"181",0,-68.5
"181",0,-67.5
"181",0,-66.5
"181",0,-65.5
"181",0,-64.5
"181",0,-63.5
"181",0,-62.5
"181",1,-61.5
"181",2,-60.5
"181",2,-59.5
"181",3,-58.5
"181",4,-58.5
"181",5,-57.5
"181",6,-56.5
"181",7,-55.5
"181",8,-54.5
"181",8,-53.5
"181",9,-52.5
"181",10,-52.5
"181",11,-51.5
"181",12,-50.5
"181",13,-49.5
"181",14,-48.5
"181",15,-47.5
"181",16,-46.5
"181",16,-45.5
"181",16,-44.5
"181",16,-43.5
"181",16,-42.5
"181",16,-41.5
"181",16,-40.5
"181",16,-39.5
"181",16,-38.5
"181",16,-37.5
"181",16,-36.5
"181",16,-35.5
"181",16,-34.5
"181",16,-33.5
"181",16,-32.5
"181",16,-31.5
"181",15,-31.5
"181",15,-30.5
"181",14,-29.5
"181",13,-28.5
"181",13,-27.5
"181",12,-26.5
"181",12,-25.5
"181",11,-24.5
"181",11,-23.5
"181",10,-22.5
"181",9,-21.5
"181",8,-20.5
"181",7,-19.5
"181",6,-18.5
"181",5,-17.5
"181",4,-16.5
"181",3,-15.5
"181",2,-15.5
"181",1,-15.5
"181",0,-14.5
"181",-1,-13.5
"181",-2,-12.5
"181",-3,-11.5
"181",-4,-10.5
"181",-5,-10.5
"181",-6,-9.5
"181",-7,-9.5
"181",-8,-8.5
"181",-9,-8.5
"181",-9,-7.5
"181",-9,-6.5
"181",-9,-5.5
"181",-10,-5.5
"181",-11,-4.5
"181",-12,-4.5
"181",-13,-3.5
"181",-14,-2.5
"181",-15,-2.5
"181",-16,-1.5
"181",-16,-0.5
"181",-17,-0.5
"181",-18,0.5
"181",-18,1.5
"181",-19,2.5
"181",-20,3.5
"181",-21,3.5
"181",-22,4.5
"181",-23,5.5
"181",-24,6.5
"181",-25,7.5
"181",-26,8.5
"181",-27,8.5
"181",-28,8.5
"181",-29,9.5
"181",-29,10.5
"181",-29,11.5
"181",-30,12.5
"181",-31,13.5
"181",-32,14.5
"181",-33,15.5
"181",-34,16.5
"181",-35,16.5
"181",-36,17.5
"181",-37,18.5
"181",-38,19.5
"181",-39,20.5
"181",-39,21.5
"181",-39,22.5
"181",-39,23.5
"181",-39,24.5
"181",-39,25.5
"181",-39,26.5
"181",-39,27.5
"181",-39,28.5
"181",-39,29.5
"181",-39,30.5
"181",-39,31.5
"181",-39,32.5
"181",-39,33.5
"181",-39,34.5
"181",-39,35.5
"181",-39,36.5
"181",-39,37.5
"181",-39,38.5
"181",-38,39.5
"181",-37,39.5
"181",-36,40.5
"181",-35,41.5
"181",-35,42.5
"181",-34,43.5
"181",-34,44.5
"181",-33,45.5
"181",-32,46.5
"181",-31,46.5
"181",-30,46.5
"181",-29,46.5
"181",-28,46.5
"181",-27,46.5
"181",-26,47.5
"181",-25,48.5
"181",-24,49.5
"181",-23,50.5
"181",-22,50.5
"181",-21,51.5
"181",-20,51.5
"181",-19,52.5
"181",-18,52.5
"181",-17,53.5
"181",-16,53.5
"181",-15,53.5
"181",-14,54.5
"181",-13,54.5
"181",-12,55.5
"181",-11,56.5
"181",-10,57.5
"181",-9,57.5
"181",-8,58.5
"181",-7,59.5
"181",-6,59.5
"181",-5,59.5
"181",-4,59.5
"181",-3,59.5
"181",-2,58.5
"181",-1,57.5
"181",0,56.5
"181",0,55.5
"181",0,54.5
"182",0,-73.5
"182",-1,-72.5
"182",-2,-71.5
"182",-3,-71.5
"182",-4,-70.5
"182",-5,-70.5
"182",-6,-70.5
"182",-7,-70.5
"182",-8,-70.5
"182",-9,-70.5
"182",-10,-70.5
"182",-11,-70.5
"182",-12,-69.5
"182",-13,-68.5
"182",-14,-67.5
"182",-14,-66.5
"182",-14,-65.5
"182",-14,-64.5
"182",-13,-63.5
"182",-12,-62.5
"182",-11,-61.5
"182",-10,-60.5
"182",-9,-59.5
"182",-8,-58.5
"182",-7,-57.5
"182",-6,-56.5
"182",-5,-55.5
"182",-4,-54.5
"182",-3,-53.5
"182",-2,-52.5
"182",-1,-51.5
"182",0,-50.5
"182",1,-49.5
"182",2,-48.5
"182",3,-47.5
"182",4,-46.5
"182",5,-45.5
"182",6,-44.5
"182",7,-43.5
"182",8,-42.5
"182",9,-41.5
"182",10,-40.5
"182",11,-39.5
"182",12,-38.5
"182",13,-37.5
"182",14,-36.5
"182",14,-35.5
"182",14,-34.5
"182",14,-33.5
"182",14,-32.5
"182",14,-31.5
"182",14,-30.5
"182",14,-29.5
"182",13,-28.5
"182",12,-27.5
"182",11,-26.5
"182",10,-25.5
"182",9,-24.5
"182",8,-23.5
"182",7,-22.5
"182",6,-21.5
"182",5,-20.5
"182",4,-19.5
"182",3,-18.5
"182",2,-17.5
"182",1,-16.5
"182",0,-15.5
"182",-1,-14.5
"182",-2,-13.5
"182",-3,-12.5
"182",-4,-11.5
"182",-5,-10.5
"182",-6,-9.5
"182",-7,-8.5
"182",-8,-7.5
"182",-9,-6.5
"182",-10,-5.5
"182",-11,-4.5
"182",-12,-3.5
"182",-13,-2.5
"182",-14,-1.5
"182",-15,-0.5
"182",-16,0.5
"182",-17,1.5
"182",-18,2.5
"182",-19,3.5
"182",-20,4.5
"182",-21,5.5
"182",-22,6.5
"182",-23,7.5
"182",-24,8.5
"182",-25,9.5
"182",-26,10.5
"182",-27,11.5
"182",-28,12.5
"182",-29,13.5
"182",-30,14.5
"182",-31,15.5
"182",-32,16.5
"182",-33,17.5
"182",-34,18.5
"182",-35,19.5
"182",-36,20.5
"182",-37,21.5
"182",-38,22.5
"182",-39,23.5
"182",-40,24.5
"182",-41,25.5
"182",-41,26.5
"182",-41,27.5
"182",-41,28.5
"182",-41,29.5
"182",-41,30.5
"182",-41,31.5
"182",-41,32.5
"182",-40,33.5
"182",-39,34.5
"182",-38,35.5
"182",-37,36.5
"182",-36,37.5
"182",-35,38.5
"182",-34,39.5
"182",-33,40.5
"182",-32,41.5
"182",-31,42.5
"182",-30,43.5
"182",-29,44.5
"182",-28,45.5
"182",-27,46.5
"182",-26,47.5
"182",-25,48.5
"182",-24,49.5
"182",-23,50.5
"182",-22,51.5
"182",-21,52.5
"182",-20,53.5
"182",-19,54.5
"182",-18,55.5
"182",-17,56.5
"182",-16,56.5
"182",-15,56.5
"182",-14,56.5
"182",-13,56.5
"182",-12,56.5
"182",-11,56.5
"182",-10,56.5
"182",-9,57.5
"182",-8,58.5
"182",-7,59.5
"182",-6,59.5
"182",-5,59.5
"182",-4,59.5
"182",-3,59.5
"182",-2,58.5
"182",-1,57.5
"182",0,56.5
"182",0,55.5
"182",0,54.5
"183",0,-73.5
"183",-1,-72.5
"183",-2,-71.5
"183",-3,-71.5
"183",-4,-71.5
"183",-5,-71.5
"183",-6,-70.5
"183",-7,-69.5
"183",-8,-68.5
"183",-9,-67.5
"183",-9,-66.5
"183",-9,-65.5
"183",-9,-64.5
"183",-9,-63.5
"183",-9,-62.5
"183",-9,-61.5
"183",-8,-60.5
"183",-7,-59.5
"183",-6,-58.5
"183",-5,-57.5
"183",-4,-56.5
"183",-3,-55.5
"183",-2,-54.5
"183",-1,-53.5
"183",0,-52.5
"183",1,-51.5
"183",2,-50.5
"183",3,-49.5
"183",4,-48.5
"183",5,-47.5
"183",6,-46.5
"183",7,-45.5
"183",8,-44.5
"183",9,-43.5
"183",10,-42.5
"183",11,-41.5
"183",12,-40.5
"183",12,-39.5
"183",13,-38.5
"183",14,-37.5
"183",15,-36.5
"183",15,-35.5
"183",15,-34.5
"183",15,-33.5
"183",15,-32.5
"183",15,-31.5
"183",15,-30.5
"183",14,-29.5
"183",13,-28.5
"183",12,-27.5
"183",11,-26.5
"183",10,-25.5
"183",9,-24.5
"183",8,-23.5
"183",7,-22.5
"183",6,-21.5
"183",5,-20.5
"183",4,-19.5
"183",3,-18.5
"183",2,-17.5
"183",1,-16.5
"183",0,-15.5
"183",-1,-14.5
"183",-2,-13.5
"183",-3,-12.5
"183",-4,-11.5
"183",-5,-11.5
"183",-6,-10.5
"183",-7,-9.5
"183",-8,-8.5
"183",-9,-7.5
"183",-10,-6.5
"183",-11,-5.5
"183",-12,-4.5
"183",-13,-3.5
"183",-14,-2.5
"183",-15,-1.5
"183",-16,-0.5
"183",-17,0.5
"183",-18,1.5
"183",-19,2.5
"183",-20,3.5
"183",-21,4.5
"183",-22,5.5
"183",-23,6.5
"183",-24,7.5
"183",-25,8.5
"183",-26,9.5
"183",-27,10.5
"183",-28,10.5
"183",-29,11.5
"183",-30,12.5
"183",-31,13.5
"183",-32,14.5
"183",-33,15.5
"183",-34,16.5
"183",-35,17.5
"183",-36,18.5
"183",-37,19.5
"183",-38,20.5
"183",-39,21.5
"183",-39,22.5
"183",-39,23.5
"183",-39,24.5
"183",-39,25.5
"183",-39,26.5
"183",-39,27.5
"183",-39,28.5
"183",-39,29.5
"183",-39,30.5
"183",-39,31.5
"183",-39,32.5
"183",-39,33.5
"183",-39,34.5
"183",-38,35.5
"183",-37,36.5
"183",-36,37.5
"183",-35,38.5
"183",-34,39.5
"183",-33,40.5
"183",-32,41.5
"183",-31,42.5
"183",-30,43.5
"183",-29,44.5
"183",-28,45.5
"183",-27,45.5
"183",-26,46.5
"183",-25,47.5
"183",-24,48.5
"183",-23,49.5
"183",-22,49.5
"183",-21,50.5
"183",-20,51.5
"183",-19,52.5
"183",-18,52.5
"183",-17,53.5
"183",-16,53.5
"183",-15,53.5
"183",-14,54.5
"183",-13,54.5
"183",-12,55.5
"183",-11,56.5
"183",-10,57.5
"183",-9,57.5
"183",-8,58.5
"183",-7,59.5
"183",-6,59.5
"183",-5,59.5
"183",-4,59.5
"183",-3,59.5
"183",-2,58.5
"183",-1,57.5
"183",0,56.5
"183",0,55.5
"183",0,54.5
"184",0,-73.5
"184",-1,-72.5
"184",-1,-71.5
"184",0,-70.5
"184",1,-70.5
"184",0,-69.5
"184",0,-68.5
"184",0,-67.5
"184",0,-66.5
"184",0,-65.5
"184",0,-64.5
"184",0,-63.5
"184",0,-62.5
"184",1,-61.5
"184",2,-60.5
"184",3,-59.5
"184",4,-58.5
"184",5,-57.5
"184",6,-56.5
"184",7,-55.5
"184",8,-54.5
"184",9,-53.5
"184",10,-52.5
"184",11,-51.5
"184",12,-50.5
"184",13,-49.5
"184",14,-48.5
"184",15,-47.5
"184",16,-46.5
"184",16,-45.5
"184",16,-44.5
"184",16,-43.5
"184",16,-42.5
"184",16,-41.5
"184",16,-40.5
"184",16,-39.5
"184",16,-38.5
"184",16,-37.5
"184",16,-36.5
"184",16,-35.5
"184",16,-34.5
"184",16,-33.5
"184",16,-32.5
"184",16,-31.5
"184",15,-30.5
"184",14,-29.5
"184",13,-28.5
"184",13,-27.5
"184",12,-26.5
"184",12,-25.5
"184",11,-24.5
"184",10,-23.5
"184",9,-22.5
"184",8,-21.5
"184",7,-20.5
"184",6,-19.5
"184",5,-18.5
"184",4,-17.5
"184",3,-16.5
"184",2,-15.5
"184",1,-15.5
"184",0,-14.5
"184",-1,-13.5
"184",-2,-12.5
"184",-3,-11.5
"184",-4,-10.5
"184",-5,-10.5
"184",-6,-9.5
"184",-7,-9.5
"184",-8,-8.5
"184",-9,-7.5
"184",-9,-6.5
"184",-10,-5.5
"184",-11,-4.5
"184",-12,-4.5
"184",-13,-3.5
"184",-14,-2.5
"184",-15,-2.5
"184",-16,-1.5
"184",-17,-0.5
"184",-18,0.5
"184",-18,1.5
"184",-19,2.5
"184",-20,3.5
"184",-21,4.5
"184",-22,5.5
"184",-23,6.5
"184",-24,7.5
"184",-25,8.5
"184",-26,9.5
"184",-27,10.5
"184",-28,10.5
"184",-29,11.5
"184",-30,12.5
"184",-31,13.5
"184",-32,14.5
"184",-33,15.5
"184",-34,16.5
"184",-35,16.5
"184",-36,17.5
"184",-37,18.5
"184",-38,19.5
"184",-39,20.5
"184",-39,21.5
"184",-39,22.5
"184",-39,23.5
"184",-39,24.5
"184",-39,25.5
"184",-39,26.5
"184",-39,27.5
"184",-39,28.5
"184",-39,29.5
"184",-39,30.5
"184",-39,31.5
"184",-39,32.5
"184",-39,33.5
"184",-39,34.5
"184",-39,35.5
"184",-39,36.5
"184",-39,37.5
"184",-39,38.5
"184",-38,39.5
"184",-37,40.5
"184",-36,41.5
"184",-35,42.5
"184",-34,43.5
"184",-34,44.5
"184",-33,45.5
"184",-32,46.5
"184",-31,47.5
"184",-30,47.5
"184",-29,47.5
"184",-28,48.5
"184",-27,49.5
"184",-26,50.5
"184",-25,51.5
"184",-24,52.5
"184",-23,53.5
"184",-22,53.5
"184",-21,54.5
"184",-20,54.5
"184",-19,55.5
"184",-18,55.5
"184",-17,55.5
"184",-16,55.5
"184",-15,55.5
"184",-14,55.5
"184",-13,55.5
"184",-12,56.5
"184",-11,57.5
"184",-10,58.5
"184",-9,58.5
"184",-8,58.5
"184",-7,59.5
"184",-6,59.5
"184",-5,59.5
"184",-4,59.5
"184",-3,59.5
"184",-2,58.5
"184",-1,57.5
"184",0,56.5
"184",0,55.5
"184",0,54.5
"185",0,-73.5
"185",-1,-73.5
"185",-2,-73.5
"185",-3,-73.5
"185",-4,-72.5
"185",-5,-72.5
"185",-6,-71.5
"185",-7,-70.5
"185",-8,-69.5
"185",-9,-68.5
"185",-10,-67.5
"185",-11,-66.5
"185",-12,-65.5
"185",-12,-64.5
"185",-12,-63.5
"185",-11,-62.5
"185",-10,-61.5
"185",-9,-60.5
"185",-8,-59.5
"185",-7,-58.5
"185",-6,-57.5
"185",-5,-56.5
"185",-4,-55.5
"185",-3,-54.5
"185",-2,-53.5
"185",-1,-52.5
"185",0,-51.5
"185",1,-50.5
"185",2,-49.5
"185",3,-48.5
"185",4,-47.5
"185",5,-46.5
"185",6,-45.5
"185",7,-44.5
"185",8,-43.5
"185",9,-42.5
"185",10,-41.5
"185",11,-40.5
"185",12,-39.5
"185",13,-38.5
"185",14,-37.5
"185",14,-36.5
"185",14,-35.5
"185",14,-34.5
"185",14,-33.5
"185",14,-32.5
"185",14,-31.5
"185",14,-30.5
"185",13,-29.5
"185",12,-28.5
"185",11,-27.5
"185",10,-26.5
"185",9,-25.5
"185",8,-24.5
"185",7,-23.5
"185",6,-22.5
"185",5,-21.5
"185",4,-20.5
"185",3,-19.5
"185",2,-18.5
"185",1,-17.5
"185",0,-16.5
"185",-1,-15.5
"185",-2,-14.5
"185",-3,-13.5
"185",-4,-12.5
"185",-5,-11.5
"185",-6,-10.5
"185",-7,-9.5
"185",-8,-8.5
"185",-9,-7.5
"185",-10,-6.5
"185",-11,-5.5
"185",-12,-4.5
"185",-13,-3.5
"185",-14,-2.5
"185",-15,-1.5
"185",-16,-0.5
"185",-17,0.5
"185",-18,1.5
"185",-19,2.5
"185",-20,3.5
"185",-21,4.5
"185",-22,5.5
"185",-23,6.5
"185",-24,7.5
"185",-25,8.5
"185",-26,9.5
"185",-27,10.5
"185",-28,11.5
"185",-29,12.5
"185",-30,13.5
"185",-31,14.5
"185",-32,15.5
"185",-33,16.5
"185",-34,17.5
"185",-35,18.5
"185",-36,19.5
"185",-37,20.5
"185",-38,21.5
"185",-39,22.5
"185",-40,23.5
"185",-40,24.5
"185",-40,25.5
"185",-40,26.5
"185",-40,27.5
"185",-40,28.5
"185",-40,29.5
"185",-40,30.5
"185",-40,31.5
"185",-40,32.5
"185",-39,33.5
"185",-38,34.5
"185",-37,35.5
"185",-36,36.5
"185",-35,37.5
"185",-34,38.5
"185",-33,39.5
"185",-32,40.5
"185",-31,41.5
"185",-30,42.5
"185",-29,43.5
"185",-28,44.5
"185",-27,45.5
"185",-26,46.5
"185",-25,47.5
"185",-24,48.5
"185",-23,49.5
"185",-22,50.5
"185",-21,51.5
"185",-20,52.5
"185",-19,53.5
"185",-18,54.5
"185",-17,55.5
"185",-16,56.5
"185",-15,57.5
"185",-14,58.5
"185",-13,58.5
"185",-12,59.5
"185",-11,59.5
"185",-10,59.5
"185",-9,59.5
"185",-8,59.5
"185",-7,59.5
"185",-6,59.5
"185",-5,59.5
"185",-4,59.5
"185",-3,59.5
"185",-2,58.5
"185",-1,57.5
"185",0,56.5
"185",0,55.5
"185",0,54.5
"186",0,-73.5
"186",-1,-72.5
"186",-2,-71.5
"186",-3,-71.5
"186",-4,-70.5
"186",-5,-70.5
"186",-6,-70.5
"186",-7,-70.5
"186",-8,-70.5
"186",-9,-70.5
"186",-10,-70.5
"186",-11,-70.5
"186",-12,-70.5
"186",-13,-70.5
"186",-14,-70.5
"186",-15,-69.5
"186",-16,-68.5
"186",-16,-67.5
"186",-16,-66.5
"186",-16,-65.5
"186",-15,-64.5
"186",-14,-63.5
"186",-13,-62.5
"186",-12,-61.5
"186",-11,-60.5
"186",-10,-59.5
"186",-9,-58.5
"186",-8,-57.5
"186",-7,-56.5
"186",-6,-55.5
"186",-5,-54.5
"186",-4,-53.5
"186",-3,-52.5
"186",-2,-51.5
"186",-1,-50.5
"186",0,-49.5
"186",1,-48.5
"186",2,-47.5
"186",3,-46.5
"186",4,-45.5
"186",5,-44.5
"186",6,-43.5
"186",7,-42.5
"186",8,-41.5
"186",9,-40.5
"186",10,-39.5
"186",11,-38.5
"186",12,-37.5
"186",13,-36.5
"186",14,-35.5
"186",14,-34.5
"186",14,-33.5
"186",14,-32.5
"186",14,-31.5
"186",14,-30.5
"186",14,-29.5
"186",13,-28.5
"186",12,-27.5
"186",11,-26.5
"186",10,-25.5
"186",9,-24.5
"186",8,-23.5
"186",7,-22.5
"186",6,-21.5
"186",5,-20.5
"186",4,-19.5
"186",3,-18.5
"186",2,-17.5
"186",1,-16.5
"186",0,-15.5
"186",-1,-14.5
"186",-2,-13.5
"186",-3,-12.5
"186",-4,-11.5
"186",-5,-10.5
"186",-6,-9.5
"186",-7,-8.5
"186",-8,-7.5
"186",-9,-6.5
"186",-10,-5.5
"186",-11,-4.5
"186",-12,-3.5
"186",-13,-2.5
"186",-14,-1.5
"186",-15,-0.5
"186",-16,0.5
"186",-17,1.5
"186",-18,2.5
"186",-19,3.5
"186",-20,4.5
"186",-21,5.5
"186",-22,6.5
"186",-23,7.5
"186",-24,8.5
"186",-25,9.5
"186",-26,10.5
"186",-27,11.5
"186",-28,12.5
"186",-29,13.5
"186",-30,14.5
"186",-31,15.5
"186",-32,16.5
"186",-33,17.5
"186",-34,18.5
"186",-35,19.5
"186",-36,20.5
"186",-37,21.5
"186",-38,22.5
"186",-39,23.5
"186",-40,24.5
"186",-41,25.5
"186",-42,26.5
"186",-42,27.5
"186",-42,28.5
"186",-42,29.5
"186",-42,30.5
"186",-42,31.5
"186",-42,32.5
"186",-41,33.5
"186",-40,34.5
"186",-39,35.5
"186",-38,36.5
"186",-37,37.5
"186",-36,38.5
"186",-35,39.5
"186",-34,40.5
"186",-33,41.5
"186",-32,42.5
"186",-31,43.5
"186",-30,44.5
"186",-29,45.5
"186",-28,46.5
"186",-27,47.5
"186",-26,48.5
"186",-25,49.5
"186",-24,50.5
"186",-23,51.5
"186",-22,52.5
"186",-21,53.5
"186",-20,54.5
"186",-19,55.5
"186",-18,55.5
"186",-17,56.5
"186",-16,56.5
"186",-15,56.5
"186",-14,56.5
"186",-13,56.5
"186",-12,56.5
"186",-11,56.5
"186",-10,56.5
"186",-9,57.5
"186",-8,58.5
"186",-7,59.5
"186",-6,59.5
"186",-5,59.5
"186",-4,59.5
"186",-3,59.5
"186",-2,58.5
"186",-1,57.5
"186",0,56.5
"186",0,55.5
"186",0,54.5
"187",0,-73.5
"187",-1,-72.5
"187",-2,-71.5
"187",-3,-71.5
"187",-4,-71.5
"187",-5,-71.5
"187",-6,-70.5
"187",-7,-69.5
"187",-8,-68.5
"187",-9,-67.5
"187",-9,-66.5
"187",-9,-65.5
"187",-9,-64.5
"187",-9,-63.5
"187",-9,-62.5
"187",-9,-61.5
"187",-9,-60.5
"187",-8,-59.5
"187",-7,-58.5
"187",-6,-57.5
"187",-5,-56.5
"187",-4,-55.5
"187",-3,-54.5
"187",-2,-53.5
"187",-1,-52.5
"187",0,-51.5
"187",1,-50.5
"187",2,-49.5
"187",3,-48.5
"187",4,-47.5
"187",5,-46.5
"187",6,-45.5
"187",7,-44.5
"187",8,-43.5
"187",9,-42.5
"187",10,-41.5
"187",11,-40.5
"187",12,-39.5
"187",13,-38.5
"187",14,-37.5
"187",15,-36.5
"187",15,-35.5
"187",15,-34.5
"187",15,-33.5
"187",15,-32.5
"187",15,-31.5
"187",15,-30.5
"187",14,-29.5
"187",13,-28.5
"187",12,-27.5
"187",11,-26.5
"187",10,-25.5
"187",9,-24.5
"187",8,-23.5
"187",7,-22.5
"187",6,-21.5
"187",5,-20.5
"187",4,-19.5
"187",3,-18.5
"187",2,-17.5
"187",1,-16.5
"187",0,-15.5
"187",-1,-14.5
"187",-2,-13.5
"187",-3,-12.5
"187",-4,-11.5
"187",-5,-11.5
"187",-6,-10.5
"187",-7,-9.5
"187",-8,-8.5
"187",-9,-7.5
"187",-10,-6.5
"187",-11,-5.5
"187",-12,-4.5
"187",-13,-3.5
"187",-14,-2.5
"187",-15,-1.5
"187",-16,-0.5
"187",-17,0.5
"187",-18,1.5
"187",-19,2.5
"187",-20,3.5
"187",-21,4.5
"187",-22,5.5
"187",-23,6.5
"187",-24,7.5
"187",-25,8.5
"187",-26,9.5
"187",-27,10.5
"187",-28,10.5
"187",-29,11.5
"187",-30,12.5
"187",-31,13.5
"187",-32,14.5
"187",-33,15.5
"187",-34,16.5
"187",-35,17.5
"187",-36,18.5
"187",-37,19.5
"187",-38,20.5
"187",-39,21.5
"187",-39,22.5
"187",-39,23.5
"187",-39,24.5
"187",-39,25.5
"187",-39,26.5
"187",-39,27.5
"187",-39,28.5
"187",-39,29.5
"187",-39,30.5
"187",-39,31.5
"187",-39,32.5
"187",-39,33.5
"187",-39,34.5
"187",-38,35.5
"187",-37,36.5
"187",-36,37.5
"187",-35,38.5
"187",-34,39.5
"187",-33,40.5
"187",-32,41.5
"187",-31,42.5
"187",-30,43.5
"187",-29,44.5
"187",-28,45.5
"187",-27,45.5
"187",-26,46.5
"187",-25,47.5
"187",-24,48.5
"187",-23,49.5
"187",-22,49.5
"187",-21,50.5
"187",-20,51.5
"187",-19,52.5
"187",-18,52.5
"187",-17,53.5
"187",-16,53.5
"187",-15,53.5
"187",-14,54.5
"187",-13,54.5
"187",-12,55.5
"187",-11,56.5
"187",-10,57.5
"187",-9,57.5
"187",-8,58.5
"187",-7,59.5
"187",-6,59.5
"187",-5,59.5
"187",-4,59.5
"187",-3,59.5
"187",-2,58.5
"187",-1,57.5
"187",0,56.5
"187",0,55.5
"187",0,54.5
"188",0,-73.5
"188",-1,-72.5
"188",-2,-71.5
"188",-3,-71.5
"188",-4,-71.5
"188",-5,-71.5
"188",-6,-70.5
"188",-7,-70.5
"188",-8,-69.5
"188",-9,-68.5
"188",-9,-67.5
"188",-9,-66.5
"188",-9,-65.5
"188",-9,-64.5
"188",-9,-63.5
"188",-8,-62.5
"188",-7,-61.5
"188",-6,-60.5
"188",-5,-59.5
"188",-4,-58.5
"188",-3,-57.5
"188",-2,-56.5
"188",-1,-55.5
"188",0,-54.5
"188",1,-53.5
"188",2,-52.5
"188",3,-51.5
"188",4,-50.5
"188",5,-49.5
"188",6,-49.5
"188",7,-49.5
"188",8,-48.5
"188",9,-47.5
"188",10,-46.5
"188",11,-45.5
"188",12,-44.5
"188",13,-43.5
"188",14,-42.5
"188",15,-41.5
"188",15,-40.5
"188",15,-39.5
"188",15,-38.5
"188",15,-37.5
"188",15,-36.5
"188",15,-35.5
"188",15,-34.5
"188",15,-33.5
"188",15,-32.5
"188",15,-31.5
"188",15,-30.5
"188",14,-29.5
"188",13,-28.5
"188",13,-27.5
"188",12,-26.5
"188",12,-25.5
"188",11,-24.5
"188",10,-23.5
"188",9,-22.5
"188",8,-21.5
"188",7,-20.5
"188",6,-19.5
"188",5,-18.5
"188",4,-17.5
"188",3,-16.5
"188",2,-15.5
"188",1,-15.5
"188",0,-14.5
"188",-1,-13.5
"188",-2,-12.5
"188",-3,-11.5
"188",-4,-10.5
"188",-5,-10.5
"188",-6,-9.5
"188",-7,-9.5
"188",-8,-8.5
"188",-9,-7.5
"188",-9,-6.5
"188",-10,-5.5
"188",-11,-4.5
"188",-12,-4.5
"188",-13,-3.5
"188",-14,-2.5
"188",-15,-2.5
"188",-16,-1.5
"188",-17,-0.5
"188",-18,0.5
"188",-18,1.5
"188",-19,2.5
"188",-20,3.5
"188",-21,4.5
"188",-22,5.5
"188",-23,6.5
"188",-24,7.5
"188",-25,8.5
"188",-26,9.5
"188",-27,10.5
"188",-28,10.5
"188",-29,11.5
"188",-30,12.5
"188",-31,13.5
"188",-32,14.5
"188",-33,15.5
"188",-34,16.5
"188",-35,16.5
"188",-36,17.5
"188",-37,18.5
"188",-38,19.5
"188",-39,20.5
"188",-39,21.5
"188",-39,22.5
"188",-39,23.5
"188",-39,24.5
"188",-39,25.5
"188",-39,26.5
"188",-39,27.5
"188",-39,28.5
"188",-39,29.5
"188",-39,30.5
"188",-39,31.5
"188",-39,32.5
"188",-39,33.5
"188",-39,34.5
"188",-39,35.5
"188",-39,36.5
"188",-39,37.5
"188",-39,38.5
"188",-38,39.5
"188",-37,40.5
"188",-36,41.5
"188",-35,42.5
"188",-34,43.5
"188",-34,44.5
"188",-33,45.5
"188",-32,46.5
"188",-31,47.5
"188",-30,47.5
"188",-29,47.5
"188",-28,48.5
"188",-27,49.5
"188",-26,50.5
"188",-25,51.5
"188",-24,52.5
"188",-23,53.5
"188",-22,53.5
"188",-21,54.5
"188",-20,54.5
"188",-19,55.5
"188",-18,55.5
"188",-17,55.5
"188",-16,55.5
"188",-15,55.5
"188",-14,55.5
"188",-13,55.5
"188",-12,56.5
"188",-11,57.5
"188",-10,58.5
"188",-9,58.5
"188",-8,58.5
"188",-7,59.5
"188",-6,59.5
"188",-5,59.5
"188",-4,59.5
"188",-3,59.5
"188",-2,58.5
"188",-1,57.5
"188",0,56.5
"188",0,55.5
"188",0,54.5
"189",0,-73.5
"189",-1,-72.5
"189",-2,-71.5
"189",-3,-71.5
"189",-4,-70.5
"189",-5,-70.5
"189",-6,-70.5
"189",-7,-70.5
"189",-8,-70.5
"189",-9,-70.5
"189",-10,-70.5
"189",-11,-69.5
"189",-12,-68.5
"189",-13,-67.5
"189",-14,-66.5
"189",-14,-65.5
"189",-14,-64.5
"189",-13,-63.5
"189",-12,-62.5
"189",-11,-61.5
"189",-10,-60.5
"189",-9,-59.5
"189",-8,-58.5
"189",-7,-57.5
"189",-6,-56.5
"189",-5,-55.5
"189",-4,-54.5
"189",-3,-53.5
"189",-2,-52.5
"189",-1,-51.5
"189",0,-50.5
"189",1,-49.5
"189",2,-48.5
"189",3,-47.5
"189",4,-46.5
"189",5,-45.5
"189",6,-44.5
"189",7,-43.5
"189",8,-42.5
"189",9,-41.5
"189",10,-40.5
"189",11,-39.5
"189",12,-38.5
"189",13,-37.5
"189",14,-36.5
"189",14,-35.5
"189",14,-34.5
"189",14,-33.5
"189",14,-32.5
"189",14,-31.5
"189",14,-30.5
"189",13,-29.5
"189",12,-28.5
"189",11,-27.5
"189",10,-26.5
"189",9,-25.5
"189",8,-24.5
"189",7,-23.5
"189",6,-22.5
"189",5,-21.5
"189",4,-20.5
"189",3,-19.5
"189",2,-18.5
"189",1,-17.5
"189",0,-16.5
"189",-1,-15.5
"189",-2,-14.5
"189",-3,-13.5
"189",-4,-12.5
"189",-5,-11.5
"189",-6,-10.5
"189",-7,-9.5
"189",-8,-8.5
"189",-9,-7.5
"189",-10,-6.5
"189",-11,-5.5
"189",-12,-4.5
"189",-13,-3.5
"189",-14,-2.5
"189",-15,-1.5
"189",-16,-0.5
"189",-17,0.5
"189",-18,1.5
"189",-19,2.5
"189",-20,3.5
"189",-21,4.5
"189",-22,5.5
"189",-23,6.5
"189",-24,7.5
"189",-25,8.5
"189",-26,9.5
"189",-27,10.5
"189",-28,11.5
"189",-29,12.5
"189",-30,13.5
"189",-31,14.5
"189",-32,15.5
"189",-33,16.5
"189",-34,17.5
"189",-35,18.5
"189",-36,19.5
"189",-37,20.5
"189",-38,21.5
"189",-39,22.5
"189",-40,23.5
"189",-41,24.5
"189",-42,25.5
"189",-42,26.5
"189",-42,27.5
"189",-42,28.5
"189",-42,29.5
"189",-42,30.5
"189",-42,31.5
"189",-42,32.5
"189",-41,33.5
"189",-40,34.5
"189",-39,35.5
"189",-38,36.5
"189",-37,37.5
"189",-36,38.5
"189",-35,39.5
"189",-34,40.5
"189",-33,41.5
"189",-32,42.5
"189",-31,43.5
"189",-30,44.5
"189",-29,45.5
"189",-28,46.5
"189",-27,47.5
"189",-26,48.5
"189",-25,49.5
"189",-24,50.5
"189",-23,51.5
"189",-22,52.5
"189",-21,53.5
"189",-20,54.5
"189",-19,55.5
"189",-18,56.5
"189",-17,57.5
"189",-16,57.5
"189",-15,57.5
"189",-14,57.5
"189",-13,57.5
"189",-12,58.5
"189",-11,58.5
"189",-10,58.5
"189",-9,58.5
"189",-8,59.5
"189",-7,59.5
"189",-6,59.5
"189",-5,59.5
"189",-4,59.5
"189",-3,59.5
"189",-2,58.5
"189",-1,57.5
"189",0,56.5
"189",0,55.5
"189",0,54.5
"190",0,-73.5
"190",-1,-72.5
"190",-2,-71.5
"190",-3,-71.5
"190",-4,-71.5
"190",-5,-71.5
"190",-6,-70.5
"190",-7,-69.5
"190",-8,-68.5
"190",-9,-67.5
"190",-9,-66.5
"190",-9,-65.5
"190",-9,-64.5
"190",-9,-63.5
"190",-9,-62.5
"190",-9,-61.5
"190",-9,-60.5
"190",-8,-59.5
"190",-7,-58.5
"190",-6,-57.5
"190",-5,-56.5
"190",-4,-55.5
"190",-3,-54.5
"190",-2,-53.5
"190",-1,-52.5
"190",0,-51.5
"190",1,-50.5
"190",2,-49.5
"190",3,-48.5
"190",4,-47.5
"190",5,-46.5
"190",6,-45.5
"190",7,-44.5
"190",8,-43.5
"190",9,-42.5
"190",10,-41.5
"190",11,-40.5
"190",12,-39.5
"190",13,-38.5
"190",14,-37.5
"190",15,-36.5
"190",15,-35.5
"190",15,-34.5
"190",15,-33.5
"190",15,-32.5
"190",15,-31.5
"190",15,-30.5
"190",14,-29.5
"190",13,-28.5
"190",13,-27.5
"190",12,-26.5
"190",11,-25.5
"190",10,-24.5
"190",9,-23.5
"190",8,-22.5
"190",7,-21.5
"190",6,-20.5
"190",5,-19.5
"190",4,-18.5
"190",3,-17.5
"190",2,-16.5
"190",1,-15.5
"190",0,-14.5
"190",-1,-13.5
"190",-2,-12.5
"190",-3,-11.5
"190",-4,-10.5
"190",-5,-10.5
"190",-6,-9.5
"190",-7,-9.5
"190",-8,-8.5
"190",-9,-7.5
"190",-10,-6.5
"190",-11,-5.5
"190",-12,-4.5
"190",-13,-3.5
"190",-14,-2.5
"190",-15,-1.5
"190",-16,-0.5
"190",-17,0.5
"190",-18,1.5
"190",-19,2.5
"190",-20,3.5
"190",-21,4.5
"190",-22,5.5
"190",-23,6.5
"190",-24,7.5
"190",-25,8.5
"190",-26,9.5
"190",-27,10.5
"190",-28,10.5
"190",-29,11.5
"190",-30,12.5
"190",-31,13.5
"190",-32,14.5
"190",-33,15.5
"190",-34,16.5
"190",-35,17.5
"190",-36,18.5
"190",-37,19.5
"190",-38,20.5
"190",-39,21.5
"190",-39,22.5
"190",-39,23.5
"190",-39,24.5
"190",-39,25.5
"190",-39,26.5
"190",-39,27.5
"190",-39,28.5
"190",-39,29.5
"190",-39,30.5
"190",-39,31.5
"190",-39,32.5
"190",-39,33.5
"190",-39,34.5
"190",-38,35.5
"190",-37,36.5
"190",-36,37.5
"190",-35,38.5
"190",-34,39.5
"190",-33,40.5
"190",-32,41.5
"190",-31,42.5
"190",-30,43.5
"190",-29,44.5
"190",-28,45.5
"190",-27,45.5
"190",-26,46.5
"190",-25,47.5
"190",-24,48.5
"190",-23,49.5
"190",-22,49.5
"190",-21,50.5
"190",-20,51.5
"190",-19,52.5
"190",-18,52.5
"190",-17,53.5
"190",-16,53.5
"190",-15,53.5
"190",-14,54.5
"190",-13,55.5
"190",-12,56.5
"190",-11,57.5
"190",-10,58.5
"190",-9,58.5
"190",-8,58.5
"190",-7,59.5
"190",-6,59.5
"190",-5,59.5
"190",-4,59.5
"190",-3,59.5
"190",-2,58.5
"190",-1,57.5
"190",0,56.5
"190",0,55.5
"190",0,54.5
"191",0,-73.5
"191",-1,-73.5
"191",-2,-73.5
"191",-3,-73.5
"191",-4,-72.5
"191",-5,-72.5
"191",-6,-71.5
"191",-7,-70.5
"191",-8,-69.5
"191",-9,-68.5
"191",-10,-67.5
"191",-11,-66.5
"191",-11,-65.5
"191",-11,-64.5
"191",-11,-63.5
"191",-10,-62.5
"191",-9,-61.5
"191",-8,-60.5
"191",-7,-59.5
"191",-6,-58.5
"191",-5,-57.5
"191",-4,-56.5
"191",-3,-55.5
"191",-2,-54.5
"191",-1,-53.5
"191",0,-52.5
"191",1,-51.5
"191",2,-50.5
"191",3,-49.5
"191",4,-48.5
"191",5,-47.5
"191",6,-46.5
"191",7,-45.5
"191",8,-44.5
"191",9,-43.5
"191",10,-42.5
"191",11,-41.5
"191",12,-40.5
"191",13,-39.5
"191",14,-38.5
"191",15,-37.5
"191",15,-36.5
"191",15,-35.5
"191",15,-34.5
"191",15,-33.5
"191",15,-32.5
"191",15,-31.5
"191",14,-30.5
"191",13,-29.5
"191",12,-28.5
"191",11,-27.5
"191",10,-26.5
"191",9,-25.5
"191",8,-24.5
"191",7,-23.5
"191",6,-22.5
"191",5,-21.5
"191",4,-20.5
"191",3,-19.5
"191",2,-18.5
"191",1,-17.5
"191",0,-16.5
"191",-1,-15.5
"191",-2,-14.5
"191",-3,-13.5
"191",-4,-12.5
"191",-5,-11.5
"191",-6,-10.5
"191",-7,-9.5
"191",-8,-8.5
"191",-9,-7.5
"191",-10,-6.5
"191",-11,-5.5
"191",-12,-4.5
"191",-13,-3.5
"191",-14,-2.5
"191",-15,-1.5
"191",-16,-0.5
"191",-17,0.5
"191",-18,1.5
"191",-19,2.5
"191",-20,3.5
"191",-21,4.5
"191",-22,5.5
"191",-23,6.5
"191",-24,7.5
"191",-25,8.5
"191",-26,9.5
"191",-27,10.5
"191",-28,11.5
"191",-29,12.5
"191",-30,13.5
"191",-31,14.5
"191",-32,15.5
"191",-33,16.5
"191",-34,17.5
"191",-35,18.5
"191",-36,19.5
"191",-37,20.5
"191",-38,21.5
"191",-39,22.5
"191",-40,23.5
"191",-41,24.5
"191",-42,25.5
"191",-42,26.5
"191",-42,27.5
"191",-42,28.5
"191",-42,29.5
"191",-42,30.5
"191",-42,31.5
"191",-41,32.5
"191",-40,33.5
"191",-39,34.5
"191",-38,35.5
"191",-37,36.5
"191",-36,37.5
"191",-35,38.5
"191",-34,39.5
"191",-33,40.5
"191",-32,41.5
"191",-31,42.5
"191",-30,43.5
"191",-29,44.5
"191",-28,45.5
"191",-27,46.5
"191",-26,47.5
"191",-25,48.5
"191",-24,49.5
"191",-23,50.5
"191",-22,51.5
"191",-21,52.5
"191",-20,53.5
"191",-19,54.5
"191",-18,55.5
"191",-17,56.5
"191",-16,57.5
"191",-15,58.5
"191",-14,58.5
"191",-13,58.5
"191",-12,58.5
"191",-11,58.5
"191",-10,58.5
"191",-9,58.5
"191",-8,59.5
"191",-7,59.5
"191",-6,59.5
"191",-5,59.5
"191",-4,59.5
"191",-3,59.5
"191",-2,58.5
"191",-1,57.5
"191",0,56.5
"191",0,55.5
"191",0,54.5
"192",0,-73.5
"192",-1,-72.5
"192",-2,-71.5
"192",-3,-71.5
"192",-4,-70.5
"192",-5,-70.5
"192",-6,-70.5
"192",-7,-70.5
"192",-8,-70.5
"192",-9,-70.5
"192",-10,-70.5
"192",-11,-70.5
"192",-12,-69.5
"192",-13,-68.5
"192",-14,-67.5
"192",-14,-66.5
"192",-14,-65.5
"192",-14,-64.5
"192",-13,-63.5
"192",-12,-62.5
"192",-11,-61.5
"192",-10,-60.5
"192",-9,-59.5
"192",-8,-58.5
"192",-7,-57.5
"192",-6,-56.5
"192",-5,-55.5
"192",-4,-54.5
"192",-3,-53.5
"192",-2,-52.5
"192",-1,-51.5
"192",0,-50.5
"192",1,-49.5
"192",2,-48.5
"192",3,-47.5
"192",4,-46.5
"192",5,-45.5
"192",6,-44.5
"192",7,-43.5
"192",8,-42.5
"192",9,-41.5
"192",10,-40.5
"192",11,-39.5
"192",12,-38.5
"192",13,-37.5
"192",14,-36.5
"192",14,-35.5
"192",14,-34.5
"192",14,-33.5
"192",14,-32.5
"192",14,-31.5
"192",14,-30.5
"192",14,-29.5
"192",13,-28.5
"192",12,-27.5
"192",11,-26.5
"192",10,-25.5
"192",9,-24.5
"192",8,-23.5
"192",7,-22.5
"192",6,-21.5
"192",5,-20.5
"192",4,-19.5
"192",3,-18.5
"192",2,-17.5
"192",1,-16.5
"192",0,-15.5
"192",-1,-14.5
"192",-2,-13.5
"192",-3,-12.5
"192",-4,-11.5
"192",-5,-10.5
"192",-6,-9.5
"192",-7,-8.5
"192",-8,-8.5
"192",-9,-7.5
"192",-10,-6.5
"192",-11,-5.5
"192",-12,-4.5
"192",-13,-3.5
"192",-14,-2.5
"192",-15,-1.5
"192",-16,-0.5
"192",-17,0.5
"192",-18,1.5
"192",-19,2.5
"192",-20,3.5
"192",-21,4.5
"192",-22,5.5
"192",-23,6.5
"192",-24,7.5
"192",-25,8.5
"192",-26,9.5
"192",-27,10.5
"192",-28,11.5
"192",-29,12.5
"192",-30,13.5
"192",-31,14.5
"192",-32,15.5
"192",-33,16.5
"192",-34,17.5
"192",-35,18.5
"192",-36,19.5
"192",-37,20.5
"192",-38,21.5
"192",-39,22.5
"192",-40,23.5
"192",-41,24.5
"192",-42,25.5
"192",-43,26.5
"192",-43,27.5
"192",-43,28.5
"192",-43,29.5
"192",-43,30.5
"192",-43,31.5
"192",-43,32.5
"192",-42,33.5
"192",-41,34.5
"192",-40,35.5
"192",-39,36.5
"192",-38,37.5
"192",-37,38.5
"192",-36,39.5
"192",-35,40.5
"192",-34,41.5
"192",-33,42.5
"192",-32,43.5
"192",-31,44.5
"192",-30,45.5
"192",-29,46.5
"192",-28,47.5
"192",-27,48.5
"192",-26,49.5
"192",-25,50.5
"192",-24,51.5
"192",-23,52.5
"192",-22,53.5
"192",-21,54.5
"192",-20,55.5
"192",-19,56.5
"192",-18,56.5
"192",-17,57.5
"192",-16,57.5
"192",-15,57.5
"192",-14,57.5
"192",-13,57.5
"192",-12,57.5
"192",-11,57.5
"192",-10,57.5
"192",-9,58.5
"192",-8,59.5
"192",-7,59.5
"192",-6,59.5
"192",-5,59.5
"192",-4,59.5
"192",-3,59.5
"192",-2,58.5
"192",-1,57.5
"192",0,56.5
"192",0,55.5
"192",0,54.5
"193",0,-73.5
"193",-1,-72.5
"193",-2,-71.5
"193",-3,-71.5
"193",-4,-71.5
"193",-5,-71.5
"193",-6,-70.5
"193",-7,-69.5
"193",-8,-68.5
"193",-9,-67.5
"193",-9,-66.5
"193",-9,-65.5
"193",-9,-64.5
"193",-9,-63.5
"193",-9,-62.5
"193",-9,-61.5
"193",-9,-60.5
"193",-8,-59.5
"193",-7,-58.5
"193",-6,-57.5
"193",-5,-56.5
"193",-4,-55.5
"193",-3,-54.5
"193",-2,-53.5
"193",-1,-52.5
"193",0,-51.5
"193",1,-50.5
"193",2,-49.5
"193",3,-48.5
"193",4,-47.5
"193",5,-46.5
"193",6,-45.5
"193",7,-44.5
"193",8,-43.5
"193",9,-42.5
"193",10,-41.5
"193",11,-40.5
"193",12,-39.5
"193",13,-38.5
"193",14,-37.5
"193",15,-36.5
"193",15,-35.5
"193",15,-34.5
"193",15,-33.5
"193",15,-32.5
"193",15,-31.5
"193",15,-30.5
"193",14,-29.5
"193",13,-28.5
"193",13,-27.5
"193",12,-26.5
"193",11,-25.5
"193",10,-24.5
"193",9,-23.5
"193",8,-22.5
"193",7,-21.5
"193",6,-20.5
"193",5,-19.5
"193",4,-18.5
"193",3,-17.5
"193",2,-16.5
"193",1,-15.5
"193",0,-14.5
"193",-1,-13.5
"193",-2,-12.5
"193",-3,-11.5
"193",-4,-10.5
"193",-5,-10.5
"193",-6,-9.5
"193",-7,-9.5
"193",-8,-8.5
"193",-9,-7.5
"193",-10,-6.5
"193",-11,-5.5
"193",-12,-4.5
"193",-13,-3.5
"193",-14,-2.5
"193",-15,-1.5
"193",-16,-0.5
"193",-17,0.5
"193",-18,1.5
"193",-19,2.5
"193",-20,3.5
"193",-21,4.5
"193",-22,5.5
"193",-23,6.5
"193",-24,7.5
"193",-25,8.5
"193",-26,9.5
"193",-27,10.5
"193",-28,10.5
"193",-29,11.5
"193",-30,12.5
"193",-31,13.5
"193",-32,14.5
"193",-33,15.5
"193",-34,16.5
"193",-35,17.5
"193",-36,18.5
"193",-37,19.5
"193",-38,20.5
"193",-39,21.5
"193",-39,22.5
"193",-39,23.5
"193",-39,24.5
"193",-39,25.5
"193",-39,26.5
"193",-39,27.5
"193",-39,28.5
"193",-39,29.5
"193",-39,30.5
"193",-39,31.5
"193",-39,32.5
"193",-39,33.5
"193",-39,34.5
"193",-38,35.5
"193",-37,36.5
"193",-36,37.5
"193",-35,38.5
"193",-34,39.5
"193",-33,40.5
"193",-32,41.5
"193",-31,42.5
"193",-30,43.5
"193",-29,44.5
"193",-28,45.5
"193",-27,45.5
"193",-26,46.5
"193",-25,47.5
"193",-24,48.5
"193",-23,49.5
"193",-22,49.5
"193",-21,50.5
"193",-20,51.5
"193",-19,52.5
"193",-18,52.5
"193",-17,53.5
"193",-16,53.5
"193",-15,53.5
"193",-14,54.5
"193",-13,55.5
"193",-12,56.5
"193",-11,57.5
"193",-10,58.5
"193",-9,58.5
"193",-8,58.5
"193",-7,59.5
"193",-6,59.5
"193",-5,59.5
"193",-4,59.5
"193",-3,59.5
"193",-2,58.5
"193",-1,57.5
"193",0,56.5
"193",0,55.5
"193",0,54.5
"194",0,-73.5
"194",-1,-73.5
"194",-2,-73.5
"194",-3,-73.5
"194",-4,-72.5
"194",-5,-72.5
"194",-6,-72.5
"194",-7,-72.5
"194",-8,-72.5
"194",-9,-72.5
"194",-10,-71.5
"194",-11,-70.5
"194",-12,-69.5
"194",-13,-68.5
"194",-14,-67.5
"194",-14,-66.5
"194",-14,-65.5
"194",-14,-64.5
"194",-13,-63.5
"194",-12,-62.5
"194",-11,-61.5
"194",-10,-60.5
"194",-9,-59.5
"194",-8,-58.5
"194",-7,-57.5
"194",-6,-56.5
"194",-5,-55.5
"194",-4,-54.5
"194",-3,-53.5
"194",-2,-52.5
"194",-1,-51.5
"194",0,-50.5
"194",1,-49.5
"194",2,-48.5
"194",3,-47.5
"194",4,-46.5
"194",5,-45.5
"194",6,-44.5
"194",7,-43.5
"194",8,-42.5
"194",9,-41.5
"194",10,-40.5
"194",11,-39.5
"194",12,-38.5
"194",13,-37.5
"194",14,-36.5
"194",14,-35.5
"194",14,-34.5
"194",14,-33.5
"194",14,-32.5
"194",14,-31.5
"194",14,-30.5
"194",14,-29.5
"194",13,-28.5
"194",12,-27.5
"194",11,-26.5
"194",10,-25.5
"194",9,-24.5
"194",8,-23.5
"194",7,-22.5
"194",6,-21.5
"194",5,-20.5
"194",4,-19.5
"194",3,-18.5
"194",2,-17.5
"194",1,-16.5
"194",0,-15.5
"194",-1,-14.5
"194",-2,-13.5
"194",-3,-12.5
"194",-4,-11.5
"194",-5,-10.5
"194",-6,-10.5
"194",-7,-10.5
"194",-8,-9.5
"194",-9,-9.5
"194",-10,-9.5
"194",-11,-8.5
"194",-12,-7.5
"194",-13,-6.5
"194",-14,-5.5
"194",-15,-4.5
"194",-16,-3.5
"194",-17,-2.5
"194",-18,-1.5
"194",-19,-0.5
"194",-20,0.5
"194",-21,1.5
"194",-22,2.5
"194",-23,3.5
"194",-24,4.5
"194",-25,5.5
"194",-26,6.5
"194",-27,7.5
"194",-28,8.5
"194",-29,9.5
"194",-30,10.5
"194",-31,11.5
"194",-32,12.5
"194",-33,13.5
"194",-34,14.5
"194",-35,15.5
"194",-36,16.5
"194",-37,17.5
"194",-38,18.5
"194",-39,19.5
"194",-40,20.5
"194",-41,21.5
"194",-42,22.5
"194",-43,23.5
"194",-44,24.5
"194",-45,25.5
"194",-45,26.5
"194",-45,27.5
"194",-45,28.5
"194",-45,29.5
"194",-45,30.5
"194",-45,31.5
"194",-44,32.5
"194",-43,33.5
"194",-42,34.5
"194",-41,35.5
"194",-40,36.5
"194",-39,37.5
"194",-38,38.5
"194",-37,39.5
"194",-36,40.5
"194",-35,41.5
"194",-34,42.5
"194",-33,43.5
"194",-32,44.5
"194",-31,45.5
"194",-30,46.5
"194",-29,47.5
"194",-28,48.5
"194",-27,49.5
"194",-26,50.5
"194",-25,51.5
"194",-24,52.5
"194",-23,53.5
"194",-22,54.5
"194",-21,55.5
"194",-20,56.5
"194",-19,56.5
"194",-18,57.5
"194",-17,57.5
"194",-16,57.5
"194",-15,57.5
"194",-14,57.5
"194",-13,57.5
"194",-12,58.5
"194",-11,58.5
"194",-10,58.5
"194",-9,58.5
"194",-8,59.5
"194",-7,59.5
"194",-6,59.5
"194",-5,59.5
"194",-4,59.5
"194",-3,59.5
"194",-2,58.5
"194",-1,57.5
"194",0,56.5
"194",0,55.5
"194",0,54.5
"195",0,-73.5
"195",-1,-73.5
"195",-2,-73.5
"195",-3,-73.5
"195",-4,-72.5
"195",-5,-72.5
"195",-6,-72.5
"195",-7,-72.5
"195",-8,-72.5
"195",-9,-72.5
"195",-10,-71.5
"195",-11,-70.5
"195",-12,-69.5
"195",-13,-68.5
"195",-14,-67.5
"195",-14,-66.5
"195",-14,-65.5
"195",-14,-64.5
"195",-13,-63.5
"195",-12,-62.5
"195",-11,-61.5
"195",-10,-60.5
"195",-9,-59.5
"195",-8,-58.5
"195",-7,-57.5
"195",-6,-56.5
"195",-5,-55.5
"195",-4,-54.5
"195",-3,-53.5
"195",-2,-52.5
"195",-1,-51.5
"195",0,-50.5
"195",1,-49.5
"195",2,-48.5
"195",3,-47.5
"195",4,-46.5
"195",5,-45.5
"195",6,-44.5
"195",7,-43.5
"195",8,-42.5
"195",9,-41.5
"195",10,-40.5
"195",11,-39.5
"195",12,-38.5
"195",13,-37.5
"195",14,-36.5
"195",14,-35.5
"195",14,-34.5
"195",14,-33.5
"195",14,-32.5
"195",14,-31.5
"195",14,-30.5
"195",14,-29.5
"195",13,-28.5
"195",12,-27.5
"195",11,-26.5
"195",10,-25.5
"195",9,-24.5
"195",8,-23.5
"195",7,-22.5
"195",6,-21.5
"195",5,-20.5
"195",4,-19.5
"195",3,-18.5
"195",2,-17.5
"195",1,-16.5
"195",0,-15.5
"195",-1,-14.5
"195",-2,-13.5
"195",-3,-12.5
"195",-4,-11.5
"195",-5,-10.5
"195",-6,-10.5
"195",-7,-10.5
"195",-8,-9.5
"195",-9,-9.5
"195",-10,-9.5
"195",-11,-9.5
"195",-12,-8.5
"195",-13,-7.5
"195",-14,-6.5
"195",-15,-5.5
"195",-16,-4.5
"195",-17,-3.5
"195",-18,-2.5
"195",-19,-1.5
"195",-20,-0.5
"195",-21,0.5
"195",-22,1.5
"195",-23,2.5
"195",-24,3.5
"195",-25,4.5
"195",-26,5.5
"195",-27,6.5
"195",-28,7.5
"195",-29,8.5
"195",-30,9.5
"195",-31,10.5
"195",-32,11.5
"195",-33,12.5
"195",-34,13.5
"195",-35,14.5
"195",-36,15.5
"195",-37,16.5
"195",-38,17.5
"195",-39,18.5
"195",-40,19.5
"195",-41,20.5
"195",-42,21.5
"195",-43,22.5
"195",-44,23.5
"195",-45,24.5
"195",-46,25.5
"195",-46,26.5
"195",-46,27.5
"195",-46,28.5
"195",-46,29.5
"195",-46,30.5
"195",-46,31.5
"195",-45,32.5
"195",-44,33.5
"195",-43,34.5
"195",-42,35.5
"195",-41,36.5
"195",-40,37.5
"195",-39,38.5
"195",-38,39.5
"195",-37,40.5
"195",-36,41.5
"195",-35,42.5
"195",-34,43.5
"195",-33,44.5
"195",-32,45.5
"195",-31,46.5
"195",-30,47.5
"195",-29,48.5
"195",-28,49.5
"195",-27,50.5
"195",-26,51.5
"195",-25,52.5
"195",-24,53.5
"195",-23,54.5
"195",-22,55.5
"195",-21,55.5
"195",-20,56.5
"195",-19,56.5
"195",-18,56.5
"195",-17,57.5
"195",-16,57.5
"195",-15,57.5
"195",-14,57.5
"195",-13,57.5
"195",-12,58.5
"195",-11,58.5
"195",-10,58.5
"195",-9,58.5
"195",-8,59.5
"195",-7,59.5
"195",-6,59.5
"195",-5,59.5
"195",-4,59.5
"195",-3,59.5
"195",-2,58.5
"195",-1,57.5
"195",0,56.5
"195",0,55.5
"195",0,54.5
