"matrix","x","y"
"1",10,76.5
"1",9,76.5
"1",8,76.5
"1",7,76.5
"1",6,75.5
"1",5,75.5
"1",4,75.5
"1",4,74.5
"1",4,73.5
"1",3,72.5
"1",2,71.5
"1",1,70.5
"1",0,69.5
"1",-1,69.5
"1",-2,69.5
"1",-3,68.5
"1",-4,68.5
"1",-5,67.5
"1",-6,67.5
"1",-7,67.5
"1",-7,66.5
"1",-7,65.5
"1",-7,64.5
"1",-7,63.5
"1",-7,62.5
"1",-8,62.5
"1",-9,61.5
"1",-10,60.5
"1",-11,59.5
"1",-10,58.5
"1",-11,57.5
"1",-12,57.5
"1",-13,56.5
"1",-12,55.5
"1",-13,54.5
"1",-12,53.5
"1",-12,52.5
"1",-12,51.5
"1",-13,50.5
"1",-13,49.5
"1",-13,48.5
"1",-13,47.5
"1",-13,46.5
"1",-13,45.5
"1",-14,45.5
"1",-15,44.5
"1",-16,44.5
"1",-17,44.5
"1",-18,43.5
"1",-18,42.5
"1",-18,41.5
"1",-18,40.5
"1",-18,39.5
"1",-18,38.5
"1",-18,37.5
"1",-18,36.5
"1",-18,35.5
"1",-18,34.5
"1",-18,33.5
"1",-18,32.5
"1",-18,31.5
"1",-18,30.5
"1",-18,29.5
"1",-18,28.5
"1",-18,27.5
"1",-18,26.5
"1",-18,25.5
"1",-18,24.5
"1",-18,23.5
"1",-18,22.5
"1",-18,21.5
"1",-18,20.5
"1",-18,19.5
"1",-18,18.5
"1",-18,17.5
"1",-18,16.5
"1",-18,15.5
"1",-18,14.5
"1",-18,13.5
"1",-18,12.5
"1",-18,11.5
"1",-18,10.5
"1",-18,9.5
"1",-17,8.5
"1",-16,8.5
"1",-15,7.5
"1",-14,7.5
"1",-13,6.5
"1",-12,5.5
"1",-11,5.5
"1",-11,4.5
"1",-11,3.5
"1",-11,2.5
"1",-11,1.5
"1",-10,0.5
"1",-9,-0.5
"1",-9,-1.5
"1",-8,-2.5
"1",-7,-3.5
"1",-6,-4.5
"1",-5,-5.5
"1",-4,-5.5
"1",-3,-6.5
"1",-2,-7.5
"1",-1,-7.5
"1",-1,-8.5
"1",0,-9.5
"1",1,-10.5
"1",2,-11.5
"1",3,-12.5
"1",4,-13.5
"1",5,-13.5
"1",6,-13.5
"1",7,-13.5
"1",8,-14.5
"1",9,-15.5
"1",10,-15.5
"1",10,-16.5
"1",10,-17.5
"1",10,-18.5
"1",11,-19.5
"1",11,-20.5
"1",12,-21.5
"1",13,-22.5
"1",13,-23.5
"1",13,-24.5
"1",13,-25.5
"1",13,-26.5
"1",13,-27.5
"1",13,-28.5
"1",13,-29.5
"1",13,-30.5
"1",13,-31.5
"1",13,-32.5
"1",13,-33.5
"1",13,-34.5
"1",13,-35.5
"1",13,-36.5
"1",12,-37.5
"1",11,-38.5
"1",10,-39.5
"1",11,-39.5
"1",10,-40.5
"1",11,-40.5
"1",10,-41.5
"1",11,-41.5
"1",11,-42.5
"1",11,-43.5
"1",11,-44.5
"1",12,-45.5
"1",13,-45.5
"1",13,-46.5
"1",13,-47.5
"1",13,-48.5
"1",13,-49.5
"1",14,-50.5
"1",15,-51.5
"1",16,-52.5
"1",17,-53.5
"1",16,-53.5
"1",17,-54.5
"1",18,-55.5
"1",19,-55.5
"1",20,-55.5
"1",21,-56.5
"1",20,-56.5
"1",21,-57.5
"1",20,-57.5
"1",21,-58.5
"1",20,-58.5
"1",19,-58.5
"1",20,-59.5
"1",21,-60.5
"1",20,-60.5
"1",21,-61.5
"1",20,-61.5
"1",21,-62.5
"1",20,-62.5
"1",19,-62.5
"1",20,-63.5
"1",21,-64.5
"1",20,-64.5
"1",20,-65.5
"2",10,76.5
"2",9,76.5
"2",8,76.5
"2",7,76.5
"2",6,75.5
"2",5,75.5
"2",4,75.5
"2",4,74.5
"2",4,73.5
"2",3,72.5
"2",2,71.5
"2",1,70.5
"2",0,69.5
"2",-1,69.5
"2",-2,69.5
"2",-3,68.5
"2",-4,68.5
"2",-5,67.5
"2",-6,67.5
"2",-7,67.5
"2",-7,66.5
"2",-7,65.5
"2",-7,64.5
"2",-7,63.5
"2",-7,62.5
"2",-8,62.5
"2",-9,61.5
"2",-10,60.5
"2",-11,59.5
"2",-10,58.5
"2",-11,57.5
"2",-12,57.5
"2",-12,56.5
"2",-12,55.5
"2",-12,54.5
"2",-12,53.5
"2",-12,52.5
"2",-12,51.5
"2",-13,50.5
"2",-13,49.5
"2",-13,48.5
"2",-13,47.5
"2",-13,46.5
"2",-13,45.5
"2",-14,45.5
"2",-15,44.5
"2",-16,44.5
"2",-17,44.5
"2",-18,43.5
"2",-18,42.5
"2",-18,41.5
"2",-18,40.5
"2",-18,39.5
"2",-18,38.5
"2",-18,37.5
"2",-18,36.5
"2",-18,35.5
"2",-18,34.5
"2",-18,33.5
"2",-18,32.5
"2",-18,31.5
"2",-18,30.5
"2",-18,29.5
"2",-18,28.5
"2",-18,27.5
"2",-18,26.5
"2",-18,25.5
"2",-18,24.5
"2",-18,23.5
"2",-18,22.5
"2",-18,21.5
"2",-18,20.5
"2",-18,19.5
"2",-18,18.5
"2",-18,17.5
"2",-18,16.5
"2",-18,15.5
"2",-18,14.5
"2",-18,13.5
"2",-18,12.5
"2",-18,11.5
"2",-18,10.5
"2",-18,9.5
"2",-17,8.5
"2",-16,8.5
"2",-15,7.5
"2",-14,7.5
"2",-13,6.5
"2",-12,5.5
"2",-11,5.5
"2",-11,4.5
"2",-11,3.5
"2",-11,2.5
"2",-11,1.5
"2",-11,0.5
"2",-11,-0.5
"2",-11,-1.5
"2",-10,-2.5
"2",-9,-3.5
"2",-8,-4.5
"2",-7,-5.5
"2",-6,-6.5
"2",-6,-7.5
"2",-5,-8.5
"2",-4,-9.5
"2",-3,-10.5
"2",-2,-11.5
"2",-1,-12.5
"2",0,-13.5
"2",1,-14.5
"2",1,-15.5
"2",1,-16.5
"2",2,-17.5
"2",3,-18.5
"2",3,-19.5
"2",4,-20.5
"2",5,-21.5
"2",5,-22.5
"2",5,-23.5
"2",5,-24.5
"2",5,-25.5
"2",5,-26.5
"2",5,-27.5
"2",5,-28.5
"2",5,-29.5
"2",5,-30.5
"2",5,-31.5
"2",5,-32.5
"2",5,-33.5
"2",5,-34.5
"2",5,-35.5
"2",5,-36.5
"2",5,-37.5
"2",5,-38.5
"2",6,-39.5
"2",7,-39.5
"2",8,-39.5
"2",9,-39.5
"2",10,-39.5
"2",11,-39.5
"2",11,-40.5
"2",11,-41.5
"2",11,-42.5
"2",11,-43.5
"2",11,-44.5
"2",11,-45.5
"2",11,-46.5
"2",11,-47.5
"2",11,-48.5
"2",11,-49.5
"2",12,-50.5
"2",13,-50.5
"2",14,-51.5
"2",15,-52.5
"2",16,-53.5
"2",17,-54.5
"2",18,-55.5
"2",17,-56.5
"2",18,-57.5
"2",17,-58.5
"2",18,-59.5
"2",19,-60.5
"2",20,-61.5
"2",21,-62.5
"2",20,-62.5
"2",20,-63.5
"2",20,-64.5
"2",20,-65.5
"3",10,76.5
"3",9,76.5
"3",8,76.5
"3",7,76.5
"3",6,75.5
"3",5,75.5
"3",4,75.5
"3",4,74.5
"3",4,73.5
"3",3,72.5
"3",2,71.5
"3",1,70.5
"3",0,69.5
"3",-1,69.5
"3",-2,69.5
"3",-3,68.5
"3",-4,68.5
"3",-5,67.5
"3",-6,67.5
"3",-7,67.5
"3",-7,66.5
"3",-7,65.5
"3",-7,64.5
"3",-7,63.5
"3",-7,62.5
"3",-8,62.5
"3",-9,61.5
"3",-10,60.5
"3",-11,59.5
"3",-10,58.5
"3",-11,57.5
"3",-12,57.5
"3",-12,56.5
"3",-12,55.5
"3",-12,54.5
"3",-12,53.5
"3",-12,52.5
"3",-12,51.5
"3",-13,50.5
"3",-13,49.5
"3",-13,48.5
"3",-13,47.5
"3",-13,46.5
"3",-13,45.5
"3",-13,44.5
"3",-14,44.5
"3",-15,43.5
"3",-16,43.5
"3",-17,43.5
"3",-18,42.5
"3",-18,41.5
"3",-18,40.5
"3",-18,39.5
"3",-18,38.5
"3",-18,37.5
"3",-18,36.5
"3",-18,35.5
"3",-18,34.5
"3",-18,33.5
"3",-18,32.5
"3",-18,31.5
"3",-18,30.5
"3",-18,29.5
"3",-18,28.5
"3",-18,27.5
"3",-18,26.5
"3",-18,25.5
"3",-18,24.5
"3",-18,23.5
"3",-18,22.5
"3",-18,21.5
"3",-18,20.5
"3",-18,19.5
"3",-18,18.5
"3",-18,17.5
"3",-18,16.5
"3",-18,15.5
"3",-18,14.5
"3",-18,13.5
"3",-18,12.5
"3",-18,11.5
"3",-18,10.5
"3",-18,9.5
"3",-17,8.5
"3",-16,8.5
"3",-15,7.5
"3",-14,7.5
"3",-13,6.5
"3",-12,5.5
"3",-11,5.5
"3",-11,4.5
"3",-11,3.5
"3",-11,2.5
"3",-11,1.5
"3",-10,0.5
"3",-9,-0.5
"3",-9,-1.5
"3",-8,-2.5
"3",-7,-3.5
"3",-6,-4.5
"3",-5,-5.5
"3",-4,-5.5
"3",-3,-6.5
"3",-2,-7.5
"3",-1,-7.5
"3",-1,-8.5
"3",0,-9.5
"3",1,-10.5
"3",2,-11.5
"3",3,-12.5
"3",3,-13.5
"3",3,-14.5
"3",3,-15.5
"3",3,-16.5
"3",3,-17.5
"3",3,-18.5
"3",3,-19.5
"3",4,-20.5
"3",5,-21.5
"3",5,-22.5
"3",5,-23.5
"3",5,-24.5
"3",5,-25.5
"3",5,-26.5
"3",5,-27.5
"3",5,-28.5
"3",5,-29.5
"3",5,-30.5
"3",5,-31.5
"3",5,-32.5
"3",5,-33.5
"3",5,-34.5
"3",5,-35.5
"3",5,-36.5
"3",5,-37.5
"3",5,-38.5
"3",6,-39.5
"3",7,-39.5
"3",8,-39.5
"3",9,-39.5
"3",10,-39.5
"3",11,-39.5
"3",11,-40.5
"3",11,-41.5
"3",11,-42.5
"3",11,-43.5
"3",11,-44.5
"3",11,-45.5
"3",11,-46.5
"3",11,-47.5
"3",11,-48.5
"3",11,-49.5
"3",12,-50.5
"3",13,-50.5
"3",14,-51.5
"3",15,-52.5
"3",16,-53.5
"3",17,-54.5
"3",18,-55.5
"3",19,-56.5
"3",19,-57.5
"3",19,-58.5
"3",20,-59.5
"3",20,-60.5
"3",20,-61.5
"3",20,-62.5
"3",20,-63.5
"3",20,-64.5
"3",20,-65.5
"4",10,76.5
"4",9,76.5
"4",8,76.5
"4",7,76.5
"4",6,75.5
"4",5,75.5
"4",4,75.5
"4",4,74.5
"4",4,73.5
"4",3,72.5
"4",2,71.5
"4",1,70.5
"4",0,69.5
"4",-1,69.5
"4",-2,69.5
"4",-3,68.5
"4",-4,68.5
"4",-5,67.5
"4",-6,67.5
"4",-7,67.5
"4",-7,66.5
"4",-7,65.5
"4",-7,64.5
"4",-7,63.5
"4",-7,62.5
"4",-8,61.5
"4",-9,60.5
"4",-10,59.5
"4",-11,58.5
"4",-12,57.5
"4",-12,56.5
"4",-12,55.5
"4",-12,54.5
"4",-12,53.5
"4",-12,52.5
"4",-12,51.5
"4",-13,50.5
"4",-13,49.5
"4",-13,48.5
"4",-13,47.5
"4",-13,46.5
"4",-13,45.5
"4",-14,45.5
"4",-15,44.5
"4",-16,44.5
"4",-17,44.5
"4",-18,43.5
"4",-18,42.5
"4",-18,41.5
"4",-18,40.5
"4",-18,39.5
"4",-18,38.5
"4",-18,37.5
"4",-18,36.5
"4",-18,35.5
"4",-18,34.5
"4",-18,33.5
"4",-18,32.5
"4",-18,31.5
"4",-18,30.5
"4",-18,29.5
"4",-18,28.5
"4",-18,27.5
"4",-18,26.5
"4",-18,25.5
"4",-18,24.5
"4",-18,23.5
"4",-18,22.5
"4",-18,21.5
"4",-18,20.5
"4",-18,19.5
"4",-18,18.5
"4",-18,17.5
"4",-18,16.5
"4",-18,15.5
"4",-18,14.5
"4",-18,13.5
"4",-18,12.5
"4",-18,11.5
"4",-18,10.5
"4",-18,9.5
"4",-17,8.5
"4",-16,8.5
"4",-15,7.5
"4",-14,7.5
"4",-13,6.5
"4",-12,5.5
"4",-11,5.5
"4",-11,4.5
"4",-11,3.5
"4",-11,2.5
"4",-11,1.5
"4",-11,0.5
"4",-11,-0.5
"4",-11,-1.5
"4",-10,-2.5
"4",-9,-3.5
"4",-8,-4.5
"4",-7,-5.5
"4",-6,-6.5
"4",-6,-7.5
"4",-5,-8.5
"4",-4,-9.5
"4",-3,-10.5
"4",-2,-11.5
"4",-1,-12.5
"4",0,-13.5
"4",1,-14.5
"4",1,-15.5
"4",1,-16.5
"4",2,-17.5
"4",3,-18.5
"4",3,-19.5
"4",4,-20.5
"4",5,-21.5
"4",6,-22.5
"4",7,-23.5
"4",8,-24.5
"4",8,-25.5
"4",9,-26.5
"4",10,-27.5
"4",11,-28.5
"4",11,-29.5
"4",11,-30.5
"4",11,-31.5
"4",11,-32.5
"4",11,-33.5
"4",11,-34.5
"4",11,-35.5
"4",11,-36.5
"4",11,-37.5
"4",11,-38.5
"4",11,-39.5
"4",11,-40.5
"4",11,-41.5
"4",11,-42.5
"4",11,-43.5
"4",11,-44.5
"4",11,-45.5
"4",11,-46.5
"4",11,-47.5
"4",11,-48.5
"4",11,-49.5
"4",12,-50.5
"4",13,-50.5
"4",14,-51.5
"4",15,-52.5
"4",16,-53.5
"4",17,-54.5
"4",18,-55.5
"4",19,-56.5
"4",19,-57.5
"4",19,-58.5
"4",20,-59.5
"4",20,-60.5
"4",20,-61.5
"4",20,-62.5
"4",20,-63.5
"4",20,-64.5
"4",20,-65.5
"5",10,76.5
"5",9,76.5
"5",8,76.5
"5",7,76.5
"5",6,75.5
"5",5,75.5
"5",4,75.5
"5",4,74.5
"5",4,73.5
"5",3,72.5
"5",2,71.5
"5",1,70.5
"5",0,69.5
"5",-1,69.5
"5",-2,69.5
"5",-3,68.5
"5",-4,68.5
"5",-5,67.5
"5",-6,67.5
"5",-7,67.5
"5",-7,66.5
"5",-7,65.5
"5",-7,64.5
"5",-7,63.5
"5",-7,62.5
"5",-8,62.5
"5",-9,61.5
"5",-10,60.5
"5",-11,59.5
"5",-11,58.5
"5",-11,57.5
"5",-12,57.5
"5",-12,56.5
"5",-12,55.5
"5",-12,54.5
"5",-12,53.5
"5",-12,52.5
"5",-12,51.5
"5",-13,50.5
"5",-13,49.5
"5",-13,48.5
"5",-13,47.5
"5",-13,46.5
"5",-13,45.5
"5",-14,45.5
"5",-15,44.5
"5",-16,44.5
"5",-17,44.5
"5",-18,43.5
"5",-18,42.5
"5",-18,41.5
"5",-18,40.5
"5",-18,39.5
"5",-18,38.5
"5",-18,37.5
"5",-18,36.5
"5",-18,35.5
"5",-18,34.5
"5",-18,33.5
"5",-18,32.5
"5",-18,31.5
"5",-18,30.5
"5",-18,29.5
"5",-18,28.5
"5",-18,27.5
"5",-18,26.5
"5",-18,25.5
"5",-18,24.5
"5",-18,23.5
"5",-18,22.5
"5",-18,21.5
"5",-18,20.5
"5",-18,19.5
"5",-18,18.5
"5",-18,17.5
"5",-18,16.5
"5",-18,15.5
"5",-18,14.5
"5",-18,13.5
"5",-18,12.5
"5",-18,11.5
"5",-18,10.5
"5",-18,9.5
"5",-17,8.5
"5",-16,8.5
"5",-15,7.5
"5",-14,7.5
"5",-13,6.5
"5",-12,5.5
"5",-11,5.5
"5",-11,4.5
"5",-11,3.5
"5",-11,2.5
"5",-11,1.5
"5",-10,0.5
"5",-9,-0.5
"5",-9,-1.5
"5",-8,-2.5
"5",-7,-3.5
"5",-6,-4.5
"5",-5,-5.5
"5",-4,-5.5
"5",-3,-6.5
"5",-2,-7.5
"5",-1,-7.5
"5",-1,-8.5
"5",0,-9.5
"5",1,-10.5
"5",2,-11.5
"5",3,-12.5
"5",3,-13.5
"5",3,-14.5
"5",3,-15.5
"5",3,-16.5
"5",3,-17.5
"5",3,-18.5
"5",3,-19.5
"5",4,-20.5
"5",5,-21.5
"5",5,-22.5
"5",5,-23.5
"5",5,-24.5
"5",5,-25.5
"5",5,-26.5
"5",5,-27.5
"5",5,-28.5
"5",5,-29.5
"5",5,-30.5
"5",5,-31.5
"5",5,-32.5
"5",5,-33.5
"5",5,-34.5
"5",5,-35.5
"5",5,-36.5
"5",5,-37.5
"5",5,-38.5
"5",6,-39.5
"5",7,-39.5
"5",8,-39.5
"5",9,-39.5
"5",10,-39.5
"5",11,-39.5
"5",11,-40.5
"5",11,-41.5
"5",11,-42.5
"5",11,-43.5
"5",11,-44.5
"5",11,-45.5
"5",11,-46.5
"5",11,-47.5
"5",11,-48.5
"5",11,-49.5
"5",12,-50.5
"5",13,-50.5
"5",14,-51.5
"5",15,-52.5
"5",16,-53.5
"5",17,-54.5
"5",18,-55.5
"5",19,-56.5
"5",19,-57.5
"5",19,-58.5
"5",20,-59.5
"5",20,-60.5
"5",20,-61.5
"5",20,-62.5
"5",20,-63.5
"5",20,-64.5
"5",20,-65.5
"6",10,76.5
"6",9,76.5
"6",8,76.5
"6",7,76.5
"6",6,75.5
"6",5,75.5
"6",4,75.5
"6",4,74.5
"6",4,73.5
"6",3,72.5
"6",2,71.5
"6",1,70.5
"6",0,69.5
"6",-1,69.5
"6",-2,69.5
"6",-3,68.5
"6",-4,68.5
"6",-5,67.5
"6",-6,67.5
"6",-7,67.5
"6",-7,66.5
"6",-7,65.5
"6",-7,64.5
"6",-7,63.5
"6",-7,62.5
"6",-8,62.5
"6",-9,61.5
"6",-10,60.5
"6",-11,59.5
"6",-11,58.5
"6",-11,57.5
"6",-12,57.5
"6",-12,56.5
"6",-12,55.5
"6",-12,54.5
"6",-12,53.5
"6",-12,52.5
"6",-12,51.5
"6",-12,50.5
"6",-13,49.5
"6",-13,48.5
"6",-13,47.5
"6",-13,46.5
"6",-13,45.5
"6",-13,44.5
"6",-14,44.5
"6",-15,43.5
"6",-16,43.5
"6",-17,43.5
"6",-18,42.5
"6",-18,41.5
"6",-18,40.5
"6",-18,39.5
"6",-18,38.5
"6",-18,37.5
"6",-18,36.5
"6",-18,35.5
"6",-18,34.5
"6",-18,33.5
"6",-18,32.5
"6",-18,31.5
"6",-18,30.5
"6",-18,29.5
"6",-18,28.5
"6",-18,27.5
"6",-18,26.5
"6",-18,25.5
"6",-18,24.5
"6",-18,23.5
"6",-18,22.5
"6",-18,21.5
"6",-18,20.5
"6",-18,19.5
"6",-18,18.5
"6",-18,17.5
"6",-18,16.5
"6",-18,15.5
"6",-18,14.5
"6",-18,13.5
"6",-18,12.5
"6",-18,11.5
"6",-18,10.5
"6",-18,9.5
"6",-17,8.5
"6",-16,8.5
"6",-15,7.5
"6",-14,7.5
"6",-13,6.5
"6",-12,5.5
"6",-11,5.5
"6",-11,4.5
"6",-11,3.5
"6",-11,2.5
"6",-11,1.5
"6",-10,0.5
"6",-9,-0.5
"6",-8,-1.5
"6",-7,-2.5
"6",-6,-3.5
"6",-5,-4.5
"6",-4,-4.5
"6",-3,-5.5
"6",-3,-6.5
"6",-2,-7.5
"6",-1,-7.5
"6",-1,-8.5
"6",0,-9.5
"6",1,-10.5
"6",2,-11.5
"6",3,-12.5
"6",3,-13.5
"6",3,-14.5
"6",3,-15.5
"6",3,-16.5
"6",3,-17.5
"6",3,-18.5
"6",3,-19.5
"6",4,-20.5
"6",5,-21.5
"6",6,-22.5
"6",7,-22.5
"6",8,-23.5
"6",8,-24.5
"6",8,-25.5
"6",8,-26.5
"6",9,-27.5
"6",10,-27.5
"6",11,-28.5
"6",11,-29.5
"6",11,-30.5
"6",11,-31.5
"6",11,-32.5
"6",11,-33.5
"6",11,-34.5
"6",11,-35.5
"6",11,-36.5
"6",11,-37.5
"6",11,-38.5
"6",11,-39.5
"6",11,-40.5
"6",11,-41.5
"6",11,-42.5
"6",11,-43.5
"6",11,-44.5
"6",11,-45.5
"6",11,-46.5
"6",11,-47.5
"6",11,-48.5
"6",11,-49.5
"6",12,-50.5
"6",13,-50.5
"6",14,-51.5
"6",15,-52.5
"6",16,-53.5
"6",17,-54.5
"6",18,-55.5
"6",19,-56.5
"6",19,-57.5
"6",19,-58.5
"6",20,-59.5
"6",20,-60.5
"6",20,-61.5
"6",20,-62.5
"6",20,-63.5
"6",20,-64.5
"6",20,-65.5
"7",10,76.5
"7",9,76.5
"7",8,76.5
"7",7,76.5
"7",6,75.5
"7",5,75.5
"7",4,75.5
"7",4,74.5
"7",4,73.5
"7",3,72.5
"7",2,71.5
"7",1,70.5
"7",0,69.5
"7",-1,69.5
"7",-2,69.5
"7",-3,68.5
"7",-4,68.5
"7",-5,67.5
"7",-6,67.5
"7",-7,67.5
"7",-7,66.5
"7",-7,65.5
"7",-7,64.5
"7",-7,63.5
"7",-7,62.5
"7",-8,61.5
"7",-9,60.5
"7",-10,59.5
"7",-11,58.5
"7",-12,57.5
"7",-12,56.5
"7",-12,55.5
"7",-12,54.5
"7",-13,53.5
"7",-14,52.5
"7",-15,51.5
"7",-16,50.5
"7",-17,49.5
"7",-18,48.5
"7",-18,47.5
"7",-18,46.5
"7",-18,45.5
"7",-18,44.5
"7",-18,43.5
"7",-18,42.5
"7",-18,41.5
"7",-18,40.5
"7",-18,39.5
"7",-18,38.5
"7",-18,37.5
"7",-18,36.5
"7",-18,35.5
"7",-18,34.5
"7",-18,33.5
"7",-18,32.5
"7",-18,31.5
"7",-18,30.5
"7",-18,29.5
"7",-18,28.5
"7",-18,27.5
"7",-18,26.5
"7",-18,25.5
"7",-18,24.5
"7",-18,23.5
"7",-18,22.5
"7",-18,21.5
"7",-18,20.5
"7",-18,19.5
"7",-18,18.5
"7",-18,17.5
"7",-18,16.5
"7",-18,15.5
"7",-18,14.5
"7",-18,13.5
"7",-18,12.5
"7",-18,11.5
"7",-18,10.5
"7",-18,9.5
"7",-17,8.5
"7",-16,8.5
"7",-16,7.5
"7",-16,6.5
"7",-16,5.5
"7",-16,4.5
"7",-16,3.5
"7",-16,2.5
"7",-16,1.5
"7",-16,0.5
"7",-16,-0.5
"7",-15,-1.5
"7",-14,-2.5
"7",-13,-3.5
"7",-12,-4.5
"7",-11,-5.5
"7",-10,-6.5
"7",-9,-7.5
"7",-8,-8.5
"7",-7,-9.5
"7",-6,-10.5
"7",-5,-11.5
"7",-4,-12.5
"7",-3,-13.5
"7",-2,-14.5
"7",-1,-15.5
"7",-1,-16.5
"7",0,-17.5
"7",1,-18.5
"7",2,-19.5
"7",3,-20.5
"7",4,-21.5
"7",5,-22.5
"7",6,-23.5
"7",7,-24.5
"7",8,-25.5
"7",9,-26.5
"7",10,-27.5
"7",11,-28.5
"7",11,-29.5
"7",11,-30.5
"7",11,-31.5
"7",11,-32.5
"7",11,-33.5
"7",11,-34.5
"7",11,-35.5
"7",11,-36.5
"7",11,-37.5
"7",11,-38.5
"7",11,-39.5
"7",11,-40.5
"7",11,-41.5
"7",11,-42.5
"7",11,-43.5
"7",11,-44.5
"7",11,-45.5
"7",11,-46.5
"7",11,-47.5
"7",11,-48.5
"7",11,-49.5
"7",12,-50.5
"7",13,-51.5
"7",14,-52.5
"7",15,-53.5
"7",16,-54.5
"7",17,-55.5
"7",17,-56.5
"7",18,-57.5
"7",19,-58.5
"7",20,-59.5
"7",20,-60.5
"7",20,-61.5
"7",20,-62.5
"7",20,-63.5
"7",20,-64.5
"7",20,-65.5
"8",10,76.5
"8",9,76.5
"8",8,76.5
"8",7,76.5
"8",6,75.5
"8",5,75.5
"8",4,75.5
"8",4,74.5
"8",4,73.5
"8",3,72.5
"8",2,71.5
"8",1,70.5
"8",0,69.5
"8",-1,69.5
"8",-2,69.5
"8",-3,68.5
"8",-4,68.5
"8",-5,67.5
"8",-6,67.5
"8",-7,67.5
"8",-7,66.5
"8",-7,65.5
"8",-7,64.5
"8",-7,63.5
"8",-7,62.5
"8",-8,62.5
"8",-9,61.5
"8",-10,60.5
"8",-11,59.5
"8",-11,58.5
"8",-12,57.5
"8",-12,56.5
"8",-12,55.5
"8",-12,54.5
"8",-12,53.5
"8",-12,52.5
"8",-12,51.5
"8",-13,50.5
"8",-13,49.5
"8",-13,48.5
"8",-13,47.5
"8",-13,46.5
"8",-13,45.5
"8",-14,45.5
"8",-15,44.5
"8",-16,44.5
"8",-17,44.5
"8",-18,43.5
"8",-18,42.5
"8",-18,41.5
"8",-18,40.5
"8",-18,39.5
"8",-18,38.5
"8",-18,37.5
"8",-18,36.5
"8",-18,35.5
"8",-18,34.5
"8",-18,33.5
"8",-18,32.5
"8",-18,31.5
"8",-18,30.5
"8",-18,29.5
"8",-18,28.5
"8",-18,27.5
"8",-18,26.5
"8",-18,25.5
"8",-18,24.5
"8",-18,23.5
"8",-18,22.5
"8",-18,21.5
"8",-18,20.5
"8",-18,19.5
"8",-18,18.5
"8",-18,17.5
"8",-18,16.5
"8",-18,15.5
"8",-18,14.5
"8",-18,13.5
"8",-18,12.5
"8",-18,11.5
"8",-18,10.5
"8",-18,9.5
"8",-17,8.5
"8",-16,8.5
"8",-15,7.5
"8",-14,7.5
"8",-13,6.5
"8",-12,5.5
"8",-11,5.5
"8",-11,4.5
"8",-11,3.5
"8",-11,2.5
"8",-11,1.5
"8",-11,0.5
"8",-11,-0.5
"8",-11,-1.5
"8",-10,-2.5
"8",-9,-3.5
"8",-8,-4.5
"8",-7,-5.5
"8",-6,-6.5
"8",-6,-7.5
"8",-5,-8.5
"8",-4,-9.5
"8",-3,-10.5
"8",-2,-11.5
"8",-1,-12.5
"8",0,-13.5
"8",1,-14.5
"8",1,-15.5
"8",1,-16.5
"8",2,-17.5
"8",3,-18.5
"8",3,-19.5
"8",4,-20.5
"8",5,-21.5
"8",6,-22.5
"8",7,-23.5
"8",8,-24.5
"8",8,-25.5
"8",9,-26.5
"8",10,-27.5
"8",11,-28.5
"8",11,-29.5
"8",11,-30.5
"8",11,-31.5
"8",11,-32.5
"8",11,-33.5
"8",11,-34.5
"8",11,-35.5
"8",11,-36.5
"8",11,-37.5
"8",11,-38.5
"8",11,-39.5
"8",11,-40.5
"8",11,-41.5
"8",11,-42.5
"8",11,-43.5
"8",11,-44.5
"8",11,-45.5
"8",11,-46.5
"8",11,-47.5
"8",11,-48.5
"8",11,-49.5
"8",12,-50.5
"8",13,-50.5
"8",14,-51.5
"8",15,-52.5
"8",16,-53.5
"8",17,-54.5
"8",18,-55.5
"8",19,-56.5
"8",19,-57.5
"8",19,-58.5
"8",20,-59.5
"8",20,-60.5
"8",20,-61.5
"8",20,-62.5
"8",20,-63.5
"8",20,-64.5
"8",20,-65.5
"9",10,76.5
"9",9,76.5
"9",8,76.5
"9",7,76.5
"9",6,75.5
"9",5,75.5
"9",4,75.5
"9",4,74.5
"9",4,73.5
"9",3,72.5
"9",2,71.5
"9",1,70.5
"9",0,69.5
"9",-1,69.5
"9",-2,69.5
"9",-3,68.5
"9",-4,68.5
"9",-5,67.5
"9",-6,67.5
"9",-7,67.5
"9",-7,66.5
"9",-7,65.5
"9",-7,64.5
"9",-7,63.5
"9",-7,62.5
"9",-8,62.5
"9",-9,61.5
"9",-10,60.5
"9",-11,59.5
"9",-11,58.5
"9",-11,57.5
"9",-12,57.5
"9",-12,56.5
"9",-12,55.5
"9",-12,54.5
"9",-12,53.5
"9",-12,52.5
"9",-12,51.5
"9",-13,50.5
"9",-13,49.5
"9",-13,48.5
"9",-13,47.5
"9",-13,46.5
"9",-13,45.5
"9",-13,44.5
"9",-14,44.5
"9",-15,43.5
"9",-16,43.5
"9",-17,43.5
"9",-18,42.5
"9",-18,41.5
"9",-18,40.5
"9",-18,39.5
"9",-18,38.5
"9",-18,37.5
"9",-18,36.5
"9",-18,35.5
"9",-18,34.5
"9",-18,33.5
"9",-18,32.5
"9",-18,31.5
"9",-18,30.5
"9",-18,29.5
"9",-18,28.5
"9",-18,27.5
"9",-18,26.5
"9",-18,25.5
"9",-18,24.5
"9",-18,23.5
"9",-18,22.5
"9",-18,21.5
"9",-18,20.5
"9",-18,19.5
"9",-18,18.5
"9",-18,17.5
"9",-18,16.5
"9",-18,15.5
"9",-18,14.5
"9",-18,13.5
"9",-18,12.5
"9",-18,11.5
"9",-18,10.5
"9",-18,9.5
"9",-17,8.5
"9",-16,8.5
"9",-15,7.5
"9",-14,7.5
"9",-13,6.5
"9",-12,5.5
"9",-11,5.5
"9",-11,4.5
"9",-11,3.5
"9",-11,2.5
"9",-11,1.5
"9",-10,0.5
"9",-9,-0.5
"9",-8,-1.5
"9",-7,-2.5
"9",-6,-3.5
"9",-5,-4.5
"9",-4,-4.5
"9",-3,-5.5
"9",-3,-6.5
"9",-2,-7.5
"9",-1,-7.5
"9",-1,-8.5
"9",0,-9.5
"9",1,-10.5
"9",2,-11.5
"9",3,-12.5
"9",3,-13.5
"9",3,-14.5
"9",3,-15.5
"9",3,-16.5
"9",3,-17.5
"9",3,-18.5
"9",3,-19.5
"9",4,-20.5
"9",5,-21.5
"9",6,-22.5
"9",7,-22.5
"9",8,-23.5
"9",8,-24.5
"9",8,-25.5
"9",8,-26.5
"9",9,-27.5
"9",10,-27.5
"9",11,-28.5
"9",11,-29.5
"9",11,-30.5
"9",11,-31.5
"9",11,-32.5
"9",11,-33.5
"9",11,-34.5
"9",11,-35.5
"9",11,-36.5
"9",11,-37.5
"9",11,-38.5
"9",11,-39.5
"9",11,-40.5
"9",11,-41.5
"9",11,-42.5
"9",11,-43.5
"9",11,-44.5
"9",11,-45.5
"9",11,-46.5
"9",11,-47.5
"9",11,-48.5
"9",11,-49.5
"9",12,-50.5
"9",13,-50.5
"9",14,-51.5
"9",15,-52.5
"9",16,-53.5
"9",17,-54.5
"9",18,-55.5
"9",19,-56.5
"9",19,-57.5
"9",19,-58.5
"9",20,-59.5
"9",20,-60.5
"9",20,-61.5
"9",20,-62.5
"9",20,-63.5
"9",20,-64.5
"9",20,-65.5
"10",10,76.5
"10",9,76.5
"10",8,76.5
"10",7,76.5
"10",6,75.5
"10",5,75.5
"10",4,75.5
"10",4,74.5
"10",4,73.5
"10",3,72.5
"10",2,71.5
"10",1,70.5
"10",0,69.5
"10",-1,69.5
"10",-2,69.5
"10",-3,68.5
"10",-4,68.5
"10",-5,67.5
"10",-6,67.5
"10",-7,67.5
"10",-7,66.5
"10",-7,65.5
"10",-7,64.5
"10",-7,63.5
"10",-7,62.5
"10",-8,62.5
"10",-9,61.5
"10",-10,60.5
"10",-11,59.5
"10",-11,58.5
"10",-11,57.5
"10",-12,57.5
"10",-12,56.5
"10",-12,55.5
"10",-12,54.5
"10",-12,53.5
"10",-12,52.5
"10",-12,51.5
"10",-12,50.5
"10",-13,49.5
"10",-13,48.5
"10",-13,47.5
"10",-13,46.5
"10",-13,45.5
"10",-13,44.5
"10",-14,44.5
"10",-15,43.5
"10",-16,43.5
"10",-17,43.5
"10",-18,42.5
"10",-18,41.5
"10",-18,40.5
"10",-18,39.5
"10",-18,38.5
"10",-18,37.5
"10",-18,36.5
"10",-18,35.5
"10",-18,34.5
"10",-18,33.5
"10",-18,32.5
"10",-18,31.5
"10",-18,30.5
"10",-18,29.5
"10",-18,28.5
"10",-18,27.5
"10",-18,26.5
"10",-18,25.5
"10",-18,24.5
"10",-18,23.5
"10",-18,22.5
"10",-18,21.5
"10",-18,20.5
"10",-18,19.5
"10",-18,18.5
"10",-18,17.5
"10",-18,16.5
"10",-18,15.5
"10",-18,14.5
"10",-18,13.5
"10",-18,12.5
"10",-18,11.5
"10",-18,10.5
"10",-18,9.5
"10",-17,8.5
"10",-16,8.5
"10",-15,7.5
"10",-14,7.5
"10",-13,6.5
"10",-12,5.5
"10",-11,5.5
"10",-11,4.5
"10",-11,3.5
"10",-11,2.5
"10",-11,1.5
"10",-10,0.5
"10",-9,-0.5
"10",-8,-1.5
"10",-7,-2.5
"10",-6,-3.5
"10",-5,-4.5
"10",-4,-4.5
"10",-3,-5.5
"10",-3,-6.5
"10",-2,-7.5
"10",-1,-7.5
"10",-1,-8.5
"10",0,-9.5
"10",1,-10.5
"10",2,-11.5
"10",3,-12.5
"10",3,-13.5
"10",3,-14.5
"10",3,-15.5
"10",3,-16.5
"10",3,-17.5
"10",3,-18.5
"10",3,-19.5
"10",4,-20.5
"10",5,-21.5
"10",6,-22.5
"10",7,-22.5
"10",8,-23.5
"10",8,-24.5
"10",8,-25.5
"10",8,-26.5
"10",9,-27.5
"10",10,-27.5
"10",11,-28.5
"10",11,-29.5
"10",11,-30.5
"10",11,-31.5
"10",11,-32.5
"10",11,-33.5
"10",11,-34.5
"10",11,-35.5
"10",11,-36.5
"10",11,-37.5
"10",11,-38.5
"10",11,-39.5
"10",11,-40.5
"10",11,-41.5
"10",11,-42.5
"10",11,-43.5
"10",11,-44.5
"10",11,-45.5
"10",11,-46.5
"10",11,-47.5
"10",11,-48.5
"10",11,-49.5
"10",12,-50.5
"10",13,-50.5
"10",14,-51.5
"10",15,-52.5
"10",16,-53.5
"10",17,-54.5
"10",18,-55.5
"10",19,-56.5
"10",19,-57.5
"10",19,-58.5
"10",20,-59.5
"10",20,-60.5
"10",20,-61.5
"10",20,-62.5
"10",20,-63.5
"10",20,-64.5
"10",20,-65.5
"11",10,76.5
"11",9,76.5
"11",8,75.5
"11",7,75.5
"11",6,74.5
"11",5,73.5
"11",4,73.5
"11",3,72.5
"11",2,71.5
"11",1,70.5
"11",0,69.5
"11",0,68.5
"11",0,67.5
"11",0,66.5
"11",0,65.5
"11",-1,64.5
"11",-2,63.5
"11",-3,62.5
"11",-4,61.5
"11",-5,60.5
"11",-6,59.5
"11",-7,58.5
"11",-8,57.5
"11",-9,56.5
"11",-10,55.5
"11",-11,54.5
"11",-12,53.5
"11",-12,52.5
"11",-12,51.5
"11",-13,50.5
"11",-13,49.5
"11",-13,48.5
"11",-13,47.5
"11",-13,46.5
"11",-13,45.5
"11",-13,44.5
"11",-14,43.5
"11",-14,42.5
"11",-14,41.5
"11",-14,40.5
"11",-14,39.5
"11",-14,38.5
"11",-14,37.5
"11",-14,36.5
"11",-14,35.5
"11",-14,34.5
"11",-14,33.5
"11",-14,32.5
"11",-14,31.5
"11",-14,30.5
"11",-14,29.5
"11",-15,28.5
"11",-16,27.5
"11",-16,26.5
"11",-17,25.5
"11",-18,24.5
"11",-18,23.5
"11",-18,22.5
"11",-18,21.5
"11",-18,20.5
"11",-18,19.5
"11",-18,18.5
"11",-18,17.5
"11",-18,16.5
"11",-18,15.5
"11",-18,14.5
"11",-18,13.5
"11",-18,12.5
"11",-18,11.5
"11",-18,10.5
"11",-18,9.5
"11",-18,8.5
"11",-18,7.5
"11",-18,6.5
"11",-18,5.5
"11",-18,4.5
"11",-18,3.5
"11",-18,2.5
"11",-18,1.5
"11",-18,0.5
"11",-17,-0.5
"11",-16,-1.5
"11",-15,-2.5
"11",-14,-3.5
"11",-13,-4.5
"11",-12,-5.5
"11",-11,-6.5
"11",-10,-7.5
"11",-9,-8.5
"11",-8,-9.5
"11",-7,-10.5
"11",-6,-11.5
"11",-5,-12.5
"11",-4,-13.5
"11",-3,-14.5
"11",-2,-15.5
"11",-1,-16.5
"11",0,-17.5
"11",1,-18.5
"11",2,-19.5
"11",3,-20.5
"11",4,-21.5
"11",5,-22.5
"11",6,-23.5
"11",7,-24.5
"11",8,-25.5
"11",9,-26.5
"11",10,-27.5
"11",11,-28.5
"11",11,-29.5
"11",11,-30.5
"11",11,-31.5
"11",11,-32.5
"11",11,-33.5
"11",11,-34.5
"11",11,-35.5
"11",11,-36.5
"11",11,-37.5
"11",11,-38.5
"11",11,-39.5
"11",11,-40.5
"11",11,-41.5
"11",11,-42.5
"11",11,-43.5
"11",11,-44.5
"11",11,-45.5
"11",11,-46.5
"11",11,-47.5
"11",11,-48.5
"11",11,-49.5
"11",12,-50.5
"11",13,-51.5
"11",14,-52.5
"11",15,-53.5
"11",16,-54.5
"11",17,-55.5
"11",17,-56.5
"11",18,-57.5
"11",19,-58.5
"11",20,-59.5
"11",20,-60.5
"11",20,-61.5
"11",20,-62.5
"11",20,-63.5
"11",20,-64.5
"11",20,-65.5
"12",10,76.5
"12",9,76.5
"12",8,76.5
"12",7,76.5
"12",6,75.5
"12",5,75.5
"12",4,75.5
"12",4,74.5
"12",4,73.5
"12",3,72.5
"12",2,71.5
"12",1,70.5
"12",0,69.5
"12",-1,69.5
"12",-2,69.5
"12",-3,68.5
"12",-4,68.5
"12",-5,67.5
"12",-6,67.5
"12",-7,67.5
"12",-7,66.5
"12",-7,65.5
"12",-7,64.5
"12",-7,63.5
"12",-7,62.5
"12",-8,61.5
"12",-9,60.5
"12",-10,59.5
"12",-11,58.5
"12",-12,57.5
"12",-13,56.5
"12",-13,55.5
"12",-13,54.5
"12",-13,53.5
"12",-13,52.5
"12",-13,51.5
"12",-13,50.5
"12",-13,49.5
"12",-13,48.5
"12",-13,47.5
"12",-13,46.5
"12",-13,45.5
"12",-14,45.5
"12",-15,44.5
"12",-16,44.5
"12",-17,44.5
"12",-18,43.5
"12",-18,42.5
"12",-18,41.5
"12",-18,40.5
"12",-18,39.5
"12",-18,38.5
"12",-18,37.5
"12",-18,36.5
"12",-18,35.5
"12",-18,34.5
"12",-18,33.5
"12",-18,32.5
"12",-18,31.5
"12",-18,30.5
"12",-18,29.5
"12",-18,28.5
"12",-18,27.5
"12",-18,26.5
"12",-18,25.5
"12",-18,24.5
"12",-18,23.5
"12",-18,22.5
"12",-18,21.5
"12",-18,20.5
"12",-18,19.5
"12",-18,18.5
"12",-18,17.5
"12",-18,16.5
"12",-18,15.5
"12",-18,14.5
"12",-18,13.5
"12",-18,12.5
"12",-18,11.5
"12",-18,10.5
"12",-18,9.5
"12",-17,8.5
"12",-16,8.5
"12",-16,7.5
"12",-16,6.5
"12",-16,5.5
"12",-16,4.5
"12",-16,3.5
"12",-16,2.5
"12",-16,1.5
"12",-16,0.5
"12",-16,-0.5
"12",-15,-1.5
"12",-14,-2.5
"12",-13,-3.5
"12",-12,-4.5
"12",-11,-5.5
"12",-10,-6.5
"12",-9,-7.5
"12",-8,-8.5
"12",-7,-9.5
"12",-6,-10.5
"12",-5,-11.5
"12",-4,-12.5
"12",-3,-13.5
"12",-2,-14.5
"12",-1,-15.5
"12",-1,-16.5
"12",0,-17.5
"12",1,-18.5
"12",2,-19.5
"12",3,-20.5
"12",4,-21.5
"12",5,-22.5
"12",6,-23.5
"12",7,-24.5
"12",8,-25.5
"12",9,-26.5
"12",10,-27.5
"12",11,-28.5
"12",11,-29.5
"12",11,-30.5
"12",11,-31.5
"12",11,-32.5
"12",11,-33.5
"12",11,-34.5
"12",11,-35.5
"12",11,-36.5
"12",11,-37.5
"12",11,-38.5
"12",11,-39.5
"12",11,-40.5
"12",11,-41.5
"12",11,-42.5
"12",11,-43.5
"12",11,-44.5
"12",11,-45.5
"12",11,-46.5
"12",11,-47.5
"12",11,-48.5
"12",11,-49.5
"12",12,-50.5
"12",13,-51.5
"12",14,-52.5
"12",15,-53.5
"12",16,-54.5
"12",17,-55.5
"12",17,-56.5
"12",18,-57.5
"12",19,-58.5
"12",20,-59.5
"12",20,-60.5
"12",20,-61.5
"12",20,-62.5
"12",20,-63.5
"12",20,-64.5
"12",20,-65.5
"13",10,76.5
"13",9,76.5
"13",8,76.5
"13",7,76.5
"13",6,75.5
"13",5,75.5
"13",4,75.5
"13",4,74.5
"13",4,73.5
"13",3,72.5
"13",2,71.5
"13",1,70.5
"13",0,69.5
"13",-1,69.5
"13",-2,69.5
"13",-3,68.5
"13",-4,68.5
"13",-5,67.5
"13",-6,67.5
"13",-7,67.5
"13",-7,66.5
"13",-7,65.5
"13",-7,64.5
"13",-7,63.5
"13",-7,62.5
"13",-8,62.5
"13",-9,61.5
"13",-10,60.5
"13",-11,59.5
"13",-11,58.5
"13",-11,57.5
"13",-12,57.5
"13",-12,56.5
"13",-12,55.5
"13",-12,54.5
"13",-12,53.5
"13",-12,52.5
"13",-12,51.5
"13",-13,50.5
"13",-13,49.5
"13",-13,48.5
"13",-13,47.5
"13",-13,46.5
"13",-13,45.5
"13",-14,45.5
"13",-15,44.5
"13",-16,44.5
"13",-17,44.5
"13",-18,43.5
"13",-18,42.5
"13",-18,41.5
"13",-18,40.5
"13",-18,39.5
"13",-18,38.5
"13",-18,37.5
"13",-18,36.5
"13",-18,35.5
"13",-18,34.5
"13",-18,33.5
"13",-18,32.5
"13",-18,31.5
"13",-18,30.5
"13",-18,29.5
"13",-18,28.5
"13",-18,27.5
"13",-18,26.5
"13",-18,25.5
"13",-18,24.5
"13",-18,23.5
"13",-18,22.5
"13",-18,21.5
"13",-18,20.5
"13",-18,19.5
"13",-18,18.5
"13",-18,17.5
"13",-18,16.5
"13",-18,15.5
"13",-18,14.5
"13",-18,13.5
"13",-18,12.5
"13",-18,11.5
"13",-18,10.5
"13",-18,9.5
"13",-17,8.5
"13",-16,8.5
"13",-15,7.5
"13",-14,7.5
"13",-13,6.5
"13",-12,5.5
"13",-11,5.5
"13",-11,4.5
"13",-11,3.5
"13",-11,2.5
"13",-11,1.5
"13",-10,0.5
"13",-9,-0.5
"13",-9,-1.5
"13",-8,-2.5
"13",-7,-3.5
"13",-6,-4.5
"13",-5,-5.5
"13",-4,-5.5
"13",-3,-6.5
"13",-2,-7.5
"13",-1,-8.5
"13",0,-9.5
"13",1,-10.5
"13",2,-11.5
"13",3,-12.5
"13",3,-13.5
"13",3,-14.5
"13",3,-15.5
"13",3,-16.5
"13",3,-17.5
"13",3,-18.5
"13",3,-19.5
"13",4,-20.5
"13",5,-21.5
"13",6,-22.5
"13",7,-23.5
"13",8,-24.5
"13",8,-25.5
"13",8,-26.5
"13",9,-27.5
"13",10,-27.5
"13",11,-28.5
"13",11,-29.5
"13",11,-30.5
"13",11,-31.5
"13",11,-32.5
"13",11,-33.5
"13",11,-34.5
"13",11,-35.5
"13",11,-36.5
"13",11,-37.5
"13",11,-38.5
"13",11,-39.5
"13",11,-40.5
"13",11,-41.5
"13",11,-42.5
"13",11,-43.5
"13",11,-44.5
"13",11,-45.5
"13",11,-46.5
"13",11,-47.5
"13",11,-48.5
"13",11,-49.5
"13",12,-50.5
"13",13,-50.5
"13",14,-51.5
"13",15,-52.5
"13",16,-53.5
"13",17,-54.5
"13",18,-55.5
"13",19,-56.5
"13",19,-57.5
"13",19,-58.5
"13",20,-59.5
"13",20,-60.5
"13",20,-61.5
"13",20,-62.5
"13",20,-63.5
"13",20,-64.5
"13",20,-65.5
"14",10,76.5
"14",9,76.5
"14",8,76.5
"14",7,76.5
"14",6,75.5
"14",5,75.5
"14",4,75.5
"14",4,74.5
"14",4,73.5
"14",3,72.5
"14",2,71.5
"14",1,70.5
"14",0,69.5
"14",-1,69.5
"14",-2,69.5
"14",-3,68.5
"14",-4,68.5
"14",-5,67.5
"14",-6,67.5
"14",-7,67.5
"14",-7,66.5
"14",-7,65.5
"14",-7,64.5
"14",-7,63.5
"14",-7,62.5
"14",-8,62.5
"14",-9,61.5
"14",-10,60.5
"14",-11,59.5
"14",-11,58.5
"14",-11,57.5
"14",-12,57.5
"14",-12,56.5
"14",-12,55.5
"14",-12,54.5
"14",-12,53.5
"14",-12,52.5
"14",-12,51.5
"14",-12,50.5
"14",-13,49.5
"14",-13,48.5
"14",-13,47.5
"14",-13,46.5
"14",-13,45.5
"14",-13,44.5
"14",-14,44.5
"14",-15,43.5
"14",-16,43.5
"14",-17,43.5
"14",-18,42.5
"14",-18,41.5
"14",-18,40.5
"14",-18,39.5
"14",-18,38.5
"14",-18,37.5
"14",-18,36.5
"14",-18,35.5
"14",-18,34.5
"14",-18,33.5
"14",-18,32.5
"14",-18,31.5
"14",-18,30.5
"14",-18,29.5
"14",-18,28.5
"14",-18,27.5
"14",-18,26.5
"14",-18,25.5
"14",-18,24.5
"14",-18,23.5
"14",-18,22.5
"14",-18,21.5
"14",-18,20.5
"14",-18,19.5
"14",-18,18.5
"14",-18,17.5
"14",-18,16.5
"14",-18,15.5
"14",-18,14.5
"14",-18,13.5
"14",-18,12.5
"14",-18,11.5
"14",-18,10.5
"14",-18,9.5
"14",-17,8.5
"14",-16,8.5
"14",-15,7.5
"14",-14,7.5
"14",-13,6.5
"14",-12,5.5
"14",-11,5.5
"14",-11,4.5
"14",-11,3.5
"14",-11,2.5
"14",-11,1.5
"14",-10,0.5
"14",-9,-0.5
"14",-8,-1.5
"14",-7,-2.5
"14",-6,-3.5
"14",-5,-4.5
"14",-4,-4.5
"14",-3,-5.5
"14",-3,-6.5
"14",-2,-7.5
"14",-1,-7.5
"14",-1,-8.5
"14",0,-9.5
"14",1,-10.5
"14",2,-11.5
"14",3,-12.5
"14",3,-13.5
"14",3,-14.5
"14",3,-15.5
"14",3,-16.5
"14",3,-17.5
"14",3,-18.5
"14",3,-19.5
"14",4,-20.5
"14",5,-21.5
"14",6,-22.5
"14",7,-22.5
"14",8,-23.5
"14",8,-24.5
"14",8,-25.5
"14",8,-26.5
"14",9,-27.5
"14",10,-27.5
"14",11,-28.5
"14",11,-29.5
"14",11,-30.5
"14",11,-31.5
"14",11,-32.5
"14",11,-33.5
"14",11,-34.5
"14",11,-35.5
"14",11,-36.5
"14",11,-37.5
"14",11,-38.5
"14",11,-39.5
"14",11,-40.5
"14",11,-41.5
"14",11,-42.5
"14",11,-43.5
"14",11,-44.5
"14",11,-45.5
"14",11,-46.5
"14",11,-47.5
"14",11,-48.5
"14",11,-49.5
"14",12,-50.5
"14",13,-50.5
"14",14,-51.5
"14",15,-52.5
"14",16,-53.5
"14",17,-54.5
"14",18,-55.5
"14",19,-56.5
"14",19,-57.5
"14",19,-58.5
"14",20,-59.5
"14",20,-60.5
"14",20,-61.5
"14",20,-62.5
"14",20,-63.5
"14",20,-64.5
"14",20,-65.5
"15",10,76.5
"15",9,76.5
"15",8,76.5
"15",7,76.5
"15",6,75.5
"15",5,75.5
"15",4,75.5
"15",4,74.5
"15",4,73.5
"15",3,72.5
"15",2,71.5
"15",1,70.5
"15",0,69.5
"15",-1,69.5
"15",-2,69.5
"15",-3,68.5
"15",-4,68.5
"15",-5,67.5
"15",-6,67.5
"15",-7,67.5
"15",-7,66.5
"15",-7,65.5
"15",-7,64.5
"15",-7,63.5
"15",-7,62.5
"15",-8,62.5
"15",-9,61.5
"15",-10,60.5
"15",-11,59.5
"15",-11,58.5
"15",-11,57.5
"15",-12,57.5
"15",-12,56.5
"15",-12,55.5
"15",-12,54.5
"15",-12,53.5
"15",-12,52.5
"15",-12,51.5
"15",-12,50.5
"15",-13,49.5
"15",-13,48.5
"15",-13,47.5
"15",-13,46.5
"15",-13,45.5
"15",-13,44.5
"15",-14,44.5
"15",-15,43.5
"15",-16,43.5
"15",-17,43.5
"15",-18,42.5
"15",-18,41.5
"15",-18,40.5
"15",-18,39.5
"15",-18,38.5
"15",-18,37.5
"15",-18,36.5
"15",-18,35.5
"15",-18,34.5
"15",-18,33.5
"15",-18,32.5
"15",-18,31.5
"15",-18,30.5
"15",-18,29.5
"15",-18,28.5
"15",-18,27.5
"15",-18,26.5
"15",-18,25.5
"15",-18,24.5
"15",-18,23.5
"15",-18,22.5
"15",-18,21.5
"15",-18,20.5
"15",-18,19.5
"15",-18,18.5
"15",-18,17.5
"15",-18,16.5
"15",-18,15.5
"15",-18,14.5
"15",-18,13.5
"15",-18,12.5
"15",-18,11.5
"15",-18,10.5
"15",-18,9.5
"15",-17,8.5
"15",-16,8.5
"15",-15,7.5
"15",-14,7.5
"15",-13,6.5
"15",-12,5.5
"15",-11,5.5
"15",-11,4.5
"15",-11,3.5
"15",-11,2.5
"15",-11,1.5
"15",-10,0.5
"15",-9,-0.5
"15",-8,-1.5
"15",-7,-2.5
"15",-6,-2.5
"15",-5,-3.5
"15",-4,-3.5
"15",-4,-4.5
"15",-3,-5.5
"15",-3,-6.5
"15",-2,-7.5
"15",-1,-7.5
"15",-1,-8.5
"15",0,-9.5
"15",1,-10.5
"15",2,-11.5
"15",3,-12.5
"15",3,-13.5
"15",3,-14.5
"15",3,-15.5
"15",3,-16.5
"15",3,-17.5
"15",3,-18.5
"15",3,-19.5
"15",4,-20.5
"15",5,-21.5
"15",6,-22.5
"15",7,-22.5
"15",8,-23.5
"15",8,-24.5
"15",8,-25.5
"15",8,-26.5
"15",9,-27.5
"15",10,-27.5
"15",11,-28.5
"15",11,-29.5
"15",11,-30.5
"15",11,-31.5
"15",11,-32.5
"15",11,-33.5
"15",11,-34.5
"15",11,-35.5
"15",11,-36.5
"15",11,-37.5
"15",11,-38.5
"15",11,-39.5
"15",11,-40.5
"15",11,-41.5
"15",11,-42.5
"15",11,-43.5
"15",11,-44.5
"15",11,-45.5
"15",11,-46.5
"15",11,-47.5
"15",11,-48.5
"15",11,-49.5
"15",12,-50.5
"15",13,-50.5
"15",14,-51.5
"15",15,-52.5
"15",16,-53.5
"15",17,-54.5
"15",18,-55.5
"15",19,-55.5
"15",20,-55.5
"15",20,-56.5
"15",20,-57.5
"15",20,-58.5
"15",20,-59.5
"15",20,-60.5
"15",20,-61.5
"15",20,-62.5
"15",20,-63.5
"15",20,-64.5
"15",20,-65.5
"16",10,76.5
"16",9,75.5
"16",8,74.5
"16",7,73.5
"16",6,72.5
"16",5,71.5
"16",4,70.5
"16",3,70.5
"16",2,70.5
"16",1,69.5
"16",1,68.5
"16",1,67.5
"16",1,66.5
"16",0,65.5
"16",-1,64.5
"16",-2,63.5
"16",-3,62.5
"16",-4,61.5
"16",-5,60.5
"16",-6,59.5
"16",-7,58.5
"16",-8,57.5
"16",-9,56.5
"16",-10,55.5
"16",-11,54.5
"16",-12,53.5
"16",-13,52.5
"16",-14,51.5
"16",-15,50.5
"16",-15,49.5
"16",-15,48.5
"16",-15,47.5
"16",-15,46.5
"16",-15,45.5
"16",-15,44.5
"16",-15,43.5
"16",-15,42.5
"16",-15,41.5
"16",-15,40.5
"16",-15,39.5
"16",-15,38.5
"16",-15,37.5
"16",-15,36.5
"16",-15,35.5
"16",-15,34.5
"16",-15,33.5
"16",-15,32.5
"16",-15,31.5
"16",-15,30.5
"16",-15,29.5
"16",-16,28.5
"16",-16,27.5
"16",-16,26.5
"16",-17,25.5
"16",-18,24.5
"16",-18,23.5
"16",-18,22.5
"16",-18,21.5
"16",-18,20.5
"16",-18,19.5
"16",-18,18.5
"16",-18,17.5
"16",-18,16.5
"16",-18,15.5
"16",-18,14.5
"16",-18,13.5
"16",-18,12.5
"16",-18,11.5
"16",-18,10.5
"16",-18,9.5
"16",-18,8.5
"16",-18,7.5
"16",-18,6.5
"16",-18,5.5
"16",-18,4.5
"16",-18,3.5
"16",-18,2.5
"16",-18,1.5
"16",-18,0.5
"16",-17,-0.5
"16",-16,-1.5
"16",-15,-2.5
"16",-14,-3.5
"16",-13,-4.5
"16",-12,-5.5
"16",-11,-6.5
"16",-10,-7.5
"16",-9,-8.5
"16",-8,-9.5
"16",-7,-10.5
"16",-6,-11.5
"16",-5,-12.5
"16",-4,-13.5
"16",-3,-14.5
"16",-2,-15.5
"16",-1,-16.5
"16",0,-17.5
"16",1,-18.5
"16",2,-19.5
"16",3,-20.5
"16",4,-21.5
"16",5,-22.5
"16",6,-23.5
"16",7,-24.5
"16",8,-25.5
"16",8,-26.5
"16",8,-27.5
"16",8,-28.5
"16",8,-29.5
"16",8,-30.5
"16",8,-31.5
"16",8,-32.5
"16",8,-33.5
"16",8,-34.5
"16",8,-35.5
"16",8,-36.5
"16",8,-37.5
"16",8,-38.5
"16",8,-39.5
"16",8,-40.5
"16",8,-41.5
"16",8,-42.5
"16",8,-43.5
"16",8,-44.5
"16",8,-45.5
"16",8,-46.5
"16",8,-47.5
"16",8,-48.5
"16",9,-49.5
"16",10,-50.5
"16",11,-51.5
"16",12,-52.5
"16",12,-53.5
"16",13,-54.5
"16",14,-55.5
"16",15,-56.5
"16",16,-57.5
"16",17,-58.5
"16",18,-59.5
"16",19,-60.5
"16",20,-61.5
"16",20,-62.5
"16",20,-63.5
"16",20,-64.5
"16",20,-65.5
"17",10,76.5
"17",9,76.5
"17",8,76.5
"17",7,76.5
"17",6,75.5
"17",5,75.5
"17",4,75.5
"17",4,74.5
"17",4,73.5
"17",3,72.5
"17",2,71.5
"17",1,70.5
"17",0,69.5
"17",0,68.5
"17",0,67.5
"17",0,66.5
"17",0,65.5
"17",-1,64.5
"17",-2,63.5
"17",-3,62.5
"17",-4,61.5
"17",-5,60.5
"17",-6,59.5
"17",-7,58.5
"17",-8,57.5
"17",-9,56.5
"17",-10,55.5
"17",-11,54.5
"17",-12,53.5
"17",-13,52.5
"17",-14,51.5
"17",-15,50.5
"17",-16,49.5
"17",-17,48.5
"17",-18,47.5
"17",-18,46.5
"17",-18,45.5
"17",-18,44.5
"17",-18,43.5
"17",-18,42.5
"17",-18,41.5
"17",-18,40.5
"17",-18,39.5
"17",-18,38.5
"17",-18,37.5
"17",-18,36.5
"17",-18,35.5
"17",-18,34.5
"17",-18,33.5
"17",-18,32.5
"17",-18,31.5
"17",-18,30.5
"17",-18,29.5
"17",-18,28.5
"17",-18,27.5
"17",-18,26.5
"17",-18,25.5
"17",-18,24.5
"17",-18,23.5
"17",-18,22.5
"17",-18,21.5
"17",-18,20.5
"17",-18,19.5
"17",-18,18.5
"17",-18,17.5
"17",-18,16.5
"17",-18,15.5
"17",-18,14.5
"17",-18,13.5
"17",-18,12.5
"17",-18,11.5
"17",-18,10.5
"17",-18,9.5
"17",-18,8.5
"17",-18,7.5
"17",-18,6.5
"17",-18,5.5
"17",-18,4.5
"17",-18,3.5
"17",-18,2.5
"17",-18,1.5
"17",-18,0.5
"17",-17,-0.5
"17",-16,-1.5
"17",-15,-2.5
"17",-14,-3.5
"17",-13,-4.5
"17",-12,-5.5
"17",-11,-6.5
"17",-10,-7.5
"17",-9,-8.5
"17",-8,-9.5
"17",-7,-10.5
"17",-6,-11.5
"17",-5,-12.5
"17",-4,-13.5
"17",-3,-14.5
"17",-2,-15.5
"17",-1,-16.5
"17",0,-17.5
"17",1,-18.5
"17",2,-19.5
"17",3,-20.5
"17",4,-21.5
"17",5,-22.5
"17",6,-23.5
"17",7,-24.5
"17",8,-25.5
"17",9,-26.5
"17",10,-27.5
"17",11,-28.5
"17",11,-29.5
"17",11,-30.5
"17",11,-31.5
"17",11,-32.5
"17",11,-33.5
"17",11,-34.5
"17",11,-35.5
"17",11,-36.5
"17",11,-37.5
"17",11,-38.5
"17",11,-39.5
"17",11,-40.5
"17",11,-41.5
"17",11,-42.5
"17",11,-43.5
"17",11,-44.5
"17",11,-45.5
"17",11,-46.5
"17",11,-47.5
"17",11,-48.5
"17",11,-49.5
"17",12,-50.5
"17",13,-51.5
"17",14,-52.5
"17",15,-53.5
"17",16,-54.5
"17",17,-55.5
"17",17,-56.5
"17",17,-57.5
"17",18,-58.5
"17",19,-59.5
"17",20,-60.5
"17",20,-61.5
"17",20,-62.5
"17",20,-63.5
"17",20,-64.5
"17",20,-65.5
"18",10,76.5
"18",9,76.5
"18",8,76.5
"18",7,76.5
"18",6,75.5
"18",5,75.5
"18",4,75.5
"18",4,74.5
"18",4,73.5
"18",3,72.5
"18",2,71.5
"18",1,70.5
"18",0,69.5
"18",-1,69.5
"18",-2,69.5
"18",-3,68.5
"18",-4,68.5
"18",-5,67.5
"18",-6,67.5
"18",-7,67.5
"18",-7,66.5
"18",-7,65.5
"18",-7,64.5
"18",-7,63.5
"18",-7,62.5
"18",-8,61.5
"18",-9,60.5
"18",-10,59.5
"18",-11,58.5
"18",-12,57.5
"18",-13,56.5
"18",-13,55.5
"18",-13,54.5
"18",-13,53.5
"18",-13,52.5
"18",-13,51.5
"18",-13,50.5
"18",-13,49.5
"18",-13,48.5
"18",-13,47.5
"18",-13,46.5
"18",-13,45.5
"18",-14,45.5
"18",-15,44.5
"18",-16,44.5
"18",-17,44.5
"18",-18,43.5
"18",-18,42.5
"18",-18,41.5
"18",-18,40.5
"18",-18,39.5
"18",-18,38.5
"18",-18,37.5
"18",-18,36.5
"18",-18,35.5
"18",-18,34.5
"18",-18,33.5
"18",-18,32.5
"18",-18,31.5
"18",-18,30.5
"18",-18,29.5
"18",-18,28.5
"18",-18,27.5
"18",-18,26.5
"18",-18,25.5
"18",-18,24.5
"18",-18,23.5
"18",-18,22.5
"18",-18,21.5
"18",-18,20.5
"18",-18,19.5
"18",-18,18.5
"18",-18,17.5
"18",-18,16.5
"18",-18,15.5
"18",-18,14.5
"18",-18,13.5
"18",-18,12.5
"18",-18,11.5
"18",-18,10.5
"18",-18,9.5
"18",-17,8.5
"18",-16,8.5
"18",-15,7.5
"18",-14,7.5
"18",-13,6.5
"18",-12,5.5
"18",-11,4.5
"18",-11,3.5
"18",-11,2.5
"18",-11,1.5
"18",-11,0.5
"18",-11,-0.5
"18",-11,-1.5
"18",-10,-2.5
"18",-9,-3.5
"18",-8,-4.5
"18",-7,-5.5
"18",-6,-6.5
"18",-6,-7.5
"18",-5,-8.5
"18",-4,-9.5
"18",-3,-10.5
"18",-2,-11.5
"18",-1,-12.5
"18",0,-13.5
"18",1,-14.5
"18",1,-15.5
"18",1,-16.5
"18",2,-17.5
"18",3,-18.5
"18",3,-19.5
"18",4,-20.5
"18",5,-21.5
"18",6,-22.5
"18",7,-23.5
"18",8,-24.5
"18",8,-25.5
"18",9,-26.5
"18",10,-27.5
"18",11,-28.5
"18",11,-29.5
"18",11,-30.5
"18",11,-31.5
"18",11,-32.5
"18",11,-33.5
"18",11,-34.5
"18",11,-35.5
"18",11,-36.5
"18",11,-37.5
"18",11,-38.5
"18",11,-39.5
"18",11,-40.5
"18",11,-41.5
"18",11,-42.5
"18",11,-43.5
"18",11,-44.5
"18",11,-45.5
"18",11,-46.5
"18",11,-47.5
"18",11,-48.5
"18",11,-49.5
"18",12,-50.5
"18",13,-50.5
"18",13,-51.5
"18",14,-52.5
"18",15,-53.5
"18",16,-54.5
"18",17,-55.5
"18",17,-56.5
"18",17,-57.5
"18",18,-58.5
"18",19,-59.5
"18",20,-60.5
"18",20,-61.5
"18",20,-62.5
"18",20,-63.5
"18",20,-64.5
"18",20,-65.5
"19",10,76.5
"19",9,76.5
"19",8,76.5
"19",7,76.5
"19",6,75.5
"19",5,75.5
"19",4,75.5
"19",4,74.5
"19",4,73.5
"19",3,72.5
"19",2,71.5
"19",1,70.5
"19",0,69.5
"19",-1,69.5
"19",-2,69.5
"19",-3,68.5
"19",-4,68.5
"19",-5,67.5
"19",-6,67.5
"19",-7,67.5
"19",-7,66.5
"19",-7,65.5
"19",-7,64.5
"19",-7,63.5
"19",-7,62.5
"19",-8,62.5
"19",-9,61.5
"19",-10,60.5
"19",-11,59.5
"19",-11,58.5
"19",-11,57.5
"19",-12,57.5
"19",-12,56.5
"19",-12,55.5
"19",-12,54.5
"19",-12,53.5
"19",-12,52.5
"19",-12,51.5
"19",-13,50.5
"19",-13,49.5
"19",-13,48.5
"19",-13,47.5
"19",-13,46.5
"19",-13,45.5
"19",-13,44.5
"19",-14,44.5
"19",-15,43.5
"19",-16,43.5
"19",-17,43.5
"19",-18,42.5
"19",-18,41.5
"19",-18,40.5
"19",-18,39.5
"19",-18,38.5
"19",-18,37.5
"19",-18,36.5
"19",-18,35.5
"19",-18,34.5
"19",-18,33.5
"19",-18,32.5
"19",-18,31.5
"19",-18,30.5
"19",-18,29.5
"19",-18,28.5
"19",-18,27.5
"19",-18,26.5
"19",-18,25.5
"19",-18,24.5
"19",-18,23.5
"19",-18,22.5
"19",-18,21.5
"19",-18,20.5
"19",-18,19.5
"19",-18,18.5
"19",-18,17.5
"19",-18,16.5
"19",-18,15.5
"19",-18,14.5
"19",-18,13.5
"19",-18,12.5
"19",-18,11.5
"19",-18,10.5
"19",-18,9.5
"19",-17,8.5
"19",-16,8.5
"19",-15,7.5
"19",-14,7.5
"19",-13,6.5
"19",-12,5.5
"19",-11,4.5
"19",-11,3.5
"19",-11,2.5
"19",-11,1.5
"19",-10,0.5
"19",-9,-0.5
"19",-8,-1.5
"19",-7,-2.5
"19",-6,-3.5
"19",-5,-4.5
"19",-4,-4.5
"19",-3,-5.5
"19",-3,-6.5
"19",-2,-7.5
"19",-1,-7.5
"19",-1,-8.5
"19",0,-9.5
"19",1,-10.5
"19",2,-11.5
"19",3,-12.5
"19",3,-13.5
"19",3,-14.5
"19",3,-15.5
"19",3,-16.5
"19",3,-17.5
"19",3,-18.5
"19",3,-19.5
"19",4,-20.5
"19",5,-21.5
"19",6,-22.5
"19",7,-22.5
"19",8,-23.5
"19",8,-24.5
"19",8,-25.5
"19",8,-26.5
"19",9,-27.5
"19",10,-27.5
"19",11,-28.5
"19",11,-29.5
"19",11,-30.5
"19",11,-31.5
"19",11,-32.5
"19",11,-33.5
"19",11,-34.5
"19",11,-35.5
"19",11,-36.5
"19",11,-37.5
"19",11,-38.5
"19",11,-39.5
"19",11,-40.5
"19",11,-41.5
"19",11,-42.5
"19",11,-43.5
"19",11,-44.5
"19",11,-45.5
"19",11,-46.5
"19",11,-47.5
"19",11,-48.5
"19",11,-49.5
"19",12,-50.5
"19",13,-50.5
"19",14,-51.5
"19",15,-52.5
"19",16,-53.5
"19",17,-54.5
"19",18,-55.5
"19",19,-56.5
"19",19,-57.5
"19",19,-58.5
"19",20,-59.5
"19",20,-60.5
"19",20,-61.5
"19",20,-62.5
"19",20,-63.5
"19",20,-64.5
"19",20,-65.5
"20",10,76.5
"20",9,76.5
"20",8,76.5
"20",7,76.5
"20",6,75.5
"20",5,75.5
"20",4,75.5
"20",3,75.5
"20",2,75.5
"20",1,75.5
"20",0,74.5
"20",-1,74.5
"20",-1,73.5
"20",-1,72.5
"20",-1,71.5
"20",-1,70.5
"20",-1,69.5
"20",-2,69.5
"20",-3,68.5
"20",-4,68.5
"20",-5,67.5
"20",-6,67.5
"20",-7,67.5
"20",-7,66.5
"20",-7,65.5
"20",-7,64.5
"20",-7,63.5
"20",-7,62.5
"20",-8,62.5
"20",-9,61.5
"20",-10,60.5
"20",-11,59.5
"20",-11,58.5
"20",-11,57.5
"20",-12,57.5
"20",-12,56.5
"20",-12,55.5
"20",-12,54.5
"20",-12,53.5
"20",-12,52.5
"20",-12,51.5
"20",-12,50.5
"20",-13,49.5
"20",-13,48.5
"20",-13,47.5
"20",-13,46.5
"20",-13,45.5
"20",-13,44.5
"20",-14,44.5
"20",-15,43.5
"20",-16,43.5
"20",-17,43.5
"20",-18,42.5
"20",-18,41.5
"20",-18,40.5
"20",-18,39.5
"20",-18,38.5
"20",-18,37.5
"20",-18,36.5
"20",-18,35.5
"20",-18,34.5
"20",-18,33.5
"20",-18,32.5
"20",-18,31.5
"20",-18,30.5
"20",-18,29.5
"20",-18,28.5
"20",-18,27.5
"20",-18,26.5
"20",-18,25.5
"20",-18,24.5
"20",-18,23.5
"20",-18,22.5
"20",-18,21.5
"20",-18,20.5
"20",-18,19.5
"20",-18,18.5
"20",-18,17.5
"20",-18,16.5
"20",-18,15.5
"20",-18,14.5
"20",-18,13.5
"20",-18,12.5
"20",-18,11.5
"20",-18,10.5
"20",-18,9.5
"20",-17,8.5
"20",-16,8.5
"20",-15,7.5
"20",-14,7.5
"20",-13,6.5
"20",-12,5.5
"20",-11,5.5
"20",-11,4.5
"20",-11,3.5
"20",-11,2.5
"20",-11,1.5
"20",-10,0.5
"20",-9,-0.5
"20",-8,-1.5
"20",-7,-2.5
"20",-6,-3.5
"20",-5,-4.5
"20",-4,-4.5
"20",-3,-5.5
"20",-3,-6.5
"20",-2,-7.5
"20",-1,-7.5
"20",-1,-8.5
"20",0,-9.5
"20",1,-10.5
"20",2,-11.5
"20",3,-12.5
"20",3,-13.5
"20",3,-14.5
"20",3,-15.5
"20",3,-16.5
"20",3,-17.5
"20",3,-18.5
"20",3,-19.5
"20",4,-20.5
"20",5,-21.5
"20",6,-22.5
"20",7,-22.5
"20",8,-23.5
"20",8,-24.5
"20",8,-25.5
"20",8,-26.5
"20",9,-27.5
"20",10,-27.5
"20",11,-28.5
"20",11,-29.5
"20",11,-30.5
"20",11,-31.5
"20",11,-32.5
"20",11,-33.5
"20",11,-34.5
"20",11,-35.5
"20",11,-36.5
"20",11,-37.5
"20",11,-38.5
"20",11,-39.5
"20",11,-40.5
"20",11,-41.5
"20",11,-42.5
"20",11,-43.5
"20",11,-44.5
"20",11,-45.5
"20",11,-46.5
"20",11,-47.5
"20",11,-48.5
"20",11,-49.5
"20",12,-50.5
"20",13,-50.5
"20",14,-51.5
"20",15,-52.5
"20",16,-53.5
"20",17,-54.5
"20",18,-55.5
"20",19,-56.5
"20",19,-57.5
"20",19,-58.5
"20",19,-59.5
"20",19,-60.5
"20",19,-61.5
"20",19,-62.5
"20",20,-63.5
"20",20,-64.5
"20",20,-65.5
"21",10,76.5
"21",9,76.5
"21",8,76.5
"21",7,76.5
"21",6,75.5
"21",5,75.5
"21",4,75.5
"21",3,75.5
"21",2,75.5
"21",1,75.5
"21",0,74.5
"21",-1,74.5
"21",-1,73.5
"21",-1,72.5
"21",-1,71.5
"21",-1,70.5
"21",-1,69.5
"21",-2,69.5
"21",-3,68.5
"21",-4,68.5
"21",-5,67.5
"21",-6,67.5
"21",-7,67.5
"21",-7,66.5
"21",-7,65.5
"21",-7,64.5
"21",-7,63.5
"21",-7,62.5
"21",-8,62.5
"21",-9,61.5
"21",-10,60.5
"21",-11,59.5
"21",-11,58.5
"21",-11,57.5
"21",-12,57.5
"21",-12,56.5
"21",-12,55.5
"21",-12,54.5
"21",-12,53.5
"21",-12,52.5
"21",-12,51.5
"21",-12,50.5
"21",-13,49.5
"21",-13,48.5
"21",-13,47.5
"21",-13,46.5
"21",-13,45.5
"21",-13,44.5
"21",-14,44.5
"21",-15,43.5
"21",-16,43.5
"21",-17,43.5
"21",-18,42.5
"21",-18,41.5
"21",-18,40.5
"21",-18,39.5
"21",-18,38.5
"21",-18,37.5
"21",-18,36.5
"21",-18,35.5
"21",-18,34.5
"21",-18,33.5
"21",-18,32.5
"21",-18,31.5
"21",-18,30.5
"21",-18,29.5
"21",-18,28.5
"21",-18,27.5
"21",-18,26.5
"21",-18,25.5
"21",-18,24.5
"21",-18,23.5
"21",-18,22.5
"21",-18,21.5
"21",-18,20.5
"21",-18,19.5
"21",-18,18.5
"21",-18,17.5
"21",-18,16.5
"21",-18,15.5
"21",-18,14.5
"21",-18,13.5
"21",-18,12.5
"21",-18,11.5
"21",-18,10.5
"21",-18,9.5
"21",-17,8.5
"21",-16,8.5
"21",-15,7.5
"21",-14,7.5
"21",-13,6.5
"21",-12,5.5
"21",-11,5.5
"21",-11,4.5
"21",-11,3.5
"21",-11,2.5
"21",-11,1.5
"21",-10,0.5
"21",-9,-0.5
"21",-8,-1.5
"21",-7,-1.5
"21",-6,-1.5
"21",-5,-2.5
"21",-4,-2.5
"21",-4,-3.5
"21",-4,-4.5
"21",-3,-5.5
"21",-3,-6.5
"21",-2,-7.5
"21",-1,-7.5
"21",-1,-8.5
"21",0,-9.5
"21",1,-10.5
"21",2,-11.5
"21",3,-12.5
"21",3,-13.5
"21",3,-14.5
"21",3,-15.5
"21",3,-16.5
"21",3,-17.5
"21",3,-18.5
"21",3,-19.5
"21",3,-20.5
"21",3,-21.5
"21",3,-22.5
"21",3,-23.5
"21",4,-24.5
"21",5,-25.5
"21",6,-26.5
"21",7,-26.5
"21",8,-26.5
"21",9,-27.5
"21",10,-27.5
"21",11,-28.5
"21",11,-29.5
"21",11,-30.5
"21",11,-31.5
"21",11,-32.5
"21",11,-33.5
"21",11,-34.5
"21",11,-35.5
"21",12,-36.5
"21",13,-37.5
"21",14,-38.5
"21",15,-39.5
"21",15,-40.5
"21",15,-41.5
"21",15,-42.5
"21",15,-43.5
"21",15,-44.5
"21",15,-45.5
"21",15,-46.5
"21",15,-47.5
"21",15,-48.5
"21",15,-49.5
"21",15,-50.5
"21",15,-51.5
"21",15,-52.5
"21",16,-53.5
"21",17,-54.5
"21",18,-55.5
"21",19,-55.5
"21",20,-55.5
"21",20,-56.5
"21",20,-57.5
"21",20,-58.5
"21",20,-59.5
"21",20,-60.5
"21",20,-61.5
"21",20,-62.5
"21",20,-63.5
"21",20,-64.5
"21",20,-65.5
"22",10,76.5
"22",9,76.5
"22",8,76.5
"22",7,75.5
"22",6,74.5
"22",5,73.5
"22",4,72.5
"22",3,71.5
"22",2,70.5
"22",1,69.5
"22",1,68.5
"22",1,67.5
"22",1,66.5
"22",0,65.5
"22",-1,64.5
"22",-2,63.5
"22",-3,62.5
"22",-4,61.5
"22",-5,60.5
"22",-6,59.5
"22",-7,58.5
"22",-8,57.5
"22",-9,56.5
"22",-10,55.5
"22",-11,54.5
"22",-12,53.5
"22",-13,52.5
"22",-14,51.5
"22",-15,50.5
"22",-15,49.5
"22",-15,48.5
"22",-15,47.5
"22",-15,46.5
"22",-15,45.5
"22",-15,44.5
"22",-15,43.5
"22",-15,42.5
"22",-15,41.5
"22",-15,40.5
"22",-15,39.5
"22",-15,38.5
"22",-15,37.5
"22",-15,36.5
"22",-15,35.5
"22",-15,34.5
"22",-15,33.5
"22",-15,32.5
"22",-15,31.5
"22",-15,30.5
"22",-15,29.5
"22",-16,28.5
"22",-16,27.5
"22",-16,26.5
"22",-17,25.5
"22",-18,24.5
"22",-18,23.5
"22",-18,22.5
"22",-18,21.5
"22",-18,20.5
"22",-18,19.5
"22",-18,18.5
"22",-18,17.5
"22",-18,16.5
"22",-18,15.5
"22",-18,14.5
"22",-18,13.5
"22",-18,12.5
"22",-18,11.5
"22",-18,10.5
"22",-18,9.5
"22",-18,8.5
"22",-18,7.5
"22",-18,6.5
"22",-18,5.5
"22",-18,4.5
"22",-18,3.5
"22",-18,2.5
"22",-18,1.5
"22",-18,0.5
"22",-17,-0.5
"22",-16,-1.5
"22",-15,-2.5
"22",-14,-3.5
"22",-13,-4.5
"22",-12,-5.5
"22",-11,-6.5
"22",-10,-7.5
"22",-9,-8.5
"22",-8,-9.5
"22",-7,-10.5
"22",-6,-11.5
"22",-5,-12.5
"22",-4,-13.5
"22",-3,-14.5
"22",-2,-15.5
"22",-1,-16.5
"22",0,-17.5
"22",1,-18.5
"22",2,-19.5
"22",3,-20.5
"22",4,-21.5
"22",5,-22.5
"22",6,-23.5
"22",7,-24.5
"22",8,-25.5
"22",8,-26.5
"22",8,-27.5
"22",8,-28.5
"22",8,-29.5
"22",8,-30.5
"22",8,-31.5
"22",8,-32.5
"22",8,-33.5
"22",8,-34.5
"22",8,-35.5
"22",8,-36.5
"22",8,-37.5
"22",8,-38.5
"22",8,-39.5
"22",8,-40.5
"22",8,-41.5
"22",8,-42.5
"22",8,-43.5
"22",8,-44.5
"22",8,-45.5
"22",8,-46.5
"22",8,-47.5
"22",8,-48.5
"22",9,-49.5
"22",10,-50.5
"22",11,-51.5
"22",12,-52.5
"22",12,-53.5
"22",13,-54.5
"22",14,-55.5
"22",15,-56.5
"22",16,-57.5
"22",17,-58.5
"22",18,-59.5
"22",19,-60.5
"22",20,-61.5
"22",20,-62.5
"22",20,-63.5
"22",20,-64.5
"22",20,-65.5
"23",10,76.5
"23",9,76.5
"23",8,76.5
"23",7,76.5
"23",6,75.5
"23",5,75.5
"23",4,75.5
"23",4,74.5
"23",4,73.5
"23",3,72.5
"23",2,71.5
"23",1,70.5
"23",0,69.5
"23",-1,69.5
"23",-2,69.5
"23",-3,68.5
"23",-4,68.5
"23",-5,67.5
"23",-6,67.5
"23",-7,67.5
"23",-7,66.5
"23",-7,65.5
"23",-7,64.5
"23",-7,63.5
"23",-7,62.5
"23",-8,61.5
"23",-9,60.5
"23",-10,59.5
"23",-11,58.5
"23",-12,57.5
"23",-13,56.5
"23",-13,55.5
"23",-13,54.5
"23",-14,53.5
"23",-15,52.5
"23",-16,51.5
"23",-17,50.5
"23",-18,49.5
"23",-18,48.5
"23",-18,47.5
"23",-18,46.5
"23",-18,45.5
"23",-18,44.5
"23",-18,43.5
"23",-18,42.5
"23",-18,41.5
"23",-18,40.5
"23",-18,39.5
"23",-18,38.5
"23",-18,37.5
"23",-18,36.5
"23",-18,35.5
"23",-18,34.5
"23",-18,33.5
"23",-18,32.5
"23",-18,31.5
"23",-18,30.5
"23",-18,29.5
"23",-18,28.5
"23",-18,27.5
"23",-18,26.5
"23",-18,25.5
"23",-18,24.5
"23",-18,23.5
"23",-18,22.5
"23",-18,21.5
"23",-18,20.5
"23",-18,19.5
"23",-18,18.5
"23",-18,17.5
"23",-18,16.5
"23",-18,15.5
"23",-18,14.5
"23",-18,13.5
"23",-18,12.5
"23",-18,11.5
"23",-18,10.5
"23",-18,9.5
"23",-18,8.5
"23",-18,7.5
"23",-18,6.5
"23",-18,5.5
"23",-18,4.5
"23",-18,3.5
"23",-18,2.5
"23",-18,1.5
"23",-17,0.5
"23",-16,-0.5
"23",-15,-1.5
"23",-14,-2.5
"23",-13,-3.5
"23",-12,-4.5
"23",-11,-5.5
"23",-10,-6.5
"23",-9,-7.5
"23",-8,-8.5
"23",-7,-9.5
"23",-6,-10.5
"23",-5,-11.5
"23",-4,-12.5
"23",-3,-13.5
"23",-2,-14.5
"23",-1,-15.5
"23",-1,-16.5
"23",0,-17.5
"23",1,-18.5
"23",2,-19.5
"23",3,-20.5
"23",4,-21.5
"23",5,-22.5
"23",6,-23.5
"23",7,-24.5
"23",8,-25.5
"23",9,-26.5
"23",10,-27.5
"23",11,-28.5
"23",11,-29.5
"23",11,-30.5
"23",11,-31.5
"23",11,-32.5
"23",11,-33.5
"23",11,-34.5
"23",11,-35.5
"23",11,-36.5
"23",11,-37.5
"23",11,-38.5
"23",11,-39.5
"23",11,-40.5
"23",11,-41.5
"23",11,-42.5
"23",11,-43.5
"23",11,-44.5
"23",11,-45.5
"23",11,-46.5
"23",11,-47.5
"23",11,-48.5
"23",11,-49.5
"23",12,-50.5
"23",13,-51.5
"23",14,-52.5
"23",15,-53.5
"23",16,-54.5
"23",17,-55.5
"23",17,-56.5
"23",17,-57.5
"23",18,-58.5
"23",19,-59.5
"23",20,-60.5
"23",20,-61.5
"23",20,-62.5
"23",20,-63.5
"23",20,-64.5
"23",20,-65.5
"24",10,76.5
"24",9,76.5
"24",8,76.5
"24",7,76.5
"24",6,75.5
"24",5,75.5
"24",4,75.5
"24",4,74.5
"24",4,73.5
"24",3,72.5
"24",2,71.5
"24",1,70.5
"24",0,69.5
"24",-1,69.5
"24",-2,69.5
"24",-3,68.5
"24",-4,68.5
"24",-5,67.5
"24",-6,67.5
"24",-7,67.5
"24",-7,66.5
"24",-7,65.5
"24",-7,64.5
"24",-7,63.5
"24",-7,62.5
"24",-8,62.5
"24",-9,61.5
"24",-10,60.5
"24",-11,59.5
"24",-11,58.5
"24",-11,57.5
"24",-12,57.5
"24",-13,56.5
"24",-13,55.5
"24",-13,54.5
"24",-13,53.5
"24",-13,52.5
"24",-13,51.5
"24",-13,50.5
"24",-13,49.5
"24",-13,48.5
"24",-13,47.5
"24",-13,46.5
"24",-13,45.5
"24",-14,45.5
"24",-15,44.5
"24",-16,44.5
"24",-17,44.5
"24",-18,43.5
"24",-18,42.5
"24",-18,41.5
"24",-18,40.5
"24",-18,39.5
"24",-18,38.5
"24",-18,37.5
"24",-18,36.5
"24",-18,35.5
"24",-18,34.5
"24",-18,33.5
"24",-18,32.5
"24",-18,31.5
"24",-18,30.5
"24",-18,29.5
"24",-18,28.5
"24",-18,27.5
"24",-18,26.5
"24",-18,25.5
"24",-18,24.5
"24",-18,23.5
"24",-18,22.5
"24",-18,21.5
"24",-18,20.5
"24",-18,19.5
"24",-18,18.5
"24",-18,17.5
"24",-18,16.5
"24",-18,15.5
"24",-18,14.5
"24",-18,13.5
"24",-18,12.5
"24",-18,11.5
"24",-18,10.5
"24",-18,9.5
"24",-18,8.5
"24",-18,7.5
"24",-18,6.5
"24",-18,5.5
"24",-18,4.5
"24",-18,3.5
"24",-18,2.5
"24",-18,1.5
"24",-18,0.5
"24",-18,-0.5
"24",-18,-1.5
"24",-18,-2.5
"24",-17,-3.5
"24",-16,-4.5
"24",-16,-5.5
"24",-16,-6.5
"24",-16,-7.5
"24",-15,-8.5
"24",-14,-9.5
"24",-13,-10.5
"24",-12,-11.5
"24",-11,-12.5
"24",-11,-13.5
"24",-11,-14.5
"24",-11,-15.5
"24",-11,-16.5
"24",-11,-17.5
"24",-11,-18.5
"24",-11,-19.5
"24",-11,-20.5
"24",-10,-21.5
"24",-10,-22.5
"24",-10,-23.5
"24",-10,-24.5
"24",-10,-25.5
"24",-9,-26.5
"24",-8,-27.5
"24",-8,-28.5
"24",-8,-29.5
"24",-8,-30.5
"24",-8,-31.5
"24",-7,-32.5
"24",-7,-33.5
"24",-7,-34.5
"24",-7,-35.5
"24",-7,-36.5
"24",-7,-37.5
"24",-7,-38.5
"24",-7,-39.5
"24",-7,-40.5
"24",-7,-41.5
"24",-7,-42.5
"24",-7,-43.5
"24",-7,-44.5
"24",-7,-45.5
"24",-7,-46.5
"24",-7,-47.5
"24",-7,-48.5
"24",-6,-49.5
"24",-6,-50.5
"24",-6,-51.5
"24",-5,-52.5
"24",-4,-52.5
"24",-3,-53.5
"24",-2,-54.5
"24",-1,-55.5
"24",0,-56.5
"24",1,-57.5
"24",2,-57.5
"24",3,-58.5
"24",4,-58.5
"24",5,-58.5
"24",6,-59.5
"24",7,-59.5
"24",8,-60.5
"24",9,-61.5
"24",10,-61.5
"24",11,-62.5
"24",12,-63.5
"24",13,-63.5
"24",14,-63.5
"24",15,-64.5
"24",16,-64.5
"24",17,-64.5
"24",18,-64.5
"24",19,-64.5
"24",20,-65.5
"25",10,76.5
"25",9,76.5
"25",8,76.5
"25",7,76.5
"25",6,75.5
"25",5,75.5
"25",4,75.5
"25",3,75.5
"25",2,75.5
"25",1,75.5
"25",0,74.5
"25",-1,74.5
"25",-1,73.5
"25",-1,72.5
"25",-1,71.5
"25",-1,70.5
"25",-1,69.5
"25",-2,69.5
"25",-3,68.5
"25",-4,68.5
"25",-5,67.5
"25",-6,67.5
"25",-7,67.5
"25",-7,66.5
"25",-7,65.5
"25",-7,64.5
"25",-7,63.5
"25",-7,62.5
"25",-8,62.5
"25",-9,61.5
"25",-10,60.5
"25",-11,59.5
"25",-11,58.5
"25",-11,57.5
"25",-12,57.5
"25",-12,56.5
"25",-12,55.5
"25",-12,54.5
"25",-12,53.5
"25",-12,52.5
"25",-12,51.5
"25",-12,50.5
"25",-13,49.5
"25",-13,48.5
"25",-13,47.5
"25",-13,46.5
"25",-13,45.5
"25",-13,44.5
"25",-14,44.5
"25",-15,43.5
"25",-16,43.5
"25",-17,43.5
"25",-18,42.5
"25",-18,41.5
"25",-18,40.5
"25",-18,39.5
"25",-18,38.5
"25",-18,37.5
"25",-18,36.5
"25",-18,35.5
"25",-18,34.5
"25",-18,33.5
"25",-18,32.5
"25",-18,31.5
"25",-18,30.5
"25",-18,29.5
"25",-18,28.5
"25",-18,27.5
"25",-18,26.5
"25",-18,25.5
"25",-18,24.5
"25",-18,23.5
"25",-18,22.5
"25",-18,21.5
"25",-18,20.5
"25",-18,19.5
"25",-18,18.5
"25",-18,17.5
"25",-18,16.5
"25",-18,15.5
"25",-18,14.5
"25",-18,13.5
"25",-18,12.5
"25",-18,11.5
"25",-18,10.5
"25",-18,9.5
"25",-18,8.5
"25",-18,7.5
"25",-18,6.5
"25",-18,5.5
"25",-18,4.5
"25",-18,3.5
"25",-17,2.5
"25",-16,2.5
"25",-16,1.5
"25",-16,0.5
"25",-16,-0.5
"25",-16,-1.5
"25",-16,-2.5
"25",-16,-3.5
"25",-16,-4.5
"25",-16,-5.5
"25",-16,-6.5
"25",-16,-7.5
"25",-16,-8.5
"25",-16,-9.5
"25",-16,-10.5
"25",-16,-11.5
"25",-16,-12.5
"25",-16,-13.5
"25",-16,-14.5
"25",-16,-15.5
"25",-15,-16.5
"25",-14,-16.5
"25",-13,-16.5
"25",-12,-17.5
"25",-11,-17.5
"25",-11,-18.5
"25",-11,-19.5
"25",-11,-20.5
"25",-11,-21.5
"25",-11,-22.5
"25",-11,-23.5
"25",-10,-24.5
"25",-10,-25.5
"25",-10,-26.5
"25",-10,-27.5
"25",-9,-28.5
"25",-8,-29.5
"25",-8,-30.5
"25",-8,-31.5
"25",-8,-32.5
"25",-7,-33.5
"25",-7,-34.5
"25",-7,-35.5
"25",-7,-36.5
"25",-7,-37.5
"25",-7,-38.5
"25",-7,-39.5
"25",-7,-40.5
"25",-7,-41.5
"25",-7,-42.5
"25",-7,-43.5
"25",-7,-44.5
"25",-7,-45.5
"25",-7,-46.5
"25",-7,-47.5
"25",-7,-48.5
"25",-6,-49.5
"25",-6,-50.5
"25",-5,-51.5
"25",-4,-51.5
"25",-3,-52.5
"25",-2,-53.5
"25",-1,-54.5
"25",0,-55.5
"25",1,-56.5
"25",2,-56.5
"25",3,-56.5
"25",4,-56.5
"25",5,-56.5
"25",6,-57.5
"25",7,-57.5
"25",8,-58.5
"25",9,-58.5
"25",10,-58.5
"25",11,-58.5
"25",12,-58.5
"25",13,-58.5
"25",14,-58.5
"25",15,-59.5
"25",16,-60.5
"25",17,-60.5
"25",17,-61.5
"25",17,-62.5
"25",18,-63.5
"25",19,-64.5
"25",20,-65.5
"26",10,76.5
"26",9,76.5
"26",8,76.5
"26",7,75.5
"26",6,74.5
"26",5,73.5
"26",4,72.5
"26",3,71.5
"26",2,70.5
"26",1,69.5
"26",1,68.5
"26",1,67.5
"26",1,66.5
"26",0,65.5
"26",-1,64.5
"26",-2,63.5
"26",-3,62.5
"26",-4,61.5
"26",-5,60.5
"26",-6,59.5
"26",-7,58.5
"26",-8,57.5
"26",-9,56.5
"26",-10,55.5
"26",-11,54.5
"26",-12,53.5
"26",-13,52.5
"26",-14,51.5
"26",-15,50.5
"26",-16,49.5
"26",-16,48.5
"26",-16,47.5
"26",-16,46.5
"26",-16,45.5
"26",-16,44.5
"26",-16,43.5
"26",-16,42.5
"26",-16,41.5
"26",-16,40.5
"26",-16,39.5
"26",-16,38.5
"26",-16,37.5
"26",-16,36.5
"26",-16,35.5
"26",-16,34.5
"26",-16,33.5
"26",-16,32.5
"26",-16,31.5
"26",-16,30.5
"26",-16,29.5
"26",-16,28.5
"26",-16,27.5
"26",-16,26.5
"26",-17,25.5
"26",-18,24.5
"26",-18,23.5
"26",-18,22.5
"26",-18,21.5
"26",-18,20.5
"26",-18,19.5
"26",-18,18.5
"26",-18,17.5
"26",-18,16.5
"26",-18,15.5
"26",-18,14.5
"26",-18,13.5
"26",-18,12.5
"26",-18,11.5
"26",-18,10.5
"26",-18,9.5
"26",-18,8.5
"26",-18,7.5
"26",-18,6.5
"26",-18,5.5
"26",-18,4.5
"26",-18,3.5
"26",-18,2.5
"26",-18,1.5
"26",-18,0.5
"26",-17,-0.5
"26",-16,-1.5
"26",-15,-2.5
"26",-14,-3.5
"26",-13,-4.5
"26",-12,-5.5
"26",-11,-6.5
"26",-10,-7.5
"26",-9,-8.5
"26",-8,-9.5
"26",-7,-10.5
"26",-6,-11.5
"26",-5,-12.5
"26",-4,-13.5
"26",-3,-14.5
"26",-2,-15.5
"26",-1,-16.5
"26",0,-17.5
"26",1,-18.5
"26",2,-19.5
"26",3,-20.5
"26",4,-21.5
"26",5,-22.5
"26",6,-23.5
"26",7,-24.5
"26",7,-25.5
"26",7,-26.5
"26",7,-27.5
"26",7,-28.5
"26",7,-29.5
"26",7,-30.5
"26",7,-31.5
"26",7,-32.5
"26",7,-33.5
"26",7,-34.5
"26",7,-35.5
"26",7,-36.5
"26",7,-37.5
"26",7,-38.5
"26",7,-39.5
"26",7,-40.5
"26",7,-41.5
"26",7,-42.5
"26",7,-43.5
"26",7,-44.5
"26",7,-45.5
"26",7,-46.5
"26",7,-47.5
"26",7,-48.5
"26",7,-49.5
"26",8,-50.5
"26",9,-51.5
"26",10,-52.5
"26",10,-53.5
"26",11,-54.5
"26",12,-55.5
"26",13,-56.5
"26",14,-57.5
"26",15,-58.5
"26",16,-59.5
"26",17,-60.5
"26",18,-61.5
"26",19,-62.5
"26",20,-63.5
"26",20,-64.5
"26",20,-65.5
"27",10,76.5
"27",9,76.5
"27",8,76.5
"27",7,76.5
"27",6,76.5
"27",5,76.5
"27",4,76.5
"27",3,76.5
"27",2,76.5
"27",1,76.5
"27",0,76.5
"27",-1,76.5
"27",-1,75.5
"27",-1,74.5
"27",-1,73.5
"27",-1,72.5
"27",-1,71.5
"27",-1,70.5
"27",-2,69.5
"27",-3,68.5
"27",-4,68.5
"27",-5,67.5
"27",-6,67.5
"27",-7,67.5
"27",-7,66.5
"27",-7,65.5
"27",-7,64.5
"27",-7,63.5
"27",-7,62.5
"27",-8,61.5
"27",-9,60.5
"27",-10,59.5
"27",-11,58.5
"27",-12,57.5
"27",-13,56.5
"27",-13,55.5
"27",-13,54.5
"27",-13,53.5
"27",-14,52.5
"27",-15,51.5
"27",-16,50.5
"27",-17,49.5
"27",-18,48.5
"27",-18,47.5
"27",-18,46.5
"27",-18,45.5
"27",-18,44.5
"27",-18,43.5
"27",-18,42.5
"27",-18,41.5
"27",-18,40.5
"27",-18,39.5
"27",-18,38.5
"27",-18,37.5
"27",-18,36.5
"27",-18,35.5
"27",-18,34.5
"27",-18,33.5
"27",-18,32.5
"27",-18,31.5
"27",-18,30.5
"27",-18,29.5
"27",-18,28.5
"27",-18,27.5
"27",-18,26.5
"27",-18,25.5
"27",-18,24.5
"27",-18,23.5
"27",-18,22.5
"27",-18,21.5
"27",-18,20.5
"27",-18,19.5
"27",-18,18.5
"27",-18,17.5
"27",-18,16.5
"27",-18,15.5
"27",-18,14.5
"27",-18,13.5
"27",-18,12.5
"27",-18,11.5
"27",-18,10.5
"27",-18,9.5
"27",-18,8.5
"27",-18,7.5
"27",-18,6.5
"27",-18,5.5
"27",-18,4.5
"27",-18,3.5
"27",-18,2.5
"27",-18,1.5
"27",-17,0.5
"27",-16,-0.5
"27",-15,-1.5
"27",-14,-2.5
"27",-13,-3.5
"27",-12,-4.5
"27",-11,-5.5
"27",-10,-6.5
"27",-9,-7.5
"27",-8,-8.5
"27",-7,-9.5
"27",-6,-10.5
"27",-5,-11.5
"27",-4,-12.5
"27",-3,-13.5
"27",-2,-14.5
"27",-1,-15.5
"27",-1,-16.5
"27",0,-17.5
"27",1,-18.5
"27",2,-19.5
"27",3,-20.5
"27",4,-21.5
"27",5,-22.5
"27",6,-23.5
"27",7,-24.5
"27",8,-25.5
"27",9,-26.5
"27",10,-27.5
"27",11,-28.5
"27",11,-29.5
"27",11,-30.5
"27",11,-31.5
"27",11,-32.5
"27",11,-33.5
"27",11,-34.5
"27",11,-35.5
"27",11,-36.5
"27",11,-37.5
"27",11,-38.5
"27",11,-39.5
"27",11,-40.5
"27",11,-41.5
"27",11,-42.5
"27",11,-43.5
"27",11,-44.5
"27",11,-45.5
"27",11,-46.5
"27",11,-47.5
"27",11,-48.5
"27",11,-49.5
"27",12,-50.5
"27",13,-51.5
"27",14,-52.5
"27",15,-53.5
"27",16,-54.5
"27",17,-55.5
"27",17,-56.5
"27",17,-57.5
"27",17,-58.5
"27",18,-59.5
"27",19,-60.5
"27",20,-61.5
"27",20,-62.5
"27",20,-63.5
"27",20,-64.5
"27",20,-65.5
"28",10,76.5
"28",9,76.5
"28",8,76.5
"28",7,76.5
"28",6,76.5
"28",5,76.5
"28",4,76.5
"28",3,76.5
"28",2,76.5
"28",1,76.5
"28",0,76.5
"28",-1,76.5
"28",-1,75.5
"28",-1,74.5
"28",-1,73.5
"28",-1,72.5
"28",-1,71.5
"28",-1,70.5
"28",-1,69.5
"28",-2,69.5
"28",-3,68.5
"28",-4,68.5
"28",-5,67.5
"28",-6,67.5
"28",-7,67.5
"28",-7,66.5
"28",-7,65.5
"28",-7,64.5
"28",-7,63.5
"28",-7,62.5
"28",-8,62.5
"28",-9,61.5
"28",-10,60.5
"28",-11,59.5
"28",-11,58.5
"28",-11,57.5
"28",-12,57.5
"28",-12,56.5
"28",-12,55.5
"28",-12,54.5
"28",-12,53.5
"28",-12,52.5
"28",-12,51.5
"28",-12,50.5
"28",-13,49.5
"28",-13,48.5
"28",-13,47.5
"28",-13,46.5
"28",-13,45.5
"28",-13,44.5
"28",-14,44.5
"28",-15,43.5
"28",-16,43.5
"28",-17,43.5
"28",-18,42.5
"28",-18,41.5
"28",-18,40.5
"28",-18,39.5
"28",-18,38.5
"28",-18,37.5
"28",-18,36.5
"28",-18,35.5
"28",-18,34.5
"28",-18,33.5
"28",-18,32.5
"28",-18,31.5
"28",-18,30.5
"28",-18,29.5
"28",-18,28.5
"28",-18,27.5
"28",-18,26.5
"28",-18,25.5
"28",-18,24.5
"28",-18,23.5
"28",-18,22.5
"28",-18,21.5
"28",-18,20.5
"28",-18,19.5
"28",-18,18.5
"28",-18,17.5
"28",-18,16.5
"28",-18,15.5
"28",-18,14.5
"28",-18,13.5
"28",-18,12.5
"28",-18,11.5
"28",-18,10.5
"28",-18,9.5
"28",-18,8.5
"28",-18,7.5
"28",-18,6.5
"28",-18,5.5
"28",-18,4.5
"28",-18,3.5
"28",-17,2.5
"28",-16,2.5
"28",-16,1.5
"28",-16,0.5
"28",-16,-0.5
"28",-16,-1.5
"28",-16,-2.5
"28",-16,-3.5
"28",-16,-4.5
"28",-16,-5.5
"28",-16,-6.5
"28",-16,-7.5
"28",-16,-8.5
"28",-16,-9.5
"28",-16,-10.5
"28",-16,-11.5
"28",-16,-12.5
"28",-16,-13.5
"28",-16,-14.5
"28",-16,-15.5
"28",-15,-16.5
"28",-14,-16.5
"28",-13,-16.5
"28",-12,-17.5
"28",-11,-18.5
"28",-11,-19.5
"28",-11,-20.5
"28",-11,-21.5
"28",-11,-22.5
"28",-11,-23.5
"28",-10,-24.5
"28",-10,-25.5
"28",-10,-26.5
"28",-10,-27.5
"28",-9,-28.5
"28",-8,-29.5
"28",-8,-30.5
"28",-8,-31.5
"28",-8,-32.5
"28",-7,-33.5
"28",-7,-34.5
"28",-7,-35.5
"28",-7,-36.5
"28",-7,-37.5
"28",-7,-38.5
"28",-7,-39.5
"28",-7,-40.5
"28",-7,-41.5
"28",-7,-42.5
"28",-7,-43.5
"28",-7,-44.5
"28",-7,-45.5
"28",-7,-46.5
"28",-7,-47.5
"28",-7,-48.5
"28",-6,-49.5
"28",-6,-50.5
"28",-5,-51.5
"28",-4,-51.5
"28",-3,-52.5
"28",-2,-53.5
"28",-2,-54.5
"28",-1,-55.5
"28",0,-56.5
"28",1,-57.5
"28",2,-57.5
"28",3,-58.5
"28",4,-58.5
"28",5,-58.5
"28",6,-59.5
"28",7,-59.5
"28",8,-60.5
"28",9,-61.5
"28",10,-61.5
"28",11,-62.5
"28",12,-63.5
"28",13,-63.5
"28",14,-63.5
"28",15,-64.5
"28",16,-64.5
"28",17,-64.5
"28",18,-64.5
"28",19,-64.5
"28",20,-65.5
"29",10,76.5
"29",9,76.5
"29",8,76.5
"29",7,76.5
"29",6,76.5
"29",5,76.5
"29",4,76.5
"29",3,76.5
"29",2,76.5
"29",1,76.5
"29",0,76.5
"29",-1,76.5
"29",-2,76.5
"29",-3,76.5
"29",-4,76.5
"29",-4,75.5
"29",-4,74.5
"29",-4,73.5
"29",-4,72.5
"29",-4,71.5
"29",-4,70.5
"29",-5,69.5
"29",-6,68.5
"29",-6,67.5
"29",-6,66.5
"29",-6,65.5
"29",-6,64.5
"29",-6,63.5
"29",-6,62.5
"29",-6,61.5
"29",-7,60.5
"29",-8,59.5
"29",-9,58.5
"29",-10,57.5
"29",-11,56.5
"29",-12,55.5
"29",-13,54.5
"29",-14,53.5
"29",-15,52.5
"29",-16,51.5
"29",-16,50.5
"29",-16,49.5
"29",-16,48.5
"29",-16,47.5
"29",-16,46.5
"29",-16,45.5
"29",-16,44.5
"29",-16,43.5
"29",-16,42.5
"29",-16,41.5
"29",-16,40.5
"29",-16,39.5
"29",-16,38.5
"29",-16,37.5
"29",-16,36.5
"29",-16,35.5
"29",-16,34.5
"29",-16,33.5
"29",-16,32.5
"29",-16,31.5
"29",-16,30.5
"29",-16,29.5
"29",-16,28.5
"29",-16,27.5
"29",-16,26.5
"29",-17,25.5
"29",-18,24.5
"29",-18,23.5
"29",-18,22.5
"29",-18,21.5
"29",-18,20.5
"29",-18,19.5
"29",-18,18.5
"29",-18,17.5
"29",-18,16.5
"29",-18,15.5
"29",-18,14.5
"29",-18,13.5
"29",-18,12.5
"29",-18,11.5
"29",-18,10.5
"29",-18,9.5
"29",-18,8.5
"29",-18,7.5
"29",-18,6.5
"29",-18,5.5
"29",-18,4.5
"29",-18,3.5
"29",-18,2.5
"29",-18,1.5
"29",-18,0.5
"29",-17,-0.5
"29",-16,-1.5
"29",-15,-2.5
"29",-14,-3.5
"29",-13,-4.5
"29",-12,-5.5
"29",-11,-6.5
"29",-10,-7.5
"29",-9,-8.5
"29",-8,-9.5
"29",-7,-10.5
"29",-6,-11.5
"29",-5,-12.5
"29",-4,-13.5
"29",-3,-14.5
"29",-2,-15.5
"29",-1,-16.5
"29",0,-17.5
"29",1,-18.5
"29",2,-19.5
"29",3,-20.5
"29",4,-21.5
"29",5,-22.5
"29",6,-23.5
"29",6,-24.5
"29",6,-25.5
"29",6,-26.5
"29",6,-27.5
"29",6,-28.5
"29",6,-29.5
"29",6,-30.5
"29",6,-31.5
"29",6,-32.5
"29",6,-33.5
"29",6,-34.5
"29",6,-35.5
"29",6,-36.5
"29",6,-37.5
"29",6,-38.5
"29",6,-39.5
"29",6,-40.5
"29",6,-41.5
"29",6,-42.5
"29",6,-43.5
"29",6,-44.5
"29",6,-45.5
"29",6,-46.5
"29",6,-47.5
"29",6,-48.5
"29",6,-49.5
"29",6,-50.5
"29",6,-51.5
"29",7,-52.5
"29",8,-53.5
"29",9,-54.5
"29",10,-55.5
"29",11,-56.5
"29",12,-57.5
"29",13,-58.5
"29",14,-59.5
"29",15,-60.5
"29",16,-61.5
"29",17,-62.5
"29",18,-63.5
"29",19,-64.5
"29",20,-65.5
"30",10,76.5
"30",9,76.5
"30",8,76.5
"30",7,76.5
"30",6,76.5
"30",5,76.5
"30",4,76.5
"30",3,76.5
"30",2,76.5
"30",1,76.5
"30",0,76.5
"30",-1,76.5
"30",-2,76.5
"30",-3,76.5
"30",-4,76.5
"30",-5,76.5
"30",-6,76.5
"30",-7,76.5
"30",-8,76.5
"30",-9,76.5
"30",-10,76.5
"30",-11,76.5
"30",-11,75.5
"30",-11,74.5
"30",-11,73.5
"30",-11,72.5
"30",-11,71.5
"30",-11,70.5
"30",-11,69.5
"30",-11,68.5
"30",-11,67.5
"30",-11,66.5
"30",-11,65.5
"30",-11,64.5
"30",-11,63.5
"30",-11,62.5
"30",-11,61.5
"30",-11,60.5
"30",-11,59.5
"30",-11,58.5
"30",-12,57.5
"30",-13,56.5
"30",-13,55.5
"30",-13,54.5
"30",-13,53.5
"30",-14,52.5
"30",-15,51.5
"30",-16,50.5
"30",-17,49.5
"30",-18,48.5
"30",-18,47.5
"30",-18,46.5
"30",-18,45.5
"30",-18,44.5
"30",-18,43.5
"30",-18,42.5
"30",-18,41.5
"30",-18,40.5
"30",-18,39.5
"30",-18,38.5
"30",-18,37.5
"30",-18,36.5
"30",-18,35.5
"30",-18,34.5
"30",-18,33.5
"30",-18,32.5
"30",-18,31.5
"30",-18,30.5
"30",-18,29.5
"30",-18,28.5
"30",-18,27.5
"30",-18,26.5
"30",-18,25.5
"30",-18,24.5
"30",-18,23.5
"30",-18,22.5
"30",-18,21.5
"30",-18,20.5
"30",-18,19.5
"30",-18,18.5
"30",-18,17.5
"30",-18,16.5
"30",-18,15.5
"30",-18,14.5
"30",-18,13.5
"30",-18,12.5
"30",-18,11.5
"30",-18,10.5
"30",-18,9.5
"30",-18,8.5
"30",-18,7.5
"30",-18,6.5
"30",-18,5.5
"30",-18,4.5
"30",-18,3.5
"30",-18,2.5
"30",-18,1.5
"30",-18,0.5
"30",-18,-0.5
"30",-18,-1.5
"30",-18,-2.5
"30",-17,-3.5
"30",-16,-4.5
"30",-16,-5.5
"30",-16,-6.5
"30",-16,-7.5
"30",-15,-8.5
"30",-14,-9.5
"30",-13,-10.5
"30",-12,-11.5
"30",-11,-12.5
"30",-11,-13.5
"30",-11,-14.5
"30",-11,-15.5
"30",-11,-16.5
"30",-11,-17.5
"30",-11,-18.5
"30",-11,-19.5
"30",-11,-20.5
"30",-10,-21.5
"30",-10,-22.5
"30",-10,-23.5
"30",-10,-24.5
"30",-10,-25.5
"30",-10,-26.5
"30",-10,-27.5
"30",-10,-28.5
"30",-10,-29.5
"30",-9,-30.5
"30",-9,-31.5
"30",-8,-32.5
"30",-7,-33.5
"30",-7,-34.5
"30",-7,-35.5
"30",-7,-36.5
"30",-7,-37.5
"30",-7,-38.5
"30",-7,-39.5
"30",-7,-40.5
"30",-7,-41.5
"30",-7,-42.5
"30",-7,-43.5
"30",-7,-44.5
"30",-6,-45.5
"30",-5,-46.5
"30",-4,-47.5
"30",-3,-48.5
"30",-2,-49.5
"30",-1,-50.5
"30",0,-51.5
"30",1,-52.5
"30",2,-53.5
"30",3,-54.5
"30",4,-54.5
"30",5,-55.5
"30",6,-56.5
"30",7,-56.5
"30",8,-57.5
"30",9,-58.5
"30",10,-58.5
"30",11,-59.5
"30",12,-60.5
"30",13,-60.5
"30",14,-61.5
"30",15,-62.5
"30",16,-62.5
"30",17,-62.5
"30",18,-63.5
"30",19,-64.5
"30",20,-65.5
"31",10,76.5
"31",9,76.5
"31",8,76.5
"31",7,76.5
"31",6,76.5
"31",5,76.5
"31",4,76.5
"31",3,76.5
"31",2,76.5
"31",1,76.5
"31",0,76.5
"31",-1,76.5
"31",-2,76.5
"31",-3,76.5
"31",-4,76.5
"31",-5,76.5
"31",-6,76.5
"31",-7,76.5
"31",-8,76.5
"31",-9,76.5
"31",-10,76.5
"31",-11,76.5
"31",-11,75.5
"31",-11,74.5
"31",-11,73.5
"31",-11,72.5
"31",-11,71.5
"31",-11,70.5
"31",-11,69.5
"31",-11,68.5
"31",-11,67.5
"31",-11,66.5
"31",-11,65.5
"31",-11,64.5
"31",-11,63.5
"31",-11,62.5
"31",-11,61.5
"31",-11,60.5
"31",-11,59.5
"31",-11,58.5
"31",-11,57.5
"31",-12,57.5
"31",-13,56.5
"31",-13,55.5
"31",-13,54.5
"31",-13,53.5
"31",-13,52.5
"31",-13,51.5
"31",-13,50.5
"31",-13,49.5
"31",-13,48.5
"31",-13,47.5
"31",-13,46.5
"31",-13,45.5
"31",-13,44.5
"31",-14,44.5
"31",-15,43.5
"31",-16,43.5
"31",-17,43.5
"31",-18,42.5
"31",-18,41.5
"31",-18,40.5
"31",-18,39.5
"31",-18,38.5
"31",-18,37.5
"31",-18,36.5
"31",-18,35.5
"31",-18,34.5
"31",-18,33.5
"31",-18,32.5
"31",-18,31.5
"31",-18,30.5
"31",-18,29.5
"31",-18,28.5
"31",-18,27.5
"31",-18,26.5
"31",-18,25.5
"31",-18,24.5
"31",-18,23.5
"31",-18,22.5
"31",-18,21.5
"31",-18,20.5
"31",-18,19.5
"31",-18,18.5
"31",-18,17.5
"31",-18,16.5
"31",-18,15.5
"31",-18,14.5
"31",-18,13.5
"31",-18,12.5
"31",-18,11.5
"31",-18,10.5
"31",-18,9.5
"31",-18,8.5
"31",-18,7.5
"31",-18,6.5
"31",-18,5.5
"31",-18,4.5
"31",-18,3.5
"31",-18,2.5
"31",-18,1.5
"31",-18,0.5
"31",-18,-0.5
"31",-18,-1.5
"31",-17,-2.5
"31",-16,-3.5
"31",-16,-4.5
"31",-16,-5.5
"31",-16,-6.5
"31",-16,-7.5
"31",-16,-8.5
"31",-16,-9.5
"31",-16,-10.5
"31",-16,-11.5
"31",-16,-12.5
"31",-16,-13.5
"31",-16,-14.5
"31",-16,-15.5
"31",-15,-16.5
"31",-14,-16.5
"31",-13,-16.5
"31",-12,-17.5
"31",-11,-18.5
"31",-11,-19.5
"31",-11,-20.5
"31",-11,-21.5
"31",-11,-22.5
"31",-11,-23.5
"31",-10,-24.5
"31",-10,-25.5
"31",-10,-26.5
"31",-10,-27.5
"31",-9,-28.5
"31",-8,-29.5
"31",-8,-30.5
"31",-8,-31.5
"31",-8,-32.5
"31",-7,-33.5
"31",-7,-34.5
"31",-7,-35.5
"31",-7,-36.5
"31",-7,-37.5
"31",-7,-38.5
"31",-7,-39.5
"31",-7,-40.5
"31",-7,-41.5
"31",-7,-42.5
"31",-7,-43.5
"31",-7,-44.5
"31",-7,-45.5
"31",-7,-46.5
"31",-7,-47.5
"31",-7,-48.5
"31",-6,-49.5
"31",-6,-50.5
"31",-6,-51.5
"31",-5,-52.5
"31",-4,-52.5
"31",-3,-53.5
"31",-2,-54.5
"31",-1,-55.5
"31",0,-56.5
"31",1,-57.5
"31",2,-57.5
"31",3,-58.5
"31",4,-58.5
"31",5,-58.5
"31",6,-59.5
"31",7,-59.5
"31",8,-60.5
"31",9,-61.5
"31",10,-61.5
"31",11,-62.5
"31",12,-63.5
"31",13,-63.5
"31",14,-63.5
"31",15,-64.5
"31",16,-64.5
"31",17,-64.5
"31",18,-64.5
"31",19,-64.5
"31",20,-65.5
"32",10,76.5
"32",9,76.5
"32",8,76.5
"32",7,76.5
"32",6,76.5
"32",5,76.5
"32",4,76.5
"32",3,76.5
"32",2,76.5
"32",1,76.5
"32",0,76.5
"32",-1,76.5
"32",-2,76.5
"32",-3,76.5
"32",-4,76.5
"32",-5,76.5
"32",-6,76.5
"32",-7,76.5
"32",-8,76.5
"32",-9,76.5
"32",-10,76.5
"32",-11,76.5
"32",-12,76.5
"32",-13,76.5
"32",-13,75.5
"32",-13,74.5
"32",-13,73.5
"32",-13,72.5
"32",-13,71.5
"32",-13,70.5
"32",-13,69.5
"32",-13,68.5
"32",-13,67.5
"32",-13,66.5
"32",-13,65.5
"32",-13,64.5
"32",-14,63.5
"32",-14,62.5
"32",-14,61.5
"32",-15,60.5
"32",-16,59.5
"32",-17,58.5
"32",-18,57.5
"32",-18,56.5
"32",-18,55.5
"32",-18,54.5
"32",-18,53.5
"32",-18,52.5
"32",-18,51.5
"32",-18,50.5
"32",-18,49.5
"32",-18,48.5
"32",-18,47.5
"32",-18,46.5
"32",-18,45.5
"32",-18,44.5
"32",-18,43.5
"32",-18,42.5
"32",-18,41.5
"32",-18,40.5
"32",-18,39.5
"32",-18,38.5
"32",-18,37.5
"32",-18,36.5
"32",-18,35.5
"32",-18,34.5
"32",-18,33.5
"32",-18,32.5
"32",-18,31.5
"32",-18,30.5
"32",-18,29.5
"32",-18,28.5
"32",-18,27.5
"32",-18,26.5
"32",-18,25.5
"32",-18,24.5
"32",-18,23.5
"32",-18,22.5
"32",-18,21.5
"32",-18,20.5
"32",-18,19.5
"32",-18,18.5
"32",-18,17.5
"32",-18,16.5
"32",-18,15.5
"32",-18,14.5
"32",-18,13.5
"32",-18,12.5
"32",-18,11.5
"32",-18,10.5
"32",-18,9.5
"32",-18,8.5
"32",-18,7.5
"32",-18,6.5
"32",-18,5.5
"32",-18,4.5
"32",-18,3.5
"32",-18,2.5
"32",-18,1.5
"32",-18,0.5
"32",-18,-0.5
"32",-18,-1.5
"32",-18,-2.5
"32",-17,-3.5
"32",-16,-4.5
"32",-15,-5.5
"32",-14,-6.5
"32",-14,-7.5
"32",-14,-8.5
"32",-14,-9.5
"32",-14,-10.5
"32",-14,-11.5
"32",-14,-12.5
"32",-14,-13.5
"32",-14,-14.5
"32",-14,-15.5
"32",-14,-16.5
"32",-14,-17.5
"32",-14,-18.5
"32",-14,-19.5
"32",-14,-20.5
"32",-14,-21.5
"32",-14,-22.5
"32",-14,-23.5
"32",-14,-24.5
"32",-14,-25.5
"32",-14,-26.5
"32",-14,-27.5
"32",-14,-28.5
"32",-14,-29.5
"32",-14,-30.5
"32",-14,-31.5
"32",-13,-32.5
"32",-12,-33.5
"32",-11,-34.5
"32",-10,-35.5
"32",-9,-36.5
"32",-8,-37.5
"32",-7,-38.5
"32",-6,-39.5
"32",-5,-40.5
"32",-4,-41.5
"32",-3,-42.5
"32",-2,-43.5
"32",-1,-44.5
"32",0,-45.5
"32",1,-46.5
"32",2,-47.5
"32",3,-48.5
"32",4,-49.5
"32",5,-50.5
"32",6,-51.5
"32",7,-52.5
"32",8,-53.5
"32",9,-54.5
"32",10,-55.5
"32",11,-56.5
"32",12,-57.5
"32",13,-58.5
"32",14,-59.5
"32",15,-60.5
"32",16,-61.5
"32",17,-62.5
"32",18,-63.5
"32",19,-64.5
"32",20,-65.5
"33",10,76.5
"33",9,76.5
"33",8,76.5
"33",7,76.5
"33",6,76.5
"33",5,76.5
"33",4,76.5
"33",3,76.5
"33",2,76.5
"33",1,76.5
"33",0,76.5
"33",-1,76.5
"33",-2,76.5
"33",-3,76.5
"33",-4,76.5
"33",-5,76.5
"33",-6,76.5
"33",-7,76.5
"33",-8,76.5
"33",-9,76.5
"33",-10,76.5
"33",-11,76.5
"33",-11,75.5
"33",-11,74.5
"33",-11,73.5
"33",-11,72.5
"33",-11,71.5
"33",-11,70.5
"33",-11,69.5
"33",-11,68.5
"33",-11,67.5
"33",-11,66.5
"33",-11,65.5
"33",-11,64.5
"33",-11,63.5
"33",-12,63.5
"33",-13,62.5
"33",-14,62.5
"33",-15,61.5
"33",-15,60.5
"33",-15,59.5
"33",-15,58.5
"33",-15,57.5
"33",-15,56.5
"33",-15,55.5
"33",-15,54.5
"33",-15,53.5
"33",-15,52.5
"33",-16,51.5
"33",-17,51.5
"33",-18,50.5
"33",-18,49.5
"33",-18,48.5
"33",-18,47.5
"33",-18,46.5
"33",-18,45.5
"33",-18,44.5
"33",-18,43.5
"33",-18,42.5
"33",-18,41.5
"33",-18,40.5
"33",-18,39.5
"33",-18,38.5
"33",-18,37.5
"33",-18,36.5
"33",-18,35.5
"33",-18,34.5
"33",-18,33.5
"33",-18,32.5
"33",-18,31.5
"33",-18,30.5
"33",-18,29.5
"33",-18,28.5
"33",-18,27.5
"33",-18,26.5
"33",-18,25.5
"33",-18,24.5
"33",-18,23.5
"33",-18,22.5
"33",-18,21.5
"33",-18,20.5
"33",-18,19.5
"33",-18,18.5
"33",-18,17.5
"33",-18,16.5
"33",-18,15.5
"33",-18,14.5
"33",-18,13.5
"33",-18,12.5
"33",-18,11.5
"33",-18,10.5
"33",-18,9.5
"33",-18,8.5
"33",-18,7.5
"33",-18,6.5
"33",-18,5.5
"33",-18,4.5
"33",-18,3.5
"33",-18,2.5
"33",-18,1.5
"33",-18,0.5
"33",-18,-0.5
"33",-18,-1.5
"33",-17,-2.5
"33",-16,-3.5
"33",-16,-4.5
"33",-16,-5.5
"33",-16,-6.5
"33",-16,-7.5
"33",-16,-8.5
"33",-16,-9.5
"33",-16,-10.5
"33",-16,-11.5
"33",-16,-12.5
"33",-16,-13.5
"33",-16,-14.5
"33",-16,-15.5
"33",-16,-16.5
"33",-16,-17.5
"33",-16,-18.5
"33",-16,-19.5
"33",-16,-20.5
"33",-16,-21.5
"33",-16,-22.5
"33",-16,-23.5
"33",-16,-24.5
"33",-16,-25.5
"33",-16,-26.5
"33",-16,-27.5
"33",-16,-28.5
"33",-16,-29.5
"33",-16,-30.5
"33",-16,-31.5
"33",-16,-32.5
"33",-16,-33.5
"33",-16,-34.5
"33",-16,-35.5
"33",-16,-36.5
"33",-16,-37.5
"33",-16,-38.5
"33",-16,-39.5
"33",-16,-40.5
"33",-15,-41.5
"33",-14,-42.5
"33",-13,-43.5
"33",-12,-44.5
"33",-11,-45.5
"33",-10,-46.5
"33",-9,-47.5
"33",-8,-48.5
"33",-7,-49.5
"33",-6,-50.5
"33",-5,-51.5
"33",-4,-52.5
"33",-3,-53.5
"33",-2,-54.5
"33",-1,-55.5
"33",0,-56.5
"33",1,-57.5
"33",2,-57.5
"33",3,-58.5
"33",4,-58.5
"33",5,-59.5
"33",6,-60.5
"33",7,-60.5
"33",8,-61.5
"33",9,-62.5
"33",10,-62.5
"33",11,-62.5
"33",12,-63.5
"33",13,-63.5
"33",14,-63.5
"33",15,-64.5
"33",16,-64.5
"33",17,-64.5
"33",18,-64.5
"33",19,-64.5
"33",20,-65.5
"34",10,76.5
"34",9,76.5
"34",8,76.5
"34",7,76.5
"34",6,76.5
"34",5,76.5
"34",4,76.5
"34",3,76.5
"34",2,76.5
"34",1,76.5
"34",0,76.5
"34",-1,76.5
"34",-2,76.5
"34",-3,76.5
"34",-4,76.5
"34",-5,76.5
"34",-6,76.5
"34",-7,76.5
"34",-8,76.5
"34",-9,76.5
"34",-10,76.5
"34",-11,76.5
"34",-12,76.5
"34",-13,76.5
"34",-13,75.5
"34",-13,74.5
"34",-13,73.5
"34",-13,72.5
"34",-13,71.5
"34",-13,70.5
"34",-13,69.5
"34",-13,68.5
"34",-13,67.5
"34",-13,66.5
"34",-13,65.5
"34",-13,64.5
"34",-14,63.5
"34",-15,62.5
"34",-16,61.5
"34",-17,60.5
"34",-18,59.5
"34",-18,58.5
"34",-18,57.5
"34",-18,56.5
"34",-18,55.5
"34",-18,54.5
"34",-18,53.5
"34",-18,52.5
"34",-18,51.5
"34",-18,50.5
"34",-18,49.5
"34",-18,48.5
"34",-18,47.5
"34",-18,46.5
"34",-18,45.5
"34",-18,44.5
"34",-18,43.5
"34",-18,42.5
"34",-18,41.5
"34",-18,40.5
"34",-18,39.5
"34",-18,38.5
"34",-18,37.5
"34",-18,36.5
"34",-18,35.5
"34",-18,34.5
"34",-18,33.5
"34",-18,32.5
"34",-18,31.5
"34",-18,30.5
"34",-18,29.5
"34",-18,28.5
"34",-18,27.5
"34",-18,26.5
"34",-18,25.5
"34",-18,24.5
"34",-18,23.5
"34",-18,22.5
"34",-18,21.5
"34",-18,20.5
"34",-18,19.5
"34",-18,18.5
"34",-18,17.5
"34",-18,16.5
"34",-18,15.5
"34",-18,14.5
"34",-18,13.5
"34",-18,12.5
"34",-18,11.5
"34",-18,10.5
"34",-18,9.5
"34",-18,8.5
"34",-18,7.5
"34",-18,6.5
"34",-18,5.5
"34",-18,4.5
"34",-18,3.5
"34",-18,2.5
"34",-18,1.5
"34",-18,0.5
"34",-18,-0.5
"34",-18,-1.5
"34",-18,-2.5
"34",-18,-3.5
"34",-18,-4.5
"34",-18,-5.5
"34",-18,-6.5
"34",-18,-7.5
"34",-18,-8.5
"34",-18,-9.5
"34",-18,-10.5
"34",-18,-11.5
"34",-18,-12.5
"34",-18,-13.5
"34",-18,-14.5
"34",-18,-15.5
"34",-18,-16.5
"34",-18,-17.5
"34",-18,-18.5
"34",-18,-19.5
"34",-18,-20.5
"34",-18,-21.5
"34",-18,-22.5
"34",-18,-23.5
"34",-18,-24.5
"34",-18,-25.5
"34",-18,-26.5
"34",-18,-27.5
"34",-18,-28.5
"34",-18,-29.5
"34",-18,-30.5
"34",-18,-31.5
"34",-18,-32.5
"34",-18,-33.5
"34",-17,-34.5
"34",-16,-35.5
"34",-15,-36.5
"34",-14,-37.5
"34",-13,-38.5
"34",-12,-39.5
"34",-11,-40.5
"34",-10,-41.5
"34",-9,-42.5
"34",-8,-43.5
"34",-7,-44.5
"34",-6,-45.5
"34",-5,-46.5
"34",-4,-47.5
"34",-3,-48.5
"34",-2,-49.5
"34",-1,-50.5
"34",0,-51.5
"34",1,-52.5
"34",2,-53.5
"34",3,-54.5
"34",4,-55.5
"34",5,-56.5
"34",6,-57.5
"34",7,-58.5
"34",8,-59.5
"34",9,-60.5
"34",10,-61.5
"34",11,-62.5
"34",12,-63.5
"34",13,-64.5
"34",14,-65.5
"34",15,-65.5
"34",16,-65.5
"34",17,-65.5
"34",18,-65.5
"34",19,-65.5
"34",20,-65.5
"35",10,76.5
"35",9,76.5
"35",8,76.5
"35",7,76.5
"35",6,75.5
"35",5,75.5
"35",4,75.5
"35",4,74.5
"35",4,73.5
"35",3,72.5
"35",2,71.5
"35",1,70.5
"35",0,69.5
"35",-1,69.5
"35",-2,69.5
"35",-3,68.5
"35",-4,68.5
"35",-5,67.5
"35",-6,67.5
"35",-7,67.5
"35",-7,66.5
"35",-7,65.5
"35",-7,64.5
"35",-7,63.5
"35",-7,62.5
"35",-8,62.5
"35",-9,61.5
"35",-10,60.5
"35",-11,59.5
"35",-10,58.5
"35",-11,57.5
"35",-12,57.5
"35",-13,56.5
"35",-12,55.5
"35",-13,54.5
"35",-12,53.5
"35",-12,52.5
"35",-12,51.5
"35",-13,50.5
"35",-13,49.5
"35",-13,48.5
"35",-13,47.5
"35",-13,46.5
"35",-13,45.5
"35",-14,45.5
"35",-15,44.5
"35",-16,44.5
"35",-17,44.5
"35",-18,43.5
"35",-18,42.5
"35",-18,41.5
"35",-18,40.5
"35",-18,39.5
"35",-18,38.5
"35",-18,37.5
"35",-18,36.5
"35",-18,35.5
"35",-18,34.5
"35",-18,33.5
"35",-18,32.5
"35",-18,31.5
"35",-18,30.5
"35",-18,29.5
"35",-18,28.5
"35",-18,27.5
"35",-18,26.5
"35",-18,25.5
"35",-18,24.5
"35",-18,23.5
"35",-18,22.5
"35",-18,21.5
"35",-18,20.5
"35",-18,19.5
"35",-18,18.5
"35",-18,17.5
"35",-18,16.5
"35",-18,15.5
"35",-18,14.5
"35",-18,13.5
"35",-18,12.5
"35",-18,11.5
"35",-18,10.5
"35",-18,9.5
"35",-17,8.5
"35",-16,8.5
"35",-15,7.5
"35",-14,7.5
"35",-13,6.5
"35",-12,5.5
"35",-11,5.5
"35",-11,4.5
"35",-11,3.5
"35",-11,2.5
"35",-11,1.5
"35",-10,0.5
"35",-9,-0.5
"35",-9,-1.5
"35",-8,-2.5
"35",-7,-3.5
"35",-6,-4.5
"35",-5,-5.5
"35",-4,-5.5
"35",-3,-6.5
"35",-2,-7.5
"35",-1,-8.5
"35",0,-9.5
"35",1,-10.5
"35",2,-11.5
"35",3,-12.5
"35",3,-13.5
"35",3,-14.5
"35",3,-15.5
"35",3,-16.5
"35",3,-17.5
"35",3,-18.5
"35",3,-19.5
"35",4,-20.5
"35",5,-21.5
"35",5,-22.5
"35",5,-23.5
"35",5,-24.5
"35",5,-25.5
"35",5,-26.5
"35",5,-27.5
"35",5,-28.5
"35",5,-29.5
"35",5,-30.5
"35",5,-31.5
"35",5,-32.5
"35",5,-33.5
"35",5,-34.5
"35",5,-35.5
"35",5,-36.5
"35",5,-37.5
"35",5,-38.5
"35",6,-39.5
"35",7,-39.5
"35",8,-39.5
"35",9,-39.5
"35",10,-39.5
"35",11,-39.5
"35",11,-40.5
"35",11,-41.5
"35",11,-42.5
"35",11,-43.5
"35",11,-44.5
"35",11,-45.5
"35",11,-46.5
"35",11,-47.5
"35",11,-48.5
"35",11,-49.5
"35",12,-50.5
"35",13,-50.5
"35",14,-51.5
"35",15,-52.5
"35",16,-53.5
"35",17,-54.5
"35",18,-55.5
"35",19,-56.5
"35",20,-57.5
"35",21,-58.5
"35",20,-58.5
"35",19,-58.5
"35",20,-59.5
"35",21,-60.5
"35",20,-60.5
"35",21,-61.5
"35",20,-61.5
"35",21,-62.5
"35",20,-62.5
"35",21,-63.5
"35",20,-63.5
"35",21,-64.5
"35",20,-64.5
"35",20,-65.5
"36",10,76.5
"36",9,76.5
"36",8,76.5
"36",7,76.5
"36",6,75.5
"36",5,75.5
"36",4,75.5
"36",4,74.5
"36",4,73.5
"36",3,72.5
"36",2,71.5
"36",1,70.5
"36",0,69.5
"36",-1,69.5
"36",-2,69.5
"36",-3,68.5
"36",-4,68.5
"36",-5,67.5
"36",-6,67.5
"36",-7,67.5
"36",-7,66.5
"36",-7,65.5
"36",-7,64.5
"36",-7,63.5
"36",-7,62.5
"36",-8,62.5
"36",-9,61.5
"36",-10,60.5
"36",-11,59.5
"36",-10,58.5
"36",-11,57.5
"36",-12,57.5
"36",-13,56.5
"36",-12,55.5
"36",-12,54.5
"36",-12,53.5
"36",-12,52.5
"36",-12,51.5
"36",-13,50.5
"36",-13,49.5
"36",-13,48.5
"36",-13,47.5
"36",-13,46.5
"36",-13,45.5
"36",-13,44.5
"36",-14,44.5
"36",-15,43.5
"36",-16,43.5
"36",-17,43.5
"36",-18,42.5
"36",-18,41.5
"36",-18,40.5
"36",-18,39.5
"36",-18,38.5
"36",-18,37.5
"36",-18,36.5
"36",-18,35.5
"36",-18,34.5
"36",-18,33.5
"36",-18,32.5
"36",-18,31.5
"36",-18,30.5
"36",-18,29.5
"36",-18,28.5
"36",-18,27.5
"36",-18,26.5
"36",-18,25.5
"36",-18,24.5
"36",-18,23.5
"36",-18,22.5
"36",-18,21.5
"36",-18,20.5
"36",-18,19.5
"36",-18,18.5
"36",-18,17.5
"36",-18,16.5
"36",-18,15.5
"36",-18,14.5
"36",-18,13.5
"36",-18,12.5
"36",-18,11.5
"36",-18,10.5
"36",-18,9.5
"36",-17,8.5
"36",-16,8.5
"36",-15,7.5
"36",-14,7.5
"36",-13,6.5
"36",-12,5.5
"36",-11,5.5
"36",-11,4.5
"36",-11,3.5
"36",-11,2.5
"36",-11,1.5
"36",-10,0.5
"36",-9,-0.5
"36",-8,-1.5
"36",-7,-2.5
"36",-6,-3.5
"36",-5,-4.5
"36",-4,-4.5
"36",-3,-5.5
"36",-3,-6.5
"36",-2,-7.5
"36",-1,-7.5
"36",-1,-8.5
"36",0,-9.5
"36",1,-10.5
"36",2,-11.5
"36",3,-12.5
"36",3,-13.5
"36",3,-14.5
"36",3,-15.5
"36",3,-16.5
"36",3,-17.5
"36",3,-18.5
"36",3,-19.5
"36",4,-20.5
"36",5,-21.5
"36",5,-22.5
"36",5,-23.5
"36",5,-24.5
"36",5,-25.5
"36",5,-26.5
"36",5,-27.5
"36",5,-28.5
"36",5,-29.5
"36",5,-30.5
"36",5,-31.5
"36",5,-32.5
"36",5,-33.5
"36",5,-34.5
"36",5,-35.5
"36",5,-36.5
"36",5,-37.5
"36",5,-38.5
"36",6,-39.5
"36",7,-39.5
"36",8,-39.5
"36",9,-39.5
"36",10,-39.5
"36",11,-39.5
"36",11,-40.5
"36",11,-41.5
"36",11,-42.5
"36",11,-43.5
"36",11,-44.5
"36",11,-45.5
"36",11,-46.5
"36",11,-47.5
"36",11,-48.5
"36",11,-49.5
"36",12,-50.5
"36",13,-50.5
"36",14,-51.5
"36",15,-52.5
"36",16,-53.5
"36",17,-54.5
"36",18,-55.5
"36",19,-56.5
"36",20,-57.5
"36",21,-58.5
"36",20,-58.5
"36",19,-58.5
"36",20,-59.5
"36",21,-60.5
"36",20,-60.5
"36",21,-61.5
"36",20,-61.5
"36",21,-62.5
"36",20,-62.5
"36",21,-63.5
"36",20,-63.5
"36",20,-64.5
"36",20,-65.5
"37",10,76.5
"37",9,76.5
"37",8,76.5
"37",7,76.5
"37",6,75.5
"37",5,75.5
"37",4,75.5
"37",4,74.5
"37",4,73.5
"37",3,72.5
"37",2,71.5
"37",1,70.5
"37",0,69.5
"37",-1,69.5
"37",-2,69.5
"37",-3,68.5
"37",-4,68.5
"37",-5,67.5
"37",-6,67.5
"37",-7,67.5
"37",-7,66.5
"37",-7,65.5
"37",-7,64.5
"37",-7,63.5
"37",-7,62.5
"37",-8,61.5
"37",-9,60.5
"37",-10,59.5
"37",-11,58.5
"37",-12,57.5
"37",-13,56.5
"37",-13,55.5
"37",-13,54.5
"37",-13,53.5
"37",-13,52.5
"37",-13,51.5
"37",-13,50.5
"37",-13,49.5
"37",-13,48.5
"37",-13,47.5
"37",-13,46.5
"37",-13,45.5
"37",-14,45.5
"37",-15,44.5
"37",-16,44.5
"37",-17,44.5
"37",-18,43.5
"37",-18,42.5
"37",-18,41.5
"37",-18,40.5
"37",-18,39.5
"37",-18,38.5
"37",-18,37.5
"37",-18,36.5
"37",-18,35.5
"37",-18,34.5
"37",-18,33.5
"37",-18,32.5
"37",-18,31.5
"37",-18,30.5
"37",-18,29.5
"37",-18,28.5
"37",-18,27.5
"37",-18,26.5
"37",-18,25.5
"37",-18,24.5
"37",-18,23.5
"37",-18,22.5
"37",-18,21.5
"37",-18,20.5
"37",-18,19.5
"37",-18,18.5
"37",-18,17.5
"37",-18,16.5
"37",-18,15.5
"37",-18,14.5
"37",-18,13.5
"37",-18,12.5
"37",-18,11.5
"37",-18,10.5
"37",-18,9.5
"37",-17,8.5
"37",-16,8.5
"37",-15,7.5
"37",-14,7.5
"37",-13,6.5
"37",-12,5.5
"37",-11,5.5
"37",-11,4.5
"37",-11,3.5
"37",-11,2.5
"37",-11,1.5
"37",-11,0.5
"37",-11,-0.5
"37",-11,-1.5
"37",-10,-2.5
"37",-9,-3.5
"37",-8,-4.5
"37",-7,-5.5
"37",-6,-6.5
"37",-6,-7.5
"37",-5,-8.5
"37",-4,-9.5
"37",-3,-10.5
"37",-2,-11.5
"37",-1,-12.5
"37",0,-13.5
"37",1,-14.5
"37",1,-15.5
"37",1,-16.5
"37",2,-17.5
"37",3,-18.5
"37",3,-19.5
"37",4,-20.5
"37",5,-21.5
"37",5,-22.5
"37",5,-23.5
"37",5,-24.5
"37",5,-25.5
"37",5,-26.5
"37",5,-27.5
"37",5,-28.5
"37",5,-29.5
"37",5,-30.5
"37",5,-31.5
"37",5,-32.5
"37",5,-33.5
"37",5,-34.5
"37",5,-35.5
"37",5,-36.5
"37",5,-37.5
"37",5,-38.5
"37",6,-39.5
"37",7,-39.5
"37",8,-39.5
"37",9,-39.5
"37",10,-39.5
"37",11,-39.5
"37",11,-40.5
"37",11,-41.5
"37",11,-42.5
"37",11,-43.5
"37",11,-44.5
"37",11,-45.5
"37",11,-46.5
"37",11,-47.5
"37",11,-48.5
"37",11,-49.5
"37",12,-50.5
"37",13,-50.5
"37",14,-51.5
"37",15,-52.5
"37",16,-53.5
"37",17,-54.5
"37",18,-55.5
"37",19,-56.5
"37",20,-57.5
"37",20,-58.5
"37",20,-59.5
"37",20,-60.5
"37",20,-61.5
"37",20,-62.5
"37",20,-63.5
"37",20,-64.5
"37",20,-65.5
"38",10,76.5
"38",9,76.5
"38",8,76.5
"38",7,76.5
"38",6,75.5
"38",5,75.5
"38",4,75.5
"38",4,74.5
"38",4,73.5
"38",3,72.5
"38",2,71.5
"38",1,70.5
"38",0,69.5
"38",-1,69.5
"38",-2,69.5
"38",-3,68.5
"38",-4,68.5
"38",-5,67.5
"38",-6,67.5
"38",-7,67.5
"38",-7,66.5
"38",-7,65.5
"38",-7,64.5
"38",-7,63.5
"38",-7,62.5
"38",-8,62.5
"38",-9,61.5
"38",-10,60.5
"38",-11,59.5
"38",-10,58.5
"38",-11,57.5
"38",-12,57.5
"38",-12,56.5
"38",-12,55.5
"38",-12,54.5
"38",-12,53.5
"38",-12,52.5
"38",-12,51.5
"38",-13,50.5
"38",-13,49.5
"38",-13,48.5
"38",-13,47.5
"38",-13,46.5
"38",-13,45.5
"38",-14,45.5
"38",-15,44.5
"38",-16,44.5
"38",-17,44.5
"38",-18,43.5
"38",-18,42.5
"38",-18,41.5
"38",-18,40.5
"38",-18,39.5
"38",-18,38.5
"38",-18,37.5
"38",-18,36.5
"38",-18,35.5
"38",-18,34.5
"38",-18,33.5
"38",-18,32.5
"38",-18,31.5
"38",-18,30.5
"38",-18,29.5
"38",-18,28.5
"38",-18,27.5
"38",-18,26.5
"38",-18,25.5
"38",-18,24.5
"38",-18,23.5
"38",-18,22.5
"38",-18,21.5
"38",-18,20.5
"38",-18,19.5
"38",-18,18.5
"38",-18,17.5
"38",-18,16.5
"38",-18,15.5
"38",-18,14.5
"38",-18,13.5
"38",-18,12.5
"38",-18,11.5
"38",-18,10.5
"38",-18,9.5
"38",-17,8.5
"38",-16,8.5
"38",-15,7.5
"38",-14,7.5
"38",-13,6.5
"38",-12,5.5
"38",-11,5.5
"38",-11,4.5
"38",-11,3.5
"38",-11,2.5
"38",-11,1.5
"38",-10,0.5
"38",-9,-0.5
"38",-9,-1.5
"38",-8,-2.5
"38",-7,-3.5
"38",-6,-4.5
"38",-5,-5.5
"38",-4,-5.5
"38",-3,-6.5
"38",-2,-7.5
"38",-1,-7.5
"38",-1,-8.5
"38",0,-9.5
"38",1,-10.5
"38",2,-11.5
"38",3,-12.5
"38",3,-13.5
"38",3,-14.5
"38",3,-15.5
"38",3,-16.5
"38",3,-17.5
"38",3,-18.5
"38",3,-19.5
"38",4,-20.5
"38",5,-21.5
"38",5,-22.5
"38",5,-23.5
"38",5,-24.5
"38",5,-25.5
"38",5,-26.5
"38",5,-27.5
"38",5,-28.5
"38",5,-29.5
"38",5,-30.5
"38",5,-31.5
"38",5,-32.5
"38",5,-33.5
"38",5,-34.5
"38",5,-35.5
"38",5,-36.5
"38",5,-37.5
"38",5,-38.5
"38",6,-39.5
"38",7,-39.5
"38",8,-39.5
"38",9,-39.5
"38",10,-39.5
"38",11,-39.5
"38",11,-40.5
"38",11,-41.5
"38",11,-42.5
"38",11,-43.5
"38",11,-44.5
"38",11,-45.5
"38",11,-46.5
"38",11,-47.5
"38",11,-48.5
"38",11,-49.5
"38",12,-50.5
"38",13,-50.5
"38",14,-51.5
"38",15,-52.5
"38",16,-53.5
"38",17,-54.5
"38",18,-55.5
"38",19,-56.5
"38",20,-57.5
"38",20,-58.5
"38",20,-59.5
"38",20,-60.5
"38",20,-61.5
"38",20,-62.5
"38",20,-63.5
"38",20,-64.5
"38",20,-65.5
"39",10,76.5
"39",9,76.5
"39",8,76.5
"39",7,76.5
"39",6,75.5
"39",5,75.5
"39",4,75.5
"39",4,74.5
"39",4,73.5
"39",3,72.5
"39",2,71.5
"39",1,70.5
"39",0,69.5
"39",-1,69.5
"39",-2,69.5
"39",-3,68.5
"39",-4,68.5
"39",-5,67.5
"39",-6,67.5
"39",-7,67.5
"39",-7,66.5
"39",-7,65.5
"39",-7,64.5
"39",-7,63.5
"39",-7,62.5
"39",-8,62.5
"39",-9,61.5
"39",-10,60.5
"39",-11,59.5
"39",-10,58.5
"39",-11,57.5
"39",-12,57.5
"39",-12,56.5
"39",-12,55.5
"39",-12,54.5
"39",-12,53.5
"39",-12,52.5
"39",-12,51.5
"39",-13,50.5
"39",-13,49.5
"39",-13,48.5
"39",-13,47.5
"39",-13,46.5
"39",-13,45.5
"39",-13,44.5
"39",-14,44.5
"39",-15,43.5
"39",-16,43.5
"39",-17,43.5
"39",-18,42.5
"39",-18,41.5
"39",-18,40.5
"39",-18,39.5
"39",-18,38.5
"39",-18,37.5
"39",-18,36.5
"39",-18,35.5
"39",-18,34.5
"39",-18,33.5
"39",-18,32.5
"39",-18,31.5
"39",-18,30.5
"39",-18,29.5
"39",-18,28.5
"39",-18,27.5
"39",-18,26.5
"39",-18,25.5
"39",-18,24.5
"39",-18,23.5
"39",-18,22.5
"39",-18,21.5
"39",-18,20.5
"39",-18,19.5
"39",-18,18.5
"39",-18,17.5
"39",-18,16.5
"39",-18,15.5
"39",-18,14.5
"39",-18,13.5
"39",-18,12.5
"39",-18,11.5
"39",-18,10.5
"39",-18,9.5
"39",-17,8.5
"39",-16,8.5
"39",-15,7.5
"39",-14,7.5
"39",-13,6.5
"39",-12,5.5
"39",-11,5.5
"39",-11,4.5
"39",-10,3.5
"39",-9,3.5
"39",-8,2.5
"39",-7,3.5
"39",-6,3.5
"39",-5,2.5
"39",-4,2.5
"39",-4,1.5
"39",-4,0.5
"39",-4,-0.5
"39",-4,-1.5
"39",-4,-2.5
"39",-4,-3.5
"39",-4,-4.5
"39",-3,-5.5
"39",-3,-6.5
"39",-2,-7.5
"39",-1,-7.5
"39",-1,-8.5
"39",0,-9.5
"39",1,-10.5
"39",2,-11.5
"39",3,-12.5
"39",3,-13.5
"39",3,-14.5
"39",3,-15.5
"39",3,-16.5
"39",3,-17.5
"39",3,-18.5
"39",3,-19.5
"39",3,-20.5
"39",4,-21.5
"39",5,-22.5
"39",5,-23.5
"39",5,-24.5
"39",5,-25.5
"39",5,-26.5
"39",5,-27.5
"39",5,-28.5
"39",5,-29.5
"39",5,-30.5
"39",5,-31.5
"39",5,-32.5
"39",5,-33.5
"39",5,-34.5
"39",5,-35.5
"39",5,-36.5
"39",5,-37.5
"39",5,-38.5
"39",6,-39.5
"39",7,-39.5
"39",8,-39.5
"39",9,-39.5
"39",10,-39.5
"39",11,-39.5
"39",11,-40.5
"39",11,-41.5
"39",11,-42.5
"39",11,-43.5
"39",11,-44.5
"39",11,-45.5
"39",11,-46.5
"39",11,-47.5
"39",11,-48.5
"39",11,-49.5
"39",12,-50.5
"39",13,-50.5
"39",14,-51.5
"39",15,-52.5
"39",16,-53.5
"39",17,-54.5
"39",18,-55.5
"39",19,-56.5
"39",20,-57.5
"39",20,-58.5
"39",20,-59.5
"39",20,-60.5
"39",20,-61.5
"39",20,-62.5
"39",20,-63.5
"39",20,-64.5
"39",20,-65.5
"40",10,76.5
"40",9,76.5
"40",8,75.5
"40",7,75.5
"40",6,74.5
"40",5,74.5
"40",4,74.5
"40",4,73.5
"40",3,72.5
"40",2,71.5
"40",1,70.5
"40",0,69.5
"40",-1,69.5
"40",-2,69.5
"40",-3,68.5
"40",-4,68.5
"40",-5,67.5
"40",-6,67.5
"40",-7,67.5
"40",-7,66.5
"40",-7,65.5
"40",-7,64.5
"40",-7,63.5
"40",-7,62.5
"40",-8,61.5
"40",-9,60.5
"40",-10,59.5
"40",-11,58.5
"40",-12,57.5
"40",-13,56.5
"40",-13,55.5
"40",-13,54.5
"40",-13,53.5
"40",-13,52.5
"40",-13,51.5
"40",-13,50.5
"40",-13,49.5
"40",-13,48.5
"40",-13,47.5
"40",-13,46.5
"40",-13,45.5
"40",-14,45.5
"40",-15,44.5
"40",-16,44.5
"40",-17,44.5
"40",-18,43.5
"40",-18,42.5
"40",-18,41.5
"40",-18,40.5
"40",-18,39.5
"40",-18,38.5
"40",-18,37.5
"40",-18,36.5
"40",-18,35.5
"40",-18,34.5
"40",-18,33.5
"40",-18,32.5
"40",-18,31.5
"40",-18,30.5
"40",-18,29.5
"40",-18,28.5
"40",-18,27.5
"40",-18,26.5
"40",-18,25.5
"40",-18,24.5
"40",-18,23.5
"40",-18,22.5
"40",-18,21.5
"40",-18,20.5
"40",-18,19.5
"40",-18,18.5
"40",-18,17.5
"40",-18,16.5
"40",-18,15.5
"40",-18,14.5
"40",-18,13.5
"40",-18,12.5
"40",-18,11.5
"40",-18,10.5
"40",-18,9.5
"40",-17,8.5
"40",-16,8.5
"40",-16,7.5
"40",-16,6.5
"40",-16,5.5
"40",-16,4.5
"40",-16,3.5
"40",-16,2.5
"40",-16,1.5
"40",-16,0.5
"40",-16,-0.5
"40",-15,-1.5
"40",-14,-2.5
"40",-13,-3.5
"40",-12,-4.5
"40",-11,-5.5
"40",-10,-6.5
"40",-9,-7.5
"40",-8,-8.5
"40",-7,-9.5
"40",-6,-10.5
"40",-5,-11.5
"40",-4,-12.5
"40",-3,-13.5
"40",-2,-14.5
"40",-1,-15.5
"40",-1,-16.5
"40",0,-17.5
"40",1,-18.5
"40",2,-19.5
"40",3,-20.5
"40",4,-21.5
"40",5,-22.5
"40",5,-23.5
"40",5,-24.5
"40",5,-25.5
"40",5,-26.5
"40",5,-27.5
"40",5,-28.5
"40",5,-29.5
"40",5,-30.5
"40",5,-31.5
"40",5,-32.5
"40",5,-33.5
"40",5,-34.5
"40",5,-35.5
"40",5,-36.5
"40",5,-37.5
"40",5,-38.5
"40",6,-39.5
"40",7,-39.5
"40",7,-40.5
"40",7,-41.5
"40",7,-42.5
"40",7,-43.5
"40",7,-44.5
"40",7,-45.5
"40",7,-46.5
"40",8,-47.5
"40",9,-48.5
"40",10,-48.5
"40",11,-49.5
"40",12,-50.5
"40",13,-51.5
"40",14,-52.5
"40",15,-53.5
"40",16,-54.5
"40",17,-55.5
"40",18,-56.5
"40",19,-57.5
"40",20,-58.5
"40",20,-59.5
"40",20,-60.5
"40",20,-61.5
"40",20,-62.5
"40",20,-63.5
"40",20,-64.5
"40",20,-65.5
"41",10,76.5
"41",9,76.5
"41",8,76.5
"41",7,76.5
"41",6,75.5
"41",5,75.5
"41",4,75.5
"41",4,74.5
"41",4,73.5
"41",3,72.5
"41",2,71.5
"41",1,70.5
"41",0,69.5
"41",-1,69.5
"41",-2,69.5
"41",-3,68.5
"41",-4,68.5
"41",-5,67.5
"41",-6,67.5
"41",-7,67.5
"41",-7,66.5
"41",-7,65.5
"41",-7,64.5
"41",-7,63.5
"41",-7,62.5
"41",-8,62.5
"41",-9,61.5
"41",-10,60.5
"41",-11,59.5
"41",-11,58.5
"41",-12,57.5
"41",-13,56.5
"41",-13,55.5
"41",-13,54.5
"41",-13,53.5
"41",-13,52.5
"41",-13,51.5
"41",-13,50.5
"41",-13,49.5
"41",-13,48.5
"41",-13,47.5
"41",-13,46.5
"41",-13,45.5
"41",-14,45.5
"41",-15,44.5
"41",-16,44.5
"41",-17,44.5
"41",-18,43.5
"41",-18,42.5
"41",-18,41.5
"41",-18,40.5
"41",-18,39.5
"41",-18,38.5
"41",-18,37.5
"41",-18,36.5
"41",-18,35.5
"41",-18,34.5
"41",-18,33.5
"41",-18,32.5
"41",-18,31.5
"41",-18,30.5
"41",-18,29.5
"41",-18,28.5
"41",-18,27.5
"41",-18,26.5
"41",-18,25.5
"41",-18,24.5
"41",-18,23.5
"41",-18,22.5
"41",-18,21.5
"41",-18,20.5
"41",-18,19.5
"41",-18,18.5
"41",-18,17.5
"41",-18,16.5
"41",-18,15.5
"41",-18,14.5
"41",-18,13.5
"41",-18,12.5
"41",-18,11.5
"41",-18,10.5
"41",-18,9.5
"41",-17,8.5
"41",-16,8.5
"41",-15,7.5
"41",-14,7.5
"41",-13,6.5
"41",-12,5.5
"41",-11,5.5
"41",-11,4.5
"41",-11,3.5
"41",-11,2.5
"41",-11,1.5
"41",-11,0.5
"41",-11,-0.5
"41",-11,-1.5
"41",-10,-2.5
"41",-9,-3.5
"41",-8,-4.5
"41",-7,-5.5
"41",-6,-6.5
"41",-6,-7.5
"41",-5,-8.5
"41",-4,-9.5
"41",-3,-10.5
"41",-2,-11.5
"41",-1,-12.5
"41",0,-13.5
"41",1,-14.5
"41",1,-15.5
"41",1,-16.5
"41",2,-17.5
"41",3,-18.5
"41",3,-19.5
"41",3,-20.5
"41",4,-21.5
"41",5,-22.5
"41",5,-23.5
"41",5,-24.5
"41",5,-25.5
"41",5,-26.5
"41",5,-27.5
"41",5,-28.5
"41",5,-29.5
"41",5,-30.5
"41",5,-31.5
"41",5,-32.5
"41",5,-33.5
"41",5,-34.5
"41",5,-35.5
"41",5,-36.5
"41",5,-37.5
"41",5,-38.5
"41",6,-39.5
"41",7,-39.5
"41",8,-39.5
"41",9,-39.5
"41",10,-39.5
"41",11,-39.5
"41",11,-40.5
"41",11,-41.5
"41",11,-42.5
"41",11,-43.5
"41",11,-44.5
"41",11,-45.5
"41",11,-46.5
"41",11,-47.5
"41",11,-48.5
"41",11,-49.5
"41",12,-50.5
"41",13,-50.5
"41",14,-51.5
"41",15,-52.5
"41",16,-53.5
"41",17,-54.5
"41",18,-55.5
"41",19,-56.5
"41",20,-57.5
"41",20,-58.5
"41",20,-59.5
"41",20,-60.5
"41",20,-61.5
"41",20,-62.5
"41",20,-63.5
"41",20,-64.5
"41",20,-65.5
"42",10,76.5
"42",9,76.5
"42",8,76.5
"42",7,76.5
"42",6,75.5
"42",5,75.5
"42",4,75.5
"42",4,74.5
"42",4,73.5
"42",3,72.5
"42",2,71.5
"42",1,70.5
"42",0,69.5
"42",-1,69.5
"42",-2,69.5
"42",-3,68.5
"42",-4,68.5
"42",-5,67.5
"42",-6,67.5
"42",-7,67.5
"42",-7,66.5
"42",-7,65.5
"42",-7,64.5
"42",-7,63.5
"42",-7,62.5
"42",-8,62.5
"42",-9,61.5
"42",-10,60.5
"42",-11,59.5
"42",-11,58.5
"42",-11,57.5
"42",-12,57.5
"42",-12,56.5
"42",-12,55.5
"42",-12,54.5
"42",-12,53.5
"42",-12,52.5
"42",-12,51.5
"42",-13,50.5
"42",-13,49.5
"42",-13,48.5
"42",-13,47.5
"42",-13,46.5
"42",-13,45.5
"42",-13,44.5
"42",-14,44.5
"42",-15,43.5
"42",-16,43.5
"42",-17,43.5
"42",-18,42.5
"42",-18,41.5
"42",-18,40.5
"42",-18,39.5
"42",-18,38.5
"42",-18,37.5
"42",-18,36.5
"42",-18,35.5
"42",-18,34.5
"42",-18,33.5
"42",-18,32.5
"42",-18,31.5
"42",-18,30.5
"42",-18,29.5
"42",-18,28.5
"42",-18,27.5
"42",-18,26.5
"42",-18,25.5
"42",-18,24.5
"42",-18,23.5
"42",-18,22.5
"42",-18,21.5
"42",-18,20.5
"42",-18,19.5
"42",-18,18.5
"42",-18,17.5
"42",-18,16.5
"42",-18,15.5
"42",-18,14.5
"42",-18,13.5
"42",-18,12.5
"42",-18,11.5
"42",-18,10.5
"42",-18,9.5
"42",-17,8.5
"42",-16,8.5
"42",-15,7.5
"42",-14,7.5
"42",-13,6.5
"42",-12,5.5
"42",-11,5.5
"42",-11,4.5
"42",-11,3.5
"42",-11,2.5
"42",-11,1.5
"42",-10,0.5
"42",-9,-0.5
"42",-8,-1.5
"42",-7,-2.5
"42",-6,-3.5
"42",-5,-4.5
"42",-4,-4.5
"42",-3,-5.5
"42",-3,-6.5
"42",-2,-7.5
"42",-1,-7.5
"42",-1,-8.5
"42",0,-9.5
"42",1,-10.5
"42",2,-11.5
"42",3,-12.5
"42",3,-13.5
"42",3,-14.5
"42",3,-15.5
"42",3,-16.5
"42",3,-17.5
"42",3,-18.5
"42",3,-19.5
"42",3,-20.5
"42",4,-21.5
"42",5,-22.5
"42",5,-23.5
"42",5,-24.5
"42",5,-25.5
"42",5,-26.5
"42",5,-27.5
"42",5,-28.5
"42",5,-29.5
"42",5,-30.5
"42",5,-31.5
"42",5,-32.5
"42",5,-33.5
"42",5,-34.5
"42",5,-35.5
"42",5,-36.5
"42",5,-37.5
"42",5,-38.5
"42",6,-39.5
"42",7,-39.5
"42",8,-39.5
"42",9,-39.5
"42",10,-39.5
"42",11,-39.5
"42",11,-40.5
"42",11,-41.5
"42",11,-42.5
"42",11,-43.5
"42",11,-44.5
"42",11,-45.5
"42",11,-46.5
"42",11,-47.5
"42",11,-48.5
"42",11,-49.5
"42",12,-50.5
"42",13,-50.5
"42",14,-51.5
"42",15,-52.5
"42",16,-53.5
"42",17,-54.5
"42",18,-55.5
"42",19,-56.5
"42",20,-57.5
"42",20,-58.5
"42",20,-59.5
"42",20,-60.5
"42",20,-61.5
"42",20,-62.5
"42",20,-63.5
"42",20,-64.5
"42",20,-65.5
"43",10,76.5
"43",9,76.5
"43",8,76.5
"43",7,76.5
"43",6,75.5
"43",5,75.5
"43",4,75.5
"43",4,74.5
"43",4,73.5
"43",3,72.5
"43",2,71.5
"43",1,70.5
"43",0,69.5
"43",-1,69.5
"43",-2,69.5
"43",-3,68.5
"43",-4,68.5
"43",-5,67.5
"43",-6,67.5
"43",-7,67.5
"43",-7,66.5
"43",-7,65.5
"43",-7,64.5
"43",-7,63.5
"43",-7,62.5
"43",-8,62.5
"43",-9,61.5
"43",-10,60.5
"43",-11,59.5
"43",-11,58.5
"43",-11,57.5
"43",-12,57.5
"43",-12,56.5
"43",-12,55.5
"43",-12,54.5
"43",-12,53.5
"43",-12,52.5
"43",-12,51.5
"43",-12,50.5
"43",-13,49.5
"43",-13,48.5
"43",-13,47.5
"43",-13,46.5
"43",-13,45.5
"43",-13,44.5
"43",-14,44.5
"43",-15,43.5
"43",-16,43.5
"43",-17,43.5
"43",-18,42.5
"43",-18,41.5
"43",-18,40.5
"43",-18,39.5
"43",-18,38.5
"43",-18,37.5
"43",-18,36.5
"43",-18,35.5
"43",-18,34.5
"43",-18,33.5
"43",-18,32.5
"43",-18,31.5
"43",-18,30.5
"43",-18,29.5
"43",-18,28.5
"43",-18,27.5
"43",-18,26.5
"43",-18,25.5
"43",-18,24.5
"43",-18,23.5
"43",-18,22.5
"43",-18,21.5
"43",-18,20.5
"43",-18,19.5
"43",-18,18.5
"43",-18,17.5
"43",-18,16.5
"43",-18,15.5
"43",-18,14.5
"43",-18,13.5
"43",-18,12.5
"43",-18,11.5
"43",-18,10.5
"43",-18,9.5
"43",-17,8.5
"43",-16,8.5
"43",-15,7.5
"43",-14,7.5
"43",-13,6.5
"43",-12,5.5
"43",-11,5.5
"43",-11,4.5
"43",-10,3.5
"43",-9,3.5
"43",-8,2.5
"43",-7,3.5
"43",-6,3.5
"43",-5,2.5
"43",-4,2.5
"43",-4,1.5
"43",-4,0.5
"43",-4,-0.5
"43",-4,-1.5
"43",-4,-2.5
"43",-4,-3.5
"43",-4,-4.5
"43",-3,-5.5
"43",-3,-6.5
"43",-2,-7.5
"43",-1,-7.5
"43",-1,-8.5
"43",0,-9.5
"43",1,-10.5
"43",2,-11.5
"43",3,-12.5
"43",3,-13.5
"43",3,-14.5
"43",3,-15.5
"43",3,-16.5
"43",3,-17.5
"43",3,-18.5
"43",3,-19.5
"43",3,-20.5
"43",4,-21.5
"43",5,-22.5
"43",5,-23.5
"43",5,-24.5
"43",5,-25.5
"43",5,-26.5
"43",5,-27.5
"43",5,-28.5
"43",5,-29.5
"43",5,-30.5
"43",5,-31.5
"43",5,-32.5
"43",5,-33.5
"43",5,-34.5
"43",5,-35.5
"43",5,-36.5
"43",5,-37.5
"43",5,-38.5
"43",6,-39.5
"43",7,-39.5
"43",8,-39.5
"43",9,-39.5
"43",10,-39.5
"43",11,-39.5
"43",11,-40.5
"43",11,-41.5
"43",11,-42.5
"43",11,-43.5
"43",11,-44.5
"43",11,-45.5
"43",11,-46.5
"43",11,-47.5
"43",11,-48.5
"43",11,-49.5
"43",12,-50.5
"43",13,-50.5
"43",14,-51.5
"43",15,-52.5
"43",16,-53.5
"43",17,-54.5
"43",18,-55.5
"43",19,-56.5
"43",20,-57.5
"43",20,-58.5
"43",20,-59.5
"43",20,-60.5
"43",20,-61.5
"43",20,-62.5
"43",20,-63.5
"43",20,-64.5
"43",20,-65.5
"44",10,76.5
"44",9,76.5
"44",8,75.5
"44",7,75.5
"44",6,74.5
"44",5,73.5
"44",4,73.5
"44",3,72.5
"44",2,71.5
"44",1,70.5
"44",0,69.5
"44",0,68.5
"44",0,67.5
"44",0,66.5
"44",0,65.5
"44",-1,64.5
"44",-2,63.5
"44",-3,62.5
"44",-4,61.5
"44",-5,60.5
"44",-6,59.5
"44",-7,58.5
"44",-8,57.5
"44",-9,56.5
"44",-10,55.5
"44",-11,54.5
"44",-12,53.5
"44",-12,52.5
"44",-12,51.5
"44",-13,50.5
"44",-13,49.5
"44",-13,48.5
"44",-13,47.5
"44",-13,46.5
"44",-13,45.5
"44",-13,44.5
"44",-14,43.5
"44",-14,42.5
"44",-14,41.5
"44",-14,40.5
"44",-14,39.5
"44",-14,38.5
"44",-14,37.5
"44",-14,36.5
"44",-14,35.5
"44",-14,34.5
"44",-14,33.5
"44",-14,32.5
"44",-14,31.5
"44",-14,30.5
"44",-14,29.5
"44",-15,28.5
"44",-16,27.5
"44",-16,26.5
"44",-17,25.5
"44",-18,24.5
"44",-18,23.5
"44",-18,22.5
"44",-18,21.5
"44",-18,20.5
"44",-18,19.5
"44",-18,18.5
"44",-18,17.5
"44",-18,16.5
"44",-18,15.5
"44",-18,14.5
"44",-18,13.5
"44",-18,12.5
"44",-18,11.5
"44",-18,10.5
"44",-18,9.5
"44",-18,8.5
"44",-18,7.5
"44",-18,6.5
"44",-18,5.5
"44",-18,4.5
"44",-18,3.5
"44",-18,2.5
"44",-18,1.5
"44",-18,0.5
"44",-17,-0.5
"44",-16,-1.5
"44",-15,-2.5
"44",-14,-3.5
"44",-13,-4.5
"44",-12,-5.5
"44",-11,-6.5
"44",-10,-7.5
"44",-9,-8.5
"44",-8,-9.5
"44",-7,-10.5
"44",-6,-11.5
"44",-5,-12.5
"44",-4,-13.5
"44",-3,-14.5
"44",-2,-15.5
"44",-1,-16.5
"44",0,-17.5
"44",1,-18.5
"44",2,-19.5
"44",3,-20.5
"44",4,-21.5
"44",5,-22.5
"44",5,-23.5
"44",5,-24.5
"44",5,-25.5
"44",5,-26.5
"44",5,-27.5
"44",5,-28.5
"44",5,-29.5
"44",5,-30.5
"44",5,-31.5
"44",5,-32.5
"44",5,-33.5
"44",5,-34.5
"44",5,-35.5
"44",5,-36.5
"44",5,-37.5
"44",5,-38.5
"44",6,-39.5
"44",7,-40.5
"44",7,-41.5
"44",7,-42.5
"44",7,-43.5
"44",7,-44.5
"44",7,-45.5
"44",7,-46.5
"44",8,-47.5
"44",8,-48.5
"44",9,-49.5
"44",10,-50.5
"44",11,-51.5
"44",12,-52.5
"44",13,-53.5
"44",14,-54.5
"44",15,-55.5
"44",16,-56.5
"44",17,-57.5
"44",18,-58.5
"44",19,-59.5
"44",20,-60.5
"44",20,-61.5
"44",20,-62.5
"44",20,-63.5
"44",20,-64.5
"44",20,-65.5
"45",10,76.5
"45",9,76.5
"45",8,76.5
"45",7,76.5
"45",6,75.5
"45",5,75.5
"45",4,75.5
"45",4,74.5
"45",4,73.5
"45",3,72.5
"45",2,71.5
"45",1,70.5
"45",0,69.5
"45",-1,69.5
"45",-2,69.5
"45",-3,68.5
"45",-4,68.5
"45",-5,67.5
"45",-6,67.5
"45",-7,67.5
"45",-7,66.5
"45",-7,65.5
"45",-7,64.5
"45",-7,63.5
"45",-7,62.5
"45",-8,61.5
"45",-9,60.5
"45",-10,59.5
"45",-11,58.5
"45",-12,57.5
"45",-13,56.5
"45",-13,55.5
"45",-13,54.5
"45",-13,53.5
"45",-13,52.5
"45",-13,51.5
"45",-13,50.5
"45",-13,49.5
"45",-13,48.5
"45",-13,47.5
"45",-13,46.5
"45",-13,45.5
"45",-14,45.5
"45",-15,44.5
"45",-16,44.5
"45",-17,44.5
"45",-18,43.5
"45",-18,42.5
"45",-18,41.5
"45",-18,40.5
"45",-18,39.5
"45",-18,38.5
"45",-18,37.5
"45",-18,36.5
"45",-18,35.5
"45",-18,34.5
"45",-18,33.5
"45",-18,32.5
"45",-18,31.5
"45",-18,30.5
"45",-18,29.5
"45",-18,28.5
"45",-18,27.5
"45",-18,26.5
"45",-18,25.5
"45",-18,24.5
"45",-18,23.5
"45",-18,22.5
"45",-18,21.5
"45",-18,20.5
"45",-18,19.5
"45",-18,18.5
"45",-18,17.5
"45",-18,16.5
"45",-18,15.5
"45",-18,14.5
"45",-18,13.5
"45",-18,12.5
"45",-18,11.5
"45",-18,10.5
"45",-18,9.5
"45",-17,8.5
"45",-16,8.5
"45",-15,7.5
"45",-14,7.5
"45",-13,6.5
"45",-12,5.5
"45",-11,4.5
"45",-11,3.5
"45",-11,2.5
"45",-11,1.5
"45",-11,0.5
"45",-11,-0.5
"45",-11,-1.5
"45",-10,-2.5
"45",-9,-3.5
"45",-8,-4.5
"45",-7,-5.5
"45",-6,-6.5
"45",-6,-7.5
"45",-5,-8.5
"45",-4,-9.5
"45",-3,-10.5
"45",-2,-11.5
"45",-1,-12.5
"45",0,-13.5
"45",1,-14.5
"45",1,-15.5
"45",1,-16.5
"45",2,-17.5
"45",3,-18.5
"45",3,-19.5
"45",3,-20.5
"45",4,-21.5
"45",5,-22.5
"45",5,-23.5
"45",5,-24.5
"45",5,-25.5
"45",5,-26.5
"45",5,-27.5
"45",5,-28.5
"45",5,-29.5
"45",5,-30.5
"45",5,-31.5
"45",5,-32.5
"45",5,-33.5
"45",5,-34.5
"45",5,-35.5
"45",5,-36.5
"45",5,-37.5
"45",5,-38.5
"45",6,-39.5
"45",7,-39.5
"45",7,-40.5
"45",7,-41.5
"45",7,-42.5
"45",7,-43.5
"45",7,-44.5
"45",7,-45.5
"45",7,-46.5
"45",8,-47.5
"45",9,-48.5
"45",10,-48.5
"45",11,-49.5
"45",12,-50.5
"45",13,-51.5
"45",14,-52.5
"45",15,-53.5
"45",16,-54.5
"45",17,-55.5
"45",18,-56.5
"45",19,-57.5
"45",20,-58.5
"45",20,-59.5
"45",20,-60.5
"45",20,-61.5
"45",20,-62.5
"45",20,-63.5
"45",20,-64.5
"45",20,-65.5
"46",10,76.5
"46",9,76.5
"46",8,76.5
"46",7,76.5
"46",6,75.5
"46",5,75.5
"46",4,75.5
"46",4,74.5
"46",4,73.5
"46",3,72.5
"46",2,71.5
"46",1,70.5
"46",0,69.5
"46",-1,69.5
"46",-2,69.5
"46",-3,68.5
"46",-4,68.5
"46",-5,67.5
"46",-6,67.5
"46",-7,67.5
"46",-7,66.5
"46",-7,65.5
"46",-7,64.5
"46",-7,63.5
"46",-7,62.5
"46",-8,62.5
"46",-9,61.5
"46",-10,60.5
"46",-11,59.5
"46",-11,58.5
"46",-11,57.5
"46",-12,57.5
"46",-13,56.5
"46",-13,55.5
"46",-13,54.5
"46",-13,53.5
"46",-13,52.5
"46",-13,51.5
"46",-13,50.5
"46",-13,49.5
"46",-13,48.5
"46",-13,47.5
"46",-13,46.5
"46",-13,45.5
"46",-14,45.5
"46",-15,44.5
"46",-16,44.5
"46",-17,44.5
"46",-18,43.5
"46",-18,42.5
"46",-18,41.5
"46",-18,40.5
"46",-18,39.5
"46",-18,38.5
"46",-18,37.5
"46",-18,36.5
"46",-18,35.5
"46",-18,34.5
"46",-18,33.5
"46",-18,32.5
"46",-18,31.5
"46",-18,30.5
"46",-18,29.5
"46",-18,28.5
"46",-18,27.5
"46",-18,26.5
"46",-18,25.5
"46",-18,24.5
"46",-18,23.5
"46",-18,22.5
"46",-18,21.5
"46",-18,20.5
"46",-18,19.5
"46",-18,18.5
"46",-18,17.5
"46",-18,16.5
"46",-18,15.5
"46",-18,14.5
"46",-18,13.5
"46",-18,12.5
"46",-18,11.5
"46",-18,10.5
"46",-18,9.5
"46",-18,8.5
"46",-18,7.5
"46",-18,6.5
"46",-18,5.5
"46",-18,4.5
"46",-18,3.5
"46",-18,2.5
"46",-18,1.5
"46",-18,0.5
"46",-18,-0.5
"46",-18,-1.5
"46",-17,-2.5
"46",-16,-3.5
"46",-16,-4.5
"46",-16,-5.5
"46",-16,-6.5
"46",-16,-7.5
"46",-15,-8.5
"46",-14,-9.5
"46",-13,-10.5
"46",-12,-11.5
"46",-11,-12.5
"46",-11,-13.5
"46",-11,-14.5
"46",-11,-15.5
"46",-11,-16.5
"46",-11,-17.5
"46",-11,-18.5
"46",-11,-19.5
"46",-11,-20.5
"46",-10,-21.5
"46",-10,-22.5
"46",-10,-23.5
"46",-10,-24.5
"46",-10,-25.5
"46",-10,-26.5
"46",-10,-27.5
"46",-10,-28.5
"46",-10,-29.5
"46",-9,-30.5
"46",-9,-31.5
"46",-8,-32.5
"46",-7,-33.5
"46",-7,-34.5
"46",-7,-35.5
"46",-7,-36.5
"46",-7,-37.5
"46",-7,-38.5
"46",-7,-39.5
"46",-7,-40.5
"46",-7,-41.5
"46",-7,-42.5
"46",-7,-43.5
"46",-7,-44.5
"46",-7,-45.5
"46",-7,-46.5
"46",-6,-47.5
"46",-5,-48.5
"46",-4,-49.5
"46",-3,-49.5
"46",-2,-50.5
"46",-1,-51.5
"46",0,-52.5
"46",1,-53.5
"46",2,-53.5
"46",3,-53.5
"46",4,-53.5
"46",5,-53.5
"46",6,-54.5
"46",7,-54.5
"46",8,-55.5
"46",9,-55.5
"46",10,-56.5
"46",11,-56.5
"46",12,-57.5
"46",13,-57.5
"46",14,-58.5
"46",15,-59.5
"46",16,-60.5
"46",17,-60.5
"46",18,-61.5
"46",19,-62.5
"46",20,-63.5
"46",20,-64.5
"46",20,-65.5
"47",10,76.5
"47",9,76.5
"47",8,76.5
"47",7,76.5
"47",6,75.5
"47",5,75.5
"47",4,75.5
"47",4,74.5
"47",4,73.5
"47",3,72.5
"47",2,71.5
"47",1,70.5
"47",0,69.5
"47",-1,69.5
"47",-2,69.5
"47",-3,68.5
"47",-4,68.5
"47",-5,67.5
"47",-6,67.5
"47",-7,67.5
"47",-7,66.5
"47",-7,65.5
"47",-7,64.5
"47",-7,63.5
"47",-7,62.5
"47",-8,62.5
"47",-9,61.5
"47",-10,60.5
"47",-11,59.5
"47",-11,58.5
"47",-11,57.5
"47",-12,57.5
"47",-12,56.5
"47",-12,55.5
"47",-12,54.5
"47",-12,53.5
"47",-12,52.5
"47",-12,51.5
"47",-13,50.5
"47",-13,49.5
"47",-13,48.5
"47",-13,47.5
"47",-13,46.5
"47",-13,45.5
"47",-13,44.5
"47",-14,44.5
"47",-15,43.5
"47",-16,43.5
"47",-17,43.5
"47",-18,42.5
"47",-18,41.5
"47",-18,40.5
"47",-18,39.5
"47",-18,38.5
"47",-18,37.5
"47",-18,36.5
"47",-18,35.5
"47",-18,34.5
"47",-18,33.5
"47",-18,32.5
"47",-18,31.5
"47",-18,30.5
"47",-18,29.5
"47",-18,28.5
"47",-18,27.5
"47",-18,26.5
"47",-18,25.5
"47",-18,24.5
"47",-18,23.5
"47",-18,22.5
"47",-18,21.5
"47",-18,20.5
"47",-18,19.5
"47",-18,18.5
"47",-18,17.5
"47",-18,16.5
"47",-18,15.5
"47",-18,14.5
"47",-18,13.5
"47",-18,12.5
"47",-18,11.5
"47",-18,10.5
"47",-18,9.5
"47",-17,8.5
"47",-16,8.5
"47",-16,7.5
"47",-16,6.5
"47",-16,5.5
"47",-16,4.5
"47",-16,3.5
"47",-16,2.5
"47",-16,1.5
"47",-16,0.5
"47",-16,-0.5
"47",-16,-1.5
"47",-16,-2.5
"47",-16,-3.5
"47",-16,-4.5
"47",-16,-5.5
"47",-16,-6.5
"47",-16,-7.5
"47",-16,-8.5
"47",-16,-9.5
"47",-15,-10.5
"47",-14,-10.5
"47",-13,-10.5
"47",-12,-11.5
"47",-11,-12.5
"47",-11,-13.5
"47",-11,-14.5
"47",-11,-15.5
"47",-11,-16.5
"47",-11,-17.5
"47",-11,-18.5
"47",-11,-19.5
"47",-11,-20.5
"47",-11,-21.5
"47",-11,-22.5
"47",-11,-23.5
"47",-10,-24.5
"47",-10,-25.5
"47",-10,-26.5
"47",-10,-27.5
"47",-9,-28.5
"47",-8,-29.5
"47",-8,-30.5
"47",-8,-31.5
"47",-8,-32.5
"47",-7,-33.5
"47",-7,-34.5
"47",-7,-35.5
"47",-7,-36.5
"47",-7,-37.5
"47",-7,-38.5
"47",-7,-39.5
"47",-7,-40.5
"47",-7,-41.5
"47",-7,-42.5
"47",-7,-43.5
"47",-7,-44.5
"47",-7,-45.5
"47",-7,-46.5
"47",-6,-47.5
"47",-5,-48.5
"47",-4,-49.5
"47",-3,-49.5
"47",-2,-50.5
"47",-1,-51.5
"47",0,-52.5
"47",1,-53.5
"47",2,-53.5
"47",3,-53.5
"47",4,-53.5
"47",5,-53.5
"47",6,-54.5
"47",7,-54.5
"47",8,-55.5
"47",9,-56.5
"47",10,-56.5
"47",11,-56.5
"47",12,-57.5
"47",13,-57.5
"47",14,-58.5
"47",15,-59.5
"47",16,-60.5
"47",17,-60.5
"47",18,-61.5
"47",19,-62.5
"47",20,-63.5
"47",20,-64.5
"47",20,-65.5
"48",10,76.5
"48",9,76.5
"48",8,76.5
"48",7,76.5
"48",6,75.5
"48",5,75.5
"48",4,75.5
"48",4,74.5
"48",4,73.5
"48",3,72.5
"48",2,71.5
"48",1,70.5
"48",0,69.5
"48",-1,69.5
"48",-2,69.5
"48",-3,68.5
"48",-4,68.5
"48",-5,67.5
"48",-6,67.5
"48",-7,67.5
"48",-7,66.5
"48",-7,65.5
"48",-7,64.5
"48",-7,63.5
"48",-7,62.5
"48",-8,62.5
"48",-9,61.5
"48",-10,60.5
"48",-11,59.5
"48",-11,58.5
"48",-11,57.5
"48",-12,57.5
"48",-12,56.5
"48",-12,55.5
"48",-12,54.5
"48",-12,53.5
"48",-12,52.5
"48",-12,51.5
"48",-12,50.5
"48",-13,49.5
"48",-13,48.5
"48",-13,47.5
"48",-13,46.5
"48",-13,45.5
"48",-13,44.5
"48",-14,44.5
"48",-15,43.5
"48",-16,43.5
"48",-17,43.5
"48",-18,42.5
"48",-18,41.5
"48",-18,40.5
"48",-18,39.5
"48",-18,38.5
"48",-18,37.5
"48",-18,36.5
"48",-18,35.5
"48",-18,34.5
"48",-18,33.5
"48",-18,32.5
"48",-18,31.5
"48",-18,30.5
"48",-18,29.5
"48",-18,28.5
"48",-18,27.5
"48",-18,26.5
"48",-18,25.5
"48",-18,24.5
"48",-18,23.5
"48",-18,22.5
"48",-18,21.5
"48",-18,20.5
"48",-18,19.5
"48",-18,18.5
"48",-18,17.5
"48",-18,16.5
"48",-18,15.5
"48",-18,14.5
"48",-18,13.5
"48",-18,12.5
"48",-18,11.5
"48",-18,10.5
"48",-18,9.5
"48",-18,8.5
"48",-18,7.5
"48",-18,6.5
"48",-18,5.5
"48",-18,4.5
"48",-18,3.5
"48",-17,2.5
"48",-16,2.5
"48",-16,1.5
"48",-16,0.5
"48",-16,-0.5
"48",-16,-1.5
"48",-16,-2.5
"48",-16,-3.5
"48",-16,-4.5
"48",-16,-5.5
"48",-16,-6.5
"48",-16,-7.5
"48",-16,-8.5
"48",-16,-9.5
"48",-16,-10.5
"48",-16,-11.5
"48",-16,-12.5
"48",-16,-13.5
"48",-16,-14.5
"48",-16,-15.5
"48",-16,-16.5
"48",-16,-17.5
"48",-16,-18.5
"48",-16,-19.5
"48",-16,-20.5
"48",-16,-21.5
"48",-16,-22.5
"48",-15,-23.5
"48",-14,-23.5
"48",-13,-23.5
"48",-12,-23.5
"48",-12,-24.5
"48",-11,-23.5
"48",-10,-24.5
"48",-10,-25.5
"48",-10,-26.5
"48",-10,-27.5
"48",-9,-28.5
"48",-8,-29.5
"48",-8,-30.5
"48",-8,-31.5
"48",-8,-32.5
"48",-7,-33.5
"48",-7,-34.5
"48",-7,-35.5
"48",-7,-36.5
"48",-6,-37.5
"48",-5,-38.5
"48",-4,-38.5
"48",-3,-39.5
"48",-2,-40.5
"48",-1,-40.5
"48",0,-41.5
"48",1,-41.5
"48",1,-42.5
"48",1,-43.5
"48",1,-44.5
"48",2,-45.5
"48",3,-46.5
"48",4,-46.5
"48",5,-47.5
"48",6,-47.5
"48",7,-47.5
"48",8,-48.5
"48",9,-49.5
"48",10,-49.5
"48",11,-49.5
"48",12,-50.5
"48",13,-50.5
"48",14,-51.5
"48",15,-52.5
"48",16,-53.5
"48",17,-54.5
"48",18,-55.5
"48",19,-56.5
"48",20,-57.5
"48",20,-58.5
"48",20,-59.5
"48",20,-60.5
"48",20,-61.5
"48",20,-62.5
"48",20,-63.5
"48",20,-64.5
"48",20,-65.5
"49",10,76.5
"49",9,75.5
"49",8,74.5
"49",7,73.5
"49",6,72.5
"49",5,71.5
"49",4,70.5
"49",3,70.5
"49",2,69.5
"49",1,68.5
"49",1,67.5
"49",1,66.5
"49",0,65.5
"49",-1,64.5
"49",-2,63.5
"49",-3,62.5
"49",-4,61.5
"49",-5,60.5
"49",-6,59.5
"49",-7,58.5
"49",-8,57.5
"49",-9,56.5
"49",-10,55.5
"49",-11,54.5
"49",-12,53.5
"49",-13,52.5
"49",-14,51.5
"49",-14,50.5
"49",-14,49.5
"49",-14,48.5
"49",-14,47.5
"49",-14,46.5
"49",-14,45.5
"49",-14,44.5
"49",-14,43.5
"49",-14,42.5
"49",-14,41.5
"49",-14,40.5
"49",-14,39.5
"49",-14,38.5
"49",-14,37.5
"49",-14,36.5
"49",-14,35.5
"49",-14,34.5
"49",-14,33.5
"49",-14,32.5
"49",-14,31.5
"49",-14,30.5
"49",-14,29.5
"49",-15,28.5
"49",-16,27.5
"49",-16,26.5
"49",-17,25.5
"49",-18,24.5
"49",-18,23.5
"49",-18,22.5
"49",-18,21.5
"49",-18,20.5
"49",-18,19.5
"49",-18,18.5
"49",-18,17.5
"49",-18,16.5
"49",-18,15.5
"49",-18,14.5
"49",-18,13.5
"49",-18,12.5
"49",-18,11.5
"49",-18,10.5
"49",-18,9.5
"49",-18,8.5
"49",-17,7.5
"49",-17,6.5
"49",-17,5.5
"49",-17,4.5
"49",-17,3.5
"49",-17,2.5
"49",-17,1.5
"49",-17,0.5
"49",-16,-0.5
"49",-15,-1.5
"49",-14,-2.5
"49",-13,-3.5
"49",-12,-4.5
"49",-11,-5.5
"49",-10,-6.5
"49",-9,-7.5
"49",-8,-8.5
"49",-7,-9.5
"49",-6,-10.5
"49",-5,-11.5
"49",-4,-12.5
"49",-3,-13.5
"49",-2,-14.5
"49",-1,-15.5
"49",0,-16.5
"49",1,-17.5
"49",2,-18.5
"49",3,-19.5
"49",4,-20.5
"49",5,-21.5
"49",6,-22.5
"49",7,-23.5
"49",7,-24.5
"49",7,-25.5
"49",7,-26.5
"49",7,-27.5
"49",7,-28.5
"49",7,-29.5
"49",7,-30.5
"49",7,-31.5
"49",7,-32.5
"49",7,-33.5
"49",7,-34.5
"49",7,-35.5
"49",7,-36.5
"49",7,-37.5
"49",7,-38.5
"49",7,-39.5
"49",7,-40.5
"49",7,-41.5
"49",7,-42.5
"49",7,-43.5
"49",7,-44.5
"49",7,-45.5
"49",7,-46.5
"49",7,-47.5
"49",8,-48.5
"49",9,-49.5
"49",10,-50.5
"49",11,-51.5
"49",12,-52.5
"49",13,-53.5
"49",14,-54.5
"49",15,-55.5
"49",16,-56.5
"49",17,-57.5
"49",18,-58.5
"49",19,-59.5
"49",20,-60.5
"49",20,-61.5
"49",20,-62.5
"49",20,-63.5
"49",20,-64.5
"49",20,-65.5
"50",10,76.5
"50",9,76.5
"50",8,76.5
"50",7,76.5
"50",6,75.5
"50",5,74.5
"50",4,74.5
"50",4,73.5
"50",3,72.5
"50",2,71.5
"50",1,70.5
"50",0,69.5
"50",0,68.5
"50",0,67.5
"50",0,66.5
"50",0,65.5
"50",-1,64.5
"50",-2,63.5
"50",-3,62.5
"50",-4,61.5
"50",-5,60.5
"50",-6,59.5
"50",-7,58.5
"50",-8,57.5
"50",-9,56.5
"50",-10,55.5
"50",-11,54.5
"50",-12,53.5
"50",-12,52.5
"50",-12,51.5
"50",-13,50.5
"50",-13,49.5
"50",-13,48.5
"50",-13,47.5
"50",-13,46.5
"50",-13,45.5
"50",-13,44.5
"50",-14,43.5
"50",-14,42.5
"50",-14,41.5
"50",-14,40.5
"50",-14,39.5
"50",-14,38.5
"50",-14,37.5
"50",-14,36.5
"50",-14,35.5
"50",-14,34.5
"50",-14,33.5
"50",-14,32.5
"50",-14,31.5
"50",-14,30.5
"50",-14,29.5
"50",-15,28.5
"50",-16,27.5
"50",-16,26.5
"50",-17,25.5
"50",-18,24.5
"50",-18,23.5
"50",-18,22.5
"50",-18,21.5
"50",-18,20.5
"50",-18,19.5
"50",-18,18.5
"50",-18,17.5
"50",-18,16.5
"50",-18,15.5
"50",-18,14.5
"50",-18,13.5
"50",-18,12.5
"50",-18,11.5
"50",-18,10.5
"50",-18,9.5
"50",-18,8.5
"50",-18,7.5
"50",-18,6.5
"50",-18,5.5
"50",-18,4.5
"50",-18,3.5
"50",-18,2.5
"50",-18,1.5
"50",-17,0.5
"50",-16,-0.5
"50",-15,-1.5
"50",-14,-2.5
"50",-13,-3.5
"50",-12,-4.5
"50",-11,-5.5
"50",-10,-6.5
"50",-9,-7.5
"50",-8,-8.5
"50",-7,-9.5
"50",-6,-10.5
"50",-5,-11.5
"50",-4,-12.5
"50",-3,-13.5
"50",-2,-14.5
"50",-1,-15.5
"50",-1,-16.5
"50",0,-17.5
"50",1,-18.5
"50",2,-19.5
"50",3,-20.5
"50",4,-21.5
"50",5,-22.5
"50",5,-23.5
"50",5,-24.5
"50",5,-25.5
"50",5,-26.5
"50",5,-27.5
"50",5,-28.5
"50",5,-29.5
"50",5,-30.5
"50",5,-31.5
"50",5,-32.5
"50",5,-33.5
"50",5,-34.5
"50",5,-35.5
"50",5,-36.5
"50",5,-37.5
"50",5,-38.5
"50",6,-39.5
"50",7,-40.5
"50",7,-41.5
"50",7,-42.5
"50",7,-43.5
"50",7,-44.5
"50",7,-45.5
"50",7,-46.5
"50",8,-47.5
"50",8,-48.5
"50",9,-49.5
"50",10,-50.5
"50",11,-51.5
"50",12,-52.5
"50",13,-53.5
"50",14,-54.5
"50",15,-55.5
"50",16,-56.5
"50",17,-57.5
"50",18,-58.5
"50",19,-59.5
"50",20,-60.5
"50",20,-61.5
"50",20,-62.5
"50",20,-63.5
"50",20,-64.5
"50",20,-65.5
"51",10,76.5
"51",9,76.5
"51",8,76.5
"51",7,76.5
"51",6,75.5
"51",5,75.5
"51",4,75.5
"51",4,74.5
"51",4,73.5
"51",3,72.5
"51",2,71.5
"51",1,70.5
"51",0,69.5
"51",-1,69.5
"51",-2,69.5
"51",-3,68.5
"51",-4,68.5
"51",-5,67.5
"51",-6,67.5
"51",-7,67.5
"51",-7,66.5
"51",-7,65.5
"51",-7,64.5
"51",-7,63.5
"51",-7,62.5
"51",-8,61.5
"51",-9,60.5
"51",-10,59.5
"51",-11,58.5
"51",-12,57.5
"51",-13,56.5
"51",-13,55.5
"51",-13,54.5
"51",-13,53.5
"51",-13,52.5
"51",-13,51.5
"51",-13,50.5
"51",-13,49.5
"51",-13,48.5
"51",-13,47.5
"51",-13,46.5
"51",-13,45.5
"51",-14,45.5
"51",-15,44.5
"51",-16,44.5
"51",-17,44.5
"51",-18,43.5
"51",-18,42.5
"51",-18,41.5
"51",-18,40.5
"51",-18,39.5
"51",-18,38.5
"51",-18,37.5
"51",-18,36.5
"51",-18,35.5
"51",-18,34.5
"51",-18,33.5
"51",-18,32.5
"51",-18,31.5
"51",-18,30.5
"51",-18,29.5
"51",-18,28.5
"51",-18,27.5
"51",-18,26.5
"51",-18,25.5
"51",-18,24.5
"51",-18,23.5
"51",-18,22.5
"51",-18,21.5
"51",-18,20.5
"51",-18,19.5
"51",-18,18.5
"51",-18,17.5
"51",-18,16.5
"51",-18,15.5
"51",-18,14.5
"51",-18,13.5
"51",-18,12.5
"51",-18,11.5
"51",-18,10.5
"51",-18,9.5
"51",-18,8.5
"51",-18,7.5
"51",-18,6.5
"51",-18,5.5
"51",-18,4.5
"51",-18,3.5
"51",-18,2.5
"51",-18,1.5
"51",-18,0.5
"51",-18,-0.5
"51",-18,-1.5
"51",-18,-2.5
"51",-17,-3.5
"51",-16,-4.5
"51",-16,-5.5
"51",-16,-6.5
"51",-16,-7.5
"51",-15,-8.5
"51",-14,-9.5
"51",-13,-10.5
"51",-12,-11.5
"51",-11,-12.5
"51",-11,-13.5
"51",-11,-14.5
"51",-11,-15.5
"51",-11,-16.5
"51",-11,-17.5
"51",-11,-18.5
"51",-11,-19.5
"51",-11,-20.5
"51",-10,-21.5
"51",-10,-22.5
"51",-10,-23.5
"51",-10,-24.5
"51",-10,-25.5
"51",-10,-26.5
"51",-10,-27.5
"51",-10,-28.5
"51",-10,-29.5
"51",-9,-30.5
"51",-9,-31.5
"51",-8,-32.5
"51",-7,-33.5
"51",-7,-34.5
"51",-7,-35.5
"51",-7,-36.5
"51",-7,-37.5
"51",-7,-38.5
"51",-7,-39.5
"51",-7,-40.5
"51",-7,-41.5
"51",-7,-42.5
"51",-7,-43.5
"51",-7,-44.5
"51",-7,-45.5
"51",-7,-46.5
"51",-6,-47.5
"51",-5,-48.5
"51",-4,-49.5
"51",-3,-49.5
"51",-2,-50.5
"51",-1,-51.5
"51",0,-52.5
"51",1,-53.5
"51",2,-53.5
"51",3,-54.5
"51",4,-54.5
"51",5,-54.5
"51",6,-55.5
"51",7,-55.5
"51",8,-56.5
"51",9,-56.5
"51",10,-56.5
"51",11,-56.5
"51",12,-57.5
"51",13,-57.5
"51",14,-58.5
"51",15,-59.5
"51",16,-60.5
"51",17,-60.5
"51",18,-61.5
"51",19,-62.5
"51",20,-63.5
"51",20,-64.5
"51",20,-65.5
"52",10,76.5
"52",9,76.5
"52",8,76.5
"52",7,76.5
"52",6,75.5
"52",5,75.5
"52",4,75.5
"52",4,74.5
"52",4,73.5
"52",3,72.5
"52",2,71.5
"52",1,70.5
"52",0,69.5
"52",-1,69.5
"52",-2,69.5
"52",-3,68.5
"52",-4,68.5
"52",-5,67.5
"52",-6,67.5
"52",-7,67.5
"52",-7,66.5
"52",-7,65.5
"52",-7,64.5
"52",-7,63.5
"52",-7,62.5
"52",-8,62.5
"52",-9,61.5
"52",-10,60.5
"52",-11,59.5
"52",-11,58.5
"52",-11,57.5
"52",-12,57.5
"52",-13,56.5
"52",-13,55.5
"52",-13,54.5
"52",-13,53.5
"52",-13,52.5
"52",-13,51.5
"52",-13,50.5
"52",-13,49.5
"52",-13,48.5
"52",-13,47.5
"52",-13,46.5
"52",-13,45.5
"52",-13,44.5
"52",-14,44.5
"52",-15,43.5
"52",-16,43.5
"52",-17,43.5
"52",-18,42.5
"52",-18,41.5
"52",-18,40.5
"52",-18,39.5
"52",-18,38.5
"52",-18,37.5
"52",-18,36.5
"52",-18,35.5
"52",-18,34.5
"52",-18,33.5
"52",-18,32.5
"52",-18,31.5
"52",-18,30.5
"52",-18,29.5
"52",-18,28.5
"52",-18,27.5
"52",-18,26.5
"52",-18,25.5
"52",-18,24.5
"52",-18,23.5
"52",-18,22.5
"52",-18,21.5
"52",-18,20.5
"52",-18,19.5
"52",-18,18.5
"52",-18,17.5
"52",-18,16.5
"52",-18,15.5
"52",-18,14.5
"52",-18,13.5
"52",-18,12.5
"52",-18,11.5
"52",-18,10.5
"52",-18,9.5
"52",-18,8.5
"52",-18,7.5
"52",-18,6.5
"52",-18,5.5
"52",-18,4.5
"52",-18,3.5
"52",-18,2.5
"52",-18,1.5
"52",-18,0.5
"52",-18,-0.5
"52",-18,-1.5
"52",-17,-2.5
"52",-16,-3.5
"52",-16,-4.5
"52",-16,-5.5
"52",-16,-6.5
"52",-16,-7.5
"52",-15,-8.5
"52",-14,-9.5
"52",-13,-10.5
"52",-12,-11.5
"52",-11,-12.5
"52",-11,-13.5
"52",-11,-14.5
"52",-11,-15.5
"52",-11,-16.5
"52",-11,-17.5
"52",-11,-18.5
"52",-11,-19.5
"52",-11,-20.5
"52",-11,-21.5
"52",-11,-22.5
"52",-11,-23.5
"52",-10,-24.5
"52",-10,-25.5
"52",-10,-26.5
"52",-10,-27.5
"52",-10,-28.5
"52",-10,-29.5
"52",-9,-30.5
"52",-9,-31.5
"52",-8,-32.5
"52",-7,-33.5
"52",-7,-34.5
"52",-7,-35.5
"52",-7,-36.5
"52",-7,-37.5
"52",-7,-38.5
"52",-7,-39.5
"52",-7,-40.5
"52",-7,-41.5
"52",-7,-42.5
"52",-7,-43.5
"52",-7,-44.5
"52",-7,-45.5
"52",-7,-46.5
"52",-6,-47.5
"52",-5,-48.5
"52",-4,-49.5
"52",-3,-49.5
"52",-2,-50.5
"52",-1,-51.5
"52",0,-52.5
"52",1,-53.5
"52",2,-53.5
"52",3,-53.5
"52",4,-53.5
"52",5,-53.5
"52",6,-54.5
"52",7,-54.5
"52",8,-55.5
"52",9,-56.5
"52",10,-56.5
"52",11,-56.5
"52",12,-57.5
"52",13,-57.5
"52",14,-58.5
"52",15,-59.5
"52",16,-60.5
"52",17,-60.5
"52",18,-61.5
"52",19,-62.5
"52",20,-63.5
"52",20,-64.5
"52",20,-65.5
"53",10,76.5
"53",9,76.5
"53",8,76.5
"53",7,76.5
"53",6,75.5
"53",5,75.5
"53",4,75.5
"53",4,74.5
"53",4,73.5
"53",3,72.5
"53",2,71.5
"53",1,70.5
"53",0,69.5
"53",-1,69.5
"53",-2,69.5
"53",-3,68.5
"53",-4,68.5
"53",-5,67.5
"53",-6,67.5
"53",-7,67.5
"53",-7,66.5
"53",-7,65.5
"53",-7,64.5
"53",-7,63.5
"53",-7,62.5
"53",-8,62.5
"53",-9,61.5
"53",-10,60.5
"53",-11,59.5
"53",-11,58.5
"53",-11,57.5
"53",-12,57.5
"53",-12,56.5
"53",-12,55.5
"53",-12,54.5
"53",-12,53.5
"53",-12,52.5
"53",-12,51.5
"53",-12,50.5
"53",-13,49.5
"53",-13,48.5
"53",-13,47.5
"53",-13,46.5
"53",-13,45.5
"53",-13,44.5
"53",-14,44.5
"53",-15,43.5
"53",-16,43.5
"53",-17,43.5
"53",-18,42.5
"53",-18,41.5
"53",-18,40.5
"53",-18,39.5
"53",-18,38.5
"53",-18,37.5
"53",-18,36.5
"53",-18,35.5
"53",-18,34.5
"53",-18,33.5
"53",-18,32.5
"53",-18,31.5
"53",-18,30.5
"53",-18,29.5
"53",-18,28.5
"53",-18,27.5
"53",-18,26.5
"53",-18,25.5
"53",-18,24.5
"53",-18,23.5
"53",-18,22.5
"53",-18,21.5
"53",-18,20.5
"53",-18,19.5
"53",-18,18.5
"53",-18,17.5
"53",-18,16.5
"53",-18,15.5
"53",-18,14.5
"53",-18,13.5
"53",-18,12.5
"53",-18,11.5
"53",-18,10.5
"53",-18,9.5
"53",-18,8.5
"53",-18,7.5
"53",-18,6.5
"53",-18,5.5
"53",-18,4.5
"53",-18,3.5
"53",-17,2.5
"53",-16,2.5
"53",-16,1.5
"53",-16,0.5
"53",-16,-0.5
"53",-16,-1.5
"53",-16,-2.5
"53",-16,-3.5
"53",-16,-4.5
"53",-16,-5.5
"53",-16,-6.5
"53",-16,-7.5
"53",-16,-8.5
"53",-16,-9.5
"53",-15,-10.5
"53",-14,-10.5
"53",-13,-10.5
"53",-12,-11.5
"53",-11,-12.5
"53",-11,-13.5
"53",-11,-14.5
"53",-11,-15.5
"53",-11,-16.5
"53",-11,-17.5
"53",-11,-18.5
"53",-11,-19.5
"53",-11,-20.5
"53",-11,-21.5
"53",-11,-22.5
"53",-11,-23.5
"53",-10,-24.5
"53",-10,-25.5
"53",-10,-26.5
"53",-10,-27.5
"53",-9,-28.5
"53",-8,-29.5
"53",-8,-30.5
"53",-8,-31.5
"53",-8,-32.5
"53",-7,-33.5
"53",-7,-34.5
"53",-7,-35.5
"53",-7,-36.5
"53",-7,-37.5
"53",-7,-38.5
"53",-7,-39.5
"53",-7,-40.5
"53",-7,-41.5
"53",-7,-42.5
"53",-7,-43.5
"53",-7,-44.5
"53",-7,-45.5
"53",-7,-46.5
"53",-7,-47.5
"53",-6,-48.5
"53",-5,-48.5
"53",-4,-49.5
"53",-3,-49.5
"53",-2,-50.5
"53",-1,-51.5
"53",0,-52.5
"53",1,-53.5
"53",2,-53.5
"53",3,-53.5
"53",4,-53.5
"53",5,-53.5
"53",6,-54.5
"53",7,-54.5
"53",8,-55.5
"53",9,-56.5
"53",10,-56.5
"53",11,-56.5
"53",12,-57.5
"53",13,-57.5
"53",14,-58.5
"53",15,-59.5
"53",16,-60.5
"53",17,-60.5
"53",18,-61.5
"53",19,-62.5
"53",20,-63.5
"53",20,-64.5
"53",20,-65.5
"54",10,76.5
"54",9,76.5
"54",8,76.5
"54",7,76.5
"54",6,75.5
"54",5,75.5
"54",4,75.5
"54",3,75.5
"54",2,75.5
"54",1,75.5
"54",0,74.5
"54",-1,74.5
"54",-1,73.5
"54",-1,72.5
"54",-1,71.5
"54",-1,70.5
"54",-1,69.5
"54",-2,69.5
"54",-3,68.5
"54",-4,68.5
"54",-5,67.5
"54",-6,67.5
"54",-7,67.5
"54",-7,66.5
"54",-7,65.5
"54",-7,64.5
"54",-7,63.5
"54",-7,62.5
"54",-8,62.5
"54",-9,61.5
"54",-10,60.5
"54",-11,59.5
"54",-11,58.5
"54",-11,57.5
"54",-12,57.5
"54",-12,56.5
"54",-12,55.5
"54",-12,54.5
"54",-12,53.5
"54",-12,52.5
"54",-12,51.5
"54",-12,50.5
"54",-13,49.5
"54",-13,48.5
"54",-13,47.5
"54",-13,46.5
"54",-13,45.5
"54",-13,44.5
"54",-14,44.5
"54",-15,43.5
"54",-16,43.5
"54",-17,43.5
"54",-18,42.5
"54",-18,41.5
"54",-18,40.5
"54",-18,39.5
"54",-18,38.5
"54",-18,37.5
"54",-18,36.5
"54",-18,35.5
"54",-18,34.5
"54",-18,33.5
"54",-18,32.5
"54",-18,31.5
"54",-18,30.5
"54",-18,29.5
"54",-18,28.5
"54",-18,27.5
"54",-18,26.5
"54",-18,25.5
"54",-18,24.5
"54",-18,23.5
"54",-18,22.5
"54",-18,21.5
"54",-18,20.5
"54",-18,19.5
"54",-18,18.5
"54",-18,17.5
"54",-18,16.5
"54",-18,15.5
"54",-18,14.5
"54",-18,13.5
"54",-18,12.5
"54",-18,11.5
"54",-18,10.5
"54",-18,9.5
"54",-18,8.5
"54",-18,7.5
"54",-18,6.5
"54",-18,5.5
"54",-18,4.5
"54",-18,3.5
"54",-17,2.5
"54",-16,2.5
"54",-16,1.5
"54",-16,0.5
"54",-16,-0.5
"54",-16,-1.5
"54",-16,-2.5
"54",-16,-3.5
"54",-16,-4.5
"54",-16,-5.5
"54",-16,-6.5
"54",-16,-7.5
"54",-16,-8.5
"54",-16,-9.5
"54",-16,-10.5
"54",-16,-11.5
"54",-16,-12.5
"54",-16,-13.5
"54",-16,-14.5
"54",-16,-15.5
"54",-16,-16.5
"54",-16,-17.5
"54",-16,-18.5
"54",-16,-19.5
"54",-16,-20.5
"54",-16,-21.5
"54",-16,-22.5
"54",-15,-23.5
"54",-14,-23.5
"54",-13,-23.5
"54",-12,-23.5
"54",-12,-24.5
"54",-11,-23.5
"54",-10,-24.5
"54",-10,-25.5
"54",-10,-26.5
"54",-10,-27.5
"54",-10,-28.5
"54",-10,-29.5
"54",-9,-30.5
"54",-8,-31.5
"54",-8,-32.5
"54",-7,-33.5
"54",-7,-34.5
"54",-7,-35.5
"54",-7,-36.5
"54",-6,-37.5
"54",-5,-38.5
"54",-4,-38.5
"54",-3,-39.5
"54",-2,-40.5
"54",-1,-40.5
"54",0,-41.5
"54",1,-41.5
"54",1,-42.5
"54",1,-43.5
"54",1,-44.5
"54",2,-45.5
"54",3,-46.5
"54",4,-46.5
"54",5,-47.5
"54",6,-47.5
"54",7,-47.5
"54",8,-48.5
"54",9,-49.5
"54",10,-49.5
"54",11,-49.5
"54",12,-50.5
"54",13,-50.5
"54",14,-51.5
"54",15,-52.5
"54",16,-53.5
"54",17,-54.5
"54",18,-55.5
"54",19,-56.5
"54",20,-57.5
"54",20,-58.5
"54",20,-59.5
"54",20,-60.5
"54",20,-61.5
"54",20,-62.5
"54",20,-63.5
"54",20,-64.5
"54",20,-65.5
"55",10,76.5
"55",9,76.5
"55",8,75.5
"55",7,74.5
"55",6,73.5
"55",5,72.5
"55",4,71.5
"55",3,70.5
"55",2,69.5
"55",1,68.5
"55",1,67.5
"55",1,66.5
"55",0,65.5
"55",-1,64.5
"55",-2,63.5
"55",-3,62.5
"55",-4,61.5
"55",-5,60.5
"55",-6,59.5
"55",-7,58.5
"55",-8,57.5
"55",-9,56.5
"55",-10,55.5
"55",-11,54.5
"55",-12,53.5
"55",-13,52.5
"55",-14,51.5
"55",-14,50.5
"55",-14,49.5
"55",-14,48.5
"55",-14,47.5
"55",-14,46.5
"55",-14,45.5
"55",-14,44.5
"55",-14,43.5
"55",-14,42.5
"55",-14,41.5
"55",-14,40.5
"55",-14,39.5
"55",-14,38.5
"55",-14,37.5
"55",-14,36.5
"55",-14,35.5
"55",-14,34.5
"55",-14,33.5
"55",-14,32.5
"55",-14,31.5
"55",-14,30.5
"55",-14,29.5
"55",-15,28.5
"55",-16,27.5
"55",-16,26.5
"55",-17,25.5
"55",-18,24.5
"55",-18,23.5
"55",-18,22.5
"55",-18,21.5
"55",-18,20.5
"55",-18,19.5
"55",-18,18.5
"55",-18,17.5
"55",-18,16.5
"55",-18,15.5
"55",-18,14.5
"55",-18,13.5
"55",-18,12.5
"55",-18,11.5
"55",-18,10.5
"55",-18,9.5
"55",-18,8.5
"55",-17,7.5
"55",-17,6.5
"55",-17,5.5
"55",-17,4.5
"55",-17,3.5
"55",-17,2.5
"55",-17,1.5
"55",-17,0.5
"55",-16,-0.5
"55",-15,-1.5
"55",-14,-2.5
"55",-13,-3.5
"55",-12,-4.5
"55",-11,-5.5
"55",-10,-6.5
"55",-9,-7.5
"55",-8,-8.5
"55",-7,-9.5
"55",-6,-10.5
"55",-5,-11.5
"55",-4,-12.5
"55",-3,-13.5
"55",-2,-14.5
"55",-1,-15.5
"55",0,-16.5
"55",1,-17.5
"55",2,-18.5
"55",3,-19.5
"55",4,-20.5
"55",5,-21.5
"55",6,-22.5
"55",6,-23.5
"55",6,-24.5
"55",6,-25.5
"55",6,-26.5
"55",6,-27.5
"55",6,-28.5
"55",6,-29.5
"55",6,-30.5
"55",6,-31.5
"55",6,-32.5
"55",6,-33.5
"55",6,-34.5
"55",6,-35.5
"55",6,-36.5
"55",6,-37.5
"55",6,-38.5
"55",6,-39.5
"55",6,-40.5
"55",6,-41.5
"55",6,-42.5
"55",6,-43.5
"55",6,-44.5
"55",6,-45.5
"55",6,-46.5
"55",7,-47.5
"55",8,-48.5
"55",9,-49.5
"55",10,-50.5
"55",11,-51.5
"55",12,-52.5
"55",13,-53.5
"55",14,-54.5
"55",15,-55.5
"55",16,-56.5
"55",17,-57.5
"55",18,-58.5
"55",19,-59.5
"55",20,-60.5
"55",20,-61.5
"55",20,-62.5
"55",20,-63.5
"55",20,-64.5
"55",20,-65.5
"56",10,76.5
"56",9,76.5
"56",8,76.5
"56",7,76.5
"56",6,75.5
"56",5,75.5
"56",4,75.5
"56",4,74.5
"56",4,73.5
"56",3,72.5
"56",2,71.5
"56",1,70.5
"56",0,69.5
"56",-1,69.5
"56",-2,69.5
"56",-3,68.5
"56",-4,68.5
"56",-5,67.5
"56",-6,67.5
"56",-7,67.5
"56",-7,66.5
"56",-7,65.5
"56",-7,64.5
"56",-7,63.5
"56",-7,62.5
"56",-8,61.5
"56",-9,60.5
"56",-10,59.5
"56",-11,58.5
"56",-12,57.5
"56",-13,56.5
"56",-13,55.5
"56",-13,54.5
"56",-14,53.5
"56",-15,52.5
"56",-16,51.5
"56",-17,50.5
"56",-18,49.5
"56",-18,48.5
"56",-18,47.5
"56",-18,46.5
"56",-18,45.5
"56",-18,44.5
"56",-18,43.5
"56",-18,42.5
"56",-18,41.5
"56",-18,40.5
"56",-18,39.5
"56",-18,38.5
"56",-18,37.5
"56",-18,36.5
"56",-18,35.5
"56",-18,34.5
"56",-18,33.5
"56",-18,32.5
"56",-18,31.5
"56",-18,30.5
"56",-18,29.5
"56",-18,28.5
"56",-18,27.5
"56",-18,26.5
"56",-18,25.5
"56",-18,24.5
"56",-18,23.5
"56",-18,22.5
"56",-18,21.5
"56",-18,20.5
"56",-18,19.5
"56",-18,18.5
"56",-18,17.5
"56",-18,16.5
"56",-18,15.5
"56",-18,14.5
"56",-18,13.5
"56",-18,12.5
"56",-18,11.5
"56",-18,10.5
"56",-18,9.5
"56",-18,8.5
"56",-18,7.5
"56",-18,6.5
"56",-18,5.5
"56",-18,4.5
"56",-18,3.5
"56",-18,2.5
"56",-18,1.5
"56",-18,0.5
"56",-18,-0.5
"56",-18,-1.5
"56",-18,-2.5
"56",-17,-3.5
"56",-16,-4.5
"56",-16,-5.5
"56",-16,-6.5
"56",-16,-7.5
"56",-16,-8.5
"56",-16,-9.5
"56",-16,-10.5
"56",-16,-11.5
"56",-16,-12.5
"56",-16,-13.5
"56",-16,-14.5
"56",-16,-15.5
"56",-16,-16.5
"56",-16,-17.5
"56",-16,-18.5
"56",-16,-19.5
"56",-16,-20.5
"56",-16,-21.5
"56",-16,-22.5
"56",-16,-23.5
"56",-16,-24.5
"56",-16,-25.5
"56",-16,-26.5
"56",-16,-27.5
"56",-16,-28.5
"56",-16,-29.5
"56",-16,-30.5
"56",-16,-31.5
"56",-16,-32.5
"56",-16,-33.5
"56",-16,-34.5
"56",-16,-35.5
"56",-15,-36.5
"56",-14,-37.5
"56",-13,-38.5
"56",-12,-39.5
"56",-11,-40.5
"56",-10,-41.5
"56",-9,-42.5
"56",-8,-43.5
"56",-7,-44.5
"56",-6,-45.5
"56",-5,-46.5
"56",-4,-47.5
"56",-3,-48.5
"56",-2,-49.5
"56",-1,-50.5
"56",0,-51.5
"56",1,-52.5
"56",2,-53.5
"56",3,-54.5
"56",4,-54.5
"56",5,-55.5
"56",6,-56.5
"56",7,-56.5
"56",8,-57.5
"56",9,-58.5
"56",10,-58.5
"56",11,-59.5
"56",12,-60.5
"56",13,-60.5
"56",14,-61.5
"56",15,-62.5
"56",16,-62.5
"56",17,-62.5
"56",18,-63.5
"56",19,-64.5
"56",20,-65.5
"57",10,76.5
"57",9,76.5
"57",8,76.5
"57",7,76.5
"57",6,75.5
"57",5,75.5
"57",4,75.5
"57",4,74.5
"57",4,73.5
"57",3,72.5
"57",2,71.5
"57",1,70.5
"57",0,69.5
"57",-1,69.5
"57",-2,69.5
"57",-3,68.5
"57",-4,68.5
"57",-5,67.5
"57",-6,67.5
"57",-7,67.5
"57",-7,66.5
"57",-7,65.5
"57",-7,64.5
"57",-7,63.5
"57",-7,62.5
"57",-8,62.5
"57",-9,61.5
"57",-10,60.5
"57",-11,59.5
"57",-11,58.5
"57",-11,57.5
"57",-12,57.5
"57",-13,56.5
"57",-13,55.5
"57",-13,54.5
"57",-13,53.5
"57",-13,52.5
"57",-13,51.5
"57",-13,50.5
"57",-13,49.5
"57",-13,48.5
"57",-13,47.5
"57",-13,46.5
"57",-13,45.5
"57",-14,45.5
"57",-15,44.5
"57",-16,44.5
"57",-17,44.5
"57",-18,43.5
"57",-18,42.5
"57",-18,41.5
"57",-18,40.5
"57",-18,39.5
"57",-18,38.5
"57",-18,37.5
"57",-18,36.5
"57",-18,35.5
"57",-18,34.5
"57",-18,33.5
"57",-18,32.5
"57",-18,31.5
"57",-18,30.5
"57",-18,29.5
"57",-18,28.5
"57",-18,27.5
"57",-18,26.5
"57",-18,25.5
"57",-18,24.5
"57",-18,23.5
"57",-18,22.5
"57",-18,21.5
"57",-18,20.5
"57",-18,19.5
"57",-18,18.5
"57",-18,17.5
"57",-18,16.5
"57",-18,15.5
"57",-18,14.5
"57",-18,13.5
"57",-18,12.5
"57",-18,11.5
"57",-18,10.5
"57",-18,9.5
"57",-18,8.5
"57",-18,7.5
"57",-18,6.5
"57",-18,5.5
"57",-18,4.5
"57",-18,3.5
"57",-18,2.5
"57",-18,1.5
"57",-18,0.5
"57",-18,-0.5
"57",-18,-1.5
"57",-17,-2.5
"57",-16,-3.5
"57",-16,-4.5
"57",-16,-5.5
"57",-16,-6.5
"57",-16,-7.5
"57",-16,-8.5
"57",-16,-9.5
"57",-16,-10.5
"57",-16,-11.5
"57",-16,-12.5
"57",-16,-13.5
"57",-16,-14.5
"57",-16,-15.5
"57",-16,-16.5
"57",-16,-17.5
"57",-16,-18.5
"57",-16,-19.5
"57",-16,-20.5
"57",-16,-21.5
"57",-16,-22.5
"57",-16,-23.5
"57",-16,-24.5
"57",-16,-25.5
"57",-16,-26.5
"57",-16,-27.5
"57",-16,-28.5
"57",-16,-29.5
"57",-16,-30.5
"57",-16,-31.5
"57",-16,-32.5
"57",-16,-33.5
"57",-16,-34.5
"57",-16,-35.5
"57",-16,-36.5
"57",-16,-37.5
"57",-16,-38.5
"57",-16,-39.5
"57",-16,-40.5
"57",-16,-41.5
"57",-15,-42.5
"57",-14,-42.5
"57",-13,-43.5
"57",-12,-44.5
"57",-11,-45.5
"57",-10,-46.5
"57",-9,-47.5
"57",-8,-48.5
"57",-7,-48.5
"57",-6,-49.5
"57",-6,-50.5
"57",-5,-51.5
"57",-4,-51.5
"57",-3,-52.5
"57",-2,-53.5
"57",-1,-54.5
"57",0,-55.5
"57",1,-56.5
"57",2,-56.5
"57",3,-56.5
"57",4,-56.5
"57",5,-56.5
"57",6,-57.5
"57",7,-57.5
"57",8,-58.5
"57",9,-59.5
"57",10,-59.5
"57",11,-60.5
"57",12,-60.5
"57",13,-60.5
"57",14,-61.5
"57",15,-62.5
"57",16,-62.5
"57",17,-62.5
"57",18,-63.5
"57",19,-64.5
"57",20,-65.5
"58",10,76.5
"58",9,76.5
"58",8,76.5
"58",7,76.5
"58",6,75.5
"58",5,75.5
"58",4,75.5
"58",4,74.5
"58",4,73.5
"58",3,72.5
"58",2,71.5
"58",1,70.5
"58",0,69.5
"58",-1,69.5
"58",-2,69.5
"58",-3,68.5
"58",-4,68.5
"58",-5,67.5
"58",-6,67.5
"58",-7,67.5
"58",-7,66.5
"58",-7,65.5
"58",-7,64.5
"58",-7,63.5
"58",-7,62.5
"58",-8,62.5
"58",-9,61.5
"58",-10,60.5
"58",-11,59.5
"58",-11,58.5
"58",-11,57.5
"58",-12,57.5
"58",-12,56.5
"58",-12,55.5
"58",-12,54.5
"58",-12,53.5
"58",-12,52.5
"58",-12,51.5
"58",-13,50.5
"58",-13,49.5
"58",-13,48.5
"58",-13,47.5
"58",-13,46.5
"58",-13,45.5
"58",-13,44.5
"58",-14,44.5
"58",-15,43.5
"58",-16,43.5
"58",-17,43.5
"58",-18,42.5
"58",-18,41.5
"58",-18,40.5
"58",-18,39.5
"58",-18,38.5
"58",-18,37.5
"58",-18,36.5
"58",-18,35.5
"58",-18,34.5
"58",-18,33.5
"58",-18,32.5
"58",-18,31.5
"58",-18,30.5
"58",-18,29.5
"58",-18,28.5
"58",-18,27.5
"58",-18,26.5
"58",-18,25.5
"58",-18,24.5
"58",-18,23.5
"58",-18,22.5
"58",-18,21.5
"58",-18,20.5
"58",-18,19.5
"58",-18,18.5
"58",-18,17.5
"58",-18,16.5
"58",-18,15.5
"58",-18,14.5
"58",-18,13.5
"58",-18,12.5
"58",-18,11.5
"58",-18,10.5
"58",-18,9.5
"58",-17,8.5
"58",-16,8.5
"58",-16,7.5
"58",-16,6.5
"58",-16,5.5
"58",-16,4.5
"58",-16,3.5
"58",-16,2.5
"58",-16,1.5
"58",-16,0.5
"58",-16,-0.5
"58",-16,-1.5
"58",-16,-2.5
"58",-16,-3.5
"58",-16,-4.5
"58",-16,-5.5
"58",-16,-6.5
"58",-16,-7.5
"58",-16,-8.5
"58",-16,-9.5
"58",-16,-10.5
"58",-16,-11.5
"58",-16,-12.5
"58",-16,-13.5
"58",-16,-14.5
"58",-16,-15.5
"58",-16,-16.5
"58",-16,-17.5
"58",-16,-18.5
"58",-16,-19.5
"58",-16,-20.5
"58",-16,-21.5
"58",-16,-22.5
"58",-16,-23.5
"58",-16,-24.5
"58",-16,-25.5
"58",-16,-26.5
"58",-15,-27.5
"58",-14,-27.5
"58",-13,-28.5
"58",-12,-28.5
"58",-12,-29.5
"58",-12,-30.5
"58",-12,-31.5
"58",-11,-32.5
"58",-11,-33.5
"58",-10,-34.5
"58",-9,-34.5
"58",-8,-35.5
"58",-7,-35.5
"58",-7,-36.5
"58",-7,-37.5
"58",-7,-38.5
"58",-7,-39.5
"58",-7,-40.5
"58",-7,-41.5
"58",-7,-42.5
"58",-7,-43.5
"58",-7,-44.5
"58",-7,-45.5
"58",-7,-46.5
"58",-6,-47.5
"58",-5,-48.5
"58",-4,-49.5
"58",-3,-49.5
"58",-2,-50.5
"58",-1,-51.5
"58",0,-52.5
"58",1,-53.5
"58",2,-53.5
"58",3,-53.5
"58",4,-53.5
"58",5,-53.5
"58",6,-54.5
"58",7,-54.5
"58",8,-55.5
"58",9,-56.5
"58",10,-56.5
"58",11,-56.5
"58",12,-57.5
"58",13,-57.5
"58",14,-58.5
"58",15,-59.5
"58",16,-60.5
"58",17,-60.5
"58",18,-61.5
"58",19,-62.5
"58",20,-63.5
"58",20,-64.5
"58",20,-65.5
"59",10,76.5
"59",9,76.5
"59",8,76.5
"59",7,76.5
"59",6,75.5
"59",5,75.5
"59",4,75.5
"59",3,75.5
"59",2,75.5
"59",1,75.5
"59",0,74.5
"59",-1,74.5
"59",-1,73.5
"59",-1,72.5
"59",-1,71.5
"59",-1,70.5
"59",-1,69.5
"59",-2,69.5
"59",-3,68.5
"59",-4,68.5
"59",-5,67.5
"59",-6,67.5
"59",-7,67.5
"59",-7,66.5
"59",-7,65.5
"59",-7,64.5
"59",-7,63.5
"59",-7,62.5
"59",-8,62.5
"59",-9,61.5
"59",-10,60.5
"59",-11,59.5
"59",-11,58.5
"59",-11,57.5
"59",-12,57.5
"59",-12,56.5
"59",-12,55.5
"59",-12,54.5
"59",-12,53.5
"59",-12,52.5
"59",-12,51.5
"59",-12,50.5
"59",-13,49.5
"59",-13,48.5
"59",-13,47.5
"59",-13,46.5
"59",-13,45.5
"59",-13,44.5
"59",-14,44.5
"59",-15,43.5
"59",-16,43.5
"59",-17,43.5
"59",-18,42.5
"59",-18,41.5
"59",-18,40.5
"59",-18,39.5
"59",-18,38.5
"59",-18,37.5
"59",-18,36.5
"59",-18,35.5
"59",-18,34.5
"59",-18,33.5
"59",-18,32.5
"59",-18,31.5
"59",-18,30.5
"59",-18,29.5
"59",-18,28.5
"59",-18,27.5
"59",-18,26.5
"59",-18,25.5
"59",-18,24.5
"59",-18,23.5
"59",-18,22.5
"59",-18,21.5
"59",-18,20.5
"59",-18,19.5
"59",-18,18.5
"59",-18,17.5
"59",-18,16.5
"59",-18,15.5
"59",-18,14.5
"59",-18,13.5
"59",-18,12.5
"59",-18,11.5
"59",-18,10.5
"59",-18,9.5
"59",-18,8.5
"59",-18,7.5
"59",-18,6.5
"59",-18,5.5
"59",-18,4.5
"59",-18,3.5
"59",-17,2.5
"59",-16,2.5
"59",-16,1.5
"59",-16,0.5
"59",-16,-0.5
"59",-16,-1.5
"59",-16,-2.5
"59",-16,-3.5
"59",-16,-4.5
"59",-16,-5.5
"59",-16,-6.5
"59",-16,-7.5
"59",-16,-8.5
"59",-16,-9.5
"59",-16,-10.5
"59",-16,-11.5
"59",-16,-12.5
"59",-16,-13.5
"59",-16,-14.5
"59",-16,-15.5
"59",-15,-16.5
"59",-14,-16.5
"59",-13,-16.5
"59",-12,-17.5
"59",-11,-17.5
"59",-11,-18.5
"59",-11,-19.5
"59",-11,-20.5
"59",-11,-21.5
"59",-11,-22.5
"59",-11,-23.5
"59",-10,-24.5
"59",-10,-25.5
"59",-10,-26.5
"59",-10,-27.5
"59",-10,-28.5
"59",-10,-29.5
"59",-9,-30.5
"59",-8,-31.5
"59",-8,-32.5
"59",-7,-33.5
"59",-7,-34.5
"59",-7,-35.5
"59",-7,-36.5
"59",-7,-37.5
"59",-7,-38.5
"59",-7,-39.5
"59",-7,-40.5
"59",-7,-41.5
"59",-7,-42.5
"59",-7,-43.5
"59",-7,-44.5
"59",-7,-45.5
"59",-7,-46.5
"59",-7,-47.5
"59",-6,-48.5
"59",-5,-48.5
"59",-4,-49.5
"59",-3,-49.5
"59",-2,-50.5
"59",-1,-51.5
"59",0,-52.5
"59",1,-53.5
"59",2,-53.5
"59",3,-53.5
"59",4,-53.5
"59",5,-53.5
"59",6,-54.5
"59",7,-54.5
"59",8,-55.5
"59",9,-56.5
"59",10,-56.5
"59",11,-56.5
"59",12,-57.5
"59",13,-57.5
"59",14,-58.5
"59",15,-59.5
"59",16,-60.5
"59",17,-60.5
"59",18,-61.5
"59",19,-62.5
"59",19,-63.5
"59",19,-64.5
"59",20,-65.5
"60",10,76.5
"60",9,76.5
"60",8,76.5
"60",7,75.5
"60",6,74.5
"60",5,73.5
"60",4,72.5
"60",3,71.5
"60",2,70.5
"60",1,69.5
"60",1,68.5
"60",1,67.5
"60",1,66.5
"60",0,65.5
"60",-1,64.5
"60",-2,63.5
"60",-3,62.5
"60",-4,61.5
"60",-5,60.5
"60",-6,59.5
"60",-7,58.5
"60",-8,57.5
"60",-9,56.5
"60",-10,55.5
"60",-11,54.5
"60",-12,53.5
"60",-13,52.5
"60",-14,51.5
"60",-14,50.5
"60",-14,49.5
"60",-14,48.5
"60",-14,47.5
"60",-14,46.5
"60",-14,45.5
"60",-14,44.5
"60",-14,43.5
"60",-14,42.5
"60",-14,41.5
"60",-14,40.5
"60",-14,39.5
"60",-14,38.5
"60",-14,37.5
"60",-14,36.5
"60",-14,35.5
"60",-14,34.5
"60",-14,33.5
"60",-14,32.5
"60",-14,31.5
"60",-14,30.5
"60",-14,29.5
"60",-15,28.5
"60",-16,27.5
"60",-16,26.5
"60",-17,25.5
"60",-18,24.5
"60",-18,23.5
"60",-18,22.5
"60",-18,21.5
"60",-18,20.5
"60",-18,19.5
"60",-18,18.5
"60",-18,17.5
"60",-18,16.5
"60",-18,15.5
"60",-18,14.5
"60",-18,13.5
"60",-18,12.5
"60",-18,11.5
"60",-18,10.5
"60",-18,9.5
"60",-18,8.5
"60",-18,7.5
"60",-18,6.5
"60",-18,5.5
"60",-18,4.5
"60",-18,3.5
"60",-18,2.5
"60",-18,1.5
"60",-18,0.5
"60",-18,-0.5
"60",-18,-1.5
"60",-17,-2.5
"60",-16,-3.5
"60",-15,-4.5
"60",-14,-5.5
"60",-13,-6.5
"60",-12,-7.5
"60",-12,-8.5
"60",-12,-9.5
"60",-12,-10.5
"60",-12,-11.5
"60",-12,-12.5
"60",-12,-13.5
"60",-12,-14.5
"60",-12,-15.5
"60",-12,-16.5
"60",-12,-17.5
"60",-12,-18.5
"60",-12,-19.5
"60",-12,-20.5
"60",-12,-21.5
"60",-12,-22.5
"60",-12,-23.5
"60",-12,-24.5
"60",-12,-25.5
"60",-12,-26.5
"60",-12,-27.5
"60",-12,-28.5
"60",-12,-29.5
"60",-12,-30.5
"60",-12,-31.5
"60",-12,-32.5
"60",-12,-33.5
"60",-11,-34.5
"60",-10,-35.5
"60",-9,-36.5
"60",-8,-37.5
"60",-7,-38.5
"60",-6,-39.5
"60",-5,-40.5
"60",-4,-41.5
"60",-3,-42.5
"60",-2,-43.5
"60",-1,-44.5
"60",0,-45.5
"60",1,-46.5
"60",2,-47.5
"60",3,-48.5
"60",4,-49.5
"60",5,-50.5
"60",6,-51.5
"60",7,-52.5
"60",8,-53.5
"60",9,-54.5
"60",10,-55.5
"60",11,-56.5
"60",12,-57.5
"60",13,-58.5
"60",14,-59.5
"60",15,-60.5
"60",16,-61.5
"60",17,-62.5
"60",18,-63.5
"60",19,-64.5
"60",20,-65.5
"61",10,76.5
"61",9,76.5
"61",8,76.5
"61",7,76.5
"61",6,76.5
"61",5,76.5
"61",4,76.5
"61",3,76.5
"61",2,76.5
"61",1,76.5
"61",0,76.5
"61",-1,76.5
"61",-1,75.5
"61",-1,74.5
"61",-1,73.5
"61",-1,72.5
"61",-1,71.5
"61",-1,70.5
"61",-2,69.5
"61",-3,68.5
"61",-4,68.5
"61",-5,67.5
"61",-6,67.5
"61",-7,67.5
"61",-7,66.5
"61",-7,65.5
"61",-7,64.5
"61",-7,63.5
"61",-7,62.5
"61",-8,61.5
"61",-9,60.5
"61",-10,59.5
"61",-11,58.5
"61",-12,57.5
"61",-13,56.5
"61",-13,55.5
"61",-13,54.5
"61",-14,53.5
"61",-15,52.5
"61",-16,51.5
"61",-17,50.5
"61",-18,49.5
"61",-18,48.5
"61",-18,47.5
"61",-18,46.5
"61",-18,45.5
"61",-18,44.5
"61",-18,43.5
"61",-18,42.5
"61",-18,41.5
"61",-18,40.5
"61",-18,39.5
"61",-18,38.5
"61",-18,37.5
"61",-18,36.5
"61",-18,35.5
"61",-18,34.5
"61",-18,33.5
"61",-18,32.5
"61",-18,31.5
"61",-18,30.5
"61",-18,29.5
"61",-18,28.5
"61",-18,27.5
"61",-18,26.5
"61",-18,25.5
"61",-18,24.5
"61",-18,23.5
"61",-18,22.5
"61",-18,21.5
"61",-18,20.5
"61",-18,19.5
"61",-18,18.5
"61",-18,17.5
"61",-18,16.5
"61",-18,15.5
"61",-18,14.5
"61",-18,13.5
"61",-18,12.5
"61",-18,11.5
"61",-18,10.5
"61",-18,9.5
"61",-18,8.5
"61",-18,7.5
"61",-18,6.5
"61",-18,5.5
"61",-18,4.5
"61",-18,3.5
"61",-18,2.5
"61",-18,1.5
"61",-18,0.5
"61",-18,-0.5
"61",-18,-1.5
"61",-18,-2.5
"61",-17,-3.5
"61",-16,-4.5
"61",-16,-5.5
"61",-16,-6.5
"61",-16,-7.5
"61",-16,-8.5
"61",-16,-9.5
"61",-16,-10.5
"61",-16,-11.5
"61",-16,-12.5
"61",-16,-13.5
"61",-16,-14.5
"61",-16,-15.5
"61",-16,-16.5
"61",-16,-17.5
"61",-16,-18.5
"61",-16,-19.5
"61",-16,-20.5
"61",-16,-21.5
"61",-16,-22.5
"61",-16,-23.5
"61",-16,-24.5
"61",-16,-25.5
"61",-16,-26.5
"61",-16,-27.5
"61",-16,-28.5
"61",-16,-29.5
"61",-16,-30.5
"61",-16,-31.5
"61",-16,-32.5
"61",-16,-33.5
"61",-16,-34.5
"61",-16,-35.5
"61",-15,-36.5
"61",-14,-37.5
"61",-13,-38.5
"61",-12,-39.5
"61",-11,-40.5
"61",-10,-41.5
"61",-9,-42.5
"61",-8,-43.5
"61",-7,-44.5
"61",-6,-45.5
"61",-5,-46.5
"61",-4,-47.5
"61",-3,-48.5
"61",-2,-49.5
"61",-1,-50.5
"61",0,-51.5
"61",1,-52.5
"61",2,-53.5
"61",3,-54.5
"61",4,-54.5
"61",5,-55.5
"61",6,-56.5
"61",7,-56.5
"61",8,-57.5
"61",9,-58.5
"61",10,-58.5
"61",11,-59.5
"61",12,-60.5
"61",13,-60.5
"61",14,-61.5
"61",15,-62.5
"61",16,-62.5
"61",17,-62.5
"61",18,-63.5
"61",19,-64.5
"61",20,-65.5
"62",10,76.5
"62",9,76.5
"62",8,76.5
"62",7,76.5
"62",6,76.5
"62",5,76.5
"62",4,76.5
"62",3,76.5
"62",2,76.5
"62",1,76.5
"62",0,76.5
"62",-1,76.5
"62",-1,75.5
"62",-1,74.5
"62",-1,73.5
"62",-1,72.5
"62",-1,71.5
"62",-1,70.5
"62",-1,69.5
"62",-2,69.5
"62",-3,68.5
"62",-4,68.5
"62",-5,67.5
"62",-6,67.5
"62",-7,67.5
"62",-7,66.5
"62",-7,65.5
"62",-7,64.5
"62",-7,63.5
"62",-7,62.5
"62",-8,62.5
"62",-9,61.5
"62",-10,60.5
"62",-11,59.5
"62",-11,58.5
"62",-11,57.5
"62",-12,57.5
"62",-12,56.5
"62",-12,55.5
"62",-12,54.5
"62",-12,53.5
"62",-12,52.5
"62",-12,51.5
"62",-12,50.5
"62",-13,49.5
"62",-13,48.5
"62",-13,47.5
"62",-13,46.5
"62",-13,45.5
"62",-13,44.5
"62",-14,44.5
"62",-15,43.5
"62",-16,43.5
"62",-17,43.5
"62",-18,42.5
"62",-18,41.5
"62",-18,40.5
"62",-18,39.5
"62",-18,38.5
"62",-18,37.5
"62",-18,36.5
"62",-18,35.5
"62",-18,34.5
"62",-18,33.5
"62",-18,32.5
"62",-18,31.5
"62",-18,30.5
"62",-18,29.5
"62",-18,28.5
"62",-18,27.5
"62",-18,26.5
"62",-18,25.5
"62",-18,24.5
"62",-18,23.5
"62",-18,22.5
"62",-18,21.5
"62",-18,20.5
"62",-18,19.5
"62",-18,18.5
"62",-18,17.5
"62",-18,16.5
"62",-18,15.5
"62",-18,14.5
"62",-18,13.5
"62",-18,12.5
"62",-18,11.5
"62",-18,10.5
"62",-18,9.5
"62",-18,8.5
"62",-18,7.5
"62",-18,6.5
"62",-18,5.5
"62",-18,4.5
"62",-18,3.5
"62",-17,2.5
"62",-16,2.5
"62",-16,1.5
"62",-16,0.5
"62",-16,-0.5
"62",-16,-1.5
"62",-16,-2.5
"62",-16,-3.5
"62",-16,-4.5
"62",-16,-5.5
"62",-16,-6.5
"62",-16,-7.5
"62",-16,-8.5
"62",-16,-9.5
"62",-16,-10.5
"62",-16,-11.5
"62",-16,-12.5
"62",-16,-13.5
"62",-16,-14.5
"62",-16,-15.5
"62",-15,-16.5
"62",-14,-16.5
"62",-13,-16.5
"62",-12,-17.5
"62",-11,-18.5
"62",-11,-19.5
"62",-11,-20.5
"62",-11,-21.5
"62",-11,-22.5
"62",-11,-23.5
"62",-10,-24.5
"62",-10,-25.5
"62",-10,-26.5
"62",-10,-27.5
"62",-10,-28.5
"62",-10,-29.5
"62",-9,-30.5
"62",-8,-31.5
"62",-8,-32.5
"62",-7,-33.5
"62",-7,-34.5
"62",-7,-35.5
"62",-7,-36.5
"62",-7,-37.5
"62",-7,-38.5
"62",-7,-39.5
"62",-7,-40.5
"62",-7,-41.5
"62",-7,-42.5
"62",-7,-43.5
"62",-7,-44.5
"62",-7,-45.5
"62",-7,-46.5
"62",-6,-47.5
"62",-5,-48.5
"62",-4,-49.5
"62",-3,-49.5
"62",-2,-50.5
"62",-1,-51.5
"62",0,-52.5
"62",1,-53.5
"62",2,-53.5
"62",3,-53.5
"62",4,-53.5
"62",5,-53.5
"62",6,-54.5
"62",7,-54.5
"62",8,-55.5
"62",9,-56.5
"62",10,-56.5
"62",11,-56.5
"62",12,-57.5
"62",13,-57.5
"62",14,-58.5
"62",15,-59.5
"62",16,-60.5
"62",17,-60.5
"62",18,-61.5
"62",19,-62.5
"62",19,-63.5
"62",19,-64.5
"62",20,-65.5
"63",10,76.5
"63",9,76.5
"63",8,76.5
"63",7,76.5
"63",6,76.5
"63",5,76.5
"63",4,76.5
"63",3,76.5
"63",2,76.5
"63",1,76.5
"63",0,76.5
"63",-1,76.5
"63",-2,76.5
"63",-3,76.5
"63",-4,76.5
"63",-5,76.5
"63",-6,76.5
"63",-7,76.5
"63",-8,76.5
"63",-9,76.5
"63",-9,75.5
"63",-9,74.5
"63",-9,73.5
"63",-9,72.5
"63",-9,71.5
"63",-9,70.5
"63",-10,69.5
"63",-11,68.5
"63",-12,67.5
"63",-13,66.5
"63",-13,65.5
"63",-13,64.5
"63",-13,63.5
"63",-13,62.5
"63",-13,61.5
"63",-13,60.5
"63",-14,59.5
"63",-15,58.5
"63",-16,57.5
"63",-16,56.5
"63",-16,55.5
"63",-16,54.5
"63",-16,53.5
"63",-16,52.5
"63",-16,51.5
"63",-16,50.5
"63",-16,49.5
"63",-16,48.5
"63",-16,47.5
"63",-16,46.5
"63",-16,45.5
"63",-16,44.5
"63",-16,43.5
"63",-16,42.5
"63",-16,41.5
"63",-16,40.5
"63",-16,39.5
"63",-16,38.5
"63",-16,37.5
"63",-16,36.5
"63",-16,35.5
"63",-16,34.5
"63",-16,33.5
"63",-16,32.5
"63",-16,31.5
"63",-16,30.5
"63",-16,29.5
"63",-16,28.5
"63",-16,27.5
"63",-16,26.5
"63",-17,25.5
"63",-18,24.5
"63",-18,23.5
"63",-18,22.5
"63",-18,21.5
"63",-18,20.5
"63",-18,19.5
"63",-18,18.5
"63",-18,17.5
"63",-18,16.5
"63",-18,15.5
"63",-18,14.5
"63",-18,13.5
"63",-18,12.5
"63",-18,11.5
"63",-18,10.5
"63",-18,9.5
"63",-18,8.5
"63",-18,7.5
"63",-18,6.5
"63",-18,5.5
"63",-18,4.5
"63",-18,3.5
"63",-18,2.5
"63",-18,1.5
"63",-18,0.5
"63",-18,-0.5
"63",-18,-1.5
"63",-17,-2.5
"63",-16,-3.5
"63",-15,-4.5
"63",-14,-5.5
"63",-14,-6.5
"63",-14,-7.5
"63",-14,-8.5
"63",-14,-9.5
"63",-14,-10.5
"63",-14,-11.5
"63",-14,-12.5
"63",-14,-13.5
"63",-14,-14.5
"63",-14,-15.5
"63",-14,-16.5
"63",-14,-17.5
"63",-14,-18.5
"63",-14,-19.5
"63",-14,-20.5
"63",-14,-21.5
"63",-14,-22.5
"63",-14,-23.5
"63",-14,-24.5
"63",-14,-25.5
"63",-14,-26.5
"63",-14,-27.5
"63",-14,-28.5
"63",-14,-29.5
"63",-14,-30.5
"63",-14,-31.5
"63",-13,-32.5
"63",-12,-33.5
"63",-11,-34.5
"63",-10,-35.5
"63",-9,-36.5
"63",-8,-37.5
"63",-7,-38.5
"63",-6,-39.5
"63",-5,-40.5
"63",-4,-41.5
"63",-3,-42.5
"63",-2,-43.5
"63",-1,-44.5
"63",0,-45.5
"63",1,-46.5
"63",2,-47.5
"63",3,-48.5
"63",4,-49.5
"63",5,-50.5
"63",6,-51.5
"63",7,-52.5
"63",8,-53.5
"63",9,-54.5
"63",10,-55.5
"63",11,-56.5
"63",12,-57.5
"63",13,-58.5
"63",14,-59.5
"63",15,-60.5
"63",16,-61.5
"63",17,-62.5
"63",18,-63.5
"63",19,-64.5
"63",20,-65.5
"64",10,76.5
"64",9,76.5
"64",8,76.5
"64",7,76.5
"64",6,76.5
"64",5,76.5
"64",4,76.5
"64",3,76.5
"64",2,76.5
"64",1,76.5
"64",0,76.5
"64",-1,76.5
"64",-2,76.5
"64",-3,76.5
"64",-4,76.5
"64",-5,76.5
"64",-6,76.5
"64",-7,76.5
"64",-8,76.5
"64",-9,76.5
"64",-10,76.5
"64",-11,76.5
"64",-11,75.5
"64",-11,74.5
"64",-11,73.5
"64",-11,72.5
"64",-11,71.5
"64",-11,70.5
"64",-11,69.5
"64",-11,68.5
"64",-11,67.5
"64",-11,66.5
"64",-11,65.5
"64",-11,64.5
"64",-11,63.5
"64",-11,62.5
"64",-11,61.5
"64",-11,60.5
"64",-12,59.5
"64",-13,58.5
"64",-14,57.5
"64",-15,56.5
"64",-15,55.5
"64",-15,54.5
"64",-15,53.5
"64",-16,52.5
"64",-17,51.5
"64",-18,50.5
"64",-18,49.5
"64",-18,48.5
"64",-18,47.5
"64",-18,46.5
"64",-18,45.5
"64",-18,44.5
"64",-18,43.5
"64",-18,42.5
"64",-18,41.5
"64",-18,40.5
"64",-18,39.5
"64",-18,38.5
"64",-18,37.5
"64",-18,36.5
"64",-18,35.5
"64",-18,34.5
"64",-18,33.5
"64",-18,32.5
"64",-18,31.5
"64",-18,30.5
"64",-18,29.5
"64",-18,28.5
"64",-18,27.5
"64",-18,26.5
"64",-18,25.5
"64",-18,24.5
"64",-18,23.5
"64",-18,22.5
"64",-18,21.5
"64",-18,20.5
"64",-18,19.5
"64",-18,18.5
"64",-18,17.5
"64",-18,16.5
"64",-18,15.5
"64",-18,14.5
"64",-18,13.5
"64",-18,12.5
"64",-18,11.5
"64",-18,10.5
"64",-18,9.5
"64",-18,8.5
"64",-18,7.5
"64",-18,6.5
"64",-18,5.5
"64",-18,4.5
"64",-18,3.5
"64",-18,2.5
"64",-18,1.5
"64",-18,0.5
"64",-18,-0.5
"64",-18,-1.5
"64",-17,-2.5
"64",-16,-3.5
"64",-16,-4.5
"64",-16,-5.5
"64",-16,-6.5
"64",-16,-7.5
"64",-16,-8.5
"64",-16,-9.5
"64",-16,-10.5
"64",-16,-11.5
"64",-16,-12.5
"64",-16,-13.5
"64",-16,-14.5
"64",-16,-15.5
"64",-16,-16.5
"64",-16,-17.5
"64",-16,-18.5
"64",-16,-19.5
"64",-16,-20.5
"64",-16,-21.5
"64",-16,-22.5
"64",-16,-23.5
"64",-16,-24.5
"64",-16,-25.5
"64",-16,-26.5
"64",-16,-27.5
"64",-16,-28.5
"64",-16,-29.5
"64",-16,-30.5
"64",-16,-31.5
"64",-16,-32.5
"64",-16,-33.5
"64",-16,-34.5
"64",-16,-35.5
"64",-15,-36.5
"64",-14,-37.5
"64",-13,-38.5
"64",-12,-39.5
"64",-11,-40.5
"64",-10,-41.5
"64",-9,-42.5
"64",-8,-43.5
"64",-7,-44.5
"64",-6,-45.5
"64",-5,-46.5
"64",-4,-47.5
"64",-3,-48.5
"64",-2,-49.5
"64",-1,-50.5
"64",0,-51.5
"64",1,-52.5
"64",2,-53.5
"64",3,-54.5
"64",4,-54.5
"64",5,-55.5
"64",6,-56.5
"64",7,-56.5
"64",8,-57.5
"64",9,-58.5
"64",10,-58.5
"64",11,-59.5
"64",12,-60.5
"64",13,-60.5
"64",14,-61.5
"64",15,-62.5
"64",16,-62.5
"64",17,-62.5
"64",18,-63.5
"64",19,-64.5
"64",20,-65.5
"65",10,76.5
"65",9,76.5
"65",8,76.5
"65",7,76.5
"65",6,76.5
"65",5,76.5
"65",4,76.5
"65",3,76.5
"65",2,76.5
"65",1,76.5
"65",0,76.5
"65",-1,76.5
"65",-2,76.5
"65",-3,76.5
"65",-4,76.5
"65",-5,76.5
"65",-6,76.5
"65",-7,76.5
"65",-8,76.5
"65",-9,76.5
"65",-10,76.5
"65",-11,76.5
"65",-11,75.5
"65",-11,74.5
"65",-11,73.5
"65",-11,72.5
"65",-11,71.5
"65",-11,70.5
"65",-11,69.5
"65",-11,68.5
"65",-11,67.5
"65",-11,66.5
"65",-11,65.5
"65",-11,64.5
"65",-11,63.5
"65",-11,62.5
"65",-11,61.5
"65",-11,60.5
"65",-11,59.5
"65",-11,58.5
"65",-11,57.5
"65",-12,57.5
"65",-13,56.5
"65",-13,55.5
"65",-13,54.5
"65",-13,53.5
"65",-13,52.5
"65",-13,51.5
"65",-13,50.5
"65",-13,49.5
"65",-13,48.5
"65",-13,47.5
"65",-13,46.5
"65",-13,45.5
"65",-13,44.5
"65",-14,44.5
"65",-15,43.5
"65",-16,43.5
"65",-17,43.5
"65",-18,42.5
"65",-18,41.5
"65",-18,40.5
"65",-18,39.5
"65",-18,38.5
"65",-18,37.5
"65",-18,36.5
"65",-18,35.5
"65",-18,34.5
"65",-18,33.5
"65",-18,32.5
"65",-18,31.5
"65",-18,30.5
"65",-18,29.5
"65",-18,28.5
"65",-18,27.5
"65",-18,26.5
"65",-18,25.5
"65",-18,24.5
"65",-18,23.5
"65",-18,22.5
"65",-18,21.5
"65",-18,20.5
"65",-18,19.5
"65",-18,18.5
"65",-18,17.5
"65",-18,16.5
"65",-18,15.5
"65",-18,14.5
"65",-18,13.5
"65",-18,12.5
"65",-18,11.5
"65",-18,10.5
"65",-18,9.5
"65",-18,8.5
"65",-17,7.5
"65",-16,6.5
"65",-16,5.5
"65",-16,4.5
"65",-16,3.5
"65",-16,2.5
"65",-16,1.5
"65",-16,0.5
"65",-16,-0.5
"65",-16,-1.5
"65",-16,-2.5
"65",-16,-3.5
"65",-16,-4.5
"65",-16,-5.5
"65",-16,-6.5
"65",-16,-7.5
"65",-16,-8.5
"65",-16,-9.5
"65",-16,-10.5
"65",-16,-11.5
"65",-16,-12.5
"65",-16,-13.5
"65",-16,-14.5
"65",-16,-15.5
"65",-16,-16.5
"65",-16,-17.5
"65",-16,-18.5
"65",-16,-19.5
"65",-16,-20.5
"65",-16,-21.5
"65",-16,-22.5
"65",-16,-23.5
"65",-16,-24.5
"65",-16,-25.5
"65",-16,-26.5
"65",-16,-27.5
"65",-16,-28.5
"65",-16,-29.5
"65",-16,-30.5
"65",-16,-31.5
"65",-16,-32.5
"65",-16,-33.5
"65",-16,-34.5
"65",-16,-35.5
"65",-16,-36.5
"65",-16,-37.5
"65",-16,-38.5
"65",-16,-39.5
"65",-16,-40.5
"65",-16,-41.5
"65",-15,-42.5
"65",-14,-42.5
"65",-13,-43.5
"65",-12,-44.5
"65",-11,-45.5
"65",-10,-46.5
"65",-9,-47.5
"65",-8,-48.5
"65",-7,-48.5
"65",-6,-49.5
"65",-6,-50.5
"65",-5,-51.5
"65",-4,-51.5
"65",-3,-52.5
"65",-2,-53.5
"65",-1,-54.5
"65",0,-55.5
"65",1,-56.5
"65",2,-56.5
"65",3,-56.5
"65",4,-56.5
"65",5,-56.5
"65",6,-57.5
"65",7,-57.5
"65",8,-58.5
"65",9,-59.5
"65",10,-59.5
"65",11,-60.5
"65",12,-60.5
"65",13,-60.5
"65",14,-61.5
"65",15,-62.5
"65",16,-62.5
"65",17,-62.5
"65",18,-63.5
"65",19,-64.5
"65",20,-65.5
"66",10,76.5
"66",9,76.5
"66",8,76.5
"66",7,76.5
"66",6,76.5
"66",5,76.5
"66",4,76.5
"66",3,76.5
"66",2,76.5
"66",1,76.5
"66",0,76.5
"66",-1,76.5
"66",-2,76.5
"66",-3,76.5
"66",-4,76.5
"66",-5,76.5
"66",-6,76.5
"66",-7,76.5
"66",-8,76.5
"66",-9,76.5
"66",-10,76.5
"66",-11,76.5
"66",-12,76.5
"66",-13,76.5
"66",-13,75.5
"66",-13,74.5
"66",-13,73.5
"66",-13,72.5
"66",-13,71.5
"66",-13,70.5
"66",-13,69.5
"66",-13,68.5
"66",-13,67.5
"66",-13,66.5
"66",-13,65.5
"66",-13,64.5
"66",-13,63.5
"66",-13,62.5
"66",-13,61.5
"66",-14,60.5
"66",-15,59.5
"66",-16,58.5
"66",-16,57.5
"66",-16,56.5
"66",-16,55.5
"66",-16,54.5
"66",-16,53.5
"66",-16,52.5
"66",-16,51.5
"66",-16,50.5
"66",-16,49.5
"66",-16,48.5
"66",-16,47.5
"66",-16,46.5
"66",-16,45.5
"66",-16,44.5
"66",-16,43.5
"66",-16,42.5
"66",-16,41.5
"66",-16,40.5
"66",-16,39.5
"66",-16,38.5
"66",-16,37.5
"66",-16,36.5
"66",-16,35.5
"66",-16,34.5
"66",-16,33.5
"66",-16,32.5
"66",-16,31.5
"66",-16,30.5
"66",-16,29.5
"66",-16,28.5
"66",-16,27.5
"66",-16,26.5
"66",-17,25.5
"66",-18,24.5
"66",-18,23.5
"66",-18,22.5
"66",-18,21.5
"66",-18,20.5
"66",-18,19.5
"66",-18,18.5
"66",-18,17.5
"66",-18,16.5
"66",-18,15.5
"66",-18,14.5
"66",-18,13.5
"66",-18,12.5
"66",-18,11.5
"66",-18,10.5
"66",-18,9.5
"66",-18,8.5
"66",-18,7.5
"66",-18,6.5
"66",-18,5.5
"66",-18,4.5
"66",-18,3.5
"66",-18,2.5
"66",-18,1.5
"66",-18,0.5
"66",-18,-0.5
"66",-18,-1.5
"66",-18,-2.5
"66",-18,-3.5
"66",-18,-4.5
"66",-18,-5.5
"66",-18,-6.5
"66",-18,-7.5
"66",-18,-8.5
"66",-18,-9.5
"66",-18,-10.5
"66",-18,-11.5
"66",-18,-12.5
"66",-18,-13.5
"66",-18,-14.5
"66",-18,-15.5
"66",-18,-16.5
"66",-18,-17.5
"66",-18,-18.5
"66",-18,-19.5
"66",-18,-20.5
"66",-18,-21.5
"66",-18,-22.5
"66",-18,-23.5
"66",-18,-24.5
"66",-18,-25.5
"66",-18,-26.5
"66",-18,-27.5
"66",-18,-28.5
"66",-18,-29.5
"66",-18,-30.5
"66",-17,-31.5
"66",-16,-32.5
"66",-15,-33.5
"66",-14,-34.5
"66",-13,-35.5
"66",-12,-36.5
"66",-11,-37.5
"66",-10,-38.5
"66",-9,-39.5
"66",-8,-40.5
"66",-7,-41.5
"66",-6,-42.5
"66",-5,-43.5
"66",-4,-44.5
"66",-3,-45.5
"66",-2,-46.5
"66",-1,-47.5
"66",0,-48.5
"66",1,-49.5
"66",2,-50.5
"66",3,-51.5
"66",4,-52.5
"66",5,-53.5
"66",6,-54.5
"66",7,-55.5
"66",8,-56.5
"66",9,-57.5
"66",10,-58.5
"66",11,-59.5
"66",12,-60.5
"66",13,-61.5
"66",14,-62.5
"66",15,-63.5
"66",16,-64.5
"66",17,-64.5
"66",18,-64.5
"66",19,-64.5
"66",20,-65.5
"67",10,76.5
"67",9,76.5
"67",8,76.5
"67",7,76.5
"67",6,76.5
"67",5,76.5
"67",4,76.5
"67",3,76.5
"67",2,76.5
"67",1,76.5
"67",0,76.5
"67",-1,76.5
"67",-2,76.5
"67",-3,76.5
"67",-4,76.5
"67",-5,76.5
"67",-6,76.5
"67",-7,76.5
"67",-8,76.5
"67",-9,76.5
"67",-10,76.5
"67",-11,76.5
"67",-11,75.5
"67",-11,74.5
"67",-11,73.5
"67",-11,72.5
"67",-11,71.5
"67",-11,70.5
"67",-11,69.5
"67",-11,68.5
"67",-11,67.5
"67",-11,66.5
"67",-11,65.5
"67",-11,64.5
"67",-11,63.5
"67",-12,63.5
"67",-13,62.5
"67",-14,62.5
"67",-15,61.5
"67",-15,60.5
"67",-15,59.5
"67",-15,58.5
"67",-15,57.5
"67",-15,56.5
"67",-15,55.5
"67",-15,54.5
"67",-15,53.5
"67",-15,52.5
"67",-16,51.5
"67",-17,51.5
"67",-18,50.5
"67",-18,49.5
"67",-18,48.5
"67",-18,47.5
"67",-18,46.5
"67",-18,45.5
"67",-18,44.5
"67",-18,43.5
"67",-18,42.5
"67",-18,41.5
"67",-18,40.5
"67",-18,39.5
"67",-18,38.5
"67",-18,37.5
"67",-18,36.5
"67",-18,35.5
"67",-18,34.5
"67",-18,33.5
"67",-18,32.5
"67",-18,31.5
"67",-18,30.5
"67",-18,29.5
"67",-18,28.5
"67",-18,27.5
"67",-18,26.5
"67",-18,25.5
"67",-18,24.5
"67",-18,23.5
"67",-18,22.5
"67",-18,21.5
"67",-18,20.5
"67",-18,19.5
"67",-18,18.5
"67",-18,17.5
"67",-18,16.5
"67",-18,15.5
"67",-18,14.5
"67",-18,13.5
"67",-18,12.5
"67",-18,11.5
"67",-18,10.5
"67",-18,9.5
"67",-18,8.5
"67",-17,7.5
"67",-16,6.5
"67",-16,5.5
"67",-16,4.5
"67",-16,3.5
"67",-16,2.5
"67",-16,1.5
"67",-16,0.5
"67",-16,-0.5
"67",-16,-1.5
"67",-16,-2.5
"67",-16,-3.5
"67",-16,-4.5
"67",-16,-5.5
"67",-16,-6.5
"67",-16,-7.5
"67",-16,-8.5
"67",-16,-9.5
"67",-16,-10.5
"67",-16,-11.5
"67",-16,-12.5
"67",-16,-13.5
"67",-16,-14.5
"67",-16,-15.5
"67",-16,-16.5
"67",-16,-17.5
"67",-16,-18.5
"67",-16,-19.5
"67",-16,-20.5
"67",-16,-21.5
"67",-16,-22.5
"67",-16,-23.5
"67",-16,-24.5
"67",-16,-25.5
"67",-16,-26.5
"67",-16,-27.5
"67",-16,-28.5
"67",-16,-29.5
"67",-16,-30.5
"67",-16,-31.5
"67",-16,-32.5
"67",-16,-33.5
"67",-16,-34.5
"67",-16,-35.5
"67",-15,-36.5
"67",-14,-37.5
"67",-13,-38.5
"67",-12,-39.5
"67",-11,-40.5
"67",-10,-41.5
"67",-9,-42.5
"67",-8,-43.5
"67",-7,-44.5
"67",-6,-45.5
"67",-5,-46.5
"67",-4,-47.5
"67",-3,-48.5
"67",-2,-49.5
"67",-1,-50.5
"67",0,-51.5
"67",1,-52.5
"67",2,-53.5
"67",3,-54.5
"67",4,-54.5
"67",5,-55.5
"67",6,-56.5
"67",7,-56.5
"67",8,-57.5
"67",9,-58.5
"67",10,-58.5
"67",11,-59.5
"67",12,-60.5
"67",13,-60.5
"67",14,-61.5
"67",15,-62.5
"67",16,-62.5
"67",17,-62.5
"67",18,-63.5
"67",19,-64.5
"67",20,-65.5
"68",10,76.5
"68",9,76.5
"68",8,76.5
"68",7,76.5
"68",6,76.5
"68",5,76.5
"68",4,76.5
"68",3,76.5
"68",2,76.5
"68",1,76.5
"68",0,76.5
"68",-1,76.5
"68",-2,76.5
"68",-3,76.5
"68",-4,76.5
"68",-5,76.5
"68",-6,76.5
"68",-7,76.5
"68",-8,76.5
"68",-9,76.5
"68",-10,76.5
"68",-11,76.5
"68",-12,76.5
"68",-13,76.5
"68",-13,75.5
"68",-13,74.5
"68",-13,73.5
"68",-13,72.5
"68",-13,71.5
"68",-13,70.5
"68",-13,69.5
"68",-13,68.5
"68",-13,67.5
"68",-13,66.5
"68",-13,65.5
"68",-13,64.5
"68",-14,63.5
"68",-15,63.5
"68",-16,63.5
"68",-17,62.5
"68",-18,61.5
"68",-18,60.5
"68",-18,59.5
"68",-18,58.5
"68",-18,57.5
"68",-18,56.5
"68",-18,55.5
"68",-18,54.5
"68",-18,53.5
"68",-18,52.5
"68",-18,51.5
"68",-18,50.5
"68",-18,49.5
"68",-18,48.5
"68",-18,47.5
"68",-18,46.5
"68",-18,45.5
"68",-18,44.5
"68",-18,43.5
"68",-18,42.5
"68",-18,41.5
"68",-18,40.5
"68",-18,39.5
"68",-18,38.5
"68",-18,37.5
"68",-18,36.5
"68",-18,35.5
"68",-18,34.5
"68",-18,33.5
"68",-18,32.5
"68",-18,31.5
"68",-18,30.5
"68",-18,29.5
"68",-18,28.5
"68",-18,27.5
"68",-18,26.5
"68",-18,25.5
"68",-18,24.5
"68",-18,23.5
"68",-18,22.5
"68",-18,21.5
"68",-18,20.5
"68",-18,19.5
"68",-18,18.5
"68",-18,17.5
"68",-18,16.5
"68",-18,15.5
"68",-18,14.5
"68",-18,13.5
"68",-18,12.5
"68",-18,11.5
"68",-18,10.5
"68",-18,9.5
"68",-18,8.5
"68",-18,7.5
"68",-18,6.5
"68",-18,5.5
"68",-18,4.5
"68",-18,3.5
"68",-18,2.5
"68",-18,1.5
"68",-18,0.5
"68",-18,-0.5
"68",-18,-1.5
"68",-18,-2.5
"68",-18,-3.5
"68",-18,-4.5
"68",-18,-5.5
"68",-18,-6.5
"68",-18,-7.5
"68",-18,-8.5
"68",-18,-9.5
"68",-18,-10.5
"68",-18,-11.5
"68",-18,-12.5
"68",-18,-13.5
"68",-18,-14.5
"68",-18,-15.5
"68",-18,-16.5
"68",-18,-17.5
"68",-18,-18.5
"68",-18,-19.5
"68",-18,-20.5
"68",-18,-21.5
"68",-18,-22.5
"68",-18,-23.5
"68",-18,-24.5
"68",-18,-25.5
"68",-18,-26.5
"68",-18,-27.5
"68",-18,-28.5
"68",-18,-29.5
"68",-18,-30.5
"68",-17,-31.5
"68",-16,-32.5
"68",-15,-33.5
"68",-14,-34.5
"68",-13,-35.5
"68",-12,-36.5
"68",-11,-37.5
"68",-10,-38.5
"68",-9,-39.5
"68",-8,-40.5
"68",-7,-41.5
"68",-6,-42.5
"68",-5,-43.5
"68",-4,-44.5
"68",-3,-45.5
"68",-2,-46.5
"68",-1,-47.5
"68",0,-48.5
"68",1,-49.5
"68",2,-50.5
"68",3,-51.5
"68",4,-52.5
"68",5,-53.5
"68",6,-54.5
"68",7,-55.5
"68",8,-56.5
"68",9,-57.5
"68",10,-58.5
"68",11,-59.5
"68",12,-60.5
"68",13,-61.5
"68",14,-62.5
"68",15,-63.5
"68",16,-64.5
"68",17,-64.5
"68",18,-64.5
"68",19,-64.5
"68",20,-65.5
"69",10,76.5
"69",9,76.5
"69",8,76.5
"69",7,76.5
"69",6,75.5
"69",5,75.5
"69",4,75.5
"69",4,74.5
"69",4,73.5
"69",3,72.5
"69",2,71.5
"69",1,70.5
"69",0,69.5
"69",-1,69.5
"69",-2,69.5
"69",-3,68.5
"69",-4,68.5
"69",-5,67.5
"69",-6,67.5
"69",-7,67.5
"69",-7,66.5
"69",-7,65.5
"69",-7,64.5
"69",-7,63.5
"69",-7,62.5
"69",-8,61.5
"69",-9,60.5
"69",-10,59.5
"69",-11,58.5
"69",-12,57.5
"69",-13,56.5
"69",-13,55.5
"69",-13,54.5
"69",-13,53.5
"69",-13,52.5
"69",-13,51.5
"69",-13,50.5
"69",-13,49.5
"69",-13,48.5
"69",-13,47.5
"69",-13,46.5
"69",-13,45.5
"69",-14,45.5
"69",-15,44.5
"69",-16,44.5
"69",-17,44.5
"69",-18,43.5
"69",-18,42.5
"69",-18,41.5
"69",-18,40.5
"69",-18,39.5
"69",-18,38.5
"69",-18,37.5
"69",-18,36.5
"69",-18,35.5
"69",-18,34.5
"69",-18,33.5
"69",-18,32.5
"69",-18,31.5
"69",-18,30.5
"69",-18,29.5
"69",-18,28.5
"69",-18,27.5
"69",-18,26.5
"69",-18,25.5
"69",-18,24.5
"69",-18,23.5
"69",-18,22.5
"69",-18,21.5
"69",-18,20.5
"69",-18,19.5
"69",-18,18.5
"69",-18,17.5
"69",-18,16.5
"69",-18,15.5
"69",-18,14.5
"69",-18,13.5
"69",-18,12.5
"69",-18,11.5
"69",-18,10.5
"69",-18,9.5
"69",-18,8.5
"69",-18,7.5
"69",-18,6.5
"69",-18,5.5
"69",-18,4.5
"69",-18,3.5
"69",-18,2.5
"69",-18,1.5
"69",-18,0.5
"69",-18,-0.5
"69",-18,-1.5
"69",-18,-2.5
"69",-17,-3.5
"69",-16,-4.5
"69",-16,-5.5
"69",-16,-6.5
"69",-16,-7.5
"69",-16,-8.5
"69",-16,-9.5
"69",-16,-10.5
"69",-16,-11.5
"69",-16,-12.5
"69",-16,-13.5
"69",-16,-14.5
"69",-16,-15.5
"69",-16,-16.5
"69",-16,-17.5
"69",-16,-18.5
"69",-16,-19.5
"69",-16,-20.5
"69",-17,-20.5
"69",-17,-21.5
"69",-17,-22.5
"69",-18,-23.5
"69",-19,-23.5
"69",-20,-24.5
"69",-21,-25.5
"69",-22,-26.5
"69",-22,-27.5
"69",-22,-28.5
"69",-22,-29.5
"69",-22,-30.5
"69",-22,-31.5
"69",-22,-32.5
"69",-21,-33.5
"69",-21,-34.5
"69",-21,-35.5
"69",-21,-36.5
"69",-21,-37.5
"69",-21,-38.5
"69",-21,-39.5
"69",-21,-40.5
"69",-20,-41.5
"69",-19,-42.5
"69",-18,-42.5
"69",-18,-43.5
"69",-17,-44.5
"69",-16,-44.5
"69",-15,-45.5
"69",-14,-45.5
"69",-13,-46.5
"69",-12,-46.5
"69",-11,-46.5
"69",-10,-47.5
"69",-9,-47.5
"69",-8,-48.5
"69",-7,-48.5
"69",-6,-49.5
"69",-5,-50.5
"69",-4,-50.5
"69",-3,-51.5
"69",-2,-51.5
"69",-1,-52.5
"69",0,-53.5
"69",1,-54.5
"69",2,-54.5
"69",3,-54.5
"69",4,-54.5
"69",5,-54.5
"69",6,-55.5
"69",7,-55.5
"69",8,-56.5
"69",9,-56.5
"69",10,-56.5
"69",11,-56.5
"69",12,-57.5
"69",13,-57.5
"69",14,-58.5
"69",15,-59.5
"69",16,-60.5
"69",17,-60.5
"69",18,-61.5
"69",19,-62.5
"69",20,-63.5
"69",20,-64.5
"69",20,-65.5
"70",10,76.5
"70",9,76.5
"70",8,76.5
"70",7,76.5
"70",6,75.5
"70",5,75.5
"70",4,75.5
"70",4,74.5
"70",4,73.5
"70",3,72.5
"70",2,71.5
"70",1,70.5
"70",0,69.5
"70",-1,69.5
"70",-2,69.5
"70",-3,68.5
"70",-4,68.5
"70",-5,67.5
"70",-6,67.5
"70",-7,67.5
"70",-7,66.5
"70",-7,65.5
"70",-7,64.5
"70",-7,63.5
"70",-7,62.5
"70",-8,62.5
"70",-9,61.5
"70",-10,60.5
"70",-11,59.5
"70",-10,58.5
"70",-11,57.5
"70",-12,57.5
"70",-12,56.5
"70",-12,55.5
"70",-12,54.5
"70",-12,53.5
"70",-12,52.5
"70",-12,51.5
"70",-13,50.5
"70",-13,49.5
"70",-13,48.5
"70",-13,47.5
"70",-13,46.5
"70",-13,45.5
"70",-13,44.5
"70",-14,44.5
"70",-15,43.5
"70",-16,43.5
"70",-17,43.5
"70",-18,42.5
"70",-18,41.5
"70",-18,40.5
"70",-18,39.5
"70",-18,38.5
"70",-18,37.5
"70",-18,36.5
"70",-18,35.5
"70",-18,34.5
"70",-18,33.5
"70",-18,32.5
"70",-18,31.5
"70",-18,30.5
"70",-18,29.5
"70",-18,28.5
"70",-18,27.5
"70",-18,26.5
"70",-18,25.5
"70",-18,24.5
"70",-18,23.5
"70",-18,22.5
"70",-18,21.5
"70",-18,20.5
"70",-18,19.5
"70",-18,18.5
"70",-18,17.5
"70",-18,16.5
"70",-18,15.5
"70",-18,14.5
"70",-18,13.5
"70",-18,12.5
"70",-18,11.5
"70",-18,10.5
"70",-18,9.5
"70",-17,8.5
"70",-16,8.5
"70",-16,7.5
"70",-16,6.5
"70",-16,5.5
"70",-16,4.5
"70",-16,3.5
"70",-16,2.5
"70",-16,1.5
"70",-16,0.5
"70",-16,-0.5
"70",-16,-1.5
"70",-16,-2.5
"70",-16,-3.5
"70",-16,-4.5
"70",-16,-5.5
"70",-16,-6.5
"70",-16,-7.5
"70",-16,-8.5
"70",-16,-9.5
"70",-16,-10.5
"70",-16,-11.5
"70",-16,-12.5
"70",-16,-13.5
"70",-16,-14.5
"70",-16,-15.5
"70",-16,-16.5
"70",-16,-17.5
"70",-16,-18.5
"70",-16,-19.5
"70",-16,-20.5
"70",-16,-21.5
"70",-16,-22.5
"70",-16,-23.5
"70",-16,-24.5
"70",-16,-25.5
"70",-16,-26.5
"70",-16,-27.5
"70",-16,-28.5
"70",-16,-29.5
"70",-16,-30.5
"70",-15,-31.5
"70",-14,-31.5
"70",-13,-32.5
"70",-12,-32.5
"70",-11,-33.5
"70",-10,-34.5
"70",-9,-34.5
"70",-8,-35.5
"70",-7,-35.5
"70",-7,-36.5
"70",-6,-37.5
"70",-5,-38.5
"70",-4,-38.5
"70",-3,-39.5
"70",-2,-40.5
"70",-1,-40.5
"70",0,-41.5
"70",1,-41.5
"70",1,-42.5
"70",1,-43.5
"70",1,-44.5
"70",2,-45.5
"70",3,-46.5
"70",4,-46.5
"70",5,-47.5
"70",6,-47.5
"70",7,-47.5
"70",8,-48.5
"70",9,-49.5
"70",10,-49.5
"70",11,-49.5
"70",12,-50.5
"70",13,-50.5
"70",14,-51.5
"70",15,-52.5
"70",16,-53.5
"70",17,-54.5
"70",18,-55.5
"70",19,-56.5
"70",20,-57.5
"70",20,-58.5
"70",20,-59.5
"70",20,-60.5
"70",20,-61.5
"70",20,-62.5
"70",20,-63.5
"70",20,-64.5
"70",20,-65.5
"71",10,76.5
"71",9,76.5
"71",8,76.5
"71",7,76.5
"71",6,75.5
"71",5,75.5
"71",4,75.5
"71",4,74.5
"71",4,73.5
"71",3,72.5
"71",2,71.5
"71",1,70.5
"71",0,69.5
"71",-1,69.5
"71",-2,69.5
"71",-3,68.5
"71",-4,68.5
"71",-5,67.5
"71",-6,67.5
"71",-7,67.5
"71",-7,66.5
"71",-7,65.5
"71",-7,64.5
"71",-7,63.5
"71",-7,62.5
"71",-8,62.5
"71",-9,61.5
"71",-10,60.5
"71",-11,59.5
"71",-10,58.5
"71",-11,57.5
"71",-12,57.5
"71",-12,56.5
"71",-12,55.5
"71",-12,54.5
"71",-12,53.5
"71",-12,52.5
"71",-12,51.5
"71",-13,50.5
"71",-13,49.5
"71",-13,48.5
"71",-13,47.5
"71",-13,46.5
"71",-13,45.5
"71",-13,44.5
"71",-14,44.5
"71",-15,43.5
"71",-16,43.5
"71",-17,43.5
"71",-18,42.5
"71",-18,41.5
"71",-18,40.5
"71",-18,39.5
"71",-18,38.5
"71",-18,37.5
"71",-18,36.5
"71",-18,35.5
"71",-18,34.5
"71",-18,33.5
"71",-18,32.5
"71",-18,31.5
"71",-18,30.5
"71",-18,29.5
"71",-18,28.5
"71",-18,27.5
"71",-18,26.5
"71",-18,25.5
"71",-18,24.5
"71",-18,23.5
"71",-18,22.5
"71",-18,21.5
"71",-18,20.5
"71",-18,19.5
"71",-18,18.5
"71",-18,17.5
"71",-18,16.5
"71",-18,15.5
"71",-18,14.5
"71",-18,13.5
"71",-18,12.5
"71",-18,11.5
"71",-18,10.5
"71",-18,9.5
"71",-17,8.5
"71",-16,8.5
"71",-16,7.5
"71",-16,6.5
"71",-16,5.5
"71",-16,4.5
"71",-16,3.5
"71",-16,2.5
"71",-16,1.5
"71",-16,0.5
"71",-16,-0.5
"71",-16,-1.5
"71",-16,-2.5
"71",-16,-3.5
"71",-16,-4.5
"71",-16,-5.5
"71",-16,-6.5
"71",-16,-7.5
"71",-16,-8.5
"71",-16,-9.5
"71",-16,-10.5
"71",-16,-11.5
"71",-16,-12.5
"71",-16,-13.5
"71",-16,-14.5
"71",-16,-15.5
"71",-16,-16.5
"71",-16,-17.5
"71",-16,-18.5
"71",-16,-19.5
"71",-16,-20.5
"71",-16,-21.5
"71",-16,-22.5
"71",-16,-23.5
"71",-16,-24.5
"71",-16,-25.5
"71",-16,-26.5
"71",-16,-27.5
"71",-15,-28.5
"71",-14,-28.5
"71",-13,-28.5
"71",-12,-28.5
"71",-12,-29.5
"71",-12,-30.5
"71",-12,-31.5
"71",-11,-32.5
"71",-11,-33.5
"71",-10,-34.5
"71",-9,-34.5
"71",-8,-35.5
"71",-7,-35.5
"71",-7,-36.5
"71",-6,-37.5
"71",-5,-38.5
"71",-4,-38.5
"71",-3,-39.5
"71",-2,-40.5
"71",-1,-40.5
"71",0,-41.5
"71",1,-41.5
"71",1,-42.5
"71",1,-43.5
"71",1,-44.5
"71",2,-45.5
"71",3,-46.5
"71",4,-46.5
"71",5,-47.5
"71",6,-47.5
"71",7,-47.5
"71",8,-48.5
"71",9,-49.5
"71",10,-49.5
"71",11,-49.5
"71",12,-50.5
"71",13,-50.5
"71",14,-51.5
"71",15,-52.5
"71",16,-53.5
"71",17,-54.5
"71",18,-55.5
"71",19,-56.5
"71",20,-57.5
"71",20,-58.5
"71",20,-59.5
"71",20,-60.5
"71",20,-61.5
"71",20,-62.5
"71",20,-63.5
"71",20,-64.5
"71",20,-65.5
"72",10,76.5
"72",9,76.5
"72",8,75.5
"72",7,75.5
"72",6,74.5
"72",5,74.5
"72",4,74.5
"72",4,73.5
"72",3,72.5
"72",2,71.5
"72",1,70.5
"72",0,69.5
"72",-1,69.5
"72",-2,69.5
"72",-3,68.5
"72",-4,68.5
"72",-5,67.5
"72",-6,67.5
"72",-7,67.5
"72",-7,66.5
"72",-7,65.5
"72",-7,64.5
"72",-7,63.5
"72",-7,62.5
"72",-8,61.5
"72",-9,60.5
"72",-10,59.5
"72",-11,58.5
"72",-12,57.5
"72",-13,56.5
"72",-13,55.5
"72",-13,54.5
"72",-13,53.5
"72",-13,52.5
"72",-13,51.5
"72",-13,50.5
"72",-13,49.5
"72",-13,48.5
"72",-13,47.5
"72",-13,46.5
"72",-13,45.5
"72",-12,44.5
"72",-11,44.5
"72",-11,43.5
"72",-11,42.5
"72",-11,41.5
"72",-11,40.5
"72",-11,39.5
"72",-11,38.5
"72",-11,37.5
"72",-11,36.5
"72",-11,35.5
"72",-11,34.5
"72",-11,33.5
"72",-11,32.5
"72",-12,31.5
"72",-13,30.5
"72",-14,29.5
"72",-14,28.5
"72",-15,27.5
"72",-16,26.5
"72",-17,25.5
"72",-18,24.5
"72",-18,23.5
"72",-18,22.5
"72",-18,21.5
"72",-18,20.5
"72",-18,19.5
"72",-18,18.5
"72",-18,17.5
"72",-18,16.5
"72",-18,15.5
"72",-18,14.5
"72",-18,13.5
"72",-18,12.5
"72",-18,11.5
"72",-18,10.5
"72",-18,9.5
"72",-18,8.5
"72",-18,7.5
"72",-18,6.5
"72",-18,5.5
"72",-18,4.5
"72",-18,3.5
"72",-18,2.5
"72",-18,1.5
"72",-18,0.5
"72",-18,-0.5
"72",-18,-1.5
"72",-18,-2.5
"72",-17,-3.5
"72",-16,-4.5
"72",-16,-5.5
"72",-16,-6.5
"72",-16,-7.5
"72",-16,-8.5
"72",-16,-9.5
"72",-16,-10.5
"72",-16,-11.5
"72",-16,-12.5
"72",-16,-13.5
"72",-16,-14.5
"72",-16,-15.5
"72",-16,-16.5
"72",-16,-17.5
"72",-16,-18.5
"72",-16,-19.5
"72",-16,-20.5
"72",-16,-21.5
"72",-16,-22.5
"72",-16,-23.5
"72",-16,-24.5
"72",-16,-25.5
"72",-16,-26.5
"72",-16,-27.5
"72",-16,-28.5
"72",-16,-29.5
"72",-16,-30.5
"72",-16,-31.5
"72",-16,-32.5
"72",-16,-33.5
"72",-16,-34.5
"72",-16,-35.5
"72",-16,-36.5
"72",-16,-37.5
"72",-16,-38.5
"72",-16,-39.5
"72",-16,-40.5
"72",-16,-41.5
"72",-15,-42.5
"72",-14,-42.5
"72",-13,-43.5
"72",-12,-44.5
"72",-11,-45.5
"72",-10,-46.5
"72",-9,-47.5
"72",-8,-48.5
"72",-7,-49.5
"72",-6,-50.5
"72",-5,-51.5
"72",-4,-51.5
"72",-3,-52.5
"72",-2,-53.5
"72",-1,-54.5
"72",0,-55.5
"72",1,-56.5
"72",2,-56.5
"72",3,-56.5
"72",4,-56.5
"72",5,-56.5
"72",6,-57.5
"72",7,-57.5
"72",8,-58.5
"72",9,-59.5
"72",10,-59.5
"72",11,-60.5
"72",12,-60.5
"72",13,-60.5
"72",14,-61.5
"72",15,-62.5
"72",16,-62.5
"72",17,-62.5
"72",18,-63.5
"72",19,-64.5
"72",20,-65.5
"73",10,76.5
"73",9,76.5
"73",8,76.5
"73",7,76.5
"73",6,75.5
"73",5,75.5
"73",4,75.5
"73",4,74.5
"73",4,73.5
"73",3,72.5
"73",2,71.5
"73",1,70.5
"73",0,69.5
"73",-1,69.5
"73",-2,69.5
"73",-3,68.5
"73",-4,68.5
"73",-5,67.5
"73",-6,67.5
"73",-7,67.5
"73",-7,66.5
"73",-7,65.5
"73",-7,64.5
"73",-7,63.5
"73",-7,62.5
"73",-8,62.5
"73",-9,61.5
"73",-10,60.5
"73",-11,59.5
"73",-11,58.5
"73",-12,57.5
"73",-13,56.5
"73",-13,55.5
"73",-13,54.5
"73",-13,53.5
"73",-13,52.5
"73",-13,51.5
"73",-13,50.5
"73",-13,49.5
"73",-13,48.5
"73",-13,47.5
"73",-13,46.5
"73",-13,45.5
"73",-14,45.5
"73",-15,44.5
"73",-16,44.5
"73",-17,44.5
"73",-18,43.5
"73",-18,42.5
"73",-18,41.5
"73",-18,40.5
"73",-18,39.5
"73",-18,38.5
"73",-18,37.5
"73",-18,36.5
"73",-18,35.5
"73",-18,34.5
"73",-18,33.5
"73",-18,32.5
"73",-18,31.5
"73",-18,30.5
"73",-18,29.5
"73",-18,28.5
"73",-18,27.5
"73",-18,26.5
"73",-18,25.5
"73",-18,24.5
"73",-18,23.5
"73",-18,22.5
"73",-18,21.5
"73",-18,20.5
"73",-18,19.5
"73",-18,18.5
"73",-18,17.5
"73",-18,16.5
"73",-18,15.5
"73",-18,14.5
"73",-18,13.5
"73",-18,12.5
"73",-18,11.5
"73",-18,10.5
"73",-18,9.5
"73",-18,8.5
"73",-18,7.5
"73",-18,6.5
"73",-18,5.5
"73",-18,4.5
"73",-18,3.5
"73",-18,2.5
"73",-18,1.5
"73",-18,0.5
"73",-18,-0.5
"73",-18,-1.5
"73",-17,-2.5
"73",-16,-3.5
"73",-16,-4.5
"73",-16,-5.5
"73",-16,-6.5
"73",-16,-7.5
"73",-16,-8.5
"73",-16,-9.5
"73",-16,-10.5
"73",-16,-11.5
"73",-16,-12.5
"73",-16,-13.5
"73",-16,-14.5
"73",-16,-15.5
"73",-16,-16.5
"73",-16,-17.5
"73",-16,-18.5
"73",-16,-19.5
"73",-16,-20.5
"73",-16,-21.5
"73",-16,-22.5
"73",-16,-23.5
"73",-16,-24.5
"73",-16,-25.5
"73",-16,-26.5
"73",-16,-27.5
"73",-16,-28.5
"73",-16,-29.5
"73",-16,-30.5
"73",-16,-31.5
"73",-16,-32.5
"73",-15,-33.5
"73",-14,-33.5
"73",-13,-34.5
"73",-12,-34.5
"73",-11,-35.5
"73",-10,-36.5
"73",-9,-36.5
"73",-8,-37.5
"73",-7,-37.5
"73",-7,-38.5
"73",-7,-39.5
"73",-7,-40.5
"73",-7,-41.5
"73",-7,-42.5
"73",-7,-43.5
"73",-7,-44.5
"73",-7,-45.5
"73",-7,-46.5
"73",-6,-47.5
"73",-5,-48.5
"73",-4,-49.5
"73",-3,-49.5
"73",-2,-50.5
"73",-1,-51.5
"73",0,-52.5
"73",1,-53.5
"73",2,-53.5
"73",3,-53.5
"73",4,-53.5
"73",5,-53.5
"73",6,-54.5
"73",7,-54.5
"73",8,-55.5
"73",9,-55.5
"73",10,-56.5
"73",11,-56.5
"73",12,-57.5
"73",13,-57.5
"73",14,-58.5
"73",15,-59.5
"73",16,-60.5
"73",17,-60.5
"73",18,-61.5
"73",19,-62.5
"73",20,-63.5
"73",20,-64.5
"73",20,-65.5
"74",10,76.5
"74",9,76.5
"74",8,76.5
"74",7,76.5
"74",6,75.5
"74",5,75.5
"74",4,75.5
"74",4,74.5
"74",4,73.5
"74",3,72.5
"74",2,71.5
"74",1,70.5
"74",0,69.5
"74",-1,69.5
"74",-2,69.5
"74",-3,68.5
"74",-4,68.5
"74",-5,67.5
"74",-6,67.5
"74",-7,67.5
"74",-7,66.5
"74",-7,65.5
"74",-7,64.5
"74",-7,63.5
"74",-7,62.5
"74",-8,62.5
"74",-9,61.5
"74",-10,60.5
"74",-11,59.5
"74",-11,58.5
"74",-11,57.5
"74",-12,57.5
"74",-12,56.5
"74",-12,55.5
"74",-12,54.5
"74",-12,53.5
"74",-12,52.5
"74",-12,51.5
"74",-13,50.5
"74",-13,49.5
"74",-13,48.5
"74",-13,47.5
"74",-13,46.5
"74",-13,45.5
"74",-13,44.5
"74",-14,44.5
"74",-15,43.5
"74",-16,43.5
"74",-17,43.5
"74",-18,42.5
"74",-18,41.5
"74",-18,40.5
"74",-18,39.5
"74",-18,38.5
"74",-18,37.5
"74",-18,36.5
"74",-18,35.5
"74",-18,34.5
"74",-18,33.5
"74",-18,32.5
"74",-18,31.5
"74",-18,30.5
"74",-18,29.5
"74",-18,28.5
"74",-18,27.5
"74",-18,26.5
"74",-18,25.5
"74",-18,24.5
"74",-18,23.5
"74",-18,22.5
"74",-18,21.5
"74",-18,20.5
"74",-18,19.5
"74",-18,18.5
"74",-18,17.5
"74",-18,16.5
"74",-18,15.5
"74",-18,14.5
"74",-18,13.5
"74",-18,12.5
"74",-18,11.5
"74",-18,10.5
"74",-18,9.5
"74",-17,8.5
"74",-16,8.5
"74",-16,7.5
"74",-16,6.5
"74",-16,5.5
"74",-16,4.5
"74",-16,3.5
"74",-16,2.5
"74",-16,1.5
"74",-16,0.5
"74",-16,-0.5
"74",-16,-1.5
"74",-16,-2.5
"74",-16,-3.5
"74",-16,-4.5
"74",-16,-5.5
"74",-16,-6.5
"74",-16,-7.5
"74",-16,-8.5
"74",-16,-9.5
"74",-16,-10.5
"74",-16,-11.5
"74",-16,-12.5
"74",-16,-13.5
"74",-16,-14.5
"74",-16,-15.5
"74",-16,-16.5
"74",-16,-17.5
"74",-16,-18.5
"74",-16,-19.5
"74",-16,-20.5
"74",-16,-21.5
"74",-16,-22.5
"74",-16,-23.5
"74",-16,-24.5
"74",-16,-25.5
"74",-16,-26.5
"74",-16,-27.5
"74",-16,-28.5
"74",-16,-29.5
"74",-16,-30.5
"74",-15,-31.5
"74",-14,-31.5
"74",-13,-32.5
"74",-12,-32.5
"74",-11,-33.5
"74",-10,-34.5
"74",-9,-34.5
"74",-8,-35.5
"74",-7,-35.5
"74",-7,-36.5
"74",-6,-37.5
"74",-5,-38.5
"74",-4,-38.5
"74",-3,-39.5
"74",-2,-40.5
"74",-1,-40.5
"74",0,-41.5
"74",1,-41.5
"74",1,-42.5
"74",1,-43.5
"74",1,-44.5
"74",2,-45.5
"74",3,-46.5
"74",4,-46.5
"74",5,-47.5
"74",6,-47.5
"74",7,-47.5
"74",8,-48.5
"74",9,-49.5
"74",10,-49.5
"74",11,-49.5
"74",12,-50.5
"74",13,-50.5
"74",14,-51.5
"74",15,-52.5
"74",16,-53.5
"74",17,-54.5
"74",18,-55.5
"74",19,-56.5
"74",20,-57.5
"74",20,-58.5
"74",20,-59.5
"74",20,-60.5
"74",20,-61.5
"74",20,-62.5
"74",20,-63.5
"74",20,-64.5
"74",20,-65.5
"75",10,76.5
"75",9,76.5
"75",8,76.5
"75",7,76.5
"75",6,75.5
"75",5,75.5
"75",4,75.5
"75",4,74.5
"75",4,73.5
"75",3,72.5
"75",2,71.5
"75",1,70.5
"75",0,69.5
"75",-1,69.5
"75",-2,69.5
"75",-3,68.5
"75",-4,68.5
"75",-5,67.5
"75",-6,67.5
"75",-7,67.5
"75",-7,66.5
"75",-7,65.5
"75",-7,64.5
"75",-7,63.5
"75",-7,62.5
"75",-8,62.5
"75",-9,61.5
"75",-10,60.5
"75",-11,59.5
"75",-11,58.5
"75",-11,57.5
"75",-12,57.5
"75",-12,56.5
"75",-12,55.5
"75",-12,54.5
"75",-12,53.5
"75",-12,52.5
"75",-12,51.5
"75",-12,50.5
"75",-13,49.5
"75",-13,48.5
"75",-13,47.5
"75",-13,46.5
"75",-13,45.5
"75",-13,44.5
"75",-14,44.5
"75",-15,43.5
"75",-16,43.5
"75",-17,43.5
"75",-18,42.5
"75",-18,41.5
"75",-18,40.5
"75",-18,39.5
"75",-18,38.5
"75",-18,37.5
"75",-18,36.5
"75",-18,35.5
"75",-18,34.5
"75",-18,33.5
"75",-18,32.5
"75",-18,31.5
"75",-18,30.5
"75",-18,29.5
"75",-18,28.5
"75",-18,27.5
"75",-18,26.5
"75",-18,25.5
"75",-18,24.5
"75",-18,23.5
"75",-18,22.5
"75",-18,21.5
"75",-18,20.5
"75",-18,19.5
"75",-18,18.5
"75",-18,17.5
"75",-18,16.5
"75",-18,15.5
"75",-18,14.5
"75",-18,13.5
"75",-18,12.5
"75",-18,11.5
"75",-18,10.5
"75",-18,9.5
"75",-17,8.5
"75",-16,8.5
"75",-16,7.5
"75",-16,6.5
"75",-16,5.5
"75",-16,4.5
"75",-16,3.5
"75",-16,2.5
"75",-16,1.5
"75",-16,0.5
"75",-16,-0.5
"75",-16,-1.5
"75",-16,-2.5
"75",-16,-3.5
"75",-16,-4.5
"75",-16,-5.5
"75",-16,-6.5
"75",-16,-7.5
"75",-16,-8.5
"75",-16,-9.5
"75",-16,-10.5
"75",-16,-11.5
"75",-16,-12.5
"75",-16,-13.5
"75",-16,-14.5
"75",-16,-15.5
"75",-16,-16.5
"75",-16,-17.5
"75",-16,-18.5
"75",-16,-19.5
"75",-16,-20.5
"75",-16,-21.5
"75",-16,-22.5
"75",-16,-23.5
"75",-16,-24.5
"75",-16,-25.5
"75",-16,-26.5
"75",-16,-27.5
"75",-15,-28.5
"75",-14,-28.5
"75",-13,-28.5
"75",-12,-28.5
"75",-12,-29.5
"75",-12,-30.5
"75",-12,-31.5
"75",-11,-32.5
"75",-11,-33.5
"75",-10,-34.5
"75",-9,-34.5
"75",-8,-35.5
"75",-7,-35.5
"75",-7,-36.5
"75",-6,-37.5
"75",-5,-38.5
"75",-4,-38.5
"75",-3,-39.5
"75",-2,-40.5
"75",-1,-40.5
"75",0,-41.5
"75",1,-41.5
"75",1,-42.5
"75",1,-43.5
"75",1,-44.5
"75",2,-45.5
"75",3,-46.5
"75",4,-46.5
"75",5,-47.5
"75",6,-47.5
"75",7,-47.5
"75",8,-48.5
"75",9,-49.5
"75",10,-49.5
"75",11,-49.5
"75",12,-50.5
"75",13,-50.5
"75",14,-51.5
"75",15,-52.5
"75",16,-53.5
"75",17,-54.5
"75",18,-55.5
"75",19,-56.5
"75",20,-57.5
"75",20,-58.5
"75",20,-59.5
"75",20,-60.5
"75",20,-61.5
"75",20,-62.5
"75",20,-63.5
"75",20,-64.5
"75",20,-65.5
"76",10,76.5
"76",9,76.5
"76",8,75.5
"76",7,75.5
"76",6,74.5
"76",5,73.5
"76",4,73.5
"76",4,72.5
"76",3,71.5
"76",2,70.5
"76",1,69.5
"76",0,68.5
"76",0,67.5
"76",0,66.5
"76",0,65.5
"76",-1,64.5
"76",-2,63.5
"76",-3,62.5
"76",-4,61.5
"76",-5,60.5
"76",-6,59.5
"76",-7,58.5
"76",-8,57.5
"76",-9,56.5
"76",-10,55.5
"76",-11,54.5
"76",-11,53.5
"76",-11,52.5
"76",-11,51.5
"76",-11,50.5
"76",-11,49.5
"76",-11,48.5
"76",-11,47.5
"76",-11,46.5
"76",-11,45.5
"76",-11,44.5
"76",-11,43.5
"76",-11,42.5
"76",-11,41.5
"76",-11,40.5
"76",-11,39.5
"76",-11,38.5
"76",-11,37.5
"76",-11,36.5
"76",-11,35.5
"76",-11,34.5
"76",-11,33.5
"76",-11,32.5
"76",-12,31.5
"76",-13,30.5
"76",-13,29.5
"76",-14,28.5
"76",-15,27.5
"76",-16,26.5
"76",-17,25.5
"76",-18,24.5
"76",-18,23.5
"76",-18,22.5
"76",-18,21.5
"76",-18,20.5
"76",-18,19.5
"76",-18,18.5
"76",-18,17.5
"76",-18,16.5
"76",-18,15.5
"76",-18,14.5
"76",-18,13.5
"76",-18,12.5
"76",-18,11.5
"76",-18,10.5
"76",-18,9.5
"76",-18,8.5
"76",-18,7.5
"76",-18,6.5
"76",-18,5.5
"76",-18,4.5
"76",-18,3.5
"76",-18,2.5
"76",-18,1.5
"76",-18,0.5
"76",-18,-0.5
"76",-18,-1.5
"76",-18,-2.5
"76",-17,-3.5
"76",-16,-4.5
"76",-16,-5.5
"76",-16,-6.5
"76",-16,-7.5
"76",-16,-8.5
"76",-16,-9.5
"76",-16,-10.5
"76",-16,-11.5
"76",-16,-12.5
"76",-16,-13.5
"76",-16,-14.5
"76",-16,-15.5
"76",-16,-16.5
"76",-16,-17.5
"76",-16,-18.5
"76",-16,-19.5
"76",-16,-20.5
"76",-16,-21.5
"76",-16,-22.5
"76",-16,-23.5
"76",-16,-24.5
"76",-16,-25.5
"76",-16,-26.5
"76",-16,-27.5
"76",-16,-28.5
"76",-16,-29.5
"76",-16,-30.5
"76",-16,-31.5
"76",-16,-32.5
"76",-15,-33.5
"76",-14,-34.5
"76",-13,-35.5
"76",-12,-36.5
"76",-11,-37.5
"76",-10,-38.5
"76",-9,-39.5
"76",-8,-40.5
"76",-7,-41.5
"76",-6,-42.5
"76",-5,-43.5
"76",-4,-44.5
"76",-3,-45.5
"76",-2,-46.5
"76",-1,-47.5
"76",0,-48.5
"76",1,-49.5
"76",2,-50.5
"76",3,-51.5
"76",4,-52.5
"76",5,-53.5
"76",6,-54.5
"76",7,-54.5
"76",8,-55.5
"76",9,-55.5
"76",10,-56.5
"76",11,-56.5
"76",12,-57.5
"76",13,-57.5
"76",14,-58.5
"76",15,-59.5
"76",16,-60.5
"76",17,-61.5
"76",18,-62.5
"76",19,-63.5
"76",20,-64.5
"76",20,-65.5
"77",10,76.5
"77",9,76.5
"77",8,76.5
"77",7,76.5
"77",6,75.5
"77",5,75.5
"77",4,75.5
"77",4,74.5
"77",4,73.5
"77",3,72.5
"77",2,71.5
"77",1,70.5
"77",0,69.5
"77",-1,69.5
"77",-2,69.5
"77",-3,68.5
"77",-4,68.5
"77",-5,67.5
"77",-6,67.5
"77",-7,67.5
"77",-7,66.5
"77",-7,65.5
"77",-7,64.5
"77",-7,63.5
"77",-7,62.5
"77",-8,61.5
"77",-9,60.5
"77",-10,59.5
"77",-11,58.5
"77",-12,57.5
"77",-13,56.5
"77",-13,55.5
"77",-13,54.5
"77",-13,53.5
"77",-13,52.5
"77",-13,51.5
"77",-13,50.5
"77",-13,49.5
"77",-13,48.5
"77",-13,47.5
"77",-13,46.5
"77",-13,45.5
"77",-14,45.5
"77",-15,44.5
"77",-16,44.5
"77",-17,44.5
"77",-18,43.5
"77",-18,42.5
"77",-18,41.5
"77",-18,40.5
"77",-18,39.5
"77",-18,38.5
"77",-18,37.5
"77",-18,36.5
"77",-18,35.5
"77",-18,34.5
"77",-18,33.5
"77",-18,32.5
"77",-18,31.5
"77",-18,30.5
"77",-18,29.5
"77",-18,28.5
"77",-18,27.5
"77",-18,26.5
"77",-18,25.5
"77",-18,24.5
"77",-18,23.5
"77",-18,22.5
"77",-18,21.5
"77",-18,20.5
"77",-18,19.5
"77",-18,18.5
"77",-18,17.5
"77",-18,16.5
"77",-18,15.5
"77",-18,14.5
"77",-18,13.5
"77",-18,12.5
"77",-18,11.5
"77",-18,10.5
"77",-18,9.5
"77",-18,8.5
"77",-18,7.5
"77",-18,6.5
"77",-18,5.5
"77",-18,4.5
"77",-18,3.5
"77",-18,2.5
"77",-18,1.5
"77",-18,0.5
"77",-18,-0.5
"77",-18,-1.5
"77",-18,-2.5
"77",-17,-3.5
"77",-16,-4.5
"77",-16,-5.5
"77",-16,-6.5
"77",-16,-7.5
"77",-16,-8.5
"77",-16,-9.5
"77",-16,-10.5
"77",-16,-11.5
"77",-16,-12.5
"77",-16,-13.5
"77",-16,-14.5
"77",-16,-15.5
"77",-16,-16.5
"77",-16,-17.5
"77",-16,-18.5
"77",-16,-19.5
"77",-16,-20.5
"77",-16,-21.5
"77",-16,-22.5
"77",-16,-23.5
"77",-16,-24.5
"77",-16,-25.5
"77",-16,-26.5
"77",-16,-27.5
"77",-16,-28.5
"77",-16,-29.5
"77",-16,-30.5
"77",-16,-31.5
"77",-16,-32.5
"77",-16,-33.5
"77",-16,-34.5
"77",-16,-35.5
"77",-16,-36.5
"77",-16,-37.5
"77",-16,-38.5
"77",-16,-39.5
"77",-16,-40.5
"77",-16,-41.5
"77",-15,-42.5
"77",-14,-42.5
"77",-13,-43.5
"77",-12,-44.5
"77",-11,-45.5
"77",-10,-46.5
"77",-9,-47.5
"77",-8,-48.5
"77",-7,-49.5
"77",-6,-50.5
"77",-5,-51.5
"77",-4,-51.5
"77",-3,-52.5
"77",-2,-53.5
"77",-1,-54.5
"77",0,-55.5
"77",1,-56.5
"77",2,-56.5
"77",3,-56.5
"77",4,-56.5
"77",5,-56.5
"77",6,-57.5
"77",7,-57.5
"77",8,-58.5
"77",9,-59.5
"77",10,-59.5
"77",11,-60.5
"77",12,-60.5
"77",13,-60.5
"77",14,-61.5
"77",15,-62.5
"77",16,-62.5
"77",17,-62.5
"77",18,-63.5
"77",19,-64.5
"77",20,-65.5
"78",10,76.5
"78",9,76.5
"78",8,76.5
"78",7,76.5
"78",6,75.5
"78",5,75.5
"78",4,75.5
"78",4,74.5
"78",4,73.5
"78",3,72.5
"78",2,71.5
"78",1,70.5
"78",0,69.5
"78",-1,69.5
"78",-2,69.5
"78",-3,68.5
"78",-4,68.5
"78",-5,67.5
"78",-6,67.5
"78",-7,67.5
"78",-7,66.5
"78",-7,65.5
"78",-7,64.5
"78",-7,63.5
"78",-7,62.5
"78",-8,62.5
"78",-9,61.5
"78",-10,60.5
"78",-11,59.5
"78",-11,58.5
"78",-11,57.5
"78",-12,57.5
"78",-13,56.5
"78",-13,55.5
"78",-13,54.5
"78",-13,53.5
"78",-13,52.5
"78",-13,51.5
"78",-13,50.5
"78",-13,49.5
"78",-13,48.5
"78",-13,47.5
"78",-13,46.5
"78",-13,45.5
"78",-13,44.5
"78",-14,44.5
"78",-15,43.5
"78",-16,43.5
"78",-17,43.5
"78",-18,42.5
"78",-18,41.5
"78",-18,40.5
"78",-18,39.5
"78",-18,38.5
"78",-18,37.5
"78",-18,36.5
"78",-18,35.5
"78",-18,34.5
"78",-18,33.5
"78",-18,32.5
"78",-18,31.5
"78",-18,30.5
"78",-18,29.5
"78",-18,28.5
"78",-18,27.5
"78",-18,26.5
"78",-18,25.5
"78",-18,24.5
"78",-18,23.5
"78",-18,22.5
"78",-18,21.5
"78",-18,20.5
"78",-18,19.5
"78",-18,18.5
"78",-18,17.5
"78",-18,16.5
"78",-18,15.5
"78",-18,14.5
"78",-18,13.5
"78",-18,12.5
"78",-18,11.5
"78",-18,10.5
"78",-18,9.5
"78",-18,8.5
"78",-18,7.5
"78",-18,6.5
"78",-18,5.5
"78",-18,4.5
"78",-18,3.5
"78",-18,2.5
"78",-18,1.5
"78",-18,0.5
"78",-18,-0.5
"78",-18,-1.5
"78",-17,-2.5
"78",-16,-3.5
"78",-16,-4.5
"78",-16,-5.5
"78",-16,-6.5
"78",-16,-7.5
"78",-16,-8.5
"78",-16,-9.5
"78",-16,-10.5
"78",-16,-11.5
"78",-16,-12.5
"78",-16,-13.5
"78",-16,-14.5
"78",-16,-15.5
"78",-16,-16.5
"78",-16,-17.5
"78",-16,-18.5
"78",-16,-19.5
"78",-16,-20.5
"78",-16,-21.5
"78",-16,-22.5
"78",-16,-23.5
"78",-16,-24.5
"78",-16,-25.5
"78",-16,-26.5
"78",-16,-27.5
"78",-16,-28.5
"78",-16,-29.5
"78",-16,-30.5
"78",-16,-31.5
"78",-16,-32.5
"78",-15,-33.5
"78",-14,-33.5
"78",-13,-34.5
"78",-12,-34.5
"78",-11,-35.5
"78",-10,-36.5
"78",-9,-36.5
"78",-8,-37.5
"78",-7,-37.5
"78",-7,-38.5
"78",-7,-39.5
"78",-7,-40.5
"78",-7,-41.5
"78",-7,-42.5
"78",-7,-43.5
"78",-7,-44.5
"78",-7,-45.5
"78",-7,-46.5
"78",-6,-47.5
"78",-5,-48.5
"78",-4,-49.5
"78",-3,-49.5
"78",-2,-50.5
"78",-1,-51.5
"78",0,-52.5
"78",1,-53.5
"78",2,-53.5
"78",3,-53.5
"78",4,-53.5
"78",5,-53.5
"78",6,-54.5
"78",7,-54.5
"78",8,-55.5
"78",9,-55.5
"78",10,-56.5
"78",11,-56.5
"78",12,-57.5
"78",13,-57.5
"78",14,-58.5
"78",15,-59.5
"78",16,-60.5
"78",17,-60.5
"78",18,-61.5
"78",19,-62.5
"78",20,-63.5
"78",20,-64.5
"78",20,-65.5
"79",10,76.5
"79",9,76.5
"79",8,76.5
"79",7,76.5
"79",6,75.5
"79",5,75.5
"79",4,75.5
"79",4,74.5
"79",4,73.5
"79",3,72.5
"79",2,71.5
"79",1,70.5
"79",0,69.5
"79",-1,69.5
"79",-2,69.5
"79",-3,68.5
"79",-4,68.5
"79",-5,67.5
"79",-6,67.5
"79",-7,67.5
"79",-7,66.5
"79",-7,65.5
"79",-7,64.5
"79",-7,63.5
"79",-7,62.5
"79",-8,62.5
"79",-9,61.5
"79",-10,60.5
"79",-11,59.5
"79",-11,58.5
"79",-11,57.5
"79",-12,57.5
"79",-12,56.5
"79",-12,55.5
"79",-12,54.5
"79",-12,53.5
"79",-12,52.5
"79",-12,51.5
"79",-13,50.5
"79",-13,49.5
"79",-13,48.5
"79",-13,47.5
"79",-13,46.5
"79",-13,45.5
"79",-13,44.5
"79",-14,44.5
"79",-15,43.5
"79",-16,43.5
"79",-17,43.5
"79",-18,42.5
"79",-18,41.5
"79",-18,40.5
"79",-18,39.5
"79",-18,38.5
"79",-18,37.5
"79",-18,36.5
"79",-18,35.5
"79",-18,34.5
"79",-18,33.5
"79",-18,32.5
"79",-18,31.5
"79",-18,30.5
"79",-18,29.5
"79",-18,28.5
"79",-18,27.5
"79",-18,26.5
"79",-18,25.5
"79",-18,24.5
"79",-18,23.5
"79",-18,22.5
"79",-18,21.5
"79",-18,20.5
"79",-18,19.5
"79",-18,18.5
"79",-18,17.5
"79",-18,16.5
"79",-18,15.5
"79",-18,14.5
"79",-18,13.5
"79",-18,12.5
"79",-18,11.5
"79",-18,10.5
"79",-18,9.5
"79",-17,8.5
"79",-16,8.5
"79",-16,7.5
"79",-16,6.5
"79",-16,5.5
"79",-16,4.5
"79",-16,3.5
"79",-16,2.5
"79",-16,1.5
"79",-16,0.5
"79",-16,-0.5
"79",-16,-1.5
"79",-16,-2.5
"79",-16,-3.5
"79",-16,-4.5
"79",-16,-5.5
"79",-16,-6.5
"79",-16,-7.5
"79",-16,-8.5
"79",-16,-9.5
"79",-16,-10.5
"79",-16,-11.5
"79",-16,-12.5
"79",-16,-13.5
"79",-16,-14.5
"79",-16,-15.5
"79",-16,-16.5
"79",-16,-17.5
"79",-16,-18.5
"79",-16,-19.5
"79",-16,-20.5
"79",-16,-21.5
"79",-16,-22.5
"79",-16,-23.5
"79",-16,-24.5
"79",-16,-25.5
"79",-16,-26.5
"79",-16,-27.5
"79",-16,-28.5
"79",-16,-29.5
"79",-16,-30.5
"79",-15,-31.5
"79",-14,-31.5
"79",-13,-32.5
"79",-12,-32.5
"79",-11,-33.5
"79",-10,-34.5
"79",-9,-34.5
"79",-8,-35.5
"79",-7,-35.5
"79",-7,-36.5
"79",-6,-37.5
"79",-5,-38.5
"79",-4,-38.5
"79",-3,-39.5
"79",-2,-40.5
"79",-1,-40.5
"79",0,-41.5
"79",1,-41.5
"79",1,-42.5
"79",1,-43.5
"79",1,-44.5
"79",2,-45.5
"79",3,-46.5
"79",4,-46.5
"79",5,-47.5
"79",6,-47.5
"79",7,-47.5
"79",8,-48.5
"79",9,-49.5
"79",10,-49.5
"79",11,-49.5
"79",12,-50.5
"79",13,-50.5
"79",14,-51.5
"79",15,-52.5
"79",16,-53.5
"79",17,-54.5
"79",18,-55.5
"79",19,-56.5
"79",20,-57.5
"79",20,-58.5
"79",20,-59.5
"79",20,-60.5
"79",20,-61.5
"79",20,-62.5
"79",20,-63.5
"79",20,-64.5
"79",20,-65.5
"80",10,76.5
"80",9,76.5
"80",8,76.5
"80",7,76.5
"80",6,75.5
"80",5,75.5
"80",4,75.5
"80",4,74.5
"80",4,73.5
"80",3,72.5
"80",2,71.5
"80",1,70.5
"80",0,69.5
"80",-1,69.5
"80",-2,69.5
"80",-3,68.5
"80",-4,68.5
"80",-5,67.5
"80",-6,67.5
"80",-7,67.5
"80",-7,66.5
"80",-7,65.5
"80",-7,64.5
"80",-7,63.5
"80",-7,62.5
"80",-8,62.5
"80",-9,61.5
"80",-10,60.5
"80",-11,59.5
"80",-11,58.5
"80",-11,57.5
"80",-12,57.5
"80",-12,56.5
"80",-12,55.5
"80",-12,54.5
"80",-12,53.5
"80",-12,52.5
"80",-12,51.5
"80",-12,50.5
"80",-13,49.5
"80",-13,48.5
"80",-13,47.5
"80",-13,46.5
"80",-13,45.5
"80",-13,44.5
"80",-14,44.5
"80",-15,43.5
"80",-16,43.5
"80",-17,43.5
"80",-18,42.5
"80",-18,41.5
"80",-18,40.5
"80",-18,39.5
"80",-18,38.5
"80",-18,37.5
"80",-18,36.5
"80",-18,35.5
"80",-18,34.5
"80",-18,33.5
"80",-18,32.5
"80",-18,31.5
"80",-18,30.5
"80",-18,29.5
"80",-18,28.5
"80",-18,27.5
"80",-18,26.5
"80",-18,25.5
"80",-18,24.5
"80",-18,23.5
"80",-18,22.5
"80",-18,21.5
"80",-18,20.5
"80",-18,19.5
"80",-18,18.5
"80",-18,17.5
"80",-18,16.5
"80",-18,15.5
"80",-18,14.5
"80",-18,13.5
"80",-18,12.5
"80",-18,11.5
"80",-18,10.5
"80",-18,9.5
"80",-18,8.5
"80",-18,7.5
"80",-18,6.5
"80",-18,5.5
"80",-18,4.5
"80",-18,3.5
"80",-17,2.5
"80",-16,2.5
"80",-16,1.5
"80",-16,0.5
"80",-16,-0.5
"80",-16,-1.5
"80",-16,-2.5
"80",-16,-3.5
"80",-16,-4.5
"80",-16,-5.5
"80",-16,-6.5
"80",-16,-7.5
"80",-16,-8.5
"80",-16,-9.5
"80",-16,-10.5
"80",-16,-11.5
"80",-16,-12.5
"80",-16,-13.5
"80",-16,-14.5
"80",-16,-15.5
"80",-16,-16.5
"80",-16,-17.5
"80",-16,-18.5
"80",-16,-19.5
"80",-16,-20.5
"80",-16,-21.5
"80",-16,-22.5
"80",-15,-23.5
"80",-14,-23.5
"80",-13,-23.5
"80",-12,-23.5
"80",-12,-24.5
"80",-11,-23.5
"80",-10,-24.5
"80",-10,-25.5
"80",-10,-26.5
"80",-10,-27.5
"80",-10,-28.5
"80",-10,-29.5
"80",-9,-30.5
"80",-8,-31.5
"80",-8,-32.5
"80",-7,-33.5
"80",-7,-34.5
"80",-7,-35.5
"80",-7,-36.5
"80",-6,-37.5
"80",-5,-38.5
"80",-4,-38.5
"80",-3,-39.5
"80",-2,-40.5
"80",-1,-40.5
"80",0,-41.5
"80",1,-41.5
"80",1,-42.5
"80",1,-43.5
"80",1,-44.5
"80",2,-45.5
"80",3,-46.5
"80",4,-46.5
"80",5,-47.5
"80",6,-47.5
"80",7,-47.5
"80",8,-48.5
"80",9,-49.5
"80",10,-49.5
"80",11,-49.5
"80",12,-50.5
"80",13,-50.5
"80",14,-51.5
"80",15,-52.5
"80",16,-53.5
"80",17,-54.5
"80",18,-55.5
"80",19,-56.5
"80",20,-57.5
"80",20,-58.5
"80",20,-59.5
"80",20,-60.5
"80",20,-61.5
"80",20,-62.5
"80",20,-63.5
"80",20,-64.5
"80",20,-65.5
"81",10,76.5
"81",9,75.5
"81",8,74.5
"81",7,73.5
"81",6,72.5
"81",5,71.5
"81",4,70.5
"81",3,70.5
"81",2,69.5
"81",1,68.5
"81",1,67.5
"81",1,66.5
"81",0,65.5
"81",-1,64.5
"81",-2,63.5
"81",-3,62.5
"81",-4,61.5
"81",-5,60.5
"81",-6,59.5
"81",-7,58.5
"81",-8,57.5
"81",-9,56.5
"81",-10,55.5
"81",-10,54.5
"81",-11,53.5
"81",-12,52.5
"81",-13,51.5
"81",-13,50.5
"81",-13,49.5
"81",-13,48.5
"81",-13,47.5
"81",-13,46.5
"81",-13,45.5
"81",-13,44.5
"81",-13,43.5
"81",-13,42.5
"81",-13,41.5
"81",-13,40.5
"81",-13,39.5
"81",-13,38.5
"81",-13,37.5
"81",-13,36.5
"81",-13,35.5
"81",-13,34.5
"81",-13,33.5
"81",-13,32.5
"81",-13,31.5
"81",-13,30.5
"81",-13,29.5
"81",-14,28.5
"81",-15,27.5
"81",-16,26.5
"81",-17,25.5
"81",-18,24.5
"81",-18,23.5
"81",-18,22.5
"81",-18,21.5
"81",-18,20.5
"81",-18,19.5
"81",-18,18.5
"81",-18,17.5
"81",-18,16.5
"81",-18,15.5
"81",-18,14.5
"81",-18,13.5
"81",-18,12.5
"81",-18,11.5
"81",-18,10.5
"81",-18,9.5
"81",-18,8.5
"81",-18,7.5
"81",-18,6.5
"81",-18,5.5
"81",-18,4.5
"81",-18,3.5
"81",-18,2.5
"81",-18,1.5
"81",-18,0.5
"81",-18,-0.5
"81",-18,-1.5
"81",-17,-2.5
"81",-16,-3.5
"81",-15,-4.5
"81",-14,-5.5
"81",-13,-6.5
"81",-12,-7.5
"81",-12,-8.5
"81",-12,-9.5
"81",-12,-10.5
"81",-12,-11.5
"81",-12,-12.5
"81",-12,-13.5
"81",-12,-14.5
"81",-12,-15.5
"81",-12,-16.5
"81",-12,-17.5
"81",-12,-18.5
"81",-12,-19.5
"81",-12,-20.5
"81",-12,-21.5
"81",-12,-22.5
"81",-12,-23.5
"81",-12,-24.5
"81",-12,-25.5
"81",-12,-26.5
"81",-12,-27.5
"81",-12,-28.5
"81",-12,-29.5
"81",-12,-30.5
"81",-12,-31.5
"81",-12,-32.5
"81",-12,-33.5
"81",-11,-34.5
"81",-10,-35.5
"81",-9,-36.5
"81",-8,-37.5
"81",-7,-38.5
"81",-6,-39.5
"81",-5,-40.5
"81",-4,-41.5
"81",-3,-42.5
"81",-2,-43.5
"81",-1,-44.5
"81",0,-45.5
"81",1,-46.5
"81",2,-47.5
"81",3,-48.5
"81",4,-49.5
"81",5,-50.5
"81",6,-51.5
"81",7,-52.5
"81",8,-53.5
"81",9,-54.5
"81",10,-55.5
"81",11,-56.5
"81",12,-57.5
"81",13,-58.5
"81",14,-59.5
"81",15,-60.5
"81",16,-61.5
"81",17,-62.5
"81",18,-63.5
"81",19,-64.5
"81",20,-65.5
"82",10,76.5
"82",9,76.5
"82",8,76.5
"82",7,76.5
"82",6,75.5
"82",5,74.5
"82",4,74.5
"82",4,73.5
"82",3,72.5
"82",2,71.5
"82",1,70.5
"82",0,69.5
"82",-1,69.5
"82",-2,69.5
"82",-3,68.5
"82",-4,68.5
"82",-5,67.5
"82",-6,67.5
"82",-7,67.5
"82",-7,66.5
"82",-7,65.5
"82",-7,64.5
"82",-7,63.5
"82",-7,62.5
"82",-8,61.5
"82",-9,60.5
"82",-10,59.5
"82",-11,58.5
"82",-12,57.5
"82",-13,56.5
"82",-13,55.5
"82",-13,54.5
"82",-13,53.5
"82",-13,52.5
"82",-13,51.5
"82",-13,50.5
"82",-13,49.5
"82",-13,48.5
"82",-13,47.5
"82",-13,46.5
"82",-13,45.5
"82",-13,44.5
"82",-14,43.5
"82",-14,42.5
"82",-14,41.5
"82",-14,40.5
"82",-14,39.5
"82",-14,38.5
"82",-14,37.5
"82",-14,36.5
"82",-14,35.5
"82",-14,34.5
"82",-14,33.5
"82",-14,32.5
"82",-14,31.5
"82",-14,30.5
"82",-14,29.5
"82",-14,28.5
"82",-15,27.5
"82",-16,26.5
"82",-17,25.5
"82",-18,24.5
"82",-18,23.5
"82",-18,22.5
"82",-18,21.5
"82",-18,20.5
"82",-18,19.5
"82",-18,18.5
"82",-18,17.5
"82",-18,16.5
"82",-18,15.5
"82",-18,14.5
"82",-18,13.5
"82",-18,12.5
"82",-18,11.5
"82",-18,10.5
"82",-18,9.5
"82",-18,8.5
"82",-18,7.5
"82",-18,6.5
"82",-18,5.5
"82",-18,4.5
"82",-18,3.5
"82",-18,2.5
"82",-18,1.5
"82",-18,0.5
"82",-18,-0.5
"82",-18,-1.5
"82",-18,-2.5
"82",-17,-3.5
"82",-16,-4.5
"82",-16,-5.5
"82",-16,-6.5
"82",-16,-7.5
"82",-16,-8.5
"82",-16,-9.5
"82",-16,-10.5
"82",-16,-11.5
"82",-16,-12.5
"82",-16,-13.5
"82",-16,-14.5
"82",-16,-15.5
"82",-16,-16.5
"82",-16,-17.5
"82",-16,-18.5
"82",-16,-19.5
"82",-16,-20.5
"82",-16,-21.5
"82",-16,-22.5
"82",-16,-23.5
"82",-16,-24.5
"82",-16,-25.5
"82",-16,-26.5
"82",-16,-27.5
"82",-16,-28.5
"82",-16,-29.5
"82",-16,-30.5
"82",-16,-31.5
"82",-16,-32.5
"82",-15,-33.5
"82",-14,-34.5
"82",-13,-35.5
"82",-12,-36.5
"82",-11,-37.5
"82",-10,-38.5
"82",-9,-39.5
"82",-8,-40.5
"82",-7,-41.5
"82",-6,-42.5
"82",-5,-43.5
"82",-4,-44.5
"82",-3,-45.5
"82",-2,-46.5
"82",-1,-47.5
"82",0,-48.5
"82",1,-49.5
"82",2,-50.5
"82",3,-51.5
"82",4,-52.5
"82",5,-53.5
"82",6,-54.5
"82",7,-54.5
"82",8,-55.5
"82",9,-55.5
"82",10,-56.5
"82",11,-56.5
"82",12,-57.5
"82",13,-57.5
"82",14,-58.5
"82",15,-59.5
"82",16,-60.5
"82",17,-61.5
"82",18,-62.5
"82",19,-63.5
"82",20,-64.5
"82",20,-65.5
"83",10,76.5
"83",9,76.5
"83",8,76.5
"83",7,76.5
"83",6,75.5
"83",5,75.5
"83",4,75.5
"83",4,74.5
"83",4,73.5
"83",3,72.5
"83",2,71.5
"83",1,70.5
"83",0,69.5
"83",-1,69.5
"83",-2,69.5
"83",-3,68.5
"83",-4,68.5
"83",-5,67.5
"83",-6,67.5
"83",-7,67.5
"83",-7,66.5
"83",-7,65.5
"83",-7,64.5
"83",-7,63.5
"83",-7,62.5
"83",-8,61.5
"83",-9,60.5
"83",-10,59.5
"83",-11,58.5
"83",-12,57.5
"83",-13,56.5
"83",-13,55.5
"83",-13,54.5
"83",-13,53.5
"83",-13,52.5
"83",-13,51.5
"83",-13,50.5
"83",-13,49.5
"83",-13,48.5
"83",-13,47.5
"83",-13,46.5
"83",-13,45.5
"83",-14,45.5
"83",-15,44.5
"83",-16,44.5
"83",-17,44.5
"83",-18,43.5
"83",-18,42.5
"83",-18,41.5
"83",-18,40.5
"83",-18,39.5
"83",-18,38.5
"83",-18,37.5
"83",-18,36.5
"83",-18,35.5
"83",-18,34.5
"83",-18,33.5
"83",-18,32.5
"83",-18,31.5
"83",-18,30.5
"83",-18,29.5
"83",-18,28.5
"83",-18,27.5
"83",-18,26.5
"83",-18,25.5
"83",-18,24.5
"83",-18,23.5
"83",-18,22.5
"83",-18,21.5
"83",-18,20.5
"83",-18,19.5
"83",-18,18.5
"83",-18,17.5
"83",-18,16.5
"83",-18,15.5
"83",-18,14.5
"83",-18,13.5
"83",-18,12.5
"83",-18,11.5
"83",-18,10.5
"83",-18,9.5
"83",-18,8.5
"83",-18,7.5
"83",-18,6.5
"83",-18,5.5
"83",-18,4.5
"83",-18,3.5
"83",-18,2.5
"83",-18,1.5
"83",-18,0.5
"83",-18,-0.5
"83",-18,-1.5
"83",-17,-2.5
"83",-16,-3.5
"83",-16,-4.5
"83",-16,-5.5
"83",-16,-6.5
"83",-16,-7.5
"83",-16,-8.5
"83",-16,-9.5
"83",-16,-10.5
"83",-16,-11.5
"83",-16,-12.5
"83",-16,-13.5
"83",-16,-14.5
"83",-16,-15.5
"83",-16,-16.5
"83",-16,-17.5
"83",-16,-18.5
"83",-16,-19.5
"83",-16,-20.5
"83",-16,-21.5
"83",-16,-22.5
"83",-16,-23.5
"83",-16,-24.5
"83",-16,-25.5
"83",-16,-26.5
"83",-16,-27.5
"83",-16,-28.5
"83",-16,-29.5
"83",-16,-30.5
"83",-16,-31.5
"83",-16,-32.5
"83",-16,-33.5
"83",-16,-34.5
"83",-16,-35.5
"83",-16,-36.5
"83",-16,-37.5
"83",-16,-38.5
"83",-16,-39.5
"83",-16,-40.5
"83",-16,-41.5
"83",-15,-42.5
"83",-14,-42.5
"83",-13,-43.5
"83",-12,-44.5
"83",-11,-45.5
"83",-10,-46.5
"83",-9,-47.5
"83",-8,-48.5
"83",-7,-49.5
"83",-6,-50.5
"83",-5,-51.5
"83",-4,-51.5
"83",-3,-52.5
"83",-2,-53.5
"83",-1,-54.5
"83",0,-55.5
"83",1,-56.5
"83",2,-56.5
"83",3,-56.5
"83",4,-56.5
"83",5,-56.5
"83",6,-57.5
"83",7,-57.5
"83",8,-58.5
"83",9,-59.5
"83",10,-59.5
"83",11,-60.5
"83",12,-60.5
"83",13,-60.5
"83",14,-61.5
"83",15,-62.5
"83",16,-62.5
"83",17,-62.5
"83",18,-63.5
"83",19,-64.5
"83",20,-65.5
"84",10,76.5
"84",9,76.5
"84",8,76.5
"84",7,76.5
"84",6,75.5
"84",5,75.5
"84",4,75.5
"84",4,74.5
"84",4,73.5
"84",3,72.5
"84",2,71.5
"84",1,70.5
"84",0,69.5
"84",-1,69.5
"84",-2,69.5
"84",-3,68.5
"84",-4,68.5
"84",-5,67.5
"84",-6,67.5
"84",-7,67.5
"84",-7,66.5
"84",-7,65.5
"84",-7,64.5
"84",-7,63.5
"84",-7,62.5
"84",-8,62.5
"84",-9,61.5
"84",-10,60.5
"84",-11,59.5
"84",-11,58.5
"84",-11,57.5
"84",-12,57.5
"84",-13,56.5
"84",-13,55.5
"84",-13,54.5
"84",-13,53.5
"84",-13,52.5
"84",-13,51.5
"84",-13,50.5
"84",-13,49.5
"84",-13,48.5
"84",-13,47.5
"84",-13,46.5
"84",-13,45.5
"84",-13,44.5
"84",-14,44.5
"84",-15,43.5
"84",-16,43.5
"84",-17,43.5
"84",-18,42.5
"84",-18,41.5
"84",-18,40.5
"84",-18,39.5
"84",-18,38.5
"84",-18,37.5
"84",-18,36.5
"84",-18,35.5
"84",-18,34.5
"84",-18,33.5
"84",-18,32.5
"84",-18,31.5
"84",-18,30.5
"84",-18,29.5
"84",-18,28.5
"84",-18,27.5
"84",-18,26.5
"84",-18,25.5
"84",-18,24.5
"84",-18,23.5
"84",-18,22.5
"84",-18,21.5
"84",-18,20.5
"84",-18,19.5
"84",-18,18.5
"84",-18,17.5
"84",-18,16.5
"84",-18,15.5
"84",-18,14.5
"84",-18,13.5
"84",-18,12.5
"84",-18,11.5
"84",-18,10.5
"84",-18,9.5
"84",-17,8.5
"84",-16,8.5
"84",-16,7.5
"84",-16,6.5
"84",-16,5.5
"84",-16,4.5
"84",-16,3.5
"84",-16,2.5
"84",-16,1.5
"84",-16,0.5
"84",-16,-0.5
"84",-16,-1.5
"84",-16,-2.5
"84",-16,-3.5
"84",-16,-4.5
"84",-16,-5.5
"84",-16,-6.5
"84",-16,-7.5
"84",-16,-8.5
"84",-16,-9.5
"84",-16,-10.5
"84",-16,-11.5
"84",-16,-12.5
"84",-16,-13.5
"84",-16,-14.5
"84",-16,-15.5
"84",-16,-16.5
"84",-16,-17.5
"84",-16,-18.5
"84",-16,-19.5
"84",-16,-20.5
"84",-16,-21.5
"84",-16,-22.5
"84",-16,-23.5
"84",-16,-24.5
"84",-16,-25.5
"84",-16,-26.5
"84",-16,-27.5
"84",-16,-28.5
"84",-16,-29.5
"84",-16,-30.5
"84",-16,-31.5
"84",-16,-32.5
"84",-15,-33.5
"84",-14,-33.5
"84",-13,-34.5
"84",-12,-34.5
"84",-11,-35.5
"84",-10,-36.5
"84",-9,-36.5
"84",-8,-37.5
"84",-7,-37.5
"84",-7,-38.5
"84",-7,-39.5
"84",-7,-40.5
"84",-7,-41.5
"84",-7,-42.5
"84",-7,-43.5
"84",-7,-44.5
"84",-7,-45.5
"84",-7,-46.5
"84",-6,-47.5
"84",-5,-48.5
"84",-4,-49.5
"84",-3,-49.5
"84",-2,-50.5
"84",-1,-51.5
"84",0,-52.5
"84",1,-53.5
"84",2,-53.5
"84",3,-53.5
"84",4,-53.5
"84",5,-53.5
"84",6,-54.5
"84",7,-54.5
"84",8,-55.5
"84",9,-55.5
"84",10,-56.5
"84",11,-56.5
"84",12,-57.5
"84",13,-57.5
"84",14,-58.5
"84",15,-59.5
"84",16,-60.5
"84",17,-60.5
"84",18,-61.5
"84",19,-62.5
"84",20,-63.5
"84",20,-64.5
"84",20,-65.5
"85",10,76.5
"85",9,76.5
"85",8,76.5
"85",7,76.5
"85",6,75.5
"85",5,75.5
"85",4,75.5
"85",4,74.5
"85",4,73.5
"85",3,72.5
"85",2,71.5
"85",1,70.5
"85",0,69.5
"85",-1,69.5
"85",-2,69.5
"85",-3,68.5
"85",-4,68.5
"85",-5,67.5
"85",-6,67.5
"85",-7,67.5
"85",-7,66.5
"85",-7,65.5
"85",-7,64.5
"85",-7,63.5
"85",-7,62.5
"85",-8,62.5
"85",-9,61.5
"85",-10,60.5
"85",-11,59.5
"85",-11,58.5
"85",-11,57.5
"85",-12,57.5
"85",-12,56.5
"85",-12,55.5
"85",-12,54.5
"85",-12,53.5
"85",-12,52.5
"85",-12,51.5
"85",-12,50.5
"85",-13,49.5
"85",-13,48.5
"85",-13,47.5
"85",-13,46.5
"85",-13,45.5
"85",-13,44.5
"85",-14,44.5
"85",-15,43.5
"85",-16,43.5
"85",-17,43.5
"85",-18,42.5
"85",-18,41.5
"85",-18,40.5
"85",-18,39.5
"85",-18,38.5
"85",-18,37.5
"85",-18,36.5
"85",-18,35.5
"85",-18,34.5
"85",-18,33.5
"85",-18,32.5
"85",-18,31.5
"85",-18,30.5
"85",-18,29.5
"85",-18,28.5
"85",-18,27.5
"85",-18,26.5
"85",-18,25.5
"85",-18,24.5
"85",-18,23.5
"85",-18,22.5
"85",-18,21.5
"85",-18,20.5
"85",-18,19.5
"85",-18,18.5
"85",-18,17.5
"85",-18,16.5
"85",-18,15.5
"85",-18,14.5
"85",-18,13.5
"85",-18,12.5
"85",-18,11.5
"85",-18,10.5
"85",-18,9.5
"85",-17,8.5
"85",-16,8.5
"85",-16,7.5
"85",-16,6.5
"85",-16,5.5
"85",-16,4.5
"85",-16,3.5
"85",-16,2.5
"85",-16,1.5
"85",-16,0.5
"85",-16,-0.5
"85",-16,-1.5
"85",-16,-2.5
"85",-16,-3.5
"85",-16,-4.5
"85",-16,-5.5
"85",-16,-6.5
"85",-16,-7.5
"85",-16,-8.5
"85",-16,-9.5
"85",-16,-10.5
"85",-16,-11.5
"85",-16,-12.5
"85",-16,-13.5
"85",-16,-14.5
"85",-16,-15.5
"85",-16,-16.5
"85",-16,-17.5
"85",-16,-18.5
"85",-16,-19.5
"85",-16,-20.5
"85",-16,-21.5
"85",-16,-22.5
"85",-16,-23.5
"85",-16,-24.5
"85",-16,-25.5
"85",-16,-26.5
"85",-15,-27.5
"85",-14,-27.5
"85",-13,-28.5
"85",-12,-28.5
"85",-12,-29.5
"85",-12,-30.5
"85",-12,-31.5
"85",-11,-32.5
"85",-11,-33.5
"85",-10,-34.5
"85",-9,-34.5
"85",-8,-35.5
"85",-7,-35.5
"85",-7,-36.5
"85",-6,-37.5
"85",-5,-38.5
"85",-4,-38.5
"85",-3,-39.5
"85",-2,-40.5
"85",-1,-40.5
"85",0,-41.5
"85",1,-41.5
"85",1,-42.5
"85",1,-43.5
"85",1,-44.5
"85",2,-45.5
"85",3,-46.5
"85",4,-46.5
"85",5,-47.5
"85",6,-47.5
"85",7,-47.5
"85",8,-48.5
"85",9,-49.5
"85",10,-49.5
"85",11,-49.5
"85",12,-50.5
"85",13,-50.5
"85",14,-51.5
"85",15,-52.5
"85",16,-53.5
"85",17,-54.5
"85",18,-55.5
"85",19,-56.5
"85",20,-57.5
"85",20,-58.5
"85",20,-59.5
"85",20,-60.5
"85",20,-61.5
"85",20,-62.5
"85",20,-63.5
"85",20,-64.5
"85",20,-65.5
"86",10,76.5
"86",9,76.5
"86",8,76.5
"86",7,76.5
"86",6,75.5
"86",5,75.5
"86",4,75.5
"86",3,75.5
"86",2,75.5
"86",1,75.5
"86",0,74.5
"86",-1,74.5
"86",-1,73.5
"86",-1,72.5
"86",-1,71.5
"86",-1,70.5
"86",-1,69.5
"86",-2,69.5
"86",-3,68.5
"86",-4,68.5
"86",-5,67.5
"86",-6,67.5
"86",-7,67.5
"86",-7,66.5
"86",-7,65.5
"86",-7,64.5
"86",-7,63.5
"86",-7,62.5
"86",-8,62.5
"86",-9,61.5
"86",-10,60.5
"86",-11,59.5
"86",-11,58.5
"86",-11,57.5
"86",-12,57.5
"86",-12,56.5
"86",-12,55.5
"86",-12,54.5
"86",-12,53.5
"86",-12,52.5
"86",-12,51.5
"86",-12,50.5
"86",-13,49.5
"86",-13,48.5
"86",-13,47.5
"86",-13,46.5
"86",-13,45.5
"86",-13,44.5
"86",-14,44.5
"86",-15,43.5
"86",-16,43.5
"86",-17,43.5
"86",-18,42.5
"86",-18,41.5
"86",-18,40.5
"86",-18,39.5
"86",-18,38.5
"86",-18,37.5
"86",-18,36.5
"86",-18,35.5
"86",-18,34.5
"86",-18,33.5
"86",-18,32.5
"86",-18,31.5
"86",-18,30.5
"86",-18,29.5
"86",-18,28.5
"86",-18,27.5
"86",-18,26.5
"86",-18,25.5
"86",-18,24.5
"86",-18,23.5
"86",-18,22.5
"86",-18,21.5
"86",-18,20.5
"86",-18,19.5
"86",-18,18.5
"86",-18,17.5
"86",-18,16.5
"86",-18,15.5
"86",-18,14.5
"86",-18,13.5
"86",-18,12.5
"86",-18,11.5
"86",-18,10.5
"86",-18,9.5
"86",-18,8.5
"86",-18,7.5
"86",-18,6.5
"86",-18,5.5
"86",-18,4.5
"86",-18,3.5
"86",-17,2.5
"86",-16,2.5
"86",-16,1.5
"86",-16,0.5
"86",-16,-0.5
"86",-16,-1.5
"86",-16,-2.5
"86",-16,-3.5
"86",-16,-4.5
"86",-16,-5.5
"86",-16,-6.5
"86",-16,-7.5
"86",-16,-8.5
"86",-16,-9.5
"86",-16,-10.5
"86",-16,-11.5
"86",-16,-12.5
"86",-16,-13.5
"86",-16,-14.5
"86",-16,-15.5
"86",-16,-16.5
"86",-16,-17.5
"86",-16,-18.5
"86",-16,-19.5
"86",-16,-20.5
"86",-16,-21.5
"86",-16,-22.5
"86",-15,-23.5
"86",-14,-23.5
"86",-13,-23.5
"86",-12,-23.5
"86",-12,-24.5
"86",-11,-23.5
"86",-10,-24.5
"86",-10,-25.5
"86",-10,-26.5
"86",-10,-27.5
"86",-10,-28.5
"86",-10,-29.5
"86",-9,-30.5
"86",-8,-31.5
"86",-8,-32.5
"86",-7,-33.5
"86",-7,-34.5
"86",-7,-35.5
"86",-7,-36.5
"86",-6,-37.5
"86",-5,-38.5
"86",-4,-38.5
"86",-3,-39.5
"86",-2,-40.5
"86",-1,-40.5
"86",0,-41.5
"86",1,-41.5
"86",1,-42.5
"86",1,-43.5
"86",1,-44.5
"86",2,-45.5
"86",3,-46.5
"86",4,-46.5
"86",5,-47.5
"86",6,-47.5
"86",7,-47.5
"86",8,-48.5
"86",9,-49.5
"86",10,-49.5
"86",11,-49.5
"86",12,-50.5
"86",13,-50.5
"86",14,-51.5
"86",15,-52.5
"86",16,-53.5
"86",17,-54.5
"86",18,-55.5
"86",19,-56.5
"86",20,-57.5
"86",20,-58.5
"86",20,-59.5
"86",20,-60.5
"86",20,-61.5
"86",20,-62.5
"86",20,-63.5
"86",20,-64.5
"86",20,-65.5
"87",10,76.5
"87",9,76.5
"87",8,75.5
"87",7,74.5
"87",6,73.5
"87",5,72.5
"87",4,71.5
"87",3,70.5
"87",2,69.5
"87",1,68.5
"87",1,67.5
"87",1,66.5
"87",0,65.5
"87",-1,64.5
"87",-2,63.5
"87",-3,62.5
"87",-4,61.5
"87",-5,60.5
"87",-6,59.5
"87",-7,58.5
"87",-8,57.5
"87",-9,56.5
"87",-10,55.5
"87",-10,54.5
"87",-11,53.5
"87",-12,52.5
"87",-13,51.5
"87",-13,50.5
"87",-13,49.5
"87",-13,48.5
"87",-13,47.5
"87",-13,46.5
"87",-13,45.5
"87",-13,44.5
"87",-13,43.5
"87",-13,42.5
"87",-13,41.5
"87",-13,40.5
"87",-13,39.5
"87",-13,38.5
"87",-13,37.5
"87",-13,36.5
"87",-13,35.5
"87",-13,34.5
"87",-13,33.5
"87",-13,32.5
"87",-13,31.5
"87",-13,30.5
"87",-13,29.5
"87",-14,28.5
"87",-15,27.5
"87",-16,26.5
"87",-17,25.5
"87",-18,24.5
"87",-18,23.5
"87",-18,22.5
"87",-18,21.5
"87",-18,20.5
"87",-18,19.5
"87",-18,18.5
"87",-18,17.5
"87",-18,16.5
"87",-18,15.5
"87",-18,14.5
"87",-18,13.5
"87",-18,12.5
"87",-18,11.5
"87",-18,10.5
"87",-18,9.5
"87",-18,8.5
"87",-18,7.5
"87",-18,6.5
"87",-18,5.5
"87",-18,4.5
"87",-18,3.5
"87",-18,2.5
"87",-18,1.5
"87",-18,0.5
"87",-18,-0.5
"87",-18,-1.5
"87",-17,-2.5
"87",-16,-3.5
"87",-15,-4.5
"87",-14,-5.5
"87",-13,-6.5
"87",-13,-7.5
"87",-13,-8.5
"87",-13,-9.5
"87",-13,-10.5
"87",-13,-11.5
"87",-13,-12.5
"87",-13,-13.5
"87",-13,-14.5
"87",-13,-15.5
"87",-13,-16.5
"87",-13,-17.5
"87",-13,-18.5
"87",-13,-19.5
"87",-13,-20.5
"87",-13,-21.5
"87",-13,-22.5
"87",-13,-23.5
"87",-13,-24.5
"87",-13,-25.5
"87",-13,-26.5
"87",-13,-27.5
"87",-13,-28.5
"87",-13,-29.5
"87",-13,-30.5
"87",-13,-31.5
"87",-13,-32.5
"87",-12,-33.5
"87",-11,-34.5
"87",-10,-35.5
"87",-9,-36.5
"87",-8,-37.5
"87",-7,-38.5
"87",-6,-39.5
"87",-5,-40.5
"87",-4,-41.5
"87",-3,-42.5
"87",-2,-43.5
"87",-1,-44.5
"87",0,-45.5
"87",1,-46.5
"87",2,-47.5
"87",3,-48.5
"87",4,-49.5
"87",5,-50.5
"87",6,-51.5
"87",7,-52.5
"87",8,-53.5
"87",9,-54.5
"87",10,-55.5
"87",11,-56.5
"87",12,-57.5
"87",13,-58.5
"87",14,-59.5
"87",15,-60.5
"87",16,-61.5
"87",17,-62.5
"87",18,-63.5
"87",19,-64.5
"87",20,-65.5
"88",10,76.5
"88",9,76.5
"88",8,76.5
"88",7,76.5
"88",6,75.5
"88",5,75.5
"88",4,75.5
"88",4,74.5
"88",4,73.5
"88",3,72.5
"88",2,71.5
"88",1,70.5
"88",0,69.5
"88",-1,69.5
"88",-2,69.5
"88",-3,68.5
"88",-4,68.5
"88",-5,67.5
"88",-6,67.5
"88",-7,67.5
"88",-7,66.5
"88",-7,65.5
"88",-7,64.5
"88",-7,63.5
"88",-7,62.5
"88",-8,61.5
"88",-9,60.5
"88",-10,59.5
"88",-11,58.5
"88",-12,57.5
"88",-13,56.5
"88",-13,55.5
"88",-13,54.5
"88",-13,53.5
"88",-13,52.5
"88",-13,51.5
"88",-13,50.5
"88",-13,49.5
"88",-13,48.5
"88",-13,47.5
"88",-13,46.5
"88",-13,45.5
"88",-13,44.5
"88",-14,43.5
"88",-14,42.5
"88",-14,41.5
"88",-14,40.5
"88",-14,39.5
"88",-14,38.5
"88",-14,37.5
"88",-14,36.5
"88",-14,35.5
"88",-14,34.5
"88",-14,33.5
"88",-14,32.5
"88",-14,31.5
"88",-14,30.5
"88",-14,29.5
"88",-14,28.5
"88",-15,27.5
"88",-16,26.5
"88",-17,25.5
"88",-18,24.5
"88",-18,23.5
"88",-18,22.5
"88",-18,21.5
"88",-18,20.5
"88",-18,19.5
"88",-18,18.5
"88",-18,17.5
"88",-18,16.5
"88",-18,15.5
"88",-18,14.5
"88",-18,13.5
"88",-18,12.5
"88",-18,11.5
"88",-18,10.5
"88",-18,9.5
"88",-18,8.5
"88",-18,7.5
"88",-18,6.5
"88",-18,5.5
"88",-18,4.5
"88",-18,3.5
"88",-18,2.5
"88",-18,1.5
"88",-18,0.5
"88",-18,-0.5
"88",-18,-1.5
"88",-18,-2.5
"88",-17,-3.5
"88",-16,-4.5
"88",-16,-5.5
"88",-16,-6.5
"88",-16,-7.5
"88",-16,-8.5
"88",-16,-9.5
"88",-16,-10.5
"88",-16,-11.5
"88",-16,-12.5
"88",-16,-13.5
"88",-16,-14.5
"88",-16,-15.5
"88",-16,-16.5
"88",-16,-17.5
"88",-16,-18.5
"88",-16,-19.5
"88",-16,-20.5
"88",-16,-21.5
"88",-16,-22.5
"88",-16,-23.5
"88",-16,-24.5
"88",-16,-25.5
"88",-16,-26.5
"88",-16,-27.5
"88",-16,-28.5
"88",-16,-29.5
"88",-16,-30.5
"88",-16,-31.5
"88",-16,-32.5
"88",-15,-33.5
"88",-14,-34.5
"88",-13,-35.5
"88",-12,-36.5
"88",-11,-37.5
"88",-10,-38.5
"88",-9,-39.5
"88",-8,-40.5
"88",-7,-41.5
"88",-6,-42.5
"88",-5,-43.5
"88",-4,-44.5
"88",-3,-45.5
"88",-2,-46.5
"88",-1,-47.5
"88",0,-48.5
"88",1,-49.5
"88",2,-50.5
"88",3,-51.5
"88",4,-52.5
"88",5,-53.5
"88",6,-54.5
"88",7,-54.5
"88",8,-55.5
"88",9,-55.5
"88",10,-56.5
"88",11,-56.5
"88",12,-57.5
"88",13,-57.5
"88",14,-58.5
"88",15,-59.5
"88",16,-60.5
"88",17,-61.5
"88",18,-62.5
"88",19,-63.5
"88",20,-64.5
"88",20,-65.5
"89",10,76.5
"89",9,76.5
"89",8,76.5
"89",7,76.5
"89",6,75.5
"89",5,75.5
"89",4,75.5
"89",4,74.5
"89",4,73.5
"89",3,72.5
"89",2,71.5
"89",1,70.5
"89",0,69.5
"89",-1,69.5
"89",-2,69.5
"89",-3,68.5
"89",-4,68.5
"89",-5,67.5
"89",-6,67.5
"89",-7,67.5
"89",-7,66.5
"89",-7,65.5
"89",-7,64.5
"89",-7,63.5
"89",-7,62.5
"89",-8,62.5
"89",-9,61.5
"89",-10,60.5
"89",-11,59.5
"89",-11,58.5
"89",-11,57.5
"89",-12,57.5
"89",-13,56.5
"89",-13,55.5
"89",-13,54.5
"89",-13,53.5
"89",-13,52.5
"89",-13,51.5
"89",-13,50.5
"89",-13,49.5
"89",-13,48.5
"89",-13,47.5
"89",-13,46.5
"89",-13,45.5
"89",-14,45.5
"89",-15,44.5
"89",-16,44.5
"89",-17,44.5
"89",-18,43.5
"89",-18,42.5
"89",-18,41.5
"89",-18,40.5
"89",-18,39.5
"89",-18,38.5
"89",-18,37.5
"89",-18,36.5
"89",-18,35.5
"89",-18,34.5
"89",-18,33.5
"89",-18,32.5
"89",-18,31.5
"89",-18,30.5
"89",-18,29.5
"89",-18,28.5
"89",-18,27.5
"89",-18,26.5
"89",-18,25.5
"89",-18,24.5
"89",-18,23.5
"89",-18,22.5
"89",-18,21.5
"89",-18,20.5
"89",-18,19.5
"89",-18,18.5
"89",-18,17.5
"89",-18,16.5
"89",-18,15.5
"89",-18,14.5
"89",-18,13.5
"89",-18,12.5
"89",-18,11.5
"89",-18,10.5
"89",-18,9.5
"89",-18,8.5
"89",-18,7.5
"89",-18,6.5
"89",-18,5.5
"89",-18,4.5
"89",-18,3.5
"89",-18,2.5
"89",-18,1.5
"89",-18,0.5
"89",-18,-0.5
"89",-18,-1.5
"89",-17,-2.5
"89",-16,-3.5
"89",-16,-4.5
"89",-16,-5.5
"89",-16,-6.5
"89",-16,-7.5
"89",-16,-8.5
"89",-16,-9.5
"89",-16,-10.5
"89",-16,-11.5
"89",-16,-12.5
"89",-16,-13.5
"89",-16,-14.5
"89",-16,-15.5
"89",-16,-16.5
"89",-16,-17.5
"89",-16,-18.5
"89",-16,-19.5
"89",-16,-20.5
"89",-16,-21.5
"89",-16,-22.5
"89",-16,-23.5
"89",-16,-24.5
"89",-16,-25.5
"89",-16,-26.5
"89",-16,-27.5
"89",-16,-28.5
"89",-16,-29.5
"89",-16,-30.5
"89",-16,-31.5
"89",-16,-32.5
"89",-16,-33.5
"89",-16,-34.5
"89",-16,-35.5
"89",-16,-36.5
"89",-16,-37.5
"89",-16,-38.5
"89",-16,-39.5
"89",-16,-40.5
"89",-16,-41.5
"89",-15,-42.5
"89",-14,-42.5
"89",-13,-43.5
"89",-12,-44.5
"89",-11,-45.5
"89",-10,-46.5
"89",-9,-47.5
"89",-8,-48.5
"89",-7,-48.5
"89",-6,-49.5
"89",-5,-50.5
"89",-4,-50.5
"89",-3,-51.5
"89",-2,-52.5
"89",-1,-53.5
"89",0,-54.5
"89",1,-55.5
"89",2,-55.5
"89",3,-55.5
"89",4,-55.5
"89",5,-55.5
"89",6,-56.5
"89",7,-56.5
"89",8,-57.5
"89",9,-58.5
"89",10,-58.5
"89",11,-59.5
"89",12,-60.5
"89",13,-60.5
"89",14,-61.5
"89",15,-62.5
"89",16,-62.5
"89",17,-62.5
"89",18,-63.5
"89",19,-64.5
"89",20,-65.5
"90",10,76.5
"90",9,76.5
"90",8,76.5
"90",7,76.5
"90",6,75.5
"90",5,75.5
"90",4,75.5
"90",3,75.5
"90",2,75.5
"90",1,75.5
"90",0,74.5
"90",-1,74.5
"90",-1,73.5
"90",-1,72.5
"90",-1,71.5
"90",-1,70.5
"90",-1,69.5
"90",-2,69.5
"90",-3,68.5
"90",-4,68.5
"90",-5,67.5
"90",-6,67.5
"90",-7,67.5
"90",-7,66.5
"90",-7,65.5
"90",-7,64.5
"90",-7,63.5
"90",-7,62.5
"90",-8,62.5
"90",-9,61.5
"90",-10,60.5
"90",-11,59.5
"90",-11,58.5
"90",-11,57.5
"90",-12,57.5
"90",-12,56.5
"90",-12,55.5
"90",-12,54.5
"90",-12,53.5
"90",-12,52.5
"90",-12,51.5
"90",-12,50.5
"90",-13,49.5
"90",-13,48.5
"90",-13,47.5
"90",-13,46.5
"90",-13,45.5
"90",-13,44.5
"90",-14,44.5
"90",-15,43.5
"90",-16,43.5
"90",-17,43.5
"90",-18,42.5
"90",-18,41.5
"90",-18,40.5
"90",-18,39.5
"90",-18,38.5
"90",-18,37.5
"90",-18,36.5
"90",-18,35.5
"90",-18,34.5
"90",-18,33.5
"90",-18,32.5
"90",-18,31.5
"90",-18,30.5
"90",-18,29.5
"90",-18,28.5
"90",-18,27.5
"90",-18,26.5
"90",-18,25.5
"90",-18,24.5
"90",-18,23.5
"90",-18,22.5
"90",-18,21.5
"90",-18,20.5
"90",-18,19.5
"90",-18,18.5
"90",-18,17.5
"90",-18,16.5
"90",-18,15.5
"90",-18,14.5
"90",-18,13.5
"90",-18,12.5
"90",-18,11.5
"90",-18,10.5
"90",-18,9.5
"90",-18,8.5
"90",-18,7.5
"90",-18,6.5
"90",-18,5.5
"90",-18,4.5
"90",-18,3.5
"90",-17,2.5
"90",-16,2.5
"90",-16,1.5
"90",-16,0.5
"90",-16,-0.5
"90",-16,-1.5
"90",-16,-2.5
"90",-16,-3.5
"90",-16,-4.5
"90",-16,-5.5
"90",-16,-6.5
"90",-16,-7.5
"90",-16,-8.5
"90",-16,-9.5
"90",-16,-10.5
"90",-16,-11.5
"90",-16,-12.5
"90",-16,-13.5
"90",-16,-14.5
"90",-16,-15.5
"90",-16,-16.5
"90",-16,-17.5
"90",-16,-18.5
"90",-16,-19.5
"90",-16,-20.5
"90",-16,-21.5
"90",-16,-22.5
"90",-16,-23.5
"90",-16,-24.5
"90",-16,-25.5
"90",-16,-26.5
"90",-16,-27.5
"90",-16,-28.5
"90",-15,-29.5
"90",-14,-29.5
"90",-13,-30.5
"90",-12,-30.5
"90",-12,-31.5
"90",-11,-32.5
"90",-11,-33.5
"90",-10,-34.5
"90",-9,-34.5
"90",-8,-35.5
"90",-7,-35.5
"90",-7,-36.5
"90",-6,-37.5
"90",-5,-38.5
"90",-4,-38.5
"90",-3,-39.5
"90",-2,-40.5
"90",-1,-40.5
"90",0,-41.5
"90",1,-41.5
"90",1,-42.5
"90",1,-43.5
"90",1,-44.5
"90",2,-45.5
"90",3,-46.5
"90",4,-46.5
"90",5,-47.5
"90",6,-47.5
"90",7,-47.5
"90",8,-48.5
"90",9,-49.5
"90",10,-49.5
"90",11,-49.5
"90",12,-50.5
"90",13,-50.5
"90",14,-51.5
"90",15,-52.5
"90",16,-53.5
"90",17,-54.5
"90",18,-55.5
"90",19,-56.5
"90",20,-57.5
"90",20,-58.5
"90",20,-59.5
"90",20,-60.5
"90",20,-61.5
"90",20,-62.5
"90",20,-63.5
"90",20,-64.5
"90",20,-65.5
"91",10,76.5
"91",9,76.5
"91",8,76.5
"91",7,76.5
"91",6,76.5
"91",5,76.5
"91",4,76.5
"91",3,76.5
"91",2,76.5
"91",1,76.5
"91",0,76.5
"91",-1,76.5
"91",-2,76.5
"91",-3,76.5
"91",-3,75.5
"91",-3,74.5
"91",-3,73.5
"91",-3,72.5
"91",-4,71.5
"91",-5,70.5
"91",-6,69.5
"91",-7,68.5
"91",-8,67.5
"91",-9,66.5
"91",-9,65.5
"91",-9,64.5
"91",-9,63.5
"91",-9,62.5
"91",-9,61.5
"91",-10,60.5
"91",-11,59.5
"91",-12,58.5
"91",-13,57.5
"91",-14,56.5
"91",-14,55.5
"91",-14,54.5
"91",-14,53.5
"91",-14,52.5
"91",-14,51.5
"91",-14,50.5
"91",-14,49.5
"91",-14,48.5
"91",-14,47.5
"91",-14,46.5
"91",-14,45.5
"91",-14,44.5
"91",-14,43.5
"91",-14,42.5
"91",-14,41.5
"91",-14,40.5
"91",-14,39.5
"91",-14,38.5
"91",-14,37.5
"91",-14,36.5
"91",-14,35.5
"91",-14,34.5
"91",-14,33.5
"91",-14,32.5
"91",-14,31.5
"91",-14,30.5
"91",-14,29.5
"91",-15,28.5
"91",-16,27.5
"91",-16,26.5
"91",-17,25.5
"91",-18,24.5
"91",-18,23.5
"91",-18,22.5
"91",-18,21.5
"91",-18,20.5
"91",-18,19.5
"91",-18,18.5
"91",-18,17.5
"91",-18,16.5
"91",-18,15.5
"91",-18,14.5
"91",-18,13.5
"91",-18,12.5
"91",-18,11.5
"91",-18,10.5
"91",-18,9.5
"91",-18,8.5
"91",-18,7.5
"91",-18,6.5
"91",-18,5.5
"91",-18,4.5
"91",-18,3.5
"91",-18,2.5
"91",-18,1.5
"91",-18,0.5
"91",-18,-0.5
"91",-18,-1.5
"91",-17,-2.5
"91",-16,-3.5
"91",-15,-4.5
"91",-14,-5.5
"91",-14,-6.5
"91",-14,-7.5
"91",-14,-8.5
"91",-14,-9.5
"91",-14,-10.5
"91",-14,-11.5
"91",-14,-12.5
"91",-14,-13.5
"91",-14,-14.5
"91",-14,-15.5
"91",-14,-16.5
"91",-14,-17.5
"91",-14,-18.5
"91",-14,-19.5
"91",-14,-20.5
"91",-14,-21.5
"91",-14,-22.5
"91",-14,-23.5
"91",-14,-24.5
"91",-14,-25.5
"91",-14,-26.5
"91",-14,-27.5
"91",-14,-28.5
"91",-14,-29.5
"91",-14,-30.5
"91",-14,-31.5
"91",-13,-32.5
"91",-12,-33.5
"91",-11,-34.5
"91",-10,-35.5
"91",-9,-36.5
"91",-8,-37.5
"91",-7,-38.5
"91",-6,-39.5
"91",-5,-40.5
"91",-4,-41.5
"91",-3,-42.5
"91",-2,-43.5
"91",-1,-44.5
"91",0,-45.5
"91",1,-46.5
"91",2,-47.5
"91",3,-48.5
"91",4,-49.5
"91",5,-50.5
"91",6,-51.5
"91",7,-52.5
"91",8,-53.5
"91",9,-54.5
"91",10,-55.5
"91",11,-56.5
"91",12,-57.5
"91",13,-58.5
"91",14,-59.5
"91",15,-60.5
"91",16,-61.5
"91",17,-62.5
"91",18,-63.5
"91",19,-64.5
"91",20,-65.5
"92",10,76.5
"92",9,76.5
"92",8,76.5
"92",7,76.5
"92",6,76.5
"92",5,76.5
"92",4,76.5
"92",3,76.5
"92",2,76.5
"92",1,76.5
"92",0,76.5
"92",-1,76.5
"92",-2,76.5
"92",-3,76.5
"92",-4,76.5
"92",-5,76.5
"92",-6,76.5
"92",-7,76.5
"92",-8,76.5
"92",-9,76.5
"92",-10,76.5
"92",-11,76.5
"92",-11,75.5
"92",-11,74.5
"92",-11,73.5
"92",-11,72.5
"92",-11,71.5
"92",-11,70.5
"92",-11,69.5
"92",-11,68.5
"92",-11,67.5
"92",-11,66.5
"92",-11,65.5
"92",-11,64.5
"92",-11,63.5
"92",-11,62.5
"92",-11,61.5
"92",-11,60.5
"92",-11,59.5
"92",-11,58.5
"92",-12,57.5
"92",-13,56.5
"92",-13,55.5
"92",-13,54.5
"92",-13,53.5
"92",-13,52.5
"92",-13,51.5
"92",-13,50.5
"92",-13,49.5
"92",-13,48.5
"92",-13,47.5
"92",-13,46.5
"92",-13,45.5
"92",-13,44.5
"92",-14,43.5
"92",-14,42.5
"92",-14,41.5
"92",-14,40.5
"92",-14,39.5
"92",-14,38.5
"92",-14,37.5
"92",-14,36.5
"92",-14,35.5
"92",-14,34.5
"92",-14,33.5
"92",-14,32.5
"92",-14,31.5
"92",-14,30.5
"92",-14,29.5
"92",-14,28.5
"92",-15,27.5
"92",-16,26.5
"92",-17,25.5
"92",-18,24.5
"92",-18,23.5
"92",-18,22.5
"92",-18,21.5
"92",-18,20.5
"92",-18,19.5
"92",-18,18.5
"92",-18,17.5
"92",-18,16.5
"92",-18,15.5
"92",-18,14.5
"92",-18,13.5
"92",-18,12.5
"92",-18,11.5
"92",-18,10.5
"92",-18,9.5
"92",-18,8.5
"92",-18,7.5
"92",-18,6.5
"92",-18,5.5
"92",-18,4.5
"92",-18,3.5
"92",-18,2.5
"92",-18,1.5
"92",-18,0.5
"92",-18,-0.5
"92",-18,-1.5
"92",-17,-2.5
"92",-16,-3.5
"92",-16,-4.5
"92",-16,-5.5
"92",-16,-6.5
"92",-16,-7.5
"92",-16,-8.5
"92",-16,-9.5
"92",-16,-10.5
"92",-16,-11.5
"92",-16,-12.5
"92",-16,-13.5
"92",-16,-14.5
"92",-16,-15.5
"92",-16,-16.5
"92",-16,-17.5
"92",-16,-18.5
"92",-16,-19.5
"92",-16,-20.5
"92",-16,-21.5
"92",-16,-22.5
"92",-16,-23.5
"92",-16,-24.5
"92",-16,-25.5
"92",-16,-26.5
"92",-16,-27.5
"92",-16,-28.5
"92",-16,-29.5
"92",-16,-30.5
"92",-16,-31.5
"92",-16,-32.5
"92",-16,-33.5
"92",-16,-34.5
"92",-16,-35.5
"92",-15,-36.5
"92",-14,-37.5
"92",-13,-38.5
"92",-12,-39.5
"92",-11,-40.5
"92",-10,-41.5
"92",-9,-42.5
"92",-8,-43.5
"92",-7,-44.5
"92",-6,-45.5
"92",-5,-46.5
"92",-4,-47.5
"92",-3,-48.5
"92",-2,-49.5
"92",-1,-50.5
"92",0,-51.5
"92",1,-52.5
"92",2,-53.5
"92",3,-54.5
"92",4,-54.5
"92",5,-55.5
"92",6,-56.5
"92",7,-56.5
"92",8,-57.5
"92",9,-58.5
"92",10,-58.5
"92",11,-59.5
"92",12,-60.5
"92",13,-60.5
"92",14,-61.5
"92",15,-62.5
"92",16,-62.5
"92",17,-62.5
"92",18,-63.5
"92",19,-64.5
"92",20,-65.5
"93",10,76.5
"93",9,76.5
"93",8,76.5
"93",7,76.5
"93",6,76.5
"93",5,76.5
"93",4,76.5
"93",3,76.5
"93",2,76.5
"93",1,76.5
"93",0,76.5
"93",-1,76.5
"93",-2,76.5
"93",-3,76.5
"93",-4,76.5
"93",-5,76.5
"93",-6,76.5
"93",-7,76.5
"93",-8,76.5
"93",-9,76.5
"93",-10,76.5
"93",-11,76.5
"93",-11,75.5
"93",-11,74.5
"93",-11,73.5
"93",-11,72.5
"93",-11,71.5
"93",-11,70.5
"93",-11,69.5
"93",-11,68.5
"93",-11,67.5
"93",-11,66.5
"93",-11,65.5
"93",-11,64.5
"93",-11,63.5
"93",-11,62.5
"93",-11,61.5
"93",-11,60.5
"93",-11,59.5
"93",-11,58.5
"93",-11,57.5
"93",-12,57.5
"93",-13,56.5
"93",-13,55.5
"93",-13,54.5
"93",-13,53.5
"93",-13,52.5
"93",-13,51.5
"93",-13,50.5
"93",-13,49.5
"93",-13,48.5
"93",-13,47.5
"93",-13,46.5
"93",-13,45.5
"93",-13,44.5
"93",-14,44.5
"93",-15,43.5
"93",-16,43.5
"93",-17,43.5
"93",-18,42.5
"93",-18,41.5
"93",-18,40.5
"93",-18,39.5
"93",-18,38.5
"93",-18,37.5
"93",-18,36.5
"93",-18,35.5
"93",-18,34.5
"93",-18,33.5
"93",-18,32.5
"93",-18,31.5
"93",-18,30.5
"93",-18,29.5
"93",-18,28.5
"93",-18,27.5
"93",-18,26.5
"93",-18,25.5
"93",-18,24.5
"93",-18,23.5
"93",-18,22.5
"93",-18,21.5
"93",-18,20.5
"93",-18,19.5
"93",-18,18.5
"93",-18,17.5
"93",-18,16.5
"93",-18,15.5
"93",-18,14.5
"93",-18,13.5
"93",-18,12.5
"93",-18,11.5
"93",-18,10.5
"93",-18,9.5
"93",-18,8.5
"93",-18,7.5
"93",-18,6.5
"93",-17,5.5
"93",-16,5.5
"93",-16,4.5
"93",-16,3.5
"93",-16,2.5
"93",-16,1.5
"93",-16,0.5
"93",-16,-0.5
"93",-16,-1.5
"93",-16,-2.5
"93",-16,-3.5
"93",-16,-4.5
"93",-16,-5.5
"93",-16,-6.5
"93",-16,-7.5
"93",-16,-8.5
"93",-16,-9.5
"93",-16,-10.5
"93",-16,-11.5
"93",-16,-12.5
"93",-16,-13.5
"93",-16,-14.5
"93",-16,-15.5
"93",-16,-16.5
"93",-16,-17.5
"93",-16,-18.5
"93",-16,-19.5
"93",-16,-20.5
"93",-16,-21.5
"93",-16,-22.5
"93",-16,-23.5
"93",-16,-24.5
"93",-16,-25.5
"93",-16,-26.5
"93",-16,-27.5
"93",-16,-28.5
"93",-15,-29.5
"93",-14,-29.5
"93",-13,-30.5
"93",-12,-30.5
"93",-12,-31.5
"93",-11,-32.5
"93",-11,-33.5
"93",-11,-34.5
"93",-11,-35.5
"93",-10,-36.5
"93",-9,-36.5
"93",-8,-37.5
"93",-7,-37.5
"93",-7,-38.5
"93",-7,-39.5
"93",-7,-40.5
"93",-7,-41.5
"93",-7,-42.5
"93",-7,-43.5
"93",-7,-44.5
"93",-7,-45.5
"93",-7,-46.5
"93",-6,-47.5
"93",-5,-48.5
"93",-4,-49.5
"93",-3,-49.5
"93",-2,-50.5
"93",-1,-51.5
"93",0,-52.5
"93",1,-53.5
"93",2,-53.5
"93",3,-53.5
"93",4,-53.5
"93",5,-53.5
"93",6,-54.5
"93",7,-54.5
"93",8,-55.5
"93",9,-56.5
"93",10,-56.5
"93",11,-56.5
"93",12,-57.5
"93",13,-57.5
"93",14,-58.5
"93",15,-59.5
"93",16,-60.5
"93",17,-60.5
"93",18,-61.5
"93",19,-62.5
"93",20,-63.5
"93",20,-64.5
"93",20,-65.5
"94",10,76.5
"94",9,76.5
"94",8,76.5
"94",7,76.5
"94",6,76.5
"94",5,76.5
"94",4,76.5
"94",3,76.5
"94",2,76.5
"94",1,76.5
"94",0,76.5
"94",-1,76.5
"94",-2,76.5
"94",-3,76.5
"94",-4,76.5
"94",-5,76.5
"94",-6,76.5
"94",-7,76.5
"94",-8,76.5
"94",-8,75.5
"94",-8,74.5
"94",-8,73.5
"94",-8,72.5
"94",-8,71.5
"94",-8,70.5
"94",-9,69.5
"94",-10,68.5
"94",-11,67.5
"94",-12,66.5
"94",-13,65.5
"94",-13,64.5
"94",-13,63.5
"94",-13,62.5
"94",-13,61.5
"94",-13,60.5
"94",-14,59.5
"94",-14,58.5
"94",-14,57.5
"94",-14,56.5
"94",-14,55.5
"94",-14,54.5
"94",-14,53.5
"94",-14,52.5
"94",-14,51.5
"94",-14,50.5
"94",-14,49.5
"94",-14,48.5
"94",-14,47.5
"94",-14,46.5
"94",-14,45.5
"94",-14,44.5
"94",-14,43.5
"94",-14,42.5
"94",-14,41.5
"94",-14,40.5
"94",-14,39.5
"94",-14,38.5
"94",-14,37.5
"94",-14,36.5
"94",-14,35.5
"94",-14,34.5
"94",-14,33.5
"94",-14,32.5
"94",-14,31.5
"94",-14,30.5
"94",-14,29.5
"94",-15,28.5
"94",-15,27.5
"94",-16,26.5
"94",-17,25.5
"94",-18,24.5
"94",-18,23.5
"94",-18,22.5
"94",-18,21.5
"94",-18,20.5
"94",-18,19.5
"94",-18,18.5
"94",-18,17.5
"94",-18,16.5
"94",-18,15.5
"94",-18,14.5
"94",-18,13.5
"94",-18,12.5
"94",-18,11.5
"94",-18,10.5
"94",-18,9.5
"94",-18,8.5
"94",-18,7.5
"94",-18,6.5
"94",-18,5.5
"94",-18,4.5
"94",-18,3.5
"94",-18,2.5
"94",-18,1.5
"94",-18,0.5
"94",-18,-0.5
"94",-18,-1.5
"94",-18,-2.5
"94",-18,-3.5
"94",-18,-4.5
"94",-18,-5.5
"94",-18,-6.5
"94",-18,-7.5
"94",-18,-8.5
"94",-18,-9.5
"94",-18,-10.5
"94",-18,-11.5
"94",-18,-12.5
"94",-18,-13.5
"94",-18,-14.5
"94",-18,-15.5
"94",-18,-16.5
"94",-18,-17.5
"94",-18,-18.5
"94",-18,-19.5
"94",-18,-20.5
"94",-18,-21.5
"94",-18,-22.5
"94",-18,-23.5
"94",-18,-24.5
"94",-18,-25.5
"94",-18,-26.5
"94",-18,-27.5
"94",-18,-28.5
"94",-18,-29.5
"94",-18,-30.5
"94",-17,-31.5
"94",-16,-32.5
"94",-15,-33.5
"94",-14,-34.5
"94",-13,-35.5
"94",-12,-36.5
"94",-11,-37.5
"94",-10,-38.5
"94",-9,-39.5
"94",-8,-40.5
"94",-7,-41.5
"94",-6,-42.5
"94",-5,-43.5
"94",-4,-44.5
"94",-3,-45.5
"94",-2,-46.5
"94",-1,-47.5
"94",0,-48.5
"94",1,-49.5
"94",2,-50.5
"94",3,-51.5
"94",4,-52.5
"94",5,-53.5
"94",6,-54.5
"94",7,-55.5
"94",8,-56.5
"94",9,-57.5
"94",10,-58.5
"94",11,-59.5
"94",12,-60.5
"94",13,-61.5
"94",14,-62.5
"94",15,-63.5
"94",16,-63.5
"94",17,-63.5
"94",18,-64.5
"94",19,-64.5
"94",20,-65.5
"95",10,76.5
"95",9,76.5
"95",8,76.5
"95",7,76.5
"95",6,76.5
"95",5,76.5
"95",4,76.5
"95",3,76.5
"95",2,76.5
"95",1,76.5
"95",0,76.5
"95",-1,76.5
"95",-2,76.5
"95",-3,76.5
"95",-4,76.5
"95",-5,76.5
"95",-6,76.5
"95",-7,76.5
"95",-8,76.5
"95",-9,76.5
"95",-10,76.5
"95",-11,76.5
"95",-11,75.5
"95",-11,74.5
"95",-11,73.5
"95",-11,72.5
"95",-11,71.5
"95",-11,70.5
"95",-11,69.5
"95",-11,68.5
"95",-11,67.5
"95",-11,66.5
"95",-11,65.5
"95",-12,65.5
"95",-13,64.5
"95",-14,63.5
"95",-15,62.5
"95",-15,61.5
"95",-15,60.5
"95",-15,59.5
"95",-15,58.5
"95",-15,57.5
"95",-15,56.5
"95",-15,55.5
"95",-15,54.5
"95",-15,53.5
"95",-16,52.5
"95",-17,51.5
"95",-18,50.5
"95",-18,49.5
"95",-18,48.5
"95",-18,47.5
"95",-18,46.5
"95",-18,45.5
"95",-18,44.5
"95",-18,43.5
"95",-18,42.5
"95",-18,41.5
"95",-18,40.5
"95",-18,39.5
"95",-18,38.5
"95",-18,37.5
"95",-18,36.5
"95",-18,35.5
"95",-18,34.5
"95",-18,33.5
"95",-18,32.5
"95",-18,31.5
"95",-18,30.5
"95",-18,29.5
"95",-18,28.5
"95",-18,27.5
"95",-18,26.5
"95",-18,25.5
"95",-18,24.5
"95",-18,23.5
"95",-18,22.5
"95",-18,21.5
"95",-18,20.5
"95",-18,19.5
"95",-18,18.5
"95",-18,17.5
"95",-18,16.5
"95",-18,15.5
"95",-18,14.5
"95",-18,13.5
"95",-18,12.5
"95",-18,11.5
"95",-18,10.5
"95",-18,9.5
"95",-18,8.5
"95",-17,7.5
"95",-16,6.5
"95",-16,5.5
"95",-16,4.5
"95",-16,3.5
"95",-16,2.5
"95",-16,1.5
"95",-16,0.5
"95",-16,-0.5
"95",-16,-1.5
"95",-16,-2.5
"95",-16,-3.5
"95",-16,-4.5
"95",-16,-5.5
"95",-16,-6.5
"95",-16,-7.5
"95",-16,-8.5
"95",-16,-9.5
"95",-16,-10.5
"95",-16,-11.5
"95",-16,-12.5
"95",-16,-13.5
"95",-16,-14.5
"95",-16,-15.5
"95",-16,-16.5
"95",-16,-17.5
"95",-16,-18.5
"95",-16,-19.5
"95",-16,-20.5
"95",-16,-21.5
"95",-16,-22.5
"95",-16,-23.5
"95",-16,-24.5
"95",-16,-25.5
"95",-16,-26.5
"95",-16,-27.5
"95",-16,-28.5
"95",-16,-29.5
"95",-16,-30.5
"95",-16,-31.5
"95",-16,-32.5
"95",-16,-33.5
"95",-16,-34.5
"95",-16,-35.5
"95",-15,-36.5
"95",-14,-37.5
"95",-13,-38.5
"95",-12,-39.5
"95",-11,-40.5
"95",-10,-41.5
"95",-9,-42.5
"95",-8,-43.5
"95",-7,-44.5
"95",-6,-45.5
"95",-5,-46.5
"95",-4,-47.5
"95",-3,-48.5
"95",-2,-49.5
"95",-1,-50.5
"95",0,-51.5
"95",1,-52.5
"95",2,-53.5
"95",3,-54.5
"95",4,-54.5
"95",5,-55.5
"95",6,-56.5
"95",7,-56.5
"95",8,-57.5
"95",9,-58.5
"95",10,-58.5
"95",11,-59.5
"95",12,-60.5
"95",13,-60.5
"95",14,-61.5
"95",15,-62.5
"95",16,-62.5
"95",17,-62.5
"95",18,-63.5
"95",19,-64.5
"95",20,-65.5
"96",10,76.5
"96",9,76.5
"96",8,76.5
"96",7,76.5
"96",6,76.5
"96",5,76.5
"96",4,76.5
"96",3,76.5
"96",2,76.5
"96",1,76.5
"96",0,76.5
"96",-1,76.5
"96",-2,76.5
"96",-3,76.5
"96",-4,76.5
"96",-5,76.5
"96",-6,76.5
"96",-7,76.5
"96",-8,76.5
"96",-9,76.5
"96",-10,76.5
"96",-11,76.5
"96",-11,75.5
"96",-11,74.5
"96",-11,73.5
"96",-11,72.5
"96",-11,71.5
"96",-11,70.5
"96",-11,69.5
"96",-11,68.5
"96",-11,67.5
"96",-11,66.5
"96",-11,65.5
"96",-11,64.5
"96",-11,63.5
"96",-11,62.5
"96",-11,61.5
"96",-11,60.5
"96",-11,59.5
"96",-11,58.5
"96",-11,57.5
"96",-12,57.5
"96",-13,56.5
"96",-13,55.5
"96",-13,54.5
"96",-13,53.5
"96",-13,52.5
"96",-13,51.5
"96",-13,50.5
"96",-13,49.5
"96",-13,48.5
"96",-13,47.5
"96",-13,46.5
"96",-13,45.5
"96",-13,44.5
"96",-14,44.5
"96",-15,43.5
"96",-16,43.5
"96",-17,43.5
"96",-18,42.5
"96",-18,41.5
"96",-18,40.5
"96",-18,39.5
"96",-18,38.5
"96",-18,37.5
"96",-18,36.5
"96",-18,35.5
"96",-18,34.5
"96",-18,33.5
"96",-18,32.5
"96",-18,31.5
"96",-18,30.5
"96",-18,29.5
"96",-18,28.5
"96",-18,27.5
"96",-18,26.5
"96",-18,25.5
"96",-18,24.5
"96",-18,23.5
"96",-18,22.5
"96",-18,21.5
"96",-18,20.5
"96",-18,19.5
"96",-18,18.5
"96",-18,17.5
"96",-18,16.5
"96",-18,15.5
"96",-18,14.5
"96",-18,13.5
"96",-18,12.5
"96",-18,11.5
"96",-18,10.5
"96",-18,9.5
"96",-18,8.5
"96",-17,7.5
"96",-16,6.5
"96",-16,5.5
"96",-16,4.5
"96",-16,3.5
"96",-16,2.5
"96",-16,1.5
"96",-16,0.5
"96",-16,-0.5
"96",-16,-1.5
"96",-16,-2.5
"96",-16,-3.5
"96",-16,-4.5
"96",-16,-5.5
"96",-16,-6.5
"96",-16,-7.5
"96",-16,-8.5
"96",-16,-9.5
"96",-16,-10.5
"96",-16,-11.5
"96",-16,-12.5
"96",-16,-13.5
"96",-16,-14.5
"96",-16,-15.5
"96",-16,-16.5
"96",-16,-17.5
"96",-16,-18.5
"96",-16,-19.5
"96",-16,-20.5
"96",-16,-21.5
"96",-16,-22.5
"96",-16,-23.5
"96",-16,-24.5
"96",-16,-25.5
"96",-16,-26.5
"96",-16,-27.5
"96",-16,-28.5
"96",-16,-29.5
"96",-16,-30.5
"96",-16,-31.5
"96",-16,-32.5
"96",-16,-33.5
"96",-16,-34.5
"96",-16,-35.5
"96",-16,-36.5
"96",-16,-37.5
"96",-16,-38.5
"96",-16,-39.5
"96",-16,-40.5
"96",-16,-41.5
"96",-15,-42.5
"96",-14,-42.5
"96",-13,-43.5
"96",-12,-44.5
"96",-11,-44.5
"96",-10,-45.5
"96",-9,-46.5
"96",-8,-47.5
"96",-7,-47.5
"96",-6,-48.5
"96",-5,-48.5
"96",-4,-49.5
"96",-3,-49.5
"96",-2,-50.5
"96",-1,-51.5
"96",0,-52.5
"96",1,-53.5
"96",2,-53.5
"96",3,-53.5
"96",4,-53.5
"96",5,-53.5
"96",6,-54.5
"96",7,-54.5
"96",8,-55.5
"96",9,-56.5
"96",10,-56.5
"96",11,-56.5
"96",12,-57.5
"96",13,-57.5
"96",14,-58.5
"96",15,-59.5
"96",16,-60.5
"96",17,-60.5
"96",18,-61.5
"96",19,-62.5
"96",20,-63.5
"96",20,-64.5
"96",20,-65.5
"97",10,76.5
"97",9,76.5
"97",8,76.5
"97",7,76.5
"97",6,76.5
"97",5,76.5
"97",4,76.5
"97",3,76.5
"97",2,76.5
"97",1,76.5
"97",0,76.5
"97",-1,76.5
"97",-2,76.5
"97",-3,76.5
"97",-4,76.5
"97",-5,76.5
"97",-6,76.5
"97",-7,76.5
"97",-8,76.5
"97",-9,76.5
"97",-10,76.5
"97",-11,76.5
"97",-12,76.5
"97",-13,76.5
"97",-13,75.5
"97",-13,74.5
"97",-13,73.5
"97",-13,72.5
"97",-13,71.5
"97",-13,70.5
"97",-13,69.5
"97",-13,68.5
"97",-13,67.5
"97",-13,66.5
"97",-13,65.5
"97",-13,64.5
"97",-14,63.5
"97",-15,63.5
"97",-16,63.5
"97",-17,62.5
"97",-18,61.5
"97",-18,60.5
"97",-18,59.5
"97",-18,58.5
"97",-18,57.5
"97",-18,56.5
"97",-18,55.5
"97",-18,54.5
"97",-18,53.5
"97",-18,52.5
"97",-18,51.5
"97",-18,50.5
"97",-18,49.5
"97",-18,48.5
"97",-18,47.5
"97",-18,46.5
"97",-18,45.5
"97",-18,44.5
"97",-18,43.5
"97",-18,42.5
"97",-18,41.5
"97",-18,40.5
"97",-18,39.5
"97",-18,38.5
"97",-18,37.5
"97",-18,36.5
"97",-18,35.5
"97",-18,34.5
"97",-18,33.5
"97",-18,32.5
"97",-18,31.5
"97",-18,30.5
"97",-18,29.5
"97",-18,28.5
"97",-18,27.5
"97",-18,26.5
"97",-18,25.5
"97",-18,24.5
"97",-18,23.5
"97",-18,22.5
"97",-18,21.5
"97",-18,20.5
"97",-18,19.5
"97",-18,18.5
"97",-18,17.5
"97",-18,16.5
"97",-18,15.5
"97",-18,14.5
"97",-18,13.5
"97",-18,12.5
"97",-18,11.5
"97",-18,10.5
"97",-18,9.5
"97",-18,8.5
"97",-18,7.5
"97",-18,6.5
"97",-18,5.5
"97",-18,4.5
"97",-18,3.5
"97",-18,2.5
"97",-18,1.5
"97",-18,0.5
"97",-18,-0.5
"97",-18,-1.5
"97",-18,-2.5
"97",-18,-3.5
"97",-18,-4.5
"97",-18,-5.5
"97",-18,-6.5
"97",-18,-7.5
"97",-18,-8.5
"97",-18,-9.5
"97",-18,-10.5
"97",-18,-11.5
"97",-18,-12.5
"97",-18,-13.5
"97",-18,-14.5
"97",-18,-15.5
"97",-18,-16.5
"97",-18,-17.5
"97",-18,-18.5
"97",-18,-19.5
"97",-18,-20.5
"97",-18,-21.5
"97",-18,-22.5
"97",-18,-23.5
"97",-18,-24.5
"97",-18,-25.5
"97",-18,-26.5
"97",-18,-27.5
"97",-18,-28.5
"97",-18,-29.5
"97",-18,-30.5
"97",-17,-31.5
"97",-16,-32.5
"97",-15,-33.5
"97",-14,-34.5
"97",-13,-35.5
"97",-12,-36.5
"97",-11,-37.5
"97",-10,-38.5
"97",-9,-39.5
"97",-8,-40.5
"97",-7,-41.5
"97",-6,-42.5
"97",-5,-43.5
"97",-4,-44.5
"97",-3,-45.5
"97",-2,-46.5
"97",-1,-47.5
"97",0,-48.5
"97",1,-49.5
"97",2,-50.5
"97",3,-51.5
"97",4,-52.5
"97",5,-53.5
"97",6,-54.5
"97",7,-55.5
"97",8,-56.5
"97",9,-57.5
"97",10,-58.5
"97",11,-59.5
"97",12,-60.5
"97",13,-61.5
"97",14,-62.5
"97",15,-63.5
"97",16,-64.5
"97",17,-64.5
"97",18,-64.5
"97",19,-64.5
"97",20,-65.5
"98",10,76.5
"98",9,76.5
"98",8,75.5
"98",7,75.5
"98",6,74.5
"98",5,74.5
"98",4,74.5
"98",4,73.5
"98",3,72.5
"98",2,71.5
"98",1,70.5
"98",0,69.5
"98",-1,69.5
"98",-2,69.5
"98",-3,68.5
"98",-4,68.5
"98",-5,67.5
"98",-6,67.5
"98",-7,67.5
"98",-7,66.5
"98",-7,65.5
"98",-7,64.5
"98",-7,63.5
"98",-7,62.5
"98",-8,61.5
"98",-9,60.5
"98",-10,59.5
"98",-11,58.5
"98",-12,57.5
"98",-13,56.5
"98",-13,55.5
"98",-13,54.5
"98",-13,53.5
"98",-13,52.5
"98",-13,51.5
"98",-13,50.5
"98",-13,49.5
"98",-13,48.5
"98",-13,47.5
"98",-13,46.5
"98",-13,45.5
"98",-12,44.5
"98",-11,44.5
"98",-11,43.5
"98",-10,42.5
"98",-11,41.5
"98",-11,40.5
"98",-11,39.5
"98",-11,38.5
"98",-11,37.5
"98",-11,36.5
"98",-11,35.5
"98",-11,34.5
"98",-11,33.5
"98",-11,32.5
"98",-12,31.5
"98",-13,30.5
"98",-14,29.5
"98",-14,28.5
"98",-15,27.5
"98",-16,26.5
"98",-17,25.5
"98",-18,24.5
"98",-18,23.5
"98",-18,22.5
"98",-18,21.5
"98",-18,20.5
"98",-18,19.5
"98",-18,18.5
"98",-18,17.5
"98",-18,16.5
"98",-18,15.5
"98",-18,14.5
"98",-18,13.5
"98",-18,12.5
"98",-18,11.5
"98",-18,10.5
"98",-18,9.5
"98",-18,8.5
"98",-18,7.5
"98",-18,6.5
"98",-18,5.5
"98",-18,4.5
"98",-18,3.5
"98",-18,2.5
"98",-18,1.5
"98",-18,0.5
"98",-18,-0.5
"98",-18,-1.5
"98",-18,-2.5
"98",-17,-3.5
"98",-16,-4.5
"98",-16,-5.5
"98",-16,-6.5
"98",-16,-7.5
"98",-16,-8.5
"98",-16,-9.5
"98",-16,-10.5
"98",-16,-11.5
"98",-16,-12.5
"98",-16,-13.5
"98",-16,-14.5
"98",-16,-15.5
"98",-16,-16.5
"98",-16,-17.5
"98",-16,-18.5
"98",-16,-19.5
"98",-16,-20.5
"98",-17,-20.5
"98",-17,-21.5
"98",-17,-22.5
"98",-18,-23.5
"98",-19,-23.5
"98",-20,-24.5
"98",-21,-25.5
"98",-22,-26.5
"98",-22,-27.5
"98",-22,-28.5
"98",-22,-29.5
"98",-22,-30.5
"98",-22,-31.5
"98",-22,-32.5
"98",-21,-33.5
"98",-21,-34.5
"98",-21,-35.5
"98",-21,-36.5
"98",-21,-37.5
"98",-20,-38.5
"98",-19,-39.5
"98",-18,-40.5
"98",-17,-41.5
"98",-16,-41.5
"98",-15,-42.5
"98",-14,-42.5
"98",-13,-43.5
"98",-12,-44.5
"98",-11,-45.5
"98",-10,-46.5
"98",-9,-47.5
"98",-8,-48.5
"98",-7,-48.5
"98",-6,-49.5
"98",-5,-50.5
"98",-4,-50.5
"98",-3,-51.5
"98",-2,-51.5
"98",-1,-52.5
"98",0,-53.5
"98",1,-54.5
"98",2,-54.5
"98",3,-54.5
"98",4,-54.5
"98",5,-54.5
"98",6,-55.5
"98",7,-55.5
"98",8,-56.5
"98",9,-56.5
"98",10,-56.5
"98",11,-56.5
"98",12,-57.5
"98",13,-57.5
"98",14,-58.5
"98",15,-59.5
"98",16,-60.5
"98",17,-60.5
"98",18,-61.5
"98",19,-62.5
"98",20,-63.5
"98",20,-64.5
"98",20,-65.5
"99",10,76.5
"99",9,76.5
"99",8,76.5
"99",7,76.5
"99",6,75.5
"99",5,75.5
"99",4,75.5
"99",4,74.5
"99",4,73.5
"99",3,72.5
"99",2,71.5
"99",1,70.5
"99",0,69.5
"99",-1,69.5
"99",-2,69.5
"99",-3,68.5
"99",-4,68.5
"99",-5,67.5
"99",-6,67.5
"99",-7,67.5
"99",-7,66.5
"99",-7,65.5
"99",-7,64.5
"99",-7,63.5
"99",-7,62.5
"99",-8,62.5
"99",-9,61.5
"99",-10,60.5
"99",-11,59.5
"99",-11,58.5
"99",-12,57.5
"99",-13,56.5
"99",-13,55.5
"99",-13,54.5
"99",-13,53.5
"99",-13,52.5
"99",-13,51.5
"99",-13,50.5
"99",-13,49.5
"99",-13,48.5
"99",-13,47.5
"99",-13,46.5
"99",-13,45.5
"99",-12,44.5
"99",-11,44.5
"99",-11,43.5
"99",-10,42.5
"99",-11,41.5
"99",-11,40.5
"99",-11,39.5
"99",-11,38.5
"99",-11,37.5
"99",-11,36.5
"99",-11,35.5
"99",-11,34.5
"99",-11,33.5
"99",-11,32.5
"99",-12,31.5
"99",-13,30.5
"99",-14,29.5
"99",-14,28.5
"99",-15,27.5
"99",-16,26.5
"99",-17,25.5
"99",-18,24.5
"99",-18,23.5
"99",-18,22.5
"99",-18,21.5
"99",-18,20.5
"99",-18,19.5
"99",-18,18.5
"99",-18,17.5
"99",-18,16.5
"99",-18,15.5
"99",-18,14.5
"99",-18,13.5
"99",-18,12.5
"99",-18,11.5
"99",-18,10.5
"99",-18,9.5
"99",-18,8.5
"99",-18,7.5
"99",-18,6.5
"99",-18,5.5
"99",-18,4.5
"99",-18,3.5
"99",-18,2.5
"99",-18,1.5
"99",-18,0.5
"99",-18,-0.5
"99",-18,-1.5
"99",-17,-2.5
"99",-16,-3.5
"99",-16,-4.5
"99",-16,-5.5
"99",-16,-6.5
"99",-16,-7.5
"99",-16,-8.5
"99",-16,-9.5
"99",-16,-10.5
"99",-16,-11.5
"99",-16,-12.5
"99",-16,-13.5
"99",-16,-14.5
"99",-16,-15.5
"99",-16,-16.5
"99",-16,-17.5
"99",-16,-18.5
"99",-16,-19.5
"99",-16,-20.5
"99",-16,-21.5
"99",-16,-22.5
"99",-16,-23.5
"99",-16,-24.5
"99",-16,-25.5
"99",-16,-26.5
"99",-16,-27.5
"99",-16,-28.5
"99",-16,-29.5
"99",-16,-30.5
"99",-16,-31.5
"99",-16,-32.5
"99",-16,-33.5
"99",-16,-34.5
"99",-16,-35.5
"99",-16,-36.5
"99",-16,-37.5
"99",-16,-38.5
"99",-16,-39.5
"99",-16,-40.5
"99",-16,-41.5
"99",-15,-42.5
"99",-14,-42.5
"99",-13,-43.5
"99",-12,-44.5
"99",-11,-44.5
"99",-10,-45.5
"99",-9,-46.5
"99",-8,-47.5
"99",-7,-47.5
"99",-6,-48.5
"99",-5,-48.5
"99",-4,-49.5
"99",-3,-49.5
"99",-2,-50.5
"99",-1,-51.5
"99",0,-52.5
"99",1,-53.5
"99",2,-53.5
"99",3,-53.5
"99",4,-53.5
"99",5,-53.5
"99",6,-54.5
"99",7,-54.5
"99",8,-55.5
"99",9,-55.5
"99",10,-56.5
"99",11,-56.5
"99",12,-57.5
"99",13,-57.5
"99",14,-58.5
"99",15,-59.5
"99",16,-60.5
"99",17,-60.5
"99",18,-61.5
"99",19,-62.5
"99",20,-63.5
"99",20,-64.5
"99",20,-65.5
"100",10,76.5
"100",9,76.5
"100",8,76.5
"100",7,76.5
"100",6,75.5
"100",5,75.5
"100",4,75.5
"100",4,74.5
"100",4,73.5
"100",3,72.5
"100",2,71.5
"100",1,70.5
"100",0,69.5
"100",-1,69.5
"100",-2,69.5
"100",-3,68.5
"100",-4,68.5
"100",-5,67.5
"100",-6,67.5
"100",-7,67.5
"100",-7,66.5
"100",-7,65.5
"100",-7,64.5
"100",-7,63.5
"100",-7,62.5
"100",-8,62.5
"100",-9,61.5
"100",-10,60.5
"100",-11,59.5
"100",-10,58.5
"100",-11,57.5
"100",-12,57.5
"100",-13,56.5
"100",-13,55.5
"100",-13,54.5
"100",-13,53.5
"100",-13,52.5
"100",-13,51.5
"100",-13,50.5
"100",-13,49.5
"100",-13,48.5
"100",-13,47.5
"100",-13,46.5
"100",-13,45.5
"100",-13,44.5
"100",-14,44.5
"100",-15,43.5
"100",-16,43.5
"100",-17,43.5
"100",-18,42.5
"100",-18,41.5
"100",-18,40.5
"100",-18,39.5
"100",-18,38.5
"100",-18,37.5
"100",-18,36.5
"100",-18,35.5
"100",-18,34.5
"100",-18,33.5
"100",-18,32.5
"100",-18,31.5
"100",-18,30.5
"100",-18,29.5
"100",-18,28.5
"100",-18,27.5
"100",-18,26.5
"100",-18,25.5
"100",-18,24.5
"100",-18,23.5
"100",-18,22.5
"100",-18,21.5
"100",-18,20.5
"100",-18,19.5
"100",-18,18.5
"100",-18,17.5
"100",-18,16.5
"100",-18,15.5
"100",-18,14.5
"100",-18,13.5
"100",-18,12.5
"100",-18,11.5
"100",-18,10.5
"100",-18,9.5
"100",-17,8.5
"100",-16,8.5
"100",-16,7.5
"100",-16,6.5
"100",-16,5.5
"100",-16,4.5
"100",-16,3.5
"100",-16,2.5
"100",-16,1.5
"100",-16,0.5
"100",-16,-0.5
"100",-16,-1.5
"100",-16,-2.5
"100",-16,-3.5
"100",-16,-4.5
"100",-16,-5.5
"100",-16,-6.5
"100",-16,-7.5
"100",-16,-8.5
"100",-16,-9.5
"100",-16,-10.5
"100",-16,-11.5
"100",-16,-12.5
"100",-16,-13.5
"100",-16,-14.5
"100",-16,-15.5
"100",-16,-16.5
"100",-16,-17.5
"100",-16,-18.5
"100",-16,-19.5
"100",-16,-20.5
"100",-16,-21.5
"100",-16,-22.5
"100",-16,-23.5
"100",-16,-24.5
"100",-16,-25.5
"100",-16,-26.5
"100",-16,-27.5
"100",-16,-28.5
"100",-16,-29.5
"100",-16,-30.5
"100",-15,-31.5
"100",-14,-31.5
"100",-13,-32.5
"100",-12,-32.5
"100",-11,-33.5
"100",-10,-34.5
"100",-9,-34.5
"100",-8,-35.5
"100",-7,-35.5
"100",-7,-36.5
"100",-6,-37.5
"100",-5,-38.5
"100",-4,-38.5
"100",-3,-39.5
"100",-2,-40.5
"100",-1,-40.5
"100",0,-41.5
"100",1,-41.5
"100",1,-42.5
"100",1,-43.5
"100",1,-44.5
"100",2,-45.5
"100",3,-46.5
"100",4,-46.5
"100",5,-47.5
"100",6,-47.5
"100",7,-47.5
"100",8,-48.5
"100",9,-49.5
"100",10,-49.5
"100",11,-49.5
"100",12,-50.5
"100",13,-50.5
"100",14,-51.5
"100",15,-52.5
"100",16,-53.5
"100",17,-54.5
"100",18,-55.5
"100",19,-56.5
"100",20,-57.5
"100",20,-58.5
"100",20,-59.5
"100",20,-60.5
"100",20,-61.5
"100",20,-62.5
"100",20,-63.5
"100",20,-64.5
"100",20,-65.5
"101",10,76.5
"101",9,76.5
"101",8,76.5
"101",7,76.5
"101",6,75.5
"101",5,75.5
"101",4,75.5
"101",4,74.5
"101",4,73.5
"101",3,72.5
"101",2,71.5
"101",1,70.5
"101",0,69.5
"101",-1,69.5
"101",-2,69.5
"101",-3,68.5
"101",-4,68.5
"101",-5,67.5
"101",-6,67.5
"101",-7,67.5
"101",-7,66.5
"101",-7,65.5
"101",-7,64.5
"101",-7,63.5
"101",-7,62.5
"101",-8,62.5
"101",-9,61.5
"101",-10,60.5
"101",-11,59.5
"101",-10,58.5
"101",-11,57.5
"101",-12,57.5
"101",-12,56.5
"101",-12,55.5
"101",-12,54.5
"101",-12,53.5
"101",-12,52.5
"101",-12,51.5
"101",-13,50.5
"101",-13,49.5
"101",-13,48.5
"101",-13,47.5
"101",-13,46.5
"101",-13,45.5
"101",-13,44.5
"101",-14,44.5
"101",-15,43.5
"101",-16,43.5
"101",-17,43.5
"101",-18,42.5
"101",-18,41.5
"101",-18,40.5
"101",-18,39.5
"101",-18,38.5
"101",-18,37.5
"101",-18,36.5
"101",-18,35.5
"101",-18,34.5
"101",-18,33.5
"101",-18,32.5
"101",-18,31.5
"101",-18,30.5
"101",-18,29.5
"101",-18,28.5
"101",-18,27.5
"101",-18,26.5
"101",-18,25.5
"101",-18,24.5
"101",-18,23.5
"101",-18,22.5
"101",-18,21.5
"101",-18,20.5
"101",-18,19.5
"101",-18,18.5
"101",-18,17.5
"101",-18,16.5
"101",-18,15.5
"101",-18,14.5
"101",-18,13.5
"101",-18,12.5
"101",-18,11.5
"101",-18,10.5
"101",-18,9.5
"101",-17,8.5
"101",-16,8.5
"101",-16,7.5
"101",-16,6.5
"101",-16,5.5
"101",-16,4.5
"101",-16,3.5
"101",-16,2.5
"101",-16,1.5
"101",-16,0.5
"101",-16,-0.5
"101",-16,-1.5
"101",-16,-2.5
"101",-16,-3.5
"101",-16,-4.5
"101",-16,-5.5
"101",-16,-6.5
"101",-16,-7.5
"101",-16,-8.5
"101",-16,-9.5
"101",-16,-10.5
"101",-16,-11.5
"101",-16,-12.5
"101",-16,-13.5
"101",-16,-14.5
"101",-16,-15.5
"101",-16,-16.5
"101",-16,-17.5
"101",-16,-18.5
"101",-16,-19.5
"101",-16,-20.5
"101",-16,-21.5
"101",-16,-22.5
"101",-16,-23.5
"101",-16,-24.5
"101",-16,-25.5
"101",-16,-26.5
"101",-16,-27.5
"101",-16,-28.5
"101",-16,-29.5
"101",-16,-30.5
"101",-15,-31.5
"101",-14,-31.5
"101",-13,-31.5
"101",-12,-31.5
"101",-11,-32.5
"101",-11,-33.5
"101",-10,-34.5
"101",-9,-34.5
"101",-8,-35.5
"101",-7,-35.5
"101",-7,-36.5
"101",-6,-37.5
"101",-5,-38.5
"101",-4,-38.5
"101",-3,-39.5
"101",-2,-40.5
"101",-1,-40.5
"101",0,-41.5
"101",1,-41.5
"101",1,-42.5
"101",1,-43.5
"101",1,-44.5
"101",2,-45.5
"101",3,-46.5
"101",4,-46.5
"101",5,-47.5
"101",6,-47.5
"101",7,-47.5
"101",8,-48.5
"101",9,-49.5
"101",10,-49.5
"101",11,-49.5
"101",12,-50.5
"101",13,-50.5
"101",14,-51.5
"101",15,-52.5
"101",16,-53.5
"101",17,-54.5
"101",18,-55.5
"101",19,-56.5
"101",20,-57.5
"101",20,-58.5
"101",20,-59.5
"101",20,-60.5
"101",20,-61.5
"101",20,-62.5
"101",20,-63.5
"101",20,-64.5
"101",20,-65.5
"102",10,76.5
"102",9,76.5
"102",8,75.5
"102",7,75.5
"102",6,74.5
"102",5,73.5
"102",4,73.5
"102",4,72.5
"102",3,71.5
"102",2,70.5
"102",1,69.5
"102",0,68.5
"102",0,67.5
"102",0,66.5
"102",0,65.5
"102",-1,64.5
"102",-2,63.5
"102",-3,62.5
"102",-4,61.5
"102",-5,60.5
"102",-6,59.5
"102",-7,58.5
"102",-8,57.5
"102",-9,56.5
"102",-10,55.5
"102",-11,54.5
"102",-11,53.5
"102",-11,52.5
"102",-11,51.5
"102",-11,50.5
"102",-11,49.5
"102",-11,48.5
"102",-11,47.5
"102",-11,46.5
"102",-11,45.5
"102",-11,44.5
"102",-11,43.5
"102",-11,42.5
"102",-11,41.5
"102",-11,40.5
"102",-11,39.5
"102",-11,38.5
"102",-11,37.5
"102",-11,36.5
"102",-11,35.5
"102",-11,34.5
"102",-11,33.5
"102",-11,32.5
"102",-12,31.5
"102",-13,30.5
"102",-13,29.5
"102",-14,28.5
"102",-15,27.5
"102",-16,26.5
"102",-17,25.5
"102",-18,24.5
"102",-18,23.5
"102",-18,22.5
"102",-18,21.5
"102",-18,20.5
"102",-18,19.5
"102",-18,18.5
"102",-18,17.5
"102",-18,16.5
"102",-18,15.5
"102",-18,14.5
"102",-18,13.5
"102",-18,12.5
"102",-18,11.5
"102",-18,10.5
"102",-18,9.5
"102",-18,8.5
"102",-18,7.5
"102",-18,6.5
"102",-18,5.5
"102",-18,4.5
"102",-18,3.5
"102",-18,2.5
"102",-18,1.5
"102",-18,0.5
"102",-18,-0.5
"102",-18,-1.5
"102",-18,-2.5
"102",-17,-3.5
"102",-16,-4.5
"102",-16,-5.5
"102",-16,-6.5
"102",-16,-7.5
"102",-16,-8.5
"102",-16,-9.5
"102",-16,-10.5
"102",-16,-11.5
"102",-16,-12.5
"102",-16,-13.5
"102",-16,-14.5
"102",-16,-15.5
"102",-16,-16.5
"102",-16,-17.5
"102",-16,-18.5
"102",-16,-19.5
"102",-16,-20.5
"102",-16,-21.5
"102",-16,-22.5
"102",-16,-23.5
"102",-16,-24.5
"102",-16,-25.5
"102",-16,-26.5
"102",-16,-27.5
"102",-16,-28.5
"102",-16,-29.5
"102",-16,-30.5
"102",-16,-31.5
"102",-16,-32.5
"102",-15,-33.5
"102",-14,-34.5
"102",-13,-35.5
"102",-12,-36.5
"102",-11,-37.5
"102",-10,-38.5
"102",-9,-39.5
"102",-8,-40.5
"102",-7,-41.5
"102",-6,-42.5
"102",-5,-43.5
"102",-4,-44.5
"102",-3,-45.5
"102",-2,-46.5
"102",-1,-47.5
"102",0,-48.5
"102",1,-49.5
"102",2,-50.5
"102",3,-51.5
"102",4,-52.5
"102",5,-53.5
"102",6,-54.5
"102",7,-54.5
"102",8,-55.5
"102",9,-55.5
"102",10,-56.5
"102",11,-56.5
"102",12,-57.5
"102",13,-57.5
"102",14,-58.5
"102",15,-59.5
"102",16,-60.5
"102",17,-61.5
"102",18,-62.5
"102",19,-63.5
"102",20,-64.5
"102",20,-65.5
"103",10,76.5
"103",9,76.5
"103",8,76.5
"103",7,76.5
"103",6,75.5
"103",5,75.5
"103",4,75.5
"103",4,74.5
"103",4,73.5
"103",3,72.5
"103",2,71.5
"103",1,70.5
"103",0,69.5
"103",-1,69.5
"103",-2,69.5
"103",-3,68.5
"103",-4,68.5
"103",-5,67.5
"103",-6,67.5
"103",-7,67.5
"103",-7,66.5
"103",-7,65.5
"103",-7,64.5
"103",-7,63.5
"103",-7,62.5
"103",-8,61.5
"103",-9,60.5
"103",-10,59.5
"103",-11,58.5
"103",-12,57.5
"103",-13,56.5
"103",-13,55.5
"103",-13,54.5
"103",-13,53.5
"103",-13,52.5
"103",-13,51.5
"103",-13,50.5
"103",-13,49.5
"103",-13,48.5
"103",-13,47.5
"103",-13,46.5
"103",-13,45.5
"103",-12,44.5
"103",-11,44.5
"103",-11,43.5
"103",-11,42.5
"103",-11,41.5
"103",-11,40.5
"103",-11,39.5
"103",-11,38.5
"103",-11,37.5
"103",-11,36.5
"103",-11,35.5
"103",-11,34.5
"103",-11,33.5
"103",-11,32.5
"103",-12,31.5
"103",-13,30.5
"103",-14,29.5
"103",-14,28.5
"103",-15,27.5
"103",-16,26.5
"103",-17,25.5
"103",-18,24.5
"103",-18,23.5
"103",-18,22.5
"103",-18,21.5
"103",-18,20.5
"103",-18,19.5
"103",-18,18.5
"103",-18,17.5
"103",-18,16.5
"103",-18,15.5
"103",-18,14.5
"103",-18,13.5
"103",-18,12.5
"103",-18,11.5
"103",-18,10.5
"103",-18,9.5
"103",-18,8.5
"103",-18,7.5
"103",-18,6.5
"103",-18,5.5
"103",-18,4.5
"103",-18,3.5
"103",-18,2.5
"103",-18,1.5
"103",-18,0.5
"103",-18,-0.5
"103",-18,-1.5
"103",-18,-2.5
"103",-17,-3.5
"103",-16,-4.5
"103",-16,-5.5
"103",-16,-6.5
"103",-16,-7.5
"103",-16,-8.5
"103",-16,-9.5
"103",-16,-10.5
"103",-16,-11.5
"103",-16,-12.5
"103",-16,-13.5
"103",-16,-14.5
"103",-16,-15.5
"103",-16,-16.5
"103",-16,-17.5
"103",-16,-18.5
"103",-16,-19.5
"103",-16,-20.5
"103",-16,-21.5
"103",-16,-22.5
"103",-16,-23.5
"103",-16,-24.5
"103",-16,-25.5
"103",-16,-26.5
"103",-16,-27.5
"103",-16,-28.5
"103",-16,-29.5
"103",-16,-30.5
"103",-16,-31.5
"103",-16,-32.5
"103",-16,-33.5
"103",-16,-34.5
"103",-16,-35.5
"103",-16,-36.5
"103",-16,-37.5
"103",-16,-38.5
"103",-16,-39.5
"103",-16,-40.5
"103",-16,-41.5
"103",-15,-42.5
"103",-14,-42.5
"103",-13,-43.5
"103",-12,-44.5
"103",-11,-45.5
"103",-10,-46.5
"103",-9,-47.5
"103",-8,-48.5
"103",-7,-48.5
"103",-6,-49.5
"103",-5,-50.5
"103",-4,-50.5
"103",-3,-51.5
"103",-2,-51.5
"103",-1,-52.5
"103",0,-53.5
"103",1,-54.5
"103",2,-54.5
"103",3,-54.5
"103",4,-54.5
"103",5,-54.5
"103",6,-55.5
"103",7,-55.5
"103",8,-56.5
"103",9,-56.5
"103",10,-56.5
"103",11,-56.5
"103",12,-57.5
"103",13,-57.5
"103",14,-58.5
"103",15,-59.5
"103",16,-60.5
"103",17,-60.5
"103",18,-61.5
"103",19,-62.5
"103",20,-63.5
"103",20,-64.5
"103",20,-65.5
"104",10,76.5
"104",9,76.5
"104",8,76.5
"104",7,76.5
"104",6,75.5
"104",5,75.5
"104",4,75.5
"104",4,74.5
"104",4,73.5
"104",3,72.5
"104",2,71.5
"104",1,70.5
"104",0,69.5
"104",-1,69.5
"104",-2,69.5
"104",-3,68.5
"104",-4,68.5
"104",-5,67.5
"104",-6,67.5
"104",-7,67.5
"104",-7,66.5
"104",-7,65.5
"104",-7,64.5
"104",-7,63.5
"104",-7,62.5
"104",-8,62.5
"104",-9,61.5
"104",-10,60.5
"104",-11,59.5
"104",-11,58.5
"104",-11,57.5
"104",-12,57.5
"104",-13,56.5
"104",-13,55.5
"104",-13,54.5
"104",-13,53.5
"104",-13,52.5
"104",-13,51.5
"104",-13,50.5
"104",-13,49.5
"104",-13,48.5
"104",-13,47.5
"104",-13,46.5
"104",-13,45.5
"104",-13,44.5
"104",-14,44.5
"104",-15,43.5
"104",-16,43.5
"104",-17,43.5
"104",-18,42.5
"104",-18,41.5
"104",-18,40.5
"104",-18,39.5
"104",-18,38.5
"104",-18,37.5
"104",-18,36.5
"104",-18,35.5
"104",-18,34.5
"104",-18,33.5
"104",-18,32.5
"104",-18,31.5
"104",-18,30.5
"104",-18,29.5
"104",-18,28.5
"104",-18,27.5
"104",-18,26.5
"104",-18,25.5
"104",-18,24.5
"104",-18,23.5
"104",-18,22.5
"104",-18,21.5
"104",-18,20.5
"104",-18,19.5
"104",-18,18.5
"104",-18,17.5
"104",-18,16.5
"104",-18,15.5
"104",-18,14.5
"104",-18,13.5
"104",-18,12.5
"104",-18,11.5
"104",-18,10.5
"104",-18,9.5
"104",-17,8.5
"104",-16,8.5
"104",-16,7.5
"104",-16,6.5
"104",-16,5.5
"104",-16,4.5
"104",-16,3.5
"104",-16,2.5
"104",-16,1.5
"104",-16,0.5
"104",-16,-0.5
"104",-16,-1.5
"104",-16,-2.5
"104",-16,-3.5
"104",-16,-4.5
"104",-16,-5.5
"104",-16,-6.5
"104",-16,-7.5
"104",-16,-8.5
"104",-16,-9.5
"104",-16,-10.5
"104",-16,-11.5
"104",-16,-12.5
"104",-16,-13.5
"104",-16,-14.5
"104",-16,-15.5
"104",-16,-16.5
"104",-16,-17.5
"104",-16,-18.5
"104",-16,-19.5
"104",-16,-20.5
"104",-16,-21.5
"104",-16,-22.5
"104",-16,-23.5
"104",-16,-24.5
"104",-16,-25.5
"104",-16,-26.5
"104",-16,-27.5
"104",-16,-28.5
"104",-16,-29.5
"104",-16,-30.5
"104",-16,-31.5
"104",-16,-32.5
"104",-16,-33.5
"104",-16,-34.5
"104",-16,-35.5
"104",-16,-36.5
"104",-16,-37.5
"104",-16,-38.5
"104",-16,-39.5
"104",-16,-40.5
"104",-16,-41.5
"104",-15,-42.5
"104",-14,-42.5
"104",-13,-43.5
"104",-12,-44.5
"104",-11,-44.5
"104",-10,-45.5
"104",-9,-46.5
"104",-8,-47.5
"104",-7,-47.5
"104",-6,-48.5
"104",-5,-48.5
"104",-4,-49.5
"104",-3,-49.5
"104",-2,-50.5
"104",-1,-51.5
"104",0,-52.5
"104",1,-53.5
"104",2,-53.5
"104",3,-53.5
"104",4,-53.5
"104",5,-53.5
"104",6,-54.5
"104",7,-54.5
"104",8,-55.5
"104",9,-55.5
"104",10,-56.5
"104",11,-56.5
"104",12,-57.5
"104",13,-57.5
"104",14,-58.5
"104",15,-59.5
"104",16,-60.5
"104",17,-60.5
"104",18,-61.5
"104",19,-62.5
"104",20,-63.5
"104",20,-64.5
"104",20,-65.5
"105",10,76.5
"105",9,76.5
"105",8,76.5
"105",7,76.5
"105",6,75.5
"105",5,75.5
"105",4,75.5
"105",4,74.5
"105",4,73.5
"105",3,72.5
"105",2,71.5
"105",1,70.5
"105",0,69.5
"105",-1,69.5
"105",-2,69.5
"105",-3,68.5
"105",-4,68.5
"105",-5,67.5
"105",-6,67.5
"105",-7,67.5
"105",-7,66.5
"105",-7,65.5
"105",-7,64.5
"105",-7,63.5
"105",-7,62.5
"105",-8,62.5
"105",-9,61.5
"105",-10,60.5
"105",-11,59.5
"105",-11,58.5
"105",-11,57.5
"105",-12,57.5
"105",-13,56.5
"105",-13,55.5
"105",-13,54.5
"105",-13,53.5
"105",-13,52.5
"105",-13,51.5
"105",-13,50.5
"105",-13,49.5
"105",-13,48.5
"105",-13,47.5
"105",-13,46.5
"105",-13,45.5
"105",-13,44.5
"105",-14,44.5
"105",-15,43.5
"105",-16,43.5
"105",-17,43.5
"105",-18,42.5
"105",-18,41.5
"105",-18,40.5
"105",-18,39.5
"105",-18,38.5
"105",-18,37.5
"105",-18,36.5
"105",-18,35.5
"105",-18,34.5
"105",-18,33.5
"105",-18,32.5
"105",-18,31.5
"105",-18,30.5
"105",-18,29.5
"105",-18,28.5
"105",-18,27.5
"105",-18,26.5
"105",-18,25.5
"105",-18,24.5
"105",-18,23.5
"105",-18,22.5
"105",-18,21.5
"105",-18,20.5
"105",-18,19.5
"105",-18,18.5
"105",-18,17.5
"105",-18,16.5
"105",-18,15.5
"105",-18,14.5
"105",-18,13.5
"105",-18,12.5
"105",-18,11.5
"105",-18,10.5
"105",-18,9.5
"105",-17,8.5
"105",-16,8.5
"105",-16,7.5
"105",-16,6.5
"105",-16,5.5
"105",-16,4.5
"105",-16,3.5
"105",-16,2.5
"105",-16,1.5
"105",-16,0.5
"105",-16,-0.5
"105",-16,-1.5
"105",-16,-2.5
"105",-16,-3.5
"105",-16,-4.5
"105",-16,-5.5
"105",-16,-6.5
"105",-16,-7.5
"105",-16,-8.5
"105",-16,-9.5
"105",-16,-10.5
"105",-16,-11.5
"105",-16,-12.5
"105",-16,-13.5
"105",-16,-14.5
"105",-16,-15.5
"105",-16,-16.5
"105",-16,-17.5
"105",-16,-18.5
"105",-16,-19.5
"105",-16,-20.5
"105",-16,-21.5
"105",-16,-22.5
"105",-16,-23.5
"105",-16,-24.5
"105",-16,-25.5
"105",-16,-26.5
"105",-16,-27.5
"105",-16,-28.5
"105",-16,-29.5
"105",-16,-30.5
"105",-15,-31.5
"105",-14,-31.5
"105",-13,-32.5
"105",-12,-32.5
"105",-11,-33.5
"105",-10,-34.5
"105",-9,-34.5
"105",-8,-35.5
"105",-7,-35.5
"105",-7,-36.5
"105",-6,-37.5
"105",-5,-38.5
"105",-4,-38.5
"105",-3,-39.5
"105",-2,-40.5
"105",-1,-40.5
"105",0,-41.5
"105",1,-41.5
"105",1,-42.5
"105",1,-43.5
"105",1,-44.5
"105",2,-45.5
"105",3,-46.5
"105",4,-46.5
"105",5,-47.5
"105",6,-47.5
"105",7,-47.5
"105",8,-48.5
"105",9,-49.5
"105",10,-49.5
"105",11,-49.5
"105",12,-50.5
"105",13,-50.5
"105",14,-51.5
"105",15,-52.5
"105",16,-53.5
"105",17,-54.5
"105",18,-55.5
"105",19,-56.5
"105",20,-57.5
"105",20,-58.5
"105",20,-59.5
"105",20,-60.5
"105",20,-61.5
"105",20,-62.5
"105",20,-63.5
"105",20,-64.5
"105",20,-65.5
"106",10,76.5
"106",9,76.5
"106",8,76.5
"106",7,76.5
"106",6,75.5
"106",5,75.5
"106",4,75.5
"106",4,74.5
"106",4,73.5
"106",3,72.5
"106",2,71.5
"106",1,70.5
"106",0,69.5
"106",-1,69.5
"106",-2,69.5
"106",-3,68.5
"106",-4,68.5
"106",-5,67.5
"106",-6,67.5
"106",-7,67.5
"106",-7,66.5
"106",-7,65.5
"106",-7,64.5
"106",-7,63.5
"106",-7,62.5
"106",-8,62.5
"106",-9,61.5
"106",-10,60.5
"106",-11,59.5
"106",-11,58.5
"106",-11,57.5
"106",-12,57.5
"106",-12,56.5
"106",-12,55.5
"106",-12,54.5
"106",-12,53.5
"106",-12,52.5
"106",-12,51.5
"106",-12,50.5
"106",-13,49.5
"106",-13,48.5
"106",-13,47.5
"106",-13,46.5
"106",-13,45.5
"106",-13,44.5
"106",-14,44.5
"106",-15,43.5
"106",-16,43.5
"106",-17,43.5
"106",-18,42.5
"106",-18,41.5
"106",-18,40.5
"106",-18,39.5
"106",-18,38.5
"106",-18,37.5
"106",-18,36.5
"106",-18,35.5
"106",-18,34.5
"106",-18,33.5
"106",-18,32.5
"106",-18,31.5
"106",-18,30.5
"106",-18,29.5
"106",-18,28.5
"106",-18,27.5
"106",-18,26.5
"106",-18,25.5
"106",-18,24.5
"106",-18,23.5
"106",-18,22.5
"106",-18,21.5
"106",-18,20.5
"106",-18,19.5
"106",-18,18.5
"106",-18,17.5
"106",-18,16.5
"106",-18,15.5
"106",-18,14.5
"106",-18,13.5
"106",-18,12.5
"106",-18,11.5
"106",-18,10.5
"106",-18,9.5
"106",-17,8.5
"106",-16,8.5
"106",-16,7.5
"106",-16,6.5
"106",-16,5.5
"106",-16,4.5
"106",-16,3.5
"106",-16,2.5
"106",-16,1.5
"106",-16,0.5
"106",-16,-0.5
"106",-16,-1.5
"106",-16,-2.5
"106",-16,-3.5
"106",-16,-4.5
"106",-16,-5.5
"106",-16,-6.5
"106",-16,-7.5
"106",-16,-8.5
"106",-16,-9.5
"106",-16,-10.5
"106",-16,-11.5
"106",-16,-12.5
"106",-16,-13.5
"106",-16,-14.5
"106",-16,-15.5
"106",-16,-16.5
"106",-16,-17.5
"106",-16,-18.5
"106",-16,-19.5
"106",-16,-20.5
"106",-16,-21.5
"106",-16,-22.5
"106",-16,-23.5
"106",-16,-24.5
"106",-16,-25.5
"106",-16,-26.5
"106",-16,-27.5
"106",-16,-28.5
"106",-16,-29.5
"106",-15,-30.5
"106",-14,-30.5
"106",-13,-30.5
"106",-12,-30.5
"106",-12,-31.5
"106",-11,-32.5
"106",-11,-33.5
"106",-10,-34.5
"106",-9,-34.5
"106",-8,-35.5
"106",-7,-35.5
"106",-7,-36.5
"106",-6,-37.5
"106",-5,-38.5
"106",-4,-38.5
"106",-3,-39.5
"106",-2,-40.5
"106",-1,-40.5
"106",0,-41.5
"106",1,-41.5
"106",1,-42.5
"106",1,-43.5
"106",1,-44.5
"106",2,-45.5
"106",3,-46.5
"106",4,-46.5
"106",5,-47.5
"106",6,-47.5
"106",7,-47.5
"106",8,-48.5
"106",9,-49.5
"106",10,-49.5
"106",11,-49.5
"106",12,-50.5
"106",13,-50.5
"106",14,-51.5
"106",15,-52.5
"106",16,-53.5
"106",17,-54.5
"106",18,-55.5
"106",19,-56.5
"106",20,-57.5
"106",20,-58.5
"106",20,-59.5
"106",20,-60.5
"106",20,-61.5
"106",20,-62.5
"106",20,-63.5
"106",20,-64.5
"106",20,-65.5
"107",10,76.5
"107",9,75.5
"107",8,74.5
"107",7,73.5
"107",6,72.5
"107",5,71.5
"107",4,70.5
"107",3,70.5
"107",2,69.5
"107",1,68.5
"107",1,67.5
"107",1,66.5
"107",0,65.5
"107",-1,64.5
"107",-2,63.5
"107",-3,62.5
"107",-4,61.5
"107",-5,60.5
"107",-6,59.5
"107",-7,58.5
"107",-8,57.5
"107",-9,56.5
"107",-10,55.5
"107",-10,54.5
"107",-11,53.5
"107",-12,52.5
"107",-13,51.5
"107",-13,50.5
"107",-13,49.5
"107",-13,48.5
"107",-13,47.5
"107",-13,46.5
"107",-13,45.5
"107",-13,44.5
"107",-13,43.5
"107",-13,42.5
"107",-13,41.5
"107",-13,40.5
"107",-13,39.5
"107",-13,38.5
"107",-13,37.5
"107",-13,36.5
"107",-13,35.5
"107",-13,34.5
"107",-13,33.5
"107",-13,32.5
"107",-13,31.5
"107",-13,30.5
"107",-13,29.5
"107",-14,28.5
"107",-15,27.5
"107",-16,26.5
"107",-17,25.5
"107",-18,24.5
"107",-18,23.5
"107",-18,22.5
"107",-18,21.5
"107",-18,20.5
"107",-18,19.5
"107",-18,18.5
"107",-18,17.5
"107",-18,16.5
"107",-18,15.5
"107",-18,14.5
"107",-18,13.5
"107",-18,12.5
"107",-18,11.5
"107",-18,10.5
"107",-18,9.5
"107",-18,8.5
"107",-18,7.5
"107",-18,6.5
"107",-18,5.5
"107",-18,4.5
"107",-18,3.5
"107",-18,2.5
"107",-18,1.5
"107",-18,0.5
"107",-18,-0.5
"107",-18,-1.5
"107",-17,-2.5
"107",-16,-3.5
"107",-15,-4.5
"107",-14,-5.5
"107",-14,-6.5
"107",-14,-7.5
"107",-14,-8.5
"107",-14,-9.5
"107",-14,-10.5
"107",-14,-11.5
"107",-14,-12.5
"107",-14,-13.5
"107",-14,-14.5
"107",-14,-15.5
"107",-14,-16.5
"107",-14,-17.5
"107",-14,-18.5
"107",-14,-19.5
"107",-14,-20.5
"107",-14,-21.5
"107",-14,-22.5
"107",-14,-23.5
"107",-14,-24.5
"107",-14,-25.5
"107",-14,-26.5
"107",-14,-27.5
"107",-14,-28.5
"107",-14,-29.5
"107",-14,-30.5
"107",-14,-31.5
"107",-13,-32.5
"107",-12,-33.5
"107",-11,-34.5
"107",-10,-35.5
"107",-9,-36.5
"107",-8,-37.5
"107",-7,-38.5
"107",-6,-39.5
"107",-5,-40.5
"107",-4,-41.5
"107",-3,-42.5
"107",-2,-43.5
"107",-1,-44.5
"107",0,-45.5
"107",1,-46.5
"107",2,-47.5
"107",3,-48.5
"107",4,-49.5
"107",5,-50.5
"107",6,-51.5
"107",7,-52.5
"107",8,-53.5
"107",9,-54.5
"107",10,-55.5
"107",11,-56.5
"107",12,-57.5
"107",13,-58.5
"107",14,-59.5
"107",15,-60.5
"107",16,-61.5
"107",17,-62.5
"107",18,-63.5
"107",19,-64.5
"107",20,-65.5
"108",10,76.5
"108",9,76.5
"108",8,75.5
"108",7,75.5
"108",6,74.5
"108",5,73.5
"108",4,73.5
"108",3,72.5
"108",2,71.5
"108",1,70.5
"108",0,69.5
"108",-1,69.5
"108",-2,69.5
"108",-3,68.5
"108",-4,68.5
"108",-5,67.5
"108",-6,67.5
"108",-7,67.5
"108",-7,66.5
"108",-7,65.5
"108",-7,64.5
"108",-7,63.5
"108",-7,62.5
"108",-8,61.5
"108",-9,60.5
"108",-10,59.5
"108",-11,58.5
"108",-11,57.5
"108",-11,56.5
"108",-11,55.5
"108",-11,54.5
"108",-11,53.5
"108",-11,52.5
"108",-11,51.5
"108",-11,50.5
"108",-11,49.5
"108",-11,48.5
"108",-11,47.5
"108",-11,46.5
"108",-11,45.5
"108",-11,44.5
"108",-11,43.5
"108",-11,42.5
"108",-11,41.5
"108",-11,40.5
"108",-11,39.5
"108",-11,38.5
"108",-11,37.5
"108",-11,36.5
"108",-11,35.5
"108",-11,34.5
"108",-11,33.5
"108",-11,32.5
"108",-12,31.5
"108",-13,30.5
"108",-13,29.5
"108",-14,28.5
"108",-15,27.5
"108",-16,26.5
"108",-17,25.5
"108",-18,24.5
"108",-18,23.5
"108",-18,22.5
"108",-18,21.5
"108",-18,20.5
"108",-18,19.5
"108",-18,18.5
"108",-18,17.5
"108",-18,16.5
"108",-18,15.5
"108",-18,14.5
"108",-18,13.5
"108",-18,12.5
"108",-18,11.5
"108",-18,10.5
"108",-18,9.5
"108",-18,8.5
"108",-18,7.5
"108",-18,6.5
"108",-18,5.5
"108",-18,4.5
"108",-18,3.5
"108",-18,2.5
"108",-18,1.5
"108",-18,0.5
"108",-18,-0.5
"108",-18,-1.5
"108",-18,-2.5
"108",-17,-3.5
"108",-16,-4.5
"108",-16,-5.5
"108",-16,-6.5
"108",-16,-7.5
"108",-16,-8.5
"108",-16,-9.5
"108",-16,-10.5
"108",-16,-11.5
"108",-16,-12.5
"108",-16,-13.5
"108",-16,-14.5
"108",-16,-15.5
"108",-16,-16.5
"108",-16,-17.5
"108",-16,-18.5
"108",-16,-19.5
"108",-16,-20.5
"108",-16,-21.5
"108",-16,-22.5
"108",-16,-23.5
"108",-16,-24.5
"108",-16,-25.5
"108",-16,-26.5
"108",-16,-27.5
"108",-16,-28.5
"108",-16,-29.5
"108",-16,-30.5
"108",-16,-31.5
"108",-16,-32.5
"108",-15,-33.5
"108",-14,-34.5
"108",-13,-35.5
"108",-12,-36.5
"108",-11,-37.5
"108",-10,-38.5
"108",-9,-39.5
"108",-8,-40.5
"108",-7,-41.5
"108",-6,-42.5
"108",-5,-43.5
"108",-4,-44.5
"108",-3,-45.5
"108",-2,-46.5
"108",-1,-47.5
"108",0,-48.5
"108",1,-49.5
"108",2,-50.5
"108",3,-51.5
"108",4,-52.5
"108",5,-53.5
"108",6,-54.5
"108",7,-54.5
"108",8,-55.5
"108",9,-55.5
"108",10,-56.5
"108",11,-56.5
"108",12,-57.5
"108",13,-57.5
"108",14,-58.5
"108",15,-59.5
"108",16,-60.5
"108",17,-61.5
"108",18,-62.5
"108",19,-63.5
"108",20,-64.5
"108",20,-65.5
"109",10,76.5
"109",9,76.5
"109",8,76.5
"109",7,76.5
"109",6,75.5
"109",5,75.5
"109",4,75.5
"109",4,74.5
"109",4,73.5
"109",3,72.5
"109",2,71.5
"109",1,70.5
"109",0,69.5
"109",-1,69.5
"109",-2,69.5
"109",-3,68.5
"109",-4,68.5
"109",-5,67.5
"109",-6,67.5
"109",-7,67.5
"109",-7,66.5
"109",-7,65.5
"109",-7,64.5
"109",-7,63.5
"109",-7,62.5
"109",-8,61.5
"109",-9,60.5
"109",-10,59.5
"109",-11,58.5
"109",-12,57.5
"109",-12,56.5
"109",-12,55.5
"109",-12,54.5
"109",-12,53.5
"109",-12,52.5
"109",-12,51.5
"109",-12,50.5
"109",-11,49.5
"109",-11,48.5
"109",-11,47.5
"109",-11,46.5
"109",-11,45.5
"109",-11,44.5
"109",-11,43.5
"109",-11,42.5
"109",-11,41.5
"109",-11,40.5
"109",-11,39.5
"109",-11,38.5
"109",-11,37.5
"109",-11,36.5
"109",-11,35.5
"109",-11,34.5
"109",-11,33.5
"109",-11,32.5
"109",-12,31.5
"109",-13,30.5
"109",-14,29.5
"109",-14,28.5
"109",-15,27.5
"109",-16,26.5
"109",-17,25.5
"109",-18,24.5
"109",-18,23.5
"109",-18,22.5
"109",-18,21.5
"109",-18,20.5
"109",-18,19.5
"109",-18,18.5
"109",-18,17.5
"109",-18,16.5
"109",-18,15.5
"109",-18,14.5
"109",-18,13.5
"109",-18,12.5
"109",-18,11.5
"109",-18,10.5
"109",-18,9.5
"109",-18,8.5
"109",-18,7.5
"109",-18,6.5
"109",-18,5.5
"109",-18,4.5
"109",-18,3.5
"109",-18,2.5
"109",-18,1.5
"109",-18,0.5
"109",-18,-0.5
"109",-18,-1.5
"109",-17,-2.5
"109",-16,-3.5
"109",-16,-4.5
"109",-16,-5.5
"109",-16,-6.5
"109",-16,-7.5
"109",-16,-8.5
"109",-16,-9.5
"109",-16,-10.5
"109",-16,-11.5
"109",-16,-12.5
"109",-16,-13.5
"109",-16,-14.5
"109",-16,-15.5
"109",-16,-16.5
"109",-16,-17.5
"109",-16,-18.5
"109",-16,-19.5
"109",-16,-20.5
"109",-16,-21.5
"109",-16,-22.5
"109",-16,-23.5
"109",-16,-24.5
"109",-16,-25.5
"109",-16,-26.5
"109",-16,-27.5
"109",-16,-28.5
"109",-16,-29.5
"109",-16,-30.5
"109",-16,-31.5
"109",-16,-32.5
"109",-16,-33.5
"109",-16,-34.5
"109",-16,-35.5
"109",-16,-36.5
"109",-16,-37.5
"109",-16,-38.5
"109",-16,-39.5
"109",-16,-40.5
"109",-16,-41.5
"109",-15,-42.5
"109",-14,-42.5
"109",-13,-43.5
"109",-12,-44.5
"109",-11,-44.5
"109",-10,-45.5
"109",-9,-46.5
"109",-8,-47.5
"109",-7,-47.5
"109",-6,-48.5
"109",-5,-48.5
"109",-4,-49.5
"109",-3,-49.5
"109",-2,-50.5
"109",-1,-51.5
"109",0,-52.5
"109",1,-53.5
"109",2,-53.5
"109",3,-53.5
"109",4,-53.5
"109",5,-53.5
"109",6,-54.5
"109",7,-54.5
"109",8,-55.5
"109",9,-55.5
"109",10,-56.5
"109",11,-56.5
"109",12,-57.5
"109",13,-57.5
"109",14,-58.5
"109",15,-59.5
"109",16,-60.5
"109",17,-60.5
"109",18,-61.5
"109",19,-62.5
"109",20,-63.5
"109",20,-64.5
"109",20,-65.5
"110",10,76.5
"110",9,76.5
"110",8,76.5
"110",7,76.5
"110",6,75.5
"110",5,75.5
"110",4,75.5
"110",4,74.5
"110",4,73.5
"110",3,72.5
"110",2,71.5
"110",1,70.5
"110",0,69.5
"110",-1,69.5
"110",-2,69.5
"110",-3,68.5
"110",-4,68.5
"110",-5,67.5
"110",-6,67.5
"110",-7,67.5
"110",-7,66.5
"110",-7,65.5
"110",-7,64.5
"110",-7,63.5
"110",-7,62.5
"110",-8,62.5
"110",-9,61.5
"110",-10,60.5
"110",-11,59.5
"110",-11,58.5
"110",-11,57.5
"110",-12,57.5
"110",-13,56.5
"110",-13,55.5
"110",-13,54.5
"110",-13,53.5
"110",-13,52.5
"110",-13,51.5
"110",-13,50.5
"110",-13,49.5
"110",-13,48.5
"110",-13,47.5
"110",-13,46.5
"110",-13,45.5
"110",-13,44.5
"110",-14,44.5
"110",-15,43.5
"110",-16,43.5
"110",-17,43.5
"110",-18,42.5
"110",-18,41.5
"110",-18,40.5
"110",-18,39.5
"110",-18,38.5
"110",-18,37.5
"110",-18,36.5
"110",-18,35.5
"110",-18,34.5
"110",-18,33.5
"110",-18,32.5
"110",-18,31.5
"110",-18,30.5
"110",-18,29.5
"110",-18,28.5
"110",-18,27.5
"110",-18,26.5
"110",-18,25.5
"110",-18,24.5
"110",-18,23.5
"110",-18,22.5
"110",-18,21.5
"110",-18,20.5
"110",-18,19.5
"110",-18,18.5
"110",-18,17.5
"110",-18,16.5
"110",-18,15.5
"110",-18,14.5
"110",-18,13.5
"110",-18,12.5
"110",-18,11.5
"110",-18,10.5
"110",-18,9.5
"110",-17,8.5
"110",-16,8.5
"110",-16,7.5
"110",-16,6.5
"110",-16,5.5
"110",-16,4.5
"110",-16,3.5
"110",-16,2.5
"110",-16,1.5
"110",-16,0.5
"110",-16,-0.5
"110",-16,-1.5
"110",-16,-2.5
"110",-16,-3.5
"110",-16,-4.5
"110",-16,-5.5
"110",-16,-6.5
"110",-16,-7.5
"110",-16,-8.5
"110",-16,-9.5
"110",-16,-10.5
"110",-16,-11.5
"110",-16,-12.5
"110",-16,-13.5
"110",-16,-14.5
"110",-16,-15.5
"110",-16,-16.5
"110",-16,-17.5
"110",-16,-18.5
"110",-16,-19.5
"110",-16,-20.5
"110",-16,-21.5
"110",-16,-22.5
"110",-16,-23.5
"110",-16,-24.5
"110",-16,-25.5
"110",-16,-26.5
"110",-16,-27.5
"110",-16,-28.5
"110",-16,-29.5
"110",-16,-30.5
"110",-16,-31.5
"110",-16,-32.5
"110",-16,-33.5
"110",-16,-34.5
"110",-16,-35.5
"110",-16,-36.5
"110",-16,-37.5
"110",-16,-38.5
"110",-16,-39.5
"110",-16,-40.5
"110",-16,-41.5
"110",-15,-42.5
"110",-14,-42.5
"110",-13,-43.5
"110",-12,-44.5
"110",-11,-44.5
"110",-10,-45.5
"110",-9,-46.5
"110",-8,-47.5
"110",-7,-47.5
"110",-6,-48.5
"110",-5,-48.5
"110",-4,-49.5
"110",-3,-49.5
"110",-2,-50.5
"110",-1,-51.5
"110",0,-52.5
"110",1,-53.5
"110",2,-53.5
"110",3,-53.5
"110",4,-53.5
"110",5,-53.5
"110",6,-54.5
"110",7,-54.5
"110",8,-55.5
"110",9,-55.5
"110",10,-56.5
"110",11,-56.5
"110",12,-57.5
"110",13,-57.5
"110",14,-58.5
"110",15,-59.5
"110",16,-60.5
"110",17,-60.5
"110",18,-61.5
"110",19,-62.5
"110",20,-63.5
"110",20,-64.5
"110",20,-65.5
"111",10,76.5
"111",9,76.5
"111",8,76.5
"111",7,76.5
"111",6,75.5
"111",5,75.5
"111",4,75.5
"111",4,74.5
"111",4,73.5
"111",3,72.5
"111",2,71.5
"111",1,70.5
"111",0,69.5
"111",-1,69.5
"111",-2,69.5
"111",-3,68.5
"111",-4,68.5
"111",-5,67.5
"111",-6,67.5
"111",-7,67.5
"111",-7,66.5
"111",-7,65.5
"111",-7,64.5
"111",-7,63.5
"111",-7,62.5
"111",-8,62.5
"111",-9,61.5
"111",-10,60.5
"111",-11,59.5
"111",-11,58.5
"111",-11,57.5
"111",-12,57.5
"111",-13,56.5
"111",-13,55.5
"111",-13,54.5
"111",-13,53.5
"111",-13,52.5
"111",-13,51.5
"111",-13,50.5
"111",-13,49.5
"111",-13,48.5
"111",-13,47.5
"111",-13,46.5
"111",-13,45.5
"111",-13,44.5
"111",-14,44.5
"111",-15,43.5
"111",-16,43.5
"111",-17,43.5
"111",-18,42.5
"111",-18,41.5
"111",-18,40.5
"111",-18,39.5
"111",-18,38.5
"111",-18,37.5
"111",-18,36.5
"111",-18,35.5
"111",-18,34.5
"111",-18,33.5
"111",-18,32.5
"111",-18,31.5
"111",-18,30.5
"111",-18,29.5
"111",-18,28.5
"111",-18,27.5
"111",-18,26.5
"111",-18,25.5
"111",-18,24.5
"111",-18,23.5
"111",-18,22.5
"111",-18,21.5
"111",-18,20.5
"111",-18,19.5
"111",-18,18.5
"111",-18,17.5
"111",-18,16.5
"111",-18,15.5
"111",-18,14.5
"111",-18,13.5
"111",-18,12.5
"111",-18,11.5
"111",-18,10.5
"111",-18,9.5
"111",-17,8.5
"111",-16,8.5
"111",-16,7.5
"111",-16,6.5
"111",-16,5.5
"111",-16,4.5
"111",-16,3.5
"111",-16,2.5
"111",-16,1.5
"111",-16,0.5
"111",-16,-0.5
"111",-16,-1.5
"111",-16,-2.5
"111",-16,-3.5
"111",-16,-4.5
"111",-16,-5.5
"111",-16,-6.5
"111",-16,-7.5
"111",-16,-8.5
"111",-16,-9.5
"111",-16,-10.5
"111",-16,-11.5
"111",-16,-12.5
"111",-16,-13.5
"111",-16,-14.5
"111",-16,-15.5
"111",-16,-16.5
"111",-16,-17.5
"111",-16,-18.5
"111",-16,-19.5
"111",-16,-20.5
"111",-16,-21.5
"111",-16,-22.5
"111",-16,-23.5
"111",-16,-24.5
"111",-16,-25.5
"111",-16,-26.5
"111",-16,-27.5
"111",-16,-28.5
"111",-16,-29.5
"111",-16,-30.5
"111",-15,-31.5
"111",-14,-31.5
"111",-13,-32.5
"111",-12,-32.5
"111",-11,-33.5
"111",-10,-34.5
"111",-9,-34.5
"111",-8,-35.5
"111",-7,-35.5
"111",-7,-36.5
"111",-6,-37.5
"111",-5,-38.5
"111",-4,-38.5
"111",-3,-39.5
"111",-2,-40.5
"111",-1,-40.5
"111",0,-41.5
"111",1,-41.5
"111",1,-42.5
"111",1,-43.5
"111",1,-44.5
"111",2,-45.5
"111",3,-46.5
"111",4,-46.5
"111",5,-47.5
"111",6,-47.5
"111",7,-47.5
"111",8,-48.5
"111",9,-49.5
"111",10,-49.5
"111",11,-49.5
"111",12,-50.5
"111",13,-50.5
"111",14,-51.5
"111",15,-52.5
"111",16,-53.5
"111",17,-54.5
"111",18,-55.5
"111",19,-56.5
"111",20,-57.5
"111",20,-58.5
"111",20,-59.5
"111",20,-60.5
"111",20,-61.5
"111",20,-62.5
"111",20,-63.5
"111",20,-64.5
"111",20,-65.5
"112",10,76.5
"112",9,76.5
"112",8,76.5
"112",7,76.5
"112",6,76.5
"112",5,76.5
"112",4,76.5
"112",3,76.5
"112",2,76.5
"112",1,76.5
"112",0,76.5
"112",-1,76.5
"112",-2,76.5
"112",-3,76.5
"112",-4,76.5
"112",-5,76.5
"112",-6,76.5
"112",-7,76.5
"112",-8,76.5
"112",-9,76.5
"112",-10,76.5
"112",-11,76.5
"112",-12,76.5
"112",-13,76.5
"112",-13,75.5
"112",-13,74.5
"112",-13,73.5
"112",-13,72.5
"112",-14,72.5
"112",-15,71.5
"112",-16,71.5
"112",-17,71.5
"112",-18,71.5
"112",-19,71.5
"112",-20,71.5
"112",-20,70.5
"112",-20,69.5
"112",-20,68.5
"112",-21,68.5
"112",-22,67.5
"112",-23,67.5
"112",-24,66.5
"112",-25,66.5
"112",-26,66.5
"112",-27,66.5
"112",-27,65.5
"112",-27,64.5
"112",-27,63.5
"112",-27,62.5
"112",-27,61.5
"112",-27,60.5
"112",-27,59.5
"112",-27,58.5
"112",-27,57.5
"112",-27,56.5
"112",-27,55.5
"112",-27,54.5
"112",-27,53.5
"112",-27,52.5
"112",-27,51.5
"112",-27,50.5
"112",-26,49.5
"112",-25,48.5
"112",-24,48.5
"112",-23,47.5
"112",-22,47.5
"112",-22,46.5
"112",-22,45.5
"112",-22,44.5
"112",-22,43.5
"112",-22,42.5
"112",-22,41.5
"112",-21,40.5
"112",-20,40.5
"112",-19,39.5
"112",-18,39.5
"112",-18,38.5
"112",-18,37.5
"112",-18,36.5
"112",-18,35.5
"112",-18,34.5
"112",-18,33.5
"112",-18,32.5
"112",-18,31.5
"112",-18,30.5
"112",-18,29.5
"112",-18,28.5
"112",-18,27.5
"112",-18,26.5
"112",-18,25.5
"112",-18,24.5
"112",-18,23.5
"112",-18,22.5
"112",-18,21.5
"112",-18,20.5
"112",-18,19.5
"112",-18,18.5
"112",-18,17.5
"112",-18,16.5
"112",-18,15.5
"112",-18,14.5
"112",-18,13.5
"112",-18,12.5
"112",-18,11.5
"112",-18,10.5
"112",-18,9.5
"112",-18,8.5
"112",-18,7.5
"112",-18,6.5
"112",-18,5.5
"112",-18,4.5
"112",-18,3.5
"112",-17,2.5
"112",-16,2.5
"112",-16,1.5
"112",-16,0.5
"112",-16,-0.5
"112",-16,-1.5
"112",-16,-2.5
"112",-16,-3.5
"112",-16,-4.5
"112",-16,-5.5
"112",-16,-6.5
"112",-16,-7.5
"112",-16,-8.5
"112",-16,-9.5
"112",-16,-10.5
"112",-16,-11.5
"112",-16,-12.5
"112",-16,-13.5
"112",-16,-14.5
"112",-16,-15.5
"112",-16,-16.5
"112",-16,-17.5
"112",-16,-18.5
"112",-16,-19.5
"112",-16,-20.5
"112",-16,-21.5
"112",-16,-22.5
"112",-16,-23.5
"112",-16,-24.5
"112",-16,-25.5
"112",-16,-26.5
"112",-16,-27.5
"112",-16,-28.5
"112",-16,-29.5
"112",-15,-30.5
"112",-14,-30.5
"112",-13,-30.5
"112",-12,-30.5
"112",-12,-31.5
"112",-11,-32.5
"112",-11,-33.5
"112",-10,-34.5
"112",-9,-34.5
"112",-8,-35.5
"112",-7,-35.5
"112",-7,-36.5
"112",-6,-37.5
"112",-5,-38.5
"112",-4,-38.5
"112",-3,-39.5
"112",-2,-40.5
"112",-1,-40.5
"112",0,-41.5
"112",1,-41.5
"112",1,-42.5
"112",1,-43.5
"112",1,-44.5
"112",2,-45.5
"112",3,-46.5
"112",4,-46.5
"112",5,-47.5
"112",6,-47.5
"112",7,-47.5
"112",8,-48.5
"112",9,-49.5
"112",10,-49.5
"112",11,-49.5
"112",12,-50.5
"112",13,-50.5
"112",14,-51.5
"112",15,-52.5
"112",16,-53.5
"112",17,-54.5
"112",18,-55.5
"112",19,-56.5
"112",20,-57.5
"112",20,-58.5
"112",20,-59.5
"112",20,-60.5
"112",20,-61.5
"112",20,-62.5
"112",20,-63.5
"112",20,-64.5
"112",20,-65.5
"113",10,76.5
"113",9,76.5
"113",8,75.5
"113",7,74.5
"113",6,73.5
"113",5,72.5
"113",4,71.5
"113",3,70.5
"113",2,69.5
"113",1,68.5
"113",1,67.5
"113",1,66.5
"113",0,65.5
"113",-1,64.5
"113",-2,63.5
"113",-3,62.5
"113",-4,61.5
"113",-5,60.5
"113",-6,59.5
"113",-7,58.5
"113",-8,57.5
"113",-9,56.5
"113",-10,55.5
"113",-10,54.5
"113",-11,53.5
"113",-11,52.5
"113",-12,51.5
"113",-12,50.5
"113",-12,49.5
"113",-12,48.5
"113",-12,47.5
"113",-12,46.5
"113",-12,45.5
"113",-12,44.5
"113",-12,43.5
"113",-12,42.5
"113",-12,41.5
"113",-12,40.5
"113",-12,39.5
"113",-12,38.5
"113",-12,37.5
"113",-12,36.5
"113",-12,35.5
"113",-12,34.5
"113",-12,33.5
"113",-12,32.5
"113",-12,31.5
"113",-13,30.5
"113",-13,29.5
"113",-14,28.5
"113",-15,27.5
"113",-16,26.5
"113",-17,25.5
"113",-18,24.5
"113",-18,23.5
"113",-18,22.5
"113",-18,21.5
"113",-18,20.5
"113",-18,19.5
"113",-18,18.5
"113",-18,17.5
"113",-18,16.5
"113",-18,15.5
"113",-18,14.5
"113",-18,13.5
"113",-18,12.5
"113",-18,11.5
"113",-18,10.5
"113",-18,9.5
"113",-18,8.5
"113",-18,7.5
"113",-18,6.5
"113",-18,5.5
"113",-18,4.5
"113",-18,3.5
"113",-18,2.5
"113",-18,1.5
"113",-18,0.5
"113",-18,-0.5
"113",-18,-1.5
"113",-17,-2.5
"113",-16,-3.5
"113",-15,-4.5
"113",-14,-5.5
"113",-14,-6.5
"113",-14,-7.5
"113",-14,-8.5
"113",-14,-9.5
"113",-14,-10.5
"113",-14,-11.5
"113",-14,-12.5
"113",-14,-13.5
"113",-14,-14.5
"113",-14,-15.5
"113",-14,-16.5
"113",-14,-17.5
"113",-14,-18.5
"113",-14,-19.5
"113",-14,-20.5
"113",-14,-21.5
"113",-14,-22.5
"113",-14,-23.5
"113",-14,-24.5
"113",-14,-25.5
"113",-14,-26.5
"113",-14,-27.5
"113",-14,-28.5
"113",-14,-29.5
"113",-14,-30.5
"113",-14,-31.5
"113",-13,-32.5
"113",-12,-33.5
"113",-11,-34.5
"113",-10,-35.5
"113",-9,-36.5
"113",-8,-37.5
"113",-7,-38.5
"113",-6,-39.5
"113",-5,-40.5
"113",-4,-41.5
"113",-3,-42.5
"113",-2,-43.5
"113",-1,-44.5
"113",0,-45.5
"113",1,-46.5
"113",2,-47.5
"113",3,-48.5
"113",4,-49.5
"113",5,-50.5
"113",6,-51.5
"113",7,-52.5
"113",8,-53.5
"113",9,-54.5
"113",10,-55.5
"113",11,-56.5
"113",12,-57.5
"113",13,-58.5
"113",14,-59.5
"113",15,-60.5
"113",16,-61.5
"113",17,-62.5
"113",18,-63.5
"113",19,-64.5
"113",20,-65.5
"114",10,76.5
"114",9,76.5
"114",8,76.5
"114",7,76.5
"114",6,75.5
"114",5,75.5
"114",4,75.5
"114",4,74.5
"114",4,73.5
"114",3,72.5
"114",2,71.5
"114",1,70.5
"114",0,69.5
"114",-1,69.5
"114",-2,69.5
"114",-3,68.5
"114",-4,68.5
"114",-5,67.5
"114",-6,67.5
"114",-7,67.5
"114",-7,66.5
"114",-7,65.5
"114",-7,64.5
"114",-7,63.5
"114",-7,62.5
"114",-8,61.5
"114",-9,60.5
"114",-10,59.5
"114",-11,58.5
"114",-11,57.5
"114",-11,56.5
"114",-11,55.5
"114",-11,54.5
"114",-11,53.5
"114",-11,52.5
"114",-11,51.5
"114",-11,50.5
"114",-11,49.5
"114",-11,48.5
"114",-11,47.5
"114",-11,46.5
"114",-11,45.5
"114",-11,44.5
"114",-11,43.5
"114",-11,42.5
"114",-11,41.5
"114",-11,40.5
"114",-11,39.5
"114",-11,38.5
"114",-11,37.5
"114",-11,36.5
"114",-11,35.5
"114",-11,34.5
"114",-11,33.5
"114",-11,32.5
"114",-12,31.5
"114",-13,30.5
"114",-13,29.5
"114",-14,28.5
"114",-15,27.5
"114",-16,26.5
"114",-17,25.5
"114",-18,24.5
"114",-18,23.5
"114",-18,22.5
"114",-18,21.5
"114",-18,20.5
"114",-18,19.5
"114",-18,18.5
"114",-18,17.5
"114",-18,16.5
"114",-18,15.5
"114",-18,14.5
"114",-18,13.5
"114",-18,12.5
"114",-18,11.5
"114",-18,10.5
"114",-18,9.5
"114",-18,8.5
"114",-18,7.5
"114",-18,6.5
"114",-18,5.5
"114",-18,4.5
"114",-18,3.5
"114",-18,2.5
"114",-18,1.5
"114",-18,0.5
"114",-18,-0.5
"114",-18,-1.5
"114",-18,-2.5
"114",-17,-3.5
"114",-16,-4.5
"114",-16,-5.5
"114",-16,-6.5
"114",-16,-7.5
"114",-16,-8.5
"114",-16,-9.5
"114",-16,-10.5
"114",-16,-11.5
"114",-16,-12.5
"114",-16,-13.5
"114",-16,-14.5
"114",-16,-15.5
"114",-16,-16.5
"114",-16,-17.5
"114",-16,-18.5
"114",-16,-19.5
"114",-16,-20.5
"114",-16,-21.5
"114",-16,-22.5
"114",-16,-23.5
"114",-16,-24.5
"114",-16,-25.5
"114",-16,-26.5
"114",-16,-27.5
"114",-16,-28.5
"114",-16,-29.5
"114",-16,-30.5
"114",-16,-31.5
"114",-16,-32.5
"114",-15,-33.5
"114",-14,-34.5
"114",-13,-35.5
"114",-12,-36.5
"114",-11,-37.5
"114",-10,-38.5
"114",-9,-39.5
"114",-8,-40.5
"114",-7,-41.5
"114",-6,-42.5
"114",-5,-43.5
"114",-4,-44.5
"114",-3,-45.5
"114",-2,-46.5
"114",-1,-47.5
"114",0,-48.5
"114",1,-49.5
"114",2,-50.5
"114",3,-51.5
"114",4,-52.5
"114",5,-53.5
"114",6,-54.5
"114",7,-54.5
"114",8,-55.5
"114",9,-55.5
"114",10,-56.5
"114",11,-56.5
"114",12,-57.5
"114",13,-57.5
"114",14,-58.5
"114",15,-59.5
"114",16,-60.5
"114",17,-61.5
"114",18,-62.5
"114",19,-63.5
"114",20,-64.5
"114",20,-65.5
"115",10,76.5
"115",9,76.5
"115",8,76.5
"115",7,76.5
"115",6,75.5
"115",5,75.5
"115",4,75.5
"115",4,74.5
"115",4,73.5
"115",3,72.5
"115",2,71.5
"115",1,70.5
"115",0,69.5
"115",-1,69.5
"115",-2,69.5
"115",-3,68.5
"115",-4,68.5
"115",-5,67.5
"115",-6,67.5
"115",-7,67.5
"115",-7,66.5
"115",-7,65.5
"115",-7,64.5
"115",-7,63.5
"115",-7,62.5
"115",-8,62.5
"115",-9,61.5
"115",-10,60.5
"115",-11,59.5
"115",-11,58.5
"115",-11,57.5
"115",-12,57.5
"115",-13,56.5
"115",-13,55.5
"115",-13,54.5
"115",-13,53.5
"115",-13,52.5
"115",-13,51.5
"115",-13,50.5
"115",-13,49.5
"115",-13,48.5
"115",-13,47.5
"115",-13,46.5
"115",-13,45.5
"115",-13,44.5
"115",-14,44.5
"115",-15,43.5
"115",-16,43.5
"115",-17,43.5
"115",-18,42.5
"115",-18,41.5
"115",-18,40.5
"115",-18,39.5
"115",-18,38.5
"115",-18,37.5
"115",-18,36.5
"115",-18,35.5
"115",-18,34.5
"115",-18,33.5
"115",-18,32.5
"115",-18,31.5
"115",-18,30.5
"115",-18,29.5
"115",-18,28.5
"115",-18,27.5
"115",-18,26.5
"115",-18,25.5
"115",-18,24.5
"115",-18,23.5
"115",-18,22.5
"115",-18,21.5
"115",-18,20.5
"115",-18,19.5
"115",-18,18.5
"115",-18,17.5
"115",-18,16.5
"115",-18,15.5
"115",-18,14.5
"115",-18,13.5
"115",-18,12.5
"115",-18,11.5
"115",-18,10.5
"115",-18,9.5
"115",-18,8.5
"115",-18,7.5
"115",-18,6.5
"115",-18,5.5
"115",-18,4.5
"115",-18,3.5
"115",-18,2.5
"115",-18,1.5
"115",-18,0.5
"115",-18,-0.5
"115",-18,-1.5
"115",-17,-2.5
"115",-16,-3.5
"115",-16,-4.5
"115",-16,-5.5
"115",-16,-6.5
"115",-16,-7.5
"115",-16,-8.5
"115",-16,-9.5
"115",-16,-10.5
"115",-16,-11.5
"115",-16,-12.5
"115",-16,-13.5
"115",-16,-14.5
"115",-16,-15.5
"115",-16,-16.5
"115",-16,-17.5
"115",-16,-18.5
"115",-16,-19.5
"115",-16,-20.5
"115",-16,-21.5
"115",-16,-22.5
"115",-16,-23.5
"115",-16,-24.5
"115",-16,-25.5
"115",-16,-26.5
"115",-16,-27.5
"115",-16,-28.5
"115",-16,-29.5
"115",-16,-30.5
"115",-16,-31.5
"115",-16,-32.5
"115",-16,-33.5
"115",-16,-34.5
"115",-16,-35.5
"115",-16,-36.5
"115",-16,-37.5
"115",-16,-38.5
"115",-16,-39.5
"115",-16,-40.5
"115",-16,-41.5
"115",-15,-42.5
"115",-14,-42.5
"115",-13,-43.5
"115",-12,-44.5
"115",-11,-44.5
"115",-10,-45.5
"115",-9,-46.5
"115",-8,-47.5
"115",-7,-47.5
"115",-6,-48.5
"115",-5,-48.5
"115",-4,-49.5
"115",-3,-49.5
"115",-2,-50.5
"115",-1,-51.5
"115",0,-52.5
"115",1,-53.5
"115",2,-53.5
"115",3,-53.5
"115",4,-53.5
"115",5,-53.5
"115",6,-54.5
"115",7,-54.5
"115",8,-55.5
"115",9,-55.5
"115",10,-56.5
"115",11,-56.5
"115",12,-57.5
"115",13,-57.5
"115",14,-58.5
"115",15,-59.5
"115",16,-60.5
"115",17,-60.5
"115",18,-61.5
"115",19,-62.5
"115",20,-63.5
"115",20,-64.5
"115",20,-65.5
"116",10,76.5
"116",9,76.5
"116",8,76.5
"116",7,76.5
"116",6,76.5
"116",5,76.5
"116",4,76.5
"116",3,76.5
"116",2,76.5
"116",1,76.5
"116",0,76.5
"116",-1,76.5
"116",-2,76.5
"116",-3,76.5
"116",-4,76.5
"116",-5,76.5
"116",-6,76.5
"116",-7,76.5
"116",-8,76.5
"116",-9,76.5
"116",-10,76.5
"116",-11,76.5
"116",-12,76.5
"116",-13,76.5
"116",-13,75.5
"116",-13,74.5
"116",-13,73.5
"116",-13,72.5
"116",-14,72.5
"116",-15,71.5
"116",-16,71.5
"116",-17,71.5
"116",-18,71.5
"116",-19,71.5
"116",-20,71.5
"116",-20,70.5
"116",-20,69.5
"116",-20,68.5
"116",-21,68.5
"116",-22,67.5
"116",-23,67.5
"116",-24,66.5
"116",-25,66.5
"116",-26,66.5
"116",-27,66.5
"116",-27,65.5
"116",-27,64.5
"116",-27,63.5
"116",-27,62.5
"116",-27,61.5
"116",-27,60.5
"116",-27,59.5
"116",-27,58.5
"116",-27,57.5
"116",-27,56.5
"116",-27,55.5
"116",-27,54.5
"116",-27,53.5
"116",-27,52.5
"116",-27,51.5
"116",-27,50.5
"116",-26,49.5
"116",-25,48.5
"116",-24,48.5
"116",-23,47.5
"116",-22,47.5
"116",-22,46.5
"116",-22,45.5
"116",-22,44.5
"116",-22,43.5
"116",-22,42.5
"116",-22,41.5
"116",-21,40.5
"116",-20,40.5
"116",-19,39.5
"116",-18,39.5
"116",-18,38.5
"116",-18,37.5
"116",-18,36.5
"116",-18,35.5
"116",-18,34.5
"116",-18,33.5
"116",-18,32.5
"116",-18,31.5
"116",-18,30.5
"116",-18,29.5
"116",-18,28.5
"116",-18,27.5
"116",-18,26.5
"116",-18,25.5
"116",-18,24.5
"116",-18,23.5
"116",-18,22.5
"116",-18,21.5
"116",-18,20.5
"116",-18,19.5
"116",-18,18.5
"116",-18,17.5
"116",-18,16.5
"116",-18,15.5
"116",-18,14.5
"116",-18,13.5
"116",-18,12.5
"116",-18,11.5
"116",-18,10.5
"116",-18,9.5
"116",-18,8.5
"116",-18,7.5
"116",-18,6.5
"116",-17,5.5
"116",-16,5.5
"116",-16,4.5
"116",-16,3.5
"116",-16,2.5
"116",-16,1.5
"116",-16,0.5
"116",-16,-0.5
"116",-16,-1.5
"116",-16,-2.5
"116",-16,-3.5
"116",-16,-4.5
"116",-16,-5.5
"116",-16,-6.5
"116",-16,-7.5
"116",-16,-8.5
"116",-16,-9.5
"116",-16,-10.5
"116",-16,-11.5
"116",-16,-12.5
"116",-16,-13.5
"116",-16,-14.5
"116",-16,-15.5
"116",-16,-16.5
"116",-16,-17.5
"116",-16,-18.5
"116",-16,-19.5
"116",-16,-20.5
"116",-16,-21.5
"116",-16,-22.5
"116",-16,-23.5
"116",-16,-24.5
"116",-16,-25.5
"116",-16,-26.5
"116",-16,-27.5
"116",-16,-28.5
"116",-16,-29.5
"116",-15,-30.5
"116",-14,-30.5
"116",-13,-31.5
"116",-12,-31.5
"116",-11,-32.5
"116",-11,-33.5
"116",-10,-34.5
"116",-9,-34.5
"116",-8,-35.5
"116",-7,-35.5
"116",-7,-36.5
"116",-6,-37.5
"116",-5,-38.5
"116",-4,-38.5
"116",-3,-39.5
"116",-2,-40.5
"116",-1,-40.5
"116",0,-41.5
"116",1,-41.5
"116",1,-42.5
"116",1,-43.5
"116",1,-44.5
"116",2,-45.5
"116",3,-46.5
"116",4,-46.5
"116",5,-47.5
"116",6,-47.5
"116",7,-47.5
"116",8,-48.5
"116",9,-49.5
"116",10,-49.5
"116",11,-49.5
"116",12,-50.5
"116",13,-50.5
"116",14,-51.5
"116",15,-52.5
"116",16,-53.5
"116",17,-54.5
"116",18,-55.5
"116",19,-56.5
"116",20,-57.5
"116",20,-58.5
"116",20,-59.5
"116",20,-60.5
"116",20,-61.5
"116",20,-62.5
"116",20,-63.5
"116",20,-64.5
"116",20,-65.5
"117",10,76.5
"117",9,76.5
"117",8,76.5
"117",7,76.5
"117",6,76.5
"117",5,76.5
"117",4,76.5
"117",3,76.5
"117",2,76.5
"117",1,76.5
"117",0,76.5
"117",-1,76.5
"117",-2,76.5
"117",-3,76.5
"117",-4,76.5
"117",-5,76.5
"117",-6,76.5
"117",-6,75.5
"117",-6,74.5
"117",-6,73.5
"117",-6,72.5
"117",-7,71.5
"117",-8,70.5
"117",-9,69.5
"117",-10,68.5
"117",-11,67.5
"117",-12,66.5
"117",-13,65.5
"117",-13,64.5
"117",-13,63.5
"117",-13,62.5
"117",-13,61.5
"117",-13,60.5
"117",-13,59.5
"117",-13,58.5
"117",-13,57.5
"117",-13,56.5
"117",-13,55.5
"117",-13,54.5
"117",-13,53.5
"117",-13,52.5
"117",-13,51.5
"117",-13,50.5
"117",-13,49.5
"117",-13,48.5
"117",-13,47.5
"117",-13,46.5
"117",-13,45.5
"117",-13,44.5
"117",-13,43.5
"117",-13,42.5
"117",-13,41.5
"117",-13,40.5
"117",-13,39.5
"117",-13,38.5
"117",-13,37.5
"117",-13,36.5
"117",-13,35.5
"117",-13,34.5
"117",-13,33.5
"117",-13,32.5
"117",-13,31.5
"117",-13,30.5
"117",-13,29.5
"117",-14,28.5
"117",-15,27.5
"117",-16,26.5
"117",-17,25.5
"117",-18,24.5
"117",-18,23.5
"117",-18,22.5
"117",-18,21.5
"117",-18,20.5
"117",-18,19.5
"117",-18,18.5
"117",-18,17.5
"117",-18,16.5
"117",-18,15.5
"117",-18,14.5
"117",-18,13.5
"117",-18,12.5
"117",-18,11.5
"117",-18,10.5
"117",-18,9.5
"117",-18,8.5
"117",-18,7.5
"117",-18,6.5
"117",-18,5.5
"117",-18,4.5
"117",-18,3.5
"117",-18,2.5
"117",-18,1.5
"117",-18,0.5
"117",-18,-0.5
"117",-18,-1.5
"117",-18,-2.5
"117",-18,-3.5
"117",-18,-4.5
"117",-18,-5.5
"117",-18,-6.5
"117",-18,-7.5
"117",-18,-8.5
"117",-18,-9.5
"117",-18,-10.5
"117",-18,-11.5
"117",-18,-12.5
"117",-18,-13.5
"117",-18,-14.5
"117",-18,-15.5
"117",-18,-16.5
"117",-18,-17.5
"117",-18,-18.5
"117",-18,-19.5
"117",-18,-20.5
"117",-18,-21.5
"117",-18,-22.5
"117",-18,-23.5
"117",-18,-24.5
"117",-18,-25.5
"117",-18,-26.5
"117",-18,-27.5
"117",-18,-28.5
"117",-18,-29.5
"117",-18,-30.5
"117",-18,-31.5
"117",-17,-32.5
"117",-16,-33.5
"117",-15,-34.5
"117",-14,-35.5
"117",-13,-36.5
"117",-12,-37.5
"117",-11,-38.5
"117",-10,-39.5
"117",-9,-40.5
"117",-8,-41.5
"117",-7,-42.5
"117",-6,-43.5
"117",-5,-44.5
"117",-4,-45.5
"117",-3,-46.5
"117",-2,-47.5
"117",-1,-48.5
"117",0,-49.5
"117",1,-50.5
"117",2,-51.5
"117",3,-52.5
"117",4,-53.5
"117",5,-54.5
"117",6,-55.5
"117",7,-56.5
"117",8,-57.5
"117",9,-58.5
"117",10,-59.5
"117",11,-60.5
"117",12,-61.5
"117",13,-62.5
"117",14,-63.5
"117",15,-63.5
"117",16,-63.5
"117",17,-63.5
"117",18,-63.5
"117",19,-64.5
"117",20,-65.5
"118",10,76.5
"118",9,76.5
"118",8,76.5
"118",7,76.5
"118",6,76.5
"118",5,76.5
"118",4,76.5
"118",3,76.5
"118",2,76.5
"118",1,76.5
"118",0,76.5
"118",-1,76.5
"118",-2,76.5
"118",-3,76.5
"118",-4,76.5
"118",-5,76.5
"118",-6,76.5
"118",-7,76.5
"118",-8,76.5
"118",-9,76.5
"118",-10,76.5
"118",-11,76.5
"118",-11,75.5
"118",-11,74.5
"118",-11,73.5
"118",-11,72.5
"118",-11,71.5
"118",-11,70.5
"118",-11,69.5
"118",-11,68.5
"118",-11,67.5
"118",-11,66.5
"118",-11,65.5
"118",-11,64.5
"118",-11,63.5
"118",-11,62.5
"118",-11,61.5
"118",-11,60.5
"118",-11,59.5
"118",-11,58.5
"118",-11,57.5
"118",-11,56.5
"118",-11,55.5
"118",-11,54.5
"118",-11,53.5
"118",-11,52.5
"118",-11,51.5
"118",-11,50.5
"118",-11,49.5
"118",-11,48.5
"118",-11,47.5
"118",-11,46.5
"118",-11,45.5
"118",-11,44.5
"118",-11,43.5
"118",-11,42.5
"118",-11,41.5
"118",-11,40.5
"118",-11,39.5
"118",-11,38.5
"118",-11,37.5
"118",-11,36.5
"118",-11,35.5
"118",-11,34.5
"118",-11,33.5
"118",-11,32.5
"118",-12,31.5
"118",-13,30.5
"118",-14,29.5
"118",-14,28.5
"118",-15,27.5
"118",-16,26.5
"118",-17,25.5
"118",-18,24.5
"118",-18,23.5
"118",-18,22.5
"118",-18,21.5
"118",-18,20.5
"118",-18,19.5
"118",-18,18.5
"118",-18,17.5
"118",-18,16.5
"118",-18,15.5
"118",-18,14.5
"118",-18,13.5
"118",-18,12.5
"118",-18,11.5
"118",-18,10.5
"118",-18,9.5
"118",-18,8.5
"118",-17,7.5
"118",-16,6.5
"118",-16,5.5
"118",-16,4.5
"118",-16,3.5
"118",-16,2.5
"118",-16,1.5
"118",-16,0.5
"118",-16,-0.5
"118",-16,-1.5
"118",-16,-2.5
"118",-16,-3.5
"118",-16,-4.5
"118",-16,-5.5
"118",-16,-6.5
"118",-16,-7.5
"118",-16,-8.5
"118",-16,-9.5
"118",-16,-10.5
"118",-16,-11.5
"118",-16,-12.5
"118",-16,-13.5
"118",-16,-14.5
"118",-16,-15.5
"118",-16,-16.5
"118",-16,-17.5
"118",-16,-18.5
"118",-16,-19.5
"118",-16,-20.5
"118",-16,-21.5
"118",-16,-22.5
"118",-16,-23.5
"118",-16,-24.5
"118",-16,-25.5
"118",-16,-26.5
"118",-16,-27.5
"118",-16,-28.5
"118",-16,-29.5
"118",-16,-30.5
"118",-16,-31.5
"118",-16,-32.5
"118",-15,-33.5
"118",-14,-34.5
"118",-13,-35.5
"118",-12,-36.5
"118",-11,-37.5
"118",-10,-38.5
"118",-9,-39.5
"118",-8,-40.5
"118",-7,-41.5
"118",-6,-42.5
"118",-5,-43.5
"118",-4,-44.5
"118",-3,-45.5
"118",-2,-46.5
"118",-1,-47.5
"118",0,-48.5
"118",1,-49.5
"118",2,-50.5
"118",3,-51.5
"118",4,-52.5
"118",5,-53.5
"118",6,-54.5
"118",7,-54.5
"118",8,-55.5
"118",9,-55.5
"118",10,-56.5
"118",11,-56.5
"118",12,-57.5
"118",13,-57.5
"118",14,-58.5
"118",15,-59.5
"118",16,-60.5
"118",17,-61.5
"118",18,-62.5
"118",19,-63.5
"118",20,-64.5
"118",20,-65.5
"119",10,76.5
"119",9,76.5
"119",8,76.5
"119",7,76.5
"119",6,76.5
"119",5,76.5
"119",4,76.5
"119",3,76.5
"119",2,76.5
"119",1,76.5
"119",0,76.5
"119",-1,76.5
"119",-2,76.5
"119",-3,76.5
"119",-4,76.5
"119",-5,76.5
"119",-6,76.5
"119",-7,76.5
"119",-8,76.5
"119",-9,76.5
"119",-10,76.5
"119",-11,76.5
"119",-12,76.5
"119",-13,76.5
"119",-13,75.5
"119",-13,74.5
"119",-13,73.5
"119",-13,72.5
"119",-14,72.5
"119",-15,71.5
"119",-16,71.5
"119",-17,71.5
"119",-18,71.5
"119",-19,71.5
"119",-20,71.5
"119",-20,70.5
"119",-20,69.5
"119",-20,68.5
"119",-21,68.5
"119",-22,67.5
"119",-23,67.5
"119",-24,66.5
"119",-25,66.5
"119",-26,66.5
"119",-27,66.5
"119",-27,65.5
"119",-27,64.5
"119",-27,63.5
"119",-27,62.5
"119",-27,61.5
"119",-27,60.5
"119",-27,59.5
"119",-27,58.5
"119",-27,57.5
"119",-27,56.5
"119",-27,55.5
"119",-27,54.5
"119",-27,53.5
"119",-27,52.5
"119",-27,51.5
"119",-26,50.5
"119",-25,49.5
"119",-24,48.5
"119",-23,47.5
"119",-22,47.5
"119",-22,46.5
"119",-22,45.5
"119",-22,44.5
"119",-22,43.5
"119",-22,42.5
"119",-21,41.5
"119",-20,41.5
"119",-19,40.5
"119",-18,40.5
"119",-18,39.5
"119",-18,38.5
"119",-18,37.5
"119",-18,36.5
"119",-18,35.5
"119",-18,34.5
"119",-18,33.5
"119",-18,32.5
"119",-18,31.5
"119",-18,30.5
"119",-18,29.5
"119",-18,28.5
"119",-18,27.5
"119",-18,26.5
"119",-18,25.5
"119",-18,24.5
"119",-18,23.5
"119",-18,22.5
"119",-18,21.5
"119",-18,20.5
"119",-18,19.5
"119",-18,18.5
"119",-18,17.5
"119",-18,16.5
"119",-18,15.5
"119",-18,14.5
"119",-18,13.5
"119",-18,12.5
"119",-18,11.5
"119",-18,10.5
"119",-18,9.5
"119",-18,8.5
"119",-18,7.5
"119",-18,6.5
"119",-17,5.5
"119",-16,5.5
"119",-16,4.5
"119",-16,3.5
"119",-16,2.5
"119",-16,1.5
"119",-16,0.5
"119",-16,-0.5
"119",-16,-1.5
"119",-16,-2.5
"119",-16,-3.5
"119",-16,-4.5
"119",-16,-5.5
"119",-16,-6.5
"119",-16,-7.5
"119",-16,-8.5
"119",-16,-9.5
"119",-16,-10.5
"119",-16,-11.5
"119",-16,-12.5
"119",-16,-13.5
"119",-16,-14.5
"119",-16,-15.5
"119",-16,-16.5
"119",-16,-17.5
"119",-16,-18.5
"119",-16,-19.5
"119",-16,-20.5
"119",-16,-21.5
"119",-16,-22.5
"119",-16,-23.5
"119",-16,-24.5
"119",-16,-25.5
"119",-16,-26.5
"119",-16,-27.5
"119",-16,-28.5
"119",-16,-29.5
"119",-16,-30.5
"119",-16,-31.5
"119",-16,-32.5
"119",-16,-33.5
"119",-16,-34.5
"119",-16,-35.5
"119",-16,-36.5
"119",-16,-37.5
"119",-16,-38.5
"119",-16,-39.5
"119",-16,-40.5
"119",-16,-41.5
"119",-15,-42.5
"119",-14,-42.5
"119",-13,-43.5
"119",-12,-44.5
"119",-11,-44.5
"119",-10,-45.5
"119",-9,-46.5
"119",-8,-47.5
"119",-7,-47.5
"119",-6,-48.5
"119",-5,-48.5
"119",-4,-49.5
"119",-3,-49.5
"119",-2,-50.5
"119",-1,-51.5
"119",0,-52.5
"119",1,-53.5
"119",2,-53.5
"119",3,-53.5
"119",4,-53.5
"119",5,-53.5
"119",6,-54.5
"119",7,-54.5
"119",8,-55.5
"119",9,-55.5
"119",10,-56.5
"119",11,-56.5
"119",12,-57.5
"119",13,-57.5
"119",14,-58.5
"119",15,-59.5
"119",16,-60.5
"119",17,-60.5
"119",18,-61.5
"119",19,-62.5
"119",20,-63.5
"119",20,-64.5
"119",20,-65.5
"120",10,76.5
"120",9,76.5
"120",8,76.5
"120",7,76.5
"120",6,76.5
"120",5,76.5
"120",4,76.5
"120",3,76.5
"120",2,76.5
"120",1,76.5
"120",0,76.5
"120",-1,76.5
"120",-2,76.5
"120",-3,76.5
"120",-4,76.5
"120",-5,76.5
"120",-6,76.5
"120",-7,76.5
"120",-7,75.5
"120",-7,74.5
"120",-7,73.5
"120",-7,72.5
"120",-7,71.5
"120",-8,70.5
"120",-9,69.5
"120",-10,68.5
"120",-11,67.5
"120",-12,66.5
"120",-13,65.5
"120",-13,64.5
"120",-13,63.5
"120",-13,62.5
"120",-13,61.5
"120",-13,60.5
"120",-13,59.5
"120",-13,58.5
"120",-13,57.5
"120",-13,56.5
"120",-13,55.5
"120",-13,54.5
"120",-13,53.5
"120",-13,52.5
"120",-13,51.5
"120",-13,50.5
"120",-13,49.5
"120",-13,48.5
"120",-13,47.5
"120",-13,46.5
"120",-13,45.5
"120",-13,44.5
"120",-13,43.5
"120",-13,42.5
"120",-13,41.5
"120",-13,40.5
"120",-13,39.5
"120",-13,38.5
"120",-13,37.5
"120",-13,36.5
"120",-13,35.5
"120",-13,34.5
"120",-13,33.5
"120",-13,32.5
"120",-13,31.5
"120",-13,30.5
"120",-13,29.5
"120",-14,28.5
"120",-15,27.5
"120",-16,26.5
"120",-17,25.5
"120",-18,24.5
"120",-18,23.5
"120",-18,22.5
"120",-18,21.5
"120",-18,20.5
"120",-18,19.5
"120",-18,18.5
"120",-18,17.5
"120",-18,16.5
"120",-18,15.5
"120",-18,14.5
"120",-18,13.5
"120",-18,12.5
"120",-18,11.5
"120",-18,10.5
"120",-18,9.5
"120",-18,8.5
"120",-18,7.5
"120",-18,6.5
"120",-18,5.5
"120",-18,4.5
"120",-18,3.5
"120",-18,2.5
"120",-18,1.5
"120",-18,0.5
"120",-18,-0.5
"120",-18,-1.5
"120",-18,-2.5
"120",-18,-3.5
"120",-18,-4.5
"120",-18,-5.5
"120",-18,-6.5
"120",-18,-7.5
"120",-18,-8.5
"120",-18,-9.5
"120",-18,-10.5
"120",-18,-11.5
"120",-18,-12.5
"120",-18,-13.5
"120",-18,-14.5
"120",-18,-15.5
"120",-18,-16.5
"120",-18,-17.5
"120",-18,-18.5
"120",-18,-19.5
"120",-18,-20.5
"120",-18,-21.5
"120",-18,-22.5
"120",-18,-23.5
"120",-18,-24.5
"120",-18,-25.5
"120",-18,-26.5
"120",-18,-27.5
"120",-18,-28.5
"120",-18,-29.5
"120",-18,-30.5
"120",-17,-31.5
"120",-16,-32.5
"120",-15,-33.5
"120",-14,-34.5
"120",-13,-35.5
"120",-12,-36.5
"120",-11,-37.5
"120",-10,-38.5
"120",-9,-39.5
"120",-8,-40.5
"120",-7,-41.5
"120",-6,-42.5
"120",-5,-43.5
"120",-4,-44.5
"120",-3,-45.5
"120",-2,-46.5
"120",-1,-47.5
"120",0,-48.5
"120",1,-49.5
"120",2,-50.5
"120",3,-51.5
"120",4,-52.5
"120",5,-53.5
"120",6,-54.5
"120",7,-55.5
"120",8,-56.5
"120",9,-57.5
"120",10,-58.5
"120",11,-59.5
"120",12,-60.5
"120",13,-61.5
"120",14,-62.5
"120",15,-63.5
"120",16,-63.5
"120",17,-63.5
"120",18,-64.5
"120",19,-64.5
"120",20,-65.5
"121",10,76.5
"121",9,76.5
"121",8,76.5
"121",7,76.5
"121",6,76.5
"121",5,76.5
"121",4,76.5
"121",3,76.5
"121",2,76.5
"121",1,76.5
"121",0,76.5
"121",-1,76.5
"121",-2,76.5
"121",-3,76.5
"121",-4,76.5
"121",-5,76.5
"121",-6,76.5
"121",-7,76.5
"121",-8,76.5
"121",-9,76.5
"121",-10,76.5
"121",-11,76.5
"121",-11,75.5
"121",-11,74.5
"121",-11,73.5
"121",-11,72.5
"121",-11,71.5
"121",-11,70.5
"121",-11,69.5
"121",-11,68.5
"121",-11,67.5
"121",-11,66.5
"121",-11,65.5
"121",-11,64.5
"121",-11,63.5
"121",-11,62.5
"121",-11,61.5
"121",-11,60.5
"121",-11,59.5
"121",-11,58.5
"121",-11,57.5
"121",-11,56.5
"121",-11,55.5
"121",-11,54.5
"121",-11,53.5
"121",-11,52.5
"121",-11,51.5
"121",-11,50.5
"121",-11,49.5
"121",-11,48.5
"121",-11,47.5
"121",-11,46.5
"121",-11,45.5
"121",-11,44.5
"121",-11,43.5
"121",-11,42.5
"121",-11,41.5
"121",-11,40.5
"121",-11,39.5
"121",-11,38.5
"121",-11,37.5
"121",-11,36.5
"121",-11,35.5
"121",-11,34.5
"121",-11,33.5
"121",-11,32.5
"121",-12,31.5
"121",-13,30.5
"121",-14,29.5
"121",-14,28.5
"121",-15,27.5
"121",-16,26.5
"121",-17,25.5
"121",-18,24.5
"121",-18,23.5
"121",-18,22.5
"121",-18,21.5
"121",-18,20.5
"121",-18,19.5
"121",-18,18.5
"121",-18,17.5
"121",-18,16.5
"121",-18,15.5
"121",-18,14.5
"121",-18,13.5
"121",-18,12.5
"121",-18,11.5
"121",-18,10.5
"121",-18,9.5
"121",-18,8.5
"121",-17,7.5
"121",-16,6.5
"121",-16,5.5
"121",-16,4.5
"121",-16,3.5
"121",-16,2.5
"121",-16,1.5
"121",-16,0.5
"121",-16,-0.5
"121",-16,-1.5
"121",-16,-2.5
"121",-16,-3.5
"121",-16,-4.5
"121",-16,-5.5
"121",-16,-6.5
"121",-16,-7.5
"121",-16,-8.5
"121",-16,-9.5
"121",-16,-10.5
"121",-16,-11.5
"121",-16,-12.5
"121",-16,-13.5
"121",-16,-14.5
"121",-16,-15.5
"121",-16,-16.5
"121",-16,-17.5
"121",-16,-18.5
"121",-16,-19.5
"121",-16,-20.5
"121",-16,-21.5
"121",-16,-22.5
"121",-16,-23.5
"121",-16,-24.5
"121",-16,-25.5
"121",-16,-26.5
"121",-16,-27.5
"121",-16,-28.5
"121",-16,-29.5
"121",-16,-30.5
"121",-16,-31.5
"121",-16,-32.5
"121",-16,-33.5
"121",-16,-34.5
"121",-16,-35.5
"121",-15,-36.5
"121",-14,-37.5
"121",-13,-38.5
"121",-12,-39.5
"121",-11,-40.5
"121",-10,-41.5
"121",-9,-42.5
"121",-8,-43.5
"121",-7,-44.5
"121",-6,-45.5
"121",-5,-46.5
"121",-4,-47.5
"121",-3,-48.5
"121",-2,-49.5
"121",-1,-50.5
"121",0,-51.5
"121",1,-52.5
"121",2,-53.5
"121",3,-54.5
"121",4,-54.5
"121",5,-55.5
"121",6,-56.5
"121",7,-56.5
"121",8,-57.5
"121",9,-58.5
"121",10,-58.5
"121",11,-59.5
"121",12,-60.5
"121",13,-60.5
"121",14,-61.5
"121",15,-62.5
"121",16,-62.5
"121",17,-62.5
"121",18,-63.5
"121",19,-64.5
"121",20,-65.5
"122",10,76.5
"122",9,76.5
"122",8,76.5
"122",7,76.5
"122",6,76.5
"122",5,76.5
"122",4,76.5
"122",3,76.5
"122",2,76.5
"122",1,76.5
"122",0,76.5
"122",-1,76.5
"122",-2,76.5
"122",-3,76.5
"122",-4,76.5
"122",-5,76.5
"122",-6,76.5
"122",-7,76.5
"122",-8,76.5
"122",-9,76.5
"122",-10,76.5
"122",-11,76.5
"122",-11,75.5
"122",-11,74.5
"122",-11,73.5
"122",-11,72.5
"122",-11,71.5
"122",-11,70.5
"122",-11,69.5
"122",-11,68.5
"122",-11,67.5
"122",-11,66.5
"122",-11,65.5
"122",-11,64.5
"122",-12,64.5
"122",-13,63.5
"122",-14,63.5
"122",-15,62.5
"122",-16,61.5
"122",-17,61.5
"122",-18,61.5
"122",-19,61.5
"122",-20,60.5
"122",-20,59.5
"122",-20,58.5
"122",-20,57.5
"122",-20,56.5
"122",-20,55.5
"122",-20,54.5
"122",-20,53.5
"122",-20,52.5
"122",-20,51.5
"122",-20,50.5
"122",-20,49.5
"122",-20,48.5
"122",-20,47.5
"122",-20,46.5
"122",-20,45.5
"122",-20,44.5
"122",-19,43.5
"122",-18,42.5
"122",-18,41.5
"122",-18,40.5
"122",-18,39.5
"122",-18,38.5
"122",-18,37.5
"122",-18,36.5
"122",-18,35.5
"122",-18,34.5
"122",-18,33.5
"122",-18,32.5
"122",-18,31.5
"122",-18,30.5
"122",-18,29.5
"122",-18,28.5
"122",-18,27.5
"122",-18,26.5
"122",-18,25.5
"122",-18,24.5
"122",-18,23.5
"122",-18,22.5
"122",-18,21.5
"122",-18,20.5
"122",-18,19.5
"122",-18,18.5
"122",-18,17.5
"122",-18,16.5
"122",-18,15.5
"122",-18,14.5
"122",-18,13.5
"122",-18,12.5
"122",-18,11.5
"122",-18,10.5
"122",-18,9.5
"122",-18,8.5
"122",-17,7.5
"122",-16,6.5
"122",-16,5.5
"122",-16,4.5
"122",-16,3.5
"122",-16,2.5
"122",-16,1.5
"122",-16,0.5
"122",-16,-0.5
"122",-16,-1.5
"122",-16,-2.5
"122",-16,-3.5
"122",-16,-4.5
"122",-16,-5.5
"122",-16,-6.5
"122",-16,-7.5
"122",-16,-8.5
"122",-16,-9.5
"122",-16,-10.5
"122",-16,-11.5
"122",-16,-12.5
"122",-16,-13.5
"122",-16,-14.5
"122",-16,-15.5
"122",-16,-16.5
"122",-16,-17.5
"122",-16,-18.5
"122",-16,-19.5
"122",-16,-20.5
"122",-16,-21.5
"122",-16,-22.5
"122",-16,-23.5
"122",-16,-24.5
"122",-16,-25.5
"122",-16,-26.5
"122",-16,-27.5
"122",-16,-28.5
"122",-16,-29.5
"122",-16,-30.5
"122",-16,-31.5
"122",-16,-32.5
"122",-16,-33.5
"122",-16,-34.5
"122",-16,-35.5
"122",-16,-36.5
"122",-16,-37.5
"122",-16,-38.5
"122",-16,-39.5
"122",-16,-40.5
"122",-16,-41.5
"122",-15,-42.5
"122",-14,-42.5
"122",-13,-43.5
"122",-12,-44.5
"122",-11,-44.5
"122",-10,-45.5
"122",-9,-46.5
"122",-8,-47.5
"122",-7,-47.5
"122",-6,-48.5
"122",-5,-48.5
"122",-4,-49.5
"122",-3,-49.5
"122",-2,-50.5
"122",-1,-51.5
"122",0,-52.5
"122",1,-53.5
"122",2,-53.5
"122",3,-53.5
"122",4,-53.5
"122",5,-53.5
"122",6,-54.5
"122",7,-54.5
"122",8,-55.5
"122",9,-55.5
"122",10,-56.5
"122",11,-56.5
"122",12,-57.5
"122",13,-57.5
"122",14,-58.5
"122",15,-59.5
"122",16,-60.5
"122",17,-60.5
"122",18,-61.5
"122",19,-62.5
"122",20,-63.5
"122",20,-64.5
"122",20,-65.5
"123",10,76.5
"123",9,76.5
"123",8,76.5
"123",7,76.5
"123",6,76.5
"123",5,76.5
"123",4,76.5
"123",3,76.5
"123",2,76.5
"123",1,76.5
"123",0,76.5
"123",-1,76.5
"123",-2,76.5
"123",-3,76.5
"123",-4,76.5
"123",-5,76.5
"123",-6,76.5
"123",-7,76.5
"123",-8,76.5
"123",-9,76.5
"123",-10,76.5
"123",-11,76.5
"123",-12,76.5
"123",-13,76.5
"123",-13,75.5
"123",-13,74.5
"123",-13,73.5
"123",-13,72.5
"123",-13,71.5
"123",-13,70.5
"123",-13,69.5
"123",-13,68.5
"123",-13,67.5
"123",-13,66.5
"123",-13,65.5
"123",-13,64.5
"123",-13,63.5
"123",-14,62.5
"123",-15,61.5
"123",-15,60.5
"123",-15,59.5
"123",-15,58.5
"123",-15,57.5
"123",-15,56.5
"123",-15,55.5
"123",-15,54.5
"123",-15,53.5
"123",-15,52.5
"123",-15,51.5
"123",-15,50.5
"123",-15,49.5
"123",-15,48.5
"123",-15,47.5
"123",-15,46.5
"123",-15,45.5
"123",-15,44.5
"123",-15,43.5
"123",-15,42.5
"123",-15,41.5
"123",-15,40.5
"123",-15,39.5
"123",-15,38.5
"123",-15,37.5
"123",-15,36.5
"123",-15,35.5
"123",-15,34.5
"123",-15,33.5
"123",-15,32.5
"123",-15,31.5
"123",-15,30.5
"123",-15,29.5
"123",-15,28.5
"123",-15,27.5
"123",-16,26.5
"123",-17,25.5
"123",-17,24.5
"123",-18,23.5
"123",-18,22.5
"123",-18,21.5
"123",-18,20.5
"123",-18,19.5
"123",-18,18.5
"123",-18,17.5
"123",-18,16.5
"123",-18,15.5
"123",-18,14.5
"123",-18,13.5
"123",-18,12.5
"123",-18,11.5
"123",-18,10.5
"123",-18,9.5
"123",-18,8.5
"123",-18,7.5
"123",-18,6.5
"123",-18,5.5
"123",-18,4.5
"123",-18,3.5
"123",-18,2.5
"123",-18,1.5
"123",-18,0.5
"123",-18,-0.5
"123",-18,-1.5
"123",-18,-2.5
"123",-18,-3.5
"123",-18,-4.5
"123",-18,-5.5
"123",-18,-6.5
"123",-18,-7.5
"123",-18,-8.5
"123",-18,-9.5
"123",-18,-10.5
"123",-18,-11.5
"123",-18,-12.5
"123",-18,-13.5
"123",-18,-14.5
"123",-18,-15.5
"123",-18,-16.5
"123",-18,-17.5
"123",-18,-18.5
"123",-18,-19.5
"123",-18,-20.5
"123",-18,-21.5
"123",-18,-22.5
"123",-18,-23.5
"123",-18,-24.5
"123",-18,-25.5
"123",-18,-26.5
"123",-18,-27.5
"123",-18,-28.5
"123",-18,-29.5
"123",-18,-30.5
"123",-17,-31.5
"123",-16,-32.5
"123",-15,-33.5
"123",-14,-34.5
"123",-13,-35.5
"123",-12,-36.5
"123",-11,-37.5
"123",-10,-38.5
"123",-9,-39.5
"123",-8,-40.5
"123",-7,-41.5
"123",-6,-42.5
"123",-5,-43.5
"123",-4,-44.5
"123",-3,-45.5
"123",-2,-46.5
"123",-1,-47.5
"123",0,-48.5
"123",1,-49.5
"123",2,-50.5
"123",3,-51.5
"123",4,-52.5
"123",5,-53.5
"123",6,-54.5
"123",7,-55.5
"123",8,-56.5
"123",9,-57.5
"123",10,-58.5
"123",11,-59.5
"123",12,-60.5
"123",13,-61.5
"123",14,-62.5
"123",15,-63.5
"123",16,-64.5
"123",17,-64.5
"123",18,-64.5
"123",19,-64.5
"123",20,-65.5
"124",10,76.5
"124",9,76.5
"124",8,75.5
"124",7,75.5
"124",6,74.5
"124",5,73.5
"124",4,73.5
"124",3,72.5
"124",2,71.5
"124",1,70.5
"124",0,69.5
"124",-1,69.5
"124",-2,69.5
"124",-3,68.5
"124",-4,68.5
"124",-5,67.5
"124",-6,67.5
"124",-7,67.5
"124",-7,66.5
"124",-7,65.5
"124",-7,64.5
"124",-7,63.5
"124",-7,62.5
"124",-8,61.5
"124",-9,60.5
"124",-10,59.5
"124",-11,58.5
"124",-12,57.5
"124",-13,56.5
"124",-13,55.5
"124",-13,54.5
"124",-13,53.5
"124",-13,52.5
"124",-13,51.5
"124",-13,50.5
"124",-13,49.5
"124",-13,48.5
"124",-13,47.5
"124",-13,46.5
"124",-13,45.5
"124",-12,44.5
"124",-11,43.5
"124",-11,42.5
"124",-11,41.5
"124",-11,40.5
"124",-11,39.5
"124",-11,38.5
"124",-11,37.5
"124",-11,36.5
"124",-11,35.5
"124",-11,34.5
"124",-11,33.5
"124",-11,32.5
"124",-12,31.5
"124",-13,30.5
"124",-13,29.5
"124",-14,28.5
"124",-15,27.5
"124",-16,26.5
"124",-17,25.5
"124",-18,24.5
"124",-18,23.5
"124",-18,22.5
"124",-18,21.5
"124",-18,20.5
"124",-18,19.5
"124",-18,18.5
"124",-18,17.5
"124",-18,16.5
"124",-18,15.5
"124",-18,14.5
"124",-18,13.5
"124",-18,12.5
"124",-18,11.5
"124",-18,10.5
"124",-18,9.5
"124",-18,8.5
"124",-18,7.5
"124",-18,6.5
"124",-18,5.5
"124",-18,4.5
"124",-18,3.5
"124",-18,2.5
"124",-18,1.5
"124",-18,0.5
"124",-18,-0.5
"124",-18,-1.5
"124",-18,-2.5
"124",-17,-3.5
"124",-16,-4.5
"124",-16,-5.5
"124",-16,-6.5
"124",-16,-7.5
"124",-16,-8.5
"124",-16,-9.5
"124",-16,-10.5
"124",-16,-11.5
"124",-16,-12.5
"124",-16,-13.5
"124",-16,-14.5
"124",-16,-15.5
"124",-16,-16.5
"124",-16,-17.5
"124",-16,-18.5
"124",-16,-19.5
"124",-16,-20.5
"124",-17,-20.5
"124",-17,-21.5
"124",-17,-22.5
"124",-18,-23.5
"124",-19,-23.5
"124",-20,-24.5
"124",-21,-25.5
"124",-22,-26.5
"124",-22,-27.5
"124",-22,-28.5
"124",-22,-29.5
"124",-22,-30.5
"124",-22,-31.5
"124",-22,-32.5
"124",-21,-33.5
"124",-21,-34.5
"124",-21,-35.5
"124",-20,-36.5
"124",-19,-37.5
"124",-18,-38.5
"124",-17,-39.5
"124",-16,-40.5
"124",-15,-41.5
"124",-14,-42.5
"124",-13,-43.5
"124",-12,-44.5
"124",-11,-45.5
"124",-10,-46.5
"124",-9,-47.5
"124",-8,-48.5
"124",-7,-49.5
"124",-6,-50.5
"124",-5,-51.5
"124",-4,-51.5
"124",-3,-52.5
"124",-2,-53.5
"124",-1,-54.5
"124",0,-55.5
"124",1,-56.5
"124",2,-56.5
"124",3,-56.5
"124",4,-56.5
"124",5,-56.5
"124",6,-57.5
"124",7,-57.5
"124",8,-58.5
"124",9,-58.5
"124",10,-58.5
"124",11,-59.5
"124",12,-60.5
"124",13,-60.5
"124",14,-61.5
"124",15,-62.5
"124",16,-62.5
"124",17,-62.5
"124",18,-63.5
"124",19,-64.5
"124",20,-65.5
"125",10,76.5
"125",9,76.5
"125",8,76.5
"125",7,76.5
"125",6,75.5
"125",5,75.5
"125",4,75.5
"125",4,74.5
"125",4,73.5
"125",3,72.5
"125",2,71.5
"125",1,70.5
"125",0,69.5
"125",-1,69.5
"125",-2,69.5
"125",-3,68.5
"125",-4,68.5
"125",-5,67.5
"125",-6,67.5
"125",-7,67.5
"125",-7,66.5
"125",-7,65.5
"125",-7,64.5
"125",-7,63.5
"125",-7,62.5
"125",-8,61.5
"125",-9,60.5
"125",-10,59.5
"125",-11,58.5
"125",-12,57.5
"125",-13,56.5
"125",-13,55.5
"125",-13,54.5
"125",-13,53.5
"125",-13,52.5
"125",-13,51.5
"125",-13,50.5
"125",-13,49.5
"125",-13,48.5
"125",-13,47.5
"125",-13,46.5
"125",-13,45.5
"125",-12,44.5
"125",-11,44.5
"125",-11,43.5
"125",-11,42.5
"125",-11,41.5
"125",-11,40.5
"125",-11,39.5
"125",-11,38.5
"125",-11,37.5
"125",-11,36.5
"125",-11,35.5
"125",-11,34.5
"125",-11,33.5
"125",-11,32.5
"125",-12,31.5
"125",-13,30.5
"125",-14,29.5
"125",-14,28.5
"125",-15,27.5
"125",-16,26.5
"125",-17,25.5
"125",-18,24.5
"125",-18,23.5
"125",-18,22.5
"125",-18,21.5
"125",-18,20.5
"125",-18,19.5
"125",-18,18.5
"125",-18,17.5
"125",-18,16.5
"125",-18,15.5
"125",-18,14.5
"125",-18,13.5
"125",-18,12.5
"125",-18,11.5
"125",-18,10.5
"125",-18,9.5
"125",-18,8.5
"125",-18,7.5
"125",-18,6.5
"125",-18,5.5
"125",-18,4.5
"125",-18,3.5
"125",-18,2.5
"125",-18,1.5
"125",-18,0.5
"125",-18,-0.5
"125",-18,-1.5
"125",-17,-2.5
"125",-16,-3.5
"125",-16,-4.5
"125",-16,-5.5
"125",-16,-6.5
"125",-16,-7.5
"125",-16,-8.5
"125",-16,-9.5
"125",-16,-10.5
"125",-16,-11.5
"125",-16,-12.5
"125",-16,-13.5
"125",-16,-14.5
"125",-16,-15.5
"125",-16,-16.5
"125",-16,-17.5
"125",-16,-18.5
"125",-16,-19.5
"125",-16,-20.5
"125",-17,-20.5
"125",-17,-21.5
"125",-17,-22.5
"125",-18,-23.5
"125",-19,-23.5
"125",-20,-24.5
"125",-21,-25.5
"125",-22,-26.5
"125",-22,-27.5
"125",-22,-28.5
"125",-22,-29.5
"125",-22,-30.5
"125",-22,-31.5
"125",-22,-32.5
"125",-21,-33.5
"125",-21,-34.5
"125",-21,-35.5
"125",-21,-36.5
"125",-21,-37.5
"125",-20,-38.5
"125",-19,-39.5
"125",-18,-40.5
"125",-17,-41.5
"125",-16,-41.5
"125",-15,-42.5
"125",-14,-42.5
"125",-13,-43.5
"125",-12,-44.5
"125",-11,-44.5
"125",-10,-45.5
"125",-9,-46.5
"125",-8,-47.5
"125",-7,-47.5
"125",-6,-48.5
"125",-5,-48.5
"125",-4,-49.5
"125",-3,-49.5
"125",-2,-50.5
"125",-1,-51.5
"125",0,-52.5
"125",1,-53.5
"125",2,-53.5
"125",3,-53.5
"125",4,-53.5
"125",5,-53.5
"125",6,-54.5
"125",7,-54.5
"125",8,-55.5
"125",9,-55.5
"125",10,-56.5
"125",11,-56.5
"125",12,-57.5
"125",13,-57.5
"125",14,-58.5
"125",15,-59.5
"125",16,-60.5
"125",17,-60.5
"125",18,-61.5
"125",19,-62.5
"125",20,-63.5
"125",20,-64.5
"125",20,-65.5
"126",10,76.5
"126",9,76.5
"126",8,76.5
"126",7,76.5
"126",6,75.5
"126",5,75.5
"126",4,75.5
"126",4,74.5
"126",4,73.5
"126",3,72.5
"126",2,71.5
"126",1,70.5
"126",0,69.5
"126",-1,69.5
"126",-2,69.5
"126",-3,68.5
"126",-4,68.5
"126",-5,67.5
"126",-6,67.5
"126",-7,67.5
"126",-7,66.5
"126",-7,65.5
"126",-7,64.5
"126",-7,63.5
"126",-7,62.5
"126",-8,62.5
"126",-9,61.5
"126",-10,60.5
"126",-11,59.5
"126",-11,58.5
"126",-11,57.5
"126",-12,57.5
"126",-13,56.5
"126",-13,55.5
"126",-13,54.5
"126",-13,53.5
"126",-13,52.5
"126",-13,51.5
"126",-13,50.5
"126",-13,49.5
"126",-13,48.5
"126",-13,47.5
"126",-13,46.5
"126",-13,45.5
"126",-12,44.5
"126",-11,44.5
"126",-11,43.5
"126",-10,42.5
"126",-11,41.5
"126",-11,40.5
"126",-11,39.5
"126",-11,38.5
"126",-11,37.5
"126",-11,36.5
"126",-11,35.5
"126",-11,34.5
"126",-11,33.5
"126",-11,32.5
"126",-12,31.5
"126",-13,30.5
"126",-14,29.5
"126",-14,28.5
"126",-15,27.5
"126",-16,26.5
"126",-17,25.5
"126",-18,24.5
"126",-18,23.5
"126",-18,22.5
"126",-18,21.5
"126",-18,20.5
"126",-18,19.5
"126",-18,18.5
"126",-18,17.5
"126",-18,16.5
"126",-18,15.5
"126",-18,14.5
"126",-18,13.5
"126",-18,12.5
"126",-18,11.5
"126",-18,10.5
"126",-18,9.5
"126",-17,8.5
"126",-16,8.5
"126",-16,7.5
"126",-16,6.5
"126",-16,5.5
"126",-16,4.5
"126",-16,3.5
"126",-16,2.5
"126",-16,1.5
"126",-16,0.5
"126",-16,-0.5
"126",-16,-1.5
"126",-16,-2.5
"126",-16,-3.5
"126",-16,-4.5
"126",-16,-5.5
"126",-16,-6.5
"126",-16,-7.5
"126",-16,-8.5
"126",-16,-9.5
"126",-16,-10.5
"126",-16,-11.5
"126",-16,-12.5
"126",-16,-13.5
"126",-16,-14.5
"126",-16,-15.5
"126",-16,-16.5
"126",-16,-17.5
"126",-16,-18.5
"126",-16,-19.5
"126",-16,-20.5
"126",-16,-21.5
"126",-16,-22.5
"126",-16,-23.5
"126",-16,-24.5
"126",-16,-25.5
"126",-16,-26.5
"126",-16,-27.5
"126",-16,-28.5
"126",-16,-29.5
"126",-16,-30.5
"126",-16,-31.5
"126",-16,-32.5
"126",-16,-33.5
"126",-16,-34.5
"126",-16,-35.5
"126",-16,-36.5
"126",-16,-37.5
"126",-16,-38.5
"126",-16,-39.5
"126",-16,-40.5
"126",-16,-41.5
"126",-15,-42.5
"126",-14,-42.5
"126",-13,-43.5
"126",-12,-44.5
"126",-11,-44.5
"126",-10,-45.5
"126",-9,-46.5
"126",-8,-47.5
"126",-7,-47.5
"126",-6,-48.5
"126",-5,-48.5
"126",-4,-49.5
"126",-3,-49.5
"126",-2,-50.5
"126",-1,-51.5
"126",0,-52.5
"126",1,-53.5
"126",2,-53.5
"126",3,-53.5
"126",4,-53.5
"126",5,-53.5
"126",6,-54.5
"126",7,-54.5
"126",8,-55.5
"126",9,-55.5
"126",10,-56.5
"126",11,-56.5
"126",12,-57.5
"126",13,-57.5
"126",14,-58.5
"126",15,-59.5
"126",16,-60.5
"126",17,-60.5
"126",18,-61.5
"126",19,-62.5
"126",20,-63.5
"126",20,-64.5
"126",20,-65.5
"127",10,76.5
"127",9,76.5
"127",8,76.5
"127",7,76.5
"127",6,76.5
"127",5,76.5
"127",4,76.5
"127",3,76.5
"127",2,76.5
"127",1,76.5
"127",0,76.5
"127",-1,76.5
"127",-2,76.5
"127",-3,76.5
"127",-4,76.5
"127",-5,76.5
"127",-6,76.5
"127",-7,76.5
"127",-8,76.5
"127",-9,76.5
"127",-10,76.5
"127",-11,76.5
"127",-12,76.5
"127",-13,76.5
"127",-13,75.5
"127",-13,74.5
"127",-13,73.5
"127",-13,72.5
"127",-14,72.5
"127",-15,71.5
"127",-16,71.5
"127",-17,71.5
"127",-18,71.5
"127",-19,71.5
"127",-20,71.5
"127",-20,70.5
"127",-20,69.5
"127",-20,68.5
"127",-21,68.5
"127",-22,67.5
"127",-23,67.5
"127",-24,66.5
"127",-25,66.5
"127",-26,66.5
"127",-27,66.5
"127",-27,65.5
"127",-27,64.5
"127",-27,63.5
"127",-27,62.5
"127",-27,61.5
"127",-27,60.5
"127",-27,59.5
"127",-27,58.5
"127",-27,57.5
"127",-27,56.5
"127",-27,55.5
"127",-27,54.5
"127",-27,53.5
"127",-27,52.5
"127",-27,51.5
"127",-27,50.5
"127",-26,49.5
"127",-25,48.5
"127",-24,48.5
"127",-23,47.5
"127",-22,47.5
"127",-22,46.5
"127",-22,45.5
"127",-22,44.5
"127",-22,43.5
"127",-22,42.5
"127",-21,41.5
"127",-20,41.5
"127",-19,40.5
"127",-18,40.5
"127",-18,39.5
"127",-18,38.5
"127",-18,37.5
"127",-18,36.5
"127",-18,35.5
"127",-18,34.5
"127",-18,33.5
"127",-18,32.5
"127",-18,31.5
"127",-18,30.5
"127",-18,29.5
"127",-18,28.5
"127",-18,27.5
"127",-18,26.5
"127",-18,25.5
"127",-18,24.5
"127",-18,23.5
"127",-18,22.5
"127",-18,21.5
"127",-18,20.5
"127",-18,19.5
"127",-18,18.5
"127",-18,17.5
"127",-18,16.5
"127",-18,15.5
"127",-18,14.5
"127",-18,13.5
"127",-18,12.5
"127",-18,11.5
"127",-18,10.5
"127",-18,9.5
"127",-17,8.5
"127",-16,8.5
"127",-16,7.5
"127",-16,6.5
"127",-16,5.5
"127",-16,4.5
"127",-16,3.5
"127",-16,2.5
"127",-16,1.5
"127",-16,0.5
"127",-16,-0.5
"127",-16,-1.5
"127",-16,-2.5
"127",-16,-3.5
"127",-16,-4.5
"127",-16,-5.5
"127",-16,-6.5
"127",-16,-7.5
"127",-16,-8.5
"127",-16,-9.5
"127",-16,-10.5
"127",-16,-11.5
"127",-16,-12.5
"127",-16,-13.5
"127",-16,-14.5
"127",-16,-15.5
"127",-16,-16.5
"127",-16,-17.5
"127",-16,-18.5
"127",-16,-19.5
"127",-16,-20.5
"127",-16,-21.5
"127",-16,-22.5
"127",-16,-23.5
"127",-16,-24.5
"127",-16,-25.5
"127",-16,-26.5
"127",-16,-27.5
"127",-16,-28.5
"127",-16,-29.5
"127",-16,-30.5
"127",-15,-31.5
"127",-14,-31.5
"127",-13,-32.5
"127",-12,-32.5
"127",-11,-33.5
"127",-10,-34.5
"127",-9,-34.5
"127",-8,-35.5
"127",-7,-35.5
"127",-7,-36.5
"127",-6,-37.5
"127",-5,-38.5
"127",-4,-38.5
"127",-3,-39.5
"127",-2,-40.5
"127",-1,-40.5
"127",0,-41.5
"127",1,-41.5
"127",1,-42.5
"127",1,-43.5
"127",1,-44.5
"127",2,-45.5
"127",3,-46.5
"127",4,-46.5
"127",5,-47.5
"127",6,-47.5
"127",7,-47.5
"127",8,-48.5
"127",9,-49.5
"127",10,-49.5
"127",11,-49.5
"127",12,-50.5
"127",13,-50.5
"127",14,-51.5
"127",15,-52.5
"127",16,-53.5
"127",17,-54.5
"127",18,-55.5
"127",19,-56.5
"127",20,-57.5
"127",20,-58.5
"127",20,-59.5
"127",20,-60.5
"127",20,-61.5
"127",20,-62.5
"127",20,-63.5
"127",20,-64.5
"127",20,-65.5
"128",10,76.5
"128",9,76.5
"128",8,76.5
"128",7,76.5
"128",6,76.5
"128",5,76.5
"128",4,76.5
"128",3,76.5
"128",2,76.5
"128",1,76.5
"128",0,76.5
"128",-1,76.5
"128",-2,76.5
"128",-3,76.5
"128",-4,76.5
"128",-5,76.5
"128",-6,76.5
"128",-7,76.5
"128",-8,76.5
"128",-9,76.5
"128",-10,76.5
"128",-11,76.5
"128",-12,76.5
"128",-13,76.5
"128",-13,75.5
"128",-13,74.5
"128",-13,73.5
"128",-13,72.5
"128",-14,72.5
"128",-15,71.5
"128",-16,71.5
"128",-17,71.5
"128",-18,71.5
"128",-19,71.5
"128",-20,71.5
"128",-20,70.5
"128",-20,69.5
"128",-20,68.5
"128",-21,68.5
"128",-22,67.5
"128",-23,67.5
"128",-24,66.5
"128",-25,66.5
"128",-26,66.5
"128",-27,66.5
"128",-27,65.5
"128",-27,64.5
"128",-27,63.5
"128",-27,62.5
"128",-27,61.5
"128",-27,60.5
"128",-27,59.5
"128",-27,58.5
"128",-27,57.5
"128",-27,56.5
"128",-27,55.5
"128",-27,54.5
"128",-27,53.5
"128",-27,52.5
"128",-27,51.5
"128",-27,50.5
"128",-26,49.5
"128",-25,48.5
"128",-24,48.5
"128",-23,47.5
"128",-22,47.5
"128",-22,46.5
"128",-22,45.5
"128",-22,44.5
"128",-22,43.5
"128",-22,42.5
"128",-22,41.5
"128",-21,40.5
"128",-20,40.5
"128",-19,39.5
"128",-18,39.5
"128",-18,38.5
"128",-18,37.5
"128",-18,36.5
"128",-18,35.5
"128",-18,34.5
"128",-18,33.5
"128",-18,32.5
"128",-18,31.5
"128",-18,30.5
"128",-18,29.5
"128",-18,28.5
"128",-18,27.5
"128",-18,26.5
"128",-18,25.5
"128",-18,24.5
"128",-18,23.5
"128",-18,22.5
"128",-18,21.5
"128",-18,20.5
"128",-18,19.5
"128",-18,18.5
"128",-18,17.5
"128",-18,16.5
"128",-18,15.5
"128",-18,14.5
"128",-18,13.5
"128",-18,12.5
"128",-18,11.5
"128",-18,10.5
"128",-18,9.5
"128",-17,8.5
"128",-16,8.5
"128",-16,7.5
"128",-16,6.5
"128",-16,5.5
"128",-16,4.5
"128",-16,3.5
"128",-16,2.5
"128",-16,1.5
"128",-16,0.5
"128",-16,-0.5
"128",-16,-1.5
"128",-16,-2.5
"128",-16,-3.5
"128",-16,-4.5
"128",-16,-5.5
"128",-16,-6.5
"128",-16,-7.5
"128",-16,-8.5
"128",-16,-9.5
"128",-16,-10.5
"128",-16,-11.5
"128",-16,-12.5
"128",-16,-13.5
"128",-16,-14.5
"128",-16,-15.5
"128",-16,-16.5
"128",-16,-17.5
"128",-16,-18.5
"128",-16,-19.5
"128",-16,-20.5
"128",-16,-21.5
"128",-16,-22.5
"128",-16,-23.5
"128",-16,-24.5
"128",-16,-25.5
"128",-16,-26.5
"128",-16,-27.5
"128",-16,-28.5
"128",-16,-29.5
"128",-16,-30.5
"128",-15,-31.5
"128",-14,-31.5
"128",-13,-31.5
"128",-12,-31.5
"128",-11,-32.5
"128",-11,-33.5
"128",-10,-34.5
"128",-9,-34.5
"128",-8,-35.5
"128",-7,-35.5
"128",-7,-36.5
"128",-6,-37.5
"128",-5,-38.5
"128",-4,-38.5
"128",-3,-39.5
"128",-2,-40.5
"128",-1,-40.5
"128",0,-41.5
"128",1,-41.5
"128",1,-42.5
"128",1,-43.5
"128",1,-44.5
"128",2,-45.5
"128",3,-46.5
"128",4,-46.5
"128",5,-47.5
"128",6,-47.5
"128",7,-47.5
"128",8,-48.5
"128",9,-49.5
"128",10,-49.5
"128",11,-49.5
"128",12,-50.5
"128",13,-50.5
"128",14,-51.5
"128",15,-52.5
"128",16,-53.5
"128",17,-54.5
"128",18,-55.5
"128",19,-56.5
"128",20,-57.5
"128",20,-58.5
"128",20,-59.5
"128",20,-60.5
"128",20,-61.5
"128",20,-62.5
"128",20,-63.5
"128",20,-64.5
"128",20,-65.5
"129",10,76.5
"129",9,75.5
"129",8,74.5
"129",7,73.5
"129",6,72.5
"129",5,71.5
"129",4,70.5
"129",3,70.5
"129",2,69.5
"129",1,68.5
"129",1,67.5
"129",1,66.5
"129",0,65.5
"129",-1,64.5
"129",-2,63.5
"129",-3,62.5
"129",-4,61.5
"129",-5,60.5
"129",-6,59.5
"129",-7,58.5
"129",-8,57.5
"129",-9,56.5
"129",-10,55.5
"129",-10,54.5
"129",-11,53.5
"129",-11,52.5
"129",-12,51.5
"129",-12,50.5
"129",-12,49.5
"129",-12,48.5
"129",-12,47.5
"129",-12,46.5
"129",-12,45.5
"129",-12,44.5
"129",-12,43.5
"129",-12,42.5
"129",-12,41.5
"129",-12,40.5
"129",-12,39.5
"129",-12,38.5
"129",-12,37.5
"129",-12,36.5
"129",-12,35.5
"129",-12,34.5
"129",-12,33.5
"129",-12,32.5
"129",-12,31.5
"129",-13,30.5
"129",-13,29.5
"129",-14,28.5
"129",-15,27.5
"129",-16,26.5
"129",-17,25.5
"129",-18,24.5
"129",-18,23.5
"129",-18,22.5
"129",-18,21.5
"129",-18,20.5
"129",-18,19.5
"129",-18,18.5
"129",-18,17.5
"129",-18,16.5
"129",-18,15.5
"129",-18,14.5
"129",-18,13.5
"129",-18,12.5
"129",-18,11.5
"129",-18,10.5
"129",-18,9.5
"129",-18,8.5
"129",-18,7.5
"129",-18,6.5
"129",-18,5.5
"129",-18,4.5
"129",-18,3.5
"129",-18,2.5
"129",-18,1.5
"129",-18,0.5
"129",-18,-0.5
"129",-18,-1.5
"129",-18,-2.5
"129",-18,-3.5
"129",-18,-4.5
"129",-18,-5.5
"129",-18,-6.5
"129",-18,-7.5
"129",-18,-8.5
"129",-18,-9.5
"129",-18,-10.5
"129",-18,-11.5
"129",-18,-12.5
"129",-18,-13.5
"129",-18,-14.5
"129",-18,-15.5
"129",-19,-16.5
"129",-20,-17.5
"129",-21,-18.5
"129",-22,-19.5
"129",-23,-20.5
"129",-24,-21.5
"129",-25,-22.5
"129",-26,-23.5
"129",-26,-24.5
"129",-26,-25.5
"129",-26,-26.5
"129",-26,-27.5
"129",-26,-28.5
"129",-26,-29.5
"129",-26,-30.5
"129",-26,-31.5
"129",-26,-32.5
"129",-25,-33.5
"129",-24,-34.5
"129",-23,-35.5
"129",-22,-36.5
"129",-21,-37.5
"129",-20,-38.5
"129",-19,-39.5
"129",-18,-40.5
"129",-17,-41.5
"129",-16,-42.5
"129",-15,-43.5
"129",-14,-44.5
"129",-13,-45.5
"129",-12,-46.5
"129",-11,-47.5
"129",-10,-48.5
"129",-9,-49.5
"129",-8,-50.5
"129",-7,-51.5
"129",-6,-52.5
"129",-5,-53.5
"129",-4,-54.5
"129",-3,-55.5
"129",-2,-55.5
"129",-1,-55.5
"129",0,-55.5
"129",1,-55.5
"129",2,-55.5
"129",3,-55.5
"129",4,-55.5
"129",5,-55.5
"129",6,-55.5
"129",7,-55.5
"129",8,-55.5
"129",9,-55.5
"129",10,-55.5
"129",11,-56.5
"129",12,-57.5
"129",13,-58.5
"129",14,-59.5
"129",15,-60.5
"129",16,-61.5
"129",17,-62.5
"129",18,-63.5
"129",19,-64.5
"129",20,-65.5
"130",10,76.5
"130",9,76.5
"130",8,75.5
"130",7,75.5
"130",6,74.5
"130",5,73.5
"130",4,73.5
"130",3,72.5
"130",2,71.5
"130",1,70.5
"130",0,69.5
"130",-1,69.5
"130",-2,69.5
"130",-3,68.5
"130",-4,68.5
"130",-5,67.5
"130",-6,67.5
"130",-7,67.5
"130",-7,66.5
"130",-7,65.5
"130",-7,64.5
"130",-7,63.5
"130",-7,62.5
"130",-8,61.5
"130",-9,60.5
"130",-10,59.5
"130",-11,58.5
"130",-12,57.5
"130",-12,56.5
"130",-12,55.5
"130",-12,54.5
"130",-12,53.5
"130",-12,52.5
"130",-12,51.5
"130",-12,50.5
"130",-11,49.5
"130",-11,48.5
"130",-11,47.5
"130",-11,46.5
"130",-11,45.5
"130",-11,44.5
"130",-11,43.5
"130",-11,42.5
"130",-11,41.5
"130",-11,40.5
"130",-11,39.5
"130",-11,38.5
"130",-11,37.5
"130",-11,36.5
"130",-11,35.5
"130",-11,34.5
"130",-11,33.5
"130",-11,32.5
"130",-12,31.5
"130",-13,30.5
"130",-13,29.5
"130",-14,28.5
"130",-15,27.5
"130",-16,26.5
"130",-17,25.5
"130",-18,24.5
"130",-18,23.5
"130",-18,22.5
"130",-18,21.5
"130",-18,20.5
"130",-18,19.5
"130",-18,18.5
"130",-18,17.5
"130",-18,16.5
"130",-18,15.5
"130",-18,14.5
"130",-18,13.5
"130",-18,12.5
"130",-18,11.5
"130",-18,10.5
"130",-18,9.5
"130",-18,8.5
"130",-18,7.5
"130",-18,6.5
"130",-18,5.5
"130",-18,4.5
"130",-18,3.5
"130",-18,2.5
"130",-18,1.5
"130",-18,0.5
"130",-18,-0.5
"130",-18,-1.5
"130",-18,-2.5
"130",-17,-3.5
"130",-16,-4.5
"130",-16,-5.5
"130",-16,-6.5
"130",-16,-7.5
"130",-16,-8.5
"130",-16,-9.5
"130",-16,-10.5
"130",-16,-11.5
"130",-16,-12.5
"130",-16,-13.5
"130",-16,-14.5
"130",-16,-15.5
"130",-16,-16.5
"130",-16,-17.5
"130",-16,-18.5
"130",-16,-19.5
"130",-16,-20.5
"130",-16,-21.5
"130",-16,-22.5
"130",-16,-23.5
"130",-16,-24.5
"130",-16,-25.5
"130",-16,-26.5
"130",-16,-27.5
"130",-16,-28.5
"130",-16,-29.5
"130",-16,-30.5
"130",-16,-31.5
"130",-16,-32.5
"130",-15,-33.5
"130",-14,-34.5
"130",-13,-35.5
"130",-12,-36.5
"130",-11,-37.5
"130",-10,-38.5
"130",-9,-39.5
"130",-8,-40.5
"130",-7,-41.5
"130",-6,-42.5
"130",-5,-43.5
"130",-4,-44.5
"130",-3,-45.5
"130",-2,-46.5
"130",-1,-47.5
"130",0,-48.5
"130",1,-49.5
"130",2,-50.5
"130",3,-51.5
"130",4,-52.5
"130",5,-53.5
"130",6,-54.5
"130",7,-54.5
"130",8,-55.5
"130",9,-55.5
"130",10,-56.5
"130",11,-56.5
"130",12,-57.5
"130",13,-57.5
"130",14,-58.5
"130",15,-59.5
"130",16,-60.5
"130",17,-61.5
"130",18,-62.5
"130",19,-63.5
"130",20,-64.5
"130",20,-65.5
"131",10,76.5
"131",9,76.5
"131",8,76.5
"131",7,76.5
"131",6,75.5
"131",5,75.5
"131",4,75.5
"131",4,74.5
"131",4,73.5
"131",3,72.5
"131",2,71.5
"131",1,70.5
"131",0,69.5
"131",-1,69.5
"131",-2,69.5
"131",-3,68.5
"131",-4,68.5
"131",-5,67.5
"131",-6,67.5
"131",-7,67.5
"131",-7,66.5
"131",-7,65.5
"131",-7,64.5
"131",-7,63.5
"131",-7,62.5
"131",-8,61.5
"131",-9,60.5
"131",-10,59.5
"131",-11,58.5
"131",-12,57.5
"131",-12,56.5
"131",-12,55.5
"131",-12,54.5
"131",-12,53.5
"131",-12,52.5
"131",-12,51.5
"131",-12,50.5
"131",-11,49.5
"131",-11,48.5
"131",-11,47.5
"131",-11,46.5
"131",-11,45.5
"131",-11,44.5
"131",-11,43.5
"131",-11,42.5
"131",-11,41.5
"131",-11,40.5
"131",-11,39.5
"131",-11,38.5
"131",-11,37.5
"131",-11,36.5
"131",-11,35.5
"131",-11,34.5
"131",-11,33.5
"131",-11,32.5
"131",-12,31.5
"131",-13,30.5
"131",-14,29.5
"131",-14,28.5
"131",-15,27.5
"131",-16,26.5
"131",-17,25.5
"131",-18,24.5
"131",-18,23.5
"131",-18,22.5
"131",-18,21.5
"131",-18,20.5
"131",-18,19.5
"131",-18,18.5
"131",-18,17.5
"131",-18,16.5
"131",-18,15.5
"131",-18,14.5
"131",-18,13.5
"131",-18,12.5
"131",-18,11.5
"131",-18,10.5
"131",-18,9.5
"131",-18,8.5
"131",-18,7.5
"131",-18,6.5
"131",-18,5.5
"131",-18,4.5
"131",-18,3.5
"131",-18,2.5
"131",-18,1.5
"131",-18,0.5
"131",-18,-0.5
"131",-18,-1.5
"131",-17,-2.5
"131",-16,-3.5
"131",-16,-4.5
"131",-16,-5.5
"131",-16,-6.5
"131",-16,-7.5
"131",-16,-8.5
"131",-16,-9.5
"131",-16,-10.5
"131",-16,-11.5
"131",-16,-12.5
"131",-16,-13.5
"131",-16,-14.5
"131",-16,-15.5
"131",-16,-16.5
"131",-16,-17.5
"131",-16,-18.5
"131",-16,-19.5
"131",-16,-20.5
"131",-16,-21.5
"131",-16,-22.5
"131",-16,-23.5
"131",-16,-24.5
"131",-16,-25.5
"131",-16,-26.5
"131",-16,-27.5
"131",-16,-28.5
"131",-16,-29.5
"131",-16,-30.5
"131",-16,-31.5
"131",-16,-32.5
"131",-16,-33.5
"131",-16,-34.5
"131",-16,-35.5
"131",-16,-36.5
"131",-16,-37.5
"131",-16,-38.5
"131",-16,-39.5
"131",-16,-40.5
"131",-15,-41.5
"131",-14,-42.5
"131",-13,-43.5
"131",-12,-44.5
"131",-11,-44.5
"131",-10,-45.5
"131",-9,-46.5
"131",-8,-47.5
"131",-7,-47.5
"131",-6,-48.5
"131",-5,-48.5
"131",-4,-49.5
"131",-3,-49.5
"131",-2,-50.5
"131",-1,-51.5
"131",0,-52.5
"131",1,-53.5
"131",2,-53.5
"131",3,-53.5
"131",4,-53.5
"131",5,-53.5
"131",6,-54.5
"131",7,-54.5
"131",8,-55.5
"131",9,-55.5
"131",10,-56.5
"131",11,-56.5
"131",12,-57.5
"131",13,-57.5
"131",14,-58.5
"131",15,-59.5
"131",16,-60.5
"131",17,-60.5
"131",18,-61.5
"131",19,-62.5
"131",20,-63.5
"131",20,-64.5
"131",20,-65.5
"132",10,76.5
"132",9,76.5
"132",8,76.5
"132",7,76.5
"132",6,76.5
"132",5,76.5
"132",4,76.5
"132",3,76.5
"132",2,76.5
"132",1,76.5
"132",0,76.5
"132",-1,76.5
"132",-2,76.5
"132",-3,76.5
"132",-4,76.5
"132",-5,76.5
"132",-6,76.5
"132",-7,76.5
"132",-8,76.5
"132",-9,76.5
"132",-10,76.5
"132",-11,76.5
"132",-12,76.5
"132",-13,76.5
"132",-13,75.5
"132",-13,74.5
"132",-13,73.5
"132",-13,72.5
"132",-14,72.5
"132",-15,71.5
"132",-16,71.5
"132",-17,71.5
"132",-18,71.5
"132",-19,71.5
"132",-20,71.5
"132",-20,70.5
"132",-20,69.5
"132",-20,68.5
"132",-21,68.5
"132",-22,67.5
"132",-23,67.5
"132",-24,66.5
"132",-25,66.5
"132",-26,66.5
"132",-27,66.5
"132",-27,65.5
"132",-27,64.5
"132",-27,63.5
"132",-27,62.5
"132",-27,61.5
"132",-27,60.5
"132",-27,59.5
"132",-27,58.5
"132",-27,57.5
"132",-27,56.5
"132",-27,55.5
"132",-27,54.5
"132",-27,53.5
"132",-27,52.5
"132",-27,51.5
"132",-27,50.5
"132",-26,49.5
"132",-25,48.5
"132",-24,48.5
"132",-23,47.5
"132",-22,47.5
"132",-22,46.5
"132",-22,45.5
"132",-22,44.5
"132",-22,43.5
"132",-22,42.5
"132",-21,41.5
"132",-20,41.5
"132",-19,40.5
"132",-18,40.5
"132",-18,39.5
"132",-18,38.5
"132",-18,37.5
"132",-18,36.5
"132",-18,35.5
"132",-18,34.5
"132",-18,33.5
"132",-18,32.5
"132",-18,31.5
"132",-18,30.5
"132",-18,29.5
"132",-18,28.5
"132",-18,27.5
"132",-18,26.5
"132",-18,25.5
"132",-18,24.5
"132",-18,23.5
"132",-18,22.5
"132",-18,21.5
"132",-18,20.5
"132",-18,19.5
"132",-18,18.5
"132",-18,17.5
"132",-18,16.5
"132",-18,15.5
"132",-18,14.5
"132",-18,13.5
"132",-18,12.5
"132",-18,11.5
"132",-18,10.5
"132",-18,9.5
"132",-17,8.5
"132",-16,8.5
"132",-16,7.5
"132",-16,6.5
"132",-16,5.5
"132",-16,4.5
"132",-16,3.5
"132",-16,2.5
"132",-16,1.5
"132",-16,0.5
"132",-16,-0.5
"132",-16,-1.5
"132",-16,-2.5
"132",-16,-3.5
"132",-16,-4.5
"132",-16,-5.5
"132",-16,-6.5
"132",-16,-7.5
"132",-16,-8.5
"132",-16,-9.5
"132",-16,-10.5
"132",-16,-11.5
"132",-16,-12.5
"132",-16,-13.5
"132",-16,-14.5
"132",-16,-15.5
"132",-16,-16.5
"132",-16,-17.5
"132",-16,-18.5
"132",-16,-19.5
"132",-16,-20.5
"132",-16,-21.5
"132",-16,-22.5
"132",-16,-23.5
"132",-16,-24.5
"132",-16,-25.5
"132",-16,-26.5
"132",-16,-27.5
"132",-16,-28.5
"132",-16,-29.5
"132",-16,-30.5
"132",-16,-31.5
"132",-16,-32.5
"132",-16,-33.5
"132",-16,-34.5
"132",-16,-35.5
"132",-16,-36.5
"132",-16,-37.5
"132",-16,-38.5
"132",-16,-39.5
"132",-16,-40.5
"132",-16,-41.5
"132",-15,-42.5
"132",-14,-42.5
"132",-13,-43.5
"132",-12,-44.5
"132",-11,-44.5
"132",-10,-45.5
"132",-9,-46.5
"132",-8,-47.5
"132",-7,-47.5
"132",-6,-48.5
"132",-5,-48.5
"132",-4,-49.5
"132",-3,-49.5
"132",-2,-50.5
"132",-1,-51.5
"132",0,-52.5
"132",1,-53.5
"132",2,-53.5
"132",3,-53.5
"132",4,-53.5
"132",5,-53.5
"132",6,-54.5
"132",7,-54.5
"132",8,-55.5
"132",9,-55.5
"132",10,-56.5
"132",11,-56.5
"132",12,-57.5
"132",13,-57.5
"132",14,-58.5
"132",15,-59.5
"132",16,-60.5
"132",17,-60.5
"132",18,-61.5
"132",19,-62.5
"132",20,-63.5
"132",20,-64.5
"132",20,-65.5
"133",10,76.5
"133",9,76.5
"133",8,76.5
"133",7,76.5
"133",6,76.5
"133",5,76.5
"133",4,76.5
"133",3,76.5
"133",2,76.5
"133",1,76.5
"133",0,76.5
"133",-1,76.5
"133",-2,76.5
"133",-3,76.5
"133",-4,76.5
"133",-5,76.5
"133",-6,76.5
"133",-7,76.5
"133",-8,76.5
"133",-9,76.5
"133",-10,76.5
"133",-11,76.5
"133",-12,76.5
"133",-13,76.5
"133",-13,75.5
"133",-13,74.5
"133",-13,73.5
"133",-13,72.5
"133",-14,72.5
"133",-15,71.5
"133",-16,71.5
"133",-17,71.5
"133",-18,71.5
"133",-19,71.5
"133",-20,71.5
"133",-20,70.5
"133",-20,69.5
"133",-20,68.5
"133",-21,68.5
"133",-22,67.5
"133",-23,67.5
"133",-24,66.5
"133",-25,66.5
"133",-26,66.5
"133",-27,66.5
"133",-27,65.5
"133",-27,64.5
"133",-27,63.5
"133",-27,62.5
"133",-27,61.5
"133",-27,60.5
"133",-27,59.5
"133",-27,58.5
"133",-27,57.5
"133",-27,56.5
"133",-27,55.5
"133",-27,54.5
"133",-27,53.5
"133",-27,52.5
"133",-27,51.5
"133",-27,50.5
"133",-26,49.5
"133",-25,48.5
"133",-24,48.5
"133",-23,47.5
"133",-22,47.5
"133",-22,46.5
"133",-22,45.5
"133",-22,44.5
"133",-22,43.5
"133",-22,42.5
"133",-21,41.5
"133",-20,41.5
"133",-19,40.5
"133",-18,40.5
"133",-18,39.5
"133",-18,38.5
"133",-18,37.5
"133",-18,36.5
"133",-18,35.5
"133",-18,34.5
"133",-18,33.5
"133",-18,32.5
"133",-18,31.5
"133",-18,30.5
"133",-18,29.5
"133",-18,28.5
"133",-18,27.5
"133",-18,26.5
"133",-18,25.5
"133",-18,24.5
"133",-18,23.5
"133",-18,22.5
"133",-18,21.5
"133",-18,20.5
"133",-18,19.5
"133",-18,18.5
"133",-18,17.5
"133",-18,16.5
"133",-18,15.5
"133",-18,14.5
"133",-18,13.5
"133",-18,12.5
"133",-18,11.5
"133",-18,10.5
"133",-18,9.5
"133",-17,8.5
"133",-16,8.5
"133",-16,7.5
"133",-16,6.5
"133",-16,5.5
"133",-16,4.5
"133",-16,3.5
"133",-16,2.5
"133",-16,1.5
"133",-16,0.5
"133",-16,-0.5
"133",-16,-1.5
"133",-16,-2.5
"133",-16,-3.5
"133",-16,-4.5
"133",-16,-5.5
"133",-16,-6.5
"133",-16,-7.5
"133",-16,-8.5
"133",-16,-9.5
"133",-16,-10.5
"133",-16,-11.5
"133",-16,-12.5
"133",-16,-13.5
"133",-16,-14.5
"133",-16,-15.5
"133",-16,-16.5
"133",-16,-17.5
"133",-16,-18.5
"133",-16,-19.5
"133",-16,-20.5
"133",-16,-21.5
"133",-16,-22.5
"133",-16,-23.5
"133",-16,-24.5
"133",-16,-25.5
"133",-16,-26.5
"133",-16,-27.5
"133",-16,-28.5
"133",-16,-29.5
"133",-16,-30.5
"133",-15,-31.5
"133",-14,-31.5
"133",-13,-32.5
"133",-12,-32.5
"133",-11,-33.5
"133",-10,-34.5
"133",-9,-34.5
"133",-8,-35.5
"133",-7,-35.5
"133",-7,-36.5
"133",-6,-37.5
"133",-5,-38.5
"133",-4,-38.5
"133",-3,-39.5
"133",-2,-40.5
"133",-1,-40.5
"133",0,-41.5
"133",1,-41.5
"133",1,-42.5
"133",1,-43.5
"133",1,-44.5
"133",2,-45.5
"133",3,-46.5
"133",4,-46.5
"133",5,-47.5
"133",6,-47.5
"133",7,-47.5
"133",8,-48.5
"133",9,-49.5
"133",10,-49.5
"133",11,-49.5
"133",12,-50.5
"133",13,-50.5
"133",14,-51.5
"133",15,-52.5
"133",16,-53.5
"133",17,-54.5
"133",18,-55.5
"133",19,-56.5
"133",20,-57.5
"133",20,-58.5
"133",20,-59.5
"133",20,-60.5
"133",20,-61.5
"133",20,-62.5
"133",20,-63.5
"133",20,-64.5
"133",20,-65.5
"134",10,76.5
"134",9,76.5
"134",8,76.5
"134",7,76.5
"134",6,76.5
"134",5,76.5
"134",4,76.5
"134",3,76.5
"134",2,76.5
"134",1,76.5
"134",0,76.5
"134",-1,76.5
"134",-2,76.5
"134",-3,76.5
"134",-4,76.5
"134",-5,76.5
"134",-6,76.5
"134",-7,76.5
"134",-8,76.5
"134",-9,76.5
"134",-10,76.5
"134",-11,76.5
"134",-12,76.5
"134",-13,76.5
"134",-13,75.5
"134",-13,74.5
"134",-13,73.5
"134",-13,72.5
"134",-14,72.5
"134",-15,71.5
"134",-16,71.5
"134",-17,71.5
"134",-18,71.5
"134",-19,71.5
"134",-20,71.5
"134",-20,70.5
"134",-20,69.5
"134",-20,68.5
"134",-21,68.5
"134",-22,67.5
"134",-23,67.5
"134",-24,66.5
"134",-25,66.5
"134",-26,66.5
"134",-27,66.5
"134",-27,65.5
"134",-27,64.5
"134",-27,63.5
"134",-27,62.5
"134",-27,61.5
"134",-27,60.5
"134",-27,59.5
"134",-27,58.5
"134",-27,57.5
"134",-27,56.5
"134",-27,55.5
"134",-27,54.5
"134",-27,53.5
"134",-27,52.5
"134",-27,51.5
"134",-27,50.5
"134",-26,49.5
"134",-25,48.5
"134",-24,48.5
"134",-23,47.5
"134",-22,47.5
"134",-22,46.5
"134",-22,45.5
"134",-22,44.5
"134",-22,43.5
"134",-22,42.5
"134",-22,41.5
"134",-21,40.5
"134",-20,40.5
"134",-19,39.5
"134",-18,39.5
"134",-18,38.5
"134",-18,37.5
"134",-18,36.5
"134",-18,35.5
"134",-18,34.5
"134",-18,33.5
"134",-18,32.5
"134",-18,31.5
"134",-18,30.5
"134",-18,29.5
"134",-18,28.5
"134",-18,27.5
"134",-18,26.5
"134",-18,25.5
"134",-18,24.5
"134",-18,23.5
"134",-18,22.5
"134",-18,21.5
"134",-18,20.5
"134",-18,19.5
"134",-18,18.5
"134",-18,17.5
"134",-18,16.5
"134",-18,15.5
"134",-18,14.5
"134",-18,13.5
"134",-18,12.5
"134",-18,11.5
"134",-18,10.5
"134",-18,9.5
"134",-18,8.5
"134",-18,7.5
"134",-18,6.5
"134",-17,5.5
"134",-16,5.5
"134",-16,4.5
"134",-16,3.5
"134",-16,2.5
"134",-16,1.5
"134",-16,0.5
"134",-16,-0.5
"134",-16,-1.5
"134",-16,-2.5
"134",-16,-3.5
"134",-16,-4.5
"134",-16,-5.5
"134",-16,-6.5
"134",-16,-7.5
"134",-16,-8.5
"134",-16,-9.5
"134",-16,-10.5
"134",-16,-11.5
"134",-16,-12.5
"134",-16,-13.5
"134",-16,-14.5
"134",-16,-15.5
"134",-16,-16.5
"134",-16,-17.5
"134",-16,-18.5
"134",-16,-19.5
"134",-16,-20.5
"134",-16,-21.5
"134",-16,-22.5
"134",-16,-23.5
"134",-16,-24.5
"134",-16,-25.5
"134",-16,-26.5
"134",-16,-27.5
"134",-16,-28.5
"134",-16,-29.5
"134",-15,-30.5
"134",-14,-30.5
"134",-13,-30.5
"134",-12,-30.5
"134",-12,-31.5
"134",-11,-32.5
"134",-11,-33.5
"134",-10,-34.5
"134",-9,-34.5
"134",-8,-35.5
"134",-7,-35.5
"134",-7,-36.5
"134",-6,-37.5
"134",-5,-38.5
"134",-4,-38.5
"134",-3,-39.5
"134",-2,-40.5
"134",-1,-40.5
"134",0,-41.5
"134",1,-41.5
"134",1,-42.5
"134",1,-43.5
"134",1,-44.5
"134",2,-45.5
"134",3,-46.5
"134",4,-46.5
"134",5,-47.5
"134",6,-47.5
"134",7,-47.5
"134",8,-48.5
"134",9,-49.5
"134",10,-49.5
"134",11,-49.5
"134",12,-50.5
"134",13,-50.5
"134",14,-51.5
"134",15,-52.5
"134",16,-53.5
"134",17,-54.5
"134",18,-55.5
"134",19,-56.5
"134",20,-57.5
"134",20,-58.5
"134",20,-59.5
"134",20,-60.5
"134",20,-61.5
"134",20,-62.5
"134",20,-63.5
"134",20,-64.5
"134",20,-65.5
"135",10,76.5
"135",9,76.5
"135",8,76.5
"135",7,75.5
"135",6,74.5
"135",5,73.5
"135",4,72.5
"135",3,71.5
"135",2,70.5
"135",1,70.5
"135",0,70.5
"135",-1,70.5
"135",-2,70.5
"135",-3,70.5
"135",-4,69.5
"135",-5,69.5
"135",-6,68.5
"135",-7,67.5
"135",-8,67.5
"135",-9,66.5
"135",-9,65.5
"135",-9,64.5
"135",-9,63.5
"135",-9,62.5
"135",-9,61.5
"135",-10,60.5
"135",-11,59.5
"135",-12,58.5
"135",-13,57.5
"135",-13,56.5
"135",-13,55.5
"135",-13,54.5
"135",-13,53.5
"135",-13,52.5
"135",-13,51.5
"135",-13,50.5
"135",-13,49.5
"135",-13,48.5
"135",-13,47.5
"135",-13,46.5
"135",-13,45.5
"135",-13,44.5
"135",-13,43.5
"135",-13,42.5
"135",-13,41.5
"135",-13,40.5
"135",-13,39.5
"135",-13,38.5
"135",-13,37.5
"135",-13,36.5
"135",-13,35.5
"135",-13,34.5
"135",-13,33.5
"135",-13,32.5
"135",-13,31.5
"135",-13,30.5
"135",-13,29.5
"135",-14,28.5
"135",-15,27.5
"135",-16,26.5
"135",-17,25.5
"135",-18,24.5
"135",-18,23.5
"135",-18,22.5
"135",-18,21.5
"135",-18,20.5
"135",-18,19.5
"135",-18,18.5
"135",-18,17.5
"135",-18,16.5
"135",-18,15.5
"135",-18,14.5
"135",-18,13.5
"135",-18,12.5
"135",-18,11.5
"135",-18,10.5
"135",-18,9.5
"135",-18,8.5
"135",-18,7.5
"135",-18,6.5
"135",-18,5.5
"135",-18,4.5
"135",-18,3.5
"135",-18,2.5
"135",-18,1.5
"135",-18,0.5
"135",-18,-0.5
"135",-18,-1.5
"135",-18,-2.5
"135",-18,-3.5
"135",-18,-4.5
"135",-18,-5.5
"135",-18,-6.5
"135",-18,-7.5
"135",-18,-8.5
"135",-18,-9.5
"135",-18,-10.5
"135",-18,-11.5
"135",-18,-12.5
"135",-18,-13.5
"135",-18,-14.5
"135",-18,-15.5
"135",-18,-16.5
"135",-18,-17.5
"135",-18,-18.5
"135",-18,-19.5
"135",-18,-20.5
"135",-18,-21.5
"135",-18,-22.5
"135",-18,-23.5
"135",-18,-24.5
"135",-18,-25.5
"135",-18,-26.5
"135",-18,-27.5
"135",-18,-28.5
"135",-18,-29.5
"135",-18,-30.5
"135",-18,-31.5
"135",-17,-32.5
"135",-16,-33.5
"135",-15,-34.5
"135",-14,-35.5
"135",-13,-36.5
"135",-12,-37.5
"135",-11,-38.5
"135",-10,-39.5
"135",-9,-40.5
"135",-8,-41.5
"135",-7,-42.5
"135",-6,-43.5
"135",-5,-44.5
"135",-4,-45.5
"135",-3,-46.5
"135",-2,-47.5
"135",-1,-48.5
"135",0,-49.5
"135",1,-50.5
"135",2,-51.5
"135",3,-52.5
"135",4,-53.5
"135",5,-54.5
"135",6,-55.5
"135",7,-55.5
"135",8,-55.5
"135",9,-55.5
"135",10,-55.5
"135",11,-56.5
"135",12,-57.5
"135",13,-58.5
"135",14,-59.5
"135",15,-60.5
"135",16,-61.5
"135",17,-62.5
"135",18,-63.5
"135",19,-64.5
"135",20,-65.5
"136",10,76.5
"136",9,76.5
"136",8,76.5
"136",7,76.5
"136",6,75.5
"136",5,75.5
"136",4,75.5
"136",4,74.5
"136",4,73.5
"136",3,72.5
"136",2,71.5
"136",1,70.5
"136",0,69.5
"136",-1,69.5
"136",-2,69.5
"136",-3,68.5
"136",-4,68.5
"136",-5,68.5
"136",-6,68.5
"136",-7,68.5
"136",-8,67.5
"136",-9,66.5
"136",-10,66.5
"136",-11,65.5
"136",-11,64.5
"136",-11,63.5
"136",-11,62.5
"136",-11,61.5
"136",-11,60.5
"136",-11,59.5
"136",-11,58.5
"136",-11,57.5
"136",-11,56.5
"136",-11,55.5
"136",-11,54.5
"136",-11,53.5
"136",-11,52.5
"136",-11,51.5
"136",-11,50.5
"136",-11,49.5
"136",-11,48.5
"136",-11,47.5
"136",-11,46.5
"136",-11,45.5
"136",-11,44.5
"136",-11,43.5
"136",-11,42.5
"136",-11,41.5
"136",-11,40.5
"136",-11,39.5
"136",-11,38.5
"136",-11,37.5
"136",-11,36.5
"136",-11,35.5
"136",-11,34.5
"136",-11,33.5
"136",-11,32.5
"136",-12,31.5
"136",-13,30.5
"136",-13,29.5
"136",-14,28.5
"136",-15,27.5
"136",-16,26.5
"136",-17,25.5
"136",-18,24.5
"136",-18,23.5
"136",-18,22.5
"136",-18,21.5
"136",-18,20.5
"136",-18,19.5
"136",-18,18.5
"136",-18,17.5
"136",-18,16.5
"136",-18,15.5
"136",-18,14.5
"136",-18,13.5
"136",-18,12.5
"136",-18,11.5
"136",-18,10.5
"136",-18,9.5
"136",-18,8.5
"136",-18,7.5
"136",-18,6.5
"136",-18,5.5
"136",-18,4.5
"136",-18,3.5
"136",-18,2.5
"136",-18,1.5
"136",-18,0.5
"136",-18,-0.5
"136",-18,-1.5
"136",-17,-2.5
"136",-16,-3.5
"136",-16,-4.5
"136",-16,-5.5
"136",-16,-6.5
"136",-16,-7.5
"136",-16,-8.5
"136",-16,-9.5
"136",-16,-10.5
"136",-16,-11.5
"136",-16,-12.5
"136",-16,-13.5
"136",-16,-14.5
"136",-16,-15.5
"136",-16,-16.5
"136",-16,-17.5
"136",-16,-18.5
"136",-16,-19.5
"136",-16,-20.5
"136",-16,-21.5
"136",-16,-22.5
"136",-16,-23.5
"136",-16,-24.5
"136",-16,-25.5
"136",-16,-26.5
"136",-16,-27.5
"136",-16,-28.5
"136",-16,-29.5
"136",-16,-30.5
"136",-16,-31.5
"136",-16,-32.5
"136",-15,-33.5
"136",-14,-34.5
"136",-13,-35.5
"136",-12,-36.5
"136",-11,-37.5
"136",-10,-38.5
"136",-9,-39.5
"136",-8,-40.5
"136",-7,-41.5
"136",-6,-42.5
"136",-5,-43.5
"136",-4,-44.5
"136",-3,-45.5
"136",-2,-46.5
"136",-1,-47.5
"136",0,-48.5
"136",1,-49.5
"136",2,-50.5
"136",3,-51.5
"136",4,-52.5
"136",5,-53.5
"136",6,-54.5
"136",7,-54.5
"136",8,-55.5
"136",9,-55.5
"136",10,-56.5
"136",11,-56.5
"136",12,-57.5
"136",13,-57.5
"136",14,-58.5
"136",15,-59.5
"136",16,-60.5
"136",17,-61.5
"136",18,-62.5
"136",19,-63.5
"136",20,-64.5
"136",20,-65.5
"137",10,76.5
"137",9,76.5
"137",8,76.5
"137",7,76.5
"137",6,76.5
"137",5,76.5
"137",4,76.5
"137",3,76.5
"137",2,76.5
"137",1,76.5
"137",0,76.5
"137",-1,76.5
"137",-2,76.5
"137",-3,76.5
"137",-4,76.5
"137",-5,76.5
"137",-6,76.5
"137",-7,76.5
"137",-8,76.5
"137",-9,76.5
"137",-10,76.5
"137",-11,76.5
"137",-12,76.5
"137",-13,76.5
"137",-13,75.5
"137",-13,74.5
"137",-13,73.5
"137",-13,72.5
"137",-14,72.5
"137",-15,71.5
"137",-16,71.5
"137",-17,71.5
"137",-18,71.5
"137",-19,71.5
"137",-20,71.5
"137",-20,70.5
"137",-20,69.5
"137",-20,68.5
"137",-21,68.5
"137",-22,67.5
"137",-23,67.5
"137",-24,66.5
"137",-25,66.5
"137",-26,66.5
"137",-27,65.5
"137",-27,64.5
"137",-27,63.5
"137",-27,62.5
"137",-27,61.5
"137",-27,60.5
"137",-27,59.5
"137",-27,58.5
"137",-27,57.5
"137",-27,56.5
"137",-27,55.5
"137",-27,54.5
"137",-27,53.5
"137",-27,52.5
"137",-27,51.5
"137",-26,50.5
"137",-25,49.5
"137",-24,48.5
"137",-23,47.5
"137",-22,47.5
"137",-22,46.5
"137",-22,45.5
"137",-22,44.5
"137",-22,43.5
"137",-22,42.5
"137",-21,41.5
"137",-20,41.5
"137",-19,40.5
"137",-18,39.5
"137",-18,38.5
"137",-18,37.5
"137",-18,36.5
"137",-18,35.5
"137",-18,34.5
"137",-18,33.5
"137",-18,32.5
"137",-18,31.5
"137",-18,30.5
"137",-18,29.5
"137",-18,28.5
"137",-18,27.5
"137",-18,26.5
"137",-18,25.5
"137",-18,24.5
"137",-18,23.5
"137",-18,22.5
"137",-18,21.5
"137",-18,20.5
"137",-18,19.5
"137",-18,18.5
"137",-18,17.5
"137",-18,16.5
"137",-18,15.5
"137",-18,14.5
"137",-18,13.5
"137",-18,12.5
"137",-18,11.5
"137",-18,10.5
"137",-18,9.5
"137",-18,8.5
"137",-17,7.5
"137",-16,6.5
"137",-16,5.5
"137",-16,4.5
"137",-16,3.5
"137",-16,2.5
"137",-16,1.5
"137",-16,0.5
"137",-16,-0.5
"137",-16,-1.5
"137",-16,-2.5
"137",-16,-3.5
"137",-16,-4.5
"137",-16,-5.5
"137",-16,-6.5
"137",-16,-7.5
"137",-16,-8.5
"137",-16,-9.5
"137",-16,-10.5
"137",-16,-11.5
"137",-16,-12.5
"137",-16,-13.5
"137",-16,-14.5
"137",-16,-15.5
"137",-16,-16.5
"137",-16,-17.5
"137",-16,-18.5
"137",-16,-19.5
"137",-16,-20.5
"137",-16,-21.5
"137",-16,-22.5
"137",-16,-23.5
"137",-16,-24.5
"137",-16,-25.5
"137",-16,-26.5
"137",-16,-27.5
"137",-16,-28.5
"137",-16,-29.5
"137",-16,-30.5
"137",-16,-31.5
"137",-16,-32.5
"137",-16,-33.5
"137",-16,-34.5
"137",-16,-35.5
"137",-16,-36.5
"137",-16,-37.5
"137",-16,-38.5
"137",-16,-39.5
"137",-16,-40.5
"137",-16,-41.5
"137",-15,-42.5
"137",-14,-42.5
"137",-13,-43.5
"137",-12,-44.5
"137",-11,-44.5
"137",-10,-45.5
"137",-9,-46.5
"137",-8,-47.5
"137",-7,-47.5
"137",-6,-48.5
"137",-5,-48.5
"137",-4,-49.5
"137",-3,-49.5
"137",-2,-50.5
"137",-1,-51.5
"137",0,-52.5
"137",1,-53.5
"137",2,-53.5
"137",3,-53.5
"137",4,-53.5
"137",5,-53.5
"137",6,-54.5
"137",7,-54.5
"137",8,-55.5
"137",9,-55.5
"137",10,-56.5
"137",11,-56.5
"137",12,-57.5
"137",13,-57.5
"137",14,-58.5
"137",15,-59.5
"137",16,-60.5
"137",17,-60.5
"137",18,-61.5
"137",19,-62.5
"137",20,-63.5
"137",20,-64.5
"137",20,-65.5
"138",10,76.5
"138",9,76.5
"138",8,76.5
"138",7,76.5
"138",6,76.5
"138",5,76.5
"138",4,76.5
"138",3,76.5
"138",2,76.5
"138",1,76.5
"138",0,76.5
"138",-1,76.5
"138",-2,76.5
"138",-3,76.5
"138",-4,76.5
"138",-5,76.5
"138",-6,76.5
"138",-7,76.5
"138",-8,76.5
"138",-9,76.5
"138",-10,76.5
"138",-11,76.5
"138",-12,76.5
"138",-13,76.5
"138",-13,75.5
"138",-13,74.5
"138",-13,73.5
"138",-13,72.5
"138",-14,72.5
"138",-15,71.5
"138",-16,71.5
"138",-17,71.5
"138",-18,71.5
"138",-19,71.5
"138",-20,71.5
"138",-20,70.5
"138",-20,69.5
"138",-20,68.5
"138",-21,68.5
"138",-22,67.5
"138",-23,67.5
"138",-24,66.5
"138",-25,66.5
"138",-26,66.5
"138",-27,66.5
"138",-27,65.5
"138",-27,64.5
"138",-27,63.5
"138",-27,62.5
"138",-27,61.5
"138",-27,60.5
"138",-27,59.5
"138",-27,58.5
"138",-27,57.5
"138",-27,56.5
"138",-27,55.5
"138",-27,54.5
"138",-27,53.5
"138",-27,52.5
"138",-27,51.5
"138",-27,50.5
"138",-26,49.5
"138",-25,48.5
"138",-24,48.5
"138",-23,47.5
"138",-22,47.5
"138",-22,46.5
"138",-22,45.5
"138",-22,44.5
"138",-22,43.5
"138",-22,42.5
"138",-21,41.5
"138",-20,41.5
"138",-19,40.5
"138",-18,40.5
"138",-18,39.5
"138",-18,38.5
"138",-18,37.5
"138",-18,36.5
"138",-18,35.5
"138",-18,34.5
"138",-18,33.5
"138",-18,32.5
"138",-18,31.5
"138",-18,30.5
"138",-18,29.5
"138",-18,28.5
"138",-18,27.5
"138",-18,26.5
"138",-18,25.5
"138",-18,24.5
"138",-18,23.5
"138",-18,22.5
"138",-18,21.5
"138",-18,20.5
"138",-18,19.5
"138",-18,18.5
"138",-18,17.5
"138",-18,16.5
"138",-18,15.5
"138",-18,14.5
"138",-18,13.5
"138",-18,12.5
"138",-18,11.5
"138",-18,10.5
"138",-18,9.5
"138",-18,8.5
"138",-18,7.5
"138",-18,6.5
"138",-17,5.5
"138",-16,5.5
"138",-16,4.5
"138",-16,3.5
"138",-16,2.5
"138",-16,1.5
"138",-16,0.5
"138",-16,-0.5
"138",-16,-1.5
"138",-16,-2.5
"138",-16,-3.5
"138",-16,-4.5
"138",-16,-5.5
"138",-16,-6.5
"138",-16,-7.5
"138",-16,-8.5
"138",-16,-9.5
"138",-16,-10.5
"138",-16,-11.5
"138",-16,-12.5
"138",-16,-13.5
"138",-16,-14.5
"138",-16,-15.5
"138",-16,-16.5
"138",-16,-17.5
"138",-16,-18.5
"138",-16,-19.5
"138",-16,-20.5
"138",-16,-21.5
"138",-16,-22.5
"138",-16,-23.5
"138",-16,-24.5
"138",-16,-25.5
"138",-16,-26.5
"138",-16,-27.5
"138",-16,-28.5
"138",-16,-29.5
"138",-16,-30.5
"138",-15,-31.5
"138",-14,-31.5
"138",-13,-32.5
"138",-12,-32.5
"138",-11,-33.5
"138",-10,-34.5
"138",-9,-34.5
"138",-8,-35.5
"138",-7,-35.5
"138",-7,-36.5
"138",-6,-37.5
"138",-5,-38.5
"138",-4,-38.5
"138",-3,-39.5
"138",-2,-40.5
"138",-1,-40.5
"138",0,-41.5
"138",1,-41.5
"138",1,-42.5
"138",1,-43.5
"138",1,-44.5
"138",2,-45.5
"138",3,-46.5
"138",4,-46.5
"138",5,-47.5
"138",6,-47.5
"138",7,-47.5
"138",8,-48.5
"138",9,-49.5
"138",10,-49.5
"138",11,-49.5
"138",12,-50.5
"138",13,-50.5
"138",14,-51.5
"138",15,-52.5
"138",16,-53.5
"138",17,-54.5
"138",18,-55.5
"138",19,-56.5
"138",20,-57.5
"138",20,-58.5
"138",20,-59.5
"138",20,-60.5
"138",20,-61.5
"138",20,-62.5
"138",20,-63.5
"138",20,-64.5
"138",20,-65.5
"139",10,76.5
"139",9,76.5
"139",8,76.5
"139",7,76.5
"139",6,76.5
"139",5,76.5
"139",4,76.5
"139",3,76.5
"139",2,76.5
"139",1,76.5
"139",0,76.5
"139",-1,76.5
"139",-2,76.5
"139",-3,76.5
"139",-4,76.5
"139",-5,76.5
"139",-6,76.5
"139",-6,75.5
"139",-6,74.5
"139",-6,73.5
"139",-6,72.5
"139",-7,71.5
"139",-8,70.5
"139",-9,69.5
"139",-10,68.5
"139",-11,67.5
"139",-12,66.5
"139",-13,65.5
"139",-13,64.5
"139",-13,63.5
"139",-13,62.5
"139",-13,61.5
"139",-13,60.5
"139",-13,59.5
"139",-13,58.5
"139",-13,57.5
"139",-13,56.5
"139",-13,55.5
"139",-13,54.5
"139",-13,53.5
"139",-13,52.5
"139",-13,51.5
"139",-13,50.5
"139",-13,49.5
"139",-13,48.5
"139",-13,47.5
"139",-13,46.5
"139",-13,45.5
"139",-13,44.5
"139",-13,43.5
"139",-13,42.5
"139",-13,41.5
"139",-13,40.5
"139",-13,39.5
"139",-13,38.5
"139",-13,37.5
"139",-13,36.5
"139",-13,35.5
"139",-13,34.5
"139",-13,33.5
"139",-13,32.5
"139",-13,31.5
"139",-13,30.5
"139",-13,29.5
"139",-14,28.5
"139",-15,27.5
"139",-16,26.5
"139",-17,25.5
"139",-18,24.5
"139",-18,23.5
"139",-18,22.5
"139",-18,21.5
"139",-18,20.5
"139",-18,19.5
"139",-18,18.5
"139",-18,17.5
"139",-18,16.5
"139",-18,15.5
"139",-18,14.5
"139",-18,13.5
"139",-18,12.5
"139",-18,11.5
"139",-18,10.5
"139",-18,9.5
"139",-18,8.5
"139",-18,7.5
"139",-18,6.5
"139",-18,5.5
"139",-18,4.5
"139",-18,3.5
"139",-18,2.5
"139",-18,1.5
"139",-18,0.5
"139",-18,-0.5
"139",-18,-1.5
"139",-18,-2.5
"139",-18,-3.5
"139",-18,-4.5
"139",-18,-5.5
"139",-18,-6.5
"139",-18,-7.5
"139",-18,-8.5
"139",-18,-9.5
"139",-18,-10.5
"139",-18,-11.5
"139",-18,-12.5
"139",-18,-13.5
"139",-18,-14.5
"139",-18,-15.5
"139",-18,-16.5
"139",-18,-17.5
"139",-18,-18.5
"139",-18,-19.5
"139",-18,-20.5
"139",-18,-21.5
"139",-18,-22.5
"139",-18,-23.5
"139",-18,-24.5
"139",-18,-25.5
"139",-18,-26.5
"139",-18,-27.5
"139",-18,-28.5
"139",-18,-29.5
"139",-18,-30.5
"139",-18,-31.5
"139",-17,-32.5
"139",-16,-33.5
"139",-15,-34.5
"139",-14,-35.5
"139",-13,-36.5
"139",-12,-37.5
"139",-11,-38.5
"139",-10,-39.5
"139",-9,-40.5
"139",-8,-41.5
"139",-7,-42.5
"139",-6,-43.5
"139",-5,-44.5
"139",-4,-45.5
"139",-3,-46.5
"139",-2,-47.5
"139",-1,-48.5
"139",0,-49.5
"139",1,-50.5
"139",2,-51.5
"139",3,-52.5
"139",4,-53.5
"139",5,-54.5
"139",6,-55.5
"139",7,-55.5
"139",8,-55.5
"139",9,-55.5
"139",10,-55.5
"139",11,-56.5
"139",12,-57.5
"139",13,-58.5
"139",14,-59.5
"139",15,-60.5
"139",16,-61.5
"139",17,-62.5
"139",18,-63.5
"139",19,-64.5
"139",20,-65.5
"140",10,76.5
"140",9,76.5
"140",8,76.5
"140",7,76.5
"140",6,75.5
"140",5,75.5
"140",4,75.5
"140",3,74.5
"140",3,73.5
"140",2,72.5
"140",1,71.5
"140",0,70.5
"140",-1,70.5
"140",-2,69.5
"140",-3,68.5
"140",-4,68.5
"140",-5,68.5
"140",-6,68.5
"140",-7,68.5
"140",-8,67.5
"140",-9,66.5
"140",-10,66.5
"140",-11,65.5
"140",-11,64.5
"140",-11,63.5
"140",-11,62.5
"140",-11,61.5
"140",-11,60.5
"140",-11,59.5
"140",-11,58.5
"140",-11,57.5
"140",-11,56.5
"140",-11,55.5
"140",-11,54.5
"140",-11,53.5
"140",-11,52.5
"140",-11,51.5
"140",-11,50.5
"140",-11,49.5
"140",-11,48.5
"140",-11,47.5
"140",-11,46.5
"140",-11,45.5
"140",-11,44.5
"140",-11,43.5
"140",-11,42.5
"140",-11,41.5
"140",-11,40.5
"140",-11,39.5
"140",-11,38.5
"140",-11,37.5
"140",-11,36.5
"140",-11,35.5
"140",-11,34.5
"140",-11,33.5
"140",-11,32.5
"140",-12,31.5
"140",-13,30.5
"140",-14,29.5
"140",-14,28.5
"140",-15,27.5
"140",-16,26.5
"140",-17,25.5
"140",-18,24.5
"140",-18,23.5
"140",-18,22.5
"140",-18,21.5
"140",-18,20.5
"140",-18,19.5
"140",-18,18.5
"140",-18,17.5
"140",-18,16.5
"140",-18,15.5
"140",-18,14.5
"140",-18,13.5
"140",-18,12.5
"140",-18,11.5
"140",-18,10.5
"140",-18,9.5
"140",-18,8.5
"140",-17,7.5
"140",-16,6.5
"140",-16,5.5
"140",-16,4.5
"140",-16,3.5
"140",-16,2.5
"140",-16,1.5
"140",-16,0.5
"140",-16,-0.5
"140",-16,-1.5
"140",-16,-2.5
"140",-16,-3.5
"140",-16,-4.5
"140",-16,-5.5
"140",-16,-6.5
"140",-16,-7.5
"140",-16,-8.5
"140",-16,-9.5
"140",-16,-10.5
"140",-16,-11.5
"140",-16,-12.5
"140",-16,-13.5
"140",-16,-14.5
"140",-16,-15.5
"140",-16,-16.5
"140",-16,-17.5
"140",-16,-18.5
"140",-16,-19.5
"140",-16,-20.5
"140",-16,-21.5
"140",-16,-22.5
"140",-16,-23.5
"140",-16,-24.5
"140",-16,-25.5
"140",-16,-26.5
"140",-16,-27.5
"140",-16,-28.5
"140",-16,-29.5
"140",-16,-30.5
"140",-16,-31.5
"140",-16,-32.5
"140",-16,-33.5
"140",-15,-34.5
"140",-14,-35.5
"140",-13,-36.5
"140",-12,-37.5
"140",-11,-38.5
"140",-10,-39.5
"140",-9,-40.5
"140",-8,-41.5
"140",-7,-42.5
"140",-6,-43.5
"140",-5,-44.5
"140",-4,-45.5
"140",-3,-46.5
"140",-2,-47.5
"140",-1,-48.5
"140",0,-49.5
"140",1,-50.5
"140",2,-51.5
"140",3,-52.5
"140",4,-52.5
"140",5,-53.5
"140",6,-54.5
"140",7,-54.5
"140",8,-55.5
"140",9,-55.5
"140",10,-56.5
"140",11,-56.5
"140",12,-57.5
"140",13,-57.5
"140",14,-58.5
"140",15,-59.5
"140",16,-60.5
"140",17,-61.5
"140",18,-62.5
"140",19,-63.5
"140",20,-64.5
"140",20,-65.5
"141",10,76.5
"141",9,76.5
"141",8,76.5
"141",7,76.5
"141",6,76.5
"141",5,76.5
"141",4,76.5
"141",3,76.5
"141",2,76.5
"141",1,76.5
"141",0,76.5
"141",-1,76.5
"141",-2,76.5
"141",-3,76.5
"141",-4,76.5
"141",-5,76.5
"141",-6,76.5
"141",-7,76.5
"141",-8,76.5
"141",-9,76.5
"141",-10,76.5
"141",-11,76.5
"141",-12,76.5
"141",-13,76.5
"141",-13,75.5
"141",-13,74.5
"141",-13,73.5
"141",-13,72.5
"141",-14,72.5
"141",-15,71.5
"141",-16,71.5
"141",-17,71.5
"141",-18,71.5
"141",-19,71.5
"141",-20,71.5
"141",-20,70.5
"141",-20,69.5
"141",-20,68.5
"141",-21,68.5
"141",-22,67.5
"141",-23,67.5
"141",-24,66.5
"141",-25,66.5
"141",-26,66.5
"141",-27,66.5
"141",-27,65.5
"141",-27,64.5
"141",-27,63.5
"141",-27,62.5
"141",-27,61.5
"141",-27,60.5
"141",-27,59.5
"141",-27,58.5
"141",-27,57.5
"141",-27,56.5
"141",-27,55.5
"141",-27,54.5
"141",-27,53.5
"141",-27,52.5
"141",-27,51.5
"141",-26,50.5
"141",-25,49.5
"141",-24,48.5
"141",-23,47.5
"141",-22,47.5
"141",-22,46.5
"141",-22,45.5
"141",-22,44.5
"141",-22,43.5
"141",-22,42.5
"141",-21,41.5
"141",-20,41.5
"141",-19,40.5
"141",-18,40.5
"141",-18,39.5
"141",-18,38.5
"141",-18,37.5
"141",-18,36.5
"141",-18,35.5
"141",-18,34.5
"141",-18,33.5
"141",-18,32.5
"141",-18,31.5
"141",-18,30.5
"141",-18,29.5
"141",-18,28.5
"141",-18,27.5
"141",-18,26.5
"141",-18,25.5
"141",-18,24.5
"141",-18,23.5
"141",-18,22.5
"141",-18,21.5
"141",-18,20.5
"141",-18,19.5
"141",-18,18.5
"141",-18,17.5
"141",-18,16.5
"141",-18,15.5
"141",-18,14.5
"141",-18,13.5
"141",-18,12.5
"141",-18,11.5
"141",-18,10.5
"141",-18,9.5
"141",-17,8.5
"141",-16,8.5
"141",-16,7.5
"141",-16,6.5
"141",-16,5.5
"141",-16,4.5
"141",-16,3.5
"141",-16,2.5
"141",-16,1.5
"141",-16,0.5
"141",-16,-0.5
"141",-16,-1.5
"141",-16,-2.5
"141",-16,-3.5
"141",-16,-4.5
"141",-16,-5.5
"141",-16,-6.5
"141",-16,-7.5
"141",-16,-8.5
"141",-16,-9.5
"141",-16,-10.5
"141",-16,-11.5
"141",-16,-12.5
"141",-16,-13.5
"141",-16,-14.5
"141",-16,-15.5
"141",-16,-16.5
"141",-16,-17.5
"141",-16,-18.5
"141",-16,-19.5
"141",-16,-20.5
"141",-16,-21.5
"141",-16,-22.5
"141",-16,-23.5
"141",-16,-24.5
"141",-16,-25.5
"141",-16,-26.5
"141",-16,-27.5
"141",-16,-28.5
"141",-16,-29.5
"141",-16,-30.5
"141",-16,-31.5
"141",-16,-32.5
"141",-16,-33.5
"141",-16,-34.5
"141",-16,-35.5
"141",-16,-36.5
"141",-16,-37.5
"141",-16,-38.5
"141",-16,-39.5
"141",-16,-40.5
"141",-16,-41.5
"141",-15,-42.5
"141",-14,-42.5
"141",-13,-43.5
"141",-12,-44.5
"141",-11,-44.5
"141",-10,-45.5
"141",-9,-46.5
"141",-8,-47.5
"141",-7,-47.5
"141",-6,-48.5
"141",-5,-48.5
"141",-4,-49.5
"141",-3,-49.5
"141",-2,-50.5
"141",-1,-51.5
"141",0,-52.5
"141",1,-53.5
"141",2,-53.5
"141",3,-53.5
"141",4,-53.5
"141",5,-53.5
"141",6,-54.5
"141",7,-54.5
"141",8,-55.5
"141",9,-55.5
"141",10,-56.5
"141",11,-56.5
"141",12,-57.5
"141",13,-57.5
"141",14,-58.5
"141",15,-59.5
"141",16,-60.5
"141",17,-60.5
"141",18,-61.5
"141",19,-62.5
"141",20,-63.5
"141",20,-64.5
"141",20,-65.5
"142",10,76.5
"142",9,76.5
"142",8,76.5
"142",7,76.5
"142",6,76.5
"142",5,76.5
"142",4,76.5
"142",3,76.5
"142",2,76.5
"142",1,76.5
"142",0,76.5
"142",-1,76.5
"142",-2,76.5
"142",-3,76.5
"142",-4,76.5
"142",-5,76.5
"142",-6,76.5
"142",-6,75.5
"142",-6,74.5
"142",-6,73.5
"142",-6,72.5
"142",-7,71.5
"142",-8,70.5
"142",-9,69.5
"142",-10,68.5
"142",-11,67.5
"142",-12,66.5
"142",-13,65.5
"142",-13,64.5
"142",-13,63.5
"142",-13,62.5
"142",-13,61.5
"142",-13,60.5
"142",-13,59.5
"142",-13,58.5
"142",-13,57.5
"142",-13,56.5
"142",-13,55.5
"142",-13,54.5
"142",-13,53.5
"142",-13,52.5
"142",-13,51.5
"142",-13,50.5
"142",-13,49.5
"142",-13,48.5
"142",-13,47.5
"142",-13,46.5
"142",-13,45.5
"142",-13,44.5
"142",-13,43.5
"142",-13,42.5
"142",-13,41.5
"142",-13,40.5
"142",-13,39.5
"142",-13,38.5
"142",-13,37.5
"142",-13,36.5
"142",-13,35.5
"142",-13,34.5
"142",-13,33.5
"142",-13,32.5
"142",-13,31.5
"142",-13,30.5
"142",-13,29.5
"142",-14,28.5
"142",-15,27.5
"142",-16,26.5
"142",-17,25.5
"142",-18,24.5
"142",-18,23.5
"142",-18,22.5
"142",-18,21.5
"142",-18,20.5
"142",-18,19.5
"142",-18,18.5
"142",-18,17.5
"142",-18,16.5
"142",-18,15.5
"142",-18,14.5
"142",-18,13.5
"142",-18,12.5
"142",-18,11.5
"142",-18,10.5
"142",-18,9.5
"142",-18,8.5
"142",-18,7.5
"142",-18,6.5
"142",-18,5.5
"142",-18,4.5
"142",-18,3.5
"142",-18,2.5
"142",-18,1.5
"142",-18,0.5
"142",-18,-0.5
"142",-18,-1.5
"142",-18,-2.5
"142",-18,-3.5
"142",-18,-4.5
"142",-18,-5.5
"142",-18,-6.5
"142",-18,-7.5
"142",-18,-8.5
"142",-18,-9.5
"142",-18,-10.5
"142",-18,-11.5
"142",-18,-12.5
"142",-18,-13.5
"142",-18,-14.5
"142",-18,-15.5
"142",-18,-16.5
"142",-18,-17.5
"142",-18,-18.5
"142",-18,-19.5
"142",-18,-20.5
"142",-18,-21.5
"142",-18,-22.5
"142",-18,-23.5
"142",-18,-24.5
"142",-18,-25.5
"142",-18,-26.5
"142",-18,-27.5
"142",-18,-28.5
"142",-18,-29.5
"142",-18,-30.5
"142",-18,-31.5
"142",-17,-32.5
"142",-16,-33.5
"142",-15,-34.5
"142",-14,-35.5
"142",-13,-36.5
"142",-12,-37.5
"142",-11,-38.5
"142",-10,-39.5
"142",-9,-40.5
"142",-8,-41.5
"142",-7,-42.5
"142",-6,-43.5
"142",-5,-44.5
"142",-4,-45.5
"142",-3,-46.5
"142",-2,-47.5
"142",-1,-48.5
"142",0,-49.5
"142",1,-50.5
"142",2,-51.5
"142",3,-52.5
"142",4,-53.5
"142",5,-54.5
"142",6,-55.5
"142",7,-55.5
"142",8,-55.5
"142",9,-55.5
"142",10,-55.5
"142",11,-56.5
"142",12,-57.5
"142",13,-58.5
"142",14,-59.5
"142",15,-60.5
"142",16,-61.5
"142",17,-62.5
"142",18,-63.5
"142",19,-64.5
"142",20,-65.5
"143",10,76.5
"143",9,76.5
"143",8,76.5
"143",7,76.5
"143",6,76.5
"143",5,76.5
"143",4,76.5
"143",3,76.5
"143",2,76.5
"143",1,76.5
"143",0,76.5
"143",-1,76.5
"143",-2,76.5
"143",-3,76.5
"143",-4,76.5
"143",-5,76.5
"143",-6,76.5
"143",-7,76.5
"143",-8,76.5
"143",-9,76.5
"143",-10,76.5
"143",-11,76.5
"143",-12,76.5
"143",-13,76.5
"143",-14,76.5
"143",-15,76.5
"143",-16,76.5
"143",-16,75.5
"143",-16,74.5
"143",-16,73.5
"143",-16,72.5
"143",-17,72.5
"143",-18,72.5
"143",-19,72.5
"143",-20,72.5
"143",-20,71.5
"143",-20,70.5
"143",-20,69.5
"143",-20,68.5
"143",-21,68.5
"143",-22,67.5
"143",-23,67.5
"143",-24,66.5
"143",-25,66.5
"143",-26,65.5
"143",-27,64.5
"143",-27,63.5
"143",-27,62.5
"143",-27,61.5
"143",-27,60.5
"143",-27,59.5
"143",-27,58.5
"143",-27,57.5
"143",-27,56.5
"143",-27,55.5
"143",-27,54.5
"143",-27,53.5
"143",-27,52.5
"143",-27,51.5
"143",-26,50.5
"143",-25,49.5
"143",-24,48.5
"143",-23,47.5
"143",-22,46.5
"143",-21,45.5
"143",-20,44.5
"143",-19,43.5
"143",-18,42.5
"143",-18,41.5
"143",-18,40.5
"143",-18,39.5
"143",-18,38.5
"143",-18,37.5
"143",-18,36.5
"143",-18,35.5
"143",-18,34.5
"143",-18,33.5
"143",-18,32.5
"143",-18,31.5
"143",-18,30.5
"143",-18,29.5
"143",-18,28.5
"143",-18,27.5
"143",-18,26.5
"143",-18,25.5
"143",-18,24.5
"143",-18,23.5
"143",-18,22.5
"143",-18,21.5
"143",-18,20.5
"143",-18,19.5
"143",-18,18.5
"143",-18,17.5
"143",-18,16.5
"143",-18,15.5
"143",-18,14.5
"143",-18,13.5
"143",-18,12.5
"143",-18,11.5
"143",-18,10.5
"143",-18,9.5
"143",-18,8.5
"143",-17,7.5
"143",-16,6.5
"143",-16,5.5
"143",-16,4.5
"143",-16,3.5
"143",-16,2.5
"143",-16,1.5
"143",-16,0.5
"143",-16,-0.5
"143",-16,-1.5
"143",-16,-2.5
"143",-16,-3.5
"143",-16,-4.5
"143",-16,-5.5
"143",-16,-6.5
"143",-16,-7.5
"143",-16,-8.5
"143",-16,-9.5
"143",-16,-10.5
"143",-16,-11.5
"143",-16,-12.5
"143",-16,-13.5
"143",-16,-14.5
"143",-16,-15.5
"143",-16,-16.5
"143",-16,-17.5
"143",-16,-18.5
"143",-16,-19.5
"143",-16,-20.5
"143",-16,-21.5
"143",-16,-22.5
"143",-16,-23.5
"143",-16,-24.5
"143",-16,-25.5
"143",-16,-26.5
"143",-16,-27.5
"143",-16,-28.5
"143",-16,-29.5
"143",-16,-30.5
"143",-16,-31.5
"143",-16,-32.5
"143",-16,-33.5
"143",-16,-34.5
"143",-16,-35.5
"143",-15,-36.5
"143",-14,-37.5
"143",-13,-38.5
"143",-12,-39.5
"143",-11,-40.5
"143",-10,-41.5
"143",-9,-42.5
"143",-8,-43.5
"143",-7,-44.5
"143",-6,-45.5
"143",-5,-46.5
"143",-4,-47.5
"143",-3,-48.5
"143",-2,-49.5
"143",-1,-50.5
"143",0,-51.5
"143",1,-52.5
"143",2,-52.5
"143",3,-53.5
"143",4,-53.5
"143",5,-53.5
"143",6,-54.5
"143",7,-54.5
"143",8,-55.5
"143",9,-55.5
"143",10,-56.5
"143",11,-56.5
"143",12,-57.5
"143",13,-57.5
"143",14,-58.5
"143",15,-59.5
"143",16,-60.5
"143",17,-61.5
"143",18,-62.5
"143",19,-63.5
"143",20,-64.5
"143",20,-65.5
"144",10,76.5
"144",9,76.5
"144",8,76.5
"144",7,76.5
"144",6,76.5
"144",5,76.5
"144",4,76.5
"144",3,76.5
"144",2,76.5
"144",1,76.5
"144",0,76.5
"144",-1,76.5
"144",-2,76.5
"144",-3,76.5
"144",-4,76.5
"144",-5,76.5
"144",-6,76.5
"144",-7,76.5
"144",-8,76.5
"144",-9,76.5
"144",-10,76.5
"144",-11,76.5
"144",-12,76.5
"144",-13,76.5
"144",-13,75.5
"144",-13,74.5
"144",-13,73.5
"144",-13,72.5
"144",-14,72.5
"144",-15,71.5
"144",-16,71.5
"144",-17,71.5
"144",-18,71.5
"144",-19,71.5
"144",-20,71.5
"144",-20,70.5
"144",-20,69.5
"144",-20,68.5
"144",-21,68.5
"144",-22,67.5
"144",-23,67.5
"144",-24,66.5
"144",-25,66.5
"144",-26,66.5
"144",-27,66.5
"144",-27,65.5
"144",-27,64.5
"144",-27,63.5
"144",-27,62.5
"144",-27,61.5
"144",-27,60.5
"144",-27,59.5
"144",-27,58.5
"144",-27,57.5
"144",-27,56.5
"144",-27,55.5
"144",-27,54.5
"144",-27,53.5
"144",-27,52.5
"144",-27,51.5
"144",-26,50.5
"144",-25,49.5
"144",-24,48.5
"144",-23,47.5
"144",-22,47.5
"144",-21,46.5
"144",-20,45.5
"144",-19,44.5
"144",-18,43.5
"144",-18,42.5
"144",-18,41.5
"144",-18,40.5
"144",-18,39.5
"144",-18,38.5
"144",-18,37.5
"144",-18,36.5
"144",-18,35.5
"144",-18,34.5
"144",-18,33.5
"144",-18,32.5
"144",-18,31.5
"144",-18,30.5
"144",-18,29.5
"144",-18,28.5
"144",-18,27.5
"144",-18,26.5
"144",-18,25.5
"144",-18,24.5
"144",-18,23.5
"144",-18,22.5
"144",-18,21.5
"144",-18,20.5
"144",-18,19.5
"144",-18,18.5
"144",-18,17.5
"144",-18,16.5
"144",-18,15.5
"144",-18,14.5
"144",-18,13.5
"144",-18,12.5
"144",-18,11.5
"144",-18,10.5
"144",-18,9.5
"144",-18,8.5
"144",-17,7.5
"144",-16,6.5
"144",-16,5.5
"144",-16,4.5
"144",-16,3.5
"144",-16,2.5
"144",-16,1.5
"144",-16,0.5
"144",-16,-0.5
"144",-16,-1.5
"144",-16,-2.5
"144",-16,-3.5
"144",-16,-4.5
"144",-16,-5.5
"144",-16,-6.5
"144",-16,-7.5
"144",-16,-8.5
"144",-16,-9.5
"144",-16,-10.5
"144",-16,-11.5
"144",-16,-12.5
"144",-16,-13.5
"144",-16,-14.5
"144",-16,-15.5
"144",-16,-16.5
"144",-16,-17.5
"144",-16,-18.5
"144",-16,-19.5
"144",-16,-20.5
"144",-16,-21.5
"144",-16,-22.5
"144",-16,-23.5
"144",-16,-24.5
"144",-16,-25.5
"144",-16,-26.5
"144",-16,-27.5
"144",-16,-28.5
"144",-16,-29.5
"144",-16,-30.5
"144",-16,-31.5
"144",-16,-32.5
"144",-16,-33.5
"144",-16,-34.5
"144",-16,-35.5
"144",-16,-36.5
"144",-16,-37.5
"144",-16,-38.5
"144",-16,-39.5
"144",-16,-40.5
"144",-16,-41.5
"144",-15,-42.5
"144",-14,-42.5
"144",-13,-43.5
"144",-12,-44.5
"144",-11,-44.5
"144",-10,-45.5
"144",-9,-46.5
"144",-8,-47.5
"144",-7,-47.5
"144",-6,-48.5
"144",-5,-48.5
"144",-4,-49.5
"144",-3,-49.5
"144",-2,-50.5
"144",-1,-51.5
"144",0,-52.5
"144",1,-53.5
"144",2,-53.5
"144",3,-53.5
"144",4,-53.5
"144",5,-53.5
"144",6,-54.5
"144",7,-54.5
"144",8,-55.5
"144",9,-55.5
"144",10,-56.5
"144",11,-56.5
"144",12,-57.5
"144",13,-57.5
"144",14,-58.5
"144",15,-59.5
"144",16,-60.5
"144",17,-60.5
"144",18,-61.5
"144",19,-62.5
"144",20,-63.5
"144",20,-64.5
"144",20,-65.5
"145",10,76.5
"145",9,76.5
"145",8,76.5
"145",7,76.5
"145",6,76.5
"145",5,76.5
"145",4,76.5
"145",3,76.5
"145",2,76.5
"145",1,76.5
"145",0,76.5
"145",-1,76.5
"145",-2,76.5
"145",-3,76.5
"145",-4,76.5
"145",-5,76.5
"145",-6,76.5
"145",-7,76.5
"145",-8,76.5
"145",-9,76.5
"145",-9,75.5
"145",-9,74.5
"145",-9,73.5
"145",-9,72.5
"145",-9,71.5
"145",-9,70.5
"145",-9,69.5
"145",-10,68.5
"145",-11,67.5
"145",-12,66.5
"145",-13,65.5
"145",-13,64.5
"145",-13,63.5
"145",-13,62.5
"145",-13,61.5
"145",-13,60.5
"145",-13,59.5
"145",-13,58.5
"145",-13,57.5
"145",-13,56.5
"145",-13,55.5
"145",-13,54.5
"145",-13,53.5
"145",-13,52.5
"145",-13,51.5
"145",-13,50.5
"145",-13,49.5
"145",-13,48.5
"145",-13,47.5
"145",-13,46.5
"145",-13,45.5
"145",-13,44.5
"145",-13,43.5
"145",-13,42.5
"145",-13,41.5
"145",-13,40.5
"145",-13,39.5
"145",-13,38.5
"145",-13,37.5
"145",-13,36.5
"145",-13,35.5
"145",-13,34.5
"145",-13,33.5
"145",-13,32.5
"145",-13,31.5
"145",-13,30.5
"145",-14,29.5
"145",-15,28.5
"145",-15,27.5
"145",-16,26.5
"145",-17,25.5
"145",-17,24.5
"145",-18,23.5
"145",-18,22.5
"145",-18,21.5
"145",-18,20.5
"145",-18,19.5
"145",-18,18.5
"145",-18,17.5
"145",-18,16.5
"145",-18,15.5
"145",-18,14.5
"145",-18,13.5
"145",-18,12.5
"145",-18,11.5
"145",-18,10.5
"145",-18,9.5
"145",-18,8.5
"145",-18,7.5
"145",-18,6.5
"145",-18,5.5
"145",-18,4.5
"145",-18,3.5
"145",-18,2.5
"145",-18,1.5
"145",-18,0.5
"145",-18,-0.5
"145",-18,-1.5
"145",-18,-2.5
"145",-18,-3.5
"145",-18,-4.5
"145",-18,-5.5
"145",-18,-6.5
"145",-18,-7.5
"145",-18,-8.5
"145",-18,-9.5
"145",-18,-10.5
"145",-18,-11.5
"145",-18,-12.5
"145",-18,-13.5
"145",-18,-14.5
"145",-18,-15.5
"145",-18,-16.5
"145",-18,-17.5
"145",-18,-18.5
"145",-18,-19.5
"145",-18,-20.5
"145",-18,-21.5
"145",-18,-22.5
"145",-18,-23.5
"145",-18,-24.5
"145",-18,-25.5
"145",-18,-26.5
"145",-18,-27.5
"145",-18,-28.5
"145",-18,-29.5
"145",-18,-30.5
"145",-17,-31.5
"145",-16,-32.5
"145",-15,-33.5
"145",-14,-34.5
"145",-13,-35.5
"145",-12,-36.5
"145",-11,-37.5
"145",-10,-38.5
"145",-9,-39.5
"145",-8,-40.5
"145",-7,-41.5
"145",-6,-42.5
"145",-5,-43.5
"145",-4,-44.5
"145",-3,-45.5
"145",-2,-46.5
"145",-1,-47.5
"145",0,-48.5
"145",1,-49.5
"145",2,-50.5
"145",3,-51.5
"145",4,-52.5
"145",5,-53.5
"145",6,-54.5
"145",7,-54.5
"145",8,-54.5
"145",9,-54.5
"145",10,-55.5
"145",11,-56.5
"145",12,-57.5
"145",13,-58.5
"145",14,-59.5
"145",15,-60.5
"145",16,-61.5
"145",17,-62.5
"145",18,-63.5
"145",19,-64.5
"145",20,-65.5
"146",10,76.5
"146",9,76.5
"146",8,76.5
"146",7,76.5
"146",6,76.5
"146",5,76.5
"146",4,76.5
"146",3,76.5
"146",2,76.5
"146",1,76.5
"146",0,76.5
"146",-1,76.5
"146",-2,76.5
"146",-3,76.5
"146",-4,76.5
"146",-5,76.5
"146",-6,76.5
"146",-7,76.5
"146",-8,76.5
"146",-9,76.5
"146",-10,76.5
"146",-11,76.5
"146",-12,76.5
"146",-13,76.5
"146",-14,76.5
"146",-15,76.5
"146",-16,76.5
"146",-16,75.5
"146",-16,74.5
"146",-16,73.5
"146",-16,72.5
"146",-17,72.5
"146",-18,72.5
"146",-19,72.5
"146",-20,72.5
"146",-20,71.5
"146",-20,70.5
"146",-20,69.5
"146",-20,68.5
"146",-21,68.5
"146",-22,67.5
"146",-23,67.5
"146",-24,66.5
"146",-25,66.5
"146",-26,66.5
"146",-27,66.5
"146",-27,65.5
"146",-27,64.5
"146",-27,63.5
"146",-27,62.5
"146",-27,61.5
"146",-27,60.5
"146",-27,59.5
"146",-27,58.5
"146",-27,57.5
"146",-27,56.5
"146",-27,55.5
"146",-27,54.5
"146",-27,53.5
"146",-27,52.5
"146",-27,51.5
"146",-26,50.5
"146",-25,49.5
"146",-24,48.5
"146",-23,47.5
"146",-22,46.5
"146",-21,45.5
"146",-20,44.5
"146",-19,43.5
"146",-18,42.5
"146",-18,41.5
"146",-18,40.5
"146",-18,39.5
"146",-18,38.5
"146",-18,37.5
"146",-18,36.5
"146",-18,35.5
"146",-18,34.5
"146",-18,33.5
"146",-18,32.5
"146",-18,31.5
"146",-18,30.5
"146",-18,29.5
"146",-18,28.5
"146",-18,27.5
"146",-18,26.5
"146",-18,25.5
"146",-18,24.5
"146",-18,23.5
"146",-18,22.5
"146",-18,21.5
"146",-18,20.5
"146",-18,19.5
"146",-18,18.5
"146",-18,17.5
"146",-18,16.5
"146",-18,15.5
"146",-18,14.5
"146",-18,13.5
"146",-18,12.5
"146",-18,11.5
"146",-18,10.5
"146",-18,9.5
"146",-18,8.5
"146",-17,7.5
"146",-16,6.5
"146",-16,5.5
"146",-16,4.5
"146",-16,3.5
"146",-16,2.5
"146",-16,1.5
"146",-16,0.5
"146",-16,-0.5
"146",-16,-1.5
"146",-16,-2.5
"146",-16,-3.5
"146",-16,-4.5
"146",-16,-5.5
"146",-16,-6.5
"146",-16,-7.5
"146",-16,-8.5
"146",-16,-9.5
"146",-16,-10.5
"146",-16,-11.5
"146",-16,-12.5
"146",-16,-13.5
"146",-16,-14.5
"146",-16,-15.5
"146",-16,-16.5
"146",-16,-17.5
"146",-16,-18.5
"146",-16,-19.5
"146",-16,-20.5
"146",-16,-21.5
"146",-16,-22.5
"146",-16,-23.5
"146",-16,-24.5
"146",-16,-25.5
"146",-16,-26.5
"146",-16,-27.5
"146",-16,-28.5
"146",-16,-29.5
"146",-16,-30.5
"146",-16,-31.5
"146",-16,-32.5
"146",-16,-33.5
"146",-16,-34.5
"146",-16,-35.5
"146",-15,-36.5
"146",-14,-37.5
"146",-13,-38.5
"146",-12,-39.5
"146",-11,-40.5
"146",-10,-41.5
"146",-9,-42.5
"146",-8,-43.5
"146",-7,-44.5
"146",-6,-45.5
"146",-5,-46.5
"146",-4,-47.5
"146",-3,-48.5
"146",-2,-49.5
"146",-1,-50.5
"146",0,-51.5
"146",1,-52.5
"146",2,-52.5
"146",3,-53.5
"146",4,-53.5
"146",5,-53.5
"146",6,-54.5
"146",7,-54.5
"146",8,-55.5
"146",9,-55.5
"146",10,-56.5
"146",11,-56.5
"146",12,-57.5
"146",13,-57.5
"146",14,-58.5
"146",15,-59.5
"146",16,-60.5
"146",17,-61.5
"146",18,-62.5
"146",19,-63.5
"146",20,-64.5
"146",20,-65.5
"147",10,76.5
"147",9,76.5
"147",8,76.5
"147",7,76.5
"147",6,76.5
"147",5,76.5
"147",4,76.5
"147",3,76.5
"147",2,76.5
"147",1,76.5
"147",0,76.5
"147",-1,76.5
"147",-2,76.5
"147",-3,76.5
"147",-4,76.5
"147",-5,76.5
"147",-6,76.5
"147",-7,76.5
"147",-8,76.5
"147",-9,76.5
"147",-10,76.5
"147",-11,76.5
"147",-12,76.5
"147",-13,76.5
"147",-14,76.5
"147",-15,76.5
"147",-16,76.5
"147",-17,76.5
"147",-17,75.5
"147",-17,74.5
"147",-17,73.5
"147",-17,72.5
"147",-18,72.5
"147",-18,71.5
"147",-19,71.5
"147",-19,70.5
"147",-19,69.5
"147",-19,68.5
"147",-20,68.5
"147",-21,68.5
"147",-22,68.5
"147",-23,67.5
"147",-24,66.5
"147",-25,65.5
"147",-26,64.5
"147",-26,63.5
"147",-26,62.5
"147",-26,61.5
"147",-26,60.5
"147",-26,59.5
"147",-26,58.5
"147",-26,57.5
"147",-25,56.5
"147",-24,55.5
"147",-23,54.5
"147",-22,53.5
"147",-21,52.5
"147",-20,51.5
"147",-19,50.5
"147",-18,49.5
"147",-18,48.5
"147",-18,47.5
"147",-18,46.5
"147",-18,45.5
"147",-18,44.5
"147",-18,43.5
"147",-18,42.5
"147",-18,41.5
"147",-18,40.5
"147",-18,39.5
"147",-18,38.5
"147",-18,37.5
"147",-18,36.5
"147",-18,35.5
"147",-18,34.5
"147",-18,33.5
"147",-18,32.5
"147",-18,31.5
"147",-18,30.5
"147",-18,29.5
"147",-18,28.5
"147",-18,27.5
"147",-18,26.5
"147",-18,25.5
"147",-18,24.5
"147",-18,23.5
"147",-18,22.5
"147",-18,21.5
"147",-18,20.5
"147",-18,19.5
"147",-18,18.5
"147",-18,17.5
"147",-18,16.5
"147",-18,15.5
"147",-18,14.5
"147",-18,13.5
"147",-18,12.5
"147",-18,11.5
"147",-18,10.5
"147",-18,9.5
"147",-18,8.5
"147",-18,7.5
"147",-18,6.5
"147",-18,5.5
"147",-18,4.5
"147",-18,3.5
"147",-18,2.5
"147",-18,1.5
"147",-18,0.5
"147",-18,-0.5
"147",-18,-1.5
"147",-18,-2.5
"147",-18,-3.5
"147",-18,-4.5
"147",-18,-5.5
"147",-18,-6.5
"147",-18,-7.5
"147",-18,-8.5
"147",-18,-9.5
"147",-18,-10.5
"147",-18,-11.5
"147",-18,-12.5
"147",-18,-13.5
"147",-18,-14.5
"147",-18,-15.5
"147",-18,-16.5
"147",-18,-17.5
"147",-18,-18.5
"147",-18,-19.5
"147",-18,-20.5
"147",-18,-21.5
"147",-18,-22.5
"147",-18,-23.5
"147",-18,-24.5
"147",-18,-25.5
"147",-18,-26.5
"147",-18,-27.5
"147",-18,-28.5
"147",-18,-29.5
"147",-18,-30.5
"147",-17,-31.5
"147",-16,-32.5
"147",-15,-33.5
"147",-14,-34.5
"147",-13,-35.5
"147",-12,-36.5
"147",-11,-37.5
"147",-10,-38.5
"147",-9,-39.5
"147",-8,-40.5
"147",-7,-41.5
"147",-6,-42.5
"147",-5,-43.5
"147",-4,-44.5
"147",-3,-45.5
"147",-2,-46.5
"147",-1,-47.5
"147",0,-48.5
"147",1,-49.5
"147",2,-50.5
"147",3,-51.5
"147",4,-52.5
"147",5,-53.5
"147",6,-54.5
"147",7,-54.5
"147",8,-54.5
"147",9,-54.5
"147",10,-55.5
"147",11,-56.5
"147",12,-57.5
"147",13,-58.5
"147",14,-59.5
"147",15,-60.5
"147",16,-61.5
"147",17,-62.5
"147",18,-63.5
"147",19,-64.5
"147",20,-65.5
"148",10,76.5
"148",9,75.5
"148",8,74.5
"148",7,73.5
"148",6,72.5
"148",5,71.5
"148",4,70.5
"148",3,70.5
"148",2,70.5
"148",1,70.5
"148",0,70.5
"148",-1,70.5
"148",-2,70.5
"148",-3,70.5
"148",-4,69.5
"148",-5,69.5
"148",-6,69.5
"148",-7,68.5
"148",-8,68.5
"148",-9,68.5
"148",-10,68.5
"148",-11,68.5
"148",-12,68.5
"148",-13,68.5
"148",-14,68.5
"148",-15,68.5
"148",-16,68.5
"148",-17,68.5
"148",-18,67.5
"148",-19,67.5
"148",-20,67.5
"148",-21,67.5
"148",-22,67.5
"148",-23,67.5
"148",-24,66.5
"148",-25,66.5
"148",-26,66.5
"148",-27,66.5
"148",-28,66.5
"148",-29,66.5
"148",-30,66.5
"148",-31,66.5
"148",-32,65.5
"148",-33,64.5
"148",-34,63.5
"148",-35,62.5
"148",-35,61.5
"148",-34,60.5
"148",-33,59.5
"148",-32,58.5
"148",-31,57.5
"148",-30,56.5
"148",-29,55.5
"148",-28,54.5
"148",-27,53.5
"148",-26,52.5
"148",-25,51.5
"148",-24,50.5
"148",-23,49.5
"148",-22,48.5
"148",-21,47.5
"148",-20,46.5
"148",-19,45.5
"148",-18,44.5
"148",-17,43.5
"148",-16,42.5
"148",-15,41.5
"148",-14,40.5
"148",-13,39.5
"148",-13,38.5
"148",-13,37.5
"148",-13,36.5
"148",-13,35.5
"148",-13,34.5
"148",-13,33.5
"148",-13,32.5
"148",-13,31.5
"148",-13,30.5
"148",-13,29.5
"148",-14,28.5
"148",-15,27.5
"148",-16,26.5
"148",-17,25.5
"148",-18,24.5
"148",-19,23.5
"148",-20,22.5
"148",-21,21.5
"148",-22,20.5
"148",-22,19.5
"148",-23,18.5
"148",-24,17.5
"148",-25,16.5
"148",-26,15.5
"148",-27,14.5
"148",-28,13.5
"148",-29,12.5
"148",-30,11.5
"148",-31,10.5
"148",-32,9.5
"148",-33,8.5
"148",-34,7.5
"148",-34,6.5
"148",-34,5.5
"148",-34,4.5
"148",-34,3.5
"148",-34,2.5
"148",-34,1.5
"148",-34,0.5
"148",-34,-0.5
"148",-34,-1.5
"148",-34,-2.5
"148",-34,-3.5
"148",-34,-4.5
"148",-34,-5.5
"148",-34,-6.5
"148",-34,-7.5
"148",-34,-8.5
"148",-34,-9.5
"148",-34,-10.5
"148",-35,-11.5
"148",-36,-12.5
"148",-37,-13.5
"148",-38,-14.5
"148",-38,-15.5
"148",-38,-16.5
"148",-38,-17.5
"148",-38,-18.5
"148",-39,-19.5
"148",-39,-20.5
"148",-39,-21.5
"148",-39,-22.5
"148",-39,-23.5
"148",-39,-24.5
"148",-39,-25.5
"148",-39,-26.5
"148",-39,-27.5
"148",-39,-28.5
"148",-39,-29.5
"148",-39,-30.5
"148",-39,-31.5
"148",-39,-32.5
"148",-39,-33.5
"148",-39,-34.5
"148",-38,-35.5
"148",-37,-36.5
"148",-36,-37.5
"148",-35,-38.5
"148",-34,-39.5
"148",-33,-40.5
"148",-32,-41.5
"148",-31,-42.5
"148",-30,-43.5
"148",-29,-44.5
"148",-28,-45.5
"148",-27,-46.5
"148",-26,-47.5
"148",-25,-48.5
"148",-24,-49.5
"148",-23,-50.5
"148",-22,-51.5
"148",-21,-51.5
"148",-20,-51.5
"148",-19,-51.5
"148",-18,-52.5
"148",-17,-52.5
"148",-16,-52.5
"148",-15,-52.5
"148",-14,-53.5
"148",-13,-54.5
"148",-12,-55.5
"148",-11,-55.5
"148",-10,-55.5
"148",-9,-55.5
"148",-8,-55.5
"148",-7,-55.5
"148",-6,-55.5
"148",-5,-55.5
"148",-4,-55.5
"148",-3,-55.5
"148",-2,-55.5
"148",-1,-55.5
"148",0,-55.5
"148",1,-55.5
"148",2,-55.5
"148",3,-55.5
"148",4,-55.5
"148",5,-55.5
"148",6,-55.5
"148",7,-55.5
"148",8,-55.5
"148",9,-55.5
"148",10,-55.5
"148",11,-56.5
"148",12,-57.5
"148",13,-58.5
"148",14,-59.5
"148",15,-60.5
"148",16,-61.5
"148",17,-62.5
"148",18,-63.5
"148",19,-64.5
"148",20,-65.5
"149",10,76.5
"149",9,76.5
"149",8,75.5
"149",7,75.5
"149",6,74.5
"149",5,73.5
"149",4,73.5
"149",3,72.5
"149",2,71.5
"149",1,70.5
"149",0,69.5
"149",-1,69.5
"149",-2,69.5
"149",-3,68.5
"149",-4,68.5
"149",-5,67.5
"149",-6,67.5
"149",-7,67.5
"149",-7,66.5
"149",-7,65.5
"149",-7,64.5
"149",-7,63.5
"149",-7,62.5
"149",-8,61.5
"149",-9,60.5
"149",-10,59.5
"149",-11,58.5
"149",-12,57.5
"149",-12,56.5
"149",-12,55.5
"149",-12,54.5
"149",-12,53.5
"149",-12,52.5
"149",-12,51.5
"149",-12,50.5
"149",-11,49.5
"149",-11,48.5
"149",-11,47.5
"149",-11,46.5
"149",-11,45.5
"149",-11,44.5
"149",-11,43.5
"149",-11,42.5
"149",-11,41.5
"149",-11,40.5
"149",-11,39.5
"149",-11,38.5
"149",-11,37.5
"149",-11,36.5
"149",-11,35.5
"149",-11,34.5
"149",-11,33.5
"149",-11,32.5
"149",-12,31.5
"149",-13,30.5
"149",-13,29.5
"149",-14,28.5
"149",-15,27.5
"149",-16,26.5
"149",-17,25.5
"149",-18,24.5
"149",-18,23.5
"149",-18,22.5
"149",-18,21.5
"149",-18,20.5
"149",-18,19.5
"149",-18,18.5
"149",-18,17.5
"149",-18,16.5
"149",-18,15.5
"149",-18,14.5
"149",-18,13.5
"149",-18,12.5
"149",-18,11.5
"149",-18,10.5
"149",-18,9.5
"149",-18,8.5
"149",-18,7.5
"149",-18,6.5
"149",-18,5.5
"149",-18,4.5
"149",-18,3.5
"149",-18,2.5
"149",-18,1.5
"149",-18,0.5
"149",-18,-0.5
"149",-18,-1.5
"149",-18,-2.5
"149",-18,-3.5
"149",-18,-4.5
"149",-18,-5.5
"149",-18,-6.5
"149",-18,-7.5
"149",-18,-8.5
"149",-18,-9.5
"149",-18,-10.5
"149",-18,-11.5
"149",-19,-12.5
"149",-20,-13.5
"149",-20,-14.5
"149",-21,-15.5
"149",-22,-16.5
"149",-23,-17.5
"149",-24,-18.5
"149",-25,-19.5
"149",-26,-20.5
"149",-27,-21.5
"149",-27,-22.5
"149",-27,-23.5
"149",-27,-24.5
"149",-27,-25.5
"149",-27,-26.5
"149",-27,-27.5
"149",-27,-28.5
"149",-27,-29.5
"149",-27,-30.5
"149",-27,-31.5
"149",-27,-32.5
"149",-27,-33.5
"149",-26,-34.5
"149",-25,-35.5
"149",-24,-36.5
"149",-23,-37.5
"149",-22,-38.5
"149",-21,-39.5
"149",-20,-40.5
"149",-19,-41.5
"149",-18,-42.5
"149",-17,-43.5
"149",-16,-43.5
"149",-15,-44.5
"149",-14,-44.5
"149",-13,-45.5
"149",-12,-45.5
"149",-11,-45.5
"149",-10,-46.5
"149",-9,-47.5
"149",-8,-48.5
"149",-7,-48.5
"149",-6,-49.5
"149",-5,-50.5
"149",-4,-50.5
"149",-3,-51.5
"149",-2,-51.5
"149",-1,-52.5
"149",0,-53.5
"149",1,-54.5
"149",2,-54.5
"149",3,-54.5
"149",4,-54.5
"149",5,-54.5
"149",6,-55.5
"149",7,-55.5
"149",8,-55.5
"149",9,-55.5
"149",10,-56.5
"149",11,-56.5
"149",12,-57.5
"149",13,-57.5
"149",14,-58.5
"149",15,-59.5
"149",16,-60.5
"149",17,-61.5
"149",18,-62.5
"149",19,-63.5
"149",20,-64.5
"149",20,-65.5
"150",10,76.5
"150",9,76.5
"150",8,76.5
"150",7,76.5
"150",6,75.5
"150",5,75.5
"150",4,75.5
"150",4,74.5
"150",4,73.5
"150",3,72.5
"150",2,71.5
"150",1,70.5
"150",0,69.5
"150",-1,69.5
"150",-2,69.5
"150",-3,68.5
"150",-4,68.5
"150",-5,68.5
"150",-6,68.5
"150",-7,68.5
"150",-8,67.5
"150",-9,67.5
"150",-10,67.5
"150",-11,66.5
"150",-11,65.5
"150",-11,64.5
"150",-11,63.5
"150",-11,62.5
"150",-11,61.5
"150",-11,60.5
"150",-11,59.5
"150",-11,58.5
"150",-12,57.5
"150",-12,56.5
"150",-12,55.5
"150",-12,54.5
"150",-12,53.5
"150",-12,52.5
"150",-12,51.5
"150",-12,50.5
"150",-11,49.5
"150",-11,48.5
"150",-11,47.5
"150",-11,46.5
"150",-11,45.5
"150",-11,44.5
"150",-11,43.5
"150",-11,42.5
"150",-11,41.5
"150",-11,40.5
"150",-11,39.5
"150",-11,38.5
"150",-11,37.5
"150",-11,36.5
"150",-11,35.5
"150",-11,34.5
"150",-11,33.5
"150",-11,32.5
"150",-12,31.5
"150",-13,30.5
"150",-14,29.5
"150",-14,28.5
"150",-15,27.5
"150",-16,26.5
"150",-17,25.5
"150",-18,24.5
"150",-18,23.5
"150",-18,22.5
"150",-18,21.5
"150",-18,20.5
"150",-18,19.5
"150",-18,18.5
"150",-18,17.5
"150",-18,16.5
"150",-18,15.5
"150",-18,14.5
"150",-18,13.5
"150",-18,12.5
"150",-18,11.5
"150",-18,10.5
"150",-18,9.5
"150",-18,8.5
"150",-18,7.5
"150",-18,6.5
"150",-18,5.5
"150",-18,4.5
"150",-18,3.5
"150",-18,2.5
"150",-18,1.5
"150",-18,0.5
"150",-18,-0.5
"150",-18,-1.5
"150",-18,-2.5
"150",-18,-3.5
"150",-18,-4.5
"150",-18,-5.5
"150",-18,-6.5
"150",-18,-7.5
"150",-18,-8.5
"150",-18,-9.5
"150",-19,-9.5
"150",-20,-10.5
"150",-20,-11.5
"150",-20,-12.5
"150",-20,-13.5
"150",-20,-14.5
"150",-20,-15.5
"150",-20,-16.5
"150",-20,-17.5
"150",-20,-18.5
"150",-20,-19.5
"150",-20,-20.5
"150",-21,-21.5
"150",-22,-22.5
"150",-22,-23.5
"150",-22,-24.5
"150",-22,-25.5
"150",-22,-26.5
"150",-22,-27.5
"150",-22,-28.5
"150",-22,-29.5
"150",-22,-30.5
"150",-22,-31.5
"150",-22,-32.5
"150",-21,-33.5
"150",-21,-34.5
"150",-21,-35.5
"150",-21,-36.5
"150",-21,-37.5
"150",-20,-38.5
"150",-19,-39.5
"150",-18,-40.5
"150",-17,-41.5
"150",-16,-41.5
"150",-15,-42.5
"150",-14,-42.5
"150",-13,-43.5
"150",-12,-44.5
"150",-11,-44.5
"150",-10,-45.5
"150",-9,-46.5
"150",-8,-47.5
"150",-7,-47.5
"150",-6,-48.5
"150",-5,-48.5
"150",-4,-49.5
"150",-3,-49.5
"150",-2,-50.5
"150",-1,-51.5
"150",0,-52.5
"150",1,-53.5
"150",2,-53.5
"150",3,-53.5
"150",4,-53.5
"150",5,-53.5
"150",6,-54.5
"150",7,-54.5
"150",8,-55.5
"150",9,-55.5
"150",10,-56.5
"150",11,-56.5
"150",12,-57.5
"150",13,-57.5
"150",14,-58.5
"150",15,-59.5
"150",16,-60.5
"150",17,-60.5
"150",18,-61.5
"150",19,-62.5
"150",20,-63.5
"150",20,-64.5
"150",20,-65.5
"151",10,76.5
"151",9,76.5
"151",8,76.5
"151",7,76.5
"151",6,76.5
"151",5,76.5
"151",4,76.5
"151",3,76.5
"151",2,76.5
"151",1,76.5
"151",0,76.5
"151",-1,76.5
"151",-2,76.5
"151",-3,76.5
"151",-4,76.5
"151",-5,76.5
"151",-6,76.5
"151",-7,76.5
"151",-8,76.5
"151",-9,76.5
"151",-10,76.5
"151",-11,76.5
"151",-12,76.5
"151",-13,76.5
"151",-13,75.5
"151",-13,74.5
"151",-13,73.5
"151",-13,72.5
"151",-14,72.5
"151",-15,71.5
"151",-16,71.5
"151",-17,71.5
"151",-18,71.5
"151",-19,71.5
"151",-20,71.5
"151",-20,70.5
"151",-20,69.5
"151",-20,68.5
"151",-21,68.5
"151",-22,67.5
"151",-23,67.5
"151",-24,66.5
"151",-25,66.5
"151",-26,66.5
"151",-27,66.5
"151",-27,65.5
"151",-27,64.5
"151",-27,63.5
"151",-27,62.5
"151",-27,61.5
"151",-27,60.5
"151",-27,59.5
"151",-27,58.5
"151",-27,57.5
"151",-27,56.5
"151",-27,55.5
"151",-27,54.5
"151",-27,53.5
"151",-27,52.5
"151",-27,51.5
"151",-27,50.5
"151",-26,49.5
"151",-25,48.5
"151",-24,48.5
"151",-23,47.5
"151",-22,47.5
"151",-22,46.5
"151",-22,45.5
"151",-22,44.5
"151",-22,43.5
"151",-22,42.5
"151",-21,41.5
"151",-20,41.5
"151",-19,40.5
"151",-18,40.5
"151",-18,39.5
"151",-18,38.5
"151",-18,37.5
"151",-18,36.5
"151",-18,35.5
"151",-18,34.5
"151",-18,33.5
"151",-18,32.5
"151",-18,31.5
"151",-18,30.5
"151",-18,29.5
"151",-18,28.5
"151",-18,27.5
"151",-18,26.5
"151",-18,25.5
"151",-18,24.5
"151",-18,23.5
"151",-18,22.5
"151",-18,21.5
"151",-18,20.5
"151",-18,19.5
"151",-18,18.5
"151",-18,17.5
"151",-18,16.5
"151",-18,15.5
"151",-18,14.5
"151",-18,13.5
"151",-18,12.5
"151",-18,11.5
"151",-18,10.5
"151",-18,9.5
"151",-17,8.5
"151",-16,8.5
"151",-16,7.5
"151",-16,6.5
"151",-16,5.5
"151",-16,4.5
"151",-16,3.5
"151",-16,2.5
"151",-16,1.5
"151",-16,0.5
"151",-16,-0.5
"151",-16,-1.5
"151",-16,-2.5
"151",-16,-3.5
"151",-16,-4.5
"151",-16,-5.5
"151",-16,-6.5
"151",-16,-7.5
"151",-16,-8.5
"151",-16,-9.5
"151",-16,-10.5
"151",-16,-11.5
"151",-16,-12.5
"151",-16,-13.5
"151",-16,-14.5
"151",-16,-15.5
"151",-16,-16.5
"151",-16,-17.5
"151",-16,-18.5
"151",-16,-19.5
"151",-16,-20.5
"151",-16,-21.5
"151",-16,-22.5
"151",-16,-23.5
"151",-16,-24.5
"151",-16,-25.5
"151",-16,-26.5
"151",-16,-27.5
"151",-16,-28.5
"151",-16,-29.5
"151",-16,-30.5
"151",-16,-31.5
"151",-16,-32.5
"151",-16,-33.5
"151",-16,-34.5
"151",-16,-35.5
"151",-16,-36.5
"151",-16,-37.5
"151",-16,-38.5
"151",-16,-39.5
"151",-16,-40.5
"151",-16,-41.5
"151",-15,-42.5
"151",-14,-42.5
"151",-13,-43.5
"151",-12,-44.5
"151",-11,-44.5
"151",-10,-45.5
"151",-9,-46.5
"151",-8,-47.5
"151",-7,-47.5
"151",-6,-48.5
"151",-5,-48.5
"151",-4,-49.5
"151",-3,-49.5
"151",-2,-50.5
"151",-1,-51.5
"151",0,-52.5
"151",1,-53.5
"151",2,-53.5
"151",3,-53.5
"151",4,-53.5
"151",5,-53.5
"151",6,-54.5
"151",7,-54.5
"151",8,-55.5
"151",9,-55.5
"151",10,-56.5
"151",11,-56.5
"151",12,-57.5
"151",13,-57.5
"151",14,-58.5
"151",15,-59.5
"151",16,-60.5
"151",17,-60.5
"151",18,-61.5
"151",19,-62.5
"151",20,-63.5
"151",20,-64.5
"151",20,-65.5
"152",10,76.5
"152",9,76.5
"152",8,76.5
"152",7,76.5
"152",6,76.5
"152",5,76.5
"152",4,76.5
"152",3,76.5
"152",2,76.5
"152",1,76.5
"152",0,76.5
"152",-1,76.5
"152",-2,76.5
"152",-3,76.5
"152",-4,76.5
"152",-5,76.5
"152",-6,76.5
"152",-7,76.5
"152",-8,76.5
"152",-9,76.5
"152",-10,76.5
"152",-11,76.5
"152",-12,76.5
"152",-13,76.5
"152",-13,75.5
"152",-13,74.5
"152",-13,73.5
"152",-13,72.5
"152",-14,72.5
"152",-15,71.5
"152",-16,71.5
"152",-17,71.5
"152",-18,71.5
"152",-19,71.5
"152",-20,71.5
"152",-20,70.5
"152",-20,69.5
"152",-20,68.5
"152",-21,68.5
"152",-22,67.5
"152",-23,67.5
"152",-24,66.5
"152",-25,66.5
"152",-26,66.5
"152",-27,66.5
"152",-27,65.5
"152",-27,64.5
"152",-27,63.5
"152",-27,62.5
"152",-27,61.5
"152",-27,60.5
"152",-27,59.5
"152",-27,58.5
"152",-27,57.5
"152",-27,56.5
"152",-27,55.5
"152",-27,54.5
"152",-27,53.5
"152",-27,52.5
"152",-27,51.5
"152",-27,50.5
"152",-26,49.5
"152",-25,48.5
"152",-24,48.5
"152",-23,47.5
"152",-22,47.5
"152",-22,46.5
"152",-22,45.5
"152",-22,44.5
"152",-22,43.5
"152",-22,42.5
"152",-21,41.5
"152",-20,41.5
"152",-19,40.5
"152",-18,40.5
"152",-18,39.5
"152",-18,38.5
"152",-18,37.5
"152",-18,36.5
"152",-18,35.5
"152",-18,34.5
"152",-18,33.5
"152",-18,32.5
"152",-18,31.5
"152",-18,30.5
"152",-18,29.5
"152",-18,28.5
"152",-18,27.5
"152",-18,26.5
"152",-18,25.5
"152",-18,24.5
"152",-18,23.5
"152",-18,22.5
"152",-18,21.5
"152",-18,20.5
"152",-18,19.5
"152",-18,18.5
"152",-18,17.5
"152",-18,16.5
"152",-18,15.5
"152",-18,14.5
"152",-18,13.5
"152",-18,12.5
"152",-18,11.5
"152",-18,10.5
"152",-18,9.5
"152",-18,8.5
"152",-18,7.5
"152",-18,6.5
"152",-18,5.5
"152",-18,4.5
"152",-18,3.5
"152",-18,2.5
"152",-19,2.5
"152",-20,1.5
"152",-21,1.5
"152",-22,0.5
"152",-22,-0.5
"152",-22,-1.5
"152",-23,-2.5
"152",-23,-3.5
"152",-23,-4.5
"152",-23,-5.5
"152",-23,-6.5
"152",-23,-7.5
"152",-23,-8.5
"152",-23,-9.5
"152",-23,-10.5
"152",-23,-11.5
"152",-23,-12.5
"152",-24,-13.5
"152",-25,-13.5
"152",-26,-13.5
"152",-27,-14.5
"152",-28,-14.5
"152",-29,-15.5
"152",-29,-16.5
"152",-29,-17.5
"152",-29,-18.5
"152",-29,-19.5
"152",-29,-20.5
"152",-29,-21.5
"152",-29,-22.5
"152",-29,-23.5
"152",-29,-24.5
"152",-29,-25.5
"152",-29,-26.5
"152",-28,-27.5
"152",-27,-27.5
"152",-27,-28.5
"152",-27,-29.5
"152",-27,-30.5
"152",-27,-31.5
"152",-26,-32.5
"152",-25,-32.5
"152",-24,-33.5
"152",-23,-33.5
"152",-22,-33.5
"152",-21,-34.5
"152",-21,-35.5
"152",-21,-36.5
"152",-21,-37.5
"152",-21,-38.5
"152",-21,-39.5
"152",-21,-40.5
"152",-20,-41.5
"152",-19,-42.5
"152",-18,-42.5
"152",-18,-43.5
"152",-17,-44.5
"152",-16,-44.5
"152",-15,-45.5
"152",-14,-45.5
"152",-13,-46.5
"152",-12,-46.5
"152",-11,-46.5
"152",-10,-47.5
"152",-9,-47.5
"152",-8,-48.5
"152",-7,-48.5
"152",-6,-49.5
"152",-5,-50.5
"152",-4,-50.5
"152",-3,-51.5
"152",-2,-51.5
"152",-1,-51.5
"152",0,-52.5
"152",1,-53.5
"152",2,-53.5
"152",3,-53.5
"152",4,-53.5
"152",5,-53.5
"152",6,-54.5
"152",7,-54.5
"152",8,-55.5
"152",9,-55.5
"152",10,-56.5
"152",11,-56.5
"152",12,-57.5
"152",13,-57.5
"152",14,-58.5
"152",15,-59.5
"152",16,-60.5
"152",17,-60.5
"152",18,-61.5
"152",19,-62.5
"152",20,-63.5
"152",20,-64.5
"152",20,-65.5
"153",10,76.5
"153",9,76.5
"153",8,76.5
"153",7,76.5
"153",6,76.5
"153",5,76.5
"153",4,76.5
"153",3,76.5
"153",2,76.5
"153",1,76.5
"153",0,76.5
"153",-1,76.5
"153",-2,76.5
"153",-3,76.5
"153",-4,76.5
"153",-5,76.5
"153",-6,76.5
"153",-7,76.5
"153",-8,76.5
"153",-9,76.5
"153",-10,76.5
"153",-11,76.5
"153",-12,76.5
"153",-13,76.5
"153",-13,75.5
"153",-13,74.5
"153",-13,73.5
"153",-13,72.5
"153",-14,72.5
"153",-15,71.5
"153",-16,71.5
"153",-17,71.5
"153",-18,71.5
"153",-19,71.5
"153",-20,71.5
"153",-20,70.5
"153",-20,69.5
"153",-20,68.5
"153",-21,68.5
"153",-22,67.5
"153",-23,67.5
"153",-24,66.5
"153",-25,66.5
"153",-26,66.5
"153",-27,66.5
"153",-27,65.5
"153",-27,64.5
"153",-27,63.5
"153",-27,62.5
"153",-27,61.5
"153",-27,60.5
"153",-27,59.5
"153",-27,58.5
"153",-27,57.5
"153",-27,56.5
"153",-27,55.5
"153",-27,54.5
"153",-27,53.5
"153",-27,52.5
"153",-27,51.5
"153",-27,50.5
"153",-26,49.5
"153",-25,48.5
"153",-24,48.5
"153",-23,47.5
"153",-22,47.5
"153",-22,46.5
"153",-22,45.5
"153",-22,44.5
"153",-22,43.5
"153",-22,42.5
"153",-21,41.5
"153",-20,41.5
"153",-19,40.5
"153",-18,40.5
"153",-18,39.5
"153",-18,38.5
"153",-18,37.5
"153",-18,36.5
"153",-18,35.5
"153",-18,34.5
"153",-18,33.5
"153",-18,32.5
"153",-18,31.5
"153",-18,30.5
"153",-18,29.5
"153",-18,28.5
"153",-18,27.5
"153",-18,26.5
"153",-18,25.5
"153",-18,24.5
"153",-18,23.5
"153",-18,22.5
"153",-18,21.5
"153",-18,20.5
"153",-18,19.5
"153",-18,18.5
"153",-18,17.5
"153",-18,16.5
"153",-18,15.5
"153",-18,14.5
"153",-18,13.5
"153",-18,12.5
"153",-18,11.5
"153",-18,10.5
"153",-18,9.5
"153",-18,8.5
"153",-18,7.5
"153",-18,6.5
"153",-18,5.5
"153",-18,4.5
"153",-18,3.5
"153",-18,2.5
"153",-19,2.5
"153",-20,1.5
"153",-21,1.5
"153",-22,0.5
"153",-22,-0.5
"153",-22,-1.5
"153",-23,-2.5
"153",-23,-3.5
"153",-23,-4.5
"153",-23,-5.5
"153",-23,-6.5
"153",-23,-7.5
"153",-23,-8.5
"153",-23,-9.5
"153",-23,-10.5
"153",-23,-11.5
"153",-23,-12.5
"153",-24,-13.5
"153",-25,-13.5
"153",-26,-13.5
"153",-27,-14.5
"153",-28,-14.5
"153",-29,-15.5
"153",-29,-16.5
"153",-29,-17.5
"153",-29,-18.5
"153",-29,-19.5
"153",-29,-20.5
"153",-29,-21.5
"153",-29,-22.5
"153",-29,-23.5
"153",-29,-24.5
"153",-29,-25.5
"153",-29,-26.5
"153",-28,-27.5
"153",-27,-27.5
"153",-27,-28.5
"153",-27,-29.5
"153",-27,-30.5
"153",-27,-31.5
"153",-26,-32.5
"153",-25,-32.5
"153",-24,-33.5
"153",-23,-33.5
"153",-22,-33.5
"153",-21,-34.5
"153",-21,-35.5
"153",-21,-36.5
"153",-21,-37.5
"153",-21,-38.5
"153",-21,-39.5
"153",-21,-40.5
"153",-20,-41.5
"153",-19,-42.5
"153",-18,-42.5
"153",-18,-43.5
"153",-17,-44.5
"153",-16,-44.5
"153",-15,-45.5
"153",-14,-45.5
"153",-13,-46.5
"153",-12,-46.5
"153",-11,-46.5
"153",-10,-47.5
"153",-9,-47.5
"153",-8,-48.5
"153",-7,-48.5
"153",-6,-49.5
"153",-5,-50.5
"153",-4,-50.5
"153",-3,-51.5
"153",-2,-51.5
"153",-1,-51.5
"153",0,-52.5
"153",1,-53.5
"153",2,-53.5
"153",3,-53.5
"153",4,-53.5
"153",5,-53.5
"153",6,-54.5
"153",7,-54.5
"153",8,-55.5
"153",9,-55.5
"153",10,-56.5
"153",11,-56.5
"153",12,-57.5
"153",13,-57.5
"153",14,-58.5
"153",15,-59.5
"153",16,-60.5
"153",17,-60.5
"153",18,-61.5
"153",19,-62.5
"153",20,-63.5
"153",20,-64.5
"153",20,-65.5
"154",10,76.5
"154",9,76.5
"154",8,76.5
"154",7,76.5
"154",6,76.5
"154",5,76.5
"154",4,76.5
"154",3,76.5
"154",2,76.5
"154",1,76.5
"154",0,76.5
"154",-1,76.5
"154",-2,76.5
"154",-3,76.5
"154",-4,76.5
"154",-5,76.5
"154",-6,76.5
"154",-7,76.5
"154",-8,76.5
"154",-9,76.5
"154",-10,76.5
"154",-11,76.5
"154",-12,76.5
"154",-13,76.5
"154",-14,76.5
"154",-15,76.5
"154",-16,76.5
"154",-17,76.5
"154",-17,75.5
"154",-17,74.5
"154",-17,73.5
"154",-17,72.5
"154",-18,72.5
"154",-19,72.5
"154",-19,71.5
"154",-19,70.5
"154",-19,69.5
"154",-19,68.5
"154",-20,67.5
"154",-21,67.5
"154",-22,67.5
"154",-23,67.5
"154",-24,66.5
"154",-25,66.5
"154",-26,66.5
"154",-27,66.5
"154",-28,65.5
"154",-29,65.5
"154",-30,65.5
"154",-31,64.5
"154",-32,63.5
"154",-33,62.5
"154",-33,61.5
"154",-32,60.5
"154",-32,59.5
"154",-31,58.5
"154",-30,57.5
"154",-29,56.5
"154",-28,55.5
"154",-27,54.5
"154",-26,53.5
"154",-25,52.5
"154",-24,51.5
"154",-23,50.5
"154",-22,49.5
"154",-21,48.5
"154",-20,47.5
"154",-19,46.5
"154",-18,45.5
"154",-17,44.5
"154",-16,43.5
"154",-15,42.5
"154",-14,41.5
"154",-13,40.5
"154",-13,39.5
"154",-13,38.5
"154",-13,37.5
"154",-13,36.5
"154",-13,35.5
"154",-13,34.5
"154",-13,33.5
"154",-13,32.5
"154",-13,31.5
"154",-13,30.5
"154",-13,29.5
"154",-14,28.5
"154",-15,27.5
"154",-16,26.5
"154",-17,25.5
"154",-18,24.5
"154",-19,23.5
"154",-20,22.5
"154",-21,21.5
"154",-22,20.5
"154",-22,19.5
"154",-23,18.5
"154",-24,17.5
"154",-25,16.5
"154",-26,15.5
"154",-27,14.5
"154",-28,13.5
"154",-29,12.5
"154",-30,11.5
"154",-31,10.5
"154",-32,9.5
"154",-33,8.5
"154",-34,7.5
"154",-34,6.5
"154",-34,5.5
"154",-34,4.5
"154",-34,3.5
"154",-34,2.5
"154",-34,1.5
"154",-34,0.5
"154",-34,-0.5
"154",-34,-1.5
"154",-34,-2.5
"154",-34,-3.5
"154",-34,-4.5
"154",-34,-5.5
"154",-34,-6.5
"154",-34,-7.5
"154",-34,-8.5
"154",-34,-9.5
"154",-34,-10.5
"154",-35,-11.5
"154",-36,-12.5
"154",-37,-13.5
"154",-38,-14.5
"154",-38,-15.5
"154",-38,-16.5
"154",-38,-17.5
"154",-38,-18.5
"154",-38,-19.5
"154",-38,-20.5
"154",-38,-21.5
"154",-38,-22.5
"154",-38,-23.5
"154",-38,-24.5
"154",-38,-25.5
"154",-38,-26.5
"154",-38,-27.5
"154",-38,-28.5
"154",-38,-29.5
"154",-38,-30.5
"154",-38,-31.5
"154",-38,-32.5
"154",-38,-33.5
"154",-38,-34.5
"154",-37,-35.5
"154",-36,-36.5
"154",-35,-37.5
"154",-34,-38.5
"154",-33,-39.5
"154",-32,-40.5
"154",-31,-41.5
"154",-30,-42.5
"154",-29,-43.5
"154",-28,-44.5
"154",-27,-45.5
"154",-26,-46.5
"154",-25,-47.5
"154",-24,-48.5
"154",-23,-49.5
"154",-22,-50.5
"154",-21,-51.5
"154",-20,-51.5
"154",-19,-51.5
"154",-18,-52.5
"154",-17,-52.5
"154",-16,-52.5
"154",-15,-52.5
"154",-14,-53.5
"154",-13,-54.5
"154",-12,-55.5
"154",-11,-55.5
"154",-10,-55.5
"154",-9,-55.5
"154",-8,-55.5
"154",-7,-55.5
"154",-6,-55.5
"154",-5,-55.5
"154",-4,-55.5
"154",-3,-55.5
"154",-2,-55.5
"154",-1,-55.5
"154",0,-55.5
"154",1,-55.5
"154",2,-55.5
"154",3,-55.5
"154",4,-55.5
"154",5,-55.5
"154",6,-55.5
"154",7,-55.5
"154",8,-55.5
"154",9,-55.5
"154",10,-55.5
"154",11,-56.5
"154",12,-57.5
"154",13,-58.5
"154",14,-59.5
"154",15,-60.5
"154",16,-61.5
"154",17,-62.5
"154",18,-63.5
"154",19,-64.5
"154",20,-65.5
"155",10,76.5
"155",9,76.5
"155",8,76.5
"155",7,76.5
"155",6,75.5
"155",5,75.5
"155",4,75.5
"155",3,74.5
"155",3,73.5
"155",2,72.5
"155",1,71.5
"155",0,70.5
"155",-1,70.5
"155",-2,69.5
"155",-3,68.5
"155",-4,68.5
"155",-5,68.5
"155",-6,68.5
"155",-7,68.5
"155",-8,67.5
"155",-9,66.5
"155",-10,66.5
"155",-11,65.5
"155",-11,64.5
"155",-11,63.5
"155",-11,62.5
"155",-11,61.5
"155",-11,60.5
"155",-11,59.5
"155",-11,58.5
"155",-11,57.5
"155",-11,56.5
"155",-11,55.5
"155",-11,54.5
"155",-11,53.5
"155",-11,52.5
"155",-11,51.5
"155",-11,50.5
"155",-11,49.5
"155",-11,48.5
"155",-11,47.5
"155",-11,46.5
"155",-11,45.5
"155",-11,44.5
"155",-11,43.5
"155",-11,42.5
"155",-11,41.5
"155",-11,40.5
"155",-11,39.5
"155",-11,38.5
"155",-11,37.5
"155",-11,36.5
"155",-11,35.5
"155",-11,34.5
"155",-11,33.5
"155",-11,32.5
"155",-12,31.5
"155",-13,30.5
"155",-13,29.5
"155",-14,28.5
"155",-15,27.5
"155",-16,26.5
"155",-17,25.5
"155",-18,24.5
"155",-18,23.5
"155",-18,22.5
"155",-18,21.5
"155",-18,20.5
"155",-18,19.5
"155",-18,18.5
"155",-18,17.5
"155",-18,16.5
"155",-18,15.5
"155",-18,14.5
"155",-18,13.5
"155",-18,12.5
"155",-18,11.5
"155",-18,10.5
"155",-18,9.5
"155",-18,8.5
"155",-17,7.5
"155",-16,6.5
"155",-16,5.5
"155",-16,4.5
"155",-16,3.5
"155",-16,2.5
"155",-16,1.5
"155",-16,0.5
"155",-16,-0.5
"155",-16,-1.5
"155",-16,-2.5
"155",-16,-3.5
"155",-16,-4.5
"155",-16,-5.5
"155",-16,-6.5
"155",-16,-7.5
"155",-16,-8.5
"155",-16,-9.5
"155",-16,-10.5
"155",-16,-11.5
"155",-16,-12.5
"155",-16,-13.5
"155",-16,-14.5
"155",-16,-15.5
"155",-16,-16.5
"155",-16,-17.5
"155",-16,-18.5
"155",-16,-19.5
"155",-16,-20.5
"155",-16,-21.5
"155",-16,-22.5
"155",-16,-23.5
"155",-16,-24.5
"155",-16,-25.5
"155",-16,-26.5
"155",-16,-27.5
"155",-16,-28.5
"155",-16,-29.5
"155",-16,-30.5
"155",-16,-31.5
"155",-16,-32.5
"155",-16,-33.5
"155",-15,-34.5
"155",-14,-35.5
"155",-13,-36.5
"155",-12,-37.5
"155",-11,-38.5
"155",-10,-39.5
"155",-9,-40.5
"155",-8,-41.5
"155",-7,-42.5
"155",-6,-43.5
"155",-5,-44.5
"155",-4,-45.5
"155",-3,-46.5
"155",-2,-47.5
"155",-1,-48.5
"155",0,-49.5
"155",1,-50.5
"155",2,-51.5
"155",3,-52.5
"155",4,-52.5
"155",5,-53.5
"155",6,-54.5
"155",7,-54.5
"155",8,-55.5
"155",9,-55.5
"155",10,-56.5
"155",11,-56.5
"155",12,-57.5
"155",13,-57.5
"155",14,-58.5
"155",15,-59.5
"155",16,-60.5
"155",17,-61.5
"155",18,-62.5
"155",19,-63.5
"155",20,-64.5
"155",20,-65.5
"156",10,76.5
"156",9,76.5
"156",8,76.5
"156",7,76.5
"156",6,76.5
"156",5,76.5
"156",4,76.5
"156",3,76.5
"156",2,76.5
"156",1,76.5
"156",0,76.5
"156",-1,76.5
"156",-2,76.5
"156",-3,76.5
"156",-4,76.5
"156",-5,76.5
"156",-6,76.5
"156",-7,76.5
"156",-8,76.5
"156",-9,76.5
"156",-10,76.5
"156",-11,76.5
"156",-12,76.5
"156",-13,76.5
"156",-13,75.5
"156",-13,74.5
"156",-13,73.5
"156",-13,72.5
"156",-14,72.5
"156",-15,71.5
"156",-16,71.5
"156",-17,71.5
"156",-18,71.5
"156",-19,71.5
"156",-20,71.5
"156",-20,70.5
"156",-20,69.5
"156",-20,68.5
"156",-21,68.5
"156",-22,67.5
"156",-23,67.5
"156",-24,66.5
"156",-25,66.5
"156",-26,66.5
"156",-27,65.5
"156",-27,64.5
"156",-27,63.5
"156",-27,62.5
"156",-27,61.5
"156",-27,60.5
"156",-27,59.5
"156",-27,58.5
"156",-27,57.5
"156",-27,56.5
"156",-27,55.5
"156",-27,54.5
"156",-27,53.5
"156",-27,52.5
"156",-27,51.5
"156",-26,50.5
"156",-25,49.5
"156",-24,48.5
"156",-23,47.5
"156",-22,47.5
"156",-21,46.5
"156",-20,45.5
"156",-20,44.5
"156",-19,43.5
"156",-18,43.5
"156",-18,42.5
"156",-18,41.5
"156",-18,40.5
"156",-18,39.5
"156",-18,38.5
"156",-18,37.5
"156",-18,36.5
"156",-18,35.5
"156",-18,34.5
"156",-18,33.5
"156",-18,32.5
"156",-18,31.5
"156",-18,30.5
"156",-18,29.5
"156",-18,28.5
"156",-18,27.5
"156",-18,26.5
"156",-18,25.5
"156",-18,24.5
"156",-18,23.5
"156",-18,22.5
"156",-18,21.5
"156",-18,20.5
"156",-18,19.5
"156",-18,18.5
"156",-18,17.5
"156",-18,16.5
"156",-18,15.5
"156",-18,14.5
"156",-18,13.5
"156",-18,12.5
"156",-18,11.5
"156",-18,10.5
"156",-18,9.5
"156",-18,8.5
"156",-17,7.5
"156",-16,6.5
"156",-16,5.5
"156",-16,4.5
"156",-16,3.5
"156",-16,2.5
"156",-16,1.5
"156",-16,0.5
"156",-16,-0.5
"156",-16,-1.5
"156",-16,-2.5
"156",-16,-3.5
"156",-16,-4.5
"156",-16,-5.5
"156",-16,-6.5
"156",-16,-7.5
"156",-16,-8.5
"156",-16,-9.5
"156",-16,-10.5
"156",-16,-11.5
"156",-16,-12.5
"156",-16,-13.5
"156",-16,-14.5
"156",-16,-15.5
"156",-16,-16.5
"156",-16,-17.5
"156",-16,-18.5
"156",-16,-19.5
"156",-16,-20.5
"156",-16,-21.5
"156",-16,-22.5
"156",-16,-23.5
"156",-16,-24.5
"156",-16,-25.5
"156",-16,-26.5
"156",-16,-27.5
"156",-16,-28.5
"156",-16,-29.5
"156",-16,-30.5
"156",-16,-31.5
"156",-16,-32.5
"156",-16,-33.5
"156",-16,-34.5
"156",-16,-35.5
"156",-16,-36.5
"156",-16,-37.5
"156",-16,-38.5
"156",-16,-39.5
"156",-16,-40.5
"156",-15,-41.5
"156",-14,-42.5
"156",-13,-43.5
"156",-12,-44.5
"156",-11,-44.5
"156",-10,-45.5
"156",-9,-46.5
"156",-8,-47.5
"156",-7,-47.5
"156",-6,-48.5
"156",-5,-48.5
"156",-4,-49.5
"156",-3,-49.5
"156",-2,-50.5
"156",-1,-51.5
"156",0,-52.5
"156",1,-53.5
"156",2,-53.5
"156",3,-53.5
"156",4,-53.5
"156",5,-53.5
"156",6,-54.5
"156",7,-54.5
"156",8,-55.5
"156",9,-55.5
"156",10,-56.5
"156",11,-56.5
"156",12,-57.5
"156",13,-57.5
"156",14,-58.5
"156",15,-59.5
"156",16,-60.5
"156",17,-60.5
"156",18,-61.5
"156",19,-62.5
"156",20,-63.5
"156",20,-64.5
"156",20,-65.5
"157",10,76.5
"157",9,76.5
"157",8,76.5
"157",7,76.5
"157",6,76.5
"157",5,76.5
"157",4,76.5
"157",3,76.5
"157",2,76.5
"157",1,76.5
"157",0,76.5
"157",-1,76.5
"157",-2,76.5
"157",-3,76.5
"157",-4,76.5
"157",-5,76.5
"157",-6,76.5
"157",-7,76.5
"157",-8,76.5
"157",-9,76.5
"157",-10,76.5
"157",-11,76.5
"157",-12,76.5
"157",-13,76.5
"157",-13,75.5
"157",-13,74.5
"157",-13,73.5
"157",-13,72.5
"157",-14,72.5
"157",-15,71.5
"157",-16,71.5
"157",-17,71.5
"157",-18,71.5
"157",-19,71.5
"157",-20,71.5
"157",-20,70.5
"157",-20,69.5
"157",-20,68.5
"157",-21,68.5
"157",-22,67.5
"157",-23,67.5
"157",-24,66.5
"157",-25,66.5
"157",-26,66.5
"157",-27,66.5
"157",-27,65.5
"157",-27,64.5
"157",-27,63.5
"157",-27,62.5
"157",-27,61.5
"157",-27,60.5
"157",-27,59.5
"157",-27,58.5
"157",-27,57.5
"157",-27,56.5
"157",-27,55.5
"157",-27,54.5
"157",-27,53.5
"157",-27,52.5
"157",-27,51.5
"157",-26,50.5
"157",-25,49.5
"157",-24,48.5
"157",-23,47.5
"157",-22,47.5
"157",-22,46.5
"157",-22,45.5
"157",-22,44.5
"157",-22,43.5
"157",-22,42.5
"157",-21,41.5
"157",-20,41.5
"157",-19,40.5
"157",-18,40.5
"157",-18,39.5
"157",-18,38.5
"157",-18,37.5
"157",-18,36.5
"157",-18,35.5
"157",-18,34.5
"157",-18,33.5
"157",-18,32.5
"157",-18,31.5
"157",-18,30.5
"157",-18,29.5
"157",-18,28.5
"157",-18,27.5
"157",-18,26.5
"157",-18,25.5
"157",-18,24.5
"157",-18,23.5
"157",-18,22.5
"157",-18,21.5
"157",-18,20.5
"157",-18,19.5
"157",-18,18.5
"157",-18,17.5
"157",-18,16.5
"157",-18,15.5
"157",-18,14.5
"157",-18,13.5
"157",-18,12.5
"157",-18,11.5
"157",-18,10.5
"157",-18,9.5
"157",-17,8.5
"157",-16,8.5
"157",-16,7.5
"157",-16,6.5
"157",-16,5.5
"157",-16,4.5
"157",-16,3.5
"157",-16,2.5
"157",-16,1.5
"157",-16,0.5
"157",-16,-0.5
"157",-16,-1.5
"157",-16,-2.5
"157",-16,-3.5
"157",-16,-4.5
"157",-16,-5.5
"157",-16,-6.5
"157",-16,-7.5
"157",-16,-8.5
"157",-16,-9.5
"157",-16,-10.5
"157",-16,-11.5
"157",-16,-12.5
"157",-16,-13.5
"157",-16,-14.5
"157",-16,-15.5
"157",-16,-16.5
"157",-16,-17.5
"157",-16,-18.5
"157",-16,-19.5
"157",-16,-20.5
"157",-16,-21.5
"157",-16,-22.5
"157",-16,-23.5
"157",-16,-24.5
"157",-16,-25.5
"157",-16,-26.5
"157",-16,-27.5
"157",-16,-28.5
"157",-16,-29.5
"157",-16,-30.5
"157",-16,-31.5
"157",-16,-32.5
"157",-16,-33.5
"157",-16,-34.5
"157",-16,-35.5
"157",-16,-36.5
"157",-16,-37.5
"157",-16,-38.5
"157",-16,-39.5
"157",-16,-40.5
"157",-16,-41.5
"157",-15,-42.5
"157",-14,-42.5
"157",-13,-43.5
"157",-12,-44.5
"157",-11,-44.5
"157",-10,-45.5
"157",-9,-46.5
"157",-8,-47.5
"157",-7,-47.5
"157",-6,-48.5
"157",-5,-48.5
"157",-4,-49.5
"157",-3,-49.5
"157",-2,-50.5
"157",-1,-51.5
"157",0,-52.5
"157",1,-53.5
"157",2,-53.5
"157",3,-53.5
"157",4,-53.5
"157",5,-53.5
"157",6,-54.5
"157",7,-54.5
"157",8,-55.5
"157",9,-55.5
"157",10,-56.5
"157",11,-56.5
"157",12,-57.5
"157",13,-57.5
"157",14,-58.5
"157",15,-59.5
"157",16,-60.5
"157",17,-60.5
"157",18,-61.5
"157",19,-62.5
"157",20,-63.5
"157",20,-64.5
"157",20,-65.5
"158",10,76.5
"158",9,76.5
"158",8,76.5
"158",7,76.5
"158",6,76.5
"158",5,76.5
"158",4,76.5
"158",3,76.5
"158",2,76.5
"158",1,76.5
"158",0,76.5
"158",-1,76.5
"158",-2,76.5
"158",-3,76.5
"158",-4,76.5
"158",-5,76.5
"158",-6,76.5
"158",-7,76.5
"158",-8,76.5
"158",-9,76.5
"158",-10,76.5
"158",-11,76.5
"158",-12,76.5
"158",-13,76.5
"158",-13,75.5
"158",-13,74.5
"158",-13,73.5
"158",-13,72.5
"158",-14,72.5
"158",-15,71.5
"158",-16,71.5
"158",-17,71.5
"158",-18,71.5
"158",-19,71.5
"158",-20,71.5
"158",-20,70.5
"158",-20,69.5
"158",-20,68.5
"158",-21,68.5
"158",-22,67.5
"158",-23,67.5
"158",-24,66.5
"158",-25,66.5
"158",-26,66.5
"158",-27,66.5
"158",-27,65.5
"158",-27,64.5
"158",-27,63.5
"158",-27,62.5
"158",-27,61.5
"158",-27,60.5
"158",-27,59.5
"158",-27,58.5
"158",-27,57.5
"158",-27,56.5
"158",-27,55.5
"158",-27,54.5
"158",-27,53.5
"158",-27,52.5
"158",-27,51.5
"158",-27,50.5
"158",-26,49.5
"158",-25,48.5
"158",-24,48.5
"158",-23,47.5
"158",-22,47.5
"158",-22,46.5
"158",-22,45.5
"158",-22,44.5
"158",-22,43.5
"158",-22,42.5
"158",-21,41.5
"158",-20,41.5
"158",-19,40.5
"158",-18,40.5
"158",-18,39.5
"158",-18,38.5
"158",-18,37.5
"158",-18,36.5
"158",-18,35.5
"158",-18,34.5
"158",-18,33.5
"158",-18,32.5
"158",-18,31.5
"158",-18,30.5
"158",-18,29.5
"158",-18,28.5
"158",-18,27.5
"158",-18,26.5
"158",-18,25.5
"158",-18,24.5
"158",-18,23.5
"158",-18,22.5
"158",-18,21.5
"158",-18,20.5
"158",-18,19.5
"158",-18,18.5
"158",-18,17.5
"158",-18,16.5
"158",-18,15.5
"158",-18,14.5
"158",-18,13.5
"158",-18,12.5
"158",-18,11.5
"158",-18,10.5
"158",-18,9.5
"158",-18,8.5
"158",-18,7.5
"158",-18,6.5
"158",-17,5.5
"158",-16,5.5
"158",-16,4.5
"158",-16,3.5
"158",-16,2.5
"158",-16,1.5
"158",-16,0.5
"158",-16,-0.5
"158",-16,-1.5
"158",-16,-2.5
"158",-16,-3.5
"158",-16,-4.5
"158",-16,-5.5
"158",-16,-6.5
"158",-16,-7.5
"158",-16,-8.5
"158",-16,-9.5
"158",-16,-10.5
"158",-16,-11.5
"158",-16,-12.5
"158",-16,-13.5
"158",-16,-14.5
"158",-16,-15.5
"158",-16,-16.5
"158",-16,-17.5
"158",-16,-18.5
"158",-16,-19.5
"158",-16,-20.5
"158",-16,-21.5
"158",-16,-22.5
"158",-16,-23.5
"158",-16,-24.5
"158",-16,-25.5
"158",-16,-26.5
"158",-16,-27.5
"158",-16,-28.5
"158",-16,-29.5
"158",-16,-30.5
"158",-15,-31.5
"158",-14,-31.5
"158",-13,-32.5
"158",-12,-32.5
"158",-11,-33.5
"158",-10,-34.5
"158",-9,-34.5
"158",-8,-35.5
"158",-7,-35.5
"158",-7,-36.5
"158",-6,-37.5
"158",-5,-38.5
"158",-4,-38.5
"158",-3,-39.5
"158",-2,-40.5
"158",-1,-40.5
"158",0,-41.5
"158",1,-41.5
"158",1,-42.5
"158",1,-43.5
"158",1,-44.5
"158",2,-45.5
"158",3,-46.5
"158",4,-46.5
"158",5,-47.5
"158",6,-47.5
"158",7,-47.5
"158",8,-48.5
"158",9,-49.5
"158",10,-49.5
"158",11,-49.5
"158",12,-50.5
"158",13,-50.5
"158",14,-51.5
"158",15,-52.5
"158",16,-53.5
"158",17,-54.5
"158",18,-55.5
"158",19,-56.5
"158",20,-57.5
"158",20,-58.5
"158",20,-59.5
"158",20,-60.5
"158",20,-61.5
"158",20,-62.5
"158",20,-63.5
"158",20,-64.5
"158",20,-65.5
"159",10,76.5
"159",9,76.5
"159",8,76.5
"159",7,76.5
"159",6,76.5
"159",5,76.5
"159",4,76.5
"159",3,76.5
"159",2,76.5
"159",1,76.5
"159",0,76.5
"159",-1,76.5
"159",-2,76.5
"159",-3,76.5
"159",-4,76.5
"159",-5,76.5
"159",-6,76.5
"159",-7,76.5
"159",-8,76.5
"159",-9,76.5
"159",-10,76.5
"159",-11,76.5
"159",-12,76.5
"159",-13,76.5
"159",-14,76.5
"159",-15,76.5
"159",-16,76.5
"159",-17,76.5
"159",-17,75.5
"159",-17,74.5
"159",-17,73.5
"159",-17,72.5
"159",-18,72.5
"159",-19,72.5
"159",-19,71.5
"159",-19,70.5
"159",-19,69.5
"159",-19,68.5
"159",-20,67.5
"159",-21,67.5
"159",-22,67.5
"159",-23,67.5
"159",-24,66.5
"159",-25,66.5
"159",-26,66.5
"159",-27,66.5
"159",-28,65.5
"159",-29,65.5
"159",-30,64.5
"159",-31,63.5
"159",-32,62.5
"159",-32,61.5
"159",-32,60.5
"159",-31,59.5
"159",-30,58.5
"159",-29,57.5
"159",-28,56.5
"159",-27,55.5
"159",-26,54.5
"159",-25,53.5
"159",-24,52.5
"159",-23,51.5
"159",-22,50.5
"159",-21,49.5
"159",-20,48.5
"159",-19,47.5
"159",-18,46.5
"159",-17,45.5
"159",-16,44.5
"159",-15,43.5
"159",-14,42.5
"159",-14,41.5
"159",-14,40.5
"159",-14,39.5
"159",-14,38.5
"159",-14,37.5
"159",-14,36.5
"159",-14,35.5
"159",-14,34.5
"159",-14,33.5
"159",-14,32.5
"159",-14,31.5
"159",-14,30.5
"159",-14,29.5
"159",-15,28.5
"159",-15,27.5
"159",-16,26.5
"159",-17,25.5
"159",-18,24.5
"159",-18,23.5
"159",-18,22.5
"159",-18,21.5
"159",-18,20.5
"159",-18,19.5
"159",-18,18.5
"159",-18,17.5
"159",-18,16.5
"159",-18,15.5
"159",-18,14.5
"159",-18,13.5
"159",-18,12.5
"159",-18,11.5
"159",-18,10.5
"159",-18,9.5
"159",-18,8.5
"159",-18,7.5
"159",-18,6.5
"159",-18,5.5
"159",-18,4.5
"159",-18,3.5
"159",-18,2.5
"159",-18,1.5
"159",-18,0.5
"159",-18,-0.5
"159",-18,-1.5
"159",-18,-2.5
"159",-18,-3.5
"159",-18,-4.5
"159",-18,-5.5
"159",-18,-6.5
"159",-18,-7.5
"159",-18,-8.5
"159",-18,-9.5
"159",-18,-10.5
"159",-18,-11.5
"159",-18,-12.5
"159",-18,-13.5
"159",-18,-14.5
"159",-18,-15.5
"159",-18,-16.5
"159",-18,-17.5
"159",-18,-18.5
"159",-18,-19.5
"159",-18,-20.5
"159",-18,-21.5
"159",-18,-22.5
"159",-18,-23.5
"159",-18,-24.5
"159",-18,-25.5
"159",-18,-26.5
"159",-18,-27.5
"159",-18,-28.5
"159",-18,-29.5
"159",-18,-30.5
"159",-18,-31.5
"159",-17,-32.5
"159",-16,-33.5
"159",-15,-34.5
"159",-14,-35.5
"159",-13,-36.5
"159",-12,-37.5
"159",-11,-38.5
"159",-10,-39.5
"159",-9,-40.5
"159",-8,-41.5
"159",-7,-42.5
"159",-6,-43.5
"159",-5,-44.5
"159",-4,-45.5
"159",-3,-46.5
"159",-2,-47.5
"159",-1,-48.5
"159",0,-49.5
"159",1,-49.5
"159",2,-49.5
"159",3,-49.5
"159",4,-50.5
"159",5,-51.5
"159",6,-52.5
"159",7,-52.5
"159",8,-53.5
"159",9,-54.5
"159",10,-55.5
"159",11,-56.5
"159",12,-57.5
"159",13,-58.5
"159",14,-59.5
"159",15,-60.5
"159",16,-61.5
"159",17,-62.5
"159",18,-63.5
"159",19,-64.5
"159",20,-65.5
"160",10,76.5
"160",9,76.5
"160",8,76.5
"160",7,76.5
"160",6,76.5
"160",5,76.5
"160",4,76.5
"160",3,76.5
"160",2,76.5
"160",1,76.5
"160",0,76.5
"160",-1,76.5
"160",-2,76.5
"160",-3,76.5
"160",-4,76.5
"160",-5,76.5
"160",-6,76.5
"160",-7,76.5
"160",-8,76.5
"160",-9,76.5
"160",-10,76.5
"160",-11,76.5
"160",-12,76.5
"160",-13,76.5
"160",-14,76.5
"160",-15,76.5
"160",-16,76.5
"160",-16,75.5
"160",-16,74.5
"160",-16,73.5
"160",-16,72.5
"160",-17,72.5
"160",-18,72.5
"160",-19,72.5
"160",-20,72.5
"160",-20,71.5
"160",-20,70.5
"160",-20,69.5
"160",-20,68.5
"160",-21,68.5
"160",-22,67.5
"160",-23,67.5
"160",-24,66.5
"160",-25,66.5
"160",-26,65.5
"160",-27,64.5
"160",-27,63.5
"160",-27,62.5
"160",-27,61.5
"160",-27,60.5
"160",-27,59.5
"160",-27,58.5
"160",-27,57.5
"160",-27,56.5
"160",-27,55.5
"160",-27,54.5
"160",-27,53.5
"160",-27,52.5
"160",-27,51.5
"160",-26,50.5
"160",-25,49.5
"160",-24,48.5
"160",-23,47.5
"160",-22,46.5
"160",-21,45.5
"160",-20,44.5
"160",-19,43.5
"160",-18,42.5
"160",-18,41.5
"160",-18,40.5
"160",-18,39.5
"160",-18,38.5
"160",-18,37.5
"160",-18,36.5
"160",-18,35.5
"160",-18,34.5
"160",-18,33.5
"160",-18,32.5
"160",-18,31.5
"160",-18,30.5
"160",-18,29.5
"160",-18,28.5
"160",-18,27.5
"160",-18,26.5
"160",-18,25.5
"160",-18,24.5
"160",-18,23.5
"160",-18,22.5
"160",-18,21.5
"160",-18,20.5
"160",-18,19.5
"160",-18,18.5
"160",-18,17.5
"160",-18,16.5
"160",-18,15.5
"160",-18,14.5
"160",-18,13.5
"160",-18,12.5
"160",-18,11.5
"160",-18,10.5
"160",-18,9.5
"160",-18,8.5
"160",-17,7.5
"160",-16,6.5
"160",-16,5.5
"160",-16,4.5
"160",-16,3.5
"160",-16,2.5
"160",-16,1.5
"160",-16,0.5
"160",-16,-0.5
"160",-16,-1.5
"160",-16,-2.5
"160",-16,-3.5
"160",-16,-4.5
"160",-16,-5.5
"160",-16,-6.5
"160",-16,-7.5
"160",-16,-8.5
"160",-16,-9.5
"160",-16,-10.5
"160",-16,-11.5
"160",-16,-12.5
"160",-16,-13.5
"160",-16,-14.5
"160",-16,-15.5
"160",-16,-16.5
"160",-16,-17.5
"160",-16,-18.5
"160",-16,-19.5
"160",-16,-20.5
"160",-16,-21.5
"160",-16,-22.5
"160",-16,-23.5
"160",-16,-24.5
"160",-16,-25.5
"160",-16,-26.5
"160",-16,-27.5
"160",-16,-28.5
"160",-16,-29.5
"160",-16,-30.5
"160",-16,-31.5
"160",-16,-32.5
"160",-16,-33.5
"160",-15,-34.5
"160",-14,-35.5
"160",-13,-36.5
"160",-12,-37.5
"160",-11,-38.5
"160",-10,-39.5
"160",-9,-40.5
"160",-8,-41.5
"160",-7,-42.5
"160",-6,-43.5
"160",-5,-44.5
"160",-4,-45.5
"160",-3,-46.5
"160",-2,-47.5
"160",-1,-48.5
"160",0,-49.5
"160",1,-50.5
"160",2,-51.5
"160",3,-52.5
"160",4,-52.5
"160",5,-53.5
"160",6,-54.5
"160",7,-54.5
"160",8,-55.5
"160",9,-55.5
"160",10,-56.5
"160",11,-56.5
"160",12,-57.5
"160",13,-57.5
"160",14,-58.5
"160",15,-59.5
"160",16,-60.5
"160",17,-61.5
"160",18,-62.5
"160",19,-63.5
"160",20,-64.5
"160",20,-65.5
"161",10,76.5
"161",9,76.5
"161",8,76.5
"161",7,76.5
"161",6,76.5
"161",5,76.5
"161",4,76.5
"161",3,76.5
"161",2,76.5
"161",1,76.5
"161",0,76.5
"161",-1,76.5
"161",-2,76.5
"161",-3,76.5
"161",-4,76.5
"161",-5,76.5
"161",-6,76.5
"161",-7,76.5
"161",-8,76.5
"161",-9,76.5
"161",-10,76.5
"161",-11,76.5
"161",-12,76.5
"161",-13,76.5
"161",-13,75.5
"161",-13,74.5
"161",-13,73.5
"161",-13,72.5
"161",-14,72.5
"161",-15,71.5
"161",-16,71.5
"161",-17,71.5
"161",-18,71.5
"161",-19,71.5
"161",-20,71.5
"161",-20,70.5
"161",-20,69.5
"161",-20,68.5
"161",-21,68.5
"161",-22,67.5
"161",-23,67.5
"161",-24,66.5
"161",-25,66.5
"161",-26,66.5
"161",-27,66.5
"161",-27,65.5
"161",-27,64.5
"161",-27,63.5
"161",-27,62.5
"161",-27,61.5
"161",-27,60.5
"161",-27,59.5
"161",-27,58.5
"161",-27,57.5
"161",-27,56.5
"161",-27,55.5
"161",-27,54.5
"161",-27,53.5
"161",-27,52.5
"161",-27,51.5
"161",-26,50.5
"161",-25,49.5
"161",-24,48.5
"161",-23,47.5
"161",-22,47.5
"161",-22,46.5
"161",-22,45.5
"161",-22,44.5
"161",-22,43.5
"161",-22,42.5
"161",-21,41.5
"161",-20,41.5
"161",-19,40.5
"161",-18,40.5
"161",-18,39.5
"161",-18,38.5
"161",-18,37.5
"161",-18,36.5
"161",-18,35.5
"161",-18,34.5
"161",-18,33.5
"161",-18,32.5
"161",-18,31.5
"161",-18,30.5
"161",-18,29.5
"161",-18,28.5
"161",-18,27.5
"161",-18,26.5
"161",-18,25.5
"161",-18,24.5
"161",-18,23.5
"161",-18,22.5
"161",-18,21.5
"161",-18,20.5
"161",-18,19.5
"161",-18,18.5
"161",-18,17.5
"161",-18,16.5
"161",-18,15.5
"161",-18,14.5
"161",-18,13.5
"161",-18,12.5
"161",-18,11.5
"161",-18,10.5
"161",-18,9.5
"161",-17,8.5
"161",-16,8.5
"161",-16,7.5
"161",-16,6.5
"161",-16,5.5
"161",-16,4.5
"161",-16,3.5
"161",-16,2.5
"161",-16,1.5
"161",-16,0.5
"161",-16,-0.5
"161",-16,-1.5
"161",-16,-2.5
"161",-16,-3.5
"161",-16,-4.5
"161",-16,-5.5
"161",-16,-6.5
"161",-16,-7.5
"161",-16,-8.5
"161",-16,-9.5
"161",-16,-10.5
"161",-16,-11.5
"161",-16,-12.5
"161",-16,-13.5
"161",-16,-14.5
"161",-16,-15.5
"161",-16,-16.5
"161",-16,-17.5
"161",-16,-18.5
"161",-16,-19.5
"161",-16,-20.5
"161",-16,-21.5
"161",-16,-22.5
"161",-16,-23.5
"161",-16,-24.5
"161",-16,-25.5
"161",-16,-26.5
"161",-16,-27.5
"161",-16,-28.5
"161",-16,-29.5
"161",-16,-30.5
"161",-16,-31.5
"161",-16,-32.5
"161",-16,-33.5
"161",-16,-34.5
"161",-16,-35.5
"161",-16,-36.5
"161",-16,-37.5
"161",-16,-38.5
"161",-16,-39.5
"161",-16,-40.5
"161",-16,-41.5
"161",-15,-42.5
"161",-14,-42.5
"161",-13,-43.5
"161",-12,-44.5
"161",-11,-44.5
"161",-10,-45.5
"161",-9,-46.5
"161",-8,-47.5
"161",-7,-47.5
"161",-6,-48.5
"161",-5,-48.5
"161",-4,-49.5
"161",-3,-49.5
"161",-2,-50.5
"161",-1,-51.5
"161",0,-52.5
"161",1,-53.5
"161",2,-53.5
"161",3,-53.5
"161",4,-53.5
"161",5,-53.5
"161",6,-54.5
"161",7,-54.5
"161",8,-55.5
"161",9,-55.5
"161",10,-56.5
"161",11,-56.5
"161",12,-57.5
"161",13,-57.5
"161",14,-58.5
"161",15,-59.5
"161",16,-60.5
"161",17,-60.5
"161",18,-61.5
"161",19,-62.5
"161",20,-63.5
"161",20,-64.5
"161",20,-65.5
"162",10,76.5
"162",9,76.5
"162",8,76.5
"162",7,76.5
"162",6,76.5
"162",5,76.5
"162",4,76.5
"162",3,76.5
"162",2,76.5
"162",1,76.5
"162",0,76.5
"162",-1,76.5
"162",-2,76.5
"162",-3,76.5
"162",-4,76.5
"162",-5,76.5
"162",-6,76.5
"162",-7,76.5
"162",-8,76.5
"162",-9,76.5
"162",-10,76.5
"162",-11,76.5
"162",-12,76.5
"162",-13,76.5
"162",-14,76.5
"162",-15,76.5
"162",-16,76.5
"162",-17,76.5
"162",-17,75.5
"162",-17,74.5
"162",-17,73.5
"162",-17,72.5
"162",-18,72.5
"162",-18,71.5
"162",-19,71.5
"162",-19,70.5
"162",-19,69.5
"162",-19,68.5
"162",-20,67.5
"162",-21,67.5
"162",-22,67.5
"162",-23,67.5
"162",-24,66.5
"162",-25,66.5
"162",-26,66.5
"162",-27,66.5
"162",-28,65.5
"162",-29,64.5
"162",-30,63.5
"162",-31,62.5
"162",-31,61.5
"162",-31,60.5
"162",-31,59.5
"162",-30,58.5
"162",-29,57.5
"162",-28,56.5
"162",-27,55.5
"162",-26,54.5
"162",-25,53.5
"162",-24,52.5
"162",-23,51.5
"162",-22,50.5
"162",-21,49.5
"162",-20,48.5
"162",-19,47.5
"162",-18,46.5
"162",-17,45.5
"162",-16,44.5
"162",-15,43.5
"162",-14,42.5
"162",-14,41.5
"162",-14,40.5
"162",-14,39.5
"162",-14,38.5
"162",-14,37.5
"162",-14,36.5
"162",-14,35.5
"162",-14,34.5
"162",-14,33.5
"162",-14,32.5
"162",-14,31.5
"162",-14,30.5
"162",-14,29.5
"162",-15,28.5
"162",-15,27.5
"162",-16,26.5
"162",-17,25.5
"162",-17,24.5
"162",-18,23.5
"162",-18,22.5
"162",-18,21.5
"162",-18,20.5
"162",-18,19.5
"162",-18,18.5
"162",-18,17.5
"162",-18,16.5
"162",-18,15.5
"162",-18,14.5
"162",-18,13.5
"162",-18,12.5
"162",-18,11.5
"162",-18,10.5
"162",-18,9.5
"162",-18,8.5
"162",-18,7.5
"162",-18,6.5
"162",-18,5.5
"162",-18,4.5
"162",-18,3.5
"162",-18,2.5
"162",-18,1.5
"162",-18,0.5
"162",-18,-0.5
"162",-18,-1.5
"162",-18,-2.5
"162",-18,-3.5
"162",-18,-4.5
"162",-18,-5.5
"162",-18,-6.5
"162",-18,-7.5
"162",-18,-8.5
"162",-18,-9.5
"162",-18,-10.5
"162",-18,-11.5
"162",-18,-12.5
"162",-18,-13.5
"162",-18,-14.5
"162",-18,-15.5
"162",-18,-16.5
"162",-18,-17.5
"162",-18,-18.5
"162",-18,-19.5
"162",-18,-20.5
"162",-18,-21.5
"162",-18,-22.5
"162",-18,-23.5
"162",-18,-24.5
"162",-18,-25.5
"162",-18,-26.5
"162",-18,-27.5
"162",-18,-28.5
"162",-18,-29.5
"162",-18,-30.5
"162",-18,-31.5
"162",-17,-32.5
"162",-16,-33.5
"162",-15,-34.5
"162",-14,-35.5
"162",-13,-36.5
"162",-12,-37.5
"162",-11,-38.5
"162",-10,-39.5
"162",-9,-40.5
"162",-8,-41.5
"162",-7,-42.5
"162",-6,-43.5
"162",-5,-44.5
"162",-4,-45.5
"162",-3,-46.5
"162",-2,-47.5
"162",-1,-48.5
"162",0,-49.5
"162",1,-50.5
"162",2,-51.5
"162",3,-52.5
"162",4,-53.5
"162",5,-54.5
"162",6,-54.5
"162",7,-54.5
"162",8,-54.5
"162",9,-54.5
"162",10,-55.5
"162",11,-56.5
"162",12,-57.5
"162",13,-58.5
"162",14,-59.5
"162",15,-60.5
"162",16,-61.5
"162",17,-62.5
"162",18,-63.5
"162",19,-64.5
"162",20,-65.5
"163",10,76.5
"163",9,76.5
"163",8,76.5
"163",7,76.5
"163",6,76.5
"163",5,76.5
"163",4,76.5
"163",3,76.5
"163",2,76.5
"163",1,76.5
"163",0,76.5
"163",-1,76.5
"163",-2,76.5
"163",-3,76.5
"163",-4,76.5
"163",-5,76.5
"163",-6,76.5
"163",-7,76.5
"163",-8,76.5
"163",-9,76.5
"163",-10,76.5
"163",-11,76.5
"163",-12,76.5
"163",-13,76.5
"163",-14,76.5
"163",-15,76.5
"163",-16,76.5
"163",-16,75.5
"163",-16,74.5
"163",-16,73.5
"163",-16,72.5
"163",-17,72.5
"163",-18,72.5
"163",-19,72.5
"163",-20,72.5
"163",-20,71.5
"163",-20,70.5
"163",-20,69.5
"163",-20,68.5
"163",-21,68.5
"163",-22,67.5
"163",-23,67.5
"163",-24,66.5
"163",-25,66.5
"163",-26,65.5
"163",-27,64.5
"163",-27,63.5
"163",-27,62.5
"163",-27,61.5
"163",-27,60.5
"163",-27,59.5
"163",-27,58.5
"163",-27,57.5
"163",-27,56.5
"163",-27,55.5
"163",-27,54.5
"163",-27,53.5
"163",-27,52.5
"163",-27,51.5
"163",-26,50.5
"163",-25,49.5
"163",-24,48.5
"163",-23,47.5
"163",-22,46.5
"163",-21,45.5
"163",-20,44.5
"163",-19,43.5
"163",-18,42.5
"163",-18,41.5
"163",-18,40.5
"163",-18,39.5
"163",-18,38.5
"163",-18,37.5
"163",-18,36.5
"163",-18,35.5
"163",-18,34.5
"163",-18,33.5
"163",-18,32.5
"163",-18,31.5
"163",-18,30.5
"163",-18,29.5
"163",-18,28.5
"163",-18,27.5
"163",-18,26.5
"163",-18,25.5
"163",-18,24.5
"163",-18,23.5
"163",-18,22.5
"163",-18,21.5
"163",-18,20.5
"163",-18,19.5
"163",-18,18.5
"163",-18,17.5
"163",-18,16.5
"163",-18,15.5
"163",-18,14.5
"163",-18,13.5
"163",-18,12.5
"163",-18,11.5
"163",-18,10.5
"163",-18,9.5
"163",-18,8.5
"163",-17,7.5
"163",-16,6.5
"163",-16,5.5
"163",-16,4.5
"163",-16,3.5
"163",-16,2.5
"163",-16,1.5
"163",-16,0.5
"163",-16,-0.5
"163",-16,-1.5
"163",-16,-2.5
"163",-16,-3.5
"163",-16,-4.5
"163",-16,-5.5
"163",-16,-6.5
"163",-16,-7.5
"163",-16,-8.5
"163",-16,-9.5
"163",-16,-10.5
"163",-16,-11.5
"163",-16,-12.5
"163",-16,-13.5
"163",-16,-14.5
"163",-16,-15.5
"163",-16,-16.5
"163",-16,-17.5
"163",-16,-18.5
"163",-16,-19.5
"163",-16,-20.5
"163",-16,-21.5
"163",-16,-22.5
"163",-16,-23.5
"163",-16,-24.5
"163",-16,-25.5
"163",-16,-26.5
"163",-16,-27.5
"163",-16,-28.5
"163",-16,-29.5
"163",-16,-30.5
"163",-16,-31.5
"163",-16,-32.5
"163",-16,-33.5
"163",-16,-34.5
"163",-16,-35.5
"163",-15,-36.5
"163",-14,-37.5
"163",-13,-38.5
"163",-12,-39.5
"163",-11,-40.5
"163",-10,-41.5
"163",-9,-42.5
"163",-8,-43.5
"163",-7,-44.5
"163",-6,-45.5
"163",-5,-46.5
"163",-4,-47.5
"163",-3,-48.5
"163",-2,-49.5
"163",-1,-50.5
"163",0,-51.5
"163",1,-52.5
"163",2,-52.5
"163",3,-53.5
"163",4,-53.5
"163",5,-53.5
"163",6,-54.5
"163",7,-54.5
"163",8,-55.5
"163",9,-55.5
"163",10,-56.5
"163",11,-56.5
"163",12,-57.5
"163",13,-57.5
"163",14,-58.5
"163",15,-59.5
"163",16,-60.5
"163",17,-61.5
"163",18,-62.5
"163",19,-63.5
"163",20,-64.5
"163",20,-65.5
"164",10,76.5
"164",9,76.5
"164",8,76.5
"164",7,76.5
"164",6,76.5
"164",5,76.5
"164",4,76.5
"164",3,76.5
"164",2,76.5
"164",1,76.5
"164",0,76.5
"164",-1,76.5
"164",-2,76.5
"164",-3,76.5
"164",-4,76.5
"164",-5,76.5
"164",-6,76.5
"164",-7,76.5
"164",-8,76.5
"164",-9,76.5
"164",-10,76.5
"164",-11,76.5
"164",-12,76.5
"164",-13,76.5
"164",-13,75.5
"164",-13,74.5
"164",-13,73.5
"164",-13,72.5
"164",-14,72.5
"164",-15,71.5
"164",-16,71.5
"164",-17,71.5
"164",-18,71.5
"164",-19,71.5
"164",-20,71.5
"164",-20,70.5
"164",-20,69.5
"164",-20,68.5
"164",-21,68.5
"164",-22,67.5
"164",-23,67.5
"164",-24,66.5
"164",-25,66.5
"164",-26,66.5
"164",-27,66.5
"164",-27,65.5
"164",-27,64.5
"164",-27,63.5
"164",-27,62.5
"164",-27,61.5
"164",-27,60.5
"164",-27,59.5
"164",-27,58.5
"164",-27,57.5
"164",-27,56.5
"164",-27,55.5
"164",-27,54.5
"164",-27,53.5
"164",-27,52.5
"164",-27,51.5
"164",-26,50.5
"164",-25,49.5
"164",-24,48.5
"164",-23,47.5
"164",-22,47.5
"164",-21,46.5
"164",-20,45.5
"164",-19,44.5
"164",-18,43.5
"164",-18,42.5
"164",-18,41.5
"164",-18,40.5
"164",-18,39.5
"164",-18,38.5
"164",-18,37.5
"164",-18,36.5
"164",-18,35.5
"164",-18,34.5
"164",-18,33.5
"164",-18,32.5
"164",-18,31.5
"164",-18,30.5
"164",-18,29.5
"164",-18,28.5
"164",-18,27.5
"164",-18,26.5
"164",-18,25.5
"164",-18,24.5
"164",-18,23.5
"164",-18,22.5
"164",-18,21.5
"164",-18,20.5
"164",-18,19.5
"164",-18,18.5
"164",-18,17.5
"164",-18,16.5
"164",-18,15.5
"164",-18,14.5
"164",-18,13.5
"164",-18,12.5
"164",-18,11.5
"164",-18,10.5
"164",-18,9.5
"164",-18,8.5
"164",-17,7.5
"164",-16,6.5
"164",-16,5.5
"164",-16,4.5
"164",-16,3.5
"164",-16,2.5
"164",-16,1.5
"164",-16,0.5
"164",-16,-0.5
"164",-16,-1.5
"164",-16,-2.5
"164",-16,-3.5
"164",-16,-4.5
"164",-16,-5.5
"164",-16,-6.5
"164",-16,-7.5
"164",-16,-8.5
"164",-16,-9.5
"164",-16,-10.5
"164",-16,-11.5
"164",-16,-12.5
"164",-16,-13.5
"164",-16,-14.5
"164",-16,-15.5
"164",-16,-16.5
"164",-16,-17.5
"164",-16,-18.5
"164",-16,-19.5
"164",-16,-20.5
"164",-16,-21.5
"164",-16,-22.5
"164",-16,-23.5
"164",-16,-24.5
"164",-16,-25.5
"164",-16,-26.5
"164",-16,-27.5
"164",-16,-28.5
"164",-16,-29.5
"164",-16,-30.5
"164",-16,-31.5
"164",-16,-32.5
"164",-16,-33.5
"164",-16,-34.5
"164",-16,-35.5
"164",-16,-36.5
"164",-16,-37.5
"164",-16,-38.5
"164",-16,-39.5
"164",-16,-40.5
"164",-16,-41.5
"164",-15,-42.5
"164",-14,-42.5
"164",-13,-43.5
"164",-12,-44.5
"164",-11,-44.5
"164",-10,-45.5
"164",-9,-46.5
"164",-8,-47.5
"164",-7,-47.5
"164",-6,-48.5
"164",-5,-48.5
"164",-4,-49.5
"164",-3,-49.5
"164",-2,-50.5
"164",-1,-51.5
"164",0,-52.5
"164",1,-53.5
"164",2,-53.5
"164",3,-53.5
"164",4,-53.5
"164",5,-53.5
"164",6,-54.5
"164",7,-54.5
"164",8,-55.5
"164",9,-55.5
"164",10,-56.5
"164",11,-56.5
"164",12,-57.5
"164",13,-57.5
"164",14,-58.5
"164",15,-59.5
"164",16,-60.5
"164",17,-60.5
"164",18,-61.5
"164",19,-62.5
"164",20,-63.5
"164",20,-64.5
"164",20,-65.5
"165",10,76.5
"165",9,76.5
"165",8,76.5
"165",7,76.5
"165",6,76.5
"165",5,76.5
"165",4,76.5
"165",3,76.5
"165",2,76.5
"165",1,76.5
"165",0,76.5
"165",-1,76.5
"165",-2,76.5
"165",-3,76.5
"165",-4,76.5
"165",-5,76.5
"165",-6,76.5
"165",-7,76.5
"165",-8,76.5
"165",-9,76.5
"165",-10,76.5
"165",-11,76.5
"165",-12,76.5
"165",-13,76.5
"165",-14,76.5
"165",-15,76.5
"165",-16,76.5
"165",-17,76.5
"165",-17,75.5
"165",-17,74.5
"165",-17,73.5
"165",-17,72.5
"165",-18,72.5
"165",-18,71.5
"165",-19,71.5
"165",-19,70.5
"165",-19,69.5
"165",-19,68.5
"165",-20,68.5
"165",-21,68.5
"165",-22,68.5
"165",-23,67.5
"165",-24,67.5
"165",-25,66.5
"165",-26,66.5
"165",-27,65.5
"165",-28,64.5
"165",-29,63.5
"165",-30,62.5
"165",-30,61.5
"165",-30,60.5
"165",-30,59.5
"165",-29,58.5
"165",-28,57.5
"165",-27,56.5
"165",-26,55.5
"165",-25,54.5
"165",-24,53.5
"165",-23,52.5
"165",-22,51.5
"165",-21,50.5
"165",-20,49.5
"165",-19,48.5
"165",-18,47.5
"165",-17,46.5
"165",-16,45.5
"165",-15,44.5
"165",-15,43.5
"165",-15,42.5
"165",-15,41.5
"165",-15,40.5
"165",-15,39.5
"165",-15,38.5
"165",-15,37.5
"165",-15,36.5
"165",-15,35.5
"165",-15,34.5
"165",-15,33.5
"165",-15,32.5
"165",-15,31.5
"165",-15,30.5
"165",-15,29.5
"165",-15,28.5
"165",-15,27.5
"165",-16,26.5
"165",-17,25.5
"165",-17,24.5
"165",-18,23.5
"165",-18,22.5
"165",-18,21.5
"165",-18,20.5
"165",-18,19.5
"165",-18,18.5
"165",-18,17.5
"165",-18,16.5
"165",-18,15.5
"165",-18,14.5
"165",-18,13.5
"165",-18,12.5
"165",-18,11.5
"165",-18,10.5
"165",-18,9.5
"165",-18,8.5
"165",-18,7.5
"165",-18,6.5
"165",-18,5.5
"165",-18,4.5
"165",-18,3.5
"165",-18,2.5
"165",-18,1.5
"165",-18,0.5
"165",-18,-0.5
"165",-18,-1.5
"165",-18,-2.5
"165",-18,-3.5
"165",-18,-4.5
"165",-18,-5.5
"165",-18,-6.5
"165",-18,-7.5
"165",-18,-8.5
"165",-18,-9.5
"165",-18,-10.5
"165",-18,-11.5
"165",-18,-12.5
"165",-18,-13.5
"165",-18,-14.5
"165",-18,-15.5
"165",-18,-16.5
"165",-18,-17.5
"165",-18,-18.5
"165",-18,-19.5
"165",-18,-20.5
"165",-18,-21.5
"165",-18,-22.5
"165",-18,-23.5
"165",-18,-24.5
"165",-18,-25.5
"165",-18,-26.5
"165",-18,-27.5
"165",-18,-28.5
"165",-18,-29.5
"165",-18,-30.5
"165",-18,-31.5
"165",-17,-32.5
"165",-16,-33.5
"165",-15,-34.5
"165",-14,-35.5
"165",-13,-36.5
"165",-12,-37.5
"165",-11,-38.5
"165",-10,-39.5
"165",-9,-40.5
"165",-8,-41.5
"165",-7,-42.5
"165",-6,-43.5
"165",-5,-44.5
"165",-4,-45.5
"165",-3,-46.5
"165",-2,-47.5
"165",-1,-48.5
"165",0,-49.5
"165",1,-50.5
"165",2,-51.5
"165",3,-52.5
"165",4,-53.5
"165",5,-54.5
"165",6,-54.5
"165",7,-54.5
"165",8,-54.5
"165",9,-54.5
"165",10,-55.5
"165",11,-56.5
"165",12,-57.5
"165",13,-58.5
"165",14,-59.5
"165",15,-60.5
"165",16,-61.5
"165",17,-62.5
"165",18,-63.5
"165",19,-64.5
"165",20,-65.5
"166",10,76.5
"166",9,76.5
"166",8,76.5
"166",7,76.5
"166",6,76.5
"166",5,76.5
"166",4,76.5
"166",3,76.5
"166",2,76.5
"166",1,76.5
"166",0,76.5
"166",-1,76.5
"166",-2,76.5
"166",-3,76.5
"166",-4,76.5
"166",-5,76.5
"166",-6,76.5
"166",-7,76.5
"166",-8,76.5
"166",-9,76.5
"166",-10,76.5
"166",-11,76.5
"166",-12,76.5
"166",-13,76.5
"166",-14,76.5
"166",-15,76.5
"166",-16,76.5
"166",-16,75.5
"166",-16,74.5
"166",-16,73.5
"166",-16,72.5
"166",-17,72.5
"166",-18,72.5
"166",-19,72.5
"166",-20,72.5
"166",-20,71.5
"166",-20,70.5
"166",-20,69.5
"166",-20,68.5
"166",-21,68.5
"166",-22,67.5
"166",-23,67.5
"166",-24,66.5
"166",-25,66.5
"166",-26,66.5
"166",-27,65.5
"166",-27,64.5
"166",-27,63.5
"166",-27,62.5
"166",-27,61.5
"166",-27,60.5
"166",-27,59.5
"166",-27,58.5
"166",-27,57.5
"166",-27,56.5
"166",-26,55.5
"166",-25,54.5
"166",-24,53.5
"166",-23,52.5
"166",-22,51.5
"166",-21,50.5
"166",-20,49.5
"166",-19,48.5
"166",-18,47.5
"166",-18,46.5
"166",-18,45.5
"166",-18,44.5
"166",-18,43.5
"166",-18,42.5
"166",-18,41.5
"166",-18,40.5
"166",-18,39.5
"166",-18,38.5
"166",-18,37.5
"166",-18,36.5
"166",-18,35.5
"166",-18,34.5
"166",-18,33.5
"166",-18,32.5
"166",-18,31.5
"166",-18,30.5
"166",-18,29.5
"166",-18,28.5
"166",-18,27.5
"166",-18,26.5
"166",-18,25.5
"166",-18,24.5
"166",-18,23.5
"166",-18,22.5
"166",-18,21.5
"166",-18,20.5
"166",-18,19.5
"166",-18,18.5
"166",-18,17.5
"166",-18,16.5
"166",-18,15.5
"166",-18,14.5
"166",-18,13.5
"166",-18,12.5
"166",-18,11.5
"166",-18,10.5
"166",-18,9.5
"166",-18,8.5
"166",-17,7.5
"166",-16,6.5
"166",-16,5.5
"166",-16,4.5
"166",-16,3.5
"166",-16,2.5
"166",-16,1.5
"166",-16,0.5
"166",-16,-0.5
"166",-16,-1.5
"166",-16,-2.5
"166",-16,-3.5
"166",-16,-4.5
"166",-16,-5.5
"166",-16,-6.5
"166",-16,-7.5
"166",-16,-8.5
"166",-16,-9.5
"166",-16,-10.5
"166",-16,-11.5
"166",-16,-12.5
"166",-16,-13.5
"166",-16,-14.5
"166",-16,-15.5
"166",-16,-16.5
"166",-16,-17.5
"166",-16,-18.5
"166",-16,-19.5
"166",-16,-20.5
"166",-16,-21.5
"166",-16,-22.5
"166",-16,-23.5
"166",-16,-24.5
"166",-16,-25.5
"166",-16,-26.5
"166",-16,-27.5
"166",-16,-28.5
"166",-16,-29.5
"166",-16,-30.5
"166",-16,-31.5
"166",-16,-32.5
"166",-16,-33.5
"166",-16,-34.5
"166",-16,-35.5
"166",-15,-36.5
"166",-14,-37.5
"166",-13,-38.5
"166",-12,-39.5
"166",-11,-40.5
"166",-10,-41.5
"166",-9,-42.5
"166",-8,-43.5
"166",-7,-44.5
"166",-6,-45.5
"166",-5,-46.5
"166",-4,-47.5
"166",-3,-48.5
"166",-2,-49.5
"166",-1,-50.5
"166",0,-51.5
"166",1,-52.5
"166",2,-52.5
"166",3,-53.5
"166",4,-53.5
"166",5,-53.5
"166",6,-54.5
"166",7,-54.5
"166",8,-55.5
"166",9,-55.5
"166",10,-56.5
"166",11,-56.5
"166",12,-57.5
"166",13,-57.5
"166",14,-58.5
"166",15,-59.5
"166",16,-60.5
"166",17,-61.5
"166",18,-62.5
"166",19,-63.5
"166",20,-64.5
"166",20,-65.5
"167",10,76.5
"167",9,76.5
"167",8,76.5
"167",7,76.5
"167",6,76.5
"167",5,76.5
"167",4,76.5
"167",3,76.5
"167",2,76.5
"167",1,76.5
"167",0,76.5
"167",-1,76.5
"167",-2,76.5
"167",-3,76.5
"167",-4,76.5
"167",-5,76.5
"167",-6,76.5
"167",-7,76.5
"167",-8,76.5
"167",-9,76.5
"167",-10,76.5
"167",-11,76.5
"167",-12,76.5
"167",-13,76.5
"167",-14,76.5
"167",-15,76.5
"167",-16,76.5
"167",-17,76.5
"167",-17,75.5
"167",-17,74.5
"167",-17,73.5
"167",-17,72.5
"167",-18,72.5
"167",-18,71.5
"167",-19,71.5
"167",-19,70.5
"167",-19,69.5
"167",-19,68.5
"167",-20,68.5
"167",-21,68.5
"167",-22,68.5
"167",-23,67.5
"167",-24,67.5
"167",-25,67.5
"167",-26,67.5
"167",-27,66.5
"167",-28,65.5
"167",-29,64.5
"167",-30,63.5
"167",-30,62.5
"167",-30,61.5
"167",-30,60.5
"167",-30,59.5
"167",-30,58.5
"167",-29,57.5
"167",-28,56.5
"167",-27,55.5
"167",-26,54.5
"167",-25,53.5
"167",-24,52.5
"167",-23,51.5
"167",-22,50.5
"167",-21,49.5
"167",-20,48.5
"167",-19,47.5
"167",-18,46.5
"167",-18,45.5
"167",-18,44.5
"167",-18,43.5
"167",-18,42.5
"167",-18,41.5
"167",-18,40.5
"167",-18,39.5
"167",-18,38.5
"167",-18,37.5
"167",-18,36.5
"167",-18,35.5
"167",-18,34.5
"167",-18,33.5
"167",-18,32.5
"167",-18,31.5
"167",-18,30.5
"167",-18,29.5
"167",-18,28.5
"167",-18,27.5
"167",-18,26.5
"167",-18,25.5
"167",-18,24.5
"167",-18,23.5
"167",-18,22.5
"167",-18,21.5
"167",-18,20.5
"167",-18,19.5
"167",-18,18.5
"167",-18,17.5
"167",-18,16.5
"167",-18,15.5
"167",-18,14.5
"167",-18,13.5
"167",-18,12.5
"167",-18,11.5
"167",-18,10.5
"167",-18,9.5
"167",-18,8.5
"167",-18,7.5
"167",-18,6.5
"167",-18,5.5
"167",-18,4.5
"167",-18,3.5
"167",-18,2.5
"167",-18,1.5
"167",-18,0.5
"167",-18,-0.5
"167",-18,-1.5
"167",-18,-2.5
"167",-18,-3.5
"167",-18,-4.5
"167",-18,-5.5
"167",-18,-6.5
"167",-18,-7.5
"167",-18,-8.5
"167",-18,-9.5
"167",-18,-10.5
"167",-18,-11.5
"167",-18,-12.5
"167",-18,-13.5
"167",-18,-14.5
"167",-18,-15.5
"167",-18,-16.5
"167",-18,-17.5
"167",-18,-18.5
"167",-18,-19.5
"167",-18,-20.5
"167",-18,-21.5
"167",-18,-22.5
"167",-18,-23.5
"167",-18,-24.5
"167",-18,-25.5
"167",-18,-26.5
"167",-18,-27.5
"167",-18,-28.5
"167",-18,-29.5
"167",-18,-30.5
"167",-17,-31.5
"167",-16,-32.5
"167",-15,-33.5
"167",-14,-34.5
"167",-13,-35.5
"167",-12,-36.5
"167",-11,-37.5
"167",-10,-38.5
"167",-9,-39.5
"167",-8,-40.5
"167",-7,-41.5
"167",-6,-42.5
"167",-5,-43.5
"167",-4,-44.5
"167",-3,-45.5
"167",-2,-46.5
"167",-1,-47.5
"167",0,-48.5
"167",1,-49.5
"167",2,-50.5
"167",3,-51.5
"167",4,-52.5
"167",5,-52.5
"167",6,-52.5
"167",7,-53.5
"167",8,-54.5
"167",9,-54.5
"167",10,-55.5
"167",11,-56.5
"167",12,-57.5
"167",13,-58.5
"167",14,-59.5
"167",15,-60.5
"167",16,-61.5
"167",17,-62.5
"167",18,-63.5
"167",19,-64.5
"167",20,-65.5
"168",10,76.5
"168",9,76.5
"168",8,76.5
"168",7,76.5
"168",6,76.5
"168",5,76.5
"168",4,76.5
"168",3,76.5
"168",2,76.5
"168",1,76.5
"168",0,76.5
"168",-1,76.5
"168",-2,76.5
"168",-3,76.5
"168",-4,76.5
"168",-5,76.5
"168",-6,76.5
"168",-7,76.5
"168",-8,76.5
"168",-9,76.5
"168",-10,76.5
"168",-11,76.5
"168",-12,76.5
"168",-13,76.5
"168",-14,76.5
"168",-15,76.5
"168",-16,76.5
"168",-17,76.5
"168",-17,75.5
"168",-17,74.5
"168",-17,73.5
"168",-17,72.5
"168",-18,72.5
"168",-18,71.5
"168",-19,71.5
"168",-19,70.5
"168",-19,69.5
"168",-19,68.5
"168",-20,67.5
"168",-21,67.5
"168",-22,67.5
"168",-23,67.5
"168",-24,66.5
"168",-25,66.5
"168",-26,66.5
"168",-27,66.5
"168",-28,66.5
"168",-29,66.5
"168",-30,66.5
"168",-31,66.5
"168",-32,65.5
"168",-33,64.5
"168",-34,63.5
"168",-35,62.5
"168",-35,61.5
"168",-34,60.5
"168",-33,59.5
"168",-32,58.5
"168",-31,57.5
"168",-30,56.5
"168",-29,55.5
"168",-28,54.5
"168",-27,53.5
"168",-26,52.5
"168",-25,51.5
"168",-24,50.5
"168",-23,49.5
"168",-22,48.5
"168",-21,47.5
"168",-20,46.5
"168",-19,45.5
"168",-18,44.5
"168",-17,43.5
"168",-16,42.5
"168",-15,41.5
"168",-14,40.5
"168",-13,39.5
"168",-13,38.5
"168",-13,37.5
"168",-13,36.5
"168",-13,35.5
"168",-13,34.5
"168",-13,33.5
"168",-13,32.5
"168",-13,31.5
"168",-13,30.5
"168",-13,29.5
"168",-14,28.5
"168",-15,27.5
"168",-16,26.5
"168",-17,25.5
"168",-18,24.5
"168",-19,23.5
"168",-20,22.5
"168",-21,21.5
"168",-22,20.5
"168",-22,19.5
"168",-23,18.5
"168",-24,17.5
"168",-25,16.5
"168",-26,15.5
"168",-27,14.5
"168",-28,13.5
"168",-29,12.5
"168",-30,11.5
"168",-31,10.5
"168",-32,9.5
"168",-33,8.5
"168",-34,7.5
"168",-34,6.5
"168",-34,5.5
"168",-34,4.5
"168",-34,3.5
"168",-34,2.5
"168",-34,1.5
"168",-34,0.5
"168",-34,-0.5
"168",-34,-1.5
"168",-34,-2.5
"168",-34,-3.5
"168",-34,-4.5
"168",-34,-5.5
"168",-34,-6.5
"168",-34,-7.5
"168",-34,-8.5
"168",-34,-9.5
"168",-34,-10.5
"168",-35,-11.5
"168",-36,-12.5
"168",-37,-13.5
"168",-38,-14.5
"168",-38,-15.5
"168",-38,-16.5
"168",-38,-17.5
"168",-38,-18.5
"168",-38,-19.5
"168",-38,-20.5
"168",-38,-21.5
"168",-38,-22.5
"168",-38,-23.5
"168",-38,-24.5
"168",-38,-25.5
"168",-38,-26.5
"168",-38,-27.5
"168",-38,-28.5
"168",-38,-29.5
"168",-38,-30.5
"168",-38,-31.5
"168",-38,-32.5
"168",-38,-33.5
"168",-38,-34.5
"168",-37,-35.5
"168",-36,-36.5
"168",-35,-37.5
"168",-34,-38.5
"168",-33,-39.5
"168",-32,-40.5
"168",-31,-41.5
"168",-30,-42.5
"168",-29,-43.5
"168",-28,-44.5
"168",-27,-45.5
"168",-26,-46.5
"168",-25,-47.5
"168",-24,-48.5
"168",-23,-49.5
"168",-22,-50.5
"168",-21,-51.5
"168",-20,-51.5
"168",-19,-51.5
"168",-18,-51.5
"168",-17,-51.5
"168",-16,-51.5
"168",-15,-51.5
"168",-14,-52.5
"168",-13,-53.5
"168",-12,-54.5
"168",-11,-55.5
"168",-10,-55.5
"168",-9,-55.5
"168",-8,-55.5
"168",-7,-55.5
"168",-6,-55.5
"168",-5,-55.5
"168",-4,-55.5
"168",-3,-55.5
"168",-2,-55.5
"168",-1,-55.5
"168",0,-55.5
"168",1,-55.5
"168",2,-55.5
"168",3,-55.5
"168",4,-55.5
"168",5,-55.5
"168",6,-55.5
"168",7,-55.5
"168",8,-55.5
"168",9,-55.5
"168",10,-55.5
"168",11,-56.5
"168",12,-57.5
"168",13,-58.5
"168",14,-59.5
"168",15,-60.5
"168",16,-61.5
"168",17,-62.5
"168",18,-63.5
"168",19,-64.5
"168",20,-65.5
"169",10,76.5
"169",9,76.5
"169",8,76.5
"169",7,76.5
"169",6,76.5
"169",5,76.5
"169",4,76.5
"169",3,76.5
"169",2,76.5
"169",1,76.5
"169",0,76.5
"169",-1,76.5
"169",-2,76.5
"169",-3,76.5
"169",-4,76.5
"169",-5,76.5
"169",-6,76.5
"169",-7,76.5
"169",-8,76.5
"169",-9,76.5
"169",-10,76.5
"169",-11,76.5
"169",-12,76.5
"169",-13,76.5
"169",-13,75.5
"169",-13,74.5
"169",-13,73.5
"169",-14,73.5
"169",-15,73.5
"169",-16,73.5
"169",-16,72.5
"169",-17,72.5
"169",-18,72.5
"169",-19,72.5
"169",-20,72.5
"169",-20,71.5
"169",-20,70.5
"169",-20,69.5
"169",-20,68.5
"169",-21,68.5
"169",-22,67.5
"169",-23,67.5
"169",-24,66.5
"169",-25,66.5
"169",-26,66.5
"169",-27,66.5
"169",-28,65.5
"169",-29,65.5
"169",-30,65.5
"169",-31,65.5
"169",-32,65.5
"169",-33,65.5
"169",-34,65.5
"169",-35,64.5
"169",-36,64.5
"169",-37,63.5
"169",-37,62.5
"169",-37,61.5
"169",-37,60.5
"169",-37,59.5
"169",-36,58.5
"169",-35,57.5
"169",-34,56.5
"169",-33,55.5
"169",-32,54.5
"169",-31,54.5
"169",-30,53.5
"169",-29,53.5
"169",-28,52.5
"169",-27,51.5
"169",-26,50.5
"169",-25,49.5
"169",-24,48.5
"169",-23,47.5
"169",-22,47.5
"169",-21,46.5
"169",-20,45.5
"169",-19,44.5
"169",-18,43.5
"169",-17,42.5
"169",-16,41.5
"169",-15,40.5
"169",-14,39.5
"169",-14,38.5
"169",-14,37.5
"169",-14,36.5
"169",-14,35.5
"169",-14,34.5
"169",-14,33.5
"169",-14,32.5
"169",-14,31.5
"169",-14,30.5
"169",-14,29.5
"169",-14,28.5
"169",-15,27.5
"169",-16,26.5
"169",-17,25.5
"169",-18,24.5
"169",-18,23.5
"169",-18,22.5
"169",-18,21.5
"169",-18,20.5
"169",-18,19.5
"169",-18,18.5
"169",-18,17.5
"169",-18,16.5
"169",-18,15.5
"169",-18,14.5
"169",-18,13.5
"169",-18,12.5
"169",-18,11.5
"169",-18,10.5
"169",-18,9.5
"169",-18,8.5
"169",-18,7.5
"169",-18,6.5
"169",-18,5.5
"169",-18,4.5
"169",-18,3.5
"169",-18,2.5
"169",-18,1.5
"169",-18,0.5
"169",-18,-0.5
"169",-18,-1.5
"169",-18,-2.5
"169",-18,-3.5
"169",-18,-4.5
"169",-18,-5.5
"169",-18,-6.5
"169",-18,-7.5
"169",-18,-8.5
"169",-18,-9.5
"169",-19,-10.5
"169",-20,-11.5
"169",-21,-12.5
"169",-22,-13.5
"169",-23,-14.5
"169",-24,-15.5
"169",-25,-16.5
"169",-26,-17.5
"169",-27,-18.5
"169",-27,-19.5
"169",-27,-20.5
"169",-27,-21.5
"169",-27,-22.5
"169",-27,-23.5
"169",-27,-24.5
"169",-27,-25.5
"169",-27,-26.5
"169",-27,-27.5
"169",-27,-28.5
"169",-27,-29.5
"169",-27,-30.5
"169",-27,-31.5
"169",-27,-32.5
"169",-27,-33.5
"169",-26,-34.5
"169",-25,-35.5
"169",-24,-36.5
"169",-23,-37.5
"169",-22,-38.5
"169",-21,-39.5
"169",-20,-40.5
"169",-19,-41.5
"169",-18,-42.5
"169",-17,-43.5
"169",-16,-43.5
"169",-15,-44.5
"169",-14,-44.5
"169",-13,-45.5
"169",-12,-45.5
"169",-11,-45.5
"169",-10,-46.5
"169",-9,-47.5
"169",-8,-48.5
"169",-7,-48.5
"169",-6,-49.5
"169",-5,-50.5
"169",-4,-50.5
"169",-3,-51.5
"169",-2,-51.5
"169",-1,-51.5
"169",0,-52.5
"169",1,-53.5
"169",2,-53.5
"169",3,-53.5
"169",4,-53.5
"169",5,-53.5
"169",6,-54.5
"169",7,-54.5
"169",8,-55.5
"169",9,-55.5
"169",10,-56.5
"169",11,-56.5
"169",12,-57.5
"169",13,-57.5
"169",14,-58.5
"169",15,-59.5
"169",16,-60.5
"169",17,-61.5
"169",18,-62.5
"169",19,-63.5
"169",20,-64.5
"169",20,-65.5
"170",10,76.5
"170",9,76.5
"170",8,76.5
"170",7,76.5
"170",6,76.5
"170",5,76.5
"170",4,76.5
"170",3,76.5
"170",2,76.5
"170",1,76.5
"170",0,76.5
"170",-1,76.5
"170",-2,76.5
"170",-3,76.5
"170",-4,76.5
"170",-5,76.5
"170",-6,76.5
"170",-7,76.5
"170",-8,76.5
"170",-9,76.5
"170",-10,76.5
"170",-11,76.5
"170",-12,76.5
"170",-13,76.5
"170",-13,75.5
"170",-13,74.5
"170",-13,73.5
"170",-13,72.5
"170",-14,72.5
"170",-15,71.5
"170",-16,71.5
"170",-17,71.5
"170",-18,71.5
"170",-19,71.5
"170",-20,71.5
"170",-20,70.5
"170",-20,69.5
"170",-20,68.5
"170",-21,68.5
"170",-22,67.5
"170",-23,67.5
"170",-24,66.5
"170",-25,66.5
"170",-26,65.5
"170",-27,64.5
"170",-27,63.5
"170",-27,62.5
"170",-27,61.5
"170",-27,60.5
"170",-27,59.5
"170",-27,58.5
"170",-27,57.5
"170",-27,56.5
"170",-27,55.5
"170",-27,54.5
"170",-27,53.5
"170",-27,52.5
"170",-27,51.5
"170",-26,50.5
"170",-25,49.5
"170",-24,48.5
"170",-23,47.5
"170",-22,47.5
"170",-21,46.5
"170",-20,45.5
"170",-20,44.5
"170",-19,43.5
"170",-18,43.5
"170",-18,42.5
"170",-18,41.5
"170",-18,40.5
"170",-18,39.5
"170",-18,38.5
"170",-18,37.5
"170",-18,36.5
"170",-18,35.5
"170",-18,34.5
"170",-18,33.5
"170",-18,32.5
"170",-18,31.5
"170",-18,30.5
"170",-18,29.5
"170",-18,28.5
"170",-18,27.5
"170",-18,26.5
"170",-18,25.5
"170",-18,24.5
"170",-18,23.5
"170",-18,22.5
"170",-18,21.5
"170",-18,20.5
"170",-18,19.5
"170",-18,18.5
"170",-18,17.5
"170",-18,16.5
"170",-18,15.5
"170",-18,14.5
"170",-18,13.5
"170",-18,12.5
"170",-18,11.5
"170",-18,10.5
"170",-18,9.5
"170",-18,8.5
"170",-18,7.5
"170",-18,6.5
"170",-18,5.5
"170",-18,4.5
"170",-18,3.5
"170",-18,2.5
"170",-18,1.5
"170",-18,0.5
"170",-18,-0.5
"170",-18,-1.5
"170",-18,-2.5
"170",-18,-3.5
"170",-18,-4.5
"170",-18,-5.5
"170",-18,-6.5
"170",-18,-7.5
"170",-18,-8.5
"170",-18,-9.5
"170",-19,-9.5
"170",-20,-10.5
"170",-20,-11.5
"170",-20,-12.5
"170",-20,-13.5
"170",-20,-14.5
"170",-20,-15.5
"170",-20,-16.5
"170",-20,-17.5
"170",-20,-18.5
"170",-20,-19.5
"170",-20,-20.5
"170",-21,-21.5
"170",-22,-22.5
"170",-22,-23.5
"170",-22,-24.5
"170",-22,-25.5
"170",-22,-26.5
"170",-22,-27.5
"170",-22,-28.5
"170",-22,-29.5
"170",-22,-30.5
"170",-22,-31.5
"170",-22,-32.5
"170",-21,-33.5
"170",-21,-34.5
"170",-21,-35.5
"170",-21,-36.5
"170",-21,-37.5
"170",-20,-38.5
"170",-19,-39.5
"170",-18,-40.5
"170",-17,-41.5
"170",-16,-41.5
"170",-15,-42.5
"170",-14,-42.5
"170",-13,-43.5
"170",-12,-44.5
"170",-11,-44.5
"170",-10,-45.5
"170",-9,-46.5
"170",-8,-47.5
"170",-7,-47.5
"170",-6,-48.5
"170",-5,-48.5
"170",-4,-49.5
"170",-3,-49.5
"170",-2,-49.5
"170",-1,-50.5
"170",0,-51.5
"170",1,-52.5
"170",2,-52.5
"170",3,-53.5
"170",4,-53.5
"170",5,-53.5
"170",6,-54.5
"170",7,-54.5
"170",8,-55.5
"170",9,-55.5
"170",10,-56.5
"170",11,-56.5
"170",12,-57.5
"170",13,-57.5
"170",14,-58.5
"170",15,-59.5
"170",16,-60.5
"170",17,-60.5
"170",18,-61.5
"170",19,-62.5
"170",20,-63.5
"170",20,-64.5
"170",20,-65.5
"171",10,76.5
"171",9,76.5
"171",8,76.5
"171",7,76.5
"171",6,76.5
"171",5,76.5
"171",4,76.5
"171",3,76.5
"171",2,76.5
"171",1,76.5
"171",0,76.5
"171",-1,76.5
"171",-2,76.5
"171",-3,76.5
"171",-4,76.5
"171",-5,76.5
"171",-6,76.5
"171",-7,76.5
"171",-8,76.5
"171",-9,76.5
"171",-10,76.5
"171",-11,76.5
"171",-12,76.5
"171",-13,76.5
"171",-13,75.5
"171",-13,74.5
"171",-13,73.5
"171",-13,72.5
"171",-14,72.5
"171",-15,71.5
"171",-16,71.5
"171",-17,71.5
"171",-18,71.5
"171",-19,71.5
"171",-20,71.5
"171",-20,70.5
"171",-20,69.5
"171",-20,68.5
"171",-21,68.5
"171",-22,67.5
"171",-23,67.5
"171",-24,66.5
"171",-25,66.5
"171",-26,66.5
"171",-27,66.5
"171",-27,65.5
"171",-27,64.5
"171",-27,63.5
"171",-27,62.5
"171",-27,61.5
"171",-27,60.5
"171",-27,59.5
"171",-27,58.5
"171",-27,57.5
"171",-27,56.5
"171",-27,55.5
"171",-27,54.5
"171",-27,53.5
"171",-27,52.5
"171",-27,51.5
"171",-27,50.5
"171",-26,49.5
"171",-25,48.5
"171",-24,48.5
"171",-23,47.5
"171",-22,47.5
"171",-22,46.5
"171",-22,45.5
"171",-22,44.5
"171",-22,43.5
"171",-22,42.5
"171",-21,41.5
"171",-20,41.5
"171",-19,40.5
"171",-18,40.5
"171",-18,39.5
"171",-18,38.5
"171",-18,37.5
"171",-18,36.5
"171",-18,35.5
"171",-18,34.5
"171",-18,33.5
"171",-18,32.5
"171",-18,31.5
"171",-18,30.5
"171",-18,29.5
"171",-18,28.5
"171",-18,27.5
"171",-18,26.5
"171",-18,25.5
"171",-18,24.5
"171",-18,23.5
"171",-18,22.5
"171",-18,21.5
"171",-18,20.5
"171",-18,19.5
"171",-18,18.5
"171",-18,17.5
"171",-18,16.5
"171",-18,15.5
"171",-18,14.5
"171",-18,13.5
"171",-18,12.5
"171",-18,11.5
"171",-18,10.5
"171",-18,9.5
"171",-18,8.5
"171",-18,7.5
"171",-18,6.5
"171",-18,5.5
"171",-18,4.5
"171",-18,3.5
"171",-18,2.5
"171",-19,2.5
"171",-20,1.5
"171",-21,1.5
"171",-22,0.5
"171",-22,-0.5
"171",-22,-1.5
"171",-23,-2.5
"171",-23,-3.5
"171",-23,-4.5
"171",-23,-5.5
"171",-23,-6.5
"171",-23,-7.5
"171",-23,-8.5
"171",-23,-9.5
"171",-23,-10.5
"171",-24,-11.5
"171",-25,-11.5
"171",-26,-11.5
"171",-27,-12.5
"171",-28,-12.5
"171",-29,-13.5
"171",-29,-14.5
"171",-29,-15.5
"171",-29,-16.5
"171",-29,-17.5
"171",-29,-18.5
"171",-29,-19.5
"171",-29,-20.5
"171",-29,-21.5
"171",-29,-22.5
"171",-29,-23.5
"171",-29,-24.5
"171",-29,-25.5
"171",-29,-26.5
"171",-28,-27.5
"171",-27,-27.5
"171",-27,-28.5
"171",-27,-29.5
"171",-27,-30.5
"171",-27,-31.5
"171",-26,-32.5
"171",-25,-32.5
"171",-24,-33.5
"171",-23,-33.5
"171",-22,-33.5
"171",-21,-34.5
"171",-21,-35.5
"171",-21,-36.5
"171",-21,-37.5
"171",-21,-38.5
"171",-21,-39.5
"171",-21,-40.5
"171",-20,-41.5
"171",-19,-42.5
"171",-18,-42.5
"171",-18,-43.5
"171",-17,-44.5
"171",-16,-44.5
"171",-15,-45.5
"171",-14,-45.5
"171",-13,-46.5
"171",-12,-46.5
"171",-11,-46.5
"171",-10,-47.5
"171",-9,-47.5
"171",-8,-48.5
"171",-7,-48.5
"171",-6,-49.5
"171",-5,-50.5
"171",-4,-50.5
"171",-3,-51.5
"171",-2,-51.5
"171",-1,-51.5
"171",0,-52.5
"171",1,-53.5
"171",2,-53.5
"171",3,-53.5
"171",4,-53.5
"171",5,-53.5
"171",6,-54.5
"171",7,-54.5
"171",8,-55.5
"171",9,-55.5
"171",10,-56.5
"171",11,-56.5
"171",12,-57.5
"171",13,-57.5
"171",14,-58.5
"171",15,-59.5
"171",16,-60.5
"171",17,-60.5
"171",18,-61.5
"171",19,-62.5
"171",20,-63.5
"171",20,-64.5
"171",20,-65.5
"172",10,76.5
"172",9,76.5
"172",8,76.5
"172",7,76.5
"172",6,76.5
"172",5,76.5
"172",4,76.5
"172",3,76.5
"172",2,76.5
"172",1,76.5
"172",0,76.5
"172",-1,76.5
"172",-2,76.5
"172",-3,76.5
"172",-4,76.5
"172",-5,76.5
"172",-6,76.5
"172",-7,76.5
"172",-8,76.5
"172",-9,76.5
"172",-10,76.5
"172",-11,76.5
"172",-12,76.5
"172",-13,76.5
"172",-14,76.5
"172",-15,76.5
"172",-16,76.5
"172",-17,76.5
"172",-17,75.5
"172",-17,74.5
"172",-17,73.5
"172",-17,72.5
"172",-18,72.5
"172",-18,71.5
"172",-19,71.5
"172",-19,70.5
"172",-19,69.5
"172",-19,68.5
"172",-20,67.5
"172",-21,67.5
"172",-22,67.5
"172",-23,67.5
"172",-24,66.5
"172",-25,66.5
"172",-26,66.5
"172",-27,66.5
"172",-28,66.5
"172",-29,65.5
"172",-30,65.5
"172",-31,64.5
"172",-32,63.5
"172",-33,62.5
"172",-33,61.5
"172",-32,60.5
"172",-31,59.5
"172",-30,58.5
"172",-29,57.5
"172",-28,56.5
"172",-27,55.5
"172",-26,54.5
"172",-25,53.5
"172",-24,52.5
"172",-23,51.5
"172",-22,50.5
"172",-21,49.5
"172",-20,48.5
"172",-19,47.5
"172",-18,46.5
"172",-17,45.5
"172",-16,44.5
"172",-15,43.5
"172",-14,42.5
"172",-13,41.5
"172",-13,40.5
"172",-13,39.5
"172",-13,38.5
"172",-13,37.5
"172",-13,36.5
"172",-13,35.5
"172",-13,34.5
"172",-13,33.5
"172",-13,32.5
"172",-13,31.5
"172",-13,30.5
"172",-13,29.5
"172",-14,28.5
"172",-15,27.5
"172",-16,26.5
"172",-17,25.5
"172",-18,24.5
"172",-19,23.5
"172",-20,22.5
"172",-21,21.5
"172",-22,20.5
"172",-22,19.5
"172",-23,18.5
"172",-24,17.5
"172",-25,16.5
"172",-26,15.5
"172",-27,14.5
"172",-28,13.5
"172",-29,12.5
"172",-30,11.5
"172",-31,10.5
"172",-32,9.5
"172",-33,8.5
"172",-33,7.5
"172",-33,6.5
"172",-33,5.5
"172",-33,4.5
"172",-33,3.5
"172",-33,2.5
"172",-33,1.5
"172",-33,0.5
"172",-33,-0.5
"172",-33,-1.5
"172",-33,-2.5
"172",-33,-3.5
"172",-33,-4.5
"172",-33,-5.5
"172",-33,-6.5
"172",-33,-7.5
"172",-34,-8.5
"172",-35,-9.5
"172",-35,-10.5
"172",-35,-11.5
"172",-36,-12.5
"172",-37,-13.5
"172",-38,-14.5
"172",-38,-15.5
"172",-38,-16.5
"172",-38,-17.5
"172",-38,-18.5
"172",-38,-19.5
"172",-38,-20.5
"172",-38,-21.5
"172",-38,-22.5
"172",-38,-23.5
"172",-38,-24.5
"172",-38,-25.5
"172",-38,-26.5
"172",-38,-27.5
"172",-38,-28.5
"172",-38,-29.5
"172",-38,-30.5
"172",-38,-31.5
"172",-38,-32.5
"172",-38,-33.5
"172",-38,-34.5
"172",-37,-35.5
"172",-36,-36.5
"172",-35,-37.5
"172",-34,-38.5
"172",-33,-39.5
"172",-32,-40.5
"172",-31,-41.5
"172",-30,-42.5
"172",-29,-43.5
"172",-28,-44.5
"172",-27,-45.5
"172",-26,-46.5
"172",-25,-47.5
"172",-24,-48.5
"172",-23,-49.5
"172",-22,-50.5
"172",-21,-51.5
"172",-20,-51.5
"172",-19,-51.5
"172",-18,-51.5
"172",-17,-51.5
"172",-16,-51.5
"172",-15,-51.5
"172",-14,-51.5
"172",-13,-51.5
"172",-12,-51.5
"172",-11,-51.5
"172",-10,-51.5
"172",-9,-52.5
"172",-8,-53.5
"172",-7,-54.5
"172",-6,-54.5
"172",-5,-54.5
"172",-4,-54.5
"172",-3,-54.5
"172",-2,-54.5
"172",-1,-54.5
"172",0,-54.5
"172",1,-54.5
"172",2,-54.5
"172",3,-54.5
"172",4,-54.5
"172",5,-54.5
"172",6,-54.5
"172",7,-54.5
"172",8,-54.5
"172",9,-54.5
"172",10,-55.5
"172",11,-56.5
"172",12,-57.5
"172",13,-58.5
"172",14,-59.5
"172",15,-60.5
"172",16,-61.5
"172",17,-62.5
"172",18,-63.5
"172",19,-64.5
"172",20,-65.5
"173",10,76.5
"173",9,76.5
"173",8,76.5
"173",7,76.5
"173",6,76.5
"173",5,76.5
"173",4,76.5
"173",3,76.5
"173",2,76.5
"173",1,76.5
"173",0,76.5
"173",-1,76.5
"173",-2,76.5
"173",-3,76.5
"173",-4,76.5
"173",-5,76.5
"173",-6,76.5
"173",-7,76.5
"173",-8,76.5
"173",-9,76.5
"173",-10,76.5
"173",-11,76.5
"173",-12,76.5
"173",-13,76.5
"173",-14,76.5
"173",-15,76.5
"173",-16,76.5
"173",-16,75.5
"173",-16,74.5
"173",-16,73.5
"173",-16,72.5
"173",-17,72.5
"173",-18,72.5
"173",-19,72.5
"173",-20,72.5
"173",-20,71.5
"173",-20,70.5
"173",-20,69.5
"173",-20,68.5
"173",-21,68.5
"173",-22,67.5
"173",-23,67.5
"173",-24,66.5
"173",-25,66.5
"173",-26,66.5
"173",-27,66.5
"173",-28,65.5
"173",-29,65.5
"173",-30,65.5
"173",-31,65.5
"173",-32,65.5
"173",-33,65.5
"173",-34,65.5
"173",-35,64.5
"173",-36,64.5
"173",-37,63.5
"173",-37,62.5
"173",-37,61.5
"173",-37,60.5
"173",-36,59.5
"173",-35,58.5
"173",-34,57.5
"173",-33,56.5
"173",-32,55.5
"173",-31,55.5
"173",-30,54.5
"173",-29,53.5
"173",-28,52.5
"173",-27,51.5
"173",-26,50.5
"173",-25,49.5
"173",-24,48.5
"173",-23,47.5
"173",-22,46.5
"173",-21,45.5
"173",-20,44.5
"173",-19,43.5
"173",-18,42.5
"173",-18,41.5
"173",-18,40.5
"173",-18,39.5
"173",-18,38.5
"173",-18,37.5
"173",-18,36.5
"173",-18,35.5
"173",-18,34.5
"173",-18,33.5
"173",-18,32.5
"173",-18,31.5
"173",-18,30.5
"173",-18,29.5
"173",-18,28.5
"173",-18,27.5
"173",-18,26.5
"173",-18,25.5
"173",-18,24.5
"173",-18,23.5
"173",-18,22.5
"173",-18,21.5
"173",-18,20.5
"173",-18,19.5
"173",-18,18.5
"173",-18,17.5
"173",-18,16.5
"173",-18,15.5
"173",-18,14.5
"173",-18,13.5
"173",-18,12.5
"173",-18,11.5
"173",-18,10.5
"173",-18,9.5
"173",-18,8.5
"173",-18,7.5
"173",-18,6.5
"173",-18,5.5
"173",-18,4.5
"173",-18,3.5
"173",-18,2.5
"173",-18,1.5
"173",-18,0.5
"173",-18,-0.5
"173",-18,-1.5
"173",-18,-2.5
"173",-18,-3.5
"173",-18,-4.5
"173",-18,-5.5
"173",-18,-6.5
"173",-18,-7.5
"173",-18,-8.5
"173",-18,-9.5
"173",-19,-10.5
"173",-20,-11.5
"173",-21,-12.5
"173",-22,-13.5
"173",-23,-14.5
"173",-24,-15.5
"173",-25,-16.5
"173",-26,-17.5
"173",-27,-18.5
"173",-27,-19.5
"173",-27,-20.5
"173",-27,-21.5
"173",-27,-22.5
"173",-27,-23.5
"173",-27,-24.5
"173",-27,-25.5
"173",-27,-26.5
"173",-27,-27.5
"173",-27,-28.5
"173",-27,-29.5
"173",-27,-30.5
"173",-27,-31.5
"173",-27,-32.5
"173",-27,-33.5
"173",-26,-34.5
"173",-25,-35.5
"173",-24,-36.5
"173",-23,-37.5
"173",-22,-38.5
"173",-21,-39.5
"173",-20,-40.5
"173",-19,-41.5
"173",-18,-42.5
"173",-17,-43.5
"173",-16,-43.5
"173",-15,-44.5
"173",-14,-44.5
"173",-13,-45.5
"173",-12,-45.5
"173",-11,-45.5
"173",-10,-46.5
"173",-9,-47.5
"173",-8,-48.5
"173",-7,-48.5
"173",-6,-49.5
"173",-5,-50.5
"173",-4,-50.5
"173",-3,-51.5
"173",-2,-51.5
"173",-1,-51.5
"173",0,-52.5
"173",1,-53.5
"173",2,-53.5
"173",3,-53.5
"173",4,-53.5
"173",5,-53.5
"173",6,-54.5
"173",7,-54.5
"173",8,-55.5
"173",9,-55.5
"173",10,-56.5
"173",11,-56.5
"173",12,-57.5
"173",13,-57.5
"173",14,-58.5
"173",15,-59.5
"173",16,-60.5
"173",17,-61.5
"173",18,-62.5
"173",19,-63.5
"173",20,-64.5
"173",20,-65.5
"174",10,76.5
"174",9,76.5
"174",8,76.5
"174",7,76.5
"174",6,76.5
"174",5,76.5
"174",4,76.5
"174",3,76.5
"174",2,76.5
"174",1,76.5
"174",0,76.5
"174",-1,76.5
"174",-2,76.5
"174",-3,76.5
"174",-4,76.5
"174",-5,76.5
"174",-6,76.5
"174",-7,76.5
"174",-8,76.5
"174",-9,76.5
"174",-10,76.5
"174",-11,76.5
"174",-12,76.5
"174",-13,76.5
"174",-13,75.5
"174",-13,74.5
"174",-13,73.5
"174",-13,72.5
"174",-14,72.5
"174",-15,71.5
"174",-16,71.5
"174",-17,71.5
"174",-18,71.5
"174",-19,71.5
"174",-20,71.5
"174",-20,70.5
"174",-20,69.5
"174",-20,68.5
"174",-21,68.5
"174",-22,67.5
"174",-23,67.5
"174",-24,66.5
"174",-25,66.5
"174",-26,66.5
"174",-27,66.5
"174",-27,65.5
"174",-27,64.5
"174",-27,63.5
"174",-27,62.5
"174",-27,61.5
"174",-27,60.5
"174",-27,59.5
"174",-27,58.5
"174",-27,57.5
"174",-27,56.5
"174",-27,55.5
"174",-27,54.5
"174",-27,53.5
"174",-27,52.5
"174",-27,51.5
"174",-26,50.5
"174",-25,49.5
"174",-24,48.5
"174",-23,47.5
"174",-22,47.5
"174",-22,46.5
"174",-22,45.5
"174",-22,44.5
"174",-22,43.5
"174",-22,42.5
"174",-21,41.5
"174",-20,41.5
"174",-19,40.5
"174",-18,40.5
"174",-18,39.5
"174",-18,38.5
"174",-18,37.5
"174",-18,36.5
"174",-18,35.5
"174",-18,34.5
"174",-18,33.5
"174",-18,32.5
"174",-18,31.5
"174",-18,30.5
"174",-18,29.5
"174",-18,28.5
"174",-18,27.5
"174",-18,26.5
"174",-18,25.5
"174",-18,24.5
"174",-18,23.5
"174",-18,22.5
"174",-18,21.5
"174",-18,20.5
"174",-18,19.5
"174",-18,18.5
"174",-18,17.5
"174",-18,16.5
"174",-18,15.5
"174",-18,14.5
"174",-18,13.5
"174",-18,12.5
"174",-18,11.5
"174",-18,10.5
"174",-18,9.5
"174",-18,8.5
"174",-18,7.5
"174",-18,6.5
"174",-18,5.5
"174",-18,4.5
"174",-18,3.5
"174",-18,2.5
"174",-19,2.5
"174",-20,1.5
"174",-21,1.5
"174",-22,0.5
"174",-22,-0.5
"174",-22,-1.5
"174",-23,-2.5
"174",-23,-3.5
"174",-23,-4.5
"174",-23,-5.5
"174",-23,-6.5
"174",-23,-7.5
"174",-23,-8.5
"174",-23,-9.5
"174",-23,-10.5
"174",-23,-11.5
"174",-24,-12.5
"174",-25,-12.5
"174",-26,-12.5
"174",-27,-13.5
"174",-27,-14.5
"174",-27,-15.5
"174",-27,-16.5
"174",-27,-17.5
"174",-27,-18.5
"174",-27,-19.5
"174",-27,-20.5
"174",-27,-21.5
"174",-27,-22.5
"174",-27,-23.5
"174",-27,-24.5
"174",-27,-25.5
"174",-27,-26.5
"174",-27,-27.5
"174",-27,-28.5
"174",-27,-29.5
"174",-27,-30.5
"174",-27,-31.5
"174",-27,-32.5
"174",-27,-33.5
"174",-27,-34.5
"174",-27,-35.5
"174",-27,-36.5
"174",-27,-37.5
"174",-26,-38.5
"174",-25,-38.5
"174",-24,-39.5
"174",-23,-39.5
"174",-22,-39.5
"174",-21,-40.5
"174",-20,-41.5
"174",-19,-42.5
"174",-18,-42.5
"174",-17,-43.5
"174",-16,-43.5
"174",-15,-44.5
"174",-14,-44.5
"174",-13,-45.5
"174",-12,-45.5
"174",-11,-45.5
"174",-10,-46.5
"174",-9,-46.5
"174",-8,-47.5
"174",-7,-47.5
"174",-6,-48.5
"174",-5,-48.5
"174",-4,-49.5
"174",-3,-49.5
"174",-2,-49.5
"174",-1,-50.5
"174",0,-51.5
"174",1,-52.5
"174",2,-52.5
"174",3,-53.5
"174",4,-53.5
"174",5,-53.5
"174",6,-54.5
"174",7,-54.5
"174",8,-55.5
"174",9,-55.5
"174",10,-56.5
"174",11,-56.5
"174",12,-57.5
"174",13,-57.5
"174",14,-58.5
"174",15,-59.5
"174",16,-60.5
"174",17,-60.5
"174",18,-61.5
"174",19,-62.5
"174",20,-63.5
"174",20,-64.5
"174",20,-65.5
"175",10,76.5
"175",9,76.5
"175",8,76.5
"175",7,76.5
"175",6,76.5
"175",5,76.5
"175",4,76.5
"175",3,76.5
"175",2,76.5
"175",1,76.5
"175",0,76.5
"175",-1,76.5
"175",-2,76.5
"175",-3,76.5
"175",-4,76.5
"175",-5,76.5
"175",-6,76.5
"175",-7,76.5
"175",-8,76.5
"175",-9,76.5
"175",-10,76.5
"175",-11,76.5
"175",-12,76.5
"175",-13,76.5
"175",-14,76.5
"175",-15,76.5
"175",-16,76.5
"175",-17,76.5
"175",-17,75.5
"175",-17,74.5
"175",-17,73.5
"175",-17,72.5
"175",-18,72.5
"175",-18,71.5
"175",-19,71.5
"175",-19,70.5
"175",-19,69.5
"175",-19,68.5
"175",-20,67.5
"175",-21,67.5
"175",-22,67.5
"175",-23,67.5
"175",-24,66.5
"175",-25,66.5
"175",-26,66.5
"175",-27,66.5
"175",-28,66.5
"175",-29,65.5
"175",-30,64.5
"175",-31,63.5
"175",-32,62.5
"175",-32,61.5
"175",-32,60.5
"175",-31,59.5
"175",-30,58.5
"175",-29,57.5
"175",-28,56.5
"175",-27,55.5
"175",-26,54.5
"175",-25,53.5
"175",-24,52.5
"175",-23,51.5
"175",-22,50.5
"175",-21,49.5
"175",-20,48.5
"175",-19,47.5
"175",-18,46.5
"175",-17,45.5
"175",-16,44.5
"175",-15,43.5
"175",-14,42.5
"175",-14,41.5
"175",-14,40.5
"175",-14,39.5
"175",-14,38.5
"175",-14,37.5
"175",-14,36.5
"175",-14,35.5
"175",-14,34.5
"175",-14,33.5
"175",-14,32.5
"175",-14,31.5
"175",-14,30.5
"175",-14,29.5
"175",-15,28.5
"175",-15,27.5
"175",-16,26.5
"175",-17,25.5
"175",-17,24.5
"175",-18,23.5
"175",-19,22.5
"175",-19,21.5
"175",-19,20.5
"175",-19,19.5
"175",-19,18.5
"175",-19,17.5
"175",-19,16.5
"175",-19,15.5
"175",-19,14.5
"175",-19,13.5
"175",-19,12.5
"175",-19,11.5
"175",-19,10.5
"175",-19,9.5
"175",-19,8.5
"175",-19,7.5
"175",-19,6.5
"175",-19,5.5
"175",-19,4.5
"175",-19,3.5
"175",-19,2.5
"175",-19,1.5
"175",-19,0.5
"175",-19,-0.5
"175",-19,-1.5
"175",-19,-2.5
"175",-19,-3.5
"175",-19,-4.5
"175",-19,-5.5
"175",-19,-6.5
"175",-19,-7.5
"175",-19,-8.5
"175",-19,-9.5
"175",-20,-10.5
"175",-21,-11.5
"175",-22,-12.5
"175",-23,-13.5
"175",-24,-14.5
"175",-25,-15.5
"175",-26,-16.5
"175",-26,-17.5
"175",-26,-18.5
"175",-26,-19.5
"175",-26,-20.5
"175",-26,-21.5
"175",-26,-22.5
"175",-26,-23.5
"175",-26,-24.5
"175",-26,-25.5
"175",-26,-26.5
"175",-26,-27.5
"175",-26,-28.5
"175",-26,-29.5
"175",-26,-30.5
"175",-26,-31.5
"175",-25,-32.5
"175",-24,-33.5
"175",-23,-34.5
"175",-22,-35.5
"175",-21,-36.5
"175",-20,-37.5
"175",-19,-38.5
"175",-18,-39.5
"175",-17,-40.5
"175",-16,-41.5
"175",-15,-42.5
"175",-14,-43.5
"175",-13,-44.5
"175",-12,-45.5
"175",-11,-46.5
"175",-10,-47.5
"175",-9,-48.5
"175",-8,-49.5
"175",-7,-50.5
"175",-6,-51.5
"175",-5,-52.5
"175",-4,-52.5
"175",-3,-52.5
"175",-2,-52.5
"175",-1,-52.5
"175",0,-52.5
"175",1,-52.5
"175",2,-52.5
"175",3,-52.5
"175",4,-52.5
"175",5,-52.5
"175",6,-52.5
"175",7,-52.5
"175",8,-53.5
"175",9,-54.5
"175",10,-55.5
"175",11,-56.5
"175",12,-57.5
"175",13,-58.5
"175",14,-59.5
"175",15,-60.5
"175",16,-61.5
"175",17,-62.5
"175",18,-63.5
"175",19,-64.5
"175",20,-65.5
"176",10,76.5
"176",9,76.5
"176",8,76.5
"176",7,76.5
"176",6,76.5
"176",5,76.5
"176",4,76.5
"176",3,76.5
"176",2,76.5
"176",1,76.5
"176",0,76.5
"176",-1,76.5
"176",-2,76.5
"176",-3,76.5
"176",-4,76.5
"176",-5,76.5
"176",-6,76.5
"176",-7,76.5
"176",-8,76.5
"176",-9,76.5
"176",-10,76.5
"176",-11,76.5
"176",-12,76.5
"176",-13,76.5
"176",-14,76.5
"176",-15,76.5
"176",-16,76.5
"176",-16,75.5
"176",-16,74.5
"176",-16,73.5
"176",-16,72.5
"176",-17,72.5
"176",-18,72.5
"176",-19,72.5
"176",-20,72.5
"176",-20,71.5
"176",-20,70.5
"176",-20,69.5
"176",-20,68.5
"176",-21,68.5
"176",-22,67.5
"176",-23,67.5
"176",-24,66.5
"176",-25,66.5
"176",-26,65.5
"176",-27,64.5
"176",-27,63.5
"176",-27,62.5
"176",-27,61.5
"176",-27,60.5
"176",-27,59.5
"176",-27,58.5
"176",-27,57.5
"176",-27,56.5
"176",-27,55.5
"176",-27,54.5
"176",-27,53.5
"176",-27,52.5
"176",-27,51.5
"176",-26,50.5
"176",-25,49.5
"176",-24,48.5
"176",-23,47.5
"176",-22,46.5
"176",-21,45.5
"176",-20,44.5
"176",-19,43.5
"176",-18,42.5
"176",-18,41.5
"176",-18,40.5
"176",-18,39.5
"176",-18,38.5
"176",-18,37.5
"176",-18,36.5
"176",-18,35.5
"176",-18,34.5
"176",-18,33.5
"176",-18,32.5
"176",-18,31.5
"176",-18,30.5
"176",-18,29.5
"176",-18,28.5
"176",-18,27.5
"176",-18,26.5
"176",-18,25.5
"176",-18,24.5
"176",-18,23.5
"176",-18,22.5
"176",-18,21.5
"176",-18,20.5
"176",-18,19.5
"176",-18,18.5
"176",-18,17.5
"176",-18,16.5
"176",-18,15.5
"176",-18,14.5
"176",-18,13.5
"176",-18,12.5
"176",-18,11.5
"176",-18,10.5
"176",-18,9.5
"176",-18,8.5
"176",-17,7.5
"176",-16,6.5
"176",-16,5.5
"176",-16,4.5
"176",-16,3.5
"176",-16,2.5
"176",-16,1.5
"176",-16,0.5
"176",-16,-0.5
"176",-16,-1.5
"176",-16,-2.5
"176",-16,-3.5
"176",-16,-4.5
"176",-16,-5.5
"176",-16,-6.5
"176",-16,-7.5
"176",-16,-8.5
"176",-16,-9.5
"176",-16,-10.5
"176",-16,-11.5
"176",-16,-12.5
"176",-16,-13.5
"176",-16,-14.5
"176",-16,-15.5
"176",-16,-16.5
"176",-16,-17.5
"176",-16,-18.5
"176",-16,-19.5
"176",-16,-20.5
"176",-16,-21.5
"176",-16,-22.5
"176",-16,-23.5
"176",-16,-24.5
"176",-16,-25.5
"176",-16,-26.5
"176",-16,-27.5
"176",-16,-28.5
"176",-16,-29.5
"176",-16,-30.5
"176",-16,-31.5
"176",-16,-32.5
"176",-16,-33.5
"176",-16,-34.5
"176",-15,-35.5
"176",-14,-36.5
"176",-13,-37.5
"176",-12,-38.5
"176",-11,-39.5
"176",-10,-40.5
"176",-9,-41.5
"176",-8,-42.5
"176",-7,-43.5
"176",-6,-44.5
"176",-5,-45.5
"176",-4,-46.5
"176",-3,-47.5
"176",-2,-48.5
"176",-1,-48.5
"176",0,-49.5
"176",1,-50.5
"176",2,-51.5
"176",3,-52.5
"176",4,-52.5
"176",5,-53.5
"176",6,-54.5
"176",7,-54.5
"176",8,-55.5
"176",9,-55.5
"176",10,-56.5
"176",11,-56.5
"176",12,-57.5
"176",13,-57.5
"176",14,-58.5
"176",15,-59.5
"176",16,-60.5
"176",17,-61.5
"176",18,-62.5
"176",19,-63.5
"176",20,-64.5
"176",20,-65.5
"177",10,76.5
"177",9,76.5
"177",8,76.5
"177",7,76.5
"177",6,76.5
"177",5,76.5
"177",4,76.5
"177",3,76.5
"177",2,76.5
"177",1,76.5
"177",0,76.5
"177",-1,76.5
"177",-2,76.5
"177",-3,76.5
"177",-4,76.5
"177",-5,76.5
"177",-6,76.5
"177",-7,76.5
"177",-8,76.5
"177",-9,76.5
"177",-10,76.5
"177",-11,76.5
"177",-12,76.5
"177",-13,76.5
"177",-13,75.5
"177",-13,74.5
"177",-13,73.5
"177",-13,72.5
"177",-14,72.5
"177",-15,71.5
"177",-16,71.5
"177",-17,71.5
"177",-18,71.5
"177",-19,71.5
"177",-20,71.5
"177",-20,70.5
"177",-20,69.5
"177",-20,68.5
"177",-21,68.5
"177",-22,67.5
"177",-23,67.5
"177",-24,66.5
"177",-25,66.5
"177",-26,66.5
"177",-27,66.5
"177",-27,65.5
"177",-27,64.5
"177",-27,63.5
"177",-27,62.5
"177",-27,61.5
"177",-27,60.5
"177",-27,59.5
"177",-27,58.5
"177",-27,57.5
"177",-27,56.5
"177",-27,55.5
"177",-27,54.5
"177",-27,53.5
"177",-27,52.5
"177",-27,51.5
"177",-26,50.5
"177",-25,49.5
"177",-24,48.5
"177",-23,47.5
"177",-22,46.5
"177",-21,45.5
"177",-20,44.5
"177",-19,43.5
"177",-18,42.5
"177",-18,41.5
"177",-18,40.5
"177",-18,39.5
"177",-18,38.5
"177",-18,37.5
"177",-18,36.5
"177",-18,35.5
"177",-18,34.5
"177",-18,33.5
"177",-18,32.5
"177",-18,31.5
"177",-18,30.5
"177",-18,29.5
"177",-18,28.5
"177",-18,27.5
"177",-18,26.5
"177",-18,25.5
"177",-18,24.5
"177",-18,23.5
"177",-18,22.5
"177",-18,21.5
"177",-18,20.5
"177",-18,19.5
"177",-18,18.5
"177",-18,17.5
"177",-18,16.5
"177",-18,15.5
"177",-18,14.5
"177",-18,13.5
"177",-18,12.5
"177",-18,11.5
"177",-18,10.5
"177",-18,9.5
"177",-18,8.5
"177",-17,7.5
"177",-16,6.5
"177",-16,5.5
"177",-16,4.5
"177",-16,3.5
"177",-16,2.5
"177",-16,1.5
"177",-16,0.5
"177",-16,-0.5
"177",-16,-1.5
"177",-16,-2.5
"177",-16,-3.5
"177",-16,-4.5
"177",-16,-5.5
"177",-16,-6.5
"177",-16,-7.5
"177",-16,-8.5
"177",-16,-9.5
"177",-16,-10.5
"177",-16,-11.5
"177",-16,-12.5
"177",-16,-13.5
"177",-16,-14.5
"177",-16,-15.5
"177",-16,-16.5
"177",-16,-17.5
"177",-16,-18.5
"177",-16,-19.5
"177",-16,-20.5
"177",-16,-21.5
"177",-16,-22.5
"177",-16,-23.5
"177",-16,-24.5
"177",-16,-25.5
"177",-16,-26.5
"177",-16,-27.5
"177",-16,-28.5
"177",-16,-29.5
"177",-16,-30.5
"177",-16,-31.5
"177",-16,-32.5
"177",-16,-33.5
"177",-16,-34.5
"177",-16,-35.5
"177",-16,-36.5
"177",-16,-37.5
"177",-16,-38.5
"177",-16,-39.5
"177",-16,-40.5
"177",-15,-41.5
"177",-14,-42.5
"177",-13,-43.5
"177",-12,-44.5
"177",-11,-44.5
"177",-10,-45.5
"177",-9,-46.5
"177",-8,-47.5
"177",-7,-47.5
"177",-6,-48.5
"177",-5,-48.5
"177",-4,-49.5
"177",-3,-49.5
"177",-2,-49.5
"177",-1,-50.5
"177",0,-51.5
"177",1,-52.5
"177",2,-52.5
"177",3,-53.5
"177",4,-53.5
"177",5,-53.5
"177",6,-54.5
"177",7,-54.5
"177",8,-55.5
"177",9,-55.5
"177",10,-56.5
"177",11,-56.5
"177",12,-57.5
"177",13,-57.5
"177",14,-58.5
"177",15,-59.5
"177",16,-60.5
"177",17,-60.5
"177",18,-61.5
"177",19,-62.5
"177",20,-63.5
"177",20,-64.5
"177",20,-65.5
"178",10,76.5
"178",9,76.5
"178",8,76.5
"178",7,76.5
"178",6,76.5
"178",5,76.5
"178",4,76.5
"178",3,76.5
"178",2,76.5
"178",1,76.5
"178",0,76.5
"178",-1,76.5
"178",-2,76.5
"178",-3,76.5
"178",-4,76.5
"178",-5,76.5
"178",-6,76.5
"178",-7,76.5
"178",-8,76.5
"178",-9,76.5
"178",-10,76.5
"178",-11,76.5
"178",-12,76.5
"178",-13,76.5
"178",-14,76.5
"178",-15,76.5
"178",-16,76.5
"178",-17,76.5
"178",-17,75.5
"178",-17,74.5
"178",-17,73.5
"178",-17,72.5
"178",-18,72.5
"178",-18,71.5
"178",-19,71.5
"178",-19,70.5
"178",-19,69.5
"178",-19,68.5
"178",-20,68.5
"178",-21,68.5
"178",-22,68.5
"178",-23,67.5
"178",-24,67.5
"178",-25,67.5
"178",-26,67.5
"178",-27,66.5
"178",-28,65.5
"178",-29,64.5
"178",-30,63.5
"178",-31,62.5
"178",-31,61.5
"178",-31,60.5
"178",-30,59.5
"178",-29,58.5
"178",-28,57.5
"178",-27,56.5
"178",-26,55.5
"178",-25,54.5
"178",-24,53.5
"178",-23,52.5
"178",-22,51.5
"178",-21,50.5
"178",-20,49.5
"178",-19,48.5
"178",-18,47.5
"178",-17,46.5
"178",-16,45.5
"178",-15,44.5
"178",-15,43.5
"178",-15,42.5
"178",-15,41.5
"178",-15,40.5
"178",-15,39.5
"178",-15,38.5
"178",-15,37.5
"178",-15,36.5
"178",-15,35.5
"178",-15,34.5
"178",-15,33.5
"178",-15,32.5
"178",-15,31.5
"178",-15,30.5
"178",-15,29.5
"178",-15,28.5
"178",-15,27.5
"178",-16,26.5
"178",-17,25.5
"178",-17,24.5
"178",-18,23.5
"178",-19,22.5
"178",-19,21.5
"178",-19,20.5
"178",-19,19.5
"178",-19,18.5
"178",-19,17.5
"178",-19,16.5
"178",-19,15.5
"178",-19,14.5
"178",-19,13.5
"178",-19,12.5
"178",-19,11.5
"178",-19,10.5
"178",-19,9.5
"178",-19,8.5
"178",-19,7.5
"178",-19,6.5
"178",-19,5.5
"178",-19,4.5
"178",-19,3.5
"178",-19,2.5
"178",-19,1.5
"178",-19,0.5
"178",-19,-0.5
"178",-19,-1.5
"178",-19,-2.5
"178",-19,-3.5
"178",-19,-4.5
"178",-19,-5.5
"178",-19,-6.5
"178",-19,-7.5
"178",-19,-8.5
"178",-19,-9.5
"178",-19,-10.5
"178",-19,-11.5
"178",-19,-12.5
"178",-19,-13.5
"178",-19,-14.5
"178",-19,-15.5
"178",-19,-16.5
"178",-19,-17.5
"178",-19,-18.5
"178",-19,-19.5
"178",-19,-20.5
"178",-19,-21.5
"178",-19,-22.5
"178",-19,-23.5
"178",-19,-24.5
"178",-19,-25.5
"178",-19,-26.5
"178",-19,-27.5
"178",-19,-28.5
"178",-19,-29.5
"178",-19,-30.5
"178",-19,-31.5
"178",-18,-32.5
"178",-17,-33.5
"178",-16,-34.5
"178",-15,-35.5
"178",-14,-36.5
"178",-13,-37.5
"178",-12,-38.5
"178",-11,-39.5
"178",-10,-40.5
"178",-9,-41.5
"178",-8,-42.5
"178",-7,-43.5
"178",-6,-44.5
"178",-5,-45.5
"178",-4,-46.5
"178",-3,-47.5
"178",-2,-48.5
"178",-1,-49.5
"178",0,-50.5
"178",1,-51.5
"178",2,-51.5
"178",3,-51.5
"178",4,-51.5
"178",5,-52.5
"178",6,-52.5
"178",7,-52.5
"178",8,-53.5
"178",9,-54.5
"178",10,-55.5
"178",11,-56.5
"178",12,-57.5
"178",13,-58.5
"178",14,-59.5
"178",15,-60.5
"178",16,-61.5
"178",17,-62.5
"178",18,-63.5
"178",19,-64.5
"178",20,-65.5
"179",10,76.5
"179",9,76.5
"179",8,76.5
"179",7,76.5
"179",6,76.5
"179",5,76.5
"179",4,76.5
"179",3,76.5
"179",2,76.5
"179",1,76.5
"179",0,76.5
"179",-1,76.5
"179",-2,76.5
"179",-3,76.5
"179",-4,76.5
"179",-5,76.5
"179",-6,76.5
"179",-7,76.5
"179",-8,76.5
"179",-9,76.5
"179",-10,76.5
"179",-11,76.5
"179",-12,76.5
"179",-13,76.5
"179",-14,76.5
"179",-15,76.5
"179",-16,76.5
"179",-17,76.5
"179",-17,75.5
"179",-17,74.5
"179",-17,73.5
"179",-17,72.5
"179",-18,72.5
"179",-18,71.5
"179",-19,71.5
"179",-19,70.5
"179",-19,69.5
"179",-19,68.5
"179",-20,67.5
"179",-21,67.5
"179",-22,67.5
"179",-23,67.5
"179",-24,66.5
"179",-25,66.5
"179",-26,66.5
"179",-27,66.5
"179",-28,66.5
"179",-29,66.5
"179",-30,66.5
"179",-31,66.5
"179",-32,65.5
"179",-33,64.5
"179",-34,63.5
"179",-35,62.5
"179",-35,61.5
"179",-34,60.5
"179",-33,59.5
"179",-32,58.5
"179",-31,57.5
"179",-30,56.5
"179",-29,55.5
"179",-28,54.5
"179",-27,53.5
"179",-26,52.5
"179",-25,51.5
"179",-24,50.5
"179",-23,49.5
"179",-22,48.5
"179",-21,47.5
"179",-20,46.5
"179",-19,45.5
"179",-18,44.5
"179",-17,43.5
"179",-16,42.5
"179",-15,41.5
"179",-14,40.5
"179",-13,39.5
"179",-13,38.5
"179",-13,37.5
"179",-13,36.5
"179",-13,35.5
"179",-13,34.5
"179",-13,33.5
"179",-13,32.5
"179",-13,31.5
"179",-13,30.5
"179",-13,29.5
"179",-14,28.5
"179",-15,27.5
"179",-16,26.5
"179",-17,25.5
"179",-18,24.5
"179",-19,23.5
"179",-20,22.5
"179",-21,21.5
"179",-22,20.5
"179",-22,19.5
"179",-23,18.5
"179",-24,17.5
"179",-25,16.5
"179",-26,15.5
"179",-27,14.5
"179",-28,13.5
"179",-29,12.5
"179",-30,11.5
"179",-31,10.5
"179",-32,9.5
"179",-33,8.5
"179",-33,7.5
"179",-33,6.5
"179",-33,5.5
"179",-33,4.5
"179",-33,3.5
"179",-33,2.5
"179",-33,1.5
"179",-33,0.5
"179",-33,-0.5
"179",-33,-1.5
"179",-33,-2.5
"179",-33,-3.5
"179",-33,-4.5
"179",-33,-5.5
"179",-33,-6.5
"179",-33,-7.5
"179",-34,-8.5
"179",-35,-9.5
"179",-35,-10.5
"179",-35,-11.5
"179",-36,-12.5
"179",-37,-13.5
"179",-38,-14.5
"179",-38,-15.5
"179",-38,-16.5
"179",-38,-17.5
"179",-38,-18.5
"179",-38,-19.5
"179",-38,-20.5
"179",-38,-21.5
"179",-38,-22.5
"179",-38,-23.5
"179",-38,-24.5
"179",-38,-25.5
"179",-38,-26.5
"179",-38,-27.5
"179",-38,-28.5
"179",-38,-29.5
"179",-38,-30.5
"179",-38,-31.5
"179",-38,-32.5
"179",-38,-33.5
"179",-38,-34.5
"179",-37,-35.5
"179",-36,-36.5
"179",-35,-37.5
"179",-34,-38.5
"179",-33,-39.5
"179",-32,-40.5
"179",-31,-41.5
"179",-30,-42.5
"179",-29,-43.5
"179",-28,-44.5
"179",-27,-45.5
"179",-26,-46.5
"179",-25,-47.5
"179",-24,-48.5
"179",-23,-49.5
"179",-22,-50.5
"179",-21,-50.5
"179",-20,-50.5
"179",-19,-50.5
"179",-18,-50.5
"179",-17,-50.5
"179",-16,-50.5
"179",-15,-50.5
"179",-14,-50.5
"179",-13,-50.5
"179",-12,-50.5
"179",-11,-50.5
"179",-10,-50.5
"179",-9,-50.5
"179",-8,-51.5
"179",-7,-52.5
"179",-6,-52.5
"179",-5,-52.5
"179",-4,-52.5
"179",-3,-52.5
"179",-2,-52.5
"179",-1,-52.5
"179",0,-52.5
"179",1,-52.5
"179",2,-52.5
"179",3,-52.5
"179",4,-52.5
"179",5,-52.5
"179",6,-52.5
"179",7,-52.5
"179",8,-53.5
"179",9,-54.5
"179",10,-55.5
"179",11,-56.5
"179",12,-57.5
"179",13,-58.5
"179",14,-59.5
"179",15,-60.5
"179",16,-61.5
"179",17,-62.5
"179",18,-63.5
"179",19,-64.5
"179",20,-65.5
"180",10,76.5
"180",9,76.5
"180",8,76.5
"180",7,76.5
"180",6,76.5
"180",5,76.5
"180",4,76.5
"180",3,76.5
"180",2,76.5
"180",1,76.5
"180",0,76.5
"180",-1,76.5
"180",-2,76.5
"180",-3,76.5
"180",-4,76.5
"180",-5,76.5
"180",-6,76.5
"180",-7,76.5
"180",-8,76.5
"180",-9,76.5
"180",-10,76.5
"180",-11,76.5
"180",-12,76.5
"180",-13,76.5
"180",-13,75.5
"180",-13,74.5
"180",-13,73.5
"180",-14,73.5
"180",-15,73.5
"180",-16,73.5
"180",-16,72.5
"180",-17,72.5
"180",-18,72.5
"180",-19,72.5
"180",-20,72.5
"180",-20,71.5
"180",-20,70.5
"180",-20,69.5
"180",-20,68.5
"180",-21,68.5
"180",-22,67.5
"180",-23,67.5
"180",-24,66.5
"180",-25,66.5
"180",-26,66.5
"180",-27,66.5
"180",-28,65.5
"180",-29,65.5
"180",-30,65.5
"180",-31,65.5
"180",-32,65.5
"180",-33,65.5
"180",-34,65.5
"180",-35,64.5
"180",-36,64.5
"180",-37,63.5
"180",-37,62.5
"180",-37,61.5
"180",-37,60.5
"180",-37,59.5
"180",-36,58.5
"180",-35,57.5
"180",-34,56.5
"180",-33,55.5
"180",-32,54.5
"180",-31,54.5
"180",-30,53.5
"180",-29,53.5
"180",-28,52.5
"180",-27,51.5
"180",-26,50.5
"180",-25,49.5
"180",-24,48.5
"180",-23,47.5
"180",-22,47.5
"180",-21,46.5
"180",-20,45.5
"180",-19,44.5
"180",-18,43.5
"180",-17,42.5
"180",-16,41.5
"180",-15,40.5
"180",-14,39.5
"180",-14,38.5
"180",-14,37.5
"180",-14,36.5
"180",-14,35.5
"180",-14,34.5
"180",-14,33.5
"180",-14,32.5
"180",-14,31.5
"180",-14,30.5
"180",-14,29.5
"180",-14,28.5
"180",-15,27.5
"180",-16,26.5
"180",-17,25.5
"180",-18,24.5
"180",-19,23.5
"180",-20,22.5
"180",-21,21.5
"180",-22,20.5
"180",-23,19.5
"180",-24,18.5
"180",-24,17.5
"180",-25,16.5
"180",-26,15.5
"180",-27,14.5
"180",-28,13.5
"180",-29,12.5
"180",-30,11.5
"180",-31,10.5
"180",-31,9.5
"180",-31,8.5
"180",-31,7.5
"180",-31,6.5
"180",-31,5.5
"180",-31,4.5
"180",-31,3.5
"180",-31,2.5
"180",-31,1.5
"180",-31,0.5
"180",-31,-0.5
"180",-31,-1.5
"180",-31,-2.5
"180",-31,-3.5
"180",-31,-4.5
"180",-31,-5.5
"180",-31,-6.5
"180",-31,-7.5
"180",-32,-8.5
"180",-33,-9.5
"180",-34,-10.5
"180",-35,-11.5
"180",-36,-12.5
"180",-37,-13.5
"180",-37,-14.5
"180",-37,-15.5
"180",-37,-16.5
"180",-37,-17.5
"180",-37,-18.5
"180",-37,-19.5
"180",-37,-20.5
"180",-37,-21.5
"180",-37,-22.5
"180",-37,-23.5
"180",-37,-24.5
"180",-37,-25.5
"180",-37,-26.5
"180",-37,-27.5
"180",-37,-28.5
"180",-36,-29.5
"180",-36,-30.5
"180",-36,-31.5
"180",-35,-32.5
"180",-35,-33.5
"180",-34,-34.5
"180",-33,-35.5
"180",-32,-36.5
"180",-31,-37.5
"180",-30,-38.5
"180",-29,-38.5
"180",-28,-39.5
"180",-27,-40.5
"180",-26,-41.5
"180",-25,-42.5
"180",-24,-43.5
"180",-23,-43.5
"180",-22,-43.5
"180",-21,-43.5
"180",-20,-44.5
"180",-19,-45.5
"180",-18,-45.5
"180",-17,-46.5
"180",-16,-46.5
"180",-15,-47.5
"180",-14,-47.5
"180",-13,-48.5
"180",-12,-48.5
"180",-11,-48.5
"180",-10,-49.5
"180",-9,-49.5
"180",-8,-50.5
"180",-7,-50.5
"180",-6,-50.5
"180",-5,-51.5
"180",-4,-51.5
"180",-3,-52.5
"180",-2,-52.5
"180",-1,-52.5
"180",0,-53.5
"180",1,-53.5
"180",2,-53.5
"180",3,-53.5
"180",4,-53.5
"180",5,-53.5
"180",6,-54.5
"180",7,-54.5
"180",8,-55.5
"180",9,-55.5
"180",10,-56.5
"180",11,-56.5
"180",12,-57.5
"180",13,-57.5
"180",14,-58.5
"180",15,-59.5
"180",16,-60.5
"180",17,-61.5
"180",18,-62.5
"180",19,-63.5
"180",20,-64.5
"180",20,-65.5
"181",10,76.5
"181",9,76.5
"181",8,76.5
"181",7,76.5
"181",6,76.5
"181",5,76.5
"181",4,76.5
"181",3,76.5
"181",2,76.5
"181",1,76.5
"181",0,76.5
"181",-1,76.5
"181",-2,76.5
"181",-3,76.5
"181",-4,76.5
"181",-5,76.5
"181",-6,76.5
"181",-7,76.5
"181",-8,76.5
"181",-9,76.5
"181",-10,76.5
"181",-11,76.5
"181",-12,76.5
"181",-13,76.5
"181",-13,75.5
"181",-13,74.5
"181",-13,73.5
"181",-13,72.5
"181",-14,72.5
"181",-15,71.5
"181",-16,71.5
"181",-17,71.5
"181",-18,71.5
"181",-19,71.5
"181",-20,71.5
"181",-20,70.5
"181",-20,69.5
"181",-20,68.5
"181",-21,68.5
"181",-22,67.5
"181",-23,67.5
"181",-24,66.5
"181",-25,66.5
"181",-26,66.5
"181",-27,66.5
"181",-27,65.5
"181",-27,64.5
"181",-27,63.5
"181",-27,62.5
"181",-27,61.5
"181",-27,60.5
"181",-27,59.5
"181",-27,58.5
"181",-27,57.5
"181",-27,56.5
"181",-27,55.5
"181",-27,54.5
"181",-27,53.5
"181",-27,52.5
"181",-27,51.5
"181",-26,50.5
"181",-25,49.5
"181",-24,48.5
"181",-23,47.5
"181",-22,47.5
"181",-22,46.5
"181",-22,45.5
"181",-22,44.5
"181",-22,43.5
"181",-22,42.5
"181",-21,41.5
"181",-20,41.5
"181",-19,40.5
"181",-18,40.5
"181",-18,39.5
"181",-18,38.5
"181",-18,37.5
"181",-18,36.5
"181",-18,35.5
"181",-18,34.5
"181",-18,33.5
"181",-18,32.5
"181",-18,31.5
"181",-18,30.5
"181",-18,29.5
"181",-18,28.5
"181",-18,27.5
"181",-18,26.5
"181",-18,25.5
"181",-18,24.5
"181",-18,23.5
"181",-18,22.5
"181",-18,21.5
"181",-18,20.5
"181",-18,19.5
"181",-18,18.5
"181",-18,17.5
"181",-18,16.5
"181",-18,15.5
"181",-18,14.5
"181",-18,13.5
"181",-18,12.5
"181",-18,11.5
"181",-18,10.5
"181",-18,9.5
"181",-18,8.5
"181",-18,7.5
"181",-18,6.5
"181",-18,5.5
"181",-18,4.5
"181",-18,3.5
"181",-18,2.5
"181",-19,2.5
"181",-20,1.5
"181",-21,1.5
"181",-22,0.5
"181",-22,-0.5
"181",-22,-1.5
"181",-23,-2.5
"181",-23,-3.5
"181",-23,-4.5
"181",-23,-5.5
"181",-23,-6.5
"181",-23,-7.5
"181",-23,-8.5
"181",-23,-9.5
"181",-23,-10.5
"181",-24,-11.5
"181",-25,-11.5
"181",-26,-11.5
"181",-27,-12.5
"181",-28,-12.5
"181",-29,-13.5
"181",-29,-14.5
"181",-29,-15.5
"181",-29,-16.5
"181",-29,-17.5
"181",-29,-18.5
"181",-29,-19.5
"181",-29,-20.5
"181",-29,-21.5
"181",-29,-22.5
"181",-29,-23.5
"181",-29,-24.5
"181",-29,-25.5
"181",-29,-26.5
"181",-28,-27.5
"181",-27,-27.5
"181",-27,-28.5
"181",-27,-29.5
"181",-27,-30.5
"181",-27,-31.5
"181",-27,-32.5
"181",-27,-33.5
"181",-27,-34.5
"181",-27,-35.5
"181",-27,-36.5
"181",-27,-37.5
"181",-26,-38.5
"181",-25,-38.5
"181",-24,-39.5
"181",-23,-39.5
"181",-22,-39.5
"181",-21,-40.5
"181",-20,-41.5
"181",-19,-42.5
"181",-18,-42.5
"181",-17,-43.5
"181",-16,-43.5
"181",-15,-44.5
"181",-14,-44.5
"181",-13,-45.5
"181",-12,-45.5
"181",-11,-45.5
"181",-10,-46.5
"181",-9,-46.5
"181",-8,-47.5
"181",-7,-47.5
"181",-6,-48.5
"181",-5,-48.5
"181",-4,-49.5
"181",-3,-49.5
"181",-2,-49.5
"181",-1,-50.5
"181",0,-51.5
"181",1,-52.5
"181",2,-52.5
"181",3,-53.5
"181",4,-53.5
"181",5,-53.5
"181",6,-54.5
"181",7,-54.5
"181",8,-55.5
"181",9,-55.5
"181",10,-56.5
"181",11,-56.5
"181",12,-57.5
"181",13,-57.5
"181",14,-58.5
"181",15,-59.5
"181",16,-60.5
"181",17,-60.5
"181",18,-61.5
"181",19,-62.5
"181",20,-63.5
"181",20,-64.5
"181",20,-65.5
"182",10,76.5
"182",9,76.5
"182",8,76.5
"182",7,76.5
"182",6,76.5
"182",5,76.5
"182",4,76.5
"182",3,76.5
"182",2,76.5
"182",1,76.5
"182",0,76.5
"182",-1,76.5
"182",-2,76.5
"182",-3,76.5
"182",-4,76.5
"182",-5,76.5
"182",-6,76.5
"182",-7,76.5
"182",-8,76.5
"182",-9,76.5
"182",-10,76.5
"182",-11,76.5
"182",-12,76.5
"182",-13,76.5
"182",-14,76.5
"182",-15,76.5
"182",-16,76.5
"182",-17,76.5
"182",-17,75.5
"182",-17,74.5
"182",-17,73.5
"182",-17,72.5
"182",-18,72.5
"182",-18,71.5
"182",-19,71.5
"182",-19,70.5
"182",-19,69.5
"182",-19,68.5
"182",-20,68.5
"182",-21,68.5
"182",-22,68.5
"182",-23,67.5
"182",-24,66.5
"182",-25,66.5
"182",-26,66.5
"182",-27,66.5
"182",-28,66.5
"182",-29,66.5
"182",-30,66.5
"182",-31,66.5
"182",-32,65.5
"182",-33,64.5
"182",-34,63.5
"182",-35,62.5
"182",-35,61.5
"182",-34,60.5
"182",-33,59.5
"182",-32,58.5
"182",-31,57.5
"182",-30,56.5
"182",-29,55.5
"182",-28,54.5
"182",-27,53.5
"182",-26,52.5
"182",-25,51.5
"182",-24,50.5
"182",-23,49.5
"182",-22,48.5
"182",-21,47.5
"182",-20,46.5
"182",-19,45.5
"182",-18,44.5
"182",-17,43.5
"182",-16,42.5
"182",-15,41.5
"182",-14,40.5
"182",-14,39.5
"182",-14,38.5
"182",-14,37.5
"182",-14,36.5
"182",-14,35.5
"182",-14,34.5
"182",-14,33.5
"182",-14,32.5
"182",-14,31.5
"182",-14,30.5
"182",-14,29.5
"182",-15,28.5
"182",-15,27.5
"182",-16,26.5
"182",-17,25.5
"182",-18,24.5
"182",-19,23.5
"182",-20,22.5
"182",-21,21.5
"182",-22,20.5
"182",-22,19.5
"182",-22,18.5
"182",-23,17.5
"182",-24,16.5
"182",-25,15.5
"182",-26,14.5
"182",-27,13.5
"182",-28,12.5
"182",-29,11.5
"182",-29,10.5
"182",-29,9.5
"182",-29,8.5
"182",-29,7.5
"182",-29,6.5
"182",-29,5.5
"182",-29,4.5
"182",-29,3.5
"182",-29,2.5
"182",-29,1.5
"182",-29,0.5
"182",-29,-0.5
"182",-29,-1.5
"182",-29,-2.5
"182",-29,-3.5
"182",-29,-4.5
"182",-29,-5.5
"182",-30,-6.5
"182",-31,-7.5
"182",-32,-8.5
"182",-33,-9.5
"182",-34,-10.5
"182",-35,-11.5
"182",-36,-12.5
"182",-37,-13.5
"182",-38,-14.5
"182",-38,-15.5
"182",-38,-16.5
"182",-38,-17.5
"182",-38,-18.5
"182",-38,-19.5
"182",-38,-20.5
"182",-38,-21.5
"182",-38,-22.5
"182",-38,-23.5
"182",-38,-24.5
"182",-38,-25.5
"182",-38,-26.5
"182",-38,-27.5
"182",-38,-28.5
"182",-38,-29.5
"182",-38,-30.5
"182",-38,-31.5
"182",-38,-32.5
"182",-38,-33.5
"182",-38,-34.5
"182",-37,-35.5
"182",-36,-36.5
"182",-35,-37.5
"182",-34,-38.5
"182",-33,-39.5
"182",-32,-40.5
"182",-31,-41.5
"182",-30,-42.5
"182",-29,-43.5
"182",-28,-44.5
"182",-27,-45.5
"182",-26,-46.5
"182",-25,-47.5
"182",-24,-48.5
"182",-23,-49.5
"182",-22,-50.5
"182",-21,-51.5
"182",-20,-51.5
"182",-19,-51.5
"182",-18,-51.5
"182",-17,-51.5
"182",-16,-51.5
"182",-15,-51.5
"182",-14,-51.5
"182",-13,-51.5
"182",-12,-51.5
"182",-11,-51.5
"182",-10,-51.5
"182",-9,-51.5
"182",-8,-52.5
"182",-7,-52.5
"182",-6,-52.5
"182",-5,-52.5
"182",-4,-52.5
"182",-3,-52.5
"182",-2,-52.5
"182",-1,-52.5
"182",0,-52.5
"182",1,-52.5
"182",2,-52.5
"182",3,-52.5
"182",4,-52.5
"182",5,-52.5
"182",6,-52.5
"182",7,-52.5
"182",8,-53.5
"182",9,-54.5
"182",10,-55.5
"182",11,-56.5
"182",12,-57.5
"182",13,-58.5
"182",14,-59.5
"182",15,-60.5
"182",16,-61.5
"182",17,-62.5
"182",18,-63.5
"182",19,-64.5
"182",20,-65.5
"183",10,76.5
"183",9,76.5
"183",8,76.5
"183",7,76.5
"183",6,76.5
"183",5,76.5
"183",4,76.5
"183",3,76.5
"183",2,76.5
"183",1,76.5
"183",0,76.5
"183",-1,76.5
"183",-2,76.5
"183",-3,76.5
"183",-4,76.5
"183",-5,76.5
"183",-6,76.5
"183",-7,76.5
"183",-8,76.5
"183",-9,76.5
"183",-10,76.5
"183",-11,76.5
"183",-12,76.5
"183",-13,76.5
"183",-14,76.5
"183",-15,76.5
"183",-16,76.5
"183",-16,75.5
"183",-16,74.5
"183",-16,73.5
"183",-16,72.5
"183",-16,71.5
"183",-17,71.5
"183",-18,71.5
"183",-19,71.5
"183",-20,71.5
"183",-20,70.5
"183",-20,69.5
"183",-20,68.5
"183",-21,68.5
"183",-22,67.5
"183",-23,67.5
"183",-24,66.5
"183",-25,66.5
"183",-26,66.5
"183",-27,66.5
"183",-28,65.5
"183",-29,65.5
"183",-30,65.5
"183",-31,65.5
"183",-32,65.5
"183",-33,65.5
"183",-34,65.5
"183",-35,65.5
"183",-36,64.5
"183",-37,63.5
"183",-37,62.5
"183",-37,61.5
"183",-37,60.5
"183",-36,59.5
"183",-35,58.5
"183",-34,57.5
"183",-33,56.5
"183",-32,55.5
"183",-31,55.5
"183",-30,54.5
"183",-29,53.5
"183",-28,52.5
"183",-27,51.5
"183",-26,50.5
"183",-25,49.5
"183",-24,48.5
"183",-23,47.5
"183",-22,46.5
"183",-21,45.5
"183",-20,44.5
"183",-19,43.5
"183",-18,42.5
"183",-18,41.5
"183",-18,40.5
"183",-18,39.5
"183",-18,38.5
"183",-18,37.5
"183",-18,36.5
"183",-18,35.5
"183",-18,34.5
"183",-18,33.5
"183",-18,32.5
"183",-18,31.5
"183",-18,30.5
"183",-18,29.5
"183",-18,28.5
"183",-18,27.5
"183",-18,26.5
"183",-18,25.5
"183",-18,24.5
"183",-18,23.5
"183",-18,22.5
"183",-18,21.5
"183",-18,20.5
"183",-18,19.5
"183",-18,18.5
"183",-18,17.5
"183",-18,16.5
"183",-18,15.5
"183",-18,14.5
"183",-18,13.5
"183",-18,12.5
"183",-18,11.5
"183",-18,10.5
"183",-18,9.5
"183",-18,8.5
"183",-18,7.5
"183",-18,6.5
"183",-18,5.5
"183",-18,4.5
"183",-18,3.5
"183",-18,2.5
"183",-18,1.5
"183",-18,0.5
"183",-18,-0.5
"183",-18,-1.5
"183",-18,-2.5
"183",-18,-3.5
"183",-18,-4.5
"183",-18,-5.5
"183",-18,-6.5
"183",-19,-7.5
"183",-20,-8.5
"183",-21,-9.5
"183",-22,-10.5
"183",-23,-11.5
"183",-24,-12.5
"183",-25,-13.5
"183",-26,-14.5
"183",-27,-15.5
"183",-27,-16.5
"183",-27,-17.5
"183",-27,-18.5
"183",-27,-19.5
"183",-27,-20.5
"183",-27,-21.5
"183",-27,-22.5
"183",-27,-23.5
"183",-27,-24.5
"183",-27,-25.5
"183",-27,-26.5
"183",-27,-27.5
"183",-27,-28.5
"183",-27,-29.5
"183",-27,-30.5
"183",-27,-31.5
"183",-27,-32.5
"183",-27,-33.5
"183",-27,-34.5
"183",-26,-35.5
"183",-25,-36.5
"183",-24,-37.5
"183",-23,-38.5
"183",-22,-39.5
"183",-21,-40.5
"183",-20,-41.5
"183",-19,-42.5
"183",-18,-42.5
"183",-17,-43.5
"183",-16,-43.5
"183",-15,-44.5
"183",-14,-44.5
"183",-13,-45.5
"183",-12,-45.5
"183",-11,-45.5
"183",-10,-46.5
"183",-9,-47.5
"183",-8,-48.5
"183",-7,-48.5
"183",-6,-49.5
"183",-5,-50.5
"183",-4,-50.5
"183",-3,-51.5
"183",-2,-51.5
"183",-1,-51.5
"183",0,-52.5
"183",1,-53.5
"183",2,-53.5
"183",3,-53.5
"183",4,-53.5
"183",5,-53.5
"183",6,-54.5
"183",7,-54.5
"183",8,-55.5
"183",9,-55.5
"183",10,-56.5
"183",11,-56.5
"183",12,-57.5
"183",13,-57.5
"183",14,-58.5
"183",15,-59.5
"183",16,-60.5
"183",17,-61.5
"183",18,-62.5
"183",19,-63.5
"183",20,-64.5
"183",20,-65.5
"184",10,76.5
"184",9,76.5
"184",8,76.5
"184",7,76.5
"184",6,76.5
"184",5,76.5
"184",4,76.5
"184",3,76.5
"184",2,76.5
"184",1,76.5
"184",0,76.5
"184",-1,76.5
"184",-2,76.5
"184",-3,76.5
"184",-4,76.5
"184",-5,76.5
"184",-6,76.5
"184",-7,76.5
"184",-8,76.5
"184",-9,76.5
"184",-10,76.5
"184",-11,76.5
"184",-12,76.5
"184",-13,76.5
"184",-13,75.5
"184",-13,74.5
"184",-13,73.5
"184",-13,72.5
"184",-14,72.5
"184",-15,71.5
"184",-16,71.5
"184",-17,71.5
"184",-18,71.5
"184",-19,71.5
"184",-20,71.5
"184",-20,70.5
"184",-20,69.5
"184",-20,68.5
"184",-21,68.5
"184",-22,67.5
"184",-23,67.5
"184",-24,66.5
"184",-25,66.5
"184",-26,66.5
"184",-27,66.5
"184",-27,65.5
"184",-27,64.5
"184",-27,63.5
"184",-27,62.5
"184",-27,61.5
"184",-27,60.5
"184",-27,59.5
"184",-27,58.5
"184",-27,57.5
"184",-27,56.5
"184",-27,55.5
"184",-27,54.5
"184",-27,53.5
"184",-27,52.5
"184",-27,51.5
"184",-26,50.5
"184",-25,49.5
"184",-24,48.5
"184",-23,47.5
"184",-22,46.5
"184",-21,45.5
"184",-20,44.5
"184",-19,43.5
"184",-18,42.5
"184",-18,41.5
"184",-18,40.5
"184",-18,39.5
"184",-18,38.5
"184",-18,37.5
"184",-18,36.5
"184",-18,35.5
"184",-18,34.5
"184",-18,33.5
"184",-18,32.5
"184",-18,31.5
"184",-18,30.5
"184",-18,29.5
"184",-18,28.5
"184",-18,27.5
"184",-18,26.5
"184",-18,25.5
"184",-18,24.5
"184",-18,23.5
"184",-18,22.5
"184",-18,21.5
"184",-18,20.5
"184",-18,19.5
"184",-18,18.5
"184",-18,17.5
"184",-18,16.5
"184",-18,15.5
"184",-18,14.5
"184",-18,13.5
"184",-18,12.5
"184",-18,11.5
"184",-18,10.5
"184",-18,9.5
"184",-18,8.5
"184",-18,7.5
"184",-18,6.5
"184",-18,5.5
"184",-18,4.5
"184",-18,3.5
"184",-18,2.5
"184",-18,1.5
"184",-18,0.5
"184",-18,-0.5
"184",-18,-1.5
"184",-18,-2.5
"184",-18,-3.5
"184",-18,-4.5
"184",-19,-4.5
"184",-20,-5.5
"184",-21,-6.5
"184",-22,-7.5
"184",-23,-8.5
"184",-23,-9.5
"184",-23,-10.5
"184",-24,-11.5
"184",-25,-12.5
"184",-26,-12.5
"184",-27,-13.5
"184",-27,-14.5
"184",-27,-15.5
"184",-27,-16.5
"184",-27,-17.5
"184",-27,-18.5
"184",-27,-19.5
"184",-27,-20.5
"184",-27,-21.5
"184",-27,-22.5
"184",-27,-23.5
"184",-27,-24.5
"184",-27,-25.5
"184",-27,-26.5
"184",-27,-27.5
"184",-27,-28.5
"184",-27,-29.5
"184",-27,-30.5
"184",-27,-31.5
"184",-27,-32.5
"184",-27,-33.5
"184",-27,-34.5
"184",-27,-35.5
"184",-27,-36.5
"184",-27,-37.5
"184",-26,-38.5
"184",-25,-38.5
"184",-24,-39.5
"184",-23,-39.5
"184",-22,-39.5
"184",-21,-40.5
"184",-20,-41.5
"184",-19,-42.5
"184",-18,-42.5
"184",-17,-43.5
"184",-16,-43.5
"184",-15,-44.5
"184",-14,-44.5
"184",-13,-45.5
"184",-12,-45.5
"184",-11,-45.5
"184",-10,-46.5
"184",-9,-46.5
"184",-8,-47.5
"184",-7,-47.5
"184",-6,-48.5
"184",-5,-48.5
"184",-4,-49.5
"184",-3,-49.5
"184",-2,-49.5
"184",-1,-50.5
"184",0,-51.5
"184",1,-52.5
"184",2,-52.5
"184",3,-53.5
"184",4,-53.5
"184",5,-53.5
"184",6,-54.5
"184",7,-54.5
"184",8,-55.5
"184",9,-55.5
"184",10,-56.5
"184",11,-56.5
"184",12,-57.5
"184",13,-57.5
"184",14,-58.5
"184",15,-59.5
"184",16,-60.5
"184",17,-60.5
"184",18,-61.5
"184",19,-62.5
"184",20,-63.5
"184",20,-64.5
"184",20,-65.5
"185",10,76.5
"185",9,76.5
"185",8,76.5
"185",7,76.5
"185",6,76.5
"185",5,76.5
"185",4,76.5
"185",3,76.5
"185",2,76.5
"185",1,76.5
"185",0,76.5
"185",-1,76.5
"185",-2,76.5
"185",-3,76.5
"185",-4,76.5
"185",-5,76.5
"185",-6,76.5
"185",-7,76.5
"185",-8,76.5
"185",-9,76.5
"185",-10,76.5
"185",-11,76.5
"185",-12,76.5
"185",-13,76.5
"185",-14,76.5
"185",-15,76.5
"185",-16,76.5
"185",-16,75.5
"185",-16,74.5
"185",-16,73.5
"185",-16,72.5
"185",-17,72.5
"185",-18,72.5
"185",-18,71.5
"185",-19,71.5
"185",-19,70.5
"185",-19,69.5
"185",-19,68.5
"185",-20,68.5
"185",-21,68.5
"185",-22,68.5
"185",-23,67.5
"185",-24,67.5
"185",-25,67.5
"185",-26,67.5
"185",-27,66.5
"185",-28,66.5
"185",-29,65.5
"185",-30,64.5
"185",-31,63.5
"185",-32,62.5
"185",-32,61.5
"185",-32,60.5
"185",-31,59.5
"185",-30,58.5
"185",-29,57.5
"185",-28,56.5
"185",-27,55.5
"185",-26,54.5
"185",-25,53.5
"185",-24,52.5
"185",-23,51.5
"185",-22,50.5
"185",-21,49.5
"185",-20,48.5
"185",-19,47.5
"185",-18,46.5
"185",-17,45.5
"185",-16,44.5
"185",-15,43.5
"185",-15,42.5
"185",-15,41.5
"185",-15,40.5
"185",-15,39.5
"185",-15,38.5
"185",-15,37.5
"185",-15,36.5
"185",-15,35.5
"185",-15,34.5
"185",-15,33.5
"185",-15,32.5
"185",-15,31.5
"185",-15,30.5
"185",-15,29.5
"185",-15,28.5
"185",-15,27.5
"185",-16,26.5
"185",-17,25.5
"185",-18,24.5
"185",-19,23.5
"185",-20,22.5
"185",-21,21.5
"185",-21,20.5
"185",-21,19.5
"185",-21,18.5
"185",-21,17.5
"185",-21,16.5
"185",-21,15.5
"185",-21,14.5
"185",-21,13.5
"185",-21,12.5
"185",-21,11.5
"185",-21,10.5
"185",-21,9.5
"185",-21,8.5
"185",-21,7.5
"185",-21,6.5
"185",-21,5.5
"185",-21,4.5
"185",-21,3.5
"185",-21,2.5
"185",-21,1.5
"185",-21,0.5
"185",-21,-0.5
"185",-21,-1.5
"185",-21,-2.5
"185",-21,-3.5
"185",-21,-4.5
"185",-22,-5.5
"185",-23,-6.5
"185",-24,-7.5
"185",-25,-8.5
"185",-26,-9.5
"185",-27,-10.5
"185",-28,-11.5
"185",-29,-12.5
"185",-30,-13.5
"185",-30,-14.5
"185",-30,-15.5
"185",-30,-16.5
"185",-30,-17.5
"185",-30,-18.5
"185",-30,-19.5
"185",-30,-20.5
"185",-30,-21.5
"185",-30,-22.5
"185",-30,-23.5
"185",-30,-24.5
"185",-30,-25.5
"185",-30,-26.5
"185",-30,-27.5
"185",-30,-28.5
"185",-30,-29.5
"185",-30,-30.5
"185",-30,-31.5
"185",-30,-32.5
"185",-29,-33.5
"185",-28,-34.5
"185",-27,-35.5
"185",-26,-36.5
"185",-25,-37.5
"185",-24,-38.5
"185",-23,-39.5
"185",-22,-40.5
"185",-21,-41.5
"185",-20,-42.5
"185",-19,-43.5
"185",-18,-44.5
"185",-17,-45.5
"185",-16,-46.5
"185",-15,-47.5
"185",-14,-48.5
"185",-13,-49.5
"185",-12,-50.5
"185",-11,-51.5
"185",-10,-51.5
"185",-9,-51.5
"185",-8,-51.5
"185",-7,-51.5
"185",-6,-51.5
"185",-5,-51.5
"185",-4,-51.5
"185",-3,-51.5
"185",-2,-51.5
"185",-1,-51.5
"185",0,-51.5
"185",1,-51.5
"185",2,-51.5
"185",3,-51.5
"185",4,-51.5
"185",5,-52.5
"185",6,-52.5
"185",7,-52.5
"185",8,-53.5
"185",9,-54.5
"185",10,-55.5
"185",11,-56.5
"185",12,-57.5
"185",13,-58.5
"185",14,-59.5
"185",15,-60.5
"185",16,-61.5
"185",17,-62.5
"185",18,-63.5
"185",19,-64.5
"185",20,-65.5
"186",10,76.5
"186",9,76.5
"186",8,76.5
"186",7,76.5
"186",6,76.5
"186",5,76.5
"186",4,76.5
"186",3,76.5
"186",2,76.5
"186",1,76.5
"186",0,76.5
"186",-1,76.5
"186",-2,76.5
"186",-3,76.5
"186",-4,76.5
"186",-5,76.5
"186",-6,76.5
"186",-7,76.5
"186",-8,76.5
"186",-9,76.5
"186",-10,76.5
"186",-11,76.5
"186",-12,76.5
"186",-13,76.5
"186",-14,76.5
"186",-15,76.5
"186",-16,76.5
"186",-16,75.5
"186",-16,74.5
"186",-16,73.5
"186",-16,72.5
"186",-17,72.5
"186",-18,72.5
"186",-18,71.5
"186",-19,71.5
"186",-19,70.5
"186",-19,69.5
"186",-19,68.5
"186",-20,68.5
"186",-21,68.5
"186",-22,68.5
"186",-23,67.5
"186",-24,66.5
"186",-25,66.5
"186",-26,66.5
"186",-27,66.5
"186",-28,66.5
"186",-29,66.5
"186",-30,66.5
"186",-31,66.5
"186",-32,65.5
"186",-33,64.5
"186",-34,63.5
"186",-35,62.5
"186",-35,61.5
"186",-34,60.5
"186",-33,59.5
"186",-32,58.5
"186",-31,57.5
"186",-30,56.5
"186",-29,55.5
"186",-28,54.5
"186",-27,53.5
"186",-26,52.5
"186",-25,51.5
"186",-24,50.5
"186",-23,49.5
"186",-22,48.5
"186",-21,47.5
"186",-20,46.5
"186",-19,45.5
"186",-18,44.5
"186",-17,43.5
"186",-16,42.5
"186",-15,41.5
"186",-14,40.5
"186",-14,39.5
"186",-14,38.5
"186",-14,37.5
"186",-14,36.5
"186",-14,35.5
"186",-14,34.5
"186",-14,33.5
"186",-14,32.5
"186",-14,31.5
"186",-14,30.5
"186",-14,29.5
"186",-15,28.5
"186",-15,27.5
"186",-16,26.5
"186",-17,25.5
"186",-18,24.5
"186",-19,23.5
"186",-20,22.5
"186",-21,21.5
"186",-22,20.5
"186",-22,19.5
"186",-22,18.5
"186",-23,17.5
"186",-24,16.5
"186",-25,15.5
"186",-26,14.5
"186",-27,13.5
"186",-28,12.5
"186",-28,11.5
"186",-28,10.5
"186",-28,9.5
"186",-28,8.5
"186",-28,7.5
"186",-28,6.5
"186",-28,5.5
"186",-28,4.5
"186",-28,3.5
"186",-28,2.5
"186",-28,1.5
"186",-28,0.5
"186",-28,-0.5
"186",-28,-1.5
"186",-28,-2.5
"186",-28,-3.5
"186",-28,-4.5
"186",-29,-5.5
"186",-30,-6.5
"186",-31,-7.5
"186",-32,-8.5
"186",-33,-9.5
"186",-34,-10.5
"186",-35,-11.5
"186",-36,-12.5
"186",-37,-13.5
"186",-38,-14.5
"186",-38,-15.5
"186",-38,-16.5
"186",-38,-17.5
"186",-38,-18.5
"186",-38,-19.5
"186",-38,-20.5
"186",-38,-21.5
"186",-38,-22.5
"186",-38,-23.5
"186",-38,-24.5
"186",-38,-25.5
"186",-38,-26.5
"186",-38,-27.5
"186",-38,-28.5
"186",-38,-29.5
"186",-38,-30.5
"186",-38,-31.5
"186",-38,-32.5
"186",-38,-33.5
"186",-38,-34.5
"186",-37,-35.5
"186",-36,-36.5
"186",-35,-37.5
"186",-34,-38.5
"186",-33,-39.5
"186",-32,-40.5
"186",-31,-41.5
"186",-30,-42.5
"186",-29,-43.5
"186",-28,-44.5
"186",-27,-45.5
"186",-26,-46.5
"186",-25,-47.5
"186",-24,-48.5
"186",-23,-49.5
"186",-22,-50.5
"186",-21,-50.5
"186",-20,-50.5
"186",-19,-50.5
"186",-18,-50.5
"186",-17,-50.5
"186",-16,-50.5
"186",-15,-50.5
"186",-14,-50.5
"186",-13,-50.5
"186",-12,-50.5
"186",-11,-50.5
"186",-10,-50.5
"186",-9,-50.5
"186",-8,-51.5
"186",-7,-52.5
"186",-6,-52.5
"186",-5,-52.5
"186",-4,-52.5
"186",-3,-52.5
"186",-2,-52.5
"186",-1,-52.5
"186",0,-52.5
"186",1,-52.5
"186",2,-52.5
"186",3,-52.5
"186",4,-52.5
"186",5,-52.5
"186",6,-52.5
"186",7,-52.5
"186",8,-53.5
"186",9,-54.5
"186",10,-55.5
"186",11,-56.5
"186",12,-57.5
"186",13,-58.5
"186",14,-59.5
"186",15,-60.5
"186",16,-61.5
"186",17,-62.5
"186",18,-63.5
"186",19,-64.5
"186",20,-65.5
"187",10,76.5
"187",9,76.5
"187",8,76.5
"187",7,76.5
"187",6,76.5
"187",5,76.5
"187",4,76.5
"187",3,76.5
"187",2,76.5
"187",1,76.5
"187",0,76.5
"187",-1,76.5
"187",-2,76.5
"187",-3,76.5
"187",-4,76.5
"187",-5,76.5
"187",-6,76.5
"187",-7,76.5
"187",-8,76.5
"187",-9,76.5
"187",-10,76.5
"187",-11,76.5
"187",-12,76.5
"187",-13,76.5
"187",-14,76.5
"187",-15,76.5
"187",-16,76.5
"187",-16,75.5
"187",-16,74.5
"187",-16,73.5
"187",-16,72.5
"187",-16,71.5
"187",-17,71.5
"187",-18,71.5
"187",-19,71.5
"187",-20,71.5
"187",-20,70.5
"187",-20,69.5
"187",-20,68.5
"187",-21,68.5
"187",-22,67.5
"187",-23,67.5
"187",-24,66.5
"187",-25,66.5
"187",-26,66.5
"187",-27,66.5
"187",-28,65.5
"187",-29,65.5
"187",-30,65.5
"187",-31,65.5
"187",-32,65.5
"187",-33,65.5
"187",-34,65.5
"187",-35,65.5
"187",-36,64.5
"187",-37,63.5
"187",-37,62.5
"187",-37,61.5
"187",-37,60.5
"187",-37,59.5
"187",-36,58.5
"187",-35,57.5
"187",-34,56.5
"187",-33,55.5
"187",-32,54.5
"187",-31,54.5
"187",-30,53.5
"187",-29,53.5
"187",-28,52.5
"187",-27,51.5
"187",-26,50.5
"187",-25,49.5
"187",-24,48.5
"187",-23,47.5
"187",-22,47.5
"187",-21,46.5
"187",-20,45.5
"187",-19,44.5
"187",-18,43.5
"187",-17,42.5
"187",-16,41.5
"187",-15,40.5
"187",-14,39.5
"187",-14,38.5
"187",-14,37.5
"187",-14,36.5
"187",-14,35.5
"187",-14,34.5
"187",-14,33.5
"187",-14,32.5
"187",-14,31.5
"187",-14,30.5
"187",-14,29.5
"187",-14,28.5
"187",-15,27.5
"187",-16,26.5
"187",-17,25.5
"187",-18,24.5
"187",-19,23.5
"187",-20,22.5
"187",-20,21.5
"187",-21,20.5
"187",-22,19.5
"187",-23,18.5
"187",-24,17.5
"187",-25,16.5
"187",-26,15.5
"187",-27,14.5
"187",-28,13.5
"187",-29,12.5
"187",-30,11.5
"187",-31,10.5
"187",-31,9.5
"187",-31,8.5
"187",-31,7.5
"187",-31,6.5
"187",-31,5.5
"187",-31,4.5
"187",-31,3.5
"187",-31,2.5
"187",-31,1.5
"187",-31,0.5
"187",-31,-0.5
"187",-31,-1.5
"187",-31,-2.5
"187",-31,-3.5
"187",-31,-4.5
"187",-31,-5.5
"187",-31,-6.5
"187",-31,-7.5
"187",-32,-8.5
"187",-33,-9.5
"187",-34,-10.5
"187",-35,-11.5
"187",-36,-12.5
"187",-37,-13.5
"187",-37,-14.5
"187",-37,-15.5
"187",-37,-16.5
"187",-37,-17.5
"187",-37,-18.5
"187",-37,-19.5
"187",-37,-20.5
"187",-37,-21.5
"187",-37,-22.5
"187",-37,-23.5
"187",-37,-24.5
"187",-37,-25.5
"187",-37,-26.5
"187",-37,-27.5
"187",-37,-28.5
"187",-36,-29.5
"187",-36,-30.5
"187",-36,-31.5
"187",-35,-32.5
"187",-35,-33.5
"187",-34,-34.5
"187",-33,-35.5
"187",-32,-36.5
"187",-31,-37.5
"187",-30,-38.5
"187",-29,-38.5
"187",-28,-39.5
"187",-27,-40.5
"187",-26,-41.5
"187",-25,-42.5
"187",-24,-43.5
"187",-23,-43.5
"187",-22,-43.5
"187",-21,-43.5
"187",-20,-44.5
"187",-19,-45.5
"187",-18,-45.5
"187",-17,-46.5
"187",-16,-46.5
"187",-15,-47.5
"187",-14,-47.5
"187",-13,-48.5
"187",-12,-48.5
"187",-11,-48.5
"187",-10,-49.5
"187",-9,-49.5
"187",-8,-50.5
"187",-7,-50.5
"187",-6,-50.5
"187",-5,-51.5
"187",-4,-51.5
"187",-3,-52.5
"187",-2,-52.5
"187",-1,-52.5
"187",0,-53.5
"187",1,-53.5
"187",2,-53.5
"187",3,-53.5
"187",4,-53.5
"187",5,-53.5
"187",6,-54.5
"187",7,-54.5
"187",8,-55.5
"187",9,-55.5
"187",10,-56.5
"187",11,-56.5
"187",12,-57.5
"187",13,-57.5
"187",14,-58.5
"187",15,-59.5
"187",16,-60.5
"187",17,-61.5
"187",18,-62.5
"187",19,-63.5
"187",20,-64.5
"187",20,-65.5
"188",10,76.5
"188",9,76.5
"188",8,76.5
"188",7,76.5
"188",6,76.5
"188",5,76.5
"188",4,76.5
"188",3,76.5
"188",2,76.5
"188",1,76.5
"188",0,76.5
"188",-1,76.5
"188",-2,76.5
"188",-3,76.5
"188",-4,76.5
"188",-5,76.5
"188",-6,76.5
"188",-7,76.5
"188",-8,76.5
"188",-9,76.5
"188",-10,76.5
"188",-11,76.5
"188",-12,76.5
"188",-13,76.5
"188",-13,75.5
"188",-13,74.5
"188",-13,73.5
"188",-13,72.5
"188",-14,72.5
"188",-15,71.5
"188",-16,71.5
"188",-17,71.5
"188",-18,71.5
"188",-19,71.5
"188",-20,71.5
"188",-20,70.5
"188",-20,69.5
"188",-20,68.5
"188",-21,68.5
"188",-22,67.5
"188",-23,67.5
"188",-24,66.5
"188",-25,66.5
"188",-26,66.5
"188",-27,66.5
"188",-28,65.5
"188",-29,65.5
"188",-30,65.5
"188",-31,65.5
"188",-32,65.5
"188",-33,65.5
"188",-34,65.5
"188",-35,65.5
"188",-36,65.5
"188",-37,64.5
"188",-37,63.5
"188",-37,62.5
"188",-37,61.5
"188",-37,60.5
"188",-37,59.5
"188",-37,58.5
"188",-36,57.5
"188",-35,56.5
"188",-34,55.5
"188",-33,55.5
"188",-32,54.5
"188",-31,54.5
"188",-30,53.5
"188",-29,53.5
"188",-28,52.5
"188",-27,51.5
"188",-26,50.5
"188",-25,49.5
"188",-24,48.5
"188",-23,47.5
"188",-22,46.5
"188",-21,45.5
"188",-20,44.5
"188",-19,43.5
"188",-18,42.5
"188",-18,41.5
"188",-18,40.5
"188",-18,39.5
"188",-18,38.5
"188",-18,37.5
"188",-18,36.5
"188",-18,35.5
"188",-18,34.5
"188",-18,33.5
"188",-18,32.5
"188",-18,31.5
"188",-18,30.5
"188",-18,29.5
"188",-18,28.5
"188",-18,27.5
"188",-18,26.5
"188",-18,25.5
"188",-18,24.5
"188",-18,23.5
"188",-18,22.5
"188",-18,21.5
"188",-18,20.5
"188",-18,19.5
"188",-18,18.5
"188",-18,17.5
"188",-18,16.5
"188",-18,15.5
"188",-18,14.5
"188",-18,13.5
"188",-18,12.5
"188",-18,11.5
"188",-18,10.5
"188",-18,9.5
"188",-18,8.5
"188",-18,7.5
"188",-18,6.5
"188",-18,5.5
"188",-18,4.5
"188",-18,3.5
"188",-18,2.5
"188",-18,1.5
"188",-18,0.5
"188",-18,-0.5
"188",-18,-1.5
"188",-18,-2.5
"188",-18,-3.5
"188",-19,-4.5
"188",-20,-5.5
"188",-21,-6.5
"188",-22,-7.5
"188",-23,-8.5
"188",-23,-9.5
"188",-24,-10.5
"188",-25,-11.5
"188",-26,-12.5
"188",-27,-13.5
"188",-27,-14.5
"188",-27,-15.5
"188",-27,-16.5
"188",-27,-17.5
"188",-27,-18.5
"188",-27,-19.5
"188",-27,-20.5
"188",-27,-21.5
"188",-27,-22.5
"188",-27,-23.5
"188",-27,-24.5
"188",-27,-25.5
"188",-27,-26.5
"188",-27,-27.5
"188",-27,-28.5
"188",-27,-29.5
"188",-27,-30.5
"188",-27,-31.5
"188",-27,-32.5
"188",-27,-33.5
"188",-27,-34.5
"188",-27,-35.5
"188",-27,-36.5
"188",-27,-37.5
"188",-26,-38.5
"188",-25,-38.5
"188",-24,-39.5
"188",-23,-39.5
"188",-22,-39.5
"188",-21,-40.5
"188",-20,-41.5
"188",-19,-42.5
"188",-18,-42.5
"188",-17,-43.5
"188",-16,-43.5
"188",-15,-44.5
"188",-14,-44.5
"188",-13,-45.5
"188",-12,-45.5
"188",-11,-45.5
"188",-10,-46.5
"188",-9,-46.5
"188",-8,-47.5
"188",-7,-47.5
"188",-6,-48.5
"188",-5,-48.5
"188",-4,-49.5
"188",-3,-49.5
"188",-2,-49.5
"188",-1,-50.5
"188",0,-51.5
"188",1,-52.5
"188",2,-52.5
"188",3,-53.5
"188",4,-53.5
"188",5,-53.5
"188",6,-54.5
"188",7,-54.5
"188",8,-55.5
"188",9,-55.5
"188",10,-56.5
"188",11,-56.5
"188",12,-57.5
"188",13,-57.5
"188",14,-58.5
"188",15,-59.5
"188",16,-60.5
"188",17,-60.5
"188",18,-61.5
"188",19,-62.5
"188",20,-63.5
"188",20,-64.5
"188",20,-65.5
"189",10,76.5
"189",9,76.5
"189",8,76.5
"189",7,76.5
"189",6,76.5
"189",5,76.5
"189",4,76.5
"189",3,76.5
"189",2,76.5
"189",1,76.5
"189",0,76.5
"189",-1,76.5
"189",-2,76.5
"189",-3,76.5
"189",-4,76.5
"189",-5,76.5
"189",-6,76.5
"189",-7,76.5
"189",-8,76.5
"189",-9,76.5
"189",-10,76.5
"189",-11,76.5
"189",-12,76.5
"189",-13,76.5
"189",-14,76.5
"189",-15,76.5
"189",-16,76.5
"189",-16,75.5
"189",-16,74.5
"189",-16,73.5
"189",-16,72.5
"189",-17,72.5
"189",-18,72.5
"189",-18,71.5
"189",-19,71.5
"189",-19,70.5
"189",-19,69.5
"189",-19,68.5
"189",-20,68.5
"189",-21,68.5
"189",-22,68.5
"189",-23,67.5
"189",-24,67.5
"189",-25,66.5
"189",-26,66.5
"189",-27,66.5
"189",-28,66.5
"189",-29,66.5
"189",-30,66.5
"189",-31,65.5
"189",-32,64.5
"189",-33,63.5
"189",-34,62.5
"189",-34,61.5
"189",-33,60.5
"189",-32,59.5
"189",-31,58.5
"189",-30,57.5
"189",-29,56.5
"189",-28,55.5
"189",-27,54.5
"189",-26,53.5
"189",-25,52.5
"189",-24,51.5
"189",-23,50.5
"189",-22,49.5
"189",-21,48.5
"189",-20,47.5
"189",-19,46.5
"189",-18,45.5
"189",-17,44.5
"189",-16,43.5
"189",-15,42.5
"189",-14,41.5
"189",-14,40.5
"189",-14,39.5
"189",-14,38.5
"189",-14,37.5
"189",-14,36.5
"189",-14,35.5
"189",-14,34.5
"189",-14,33.5
"189",-14,32.5
"189",-14,31.5
"189",-14,30.5
"189",-14,29.5
"189",-15,28.5
"189",-15,27.5
"189",-16,26.5
"189",-17,25.5
"189",-18,24.5
"189",-19,23.5
"189",-20,22.5
"189",-21,21.5
"189",-21,20.5
"189",-21,19.5
"189",-22,18.5
"189",-23,17.5
"189",-24,16.5
"189",-25,15.5
"189",-26,14.5
"189",-27,13.5
"189",-27,12.5
"189",-27,11.5
"189",-27,10.5
"189",-27,9.5
"189",-27,8.5
"189",-27,7.5
"189",-27,6.5
"189",-27,5.5
"189",-27,4.5
"189",-27,3.5
"189",-27,2.5
"189",-27,1.5
"189",-27,0.5
"189",-27,-0.5
"189",-27,-1.5
"189",-27,-2.5
"189",-27,-3.5
"189",-28,-4.5
"189",-29,-5.5
"189",-30,-6.5
"189",-31,-7.5
"189",-32,-8.5
"189",-33,-9.5
"189",-34,-10.5
"189",-35,-11.5
"189",-36,-12.5
"189",-37,-13.5
"189",-38,-14.5
"189",-38,-15.5
"189",-38,-16.5
"189",-38,-17.5
"189",-38,-18.5
"189",-38,-19.5
"189",-38,-20.5
"189",-38,-21.5
"189",-38,-22.5
"189",-38,-23.5
"189",-38,-24.5
"189",-38,-25.5
"189",-38,-26.5
"189",-38,-27.5
"189",-38,-28.5
"189",-38,-29.5
"189",-38,-30.5
"189",-38,-31.5
"189",-38,-32.5
"189",-38,-33.5
"189",-38,-34.5
"189",-37,-35.5
"189",-36,-36.5
"189",-35,-37.5
"189",-34,-38.5
"189",-33,-39.5
"189",-32,-40.5
"189",-31,-41.5
"189",-30,-42.5
"189",-29,-43.5
"189",-28,-44.5
"189",-27,-45.5
"189",-26,-46.5
"189",-25,-47.5
"189",-24,-48.5
"189",-23,-49.5
"189",-22,-50.5
"189",-21,-51.5
"189",-20,-51.5
"189",-19,-51.5
"189",-18,-51.5
"189",-17,-51.5
"189",-16,-51.5
"189",-15,-51.5
"189",-14,-51.5
"189",-13,-51.5
"189",-12,-51.5
"189",-11,-51.5
"189",-10,-51.5
"189",-9,-51.5
"189",-8,-51.5
"189",-7,-51.5
"189",-6,-51.5
"189",-5,-51.5
"189",-4,-51.5
"189",-3,-51.5
"189",-2,-51.5
"189",-1,-51.5
"189",0,-51.5
"189",1,-51.5
"189",2,-51.5
"189",3,-51.5
"189",4,-51.5
"189",5,-51.5
"189",6,-52.5
"189",7,-52.5
"189",8,-53.5
"189",9,-54.5
"189",10,-55.5
"189",11,-56.5
"189",12,-57.5
"189",13,-58.5
"189",14,-59.5
"189",15,-60.5
"189",16,-61.5
"189",17,-62.5
"189",18,-63.5
"189",19,-64.5
"189",20,-65.5
"190",10,76.5
"190",9,76.5
"190",8,76.5
"190",7,76.5
"190",6,76.5
"190",5,76.5
"190",4,76.5
"190",3,76.5
"190",2,76.5
"190",1,76.5
"190",0,76.5
"190",-1,76.5
"190",-2,76.5
"190",-3,76.5
"190",-4,76.5
"190",-5,76.5
"190",-6,76.5
"190",-7,76.5
"190",-8,76.5
"190",-9,76.5
"190",-10,76.5
"190",-11,76.5
"190",-12,76.5
"190",-13,76.5
"190",-14,76.5
"190",-15,76.5
"190",-16,76.5
"190",-16,75.5
"190",-16,74.5
"190",-16,73.5
"190",-16,72.5
"190",-16,71.5
"190",-17,71.5
"190",-18,71.5
"190",-19,71.5
"190",-20,71.5
"190",-20,70.5
"190",-20,69.5
"190",-20,68.5
"190",-21,68.5
"190",-22,67.5
"190",-23,67.5
"190",-24,66.5
"190",-25,66.5
"190",-26,66.5
"190",-27,66.5
"190",-28,65.5
"190",-29,65.5
"190",-30,65.5
"190",-31,65.5
"190",-32,65.5
"190",-33,65.5
"190",-34,65.5
"190",-35,65.5
"190",-36,65.5
"190",-37,64.5
"190",-37,63.5
"190",-37,62.5
"190",-37,61.5
"190",-37,60.5
"190",-36,59.5
"190",-35,58.5
"190",-34,57.5
"190",-33,56.5
"190",-32,55.5
"190",-31,55.5
"190",-30,54.5
"190",-29,53.5
"190",-28,52.5
"190",-27,51.5
"190",-26,50.5
"190",-25,49.5
"190",-24,48.5
"190",-23,47.5
"190",-22,46.5
"190",-21,45.5
"190",-20,44.5
"190",-19,43.5
"190",-18,42.5
"190",-18,41.5
"190",-18,40.5
"190",-18,39.5
"190",-18,38.5
"190",-18,37.5
"190",-18,36.5
"190",-18,35.5
"190",-18,34.5
"190",-18,33.5
"190",-18,32.5
"190",-18,31.5
"190",-18,30.5
"190",-18,29.5
"190",-18,28.5
"190",-18,27.5
"190",-18,26.5
"190",-18,25.5
"190",-18,24.5
"190",-18,23.5
"190",-18,22.5
"190",-18,21.5
"190",-18,20.5
"190",-18,19.5
"190",-18,18.5
"190",-18,17.5
"190",-18,16.5
"190",-18,15.5
"190",-18,14.5
"190",-18,13.5
"190",-18,12.5
"190",-18,11.5
"190",-18,10.5
"190",-18,9.5
"190",-18,8.5
"190",-18,7.5
"190",-18,6.5
"190",-18,5.5
"190",-18,4.5
"190",-18,3.5
"190",-18,2.5
"190",-18,1.5
"190",-18,0.5
"190",-18,-0.5
"190",-18,-1.5
"190",-18,-2.5
"190",-18,-3.5
"190",-18,-4.5
"190",-19,-5.5
"190",-20,-6.5
"190",-21,-7.5
"190",-22,-8.5
"190",-23,-9.5
"190",-24,-10.5
"190",-25,-11.5
"190",-26,-12.5
"190",-27,-13.5
"190",-27,-14.5
"190",-27,-15.5
"190",-27,-16.5
"190",-27,-17.5
"190",-27,-18.5
"190",-27,-19.5
"190",-27,-20.5
"190",-27,-21.5
"190",-27,-22.5
"190",-27,-23.5
"190",-27,-24.5
"190",-27,-25.5
"190",-27,-26.5
"190",-27,-27.5
"190",-27,-28.5
"190",-27,-29.5
"190",-27,-30.5
"190",-27,-31.5
"190",-27,-32.5
"190",-27,-33.5
"190",-27,-34.5
"190",-26,-35.5
"190",-25,-36.5
"190",-24,-37.5
"190",-23,-38.5
"190",-22,-39.5
"190",-21,-40.5
"190",-20,-41.5
"190",-19,-42.5
"190",-18,-42.5
"190",-17,-43.5
"190",-16,-43.5
"190",-15,-44.5
"190",-14,-44.5
"190",-13,-45.5
"190",-12,-45.5
"190",-11,-45.5
"190",-10,-46.5
"190",-9,-46.5
"190",-8,-47.5
"190",-7,-47.5
"190",-6,-48.5
"190",-5,-48.5
"190",-4,-49.5
"190",-3,-49.5
"190",-2,-49.5
"190",-1,-50.5
"190",0,-51.5
"190",1,-52.5
"190",2,-52.5
"190",3,-53.5
"190",4,-53.5
"190",5,-53.5
"190",6,-54.5
"190",7,-54.5
"190",8,-55.5
"190",9,-55.5
"190",10,-56.5
"190",11,-56.5
"190",12,-57.5
"190",13,-57.5
"190",14,-58.5
"190",15,-59.5
"190",16,-60.5
"190",17,-61.5
"190",18,-62.5
"190",19,-63.5
"190",20,-64.5
"190",20,-65.5
"191",10,76.5
"191",9,76.5
"191",8,76.5
"191",7,76.5
"191",6,76.5
"191",5,76.5
"191",4,76.5
"191",3,76.5
"191",2,76.5
"191",1,76.5
"191",0,76.5
"191",-1,76.5
"191",-2,76.5
"191",-3,76.5
"191",-4,76.5
"191",-5,76.5
"191",-6,76.5
"191",-7,76.5
"191",-8,76.5
"191",-9,76.5
"191",-10,76.5
"191",-11,76.5
"191",-12,76.5
"191",-13,76.5
"191",-14,76.5
"191",-15,76.5
"191",-16,76.5
"191",-16,75.5
"191",-16,74.5
"191",-16,73.5
"191",-16,72.5
"191",-17,72.5
"191",-17,71.5
"191",-18,71.5
"191",-19,71.5
"191",-19,70.5
"191",-19,69.5
"191",-19,68.5
"191",-20,68.5
"191",-21,68.5
"191",-22,68.5
"191",-23,67.5
"191",-24,67.5
"191",-25,67.5
"191",-26,67.5
"191",-27,66.5
"191",-28,66.5
"191",-29,66.5
"191",-30,66.5
"191",-31,66.5
"191",-32,65.5
"191",-33,64.5
"191",-34,63.5
"191",-34,62.5
"191",-34,61.5
"191",-34,60.5
"191",-33,59.5
"191",-32,58.5
"191",-31,57.5
"191",-30,56.5
"191",-29,55.5
"191",-28,54.5
"191",-27,53.5
"191",-26,52.5
"191",-25,51.5
"191",-24,50.5
"191",-23,49.5
"191",-22,48.5
"191",-21,47.5
"191",-20,46.5
"191",-19,45.5
"191",-18,44.5
"191",-17,43.5
"191",-16,42.5
"191",-15,41.5
"191",-15,40.5
"191",-15,39.5
"191",-15,38.5
"191",-15,37.5
"191",-15,36.5
"191",-15,35.5
"191",-15,34.5
"191",-15,33.5
"191",-15,32.5
"191",-15,31.5
"191",-15,30.5
"191",-15,29.5
"191",-15,28.5
"191",-15,27.5
"191",-16,26.5
"191",-17,25.5
"191",-18,24.5
"191",-19,23.5
"191",-20,22.5
"191",-21,21.5
"191",-21,20.5
"191",-21,19.5
"191",-21,18.5
"191",-22,17.5
"191",-23,16.5
"191",-23,15.5
"191",-23,14.5
"191",-23,13.5
"191",-23,12.5
"191",-23,11.5
"191",-23,10.5
"191",-23,9.5
"191",-23,8.5
"191",-23,7.5
"191",-23,6.5
"191",-23,5.5
"191",-23,4.5
"191",-23,3.5
"191",-23,2.5
"191",-23,1.5
"191",-23,0.5
"191",-23,-0.5
"191",-23,-1.5
"191",-24,-2.5
"191",-25,-3.5
"191",-26,-4.5
"191",-27,-5.5
"191",-28,-6.5
"191",-29,-7.5
"191",-30,-8.5
"191",-31,-9.5
"191",-32,-10.5
"191",-33,-11.5
"191",-34,-12.5
"191",-35,-13.5
"191",-36,-14.5
"191",-36,-15.5
"191",-36,-16.5
"191",-36,-17.5
"191",-36,-18.5
"191",-36,-19.5
"191",-36,-20.5
"191",-36,-21.5
"191",-36,-22.5
"191",-36,-23.5
"191",-36,-24.5
"191",-36,-25.5
"191",-36,-26.5
"191",-36,-27.5
"191",-36,-28.5
"191",-36,-29.5
"191",-36,-30.5
"191",-36,-31.5
"191",-36,-32.5
"191",-36,-33.5
"191",-35,-34.5
"191",-34,-35.5
"191",-33,-36.5
"191",-32,-37.5
"191",-31,-38.5
"191",-30,-39.5
"191",-29,-40.5
"191",-28,-41.5
"191",-27,-42.5
"191",-26,-43.5
"191",-25,-44.5
"191",-24,-45.5
"191",-23,-46.5
"191",-22,-47.5
"191",-21,-48.5
"191",-20,-49.5
"191",-19,-50.5
"191",-18,-51.5
"191",-17,-51.5
"191",-16,-51.5
"191",-15,-51.5
"191",-14,-51.5
"191",-13,-51.5
"191",-12,-51.5
"191",-11,-51.5
"191",-10,-51.5
"191",-9,-51.5
"191",-8,-51.5
"191",-7,-51.5
"191",-6,-51.5
"191",-5,-51.5
"191",-4,-51.5
"191",-3,-51.5
"191",-2,-51.5
"191",-1,-51.5
"191",0,-51.5
"191",1,-51.5
"191",2,-51.5
"191",3,-51.5
"191",4,-51.5
"191",5,-51.5
"191",6,-51.5
"191",7,-52.5
"191",8,-53.5
"191",9,-54.5
"191",10,-55.5
"191",11,-56.5
"191",12,-57.5
"191",13,-58.5
"191",14,-59.5
"191",15,-60.5
"191",16,-61.5
"191",17,-62.5
"191",18,-63.5
"191",19,-64.5
"191",20,-65.5
"192",10,76.5
"192",9,76.5
"192",8,76.5
"192",7,76.5
"192",6,76.5
"192",5,76.5
"192",4,76.5
"192",3,76.5
"192",2,76.5
"192",1,76.5
"192",0,76.5
"192",-1,76.5
"192",-2,76.5
"192",-3,76.5
"192",-4,76.5
"192",-5,76.5
"192",-6,76.5
"192",-7,76.5
"192",-8,76.5
"192",-9,76.5
"192",-10,76.5
"192",-11,76.5
"192",-12,76.5
"192",-13,76.5
"192",-14,76.5
"192",-15,76.5
"192",-16,76.5
"192",-16,75.5
"192",-16,74.5
"192",-16,73.5
"192",-16,72.5
"192",-17,72.5
"192",-17,71.5
"192",-18,71.5
"192",-19,71.5
"192",-19,70.5
"192",-19,69.5
"192",-19,68.5
"192",-20,68.5
"192",-21,68.5
"192",-22,68.5
"192",-23,67.5
"192",-24,67.5
"192",-25,66.5
"192",-26,66.5
"192",-27,66.5
"192",-28,66.5
"192",-29,66.5
"192",-30,66.5
"192",-31,66.5
"192",-32,65.5
"192",-33,64.5
"192",-34,63.5
"192",-35,62.5
"192",-35,61.5
"192",-34,60.5
"192",-33,59.5
"192",-32,58.5
"192",-31,57.5
"192",-30,56.5
"192",-29,55.5
"192",-28,54.5
"192",-27,53.5
"192",-26,52.5
"192",-25,51.5
"192",-24,50.5
"192",-23,49.5
"192",-22,48.5
"192",-21,47.5
"192",-20,46.5
"192",-19,45.5
"192",-18,44.5
"192",-17,43.5
"192",-16,42.5
"192",-15,41.5
"192",-14,40.5
"192",-14,39.5
"192",-14,38.5
"192",-14,37.5
"192",-14,36.5
"192",-14,35.5
"192",-14,34.5
"192",-14,33.5
"192",-14,32.5
"192",-14,31.5
"192",-14,30.5
"192",-14,29.5
"192",-15,28.5
"192",-15,27.5
"192",-16,26.5
"192",-17,25.5
"192",-18,24.5
"192",-19,23.5
"192",-20,22.5
"192",-21,21.5
"192",-21,20.5
"192",-21,19.5
"192",-21,18.5
"192",-22,17.5
"192",-23,16.5
"192",-24,15.5
"192",-25,14.5
"192",-25,13.5
"192",-25,12.5
"192",-25,11.5
"192",-25,10.5
"192",-25,9.5
"192",-25,8.5
"192",-25,7.5
"192",-25,6.5
"192",-25,5.5
"192",-25,4.5
"192",-25,3.5
"192",-25,2.5
"192",-25,1.5
"192",-25,0.5
"192",-25,-0.5
"192",-25,-1.5
"192",-25,-2.5
"192",-26,-3.5
"192",-27,-4.5
"192",-28,-5.5
"192",-29,-6.5
"192",-30,-7.5
"192",-31,-8.5
"192",-32,-9.5
"192",-33,-10.5
"192",-34,-11.5
"192",-35,-12.5
"192",-36,-13.5
"192",-37,-14.5
"192",-38,-15.5
"192",-38,-16.5
"192",-38,-17.5
"192",-38,-18.5
"192",-38,-19.5
"192",-38,-20.5
"192",-38,-21.5
"192",-38,-22.5
"192",-38,-23.5
"192",-38,-24.5
"192",-38,-25.5
"192",-38,-26.5
"192",-38,-27.5
"192",-38,-28.5
"192",-38,-29.5
"192",-38,-30.5
"192",-38,-31.5
"192",-38,-32.5
"192",-38,-33.5
"192",-38,-34.5
"192",-37,-35.5
"192",-36,-36.5
"192",-35,-37.5
"192",-34,-38.5
"192",-33,-39.5
"192",-32,-40.5
"192",-31,-41.5
"192",-30,-42.5
"192",-29,-43.5
"192",-28,-44.5
"192",-27,-45.5
"192",-26,-46.5
"192",-25,-47.5
"192",-24,-48.5
"192",-23,-49.5
"192",-22,-50.5
"192",-21,-50.5
"192",-20,-50.5
"192",-19,-50.5
"192",-18,-50.5
"192",-17,-50.5
"192",-16,-50.5
"192",-15,-50.5
"192",-14,-50.5
"192",-13,-50.5
"192",-12,-50.5
"192",-11,-50.5
"192",-10,-50.5
"192",-9,-50.5
"192",-8,-51.5
"192",-7,-51.5
"192",-6,-51.5
"192",-5,-51.5
"192",-4,-51.5
"192",-3,-51.5
"192",-2,-51.5
"192",-1,-51.5
"192",0,-51.5
"192",1,-51.5
"192",2,-51.5
"192",3,-51.5
"192",4,-51.5
"192",5,-51.5
"192",6,-51.5
"192",7,-52.5
"192",8,-53.5
"192",9,-54.5
"192",10,-55.5
"192",11,-56.5
"192",12,-57.5
"192",13,-58.5
"192",14,-59.5
"192",15,-60.5
"192",16,-61.5
"192",17,-62.5
"192",18,-63.5
"192",19,-64.5
"192",20,-65.5
"193",10,76.5
"193",9,76.5
"193",8,76.5
"193",7,76.5
"193",6,76.5
"193",5,76.5
"193",4,76.5
"193",3,76.5
"193",2,76.5
"193",1,76.5
"193",0,76.5
"193",-1,76.5
"193",-2,76.5
"193",-3,76.5
"193",-4,76.5
"193",-5,76.5
"193",-6,76.5
"193",-7,76.5
"193",-8,76.5
"193",-9,76.5
"193",-10,76.5
"193",-11,76.5
"193",-12,76.5
"193",-13,76.5
"193",-14,76.5
"193",-15,76.5
"193",-16,76.5
"193",-16,75.5
"193",-16,74.5
"193",-16,73.5
"193",-16,72.5
"193",-16,71.5
"193",-17,71.5
"193",-18,71.5
"193",-19,71.5
"193",-20,71.5
"193",-20,70.5
"193",-20,69.5
"193",-20,68.5
"193",-21,68.5
"193",-22,67.5
"193",-23,67.5
"193",-24,66.5
"193",-25,66.5
"193",-26,66.5
"193",-27,66.5
"193",-28,65.5
"193",-29,65.5
"193",-30,65.5
"193",-31,65.5
"193",-32,65.5
"193",-33,65.5
"193",-34,65.5
"193",-35,65.5
"193",-36,65.5
"193",-37,64.5
"193",-37,63.5
"193",-37,62.5
"193",-37,61.5
"193",-37,60.5
"193",-37,59.5
"193",-36,58.5
"193",-35,57.5
"193",-34,56.5
"193",-33,55.5
"193",-32,54.5
"193",-31,54.5
"193",-30,53.5
"193",-29,53.5
"193",-28,52.5
"193",-27,51.5
"193",-26,50.5
"193",-25,49.5
"193",-24,48.5
"193",-23,47.5
"193",-22,46.5
"193",-21,45.5
"193",-20,44.5
"193",-19,43.5
"193",-18,42.5
"193",-18,41.5
"193",-18,40.5
"193",-18,39.5
"193",-18,38.5
"193",-18,37.5
"193",-18,36.5
"193",-18,35.5
"193",-18,34.5
"193",-18,33.5
"193",-18,32.5
"193",-18,31.5
"193",-18,30.5
"193",-18,29.5
"193",-18,28.5
"193",-18,27.5
"193",-18,26.5
"193",-18,25.5
"193",-18,24.5
"193",-18,23.5
"193",-19,22.5
"193",-20,21.5
"193",-20,20.5
"193",-21,19.5
"193",-22,18.5
"193",-23,17.5
"193",-24,16.5
"193",-25,15.5
"193",-26,14.5
"193",-27,13.5
"193",-28,12.5
"193",-29,11.5
"193",-29,10.5
"193",-29,9.5
"193",-29,8.5
"193",-29,7.5
"193",-29,6.5
"193",-29,5.5
"193",-29,4.5
"193",-29,3.5
"193",-29,2.5
"193",-29,1.5
"193",-29,0.5
"193",-29,-0.5
"193",-29,-1.5
"193",-29,-2.5
"193",-29,-3.5
"193",-29,-4.5
"193",-29,-5.5
"193",-30,-6.5
"193",-31,-7.5
"193",-32,-8.5
"193",-33,-9.5
"193",-34,-10.5
"193",-35,-11.5
"193",-36,-12.5
"193",-37,-13.5
"193",-37,-14.5
"193",-37,-15.5
"193",-37,-16.5
"193",-37,-17.5
"193",-37,-18.5
"193",-37,-19.5
"193",-37,-20.5
"193",-37,-21.5
"193",-37,-22.5
"193",-37,-23.5
"193",-37,-24.5
"193",-37,-25.5
"193",-37,-26.5
"193",-37,-27.5
"193",-37,-28.5
"193",-36,-29.5
"193",-36,-30.5
"193",-36,-31.5
"193",-35,-32.5
"193",-35,-33.5
"193",-34,-34.5
"193",-33,-35.5
"193",-32,-36.5
"193",-31,-37.5
"193",-30,-38.5
"193",-29,-38.5
"193",-28,-39.5
"193",-27,-40.5
"193",-26,-41.5
"193",-25,-42.5
"193",-24,-43.5
"193",-23,-43.5
"193",-22,-43.5
"193",-21,-43.5
"193",-20,-44.5
"193",-19,-45.5
"193",-18,-45.5
"193",-17,-46.5
"193",-16,-46.5
"193",-15,-47.5
"193",-14,-47.5
"193",-13,-48.5
"193",-12,-48.5
"193",-11,-48.5
"193",-10,-48.5
"193",-9,-48.5
"193",-8,-49.5
"193",-7,-49.5
"193",-6,-49.5
"193",-5,-50.5
"193",-4,-50.5
"193",-3,-51.5
"193",-2,-51.5
"193",-1,-51.5
"193",0,-52.5
"193",1,-53.5
"193",2,-53.5
"193",3,-53.5
"193",4,-53.5
"193",5,-53.5
"193",6,-54.5
"193",7,-54.5
"193",8,-55.5
"193",9,-55.5
"193",10,-56.5
"193",11,-56.5
"193",12,-57.5
"193",13,-57.5
"193",14,-58.5
"193",15,-59.5
"193",16,-60.5
"193",17,-61.5
"193",18,-62.5
"193",19,-63.5
"193",20,-64.5
"193",20,-65.5
"194",10,76.5
"194",9,76.5
"194",8,76.5
"194",7,76.5
"194",6,76.5
"194",5,76.5
"194",4,76.5
"194",3,76.5
"194",2,76.5
"194",1,76.5
"194",0,76.5
"194",-1,76.5
"194",-2,76.5
"194",-3,76.5
"194",-4,76.5
"194",-5,76.5
"194",-6,76.5
"194",-7,76.5
"194",-8,76.5
"194",-9,76.5
"194",-10,76.5
"194",-11,76.5
"194",-12,76.5
"194",-13,76.5
"194",-14,76.5
"194",-15,76.5
"194",-16,76.5
"194",-16,75.5
"194",-16,74.5
"194",-16,73.5
"194",-16,72.5
"194",-17,72.5
"194",-17,71.5
"194",-18,71.5
"194",-19,71.5
"194",-19,70.5
"194",-19,69.5
"194",-19,68.5
"194",-20,68.5
"194",-21,68.5
"194",-22,68.5
"194",-23,67.5
"194",-24,67.5
"194",-25,67.5
"194",-26,67.5
"194",-27,66.5
"194",-28,66.5
"194",-29,66.5
"194",-30,66.5
"194",-31,66.5
"194",-32,65.5
"194",-33,65.5
"194",-34,65.5
"194",-35,64.5
"194",-36,63.5
"194",-36,62.5
"194",-36,61.5
"194",-36,60.5
"194",-35,59.5
"194",-34,58.5
"194",-33,57.5
"194",-32,56.5
"194",-31,55.5
"194",-30,54.5
"194",-29,53.5
"194",-28,52.5
"194",-27,51.5
"194",-26,50.5
"194",-25,49.5
"194",-24,48.5
"194",-23,47.5
"194",-22,46.5
"194",-21,45.5
"194",-20,44.5
"194",-19,43.5
"194",-18,42.5
"194",-17,41.5
"194",-16,40.5
"194",-15,39.5
"194",-15,38.5
"194",-15,37.5
"194",-15,36.5
"194",-15,35.5
"194",-15,34.5
"194",-15,33.5
"194",-15,32.5
"194",-15,31.5
"194",-15,30.5
"194",-15,29.5
"194",-15,28.5
"194",-15,27.5
"194",-16,26.5
"194",-17,25.5
"194",-18,24.5
"194",-19,23.5
"194",-20,22.5
"194",-21,21.5
"194",-21,20.5
"194",-21,19.5
"194",-21,18.5
"194",-22,17.5
"194",-23,16.5
"194",-23,15.5
"194",-23,14.5
"194",-23,13.5
"194",-23,12.5
"194",-23,11.5
"194",-23,10.5
"194",-23,9.5
"194",-23,8.5
"194",-23,7.5
"194",-23,6.5
"194",-23,5.5
"194",-23,4.5
"194",-23,3.5
"194",-23,2.5
"194",-23,1.5
"194",-23,0.5
"194",-23,-0.5
"194",-24,-1.5
"194",-25,-2.5
"194",-26,-3.5
"194",-27,-4.5
"194",-28,-5.5
"194",-29,-6.5
"194",-30,-7.5
"194",-31,-8.5
"194",-32,-9.5
"194",-33,-10.5
"194",-34,-11.5
"194",-35,-12.5
"194",-36,-13.5
"194",-37,-14.5
"194",-38,-15.5
"194",-38,-16.5
"194",-38,-17.5
"194",-38,-18.5
"194",-38,-19.5
"194",-38,-20.5
"194",-38,-21.5
"194",-38,-22.5
"194",-38,-23.5
"194",-38,-24.5
"194",-38,-25.5
"194",-38,-26.5
"194",-38,-27.5
"194",-38,-28.5
"194",-38,-29.5
"194",-38,-30.5
"194",-38,-31.5
"194",-38,-32.5
"194",-38,-33.5
"194",-38,-34.5
"194",-37,-35.5
"194",-36,-36.5
"194",-35,-37.5
"194",-34,-38.5
"194",-33,-39.5
"194",-32,-40.5
"194",-31,-41.5
"194",-30,-42.5
"194",-29,-43.5
"194",-28,-44.5
"194",-27,-45.5
"194",-26,-46.5
"194",-25,-47.5
"194",-24,-48.5
"194",-23,-49.5
"194",-22,-50.5
"194",-21,-51.5
"194",-20,-51.5
"194",-19,-51.5
"194",-18,-51.5
"194",-17,-51.5
"194",-16,-51.5
"194",-15,-51.5
"194",-14,-51.5
"194",-13,-51.5
"194",-12,-51.5
"194",-11,-51.5
"194",-10,-51.5
"194",-9,-51.5
"194",-8,-51.5
"194",-7,-51.5
"194",-6,-51.5
"194",-5,-51.5
"194",-4,-51.5
"194",-3,-51.5
"194",-2,-51.5
"194",-1,-51.5
"194",0,-51.5
"194",1,-51.5
"194",2,-51.5
"194",3,-51.5
"194",4,-51.5
"194",5,-51.5
"194",6,-51.5
"194",7,-52.5
"194",8,-53.5
"194",9,-54.5
"194",10,-55.5
"194",11,-56.5
"194",12,-57.5
"194",13,-58.5
"194",14,-59.5
"194",15,-60.5
"194",16,-61.5
"194",17,-62.5
"194",18,-63.5
"194",19,-64.5
"194",20,-65.5
"195",10,76.5
"195",9,76.5
"195",8,76.5
"195",7,76.5
"195",6,76.5
"195",5,76.5
"195",4,76.5
"195",3,76.5
"195",2,76.5
"195",1,76.5
"195",0,76.5
"195",-1,76.5
"195",-2,76.5
"195",-3,76.5
"195",-4,76.5
"195",-5,76.5
"195",-6,76.5
"195",-7,76.5
"195",-8,76.5
"195",-9,76.5
"195",-10,76.5
"195",-11,76.5
"195",-12,76.5
"195",-13,76.5
"195",-14,76.5
"195",-15,76.5
"195",-16,76.5
"195",-16,75.5
"195",-16,74.5
"195",-16,73.5
"195",-16,72.5
"195",-17,72.5
"195",-17,71.5
"195",-18,71.5
"195",-19,71.5
"195",-19,70.5
"195",-19,69.5
"195",-19,68.5
"195",-20,68.5
"195",-21,68.5
"195",-22,68.5
"195",-23,67.5
"195",-24,67.5
"195",-25,67.5
"195",-26,67.5
"195",-27,66.5
"195",-28,66.5
"195",-29,66.5
"195",-30,66.5
"195",-31,66.5
"195",-32,65.5
"195",-33,65.5
"195",-34,65.5
"195",-35,64.5
"195",-36,63.5
"195",-36,62.5
"195",-36,61.5
"195",-36,60.5
"195",-35,59.5
"195",-34,58.5
"195",-33,57.5
"195",-32,56.5
"195",-31,55.5
"195",-30,54.5
"195",-29,53.5
"195",-28,52.5
"195",-27,51.5
"195",-26,50.5
"195",-25,49.5
"195",-24,48.5
"195",-23,47.5
"195",-22,46.5
"195",-21,45.5
"195",-20,44.5
"195",-19,43.5
"195",-18,42.5
"195",-17,41.5
"195",-16,40.5
"195",-15,39.5
"195",-15,38.5
"195",-15,37.5
"195",-15,36.5
"195",-15,35.5
"195",-15,34.5
"195",-15,33.5
"195",-15,32.5
"195",-15,31.5
"195",-15,30.5
"195",-15,29.5
"195",-15,28.5
"195",-15,27.5
"195",-16,26.5
"195",-17,25.5
"195",-18,24.5
"195",-19,23.5
"195",-20,22.5
"195",-21,21.5
"195",-21,20.5
"195",-21,19.5
"195",-21,18.5
"195",-22,17.5
"195",-23,16.5
"195",-23,15.5
"195",-23,14.5
"195",-23,13.5
"195",-23,12.5
"195",-23,11.5
"195",-23,10.5
"195",-23,9.5
"195",-23,8.5
"195",-23,7.5
"195",-23,6.5
"195",-23,5.5
"195",-23,4.5
"195",-23,3.5
"195",-23,2.5
"195",-23,1.5
"195",-23,0.5
"195",-23,-0.5
"195",-24,-1.5
"195",-25,-2.5
"195",-26,-3.5
"195",-27,-4.5
"195",-28,-5.5
"195",-29,-6.5
"195",-30,-7.5
"195",-31,-8.5
"195",-32,-9.5
"195",-33,-10.5
"195",-34,-11.5
"195",-35,-12.5
"195",-36,-13.5
"195",-37,-14.5
"195",-38,-15.5
"195",-38,-16.5
"195",-38,-17.5
"195",-38,-18.5
"195",-38,-19.5
"195",-38,-20.5
"195",-38,-21.5
"195",-38,-22.5
"195",-38,-23.5
"195",-38,-24.5
"195",-38,-25.5
"195",-38,-26.5
"195",-38,-27.5
"195",-38,-28.5
"195",-38,-29.5
"195",-38,-30.5
"195",-38,-31.5
"195",-38,-32.5
"195",-38,-33.5
"195",-38,-34.5
"195",-37,-35.5
"195",-36,-36.5
"195",-35,-37.5
"195",-34,-38.5
"195",-33,-39.5
"195",-32,-40.5
"195",-31,-41.5
"195",-30,-42.5
"195",-29,-43.5
"195",-28,-44.5
"195",-27,-45.5
"195",-26,-46.5
"195",-25,-47.5
"195",-24,-48.5
"195",-23,-49.5
"195",-22,-50.5
"195",-21,-50.5
"195",-20,-50.5
"195",-19,-50.5
"195",-18,-50.5
"195",-17,-50.5
"195",-16,-50.5
"195",-15,-50.5
"195",-14,-50.5
"195",-13,-50.5
"195",-12,-50.5
"195",-11,-50.5
"195",-10,-50.5
"195",-9,-50.5
"195",-8,-50.5
"195",-7,-50.5
"195",-6,-50.5
"195",-5,-50.5
"195",-4,-50.5
"195",-3,-50.5
"195",-2,-50.5
"195",-1,-50.5
"195",0,-50.5
"195",1,-50.5
"195",2,-50.5
"195",3,-50.5
"195",4,-50.5
"195",5,-50.5
"195",6,-51.5
"195",7,-52.5
"195",8,-53.5
"195",9,-54.5
"195",10,-55.5
"195",11,-56.5
"195",12,-57.5
"195",13,-58.5
"195",14,-59.5
"195",15,-60.5
"195",16,-61.5
"195",17,-62.5
"195",18,-63.5
"195",19,-64.5
"195",20,-65.5
