"matrix","x","y"
"1",10,76.5
"1",9,76.5
"1",8,76.5
"1",7,76.5
"1",6,75.5
"1",5,75.5
"1",4,75.5
"1",4,74.5
"1",4,73.5
"1",3,72.5
"1",2,71.5
"1",1,70.5
"1",0,69.5
"1",-1,69.5
"1",-2,69.5
"1",-3,68.5
"1",-4,68.5
"1",-5,67.5
"1",-6,67.5
"1",-7,67.5
"1",-7,66.5
"1",-7,65.5
"1",-7,64.5
"1",-7,63.5
"1",-7,62.5
"1",-8,62.5
"1",-9,61.5
"1",-10,60.5
"1",-11,59.5
"1",-10,58.5
"1",-11,57.5
"1",-12,57.5
"1",-13,56.5
"1",-12,55.5
"1",-13,54.5
"1",-12,53.5
"1",-12,52.5
"1",-12,51.5
"1",-13,50.5
"1",-13,49.5
"1",-13,48.5
"1",-13,47.5
"1",-13,46.5
"1",-13,45.5
"1",-14,45.5
"1",-15,44.5
"1",-16,44.5
"1",-17,44.5
"1",-18,43.5
"1",-18,42.5
"1",-18,41.5
"1",-18,40.5
"1",-18,39.5
"1",-18,38.5
"1",-18,37.5
"1",-18,36.5
"1",-18,35.5
"1",-18,34.5
"1",-18,33.5
"1",-18,32.5
"1",-18,31.5
"1",-18,30.5
"1",-18,29.5
"1",-18,28.5
"1",-18,27.5
"1",-18,26.5
"1",-18,25.5
"1",-18,24.5
"1",-18,23.5
"1",-18,22.5
"1",-18,21.5
"1",-18,20.5
"1",-18,19.5
"1",-18,18.5
"1",-18,17.5
"1",-18,16.5
"1",-18,15.5
"1",-18,14.5
"1",-18,13.5
"1",-18,12.5
"1",-18,11.5
"1",-18,10.5
"1",-18,9.5
"1",-18,8.5
"1",-17,7.5
"1",-18,6.5
"1",-18,5.5
"1",-18,4.5
"1",-18,3.5
"1",-18,2.5
"1",-18,1.5
"1",-18,0.5
"1",-18,-0.5
"1",-18,-1.5
"1",-18,-2.5
"1",-17,-3.5
"1",-16,-4.5
"1",-16,-5.5
"1",-16,-6.5
"1",-16,-7.5
"1",-16,-8.5
"1",-16,-9.5
"1",-16,-10.5
"1",-16,-11.5
"1",-16,-12.5
"1",-16,-13.5
"1",-16,-14.5
"1",-16,-15.5
"1",-16,-16.5
"1",-16,-17.5
"1",-16,-18.5
"1",-16,-19.5
"1",-16,-20.5
"1",-17,-20.5
"1",-17,-21.5
"1",-17,-22.5
"1",-18,-23.5
"1",-17,-23.5
"1",-18,-24.5
"1",-17,-24.5
"1",-18,-25.5
"1",-17,-25.5
"1",-18,-26.5
"1",-19,-26.5
"1",-20,-27.5
"1",-20,-28.5
"1",-20,-29.5
"1",-20,-30.5
"1",-20,-31.5
"1",-20,-32.5
"1",-20,-33.5
"1",-21,-33.5
"1",-21,-34.5
"1",-21,-35.5
"1",-21,-36.5
"1",-21,-37.5
"1",-21,-38.5
"1",-21,-39.5
"1",-21,-40.5
"1",-20,-41.5
"1",-19,-42.5
"1",-18,-42.5
"1",-18,-43.5
"1",-18,-44.5
"1",-17,-45.5
"1",-18,-46.5
"1",-17,-47.5
"1",-18,-48.5
"1",-18,-49.5
"1",-17,-50.5
"1",-16,-50.5
"1",-16,-51.5
"1",-16,-52.5
"1",-17,-52.5
"1",-18,-53.5
"1",-17,-54.5
"1",-18,-55.5
"1",-17,-56.5
"1",-18,-57.5
"1",-17,-58.5
"1",-18,-59.5
"1",-18,-60.5
"1",-19,-60.5
"1",-19,-61.5
"1",-19,-62.5
"1",-19,-63.5
"1",-19,-64.5
"1",-20,-65.5
"2",10,76.5
"2",9,76.5
"2",8,76.5
"2",7,76.5
"2",6,75.5
"2",5,75.5
"2",4,75.5
"2",4,74.5
"2",4,73.5
"2",3,72.5
"2",2,71.5
"2",1,70.5
"2",0,69.5
"2",-1,69.5
"2",-2,69.5
"2",-3,68.5
"2",-4,68.5
"2",-5,67.5
"2",-6,67.5
"2",-7,67.5
"2",-7,66.5
"2",-7,65.5
"2",-7,64.5
"2",-7,63.5
"2",-7,62.5
"2",-8,62.5
"2",-9,61.5
"2",-10,60.5
"2",-11,59.5
"2",-10,58.5
"2",-11,57.5
"2",-12,57.5
"2",-12,56.5
"2",-12,55.5
"2",-12,54.5
"2",-12,53.5
"2",-12,52.5
"2",-12,51.5
"2",-13,50.5
"2",-13,49.5
"2",-13,48.5
"2",-13,47.5
"2",-13,46.5
"2",-13,45.5
"2",-14,45.5
"2",-15,44.5
"2",-16,44.5
"2",-17,44.5
"2",-18,43.5
"2",-18,42.5
"2",-18,41.5
"2",-18,40.5
"2",-18,39.5
"2",-18,38.5
"2",-18,37.5
"2",-18,36.5
"2",-18,35.5
"2",-18,34.5
"2",-18,33.5
"2",-18,32.5
"2",-18,31.5
"2",-18,30.5
"2",-18,29.5
"2",-18,28.5
"2",-18,27.5
"2",-18,26.5
"2",-18,25.5
"2",-18,24.5
"2",-18,23.5
"2",-18,22.5
"2",-18,21.5
"2",-18,20.5
"2",-18,19.5
"2",-18,18.5
"2",-18,17.5
"2",-18,16.5
"2",-18,15.5
"2",-18,14.5
"2",-18,13.5
"2",-18,12.5
"2",-18,11.5
"2",-18,10.5
"2",-18,9.5
"2",-18,8.5
"2",-18,7.5
"2",-18,6.5
"2",-18,5.5
"2",-18,4.5
"2",-18,3.5
"2",-18,2.5
"2",-18,1.5
"2",-18,0.5
"2",-18,-0.5
"2",-18,-1.5
"2",-18,-2.5
"2",-17,-3.5
"2",-16,-4.5
"2",-16,-5.5
"2",-16,-6.5
"2",-16,-7.5
"2",-16,-8.5
"2",-16,-9.5
"2",-16,-10.5
"2",-16,-11.5
"2",-16,-12.5
"2",-16,-13.5
"2",-16,-14.5
"2",-16,-15.5
"2",-16,-16.5
"2",-16,-17.5
"2",-16,-18.5
"2",-16,-19.5
"2",-16,-20.5
"2",-16,-21.5
"2",-16,-22.5
"2",-16,-23.5
"2",-16,-24.5
"2",-16,-25.5
"2",-17,-25.5
"2",-18,-26.5
"2",-19,-26.5
"2",-20,-27.5
"2",-20,-28.5
"2",-20,-29.5
"2",-20,-30.5
"2",-20,-31.5
"2",-20,-32.5
"2",-20,-33.5
"2",-21,-33.5
"2",-21,-34.5
"2",-21,-35.5
"2",-21,-36.5
"2",-21,-37.5
"2",-21,-38.5
"2",-21,-39.5
"2",-21,-40.5
"2",-20,-41.5
"2",-19,-42.5
"2",-18,-42.5
"2",-18,-43.5
"2",-18,-44.5
"2",-18,-45.5
"2",-18,-46.5
"2",-18,-47.5
"2",-18,-48.5
"2",-18,-49.5
"2",-17,-50.5
"2",-16,-50.5
"2",-16,-51.5
"2",-16,-52.5
"2",-17,-52.5
"2",-18,-53.5
"2",-17,-54.5
"2",-18,-55.5
"2",-17,-56.5
"2",-18,-57.5
"2",-17,-58.5
"2",-18,-59.5
"2",-18,-60.5
"2",-19,-60.5
"2",-19,-61.5
"2",-19,-62.5
"2",-19,-63.5
"2",-19,-64.5
"2",-20,-65.5
"3",10,76.5
"3",9,76.5
"3",8,76.5
"3",7,76.5
"3",6,75.5
"3",5,75.5
"3",4,75.5
"3",4,74.5
"3",4,73.5
"3",3,72.5
"3",2,71.5
"3",1,70.5
"3",0,69.5
"3",-1,69.5
"3",-2,69.5
"3",-3,68.5
"3",-4,68.5
"3",-5,67.5
"3",-6,67.5
"3",-7,67.5
"3",-7,66.5
"3",-7,65.5
"3",-7,64.5
"3",-7,63.5
"3",-7,62.5
"3",-8,62.5
"3",-9,61.5
"3",-10,60.5
"3",-11,59.5
"3",-10,58.5
"3",-11,57.5
"3",-12,57.5
"3",-12,56.5
"3",-12,55.5
"3",-12,54.5
"3",-12,53.5
"3",-12,52.5
"3",-12,51.5
"3",-13,50.5
"3",-13,49.5
"3",-13,48.5
"3",-13,47.5
"3",-13,46.5
"3",-13,45.5
"3",-13,44.5
"3",-14,44.5
"3",-15,43.5
"3",-16,43.5
"3",-17,43.5
"3",-18,42.5
"3",-18,41.5
"3",-18,40.5
"3",-18,39.5
"3",-18,38.5
"3",-18,37.5
"3",-18,36.5
"3",-18,35.5
"3",-18,34.5
"3",-18,33.5
"3",-18,32.5
"3",-18,31.5
"3",-18,30.5
"3",-18,29.5
"3",-18,28.5
"3",-18,27.5
"3",-18,26.5
"3",-18,25.5
"3",-18,24.5
"3",-18,23.5
"3",-18,22.5
"3",-18,21.5
"3",-18,20.5
"3",-18,19.5
"3",-18,18.5
"3",-18,17.5
"3",-18,16.5
"3",-18,15.5
"3",-18,14.5
"3",-18,13.5
"3",-18,12.5
"3",-18,11.5
"3",-18,10.5
"3",-18,9.5
"3",-17,8.5
"3",-16,8.5
"3",-16,7.5
"3",-16,6.5
"3",-16,5.5
"3",-16,4.5
"3",-16,3.5
"3",-16,2.5
"3",-16,1.5
"3",-16,0.5
"3",-16,-0.5
"3",-16,-1.5
"3",-16,-2.5
"3",-16,-3.5
"3",-16,-4.5
"3",-16,-5.5
"3",-16,-6.5
"3",-16,-7.5
"3",-16,-8.5
"3",-16,-9.5
"3",-16,-10.5
"3",-16,-11.5
"3",-16,-12.5
"3",-16,-13.5
"3",-16,-14.5
"3",-16,-15.5
"3",-16,-16.5
"3",-16,-17.5
"3",-16,-18.5
"3",-16,-19.5
"3",-16,-20.5
"3",-16,-21.5
"3",-16,-22.5
"3",-16,-23.5
"3",-16,-24.5
"3",-16,-25.5
"3",-17,-25.5
"3",-18,-26.5
"3",-19,-26.5
"3",-20,-27.5
"3",-20,-28.5
"3",-20,-29.5
"3",-20,-30.5
"3",-20,-31.5
"3",-20,-32.5
"3",-20,-33.5
"3",-21,-33.5
"3",-21,-34.5
"3",-21,-35.5
"3",-21,-36.5
"3",-21,-37.5
"3",-21,-38.5
"3",-21,-39.5
"3",-21,-40.5
"3",-20,-41.5
"3",-19,-42.5
"3",-18,-42.5
"3",-18,-43.5
"3",-18,-44.5
"3",-18,-45.5
"3",-18,-46.5
"3",-18,-47.5
"3",-18,-48.5
"3",-18,-49.5
"3",-17,-50.5
"3",-16,-50.5
"3",-16,-51.5
"3",-16,-52.5
"3",-16,-53.5
"3",-16,-54.5
"3",-16,-55.5
"3",-16,-56.5
"3",-17,-56.5
"3",-18,-57.5
"3",-17,-58.5
"3",-18,-59.5
"3",-18,-60.5
"3",-19,-60.5
"3",-19,-61.5
"3",-19,-62.5
"3",-19,-63.5
"3",-19,-64.5
"3",-20,-65.5
"4",10,76.5
"4",9,76.5
"4",8,76.5
"4",7,76.5
"4",6,75.5
"4",5,75.5
"4",4,75.5
"4",4,74.5
"4",4,73.5
"4",3,72.5
"4",2,71.5
"4",1,70.5
"4",0,69.5
"4",-1,69.5
"4",-2,69.5
"4",-3,68.5
"4",-4,68.5
"4",-5,67.5
"4",-6,67.5
"4",-7,67.5
"4",-7,66.5
"4",-7,65.5
"4",-7,64.5
"4",-7,63.5
"4",-7,62.5
"4",-8,61.5
"4",-9,60.5
"4",-10,59.5
"4",-11,58.5
"4",-12,57.5
"4",-12,56.5
"4",-12,55.5
"4",-12,54.5
"4",-12,53.5
"4",-12,52.5
"4",-12,51.5
"4",-13,50.5
"4",-13,49.5
"4",-13,48.5
"4",-13,47.5
"4",-13,46.5
"4",-13,45.5
"4",-14,45.5
"4",-15,44.5
"4",-16,44.5
"4",-17,44.5
"4",-18,43.5
"4",-18,42.5
"4",-18,41.5
"4",-18,40.5
"4",-18,39.5
"4",-18,38.5
"4",-18,37.5
"4",-18,36.5
"4",-18,35.5
"4",-18,34.5
"4",-18,33.5
"4",-18,32.5
"4",-18,31.5
"4",-18,30.5
"4",-18,29.5
"4",-18,28.5
"4",-18,27.5
"4",-18,26.5
"4",-18,25.5
"4",-18,24.5
"4",-18,23.5
"4",-18,22.5
"4",-18,21.5
"4",-18,20.5
"4",-18,19.5
"4",-18,18.5
"4",-18,17.5
"4",-18,16.5
"4",-18,15.5
"4",-18,14.5
"4",-18,13.5
"4",-18,12.5
"4",-18,11.5
"4",-18,10.5
"4",-18,9.5
"4",-18,8.5
"4",-18,7.5
"4",-18,6.5
"4",-18,5.5
"4",-18,4.5
"4",-18,3.5
"4",-18,2.5
"4",-18,1.5
"4",-18,0.5
"4",-18,-0.5
"4",-18,-1.5
"4",-18,-2.5
"4",-17,-3.5
"4",-16,-4.5
"4",-16,-5.5
"4",-16,-6.5
"4",-16,-7.5
"4",-16,-8.5
"4",-16,-9.5
"4",-16,-10.5
"4",-16,-11.5
"4",-16,-12.5
"4",-16,-13.5
"4",-16,-14.5
"4",-16,-15.5
"4",-16,-16.5
"4",-16,-17.5
"4",-16,-18.5
"4",-16,-19.5
"4",-16,-20.5
"4",-16,-21.5
"4",-16,-22.5
"4",-16,-23.5
"4",-16,-24.5
"4",-16,-25.5
"4",-17,-25.5
"4",-18,-26.5
"4",-19,-26.5
"4",-20,-27.5
"4",-20,-28.5
"4",-20,-29.5
"4",-20,-30.5
"4",-20,-31.5
"4",-20,-32.5
"4",-20,-33.5
"4",-20,-34.5
"4",-19,-35.5
"4",-18,-36.5
"4",-18,-37.5
"4",-18,-38.5
"4",-18,-39.5
"4",-18,-40.5
"4",-18,-41.5
"4",-18,-42.5
"4",-18,-43.5
"4",-18,-44.5
"4",-18,-45.5
"4",-18,-46.5
"4",-18,-47.5
"4",-18,-48.5
"4",-18,-49.5
"4",-17,-50.5
"4",-16,-50.5
"4",-16,-51.5
"4",-16,-52.5
"4",-16,-53.5
"4",-16,-54.5
"4",-16,-55.5
"4",-16,-56.5
"4",-17,-56.5
"4",-18,-57.5
"4",-17,-58.5
"4",-18,-59.5
"4",-18,-60.5
"4",-19,-60.5
"4",-19,-61.5
"4",-19,-62.5
"4",-19,-63.5
"4",-19,-64.5
"4",-20,-65.5
"5",10,76.5
"5",9,76.5
"5",8,76.5
"5",7,76.5
"5",6,75.5
"5",5,75.5
"5",4,75.5
"5",4,74.5
"5",4,73.5
"5",3,72.5
"5",2,71.5
"5",1,70.5
"5",0,69.5
"5",-1,69.5
"5",-2,69.5
"5",-3,68.5
"5",-4,68.5
"5",-5,67.5
"5",-6,67.5
"5",-7,67.5
"5",-7,66.5
"5",-7,65.5
"5",-7,64.5
"5",-7,63.5
"5",-7,62.5
"5",-8,62.5
"5",-9,61.5
"5",-10,60.5
"5",-11,59.5
"5",-11,58.5
"5",-11,57.5
"5",-12,57.5
"5",-12,56.5
"5",-12,55.5
"5",-12,54.5
"5",-12,53.5
"5",-12,52.5
"5",-12,51.5
"5",-13,50.5
"5",-13,49.5
"5",-13,48.5
"5",-13,47.5
"5",-13,46.5
"5",-13,45.5
"5",-14,45.5
"5",-15,44.5
"5",-16,44.5
"5",-17,44.5
"5",-18,43.5
"5",-18,42.5
"5",-18,41.5
"5",-18,40.5
"5",-18,39.5
"5",-18,38.5
"5",-18,37.5
"5",-18,36.5
"5",-18,35.5
"5",-18,34.5
"5",-18,33.5
"5",-18,32.5
"5",-18,31.5
"5",-18,30.5
"5",-18,29.5
"5",-18,28.5
"5",-18,27.5
"5",-18,26.5
"5",-18,25.5
"5",-18,24.5
"5",-18,23.5
"5",-18,22.5
"5",-18,21.5
"5",-18,20.5
"5",-18,19.5
"5",-18,18.5
"5",-18,17.5
"5",-18,16.5
"5",-18,15.5
"5",-18,14.5
"5",-18,13.5
"5",-18,12.5
"5",-18,11.5
"5",-18,10.5
"5",-18,9.5
"5",-18,8.5
"5",-18,7.5
"5",-18,6.5
"5",-18,5.5
"5",-18,4.5
"5",-18,3.5
"5",-18,2.5
"5",-18,1.5
"5",-18,0.5
"5",-18,-0.5
"5",-18,-1.5
"5",-18,-2.5
"5",-17,-3.5
"5",-16,-4.5
"5",-16,-5.5
"5",-16,-6.5
"5",-16,-7.5
"5",-16,-8.5
"5",-16,-9.5
"5",-16,-10.5
"5",-16,-11.5
"5",-16,-12.5
"5",-16,-13.5
"5",-16,-14.5
"5",-16,-15.5
"5",-16,-16.5
"5",-16,-17.5
"5",-16,-18.5
"5",-16,-19.5
"5",-16,-20.5
"5",-16,-21.5
"5",-16,-22.5
"5",-16,-23.5
"5",-16,-24.5
"5",-16,-25.5
"5",-16,-26.5
"5",-16,-27.5
"5",-16,-28.5
"5",-16,-29.5
"5",-16,-30.5
"5",-16,-31.5
"5",-16,-32.5
"5",-16,-33.5
"5",-16,-34.5
"5",-16,-35.5
"5",-16,-36.5
"5",-17,-36.5
"5",-18,-36.5
"5",-18,-37.5
"5",-18,-38.5
"5",-18,-39.5
"5",-18,-40.5
"5",-18,-41.5
"5",-18,-42.5
"5",-18,-43.5
"5",-18,-44.5
"5",-18,-45.5
"5",-18,-46.5
"5",-18,-47.5
"5",-18,-48.5
"5",-18,-49.5
"5",-17,-50.5
"5",-16,-50.5
"5",-16,-51.5
"5",-16,-52.5
"5",-16,-53.5
"5",-16,-54.5
"5",-16,-55.5
"5",-16,-56.5
"5",-17,-56.5
"5",-18,-57.5
"5",-17,-58.5
"5",-18,-59.5
"5",-18,-60.5
"5",-19,-60.5
"5",-19,-61.5
"5",-19,-62.5
"5",-19,-63.5
"5",-19,-64.5
"5",-20,-65.5
"6",10,76.5
"6",9,76.5
"6",8,76.5
"6",7,76.5
"6",6,75.5
"6",5,75.5
"6",4,75.5
"6",4,74.5
"6",4,73.5
"6",3,72.5
"6",2,71.5
"6",1,70.5
"6",0,69.5
"6",-1,69.5
"6",-2,69.5
"6",-3,68.5
"6",-4,68.5
"6",-5,67.5
"6",-6,67.5
"6",-7,67.5
"6",-7,66.5
"6",-7,65.5
"6",-7,64.5
"6",-7,63.5
"6",-7,62.5
"6",-8,62.5
"6",-9,61.5
"6",-10,60.5
"6",-11,59.5
"6",-11,58.5
"6",-11,57.5
"6",-12,57.5
"6",-12,56.5
"6",-12,55.5
"6",-12,54.5
"6",-12,53.5
"6",-12,52.5
"6",-12,51.5
"6",-12,50.5
"6",-13,49.5
"6",-13,48.5
"6",-13,47.5
"6",-13,46.5
"6",-13,45.5
"6",-13,44.5
"6",-14,44.5
"6",-15,43.5
"6",-16,43.5
"6",-17,43.5
"6",-18,42.5
"6",-18,41.5
"6",-18,40.5
"6",-18,39.5
"6",-18,38.5
"6",-18,37.5
"6",-18,36.5
"6",-18,35.5
"6",-18,34.5
"6",-18,33.5
"6",-18,32.5
"6",-18,31.5
"6",-18,30.5
"6",-18,29.5
"6",-18,28.5
"6",-18,27.5
"6",-18,26.5
"6",-18,25.5
"6",-18,24.5
"6",-18,23.5
"6",-18,22.5
"6",-18,21.5
"6",-18,20.5
"6",-18,19.5
"6",-18,18.5
"6",-18,17.5
"6",-18,16.5
"6",-18,15.5
"6",-18,14.5
"6",-18,13.5
"6",-18,12.5
"6",-18,11.5
"6",-18,10.5
"6",-18,9.5
"6",-17,8.5
"6",-16,8.5
"6",-16,7.5
"6",-16,6.5
"6",-16,5.5
"6",-16,4.5
"6",-16,3.5
"6",-16,2.5
"6",-16,1.5
"6",-16,0.5
"6",-16,-0.5
"6",-16,-1.5
"6",-16,-2.5
"6",-16,-3.5
"6",-16,-4.5
"6",-16,-5.5
"6",-16,-6.5
"6",-16,-7.5
"6",-16,-8.5
"6",-16,-9.5
"6",-16,-10.5
"6",-16,-11.5
"6",-16,-12.5
"6",-16,-13.5
"6",-16,-14.5
"6",-16,-15.5
"6",-16,-16.5
"6",-16,-17.5
"6",-16,-18.5
"6",-16,-19.5
"6",-16,-20.5
"6",-16,-21.5
"6",-16,-22.5
"6",-16,-23.5
"6",-16,-24.5
"6",-16,-25.5
"6",-16,-26.5
"6",-16,-27.5
"6",-16,-28.5
"6",-16,-29.5
"6",-16,-30.5
"6",-16,-31.5
"6",-16,-32.5
"6",-16,-33.5
"6",-16,-34.5
"6",-16,-35.5
"6",-16,-36.5
"6",-17,-36.5
"6",-18,-36.5
"6",-18,-37.5
"6",-18,-38.5
"6",-18,-39.5
"6",-18,-40.5
"6",-18,-41.5
"6",-18,-42.5
"6",-18,-43.5
"6",-18,-44.5
"6",-18,-45.5
"6",-18,-46.5
"6",-18,-47.5
"6",-18,-48.5
"6",-18,-49.5
"6",-17,-50.5
"6",-16,-50.5
"6",-16,-51.5
"6",-16,-52.5
"6",-16,-53.5
"6",-16,-54.5
"6",-16,-55.5
"6",-16,-56.5
"6",-17,-56.5
"6",-18,-57.5
"6",-17,-58.5
"6",-18,-59.5
"6",-18,-60.5
"6",-19,-60.5
"6",-19,-61.5
"6",-19,-62.5
"6",-19,-63.5
"6",-19,-64.5
"6",-20,-65.5
"7",10,76.5
"7",9,76.5
"7",8,76.5
"7",7,76.5
"7",6,75.5
"7",5,75.5
"7",4,75.5
"7",4,74.5
"7",4,73.5
"7",3,72.5
"7",2,71.5
"7",1,70.5
"7",0,69.5
"7",-1,69.5
"7",-2,69.5
"7",-3,68.5
"7",-4,68.5
"7",-5,67.5
"7",-6,67.5
"7",-7,67.5
"7",-7,66.5
"7",-7,65.5
"7",-7,64.5
"7",-7,63.5
"7",-7,62.5
"7",-8,61.5
"7",-9,60.5
"7",-10,59.5
"7",-11,58.5
"7",-12,57.5
"7",-12,56.5
"7",-12,55.5
"7",-12,54.5
"7",-13,53.5
"7",-14,52.5
"7",-15,51.5
"7",-16,50.5
"7",-17,49.5
"7",-18,48.5
"7",-18,47.5
"7",-18,46.5
"7",-18,45.5
"7",-18,44.5
"7",-18,43.5
"7",-18,42.5
"7",-18,41.5
"7",-18,40.5
"7",-18,39.5
"7",-18,38.5
"7",-18,37.5
"7",-18,36.5
"7",-18,35.5
"7",-18,34.5
"7",-18,33.5
"7",-18,32.5
"7",-18,31.5
"7",-18,30.5
"7",-18,29.5
"7",-18,28.5
"7",-18,27.5
"7",-18,26.5
"7",-18,25.5
"7",-18,24.5
"7",-18,23.5
"7",-18,22.5
"7",-18,21.5
"7",-18,20.5
"7",-18,19.5
"7",-18,18.5
"7",-18,17.5
"7",-18,16.5
"7",-18,15.5
"7",-18,14.5
"7",-18,13.5
"7",-18,12.5
"7",-18,11.5
"7",-18,10.5
"7",-18,9.5
"7",-18,8.5
"7",-18,7.5
"7",-18,6.5
"7",-18,5.5
"7",-18,4.5
"7",-18,3.5
"7",-18,2.5
"7",-18,1.5
"7",-18,0.5
"7",-18,-0.5
"7",-18,-1.5
"7",-18,-2.5
"7",-17,-3.5
"7",-16,-4.5
"7",-16,-5.5
"7",-16,-6.5
"7",-16,-7.5
"7",-16,-8.5
"7",-16,-9.5
"7",-16,-10.5
"7",-16,-11.5
"7",-16,-12.5
"7",-16,-13.5
"7",-16,-14.5
"7",-16,-15.5
"7",-16,-16.5
"7",-16,-17.5
"7",-16,-18.5
"7",-16,-19.5
"7",-16,-20.5
"7",-16,-21.5
"7",-16,-22.5
"7",-16,-23.5
"7",-16,-24.5
"7",-16,-25.5
"7",-16,-26.5
"7",-16,-27.5
"7",-16,-28.5
"7",-16,-29.5
"7",-16,-30.5
"7",-16,-31.5
"7",-16,-32.5
"7",-16,-33.5
"7",-16,-34.5
"7",-16,-35.5
"7",-16,-36.5
"7",-16,-37.5
"7",-17,-38.5
"7",-18,-38.5
"7",-18,-39.5
"7",-18,-40.5
"7",-18,-41.5
"7",-18,-42.5
"7",-18,-43.5
"7",-18,-44.5
"7",-18,-45.5
"7",-18,-46.5
"7",-18,-47.5
"7",-18,-48.5
"7",-18,-49.5
"7",-17,-50.5
"7",-16,-50.5
"7",-16,-51.5
"7",-16,-52.5
"7",-16,-53.5
"7",-16,-54.5
"7",-16,-55.5
"7",-16,-56.5
"7",-17,-56.5
"7",-18,-57.5
"7",-17,-58.5
"7",-18,-59.5
"7",-18,-60.5
"7",-19,-60.5
"7",-19,-61.5
"7",-19,-62.5
"7",-19,-63.5
"7",-19,-64.5
"7",-20,-65.5
"8",10,76.5
"8",9,76.5
"8",8,76.5
"8",7,76.5
"8",6,75.5
"8",5,75.5
"8",4,75.5
"8",4,74.5
"8",4,73.5
"8",3,72.5
"8",2,71.5
"8",1,70.5
"8",0,69.5
"8",-1,69.5
"8",-2,69.5
"8",-3,68.5
"8",-4,68.5
"8",-5,67.5
"8",-6,67.5
"8",-7,67.5
"8",-7,66.5
"8",-7,65.5
"8",-7,64.5
"8",-7,63.5
"8",-7,62.5
"8",-8,62.5
"8",-9,61.5
"8",-10,60.5
"8",-11,59.5
"8",-11,58.5
"8",-12,57.5
"8",-12,56.5
"8",-12,55.5
"8",-12,54.5
"8",-12,53.5
"8",-12,52.5
"8",-12,51.5
"8",-13,50.5
"8",-13,49.5
"8",-13,48.5
"8",-13,47.5
"8",-13,46.5
"8",-13,45.5
"8",-14,45.5
"8",-15,44.5
"8",-16,44.5
"8",-17,44.5
"8",-18,43.5
"8",-18,42.5
"8",-18,41.5
"8",-18,40.5
"8",-18,39.5
"8",-18,38.5
"8",-18,37.5
"8",-18,36.5
"8",-18,35.5
"8",-18,34.5
"8",-18,33.5
"8",-18,32.5
"8",-18,31.5
"8",-18,30.5
"8",-18,29.5
"8",-18,28.5
"8",-18,27.5
"8",-18,26.5
"8",-18,25.5
"8",-18,24.5
"8",-18,23.5
"8",-18,22.5
"8",-18,21.5
"8",-18,20.5
"8",-18,19.5
"8",-18,18.5
"8",-18,17.5
"8",-18,16.5
"8",-18,15.5
"8",-18,14.5
"8",-18,13.5
"8",-18,12.5
"8",-18,11.5
"8",-18,10.5
"8",-18,9.5
"8",-18,8.5
"8",-18,7.5
"8",-18,6.5
"8",-18,5.5
"8",-18,4.5
"8",-18,3.5
"8",-18,2.5
"8",-18,1.5
"8",-18,0.5
"8",-18,-0.5
"8",-18,-1.5
"8",-18,-2.5
"8",-17,-3.5
"8",-16,-4.5
"8",-16,-5.5
"8",-16,-6.5
"8",-16,-7.5
"8",-16,-8.5
"8",-16,-9.5
"8",-16,-10.5
"8",-16,-11.5
"8",-16,-12.5
"8",-16,-13.5
"8",-16,-14.5
"8",-16,-15.5
"8",-16,-16.5
"8",-16,-17.5
"8",-16,-18.5
"8",-16,-19.5
"8",-16,-20.5
"8",-16,-21.5
"8",-16,-22.5
"8",-16,-23.5
"8",-16,-24.5
"8",-16,-25.5
"8",-16,-26.5
"8",-16,-27.5
"8",-16,-28.5
"8",-16,-29.5
"8",-16,-30.5
"8",-16,-31.5
"8",-16,-32.5
"8",-16,-33.5
"8",-16,-34.5
"8",-16,-35.5
"8",-16,-36.5
"8",-16,-37.5
"8",-17,-38.5
"8",-18,-38.5
"8",-18,-39.5
"8",-18,-40.5
"8",-18,-41.5
"8",-18,-42.5
"8",-18,-43.5
"8",-18,-44.5
"8",-18,-45.5
"8",-18,-46.5
"8",-18,-47.5
"8",-18,-48.5
"8",-18,-49.5
"8",-17,-50.5
"8",-16,-50.5
"8",-16,-51.5
"8",-16,-52.5
"8",-16,-53.5
"8",-16,-54.5
"8",-16,-55.5
"8",-16,-56.5
"8",-17,-56.5
"8",-18,-57.5
"8",-17,-58.5
"8",-18,-59.5
"8",-18,-60.5
"8",-19,-60.5
"8",-19,-61.5
"8",-19,-62.5
"8",-19,-63.5
"8",-19,-64.5
"8",-20,-65.5
"9",10,76.5
"9",9,76.5
"9",8,76.5
"9",7,76.5
"9",6,75.5
"9",5,75.5
"9",4,75.5
"9",4,74.5
"9",4,73.5
"9",3,72.5
"9",2,71.5
"9",1,70.5
"9",0,69.5
"9",-1,69.5
"9",-2,69.5
"9",-3,68.5
"9",-4,68.5
"9",-5,67.5
"9",-6,67.5
"9",-7,67.5
"9",-7,66.5
"9",-7,65.5
"9",-7,64.5
"9",-7,63.5
"9",-7,62.5
"9",-8,62.5
"9",-9,61.5
"9",-10,60.5
"9",-11,59.5
"9",-11,58.5
"9",-11,57.5
"9",-12,57.5
"9",-12,56.5
"9",-12,55.5
"9",-12,54.5
"9",-12,53.5
"9",-12,52.5
"9",-12,51.5
"9",-13,50.5
"9",-13,49.5
"9",-13,48.5
"9",-13,47.5
"9",-13,46.5
"9",-13,45.5
"9",-13,44.5
"9",-14,44.5
"9",-15,43.5
"9",-16,43.5
"9",-17,43.5
"9",-18,42.5
"9",-18,41.5
"9",-18,40.5
"9",-18,39.5
"9",-18,38.5
"9",-18,37.5
"9",-18,36.5
"9",-18,35.5
"9",-18,34.5
"9",-18,33.5
"9",-18,32.5
"9",-18,31.5
"9",-18,30.5
"9",-18,29.5
"9",-18,28.5
"9",-18,27.5
"9",-18,26.5
"9",-18,25.5
"9",-18,24.5
"9",-18,23.5
"9",-18,22.5
"9",-18,21.5
"9",-18,20.5
"9",-18,19.5
"9",-18,18.5
"9",-18,17.5
"9",-18,16.5
"9",-18,15.5
"9",-18,14.5
"9",-18,13.5
"9",-18,12.5
"9",-18,11.5
"9",-18,10.5
"9",-18,9.5
"9",-18,8.5
"9",-18,7.5
"9",-18,6.5
"9",-18,5.5
"9",-18,4.5
"9",-18,3.5
"9",-18,2.5
"9",-18,1.5
"9",-18,0.5
"9",-18,-0.5
"9",-18,-1.5
"9",-17,-2.5
"9",-16,-3.5
"9",-16,-4.5
"9",-16,-5.5
"9",-16,-6.5
"9",-16,-7.5
"9",-16,-8.5
"9",-16,-9.5
"9",-16,-10.5
"9",-16,-11.5
"9",-16,-12.5
"9",-16,-13.5
"9",-16,-14.5
"9",-16,-15.5
"9",-16,-16.5
"9",-16,-17.5
"9",-16,-18.5
"9",-16,-19.5
"9",-16,-20.5
"9",-16,-21.5
"9",-16,-22.5
"9",-16,-23.5
"9",-16,-24.5
"9",-16,-25.5
"9",-16,-26.5
"9",-16,-27.5
"9",-16,-28.5
"9",-16,-29.5
"9",-16,-30.5
"9",-16,-31.5
"9",-16,-32.5
"9",-16,-33.5
"9",-16,-34.5
"9",-16,-35.5
"9",-16,-36.5
"9",-17,-36.5
"9",-18,-36.5
"9",-18,-37.5
"9",-18,-38.5
"9",-18,-39.5
"9",-18,-40.5
"9",-18,-41.5
"9",-18,-42.5
"9",-18,-43.5
"9",-18,-44.5
"9",-18,-45.5
"9",-18,-46.5
"9",-18,-47.5
"9",-18,-48.5
"9",-18,-49.5
"9",-17,-50.5
"9",-16,-50.5
"9",-16,-51.5
"9",-16,-52.5
"9",-16,-53.5
"9",-16,-54.5
"9",-16,-55.5
"9",-16,-56.5
"9",-17,-56.5
"9",-18,-57.5
"9",-17,-58.5
"9",-18,-59.5
"9",-18,-60.5
"9",-19,-60.5
"9",-19,-61.5
"9",-19,-62.5
"9",-19,-63.5
"9",-19,-64.5
"9",-20,-65.5
"10",10,76.5
"10",9,76.5
"10",8,76.5
"10",7,76.5
"10",6,75.5
"10",5,75.5
"10",4,75.5
"10",4,74.5
"10",4,73.5
"10",3,72.5
"10",2,71.5
"10",1,70.5
"10",0,69.5
"10",-1,69.5
"10",-2,69.5
"10",-3,68.5
"10",-4,68.5
"10",-5,67.5
"10",-6,67.5
"10",-7,67.5
"10",-7,66.5
"10",-7,65.5
"10",-7,64.5
"10",-7,63.5
"10",-7,62.5
"10",-8,62.5
"10",-9,61.5
"10",-10,60.5
"10",-11,59.5
"10",-11,58.5
"10",-11,57.5
"10",-12,57.5
"10",-12,56.5
"10",-12,55.5
"10",-12,54.5
"10",-12,53.5
"10",-12,52.5
"10",-12,51.5
"10",-12,50.5
"10",-13,49.5
"10",-13,48.5
"10",-13,47.5
"10",-13,46.5
"10",-13,45.5
"10",-13,44.5
"10",-14,44.5
"10",-15,43.5
"10",-16,43.5
"10",-17,43.5
"10",-18,42.5
"10",-18,41.5
"10",-18,40.5
"10",-18,39.5
"10",-18,38.5
"10",-18,37.5
"10",-18,36.5
"10",-18,35.5
"10",-18,34.5
"10",-18,33.5
"10",-18,32.5
"10",-18,31.5
"10",-18,30.5
"10",-18,29.5
"10",-18,28.5
"10",-18,27.5
"10",-18,26.5
"10",-18,25.5
"10",-18,24.5
"10",-18,23.5
"10",-18,22.5
"10",-18,21.5
"10",-18,20.5
"10",-18,19.5
"10",-18,18.5
"10",-18,17.5
"10",-18,16.5
"10",-18,15.5
"10",-18,14.5
"10",-18,13.5
"10",-18,12.5
"10",-18,11.5
"10",-18,10.5
"10",-18,9.5
"10",-18,8.5
"10",-18,7.5
"10",-18,6.5
"10",-18,5.5
"10",-18,4.5
"10",-18,3.5
"10",-18,2.5
"10",-18,1.5
"10",-18,0.5
"10",-17,-0.5
"10",-16,-0.5
"10",-16,-1.5
"10",-16,-2.5
"10",-16,-3.5
"10",-16,-4.5
"10",-16,-5.5
"10",-16,-6.5
"10",-16,-7.5
"10",-16,-8.5
"10",-16,-9.5
"10",-16,-10.5
"10",-16,-11.5
"10",-16,-12.5
"10",-16,-13.5
"10",-16,-14.5
"10",-16,-15.5
"10",-16,-16.5
"10",-16,-17.5
"10",-16,-18.5
"10",-16,-19.5
"10",-16,-20.5
"10",-16,-21.5
"10",-16,-22.5
"10",-16,-23.5
"10",-16,-24.5
"10",-16,-25.5
"10",-16,-26.5
"10",-16,-27.5
"10",-16,-28.5
"10",-16,-29.5
"10",-16,-30.5
"10",-16,-31.5
"10",-16,-32.5
"10",-16,-33.5
"10",-16,-34.5
"10",-16,-35.5
"10",-16,-36.5
"10",-17,-36.5
"10",-18,-36.5
"10",-18,-37.5
"10",-18,-38.5
"10",-18,-39.5
"10",-18,-40.5
"10",-18,-41.5
"10",-18,-42.5
"10",-18,-43.5
"10",-18,-44.5
"10",-18,-45.5
"10",-18,-46.5
"10",-18,-47.5
"10",-18,-48.5
"10",-18,-49.5
"10",-17,-50.5
"10",-16,-50.5
"10",-16,-51.5
"10",-16,-52.5
"10",-16,-53.5
"10",-16,-54.5
"10",-16,-55.5
"10",-16,-56.5
"10",-17,-56.5
"10",-18,-57.5
"10",-17,-58.5
"10",-18,-59.5
"10",-18,-60.5
"10",-19,-60.5
"10",-19,-61.5
"10",-19,-62.5
"10",-19,-63.5
"10",-19,-64.5
"10",-20,-65.5
"11",10,76.5
"11",9,76.5
"11",8,75.5
"11",7,75.5
"11",6,74.5
"11",5,73.5
"11",4,73.5
"11",3,72.5
"11",2,71.5
"11",1,70.5
"11",0,69.5
"11",0,68.5
"11",0,67.5
"11",0,66.5
"11",0,65.5
"11",-1,64.5
"11",-2,63.5
"11",-3,62.5
"11",-4,61.5
"11",-5,60.5
"11",-6,59.5
"11",-7,58.5
"11",-8,57.5
"11",-9,56.5
"11",-10,55.5
"11",-11,54.5
"11",-12,53.5
"11",-12,52.5
"11",-12,51.5
"11",-13,50.5
"11",-13,49.5
"11",-13,48.5
"11",-13,47.5
"11",-13,46.5
"11",-13,45.5
"11",-13,44.5
"11",-14,43.5
"11",-14,42.5
"11",-14,41.5
"11",-14,40.5
"11",-14,39.5
"11",-14,38.5
"11",-14,37.5
"11",-14,36.5
"11",-14,35.5
"11",-14,34.5
"11",-14,33.5
"11",-14,32.5
"11",-14,31.5
"11",-14,30.5
"11",-14,29.5
"11",-15,28.5
"11",-16,27.5
"11",-16,26.5
"11",-17,25.5
"11",-18,24.5
"11",-18,23.5
"11",-18,22.5
"11",-18,21.5
"11",-18,20.5
"11",-18,19.5
"11",-18,18.5
"11",-18,17.5
"11",-18,16.5
"11",-18,15.5
"11",-18,14.5
"11",-18,13.5
"11",-18,12.5
"11",-18,11.5
"11",-18,10.5
"11",-18,9.5
"11",-18,8.5
"11",-18,7.5
"11",-18,6.5
"11",-18,5.5
"11",-18,4.5
"11",-18,3.5
"11",-18,2.5
"11",-18,1.5
"11",-18,0.5
"11",-18,-0.5
"11",-18,-1.5
"11",-18,-2.5
"11",-17,-3.5
"11",-16,-4.5
"11",-16,-5.5
"11",-16,-6.5
"11",-16,-7.5
"11",-16,-8.5
"11",-16,-9.5
"11",-16,-10.5
"11",-16,-11.5
"11",-16,-12.5
"11",-16,-13.5
"11",-16,-14.5
"11",-16,-15.5
"11",-16,-16.5
"11",-16,-17.5
"11",-16,-18.5
"11",-16,-19.5
"11",-16,-20.5
"11",-16,-21.5
"11",-16,-22.5
"11",-16,-23.5
"11",-16,-24.5
"11",-16,-25.5
"11",-16,-26.5
"11",-16,-27.5
"11",-16,-28.5
"11",-16,-29.5
"11",-16,-30.5
"11",-16,-31.5
"11",-16,-32.5
"11",-16,-33.5
"11",-16,-34.5
"11",-16,-35.5
"11",-16,-36.5
"11",-16,-37.5
"11",-16,-38.5
"11",-16,-39.5
"11",-16,-40.5
"11",-16,-41.5
"11",-16,-42.5
"11",-16,-43.5
"11",-16,-44.5
"11",-16,-45.5
"11",-16,-46.5
"11",-16,-47.5
"11",-16,-48.5
"11",-16,-49.5
"11",-16,-50.5
"11",-16,-51.5
"11",-16,-52.5
"11",-16,-53.5
"11",-16,-54.5
"11",-16,-55.5
"11",-16,-56.5
"11",-17,-56.5
"11",-18,-57.5
"11",-18,-58.5
"11",-18,-59.5
"11",-19,-60.5
"11",-19,-61.5
"11",-19,-62.5
"11",-19,-63.5
"11",-19,-64.5
"11",-20,-65.5
"12",10,76.5
"12",9,76.5
"12",8,76.5
"12",7,76.5
"12",6,75.5
"12",5,75.5
"12",4,75.5
"12",4,74.5
"12",4,73.5
"12",3,72.5
"12",2,71.5
"12",1,70.5
"12",0,69.5
"12",-1,69.5
"12",-2,69.5
"12",-3,68.5
"12",-4,68.5
"12",-5,67.5
"12",-6,67.5
"12",-7,67.5
"12",-7,66.5
"12",-7,65.5
"12",-7,64.5
"12",-7,63.5
"12",-7,62.5
"12",-8,61.5
"12",-9,60.5
"12",-10,59.5
"12",-11,58.5
"12",-12,57.5
"12",-13,56.5
"12",-13,55.5
"12",-13,54.5
"12",-13,53.5
"12",-13,52.5
"12",-13,51.5
"12",-13,50.5
"12",-13,49.5
"12",-13,48.5
"12",-13,47.5
"12",-13,46.5
"12",-13,45.5
"12",-14,45.5
"12",-15,44.5
"12",-16,44.5
"12",-17,44.5
"12",-18,43.5
"12",-18,42.5
"12",-18,41.5
"12",-18,40.5
"12",-18,39.5
"12",-18,38.5
"12",-18,37.5
"12",-18,36.5
"12",-18,35.5
"12",-18,34.5
"12",-18,33.5
"12",-18,32.5
"12",-18,31.5
"12",-18,30.5
"12",-18,29.5
"12",-18,28.5
"12",-18,27.5
"12",-18,26.5
"12",-18,25.5
"12",-18,24.5
"12",-18,23.5
"12",-18,22.5
"12",-18,21.5
"12",-18,20.5
"12",-18,19.5
"12",-18,18.5
"12",-18,17.5
"12",-18,16.5
"12",-18,15.5
"12",-18,14.5
"12",-18,13.5
"12",-18,12.5
"12",-18,11.5
"12",-18,10.5
"12",-18,9.5
"12",-18,8.5
"12",-18,7.5
"12",-18,6.5
"12",-18,5.5
"12",-18,4.5
"12",-18,3.5
"12",-18,2.5
"12",-18,1.5
"12",-18,0.5
"12",-18,-0.5
"12",-18,-1.5
"12",-18,-2.5
"12",-17,-3.5
"12",-16,-4.5
"12",-16,-5.5
"12",-16,-6.5
"12",-16,-7.5
"12",-16,-8.5
"12",-16,-9.5
"12",-16,-10.5
"12",-16,-11.5
"12",-16,-12.5
"12",-16,-13.5
"12",-16,-14.5
"12",-16,-15.5
"12",-16,-16.5
"12",-16,-17.5
"12",-16,-18.5
"12",-16,-19.5
"12",-16,-20.5
"12",-16,-21.5
"12",-16,-22.5
"12",-16,-23.5
"12",-16,-24.5
"12",-16,-25.5
"12",-16,-26.5
"12",-16,-27.5
"12",-16,-28.5
"12",-16,-29.5
"12",-16,-30.5
"12",-16,-31.5
"12",-16,-32.5
"12",-16,-33.5
"12",-16,-34.5
"12",-16,-35.5
"12",-16,-36.5
"12",-16,-37.5
"12",-17,-38.5
"12",-18,-38.5
"12",-18,-39.5
"12",-18,-40.5
"12",-18,-41.5
"12",-18,-42.5
"12",-18,-43.5
"12",-18,-44.5
"12",-18,-45.5
"12",-18,-46.5
"12",-18,-47.5
"12",-18,-48.5
"12",-18,-49.5
"12",-17,-50.5
"12",-16,-50.5
"12",-16,-51.5
"12",-16,-52.5
"12",-16,-53.5
"12",-16,-54.5
"12",-16,-55.5
"12",-16,-56.5
"12",-17,-56.5
"12",-18,-57.5
"12",-18,-58.5
"12",-18,-59.5
"12",-18,-60.5
"12",-19,-60.5
"12",-19,-61.5
"12",-19,-62.5
"12",-19,-63.5
"12",-19,-64.5
"12",-20,-65.5
"13",10,76.5
"13",9,76.5
"13",8,76.5
"13",7,76.5
"13",6,75.5
"13",5,75.5
"13",4,75.5
"13",4,74.5
"13",4,73.5
"13",3,72.5
"13",2,71.5
"13",1,70.5
"13",0,69.5
"13",-1,69.5
"13",-2,69.5
"13",-3,68.5
"13",-4,68.5
"13",-5,67.5
"13",-6,67.5
"13",-7,67.5
"13",-7,66.5
"13",-7,65.5
"13",-7,64.5
"13",-7,63.5
"13",-7,62.5
"13",-8,62.5
"13",-9,61.5
"13",-10,60.5
"13",-11,59.5
"13",-11,58.5
"13",-11,57.5
"13",-12,57.5
"13",-12,56.5
"13",-12,55.5
"13",-12,54.5
"13",-12,53.5
"13",-12,52.5
"13",-12,51.5
"13",-13,50.5
"13",-13,49.5
"13",-13,48.5
"13",-13,47.5
"13",-13,46.5
"13",-13,45.5
"13",-14,45.5
"13",-15,44.5
"13",-16,44.5
"13",-17,44.5
"13",-18,43.5
"13",-18,42.5
"13",-18,41.5
"13",-18,40.5
"13",-18,39.5
"13",-18,38.5
"13",-18,37.5
"13",-18,36.5
"13",-18,35.5
"13",-18,34.5
"13",-18,33.5
"13",-18,32.5
"13",-18,31.5
"13",-18,30.5
"13",-18,29.5
"13",-18,28.5
"13",-18,27.5
"13",-18,26.5
"13",-18,25.5
"13",-18,24.5
"13",-18,23.5
"13",-18,22.5
"13",-18,21.5
"13",-18,20.5
"13",-18,19.5
"13",-18,18.5
"13",-18,17.5
"13",-18,16.5
"13",-18,15.5
"13",-18,14.5
"13",-18,13.5
"13",-18,12.5
"13",-18,11.5
"13",-18,10.5
"13",-18,9.5
"13",-18,8.5
"13",-18,7.5
"13",-18,6.5
"13",-18,5.5
"13",-18,4.5
"13",-18,3.5
"13",-18,2.5
"13",-18,1.5
"13",-18,0.5
"13",-18,-0.5
"13",-18,-1.5
"13",-18,-2.5
"13",-17,-3.5
"13",-16,-4.5
"13",-16,-5.5
"13",-16,-6.5
"13",-16,-7.5
"13",-16,-8.5
"13",-16,-9.5
"13",-16,-10.5
"13",-16,-11.5
"13",-16,-12.5
"13",-16,-13.5
"13",-16,-14.5
"13",-16,-15.5
"13",-16,-16.5
"13",-16,-17.5
"13",-16,-18.5
"13",-16,-19.5
"13",-16,-20.5
"13",-16,-21.5
"13",-16,-22.5
"13",-16,-23.5
"13",-16,-24.5
"13",-16,-25.5
"13",-16,-26.5
"13",-16,-27.5
"13",-16,-28.5
"13",-16,-29.5
"13",-16,-30.5
"13",-16,-31.5
"13",-16,-32.5
"13",-16,-33.5
"13",-16,-34.5
"13",-16,-35.5
"13",-16,-36.5
"13",-16,-37.5
"13",-17,-38.5
"13",-18,-38.5
"13",-18,-39.5
"13",-18,-40.5
"13",-18,-41.5
"13",-18,-42.5
"13",-18,-43.5
"13",-18,-44.5
"13",-18,-45.5
"13",-18,-46.5
"13",-18,-47.5
"13",-18,-48.5
"13",-18,-49.5
"13",-17,-50.5
"13",-16,-50.5
"13",-16,-51.5
"13",-16,-52.5
"13",-16,-53.5
"13",-16,-54.5
"13",-16,-55.5
"13",-16,-56.5
"13",-17,-56.5
"13",-18,-57.5
"13",-18,-58.5
"13",-18,-59.5
"13",-18,-60.5
"13",-19,-60.5
"13",-19,-61.5
"13",-19,-62.5
"13",-19,-63.5
"13",-19,-64.5
"13",-20,-65.5
"14",10,76.5
"14",9,76.5
"14",8,76.5
"14",7,76.5
"14",6,75.5
"14",5,75.5
"14",4,75.5
"14",4,74.5
"14",4,73.5
"14",3,72.5
"14",2,71.5
"14",1,70.5
"14",0,69.5
"14",-1,69.5
"14",-2,69.5
"14",-3,68.5
"14",-4,68.5
"14",-5,67.5
"14",-6,67.5
"14",-7,67.5
"14",-7,66.5
"14",-7,65.5
"14",-7,64.5
"14",-7,63.5
"14",-7,62.5
"14",-8,62.5
"14",-9,61.5
"14",-10,60.5
"14",-11,59.5
"14",-11,58.5
"14",-11,57.5
"14",-12,57.5
"14",-12,56.5
"14",-12,55.5
"14",-12,54.5
"14",-12,53.5
"14",-12,52.5
"14",-12,51.5
"14",-12,50.5
"14",-13,49.5
"14",-13,48.5
"14",-13,47.5
"14",-13,46.5
"14",-13,45.5
"14",-13,44.5
"14",-14,44.5
"14",-15,43.5
"14",-16,43.5
"14",-17,43.5
"14",-18,42.5
"14",-18,41.5
"14",-18,40.5
"14",-18,39.5
"14",-18,38.5
"14",-18,37.5
"14",-18,36.5
"14",-18,35.5
"14",-18,34.5
"14",-18,33.5
"14",-18,32.5
"14",-18,31.5
"14",-18,30.5
"14",-18,29.5
"14",-18,28.5
"14",-18,27.5
"14",-18,26.5
"14",-18,25.5
"14",-18,24.5
"14",-18,23.5
"14",-18,22.5
"14",-18,21.5
"14",-18,20.5
"14",-18,19.5
"14",-18,18.5
"14",-18,17.5
"14",-18,16.5
"14",-18,15.5
"14",-18,14.5
"14",-18,13.5
"14",-18,12.5
"14",-18,11.5
"14",-18,10.5
"14",-18,9.5
"14",-17,8.5
"14",-16,8.5
"14",-16,7.5
"14",-16,6.5
"14",-16,5.5
"14",-16,4.5
"14",-16,3.5
"14",-16,2.5
"14",-16,1.5
"14",-16,0.5
"14",-16,-0.5
"14",-16,-1.5
"14",-16,-2.5
"14",-16,-3.5
"14",-16,-4.5
"14",-16,-5.5
"14",-16,-6.5
"14",-16,-7.5
"14",-16,-8.5
"14",-16,-9.5
"14",-16,-10.5
"14",-16,-11.5
"14",-16,-12.5
"14",-16,-13.5
"14",-16,-14.5
"14",-16,-15.5
"14",-16,-16.5
"14",-16,-17.5
"14",-16,-18.5
"14",-16,-19.5
"14",-16,-20.5
"14",-16,-21.5
"14",-16,-22.5
"14",-16,-23.5
"14",-16,-24.5
"14",-16,-25.5
"14",-16,-26.5
"14",-16,-27.5
"14",-16,-28.5
"14",-16,-29.5
"14",-16,-30.5
"14",-16,-31.5
"14",-16,-32.5
"14",-16,-33.5
"14",-16,-34.5
"14",-16,-35.5
"14",-16,-36.5
"14",-16,-37.5
"14",-17,-38.5
"14",-18,-38.5
"14",-18,-39.5
"14",-18,-40.5
"14",-18,-41.5
"14",-18,-42.5
"14",-18,-43.5
"14",-18,-44.5
"14",-18,-45.5
"14",-18,-46.5
"14",-18,-47.5
"14",-18,-48.5
"14",-18,-49.5
"14",-17,-50.5
"14",-16,-50.5
"14",-16,-51.5
"14",-16,-52.5
"14",-16,-53.5
"14",-16,-54.5
"14",-16,-55.5
"14",-16,-56.5
"14",-17,-56.5
"14",-18,-57.5
"14",-18,-58.5
"14",-18,-59.5
"14",-18,-60.5
"14",-19,-60.5
"14",-19,-61.5
"14",-19,-62.5
"14",-19,-63.5
"14",-19,-64.5
"14",-20,-65.5
"15",10,76.5
"15",9,76.5
"15",8,76.5
"15",7,76.5
"15",6,75.5
"15",5,75.5
"15",4,75.5
"15",4,74.5
"15",4,73.5
"15",3,72.5
"15",2,71.5
"15",1,70.5
"15",0,69.5
"15",-1,69.5
"15",-2,69.5
"15",-3,68.5
"15",-4,68.5
"15",-5,67.5
"15",-6,67.5
"15",-7,67.5
"15",-7,66.5
"15",-7,65.5
"15",-7,64.5
"15",-7,63.5
"15",-7,62.5
"15",-8,62.5
"15",-9,61.5
"15",-10,60.5
"15",-11,59.5
"15",-11,58.5
"15",-11,57.5
"15",-12,57.5
"15",-12,56.5
"15",-12,55.5
"15",-12,54.5
"15",-12,53.5
"15",-12,52.5
"15",-12,51.5
"15",-12,50.5
"15",-13,49.5
"15",-13,48.5
"15",-13,47.5
"15",-13,46.5
"15",-13,45.5
"15",-13,44.5
"15",-14,44.5
"15",-15,43.5
"15",-16,43.5
"15",-17,43.5
"15",-18,42.5
"15",-18,41.5
"15",-18,40.5
"15",-18,39.5
"15",-18,38.5
"15",-18,37.5
"15",-18,36.5
"15",-18,35.5
"15",-18,34.5
"15",-18,33.5
"15",-18,32.5
"15",-18,31.5
"15",-18,30.5
"15",-18,29.5
"15",-18,28.5
"15",-18,27.5
"15",-18,26.5
"15",-18,25.5
"15",-18,24.5
"15",-18,23.5
"15",-18,22.5
"15",-18,21.5
"15",-18,20.5
"15",-18,19.5
"15",-18,18.5
"15",-18,17.5
"15",-18,16.5
"15",-18,15.5
"15",-18,14.5
"15",-18,13.5
"15",-18,12.5
"15",-18,11.5
"15",-18,10.5
"15",-18,9.5
"15",-18,8.5
"15",-18,7.5
"15",-18,6.5
"15",-18,5.5
"15",-18,4.5
"15",-18,3.5
"15",-18,2.5
"15",-18,1.5
"15",-18,0.5
"15",-17,-0.5
"15",-16,-0.5
"15",-16,-1.5
"15",-16,-2.5
"15",-16,-3.5
"15",-16,-4.5
"15",-16,-5.5
"15",-16,-6.5
"15",-16,-7.5
"15",-16,-8.5
"15",-16,-9.5
"15",-16,-10.5
"15",-16,-11.5
"15",-16,-12.5
"15",-16,-13.5
"15",-16,-14.5
"15",-16,-15.5
"15",-16,-16.5
"15",-16,-17.5
"15",-16,-18.5
"15",-16,-19.5
"15",-16,-20.5
"15",-16,-21.5
"15",-16,-22.5
"15",-16,-23.5
"15",-16,-24.5
"15",-16,-25.5
"15",-16,-26.5
"15",-16,-27.5
"15",-16,-28.5
"15",-16,-29.5
"15",-16,-30.5
"15",-16,-31.5
"15",-16,-32.5
"15",-16,-33.5
"15",-16,-34.5
"15",-16,-35.5
"15",-16,-36.5
"15",-16,-37.5
"15",-17,-38.5
"15",-18,-38.5
"15",-18,-39.5
"15",-18,-40.5
"15",-18,-41.5
"15",-18,-42.5
"15",-18,-43.5
"15",-18,-44.5
"15",-18,-45.5
"15",-18,-46.5
"15",-18,-47.5
"15",-18,-48.5
"15",-18,-49.5
"15",-17,-50.5
"15",-16,-50.5
"15",-16,-51.5
"15",-16,-52.5
"15",-16,-53.5
"15",-16,-54.5
"15",-16,-55.5
"15",-16,-56.5
"15",-17,-56.5
"15",-18,-57.5
"15",-17,-58.5
"15",-18,-59.5
"15",-18,-60.5
"15",-19,-60.5
"15",-19,-61.5
"15",-19,-62.5
"15",-19,-63.5
"15",-19,-64.5
"15",-20,-65.5
"16",10,76.5
"16",9,75.5
"16",8,74.5
"16",7,73.5
"16",6,72.5
"16",5,71.5
"16",4,70.5
"16",3,70.5
"16",2,70.5
"16",1,69.5
"16",1,68.5
"16",1,67.5
"16",1,66.5
"16",0,65.5
"16",-1,64.5
"16",-2,63.5
"16",-3,62.5
"16",-4,61.5
"16",-5,60.5
"16",-6,59.5
"16",-7,58.5
"16",-8,57.5
"16",-9,56.5
"16",-10,55.5
"16",-11,54.5
"16",-12,53.5
"16",-13,52.5
"16",-14,51.5
"16",-15,50.5
"16",-15,49.5
"16",-15,48.5
"16",-15,47.5
"16",-15,46.5
"16",-15,45.5
"16",-15,44.5
"16",-15,43.5
"16",-15,42.5
"16",-15,41.5
"16",-15,40.5
"16",-15,39.5
"16",-15,38.5
"16",-15,37.5
"16",-15,36.5
"16",-15,35.5
"16",-15,34.5
"16",-15,33.5
"16",-15,32.5
"16",-15,31.5
"16",-15,30.5
"16",-15,29.5
"16",-16,28.5
"16",-16,27.5
"16",-16,26.5
"16",-17,25.5
"16",-18,24.5
"16",-18,23.5
"16",-18,22.5
"16",-18,21.5
"16",-18,20.5
"16",-18,19.5
"16",-18,18.5
"16",-18,17.5
"16",-18,16.5
"16",-18,15.5
"16",-18,14.5
"16",-18,13.5
"16",-18,12.5
"16",-18,11.5
"16",-18,10.5
"16",-18,9.5
"16",-18,8.5
"16",-18,7.5
"16",-18,6.5
"16",-18,5.5
"16",-18,4.5
"16",-18,3.5
"16",-18,2.5
"16",-18,1.5
"16",-18,0.5
"16",-18,-0.5
"16",-18,-1.5
"16",-17,-2.5
"16",-16,-3.5
"16",-15,-4.5
"16",-14,-5.5
"16",-13,-6.5
"16",-12,-7.5
"16",-11,-8.5
"16",-10,-9.5
"16",-10,-10.5
"16",-10,-11.5
"16",-10,-12.5
"16",-10,-13.5
"16",-10,-14.5
"16",-10,-15.5
"16",-10,-16.5
"16",-10,-17.5
"16",-10,-18.5
"16",-10,-19.5
"16",-10,-20.5
"16",-10,-21.5
"16",-10,-22.5
"16",-10,-23.5
"16",-10,-24.5
"16",-10,-25.5
"16",-10,-26.5
"16",-10,-27.5
"16",-10,-28.5
"16",-10,-29.5
"16",-10,-30.5
"16",-10,-31.5
"16",-10,-32.5
"16",-10,-33.5
"16",-10,-34.5
"16",-10,-35.5
"16",-10,-36.5
"16",-10,-37.5
"16",-10,-38.5
"16",-10,-39.5
"16",-10,-40.5
"16",-10,-41.5
"16",-10,-42.5
"16",-10,-43.5
"16",-10,-44.5
"16",-10,-45.5
"16",-10,-46.5
"16",-10,-47.5
"16",-10,-48.5
"16",-10,-49.5
"16",-10,-50.5
"16",-10,-51.5
"16",-10,-52.5
"16",-10,-53.5
"16",-10,-54.5
"16",-10,-55.5
"16",-11,-56.5
"16",-12,-57.5
"16",-13,-58.5
"16",-14,-59.5
"16",-15,-60.5
"16",-16,-61.5
"16",-17,-62.5
"16",-18,-63.5
"16",-19,-64.5
"16",-20,-65.5
"17",10,76.5
"17",9,76.5
"17",8,76.5
"17",7,76.5
"17",6,75.5
"17",5,75.5
"17",4,75.5
"17",4,74.5
"17",4,73.5
"17",3,72.5
"17",2,71.5
"17",1,70.5
"17",0,69.5
"17",0,68.5
"17",0,67.5
"17",0,66.5
"17",0,65.5
"17",-1,64.5
"17",-2,63.5
"17",-3,62.5
"17",-4,61.5
"17",-5,60.5
"17",-6,59.5
"17",-7,58.5
"17",-8,57.5
"17",-9,56.5
"17",-10,55.5
"17",-11,54.5
"17",-12,53.5
"17",-13,52.5
"17",-14,51.5
"17",-15,50.5
"17",-16,49.5
"17",-17,48.5
"17",-18,47.5
"17",-18,46.5
"17",-18,45.5
"17",-18,44.5
"17",-18,43.5
"17",-18,42.5
"17",-18,41.5
"17",-18,40.5
"17",-18,39.5
"17",-18,38.5
"17",-18,37.5
"17",-18,36.5
"17",-18,35.5
"17",-18,34.5
"17",-18,33.5
"17",-18,32.5
"17",-18,31.5
"17",-18,30.5
"17",-18,29.5
"17",-18,28.5
"17",-18,27.5
"17",-18,26.5
"17",-18,25.5
"17",-18,24.5
"17",-18,23.5
"17",-18,22.5
"17",-18,21.5
"17",-18,20.5
"17",-18,19.5
"17",-18,18.5
"17",-18,17.5
"17",-18,16.5
"17",-18,15.5
"17",-18,14.5
"17",-18,13.5
"17",-18,12.5
"17",-18,11.5
"17",-18,10.5
"17",-18,9.5
"17",-18,8.5
"17",-18,7.5
"17",-18,6.5
"17",-18,5.5
"17",-18,4.5
"17",-18,3.5
"17",-18,2.5
"17",-18,1.5
"17",-18,0.5
"17",-18,-0.5
"17",-18,-1.5
"17",-18,-2.5
"17",-17,-3.5
"17",-16,-4.5
"17",-16,-5.5
"17",-16,-6.5
"17",-16,-7.5
"17",-16,-8.5
"17",-16,-9.5
"17",-16,-10.5
"17",-16,-11.5
"17",-16,-12.5
"17",-16,-13.5
"17",-16,-14.5
"17",-16,-15.5
"17",-16,-16.5
"17",-16,-17.5
"17",-16,-18.5
"17",-16,-19.5
"17",-16,-20.5
"17",-16,-21.5
"17",-16,-22.5
"17",-16,-23.5
"17",-16,-24.5
"17",-16,-25.5
"17",-16,-26.5
"17",-16,-27.5
"17",-16,-28.5
"17",-16,-29.5
"17",-16,-30.5
"17",-16,-31.5
"17",-16,-32.5
"17",-16,-33.5
"17",-16,-34.5
"17",-16,-35.5
"17",-16,-36.5
"17",-16,-37.5
"17",-16,-38.5
"17",-16,-39.5
"17",-16,-40.5
"17",-16,-41.5
"17",-16,-42.5
"17",-16,-43.5
"17",-16,-44.5
"17",-16,-45.5
"17",-16,-46.5
"17",-16,-47.5
"17",-16,-48.5
"17",-16,-49.5
"17",-16,-50.5
"17",-16,-51.5
"17",-16,-52.5
"17",-16,-53.5
"17",-16,-54.5
"17",-16,-55.5
"17",-16,-56.5
"17",-17,-56.5
"17",-18,-57.5
"17",-18,-58.5
"17",-18,-59.5
"17",-19,-60.5
"17",-19,-61.5
"17",-19,-62.5
"17",-19,-63.5
"17",-19,-64.5
"17",-20,-65.5
"18",10,76.5
"18",9,76.5
"18",8,76.5
"18",7,76.5
"18",6,75.5
"18",5,75.5
"18",4,75.5
"18",4,74.5
"18",4,73.5
"18",3,72.5
"18",2,71.5
"18",1,70.5
"18",0,69.5
"18",-1,69.5
"18",-2,69.5
"18",-3,68.5
"18",-4,68.5
"18",-5,67.5
"18",-6,67.5
"18",-7,67.5
"18",-7,66.5
"18",-7,65.5
"18",-7,64.5
"18",-7,63.5
"18",-7,62.5
"18",-8,61.5
"18",-9,60.5
"18",-10,59.5
"18",-11,58.5
"18",-12,57.5
"18",-13,56.5
"18",-13,55.5
"18",-13,54.5
"18",-13,53.5
"18",-13,52.5
"18",-13,51.5
"18",-13,50.5
"18",-13,49.5
"18",-13,48.5
"18",-13,47.5
"18",-13,46.5
"18",-13,45.5
"18",-14,45.5
"18",-15,44.5
"18",-16,44.5
"18",-17,44.5
"18",-18,43.5
"18",-18,42.5
"18",-18,41.5
"18",-18,40.5
"18",-18,39.5
"18",-18,38.5
"18",-18,37.5
"18",-18,36.5
"18",-18,35.5
"18",-18,34.5
"18",-18,33.5
"18",-18,32.5
"18",-18,31.5
"18",-18,30.5
"18",-18,29.5
"18",-18,28.5
"18",-18,27.5
"18",-18,26.5
"18",-18,25.5
"18",-18,24.5
"18",-18,23.5
"18",-18,22.5
"18",-18,21.5
"18",-18,20.5
"18",-18,19.5
"18",-18,18.5
"18",-18,17.5
"18",-18,16.5
"18",-18,15.5
"18",-18,14.5
"18",-18,13.5
"18",-18,12.5
"18",-18,11.5
"18",-18,10.5
"18",-18,9.5
"18",-18,8.5
"18",-18,7.5
"18",-18,6.5
"18",-18,5.5
"18",-18,4.5
"18",-18,3.5
"18",-18,2.5
"18",-18,1.5
"18",-18,0.5
"18",-18,-0.5
"18",-18,-1.5
"18",-18,-2.5
"18",-17,-3.5
"18",-16,-4.5
"18",-16,-5.5
"18",-16,-6.5
"18",-16,-7.5
"18",-16,-8.5
"18",-16,-9.5
"18",-16,-10.5
"18",-16,-11.5
"18",-16,-12.5
"18",-16,-13.5
"18",-16,-14.5
"18",-16,-15.5
"18",-16,-16.5
"18",-16,-17.5
"18",-16,-18.5
"18",-16,-19.5
"18",-16,-20.5
"18",-16,-21.5
"18",-16,-22.5
"18",-16,-23.5
"18",-16,-24.5
"18",-16,-25.5
"18",-16,-26.5
"18",-16,-27.5
"18",-16,-28.5
"18",-16,-29.5
"18",-16,-30.5
"18",-16,-31.5
"18",-16,-32.5
"18",-16,-33.5
"18",-16,-34.5
"18",-16,-35.5
"18",-16,-36.5
"18",-16,-37.5
"18",-17,-38.5
"18",-18,-38.5
"18",-18,-39.5
"18",-18,-40.5
"18",-18,-41.5
"18",-18,-42.5
"18",-18,-43.5
"18",-18,-44.5
"18",-18,-45.5
"18",-18,-46.5
"18",-18,-47.5
"18",-18,-48.5
"18",-18,-49.5
"18",-17,-50.5
"18",-16,-50.5
"18",-16,-51.5
"18",-16,-52.5
"18",-16,-53.5
"18",-16,-54.5
"18",-16,-55.5
"18",-16,-56.5
"18",-17,-56.5
"18",-18,-57.5
"18",-18,-58.5
"18",-18,-59.5
"18",-18,-60.5
"18",-19,-60.5
"18",-19,-61.5
"18",-19,-62.5
"18",-19,-63.5
"18",-19,-64.5
"18",-20,-65.5
"19",10,76.5
"19",9,76.5
"19",8,76.5
"19",7,76.5
"19",6,75.5
"19",5,75.5
"19",4,75.5
"19",4,74.5
"19",4,73.5
"19",3,72.5
"19",2,71.5
"19",1,70.5
"19",0,69.5
"19",-1,69.5
"19",-2,69.5
"19",-3,68.5
"19",-4,68.5
"19",-5,67.5
"19",-6,67.5
"19",-7,67.5
"19",-7,66.5
"19",-7,65.5
"19",-7,64.5
"19",-7,63.5
"19",-7,62.5
"19",-8,62.5
"19",-9,61.5
"19",-10,60.5
"19",-11,59.5
"19",-11,58.5
"19",-11,57.5
"19",-12,57.5
"19",-12,56.5
"19",-12,55.5
"19",-12,54.5
"19",-12,53.5
"19",-12,52.5
"19",-12,51.5
"19",-13,50.5
"19",-13,49.5
"19",-13,48.5
"19",-13,47.5
"19",-13,46.5
"19",-13,45.5
"19",-13,44.5
"19",-14,44.5
"19",-15,43.5
"19",-16,43.5
"19",-17,43.5
"19",-18,42.5
"19",-18,41.5
"19",-18,40.5
"19",-18,39.5
"19",-18,38.5
"19",-18,37.5
"19",-18,36.5
"19",-18,35.5
"19",-18,34.5
"19",-18,33.5
"19",-18,32.5
"19",-18,31.5
"19",-18,30.5
"19",-18,29.5
"19",-18,28.5
"19",-18,27.5
"19",-18,26.5
"19",-18,25.5
"19",-18,24.5
"19",-18,23.5
"19",-18,22.5
"19",-18,21.5
"19",-18,20.5
"19",-18,19.5
"19",-18,18.5
"19",-18,17.5
"19",-18,16.5
"19",-18,15.5
"19",-18,14.5
"19",-18,13.5
"19",-18,12.5
"19",-18,11.5
"19",-18,10.5
"19",-18,9.5
"19",-18,8.5
"19",-18,7.5
"19",-18,6.5
"19",-18,5.5
"19",-18,4.5
"19",-18,3.5
"19",-18,2.5
"19",-18,1.5
"19",-18,0.5
"19",-18,-0.5
"19",-18,-1.5
"19",-17,-2.5
"19",-16,-3.5
"19",-16,-4.5
"19",-16,-5.5
"19",-16,-6.5
"19",-16,-7.5
"19",-16,-8.5
"19",-16,-9.5
"19",-16,-10.5
"19",-16,-11.5
"19",-16,-12.5
"19",-16,-13.5
"19",-16,-14.5
"19",-16,-15.5
"19",-16,-16.5
"19",-16,-17.5
"19",-16,-18.5
"19",-16,-19.5
"19",-16,-20.5
"19",-16,-21.5
"19",-16,-22.5
"19",-16,-23.5
"19",-16,-24.5
"19",-16,-25.5
"19",-16,-26.5
"19",-16,-27.5
"19",-16,-28.5
"19",-16,-29.5
"19",-16,-30.5
"19",-16,-31.5
"19",-16,-32.5
"19",-16,-33.5
"19",-16,-34.5
"19",-16,-35.5
"19",-16,-36.5
"19",-16,-37.5
"19",-17,-38.5
"19",-18,-38.5
"19",-18,-39.5
"19",-18,-40.5
"19",-18,-41.5
"19",-18,-42.5
"19",-18,-43.5
"19",-18,-44.5
"19",-18,-45.5
"19",-18,-46.5
"19",-18,-47.5
"19",-18,-48.5
"19",-18,-49.5
"19",-17,-50.5
"19",-16,-50.5
"19",-16,-51.5
"19",-16,-52.5
"19",-16,-53.5
"19",-16,-54.5
"19",-16,-55.5
"19",-16,-56.5
"19",-17,-56.5
"19",-18,-57.5
"19",-18,-58.5
"19",-18,-59.5
"19",-18,-60.5
"19",-19,-60.5
"19",-19,-61.5
"19",-19,-62.5
"19",-19,-63.5
"19",-19,-64.5
"19",-20,-65.5
"20",10,76.5
"20",9,76.5
"20",8,76.5
"20",7,76.5
"20",6,75.5
"20",5,75.5
"20",4,75.5
"20",3,75.5
"20",2,75.5
"20",1,75.5
"20",0,74.5
"20",-1,74.5
"20",-1,73.5
"20",-1,72.5
"20",-1,71.5
"20",-1,70.5
"20",-1,69.5
"20",-2,69.5
"20",-3,68.5
"20",-4,68.5
"20",-5,67.5
"20",-6,67.5
"20",-7,67.5
"20",-7,66.5
"20",-7,65.5
"20",-7,64.5
"20",-7,63.5
"20",-7,62.5
"20",-8,62.5
"20",-9,61.5
"20",-10,60.5
"20",-11,59.5
"20",-11,58.5
"20",-11,57.5
"20",-12,57.5
"20",-12,56.5
"20",-12,55.5
"20",-12,54.5
"20",-12,53.5
"20",-12,52.5
"20",-12,51.5
"20",-12,50.5
"20",-13,49.5
"20",-13,48.5
"20",-13,47.5
"20",-13,46.5
"20",-13,45.5
"20",-13,44.5
"20",-14,44.5
"20",-15,43.5
"20",-16,43.5
"20",-17,43.5
"20",-18,42.5
"20",-18,41.5
"20",-18,40.5
"20",-18,39.5
"20",-18,38.5
"20",-18,37.5
"20",-18,36.5
"20",-18,35.5
"20",-18,34.5
"20",-18,33.5
"20",-18,32.5
"20",-18,31.5
"20",-18,30.5
"20",-18,29.5
"20",-18,28.5
"20",-18,27.5
"20",-18,26.5
"20",-18,25.5
"20",-18,24.5
"20",-18,23.5
"20",-18,22.5
"20",-18,21.5
"20",-18,20.5
"20",-18,19.5
"20",-18,18.5
"20",-18,17.5
"20",-18,16.5
"20",-18,15.5
"20",-18,14.5
"20",-18,13.5
"20",-18,12.5
"20",-18,11.5
"20",-18,10.5
"20",-18,9.5
"20",-18,8.5
"20",-18,7.5
"20",-18,6.5
"20",-18,5.5
"20",-18,4.5
"20",-18,3.5
"20",-18,2.5
"20",-18,1.5
"20",-18,0.5
"20",-17,-0.5
"20",-16,-0.5
"20",-16,-1.5
"20",-16,-2.5
"20",-16,-3.5
"20",-16,-4.5
"20",-16,-5.5
"20",-16,-6.5
"20",-16,-7.5
"20",-16,-8.5
"20",-16,-9.5
"20",-16,-10.5
"20",-16,-11.5
"20",-16,-12.5
"20",-16,-13.5
"20",-16,-14.5
"20",-16,-15.5
"20",-16,-16.5
"20",-16,-17.5
"20",-16,-18.5
"20",-16,-19.5
"20",-16,-20.5
"20",-16,-21.5
"20",-16,-22.5
"20",-16,-23.5
"20",-16,-24.5
"20",-16,-25.5
"20",-16,-26.5
"20",-16,-27.5
"20",-16,-28.5
"20",-16,-29.5
"20",-16,-30.5
"20",-16,-31.5
"20",-16,-32.5
"20",-16,-33.5
"20",-16,-34.5
"20",-16,-35.5
"20",-16,-36.5
"20",-16,-37.5
"20",-17,-38.5
"20",-18,-38.5
"20",-18,-39.5
"20",-18,-40.5
"20",-18,-41.5
"20",-18,-42.5
"20",-18,-43.5
"20",-18,-44.5
"20",-18,-45.5
"20",-18,-46.5
"20",-18,-47.5
"20",-18,-48.5
"20",-18,-49.5
"20",-17,-50.5
"20",-16,-50.5
"20",-16,-51.5
"20",-16,-52.5
"20",-16,-53.5
"20",-16,-54.5
"20",-16,-55.5
"20",-16,-56.5
"20",-17,-56.5
"20",-18,-57.5
"20",-18,-58.5
"20",-18,-59.5
"20",-18,-60.5
"20",-19,-60.5
"20",-19,-61.5
"20",-19,-62.5
"20",-19,-63.5
"20",-19,-64.5
"20",-20,-65.5
"21",10,76.5
"21",9,76.5
"21",8,76.5
"21",7,76.5
"21",6,75.5
"21",5,75.5
"21",4,75.5
"21",3,75.5
"21",2,75.5
"21",1,75.5
"21",0,74.5
"21",-1,74.5
"21",-1,73.5
"21",-1,72.5
"21",-1,71.5
"21",-1,70.5
"21",-1,69.5
"21",-2,69.5
"21",-3,68.5
"21",-4,68.5
"21",-5,67.5
"21",-6,67.5
"21",-7,67.5
"21",-7,66.5
"21",-7,65.5
"21",-7,64.5
"21",-7,63.5
"21",-7,62.5
"21",-8,62.5
"21",-9,61.5
"21",-10,60.5
"21",-11,59.5
"21",-11,58.5
"21",-11,57.5
"21",-12,57.5
"21",-12,56.5
"21",-12,55.5
"21",-12,54.5
"21",-12,53.5
"21",-12,52.5
"21",-12,51.5
"21",-12,50.5
"21",-13,49.5
"21",-13,48.5
"21",-13,47.5
"21",-13,46.5
"21",-13,45.5
"21",-13,44.5
"21",-14,44.5
"21",-15,43.5
"21",-16,43.5
"21",-17,43.5
"21",-18,42.5
"21",-18,41.5
"21",-18,40.5
"21",-18,39.5
"21",-18,38.5
"21",-18,37.5
"21",-18,36.5
"21",-18,35.5
"21",-18,34.5
"21",-18,33.5
"21",-18,32.5
"21",-18,31.5
"21",-18,30.5
"21",-18,29.5
"21",-18,28.5
"21",-18,27.5
"21",-18,26.5
"21",-18,25.5
"21",-18,24.5
"21",-18,23.5
"21",-18,22.5
"21",-18,21.5
"21",-18,20.5
"21",-18,19.5
"21",-18,18.5
"21",-18,17.5
"21",-18,16.5
"21",-18,15.5
"21",-18,14.5
"21",-18,13.5
"21",-18,12.5
"21",-18,11.5
"21",-18,10.5
"21",-18,9.5
"21",-18,8.5
"21",-18,7.5
"21",-18,6.5
"21",-18,5.5
"21",-18,4.5
"21",-18,3.5
"21",-17,2.5
"21",-16,2.5
"21",-16,1.5
"21",-16,0.5
"21",-16,-0.5
"21",-16,-1.5
"21",-16,-2.5
"21",-16,-3.5
"21",-16,-4.5
"21",-16,-5.5
"21",-16,-6.5
"21",-16,-7.5
"21",-16,-8.5
"21",-16,-9.5
"21",-16,-10.5
"21",-16,-11.5
"21",-16,-12.5
"21",-16,-13.5
"21",-16,-14.5
"21",-16,-15.5
"21",-16,-16.5
"21",-16,-17.5
"21",-16,-18.5
"21",-16,-19.5
"21",-16,-20.5
"21",-16,-21.5
"21",-16,-22.5
"21",-16,-23.5
"21",-16,-24.5
"21",-16,-25.5
"21",-16,-26.5
"21",-16,-27.5
"21",-16,-28.5
"21",-16,-29.5
"21",-16,-30.5
"21",-16,-31.5
"21",-16,-32.5
"21",-16,-33.5
"21",-16,-34.5
"21",-16,-35.5
"21",-16,-36.5
"21",-16,-37.5
"21",-17,-38.5
"21",-18,-38.5
"21",-18,-39.5
"21",-18,-40.5
"21",-18,-41.5
"21",-18,-42.5
"21",-18,-43.5
"21",-18,-44.5
"21",-18,-45.5
"21",-18,-46.5
"21",-18,-47.5
"21",-18,-48.5
"21",-18,-49.5
"21",-17,-50.5
"21",-16,-50.5
"21",-16,-51.5
"21",-16,-52.5
"21",-16,-53.5
"21",-16,-54.5
"21",-16,-55.5
"21",-16,-56.5
"21",-17,-56.5
"21",-18,-57.5
"21",-18,-58.5
"21",-18,-59.5
"21",-18,-60.5
"21",-19,-60.5
"21",-19,-61.5
"21",-19,-62.5
"21",-19,-63.5
"21",-19,-64.5
"21",-20,-65.5
"22",10,76.5
"22",9,76.5
"22",8,76.5
"22",7,75.5
"22",6,74.5
"22",5,73.5
"22",4,72.5
"22",3,71.5
"22",2,70.5
"22",1,69.5
"22",1,68.5
"22",1,67.5
"22",1,66.5
"22",0,65.5
"22",-1,64.5
"22",-2,63.5
"22",-3,62.5
"22",-4,61.5
"22",-5,60.5
"22",-6,59.5
"22",-7,58.5
"22",-8,57.5
"22",-9,56.5
"22",-10,55.5
"22",-11,54.5
"22",-12,53.5
"22",-13,52.5
"22",-14,51.5
"22",-15,50.5
"22",-15,49.5
"22",-15,48.5
"22",-15,47.5
"22",-15,46.5
"22",-15,45.5
"22",-15,44.5
"22",-15,43.5
"22",-15,42.5
"22",-15,41.5
"22",-15,40.5
"22",-15,39.5
"22",-15,38.5
"22",-15,37.5
"22",-15,36.5
"22",-15,35.5
"22",-15,34.5
"22",-15,33.5
"22",-15,32.5
"22",-15,31.5
"22",-15,30.5
"22",-15,29.5
"22",-16,28.5
"22",-16,27.5
"22",-16,26.5
"22",-17,25.5
"22",-18,24.5
"22",-18,23.5
"22",-18,22.5
"22",-18,21.5
"22",-18,20.5
"22",-18,19.5
"22",-18,18.5
"22",-18,17.5
"22",-18,16.5
"22",-18,15.5
"22",-18,14.5
"22",-18,13.5
"22",-18,12.5
"22",-18,11.5
"22",-18,10.5
"22",-18,9.5
"22",-18,8.5
"22",-18,7.5
"22",-18,6.5
"22",-18,5.5
"22",-18,4.5
"22",-18,3.5
"22",-18,2.5
"22",-18,1.5
"22",-18,0.5
"22",-18,-0.5
"22",-18,-1.5
"22",-18,-2.5
"22",-18,-3.5
"22",-18,-4.5
"22",-18,-5.5
"22",-18,-6.5
"22",-18,-7.5
"22",-18,-8.5
"22",-18,-9.5
"22",-18,-10.5
"22",-18,-11.5
"22",-18,-12.5
"22",-18,-13.5
"22",-18,-14.5
"22",-18,-15.5
"22",-18,-16.5
"22",-18,-17.5
"22",-18,-18.5
"22",-18,-19.5
"22",-18,-20.5
"22",-18,-21.5
"22",-18,-22.5
"22",-18,-23.5
"22",-18,-24.5
"22",-18,-25.5
"22",-18,-26.5
"22",-18,-27.5
"22",-19,-28.5
"22",-19,-29.5
"22",-19,-30.5
"22",-19,-31.5
"22",-19,-32.5
"22",-19,-33.5
"22",-19,-34.5
"22",-19,-35.5
"22",-19,-36.5
"22",-19,-37.5
"22",-19,-38.5
"22",-19,-39.5
"22",-19,-40.5
"22",-19,-41.5
"22",-19,-42.5
"22",-19,-43.5
"22",-19,-44.5
"22",-19,-45.5
"22",-19,-46.5
"22",-19,-47.5
"22",-19,-48.5
"22",-19,-49.5
"22",-19,-50.5
"22",-19,-51.5
"22",-19,-52.5
"22",-19,-53.5
"22",-19,-54.5
"22",-19,-55.5
"22",-19,-56.5
"22",-19,-57.5
"22",-19,-58.5
"22",-19,-59.5
"22",-19,-60.5
"22",-19,-61.5
"22",-19,-62.5
"22",-19,-63.5
"22",-19,-64.5
"22",-20,-65.5
"23",10,76.5
"23",9,76.5
"23",8,76.5
"23",7,76.5
"23",6,75.5
"23",5,75.5
"23",4,75.5
"23",4,74.5
"23",4,73.5
"23",3,72.5
"23",2,71.5
"23",1,70.5
"23",0,69.5
"23",-1,69.5
"23",-2,69.5
"23",-3,68.5
"23",-4,68.5
"23",-5,67.5
"23",-6,67.5
"23",-7,67.5
"23",-7,66.5
"23",-7,65.5
"23",-7,64.5
"23",-7,63.5
"23",-7,62.5
"23",-8,61.5
"23",-9,60.5
"23",-10,59.5
"23",-11,58.5
"23",-12,57.5
"23",-13,56.5
"23",-13,55.5
"23",-13,54.5
"23",-14,53.5
"23",-15,52.5
"23",-16,51.5
"23",-17,50.5
"23",-18,49.5
"23",-18,48.5
"23",-18,47.5
"23",-18,46.5
"23",-18,45.5
"23",-18,44.5
"23",-18,43.5
"23",-18,42.5
"23",-18,41.5
"23",-18,40.5
"23",-18,39.5
"23",-18,38.5
"23",-18,37.5
"23",-18,36.5
"23",-18,35.5
"23",-18,34.5
"23",-18,33.5
"23",-18,32.5
"23",-18,31.5
"23",-18,30.5
"23",-18,29.5
"23",-18,28.5
"23",-18,27.5
"23",-18,26.5
"23",-18,25.5
"23",-18,24.5
"23",-18,23.5
"23",-18,22.5
"23",-18,21.5
"23",-18,20.5
"23",-18,19.5
"23",-18,18.5
"23",-18,17.5
"23",-18,16.5
"23",-18,15.5
"23",-18,14.5
"23",-18,13.5
"23",-18,12.5
"23",-18,11.5
"23",-18,10.5
"23",-18,9.5
"23",-18,8.5
"23",-18,7.5
"23",-18,6.5
"23",-18,5.5
"23",-18,4.5
"23",-18,3.5
"23",-18,2.5
"23",-18,1.5
"23",-18,0.5
"23",-18,-0.5
"23",-18,-1.5
"23",-18,-2.5
"23",-17,-3.5
"23",-16,-4.5
"23",-16,-5.5
"23",-16,-6.5
"23",-16,-7.5
"23",-16,-8.5
"23",-16,-9.5
"23",-16,-10.5
"23",-16,-11.5
"23",-16,-12.5
"23",-16,-13.5
"23",-16,-14.5
"23",-16,-15.5
"23",-16,-16.5
"23",-16,-17.5
"23",-16,-18.5
"23",-16,-19.5
"23",-16,-20.5
"23",-16,-21.5
"23",-16,-22.5
"23",-16,-23.5
"23",-16,-24.5
"23",-16,-25.5
"23",-16,-26.5
"23",-16,-27.5
"23",-16,-28.5
"23",-16,-29.5
"23",-16,-30.5
"23",-16,-31.5
"23",-16,-32.5
"23",-16,-33.5
"23",-16,-34.5
"23",-16,-35.5
"23",-16,-36.5
"23",-16,-37.5
"23",-16,-38.5
"23",-16,-39.5
"23",-16,-40.5
"23",-16,-41.5
"23",-16,-42.5
"23",-16,-43.5
"23",-16,-44.5
"23",-16,-45.5
"23",-16,-46.5
"23",-16,-47.5
"23",-16,-48.5
"23",-16,-49.5
"23",-16,-50.5
"23",-16,-51.5
"23",-16,-52.5
"23",-16,-53.5
"23",-16,-54.5
"23",-16,-55.5
"23",-16,-56.5
"23",-17,-56.5
"23",-18,-57.5
"23",-18,-58.5
"23",-18,-59.5
"23",-19,-60.5
"23",-19,-61.5
"23",-19,-62.5
"23",-19,-63.5
"23",-19,-64.5
"23",-20,-65.5
"24",10,76.5
"24",9,76.5
"24",8,76.5
"24",7,76.5
"24",6,75.5
"24",5,75.5
"24",4,75.5
"24",4,74.5
"24",4,73.5
"24",3,72.5
"24",2,71.5
"24",1,70.5
"24",0,69.5
"24",-1,69.5
"24",-2,69.5
"24",-3,68.5
"24",-4,68.5
"24",-5,67.5
"24",-6,67.5
"24",-7,67.5
"24",-7,66.5
"24",-7,65.5
"24",-7,64.5
"24",-7,63.5
"24",-7,62.5
"24",-8,62.5
"24",-9,61.5
"24",-10,60.5
"24",-11,59.5
"24",-11,58.5
"24",-11,57.5
"24",-12,57.5
"24",-13,56.5
"24",-13,55.5
"24",-13,54.5
"24",-13,53.5
"24",-13,52.5
"24",-13,51.5
"24",-13,50.5
"24",-13,49.5
"24",-13,48.5
"24",-13,47.5
"24",-13,46.5
"24",-13,45.5
"24",-14,45.5
"24",-15,44.5
"24",-16,44.5
"24",-17,44.5
"24",-18,43.5
"24",-18,42.5
"24",-18,41.5
"24",-18,40.5
"24",-18,39.5
"24",-18,38.5
"24",-18,37.5
"24",-18,36.5
"24",-18,35.5
"24",-18,34.5
"24",-18,33.5
"24",-18,32.5
"24",-18,31.5
"24",-18,30.5
"24",-18,29.5
"24",-18,28.5
"24",-18,27.5
"24",-18,26.5
"24",-18,25.5
"24",-18,24.5
"24",-18,23.5
"24",-18,22.5
"24",-18,21.5
"24",-18,20.5
"24",-18,19.5
"24",-18,18.5
"24",-18,17.5
"24",-18,16.5
"24",-18,15.5
"24",-18,14.5
"24",-18,13.5
"24",-18,12.5
"24",-18,11.5
"24",-18,10.5
"24",-18,9.5
"24",-18,8.5
"24",-18,7.5
"24",-18,6.5
"24",-18,5.5
"24",-18,4.5
"24",-18,3.5
"24",-18,2.5
"24",-18,1.5
"24",-18,0.5
"24",-18,-0.5
"24",-18,-1.5
"24",-18,-2.5
"24",-17,-3.5
"24",-16,-4.5
"24",-16,-5.5
"24",-16,-6.5
"24",-16,-7.5
"24",-16,-8.5
"24",-16,-9.5
"24",-16,-10.5
"24",-16,-11.5
"24",-16,-12.5
"24",-16,-13.5
"24",-16,-14.5
"24",-16,-15.5
"24",-16,-16.5
"24",-16,-17.5
"24",-16,-18.5
"24",-16,-19.5
"24",-16,-20.5
"24",-16,-21.5
"24",-16,-22.5
"24",-16,-23.5
"24",-16,-24.5
"24",-16,-25.5
"24",-16,-26.5
"24",-16,-27.5
"24",-16,-28.5
"24",-16,-29.5
"24",-16,-30.5
"24",-16,-31.5
"24",-16,-32.5
"24",-16,-33.5
"24",-16,-34.5
"24",-16,-35.5
"24",-16,-36.5
"24",-16,-37.5
"24",-16,-38.5
"24",-16,-39.5
"24",-16,-40.5
"24",-16,-41.5
"24",-16,-42.5
"24",-16,-43.5
"24",-16,-44.5
"24",-16,-45.5
"24",-16,-46.5
"24",-16,-47.5
"24",-16,-48.5
"24",-16,-49.5
"24",-16,-50.5
"24",-16,-51.5
"24",-16,-52.5
"24",-16,-53.5
"24",-16,-54.5
"24",-16,-55.5
"24",-16,-56.5
"24",-17,-56.5
"24",-18,-57.5
"24",-18,-58.5
"24",-18,-59.5
"24",-18,-60.5
"24",-19,-60.5
"24",-19,-61.5
"24",-19,-62.5
"24",-19,-63.5
"24",-19,-64.5
"24",-20,-65.5
"25",10,76.5
"25",9,76.5
"25",8,76.5
"25",7,76.5
"25",6,75.5
"25",5,75.5
"25",4,75.5
"25",3,75.5
"25",2,75.5
"25",1,75.5
"25",0,74.5
"25",-1,74.5
"25",-1,73.5
"25",-1,72.5
"25",-1,71.5
"25",-1,70.5
"25",-1,69.5
"25",-2,69.5
"25",-3,68.5
"25",-4,68.5
"25",-5,67.5
"25",-6,67.5
"25",-7,67.5
"25",-7,66.5
"25",-7,65.5
"25",-7,64.5
"25",-7,63.5
"25",-7,62.5
"25",-8,62.5
"25",-9,61.5
"25",-10,60.5
"25",-11,59.5
"25",-11,58.5
"25",-11,57.5
"25",-12,57.5
"25",-12,56.5
"25",-12,55.5
"25",-12,54.5
"25",-12,53.5
"25",-12,52.5
"25",-12,51.5
"25",-12,50.5
"25",-13,49.5
"25",-13,48.5
"25",-13,47.5
"25",-13,46.5
"25",-13,45.5
"25",-13,44.5
"25",-14,44.5
"25",-15,43.5
"25",-16,43.5
"25",-17,43.5
"25",-18,42.5
"25",-18,41.5
"25",-18,40.5
"25",-18,39.5
"25",-18,38.5
"25",-18,37.5
"25",-18,36.5
"25",-18,35.5
"25",-18,34.5
"25",-18,33.5
"25",-18,32.5
"25",-18,31.5
"25",-18,30.5
"25",-18,29.5
"25",-18,28.5
"25",-18,27.5
"25",-18,26.5
"25",-18,25.5
"25",-18,24.5
"25",-18,23.5
"25",-18,22.5
"25",-18,21.5
"25",-18,20.5
"25",-18,19.5
"25",-18,18.5
"25",-18,17.5
"25",-18,16.5
"25",-18,15.5
"25",-18,14.5
"25",-18,13.5
"25",-18,12.5
"25",-18,11.5
"25",-18,10.5
"25",-18,9.5
"25",-18,8.5
"25",-18,7.5
"25",-18,6.5
"25",-18,5.5
"25",-18,4.5
"25",-18,3.5
"25",-17,2.5
"25",-16,2.5
"25",-16,1.5
"25",-16,0.5
"25",-16,-0.5
"25",-16,-1.5
"25",-16,-2.5
"25",-16,-3.5
"25",-16,-4.5
"25",-16,-5.5
"25",-16,-6.5
"25",-16,-7.5
"25",-16,-8.5
"25",-16,-9.5
"25",-16,-10.5
"25",-16,-11.5
"25",-16,-12.5
"25",-16,-13.5
"25",-16,-14.5
"25",-16,-15.5
"25",-16,-16.5
"25",-16,-17.5
"25",-16,-18.5
"25",-16,-19.5
"25",-16,-20.5
"25",-16,-21.5
"25",-16,-22.5
"25",-16,-23.5
"25",-16,-24.5
"25",-16,-25.5
"25",-16,-26.5
"25",-16,-27.5
"25",-16,-28.5
"25",-16,-29.5
"25",-16,-30.5
"25",-16,-31.5
"25",-16,-32.5
"25",-16,-33.5
"25",-16,-34.5
"25",-16,-35.5
"25",-16,-36.5
"25",-16,-37.5
"25",-17,-38.5
"25",-18,-38.5
"25",-18,-39.5
"25",-18,-40.5
"25",-18,-41.5
"25",-18,-42.5
"25",-18,-43.5
"25",-18,-44.5
"25",-18,-45.5
"25",-18,-46.5
"25",-18,-47.5
"25",-18,-48.5
"25",-18,-49.5
"25",-17,-50.5
"25",-16,-50.5
"25",-16,-51.5
"25",-16,-52.5
"25",-16,-53.5
"25",-16,-54.5
"25",-16,-55.5
"25",-16,-56.5
"25",-17,-56.5
"25",-18,-57.5
"25",-18,-58.5
"25",-18,-59.5
"25",-18,-60.5
"25",-19,-60.5
"25",-19,-61.5
"25",-19,-62.5
"25",-19,-63.5
"25",-19,-64.5
"25",-20,-65.5
"26",10,76.5
"26",9,76.5
"26",8,76.5
"26",7,75.5
"26",6,74.5
"26",5,73.5
"26",4,72.5
"26",3,71.5
"26",2,70.5
"26",1,69.5
"26",1,68.5
"26",1,67.5
"26",1,66.5
"26",0,65.5
"26",-1,64.5
"26",-2,63.5
"26",-3,62.5
"26",-4,61.5
"26",-5,60.5
"26",-6,59.5
"26",-7,58.5
"26",-8,57.5
"26",-9,56.5
"26",-10,55.5
"26",-11,54.5
"26",-12,53.5
"26",-13,52.5
"26",-14,51.5
"26",-15,50.5
"26",-16,49.5
"26",-16,48.5
"26",-16,47.5
"26",-16,46.5
"26",-16,45.5
"26",-16,44.5
"26",-16,43.5
"26",-16,42.5
"26",-16,41.5
"26",-16,40.5
"26",-16,39.5
"26",-16,38.5
"26",-16,37.5
"26",-16,36.5
"26",-16,35.5
"26",-16,34.5
"26",-16,33.5
"26",-16,32.5
"26",-16,31.5
"26",-16,30.5
"26",-16,29.5
"26",-16,28.5
"26",-16,27.5
"26",-16,26.5
"26",-17,25.5
"26",-18,24.5
"26",-18,23.5
"26",-18,22.5
"26",-18,21.5
"26",-18,20.5
"26",-18,19.5
"26",-18,18.5
"26",-18,17.5
"26",-18,16.5
"26",-18,15.5
"26",-18,14.5
"26",-18,13.5
"26",-18,12.5
"26",-18,11.5
"26",-18,10.5
"26",-18,9.5
"26",-18,8.5
"26",-18,7.5
"26",-18,6.5
"26",-18,5.5
"26",-18,4.5
"26",-18,3.5
"26",-18,2.5
"26",-18,1.5
"26",-18,0.5
"26",-18,-0.5
"26",-18,-1.5
"26",-18,-2.5
"26",-18,-3.5
"26",-18,-4.5
"26",-18,-5.5
"26",-18,-6.5
"26",-18,-7.5
"26",-18,-8.5
"26",-18,-9.5
"26",-18,-10.5
"26",-18,-11.5
"26",-18,-12.5
"26",-18,-13.5
"26",-18,-14.5
"26",-18,-15.5
"26",-18,-16.5
"26",-18,-17.5
"26",-18,-18.5
"26",-18,-19.5
"26",-18,-20.5
"26",-18,-21.5
"26",-18,-22.5
"26",-18,-23.5
"26",-18,-24.5
"26",-18,-25.5
"26",-18,-26.5
"26",-18,-27.5
"26",-18,-28.5
"26",-18,-29.5
"26",-18,-30.5
"26",-18,-31.5
"26",-18,-32.5
"26",-18,-33.5
"26",-18,-34.5
"26",-18,-35.5
"26",-18,-36.5
"26",-18,-37.5
"26",-18,-38.5
"26",-18,-39.5
"26",-18,-40.5
"26",-18,-41.5
"26",-18,-42.5
"26",-18,-43.5
"26",-18,-44.5
"26",-18,-45.5
"26",-18,-46.5
"26",-18,-47.5
"26",-18,-48.5
"26",-18,-49.5
"26",-18,-50.5
"26",-18,-51.5
"26",-18,-52.5
"26",-18,-53.5
"26",-18,-54.5
"26",-18,-55.5
"26",-18,-56.5
"26",-18,-57.5
"26",-18,-58.5
"26",-18,-59.5
"26",-18,-60.5
"26",-18,-61.5
"26",-18,-62.5
"26",-18,-63.5
"26",-19,-64.5
"26",-20,-65.5
"27",10,76.5
"27",9,76.5
"27",8,76.5
"27",7,76.5
"27",6,76.5
"27",5,76.5
"27",4,76.5
"27",3,76.5
"27",2,76.5
"27",1,76.5
"27",0,76.5
"27",-1,76.5
"27",-1,75.5
"27",-1,74.5
"27",-1,73.5
"27",-1,72.5
"27",-1,71.5
"27",-1,70.5
"27",-2,69.5
"27",-3,68.5
"27",-4,68.5
"27",-5,67.5
"27",-6,67.5
"27",-7,67.5
"27",-7,66.5
"27",-7,65.5
"27",-7,64.5
"27",-7,63.5
"27",-7,62.5
"27",-8,61.5
"27",-9,60.5
"27",-10,59.5
"27",-11,58.5
"27",-12,57.5
"27",-13,56.5
"27",-13,55.5
"27",-13,54.5
"27",-13,53.5
"27",-14,52.5
"27",-15,51.5
"27",-16,50.5
"27",-17,49.5
"27",-18,48.5
"27",-18,47.5
"27",-18,46.5
"27",-18,45.5
"27",-18,44.5
"27",-18,43.5
"27",-18,42.5
"27",-18,41.5
"27",-18,40.5
"27",-18,39.5
"27",-18,38.5
"27",-18,37.5
"27",-18,36.5
"27",-18,35.5
"27",-18,34.5
"27",-18,33.5
"27",-18,32.5
"27",-18,31.5
"27",-18,30.5
"27",-18,29.5
"27",-18,28.5
"27",-18,27.5
"27",-18,26.5
"27",-18,25.5
"27",-18,24.5
"27",-18,23.5
"27",-18,22.5
"27",-18,21.5
"27",-18,20.5
"27",-18,19.5
"27",-18,18.5
"27",-18,17.5
"27",-18,16.5
"27",-18,15.5
"27",-18,14.5
"27",-18,13.5
"27",-18,12.5
"27",-18,11.5
"27",-18,10.5
"27",-18,9.5
"27",-18,8.5
"27",-18,7.5
"27",-18,6.5
"27",-18,5.5
"27",-18,4.5
"27",-18,3.5
"27",-18,2.5
"27",-18,1.5
"27",-18,0.5
"27",-18,-0.5
"27",-18,-1.5
"27",-18,-2.5
"27",-17,-3.5
"27",-16,-4.5
"27",-16,-5.5
"27",-16,-6.5
"27",-16,-7.5
"27",-16,-8.5
"27",-16,-9.5
"27",-16,-10.5
"27",-16,-11.5
"27",-16,-12.5
"27",-16,-13.5
"27",-16,-14.5
"27",-16,-15.5
"27",-16,-16.5
"27",-16,-17.5
"27",-16,-18.5
"27",-16,-19.5
"27",-16,-20.5
"27",-16,-21.5
"27",-16,-22.5
"27",-16,-23.5
"27",-16,-24.5
"27",-16,-25.5
"27",-16,-26.5
"27",-16,-27.5
"27",-16,-28.5
"27",-16,-29.5
"27",-16,-30.5
"27",-16,-31.5
"27",-16,-32.5
"27",-16,-33.5
"27",-16,-34.5
"27",-16,-35.5
"27",-16,-36.5
"27",-16,-37.5
"27",-16,-38.5
"27",-16,-39.5
"27",-16,-40.5
"27",-16,-41.5
"27",-16,-42.5
"27",-16,-43.5
"27",-16,-44.5
"27",-16,-45.5
"27",-16,-46.5
"27",-16,-47.5
"27",-16,-48.5
"27",-16,-49.5
"27",-16,-50.5
"27",-16,-51.5
"27",-16,-52.5
"27",-16,-53.5
"27",-16,-54.5
"27",-16,-55.5
"27",-16,-56.5
"27",-17,-56.5
"27",-18,-57.5
"27",-18,-58.5
"27",-18,-59.5
"27",-19,-60.5
"27",-19,-61.5
"27",-19,-62.5
"27",-19,-63.5
"27",-19,-64.5
"27",-20,-65.5
"28",10,76.5
"28",9,76.5
"28",8,76.5
"28",7,76.5
"28",6,76.5
"28",5,76.5
"28",4,76.5
"28",3,76.5
"28",2,76.5
"28",1,76.5
"28",0,76.5
"28",-1,76.5
"28",-1,75.5
"28",-1,74.5
"28",-1,73.5
"28",-1,72.5
"28",-1,71.5
"28",-1,70.5
"28",-1,69.5
"28",-2,69.5
"28",-3,68.5
"28",-4,68.5
"28",-5,67.5
"28",-6,67.5
"28",-7,67.5
"28",-7,66.5
"28",-7,65.5
"28",-7,64.5
"28",-7,63.5
"28",-7,62.5
"28",-8,62.5
"28",-9,61.5
"28",-10,60.5
"28",-11,59.5
"28",-11,58.5
"28",-11,57.5
"28",-12,57.5
"28",-12,56.5
"28",-12,55.5
"28",-12,54.5
"28",-12,53.5
"28",-12,52.5
"28",-12,51.5
"28",-12,50.5
"28",-13,49.5
"28",-13,48.5
"28",-13,47.5
"28",-13,46.5
"28",-13,45.5
"28",-13,44.5
"28",-14,44.5
"28",-15,43.5
"28",-16,43.5
"28",-17,43.5
"28",-18,42.5
"28",-18,41.5
"28",-18,40.5
"28",-18,39.5
"28",-18,38.5
"28",-18,37.5
"28",-18,36.5
"28",-18,35.5
"28",-18,34.5
"28",-18,33.5
"28",-18,32.5
"28",-18,31.5
"28",-18,30.5
"28",-18,29.5
"28",-18,28.5
"28",-18,27.5
"28",-18,26.5
"28",-18,25.5
"28",-18,24.5
"28",-18,23.5
"28",-18,22.5
"28",-18,21.5
"28",-18,20.5
"28",-18,19.5
"28",-18,18.5
"28",-18,17.5
"28",-18,16.5
"28",-18,15.5
"28",-18,14.5
"28",-18,13.5
"28",-18,12.5
"28",-18,11.5
"28",-18,10.5
"28",-18,9.5
"28",-18,8.5
"28",-18,7.5
"28",-18,6.5
"28",-18,5.5
"28",-18,4.5
"28",-18,3.5
"28",-17,2.5
"28",-16,2.5
"28",-16,1.5
"28",-16,0.5
"28",-16,-0.5
"28",-16,-1.5
"28",-16,-2.5
"28",-16,-3.5
"28",-16,-4.5
"28",-16,-5.5
"28",-16,-6.5
"28",-16,-7.5
"28",-16,-8.5
"28",-16,-9.5
"28",-16,-10.5
"28",-16,-11.5
"28",-16,-12.5
"28",-16,-13.5
"28",-16,-14.5
"28",-16,-15.5
"28",-16,-16.5
"28",-16,-17.5
"28",-16,-18.5
"28",-16,-19.5
"28",-16,-20.5
"28",-16,-21.5
"28",-16,-22.5
"28",-16,-23.5
"28",-16,-24.5
"28",-16,-25.5
"28",-16,-26.5
"28",-16,-27.5
"28",-16,-28.5
"28",-16,-29.5
"28",-16,-30.5
"28",-16,-31.5
"28",-16,-32.5
"28",-16,-33.5
"28",-16,-34.5
"28",-16,-35.5
"28",-16,-36.5
"28",-16,-37.5
"28",-17,-38.5
"28",-18,-38.5
"28",-18,-39.5
"28",-18,-40.5
"28",-18,-41.5
"28",-18,-42.5
"28",-18,-43.5
"28",-18,-44.5
"28",-18,-45.5
"28",-18,-46.5
"28",-18,-47.5
"28",-18,-48.5
"28",-18,-49.5
"28",-17,-50.5
"28",-16,-50.5
"28",-16,-51.5
"28",-16,-52.5
"28",-16,-53.5
"28",-16,-54.5
"28",-16,-55.5
"28",-16,-56.5
"28",-17,-56.5
"28",-18,-57.5
"28",-18,-58.5
"28",-18,-59.5
"28",-18,-60.5
"28",-19,-60.5
"28",-19,-61.5
"28",-19,-62.5
"28",-19,-63.5
"28",-19,-64.5
"28",-20,-65.5
"29",10,76.5
"29",9,76.5
"29",8,76.5
"29",7,76.5
"29",6,76.5
"29",5,76.5
"29",4,76.5
"29",3,76.5
"29",2,76.5
"29",1,76.5
"29",0,76.5
"29",-1,76.5
"29",-2,76.5
"29",-3,76.5
"29",-4,76.5
"29",-4,75.5
"29",-4,74.5
"29",-4,73.5
"29",-4,72.5
"29",-4,71.5
"29",-4,70.5
"29",-5,69.5
"29",-6,68.5
"29",-6,67.5
"29",-6,66.5
"29",-6,65.5
"29",-6,64.5
"29",-6,63.5
"29",-6,62.5
"29",-6,61.5
"29",-7,60.5
"29",-8,59.5
"29",-9,58.5
"29",-10,57.5
"29",-11,56.5
"29",-12,55.5
"29",-13,54.5
"29",-14,53.5
"29",-15,52.5
"29",-16,51.5
"29",-16,50.5
"29",-16,49.5
"29",-16,48.5
"29",-16,47.5
"29",-16,46.5
"29",-16,45.5
"29",-16,44.5
"29",-16,43.5
"29",-16,42.5
"29",-16,41.5
"29",-16,40.5
"29",-16,39.5
"29",-16,38.5
"29",-16,37.5
"29",-16,36.5
"29",-16,35.5
"29",-16,34.5
"29",-16,33.5
"29",-16,32.5
"29",-16,31.5
"29",-16,30.5
"29",-16,29.5
"29",-16,28.5
"29",-16,27.5
"29",-16,26.5
"29",-17,25.5
"29",-18,24.5
"29",-18,23.5
"29",-18,22.5
"29",-18,21.5
"29",-18,20.5
"29",-18,19.5
"29",-18,18.5
"29",-18,17.5
"29",-18,16.5
"29",-18,15.5
"29",-18,14.5
"29",-18,13.5
"29",-18,12.5
"29",-18,11.5
"29",-18,10.5
"29",-18,9.5
"29",-18,8.5
"29",-18,7.5
"29",-18,6.5
"29",-18,5.5
"29",-18,4.5
"29",-18,3.5
"29",-18,2.5
"29",-18,1.5
"29",-18,0.5
"29",-18,-0.5
"29",-18,-1.5
"29",-18,-2.5
"29",-18,-3.5
"29",-18,-4.5
"29",-18,-5.5
"29",-18,-6.5
"29",-18,-7.5
"29",-18,-8.5
"29",-18,-9.5
"29",-18,-10.5
"29",-18,-11.5
"29",-18,-12.5
"29",-18,-13.5
"29",-18,-14.5
"29",-18,-15.5
"29",-18,-16.5
"29",-18,-17.5
"29",-18,-18.5
"29",-18,-19.5
"29",-18,-20.5
"29",-18,-21.5
"29",-18,-22.5
"29",-18,-23.5
"29",-18,-24.5
"29",-18,-25.5
"29",-18,-26.5
"29",-18,-27.5
"29",-18,-28.5
"29",-18,-29.5
"29",-18,-30.5
"29",-18,-31.5
"29",-18,-32.5
"29",-18,-33.5
"29",-18,-34.5
"29",-18,-35.5
"29",-18,-36.5
"29",-18,-37.5
"29",-18,-38.5
"29",-18,-39.5
"29",-18,-40.5
"29",-18,-41.5
"29",-18,-42.5
"29",-18,-43.5
"29",-18,-44.5
"29",-18,-45.5
"29",-18,-46.5
"29",-18,-47.5
"29",-18,-48.5
"29",-18,-49.5
"29",-18,-50.5
"29",-18,-51.5
"29",-18,-52.5
"29",-18,-53.5
"29",-18,-54.5
"29",-18,-55.5
"29",-18,-56.5
"29",-18,-57.5
"29",-18,-58.5
"29",-18,-59.5
"29",-18,-60.5
"29",-18,-61.5
"29",-18,-62.5
"29",-18,-63.5
"29",-19,-64.5
"29",-20,-65.5
"30",10,76.5
"30",9,76.5
"30",8,76.5
"30",7,76.5
"30",6,76.5
"30",5,76.5
"30",4,76.5
"30",3,76.5
"30",2,76.5
"30",1,76.5
"30",0,76.5
"30",-1,76.5
"30",-2,76.5
"30",-3,76.5
"30",-4,76.5
"30",-5,76.5
"30",-6,76.5
"30",-7,76.5
"30",-8,76.5
"30",-9,76.5
"30",-10,76.5
"30",-11,76.5
"30",-11,75.5
"30",-11,74.5
"30",-11,73.5
"30",-11,72.5
"30",-11,71.5
"30",-11,70.5
"30",-11,69.5
"30",-11,68.5
"30",-11,67.5
"30",-11,66.5
"30",-11,65.5
"30",-11,64.5
"30",-11,63.5
"30",-11,62.5
"30",-11,61.5
"30",-11,60.5
"30",-11,59.5
"30",-11,58.5
"30",-12,57.5
"30",-13,56.5
"30",-13,55.5
"30",-13,54.5
"30",-13,53.5
"30",-14,52.5
"30",-15,51.5
"30",-16,50.5
"30",-17,49.5
"30",-18,48.5
"30",-18,47.5
"30",-18,46.5
"30",-18,45.5
"30",-18,44.5
"30",-18,43.5
"30",-18,42.5
"30",-18,41.5
"30",-18,40.5
"30",-18,39.5
"30",-18,38.5
"30",-18,37.5
"30",-18,36.5
"30",-18,35.5
"30",-18,34.5
"30",-18,33.5
"30",-18,32.5
"30",-18,31.5
"30",-18,30.5
"30",-18,29.5
"30",-18,28.5
"30",-18,27.5
"30",-18,26.5
"30",-18,25.5
"30",-18,24.5
"30",-18,23.5
"30",-18,22.5
"30",-18,21.5
"30",-18,20.5
"30",-18,19.5
"30",-18,18.5
"30",-18,17.5
"30",-18,16.5
"30",-18,15.5
"30",-18,14.5
"30",-18,13.5
"30",-18,12.5
"30",-18,11.5
"30",-18,10.5
"30",-18,9.5
"30",-18,8.5
"30",-18,7.5
"30",-18,6.5
"30",-18,5.5
"30",-18,4.5
"30",-18,3.5
"30",-18,2.5
"30",-18,1.5
"30",-18,0.5
"30",-18,-0.5
"30",-18,-1.5
"30",-18,-2.5
"30",-17,-3.5
"30",-16,-4.5
"30",-16,-5.5
"30",-16,-6.5
"30",-16,-7.5
"30",-16,-8.5
"30",-16,-9.5
"30",-16,-10.5
"30",-16,-11.5
"30",-16,-12.5
"30",-16,-13.5
"30",-16,-14.5
"30",-16,-15.5
"30",-16,-16.5
"30",-16,-17.5
"30",-16,-18.5
"30",-16,-19.5
"30",-16,-20.5
"30",-16,-21.5
"30",-16,-22.5
"30",-16,-23.5
"30",-16,-24.5
"30",-16,-25.5
"30",-16,-26.5
"30",-16,-27.5
"30",-16,-28.5
"30",-16,-29.5
"30",-16,-30.5
"30",-16,-31.5
"30",-16,-32.5
"30",-16,-33.5
"30",-16,-34.5
"30",-16,-35.5
"30",-16,-36.5
"30",-16,-37.5
"30",-16,-38.5
"30",-16,-39.5
"30",-16,-40.5
"30",-16,-41.5
"30",-16,-42.5
"30",-16,-43.5
"30",-16,-44.5
"30",-16,-45.5
"30",-16,-46.5
"30",-16,-47.5
"30",-16,-48.5
"30",-16,-49.5
"30",-16,-50.5
"30",-16,-51.5
"30",-16,-52.5
"30",-16,-53.5
"30",-16,-54.5
"30",-16,-55.5
"30",-16,-56.5
"30",-17,-56.5
"30",-18,-57.5
"30",-18,-58.5
"30",-18,-59.5
"30",-19,-60.5
"30",-19,-61.5
"30",-19,-62.5
"30",-19,-63.5
"30",-19,-64.5
"30",-20,-65.5
"31",10,76.5
"31",9,76.5
"31",8,76.5
"31",7,76.5
"31",6,76.5
"31",5,76.5
"31",4,76.5
"31",3,76.5
"31",2,76.5
"31",1,76.5
"31",0,76.5
"31",-1,76.5
"31",-2,76.5
"31",-3,76.5
"31",-4,76.5
"31",-5,76.5
"31",-6,76.5
"31",-7,76.5
"31",-8,76.5
"31",-9,76.5
"31",-10,76.5
"31",-11,76.5
"31",-11,75.5
"31",-11,74.5
"31",-11,73.5
"31",-11,72.5
"31",-11,71.5
"31",-11,70.5
"31",-11,69.5
"31",-11,68.5
"31",-11,67.5
"31",-11,66.5
"31",-11,65.5
"31",-11,64.5
"31",-11,63.5
"31",-11,62.5
"31",-11,61.5
"31",-11,60.5
"31",-11,59.5
"31",-11,58.5
"31",-11,57.5
"31",-12,57.5
"31",-13,56.5
"31",-13,55.5
"31",-13,54.5
"31",-13,53.5
"31",-13,52.5
"31",-13,51.5
"31",-13,50.5
"31",-13,49.5
"31",-13,48.5
"31",-13,47.5
"31",-13,46.5
"31",-13,45.5
"31",-13,44.5
"31",-14,44.5
"31",-15,43.5
"31",-16,43.5
"31",-17,43.5
"31",-18,42.5
"31",-18,41.5
"31",-18,40.5
"31",-18,39.5
"31",-18,38.5
"31",-18,37.5
"31",-18,36.5
"31",-18,35.5
"31",-18,34.5
"31",-18,33.5
"31",-18,32.5
"31",-18,31.5
"31",-18,30.5
"31",-18,29.5
"31",-18,28.5
"31",-18,27.5
"31",-18,26.5
"31",-18,25.5
"31",-18,24.5
"31",-18,23.5
"31",-18,22.5
"31",-18,21.5
"31",-18,20.5
"31",-18,19.5
"31",-18,18.5
"31",-18,17.5
"31",-18,16.5
"31",-18,15.5
"31",-18,14.5
"31",-18,13.5
"31",-18,12.5
"31",-18,11.5
"31",-18,10.5
"31",-18,9.5
"31",-18,8.5
"31",-18,7.5
"31",-18,6.5
"31",-18,5.5
"31",-18,4.5
"31",-18,3.5
"31",-18,2.5
"31",-18,1.5
"31",-18,0.5
"31",-18,-0.5
"31",-18,-1.5
"31",-17,-2.5
"31",-16,-3.5
"31",-16,-4.5
"31",-16,-5.5
"31",-16,-6.5
"31",-16,-7.5
"31",-16,-8.5
"31",-16,-9.5
"31",-16,-10.5
"31",-16,-11.5
"31",-16,-12.5
"31",-16,-13.5
"31",-16,-14.5
"31",-16,-15.5
"31",-16,-16.5
"31",-16,-17.5
"31",-16,-18.5
"31",-16,-19.5
"31",-16,-20.5
"31",-16,-21.5
"31",-16,-22.5
"31",-16,-23.5
"31",-16,-24.5
"31",-16,-25.5
"31",-16,-26.5
"31",-16,-27.5
"31",-16,-28.5
"31",-16,-29.5
"31",-16,-30.5
"31",-16,-31.5
"31",-16,-32.5
"31",-16,-33.5
"31",-16,-34.5
"31",-16,-35.5
"31",-16,-36.5
"31",-16,-37.5
"31",-16,-38.5
"31",-16,-39.5
"31",-16,-40.5
"31",-16,-41.5
"31",-16,-42.5
"31",-16,-43.5
"31",-16,-44.5
"31",-16,-45.5
"31",-16,-46.5
"31",-16,-47.5
"31",-16,-48.5
"31",-16,-49.5
"31",-16,-50.5
"31",-16,-51.5
"31",-16,-52.5
"31",-16,-53.5
"31",-16,-54.5
"31",-16,-55.5
"31",-16,-56.5
"31",-17,-56.5
"31",-18,-57.5
"31",-18,-58.5
"31",-18,-59.5
"31",-18,-60.5
"31",-19,-60.5
"31",-19,-61.5
"31",-19,-62.5
"31",-19,-63.5
"31",-19,-64.5
"31",-20,-65.5
"32",10,76.5
"32",9,76.5
"32",8,76.5
"32",7,76.5
"32",6,76.5
"32",5,76.5
"32",4,76.5
"32",3,76.5
"32",2,76.5
"32",1,76.5
"32",0,76.5
"32",-1,76.5
"32",-2,76.5
"32",-3,76.5
"32",-4,76.5
"32",-5,76.5
"32",-6,76.5
"32",-7,76.5
"32",-8,76.5
"32",-9,76.5
"32",-10,76.5
"32",-11,76.5
"32",-12,76.5
"32",-13,76.5
"32",-13,75.5
"32",-13,74.5
"32",-13,73.5
"32",-13,72.5
"32",-13,71.5
"32",-13,70.5
"32",-13,69.5
"32",-13,68.5
"32",-13,67.5
"32",-13,66.5
"32",-13,65.5
"32",-13,64.5
"32",-14,63.5
"32",-14,62.5
"32",-14,61.5
"32",-15,60.5
"32",-16,59.5
"32",-17,58.5
"32",-18,57.5
"32",-18,56.5
"32",-18,55.5
"32",-18,54.5
"32",-18,53.5
"32",-18,52.5
"32",-18,51.5
"32",-18,50.5
"32",-18,49.5
"32",-18,48.5
"32",-18,47.5
"32",-18,46.5
"32",-18,45.5
"32",-18,44.5
"32",-18,43.5
"32",-18,42.5
"32",-18,41.5
"32",-18,40.5
"32",-18,39.5
"32",-18,38.5
"32",-18,37.5
"32",-18,36.5
"32",-18,35.5
"32",-18,34.5
"32",-18,33.5
"32",-18,32.5
"32",-18,31.5
"32",-18,30.5
"32",-18,29.5
"32",-18,28.5
"32",-18,27.5
"32",-18,26.5
"32",-18,25.5
"32",-18,24.5
"32",-18,23.5
"32",-18,22.5
"32",-18,21.5
"32",-18,20.5
"32",-18,19.5
"32",-18,18.5
"32",-18,17.5
"32",-18,16.5
"32",-18,15.5
"32",-18,14.5
"32",-18,13.5
"32",-18,12.5
"32",-18,11.5
"32",-18,10.5
"32",-18,9.5
"32",-18,8.5
"32",-18,7.5
"32",-18,6.5
"32",-18,5.5
"32",-18,4.5
"32",-18,3.5
"32",-18,2.5
"32",-18,1.5
"32",-18,0.5
"32",-18,-0.5
"32",-18,-1.5
"32",-18,-2.5
"32",-18,-3.5
"32",-18,-4.5
"32",-18,-5.5
"32",-18,-6.5
"32",-18,-7.5
"32",-18,-8.5
"32",-18,-9.5
"32",-18,-10.5
"32",-18,-11.5
"32",-18,-12.5
"32",-18,-13.5
"32",-18,-14.5
"32",-18,-15.5
"32",-18,-16.5
"32",-18,-17.5
"32",-18,-18.5
"32",-18,-19.5
"32",-18,-20.5
"32",-18,-21.5
"32",-18,-22.5
"32",-18,-23.5
"32",-18,-24.5
"32",-18,-25.5
"32",-18,-26.5
"32",-18,-27.5
"32",-18,-28.5
"32",-18,-29.5
"32",-18,-30.5
"32",-18,-31.5
"32",-18,-32.5
"32",-18,-33.5
"32",-18,-34.5
"32",-18,-35.5
"32",-18,-36.5
"32",-18,-37.5
"32",-18,-38.5
"32",-18,-39.5
"32",-18,-40.5
"32",-18,-41.5
"32",-18,-42.5
"32",-18,-43.5
"32",-18,-44.5
"32",-18,-45.5
"32",-18,-46.5
"32",-18,-47.5
"32",-18,-48.5
"32",-18,-49.5
"32",-18,-50.5
"32",-18,-51.5
"32",-18,-52.5
"32",-18,-53.5
"32",-18,-54.5
"32",-18,-55.5
"32",-18,-56.5
"32",-18,-57.5
"32",-18,-58.5
"32",-18,-59.5
"32",-18,-60.5
"32",-18,-61.5
"32",-18,-62.5
"32",-18,-63.5
"32",-19,-64.5
"32",-20,-65.5
"33",10,76.5
"33",9,76.5
"33",8,76.5
"33",7,76.5
"33",6,76.5
"33",5,76.5
"33",4,76.5
"33",3,76.5
"33",2,76.5
"33",1,76.5
"33",0,76.5
"33",-1,76.5
"33",-2,76.5
"33",-3,76.5
"33",-4,76.5
"33",-5,76.5
"33",-6,76.5
"33",-7,76.5
"33",-8,76.5
"33",-9,76.5
"33",-10,76.5
"33",-11,76.5
"33",-11,75.5
"33",-11,74.5
"33",-11,73.5
"33",-11,72.5
"33",-11,71.5
"33",-11,70.5
"33",-11,69.5
"33",-11,68.5
"33",-11,67.5
"33",-11,66.5
"33",-11,65.5
"33",-11,64.5
"33",-11,63.5
"33",-12,63.5
"33",-13,62.5
"33",-14,62.5
"33",-15,61.5
"33",-15,60.5
"33",-15,59.5
"33",-15,58.5
"33",-15,57.5
"33",-15,56.5
"33",-15,55.5
"33",-15,54.5
"33",-15,53.5
"33",-15,52.5
"33",-16,51.5
"33",-17,51.5
"33",-18,50.5
"33",-18,49.5
"33",-18,48.5
"33",-18,47.5
"33",-18,46.5
"33",-18,45.5
"33",-18,44.5
"33",-18,43.5
"33",-18,42.5
"33",-18,41.5
"33",-18,40.5
"33",-18,39.5
"33",-18,38.5
"33",-18,37.5
"33",-18,36.5
"33",-18,35.5
"33",-18,34.5
"33",-18,33.5
"33",-18,32.5
"33",-18,31.5
"33",-18,30.5
"33",-18,29.5
"33",-18,28.5
"33",-18,27.5
"33",-18,26.5
"33",-18,25.5
"33",-18,24.5
"33",-18,23.5
"33",-18,22.5
"33",-18,21.5
"33",-18,20.5
"33",-18,19.5
"33",-18,18.5
"33",-18,17.5
"33",-18,16.5
"33",-18,15.5
"33",-18,14.5
"33",-18,13.5
"33",-18,12.5
"33",-18,11.5
"33",-18,10.5
"33",-18,9.5
"33",-18,8.5
"33",-18,7.5
"33",-18,6.5
"33",-18,5.5
"33",-18,4.5
"33",-18,3.5
"33",-18,2.5
"33",-18,1.5
"33",-18,0.5
"33",-18,-0.5
"33",-18,-1.5
"33",-17,-2.5
"33",-16,-3.5
"33",-16,-4.5
"33",-16,-5.5
"33",-16,-6.5
"33",-16,-7.5
"33",-16,-8.5
"33",-16,-9.5
"33",-16,-10.5
"33",-16,-11.5
"33",-16,-12.5
"33",-16,-13.5
"33",-16,-14.5
"33",-16,-15.5
"33",-16,-16.5
"33",-16,-17.5
"33",-16,-18.5
"33",-16,-19.5
"33",-16,-20.5
"33",-16,-21.5
"33",-16,-22.5
"33",-16,-23.5
"33",-16,-24.5
"33",-16,-25.5
"33",-16,-26.5
"33",-16,-27.5
"33",-16,-28.5
"33",-16,-29.5
"33",-16,-30.5
"33",-16,-31.5
"33",-16,-32.5
"33",-16,-33.5
"33",-16,-34.5
"33",-16,-35.5
"33",-16,-36.5
"33",-16,-37.5
"33",-16,-38.5
"33",-16,-39.5
"33",-16,-40.5
"33",-16,-41.5
"33",-16,-42.5
"33",-16,-43.5
"33",-16,-44.5
"33",-16,-45.5
"33",-16,-46.5
"33",-16,-47.5
"33",-16,-48.5
"33",-16,-49.5
"33",-16,-50.5
"33",-16,-51.5
"33",-16,-52.5
"33",-16,-53.5
"33",-16,-54.5
"33",-16,-55.5
"33",-16,-56.5
"33",-17,-56.5
"33",-18,-57.5
"33",-18,-58.5
"33",-18,-59.5
"33",-18,-60.5
"33",-19,-60.5
"33",-19,-61.5
"33",-19,-62.5
"33",-19,-63.5
"33",-19,-64.5
"33",-20,-65.5
"34",10,76.5
"34",9,76.5
"34",8,76.5
"34",7,76.5
"34",6,76.5
"34",5,76.5
"34",4,76.5
"34",3,76.5
"34",2,76.5
"34",1,76.5
"34",0,76.5
"34",-1,76.5
"34",-2,76.5
"34",-3,76.5
"34",-4,76.5
"34",-5,76.5
"34",-6,76.5
"34",-7,76.5
"34",-8,76.5
"34",-9,76.5
"34",-10,76.5
"34",-11,76.5
"34",-12,76.5
"34",-13,76.5
"34",-13,75.5
"34",-13,74.5
"34",-13,73.5
"34",-13,72.5
"34",-13,71.5
"34",-13,70.5
"34",-13,69.5
"34",-13,68.5
"34",-13,67.5
"34",-13,66.5
"34",-13,65.5
"34",-13,64.5
"34",-14,63.5
"34",-15,62.5
"34",-16,61.5
"34",-17,60.5
"34",-18,59.5
"34",-18,58.5
"34",-18,57.5
"34",-18,56.5
"34",-18,55.5
"34",-18,54.5
"34",-18,53.5
"34",-18,52.5
"34",-18,51.5
"34",-18,50.5
"34",-18,49.5
"34",-18,48.5
"34",-18,47.5
"34",-18,46.5
"34",-18,45.5
"34",-18,44.5
"34",-18,43.5
"34",-18,42.5
"34",-18,41.5
"34",-18,40.5
"34",-18,39.5
"34",-18,38.5
"34",-18,37.5
"34",-18,36.5
"34",-18,35.5
"34",-18,34.5
"34",-18,33.5
"34",-18,32.5
"34",-18,31.5
"34",-18,30.5
"34",-18,29.5
"34",-18,28.5
"34",-18,27.5
"34",-18,26.5
"34",-18,25.5
"34",-18,24.5
"34",-18,23.5
"34",-18,22.5
"34",-18,21.5
"34",-18,20.5
"34",-18,19.5
"34",-18,18.5
"34",-18,17.5
"34",-18,16.5
"34",-18,15.5
"34",-18,14.5
"34",-18,13.5
"34",-18,12.5
"34",-18,11.5
"34",-18,10.5
"34",-18,9.5
"34",-18,8.5
"34",-18,7.5
"34",-18,6.5
"34",-18,5.5
"34",-18,4.5
"34",-18,3.5
"34",-18,2.5
"34",-18,1.5
"34",-18,0.5
"34",-18,-0.5
"34",-18,-1.5
"34",-18,-2.5
"34",-18,-3.5
"34",-18,-4.5
"34",-18,-5.5
"34",-18,-6.5
"34",-18,-7.5
"34",-18,-8.5
"34",-18,-9.5
"34",-18,-10.5
"34",-18,-11.5
"34",-18,-12.5
"34",-18,-13.5
"34",-18,-14.5
"34",-18,-15.5
"34",-18,-16.5
"34",-18,-17.5
"34",-18,-18.5
"34",-18,-19.5
"34",-18,-20.5
"34",-18,-21.5
"34",-18,-22.5
"34",-18,-23.5
"34",-18,-24.5
"34",-18,-25.5
"34",-18,-26.5
"34",-18,-27.5
"34",-18,-28.5
"34",-18,-29.5
"34",-18,-30.5
"34",-18,-31.5
"34",-18,-32.5
"34",-18,-33.5
"34",-18,-34.5
"34",-18,-35.5
"34",-18,-36.5
"34",-18,-37.5
"34",-18,-38.5
"34",-18,-39.5
"34",-18,-40.5
"34",-18,-41.5
"34",-18,-42.5
"34",-18,-43.5
"34",-18,-44.5
"34",-18,-45.5
"34",-18,-46.5
"34",-18,-47.5
"34",-18,-48.5
"34",-18,-49.5
"34",-18,-50.5
"34",-18,-51.5
"34",-18,-52.5
"34",-18,-53.5
"34",-18,-54.5
"34",-18,-55.5
"34",-18,-56.5
"34",-18,-57.5
"34",-18,-58.5
"34",-18,-59.5
"34",-18,-60.5
"34",-18,-61.5
"34",-18,-62.5
"34",-18,-63.5
"34",-19,-64.5
"34",-20,-65.5
"35",10,76.5
"35",9,76.5
"35",8,76.5
"35",7,76.5
"35",6,75.5
"35",5,75.5
"35",4,75.5
"35",4,74.5
"35",4,73.5
"35",3,72.5
"35",2,71.5
"35",1,70.5
"35",0,69.5
"35",-1,69.5
"35",-2,69.5
"35",-3,68.5
"35",-4,68.5
"35",-5,67.5
"35",-6,67.5
"35",-7,67.5
"35",-7,66.5
"35",-7,65.5
"35",-7,64.5
"35",-7,63.5
"35",-7,62.5
"35",-8,62.5
"35",-9,61.5
"35",-10,60.5
"35",-11,59.5
"35",-10,58.5
"35",-11,57.5
"35",-12,57.5
"35",-13,56.5
"35",-12,55.5
"35",-13,54.5
"35",-12,53.5
"35",-12,52.5
"35",-12,51.5
"35",-13,50.5
"35",-13,49.5
"35",-13,48.5
"35",-13,47.5
"35",-13,46.5
"35",-13,45.5
"35",-14,45.5
"35",-15,44.5
"35",-16,44.5
"35",-17,44.5
"35",-18,43.5
"35",-18,42.5
"35",-18,41.5
"35",-18,40.5
"35",-18,39.5
"35",-18,38.5
"35",-18,37.5
"35",-18,36.5
"35",-18,35.5
"35",-18,34.5
"35",-18,33.5
"35",-18,32.5
"35",-18,31.5
"35",-18,30.5
"35",-18,29.5
"35",-18,28.5
"35",-18,27.5
"35",-18,26.5
"35",-18,25.5
"35",-18,24.5
"35",-18,23.5
"35",-18,22.5
"35",-18,21.5
"35",-18,20.5
"35",-18,19.5
"35",-18,18.5
"35",-18,17.5
"35",-18,16.5
"35",-18,15.5
"35",-18,14.5
"35",-18,13.5
"35",-18,12.5
"35",-18,11.5
"35",-18,10.5
"35",-18,9.5
"35",-18,8.5
"35",-18,7.5
"35",-18,6.5
"35",-18,5.5
"35",-18,4.5
"35",-18,3.5
"35",-18,2.5
"35",-18,1.5
"35",-18,0.5
"35",-18,-0.5
"35",-18,-1.5
"35",-18,-2.5
"35",-17,-3.5
"35",-16,-4.5
"35",-16,-5.5
"35",-16,-6.5
"35",-16,-7.5
"35",-16,-8.5
"35",-16,-9.5
"35",-16,-10.5
"35",-16,-11.5
"35",-16,-12.5
"35",-16,-13.5
"35",-16,-14.5
"35",-16,-15.5
"35",-16,-16.5
"35",-16,-17.5
"35",-16,-18.5
"35",-16,-19.5
"35",-16,-20.5
"35",-17,-20.5
"35",-17,-21.5
"35",-17,-22.5
"35",-18,-23.5
"35",-19,-23.5
"35",-20,-24.5
"35",-21,-24.5
"35",-22,-25.5
"35",-23,-26.5
"35",-24,-26.5
"35",-25,-26.5
"35",-26,-26.5
"35",-27,-27.5
"35",-27,-28.5
"35",-27,-29.5
"35",-27,-30.5
"35",-27,-31.5
"35",-27,-32.5
"35",-27,-33.5
"35",-27,-34.5
"35",-27,-35.5
"35",-27,-36.5
"35",-27,-37.5
"35",-27,-38.5
"35",-27,-39.5
"35",-27,-40.5
"35",-27,-41.5
"35",-27,-42.5
"35",-27,-43.5
"35",-27,-44.5
"35",-27,-45.5
"35",-27,-46.5
"35",-27,-47.5
"35",-27,-48.5
"35",-27,-49.5
"35",-27,-50.5
"35",-27,-51.5
"35",-27,-52.5
"35",-27,-53.5
"35",-26,-54.5
"35",-25,-54.5
"35",-24,-55.5
"35",-25,-56.5
"35",-24,-57.5
"35",-25,-58.5
"35",-24,-59.5
"35",-23,-59.5
"35",-22,-59.5
"35",-21,-59.5
"35",-20,-59.5
"35",-19,-60.5
"35",-19,-61.5
"35",-19,-62.5
"35",-19,-63.5
"35",-19,-64.5
"35",-20,-65.5
"36",10,76.5
"36",9,76.5
"36",8,76.5
"36",7,76.5
"36",6,75.5
"36",5,75.5
"36",4,75.5
"36",4,74.5
"36",4,73.5
"36",3,72.5
"36",2,71.5
"36",1,70.5
"36",0,69.5
"36",-1,69.5
"36",-2,69.5
"36",-3,68.5
"36",-4,68.5
"36",-5,67.5
"36",-6,67.5
"36",-7,67.5
"36",-7,66.5
"36",-7,65.5
"36",-7,64.5
"36",-7,63.5
"36",-7,62.5
"36",-8,62.5
"36",-9,61.5
"36",-10,60.5
"36",-11,59.5
"36",-10,58.5
"36",-11,57.5
"36",-12,57.5
"36",-13,56.5
"36",-12,55.5
"36",-12,54.5
"36",-12,53.5
"36",-12,52.5
"36",-12,51.5
"36",-13,50.5
"36",-13,49.5
"36",-13,48.5
"36",-13,47.5
"36",-13,46.5
"36",-13,45.5
"36",-13,44.5
"36",-14,44.5
"36",-15,43.5
"36",-16,43.5
"36",-17,43.5
"36",-18,42.5
"36",-18,41.5
"36",-18,40.5
"36",-18,39.5
"36",-18,38.5
"36",-18,37.5
"36",-18,36.5
"36",-18,35.5
"36",-18,34.5
"36",-18,33.5
"36",-18,32.5
"36",-18,31.5
"36",-18,30.5
"36",-18,29.5
"36",-18,28.5
"36",-18,27.5
"36",-18,26.5
"36",-18,25.5
"36",-18,24.5
"36",-18,23.5
"36",-18,22.5
"36",-18,21.5
"36",-18,20.5
"36",-18,19.5
"36",-18,18.5
"36",-18,17.5
"36",-18,16.5
"36",-18,15.5
"36",-18,14.5
"36",-18,13.5
"36",-18,12.5
"36",-18,11.5
"36",-18,10.5
"36",-18,9.5
"36",-17,8.5
"36",-16,8.5
"36",-16,7.5
"36",-16,6.5
"36",-16,5.5
"36",-16,4.5
"36",-16,3.5
"36",-16,2.5
"36",-16,1.5
"36",-16,0.5
"36",-16,-0.5
"36",-16,-1.5
"36",-16,-2.5
"36",-16,-3.5
"36",-16,-4.5
"36",-16,-5.5
"36",-16,-6.5
"36",-16,-7.5
"36",-16,-8.5
"36",-16,-9.5
"36",-16,-10.5
"36",-16,-11.5
"36",-16,-12.5
"36",-16,-13.5
"36",-16,-14.5
"36",-16,-15.5
"36",-16,-16.5
"36",-16,-17.5
"36",-16,-18.5
"36",-16,-19.5
"36",-16,-20.5
"36",-17,-20.5
"36",-17,-21.5
"36",-17,-22.5
"36",-18,-23.5
"36",-17,-23.5
"36",-18,-24.5
"36",-17,-24.5
"36",-17,-25.5
"36",-18,-26.5
"36",-19,-26.5
"36",-20,-27.5
"36",-20,-28.5
"36",-20,-29.5
"36",-20,-30.5
"36",-20,-31.5
"36",-20,-32.5
"36",-20,-33.5
"36",-21,-33.5
"36",-21,-34.5
"36",-21,-35.5
"36",-21,-36.5
"36",-21,-37.5
"36",-21,-38.5
"36",-21,-39.5
"36",-21,-40.5
"36",-20,-41.5
"36",-19,-42.5
"36",-18,-42.5
"36",-18,-43.5
"36",-18,-44.5
"36",-18,-45.5
"36",-18,-46.5
"36",-18,-47.5
"36",-18,-48.5
"36",-18,-49.5
"36",-17,-50.5
"36",-16,-50.5
"36",-16,-51.5
"36",-16,-52.5
"36",-16,-53.5
"36",-16,-54.5
"36",-16,-55.5
"36",-16,-56.5
"36",-17,-56.5
"36",-18,-57.5
"36",-17,-58.5
"36",-18,-59.5
"36",-18,-60.5
"36",-19,-60.5
"36",-19,-61.5
"36",-19,-62.5
"36",-19,-63.5
"36",-19,-64.5
"36",-20,-65.5
"37",10,76.5
"37",9,76.5
"37",8,76.5
"37",7,76.5
"37",6,75.5
"37",5,75.5
"37",4,75.5
"37",4,74.5
"37",4,73.5
"37",3,72.5
"37",2,71.5
"37",1,70.5
"37",0,69.5
"37",-1,69.5
"37",-2,69.5
"37",-3,68.5
"37",-4,68.5
"37",-5,67.5
"37",-6,67.5
"37",-7,67.5
"37",-7,66.5
"37",-7,65.5
"37",-7,64.5
"37",-7,63.5
"37",-7,62.5
"37",-8,61.5
"37",-9,60.5
"37",-10,59.5
"37",-11,58.5
"37",-12,57.5
"37",-13,56.5
"37",-13,55.5
"37",-13,54.5
"37",-13,53.5
"37",-13,52.5
"37",-13,51.5
"37",-13,50.5
"37",-13,49.5
"37",-13,48.5
"37",-13,47.5
"37",-13,46.5
"37",-13,45.5
"37",-14,45.5
"37",-15,44.5
"37",-16,44.5
"37",-17,44.5
"37",-18,43.5
"37",-18,42.5
"37",-18,41.5
"37",-18,40.5
"37",-18,39.5
"37",-18,38.5
"37",-18,37.5
"37",-18,36.5
"37",-18,35.5
"37",-18,34.5
"37",-18,33.5
"37",-18,32.5
"37",-18,31.5
"37",-18,30.5
"37",-18,29.5
"37",-18,28.5
"37",-18,27.5
"37",-18,26.5
"37",-18,25.5
"37",-18,24.5
"37",-18,23.5
"37",-18,22.5
"37",-18,21.5
"37",-18,20.5
"37",-18,19.5
"37",-18,18.5
"37",-18,17.5
"37",-18,16.5
"37",-18,15.5
"37",-18,14.5
"37",-18,13.5
"37",-18,12.5
"37",-18,11.5
"37",-18,10.5
"37",-18,9.5
"37",-18,8.5
"37",-18,7.5
"37",-18,6.5
"37",-18,5.5
"37",-18,4.5
"37",-18,3.5
"37",-18,2.5
"37",-18,1.5
"37",-18,0.5
"37",-18,-0.5
"37",-18,-1.5
"37",-18,-2.5
"37",-17,-3.5
"37",-16,-4.5
"37",-16,-5.5
"37",-16,-6.5
"37",-16,-7.5
"37",-16,-8.5
"37",-16,-9.5
"37",-16,-10.5
"37",-16,-11.5
"37",-16,-12.5
"37",-16,-13.5
"37",-16,-14.5
"37",-16,-15.5
"37",-16,-16.5
"37",-16,-17.5
"37",-16,-18.5
"37",-16,-19.5
"37",-16,-20.5
"37",-16,-21.5
"37",-16,-22.5
"37",-16,-23.5
"37",-16,-24.5
"37",-16,-25.5
"37",-17,-25.5
"37",-18,-26.5
"37",-19,-26.5
"37",-20,-27.5
"37",-20,-28.5
"37",-20,-29.5
"37",-20,-30.5
"37",-20,-31.5
"37",-20,-32.5
"37",-20,-33.5
"37",-20,-34.5
"37",-19,-35.5
"37",-18,-36.5
"37",-18,-37.5
"37",-18,-38.5
"37",-18,-39.5
"37",-18,-40.5
"37",-18,-41.5
"37",-18,-42.5
"37",-18,-43.5
"37",-18,-44.5
"37",-18,-45.5
"37",-18,-46.5
"37",-18,-47.5
"37",-18,-48.5
"37",-18,-49.5
"37",-17,-50.5
"37",-16,-50.5
"37",-16,-51.5
"37",-16,-52.5
"37",-16,-53.5
"37",-16,-54.5
"37",-16,-55.5
"37",-16,-56.5
"37",-17,-56.5
"37",-18,-57.5
"37",-17,-58.5
"37",-18,-59.5
"37",-18,-60.5
"37",-19,-60.5
"37",-19,-61.5
"37",-19,-62.5
"37",-19,-63.5
"37",-19,-64.5
"37",-20,-65.5
"38",10,76.5
"38",9,76.5
"38",8,76.5
"38",7,76.5
"38",6,75.5
"38",5,75.5
"38",4,75.5
"38",4,74.5
"38",4,73.5
"38",3,72.5
"38",2,71.5
"38",1,70.5
"38",0,69.5
"38",-1,69.5
"38",-2,69.5
"38",-3,68.5
"38",-4,68.5
"38",-5,67.5
"38",-6,67.5
"38",-7,67.5
"38",-7,66.5
"38",-7,65.5
"38",-7,64.5
"38",-7,63.5
"38",-7,62.5
"38",-8,62.5
"38",-9,61.5
"38",-10,60.5
"38",-11,59.5
"38",-10,58.5
"38",-11,57.5
"38",-12,57.5
"38",-12,56.5
"38",-12,55.5
"38",-12,54.5
"38",-12,53.5
"38",-12,52.5
"38",-12,51.5
"38",-13,50.5
"38",-13,49.5
"38",-13,48.5
"38",-13,47.5
"38",-13,46.5
"38",-13,45.5
"38",-14,45.5
"38",-15,44.5
"38",-16,44.5
"38",-17,44.5
"38",-18,43.5
"38",-18,42.5
"38",-18,41.5
"38",-18,40.5
"38",-18,39.5
"38",-18,38.5
"38",-18,37.5
"38",-18,36.5
"38",-18,35.5
"38",-18,34.5
"38",-18,33.5
"38",-18,32.5
"38",-18,31.5
"38",-18,30.5
"38",-18,29.5
"38",-18,28.5
"38",-18,27.5
"38",-18,26.5
"38",-18,25.5
"38",-18,24.5
"38",-18,23.5
"38",-18,22.5
"38",-18,21.5
"38",-18,20.5
"38",-18,19.5
"38",-18,18.5
"38",-18,17.5
"38",-18,16.5
"38",-18,15.5
"38",-18,14.5
"38",-18,13.5
"38",-18,12.5
"38",-18,11.5
"38",-18,10.5
"38",-18,9.5
"38",-18,8.5
"38",-18,7.5
"38",-18,6.5
"38",-18,5.5
"38",-18,4.5
"38",-18,3.5
"38",-18,2.5
"38",-18,1.5
"38",-18,0.5
"38",-18,-0.5
"38",-18,-1.5
"38",-17,-2.5
"38",-16,-3.5
"38",-16,-4.5
"38",-16,-5.5
"38",-16,-6.5
"38",-16,-7.5
"38",-16,-8.5
"38",-16,-9.5
"38",-16,-10.5
"38",-16,-11.5
"38",-16,-12.5
"38",-16,-13.5
"38",-16,-14.5
"38",-16,-15.5
"38",-16,-16.5
"38",-16,-17.5
"38",-16,-18.5
"38",-16,-19.5
"38",-16,-20.5
"38",-16,-21.5
"38",-16,-22.5
"38",-16,-23.5
"38",-16,-24.5
"38",-16,-25.5
"38",-17,-25.5
"38",-18,-26.5
"38",-19,-26.5
"38",-20,-27.5
"38",-20,-28.5
"38",-20,-29.5
"38",-20,-30.5
"38",-20,-31.5
"38",-20,-32.5
"38",-20,-33.5
"38",-21,-33.5
"38",-21,-34.5
"38",-21,-35.5
"38",-21,-36.5
"38",-21,-37.5
"38",-21,-38.5
"38",-21,-39.5
"38",-21,-40.5
"38",-20,-41.5
"38",-19,-42.5
"38",-18,-42.5
"38",-18,-43.5
"38",-18,-44.5
"38",-18,-45.5
"38",-18,-46.5
"38",-18,-47.5
"38",-18,-48.5
"38",-18,-49.5
"38",-17,-50.5
"38",-16,-50.5
"38",-16,-51.5
"38",-16,-52.5
"38",-16,-53.5
"38",-16,-54.5
"38",-16,-55.5
"38",-16,-56.5
"38",-17,-56.5
"38",-18,-57.5
"38",-17,-58.5
"38",-18,-59.5
"38",-18,-60.5
"38",-19,-60.5
"38",-19,-61.5
"38",-19,-62.5
"38",-19,-63.5
"38",-19,-64.5
"38",-20,-65.5
"39",10,76.5
"39",9,76.5
"39",8,76.5
"39",7,76.5
"39",6,75.5
"39",5,75.5
"39",4,75.5
"39",4,74.5
"39",4,73.5
"39",3,72.5
"39",2,71.5
"39",1,70.5
"39",0,69.5
"39",-1,69.5
"39",-2,69.5
"39",-3,68.5
"39",-4,68.5
"39",-5,67.5
"39",-6,67.5
"39",-7,67.5
"39",-7,66.5
"39",-7,65.5
"39",-7,64.5
"39",-7,63.5
"39",-7,62.5
"39",-8,62.5
"39",-9,61.5
"39",-10,60.5
"39",-11,59.5
"39",-10,58.5
"39",-11,57.5
"39",-12,57.5
"39",-12,56.5
"39",-12,55.5
"39",-12,54.5
"39",-12,53.5
"39",-12,52.5
"39",-12,51.5
"39",-13,50.5
"39",-13,49.5
"39",-13,48.5
"39",-13,47.5
"39",-13,46.5
"39",-13,45.5
"39",-13,44.5
"39",-14,44.5
"39",-15,43.5
"39",-16,43.5
"39",-17,43.5
"39",-18,42.5
"39",-18,41.5
"39",-18,40.5
"39",-18,39.5
"39",-18,38.5
"39",-18,37.5
"39",-18,36.5
"39",-18,35.5
"39",-18,34.5
"39",-18,33.5
"39",-18,32.5
"39",-18,31.5
"39",-18,30.5
"39",-18,29.5
"39",-18,28.5
"39",-18,27.5
"39",-18,26.5
"39",-18,25.5
"39",-18,24.5
"39",-18,23.5
"39",-18,22.5
"39",-18,21.5
"39",-18,20.5
"39",-18,19.5
"39",-18,18.5
"39",-18,17.5
"39",-18,16.5
"39",-18,15.5
"39",-18,14.5
"39",-18,13.5
"39",-18,12.5
"39",-18,11.5
"39",-18,10.5
"39",-18,9.5
"39",-17,8.5
"39",-16,8.5
"39",-16,7.5
"39",-16,6.5
"39",-16,5.5
"39",-16,4.5
"39",-16,3.5
"39",-16,2.5
"39",-16,1.5
"39",-16,0.5
"39",-16,-0.5
"39",-16,-1.5
"39",-16,-2.5
"39",-16,-3.5
"39",-16,-4.5
"39",-16,-5.5
"39",-16,-6.5
"39",-16,-7.5
"39",-16,-8.5
"39",-16,-9.5
"39",-16,-10.5
"39",-16,-11.5
"39",-16,-12.5
"39",-16,-13.5
"39",-16,-14.5
"39",-16,-15.5
"39",-16,-16.5
"39",-16,-17.5
"39",-16,-18.5
"39",-16,-19.5
"39",-16,-20.5
"39",-16,-21.5
"39",-16,-22.5
"39",-16,-23.5
"39",-16,-24.5
"39",-16,-25.5
"39",-17,-25.5
"39",-18,-26.5
"39",-19,-26.5
"39",-20,-27.5
"39",-20,-28.5
"39",-20,-29.5
"39",-20,-30.5
"39",-20,-31.5
"39",-20,-32.5
"39",-20,-33.5
"39",-21,-33.5
"39",-21,-34.5
"39",-21,-35.5
"39",-21,-36.5
"39",-21,-37.5
"39",-21,-38.5
"39",-21,-39.5
"39",-21,-40.5
"39",-20,-41.5
"39",-19,-42.5
"39",-18,-42.5
"39",-18,-43.5
"39",-18,-44.5
"39",-18,-45.5
"39",-18,-46.5
"39",-18,-47.5
"39",-18,-48.5
"39",-18,-49.5
"39",-17,-50.5
"39",-16,-50.5
"39",-16,-51.5
"39",-16,-52.5
"39",-16,-53.5
"39",-16,-54.5
"39",-16,-55.5
"39",-16,-56.5
"39",-17,-56.5
"39",-18,-57.5
"39",-17,-58.5
"39",-18,-59.5
"39",-18,-60.5
"39",-19,-60.5
"39",-19,-61.5
"39",-19,-62.5
"39",-19,-63.5
"39",-19,-64.5
"39",-20,-65.5
"40",10,76.5
"40",9,76.5
"40",8,75.5
"40",7,75.5
"40",6,74.5
"40",5,74.5
"40",4,74.5
"40",4,73.5
"40",3,72.5
"40",2,71.5
"40",1,70.5
"40",0,69.5
"40",-1,69.5
"40",-2,69.5
"40",-3,68.5
"40",-4,68.5
"40",-5,67.5
"40",-6,67.5
"40",-7,67.5
"40",-7,66.5
"40",-7,65.5
"40",-7,64.5
"40",-7,63.5
"40",-7,62.5
"40",-8,61.5
"40",-9,60.5
"40",-10,59.5
"40",-11,58.5
"40",-12,57.5
"40",-13,56.5
"40",-13,55.5
"40",-13,54.5
"40",-13,53.5
"40",-13,52.5
"40",-13,51.5
"40",-13,50.5
"40",-13,49.5
"40",-13,48.5
"40",-13,47.5
"40",-13,46.5
"40",-13,45.5
"40",-14,45.5
"40",-15,44.5
"40",-16,44.5
"40",-17,44.5
"40",-18,43.5
"40",-18,42.5
"40",-18,41.5
"40",-18,40.5
"40",-18,39.5
"40",-18,38.5
"40",-18,37.5
"40",-18,36.5
"40",-18,35.5
"40",-18,34.5
"40",-18,33.5
"40",-18,32.5
"40",-18,31.5
"40",-18,30.5
"40",-18,29.5
"40",-18,28.5
"40",-18,27.5
"40",-18,26.5
"40",-18,25.5
"40",-18,24.5
"40",-18,23.5
"40",-18,22.5
"40",-18,21.5
"40",-18,20.5
"40",-18,19.5
"40",-18,18.5
"40",-18,17.5
"40",-18,16.5
"40",-18,15.5
"40",-18,14.5
"40",-18,13.5
"40",-18,12.5
"40",-18,11.5
"40",-18,10.5
"40",-18,9.5
"40",-18,8.5
"40",-18,7.5
"40",-18,6.5
"40",-18,5.5
"40",-18,4.5
"40",-18,3.5
"40",-18,2.5
"40",-18,1.5
"40",-18,0.5
"40",-18,-0.5
"40",-18,-1.5
"40",-18,-2.5
"40",-17,-3.5
"40",-16,-4.5
"40",-16,-5.5
"40",-16,-6.5
"40",-16,-7.5
"40",-16,-8.5
"40",-16,-9.5
"40",-16,-10.5
"40",-16,-11.5
"40",-16,-12.5
"40",-16,-13.5
"40",-16,-14.5
"40",-16,-15.5
"40",-16,-16.5
"40",-16,-17.5
"40",-16,-18.5
"40",-16,-19.5
"40",-16,-20.5
"40",-16,-21.5
"40",-16,-22.5
"40",-16,-23.5
"40",-16,-24.5
"40",-17,-25.5
"40",-18,-26.5
"40",-19,-26.5
"40",-20,-27.5
"40",-20,-28.5
"40",-20,-29.5
"40",-20,-30.5
"40",-20,-31.5
"40",-20,-32.5
"40",-20,-33.5
"40",-20,-34.5
"40",-19,-35.5
"40",-18,-36.5
"40",-18,-37.5
"40",-18,-38.5
"40",-18,-39.5
"40",-18,-40.5
"40",-18,-41.5
"40",-18,-42.5
"40",-18,-43.5
"40",-18,-44.5
"40",-18,-45.5
"40",-18,-46.5
"40",-18,-47.5
"40",-18,-48.5
"40",-18,-49.5
"40",-17,-50.5
"40",-16,-50.5
"40",-16,-51.5
"40",-16,-52.5
"40",-16,-53.5
"40",-16,-54.5
"40",-16,-55.5
"40",-16,-56.5
"40",-17,-56.5
"40",-18,-57.5
"40",-17,-58.5
"40",-18,-59.5
"40",-18,-60.5
"40",-19,-60.5
"40",-19,-61.5
"40",-19,-62.5
"40",-19,-63.5
"40",-19,-64.5
"40",-20,-65.5
"41",10,76.5
"41",9,76.5
"41",8,76.5
"41",7,76.5
"41",6,75.5
"41",5,75.5
"41",4,75.5
"41",4,74.5
"41",4,73.5
"41",3,72.5
"41",2,71.5
"41",1,70.5
"41",0,69.5
"41",-1,69.5
"41",-2,69.5
"41",-3,68.5
"41",-4,68.5
"41",-5,67.5
"41",-6,67.5
"41",-7,67.5
"41",-7,66.5
"41",-7,65.5
"41",-7,64.5
"41",-7,63.5
"41",-7,62.5
"41",-8,62.5
"41",-9,61.5
"41",-10,60.5
"41",-11,59.5
"41",-11,58.5
"41",-12,57.5
"41",-13,56.5
"41",-13,55.5
"41",-13,54.5
"41",-13,53.5
"41",-13,52.5
"41",-13,51.5
"41",-13,50.5
"41",-13,49.5
"41",-13,48.5
"41",-13,47.5
"41",-13,46.5
"41",-13,45.5
"41",-14,45.5
"41",-15,44.5
"41",-16,44.5
"41",-17,44.5
"41",-18,43.5
"41",-18,42.5
"41",-18,41.5
"41",-18,40.5
"41",-18,39.5
"41",-18,38.5
"41",-18,37.5
"41",-18,36.5
"41",-18,35.5
"41",-18,34.5
"41",-18,33.5
"41",-18,32.5
"41",-18,31.5
"41",-18,30.5
"41",-18,29.5
"41",-18,28.5
"41",-18,27.5
"41",-18,26.5
"41",-18,25.5
"41",-18,24.5
"41",-18,23.5
"41",-18,22.5
"41",-18,21.5
"41",-18,20.5
"41",-18,19.5
"41",-18,18.5
"41",-18,17.5
"41",-18,16.5
"41",-18,15.5
"41",-18,14.5
"41",-18,13.5
"41",-18,12.5
"41",-18,11.5
"41",-18,10.5
"41",-18,9.5
"41",-18,8.5
"41",-18,7.5
"41",-18,6.5
"41",-18,5.5
"41",-18,4.5
"41",-18,3.5
"41",-18,2.5
"41",-18,1.5
"41",-18,0.5
"41",-18,-0.5
"41",-18,-1.5
"41",-18,-2.5
"41",-17,-3.5
"41",-16,-4.5
"41",-16,-5.5
"41",-16,-6.5
"41",-16,-7.5
"41",-16,-8.5
"41",-16,-9.5
"41",-16,-10.5
"41",-16,-11.5
"41",-16,-12.5
"41",-16,-13.5
"41",-16,-14.5
"41",-16,-15.5
"41",-16,-16.5
"41",-16,-17.5
"41",-16,-18.5
"41",-16,-19.5
"41",-16,-20.5
"41",-16,-21.5
"41",-16,-22.5
"41",-16,-23.5
"41",-16,-24.5
"41",-16,-25.5
"41",-16,-26.5
"41",-16,-27.5
"41",-16,-28.5
"41",-16,-29.5
"41",-16,-30.5
"41",-16,-31.5
"41",-16,-32.5
"41",-16,-33.5
"41",-16,-34.5
"41",-16,-35.5
"41",-16,-36.5
"41",-17,-36.5
"41",-18,-36.5
"41",-18,-37.5
"41",-18,-38.5
"41",-18,-39.5
"41",-18,-40.5
"41",-18,-41.5
"41",-18,-42.5
"41",-18,-43.5
"41",-18,-44.5
"41",-18,-45.5
"41",-18,-46.5
"41",-18,-47.5
"41",-18,-48.5
"41",-18,-49.5
"41",-17,-50.5
"41",-16,-50.5
"41",-16,-51.5
"41",-16,-52.5
"41",-16,-53.5
"41",-16,-54.5
"41",-16,-55.5
"41",-16,-56.5
"41",-17,-56.5
"41",-18,-57.5
"41",-17,-58.5
"41",-18,-59.5
"41",-18,-60.5
"41",-19,-60.5
"41",-19,-61.5
"41",-19,-62.5
"41",-19,-63.5
"41",-19,-64.5
"41",-20,-65.5
"42",10,76.5
"42",9,76.5
"42",8,76.5
"42",7,76.5
"42",6,75.5
"42",5,75.5
"42",4,75.5
"42",4,74.5
"42",4,73.5
"42",3,72.5
"42",2,71.5
"42",1,70.5
"42",0,69.5
"42",-1,69.5
"42",-2,69.5
"42",-3,68.5
"42",-4,68.5
"42",-5,67.5
"42",-6,67.5
"42",-7,67.5
"42",-7,66.5
"42",-7,65.5
"42",-7,64.5
"42",-7,63.5
"42",-7,62.5
"42",-8,62.5
"42",-9,61.5
"42",-10,60.5
"42",-11,59.5
"42",-11,58.5
"42",-11,57.5
"42",-12,57.5
"42",-12,56.5
"42",-12,55.5
"42",-12,54.5
"42",-12,53.5
"42",-12,52.5
"42",-12,51.5
"42",-13,50.5
"42",-13,49.5
"42",-13,48.5
"42",-13,47.5
"42",-13,46.5
"42",-13,45.5
"42",-13,44.5
"42",-14,44.5
"42",-15,43.5
"42",-16,43.5
"42",-17,43.5
"42",-18,42.5
"42",-18,41.5
"42",-18,40.5
"42",-18,39.5
"42",-18,38.5
"42",-18,37.5
"42",-18,36.5
"42",-18,35.5
"42",-18,34.5
"42",-18,33.5
"42",-18,32.5
"42",-18,31.5
"42",-18,30.5
"42",-18,29.5
"42",-18,28.5
"42",-18,27.5
"42",-18,26.5
"42",-18,25.5
"42",-18,24.5
"42",-18,23.5
"42",-18,22.5
"42",-18,21.5
"42",-18,20.5
"42",-18,19.5
"42",-18,18.5
"42",-18,17.5
"42",-18,16.5
"42",-18,15.5
"42",-18,14.5
"42",-18,13.5
"42",-18,12.5
"42",-18,11.5
"42",-18,10.5
"42",-18,9.5
"42",-17,8.5
"42",-16,8.5
"42",-16,7.5
"42",-16,6.5
"42",-16,5.5
"42",-16,4.5
"42",-16,3.5
"42",-16,2.5
"42",-16,1.5
"42",-16,0.5
"42",-16,-0.5
"42",-16,-1.5
"42",-16,-2.5
"42",-16,-3.5
"42",-16,-4.5
"42",-16,-5.5
"42",-16,-6.5
"42",-16,-7.5
"42",-16,-8.5
"42",-16,-9.5
"42",-16,-10.5
"42",-16,-11.5
"42",-16,-12.5
"42",-16,-13.5
"42",-16,-14.5
"42",-16,-15.5
"42",-16,-16.5
"42",-16,-17.5
"42",-16,-18.5
"42",-16,-19.5
"42",-16,-20.5
"42",-16,-21.5
"42",-16,-22.5
"42",-16,-23.5
"42",-16,-24.5
"42",-16,-25.5
"42",-16,-26.5
"42",-16,-27.5
"42",-16,-28.5
"42",-16,-29.5
"42",-16,-30.5
"42",-16,-31.5
"42",-16,-32.5
"42",-16,-33.5
"42",-16,-34.5
"42",-16,-35.5
"42",-16,-36.5
"42",-17,-36.5
"42",-18,-36.5
"42",-18,-37.5
"42",-18,-38.5
"42",-18,-39.5
"42",-18,-40.5
"42",-18,-41.5
"42",-18,-42.5
"42",-18,-43.5
"42",-18,-44.5
"42",-18,-45.5
"42",-18,-46.5
"42",-18,-47.5
"42",-18,-48.5
"42",-18,-49.5
"42",-17,-50.5
"42",-16,-50.5
"42",-16,-51.5
"42",-16,-52.5
"42",-16,-53.5
"42",-16,-54.5
"42",-16,-55.5
"42",-16,-56.5
"42",-17,-56.5
"42",-18,-57.5
"42",-17,-58.5
"42",-18,-59.5
"42",-18,-60.5
"42",-19,-60.5
"42",-19,-61.5
"42",-19,-62.5
"42",-19,-63.5
"42",-19,-64.5
"42",-20,-65.5
"43",10,76.5
"43",9,76.5
"43",8,76.5
"43",7,76.5
"43",6,75.5
"43",5,75.5
"43",4,75.5
"43",4,74.5
"43",4,73.5
"43",3,72.5
"43",2,71.5
"43",1,70.5
"43",0,69.5
"43",-1,69.5
"43",-2,69.5
"43",-3,68.5
"43",-4,68.5
"43",-5,67.5
"43",-6,67.5
"43",-7,67.5
"43",-7,66.5
"43",-7,65.5
"43",-7,64.5
"43",-7,63.5
"43",-7,62.5
"43",-8,62.5
"43",-9,61.5
"43",-10,60.5
"43",-11,59.5
"43",-11,58.5
"43",-11,57.5
"43",-12,57.5
"43",-12,56.5
"43",-12,55.5
"43",-12,54.5
"43",-12,53.5
"43",-12,52.5
"43",-12,51.5
"43",-12,50.5
"43",-13,49.5
"43",-13,48.5
"43",-13,47.5
"43",-13,46.5
"43",-13,45.5
"43",-13,44.5
"43",-14,44.5
"43",-15,43.5
"43",-16,43.5
"43",-17,43.5
"43",-18,42.5
"43",-18,41.5
"43",-18,40.5
"43",-18,39.5
"43",-18,38.5
"43",-18,37.5
"43",-18,36.5
"43",-18,35.5
"43",-18,34.5
"43",-18,33.5
"43",-18,32.5
"43",-18,31.5
"43",-18,30.5
"43",-18,29.5
"43",-18,28.5
"43",-18,27.5
"43",-18,26.5
"43",-18,25.5
"43",-18,24.5
"43",-18,23.5
"43",-18,22.5
"43",-18,21.5
"43",-18,20.5
"43",-18,19.5
"43",-18,18.5
"43",-18,17.5
"43",-18,16.5
"43",-18,15.5
"43",-18,14.5
"43",-18,13.5
"43",-18,12.5
"43",-18,11.5
"43",-18,10.5
"43",-18,9.5
"43",-17,8.5
"43",-16,8.5
"43",-16,7.5
"43",-16,6.5
"43",-16,5.5
"43",-16,4.5
"43",-16,3.5
"43",-16,2.5
"43",-16,1.5
"43",-16,0.5
"43",-16,-0.5
"43",-16,-1.5
"43",-16,-2.5
"43",-16,-3.5
"43",-16,-4.5
"43",-16,-5.5
"43",-16,-6.5
"43",-16,-7.5
"43",-16,-8.5
"43",-16,-9.5
"43",-16,-10.5
"43",-16,-11.5
"43",-16,-12.5
"43",-16,-13.5
"43",-16,-14.5
"43",-16,-15.5
"43",-16,-16.5
"43",-16,-17.5
"43",-16,-18.5
"43",-16,-19.5
"43",-16,-20.5
"43",-16,-21.5
"43",-16,-22.5
"43",-16,-23.5
"43",-16,-24.5
"43",-16,-25.5
"43",-16,-26.5
"43",-16,-27.5
"43",-16,-28.5
"43",-16,-29.5
"43",-16,-30.5
"43",-16,-31.5
"43",-16,-32.5
"43",-16,-33.5
"43",-16,-34.5
"43",-16,-35.5
"43",-16,-36.5
"43",-17,-36.5
"43",-18,-36.5
"43",-18,-37.5
"43",-18,-38.5
"43",-18,-39.5
"43",-18,-40.5
"43",-18,-41.5
"43",-18,-42.5
"43",-18,-43.5
"43",-18,-44.5
"43",-18,-45.5
"43",-18,-46.5
"43",-18,-47.5
"43",-18,-48.5
"43",-18,-49.5
"43",-17,-50.5
"43",-16,-50.5
"43",-16,-51.5
"43",-16,-52.5
"43",-16,-53.5
"43",-16,-54.5
"43",-16,-55.5
"43",-16,-56.5
"43",-17,-56.5
"43",-18,-57.5
"43",-17,-58.5
"43",-18,-59.5
"43",-18,-60.5
"43",-19,-60.5
"43",-19,-61.5
"43",-19,-62.5
"43",-19,-63.5
"43",-19,-64.5
"43",-20,-65.5
"44",10,76.5
"44",9,76.5
"44",8,75.5
"44",7,75.5
"44",6,74.5
"44",5,73.5
"44",4,73.5
"44",3,72.5
"44",2,71.5
"44",1,70.5
"44",0,69.5
"44",0,68.5
"44",0,67.5
"44",0,66.5
"44",0,65.5
"44",-1,64.5
"44",-2,63.5
"44",-3,62.5
"44",-4,61.5
"44",-5,60.5
"44",-6,59.5
"44",-7,58.5
"44",-8,57.5
"44",-9,56.5
"44",-10,55.5
"44",-11,54.5
"44",-12,53.5
"44",-12,52.5
"44",-12,51.5
"44",-13,50.5
"44",-13,49.5
"44",-13,48.5
"44",-13,47.5
"44",-13,46.5
"44",-13,45.5
"44",-13,44.5
"44",-14,43.5
"44",-14,42.5
"44",-14,41.5
"44",-14,40.5
"44",-14,39.5
"44",-14,38.5
"44",-14,37.5
"44",-14,36.5
"44",-14,35.5
"44",-14,34.5
"44",-14,33.5
"44",-14,32.5
"44",-14,31.5
"44",-14,30.5
"44",-14,29.5
"44",-15,28.5
"44",-16,27.5
"44",-16,26.5
"44",-17,25.5
"44",-18,24.5
"44",-18,23.5
"44",-18,22.5
"44",-18,21.5
"44",-18,20.5
"44",-18,19.5
"44",-18,18.5
"44",-18,17.5
"44",-18,16.5
"44",-18,15.5
"44",-18,14.5
"44",-18,13.5
"44",-18,12.5
"44",-18,11.5
"44",-18,10.5
"44",-18,9.5
"44",-18,8.5
"44",-18,7.5
"44",-18,6.5
"44",-18,5.5
"44",-18,4.5
"44",-18,3.5
"44",-18,2.5
"44",-18,1.5
"44",-18,0.5
"44",-18,-0.5
"44",-18,-1.5
"44",-18,-2.5
"44",-17,-3.5
"44",-16,-4.5
"44",-16,-5.5
"44",-16,-6.5
"44",-16,-7.5
"44",-16,-8.5
"44",-16,-9.5
"44",-16,-10.5
"44",-16,-11.5
"44",-16,-12.5
"44",-16,-13.5
"44",-16,-14.5
"44",-16,-15.5
"44",-16,-16.5
"44",-16,-17.5
"44",-16,-18.5
"44",-16,-19.5
"44",-16,-20.5
"44",-17,-20.5
"44",-17,-21.5
"44",-17,-22.5
"44",-18,-23.5
"44",-19,-23.5
"44",-20,-24.5
"44",-21,-25.5
"44",-22,-26.5
"44",-22,-27.5
"44",-22,-28.5
"44",-22,-29.5
"44",-22,-30.5
"44",-22,-31.5
"44",-22,-32.5
"44",-21,-33.5
"44",-21,-34.5
"44",-21,-35.5
"44",-21,-36.5
"44",-21,-37.5
"44",-21,-38.5
"44",-21,-39.5
"44",-21,-40.5
"44",-21,-41.5
"44",-21,-42.5
"44",-21,-43.5
"44",-21,-44.5
"44",-21,-45.5
"44",-21,-46.5
"44",-21,-47.5
"44",-20,-48.5
"44",-20,-49.5
"44",-20,-50.5
"44",-20,-51.5
"44",-20,-52.5
"44",-20,-53.5
"44",-20,-54.5
"44",-20,-55.5
"44",-20,-56.5
"44",-20,-57.5
"44",-20,-58.5
"44",-20,-59.5
"44",-19,-60.5
"44",-19,-61.5
"44",-19,-62.5
"44",-19,-63.5
"44",-19,-64.5
"44",-20,-65.5
"45",10,76.5
"45",9,76.5
"45",8,76.5
"45",7,76.5
"45",6,75.5
"45",5,75.5
"45",4,75.5
"45",4,74.5
"45",4,73.5
"45",3,72.5
"45",2,71.5
"45",1,70.5
"45",0,69.5
"45",-1,69.5
"45",-2,69.5
"45",-3,68.5
"45",-4,68.5
"45",-5,67.5
"45",-6,67.5
"45",-7,67.5
"45",-7,66.5
"45",-7,65.5
"45",-7,64.5
"45",-7,63.5
"45",-7,62.5
"45",-8,61.5
"45",-9,60.5
"45",-10,59.5
"45",-11,58.5
"45",-12,57.5
"45",-13,56.5
"45",-13,55.5
"45",-13,54.5
"45",-13,53.5
"45",-13,52.5
"45",-13,51.5
"45",-13,50.5
"45",-13,49.5
"45",-13,48.5
"45",-13,47.5
"45",-13,46.5
"45",-13,45.5
"45",-14,45.5
"45",-15,44.5
"45",-16,44.5
"45",-17,44.5
"45",-18,43.5
"45",-18,42.5
"45",-18,41.5
"45",-18,40.5
"45",-18,39.5
"45",-18,38.5
"45",-18,37.5
"45",-18,36.5
"45",-18,35.5
"45",-18,34.5
"45",-18,33.5
"45",-18,32.5
"45",-18,31.5
"45",-18,30.5
"45",-18,29.5
"45",-18,28.5
"45",-18,27.5
"45",-18,26.5
"45",-18,25.5
"45",-18,24.5
"45",-18,23.5
"45",-18,22.5
"45",-18,21.5
"45",-18,20.5
"45",-18,19.5
"45",-18,18.5
"45",-18,17.5
"45",-18,16.5
"45",-18,15.5
"45",-18,14.5
"45",-18,13.5
"45",-18,12.5
"45",-18,11.5
"45",-18,10.5
"45",-18,9.5
"45",-18,8.5
"45",-18,7.5
"45",-18,6.5
"45",-18,5.5
"45",-18,4.5
"45",-18,3.5
"45",-18,2.5
"45",-18,1.5
"45",-18,0.5
"45",-18,-0.5
"45",-18,-1.5
"45",-18,-2.5
"45",-17,-3.5
"45",-16,-4.5
"45",-16,-5.5
"45",-16,-6.5
"45",-16,-7.5
"45",-16,-8.5
"45",-16,-9.5
"45",-16,-10.5
"45",-16,-11.5
"45",-16,-12.5
"45",-16,-13.5
"45",-16,-14.5
"45",-16,-15.5
"45",-16,-16.5
"45",-16,-17.5
"45",-16,-18.5
"45",-16,-19.5
"45",-16,-20.5
"45",-16,-21.5
"45",-16,-22.5
"45",-16,-23.5
"45",-16,-24.5
"45",-16,-25.5
"45",-16,-26.5
"45",-16,-27.5
"45",-16,-28.5
"45",-16,-29.5
"45",-16,-30.5
"45",-16,-31.5
"45",-16,-32.5
"45",-16,-33.5
"45",-16,-34.5
"45",-16,-35.5
"45",-16,-36.5
"45",-16,-37.5
"45",-17,-38.5
"45",-18,-38.5
"45",-18,-39.5
"45",-18,-40.5
"45",-18,-41.5
"45",-18,-42.5
"45",-18,-43.5
"45",-18,-44.5
"45",-18,-45.5
"45",-18,-46.5
"45",-18,-47.5
"45",-18,-48.5
"45",-18,-49.5
"45",-17,-50.5
"45",-16,-50.5
"45",-16,-51.5
"45",-16,-52.5
"45",-16,-53.5
"45",-16,-54.5
"45",-16,-55.5
"45",-16,-56.5
"45",-17,-56.5
"45",-18,-57.5
"45",-18,-58.5
"45",-18,-59.5
"45",-18,-60.5
"45",-19,-60.5
"45",-19,-61.5
"45",-19,-62.5
"45",-19,-63.5
"45",-19,-64.5
"45",-20,-65.5
"46",10,76.5
"46",9,76.5
"46",8,76.5
"46",7,76.5
"46",6,75.5
"46",5,75.5
"46",4,75.5
"46",4,74.5
"46",4,73.5
"46",3,72.5
"46",2,71.5
"46",1,70.5
"46",0,69.5
"46",-1,69.5
"46",-2,69.5
"46",-3,68.5
"46",-4,68.5
"46",-5,67.5
"46",-6,67.5
"46",-7,67.5
"46",-7,66.5
"46",-7,65.5
"46",-7,64.5
"46",-7,63.5
"46",-7,62.5
"46",-8,62.5
"46",-9,61.5
"46",-10,60.5
"46",-11,59.5
"46",-11,58.5
"46",-11,57.5
"46",-12,57.5
"46",-13,56.5
"46",-13,55.5
"46",-13,54.5
"46",-13,53.5
"46",-13,52.5
"46",-13,51.5
"46",-13,50.5
"46",-13,49.5
"46",-13,48.5
"46",-13,47.5
"46",-13,46.5
"46",-13,45.5
"46",-14,45.5
"46",-15,44.5
"46",-16,44.5
"46",-17,44.5
"46",-18,43.5
"46",-18,42.5
"46",-18,41.5
"46",-18,40.5
"46",-18,39.5
"46",-18,38.5
"46",-18,37.5
"46",-18,36.5
"46",-18,35.5
"46",-18,34.5
"46",-18,33.5
"46",-18,32.5
"46",-18,31.5
"46",-18,30.5
"46",-18,29.5
"46",-18,28.5
"46",-18,27.5
"46",-18,26.5
"46",-18,25.5
"46",-18,24.5
"46",-18,23.5
"46",-18,22.5
"46",-18,21.5
"46",-18,20.5
"46",-18,19.5
"46",-18,18.5
"46",-18,17.5
"46",-18,16.5
"46",-18,15.5
"46",-18,14.5
"46",-18,13.5
"46",-18,12.5
"46",-18,11.5
"46",-18,10.5
"46",-18,9.5
"46",-18,8.5
"46",-18,7.5
"46",-18,6.5
"46",-18,5.5
"46",-18,4.5
"46",-18,3.5
"46",-18,2.5
"46",-18,1.5
"46",-18,0.5
"46",-18,-0.5
"46",-18,-1.5
"46",-17,-2.5
"46",-16,-3.5
"46",-16,-4.5
"46",-16,-5.5
"46",-16,-6.5
"46",-16,-7.5
"46",-16,-8.5
"46",-16,-9.5
"46",-16,-10.5
"46",-16,-11.5
"46",-16,-12.5
"46",-16,-13.5
"46",-16,-14.5
"46",-16,-15.5
"46",-16,-16.5
"46",-16,-17.5
"46",-16,-18.5
"46",-16,-19.5
"46",-16,-20.5
"46",-16,-21.5
"46",-16,-22.5
"46",-16,-23.5
"46",-16,-24.5
"46",-16,-25.5
"46",-16,-26.5
"46",-16,-27.5
"46",-16,-28.5
"46",-16,-29.5
"46",-16,-30.5
"46",-16,-31.5
"46",-16,-32.5
"46",-16,-33.5
"46",-16,-34.5
"46",-16,-35.5
"46",-16,-36.5
"46",-16,-37.5
"46",-17,-38.5
"46",-18,-38.5
"46",-18,-39.5
"46",-18,-40.5
"46",-18,-41.5
"46",-18,-42.5
"46",-18,-43.5
"46",-18,-44.5
"46",-18,-45.5
"46",-18,-46.5
"46",-18,-47.5
"46",-18,-48.5
"46",-18,-49.5
"46",-17,-50.5
"46",-16,-50.5
"46",-16,-51.5
"46",-16,-52.5
"46",-16,-53.5
"46",-16,-54.5
"46",-16,-55.5
"46",-16,-56.5
"46",-17,-56.5
"46",-18,-57.5
"46",-18,-58.5
"46",-18,-59.5
"46",-18,-60.5
"46",-19,-60.5
"46",-19,-61.5
"46",-19,-62.5
"46",-19,-63.5
"46",-19,-64.5
"46",-20,-65.5
"47",10,76.5
"47",9,76.5
"47",8,76.5
"47",7,76.5
"47",6,75.5
"47",5,75.5
"47",4,75.5
"47",4,74.5
"47",4,73.5
"47",3,72.5
"47",2,71.5
"47",1,70.5
"47",0,69.5
"47",-1,69.5
"47",-2,69.5
"47",-3,68.5
"47",-4,68.5
"47",-5,67.5
"47",-6,67.5
"47",-7,67.5
"47",-7,66.5
"47",-7,65.5
"47",-7,64.5
"47",-7,63.5
"47",-7,62.5
"47",-8,62.5
"47",-9,61.5
"47",-10,60.5
"47",-11,59.5
"47",-11,58.5
"47",-11,57.5
"47",-12,57.5
"47",-12,56.5
"47",-12,55.5
"47",-12,54.5
"47",-12,53.5
"47",-12,52.5
"47",-12,51.5
"47",-13,50.5
"47",-13,49.5
"47",-13,48.5
"47",-13,47.5
"47",-13,46.5
"47",-13,45.5
"47",-13,44.5
"47",-14,44.5
"47",-15,43.5
"47",-16,43.5
"47",-17,43.5
"47",-18,42.5
"47",-18,41.5
"47",-18,40.5
"47",-18,39.5
"47",-18,38.5
"47",-18,37.5
"47",-18,36.5
"47",-18,35.5
"47",-18,34.5
"47",-18,33.5
"47",-18,32.5
"47",-18,31.5
"47",-18,30.5
"47",-18,29.5
"47",-18,28.5
"47",-18,27.5
"47",-18,26.5
"47",-18,25.5
"47",-18,24.5
"47",-18,23.5
"47",-18,22.5
"47",-18,21.5
"47",-18,20.5
"47",-18,19.5
"47",-18,18.5
"47",-18,17.5
"47",-18,16.5
"47",-18,15.5
"47",-18,14.5
"47",-18,13.5
"47",-18,12.5
"47",-18,11.5
"47",-18,10.5
"47",-18,9.5
"47",-17,8.5
"47",-16,8.5
"47",-16,7.5
"47",-16,6.5
"47",-16,5.5
"47",-16,4.5
"47",-16,3.5
"47",-16,2.5
"47",-16,1.5
"47",-16,0.5
"47",-16,-0.5
"47",-16,-1.5
"47",-16,-2.5
"47",-16,-3.5
"47",-16,-4.5
"47",-16,-5.5
"47",-16,-6.5
"47",-16,-7.5
"47",-16,-8.5
"47",-16,-9.5
"47",-16,-10.5
"47",-16,-11.5
"47",-16,-12.5
"47",-16,-13.5
"47",-16,-14.5
"47",-16,-15.5
"47",-16,-16.5
"47",-16,-17.5
"47",-16,-18.5
"47",-16,-19.5
"47",-16,-20.5
"47",-16,-21.5
"47",-16,-22.5
"47",-16,-23.5
"47",-16,-24.5
"47",-16,-25.5
"47",-16,-26.5
"47",-16,-27.5
"47",-16,-28.5
"47",-16,-29.5
"47",-16,-30.5
"47",-16,-31.5
"47",-16,-32.5
"47",-16,-33.5
"47",-16,-34.5
"47",-16,-35.5
"47",-16,-36.5
"47",-16,-37.5
"47",-17,-38.5
"47",-18,-38.5
"47",-18,-39.5
"47",-18,-40.5
"47",-18,-41.5
"47",-18,-42.5
"47",-18,-43.5
"47",-18,-44.5
"47",-18,-45.5
"47",-18,-46.5
"47",-18,-47.5
"47",-18,-48.5
"47",-18,-49.5
"47",-17,-50.5
"47",-16,-50.5
"47",-16,-51.5
"47",-16,-52.5
"47",-16,-53.5
"47",-16,-54.5
"47",-16,-55.5
"47",-16,-56.5
"47",-17,-56.5
"47",-18,-57.5
"47",-17,-58.5
"47",-18,-59.5
"47",-18,-60.5
"47",-19,-60.5
"47",-19,-61.5
"47",-19,-62.5
"47",-19,-63.5
"47",-19,-64.5
"47",-20,-65.5
"48",10,76.5
"48",9,76.5
"48",8,76.5
"48",7,76.5
"48",6,75.5
"48",5,75.5
"48",4,75.5
"48",4,74.5
"48",4,73.5
"48",3,72.5
"48",2,71.5
"48",1,70.5
"48",0,69.5
"48",-1,69.5
"48",-2,69.5
"48",-3,68.5
"48",-4,68.5
"48",-5,67.5
"48",-6,67.5
"48",-7,67.5
"48",-7,66.5
"48",-7,65.5
"48",-7,64.5
"48",-7,63.5
"48",-7,62.5
"48",-8,62.5
"48",-9,61.5
"48",-10,60.5
"48",-11,59.5
"48",-11,58.5
"48",-11,57.5
"48",-12,57.5
"48",-12,56.5
"48",-12,55.5
"48",-12,54.5
"48",-12,53.5
"48",-12,52.5
"48",-12,51.5
"48",-12,50.5
"48",-13,49.5
"48",-13,48.5
"48",-13,47.5
"48",-13,46.5
"48",-13,45.5
"48",-13,44.5
"48",-14,44.5
"48",-15,43.5
"48",-16,43.5
"48",-17,43.5
"48",-18,42.5
"48",-18,41.5
"48",-18,40.5
"48",-18,39.5
"48",-18,38.5
"48",-18,37.5
"48",-18,36.5
"48",-18,35.5
"48",-18,34.5
"48",-18,33.5
"48",-18,32.5
"48",-18,31.5
"48",-18,30.5
"48",-18,29.5
"48",-18,28.5
"48",-18,27.5
"48",-18,26.5
"48",-18,25.5
"48",-18,24.5
"48",-18,23.5
"48",-18,22.5
"48",-18,21.5
"48",-18,20.5
"48",-18,19.5
"48",-18,18.5
"48",-18,17.5
"48",-18,16.5
"48",-18,15.5
"48",-18,14.5
"48",-18,13.5
"48",-18,12.5
"48",-18,11.5
"48",-18,10.5
"48",-18,9.5
"48",-18,8.5
"48",-18,7.5
"48",-18,6.5
"48",-18,5.5
"48",-18,4.5
"48",-18,3.5
"48",-17,2.5
"48",-16,2.5
"48",-16,1.5
"48",-16,0.5
"48",-16,-0.5
"48",-16,-1.5
"48",-16,-2.5
"48",-16,-3.5
"48",-16,-4.5
"48",-16,-5.5
"48",-16,-6.5
"48",-16,-7.5
"48",-16,-8.5
"48",-16,-9.5
"48",-16,-10.5
"48",-16,-11.5
"48",-16,-12.5
"48",-16,-13.5
"48",-16,-14.5
"48",-16,-15.5
"48",-16,-16.5
"48",-16,-17.5
"48",-16,-18.5
"48",-16,-19.5
"48",-16,-20.5
"48",-16,-21.5
"48",-16,-22.5
"48",-16,-23.5
"48",-16,-24.5
"48",-16,-25.5
"48",-16,-26.5
"48",-16,-27.5
"48",-16,-28.5
"48",-16,-29.5
"48",-16,-30.5
"48",-16,-31.5
"48",-16,-32.5
"48",-16,-33.5
"48",-16,-34.5
"48",-16,-35.5
"48",-16,-36.5
"48",-16,-37.5
"48",-17,-38.5
"48",-18,-38.5
"48",-18,-39.5
"48",-18,-40.5
"48",-18,-41.5
"48",-18,-42.5
"48",-18,-43.5
"48",-18,-44.5
"48",-18,-45.5
"48",-18,-46.5
"48",-18,-47.5
"48",-18,-48.5
"48",-18,-49.5
"48",-17,-50.5
"48",-16,-50.5
"48",-16,-51.5
"48",-16,-52.5
"48",-16,-53.5
"48",-16,-54.5
"48",-16,-55.5
"48",-16,-56.5
"48",-17,-56.5
"48",-18,-57.5
"48",-17,-58.5
"48",-18,-59.5
"48",-18,-60.5
"48",-19,-60.5
"48",-19,-61.5
"48",-19,-62.5
"48",-19,-63.5
"48",-19,-64.5
"48",-20,-65.5
"49",10,76.5
"49",9,75.5
"49",8,74.5
"49",7,73.5
"49",6,72.5
"49",5,71.5
"49",4,70.5
"49",3,70.5
"49",2,69.5
"49",1,68.5
"49",1,67.5
"49",1,66.5
"49",0,65.5
"49",-1,64.5
"49",-2,63.5
"49",-3,62.5
"49",-4,61.5
"49",-5,60.5
"49",-6,59.5
"49",-7,58.5
"49",-8,57.5
"49",-9,56.5
"49",-10,55.5
"49",-11,54.5
"49",-12,53.5
"49",-13,52.5
"49",-14,51.5
"49",-14,50.5
"49",-14,49.5
"49",-14,48.5
"49",-14,47.5
"49",-14,46.5
"49",-14,45.5
"49",-14,44.5
"49",-14,43.5
"49",-14,42.5
"49",-14,41.5
"49",-14,40.5
"49",-14,39.5
"49",-14,38.5
"49",-14,37.5
"49",-14,36.5
"49",-14,35.5
"49",-14,34.5
"49",-14,33.5
"49",-14,32.5
"49",-14,31.5
"49",-14,30.5
"49",-14,29.5
"49",-15,28.5
"49",-16,27.5
"49",-16,26.5
"49",-17,25.5
"49",-18,24.5
"49",-18,23.5
"49",-18,22.5
"49",-18,21.5
"49",-18,20.5
"49",-18,19.5
"49",-18,18.5
"49",-18,17.5
"49",-18,16.5
"49",-18,15.5
"49",-18,14.5
"49",-18,13.5
"49",-18,12.5
"49",-18,11.5
"49",-18,10.5
"49",-18,9.5
"49",-18,8.5
"49",-18,7.5
"49",-18,6.5
"49",-18,5.5
"49",-18,4.5
"49",-18,3.5
"49",-18,2.5
"49",-18,1.5
"49",-18,0.5
"49",-18,-0.5
"49",-18,-1.5
"49",-18,-2.5
"49",-17,-3.5
"49",-17,-4.5
"49",-17,-5.5
"49",-17,-6.5
"49",-17,-7.5
"49",-17,-8.5
"49",-17,-9.5
"49",-17,-10.5
"49",-17,-11.5
"49",-17,-12.5
"49",-17,-13.5
"49",-17,-14.5
"49",-17,-15.5
"49",-17,-16.5
"49",-17,-17.5
"49",-17,-18.5
"49",-17,-19.5
"49",-17,-20.5
"49",-17,-21.5
"49",-17,-22.5
"49",-17,-23.5
"49",-17,-24.5
"49",-17,-25.5
"49",-18,-26.5
"49",-19,-27.5
"49",-20,-28.5
"49",-20,-29.5
"49",-20,-30.5
"49",-20,-31.5
"49",-20,-32.5
"49",-20,-33.5
"49",-20,-34.5
"49",-20,-35.5
"49",-20,-36.5
"49",-20,-37.5
"49",-20,-38.5
"49",-20,-39.5
"49",-20,-40.5
"49",-20,-41.5
"49",-20,-42.5
"49",-20,-43.5
"49",-20,-44.5
"49",-20,-45.5
"49",-20,-46.5
"49",-20,-47.5
"49",-20,-48.5
"49",-20,-49.5
"49",-20,-50.5
"49",-20,-51.5
"49",-20,-52.5
"49",-20,-53.5
"49",-20,-54.5
"49",-20,-55.5
"49",-20,-56.5
"49",-20,-57.5
"49",-20,-58.5
"49",-20,-59.5
"49",-20,-60.5
"49",-20,-61.5
"49",-20,-62.5
"49",-20,-63.5
"49",-20,-64.5
"49",-20,-65.5
"50",10,76.5
"50",9,76.5
"50",8,76.5
"50",7,76.5
"50",6,75.5
"50",5,74.5
"50",4,74.5
"50",4,73.5
"50",3,72.5
"50",2,71.5
"50",1,70.5
"50",0,69.5
"50",0,68.5
"50",0,67.5
"50",0,66.5
"50",0,65.5
"50",-1,64.5
"50",-2,63.5
"50",-3,62.5
"50",-4,61.5
"50",-5,60.5
"50",-6,59.5
"50",-7,58.5
"50",-8,57.5
"50",-9,56.5
"50",-10,55.5
"50",-11,54.5
"50",-12,53.5
"50",-12,52.5
"50",-12,51.5
"50",-13,50.5
"50",-13,49.5
"50",-13,48.5
"50",-13,47.5
"50",-13,46.5
"50",-13,45.5
"50",-13,44.5
"50",-14,43.5
"50",-14,42.5
"50",-14,41.5
"50",-14,40.5
"50",-14,39.5
"50",-14,38.5
"50",-14,37.5
"50",-14,36.5
"50",-14,35.5
"50",-14,34.5
"50",-14,33.5
"50",-14,32.5
"50",-14,31.5
"50",-14,30.5
"50",-14,29.5
"50",-15,28.5
"50",-16,27.5
"50",-16,26.5
"50",-17,25.5
"50",-18,24.5
"50",-18,23.5
"50",-18,22.5
"50",-18,21.5
"50",-18,20.5
"50",-18,19.5
"50",-18,18.5
"50",-18,17.5
"50",-18,16.5
"50",-18,15.5
"50",-18,14.5
"50",-18,13.5
"50",-18,12.5
"50",-18,11.5
"50",-18,10.5
"50",-18,9.5
"50",-18,8.5
"50",-18,7.5
"50",-18,6.5
"50",-18,5.5
"50",-18,4.5
"50",-18,3.5
"50",-18,2.5
"50",-18,1.5
"50",-18,0.5
"50",-18,-0.5
"50",-18,-1.5
"50",-18,-2.5
"50",-17,-3.5
"50",-16,-4.5
"50",-16,-5.5
"50",-16,-6.5
"50",-16,-7.5
"50",-16,-8.5
"50",-16,-9.5
"50",-16,-10.5
"50",-16,-11.5
"50",-16,-12.5
"50",-16,-13.5
"50",-16,-14.5
"50",-16,-15.5
"50",-16,-16.5
"50",-16,-17.5
"50",-16,-18.5
"50",-16,-19.5
"50",-16,-20.5
"50",-16,-21.5
"50",-16,-22.5
"50",-16,-23.5
"50",-16,-24.5
"50",-16,-25.5
"50",-16,-26.5
"50",-16,-27.5
"50",-16,-28.5
"50",-16,-29.5
"50",-16,-30.5
"50",-16,-31.5
"50",-16,-32.5
"50",-16,-33.5
"50",-16,-34.5
"50",-16,-35.5
"50",-16,-36.5
"50",-16,-37.5
"50",-16,-38.5
"50",-16,-39.5
"50",-16,-40.5
"50",-16,-41.5
"50",-16,-42.5
"50",-16,-43.5
"50",-16,-44.5
"50",-16,-45.5
"50",-16,-46.5
"50",-16,-47.5
"50",-16,-48.5
"50",-16,-49.5
"50",-16,-50.5
"50",-16,-51.5
"50",-16,-52.5
"50",-16,-53.5
"50",-16,-54.5
"50",-16,-55.5
"50",-16,-56.5
"50",-17,-56.5
"50",-18,-57.5
"50",-18,-58.5
"50",-18,-59.5
"50",-19,-60.5
"50",-19,-61.5
"50",-19,-62.5
"50",-19,-63.5
"50",-19,-64.5
"50",-20,-65.5
"51",10,76.5
"51",9,76.5
"51",8,76.5
"51",7,76.5
"51",6,75.5
"51",5,75.5
"51",4,75.5
"51",4,74.5
"51",4,73.5
"51",3,72.5
"51",2,71.5
"51",1,70.5
"51",0,69.5
"51",-1,69.5
"51",-2,69.5
"51",-3,68.5
"51",-4,68.5
"51",-5,67.5
"51",-6,67.5
"51",-7,67.5
"51",-7,66.5
"51",-7,65.5
"51",-7,64.5
"51",-7,63.5
"51",-7,62.5
"51",-8,61.5
"51",-9,60.5
"51",-10,59.5
"51",-11,58.5
"51",-12,57.5
"51",-13,56.5
"51",-13,55.5
"51",-13,54.5
"51",-13,53.5
"51",-13,52.5
"51",-13,51.5
"51",-13,50.5
"51",-13,49.5
"51",-13,48.5
"51",-13,47.5
"51",-13,46.5
"51",-13,45.5
"51",-14,45.5
"51",-15,44.5
"51",-16,44.5
"51",-17,44.5
"51",-18,43.5
"51",-18,42.5
"51",-18,41.5
"51",-18,40.5
"51",-18,39.5
"51",-18,38.5
"51",-18,37.5
"51",-18,36.5
"51",-18,35.5
"51",-18,34.5
"51",-18,33.5
"51",-18,32.5
"51",-18,31.5
"51",-18,30.5
"51",-18,29.5
"51",-18,28.5
"51",-18,27.5
"51",-18,26.5
"51",-18,25.5
"51",-18,24.5
"51",-18,23.5
"51",-18,22.5
"51",-18,21.5
"51",-18,20.5
"51",-18,19.5
"51",-18,18.5
"51",-18,17.5
"51",-18,16.5
"51",-18,15.5
"51",-18,14.5
"51",-18,13.5
"51",-18,12.5
"51",-18,11.5
"51",-18,10.5
"51",-18,9.5
"51",-18,8.5
"51",-18,7.5
"51",-18,6.5
"51",-18,5.5
"51",-18,4.5
"51",-18,3.5
"51",-18,2.5
"51",-18,1.5
"51",-18,0.5
"51",-18,-0.5
"51",-18,-1.5
"51",-18,-2.5
"51",-17,-3.5
"51",-16,-4.5
"51",-16,-5.5
"51",-16,-6.5
"51",-16,-7.5
"51",-16,-8.5
"51",-16,-9.5
"51",-16,-10.5
"51",-16,-11.5
"51",-16,-12.5
"51",-16,-13.5
"51",-16,-14.5
"51",-16,-15.5
"51",-16,-16.5
"51",-16,-17.5
"51",-16,-18.5
"51",-16,-19.5
"51",-16,-20.5
"51",-16,-21.5
"51",-16,-22.5
"51",-16,-23.5
"51",-16,-24.5
"51",-16,-25.5
"51",-16,-26.5
"51",-16,-27.5
"51",-16,-28.5
"51",-16,-29.5
"51",-16,-30.5
"51",-16,-31.5
"51",-16,-32.5
"51",-16,-33.5
"51",-16,-34.5
"51",-16,-35.5
"51",-16,-36.5
"51",-16,-37.5
"51",-17,-38.5
"51",-18,-38.5
"51",-18,-39.5
"51",-18,-40.5
"51",-18,-41.5
"51",-18,-42.5
"51",-18,-43.5
"51",-18,-44.5
"51",-18,-45.5
"51",-18,-46.5
"51",-18,-47.5
"51",-18,-48.5
"51",-18,-49.5
"51",-17,-50.5
"51",-16,-50.5
"51",-16,-51.5
"51",-16,-52.5
"51",-16,-53.5
"51",-16,-54.5
"51",-16,-55.5
"51",-16,-56.5
"51",-17,-56.5
"51",-18,-57.5
"51",-18,-58.5
"51",-18,-59.5
"51",-18,-60.5
"51",-19,-60.5
"51",-19,-61.5
"51",-19,-62.5
"51",-19,-63.5
"51",-19,-64.5
"51",-20,-65.5
"52",10,76.5
"52",9,76.5
"52",8,76.5
"52",7,76.5
"52",6,75.5
"52",5,75.5
"52",4,75.5
"52",4,74.5
"52",4,73.5
"52",3,72.5
"52",2,71.5
"52",1,70.5
"52",0,69.5
"52",-1,69.5
"52",-2,69.5
"52",-3,68.5
"52",-4,68.5
"52",-5,67.5
"52",-6,67.5
"52",-7,67.5
"52",-7,66.5
"52",-7,65.5
"52",-7,64.5
"52",-7,63.5
"52",-7,62.5
"52",-8,62.5
"52",-9,61.5
"52",-10,60.5
"52",-11,59.5
"52",-11,58.5
"52",-11,57.5
"52",-12,57.5
"52",-13,56.5
"52",-13,55.5
"52",-13,54.5
"52",-13,53.5
"52",-13,52.5
"52",-13,51.5
"52",-13,50.5
"52",-13,49.5
"52",-13,48.5
"52",-13,47.5
"52",-13,46.5
"52",-13,45.5
"52",-13,44.5
"52",-14,44.5
"52",-15,43.5
"52",-16,43.5
"52",-17,43.5
"52",-18,42.5
"52",-18,41.5
"52",-18,40.5
"52",-18,39.5
"52",-18,38.5
"52",-18,37.5
"52",-18,36.5
"52",-18,35.5
"52",-18,34.5
"52",-18,33.5
"52",-18,32.5
"52",-18,31.5
"52",-18,30.5
"52",-18,29.5
"52",-18,28.5
"52",-18,27.5
"52",-18,26.5
"52",-18,25.5
"52",-18,24.5
"52",-18,23.5
"52",-18,22.5
"52",-18,21.5
"52",-18,20.5
"52",-18,19.5
"52",-18,18.5
"52",-18,17.5
"52",-18,16.5
"52",-18,15.5
"52",-18,14.5
"52",-18,13.5
"52",-18,12.5
"52",-18,11.5
"52",-18,10.5
"52",-18,9.5
"52",-18,8.5
"52",-18,7.5
"52",-18,6.5
"52",-18,5.5
"52",-18,4.5
"52",-18,3.5
"52",-18,2.5
"52",-18,1.5
"52",-18,0.5
"52",-18,-0.5
"52",-18,-1.5
"52",-17,-2.5
"52",-16,-3.5
"52",-16,-4.5
"52",-16,-5.5
"52",-16,-6.5
"52",-16,-7.5
"52",-16,-8.5
"52",-16,-9.5
"52",-16,-10.5
"52",-16,-11.5
"52",-16,-12.5
"52",-16,-13.5
"52",-16,-14.5
"52",-16,-15.5
"52",-16,-16.5
"52",-16,-17.5
"52",-16,-18.5
"52",-16,-19.5
"52",-16,-20.5
"52",-16,-21.5
"52",-16,-22.5
"52",-16,-23.5
"52",-16,-24.5
"52",-16,-25.5
"52",-16,-26.5
"52",-16,-27.5
"52",-16,-28.5
"52",-16,-29.5
"52",-16,-30.5
"52",-16,-31.5
"52",-16,-32.5
"52",-16,-33.5
"52",-16,-34.5
"52",-16,-35.5
"52",-16,-36.5
"52",-16,-37.5
"52",-17,-38.5
"52",-18,-38.5
"52",-18,-39.5
"52",-18,-40.5
"52",-18,-41.5
"52",-18,-42.5
"52",-18,-43.5
"52",-18,-44.5
"52",-18,-45.5
"52",-18,-46.5
"52",-18,-47.5
"52",-18,-48.5
"52",-18,-49.5
"52",-17,-50.5
"52",-16,-50.5
"52",-16,-51.5
"52",-16,-52.5
"52",-16,-53.5
"52",-16,-54.5
"52",-16,-55.5
"52",-16,-56.5
"52",-17,-56.5
"52",-18,-57.5
"52",-18,-58.5
"52",-18,-59.5
"52",-18,-60.5
"52",-19,-60.5
"52",-19,-61.5
"52",-19,-62.5
"52",-19,-63.5
"52",-19,-64.5
"52",-20,-65.5
"53",10,76.5
"53",9,76.5
"53",8,76.5
"53",7,76.5
"53",6,75.5
"53",5,75.5
"53",4,75.5
"53",4,74.5
"53",4,73.5
"53",3,72.5
"53",2,71.5
"53",1,70.5
"53",0,69.5
"53",-1,69.5
"53",-2,69.5
"53",-3,68.5
"53",-4,68.5
"53",-5,67.5
"53",-6,67.5
"53",-7,67.5
"53",-7,66.5
"53",-7,65.5
"53",-7,64.5
"53",-7,63.5
"53",-7,62.5
"53",-8,62.5
"53",-9,61.5
"53",-10,60.5
"53",-11,59.5
"53",-11,58.5
"53",-11,57.5
"53",-12,57.5
"53",-12,56.5
"53",-12,55.5
"53",-12,54.5
"53",-12,53.5
"53",-12,52.5
"53",-12,51.5
"53",-12,50.5
"53",-13,49.5
"53",-13,48.5
"53",-13,47.5
"53",-13,46.5
"53",-13,45.5
"53",-13,44.5
"53",-14,44.5
"53",-15,43.5
"53",-16,43.5
"53",-17,43.5
"53",-18,42.5
"53",-18,41.5
"53",-18,40.5
"53",-18,39.5
"53",-18,38.5
"53",-18,37.5
"53",-18,36.5
"53",-18,35.5
"53",-18,34.5
"53",-18,33.5
"53",-18,32.5
"53",-18,31.5
"53",-18,30.5
"53",-18,29.5
"53",-18,28.5
"53",-18,27.5
"53",-18,26.5
"53",-18,25.5
"53",-18,24.5
"53",-18,23.5
"53",-18,22.5
"53",-18,21.5
"53",-18,20.5
"53",-18,19.5
"53",-18,18.5
"53",-18,17.5
"53",-18,16.5
"53",-18,15.5
"53",-18,14.5
"53",-18,13.5
"53",-18,12.5
"53",-18,11.5
"53",-18,10.5
"53",-18,9.5
"53",-18,8.5
"53",-18,7.5
"53",-18,6.5
"53",-18,5.5
"53",-18,4.5
"53",-18,3.5
"53",-17,2.5
"53",-16,2.5
"53",-16,1.5
"53",-16,0.5
"53",-16,-0.5
"53",-16,-1.5
"53",-16,-2.5
"53",-16,-3.5
"53",-16,-4.5
"53",-16,-5.5
"53",-16,-6.5
"53",-16,-7.5
"53",-16,-8.5
"53",-16,-9.5
"53",-16,-10.5
"53",-16,-11.5
"53",-16,-12.5
"53",-16,-13.5
"53",-16,-14.5
"53",-16,-15.5
"53",-16,-16.5
"53",-16,-17.5
"53",-16,-18.5
"53",-16,-19.5
"53",-16,-20.5
"53",-16,-21.5
"53",-16,-22.5
"53",-16,-23.5
"53",-16,-24.5
"53",-16,-25.5
"53",-16,-26.5
"53",-16,-27.5
"53",-16,-28.5
"53",-16,-29.5
"53",-16,-30.5
"53",-16,-31.5
"53",-16,-32.5
"53",-16,-33.5
"53",-16,-34.5
"53",-16,-35.5
"53",-16,-36.5
"53",-16,-37.5
"53",-17,-38.5
"53",-18,-38.5
"53",-18,-39.5
"53",-18,-40.5
"53",-18,-41.5
"53",-18,-42.5
"53",-18,-43.5
"53",-18,-44.5
"53",-18,-45.5
"53",-18,-46.5
"53",-18,-47.5
"53",-18,-48.5
"53",-18,-49.5
"53",-17,-50.5
"53",-16,-50.5
"53",-16,-51.5
"53",-16,-52.5
"53",-16,-53.5
"53",-16,-54.5
"53",-16,-55.5
"53",-16,-56.5
"53",-17,-56.5
"53",-18,-57.5
"53",-18,-58.5
"53",-18,-59.5
"53",-18,-60.5
"53",-19,-60.5
"53",-19,-61.5
"53",-19,-62.5
"53",-19,-63.5
"53",-19,-64.5
"53",-20,-65.5
"54",10,76.5
"54",9,76.5
"54",8,76.5
"54",7,76.5
"54",6,75.5
"54",5,75.5
"54",4,75.5
"54",3,75.5
"54",2,75.5
"54",1,75.5
"54",0,74.5
"54",-1,74.5
"54",-1,73.5
"54",-1,72.5
"54",-1,71.5
"54",-1,70.5
"54",-1,69.5
"54",-2,69.5
"54",-3,68.5
"54",-4,68.5
"54",-5,67.5
"54",-6,67.5
"54",-7,67.5
"54",-7,66.5
"54",-7,65.5
"54",-7,64.5
"54",-7,63.5
"54",-7,62.5
"54",-8,62.5
"54",-9,61.5
"54",-10,60.5
"54",-11,59.5
"54",-11,58.5
"54",-11,57.5
"54",-12,57.5
"54",-12,56.5
"54",-12,55.5
"54",-12,54.5
"54",-12,53.5
"54",-12,52.5
"54",-12,51.5
"54",-12,50.5
"54",-13,49.5
"54",-13,48.5
"54",-13,47.5
"54",-13,46.5
"54",-13,45.5
"54",-13,44.5
"54",-14,44.5
"54",-15,43.5
"54",-16,43.5
"54",-17,43.5
"54",-18,42.5
"54",-18,41.5
"54",-18,40.5
"54",-18,39.5
"54",-18,38.5
"54",-18,37.5
"54",-18,36.5
"54",-18,35.5
"54",-18,34.5
"54",-18,33.5
"54",-18,32.5
"54",-18,31.5
"54",-18,30.5
"54",-18,29.5
"54",-18,28.5
"54",-18,27.5
"54",-18,26.5
"54",-18,25.5
"54",-18,24.5
"54",-18,23.5
"54",-18,22.5
"54",-18,21.5
"54",-18,20.5
"54",-18,19.5
"54",-18,18.5
"54",-18,17.5
"54",-18,16.5
"54",-18,15.5
"54",-18,14.5
"54",-18,13.5
"54",-18,12.5
"54",-18,11.5
"54",-18,10.5
"54",-18,9.5
"54",-18,8.5
"54",-18,7.5
"54",-18,6.5
"54",-18,5.5
"54",-18,4.5
"54",-18,3.5
"54",-17,2.5
"54",-16,2.5
"54",-16,1.5
"54",-16,0.5
"54",-16,-0.5
"54",-16,-1.5
"54",-16,-2.5
"54",-16,-3.5
"54",-16,-4.5
"54",-16,-5.5
"54",-16,-6.5
"54",-16,-7.5
"54",-16,-8.5
"54",-16,-9.5
"54",-16,-10.5
"54",-16,-11.5
"54",-16,-12.5
"54",-16,-13.5
"54",-16,-14.5
"54",-16,-15.5
"54",-16,-16.5
"54",-16,-17.5
"54",-16,-18.5
"54",-16,-19.5
"54",-16,-20.5
"54",-16,-21.5
"54",-16,-22.5
"54",-16,-23.5
"54",-16,-24.5
"54",-16,-25.5
"54",-16,-26.5
"54",-16,-27.5
"54",-16,-28.5
"54",-16,-29.5
"54",-16,-30.5
"54",-16,-31.5
"54",-16,-32.5
"54",-16,-33.5
"54",-16,-34.5
"54",-16,-35.5
"54",-16,-36.5
"54",-16,-37.5
"54",-17,-38.5
"54",-18,-38.5
"54",-18,-39.5
"54",-18,-40.5
"54",-18,-41.5
"54",-18,-42.5
"54",-18,-43.5
"54",-18,-44.5
"54",-18,-45.5
"54",-18,-46.5
"54",-18,-47.5
"54",-18,-48.5
"54",-18,-49.5
"54",-17,-50.5
"54",-16,-50.5
"54",-16,-51.5
"54",-16,-52.5
"54",-16,-53.5
"54",-16,-54.5
"54",-16,-55.5
"54",-16,-56.5
"54",-17,-56.5
"54",-18,-57.5
"54",-18,-58.5
"54",-18,-59.5
"54",-18,-60.5
"54",-19,-60.5
"54",-19,-61.5
"54",-19,-62.5
"54",-19,-63.5
"54",-19,-64.5
"54",-20,-65.5
"55",10,76.5
"55",9,76.5
"55",8,75.5
"55",7,74.5
"55",6,73.5
"55",5,72.5
"55",4,71.5
"55",3,70.5
"55",2,69.5
"55",1,68.5
"55",1,67.5
"55",1,66.5
"55",0,65.5
"55",-1,64.5
"55",-2,63.5
"55",-3,62.5
"55",-4,61.5
"55",-5,60.5
"55",-6,59.5
"55",-7,58.5
"55",-8,57.5
"55",-9,56.5
"55",-10,55.5
"55",-11,54.5
"55",-12,53.5
"55",-13,52.5
"55",-14,51.5
"55",-14,50.5
"55",-14,49.5
"55",-14,48.5
"55",-14,47.5
"55",-14,46.5
"55",-14,45.5
"55",-14,44.5
"55",-14,43.5
"55",-14,42.5
"55",-14,41.5
"55",-14,40.5
"55",-14,39.5
"55",-14,38.5
"55",-14,37.5
"55",-14,36.5
"55",-14,35.5
"55",-14,34.5
"55",-14,33.5
"55",-14,32.5
"55",-14,31.5
"55",-14,30.5
"55",-14,29.5
"55",-15,28.5
"55",-16,27.5
"55",-16,26.5
"55",-17,25.5
"55",-18,24.5
"55",-18,23.5
"55",-18,22.5
"55",-18,21.5
"55",-18,20.5
"55",-18,19.5
"55",-18,18.5
"55",-18,17.5
"55",-18,16.5
"55",-18,15.5
"55",-18,14.5
"55",-18,13.5
"55",-18,12.5
"55",-18,11.5
"55",-18,10.5
"55",-18,9.5
"55",-18,8.5
"55",-18,7.5
"55",-18,6.5
"55",-18,5.5
"55",-18,4.5
"55",-18,3.5
"55",-18,2.5
"55",-18,1.5
"55",-18,0.5
"55",-18,-0.5
"55",-18,-1.5
"55",-18,-2.5
"55",-18,-3.5
"55",-18,-4.5
"55",-18,-5.5
"55",-18,-6.5
"55",-18,-7.5
"55",-18,-8.5
"55",-18,-9.5
"55",-18,-10.5
"55",-18,-11.5
"55",-18,-12.5
"55",-18,-13.5
"55",-18,-14.5
"55",-18,-15.5
"55",-18,-16.5
"55",-18,-17.5
"55",-18,-18.5
"55",-18,-19.5
"55",-18,-20.5
"55",-18,-21.5
"55",-18,-22.5
"55",-18,-23.5
"55",-18,-24.5
"55",-18,-25.5
"55",-18,-26.5
"55",-19,-27.5
"55",-20,-28.5
"55",-20,-29.5
"55",-20,-30.5
"55",-20,-31.5
"55",-20,-32.5
"55",-20,-33.5
"55",-20,-34.5
"55",-20,-35.5
"55",-20,-36.5
"55",-20,-37.5
"55",-20,-38.5
"55",-20,-39.5
"55",-20,-40.5
"55",-20,-41.5
"55",-20,-42.5
"55",-20,-43.5
"55",-20,-44.5
"55",-20,-45.5
"55",-20,-46.5
"55",-20,-47.5
"55",-20,-48.5
"55",-20,-49.5
"55",-20,-50.5
"55",-20,-51.5
"55",-20,-52.5
"55",-20,-53.5
"55",-20,-54.5
"55",-20,-55.5
"55",-20,-56.5
"55",-20,-57.5
"55",-20,-58.5
"55",-20,-59.5
"55",-20,-60.5
"55",-20,-61.5
"55",-20,-62.5
"55",-20,-63.5
"55",-20,-64.5
"55",-20,-65.5
"56",10,76.5
"56",9,76.5
"56",8,76.5
"56",7,76.5
"56",6,75.5
"56",5,75.5
"56",4,75.5
"56",4,74.5
"56",4,73.5
"56",3,72.5
"56",2,71.5
"56",1,70.5
"56",0,69.5
"56",-1,69.5
"56",-2,69.5
"56",-3,68.5
"56",-4,68.5
"56",-5,67.5
"56",-6,67.5
"56",-7,67.5
"56",-7,66.5
"56",-7,65.5
"56",-7,64.5
"56",-7,63.5
"56",-7,62.5
"56",-8,61.5
"56",-9,60.5
"56",-10,59.5
"56",-11,58.5
"56",-12,57.5
"56",-13,56.5
"56",-13,55.5
"56",-13,54.5
"56",-14,53.5
"56",-15,52.5
"56",-16,51.5
"56",-17,50.5
"56",-18,49.5
"56",-18,48.5
"56",-18,47.5
"56",-18,46.5
"56",-18,45.5
"56",-18,44.5
"56",-18,43.5
"56",-18,42.5
"56",-18,41.5
"56",-18,40.5
"56",-18,39.5
"56",-18,38.5
"56",-18,37.5
"56",-18,36.5
"56",-18,35.5
"56",-18,34.5
"56",-18,33.5
"56",-18,32.5
"56",-18,31.5
"56",-18,30.5
"56",-18,29.5
"56",-18,28.5
"56",-18,27.5
"56",-18,26.5
"56",-18,25.5
"56",-18,24.5
"56",-18,23.5
"56",-18,22.5
"56",-18,21.5
"56",-18,20.5
"56",-18,19.5
"56",-18,18.5
"56",-18,17.5
"56",-18,16.5
"56",-18,15.5
"56",-18,14.5
"56",-18,13.5
"56",-18,12.5
"56",-18,11.5
"56",-18,10.5
"56",-18,9.5
"56",-18,8.5
"56",-18,7.5
"56",-18,6.5
"56",-18,5.5
"56",-18,4.5
"56",-18,3.5
"56",-18,2.5
"56",-18,1.5
"56",-18,0.5
"56",-18,-0.5
"56",-18,-1.5
"56",-18,-2.5
"56",-17,-3.5
"56",-16,-4.5
"56",-16,-5.5
"56",-16,-6.5
"56",-16,-7.5
"56",-16,-8.5
"56",-16,-9.5
"56",-16,-10.5
"56",-16,-11.5
"56",-16,-12.5
"56",-16,-13.5
"56",-16,-14.5
"56",-16,-15.5
"56",-16,-16.5
"56",-16,-17.5
"56",-16,-18.5
"56",-16,-19.5
"56",-16,-20.5
"56",-16,-21.5
"56",-16,-22.5
"56",-16,-23.5
"56",-16,-24.5
"56",-16,-25.5
"56",-16,-26.5
"56",-16,-27.5
"56",-16,-28.5
"56",-16,-29.5
"56",-16,-30.5
"56",-16,-31.5
"56",-16,-32.5
"56",-16,-33.5
"56",-16,-34.5
"56",-16,-35.5
"56",-16,-36.5
"56",-16,-37.5
"56",-16,-38.5
"56",-16,-39.5
"56",-16,-40.5
"56",-16,-41.5
"56",-16,-42.5
"56",-16,-43.5
"56",-16,-44.5
"56",-16,-45.5
"56",-16,-46.5
"56",-16,-47.5
"56",-16,-48.5
"56",-16,-49.5
"56",-16,-50.5
"56",-16,-51.5
"56",-16,-52.5
"56",-16,-53.5
"56",-16,-54.5
"56",-16,-55.5
"56",-16,-56.5
"56",-17,-56.5
"56",-18,-57.5
"56",-18,-58.5
"56",-18,-59.5
"56",-19,-60.5
"56",-19,-61.5
"56",-19,-62.5
"56",-19,-63.5
"56",-19,-64.5
"56",-20,-65.5
"57",10,76.5
"57",9,76.5
"57",8,76.5
"57",7,76.5
"57",6,75.5
"57",5,75.5
"57",4,75.5
"57",4,74.5
"57",4,73.5
"57",3,72.5
"57",2,71.5
"57",1,70.5
"57",0,69.5
"57",-1,69.5
"57",-2,69.5
"57",-3,68.5
"57",-4,68.5
"57",-5,67.5
"57",-6,67.5
"57",-7,67.5
"57",-7,66.5
"57",-7,65.5
"57",-7,64.5
"57",-7,63.5
"57",-7,62.5
"57",-8,62.5
"57",-9,61.5
"57",-10,60.5
"57",-11,59.5
"57",-11,58.5
"57",-11,57.5
"57",-12,57.5
"57",-13,56.5
"57",-13,55.5
"57",-13,54.5
"57",-13,53.5
"57",-13,52.5
"57",-13,51.5
"57",-13,50.5
"57",-13,49.5
"57",-13,48.5
"57",-13,47.5
"57",-13,46.5
"57",-13,45.5
"57",-14,45.5
"57",-15,44.5
"57",-16,44.5
"57",-17,44.5
"57",-18,43.5
"57",-18,42.5
"57",-18,41.5
"57",-18,40.5
"57",-18,39.5
"57",-18,38.5
"57",-18,37.5
"57",-18,36.5
"57",-18,35.5
"57",-18,34.5
"57",-18,33.5
"57",-18,32.5
"57",-18,31.5
"57",-18,30.5
"57",-18,29.5
"57",-18,28.5
"57",-18,27.5
"57",-18,26.5
"57",-18,25.5
"57",-18,24.5
"57",-18,23.5
"57",-18,22.5
"57",-18,21.5
"57",-18,20.5
"57",-18,19.5
"57",-18,18.5
"57",-18,17.5
"57",-18,16.5
"57",-18,15.5
"57",-18,14.5
"57",-18,13.5
"57",-18,12.5
"57",-18,11.5
"57",-18,10.5
"57",-18,9.5
"57",-18,8.5
"57",-18,7.5
"57",-18,6.5
"57",-18,5.5
"57",-18,4.5
"57",-18,3.5
"57",-18,2.5
"57",-18,1.5
"57",-18,0.5
"57",-18,-0.5
"57",-18,-1.5
"57",-17,-2.5
"57",-16,-3.5
"57",-16,-4.5
"57",-16,-5.5
"57",-16,-6.5
"57",-16,-7.5
"57",-16,-8.5
"57",-16,-9.5
"57",-16,-10.5
"57",-16,-11.5
"57",-16,-12.5
"57",-16,-13.5
"57",-16,-14.5
"57",-16,-15.5
"57",-16,-16.5
"57",-16,-17.5
"57",-16,-18.5
"57",-16,-19.5
"57",-16,-20.5
"57",-16,-21.5
"57",-16,-22.5
"57",-16,-23.5
"57",-16,-24.5
"57",-16,-25.5
"57",-16,-26.5
"57",-16,-27.5
"57",-16,-28.5
"57",-16,-29.5
"57",-16,-30.5
"57",-16,-31.5
"57",-16,-32.5
"57",-16,-33.5
"57",-16,-34.5
"57",-16,-35.5
"57",-16,-36.5
"57",-16,-37.5
"57",-16,-38.5
"57",-16,-39.5
"57",-16,-40.5
"57",-16,-41.5
"57",-16,-42.5
"57",-16,-43.5
"57",-16,-44.5
"57",-16,-45.5
"57",-16,-46.5
"57",-16,-47.5
"57",-16,-48.5
"57",-16,-49.5
"57",-16,-50.5
"57",-16,-51.5
"57",-16,-52.5
"57",-16,-53.5
"57",-16,-54.5
"57",-16,-55.5
"57",-16,-56.5
"57",-17,-56.5
"57",-18,-57.5
"57",-18,-58.5
"57",-18,-59.5
"57",-18,-60.5
"57",-19,-60.5
"57",-19,-61.5
"57",-19,-62.5
"57",-19,-63.5
"57",-19,-64.5
"57",-20,-65.5
"58",10,76.5
"58",9,76.5
"58",8,76.5
"58",7,76.5
"58",6,75.5
"58",5,75.5
"58",4,75.5
"58",4,74.5
"58",4,73.5
"58",3,72.5
"58",2,71.5
"58",1,70.5
"58",0,69.5
"58",-1,69.5
"58",-2,69.5
"58",-3,68.5
"58",-4,68.5
"58",-5,67.5
"58",-6,67.5
"58",-7,67.5
"58",-7,66.5
"58",-7,65.5
"58",-7,64.5
"58",-7,63.5
"58",-7,62.5
"58",-8,62.5
"58",-9,61.5
"58",-10,60.5
"58",-11,59.5
"58",-11,58.5
"58",-11,57.5
"58",-12,57.5
"58",-12,56.5
"58",-12,55.5
"58",-12,54.5
"58",-12,53.5
"58",-12,52.5
"58",-12,51.5
"58",-13,50.5
"58",-13,49.5
"58",-13,48.5
"58",-13,47.5
"58",-13,46.5
"58",-13,45.5
"58",-13,44.5
"58",-14,44.5
"58",-15,43.5
"58",-16,43.5
"58",-17,43.5
"58",-18,42.5
"58",-18,41.5
"58",-18,40.5
"58",-18,39.5
"58",-18,38.5
"58",-18,37.5
"58",-18,36.5
"58",-18,35.5
"58",-18,34.5
"58",-18,33.5
"58",-18,32.5
"58",-18,31.5
"58",-18,30.5
"58",-18,29.5
"58",-18,28.5
"58",-18,27.5
"58",-18,26.5
"58",-18,25.5
"58",-18,24.5
"58",-18,23.5
"58",-18,22.5
"58",-18,21.5
"58",-18,20.5
"58",-18,19.5
"58",-18,18.5
"58",-18,17.5
"58",-18,16.5
"58",-18,15.5
"58",-18,14.5
"58",-18,13.5
"58",-18,12.5
"58",-18,11.5
"58",-18,10.5
"58",-18,9.5
"58",-17,8.5
"58",-16,8.5
"58",-16,7.5
"58",-16,6.5
"58",-16,5.5
"58",-16,4.5
"58",-16,3.5
"58",-16,2.5
"58",-16,1.5
"58",-16,0.5
"58",-16,-0.5
"58",-16,-1.5
"58",-16,-2.5
"58",-16,-3.5
"58",-16,-4.5
"58",-16,-5.5
"58",-16,-6.5
"58",-16,-7.5
"58",-16,-8.5
"58",-16,-9.5
"58",-16,-10.5
"58",-16,-11.5
"58",-16,-12.5
"58",-16,-13.5
"58",-16,-14.5
"58",-16,-15.5
"58",-16,-16.5
"58",-16,-17.5
"58",-16,-18.5
"58",-16,-19.5
"58",-16,-20.5
"58",-16,-21.5
"58",-16,-22.5
"58",-16,-23.5
"58",-16,-24.5
"58",-16,-25.5
"58",-16,-26.5
"58",-16,-27.5
"58",-16,-28.5
"58",-16,-29.5
"58",-16,-30.5
"58",-16,-31.5
"58",-16,-32.5
"58",-16,-33.5
"58",-16,-34.5
"58",-16,-35.5
"58",-16,-36.5
"58",-16,-37.5
"58",-17,-38.5
"58",-18,-38.5
"58",-18,-39.5
"58",-18,-40.5
"58",-18,-41.5
"58",-18,-42.5
"58",-18,-43.5
"58",-18,-44.5
"58",-18,-45.5
"58",-18,-46.5
"58",-18,-47.5
"58",-18,-48.5
"58",-18,-49.5
"58",-17,-50.5
"58",-16,-50.5
"58",-16,-51.5
"58",-16,-52.5
"58",-16,-53.5
"58",-16,-54.5
"58",-16,-55.5
"58",-16,-56.5
"58",-17,-56.5
"58",-18,-57.5
"58",-18,-58.5
"58",-18,-59.5
"58",-18,-60.5
"58",-19,-60.5
"58",-19,-61.5
"58",-19,-62.5
"58",-19,-63.5
"58",-19,-64.5
"58",-20,-65.5
"59",10,76.5
"59",9,76.5
"59",8,76.5
"59",7,76.5
"59",6,75.5
"59",5,75.5
"59",4,75.5
"59",3,75.5
"59",2,75.5
"59",1,75.5
"59",0,74.5
"59",-1,74.5
"59",-1,73.5
"59",-1,72.5
"59",-1,71.5
"59",-1,70.5
"59",-1,69.5
"59",-2,69.5
"59",-3,68.5
"59",-4,68.5
"59",-5,67.5
"59",-6,67.5
"59",-7,67.5
"59",-7,66.5
"59",-7,65.5
"59",-7,64.5
"59",-7,63.5
"59",-7,62.5
"59",-8,62.5
"59",-9,61.5
"59",-10,60.5
"59",-11,59.5
"59",-11,58.5
"59",-11,57.5
"59",-12,57.5
"59",-12,56.5
"59",-12,55.5
"59",-12,54.5
"59",-12,53.5
"59",-12,52.5
"59",-12,51.5
"59",-12,50.5
"59",-13,49.5
"59",-13,48.5
"59",-13,47.5
"59",-13,46.5
"59",-13,45.5
"59",-13,44.5
"59",-14,44.5
"59",-15,43.5
"59",-16,43.5
"59",-17,43.5
"59",-18,42.5
"59",-18,41.5
"59",-18,40.5
"59",-18,39.5
"59",-18,38.5
"59",-18,37.5
"59",-18,36.5
"59",-18,35.5
"59",-18,34.5
"59",-18,33.5
"59",-18,32.5
"59",-18,31.5
"59",-18,30.5
"59",-18,29.5
"59",-18,28.5
"59",-18,27.5
"59",-18,26.5
"59",-18,25.5
"59",-18,24.5
"59",-18,23.5
"59",-18,22.5
"59",-18,21.5
"59",-18,20.5
"59",-18,19.5
"59",-18,18.5
"59",-18,17.5
"59",-18,16.5
"59",-18,15.5
"59",-18,14.5
"59",-18,13.5
"59",-18,12.5
"59",-18,11.5
"59",-18,10.5
"59",-18,9.5
"59",-18,8.5
"59",-18,7.5
"59",-18,6.5
"59",-18,5.5
"59",-18,4.5
"59",-18,3.5
"59",-17,2.5
"59",-16,2.5
"59",-16,1.5
"59",-16,0.5
"59",-16,-0.5
"59",-16,-1.5
"59",-16,-2.5
"59",-16,-3.5
"59",-16,-4.5
"59",-16,-5.5
"59",-16,-6.5
"59",-16,-7.5
"59",-16,-8.5
"59",-16,-9.5
"59",-16,-10.5
"59",-16,-11.5
"59",-16,-12.5
"59",-16,-13.5
"59",-16,-14.5
"59",-16,-15.5
"59",-16,-16.5
"59",-16,-17.5
"59",-16,-18.5
"59",-16,-19.5
"59",-16,-20.5
"59",-16,-21.5
"59",-16,-22.5
"59",-16,-23.5
"59",-16,-24.5
"59",-16,-25.5
"59",-16,-26.5
"59",-16,-27.5
"59",-16,-28.5
"59",-16,-29.5
"59",-16,-30.5
"59",-16,-31.5
"59",-16,-32.5
"59",-16,-33.5
"59",-16,-34.5
"59",-16,-35.5
"59",-16,-36.5
"59",-16,-37.5
"59",-17,-38.5
"59",-18,-38.5
"59",-18,-39.5
"59",-18,-40.5
"59",-18,-41.5
"59",-18,-42.5
"59",-18,-43.5
"59",-18,-44.5
"59",-18,-45.5
"59",-18,-46.5
"59",-18,-47.5
"59",-18,-48.5
"59",-18,-49.5
"59",-17,-50.5
"59",-16,-50.5
"59",-16,-51.5
"59",-16,-52.5
"59",-16,-53.5
"59",-16,-54.5
"59",-16,-55.5
"59",-16,-56.5
"59",-17,-56.5
"59",-18,-57.5
"59",-18,-58.5
"59",-18,-59.5
"59",-18,-60.5
"59",-19,-60.5
"59",-19,-61.5
"59",-19,-62.5
"59",-19,-63.5
"59",-19,-64.5
"59",-20,-65.5
"60",10,76.5
"60",9,76.5
"60",8,76.5
"60",7,75.5
"60",6,74.5
"60",5,73.5
"60",4,72.5
"60",3,71.5
"60",2,70.5
"60",1,69.5
"60",1,68.5
"60",1,67.5
"60",1,66.5
"60",0,65.5
"60",-1,64.5
"60",-2,63.5
"60",-3,62.5
"60",-4,61.5
"60",-5,60.5
"60",-6,59.5
"60",-7,58.5
"60",-8,57.5
"60",-9,56.5
"60",-10,55.5
"60",-11,54.5
"60",-12,53.5
"60",-13,52.5
"60",-14,51.5
"60",-14,50.5
"60",-14,49.5
"60",-14,48.5
"60",-14,47.5
"60",-14,46.5
"60",-14,45.5
"60",-14,44.5
"60",-14,43.5
"60",-14,42.5
"60",-14,41.5
"60",-14,40.5
"60",-14,39.5
"60",-14,38.5
"60",-14,37.5
"60",-14,36.5
"60",-14,35.5
"60",-14,34.5
"60",-14,33.5
"60",-14,32.5
"60",-14,31.5
"60",-14,30.5
"60",-14,29.5
"60",-15,28.5
"60",-16,27.5
"60",-16,26.5
"60",-17,25.5
"60",-18,24.5
"60",-18,23.5
"60",-18,22.5
"60",-18,21.5
"60",-18,20.5
"60",-18,19.5
"60",-18,18.5
"60",-18,17.5
"60",-18,16.5
"60",-18,15.5
"60",-18,14.5
"60",-18,13.5
"60",-18,12.5
"60",-18,11.5
"60",-18,10.5
"60",-18,9.5
"60",-18,8.5
"60",-18,7.5
"60",-18,6.5
"60",-18,5.5
"60",-18,4.5
"60",-18,3.5
"60",-18,2.5
"60",-18,1.5
"60",-18,0.5
"60",-18,-0.5
"60",-18,-1.5
"60",-18,-2.5
"60",-18,-3.5
"60",-18,-4.5
"60",-18,-5.5
"60",-18,-6.5
"60",-18,-7.5
"60",-18,-8.5
"60",-18,-9.5
"60",-18,-10.5
"60",-18,-11.5
"60",-18,-12.5
"60",-18,-13.5
"60",-18,-14.5
"60",-18,-15.5
"60",-18,-16.5
"60",-18,-17.5
"60",-18,-18.5
"60",-18,-19.5
"60",-18,-20.5
"60",-18,-21.5
"60",-18,-22.5
"60",-18,-23.5
"60",-18,-24.5
"60",-18,-25.5
"60",-18,-26.5
"60",-18,-27.5
"60",-19,-28.5
"60",-19,-29.5
"60",-19,-30.5
"60",-19,-31.5
"60",-19,-32.5
"60",-19,-33.5
"60",-19,-34.5
"60",-19,-35.5
"60",-19,-36.5
"60",-19,-37.5
"60",-19,-38.5
"60",-19,-39.5
"60",-19,-40.5
"60",-19,-41.5
"60",-19,-42.5
"60",-19,-43.5
"60",-19,-44.5
"60",-19,-45.5
"60",-19,-46.5
"60",-19,-47.5
"60",-19,-48.5
"60",-19,-49.5
"60",-19,-50.5
"60",-19,-51.5
"60",-19,-52.5
"60",-19,-53.5
"60",-19,-54.5
"60",-19,-55.5
"60",-19,-56.5
"60",-19,-57.5
"60",-19,-58.5
"60",-19,-59.5
"60",-19,-60.5
"60",-19,-61.5
"60",-19,-62.5
"60",-19,-63.5
"60",-19,-64.5
"60",-20,-65.5
"61",10,76.5
"61",9,76.5
"61",8,76.5
"61",7,76.5
"61",6,76.5
"61",5,76.5
"61",4,76.5
"61",3,76.5
"61",2,76.5
"61",1,76.5
"61",0,76.5
"61",-1,76.5
"61",-1,75.5
"61",-1,74.5
"61",-1,73.5
"61",-1,72.5
"61",-1,71.5
"61",-1,70.5
"61",-2,69.5
"61",-3,68.5
"61",-4,68.5
"61",-5,67.5
"61",-6,67.5
"61",-7,67.5
"61",-7,66.5
"61",-7,65.5
"61",-7,64.5
"61",-7,63.5
"61",-7,62.5
"61",-8,61.5
"61",-9,60.5
"61",-10,59.5
"61",-11,58.5
"61",-12,57.5
"61",-13,56.5
"61",-13,55.5
"61",-13,54.5
"61",-14,53.5
"61",-15,52.5
"61",-16,51.5
"61",-17,50.5
"61",-18,49.5
"61",-18,48.5
"61",-18,47.5
"61",-18,46.5
"61",-18,45.5
"61",-18,44.5
"61",-18,43.5
"61",-18,42.5
"61",-18,41.5
"61",-18,40.5
"61",-18,39.5
"61",-18,38.5
"61",-18,37.5
"61",-18,36.5
"61",-18,35.5
"61",-18,34.5
"61",-18,33.5
"61",-18,32.5
"61",-18,31.5
"61",-18,30.5
"61",-18,29.5
"61",-18,28.5
"61",-18,27.5
"61",-18,26.5
"61",-18,25.5
"61",-18,24.5
"61",-18,23.5
"61",-18,22.5
"61",-18,21.5
"61",-18,20.5
"61",-18,19.5
"61",-18,18.5
"61",-18,17.5
"61",-18,16.5
"61",-18,15.5
"61",-18,14.5
"61",-18,13.5
"61",-18,12.5
"61",-18,11.5
"61",-18,10.5
"61",-18,9.5
"61",-18,8.5
"61",-18,7.5
"61",-18,6.5
"61",-18,5.5
"61",-18,4.5
"61",-18,3.5
"61",-18,2.5
"61",-18,1.5
"61",-18,0.5
"61",-18,-0.5
"61",-18,-1.5
"61",-18,-2.5
"61",-17,-3.5
"61",-16,-4.5
"61",-16,-5.5
"61",-16,-6.5
"61",-16,-7.5
"61",-16,-8.5
"61",-16,-9.5
"61",-16,-10.5
"61",-16,-11.5
"61",-16,-12.5
"61",-16,-13.5
"61",-16,-14.5
"61",-16,-15.5
"61",-16,-16.5
"61",-16,-17.5
"61",-16,-18.5
"61",-16,-19.5
"61",-16,-20.5
"61",-16,-21.5
"61",-16,-22.5
"61",-16,-23.5
"61",-16,-24.5
"61",-16,-25.5
"61",-16,-26.5
"61",-16,-27.5
"61",-16,-28.5
"61",-16,-29.5
"61",-16,-30.5
"61",-16,-31.5
"61",-16,-32.5
"61",-16,-33.5
"61",-16,-34.5
"61",-16,-35.5
"61",-16,-36.5
"61",-16,-37.5
"61",-16,-38.5
"61",-16,-39.5
"61",-16,-40.5
"61",-16,-41.5
"61",-16,-42.5
"61",-16,-43.5
"61",-16,-44.5
"61",-16,-45.5
"61",-16,-46.5
"61",-16,-47.5
"61",-16,-48.5
"61",-16,-49.5
"61",-16,-50.5
"61",-16,-51.5
"61",-16,-52.5
"61",-16,-53.5
"61",-16,-54.5
"61",-16,-55.5
"61",-16,-56.5
"61",-17,-56.5
"61",-18,-57.5
"61",-18,-58.5
"61",-18,-59.5
"61",-18,-60.5
"61",-19,-60.5
"61",-19,-61.5
"61",-19,-62.5
"61",-19,-63.5
"61",-19,-64.5
"61",-20,-65.5
"62",10,76.5
"62",9,76.5
"62",8,76.5
"62",7,76.5
"62",6,76.5
"62",5,76.5
"62",4,76.5
"62",3,76.5
"62",2,76.5
"62",1,76.5
"62",0,76.5
"62",-1,76.5
"62",-1,75.5
"62",-1,74.5
"62",-1,73.5
"62",-1,72.5
"62",-1,71.5
"62",-1,70.5
"62",-1,69.5
"62",-2,69.5
"62",-3,68.5
"62",-4,68.5
"62",-5,67.5
"62",-6,67.5
"62",-7,67.5
"62",-7,66.5
"62",-7,65.5
"62",-7,64.5
"62",-7,63.5
"62",-7,62.5
"62",-8,62.5
"62",-9,61.5
"62",-10,60.5
"62",-11,59.5
"62",-11,58.5
"62",-11,57.5
"62",-12,57.5
"62",-12,56.5
"62",-12,55.5
"62",-12,54.5
"62",-12,53.5
"62",-12,52.5
"62",-12,51.5
"62",-12,50.5
"62",-13,49.5
"62",-13,48.5
"62",-13,47.5
"62",-13,46.5
"62",-13,45.5
"62",-13,44.5
"62",-14,44.5
"62",-15,43.5
"62",-16,43.5
"62",-17,43.5
"62",-18,42.5
"62",-18,41.5
"62",-18,40.5
"62",-18,39.5
"62",-18,38.5
"62",-18,37.5
"62",-18,36.5
"62",-18,35.5
"62",-18,34.5
"62",-18,33.5
"62",-18,32.5
"62",-18,31.5
"62",-18,30.5
"62",-18,29.5
"62",-18,28.5
"62",-18,27.5
"62",-18,26.5
"62",-18,25.5
"62",-18,24.5
"62",-18,23.5
"62",-18,22.5
"62",-18,21.5
"62",-18,20.5
"62",-18,19.5
"62",-18,18.5
"62",-18,17.5
"62",-18,16.5
"62",-18,15.5
"62",-18,14.5
"62",-18,13.5
"62",-18,12.5
"62",-18,11.5
"62",-18,10.5
"62",-18,9.5
"62",-18,8.5
"62",-18,7.5
"62",-18,6.5
"62",-18,5.5
"62",-18,4.5
"62",-18,3.5
"62",-17,2.5
"62",-16,2.5
"62",-16,1.5
"62",-16,0.5
"62",-16,-0.5
"62",-16,-1.5
"62",-16,-2.5
"62",-16,-3.5
"62",-16,-4.5
"62",-16,-5.5
"62",-16,-6.5
"62",-16,-7.5
"62",-16,-8.5
"62",-16,-9.5
"62",-16,-10.5
"62",-16,-11.5
"62",-16,-12.5
"62",-16,-13.5
"62",-16,-14.5
"62",-16,-15.5
"62",-16,-16.5
"62",-16,-17.5
"62",-16,-18.5
"62",-16,-19.5
"62",-16,-20.5
"62",-16,-21.5
"62",-16,-22.5
"62",-16,-23.5
"62",-16,-24.5
"62",-16,-25.5
"62",-16,-26.5
"62",-16,-27.5
"62",-16,-28.5
"62",-16,-29.5
"62",-16,-30.5
"62",-16,-31.5
"62",-16,-32.5
"62",-16,-33.5
"62",-16,-34.5
"62",-16,-35.5
"62",-16,-36.5
"62",-16,-37.5
"62",-17,-38.5
"62",-18,-38.5
"62",-18,-39.5
"62",-18,-40.5
"62",-18,-41.5
"62",-18,-42.5
"62",-18,-43.5
"62",-18,-44.5
"62",-18,-45.5
"62",-18,-46.5
"62",-18,-47.5
"62",-18,-48.5
"62",-18,-49.5
"62",-17,-50.5
"62",-16,-50.5
"62",-16,-51.5
"62",-16,-52.5
"62",-16,-53.5
"62",-16,-54.5
"62",-16,-55.5
"62",-16,-56.5
"62",-17,-56.5
"62",-18,-57.5
"62",-18,-58.5
"62",-18,-59.5
"62",-18,-60.5
"62",-19,-60.5
"62",-19,-61.5
"62",-19,-62.5
"62",-19,-63.5
"62",-19,-64.5
"62",-20,-65.5
"63",10,76.5
"63",9,76.5
"63",8,76.5
"63",7,76.5
"63",6,76.5
"63",5,76.5
"63",4,76.5
"63",3,76.5
"63",2,76.5
"63",1,76.5
"63",0,76.5
"63",-1,76.5
"63",-2,76.5
"63",-3,76.5
"63",-4,76.5
"63",-5,76.5
"63",-6,76.5
"63",-7,76.5
"63",-8,76.5
"63",-9,76.5
"63",-9,75.5
"63",-9,74.5
"63",-9,73.5
"63",-9,72.5
"63",-9,71.5
"63",-9,70.5
"63",-10,69.5
"63",-11,68.5
"63",-12,67.5
"63",-13,66.5
"63",-13,65.5
"63",-13,64.5
"63",-13,63.5
"63",-13,62.5
"63",-13,61.5
"63",-13,60.5
"63",-14,59.5
"63",-15,58.5
"63",-16,57.5
"63",-16,56.5
"63",-16,55.5
"63",-16,54.5
"63",-16,53.5
"63",-16,52.5
"63",-16,51.5
"63",-16,50.5
"63",-16,49.5
"63",-16,48.5
"63",-16,47.5
"63",-16,46.5
"63",-16,45.5
"63",-16,44.5
"63",-16,43.5
"63",-16,42.5
"63",-16,41.5
"63",-16,40.5
"63",-16,39.5
"63",-16,38.5
"63",-16,37.5
"63",-16,36.5
"63",-16,35.5
"63",-16,34.5
"63",-16,33.5
"63",-16,32.5
"63",-16,31.5
"63",-16,30.5
"63",-16,29.5
"63",-16,28.5
"63",-16,27.5
"63",-16,26.5
"63",-17,25.5
"63",-18,24.5
"63",-18,23.5
"63",-18,22.5
"63",-18,21.5
"63",-18,20.5
"63",-18,19.5
"63",-18,18.5
"63",-18,17.5
"63",-18,16.5
"63",-18,15.5
"63",-18,14.5
"63",-18,13.5
"63",-18,12.5
"63",-18,11.5
"63",-18,10.5
"63",-18,9.5
"63",-18,8.5
"63",-18,7.5
"63",-18,6.5
"63",-18,5.5
"63",-18,4.5
"63",-18,3.5
"63",-18,2.5
"63",-18,1.5
"63",-18,0.5
"63",-18,-0.5
"63",-18,-1.5
"63",-18,-2.5
"63",-18,-3.5
"63",-18,-4.5
"63",-18,-5.5
"63",-18,-6.5
"63",-18,-7.5
"63",-18,-8.5
"63",-18,-9.5
"63",-18,-10.5
"63",-18,-11.5
"63",-18,-12.5
"63",-18,-13.5
"63",-18,-14.5
"63",-18,-15.5
"63",-18,-16.5
"63",-18,-17.5
"63",-18,-18.5
"63",-18,-19.5
"63",-18,-20.5
"63",-18,-21.5
"63",-18,-22.5
"63",-18,-23.5
"63",-18,-24.5
"63",-18,-25.5
"63",-18,-26.5
"63",-18,-27.5
"63",-18,-28.5
"63",-18,-29.5
"63",-18,-30.5
"63",-18,-31.5
"63",-18,-32.5
"63",-18,-33.5
"63",-18,-34.5
"63",-18,-35.5
"63",-18,-36.5
"63",-18,-37.5
"63",-18,-38.5
"63",-18,-39.5
"63",-18,-40.5
"63",-18,-41.5
"63",-18,-42.5
"63",-18,-43.5
"63",-18,-44.5
"63",-18,-45.5
"63",-18,-46.5
"63",-18,-47.5
"63",-18,-48.5
"63",-18,-49.5
"63",-18,-50.5
"63",-18,-51.5
"63",-18,-52.5
"63",-18,-53.5
"63",-18,-54.5
"63",-18,-55.5
"63",-18,-56.5
"63",-18,-57.5
"63",-18,-58.5
"63",-18,-59.5
"63",-18,-60.5
"63",-18,-61.5
"63",-18,-62.5
"63",-18,-63.5
"63",-19,-64.5
"63",-20,-65.5
"64",10,76.5
"64",9,76.5
"64",8,76.5
"64",7,76.5
"64",6,76.5
"64",5,76.5
"64",4,76.5
"64",3,76.5
"64",2,76.5
"64",1,76.5
"64",0,76.5
"64",-1,76.5
"64",-2,76.5
"64",-3,76.5
"64",-4,76.5
"64",-5,76.5
"64",-6,76.5
"64",-7,76.5
"64",-8,76.5
"64",-9,76.5
"64",-10,76.5
"64",-11,76.5
"64",-11,75.5
"64",-11,74.5
"64",-11,73.5
"64",-11,72.5
"64",-11,71.5
"64",-11,70.5
"64",-11,69.5
"64",-11,68.5
"64",-11,67.5
"64",-11,66.5
"64",-11,65.5
"64",-11,64.5
"64",-11,63.5
"64",-11,62.5
"64",-11,61.5
"64",-11,60.5
"64",-12,59.5
"64",-13,58.5
"64",-14,57.5
"64",-15,56.5
"64",-15,55.5
"64",-15,54.5
"64",-15,53.5
"64",-16,52.5
"64",-17,51.5
"64",-18,50.5
"64",-18,49.5
"64",-18,48.5
"64",-18,47.5
"64",-18,46.5
"64",-18,45.5
"64",-18,44.5
"64",-18,43.5
"64",-18,42.5
"64",-18,41.5
"64",-18,40.5
"64",-18,39.5
"64",-18,38.5
"64",-18,37.5
"64",-18,36.5
"64",-18,35.5
"64",-18,34.5
"64",-18,33.5
"64",-18,32.5
"64",-18,31.5
"64",-18,30.5
"64",-18,29.5
"64",-18,28.5
"64",-18,27.5
"64",-18,26.5
"64",-18,25.5
"64",-18,24.5
"64",-18,23.5
"64",-18,22.5
"64",-18,21.5
"64",-18,20.5
"64",-18,19.5
"64",-18,18.5
"64",-18,17.5
"64",-18,16.5
"64",-18,15.5
"64",-18,14.5
"64",-18,13.5
"64",-18,12.5
"64",-18,11.5
"64",-18,10.5
"64",-18,9.5
"64",-18,8.5
"64",-18,7.5
"64",-18,6.5
"64",-18,5.5
"64",-18,4.5
"64",-18,3.5
"64",-18,2.5
"64",-18,1.5
"64",-18,0.5
"64",-18,-0.5
"64",-18,-1.5
"64",-17,-2.5
"64",-16,-3.5
"64",-16,-4.5
"64",-16,-5.5
"64",-16,-6.5
"64",-16,-7.5
"64",-16,-8.5
"64",-16,-9.5
"64",-16,-10.5
"64",-16,-11.5
"64",-16,-12.5
"64",-16,-13.5
"64",-16,-14.5
"64",-16,-15.5
"64",-16,-16.5
"64",-16,-17.5
"64",-16,-18.5
"64",-16,-19.5
"64",-16,-20.5
"64",-16,-21.5
"64",-16,-22.5
"64",-16,-23.5
"64",-16,-24.5
"64",-16,-25.5
"64",-16,-26.5
"64",-16,-27.5
"64",-16,-28.5
"64",-16,-29.5
"64",-16,-30.5
"64",-16,-31.5
"64",-16,-32.5
"64",-16,-33.5
"64",-16,-34.5
"64",-16,-35.5
"64",-16,-36.5
"64",-16,-37.5
"64",-16,-38.5
"64",-16,-39.5
"64",-16,-40.5
"64",-16,-41.5
"64",-16,-42.5
"64",-16,-43.5
"64",-16,-44.5
"64",-16,-45.5
"64",-16,-46.5
"64",-16,-47.5
"64",-16,-48.5
"64",-16,-49.5
"64",-16,-50.5
"64",-16,-51.5
"64",-16,-52.5
"64",-16,-53.5
"64",-16,-54.5
"64",-16,-55.5
"64",-16,-56.5
"64",-17,-56.5
"64",-18,-57.5
"64",-18,-58.5
"64",-18,-59.5
"64",-18,-60.5
"64",-19,-60.5
"64",-19,-61.5
"64",-19,-62.5
"64",-19,-63.5
"64",-19,-64.5
"64",-20,-65.5
"65",10,76.5
"65",9,76.5
"65",8,76.5
"65",7,76.5
"65",6,76.5
"65",5,76.5
"65",4,76.5
"65",3,76.5
"65",2,76.5
"65",1,76.5
"65",0,76.5
"65",-1,76.5
"65",-2,76.5
"65",-3,76.5
"65",-4,76.5
"65",-5,76.5
"65",-6,76.5
"65",-7,76.5
"65",-8,76.5
"65",-9,76.5
"65",-10,76.5
"65",-11,76.5
"65",-11,75.5
"65",-11,74.5
"65",-11,73.5
"65",-11,72.5
"65",-11,71.5
"65",-11,70.5
"65",-11,69.5
"65",-11,68.5
"65",-11,67.5
"65",-11,66.5
"65",-11,65.5
"65",-11,64.5
"65",-11,63.5
"65",-11,62.5
"65",-11,61.5
"65",-11,60.5
"65",-11,59.5
"65",-11,58.5
"65",-11,57.5
"65",-12,57.5
"65",-13,56.5
"65",-13,55.5
"65",-13,54.5
"65",-13,53.5
"65",-13,52.5
"65",-13,51.5
"65",-13,50.5
"65",-13,49.5
"65",-13,48.5
"65",-13,47.5
"65",-13,46.5
"65",-13,45.5
"65",-13,44.5
"65",-14,44.5
"65",-15,43.5
"65",-16,43.5
"65",-17,43.5
"65",-18,42.5
"65",-18,41.5
"65",-18,40.5
"65",-18,39.5
"65",-18,38.5
"65",-18,37.5
"65",-18,36.5
"65",-18,35.5
"65",-18,34.5
"65",-18,33.5
"65",-18,32.5
"65",-18,31.5
"65",-18,30.5
"65",-18,29.5
"65",-18,28.5
"65",-18,27.5
"65",-18,26.5
"65",-18,25.5
"65",-18,24.5
"65",-18,23.5
"65",-18,22.5
"65",-18,21.5
"65",-18,20.5
"65",-18,19.5
"65",-18,18.5
"65",-18,17.5
"65",-18,16.5
"65",-18,15.5
"65",-18,14.5
"65",-18,13.5
"65",-18,12.5
"65",-18,11.5
"65",-18,10.5
"65",-18,9.5
"65",-18,8.5
"65",-17,7.5
"65",-16,6.5
"65",-16,5.5
"65",-16,4.5
"65",-16,3.5
"65",-16,2.5
"65",-16,1.5
"65",-16,0.5
"65",-16,-0.5
"65",-16,-1.5
"65",-16,-2.5
"65",-16,-3.5
"65",-16,-4.5
"65",-16,-5.5
"65",-16,-6.5
"65",-16,-7.5
"65",-16,-8.5
"65",-16,-9.5
"65",-16,-10.5
"65",-16,-11.5
"65",-16,-12.5
"65",-16,-13.5
"65",-16,-14.5
"65",-16,-15.5
"65",-16,-16.5
"65",-16,-17.5
"65",-16,-18.5
"65",-16,-19.5
"65",-16,-20.5
"65",-16,-21.5
"65",-16,-22.5
"65",-16,-23.5
"65",-16,-24.5
"65",-16,-25.5
"65",-16,-26.5
"65",-16,-27.5
"65",-16,-28.5
"65",-16,-29.5
"65",-16,-30.5
"65",-16,-31.5
"65",-16,-32.5
"65",-16,-33.5
"65",-16,-34.5
"65",-16,-35.5
"65",-16,-36.5
"65",-16,-37.5
"65",-16,-38.5
"65",-16,-39.5
"65",-16,-40.5
"65",-16,-41.5
"65",-16,-42.5
"65",-16,-43.5
"65",-16,-44.5
"65",-16,-45.5
"65",-16,-46.5
"65",-16,-47.5
"65",-16,-48.5
"65",-16,-49.5
"65",-16,-50.5
"65",-16,-51.5
"65",-16,-52.5
"65",-16,-53.5
"65",-16,-54.5
"65",-16,-55.5
"65",-16,-56.5
"65",-17,-56.5
"65",-18,-57.5
"65",-18,-58.5
"65",-18,-59.5
"65",-18,-60.5
"65",-19,-60.5
"65",-19,-61.5
"65",-19,-62.5
"65",-19,-63.5
"65",-19,-64.5
"65",-20,-65.5
"66",10,76.5
"66",9,76.5
"66",8,76.5
"66",7,76.5
"66",6,76.5
"66",5,76.5
"66",4,76.5
"66",3,76.5
"66",2,76.5
"66",1,76.5
"66",0,76.5
"66",-1,76.5
"66",-2,76.5
"66",-3,76.5
"66",-4,76.5
"66",-5,76.5
"66",-6,76.5
"66",-7,76.5
"66",-8,76.5
"66",-9,76.5
"66",-10,76.5
"66",-11,76.5
"66",-12,76.5
"66",-13,76.5
"66",-13,75.5
"66",-13,74.5
"66",-13,73.5
"66",-13,72.5
"66",-13,71.5
"66",-13,70.5
"66",-13,69.5
"66",-13,68.5
"66",-13,67.5
"66",-13,66.5
"66",-13,65.5
"66",-13,64.5
"66",-13,63.5
"66",-13,62.5
"66",-13,61.5
"66",-14,60.5
"66",-15,59.5
"66",-16,58.5
"66",-16,57.5
"66",-16,56.5
"66",-16,55.5
"66",-16,54.5
"66",-16,53.5
"66",-16,52.5
"66",-16,51.5
"66",-16,50.5
"66",-16,49.5
"66",-16,48.5
"66",-16,47.5
"66",-16,46.5
"66",-16,45.5
"66",-16,44.5
"66",-16,43.5
"66",-16,42.5
"66",-16,41.5
"66",-16,40.5
"66",-16,39.5
"66",-16,38.5
"66",-16,37.5
"66",-16,36.5
"66",-16,35.5
"66",-16,34.5
"66",-16,33.5
"66",-16,32.5
"66",-16,31.5
"66",-16,30.5
"66",-16,29.5
"66",-16,28.5
"66",-16,27.5
"66",-16,26.5
"66",-17,25.5
"66",-18,24.5
"66",-18,23.5
"66",-18,22.5
"66",-18,21.5
"66",-18,20.5
"66",-18,19.5
"66",-18,18.5
"66",-18,17.5
"66",-18,16.5
"66",-18,15.5
"66",-18,14.5
"66",-18,13.5
"66",-18,12.5
"66",-18,11.5
"66",-18,10.5
"66",-18,9.5
"66",-18,8.5
"66",-18,7.5
"66",-18,6.5
"66",-18,5.5
"66",-18,4.5
"66",-18,3.5
"66",-18,2.5
"66",-18,1.5
"66",-18,0.5
"66",-18,-0.5
"66",-18,-1.5
"66",-18,-2.5
"66",-18,-3.5
"66",-18,-4.5
"66",-18,-5.5
"66",-18,-6.5
"66",-18,-7.5
"66",-18,-8.5
"66",-18,-9.5
"66",-18,-10.5
"66",-18,-11.5
"66",-18,-12.5
"66",-18,-13.5
"66",-18,-14.5
"66",-18,-15.5
"66",-18,-16.5
"66",-18,-17.5
"66",-18,-18.5
"66",-18,-19.5
"66",-18,-20.5
"66",-18,-21.5
"66",-18,-22.5
"66",-18,-23.5
"66",-18,-24.5
"66",-18,-25.5
"66",-18,-26.5
"66",-18,-27.5
"66",-18,-28.5
"66",-18,-29.5
"66",-18,-30.5
"66",-18,-31.5
"66",-18,-32.5
"66",-18,-33.5
"66",-18,-34.5
"66",-18,-35.5
"66",-18,-36.5
"66",-18,-37.5
"66",-18,-38.5
"66",-18,-39.5
"66",-18,-40.5
"66",-18,-41.5
"66",-18,-42.5
"66",-18,-43.5
"66",-18,-44.5
"66",-18,-45.5
"66",-18,-46.5
"66",-18,-47.5
"66",-18,-48.5
"66",-18,-49.5
"66",-18,-50.5
"66",-18,-51.5
"66",-18,-52.5
"66",-18,-53.5
"66",-18,-54.5
"66",-18,-55.5
"66",-18,-56.5
"66",-18,-57.5
"66",-18,-58.5
"66",-18,-59.5
"66",-18,-60.5
"66",-18,-61.5
"66",-18,-62.5
"66",-18,-63.5
"66",-19,-64.5
"66",-20,-65.5
"67",10,76.5
"67",9,76.5
"67",8,76.5
"67",7,76.5
"67",6,76.5
"67",5,76.5
"67",4,76.5
"67",3,76.5
"67",2,76.5
"67",1,76.5
"67",0,76.5
"67",-1,76.5
"67",-2,76.5
"67",-3,76.5
"67",-4,76.5
"67",-5,76.5
"67",-6,76.5
"67",-7,76.5
"67",-8,76.5
"67",-9,76.5
"67",-10,76.5
"67",-11,76.5
"67",-11,75.5
"67",-11,74.5
"67",-11,73.5
"67",-11,72.5
"67",-11,71.5
"67",-11,70.5
"67",-11,69.5
"67",-11,68.5
"67",-11,67.5
"67",-11,66.5
"67",-11,65.5
"67",-11,64.5
"67",-11,63.5
"67",-12,63.5
"67",-13,62.5
"67",-14,62.5
"67",-15,61.5
"67",-15,60.5
"67",-15,59.5
"67",-15,58.5
"67",-15,57.5
"67",-15,56.5
"67",-15,55.5
"67",-15,54.5
"67",-15,53.5
"67",-15,52.5
"67",-16,51.5
"67",-17,51.5
"67",-18,50.5
"67",-18,49.5
"67",-18,48.5
"67",-18,47.5
"67",-18,46.5
"67",-18,45.5
"67",-18,44.5
"67",-18,43.5
"67",-18,42.5
"67",-18,41.5
"67",-18,40.5
"67",-18,39.5
"67",-18,38.5
"67",-18,37.5
"67",-18,36.5
"67",-18,35.5
"67",-18,34.5
"67",-18,33.5
"67",-18,32.5
"67",-18,31.5
"67",-18,30.5
"67",-18,29.5
"67",-18,28.5
"67",-18,27.5
"67",-18,26.5
"67",-18,25.5
"67",-18,24.5
"67",-18,23.5
"67",-18,22.5
"67",-18,21.5
"67",-18,20.5
"67",-18,19.5
"67",-18,18.5
"67",-18,17.5
"67",-18,16.5
"67",-18,15.5
"67",-18,14.5
"67",-18,13.5
"67",-18,12.5
"67",-18,11.5
"67",-18,10.5
"67",-18,9.5
"67",-18,8.5
"67",-17,7.5
"67",-16,6.5
"67",-16,5.5
"67",-16,4.5
"67",-16,3.5
"67",-16,2.5
"67",-16,1.5
"67",-16,0.5
"67",-16,-0.5
"67",-16,-1.5
"67",-16,-2.5
"67",-16,-3.5
"67",-16,-4.5
"67",-16,-5.5
"67",-16,-6.5
"67",-16,-7.5
"67",-16,-8.5
"67",-16,-9.5
"67",-16,-10.5
"67",-16,-11.5
"67",-16,-12.5
"67",-16,-13.5
"67",-16,-14.5
"67",-16,-15.5
"67",-16,-16.5
"67",-16,-17.5
"67",-16,-18.5
"67",-16,-19.5
"67",-16,-20.5
"67",-16,-21.5
"67",-16,-22.5
"67",-16,-23.5
"67",-16,-24.5
"67",-16,-25.5
"67",-16,-26.5
"67",-16,-27.5
"67",-16,-28.5
"67",-16,-29.5
"67",-16,-30.5
"67",-16,-31.5
"67",-16,-32.5
"67",-16,-33.5
"67",-16,-34.5
"67",-16,-35.5
"67",-16,-36.5
"67",-16,-37.5
"67",-16,-38.5
"67",-16,-39.5
"67",-16,-40.5
"67",-16,-41.5
"67",-16,-42.5
"67",-16,-43.5
"67",-16,-44.5
"67",-16,-45.5
"67",-16,-46.5
"67",-16,-47.5
"67",-16,-48.5
"67",-16,-49.5
"67",-16,-50.5
"67",-16,-51.5
"67",-16,-52.5
"67",-16,-53.5
"67",-16,-54.5
"67",-16,-55.5
"67",-16,-56.5
"67",-17,-56.5
"67",-18,-57.5
"67",-18,-58.5
"67",-18,-59.5
"67",-18,-60.5
"67",-19,-60.5
"67",-19,-61.5
"67",-19,-62.5
"67",-19,-63.5
"67",-19,-64.5
"67",-20,-65.5
"68",10,76.5
"68",9,76.5
"68",8,76.5
"68",7,76.5
"68",6,76.5
"68",5,76.5
"68",4,76.5
"68",3,76.5
"68",2,76.5
"68",1,76.5
"68",0,76.5
"68",-1,76.5
"68",-2,76.5
"68",-3,76.5
"68",-4,76.5
"68",-5,76.5
"68",-6,76.5
"68",-7,76.5
"68",-8,76.5
"68",-9,76.5
"68",-10,76.5
"68",-11,76.5
"68",-12,76.5
"68",-13,76.5
"68",-13,75.5
"68",-13,74.5
"68",-13,73.5
"68",-13,72.5
"68",-13,71.5
"68",-13,70.5
"68",-13,69.5
"68",-13,68.5
"68",-13,67.5
"68",-13,66.5
"68",-13,65.5
"68",-13,64.5
"68",-14,63.5
"68",-15,63.5
"68",-16,63.5
"68",-17,62.5
"68",-18,61.5
"68",-19,60.5
"68",-20,59.5
"68",-20,58.5
"68",-20,57.5
"68",-20,56.5
"68",-20,55.5
"68",-20,54.5
"68",-20,53.5
"68",-20,52.5
"68",-20,51.5
"68",-20,50.5
"68",-20,49.5
"68",-20,48.5
"68",-20,47.5
"68",-20,46.5
"68",-20,45.5
"68",-20,44.5
"68",-20,43.5
"68",-20,42.5
"68",-20,41.5
"68",-20,40.5
"68",-20,39.5
"68",-20,38.5
"68",-20,37.5
"68",-20,36.5
"68",-20,35.5
"68",-20,34.5
"68",-20,33.5
"68",-20,32.5
"68",-20,31.5
"68",-20,30.5
"68",-20,29.5
"68",-20,28.5
"68",-20,27.5
"68",-20,26.5
"68",-20,25.5
"68",-20,24.5
"68",-20,23.5
"68",-20,22.5
"68",-20,21.5
"68",-20,20.5
"68",-20,19.5
"68",-20,18.5
"68",-20,17.5
"68",-20,16.5
"68",-20,15.5
"68",-20,14.5
"68",-20,13.5
"68",-20,12.5
"68",-20,11.5
"68",-20,10.5
"68",-20,9.5
"68",-20,8.5
"68",-20,7.5
"68",-20,6.5
"68",-20,5.5
"68",-20,4.5
"68",-20,3.5
"68",-20,2.5
"68",-20,1.5
"68",-20,0.5
"68",-20,-0.5
"68",-20,-1.5
"68",-20,-2.5
"68",-20,-3.5
"68",-20,-4.5
"68",-20,-5.5
"68",-20,-6.5
"68",-20,-7.5
"68",-20,-8.5
"68",-20,-9.5
"68",-20,-10.5
"68",-20,-11.5
"68",-20,-12.5
"68",-20,-13.5
"68",-20,-14.5
"68",-20,-15.5
"68",-20,-16.5
"68",-20,-17.5
"68",-20,-18.5
"68",-20,-19.5
"68",-20,-20.5
"68",-20,-21.5
"68",-20,-22.5
"68",-20,-23.5
"68",-20,-24.5
"68",-20,-25.5
"68",-20,-26.5
"68",-20,-27.5
"68",-20,-28.5
"68",-20,-29.5
"68",-20,-30.5
"68",-20,-31.5
"68",-20,-32.5
"68",-20,-33.5
"68",-20,-34.5
"68",-20,-35.5
"68",-20,-36.5
"68",-20,-37.5
"68",-20,-38.5
"68",-20,-39.5
"68",-20,-40.5
"68",-20,-41.5
"68",-20,-42.5
"68",-20,-43.5
"68",-20,-44.5
"68",-20,-45.5
"68",-20,-46.5
"68",-20,-47.5
"68",-20,-48.5
"68",-20,-49.5
"68",-20,-50.5
"68",-20,-51.5
"68",-20,-52.5
"68",-20,-53.5
"68",-20,-54.5
"68",-20,-55.5
"68",-20,-56.5
"68",-20,-57.5
"68",-20,-58.5
"68",-20,-59.5
"68",-20,-60.5
"68",-20,-61.5
"68",-20,-62.5
"68",-20,-63.5
"68",-20,-64.5
"68",-20,-65.5
"69",10,76.5
"69",9,76.5
"69",8,76.5
"69",7,76.5
"69",6,75.5
"69",5,75.5
"69",4,75.5
"69",4,74.5
"69",4,73.5
"69",3,72.5
"69",2,71.5
"69",1,70.5
"69",0,69.5
"69",-1,69.5
"69",-2,69.5
"69",-3,68.5
"69",-4,68.5
"69",-5,67.5
"69",-6,67.5
"69",-7,67.5
"69",-7,66.5
"69",-7,65.5
"69",-7,64.5
"69",-7,63.5
"69",-7,62.5
"69",-8,61.5
"69",-9,60.5
"69",-10,59.5
"69",-11,58.5
"69",-12,57.5
"69",-13,56.5
"69",-13,55.5
"69",-13,54.5
"69",-13,53.5
"69",-13,52.5
"69",-13,51.5
"69",-13,50.5
"69",-13,49.5
"69",-13,48.5
"69",-13,47.5
"69",-13,46.5
"69",-13,45.5
"69",-14,45.5
"69",-15,44.5
"69",-16,44.5
"69",-17,44.5
"69",-18,43.5
"69",-18,42.5
"69",-18,41.5
"69",-18,40.5
"69",-18,39.5
"69",-18,38.5
"69",-18,37.5
"69",-18,36.5
"69",-18,35.5
"69",-18,34.5
"69",-18,33.5
"69",-18,32.5
"69",-18,31.5
"69",-18,30.5
"69",-18,29.5
"69",-18,28.5
"69",-18,27.5
"69",-18,26.5
"69",-18,25.5
"69",-18,24.5
"69",-18,23.5
"69",-18,22.5
"69",-18,21.5
"69",-18,20.5
"69",-18,19.5
"69",-18,18.5
"69",-18,17.5
"69",-18,16.5
"69",-18,15.5
"69",-18,14.5
"69",-18,13.5
"69",-18,12.5
"69",-18,11.5
"69",-18,10.5
"69",-18,9.5
"69",-18,8.5
"69",-18,7.5
"69",-18,6.5
"69",-18,5.5
"69",-18,4.5
"69",-18,3.5
"69",-18,2.5
"69",-18,1.5
"69",-18,0.5
"69",-18,-0.5
"69",-18,-1.5
"69",-18,-2.5
"69",-17,-3.5
"69",-16,-4.5
"69",-16,-5.5
"69",-16,-6.5
"69",-16,-7.5
"69",-16,-8.5
"69",-16,-9.5
"69",-16,-10.5
"69",-16,-11.5
"69",-16,-12.5
"69",-16,-13.5
"69",-16,-14.5
"69",-16,-15.5
"69",-16,-16.5
"69",-16,-17.5
"69",-16,-18.5
"69",-16,-19.5
"69",-16,-20.5
"69",-17,-20.5
"69",-17,-21.5
"69",-17,-22.5
"69",-18,-23.5
"69",-19,-23.5
"69",-20,-24.5
"69",-21,-24.5
"69",-22,-25.5
"69",-23,-26.5
"69",-24,-26.5
"69",-25,-26.5
"69",-26,-26.5
"69",-27,-27.5
"69",-27,-28.5
"69",-27,-29.5
"69",-27,-30.5
"69",-27,-31.5
"69",-27,-32.5
"69",-27,-33.5
"69",-27,-34.5
"69",-27,-35.5
"69",-27,-36.5
"69",-27,-37.5
"69",-27,-38.5
"69",-27,-39.5
"69",-27,-40.5
"69",-27,-41.5
"69",-27,-42.5
"69",-27,-43.5
"69",-27,-44.5
"69",-27,-45.5
"69",-27,-46.5
"69",-27,-47.5
"69",-27,-48.5
"69",-27,-49.5
"69",-27,-50.5
"69",-27,-51.5
"69",-27,-52.5
"69",-27,-53.5
"69",-26,-54.5
"69",-25,-54.5
"69",-25,-55.5
"69",-25,-56.5
"69",-25,-57.5
"69",-25,-58.5
"69",-24,-59.5
"69",-23,-59.5
"69",-22,-59.5
"69",-21,-59.5
"69",-20,-59.5
"69",-19,-60.5
"69",-19,-61.5
"69",-19,-62.5
"69",-19,-63.5
"69",-19,-64.5
"69",-20,-65.5
"70",10,76.5
"70",9,76.5
"70",8,76.5
"70",7,76.5
"70",6,75.5
"70",5,75.5
"70",4,75.5
"70",4,74.5
"70",4,73.5
"70",3,72.5
"70",2,71.5
"70",1,70.5
"70",0,69.5
"70",-1,69.5
"70",-2,69.5
"70",-3,68.5
"70",-4,68.5
"70",-5,67.5
"70",-6,67.5
"70",-7,67.5
"70",-7,66.5
"70",-7,65.5
"70",-7,64.5
"70",-7,63.5
"70",-7,62.5
"70",-8,62.5
"70",-9,61.5
"70",-10,60.5
"70",-11,59.5
"70",-10,58.5
"70",-11,57.5
"70",-12,57.5
"70",-12,56.5
"70",-12,55.5
"70",-12,54.5
"70",-12,53.5
"70",-12,52.5
"70",-12,51.5
"70",-13,50.5
"70",-13,49.5
"70",-13,48.5
"70",-13,47.5
"70",-13,46.5
"70",-13,45.5
"70",-13,44.5
"70",-14,44.5
"70",-15,43.5
"70",-16,43.5
"70",-17,43.5
"70",-18,42.5
"70",-18,41.5
"70",-18,40.5
"70",-18,39.5
"70",-18,38.5
"70",-18,37.5
"70",-18,36.5
"70",-18,35.5
"70",-18,34.5
"70",-18,33.5
"70",-18,32.5
"70",-18,31.5
"70",-18,30.5
"70",-18,29.5
"70",-18,28.5
"70",-18,27.5
"70",-18,26.5
"70",-18,25.5
"70",-18,24.5
"70",-18,23.5
"70",-18,22.5
"70",-18,21.5
"70",-18,20.5
"70",-18,19.5
"70",-18,18.5
"70",-18,17.5
"70",-18,16.5
"70",-18,15.5
"70",-18,14.5
"70",-18,13.5
"70",-18,12.5
"70",-18,11.5
"70",-18,10.5
"70",-18,9.5
"70",-17,8.5
"70",-16,8.5
"70",-16,7.5
"70",-16,6.5
"70",-16,5.5
"70",-16,4.5
"70",-16,3.5
"70",-16,2.5
"70",-16,1.5
"70",-16,0.5
"70",-16,-0.5
"70",-16,-1.5
"70",-16,-2.5
"70",-16,-3.5
"70",-16,-4.5
"70",-16,-5.5
"70",-16,-6.5
"70",-16,-7.5
"70",-16,-8.5
"70",-16,-9.5
"70",-16,-10.5
"70",-16,-11.5
"70",-16,-12.5
"70",-16,-13.5
"70",-16,-14.5
"70",-16,-15.5
"70",-16,-16.5
"70",-16,-17.5
"70",-16,-18.5
"70",-16,-19.5
"70",-16,-20.5
"70",-17,-20.5
"70",-17,-21.5
"70",-17,-22.5
"70",-18,-23.5
"70",-19,-23.5
"70",-20,-24.5
"70",-21,-24.5
"70",-22,-25.5
"70",-23,-26.5
"70",-24,-26.5
"70",-25,-26.5
"70",-26,-26.5
"70",-27,-27.5
"70",-27,-28.5
"70",-27,-29.5
"70",-27,-30.5
"70",-27,-31.5
"70",-27,-32.5
"70",-27,-33.5
"70",-27,-34.5
"70",-27,-35.5
"70",-27,-36.5
"70",-27,-37.5
"70",-27,-38.5
"70",-27,-39.5
"70",-27,-40.5
"70",-27,-41.5
"70",-27,-42.5
"70",-27,-43.5
"70",-27,-44.5
"70",-27,-45.5
"70",-27,-46.5
"70",-27,-47.5
"70",-27,-48.5
"70",-27,-49.5
"70",-27,-50.5
"70",-27,-51.5
"70",-27,-52.5
"70",-27,-53.5
"70",-26,-54.5
"70",-25,-54.5
"70",-25,-55.5
"70",-25,-56.5
"70",-25,-57.5
"70",-25,-58.5
"70",-24,-59.5
"70",-23,-59.5
"70",-22,-59.5
"70",-21,-59.5
"70",-20,-59.5
"70",-19,-60.5
"70",-19,-61.5
"70",-19,-62.5
"70",-19,-63.5
"70",-19,-64.5
"70",-20,-65.5
"71",10,76.5
"71",9,76.5
"71",8,76.5
"71",7,76.5
"71",6,75.5
"71",5,75.5
"71",4,75.5
"71",4,74.5
"71",4,73.5
"71",3,72.5
"71",2,71.5
"71",1,70.5
"71",0,69.5
"71",-1,69.5
"71",-2,69.5
"71",-3,68.5
"71",-4,68.5
"71",-5,67.5
"71",-6,67.5
"71",-7,67.5
"71",-7,66.5
"71",-7,65.5
"71",-7,64.5
"71",-7,63.5
"71",-7,62.5
"71",-8,62.5
"71",-9,61.5
"71",-10,60.5
"71",-11,59.5
"71",-10,58.5
"71",-11,57.5
"71",-12,57.5
"71",-12,56.5
"71",-12,55.5
"71",-12,54.5
"71",-12,53.5
"71",-12,52.5
"71",-12,51.5
"71",-13,50.5
"71",-13,49.5
"71",-13,48.5
"71",-13,47.5
"71",-13,46.5
"71",-13,45.5
"71",-13,44.5
"71",-14,44.5
"71",-15,43.5
"71",-16,43.5
"71",-17,43.5
"71",-18,42.5
"71",-18,41.5
"71",-18,40.5
"71",-18,39.5
"71",-18,38.5
"71",-18,37.5
"71",-18,36.5
"71",-18,35.5
"71",-18,34.5
"71",-18,33.5
"71",-18,32.5
"71",-18,31.5
"71",-18,30.5
"71",-18,29.5
"71",-18,28.5
"71",-18,27.5
"71",-18,26.5
"71",-18,25.5
"71",-18,24.5
"71",-18,23.5
"71",-18,22.5
"71",-18,21.5
"71",-18,20.5
"71",-18,19.5
"71",-18,18.5
"71",-18,17.5
"71",-18,16.5
"71",-18,15.5
"71",-18,14.5
"71",-18,13.5
"71",-18,12.5
"71",-18,11.5
"71",-18,10.5
"71",-18,9.5
"71",-17,8.5
"71",-16,8.5
"71",-16,7.5
"71",-16,6.5
"71",-16,5.5
"71",-16,4.5
"71",-16,3.5
"71",-16,2.5
"71",-16,1.5
"71",-16,0.5
"71",-16,-0.5
"71",-16,-1.5
"71",-16,-2.5
"71",-16,-3.5
"71",-16,-4.5
"71",-16,-5.5
"71",-16,-6.5
"71",-16,-7.5
"71",-16,-8.5
"71",-16,-9.5
"71",-16,-10.5
"71",-16,-11.5
"71",-16,-12.5
"71",-16,-13.5
"71",-16,-14.5
"71",-16,-15.5
"71",-16,-16.5
"71",-16,-17.5
"71",-16,-18.5
"71",-16,-19.5
"71",-16,-20.5
"71",-16,-21.5
"71",-16,-22.5
"71",-16,-23.5
"71",-16,-24.5
"71",-16,-25.5
"71",-17,-25.5
"71",-18,-26.5
"71",-19,-26.5
"71",-20,-27.5
"71",-20,-28.5
"71",-20,-29.5
"71",-20,-30.5
"71",-20,-31.5
"71",-20,-32.5
"71",-20,-33.5
"71",-21,-33.5
"71",-21,-34.5
"71",-21,-35.5
"71",-21,-36.5
"71",-21,-37.5
"71",-21,-38.5
"71",-21,-39.5
"71",-21,-40.5
"71",-20,-41.5
"71",-19,-42.5
"71",-18,-42.5
"71",-18,-43.5
"71",-18,-44.5
"71",-18,-45.5
"71",-18,-46.5
"71",-18,-47.5
"71",-18,-48.5
"71",-18,-49.5
"71",-17,-50.5
"71",-16,-50.5
"71",-16,-51.5
"71",-16,-52.5
"71",-16,-53.5
"71",-16,-54.5
"71",-16,-55.5
"71",-16,-56.5
"71",-17,-56.5
"71",-18,-57.5
"71",-17,-58.5
"71",-18,-59.5
"71",-18,-60.5
"71",-19,-60.5
"71",-19,-61.5
"71",-19,-62.5
"71",-19,-63.5
"71",-19,-64.5
"71",-20,-65.5
"72",10,76.5
"72",9,76.5
"72",8,75.5
"72",7,75.5
"72",6,74.5
"72",5,74.5
"72",4,74.5
"72",4,73.5
"72",3,72.5
"72",2,71.5
"72",1,70.5
"72",0,69.5
"72",-1,69.5
"72",-2,69.5
"72",-3,68.5
"72",-4,68.5
"72",-5,67.5
"72",-6,67.5
"72",-7,67.5
"72",-7,66.5
"72",-7,65.5
"72",-7,64.5
"72",-7,63.5
"72",-7,62.5
"72",-8,61.5
"72",-9,60.5
"72",-10,59.5
"72",-11,58.5
"72",-12,57.5
"72",-13,56.5
"72",-13,55.5
"72",-13,54.5
"72",-13,53.5
"72",-13,52.5
"72",-13,51.5
"72",-13,50.5
"72",-13,49.5
"72",-13,48.5
"72",-13,47.5
"72",-13,46.5
"72",-13,45.5
"72",-12,44.5
"72",-11,44.5
"72",-11,43.5
"72",-11,42.5
"72",-11,41.5
"72",-11,40.5
"72",-11,39.5
"72",-11,38.5
"72",-11,37.5
"72",-11,36.5
"72",-11,35.5
"72",-11,34.5
"72",-11,33.5
"72",-11,32.5
"72",-12,31.5
"72",-13,30.5
"72",-14,29.5
"72",-14,28.5
"72",-15,27.5
"72",-16,26.5
"72",-17,25.5
"72",-18,24.5
"72",-18,23.5
"72",-18,22.5
"72",-18,21.5
"72",-18,20.5
"72",-18,19.5
"72",-18,18.5
"72",-18,17.5
"72",-18,16.5
"72",-18,15.5
"72",-18,14.5
"72",-18,13.5
"72",-18,12.5
"72",-18,11.5
"72",-18,10.5
"72",-18,9.5
"72",-18,8.5
"72",-18,7.5
"72",-18,6.5
"72",-18,5.5
"72",-18,4.5
"72",-18,3.5
"72",-18,2.5
"72",-18,1.5
"72",-18,0.5
"72",-18,-0.5
"72",-18,-1.5
"72",-18,-2.5
"72",-17,-3.5
"72",-16,-4.5
"72",-16,-5.5
"72",-16,-6.5
"72",-16,-7.5
"72",-16,-8.5
"72",-16,-9.5
"72",-16,-10.5
"72",-16,-11.5
"72",-16,-12.5
"72",-16,-13.5
"72",-16,-14.5
"72",-16,-15.5
"72",-16,-16.5
"72",-16,-17.5
"72",-17,-17.5
"72",-18,-18.5
"72",-18,-19.5
"72",-19,-19.5
"72",-20,-20.5
"72",-21,-20.5
"72",-22,-21.5
"72",-23,-22.5
"72",-24,-22.5
"72",-25,-23.5
"72",-26,-24.5
"72",-27,-25.5
"72",-27,-26.5
"72",-27,-27.5
"72",-27,-28.5
"72",-27,-29.5
"72",-27,-30.5
"72",-27,-31.5
"72",-27,-32.5
"72",-27,-33.5
"72",-27,-34.5
"72",-27,-35.5
"72",-27,-36.5
"72",-27,-37.5
"72",-27,-38.5
"72",-27,-39.5
"72",-27,-40.5
"72",-27,-41.5
"72",-27,-42.5
"72",-27,-43.5
"72",-27,-44.5
"72",-27,-45.5
"72",-27,-46.5
"72",-27,-47.5
"72",-27,-48.5
"72",-27,-49.5
"72",-27,-50.5
"72",-27,-51.5
"72",-27,-52.5
"72",-27,-53.5
"72",-26,-54.5
"72",-25,-54.5
"72",-25,-55.5
"72",-25,-56.5
"72",-25,-57.5
"72",-25,-58.5
"72",-25,-59.5
"72",-24,-60.5
"72",-23,-60.5
"72",-22,-61.5
"72",-21,-61.5
"72",-20,-61.5
"72",-19,-62.5
"72",-19,-63.5
"72",-19,-64.5
"72",-20,-65.5
"73",10,76.5
"73",9,76.5
"73",8,76.5
"73",7,76.5
"73",6,75.5
"73",5,75.5
"73",4,75.5
"73",4,74.5
"73",4,73.5
"73",3,72.5
"73",2,71.5
"73",1,70.5
"73",0,69.5
"73",-1,69.5
"73",-2,69.5
"73",-3,68.5
"73",-4,68.5
"73",-5,67.5
"73",-6,67.5
"73",-7,67.5
"73",-7,66.5
"73",-7,65.5
"73",-7,64.5
"73",-7,63.5
"73",-7,62.5
"73",-8,62.5
"73",-9,61.5
"73",-10,60.5
"73",-11,59.5
"73",-11,58.5
"73",-12,57.5
"73",-13,56.5
"73",-13,55.5
"73",-13,54.5
"73",-13,53.5
"73",-13,52.5
"73",-13,51.5
"73",-13,50.5
"73",-13,49.5
"73",-13,48.5
"73",-13,47.5
"73",-13,46.5
"73",-13,45.5
"73",-14,45.5
"73",-15,44.5
"73",-16,44.5
"73",-17,44.5
"73",-18,43.5
"73",-18,42.5
"73",-18,41.5
"73",-18,40.5
"73",-18,39.5
"73",-18,38.5
"73",-18,37.5
"73",-18,36.5
"73",-18,35.5
"73",-18,34.5
"73",-18,33.5
"73",-18,32.5
"73",-18,31.5
"73",-18,30.5
"73",-18,29.5
"73",-18,28.5
"73",-18,27.5
"73",-18,26.5
"73",-18,25.5
"73",-18,24.5
"73",-18,23.5
"73",-18,22.5
"73",-18,21.5
"73",-18,20.5
"73",-18,19.5
"73",-18,18.5
"73",-18,17.5
"73",-18,16.5
"73",-18,15.5
"73",-18,14.5
"73",-18,13.5
"73",-18,12.5
"73",-18,11.5
"73",-18,10.5
"73",-18,9.5
"73",-18,8.5
"73",-18,7.5
"73",-18,6.5
"73",-18,5.5
"73",-18,4.5
"73",-18,3.5
"73",-18,2.5
"73",-18,1.5
"73",-18,0.5
"73",-18,-0.5
"73",-18,-1.5
"73",-17,-2.5
"73",-16,-3.5
"73",-16,-4.5
"73",-16,-5.5
"73",-16,-6.5
"73",-16,-7.5
"73",-16,-8.5
"73",-16,-9.5
"73",-16,-10.5
"73",-16,-11.5
"73",-16,-12.5
"73",-16,-13.5
"73",-16,-14.5
"73",-16,-15.5
"73",-16,-16.5
"73",-16,-17.5
"73",-16,-18.5
"73",-16,-19.5
"73",-16,-20.5
"73",-16,-21.5
"73",-16,-22.5
"73",-16,-23.5
"73",-16,-24.5
"73",-16,-25.5
"73",-17,-25.5
"73",-18,-26.5
"73",-19,-26.5
"73",-20,-27.5
"73",-20,-28.5
"73",-20,-29.5
"73",-20,-30.5
"73",-20,-31.5
"73",-20,-32.5
"73",-20,-33.5
"73",-20,-34.5
"73",-19,-35.5
"73",-18,-36.5
"73",-18,-37.5
"73",-18,-38.5
"73",-18,-39.5
"73",-18,-40.5
"73",-18,-41.5
"73",-18,-42.5
"73",-18,-43.5
"73",-18,-44.5
"73",-18,-45.5
"73",-18,-46.5
"73",-18,-47.5
"73",-18,-48.5
"73",-18,-49.5
"73",-17,-50.5
"73",-16,-50.5
"73",-16,-51.5
"73",-16,-52.5
"73",-16,-53.5
"73",-16,-54.5
"73",-16,-55.5
"73",-16,-56.5
"73",-17,-56.5
"73",-18,-57.5
"73",-17,-58.5
"73",-18,-59.5
"73",-18,-60.5
"73",-19,-60.5
"73",-19,-61.5
"73",-19,-62.5
"73",-19,-63.5
"73",-19,-64.5
"73",-20,-65.5
"74",10,76.5
"74",9,76.5
"74",8,76.5
"74",7,76.5
"74",6,75.5
"74",5,75.5
"74",4,75.5
"74",4,74.5
"74",4,73.5
"74",3,72.5
"74",2,71.5
"74",1,70.5
"74",0,69.5
"74",-1,69.5
"74",-2,69.5
"74",-3,68.5
"74",-4,68.5
"74",-5,67.5
"74",-6,67.5
"74",-7,67.5
"74",-7,66.5
"74",-7,65.5
"74",-7,64.5
"74",-7,63.5
"74",-7,62.5
"74",-8,62.5
"74",-9,61.5
"74",-10,60.5
"74",-11,59.5
"74",-11,58.5
"74",-11,57.5
"74",-12,57.5
"74",-12,56.5
"74",-12,55.5
"74",-12,54.5
"74",-12,53.5
"74",-12,52.5
"74",-12,51.5
"74",-13,50.5
"74",-13,49.5
"74",-13,48.5
"74",-13,47.5
"74",-13,46.5
"74",-13,45.5
"74",-13,44.5
"74",-14,44.5
"74",-15,43.5
"74",-16,43.5
"74",-17,43.5
"74",-18,42.5
"74",-18,41.5
"74",-18,40.5
"74",-18,39.5
"74",-18,38.5
"74",-18,37.5
"74",-18,36.5
"74",-18,35.5
"74",-18,34.5
"74",-18,33.5
"74",-18,32.5
"74",-18,31.5
"74",-18,30.5
"74",-18,29.5
"74",-18,28.5
"74",-18,27.5
"74",-18,26.5
"74",-18,25.5
"74",-18,24.5
"74",-18,23.5
"74",-18,22.5
"74",-18,21.5
"74",-18,20.5
"74",-18,19.5
"74",-18,18.5
"74",-18,17.5
"74",-18,16.5
"74",-18,15.5
"74",-18,14.5
"74",-18,13.5
"74",-18,12.5
"74",-18,11.5
"74",-18,10.5
"74",-18,9.5
"74",-17,8.5
"74",-16,8.5
"74",-16,7.5
"74",-16,6.5
"74",-16,5.5
"74",-16,4.5
"74",-16,3.5
"74",-16,2.5
"74",-16,1.5
"74",-16,0.5
"74",-16,-0.5
"74",-16,-1.5
"74",-16,-2.5
"74",-16,-3.5
"74",-16,-4.5
"74",-16,-5.5
"74",-16,-6.5
"74",-16,-7.5
"74",-16,-8.5
"74",-16,-9.5
"74",-16,-10.5
"74",-16,-11.5
"74",-16,-12.5
"74",-16,-13.5
"74",-16,-14.5
"74",-16,-15.5
"74",-16,-16.5
"74",-16,-17.5
"74",-16,-18.5
"74",-16,-19.5
"74",-16,-20.5
"74",-16,-21.5
"74",-16,-22.5
"74",-16,-23.5
"74",-16,-24.5
"74",-16,-25.5
"74",-17,-25.5
"74",-18,-26.5
"74",-19,-26.5
"74",-20,-27.5
"74",-20,-28.5
"74",-20,-29.5
"74",-20,-30.5
"74",-20,-31.5
"74",-20,-32.5
"74",-20,-33.5
"74",-21,-33.5
"74",-21,-34.5
"74",-21,-35.5
"74",-21,-36.5
"74",-21,-37.5
"74",-21,-38.5
"74",-21,-39.5
"74",-21,-40.5
"74",-20,-41.5
"74",-19,-42.5
"74",-18,-42.5
"74",-18,-43.5
"74",-18,-44.5
"74",-18,-45.5
"74",-18,-46.5
"74",-18,-47.5
"74",-18,-48.5
"74",-18,-49.5
"74",-17,-50.5
"74",-16,-50.5
"74",-16,-51.5
"74",-16,-52.5
"74",-16,-53.5
"74",-16,-54.5
"74",-16,-55.5
"74",-16,-56.5
"74",-17,-56.5
"74",-18,-57.5
"74",-17,-58.5
"74",-18,-59.5
"74",-18,-60.5
"74",-19,-60.5
"74",-19,-61.5
"74",-19,-62.5
"74",-19,-63.5
"74",-19,-64.5
"74",-20,-65.5
"75",10,76.5
"75",9,76.5
"75",8,76.5
"75",7,76.5
"75",6,75.5
"75",5,75.5
"75",4,75.5
"75",4,74.5
"75",4,73.5
"75",3,72.5
"75",2,71.5
"75",1,70.5
"75",0,69.5
"75",-1,69.5
"75",-2,69.5
"75",-3,68.5
"75",-4,68.5
"75",-5,67.5
"75",-6,67.5
"75",-7,67.5
"75",-7,66.5
"75",-7,65.5
"75",-7,64.5
"75",-7,63.5
"75",-7,62.5
"75",-8,62.5
"75",-9,61.5
"75",-10,60.5
"75",-11,59.5
"75",-11,58.5
"75",-11,57.5
"75",-12,57.5
"75",-12,56.5
"75",-12,55.5
"75",-12,54.5
"75",-12,53.5
"75",-12,52.5
"75",-12,51.5
"75",-12,50.5
"75",-13,49.5
"75",-13,48.5
"75",-13,47.5
"75",-13,46.5
"75",-13,45.5
"75",-13,44.5
"75",-14,44.5
"75",-15,43.5
"75",-16,43.5
"75",-17,43.5
"75",-18,42.5
"75",-18,41.5
"75",-18,40.5
"75",-18,39.5
"75",-18,38.5
"75",-18,37.5
"75",-18,36.5
"75",-18,35.5
"75",-18,34.5
"75",-18,33.5
"75",-18,32.5
"75",-18,31.5
"75",-18,30.5
"75",-18,29.5
"75",-18,28.5
"75",-18,27.5
"75",-18,26.5
"75",-18,25.5
"75",-18,24.5
"75",-18,23.5
"75",-18,22.5
"75",-18,21.5
"75",-18,20.5
"75",-18,19.5
"75",-18,18.5
"75",-18,17.5
"75",-18,16.5
"75",-18,15.5
"75",-18,14.5
"75",-18,13.5
"75",-18,12.5
"75",-18,11.5
"75",-18,10.5
"75",-18,9.5
"75",-17,8.5
"75",-16,8.5
"75",-16,7.5
"75",-16,6.5
"75",-16,5.5
"75",-16,4.5
"75",-16,3.5
"75",-16,2.5
"75",-16,1.5
"75",-16,0.5
"75",-16,-0.5
"75",-16,-1.5
"75",-16,-2.5
"75",-16,-3.5
"75",-16,-4.5
"75",-16,-5.5
"75",-16,-6.5
"75",-16,-7.5
"75",-16,-8.5
"75",-16,-9.5
"75",-16,-10.5
"75",-16,-11.5
"75",-16,-12.5
"75",-16,-13.5
"75",-16,-14.5
"75",-16,-15.5
"75",-16,-16.5
"75",-16,-17.5
"75",-16,-18.5
"75",-16,-19.5
"75",-16,-20.5
"75",-16,-21.5
"75",-16,-22.5
"75",-16,-23.5
"75",-16,-24.5
"75",-16,-25.5
"75",-17,-25.5
"75",-18,-26.5
"75",-19,-26.5
"75",-20,-27.5
"75",-20,-28.5
"75",-20,-29.5
"75",-20,-30.5
"75",-20,-31.5
"75",-20,-32.5
"75",-20,-33.5
"75",-21,-33.5
"75",-21,-34.5
"75",-21,-35.5
"75",-21,-36.5
"75",-21,-37.5
"75",-21,-38.5
"75",-21,-39.5
"75",-21,-40.5
"75",-20,-41.5
"75",-19,-42.5
"75",-18,-42.5
"75",-18,-43.5
"75",-18,-44.5
"75",-18,-45.5
"75",-18,-46.5
"75",-18,-47.5
"75",-18,-48.5
"75",-18,-49.5
"75",-17,-50.5
"75",-16,-50.5
"75",-16,-51.5
"75",-16,-52.5
"75",-16,-53.5
"75",-16,-54.5
"75",-16,-55.5
"75",-16,-56.5
"75",-17,-56.5
"75",-18,-57.5
"75",-17,-58.5
"75",-18,-59.5
"75",-18,-60.5
"75",-19,-60.5
"75",-19,-61.5
"75",-19,-62.5
"75",-19,-63.5
"75",-19,-64.5
"75",-20,-65.5
"76",10,76.5
"76",9,76.5
"76",8,75.5
"76",7,75.5
"76",6,74.5
"76",5,73.5
"76",4,73.5
"76",4,72.5
"76",3,71.5
"76",2,70.5
"76",1,69.5
"76",0,68.5
"76",0,67.5
"76",0,66.5
"76",0,65.5
"76",-1,64.5
"76",-2,63.5
"76",-3,62.5
"76",-4,61.5
"76",-5,60.5
"76",-6,59.5
"76",-7,58.5
"76",-8,57.5
"76",-9,56.5
"76",-10,55.5
"76",-11,54.5
"76",-11,53.5
"76",-11,52.5
"76",-11,51.5
"76",-11,50.5
"76",-11,49.5
"76",-11,48.5
"76",-11,47.5
"76",-11,46.5
"76",-11,45.5
"76",-11,44.5
"76",-11,43.5
"76",-11,42.5
"76",-11,41.5
"76",-11,40.5
"76",-11,39.5
"76",-11,38.5
"76",-11,37.5
"76",-11,36.5
"76",-11,35.5
"76",-11,34.5
"76",-11,33.5
"76",-11,32.5
"76",-12,31.5
"76",-13,30.5
"76",-13,29.5
"76",-14,28.5
"76",-15,27.5
"76",-16,26.5
"76",-17,25.5
"76",-18,24.5
"76",-18,23.5
"76",-18,22.5
"76",-18,21.5
"76",-18,20.5
"76",-18,19.5
"76",-18,18.5
"76",-18,17.5
"76",-18,16.5
"76",-18,15.5
"76",-18,14.5
"76",-18,13.5
"76",-18,12.5
"76",-18,11.5
"76",-18,10.5
"76",-18,9.5
"76",-18,8.5
"76",-18,7.5
"76",-18,6.5
"76",-18,5.5
"76",-18,4.5
"76",-18,3.5
"76",-18,2.5
"76",-18,1.5
"76",-18,0.5
"76",-18,-0.5
"76",-18,-1.5
"76",-18,-2.5
"76",-17,-3.5
"76",-16,-4.5
"76",-16,-5.5
"76",-16,-6.5
"76",-16,-7.5
"76",-16,-8.5
"76",-16,-9.5
"76",-16,-10.5
"76",-16,-11.5
"76",-16,-12.5
"76",-16,-13.5
"76",-16,-14.5
"76",-16,-15.5
"76",-16,-16.5
"76",-16,-17.5
"76",-17,-17.5
"76",-18,-18.5
"76",-18,-19.5
"76",-19,-19.5
"76",-20,-20.5
"76",-21,-21.5
"76",-22,-22.5
"76",-23,-23.5
"76",-24,-24.5
"76",-25,-25.5
"76",-26,-26.5
"76",-27,-27.5
"76",-27,-28.5
"76",-27,-29.5
"76",-27,-30.5
"76",-27,-31.5
"76",-27,-32.5
"76",-27,-33.5
"76",-27,-34.5
"76",-27,-35.5
"76",-27,-36.5
"76",-27,-37.5
"76",-27,-38.5
"76",-27,-39.5
"76",-27,-40.5
"76",-27,-41.5
"76",-27,-42.5
"76",-27,-43.5
"76",-27,-44.5
"76",-27,-45.5
"76",-27,-46.5
"76",-27,-47.5
"76",-27,-48.5
"76",-27,-49.5
"76",-27,-50.5
"76",-27,-51.5
"76",-27,-52.5
"76",-27,-53.5
"76",-26,-54.5
"76",-25,-55.5
"76",-25,-56.5
"76",-25,-57.5
"76",-25,-58.5
"76",-25,-59.5
"76",-24,-60.5
"76",-23,-61.5
"76",-23,-62.5
"76",-22,-63.5
"76",-21,-64.5
"76",-20,-65.5
"77",10,76.5
"77",9,76.5
"77",8,76.5
"77",7,76.5
"77",6,75.5
"77",5,75.5
"77",4,75.5
"77",4,74.5
"77",4,73.5
"77",3,72.5
"77",2,71.5
"77",1,70.5
"77",0,69.5
"77",-1,69.5
"77",-2,69.5
"77",-3,68.5
"77",-4,68.5
"77",-5,67.5
"77",-6,67.5
"77",-7,67.5
"77",-7,66.5
"77",-7,65.5
"77",-7,64.5
"77",-7,63.5
"77",-7,62.5
"77",-8,61.5
"77",-9,60.5
"77",-10,59.5
"77",-11,58.5
"77",-12,57.5
"77",-13,56.5
"77",-13,55.5
"77",-13,54.5
"77",-13,53.5
"77",-13,52.5
"77",-13,51.5
"77",-13,50.5
"77",-13,49.5
"77",-13,48.5
"77",-13,47.5
"77",-13,46.5
"77",-13,45.5
"77",-14,45.5
"77",-15,44.5
"77",-16,44.5
"77",-17,44.5
"77",-18,43.5
"77",-18,42.5
"77",-18,41.5
"77",-18,40.5
"77",-18,39.5
"77",-18,38.5
"77",-18,37.5
"77",-18,36.5
"77",-18,35.5
"77",-18,34.5
"77",-18,33.5
"77",-18,32.5
"77",-18,31.5
"77",-18,30.5
"77",-18,29.5
"77",-18,28.5
"77",-18,27.5
"77",-18,26.5
"77",-18,25.5
"77",-18,24.5
"77",-18,23.5
"77",-18,22.5
"77",-18,21.5
"77",-18,20.5
"77",-18,19.5
"77",-18,18.5
"77",-18,17.5
"77",-18,16.5
"77",-18,15.5
"77",-18,14.5
"77",-18,13.5
"77",-18,12.5
"77",-18,11.5
"77",-18,10.5
"77",-18,9.5
"77",-18,8.5
"77",-18,7.5
"77",-18,6.5
"77",-18,5.5
"77",-18,4.5
"77",-18,3.5
"77",-18,2.5
"77",-18,1.5
"77",-18,0.5
"77",-18,-0.5
"77",-18,-1.5
"77",-18,-2.5
"77",-17,-3.5
"77",-16,-4.5
"77",-16,-5.5
"77",-16,-6.5
"77",-16,-7.5
"77",-16,-8.5
"77",-16,-9.5
"77",-16,-10.5
"77",-16,-11.5
"77",-16,-12.5
"77",-16,-13.5
"77",-16,-14.5
"77",-16,-15.5
"77",-16,-16.5
"77",-16,-17.5
"77",-16,-18.5
"77",-16,-19.5
"77",-16,-20.5
"77",-16,-21.5
"77",-16,-22.5
"77",-16,-23.5
"77",-16,-24.5
"77",-17,-25.5
"77",-18,-26.5
"77",-19,-26.5
"77",-20,-27.5
"77",-20,-28.5
"77",-20,-29.5
"77",-20,-30.5
"77",-20,-31.5
"77",-20,-32.5
"77",-20,-33.5
"77",-20,-34.5
"77",-19,-35.5
"77",-18,-36.5
"77",-18,-37.5
"77",-18,-38.5
"77",-18,-39.5
"77",-18,-40.5
"77",-18,-41.5
"77",-18,-42.5
"77",-18,-43.5
"77",-18,-44.5
"77",-18,-45.5
"77",-18,-46.5
"77",-18,-47.5
"77",-18,-48.5
"77",-18,-49.5
"77",-17,-50.5
"77",-16,-50.5
"77",-16,-51.5
"77",-16,-52.5
"77",-16,-53.5
"77",-16,-54.5
"77",-16,-55.5
"77",-16,-56.5
"77",-17,-56.5
"77",-18,-57.5
"77",-18,-58.5
"77",-18,-59.5
"77",-18,-60.5
"77",-19,-60.5
"77",-19,-61.5
"77",-19,-62.5
"77",-19,-63.5
"77",-19,-64.5
"77",-20,-65.5
"78",10,76.5
"78",9,76.5
"78",8,76.5
"78",7,76.5
"78",6,75.5
"78",5,75.5
"78",4,75.5
"78",4,74.5
"78",4,73.5
"78",3,72.5
"78",2,71.5
"78",1,70.5
"78",0,69.5
"78",-1,69.5
"78",-2,69.5
"78",-3,68.5
"78",-4,68.5
"78",-5,67.5
"78",-6,67.5
"78",-7,67.5
"78",-7,66.5
"78",-7,65.5
"78",-7,64.5
"78",-7,63.5
"78",-7,62.5
"78",-8,62.5
"78",-9,61.5
"78",-10,60.5
"78",-11,59.5
"78",-11,58.5
"78",-11,57.5
"78",-12,57.5
"78",-13,56.5
"78",-13,55.5
"78",-13,54.5
"78",-13,53.5
"78",-13,52.5
"78",-13,51.5
"78",-13,50.5
"78",-13,49.5
"78",-13,48.5
"78",-13,47.5
"78",-13,46.5
"78",-13,45.5
"78",-13,44.5
"78",-14,44.5
"78",-15,43.5
"78",-16,43.5
"78",-17,43.5
"78",-18,42.5
"78",-18,41.5
"78",-18,40.5
"78",-18,39.5
"78",-18,38.5
"78",-18,37.5
"78",-18,36.5
"78",-18,35.5
"78",-18,34.5
"78",-18,33.5
"78",-18,32.5
"78",-18,31.5
"78",-18,30.5
"78",-18,29.5
"78",-18,28.5
"78",-18,27.5
"78",-18,26.5
"78",-18,25.5
"78",-18,24.5
"78",-18,23.5
"78",-18,22.5
"78",-18,21.5
"78",-18,20.5
"78",-18,19.5
"78",-18,18.5
"78",-18,17.5
"78",-18,16.5
"78",-18,15.5
"78",-18,14.5
"78",-18,13.5
"78",-18,12.5
"78",-18,11.5
"78",-18,10.5
"78",-18,9.5
"78",-18,8.5
"78",-18,7.5
"78",-18,6.5
"78",-18,5.5
"78",-18,4.5
"78",-18,3.5
"78",-18,2.5
"78",-18,1.5
"78",-18,0.5
"78",-18,-0.5
"78",-18,-1.5
"78",-17,-2.5
"78",-16,-3.5
"78",-16,-4.5
"78",-16,-5.5
"78",-16,-6.5
"78",-16,-7.5
"78",-16,-8.5
"78",-16,-9.5
"78",-16,-10.5
"78",-16,-11.5
"78",-16,-12.5
"78",-16,-13.5
"78",-16,-14.5
"78",-16,-15.5
"78",-16,-16.5
"78",-16,-17.5
"78",-16,-18.5
"78",-16,-19.5
"78",-16,-20.5
"78",-16,-21.5
"78",-16,-22.5
"78",-16,-23.5
"78",-16,-24.5
"78",-16,-25.5
"78",-16,-26.5
"78",-16,-27.5
"78",-16,-28.5
"78",-16,-29.5
"78",-16,-30.5
"78",-16,-31.5
"78",-16,-32.5
"78",-16,-33.5
"78",-16,-34.5
"78",-16,-35.5
"78",-16,-36.5
"78",-16,-37.5
"78",-17,-38.5
"78",-18,-38.5
"78",-18,-39.5
"78",-18,-40.5
"78",-18,-41.5
"78",-18,-42.5
"78",-18,-43.5
"78",-18,-44.5
"78",-18,-45.5
"78",-18,-46.5
"78",-18,-47.5
"78",-18,-48.5
"78",-18,-49.5
"78",-17,-50.5
"78",-16,-50.5
"78",-16,-51.5
"78",-16,-52.5
"78",-16,-53.5
"78",-16,-54.5
"78",-16,-55.5
"78",-16,-56.5
"78",-17,-56.5
"78",-18,-57.5
"78",-18,-58.5
"78",-18,-59.5
"78",-18,-60.5
"78",-19,-60.5
"78",-19,-61.5
"78",-19,-62.5
"78",-19,-63.5
"78",-19,-64.5
"78",-20,-65.5
"79",10,76.5
"79",9,76.5
"79",8,76.5
"79",7,76.5
"79",6,75.5
"79",5,75.5
"79",4,75.5
"79",4,74.5
"79",4,73.5
"79",3,72.5
"79",2,71.5
"79",1,70.5
"79",0,69.5
"79",-1,69.5
"79",-2,69.5
"79",-3,68.5
"79",-4,68.5
"79",-5,67.5
"79",-6,67.5
"79",-7,67.5
"79",-7,66.5
"79",-7,65.5
"79",-7,64.5
"79",-7,63.5
"79",-7,62.5
"79",-8,62.5
"79",-9,61.5
"79",-10,60.5
"79",-11,59.5
"79",-11,58.5
"79",-11,57.5
"79",-12,57.5
"79",-12,56.5
"79",-12,55.5
"79",-12,54.5
"79",-12,53.5
"79",-12,52.5
"79",-12,51.5
"79",-13,50.5
"79",-13,49.5
"79",-13,48.5
"79",-13,47.5
"79",-13,46.5
"79",-13,45.5
"79",-13,44.5
"79",-14,44.5
"79",-15,43.5
"79",-16,43.5
"79",-17,43.5
"79",-18,42.5
"79",-18,41.5
"79",-18,40.5
"79",-18,39.5
"79",-18,38.5
"79",-18,37.5
"79",-18,36.5
"79",-18,35.5
"79",-18,34.5
"79",-18,33.5
"79",-18,32.5
"79",-18,31.5
"79",-18,30.5
"79",-18,29.5
"79",-18,28.5
"79",-18,27.5
"79",-18,26.5
"79",-18,25.5
"79",-18,24.5
"79",-18,23.5
"79",-18,22.5
"79",-18,21.5
"79",-18,20.5
"79",-18,19.5
"79",-18,18.5
"79",-18,17.5
"79",-18,16.5
"79",-18,15.5
"79",-18,14.5
"79",-18,13.5
"79",-18,12.5
"79",-18,11.5
"79",-18,10.5
"79",-18,9.5
"79",-17,8.5
"79",-16,8.5
"79",-16,7.5
"79",-16,6.5
"79",-16,5.5
"79",-16,4.5
"79",-16,3.5
"79",-16,2.5
"79",-16,1.5
"79",-16,0.5
"79",-16,-0.5
"79",-16,-1.5
"79",-16,-2.5
"79",-16,-3.5
"79",-16,-4.5
"79",-16,-5.5
"79",-16,-6.5
"79",-16,-7.5
"79",-16,-8.5
"79",-16,-9.5
"79",-16,-10.5
"79",-16,-11.5
"79",-16,-12.5
"79",-16,-13.5
"79",-16,-14.5
"79",-16,-15.5
"79",-16,-16.5
"79",-16,-17.5
"79",-16,-18.5
"79",-16,-19.5
"79",-16,-20.5
"79",-16,-21.5
"79",-16,-22.5
"79",-16,-23.5
"79",-16,-24.5
"79",-16,-25.5
"79",-16,-26.5
"79",-16,-27.5
"79",-16,-28.5
"79",-16,-29.5
"79",-16,-30.5
"79",-16,-31.5
"79",-16,-32.5
"79",-16,-33.5
"79",-16,-34.5
"79",-16,-35.5
"79",-16,-36.5
"79",-17,-36.5
"79",-18,-36.5
"79",-18,-37.5
"79",-18,-38.5
"79",-18,-39.5
"79",-18,-40.5
"79",-18,-41.5
"79",-18,-42.5
"79",-18,-43.5
"79",-18,-44.5
"79",-18,-45.5
"79",-18,-46.5
"79",-18,-47.5
"79",-18,-48.5
"79",-18,-49.5
"79",-17,-50.5
"79",-16,-50.5
"79",-16,-51.5
"79",-16,-52.5
"79",-16,-53.5
"79",-16,-54.5
"79",-16,-55.5
"79",-16,-56.5
"79",-17,-56.5
"79",-18,-57.5
"79",-17,-58.5
"79",-18,-59.5
"79",-18,-60.5
"79",-19,-60.5
"79",-19,-61.5
"79",-19,-62.5
"79",-19,-63.5
"79",-19,-64.5
"79",-20,-65.5
"80",10,76.5
"80",9,76.5
"80",8,76.5
"80",7,76.5
"80",6,75.5
"80",5,75.5
"80",4,75.5
"80",4,74.5
"80",4,73.5
"80",3,72.5
"80",2,71.5
"80",1,70.5
"80",0,69.5
"80",-1,69.5
"80",-2,69.5
"80",-3,68.5
"80",-4,68.5
"80",-5,67.5
"80",-6,67.5
"80",-7,67.5
"80",-7,66.5
"80",-7,65.5
"80",-7,64.5
"80",-7,63.5
"80",-7,62.5
"80",-8,62.5
"80",-9,61.5
"80",-10,60.5
"80",-11,59.5
"80",-11,58.5
"80",-11,57.5
"80",-12,57.5
"80",-12,56.5
"80",-12,55.5
"80",-12,54.5
"80",-12,53.5
"80",-12,52.5
"80",-12,51.5
"80",-12,50.5
"80",-13,49.5
"80",-13,48.5
"80",-13,47.5
"80",-13,46.5
"80",-13,45.5
"80",-13,44.5
"80",-14,44.5
"80",-15,43.5
"80",-16,43.5
"80",-17,43.5
"80",-18,42.5
"80",-18,41.5
"80",-18,40.5
"80",-18,39.5
"80",-18,38.5
"80",-18,37.5
"80",-18,36.5
"80",-18,35.5
"80",-18,34.5
"80",-18,33.5
"80",-18,32.5
"80",-18,31.5
"80",-18,30.5
"80",-18,29.5
"80",-18,28.5
"80",-18,27.5
"80",-18,26.5
"80",-18,25.5
"80",-18,24.5
"80",-18,23.5
"80",-18,22.5
"80",-18,21.5
"80",-18,20.5
"80",-18,19.5
"80",-18,18.5
"80",-18,17.5
"80",-18,16.5
"80",-18,15.5
"80",-18,14.5
"80",-18,13.5
"80",-18,12.5
"80",-18,11.5
"80",-18,10.5
"80",-18,9.5
"80",-18,8.5
"80",-18,7.5
"80",-18,6.5
"80",-18,5.5
"80",-18,4.5
"80",-18,3.5
"80",-19,3.5
"80",-20,2.5
"80",-21,2.5
"80",-22,1.5
"80",-22,0.5
"80",-22,-0.5
"80",-22,-1.5
"80",-22,-2.5
"80",-23,-2.5
"80",-23,-3.5
"80",-23,-4.5
"80",-23,-5.5
"80",-23,-6.5
"80",-23,-7.5
"80",-23,-8.5
"80",-23,-9.5
"80",-23,-10.5
"80",-23,-11.5
"80",-23,-12.5
"80",-24,-13.5
"80",-25,-13.5
"80",-26,-13.5
"80",-27,-14.5
"80",-27,-15.5
"80",-27,-16.5
"80",-27,-17.5
"80",-27,-18.5
"80",-27,-19.5
"80",-27,-20.5
"80",-27,-21.5
"80",-27,-22.5
"80",-27,-23.5
"80",-27,-24.5
"80",-27,-25.5
"80",-27,-26.5
"80",-27,-27.5
"80",-27,-28.5
"80",-27,-29.5
"80",-27,-30.5
"80",-27,-31.5
"80",-27,-32.5
"80",-27,-33.5
"80",-27,-34.5
"80",-27,-35.5
"80",-27,-36.5
"80",-27,-37.5
"80",-27,-38.5
"80",-27,-39.5
"80",-27,-40.5
"80",-27,-41.5
"80",-27,-42.5
"80",-27,-43.5
"80",-27,-44.5
"80",-27,-45.5
"80",-27,-46.5
"80",-27,-47.5
"80",-27,-48.5
"80",-27,-49.5
"80",-27,-50.5
"80",-27,-51.5
"80",-27,-52.5
"80",-27,-53.5
"80",-26,-54.5
"80",-25,-54.5
"80",-25,-55.5
"80",-25,-56.5
"80",-25,-57.5
"80",-25,-58.5
"80",-25,-59.5
"80",-25,-60.5
"80",-25,-61.5
"80",-25,-62.5
"80",-25,-63.5
"80",-24,-64.5
"80",-23,-64.5
"80",-22,-65.5
"80",-21,-65.5
"80",-20,-65.5
"81",10,76.5
"81",9,75.5
"81",8,74.5
"81",7,73.5
"81",6,72.5
"81",5,71.5
"81",4,70.5
"81",3,70.5
"81",2,69.5
"81",1,68.5
"81",1,67.5
"81",1,66.5
"81",0,65.5
"81",-1,64.5
"81",-2,63.5
"81",-3,62.5
"81",-4,61.5
"81",-5,60.5
"81",-6,59.5
"81",-7,58.5
"81",-8,57.5
"81",-9,56.5
"81",-10,55.5
"81",-10,54.5
"81",-11,53.5
"81",-12,52.5
"81",-13,51.5
"81",-13,50.5
"81",-13,49.5
"81",-13,48.5
"81",-13,47.5
"81",-13,46.5
"81",-13,45.5
"81",-13,44.5
"81",-13,43.5
"81",-13,42.5
"81",-13,41.5
"81",-13,40.5
"81",-13,39.5
"81",-13,38.5
"81",-13,37.5
"81",-13,36.5
"81",-13,35.5
"81",-13,34.5
"81",-13,33.5
"81",-13,32.5
"81",-13,31.5
"81",-13,30.5
"81",-13,29.5
"81",-14,28.5
"81",-15,27.5
"81",-16,26.5
"81",-17,25.5
"81",-18,24.5
"81",-19,23.5
"81",-20,22.5
"81",-21,21.5
"81",-22,20.5
"81",-23,19.5
"81",-23,18.5
"81",-24,17.5
"81",-25,16.5
"81",-26,15.5
"81",-27,14.5
"81",-28,13.5
"81",-29,12.5
"81",-30,11.5
"81",-31,10.5
"81",-32,9.5
"81",-33,8.5
"81",-34,7.5
"81",-34,6.5
"81",-34,5.5
"81",-34,4.5
"81",-34,3.5
"81",-34,2.5
"81",-34,1.5
"81",-34,0.5
"81",-34,-0.5
"81",-34,-1.5
"81",-34,-2.5
"81",-34,-3.5
"81",-34,-4.5
"81",-34,-5.5
"81",-34,-6.5
"81",-34,-7.5
"81",-34,-8.5
"81",-34,-9.5
"81",-34,-10.5
"81",-34,-11.5
"81",-34,-12.5
"81",-34,-13.5
"81",-34,-14.5
"81",-34,-15.5
"81",-35,-16.5
"81",-36,-17.5
"81",-37,-18.5
"81",-38,-19.5
"81",-39,-20.5
"81",-39,-21.5
"81",-39,-22.5
"81",-39,-23.5
"81",-39,-24.5
"81",-40,-25.5
"81",-40,-26.5
"81",-40,-27.5
"81",-40,-28.5
"81",-40,-29.5
"81",-40,-30.5
"81",-40,-31.5
"81",-40,-32.5
"81",-40,-33.5
"81",-40,-34.5
"81",-40,-35.5
"81",-40,-36.5
"81",-40,-37.5
"81",-40,-38.5
"81",-40,-39.5
"81",-40,-40.5
"81",-40,-41.5
"81",-40,-42.5
"81",-40,-43.5
"81",-39,-44.5
"81",-38,-45.5
"81",-37,-46.5
"81",-36,-47.5
"81",-35,-48.5
"81",-35,-49.5
"81",-34,-50.5
"81",-33,-51.5
"81",-32,-52.5
"81",-31,-53.5
"81",-30,-54.5
"81",-29,-55.5
"81",-28,-56.5
"81",-27,-57.5
"81",-26,-58.5
"81",-25,-59.5
"81",-24,-60.5
"81",-23,-61.5
"81",-22,-62.5
"81",-21,-63.5
"81",-20,-64.5
"81",-20,-65.5
"82",10,76.5
"82",9,76.5
"82",8,76.5
"82",7,76.5
"82",6,75.5
"82",5,74.5
"82",4,74.5
"82",4,73.5
"82",3,72.5
"82",2,71.5
"82",1,70.5
"82",0,69.5
"82",-1,69.5
"82",-2,69.5
"82",-3,68.5
"82",-4,68.5
"82",-5,67.5
"82",-6,67.5
"82",-7,67.5
"82",-7,66.5
"82",-7,65.5
"82",-7,64.5
"82",-7,63.5
"82",-7,62.5
"82",-8,61.5
"82",-9,60.5
"82",-10,59.5
"82",-11,58.5
"82",-12,57.5
"82",-13,56.5
"82",-13,55.5
"82",-13,54.5
"82",-13,53.5
"82",-13,52.5
"82",-13,51.5
"82",-13,50.5
"82",-13,49.5
"82",-13,48.5
"82",-13,47.5
"82",-13,46.5
"82",-13,45.5
"82",-13,44.5
"82",-14,43.5
"82",-14,42.5
"82",-14,41.5
"82",-14,40.5
"82",-14,39.5
"82",-14,38.5
"82",-14,37.5
"82",-14,36.5
"82",-14,35.5
"82",-14,34.5
"82",-14,33.5
"82",-14,32.5
"82",-14,31.5
"82",-14,30.5
"82",-14,29.5
"82",-14,28.5
"82",-15,27.5
"82",-16,26.5
"82",-17,25.5
"82",-18,24.5
"82",-18,23.5
"82",-18,22.5
"82",-18,21.5
"82",-18,20.5
"82",-18,19.5
"82",-18,18.5
"82",-18,17.5
"82",-18,16.5
"82",-18,15.5
"82",-18,14.5
"82",-18,13.5
"82",-18,12.5
"82",-18,11.5
"82",-18,10.5
"82",-18,9.5
"82",-18,8.5
"82",-18,7.5
"82",-18,6.5
"82",-18,5.5
"82",-18,4.5
"82",-18,3.5
"82",-18,2.5
"82",-18,1.5
"82",-18,0.5
"82",-18,-0.5
"82",-18,-1.5
"82",-18,-2.5
"82",-18,-3.5
"82",-18,-4.5
"82",-18,-5.5
"82",-18,-6.5
"82",-18,-7.5
"82",-18,-8.5
"82",-18,-9.5
"82",-18,-10.5
"82",-18,-11.5
"82",-18,-12.5
"82",-18,-13.5
"82",-18,-14.5
"82",-18,-15.5
"82",-18,-16.5
"82",-18,-17.5
"82",-18,-18.5
"82",-18,-19.5
"82",-19,-19.5
"82",-20,-20.5
"82",-21,-21.5
"82",-22,-22.5
"82",-22,-23.5
"82",-22,-24.5
"82",-22,-25.5
"82",-22,-26.5
"82",-22,-27.5
"82",-22,-28.5
"82",-22,-29.5
"82",-22,-30.5
"82",-22,-31.5
"82",-22,-32.5
"82",-21,-33.5
"82",-21,-34.5
"82",-21,-35.5
"82",-21,-36.5
"82",-21,-37.5
"82",-21,-38.5
"82",-21,-39.5
"82",-21,-40.5
"82",-21,-41.5
"82",-21,-42.5
"82",-21,-43.5
"82",-21,-44.5
"82",-21,-45.5
"82",-21,-46.5
"82",-21,-47.5
"82",-20,-48.5
"82",-20,-49.5
"82",-20,-50.5
"82",-20,-51.5
"82",-20,-52.5
"82",-20,-53.5
"82",-20,-54.5
"82",-20,-55.5
"82",-20,-56.5
"82",-20,-57.5
"82",-20,-58.5
"82",-20,-59.5
"82",-19,-60.5
"82",-19,-61.5
"82",-19,-62.5
"82",-19,-63.5
"82",-19,-64.5
"82",-20,-65.5
"83",10,76.5
"83",9,76.5
"83",8,76.5
"83",7,76.5
"83",6,75.5
"83",5,75.5
"83",4,75.5
"83",4,74.5
"83",4,73.5
"83",3,72.5
"83",2,71.5
"83",1,70.5
"83",0,69.5
"83",-1,69.5
"83",-2,69.5
"83",-3,68.5
"83",-4,68.5
"83",-5,67.5
"83",-6,67.5
"83",-7,67.5
"83",-7,66.5
"83",-7,65.5
"83",-7,64.5
"83",-7,63.5
"83",-7,62.5
"83",-8,61.5
"83",-9,60.5
"83",-10,59.5
"83",-11,58.5
"83",-12,57.5
"83",-13,56.5
"83",-13,55.5
"83",-13,54.5
"83",-13,53.5
"83",-13,52.5
"83",-13,51.5
"83",-13,50.5
"83",-13,49.5
"83",-13,48.5
"83",-13,47.5
"83",-13,46.5
"83",-13,45.5
"83",-14,45.5
"83",-15,44.5
"83",-16,44.5
"83",-17,44.5
"83",-18,43.5
"83",-18,42.5
"83",-18,41.5
"83",-18,40.5
"83",-18,39.5
"83",-18,38.5
"83",-18,37.5
"83",-18,36.5
"83",-18,35.5
"83",-18,34.5
"83",-18,33.5
"83",-18,32.5
"83",-18,31.5
"83",-18,30.5
"83",-18,29.5
"83",-18,28.5
"83",-18,27.5
"83",-18,26.5
"83",-18,25.5
"83",-18,24.5
"83",-18,23.5
"83",-18,22.5
"83",-18,21.5
"83",-18,20.5
"83",-18,19.5
"83",-18,18.5
"83",-18,17.5
"83",-18,16.5
"83",-18,15.5
"83",-18,14.5
"83",-18,13.5
"83",-18,12.5
"83",-18,11.5
"83",-18,10.5
"83",-18,9.5
"83",-18,8.5
"83",-18,7.5
"83",-18,6.5
"83",-18,5.5
"83",-18,4.5
"83",-18,3.5
"83",-18,2.5
"83",-18,1.5
"83",-18,0.5
"83",-18,-0.5
"83",-18,-1.5
"83",-17,-2.5
"83",-16,-3.5
"83",-16,-4.5
"83",-16,-5.5
"83",-16,-6.5
"83",-16,-7.5
"83",-16,-8.5
"83",-16,-9.5
"83",-16,-10.5
"83",-16,-11.5
"83",-16,-12.5
"83",-16,-13.5
"83",-16,-14.5
"83",-16,-15.5
"83",-16,-16.5
"83",-16,-17.5
"83",-16,-18.5
"83",-16,-19.5
"83",-16,-20.5
"83",-16,-21.5
"83",-16,-22.5
"83",-16,-23.5
"83",-16,-24.5
"83",-16,-25.5
"83",-16,-26.5
"83",-16,-27.5
"83",-16,-28.5
"83",-16,-29.5
"83",-16,-30.5
"83",-16,-31.5
"83",-16,-32.5
"83",-16,-33.5
"83",-16,-34.5
"83",-16,-35.5
"83",-16,-36.5
"83",-16,-37.5
"83",-17,-38.5
"83",-18,-38.5
"83",-18,-39.5
"83",-18,-40.5
"83",-18,-41.5
"83",-18,-42.5
"83",-18,-43.5
"83",-18,-44.5
"83",-18,-45.5
"83",-18,-46.5
"83",-18,-47.5
"83",-18,-48.5
"83",-18,-49.5
"83",-17,-50.5
"83",-16,-50.5
"83",-16,-51.5
"83",-16,-52.5
"83",-16,-53.5
"83",-16,-54.5
"83",-16,-55.5
"83",-16,-56.5
"83",-17,-56.5
"83",-18,-57.5
"83",-18,-58.5
"83",-18,-59.5
"83",-18,-60.5
"83",-19,-60.5
"83",-19,-61.5
"83",-19,-62.5
"83",-19,-63.5
"83",-19,-64.5
"83",-20,-65.5
"84",10,76.5
"84",9,76.5
"84",8,76.5
"84",7,76.5
"84",6,75.5
"84",5,75.5
"84",4,75.5
"84",4,74.5
"84",4,73.5
"84",3,72.5
"84",2,71.5
"84",1,70.5
"84",0,69.5
"84",-1,69.5
"84",-2,69.5
"84",-3,68.5
"84",-4,68.5
"84",-5,67.5
"84",-6,67.5
"84",-7,67.5
"84",-7,66.5
"84",-7,65.5
"84",-7,64.5
"84",-7,63.5
"84",-7,62.5
"84",-8,62.5
"84",-9,61.5
"84",-10,60.5
"84",-11,59.5
"84",-11,58.5
"84",-11,57.5
"84",-12,57.5
"84",-13,56.5
"84",-13,55.5
"84",-13,54.5
"84",-13,53.5
"84",-13,52.5
"84",-13,51.5
"84",-13,50.5
"84",-13,49.5
"84",-13,48.5
"84",-13,47.5
"84",-13,46.5
"84",-13,45.5
"84",-13,44.5
"84",-14,44.5
"84",-15,43.5
"84",-16,43.5
"84",-17,43.5
"84",-18,42.5
"84",-18,41.5
"84",-18,40.5
"84",-18,39.5
"84",-18,38.5
"84",-18,37.5
"84",-18,36.5
"84",-18,35.5
"84",-18,34.5
"84",-18,33.5
"84",-18,32.5
"84",-18,31.5
"84",-18,30.5
"84",-18,29.5
"84",-18,28.5
"84",-18,27.5
"84",-18,26.5
"84",-18,25.5
"84",-18,24.5
"84",-18,23.5
"84",-18,22.5
"84",-18,21.5
"84",-18,20.5
"84",-18,19.5
"84",-18,18.5
"84",-18,17.5
"84",-18,16.5
"84",-18,15.5
"84",-18,14.5
"84",-18,13.5
"84",-18,12.5
"84",-18,11.5
"84",-18,10.5
"84",-18,9.5
"84",-17,8.5
"84",-16,8.5
"84",-16,7.5
"84",-16,6.5
"84",-16,5.5
"84",-16,4.5
"84",-16,3.5
"84",-16,2.5
"84",-16,1.5
"84",-16,0.5
"84",-16,-0.5
"84",-16,-1.5
"84",-16,-2.5
"84",-16,-3.5
"84",-16,-4.5
"84",-16,-5.5
"84",-16,-6.5
"84",-16,-7.5
"84",-16,-8.5
"84",-16,-9.5
"84",-16,-10.5
"84",-16,-11.5
"84",-16,-12.5
"84",-16,-13.5
"84",-16,-14.5
"84",-16,-15.5
"84",-16,-16.5
"84",-16,-17.5
"84",-16,-18.5
"84",-16,-19.5
"84",-16,-20.5
"84",-16,-21.5
"84",-16,-22.5
"84",-16,-23.5
"84",-16,-24.5
"84",-16,-25.5
"84",-16,-26.5
"84",-16,-27.5
"84",-16,-28.5
"84",-16,-29.5
"84",-16,-30.5
"84",-16,-31.5
"84",-16,-32.5
"84",-16,-33.5
"84",-16,-34.5
"84",-16,-35.5
"84",-16,-36.5
"84",-16,-37.5
"84",-17,-38.5
"84",-18,-38.5
"84",-18,-39.5
"84",-18,-40.5
"84",-18,-41.5
"84",-18,-42.5
"84",-18,-43.5
"84",-18,-44.5
"84",-18,-45.5
"84",-18,-46.5
"84",-18,-47.5
"84",-18,-48.5
"84",-18,-49.5
"84",-17,-50.5
"84",-16,-50.5
"84",-16,-51.5
"84",-16,-52.5
"84",-16,-53.5
"84",-16,-54.5
"84",-16,-55.5
"84",-16,-56.5
"84",-17,-56.5
"84",-18,-57.5
"84",-18,-58.5
"84",-18,-59.5
"84",-18,-60.5
"84",-19,-60.5
"84",-19,-61.5
"84",-19,-62.5
"84",-19,-63.5
"84",-19,-64.5
"84",-20,-65.5
"85",10,76.5
"85",9,76.5
"85",8,76.5
"85",7,76.5
"85",6,75.5
"85",5,75.5
"85",4,75.5
"85",4,74.5
"85",4,73.5
"85",3,72.5
"85",2,71.5
"85",1,70.5
"85",0,69.5
"85",-1,69.5
"85",-2,69.5
"85",-3,68.5
"85",-4,68.5
"85",-5,67.5
"85",-6,67.5
"85",-7,67.5
"85",-7,66.5
"85",-7,65.5
"85",-7,64.5
"85",-7,63.5
"85",-7,62.5
"85",-8,62.5
"85",-9,61.5
"85",-10,60.5
"85",-11,59.5
"85",-11,58.5
"85",-11,57.5
"85",-12,57.5
"85",-12,56.5
"85",-12,55.5
"85",-12,54.5
"85",-12,53.5
"85",-12,52.5
"85",-12,51.5
"85",-12,50.5
"85",-13,49.5
"85",-13,48.5
"85",-13,47.5
"85",-13,46.5
"85",-13,45.5
"85",-13,44.5
"85",-14,44.5
"85",-15,43.5
"85",-16,43.5
"85",-17,43.5
"85",-18,42.5
"85",-18,41.5
"85",-18,40.5
"85",-18,39.5
"85",-18,38.5
"85",-18,37.5
"85",-18,36.5
"85",-18,35.5
"85",-18,34.5
"85",-18,33.5
"85",-18,32.5
"85",-18,31.5
"85",-18,30.5
"85",-18,29.5
"85",-18,28.5
"85",-18,27.5
"85",-18,26.5
"85",-18,25.5
"85",-18,24.5
"85",-18,23.5
"85",-18,22.5
"85",-18,21.5
"85",-18,20.5
"85",-18,19.5
"85",-18,18.5
"85",-18,17.5
"85",-18,16.5
"85",-18,15.5
"85",-18,14.5
"85",-18,13.5
"85",-18,12.5
"85",-18,11.5
"85",-18,10.5
"85",-18,9.5
"85",-17,8.5
"85",-16,8.5
"85",-16,7.5
"85",-16,6.5
"85",-16,5.5
"85",-16,4.5
"85",-16,3.5
"85",-16,2.5
"85",-16,1.5
"85",-16,0.5
"85",-16,-0.5
"85",-16,-1.5
"85",-16,-2.5
"85",-16,-3.5
"85",-16,-4.5
"85",-16,-5.5
"85",-16,-6.5
"85",-16,-7.5
"85",-16,-8.5
"85",-16,-9.5
"85",-16,-10.5
"85",-16,-11.5
"85",-16,-12.5
"85",-16,-13.5
"85",-16,-14.5
"85",-16,-15.5
"85",-16,-16.5
"85",-16,-17.5
"85",-16,-18.5
"85",-16,-19.5
"85",-16,-20.5
"85",-16,-21.5
"85",-16,-22.5
"85",-16,-23.5
"85",-16,-24.5
"85",-16,-25.5
"85",-16,-26.5
"85",-16,-27.5
"85",-16,-28.5
"85",-16,-29.5
"85",-16,-30.5
"85",-16,-31.5
"85",-16,-32.5
"85",-16,-33.5
"85",-16,-34.5
"85",-16,-35.5
"85",-16,-36.5
"85",-16,-37.5
"85",-17,-38.5
"85",-18,-38.5
"85",-18,-39.5
"85",-18,-40.5
"85",-18,-41.5
"85",-18,-42.5
"85",-18,-43.5
"85",-18,-44.5
"85",-18,-45.5
"85",-18,-46.5
"85",-18,-47.5
"85",-18,-48.5
"85",-18,-49.5
"85",-17,-50.5
"85",-16,-50.5
"85",-16,-51.5
"85",-16,-52.5
"85",-16,-53.5
"85",-16,-54.5
"85",-16,-55.5
"85",-16,-56.5
"85",-17,-56.5
"85",-18,-57.5
"85",-18,-58.5
"85",-18,-59.5
"85",-18,-60.5
"85",-19,-60.5
"85",-19,-61.5
"85",-19,-62.5
"85",-19,-63.5
"85",-19,-64.5
"85",-20,-65.5
"86",10,76.5
"86",9,76.5
"86",8,76.5
"86",7,76.5
"86",6,76.5
"86",5,76.5
"86",4,76.5
"86",3,76.5
"86",2,76.5
"86",1,76.5
"86",0,76.5
"86",-1,76.5
"86",-2,76.5
"86",-3,76.5
"86",-4,76.5
"86",-5,76.5
"86",-6,76.5
"86",-7,76.5
"86",-8,76.5
"86",-9,76.5
"86",-10,76.5
"86",-11,76.5
"86",-12,76.5
"86",-13,76.5
"86",-13,75.5
"86",-13,74.5
"86",-13,73.5
"86",-13,72.5
"86",-14,72.5
"86",-15,71.5
"86",-16,71.5
"86",-17,71.5
"86",-18,71.5
"86",-19,71.5
"86",-20,71.5
"86",-20,70.5
"86",-20,69.5
"86",-20,68.5
"86",-21,68.5
"86",-22,67.5
"86",-23,67.5
"86",-24,66.5
"86",-25,66.5
"86",-26,66.5
"86",-27,66.5
"86",-27,65.5
"86",-27,64.5
"86",-27,63.5
"86",-27,62.5
"86",-27,61.5
"86",-27,60.5
"86",-27,59.5
"86",-27,58.5
"86",-27,57.5
"86",-27,56.5
"86",-27,55.5
"86",-27,54.5
"86",-27,53.5
"86",-27,52.5
"86",-27,51.5
"86",-27,50.5
"86",-27,49.5
"86",-26,48.5
"86",-26,47.5
"86",-26,46.5
"86",-26,45.5
"86",-26,44.5
"86",-26,43.5
"86",-26,42.5
"86",-26,41.5
"86",-26,40.5
"86",-26,39.5
"86",-26,38.5
"86",-26,37.5
"86",-26,36.5
"86",-26,35.5
"86",-26,34.5
"86",-26,33.5
"86",-25,32.5
"86",-25,31.5
"86",-25,30.5
"86",-25,29.5
"86",-25,28.5
"86",-25,27.5
"86",-25,26.5
"86",-25,25.5
"86",-25,24.5
"86",-25,23.5
"86",-25,22.5
"86",-25,21.5
"86",-25,20.5
"86",-26,19.5
"86",-27,19.5
"86",-28,19.5
"86",-29,19.5
"86",-29,18.5
"86",-29,17.5
"86",-29,16.5
"86",-29,15.5
"86",-29,14.5
"86",-29,13.5
"86",-29,12.5
"86",-29,11.5
"86",-29,10.5
"86",-29,9.5
"86",-29,8.5
"86",-29,7.5
"86",-29,6.5
"86",-29,5.5
"86",-29,4.5
"86",-29,3.5
"86",-29,2.5
"86",-29,1.5
"86",-29,0.5
"86",-29,-0.5
"86",-29,-1.5
"86",-29,-2.5
"86",-29,-3.5
"86",-29,-4.5
"86",-29,-5.5
"86",-29,-6.5
"86",-29,-7.5
"86",-29,-8.5
"86",-29,-9.5
"86",-29,-10.5
"86",-29,-11.5
"86",-29,-12.5
"86",-29,-13.5
"86",-29,-14.5
"86",-29,-15.5
"86",-29,-16.5
"86",-29,-17.5
"86",-29,-18.5
"86",-29,-19.5
"86",-29,-20.5
"86",-29,-21.5
"86",-29,-22.5
"86",-29,-23.5
"86",-29,-24.5
"86",-29,-25.5
"86",-29,-26.5
"86",-28,-27.5
"86",-27,-27.5
"86",-27,-28.5
"86",-27,-29.5
"86",-27,-30.5
"86",-27,-31.5
"86",-27,-32.5
"86",-27,-33.5
"86",-27,-34.5
"86",-27,-35.5
"86",-27,-36.5
"86",-27,-37.5
"86",-27,-38.5
"86",-27,-39.5
"86",-27,-40.5
"86",-27,-41.5
"86",-27,-42.5
"86",-27,-43.5
"86",-27,-44.5
"86",-27,-45.5
"86",-27,-46.5
"86",-27,-47.5
"86",-27,-48.5
"86",-27,-49.5
"86",-27,-50.5
"86",-27,-51.5
"86",-27,-52.5
"86",-27,-53.5
"86",-26,-54.5
"86",-25,-54.5
"86",-25,-55.5
"86",-25,-56.5
"86",-25,-57.5
"86",-25,-58.5
"86",-25,-59.5
"86",-25,-60.5
"86",-25,-61.5
"86",-25,-62.5
"86",-25,-63.5
"86",-24,-64.5
"86",-23,-64.5
"86",-22,-65.5
"86",-21,-65.5
"86",-20,-65.5
"87",10,76.5
"87",9,76.5
"87",8,75.5
"87",7,74.5
"87",6,73.5
"87",5,72.5
"87",4,71.5
"87",3,70.5
"87",2,69.5
"87",1,68.5
"87",1,67.5
"87",1,66.5
"87",0,65.5
"87",-1,64.5
"87",-2,63.5
"87",-3,62.5
"87",-4,61.5
"87",-5,60.5
"87",-6,59.5
"87",-7,58.5
"87",-8,57.5
"87",-9,56.5
"87",-10,55.5
"87",-10,54.5
"87",-11,53.5
"87",-12,52.5
"87",-13,51.5
"87",-13,50.5
"87",-13,49.5
"87",-13,48.5
"87",-13,47.5
"87",-13,46.5
"87",-13,45.5
"87",-13,44.5
"87",-13,43.5
"87",-13,42.5
"87",-13,41.5
"87",-13,40.5
"87",-13,39.5
"87",-13,38.5
"87",-13,37.5
"87",-13,36.5
"87",-13,35.5
"87",-13,34.5
"87",-13,33.5
"87",-13,32.5
"87",-13,31.5
"87",-13,30.5
"87",-13,29.5
"87",-14,28.5
"87",-15,27.5
"87",-16,26.5
"87",-17,25.5
"87",-18,24.5
"87",-18,23.5
"87",-18,22.5
"87",-18,21.5
"87",-18,20.5
"87",-18,19.5
"87",-18,18.5
"87",-18,17.5
"87",-18,16.5
"87",-18,15.5
"87",-18,14.5
"87",-18,13.5
"87",-18,12.5
"87",-18,11.5
"87",-18,10.5
"87",-18,9.5
"87",-18,8.5
"87",-18,7.5
"87",-18,6.5
"87",-18,5.5
"87",-18,4.5
"87",-18,3.5
"87",-18,2.5
"87",-18,1.5
"87",-18,0.5
"87",-18,-0.5
"87",-18,-1.5
"87",-18,-2.5
"87",-18,-3.5
"87",-18,-4.5
"87",-18,-5.5
"87",-18,-6.5
"87",-18,-7.5
"87",-18,-8.5
"87",-18,-9.5
"87",-18,-10.5
"87",-18,-11.5
"87",-18,-12.5
"87",-18,-13.5
"87",-18,-14.5
"87",-18,-15.5
"87",-18,-16.5
"87",-19,-17.5
"87",-20,-18.5
"87",-21,-19.5
"87",-22,-20.5
"87",-23,-21.5
"87",-24,-22.5
"87",-25,-23.5
"87",-26,-24.5
"87",-27,-25.5
"87",-28,-26.5
"87",-29,-27.5
"87",-29,-28.5
"87",-29,-29.5
"87",-29,-30.5
"87",-29,-31.5
"87",-29,-32.5
"87",-29,-33.5
"87",-29,-34.5
"87",-29,-35.5
"87",-29,-36.5
"87",-29,-37.5
"87",-29,-38.5
"87",-29,-39.5
"87",-29,-40.5
"87",-29,-41.5
"87",-29,-42.5
"87",-29,-43.5
"87",-29,-44.5
"87",-29,-45.5
"87",-29,-46.5
"87",-29,-47.5
"87",-29,-48.5
"87",-29,-49.5
"87",-29,-50.5
"87",-29,-51.5
"87",-29,-52.5
"87",-29,-53.5
"87",-28,-54.5
"87",-27,-55.5
"87",-26,-56.5
"87",-25,-57.5
"87",-24,-58.5
"87",-23,-59.5
"87",-22,-60.5
"87",-21,-61.5
"87",-20,-62.5
"87",-20,-63.5
"87",-20,-64.5
"87",-20,-65.5
"88",10,76.5
"88",9,76.5
"88",8,76.5
"88",7,76.5
"88",6,75.5
"88",5,75.5
"88",4,75.5
"88",4,74.5
"88",4,73.5
"88",3,72.5
"88",2,71.5
"88",1,70.5
"88",0,69.5
"88",-1,69.5
"88",-2,69.5
"88",-3,68.5
"88",-4,68.5
"88",-5,67.5
"88",-6,67.5
"88",-7,67.5
"88",-7,66.5
"88",-7,65.5
"88",-7,64.5
"88",-7,63.5
"88",-7,62.5
"88",-8,61.5
"88",-9,60.5
"88",-10,59.5
"88",-11,58.5
"88",-12,57.5
"88",-13,56.5
"88",-13,55.5
"88",-13,54.5
"88",-13,53.5
"88",-13,52.5
"88",-13,51.5
"88",-13,50.5
"88",-13,49.5
"88",-13,48.5
"88",-13,47.5
"88",-13,46.5
"88",-13,45.5
"88",-13,44.5
"88",-14,43.5
"88",-14,42.5
"88",-14,41.5
"88",-14,40.5
"88",-14,39.5
"88",-14,38.5
"88",-14,37.5
"88",-14,36.5
"88",-14,35.5
"88",-14,34.5
"88",-14,33.5
"88",-14,32.5
"88",-14,31.5
"88",-14,30.5
"88",-14,29.5
"88",-14,28.5
"88",-15,27.5
"88",-16,26.5
"88",-17,25.5
"88",-18,24.5
"88",-18,23.5
"88",-18,22.5
"88",-18,21.5
"88",-18,20.5
"88",-18,19.5
"88",-18,18.5
"88",-18,17.5
"88",-18,16.5
"88",-18,15.5
"88",-18,14.5
"88",-18,13.5
"88",-18,12.5
"88",-18,11.5
"88",-18,10.5
"88",-18,9.5
"88",-18,8.5
"88",-18,7.5
"88",-18,6.5
"88",-18,5.5
"88",-18,4.5
"88",-18,3.5
"88",-18,2.5
"88",-18,1.5
"88",-18,0.5
"88",-18,-0.5
"88",-18,-1.5
"88",-18,-2.5
"88",-18,-3.5
"88",-18,-4.5
"88",-18,-5.5
"88",-18,-6.5
"88",-18,-7.5
"88",-18,-8.5
"88",-18,-9.5
"88",-18,-10.5
"88",-18,-11.5
"88",-18,-12.5
"88",-18,-13.5
"88",-18,-14.5
"88",-18,-15.5
"88",-18,-16.5
"88",-18,-17.5
"88",-18,-18.5
"88",-18,-19.5
"88",-19,-19.5
"88",-20,-20.5
"88",-21,-21.5
"88",-22,-22.5
"88",-22,-23.5
"88",-22,-24.5
"88",-22,-25.5
"88",-22,-26.5
"88",-22,-27.5
"88",-22,-28.5
"88",-22,-29.5
"88",-22,-30.5
"88",-22,-31.5
"88",-22,-32.5
"88",-21,-33.5
"88",-21,-34.5
"88",-21,-35.5
"88",-21,-36.5
"88",-21,-37.5
"88",-21,-38.5
"88",-21,-39.5
"88",-21,-40.5
"88",-21,-41.5
"88",-21,-42.5
"88",-21,-43.5
"88",-21,-44.5
"88",-21,-45.5
"88",-21,-46.5
"88",-21,-47.5
"88",-20,-48.5
"88",-20,-49.5
"88",-20,-50.5
"88",-20,-51.5
"88",-20,-52.5
"88",-20,-53.5
"88",-20,-54.5
"88",-20,-55.5
"88",-20,-56.5
"88",-20,-57.5
"88",-20,-58.5
"88",-20,-59.5
"88",-19,-60.5
"88",-19,-61.5
"88",-19,-62.5
"88",-19,-63.5
"88",-19,-64.5
"88",-20,-65.5
"89",10,76.5
"89",9,76.5
"89",8,76.5
"89",7,76.5
"89",6,75.5
"89",5,75.5
"89",4,75.5
"89",4,74.5
"89",4,73.5
"89",3,72.5
"89",2,71.5
"89",1,70.5
"89",0,69.5
"89",-1,69.5
"89",-2,69.5
"89",-3,68.5
"89",-4,68.5
"89",-5,67.5
"89",-6,67.5
"89",-7,67.5
"89",-7,66.5
"89",-7,65.5
"89",-7,64.5
"89",-7,63.5
"89",-7,62.5
"89",-8,62.5
"89",-9,61.5
"89",-10,60.5
"89",-11,59.5
"89",-11,58.5
"89",-11,57.5
"89",-12,57.5
"89",-13,56.5
"89",-13,55.5
"89",-13,54.5
"89",-13,53.5
"89",-13,52.5
"89",-13,51.5
"89",-13,50.5
"89",-13,49.5
"89",-13,48.5
"89",-13,47.5
"89",-13,46.5
"89",-13,45.5
"89",-14,45.5
"89",-15,44.5
"89",-16,44.5
"89",-17,44.5
"89",-18,43.5
"89",-18,42.5
"89",-18,41.5
"89",-18,40.5
"89",-18,39.5
"89",-18,38.5
"89",-18,37.5
"89",-18,36.5
"89",-18,35.5
"89",-18,34.5
"89",-18,33.5
"89",-18,32.5
"89",-18,31.5
"89",-18,30.5
"89",-18,29.5
"89",-18,28.5
"89",-18,27.5
"89",-18,26.5
"89",-18,25.5
"89",-18,24.5
"89",-18,23.5
"89",-18,22.5
"89",-18,21.5
"89",-18,20.5
"89",-18,19.5
"89",-18,18.5
"89",-18,17.5
"89",-18,16.5
"89",-18,15.5
"89",-18,14.5
"89",-18,13.5
"89",-18,12.5
"89",-18,11.5
"89",-18,10.5
"89",-18,9.5
"89",-18,8.5
"89",-18,7.5
"89",-18,6.5
"89",-18,5.5
"89",-18,4.5
"89",-18,3.5
"89",-18,2.5
"89",-18,1.5
"89",-18,0.5
"89",-18,-0.5
"89",-18,-1.5
"89",-17,-2.5
"89",-16,-3.5
"89",-16,-4.5
"89",-16,-5.5
"89",-16,-6.5
"89",-16,-7.5
"89",-16,-8.5
"89",-16,-9.5
"89",-16,-10.5
"89",-16,-11.5
"89",-16,-12.5
"89",-16,-13.5
"89",-16,-14.5
"89",-16,-15.5
"89",-16,-16.5
"89",-16,-17.5
"89",-16,-18.5
"89",-16,-19.5
"89",-16,-20.5
"89",-16,-21.5
"89",-16,-22.5
"89",-16,-23.5
"89",-16,-24.5
"89",-16,-25.5
"89",-16,-26.5
"89",-16,-27.5
"89",-16,-28.5
"89",-16,-29.5
"89",-16,-30.5
"89",-16,-31.5
"89",-16,-32.5
"89",-16,-33.5
"89",-16,-34.5
"89",-16,-35.5
"89",-16,-36.5
"89",-16,-37.5
"89",-16,-38.5
"89",-16,-39.5
"89",-16,-40.5
"89",-16,-41.5
"89",-16,-42.5
"89",-16,-43.5
"89",-16,-44.5
"89",-16,-45.5
"89",-16,-46.5
"89",-16,-47.5
"89",-16,-48.5
"89",-16,-49.5
"89",-16,-50.5
"89",-16,-51.5
"89",-16,-52.5
"89",-16,-53.5
"89",-16,-54.5
"89",-16,-55.5
"89",-16,-56.5
"89",-17,-56.5
"89",-18,-57.5
"89",-18,-58.5
"89",-18,-59.5
"89",-18,-60.5
"89",-19,-60.5
"89",-19,-61.5
"89",-19,-62.5
"89",-19,-63.5
"89",-19,-64.5
"89",-20,-65.5
"90",10,76.5
"90",9,76.5
"90",8,76.5
"90",7,76.5
"90",6,76.5
"90",5,76.5
"90",4,76.5
"90",3,76.5
"90",2,76.5
"90",1,76.5
"90",0,76.5
"90",-1,76.5
"90",-2,76.5
"90",-3,76.5
"90",-4,76.5
"90",-5,76.5
"90",-6,76.5
"90",-7,76.5
"90",-8,76.5
"90",-9,76.5
"90",-10,76.5
"90",-11,76.5
"90",-12,76.5
"90",-13,76.5
"90",-13,75.5
"90",-13,74.5
"90",-13,73.5
"90",-13,72.5
"90",-14,72.5
"90",-15,71.5
"90",-16,71.5
"90",-17,71.5
"90",-18,71.5
"90",-19,71.5
"90",-20,71.5
"90",-20,70.5
"90",-20,69.5
"90",-20,68.5
"90",-21,68.5
"90",-22,67.5
"90",-23,67.5
"90",-24,66.5
"90",-25,66.5
"90",-26,66.5
"90",-27,66.5
"90",-27,65.5
"90",-27,64.5
"90",-27,63.5
"90",-27,62.5
"90",-27,61.5
"90",-27,60.5
"90",-27,59.5
"90",-27,58.5
"90",-27,57.5
"90",-27,56.5
"90",-27,55.5
"90",-27,54.5
"90",-27,53.5
"90",-27,52.5
"90",-27,51.5
"90",-27,50.5
"90",-27,49.5
"90",-26,48.5
"90",-26,47.5
"90",-26,46.5
"90",-26,45.5
"90",-26,44.5
"90",-26,43.5
"90",-26,42.5
"90",-26,41.5
"90",-26,40.5
"90",-26,39.5
"90",-26,38.5
"90",-26,37.5
"90",-26,36.5
"90",-26,35.5
"90",-26,34.5
"90",-26,33.5
"90",-25,32.5
"90",-25,31.5
"90",-25,30.5
"90",-25,29.5
"90",-25,28.5
"90",-25,27.5
"90",-25,26.5
"90",-25,25.5
"90",-25,24.5
"90",-25,23.5
"90",-25,22.5
"90",-25,21.5
"90",-25,20.5
"90",-26,19.5
"90",-27,19.5
"90",-28,19.5
"90",-29,19.5
"90",-29,18.5
"90",-29,17.5
"90",-29,16.5
"90",-29,15.5
"90",-29,14.5
"90",-29,13.5
"90",-29,12.5
"90",-29,11.5
"90",-29,10.5
"90",-29,9.5
"90",-29,8.5
"90",-29,7.5
"90",-29,6.5
"90",-29,5.5
"90",-29,4.5
"90",-29,3.5
"90",-29,2.5
"90",-29,1.5
"90",-29,0.5
"90",-29,-0.5
"90",-29,-1.5
"90",-29,-2.5
"90",-29,-3.5
"90",-29,-4.5
"90",-29,-5.5
"90",-29,-6.5
"90",-29,-7.5
"90",-29,-8.5
"90",-29,-9.5
"90",-29,-10.5
"90",-29,-11.5
"90",-29,-12.5
"90",-29,-13.5
"90",-29,-14.5
"90",-29,-15.5
"90",-29,-16.5
"90",-29,-17.5
"90",-29,-18.5
"90",-29,-19.5
"90",-29,-20.5
"90",-29,-21.5
"90",-29,-22.5
"90",-29,-23.5
"90",-29,-24.5
"90",-29,-25.5
"90",-29,-26.5
"90",-28,-27.5
"90",-27,-27.5
"90",-27,-28.5
"90",-27,-29.5
"90",-27,-30.5
"90",-27,-31.5
"90",-27,-32.5
"90",-27,-33.5
"90",-27,-34.5
"90",-27,-35.5
"90",-27,-36.5
"90",-27,-37.5
"90",-27,-38.5
"90",-27,-39.5
"90",-27,-40.5
"90",-27,-41.5
"90",-27,-42.5
"90",-27,-43.5
"90",-27,-44.5
"90",-27,-45.5
"90",-27,-46.5
"90",-27,-47.5
"90",-27,-48.5
"90",-27,-49.5
"90",-27,-50.5
"90",-27,-51.5
"90",-27,-52.5
"90",-27,-53.5
"90",-26,-54.5
"90",-25,-54.5
"90",-25,-55.5
"90",-25,-56.5
"90",-25,-57.5
"90",-25,-58.5
"90",-25,-59.5
"90",-25,-60.5
"90",-25,-61.5
"90",-25,-62.5
"90",-25,-63.5
"90",-24,-64.5
"90",-23,-64.5
"90",-22,-65.5
"90",-21,-65.5
"90",-20,-65.5
"91",10,76.5
"91",9,76.5
"91",8,76.5
"91",7,76.5
"91",6,76.5
"91",5,76.5
"91",4,76.5
"91",3,76.5
"91",2,76.5
"91",1,76.5
"91",0,76.5
"91",-1,76.5
"91",-2,76.5
"91",-3,76.5
"91",-3,75.5
"91",-3,74.5
"91",-3,73.5
"91",-3,72.5
"91",-4,71.5
"91",-5,70.5
"91",-6,69.5
"91",-7,68.5
"91",-8,67.5
"91",-9,66.5
"91",-9,65.5
"91",-9,64.5
"91",-9,63.5
"91",-9,62.5
"91",-9,61.5
"91",-10,60.5
"91",-11,59.5
"91",-12,58.5
"91",-13,57.5
"91",-14,56.5
"91",-14,55.5
"91",-14,54.5
"91",-14,53.5
"91",-14,52.5
"91",-14,51.5
"91",-14,50.5
"91",-14,49.5
"91",-14,48.5
"91",-14,47.5
"91",-14,46.5
"91",-14,45.5
"91",-14,44.5
"91",-14,43.5
"91",-14,42.5
"91",-14,41.5
"91",-14,40.5
"91",-14,39.5
"91",-14,38.5
"91",-14,37.5
"91",-14,36.5
"91",-14,35.5
"91",-14,34.5
"91",-14,33.5
"91",-14,32.5
"91",-14,31.5
"91",-14,30.5
"91",-14,29.5
"91",-15,28.5
"91",-16,27.5
"91",-16,26.5
"91",-17,25.5
"91",-18,24.5
"91",-18,23.5
"91",-18,22.5
"91",-18,21.5
"91",-18,20.5
"91",-18,19.5
"91",-18,18.5
"91",-18,17.5
"91",-18,16.5
"91",-18,15.5
"91",-18,14.5
"91",-18,13.5
"91",-18,12.5
"91",-18,11.5
"91",-18,10.5
"91",-18,9.5
"91",-18,8.5
"91",-18,7.5
"91",-18,6.5
"91",-18,5.5
"91",-18,4.5
"91",-18,3.5
"91",-18,2.5
"91",-18,1.5
"91",-18,0.5
"91",-18,-0.5
"91",-18,-1.5
"91",-18,-2.5
"91",-18,-3.5
"91",-18,-4.5
"91",-18,-5.5
"91",-18,-6.5
"91",-18,-7.5
"91",-18,-8.5
"91",-18,-9.5
"91",-18,-10.5
"91",-18,-11.5
"91",-18,-12.5
"91",-18,-13.5
"91",-18,-14.5
"91",-18,-15.5
"91",-18,-16.5
"91",-18,-17.5
"91",-18,-18.5
"91",-18,-19.5
"91",-19,-20.5
"91",-20,-21.5
"91",-20,-22.5
"91",-20,-23.5
"91",-20,-24.5
"91",-20,-25.5
"91",-20,-26.5
"91",-20,-27.5
"91",-20,-28.5
"91",-20,-29.5
"91",-20,-30.5
"91",-20,-31.5
"91",-20,-32.5
"91",-20,-33.5
"91",-20,-34.5
"91",-20,-35.5
"91",-20,-36.5
"91",-20,-37.5
"91",-20,-38.5
"91",-20,-39.5
"91",-20,-40.5
"91",-20,-41.5
"91",-20,-42.5
"91",-20,-43.5
"91",-20,-44.5
"91",-20,-45.5
"91",-20,-46.5
"91",-20,-47.5
"91",-20,-48.5
"91",-20,-49.5
"91",-20,-50.5
"91",-20,-51.5
"91",-20,-52.5
"91",-20,-53.5
"91",-20,-54.5
"91",-20,-55.5
"91",-20,-56.5
"91",-20,-57.5
"91",-20,-58.5
"91",-20,-59.5
"91",-20,-60.5
"91",-20,-61.5
"91",-20,-62.5
"91",-20,-63.5
"91",-20,-64.5
"91",-20,-65.5
"92",10,76.5
"92",9,76.5
"92",8,76.5
"92",7,76.5
"92",6,76.5
"92",5,76.5
"92",4,76.5
"92",3,76.5
"92",2,76.5
"92",1,76.5
"92",0,76.5
"92",-1,76.5
"92",-2,76.5
"92",-3,76.5
"92",-4,76.5
"92",-5,76.5
"92",-6,76.5
"92",-7,76.5
"92",-8,76.5
"92",-9,76.5
"92",-10,76.5
"92",-11,76.5
"92",-11,75.5
"92",-11,74.5
"92",-11,73.5
"92",-11,72.5
"92",-11,71.5
"92",-11,70.5
"92",-11,69.5
"92",-11,68.5
"92",-11,67.5
"92",-11,66.5
"92",-11,65.5
"92",-11,64.5
"92",-11,63.5
"92",-11,62.5
"92",-11,61.5
"92",-11,60.5
"92",-11,59.5
"92",-11,58.5
"92",-12,57.5
"92",-13,56.5
"92",-13,55.5
"92",-13,54.5
"92",-13,53.5
"92",-13,52.5
"92",-13,51.5
"92",-13,50.5
"92",-13,49.5
"92",-13,48.5
"92",-13,47.5
"92",-13,46.5
"92",-13,45.5
"92",-13,44.5
"92",-14,43.5
"92",-14,42.5
"92",-14,41.5
"92",-14,40.5
"92",-14,39.5
"92",-14,38.5
"92",-14,37.5
"92",-14,36.5
"92",-14,35.5
"92",-14,34.5
"92",-14,33.5
"92",-14,32.5
"92",-14,31.5
"92",-14,30.5
"92",-14,29.5
"92",-14,28.5
"92",-15,27.5
"92",-16,26.5
"92",-17,25.5
"92",-18,24.5
"92",-18,23.5
"92",-18,22.5
"92",-18,21.5
"92",-18,20.5
"92",-18,19.5
"92",-18,18.5
"92",-18,17.5
"92",-18,16.5
"92",-18,15.5
"92",-18,14.5
"92",-18,13.5
"92",-18,12.5
"92",-18,11.5
"92",-18,10.5
"92",-18,9.5
"92",-18,8.5
"92",-18,7.5
"92",-18,6.5
"92",-18,5.5
"92",-18,4.5
"92",-18,3.5
"92",-18,2.5
"92",-18,1.5
"92",-18,0.5
"92",-18,-0.5
"92",-18,-1.5
"92",-18,-2.5
"92",-18,-3.5
"92",-18,-4.5
"92",-18,-5.5
"92",-18,-6.5
"92",-18,-7.5
"92",-18,-8.5
"92",-18,-9.5
"92",-18,-10.5
"92",-18,-11.5
"92",-18,-12.5
"92",-18,-13.5
"92",-18,-14.5
"92",-18,-15.5
"92",-18,-16.5
"92",-18,-17.5
"92",-18,-18.5
"92",-18,-19.5
"92",-19,-20.5
"92",-20,-21.5
"92",-21,-22.5
"92",-22,-23.5
"92",-22,-24.5
"92",-22,-25.5
"92",-22,-26.5
"92",-22,-27.5
"92",-22,-28.5
"92",-22,-29.5
"92",-22,-30.5
"92",-22,-31.5
"92",-22,-32.5
"92",-21,-33.5
"92",-21,-34.5
"92",-21,-35.5
"92",-21,-36.5
"92",-21,-37.5
"92",-21,-38.5
"92",-21,-39.5
"92",-21,-40.5
"92",-21,-41.5
"92",-21,-42.5
"92",-21,-43.5
"92",-21,-44.5
"92",-21,-45.5
"92",-21,-46.5
"92",-21,-47.5
"92",-20,-48.5
"92",-20,-49.5
"92",-20,-50.5
"92",-20,-51.5
"92",-20,-52.5
"92",-20,-53.5
"92",-20,-54.5
"92",-20,-55.5
"92",-20,-56.5
"92",-20,-57.5
"92",-20,-58.5
"92",-20,-59.5
"92",-19,-60.5
"92",-19,-61.5
"92",-19,-62.5
"92",-19,-63.5
"92",-19,-64.5
"92",-20,-65.5
"93",10,76.5
"93",9,76.5
"93",8,76.5
"93",7,76.5
"93",6,76.5
"93",5,76.5
"93",4,76.5
"93",3,76.5
"93",2,76.5
"93",1,76.5
"93",0,76.5
"93",-1,76.5
"93",-2,76.5
"93",-3,76.5
"93",-4,76.5
"93",-5,76.5
"93",-6,76.5
"93",-7,76.5
"93",-8,76.5
"93",-9,76.5
"93",-10,76.5
"93",-11,76.5
"93",-12,76.5
"93",-13,76.5
"93",-13,75.5
"93",-13,74.5
"93",-13,73.5
"93",-13,72.5
"93",-14,72.5
"93",-15,71.5
"93",-16,71.5
"93",-17,71.5
"93",-18,71.5
"93",-19,71.5
"93",-20,71.5
"93",-20,70.5
"93",-20,69.5
"93",-20,68.5
"93",-21,68.5
"93",-22,67.5
"93",-23,67.5
"93",-24,66.5
"93",-25,66.5
"93",-26,66.5
"93",-27,66.5
"93",-27,65.5
"93",-27,64.5
"93",-27,63.5
"93",-27,62.5
"93",-27,61.5
"93",-27,60.5
"93",-27,59.5
"93",-27,58.5
"93",-27,57.5
"93",-27,56.5
"93",-27,55.5
"93",-27,54.5
"93",-27,53.5
"93",-27,52.5
"93",-27,51.5
"93",-27,50.5
"93",-27,49.5
"93",-26,48.5
"93",-26,47.5
"93",-26,46.5
"93",-26,45.5
"93",-26,44.5
"93",-26,43.5
"93",-26,42.5
"93",-26,41.5
"93",-26,40.5
"93",-26,39.5
"93",-26,38.5
"93",-26,37.5
"93",-26,36.5
"93",-26,35.5
"93",-26,34.5
"93",-26,33.5
"93",-25,32.5
"93",-25,31.5
"93",-25,30.5
"93",-25,29.5
"93",-25,28.5
"93",-25,27.5
"93",-25,26.5
"93",-25,25.5
"93",-25,24.5
"93",-25,23.5
"93",-25,22.5
"93",-25,21.5
"93",-25,20.5
"93",-26,19.5
"93",-27,19.5
"93",-28,19.5
"93",-29,19.5
"93",-29,18.5
"93",-29,17.5
"93",-29,16.5
"93",-29,15.5
"93",-29,14.5
"93",-29,13.5
"93",-29,12.5
"93",-29,11.5
"93",-29,10.5
"93",-29,9.5
"93",-29,8.5
"93",-29,7.5
"93",-29,6.5
"93",-29,5.5
"93",-29,4.5
"93",-29,3.5
"93",-29,2.5
"93",-29,1.5
"93",-29,0.5
"93",-29,-0.5
"93",-29,-1.5
"93",-29,-2.5
"93",-29,-3.5
"93",-29,-4.5
"93",-29,-5.5
"93",-29,-6.5
"93",-29,-7.5
"93",-29,-8.5
"93",-29,-9.5
"93",-29,-10.5
"93",-29,-11.5
"93",-29,-12.5
"93",-29,-13.5
"93",-29,-14.5
"93",-29,-15.5
"93",-29,-16.5
"93",-29,-17.5
"93",-29,-18.5
"93",-29,-19.5
"93",-29,-20.5
"93",-29,-21.5
"93",-29,-22.5
"93",-29,-23.5
"93",-29,-24.5
"93",-29,-25.5
"93",-29,-26.5
"93",-28,-27.5
"93",-27,-27.5
"93",-27,-28.5
"93",-27,-29.5
"93",-27,-30.5
"93",-27,-31.5
"93",-27,-32.5
"93",-27,-33.5
"93",-27,-34.5
"93",-27,-35.5
"93",-27,-36.5
"93",-27,-37.5
"93",-27,-38.5
"93",-27,-39.5
"93",-27,-40.5
"93",-27,-41.5
"93",-27,-42.5
"93",-27,-43.5
"93",-27,-44.5
"93",-27,-45.5
"93",-27,-46.5
"93",-27,-47.5
"93",-27,-48.5
"93",-27,-49.5
"93",-27,-50.5
"93",-27,-51.5
"93",-27,-52.5
"93",-27,-53.5
"93",-26,-54.5
"93",-25,-54.5
"93",-25,-55.5
"93",-25,-56.5
"93",-25,-57.5
"93",-25,-58.5
"93",-25,-59.5
"93",-25,-60.5
"93",-25,-61.5
"93",-25,-62.5
"93",-25,-63.5
"93",-24,-64.5
"93",-23,-64.5
"93",-22,-65.5
"93",-21,-65.5
"93",-20,-65.5
"94",10,76.5
"94",9,76.5
"94",8,76.5
"94",7,76.5
"94",6,76.5
"94",5,76.5
"94",4,76.5
"94",3,76.5
"94",2,76.5
"94",1,76.5
"94",0,76.5
"94",-1,76.5
"94",-2,76.5
"94",-3,76.5
"94",-4,76.5
"94",-5,76.5
"94",-6,76.5
"94",-7,76.5
"94",-8,76.5
"94",-8,75.5
"94",-8,74.5
"94",-8,73.5
"94",-8,72.5
"94",-8,71.5
"94",-8,70.5
"94",-9,69.5
"94",-10,68.5
"94",-11,67.5
"94",-12,66.5
"94",-13,65.5
"94",-13,64.5
"94",-13,63.5
"94",-13,62.5
"94",-13,61.5
"94",-13,60.5
"94",-14,59.5
"94",-14,58.5
"94",-14,57.5
"94",-14,56.5
"94",-14,55.5
"94",-14,54.5
"94",-14,53.5
"94",-14,52.5
"94",-14,51.5
"94",-14,50.5
"94",-14,49.5
"94",-14,48.5
"94",-14,47.5
"94",-14,46.5
"94",-14,45.5
"94",-14,44.5
"94",-14,43.5
"94",-14,42.5
"94",-14,41.5
"94",-14,40.5
"94",-14,39.5
"94",-14,38.5
"94",-14,37.5
"94",-14,36.5
"94",-14,35.5
"94",-14,34.5
"94",-14,33.5
"94",-14,32.5
"94",-14,31.5
"94",-14,30.5
"94",-14,29.5
"94",-15,28.5
"94",-15,27.5
"94",-16,26.5
"94",-17,25.5
"94",-18,24.5
"94",-18,23.5
"94",-18,22.5
"94",-18,21.5
"94",-18,20.5
"94",-18,19.5
"94",-18,18.5
"94",-18,17.5
"94",-18,16.5
"94",-18,15.5
"94",-18,14.5
"94",-18,13.5
"94",-18,12.5
"94",-18,11.5
"94",-18,10.5
"94",-18,9.5
"94",-18,8.5
"94",-18,7.5
"94",-18,6.5
"94",-18,5.5
"94",-18,4.5
"94",-18,3.5
"94",-18,2.5
"94",-18,1.5
"94",-18,0.5
"94",-18,-0.5
"94",-18,-1.5
"94",-18,-2.5
"94",-18,-3.5
"94",-18,-4.5
"94",-18,-5.5
"94",-18,-6.5
"94",-18,-7.5
"94",-18,-8.5
"94",-18,-9.5
"94",-18,-10.5
"94",-18,-11.5
"94",-18,-12.5
"94",-18,-13.5
"94",-18,-14.5
"94",-18,-15.5
"94",-18,-16.5
"94",-18,-17.5
"94",-18,-18.5
"94",-19,-19.5
"94",-20,-20.5
"94",-20,-21.5
"94",-20,-22.5
"94",-20,-23.5
"94",-20,-24.5
"94",-20,-25.5
"94",-20,-26.5
"94",-20,-27.5
"94",-20,-28.5
"94",-20,-29.5
"94",-20,-30.5
"94",-20,-31.5
"94",-20,-32.5
"94",-20,-33.5
"94",-20,-34.5
"94",-20,-35.5
"94",-20,-36.5
"94",-20,-37.5
"94",-20,-38.5
"94",-20,-39.5
"94",-20,-40.5
"94",-20,-41.5
"94",-20,-42.5
"94",-20,-43.5
"94",-20,-44.5
"94",-20,-45.5
"94",-20,-46.5
"94",-20,-47.5
"94",-20,-48.5
"94",-20,-49.5
"94",-20,-50.5
"94",-20,-51.5
"94",-20,-52.5
"94",-20,-53.5
"94",-20,-54.5
"94",-20,-55.5
"94",-20,-56.5
"94",-20,-57.5
"94",-20,-58.5
"94",-20,-59.5
"94",-20,-60.5
"94",-20,-61.5
"94",-20,-62.5
"94",-20,-63.5
"94",-20,-64.5
"94",-20,-65.5
"95",10,76.5
"95",9,76.5
"95",8,76.5
"95",7,76.5
"95",6,76.5
"95",5,76.5
"95",4,76.5
"95",3,76.5
"95",2,76.5
"95",1,76.5
"95",0,76.5
"95",-1,76.5
"95",-2,76.5
"95",-3,76.5
"95",-4,76.5
"95",-5,76.5
"95",-6,76.5
"95",-7,76.5
"95",-8,76.5
"95",-9,76.5
"95",-10,76.5
"95",-11,76.5
"95",-11,75.5
"95",-11,74.5
"95",-11,73.5
"95",-11,72.5
"95",-11,71.5
"95",-11,70.5
"95",-11,69.5
"95",-11,68.5
"95",-11,67.5
"95",-11,66.5
"95",-11,65.5
"95",-12,65.5
"95",-13,64.5
"95",-14,63.5
"95",-15,62.5
"95",-15,61.5
"95",-15,60.5
"95",-15,59.5
"95",-15,58.5
"95",-15,57.5
"95",-15,56.5
"95",-15,55.5
"95",-15,54.5
"95",-15,53.5
"95",-16,52.5
"95",-17,51.5
"95",-18,50.5
"95",-18,49.5
"95",-18,48.5
"95",-18,47.5
"95",-18,46.5
"95",-18,45.5
"95",-18,44.5
"95",-18,43.5
"95",-18,42.5
"95",-18,41.5
"95",-18,40.5
"95",-18,39.5
"95",-18,38.5
"95",-18,37.5
"95",-18,36.5
"95",-18,35.5
"95",-18,34.5
"95",-18,33.5
"95",-18,32.5
"95",-18,31.5
"95",-18,30.5
"95",-18,29.5
"95",-18,28.5
"95",-18,27.5
"95",-18,26.5
"95",-18,25.5
"95",-18,24.5
"95",-18,23.5
"95",-18,22.5
"95",-18,21.5
"95",-18,20.5
"95",-18,19.5
"95",-18,18.5
"95",-18,17.5
"95",-18,16.5
"95",-18,15.5
"95",-18,14.5
"95",-18,13.5
"95",-18,12.5
"95",-18,11.5
"95",-18,10.5
"95",-18,9.5
"95",-18,8.5
"95",-18,7.5
"95",-18,6.5
"95",-18,5.5
"95",-18,4.5
"95",-18,3.5
"95",-18,2.5
"95",-18,1.5
"95",-18,0.5
"95",-18,-0.5
"95",-18,-1.5
"95",-18,-2.5
"95",-18,-3.5
"95",-18,-4.5
"95",-18,-5.5
"95",-18,-6.5
"95",-18,-7.5
"95",-18,-8.5
"95",-19,-9.5
"95",-20,-10.5
"95",-20,-11.5
"95",-20,-12.5
"95",-20,-13.5
"95",-20,-14.5
"95",-20,-15.5
"95",-20,-16.5
"95",-20,-17.5
"95",-20,-18.5
"95",-20,-19.5
"95",-20,-20.5
"95",-21,-21.5
"95",-22,-22.5
"95",-22,-23.5
"95",-22,-24.5
"95",-22,-25.5
"95",-22,-26.5
"95",-22,-27.5
"95",-22,-28.5
"95",-22,-29.5
"95",-22,-30.5
"95",-22,-31.5
"95",-22,-32.5
"95",-21,-33.5
"95",-21,-34.5
"95",-21,-35.5
"95",-21,-36.5
"95",-21,-37.5
"95",-21,-38.5
"95",-21,-39.5
"95",-21,-40.5
"95",-21,-41.5
"95",-21,-42.5
"95",-21,-43.5
"95",-21,-44.5
"95",-21,-45.5
"95",-21,-46.5
"95",-21,-47.5
"95",-20,-48.5
"95",-20,-49.5
"95",-20,-50.5
"95",-20,-51.5
"95",-20,-52.5
"95",-20,-53.5
"95",-20,-54.5
"95",-20,-55.5
"95",-20,-56.5
"95",-20,-57.5
"95",-20,-58.5
"95",-20,-59.5
"95",-19,-60.5
"95",-19,-61.5
"95",-19,-62.5
"95",-19,-63.5
"95",-19,-64.5
"95",-20,-65.5
"96",10,76.5
"96",9,76.5
"96",8,76.5
"96",7,76.5
"96",6,76.5
"96",5,76.5
"96",4,76.5
"96",3,76.5
"96",2,76.5
"96",1,76.5
"96",0,76.5
"96",-1,76.5
"96",-2,76.5
"96",-3,76.5
"96",-4,76.5
"96",-5,76.5
"96",-6,76.5
"96",-7,76.5
"96",-8,76.5
"96",-9,76.5
"96",-10,76.5
"96",-11,76.5
"96",-12,76.5
"96",-13,76.5
"96",-13,75.5
"96",-13,74.5
"96",-13,73.5
"96",-13,72.5
"96",-14,72.5
"96",-15,71.5
"96",-16,71.5
"96",-17,71.5
"96",-18,71.5
"96",-19,71.5
"96",-20,71.5
"96",-20,70.5
"96",-20,69.5
"96",-20,68.5
"96",-21,68.5
"96",-22,67.5
"96",-23,67.5
"96",-24,66.5
"96",-25,66.5
"96",-26,66.5
"96",-27,66.5
"96",-27,65.5
"96",-27,64.5
"96",-27,63.5
"96",-27,62.5
"96",-27,61.5
"96",-27,60.5
"96",-27,59.5
"96",-27,58.5
"96",-27,57.5
"96",-27,56.5
"96",-27,55.5
"96",-27,54.5
"96",-27,53.5
"96",-27,52.5
"96",-27,51.5
"96",-27,50.5
"96",-27,49.5
"96",-26,48.5
"96",-26,47.5
"96",-26,46.5
"96",-26,45.5
"96",-26,44.5
"96",-26,43.5
"96",-26,42.5
"96",-26,41.5
"96",-26,40.5
"96",-26,39.5
"96",-26,38.5
"96",-26,37.5
"96",-26,36.5
"96",-26,35.5
"96",-26,34.5
"96",-26,33.5
"96",-25,32.5
"96",-25,31.5
"96",-25,30.5
"96",-25,29.5
"96",-25,28.5
"96",-25,27.5
"96",-25,26.5
"96",-25,25.5
"96",-25,24.5
"96",-25,23.5
"96",-25,22.5
"96",-25,21.5
"96",-25,20.5
"96",-26,19.5
"96",-27,18.5
"96",-28,18.5
"96",-29,17.5
"96",-29,16.5
"96",-29,15.5
"96",-29,14.5
"96",-29,13.5
"96",-29,12.5
"96",-29,11.5
"96",-29,10.5
"96",-29,9.5
"96",-29,8.5
"96",-29,7.5
"96",-29,6.5
"96",-29,5.5
"96",-29,4.5
"96",-29,3.5
"96",-29,2.5
"96",-29,1.5
"96",-29,0.5
"96",-29,-0.5
"96",-29,-1.5
"96",-29,-2.5
"96",-29,-3.5
"96",-29,-4.5
"96",-29,-5.5
"96",-29,-6.5
"96",-29,-7.5
"96",-29,-8.5
"96",-29,-9.5
"96",-29,-10.5
"96",-29,-11.5
"96",-29,-12.5
"96",-29,-13.5
"96",-29,-14.5
"96",-29,-15.5
"96",-29,-16.5
"96",-29,-17.5
"96",-29,-18.5
"96",-29,-19.5
"96",-29,-20.5
"96",-29,-21.5
"96",-29,-22.5
"96",-29,-23.5
"96",-29,-24.5
"96",-29,-25.5
"96",-29,-26.5
"96",-28,-27.5
"96",-27,-27.5
"96",-27,-28.5
"96",-27,-29.5
"96",-27,-30.5
"96",-27,-31.5
"96",-27,-32.5
"96",-27,-33.5
"96",-27,-34.5
"96",-27,-35.5
"96",-27,-36.5
"96",-27,-37.5
"96",-27,-38.5
"96",-27,-39.5
"96",-27,-40.5
"96",-27,-41.5
"96",-27,-42.5
"96",-27,-43.5
"96",-27,-44.5
"96",-27,-45.5
"96",-27,-46.5
"96",-27,-47.5
"96",-27,-48.5
"96",-27,-49.5
"96",-27,-50.5
"96",-27,-51.5
"96",-27,-52.5
"96",-27,-53.5
"96",-26,-54.5
"96",-25,-54.5
"96",-25,-55.5
"96",-25,-56.5
"96",-25,-57.5
"96",-25,-58.5
"96",-25,-59.5
"96",-25,-60.5
"96",-25,-61.5
"96",-25,-62.5
"96",-25,-63.5
"96",-24,-64.5
"96",-23,-64.5
"96",-22,-65.5
"96",-21,-65.5
"96",-20,-65.5
"97",10,76.5
"97",9,76.5
"97",8,76.5
"97",7,76.5
"97",6,76.5
"97",5,76.5
"97",4,76.5
"97",3,76.5
"97",2,76.5
"97",1,76.5
"97",0,76.5
"97",-1,76.5
"97",-2,76.5
"97",-3,76.5
"97",-4,76.5
"97",-5,76.5
"97",-6,76.5
"97",-7,76.5
"97",-8,76.5
"97",-9,76.5
"97",-10,76.5
"97",-11,76.5
"97",-12,76.5
"97",-13,76.5
"97",-14,76.5
"97",-15,76.5
"97",-16,76.5
"97",-17,76.5
"97",-17,75.5
"97",-17,74.5
"97",-18,74.5
"97",-18,73.5
"97",-18,72.5
"97",-19,72.5
"97",-20,72.5
"97",-20,71.5
"97",-20,70.5
"97",-21,70.5
"97",-21,69.5
"97",-22,68.5
"97",-23,67.5
"97",-24,66.5
"97",-24,65.5
"97",-24,64.5
"97",-24,63.5
"97",-24,62.5
"97",-24,61.5
"97",-24,60.5
"97",-24,59.5
"97",-24,58.5
"97",-24,57.5
"97",-23,56.5
"97",-22,55.5
"97",-21,54.5
"97",-21,53.5
"97",-21,52.5
"97",-21,51.5
"97",-21,50.5
"97",-21,49.5
"97",-21,48.5
"97",-21,47.5
"97",-21,46.5
"97",-21,45.5
"97",-21,44.5
"97",-21,43.5
"97",-21,42.5
"97",-21,41.5
"97",-21,40.5
"97",-21,39.5
"97",-21,38.5
"97",-21,37.5
"97",-21,36.5
"97",-21,35.5
"97",-21,34.5
"97",-21,33.5
"97",-21,32.5
"97",-21,31.5
"97",-21,30.5
"97",-21,29.5
"97",-21,28.5
"97",-21,27.5
"97",-21,26.5
"97",-21,25.5
"97",-21,24.5
"97",-21,23.5
"97",-21,22.5
"97",-21,21.5
"97",-21,20.5
"97",-21,19.5
"97",-21,18.5
"97",-21,17.5
"97",-21,16.5
"97",-21,15.5
"97",-21,14.5
"97",-21,13.5
"97",-21,12.5
"97",-21,11.5
"97",-21,10.5
"97",-21,9.5
"97",-21,8.5
"97",-21,7.5
"97",-21,6.5
"97",-21,5.5
"97",-21,4.5
"97",-21,3.5
"97",-21,2.5
"97",-21,1.5
"97",-21,0.5
"97",-21,-0.5
"97",-21,-1.5
"97",-21,-2.5
"97",-21,-3.5
"97",-21,-4.5
"97",-21,-5.5
"97",-21,-6.5
"97",-21,-7.5
"97",-21,-8.5
"97",-21,-9.5
"97",-21,-10.5
"97",-21,-11.5
"97",-21,-12.5
"97",-21,-13.5
"97",-21,-14.5
"97",-21,-15.5
"97",-21,-16.5
"97",-21,-17.5
"97",-21,-18.5
"97",-21,-19.5
"97",-21,-20.5
"97",-21,-21.5
"97",-21,-22.5
"97",-21,-23.5
"97",-21,-24.5
"97",-21,-25.5
"97",-21,-26.5
"97",-21,-27.5
"97",-21,-28.5
"97",-21,-29.5
"97",-21,-30.5
"97",-21,-31.5
"97",-21,-32.5
"97",-21,-33.5
"97",-21,-34.5
"97",-21,-35.5
"97",-21,-36.5
"97",-21,-37.5
"97",-21,-38.5
"97",-21,-39.5
"97",-21,-40.5
"97",-21,-41.5
"97",-21,-42.5
"97",-21,-43.5
"97",-21,-44.5
"97",-21,-45.5
"97",-21,-46.5
"97",-21,-47.5
"97",-21,-48.5
"97",-21,-49.5
"97",-21,-50.5
"97",-21,-51.5
"97",-21,-52.5
"97",-21,-53.5
"97",-21,-54.5
"97",-21,-55.5
"97",-21,-56.5
"97",-21,-57.5
"97",-20,-58.5
"97",-20,-59.5
"97",-20,-60.5
"97",-20,-61.5
"97",-20,-62.5
"97",-20,-63.5
"97",-20,-64.5
"97",-20,-65.5
"98",10,76.5
"98",9,76.5
"98",8,75.5
"98",7,75.5
"98",6,74.5
"98",5,74.5
"98",4,74.5
"98",4,73.5
"98",3,72.5
"98",2,71.5
"98",1,70.5
"98",0,69.5
"98",-1,69.5
"98",-2,69.5
"98",-3,68.5
"98",-4,68.5
"98",-5,67.5
"98",-6,67.5
"98",-7,67.5
"98",-7,66.5
"98",-7,65.5
"98",-7,64.5
"98",-7,63.5
"98",-7,62.5
"98",-8,61.5
"98",-9,60.5
"98",-10,59.5
"98",-11,58.5
"98",-12,57.5
"98",-13,56.5
"98",-13,55.5
"98",-13,54.5
"98",-13,53.5
"98",-13,52.5
"98",-13,51.5
"98",-13,50.5
"98",-13,49.5
"98",-13,48.5
"98",-13,47.5
"98",-13,46.5
"98",-13,45.5
"98",-12,44.5
"98",-11,44.5
"98",-11,43.5
"98",-10,42.5
"98",-11,41.5
"98",-11,40.5
"98",-11,39.5
"98",-11,38.5
"98",-11,37.5
"98",-11,36.5
"98",-11,35.5
"98",-11,34.5
"98",-11,33.5
"98",-11,32.5
"98",-12,31.5
"98",-13,30.5
"98",-14,29.5
"98",-14,28.5
"98",-15,27.5
"98",-16,26.5
"98",-17,25.5
"98",-18,24.5
"98",-18,23.5
"98",-18,22.5
"98",-18,21.5
"98",-18,20.5
"98",-18,19.5
"98",-18,18.5
"98",-18,17.5
"98",-18,16.5
"98",-18,15.5
"98",-18,14.5
"98",-18,13.5
"98",-18,12.5
"98",-18,11.5
"98",-18,10.5
"98",-18,9.5
"98",-18,8.5
"98",-18,7.5
"98",-18,6.5
"98",-18,5.5
"98",-18,4.5
"98",-18,3.5
"98",-18,2.5
"98",-18,1.5
"98",-18,0.5
"98",-18,-0.5
"98",-18,-1.5
"98",-18,-2.5
"98",-17,-3.5
"98",-16,-4.5
"98",-16,-5.5
"98",-16,-6.5
"98",-16,-7.5
"98",-16,-8.5
"98",-16,-9.5
"98",-16,-10.5
"98",-16,-11.5
"98",-16,-12.5
"98",-16,-13.5
"98",-16,-14.5
"98",-16,-15.5
"98",-16,-16.5
"98",-16,-17.5
"98",-17,-17.5
"98",-18,-18.5
"98",-18,-19.5
"98",-19,-19.5
"98",-20,-20.5
"98",-21,-20.5
"98",-22,-21.5
"98",-23,-22.5
"98",-24,-22.5
"98",-25,-23.5
"98",-26,-24.5
"98",-27,-25.5
"98",-27,-26.5
"98",-27,-27.5
"98",-27,-28.5
"98",-27,-29.5
"98",-27,-30.5
"98",-27,-31.5
"98",-27,-32.5
"98",-27,-33.5
"98",-27,-34.5
"98",-27,-35.5
"98",-27,-36.5
"98",-27,-37.5
"98",-27,-38.5
"98",-27,-39.5
"98",-27,-40.5
"98",-27,-41.5
"98",-27,-42.5
"98",-27,-43.5
"98",-27,-44.5
"98",-27,-45.5
"98",-27,-46.5
"98",-27,-47.5
"98",-27,-48.5
"98",-27,-49.5
"98",-27,-50.5
"98",-27,-51.5
"98",-27,-52.5
"98",-27,-53.5
"98",-26,-54.5
"98",-25,-54.5
"98",-25,-55.5
"98",-25,-56.5
"98",-25,-57.5
"98",-25,-58.5
"98",-25,-59.5
"98",-24,-60.5
"98",-23,-60.5
"98",-22,-61.5
"98",-21,-61.5
"98",-20,-61.5
"98",-19,-62.5
"98",-19,-63.5
"98",-19,-64.5
"98",-20,-65.5
"99",10,76.5
"99",9,76.5
"99",8,76.5
"99",7,76.5
"99",6,75.5
"99",5,75.5
"99",4,75.5
"99",4,74.5
"99",4,73.5
"99",3,72.5
"99",2,71.5
"99",1,70.5
"99",0,69.5
"99",-1,69.5
"99",-2,69.5
"99",-3,68.5
"99",-4,68.5
"99",-5,67.5
"99",-6,67.5
"99",-7,67.5
"99",-7,66.5
"99",-7,65.5
"99",-7,64.5
"99",-7,63.5
"99",-7,62.5
"99",-8,62.5
"99",-9,61.5
"99",-10,60.5
"99",-11,59.5
"99",-11,58.5
"99",-12,57.5
"99",-13,56.5
"99",-13,55.5
"99",-13,54.5
"99",-13,53.5
"99",-13,52.5
"99",-13,51.5
"99",-13,50.5
"99",-13,49.5
"99",-13,48.5
"99",-13,47.5
"99",-13,46.5
"99",-13,45.5
"99",-12,44.5
"99",-11,44.5
"99",-11,43.5
"99",-10,42.5
"99",-11,41.5
"99",-11,40.5
"99",-11,39.5
"99",-11,38.5
"99",-11,37.5
"99",-11,36.5
"99",-11,35.5
"99",-11,34.5
"99",-11,33.5
"99",-11,32.5
"99",-12,31.5
"99",-13,30.5
"99",-14,29.5
"99",-14,28.5
"99",-15,27.5
"99",-16,26.5
"99",-17,25.5
"99",-18,24.5
"99",-18,23.5
"99",-18,22.5
"99",-18,21.5
"99",-18,20.5
"99",-18,19.5
"99",-18,18.5
"99",-18,17.5
"99",-18,16.5
"99",-18,15.5
"99",-18,14.5
"99",-18,13.5
"99",-18,12.5
"99",-18,11.5
"99",-18,10.5
"99",-18,9.5
"99",-18,8.5
"99",-18,7.5
"99",-18,6.5
"99",-18,5.5
"99",-18,4.5
"99",-18,3.5
"99",-18,2.5
"99",-18,1.5
"99",-18,0.5
"99",-18,-0.5
"99",-18,-1.5
"99",-17,-2.5
"99",-16,-3.5
"99",-16,-4.5
"99",-16,-5.5
"99",-16,-6.5
"99",-16,-7.5
"99",-16,-8.5
"99",-16,-9.5
"99",-16,-10.5
"99",-16,-11.5
"99",-16,-12.5
"99",-16,-13.5
"99",-16,-14.5
"99",-16,-15.5
"99",-16,-16.5
"99",-17,-16.5
"99",-18,-17.5
"99",-19,-17.5
"99",-20,-18.5
"99",-21,-18.5
"99",-22,-19.5
"99",-23,-20.5
"99",-24,-20.5
"99",-25,-20.5
"99",-26,-20.5
"99",-27,-21.5
"99",-27,-22.5
"99",-27,-23.5
"99",-27,-24.5
"99",-27,-25.5
"99",-27,-26.5
"99",-27,-27.5
"99",-27,-28.5
"99",-27,-29.5
"99",-27,-30.5
"99",-27,-31.5
"99",-27,-32.5
"99",-27,-33.5
"99",-27,-34.5
"99",-27,-35.5
"99",-27,-36.5
"99",-27,-37.5
"99",-27,-38.5
"99",-27,-39.5
"99",-27,-40.5
"99",-27,-41.5
"99",-27,-42.5
"99",-27,-43.5
"99",-27,-44.5
"99",-27,-45.5
"99",-27,-46.5
"99",-27,-47.5
"99",-27,-48.5
"99",-27,-49.5
"99",-27,-50.5
"99",-27,-51.5
"99",-27,-52.5
"99",-27,-53.5
"99",-26,-54.5
"99",-25,-54.5
"99",-25,-55.5
"99",-25,-56.5
"99",-25,-57.5
"99",-25,-58.5
"99",-24,-59.5
"99",-23,-59.5
"99",-22,-59.5
"99",-21,-59.5
"99",-20,-59.5
"99",-19,-60.5
"99",-19,-61.5
"99",-19,-62.5
"99",-19,-63.5
"99",-19,-64.5
"99",-20,-65.5
"100",10,76.5
"100",9,76.5
"100",8,76.5
"100",7,76.5
"100",6,75.5
"100",5,75.5
"100",4,75.5
"100",4,74.5
"100",4,73.5
"100",3,72.5
"100",2,71.5
"100",1,70.5
"100",0,69.5
"100",-1,69.5
"100",-2,69.5
"100",-3,68.5
"100",-4,68.5
"100",-5,67.5
"100",-6,67.5
"100",-7,67.5
"100",-7,66.5
"100",-7,65.5
"100",-7,64.5
"100",-7,63.5
"100",-7,62.5
"100",-8,62.5
"100",-9,61.5
"100",-10,60.5
"100",-11,59.5
"100",-10,58.5
"100",-11,57.5
"100",-12,57.5
"100",-13,56.5
"100",-13,55.5
"100",-13,54.5
"100",-13,53.5
"100",-13,52.5
"100",-13,51.5
"100",-13,50.5
"100",-13,49.5
"100",-13,48.5
"100",-13,47.5
"100",-13,46.5
"100",-13,45.5
"100",-13,44.5
"100",-14,44.5
"100",-15,43.5
"100",-16,43.5
"100",-17,43.5
"100",-18,42.5
"100",-18,41.5
"100",-18,40.5
"100",-18,39.5
"100",-18,38.5
"100",-18,37.5
"100",-18,36.5
"100",-18,35.5
"100",-18,34.5
"100",-18,33.5
"100",-18,32.5
"100",-18,31.5
"100",-18,30.5
"100",-18,29.5
"100",-18,28.5
"100",-18,27.5
"100",-18,26.5
"100",-18,25.5
"100",-18,24.5
"100",-18,23.5
"100",-18,22.5
"100",-18,21.5
"100",-18,20.5
"100",-18,19.5
"100",-18,18.5
"100",-18,17.5
"100",-18,16.5
"100",-18,15.5
"100",-18,14.5
"100",-18,13.5
"100",-18,12.5
"100",-18,11.5
"100",-18,10.5
"100",-18,9.5
"100",-18,8.5
"100",-18,7.5
"100",-18,6.5
"100",-18,5.5
"100",-18,4.5
"100",-18,3.5
"100",-19,3.5
"100",-20,2.5
"100",-21,2.5
"100",-22,1.5
"100",-22,0.5
"100",-22,-0.5
"100",-22,-1.5
"100",-22,-2.5
"100",-23,-2.5
"100",-23,-3.5
"100",-23,-4.5
"100",-23,-5.5
"100",-23,-6.5
"100",-23,-7.5
"100",-23,-8.5
"100",-23,-9.5
"100",-23,-10.5
"100",-23,-11.5
"100",-23,-12.5
"100",-24,-13.5
"100",-25,-13.5
"100",-26,-13.5
"100",-27,-14.5
"100",-27,-15.5
"100",-27,-16.5
"100",-27,-17.5
"100",-27,-18.5
"100",-27,-19.5
"100",-27,-20.5
"100",-27,-21.5
"100",-27,-22.5
"100",-27,-23.5
"100",-27,-24.5
"100",-27,-25.5
"100",-27,-26.5
"100",-27,-27.5
"100",-27,-28.5
"100",-27,-29.5
"100",-27,-30.5
"100",-27,-31.5
"100",-27,-32.5
"100",-27,-33.5
"100",-27,-34.5
"100",-27,-35.5
"100",-27,-36.5
"100",-27,-37.5
"100",-27,-38.5
"100",-27,-39.5
"100",-27,-40.5
"100",-27,-41.5
"100",-27,-42.5
"100",-27,-43.5
"100",-27,-44.5
"100",-27,-45.5
"100",-27,-46.5
"100",-27,-47.5
"100",-27,-48.5
"100",-27,-49.5
"100",-27,-50.5
"100",-27,-51.5
"100",-27,-52.5
"100",-27,-53.5
"100",-26,-54.5
"100",-25,-54.5
"100",-25,-55.5
"100",-25,-56.5
"100",-25,-57.5
"100",-25,-58.5
"100",-24,-59.5
"100",-23,-59.5
"100",-22,-59.5
"100",-21,-59.5
"100",-20,-59.5
"100",-19,-60.5
"100",-19,-61.5
"100",-19,-62.5
"100",-19,-63.5
"100",-19,-64.5
"100",-20,-65.5
"101",10,76.5
"101",9,76.5
"101",8,76.5
"101",7,76.5
"101",6,75.5
"101",5,75.5
"101",4,75.5
"101",4,74.5
"101",4,73.5
"101",3,72.5
"101",2,71.5
"101",1,70.5
"101",0,69.5
"101",-1,69.5
"101",-2,69.5
"101",-3,68.5
"101",-4,68.5
"101",-5,67.5
"101",-6,67.5
"101",-7,67.5
"101",-7,66.5
"101",-7,65.5
"101",-7,64.5
"101",-7,63.5
"101",-7,62.5
"101",-8,62.5
"101",-9,61.5
"101",-10,60.5
"101",-11,59.5
"101",-10,58.5
"101",-11,57.5
"101",-12,57.5
"101",-12,56.5
"101",-12,55.5
"101",-12,54.5
"101",-12,53.5
"101",-12,52.5
"101",-12,51.5
"101",-13,50.5
"101",-13,49.5
"101",-13,48.5
"101",-13,47.5
"101",-13,46.5
"101",-13,45.5
"101",-13,44.5
"101",-14,44.5
"101",-15,43.5
"101",-16,43.5
"101",-17,43.5
"101",-18,42.5
"101",-18,41.5
"101",-18,40.5
"101",-18,39.5
"101",-18,38.5
"101",-18,37.5
"101",-18,36.5
"101",-18,35.5
"101",-18,34.5
"101",-18,33.5
"101",-18,32.5
"101",-18,31.5
"101",-18,30.5
"101",-18,29.5
"101",-18,28.5
"101",-18,27.5
"101",-18,26.5
"101",-18,25.5
"101",-18,24.5
"101",-18,23.5
"101",-18,22.5
"101",-18,21.5
"101",-18,20.5
"101",-18,19.5
"101",-18,18.5
"101",-18,17.5
"101",-18,16.5
"101",-18,15.5
"101",-18,14.5
"101",-18,13.5
"101",-18,12.5
"101",-18,11.5
"101",-18,10.5
"101",-18,9.5
"101",-18,8.5
"101",-18,7.5
"101",-18,6.5
"101",-18,5.5
"101",-18,4.5
"101",-18,3.5
"101",-19,3.5
"101",-20,2.5
"101",-21,2.5
"101",-22,1.5
"101",-22,0.5
"101",-22,-0.5
"101",-22,-1.5
"101",-22,-2.5
"101",-23,-2.5
"101",-23,-3.5
"101",-23,-4.5
"101",-23,-5.5
"101",-23,-6.5
"101",-23,-7.5
"101",-23,-8.5
"101",-23,-9.5
"101",-23,-10.5
"101",-23,-11.5
"101",-23,-12.5
"101",-24,-13.5
"101",-25,-13.5
"101",-26,-13.5
"101",-27,-14.5
"101",-28,-14.5
"101",-29,-15.5
"101",-29,-16.5
"101",-29,-17.5
"101",-29,-18.5
"101",-29,-19.5
"101",-29,-20.5
"101",-29,-21.5
"101",-29,-22.5
"101",-29,-23.5
"101",-29,-24.5
"101",-29,-25.5
"101",-29,-26.5
"101",-28,-27.5
"101",-27,-27.5
"101",-27,-28.5
"101",-27,-29.5
"101",-27,-30.5
"101",-27,-31.5
"101",-27,-32.5
"101",-27,-33.5
"101",-27,-34.5
"101",-27,-35.5
"101",-27,-36.5
"101",-27,-37.5
"101",-27,-38.5
"101",-27,-39.5
"101",-27,-40.5
"101",-27,-41.5
"101",-27,-42.5
"101",-27,-43.5
"101",-27,-44.5
"101",-27,-45.5
"101",-27,-46.5
"101",-27,-47.5
"101",-27,-48.5
"101",-27,-49.5
"101",-27,-50.5
"101",-27,-51.5
"101",-27,-52.5
"101",-27,-53.5
"101",-26,-54.5
"101",-25,-54.5
"101",-25,-55.5
"101",-25,-56.5
"101",-25,-57.5
"101",-25,-58.5
"101",-24,-59.5
"101",-23,-59.5
"101",-22,-59.5
"101",-21,-59.5
"101",-20,-59.5
"101",-19,-60.5
"101",-19,-61.5
"101",-19,-62.5
"101",-19,-63.5
"101",-19,-64.5
"101",-20,-65.5
"102",10,76.5
"102",9,76.5
"102",8,75.5
"102",7,75.5
"102",6,74.5
"102",5,73.5
"102",4,73.5
"102",4,72.5
"102",3,71.5
"102",2,70.5
"102",1,69.5
"102",0,68.5
"102",0,67.5
"102",0,66.5
"102",0,65.5
"102",-1,64.5
"102",-2,63.5
"102",-3,62.5
"102",-4,61.5
"102",-5,60.5
"102",-6,59.5
"102",-7,58.5
"102",-8,57.5
"102",-9,56.5
"102",-10,55.5
"102",-11,54.5
"102",-11,53.5
"102",-11,52.5
"102",-11,51.5
"102",-11,50.5
"102",-11,49.5
"102",-11,48.5
"102",-11,47.5
"102",-11,46.5
"102",-11,45.5
"102",-11,44.5
"102",-11,43.5
"102",-11,42.5
"102",-11,41.5
"102",-11,40.5
"102",-11,39.5
"102",-11,38.5
"102",-11,37.5
"102",-11,36.5
"102",-11,35.5
"102",-11,34.5
"102",-11,33.5
"102",-11,32.5
"102",-12,31.5
"102",-13,30.5
"102",-13,29.5
"102",-14,28.5
"102",-15,27.5
"102",-16,26.5
"102",-17,25.5
"102",-18,24.5
"102",-18,23.5
"102",-18,22.5
"102",-18,21.5
"102",-18,20.5
"102",-18,19.5
"102",-18,18.5
"102",-18,17.5
"102",-18,16.5
"102",-18,15.5
"102",-18,14.5
"102",-18,13.5
"102",-18,12.5
"102",-18,11.5
"102",-18,10.5
"102",-18,9.5
"102",-18,8.5
"102",-18,7.5
"102",-18,6.5
"102",-18,5.5
"102",-18,4.5
"102",-18,3.5
"102",-18,2.5
"102",-18,1.5
"102",-18,0.5
"102",-18,-0.5
"102",-18,-1.5
"102",-18,-2.5
"102",-17,-3.5
"102",-16,-4.5
"102",-16,-5.5
"102",-16,-6.5
"102",-16,-7.5
"102",-16,-8.5
"102",-16,-9.5
"102",-16,-10.5
"102",-16,-11.5
"102",-16,-12.5
"102",-16,-13.5
"102",-16,-14.5
"102",-16,-15.5
"102",-16,-16.5
"102",-16,-17.5
"102",-17,-17.5
"102",-18,-18.5
"102",-18,-19.5
"102",-19,-19.5
"102",-20,-20.5
"102",-21,-21.5
"102",-22,-22.5
"102",-23,-23.5
"102",-24,-24.5
"102",-25,-25.5
"102",-26,-26.5
"102",-27,-27.5
"102",-27,-28.5
"102",-27,-29.5
"102",-27,-30.5
"102",-27,-31.5
"102",-27,-32.5
"102",-27,-33.5
"102",-27,-34.5
"102",-27,-35.5
"102",-27,-36.5
"102",-27,-37.5
"102",-27,-38.5
"102",-27,-39.5
"102",-27,-40.5
"102",-27,-41.5
"102",-27,-42.5
"102",-27,-43.5
"102",-27,-44.5
"102",-27,-45.5
"102",-27,-46.5
"102",-27,-47.5
"102",-27,-48.5
"102",-27,-49.5
"102",-27,-50.5
"102",-27,-51.5
"102",-26,-52.5
"102",-25,-53.5
"102",-24,-54.5
"102",-23,-55.5
"102",-22,-56.5
"102",-21,-57.5
"102",-20,-58.5
"102",-20,-59.5
"102",-19,-60.5
"102",-19,-61.5
"102",-19,-62.5
"102",-19,-63.5
"102",-19,-64.5
"102",-20,-65.5
"103",10,76.5
"103",9,76.5
"103",8,76.5
"103",7,76.5
"103",6,75.5
"103",5,75.5
"103",4,75.5
"103",4,74.5
"103",4,73.5
"103",3,72.5
"103",2,71.5
"103",1,70.5
"103",0,69.5
"103",-1,69.5
"103",-2,69.5
"103",-3,68.5
"103",-4,68.5
"103",-5,67.5
"103",-6,67.5
"103",-7,67.5
"103",-7,66.5
"103",-7,65.5
"103",-7,64.5
"103",-7,63.5
"103",-7,62.5
"103",-8,61.5
"103",-9,60.5
"103",-10,59.5
"103",-11,58.5
"103",-12,57.5
"103",-13,56.5
"103",-13,55.5
"103",-13,54.5
"103",-13,53.5
"103",-13,52.5
"103",-13,51.5
"103",-13,50.5
"103",-13,49.5
"103",-13,48.5
"103",-13,47.5
"103",-13,46.5
"103",-13,45.5
"103",-12,44.5
"103",-11,44.5
"103",-11,43.5
"103",-11,42.5
"103",-11,41.5
"103",-11,40.5
"103",-11,39.5
"103",-11,38.5
"103",-11,37.5
"103",-11,36.5
"103",-11,35.5
"103",-11,34.5
"103",-11,33.5
"103",-11,32.5
"103",-12,31.5
"103",-13,30.5
"103",-14,29.5
"103",-14,28.5
"103",-15,27.5
"103",-16,26.5
"103",-17,25.5
"103",-18,24.5
"103",-18,23.5
"103",-18,22.5
"103",-18,21.5
"103",-18,20.5
"103",-18,19.5
"103",-18,18.5
"103",-18,17.5
"103",-18,16.5
"103",-18,15.5
"103",-18,14.5
"103",-18,13.5
"103",-18,12.5
"103",-18,11.5
"103",-18,10.5
"103",-18,9.5
"103",-18,8.5
"103",-18,7.5
"103",-18,6.5
"103",-18,5.5
"103",-18,4.5
"103",-18,3.5
"103",-18,2.5
"103",-18,1.5
"103",-18,0.5
"103",-18,-0.5
"103",-18,-1.5
"103",-18,-2.5
"103",-18,-3.5
"103",-18,-4.5
"103",-18,-5.5
"103",-18,-6.5
"103",-18,-7.5
"103",-18,-8.5
"103",-18,-9.5
"103",-18,-10.5
"103",-18,-11.5
"103",-18,-12.5
"103",-18,-13.5
"103",-18,-14.5
"103",-18,-15.5
"103",-18,-16.5
"103",-18,-17.5
"103",-19,-17.5
"103",-20,-18.5
"103",-21,-18.5
"103",-22,-19.5
"103",-23,-20.5
"103",-24,-21.5
"103",-25,-21.5
"103",-26,-21.5
"103",-27,-22.5
"103",-27,-23.5
"103",-27,-24.5
"103",-27,-25.5
"103",-27,-26.5
"103",-27,-27.5
"103",-27,-28.5
"103",-27,-29.5
"103",-27,-30.5
"103",-27,-31.5
"103",-27,-32.5
"103",-27,-33.5
"103",-27,-34.5
"103",-27,-35.5
"103",-27,-36.5
"103",-27,-37.5
"103",-27,-38.5
"103",-27,-39.5
"103",-27,-40.5
"103",-27,-41.5
"103",-27,-42.5
"103",-27,-43.5
"103",-27,-44.5
"103",-27,-45.5
"103",-27,-46.5
"103",-27,-47.5
"103",-27,-48.5
"103",-27,-49.5
"103",-27,-50.5
"103",-27,-51.5
"103",-27,-52.5
"103",-27,-53.5
"103",-26,-54.5
"103",-25,-54.5
"103",-25,-55.5
"103",-25,-56.5
"103",-25,-57.5
"103",-25,-58.5
"103",-25,-59.5
"103",-24,-60.5
"103",-23,-60.5
"103",-22,-61.5
"103",-21,-61.5
"103",-20,-61.5
"103",-19,-62.5
"103",-19,-63.5
"103",-19,-64.5
"103",-20,-65.5
"104",10,76.5
"104",9,76.5
"104",8,76.5
"104",7,76.5
"104",6,75.5
"104",5,75.5
"104",4,75.5
"104",4,74.5
"104",4,73.5
"104",3,72.5
"104",2,71.5
"104",1,70.5
"104",0,69.5
"104",-1,69.5
"104",-2,69.5
"104",-3,68.5
"104",-4,68.5
"104",-5,67.5
"104",-6,67.5
"104",-7,67.5
"104",-7,66.5
"104",-7,65.5
"104",-7,64.5
"104",-7,63.5
"104",-7,62.5
"104",-8,62.5
"104",-9,61.5
"104",-10,60.5
"104",-11,59.5
"104",-11,58.5
"104",-11,57.5
"104",-12,57.5
"104",-13,56.5
"104",-13,55.5
"104",-13,54.5
"104",-13,53.5
"104",-13,52.5
"104",-13,51.5
"104",-13,50.5
"104",-13,49.5
"104",-13,48.5
"104",-13,47.5
"104",-13,46.5
"104",-13,45.5
"104",-13,44.5
"104",-14,44.5
"104",-15,43.5
"104",-16,43.5
"104",-17,43.5
"104",-18,42.5
"104",-18,41.5
"104",-18,40.5
"104",-18,39.5
"104",-18,38.5
"104",-18,37.5
"104",-18,36.5
"104",-18,35.5
"104",-18,34.5
"104",-18,33.5
"104",-18,32.5
"104",-18,31.5
"104",-18,30.5
"104",-18,29.5
"104",-18,28.5
"104",-18,27.5
"104",-18,26.5
"104",-18,25.5
"104",-18,24.5
"104",-18,23.5
"104",-18,22.5
"104",-18,21.5
"104",-18,20.5
"104",-18,19.5
"104",-18,18.5
"104",-18,17.5
"104",-18,16.5
"104",-18,15.5
"104",-18,14.5
"104",-18,13.5
"104",-18,12.5
"104",-18,11.5
"104",-18,10.5
"104",-18,9.5
"104",-18,8.5
"104",-18,7.5
"104",-18,6.5
"104",-18,5.5
"104",-18,4.5
"104",-18,3.5
"104",-19,3.5
"104",-20,2.5
"104",-21,2.5
"104",-22,1.5
"104",-22,0.5
"104",-22,-0.5
"104",-22,-1.5
"104",-23,-2.5
"104",-23,-3.5
"104",-23,-4.5
"104",-23,-5.5
"104",-23,-6.5
"104",-23,-7.5
"104",-23,-8.5
"104",-23,-9.5
"104",-23,-10.5
"104",-23,-11.5
"104",-23,-12.5
"104",-24,-13.5
"104",-25,-13.5
"104",-26,-13.5
"104",-27,-14.5
"104",-27,-15.5
"104",-27,-16.5
"104",-27,-17.5
"104",-27,-18.5
"104",-27,-19.5
"104",-27,-20.5
"104",-27,-21.5
"104",-27,-22.5
"104",-27,-23.5
"104",-27,-24.5
"104",-27,-25.5
"104",-27,-26.5
"104",-27,-27.5
"104",-27,-28.5
"104",-27,-29.5
"104",-27,-30.5
"104",-27,-31.5
"104",-27,-32.5
"104",-27,-33.5
"104",-27,-34.5
"104",-27,-35.5
"104",-27,-36.5
"104",-27,-37.5
"104",-27,-38.5
"104",-27,-39.5
"104",-27,-40.5
"104",-27,-41.5
"104",-27,-42.5
"104",-27,-43.5
"104",-27,-44.5
"104",-27,-45.5
"104",-27,-46.5
"104",-27,-47.5
"104",-27,-48.5
"104",-27,-49.5
"104",-27,-50.5
"104",-27,-51.5
"104",-27,-52.5
"104",-27,-53.5
"104",-26,-54.5
"104",-25,-54.5
"104",-25,-55.5
"104",-25,-56.5
"104",-25,-57.5
"104",-25,-58.5
"104",-25,-59.5
"104",-25,-60.5
"104",-25,-61.5
"104",-25,-62.5
"104",-24,-63.5
"104",-23,-63.5
"104",-23,-64.5
"104",-22,-65.5
"104",-21,-65.5
"104",-20,-65.5
"105",10,76.5
"105",9,76.5
"105",8,76.5
"105",7,76.5
"105",6,75.5
"105",5,75.5
"105",4,75.5
"105",4,74.5
"105",4,73.5
"105",3,72.5
"105",2,71.5
"105",1,70.5
"105",0,69.5
"105",-1,69.5
"105",-2,69.5
"105",-3,68.5
"105",-4,68.5
"105",-5,67.5
"105",-6,67.5
"105",-7,67.5
"105",-7,66.5
"105",-7,65.5
"105",-7,64.5
"105",-7,63.5
"105",-7,62.5
"105",-8,62.5
"105",-9,61.5
"105",-10,60.5
"105",-11,59.5
"105",-11,58.5
"105",-11,57.5
"105",-12,57.5
"105",-13,56.5
"105",-13,55.5
"105",-13,54.5
"105",-13,53.5
"105",-13,52.5
"105",-13,51.5
"105",-13,50.5
"105",-13,49.5
"105",-13,48.5
"105",-13,47.5
"105",-13,46.5
"105",-13,45.5
"105",-13,44.5
"105",-14,44.5
"105",-15,43.5
"105",-16,43.5
"105",-17,43.5
"105",-18,42.5
"105",-18,41.5
"105",-18,40.5
"105",-18,39.5
"105",-18,38.5
"105",-18,37.5
"105",-18,36.5
"105",-18,35.5
"105",-18,34.5
"105",-18,33.5
"105",-18,32.5
"105",-18,31.5
"105",-18,30.5
"105",-18,29.5
"105",-18,28.5
"105",-18,27.5
"105",-18,26.5
"105",-18,25.5
"105",-18,24.5
"105",-18,23.5
"105",-18,22.5
"105",-18,21.5
"105",-18,20.5
"105",-18,19.5
"105",-18,18.5
"105",-18,17.5
"105",-18,16.5
"105",-18,15.5
"105",-18,14.5
"105",-18,13.5
"105",-18,12.5
"105",-18,11.5
"105",-18,10.5
"105",-18,9.5
"105",-18,8.5
"105",-18,7.5
"105",-18,6.5
"105",-18,5.5
"105",-18,4.5
"105",-18,3.5
"105",-19,3.5
"105",-20,2.5
"105",-21,2.5
"105",-22,1.5
"105",-22,0.5
"105",-22,-0.5
"105",-22,-1.5
"105",-23,-2.5
"105",-23,-3.5
"105",-23,-4.5
"105",-23,-5.5
"105",-23,-6.5
"105",-23,-7.5
"105",-23,-8.5
"105",-23,-9.5
"105",-23,-10.5
"105",-23,-11.5
"105",-23,-12.5
"105",-24,-13.5
"105",-25,-13.5
"105",-26,-13.5
"105",-27,-14.5
"105",-27,-15.5
"105",-27,-16.5
"105",-27,-17.5
"105",-27,-18.5
"105",-27,-19.5
"105",-27,-20.5
"105",-27,-21.5
"105",-27,-22.5
"105",-27,-23.5
"105",-27,-24.5
"105",-27,-25.5
"105",-27,-26.5
"105",-27,-27.5
"105",-27,-28.5
"105",-27,-29.5
"105",-27,-30.5
"105",-27,-31.5
"105",-27,-32.5
"105",-27,-33.5
"105",-27,-34.5
"105",-27,-35.5
"105",-27,-36.5
"105",-27,-37.5
"105",-27,-38.5
"105",-27,-39.5
"105",-27,-40.5
"105",-27,-41.5
"105",-27,-42.5
"105",-27,-43.5
"105",-27,-44.5
"105",-27,-45.5
"105",-27,-46.5
"105",-27,-47.5
"105",-27,-48.5
"105",-27,-49.5
"105",-27,-50.5
"105",-27,-51.5
"105",-27,-52.5
"105",-27,-53.5
"105",-26,-54.5
"105",-25,-54.5
"105",-25,-55.5
"105",-25,-56.5
"105",-25,-57.5
"105",-25,-58.5
"105",-25,-59.5
"105",-25,-60.5
"105",-25,-61.5
"105",-25,-62.5
"105",-25,-63.5
"105",-24,-64.5
"105",-23,-64.5
"105",-22,-65.5
"105",-21,-65.5
"105",-20,-65.5
"106",10,76.5
"106",9,76.5
"106",8,76.5
"106",7,76.5
"106",6,75.5
"106",5,75.5
"106",4,75.5
"106",4,74.5
"106",4,73.5
"106",3,72.5
"106",2,71.5
"106",1,70.5
"106",0,69.5
"106",-1,69.5
"106",-2,69.5
"106",-3,68.5
"106",-4,68.5
"106",-5,67.5
"106",-6,67.5
"106",-7,67.5
"106",-7,66.5
"106",-7,65.5
"106",-7,64.5
"106",-7,63.5
"106",-7,62.5
"106",-8,62.5
"106",-9,61.5
"106",-10,60.5
"106",-11,59.5
"106",-11,58.5
"106",-11,57.5
"106",-12,57.5
"106",-12,56.5
"106",-12,55.5
"106",-12,54.5
"106",-12,53.5
"106",-12,52.5
"106",-12,51.5
"106",-12,50.5
"106",-13,49.5
"106",-13,48.5
"106",-13,47.5
"106",-13,46.5
"106",-13,45.5
"106",-13,44.5
"106",-14,44.5
"106",-15,43.5
"106",-16,43.5
"106",-17,43.5
"106",-18,42.5
"106",-18,41.5
"106",-18,40.5
"106",-18,39.5
"106",-18,38.5
"106",-18,37.5
"106",-18,36.5
"106",-18,35.5
"106",-18,34.5
"106",-18,33.5
"106",-18,32.5
"106",-18,31.5
"106",-18,30.5
"106",-18,29.5
"106",-18,28.5
"106",-18,27.5
"106",-18,26.5
"106",-18,25.5
"106",-18,24.5
"106",-18,23.5
"106",-18,22.5
"106",-18,21.5
"106",-18,20.5
"106",-18,19.5
"106",-18,18.5
"106",-18,17.5
"106",-18,16.5
"106",-18,15.5
"106",-18,14.5
"106",-18,13.5
"106",-18,12.5
"106",-18,11.5
"106",-18,10.5
"106",-18,9.5
"106",-18,8.5
"106",-18,7.5
"106",-18,6.5
"106",-18,5.5
"106",-18,4.5
"106",-18,3.5
"106",-19,3.5
"106",-20,2.5
"106",-21,2.5
"106",-22,1.5
"106",-22,0.5
"106",-22,-0.5
"106",-22,-1.5
"106",-22,-2.5
"106",-23,-2.5
"106",-23,-3.5
"106",-23,-4.5
"106",-23,-5.5
"106",-23,-6.5
"106",-23,-7.5
"106",-23,-8.5
"106",-23,-9.5
"106",-23,-10.5
"106",-23,-11.5
"106",-23,-12.5
"106",-24,-13.5
"106",-25,-13.5
"106",-26,-13.5
"106",-27,-14.5
"106",-28,-14.5
"106",-29,-15.5
"106",-29,-16.5
"106",-29,-17.5
"106",-29,-18.5
"106",-29,-19.5
"106",-29,-20.5
"106",-29,-21.5
"106",-29,-22.5
"106",-29,-23.5
"106",-29,-24.5
"106",-29,-25.5
"106",-29,-26.5
"106",-28,-27.5
"106",-27,-27.5
"106",-27,-28.5
"106",-27,-29.5
"106",-27,-30.5
"106",-27,-31.5
"106",-27,-32.5
"106",-27,-33.5
"106",-27,-34.5
"106",-27,-35.5
"106",-27,-36.5
"106",-27,-37.5
"106",-27,-38.5
"106",-27,-39.5
"106",-27,-40.5
"106",-27,-41.5
"106",-27,-42.5
"106",-27,-43.5
"106",-27,-44.5
"106",-27,-45.5
"106",-27,-46.5
"106",-27,-47.5
"106",-27,-48.5
"106",-27,-49.5
"106",-27,-50.5
"106",-27,-51.5
"106",-27,-52.5
"106",-27,-53.5
"106",-26,-54.5
"106",-25,-54.5
"106",-25,-55.5
"106",-25,-56.5
"106",-25,-57.5
"106",-25,-58.5
"106",-25,-59.5
"106",-25,-60.5
"106",-25,-61.5
"106",-25,-62.5
"106",-25,-63.5
"106",-24,-64.5
"106",-23,-64.5
"106",-22,-65.5
"106",-21,-65.5
"106",-20,-65.5
"107",10,76.5
"107",9,75.5
"107",8,74.5
"107",7,73.5
"107",6,72.5
"107",5,71.5
"107",4,70.5
"107",3,70.5
"107",2,69.5
"107",1,68.5
"107",1,67.5
"107",1,66.5
"107",0,65.5
"107",-1,64.5
"107",-2,63.5
"107",-3,62.5
"107",-4,61.5
"107",-5,60.5
"107",-6,59.5
"107",-7,58.5
"107",-8,57.5
"107",-9,56.5
"107",-10,55.5
"107",-10,54.5
"107",-11,53.5
"107",-12,52.5
"107",-13,51.5
"107",-13,50.5
"107",-13,49.5
"107",-13,48.5
"107",-13,47.5
"107",-13,46.5
"107",-13,45.5
"107",-13,44.5
"107",-13,43.5
"107",-13,42.5
"107",-13,41.5
"107",-13,40.5
"107",-13,39.5
"107",-13,38.5
"107",-13,37.5
"107",-13,36.5
"107",-13,35.5
"107",-13,34.5
"107",-13,33.5
"107",-13,32.5
"107",-13,31.5
"107",-13,30.5
"107",-13,29.5
"107",-14,28.5
"107",-15,27.5
"107",-16,26.5
"107",-17,25.5
"107",-18,24.5
"107",-19,23.5
"107",-20,22.5
"107",-21,21.5
"107",-22,20.5
"107",-23,19.5
"107",-23,18.5
"107",-24,17.5
"107",-25,16.5
"107",-26,15.5
"107",-27,14.5
"107",-28,13.5
"107",-29,12.5
"107",-30,11.5
"107",-31,10.5
"107",-32,9.5
"107",-33,8.5
"107",-34,7.5
"107",-34,6.5
"107",-34,5.5
"107",-34,4.5
"107",-34,3.5
"107",-34,2.5
"107",-34,1.5
"107",-34,0.5
"107",-34,-0.5
"107",-34,-1.5
"107",-34,-2.5
"107",-34,-3.5
"107",-34,-4.5
"107",-34,-5.5
"107",-34,-6.5
"107",-34,-7.5
"107",-34,-8.5
"107",-34,-9.5
"107",-34,-10.5
"107",-34,-11.5
"107",-34,-12.5
"107",-34,-13.5
"107",-35,-14.5
"107",-36,-15.5
"107",-37,-16.5
"107",-38,-17.5
"107",-38,-18.5
"107",-38,-19.5
"107",-39,-20.5
"107",-39,-21.5
"107",-39,-22.5
"107",-39,-23.5
"107",-40,-24.5
"107",-41,-25.5
"107",-42,-26.5
"107",-43,-27.5
"107",-43,-28.5
"107",-43,-29.5
"107",-43,-30.5
"107",-43,-31.5
"107",-43,-32.5
"107",-44,-33.5
"107",-44,-34.5
"107",-44,-35.5
"107",-44,-36.5
"107",-44,-37.5
"107",-44,-38.5
"107",-44,-39.5
"107",-44,-40.5
"107",-44,-41.5
"107",-43,-42.5
"107",-42,-43.5
"107",-41,-44.5
"107",-40,-45.5
"107",-39,-46.5
"107",-38,-47.5
"107",-37,-48.5
"107",-36,-49.5
"107",-35,-50.5
"107",-34,-51.5
"107",-33,-52.5
"107",-32,-53.5
"107",-31,-54.5
"107",-30,-55.5
"107",-29,-56.5
"107",-28,-57.5
"107",-27,-58.5
"107",-26,-59.5
"107",-25,-60.5
"107",-24,-61.5
"107",-23,-62.5
"107",-22,-63.5
"107",-21,-64.5
"107",-20,-65.5
"108",10,76.5
"108",9,76.5
"108",8,75.5
"108",7,75.5
"108",6,74.5
"108",5,73.5
"108",4,73.5
"108",3,72.5
"108",2,71.5
"108",1,70.5
"108",0,69.5
"108",-1,69.5
"108",-2,69.5
"108",-3,68.5
"108",-4,68.5
"108",-5,67.5
"108",-6,67.5
"108",-7,67.5
"108",-7,66.5
"108",-7,65.5
"108",-7,64.5
"108",-7,63.5
"108",-7,62.5
"108",-8,61.5
"108",-9,60.5
"108",-10,59.5
"108",-11,58.5
"108",-11,57.5
"108",-11,56.5
"108",-11,55.5
"108",-11,54.5
"108",-11,53.5
"108",-11,52.5
"108",-11,51.5
"108",-11,50.5
"108",-11,49.5
"108",-11,48.5
"108",-11,47.5
"108",-11,46.5
"108",-11,45.5
"108",-11,44.5
"108",-11,43.5
"108",-11,42.5
"108",-11,41.5
"108",-11,40.5
"108",-11,39.5
"108",-11,38.5
"108",-11,37.5
"108",-11,36.5
"108",-11,35.5
"108",-11,34.5
"108",-11,33.5
"108",-11,32.5
"108",-12,31.5
"108",-13,30.5
"108",-13,29.5
"108",-14,28.5
"108",-15,27.5
"108",-16,26.5
"108",-17,25.5
"108",-18,24.5
"108",-18,23.5
"108",-18,22.5
"108",-18,21.5
"108",-18,20.5
"108",-18,19.5
"108",-18,18.5
"108",-18,17.5
"108",-18,16.5
"108",-18,15.5
"108",-18,14.5
"108",-18,13.5
"108",-18,12.5
"108",-18,11.5
"108",-18,10.5
"108",-18,9.5
"108",-18,8.5
"108",-18,7.5
"108",-18,6.5
"108",-18,5.5
"108",-18,4.5
"108",-18,3.5
"108",-18,2.5
"108",-18,1.5
"108",-18,0.5
"108",-18,-0.5
"108",-18,-1.5
"108",-18,-2.5
"108",-18,-3.5
"108",-18,-4.5
"108",-18,-5.5
"108",-18,-6.5
"108",-18,-7.5
"108",-18,-8.5
"108",-18,-9.5
"108",-18,-10.5
"108",-18,-11.5
"108",-18,-12.5
"108",-18,-13.5
"108",-18,-14.5
"108",-18,-15.5
"108",-18,-16.5
"108",-18,-17.5
"108",-19,-17.5
"108",-20,-18.5
"108",-21,-19.5
"108",-22,-20.5
"108",-23,-21.5
"108",-24,-22.5
"108",-25,-23.5
"108",-26,-24.5
"108",-27,-25.5
"108",-27,-26.5
"108",-27,-27.5
"108",-27,-28.5
"108",-27,-29.5
"108",-27,-30.5
"108",-27,-31.5
"108",-27,-32.5
"108",-27,-33.5
"108",-27,-34.5
"108",-27,-35.5
"108",-27,-36.5
"108",-27,-37.5
"108",-27,-38.5
"108",-27,-39.5
"108",-27,-40.5
"108",-27,-41.5
"108",-27,-42.5
"108",-27,-43.5
"108",-27,-44.5
"108",-27,-45.5
"108",-27,-46.5
"108",-27,-47.5
"108",-27,-48.5
"108",-27,-49.5
"108",-27,-50.5
"108",-27,-51.5
"108",-27,-52.5
"108",-27,-53.5
"108",-26,-54.5
"108",-25,-55.5
"108",-25,-56.5
"108",-25,-57.5
"108",-25,-58.5
"108",-25,-59.5
"108",-24,-60.5
"108",-23,-61.5
"108",-23,-62.5
"108",-22,-63.5
"108",-21,-64.5
"108",-20,-65.5
"109",10,76.5
"109",9,76.5
"109",8,76.5
"109",7,76.5
"109",6,75.5
"109",5,75.5
"109",4,75.5
"109",4,74.5
"109",4,73.5
"109",3,72.5
"109",2,71.5
"109",1,70.5
"109",0,69.5
"109",-1,69.5
"109",-2,69.5
"109",-3,68.5
"109",-4,68.5
"109",-5,67.5
"109",-6,67.5
"109",-7,67.5
"109",-7,66.5
"109",-7,65.5
"109",-7,64.5
"109",-7,63.5
"109",-7,62.5
"109",-8,61.5
"109",-9,60.5
"109",-10,59.5
"109",-11,58.5
"109",-12,57.5
"109",-12,56.5
"109",-12,55.5
"109",-12,54.5
"109",-12,53.5
"109",-12,52.5
"109",-12,51.5
"109",-12,50.5
"109",-11,49.5
"109",-11,48.5
"109",-11,47.5
"109",-11,46.5
"109",-11,45.5
"109",-11,44.5
"109",-11,43.5
"109",-11,42.5
"109",-11,41.5
"109",-11,40.5
"109",-11,39.5
"109",-11,38.5
"109",-11,37.5
"109",-11,36.5
"109",-11,35.5
"109",-11,34.5
"109",-11,33.5
"109",-11,32.5
"109",-12,31.5
"109",-13,30.5
"109",-14,29.5
"109",-14,28.5
"109",-15,27.5
"109",-16,26.5
"109",-17,25.5
"109",-18,24.5
"109",-18,23.5
"109",-18,22.5
"109",-18,21.5
"109",-18,20.5
"109",-18,19.5
"109",-18,18.5
"109",-18,17.5
"109",-18,16.5
"109",-18,15.5
"109",-18,14.5
"109",-18,13.5
"109",-18,12.5
"109",-18,11.5
"109",-18,10.5
"109",-18,9.5
"109",-18,8.5
"109",-18,7.5
"109",-18,6.5
"109",-18,5.5
"109",-18,4.5
"109",-18,3.5
"109",-18,2.5
"109",-18,1.5
"109",-18,0.5
"109",-18,-0.5
"109",-18,-1.5
"109",-18,-2.5
"109",-18,-3.5
"109",-18,-4.5
"109",-18,-5.5
"109",-18,-6.5
"109",-18,-7.5
"109",-18,-8.5
"109",-18,-9.5
"109",-19,-9.5
"109",-20,-10.5
"109",-20,-11.5
"109",-20,-12.5
"109",-20,-13.5
"109",-20,-14.5
"109",-20,-15.5
"109",-21,-16.5
"109",-22,-17.5
"109",-23,-18.5
"109",-24,-18.5
"109",-25,-18.5
"109",-26,-18.5
"109",-27,-19.5
"109",-27,-20.5
"109",-27,-21.5
"109",-27,-22.5
"109",-27,-23.5
"109",-27,-24.5
"109",-27,-25.5
"109",-27,-26.5
"109",-27,-27.5
"109",-27,-28.5
"109",-27,-29.5
"109",-27,-30.5
"109",-27,-31.5
"109",-27,-32.5
"109",-27,-33.5
"109",-27,-34.5
"109",-27,-35.5
"109",-27,-36.5
"109",-27,-37.5
"109",-27,-38.5
"109",-27,-39.5
"109",-27,-40.5
"109",-27,-41.5
"109",-27,-42.5
"109",-27,-43.5
"109",-27,-44.5
"109",-27,-45.5
"109",-27,-46.5
"109",-27,-47.5
"109",-27,-48.5
"109",-27,-49.5
"109",-27,-50.5
"109",-27,-51.5
"109",-27,-52.5
"109",-27,-53.5
"109",-26,-54.5
"109",-25,-54.5
"109",-25,-55.5
"109",-25,-56.5
"109",-25,-57.5
"109",-25,-58.5
"109",-25,-59.5
"109",-25,-60.5
"109",-25,-61.5
"109",-25,-62.5
"109",-24,-63.5
"109",-23,-63.5
"109",-23,-64.5
"109",-22,-65.5
"109",-21,-65.5
"109",-20,-65.5
"110",10,76.5
"110",9,76.5
"110",8,76.5
"110",7,76.5
"110",6,75.5
"110",5,75.5
"110",4,75.5
"110",4,74.5
"110",4,73.5
"110",3,72.5
"110",2,71.5
"110",1,70.5
"110",0,69.5
"110",-1,69.5
"110",-2,69.5
"110",-3,68.5
"110",-4,68.5
"110",-5,67.5
"110",-6,67.5
"110",-7,67.5
"110",-7,66.5
"110",-7,65.5
"110",-7,64.5
"110",-7,63.5
"110",-7,62.5
"110",-8,62.5
"110",-9,61.5
"110",-10,60.5
"110",-11,59.5
"110",-11,58.5
"110",-11,57.5
"110",-12,57.5
"110",-13,56.5
"110",-13,55.5
"110",-13,54.5
"110",-13,53.5
"110",-13,52.5
"110",-13,51.5
"110",-13,50.5
"110",-13,49.5
"110",-13,48.5
"110",-13,47.5
"110",-13,46.5
"110",-13,45.5
"110",-13,44.5
"110",-14,44.5
"110",-15,43.5
"110",-16,43.5
"110",-17,43.5
"110",-18,42.5
"110",-18,41.5
"110",-18,40.5
"110",-18,39.5
"110",-18,38.5
"110",-18,37.5
"110",-18,36.5
"110",-18,35.5
"110",-18,34.5
"110",-18,33.5
"110",-18,32.5
"110",-18,31.5
"110",-18,30.5
"110",-18,29.5
"110",-18,28.5
"110",-18,27.5
"110",-18,26.5
"110",-18,25.5
"110",-18,24.5
"110",-18,23.5
"110",-18,22.5
"110",-18,21.5
"110",-18,20.5
"110",-18,19.5
"110",-18,18.5
"110",-18,17.5
"110",-18,16.5
"110",-18,15.5
"110",-18,14.5
"110",-18,13.5
"110",-18,12.5
"110",-18,11.5
"110",-18,10.5
"110",-18,9.5
"110",-18,8.5
"110",-18,7.5
"110",-18,6.5
"110",-18,5.5
"110",-18,4.5
"110",-18,3.5
"110",-19,3.5
"110",-20,2.5
"110",-21,2.5
"110",-22,1.5
"110",-22,0.5
"110",-22,-0.5
"110",-22,-1.5
"110",-23,-2.5
"110",-23,-3.5
"110",-23,-4.5
"110",-23,-5.5
"110",-23,-6.5
"110",-23,-7.5
"110",-23,-8.5
"110",-23,-9.5
"110",-23,-10.5
"110",-23,-11.5
"110",-23,-12.5
"110",-24,-13.5
"110",-25,-13.5
"110",-26,-13.5
"110",-27,-14.5
"110",-27,-15.5
"110",-27,-16.5
"110",-27,-17.5
"110",-27,-18.5
"110",-27,-19.5
"110",-27,-20.5
"110",-27,-21.5
"110",-27,-22.5
"110",-27,-23.5
"110",-27,-24.5
"110",-27,-25.5
"110",-27,-26.5
"110",-27,-27.5
"110",-27,-28.5
"110",-27,-29.5
"110",-27,-30.5
"110",-27,-31.5
"110",-27,-32.5
"110",-27,-33.5
"110",-27,-34.5
"110",-27,-35.5
"110",-27,-36.5
"110",-27,-37.5
"110",-27,-38.5
"110",-27,-39.5
"110",-27,-40.5
"110",-27,-41.5
"110",-27,-42.5
"110",-27,-43.5
"110",-27,-44.5
"110",-27,-45.5
"110",-27,-46.5
"110",-27,-47.5
"110",-27,-48.5
"110",-27,-49.5
"110",-27,-50.5
"110",-27,-51.5
"110",-27,-52.5
"110",-27,-53.5
"110",-26,-54.5
"110",-25,-54.5
"110",-25,-55.5
"110",-25,-56.5
"110",-25,-57.5
"110",-25,-58.5
"110",-25,-59.5
"110",-25,-60.5
"110",-25,-61.5
"110",-25,-62.5
"110",-25,-63.5
"110",-24,-64.5
"110",-23,-64.5
"110",-22,-65.5
"110",-21,-65.5
"110",-20,-65.5
"111",10,76.5
"111",9,76.5
"111",8,76.5
"111",7,76.5
"111",6,75.5
"111",5,75.5
"111",4,75.5
"111",4,74.5
"111",4,73.5
"111",3,72.5
"111",2,71.5
"111",1,70.5
"111",0,69.5
"111",-1,69.5
"111",-2,69.5
"111",-3,68.5
"111",-4,68.5
"111",-5,67.5
"111",-6,67.5
"111",-7,67.5
"111",-7,66.5
"111",-7,65.5
"111",-7,64.5
"111",-7,63.5
"111",-7,62.5
"111",-8,62.5
"111",-9,61.5
"111",-10,60.5
"111",-11,59.5
"111",-11,58.5
"111",-11,57.5
"111",-12,57.5
"111",-13,56.5
"111",-13,55.5
"111",-13,54.5
"111",-13,53.5
"111",-13,52.5
"111",-13,51.5
"111",-13,50.5
"111",-13,49.5
"111",-13,48.5
"111",-13,47.5
"111",-13,46.5
"111",-13,45.5
"111",-13,44.5
"111",-14,44.5
"111",-15,43.5
"111",-16,43.5
"111",-17,43.5
"111",-18,42.5
"111",-18,41.5
"111",-18,40.5
"111",-18,39.5
"111",-18,38.5
"111",-18,37.5
"111",-18,36.5
"111",-18,35.5
"111",-18,34.5
"111",-18,33.5
"111",-18,32.5
"111",-18,31.5
"111",-18,30.5
"111",-18,29.5
"111",-18,28.5
"111",-18,27.5
"111",-18,26.5
"111",-18,25.5
"111",-18,24.5
"111",-18,23.5
"111",-18,22.5
"111",-18,21.5
"111",-18,20.5
"111",-18,19.5
"111",-18,18.5
"111",-18,17.5
"111",-18,16.5
"111",-18,15.5
"111",-18,14.5
"111",-18,13.5
"111",-18,12.5
"111",-18,11.5
"111",-18,10.5
"111",-18,9.5
"111",-18,8.5
"111",-18,7.5
"111",-18,6.5
"111",-18,5.5
"111",-18,4.5
"111",-18,3.5
"111",-18,2.5
"111",-19,2.5
"111",-20,1.5
"111",-21,1.5
"111",-22,0.5
"111",-22,-0.5
"111",-22,-1.5
"111",-23,-2.5
"111",-23,-3.5
"111",-23,-4.5
"111",-23,-5.5
"111",-23,-6.5
"111",-23,-7.5
"111",-23,-8.5
"111",-23,-9.5
"111",-23,-10.5
"111",-23,-11.5
"111",-23,-12.5
"111",-24,-13.5
"111",-25,-13.5
"111",-26,-13.5
"111",-27,-14.5
"111",-27,-15.5
"111",-27,-16.5
"111",-27,-17.5
"111",-27,-18.5
"111",-27,-19.5
"111",-27,-20.5
"111",-27,-21.5
"111",-27,-22.5
"111",-27,-23.5
"111",-27,-24.5
"111",-27,-25.5
"111",-27,-26.5
"111",-27,-27.5
"111",-27,-28.5
"111",-27,-29.5
"111",-27,-30.5
"111",-27,-31.5
"111",-27,-32.5
"111",-27,-33.5
"111",-27,-34.5
"111",-27,-35.5
"111",-27,-36.5
"111",-27,-37.5
"111",-27,-38.5
"111",-27,-39.5
"111",-27,-40.5
"111",-27,-41.5
"111",-27,-42.5
"111",-27,-43.5
"111",-27,-44.5
"111",-27,-45.5
"111",-27,-46.5
"111",-27,-47.5
"111",-27,-48.5
"111",-27,-49.5
"111",-27,-50.5
"111",-27,-51.5
"111",-27,-52.5
"111",-27,-53.5
"111",-26,-54.5
"111",-25,-54.5
"111",-25,-55.5
"111",-25,-56.5
"111",-25,-57.5
"111",-25,-58.5
"111",-25,-59.5
"111",-25,-60.5
"111",-25,-61.5
"111",-25,-62.5
"111",-25,-63.5
"111",-24,-64.5
"111",-23,-64.5
"111",-22,-65.5
"111",-21,-65.5
"111",-20,-65.5
"112",10,76.5
"112",9,76.5
"112",8,76.5
"112",7,76.5
"112",6,76.5
"112",5,76.5
"112",4,76.5
"112",3,76.5
"112",2,76.5
"112",1,76.5
"112",0,76.5
"112",-1,76.5
"112",-2,76.5
"112",-3,76.5
"112",-4,76.5
"112",-5,76.5
"112",-6,76.5
"112",-7,76.5
"112",-8,76.5
"112",-9,76.5
"112",-10,76.5
"112",-11,76.5
"112",-12,76.5
"112",-13,76.5
"112",-13,75.5
"112",-13,74.5
"112",-13,73.5
"112",-13,72.5
"112",-14,72.5
"112",-15,71.5
"112",-16,71.5
"112",-17,71.5
"112",-18,71.5
"112",-19,71.5
"112",-20,71.5
"112",-20,70.5
"112",-20,69.5
"112",-20,68.5
"112",-21,68.5
"112",-22,67.5
"112",-23,67.5
"112",-24,66.5
"112",-25,66.5
"112",-26,66.5
"112",-27,66.5
"112",-27,65.5
"112",-27,64.5
"112",-27,63.5
"112",-27,62.5
"112",-27,61.5
"112",-27,60.5
"112",-27,59.5
"112",-27,58.5
"112",-27,57.5
"112",-27,56.5
"112",-27,55.5
"112",-27,54.5
"112",-27,53.5
"112",-27,52.5
"112",-27,51.5
"112",-27,50.5
"112",-27,49.5
"112",-26,48.5
"112",-26,47.5
"112",-26,46.5
"112",-26,45.5
"112",-26,44.5
"112",-26,43.5
"112",-26,42.5
"112",-26,41.5
"112",-26,40.5
"112",-26,39.5
"112",-26,38.5
"112",-26,37.5
"112",-26,36.5
"112",-26,35.5
"112",-26,34.5
"112",-26,33.5
"112",-25,32.5
"112",-25,31.5
"112",-25,30.5
"112",-25,29.5
"112",-25,28.5
"112",-25,27.5
"112",-25,26.5
"112",-25,25.5
"112",-25,24.5
"112",-25,23.5
"112",-25,22.5
"112",-25,21.5
"112",-25,20.5
"112",-25,19.5
"112",-25,18.5
"112",-25,17.5
"112",-25,16.5
"112",-25,15.5
"112",-25,14.5
"112",-26,14.5
"112",-27,14.5
"112",-28,14.5
"112",-29,13.5
"112",-29,12.5
"112",-29,11.5
"112",-29,10.5
"112",-29,9.5
"112",-29,8.5
"112",-29,7.5
"112",-29,6.5
"112",-29,5.5
"112",-29,4.5
"112",-29,3.5
"112",-29,2.5
"112",-29,1.5
"112",-29,0.5
"112",-29,-0.5
"112",-29,-1.5
"112",-29,-2.5
"112",-29,-3.5
"112",-29,-4.5
"112",-29,-5.5
"112",-29,-6.5
"112",-29,-7.5
"112",-29,-8.5
"112",-29,-9.5
"112",-29,-10.5
"112",-29,-11.5
"112",-29,-12.5
"112",-29,-13.5
"112",-29,-14.5
"112",-29,-15.5
"112",-29,-16.5
"112",-29,-17.5
"112",-29,-18.5
"112",-29,-19.5
"112",-29,-20.5
"112",-29,-21.5
"112",-29,-22.5
"112",-29,-23.5
"112",-29,-24.5
"112",-29,-25.5
"112",-29,-26.5
"112",-28,-27.5
"112",-27,-27.5
"112",-27,-28.5
"112",-27,-29.5
"112",-27,-30.5
"112",-27,-31.5
"112",-27,-32.5
"112",-27,-33.5
"112",-27,-34.5
"112",-27,-35.5
"112",-27,-36.5
"112",-27,-37.5
"112",-27,-38.5
"112",-27,-39.5
"112",-27,-40.5
"112",-27,-41.5
"112",-27,-42.5
"112",-27,-43.5
"112",-27,-44.5
"112",-27,-45.5
"112",-27,-46.5
"112",-27,-47.5
"112",-27,-48.5
"112",-27,-49.5
"112",-27,-50.5
"112",-27,-51.5
"112",-27,-52.5
"112",-27,-53.5
"112",-26,-54.5
"112",-25,-54.5
"112",-25,-55.5
"112",-25,-56.5
"112",-25,-57.5
"112",-25,-58.5
"112",-25,-59.5
"112",-25,-60.5
"112",-25,-61.5
"112",-25,-62.5
"112",-25,-63.5
"112",-24,-64.5
"112",-23,-64.5
"112",-22,-65.5
"112",-21,-65.5
"112",-20,-65.5
"113",10,76.5
"113",9,76.5
"113",8,75.5
"113",7,74.5
"113",6,73.5
"113",5,72.5
"113",4,71.5
"113",3,70.5
"113",2,69.5
"113",1,68.5
"113",1,67.5
"113",1,66.5
"113",0,65.5
"113",-1,64.5
"113",-2,63.5
"113",-3,62.5
"113",-4,61.5
"113",-5,60.5
"113",-6,59.5
"113",-7,58.5
"113",-8,57.5
"113",-9,56.5
"113",-10,55.5
"113",-10,54.5
"113",-11,53.5
"113",-11,52.5
"113",-12,51.5
"113",-12,50.5
"113",-12,49.5
"113",-12,48.5
"113",-12,47.5
"113",-12,46.5
"113",-12,45.5
"113",-12,44.5
"113",-12,43.5
"113",-12,42.5
"113",-12,41.5
"113",-12,40.5
"113",-12,39.5
"113",-12,38.5
"113",-12,37.5
"113",-12,36.5
"113",-12,35.5
"113",-12,34.5
"113",-12,33.5
"113",-12,32.5
"113",-12,31.5
"113",-13,30.5
"113",-13,29.5
"113",-14,28.5
"113",-15,27.5
"113",-16,26.5
"113",-17,25.5
"113",-18,24.5
"113",-19,23.5
"113",-20,22.5
"113",-21,21.5
"113",-22,20.5
"113",-23,19.5
"113",-23,18.5
"113",-24,17.5
"113",-25,16.5
"113",-26,15.5
"113",-27,14.5
"113",-28,13.5
"113",-29,12.5
"113",-30,11.5
"113",-31,10.5
"113",-32,9.5
"113",-33,8.5
"113",-34,7.5
"113",-34,6.5
"113",-34,5.5
"113",-34,4.5
"113",-34,3.5
"113",-34,2.5
"113",-34,1.5
"113",-34,0.5
"113",-34,-0.5
"113",-34,-1.5
"113",-34,-2.5
"113",-34,-3.5
"113",-34,-4.5
"113",-34,-5.5
"113",-34,-6.5
"113",-34,-7.5
"113",-34,-8.5
"113",-34,-9.5
"113",-34,-10.5
"113",-34,-11.5
"113",-34,-12.5
"113",-35,-13.5
"113",-36,-14.5
"113",-37,-15.5
"113",-38,-16.5
"113",-38,-17.5
"113",-38,-18.5
"113",-38,-19.5
"113",-39,-20.5
"113",-39,-21.5
"113",-39,-22.5
"113",-39,-23.5
"113",-39,-24.5
"113",-40,-25.5
"113",-40,-26.5
"113",-40,-27.5
"113",-40,-28.5
"113",-40,-29.5
"113",-40,-30.5
"113",-40,-31.5
"113",-40,-32.5
"113",-40,-33.5
"113",-40,-34.5
"113",-40,-35.5
"113",-40,-36.5
"113",-40,-37.5
"113",-40,-38.5
"113",-40,-39.5
"113",-40,-40.5
"113",-40,-41.5
"113",-40,-42.5
"113",-40,-43.5
"113",-40,-44.5
"113",-39,-45.5
"113",-38,-46.5
"113",-37,-47.5
"113",-36,-48.5
"113",-35,-49.5
"113",-34,-50.5
"113",-33,-51.5
"113",-32,-52.5
"113",-31,-53.5
"113",-30,-54.5
"113",-29,-55.5
"113",-28,-56.5
"113",-27,-57.5
"113",-26,-58.5
"113",-25,-59.5
"113",-24,-60.5
"113",-23,-61.5
"113",-22,-62.5
"113",-21,-63.5
"113",-20,-64.5
"113",-20,-65.5
"114",10,76.5
"114",9,76.5
"114",8,76.5
"114",7,76.5
"114",6,75.5
"114",5,75.5
"114",4,75.5
"114",4,74.5
"114",4,73.5
"114",3,72.5
"114",2,71.5
"114",1,70.5
"114",0,69.5
"114",-1,69.5
"114",-2,69.5
"114",-3,68.5
"114",-4,68.5
"114",-5,67.5
"114",-6,67.5
"114",-7,67.5
"114",-7,66.5
"114",-7,65.5
"114",-7,64.5
"114",-7,63.5
"114",-7,62.5
"114",-8,61.5
"114",-9,60.5
"114",-10,59.5
"114",-11,58.5
"114",-11,57.5
"114",-11,56.5
"114",-11,55.5
"114",-11,54.5
"114",-11,53.5
"114",-11,52.5
"114",-11,51.5
"114",-11,50.5
"114",-11,49.5
"114",-11,48.5
"114",-11,47.5
"114",-11,46.5
"114",-11,45.5
"114",-11,44.5
"114",-11,43.5
"114",-11,42.5
"114",-11,41.5
"114",-11,40.5
"114",-11,39.5
"114",-11,38.5
"114",-11,37.5
"114",-11,36.5
"114",-11,35.5
"114",-11,34.5
"114",-11,33.5
"114",-11,32.5
"114",-12,31.5
"114",-13,30.5
"114",-13,29.5
"114",-14,28.5
"114",-15,27.5
"114",-16,26.5
"114",-17,25.5
"114",-18,24.5
"114",-18,23.5
"114",-18,22.5
"114",-18,21.5
"114",-18,20.5
"114",-18,19.5
"114",-18,18.5
"114",-18,17.5
"114",-18,16.5
"114",-18,15.5
"114",-18,14.5
"114",-18,13.5
"114",-18,12.5
"114",-18,11.5
"114",-18,10.5
"114",-18,9.5
"114",-18,8.5
"114",-18,7.5
"114",-18,6.5
"114",-18,5.5
"114",-18,4.5
"114",-18,3.5
"114",-18,2.5
"114",-18,1.5
"114",-18,0.5
"114",-18,-0.5
"114",-18,-1.5
"114",-18,-2.5
"114",-18,-3.5
"114",-18,-4.5
"114",-18,-5.5
"114",-18,-6.5
"114",-18,-7.5
"114",-18,-8.5
"114",-18,-9.5
"114",-18,-10.5
"114",-18,-11.5
"114",-18,-12.5
"114",-18,-13.5
"114",-18,-14.5
"114",-18,-15.5
"114",-18,-16.5
"114",-18,-17.5
"114",-18,-18.5
"114",-18,-19.5
"114",-19,-19.5
"114",-20,-20.5
"114",-21,-21.5
"114",-22,-22.5
"114",-22,-23.5
"114",-22,-24.5
"114",-22,-25.5
"114",-22,-26.5
"114",-22,-27.5
"114",-22,-28.5
"114",-22,-29.5
"114",-22,-30.5
"114",-22,-31.5
"114",-22,-32.5
"114",-21,-33.5
"114",-21,-34.5
"114",-21,-35.5
"114",-21,-36.5
"114",-21,-37.5
"114",-21,-38.5
"114",-21,-39.5
"114",-21,-40.5
"114",-21,-41.5
"114",-21,-42.5
"114",-21,-43.5
"114",-21,-44.5
"114",-21,-45.5
"114",-21,-46.5
"114",-21,-47.5
"114",-20,-48.5
"114",-20,-49.5
"114",-20,-50.5
"114",-20,-51.5
"114",-20,-52.5
"114",-20,-53.5
"114",-20,-54.5
"114",-20,-55.5
"114",-20,-56.5
"114",-20,-57.5
"114",-20,-58.5
"114",-20,-59.5
"114",-19,-60.5
"114",-19,-61.5
"114",-19,-62.5
"114",-19,-63.5
"114",-19,-64.5
"114",-20,-65.5
"115",10,76.5
"115",9,76.5
"115",8,76.5
"115",7,76.5
"115",6,75.5
"115",5,75.5
"115",4,75.5
"115",4,74.5
"115",4,73.5
"115",3,72.5
"115",2,71.5
"115",1,70.5
"115",0,69.5
"115",-1,69.5
"115",-2,69.5
"115",-3,68.5
"115",-4,68.5
"115",-5,67.5
"115",-6,67.5
"115",-7,67.5
"115",-7,66.5
"115",-7,65.5
"115",-7,64.5
"115",-7,63.5
"115",-7,62.5
"115",-8,62.5
"115",-9,61.5
"115",-10,60.5
"115",-11,59.5
"115",-11,58.5
"115",-11,57.5
"115",-12,57.5
"115",-13,56.5
"115",-13,55.5
"115",-13,54.5
"115",-13,53.5
"115",-13,52.5
"115",-13,51.5
"115",-13,50.5
"115",-13,49.5
"115",-13,48.5
"115",-13,47.5
"115",-13,46.5
"115",-13,45.5
"115",-13,44.5
"115",-14,44.5
"115",-15,43.5
"115",-16,43.5
"115",-17,43.5
"115",-18,42.5
"115",-18,41.5
"115",-18,40.5
"115",-18,39.5
"115",-18,38.5
"115",-18,37.5
"115",-18,36.5
"115",-18,35.5
"115",-18,34.5
"115",-18,33.5
"115",-18,32.5
"115",-18,31.5
"115",-18,30.5
"115",-18,29.5
"115",-18,28.5
"115",-18,27.5
"115",-18,26.5
"115",-18,25.5
"115",-18,24.5
"115",-18,23.5
"115",-18,22.5
"115",-18,21.5
"115",-18,20.5
"115",-18,19.5
"115",-18,18.5
"115",-18,17.5
"115",-18,16.5
"115",-18,15.5
"115",-18,14.5
"115",-18,13.5
"115",-18,12.5
"115",-18,11.5
"115",-18,10.5
"115",-18,9.5
"115",-18,8.5
"115",-18,7.5
"115",-18,6.5
"115",-18,5.5
"115",-18,4.5
"115",-18,3.5
"115",-18,2.5
"115",-18,1.5
"115",-18,0.5
"115",-18,-0.5
"115",-18,-1.5
"115",-18,-2.5
"115",-18,-3.5
"115",-18,-4.5
"115",-18,-5.5
"115",-18,-6.5
"115",-18,-7.5
"115",-18,-8.5
"115",-18,-9.5
"115",-19,-9.5
"115",-20,-10.5
"115",-20,-11.5
"115",-20,-12.5
"115",-20,-13.5
"115",-20,-14.5
"115",-20,-15.5
"115",-20,-16.5
"115",-20,-17.5
"115",-20,-18.5
"115",-20,-19.5
"115",-20,-20.5
"115",-21,-21.5
"115",-22,-22.5
"115",-22,-23.5
"115",-22,-24.5
"115",-22,-25.5
"115",-22,-26.5
"115",-22,-27.5
"115",-22,-28.5
"115",-22,-29.5
"115",-22,-30.5
"115",-22,-31.5
"115",-22,-32.5
"115",-21,-33.5
"115",-21,-34.5
"115",-21,-35.5
"115",-21,-36.5
"115",-21,-37.5
"115",-21,-38.5
"115",-21,-39.5
"115",-21,-40.5
"115",-21,-41.5
"115",-21,-42.5
"115",-21,-43.5
"115",-21,-44.5
"115",-21,-45.5
"115",-21,-46.5
"115",-21,-47.5
"115",-20,-48.5
"115",-20,-49.5
"115",-20,-50.5
"115",-20,-51.5
"115",-20,-52.5
"115",-20,-53.5
"115",-20,-54.5
"115",-20,-55.5
"115",-20,-56.5
"115",-20,-57.5
"115",-20,-58.5
"115",-20,-59.5
"115",-19,-60.5
"115",-19,-61.5
"115",-19,-62.5
"115",-19,-63.5
"115",-19,-64.5
"115",-20,-65.5
"116",10,76.5
"116",9,76.5
"116",8,76.5
"116",7,76.5
"116",6,76.5
"116",5,76.5
"116",4,76.5
"116",3,76.5
"116",2,76.5
"116",1,76.5
"116",0,76.5
"116",-1,76.5
"116",-2,76.5
"116",-3,76.5
"116",-4,76.5
"116",-5,76.5
"116",-6,76.5
"116",-7,76.5
"116",-8,76.5
"116",-9,76.5
"116",-10,76.5
"116",-11,76.5
"116",-12,76.5
"116",-13,76.5
"116",-13,75.5
"116",-13,74.5
"116",-13,73.5
"116",-13,72.5
"116",-14,72.5
"116",-15,71.5
"116",-16,71.5
"116",-17,71.5
"116",-18,71.5
"116",-19,71.5
"116",-20,71.5
"116",-20,70.5
"116",-20,69.5
"116",-20,68.5
"116",-21,68.5
"116",-22,67.5
"116",-23,67.5
"116",-24,66.5
"116",-25,66.5
"116",-26,66.5
"116",-27,66.5
"116",-27,65.5
"116",-27,64.5
"116",-27,63.5
"116",-27,62.5
"116",-27,61.5
"116",-27,60.5
"116",-27,59.5
"116",-27,58.5
"116",-27,57.5
"116",-27,56.5
"116",-27,55.5
"116",-27,54.5
"116",-27,53.5
"116",-27,52.5
"116",-27,51.5
"116",-27,50.5
"116",-27,49.5
"116",-26,48.5
"116",-26,47.5
"116",-26,46.5
"116",-26,45.5
"116",-26,44.5
"116",-26,43.5
"116",-26,42.5
"116",-26,41.5
"116",-26,40.5
"116",-26,39.5
"116",-26,38.5
"116",-26,37.5
"116",-26,36.5
"116",-26,35.5
"116",-26,34.5
"116",-26,33.5
"116",-25,32.5
"116",-25,31.5
"116",-25,30.5
"116",-25,29.5
"116",-25,28.5
"116",-25,27.5
"116",-25,26.5
"116",-25,25.5
"116",-25,24.5
"116",-25,23.5
"116",-25,22.5
"116",-25,21.5
"116",-25,20.5
"116",-25,19.5
"116",-25,18.5
"116",-25,17.5
"116",-25,16.5
"116",-25,15.5
"116",-25,14.5
"116",-26,14.5
"116",-27,14.5
"116",-28,14.5
"116",-29,13.5
"116",-29,12.5
"116",-29,11.5
"116",-29,10.5
"116",-29,9.5
"116",-29,8.5
"116",-29,7.5
"116",-29,6.5
"116",-29,5.5
"116",-29,4.5
"116",-29,3.5
"116",-29,2.5
"116",-29,1.5
"116",-29,0.5
"116",-29,-0.5
"116",-29,-1.5
"116",-29,-2.5
"116",-29,-3.5
"116",-29,-4.5
"116",-29,-5.5
"116",-29,-6.5
"116",-29,-7.5
"116",-29,-8.5
"116",-29,-9.5
"116",-29,-10.5
"116",-29,-11.5
"116",-29,-12.5
"116",-29,-13.5
"116",-29,-14.5
"116",-29,-15.5
"116",-29,-16.5
"116",-29,-17.5
"116",-29,-18.5
"116",-29,-19.5
"116",-29,-20.5
"116",-29,-21.5
"116",-29,-22.5
"116",-29,-23.5
"116",-29,-24.5
"116",-29,-25.5
"116",-29,-26.5
"116",-28,-27.5
"116",-27,-27.5
"116",-27,-28.5
"116",-27,-29.5
"116",-27,-30.5
"116",-27,-31.5
"116",-27,-32.5
"116",-27,-33.5
"116",-27,-34.5
"116",-27,-35.5
"116",-27,-36.5
"116",-27,-37.5
"116",-27,-38.5
"116",-27,-39.5
"116",-27,-40.5
"116",-27,-41.5
"116",-27,-42.5
"116",-27,-43.5
"116",-27,-44.5
"116",-27,-45.5
"116",-27,-46.5
"116",-27,-47.5
"116",-27,-48.5
"116",-27,-49.5
"116",-27,-50.5
"116",-27,-51.5
"116",-27,-52.5
"116",-27,-53.5
"116",-26,-54.5
"116",-25,-54.5
"116",-25,-55.5
"116",-25,-56.5
"116",-25,-57.5
"116",-25,-58.5
"116",-25,-59.5
"116",-25,-60.5
"116",-25,-61.5
"116",-25,-62.5
"116",-25,-63.5
"116",-24,-64.5
"116",-23,-64.5
"116",-22,-65.5
"116",-21,-65.5
"116",-20,-65.5
"117",10,76.5
"117",9,76.5
"117",8,76.5
"117",7,76.5
"117",6,76.5
"117",5,76.5
"117",4,76.5
"117",3,76.5
"117",2,76.5
"117",1,76.5
"117",0,76.5
"117",-1,76.5
"117",-2,76.5
"117",-3,76.5
"117",-4,76.5
"117",-5,76.5
"117",-6,76.5
"117",-6,75.5
"117",-6,74.5
"117",-6,73.5
"117",-6,72.5
"117",-7,71.5
"117",-8,70.5
"117",-9,69.5
"117",-10,68.5
"117",-11,67.5
"117",-12,66.5
"117",-13,65.5
"117",-13,64.5
"117",-13,63.5
"117",-13,62.5
"117",-13,61.5
"117",-13,60.5
"117",-13,59.5
"117",-13,58.5
"117",-13,57.5
"117",-13,56.5
"117",-13,55.5
"117",-13,54.5
"117",-13,53.5
"117",-13,52.5
"117",-13,51.5
"117",-13,50.5
"117",-13,49.5
"117",-13,48.5
"117",-13,47.5
"117",-13,46.5
"117",-13,45.5
"117",-13,44.5
"117",-13,43.5
"117",-13,42.5
"117",-13,41.5
"117",-13,40.5
"117",-13,39.5
"117",-13,38.5
"117",-13,37.5
"117",-13,36.5
"117",-13,35.5
"117",-13,34.5
"117",-13,33.5
"117",-13,32.5
"117",-13,31.5
"117",-13,30.5
"117",-13,29.5
"117",-14,28.5
"117",-15,27.5
"117",-16,26.5
"117",-17,25.5
"117",-18,24.5
"117",-19,23.5
"117",-20,22.5
"117",-21,21.5
"117",-22,20.5
"117",-23,19.5
"117",-23,18.5
"117",-24,17.5
"117",-25,16.5
"117",-26,15.5
"117",-27,14.5
"117",-28,13.5
"117",-29,12.5
"117",-30,11.5
"117",-31,10.5
"117",-32,9.5
"117",-33,8.5
"117",-34,7.5
"117",-34,6.5
"117",-34,5.5
"117",-34,4.5
"117",-34,3.5
"117",-34,2.5
"117",-34,1.5
"117",-34,0.5
"117",-34,-0.5
"117",-34,-1.5
"117",-34,-2.5
"117",-34,-3.5
"117",-34,-4.5
"117",-34,-5.5
"117",-34,-6.5
"117",-34,-7.5
"117",-34,-8.5
"117",-34,-9.5
"117",-34,-10.5
"117",-34,-11.5
"117",-34,-12.5
"117",-34,-13.5
"117",-35,-14.5
"117",-35,-15.5
"117",-35,-16.5
"117",-35,-17.5
"117",-35,-18.5
"117",-35,-19.5
"117",-35,-20.5
"117",-35,-21.5
"117",-35,-22.5
"117",-35,-23.5
"117",-35,-24.5
"117",-35,-25.5
"117",-35,-26.5
"117",-35,-27.5
"117",-35,-28.5
"117",-35,-29.5
"117",-35,-30.5
"117",-35,-31.5
"117",-35,-32.5
"117",-35,-33.5
"117",-35,-34.5
"117",-35,-35.5
"117",-35,-36.5
"117",-35,-37.5
"117",-35,-38.5
"117",-35,-39.5
"117",-35,-40.5
"117",-35,-41.5
"117",-35,-42.5
"117",-35,-43.5
"117",-35,-44.5
"117",-35,-45.5
"117",-35,-46.5
"117",-35,-47.5
"117",-35,-48.5
"117",-35,-49.5
"117",-34,-50.5
"117",-33,-51.5
"117",-32,-52.5
"117",-31,-53.5
"117",-30,-54.5
"117",-29,-55.5
"117",-28,-56.5
"117",-27,-57.5
"117",-26,-58.5
"117",-25,-59.5
"117",-24,-60.5
"117",-23,-61.5
"117",-22,-62.5
"117",-21,-63.5
"117",-20,-64.5
"117",-20,-65.5
"118",10,76.5
"118",9,76.5
"118",8,76.5
"118",7,76.5
"118",6,76.5
"118",5,76.5
"118",4,76.5
"118",3,76.5
"118",2,76.5
"118",1,76.5
"118",0,76.5
"118",-1,76.5
"118",-2,76.5
"118",-3,76.5
"118",-4,76.5
"118",-5,76.5
"118",-6,76.5
"118",-7,76.5
"118",-8,76.5
"118",-9,76.5
"118",-10,76.5
"118",-11,76.5
"118",-11,75.5
"118",-11,74.5
"118",-11,73.5
"118",-11,72.5
"118",-11,71.5
"118",-11,70.5
"118",-11,69.5
"118",-11,68.5
"118",-11,67.5
"118",-11,66.5
"118",-11,65.5
"118",-11,64.5
"118",-11,63.5
"118",-11,62.5
"118",-11,61.5
"118",-11,60.5
"118",-11,59.5
"118",-11,58.5
"118",-11,57.5
"118",-11,56.5
"118",-11,55.5
"118",-11,54.5
"118",-11,53.5
"118",-11,52.5
"118",-11,51.5
"118",-11,50.5
"118",-11,49.5
"118",-11,48.5
"118",-11,47.5
"118",-11,46.5
"118",-11,45.5
"118",-11,44.5
"118",-11,43.5
"118",-11,42.5
"118",-11,41.5
"118",-11,40.5
"118",-11,39.5
"118",-11,38.5
"118",-11,37.5
"118",-11,36.5
"118",-11,35.5
"118",-11,34.5
"118",-11,33.5
"118",-11,32.5
"118",-12,31.5
"118",-13,30.5
"118",-14,29.5
"118",-14,28.5
"118",-15,27.5
"118",-16,26.5
"118",-17,25.5
"118",-18,24.5
"118",-18,23.5
"118",-18,22.5
"118",-18,21.5
"118",-18,20.5
"118",-18,19.5
"118",-18,18.5
"118",-18,17.5
"118",-18,16.5
"118",-18,15.5
"118",-18,14.5
"118",-18,13.5
"118",-18,12.5
"118",-18,11.5
"118",-18,10.5
"118",-18,9.5
"118",-18,8.5
"118",-18,7.5
"118",-18,6.5
"118",-18,5.5
"118",-18,4.5
"118",-18,3.5
"118",-18,2.5
"118",-18,1.5
"118",-18,0.5
"118",-18,-0.5
"118",-18,-1.5
"118",-18,-2.5
"118",-18,-3.5
"118",-18,-4.5
"118",-18,-5.5
"118",-18,-6.5
"118",-18,-7.5
"118",-18,-8.5
"118",-19,-9.5
"118",-20,-10.5
"118",-20,-11.5
"118",-20,-12.5
"118",-20,-13.5
"118",-20,-14.5
"118",-20,-15.5
"118",-20,-16.5
"118",-20,-17.5
"118",-20,-18.5
"118",-20,-19.5
"118",-20,-20.5
"118",-21,-21.5
"118",-22,-22.5
"118",-22,-23.5
"118",-22,-24.5
"118",-22,-25.5
"118",-22,-26.5
"118",-22,-27.5
"118",-22,-28.5
"118",-22,-29.5
"118",-22,-30.5
"118",-22,-31.5
"118",-22,-32.5
"118",-21,-33.5
"118",-21,-34.5
"118",-21,-35.5
"118",-21,-36.5
"118",-21,-37.5
"118",-21,-38.5
"118",-21,-39.5
"118",-21,-40.5
"118",-21,-41.5
"118",-21,-42.5
"118",-21,-43.5
"118",-21,-44.5
"118",-21,-45.5
"118",-21,-46.5
"118",-21,-47.5
"118",-20,-48.5
"118",-20,-49.5
"118",-20,-50.5
"118",-20,-51.5
"118",-20,-52.5
"118",-20,-53.5
"118",-20,-54.5
"118",-20,-55.5
"118",-20,-56.5
"118",-20,-57.5
"118",-20,-58.5
"118",-20,-59.5
"118",-19,-60.5
"118",-19,-61.5
"118",-19,-62.5
"118",-19,-63.5
"118",-19,-64.5
"118",-20,-65.5
"119",10,76.5
"119",9,76.5
"119",8,76.5
"119",7,76.5
"119",6,76.5
"119",5,76.5
"119",4,76.5
"119",3,76.5
"119",2,76.5
"119",1,76.5
"119",0,76.5
"119",-1,76.5
"119",-2,76.5
"119",-3,76.5
"119",-4,76.5
"119",-5,76.5
"119",-6,76.5
"119",-7,76.5
"119",-8,76.5
"119",-9,76.5
"119",-10,76.5
"119",-11,76.5
"119",-12,76.5
"119",-13,76.5
"119",-13,75.5
"119",-13,74.5
"119",-13,73.5
"119",-13,72.5
"119",-14,72.5
"119",-15,71.5
"119",-16,71.5
"119",-17,71.5
"119",-18,71.5
"119",-19,71.5
"119",-20,71.5
"119",-20,70.5
"119",-20,69.5
"119",-20,68.5
"119",-21,68.5
"119",-22,67.5
"119",-23,67.5
"119",-24,66.5
"119",-25,66.5
"119",-26,66.5
"119",-27,66.5
"119",-27,65.5
"119",-27,64.5
"119",-27,63.5
"119",-27,62.5
"119",-27,61.5
"119",-27,60.5
"119",-27,59.5
"119",-27,58.5
"119",-27,57.5
"119",-27,56.5
"119",-27,55.5
"119",-27,54.5
"119",-27,53.5
"119",-27,52.5
"119",-27,51.5
"119",-27,50.5
"119",-27,49.5
"119",-26,48.5
"119",-26,47.5
"119",-26,46.5
"119",-26,45.5
"119",-26,44.5
"119",-26,43.5
"119",-26,42.5
"119",-26,41.5
"119",-26,40.5
"119",-26,39.5
"119",-26,38.5
"119",-26,37.5
"119",-26,36.5
"119",-26,35.5
"119",-26,34.5
"119",-26,33.5
"119",-25,32.5
"119",-25,31.5
"119",-25,30.5
"119",-25,29.5
"119",-25,28.5
"119",-25,27.5
"119",-25,26.5
"119",-25,25.5
"119",-25,24.5
"119",-25,23.5
"119",-25,22.5
"119",-25,21.5
"119",-25,20.5
"119",-25,19.5
"119",-25,18.5
"119",-25,17.5
"119",-25,16.5
"119",-25,15.5
"119",-26,14.5
"119",-27,14.5
"119",-28,14.5
"119",-29,13.5
"119",-29,12.5
"119",-29,11.5
"119",-29,10.5
"119",-29,9.5
"119",-29,8.5
"119",-29,7.5
"119",-29,6.5
"119",-29,5.5
"119",-29,4.5
"119",-29,3.5
"119",-29,2.5
"119",-29,1.5
"119",-29,0.5
"119",-29,-0.5
"119",-29,-1.5
"119",-29,-2.5
"119",-29,-3.5
"119",-29,-4.5
"119",-29,-5.5
"119",-29,-6.5
"119",-29,-7.5
"119",-29,-8.5
"119",-29,-9.5
"119",-29,-10.5
"119",-29,-11.5
"119",-29,-12.5
"119",-29,-13.5
"119",-29,-14.5
"119",-29,-15.5
"119",-29,-16.5
"119",-29,-17.5
"119",-29,-18.5
"119",-29,-19.5
"119",-29,-20.5
"119",-29,-21.5
"119",-29,-22.5
"119",-29,-23.5
"119",-29,-24.5
"119",-29,-25.5
"119",-29,-26.5
"119",-28,-27.5
"119",-27,-27.5
"119",-27,-28.5
"119",-27,-29.5
"119",-27,-30.5
"119",-27,-31.5
"119",-27,-32.5
"119",-27,-33.5
"119",-27,-34.5
"119",-27,-35.5
"119",-27,-36.5
"119",-27,-37.5
"119",-27,-38.5
"119",-27,-39.5
"119",-27,-40.5
"119",-27,-41.5
"119",-27,-42.5
"119",-27,-43.5
"119",-27,-44.5
"119",-27,-45.5
"119",-27,-46.5
"119",-27,-47.5
"119",-27,-48.5
"119",-27,-49.5
"119",-27,-50.5
"119",-27,-51.5
"119",-27,-52.5
"119",-27,-53.5
"119",-26,-54.5
"119",-25,-54.5
"119",-25,-55.5
"119",-25,-56.5
"119",-25,-57.5
"119",-25,-58.5
"119",-25,-59.5
"119",-25,-60.5
"119",-25,-61.5
"119",-25,-62.5
"119",-25,-63.5
"119",-24,-64.5
"119",-23,-64.5
"119",-22,-65.5
"119",-21,-65.5
"119",-20,-65.5
"120",10,76.5
"120",9,76.5
"120",8,76.5
"120",7,76.5
"120",6,76.5
"120",5,76.5
"120",4,76.5
"120",3,76.5
"120",2,76.5
"120",1,76.5
"120",0,76.5
"120",-1,76.5
"120",-2,76.5
"120",-3,76.5
"120",-4,76.5
"120",-5,76.5
"120",-6,76.5
"120",-7,76.5
"120",-7,75.5
"120",-7,74.5
"120",-7,73.5
"120",-7,72.5
"120",-7,71.5
"120",-8,70.5
"120",-9,69.5
"120",-10,68.5
"120",-11,67.5
"120",-12,66.5
"120",-13,65.5
"120",-13,64.5
"120",-13,63.5
"120",-13,62.5
"120",-13,61.5
"120",-13,60.5
"120",-13,59.5
"120",-13,58.5
"120",-13,57.5
"120",-13,56.5
"120",-13,55.5
"120",-13,54.5
"120",-13,53.5
"120",-13,52.5
"120",-13,51.5
"120",-13,50.5
"120",-13,49.5
"120",-13,48.5
"120",-13,47.5
"120",-13,46.5
"120",-13,45.5
"120",-13,44.5
"120",-13,43.5
"120",-13,42.5
"120",-13,41.5
"120",-13,40.5
"120",-13,39.5
"120",-13,38.5
"120",-13,37.5
"120",-13,36.5
"120",-13,35.5
"120",-13,34.5
"120",-13,33.5
"120",-13,32.5
"120",-13,31.5
"120",-13,30.5
"120",-13,29.5
"120",-14,28.5
"120",-15,27.5
"120",-16,26.5
"120",-17,25.5
"120",-18,24.5
"120",-18,23.5
"120",-18,22.5
"120",-18,21.5
"120",-18,20.5
"120",-18,19.5
"120",-18,18.5
"120",-18,17.5
"120",-18,16.5
"120",-18,15.5
"120",-18,14.5
"120",-18,13.5
"120",-18,12.5
"120",-18,11.5
"120",-18,10.5
"120",-18,9.5
"120",-18,8.5
"120",-18,7.5
"120",-18,6.5
"120",-18,5.5
"120",-18,4.5
"120",-18,3.5
"120",-18,2.5
"120",-18,1.5
"120",-18,0.5
"120",-18,-0.5
"120",-18,-1.5
"120",-18,-2.5
"120",-18,-3.5
"120",-18,-4.5
"120",-18,-5.5
"120",-18,-6.5
"120",-18,-7.5
"120",-18,-8.5
"120",-18,-9.5
"120",-18,-10.5
"120",-18,-11.5
"120",-18,-12.5
"120",-18,-13.5
"120",-18,-14.5
"120",-18,-15.5
"120",-18,-16.5
"120",-19,-17.5
"120",-20,-18.5
"120",-20,-19.5
"120",-20,-20.5
"120",-20,-21.5
"120",-20,-22.5
"120",-20,-23.5
"120",-20,-24.5
"120",-20,-25.5
"120",-20,-26.5
"120",-20,-27.5
"120",-20,-28.5
"120",-20,-29.5
"120",-20,-30.5
"120",-20,-31.5
"120",-20,-32.5
"120",-20,-33.5
"120",-20,-34.5
"120",-20,-35.5
"120",-20,-36.5
"120",-20,-37.5
"120",-20,-38.5
"120",-20,-39.5
"120",-20,-40.5
"120",-20,-41.5
"120",-20,-42.5
"120",-20,-43.5
"120",-20,-44.5
"120",-20,-45.5
"120",-20,-46.5
"120",-20,-47.5
"120",-20,-48.5
"120",-20,-49.5
"120",-20,-50.5
"120",-20,-51.5
"120",-20,-52.5
"120",-20,-53.5
"120",-20,-54.5
"120",-20,-55.5
"120",-20,-56.5
"120",-20,-57.5
"120",-20,-58.5
"120",-20,-59.5
"120",-20,-60.5
"120",-20,-61.5
"120",-20,-62.5
"120",-20,-63.5
"120",-20,-64.5
"120",-20,-65.5
"121",10,76.5
"121",9,76.5
"121",8,76.5
"121",7,76.5
"121",6,76.5
"121",5,76.5
"121",4,76.5
"121",3,76.5
"121",2,76.5
"121",1,76.5
"121",0,76.5
"121",-1,76.5
"121",-2,76.5
"121",-3,76.5
"121",-4,76.5
"121",-5,76.5
"121",-6,76.5
"121",-7,76.5
"121",-8,76.5
"121",-9,76.5
"121",-10,76.5
"121",-11,76.5
"121",-11,75.5
"121",-11,74.5
"121",-11,73.5
"121",-11,72.5
"121",-11,71.5
"121",-11,70.5
"121",-11,69.5
"121",-11,68.5
"121",-11,67.5
"121",-11,66.5
"121",-11,65.5
"121",-11,64.5
"121",-11,63.5
"121",-11,62.5
"121",-11,61.5
"121",-11,60.5
"121",-11,59.5
"121",-11,58.5
"121",-11,57.5
"121",-11,56.5
"121",-11,55.5
"121",-11,54.5
"121",-11,53.5
"121",-11,52.5
"121",-11,51.5
"121",-11,50.5
"121",-11,49.5
"121",-11,48.5
"121",-11,47.5
"121",-11,46.5
"121",-11,45.5
"121",-11,44.5
"121",-11,43.5
"121",-11,42.5
"121",-11,41.5
"121",-11,40.5
"121",-11,39.5
"121",-11,38.5
"121",-11,37.5
"121",-11,36.5
"121",-11,35.5
"121",-11,34.5
"121",-11,33.5
"121",-11,32.5
"121",-12,31.5
"121",-13,30.5
"121",-14,29.5
"121",-14,28.5
"121",-15,27.5
"121",-16,26.5
"121",-17,25.5
"121",-18,24.5
"121",-18,23.5
"121",-18,22.5
"121",-18,21.5
"121",-18,20.5
"121",-18,19.5
"121",-18,18.5
"121",-18,17.5
"121",-18,16.5
"121",-18,15.5
"121",-18,14.5
"121",-18,13.5
"121",-18,12.5
"121",-18,11.5
"121",-18,10.5
"121",-18,9.5
"121",-18,8.5
"121",-18,7.5
"121",-18,6.5
"121",-18,5.5
"121",-18,4.5
"121",-18,3.5
"121",-18,2.5
"121",-18,1.5
"121",-18,0.5
"121",-18,-0.5
"121",-18,-1.5
"121",-18,-2.5
"121",-18,-3.5
"121",-18,-4.5
"121",-18,-5.5
"121",-18,-6.5
"121",-18,-7.5
"121",-18,-8.5
"121",-19,-9.5
"121",-20,-10.5
"121",-20,-11.5
"121",-20,-12.5
"121",-20,-13.5
"121",-20,-14.5
"121",-20,-15.5
"121",-20,-16.5
"121",-20,-17.5
"121",-20,-18.5
"121",-20,-19.5
"121",-20,-20.5
"121",-21,-21.5
"121",-22,-22.5
"121",-22,-23.5
"121",-22,-24.5
"121",-22,-25.5
"121",-22,-26.5
"121",-22,-27.5
"121",-22,-28.5
"121",-22,-29.5
"121",-22,-30.5
"121",-22,-31.5
"121",-22,-32.5
"121",-21,-33.5
"121",-21,-34.5
"121",-21,-35.5
"121",-21,-36.5
"121",-21,-37.5
"121",-21,-38.5
"121",-21,-39.5
"121",-21,-40.5
"121",-21,-41.5
"121",-21,-42.5
"121",-21,-43.5
"121",-21,-44.5
"121",-21,-45.5
"121",-21,-46.5
"121",-21,-47.5
"121",-20,-48.5
"121",-20,-49.5
"121",-20,-50.5
"121",-20,-51.5
"121",-20,-52.5
"121",-20,-53.5
"121",-20,-54.5
"121",-20,-55.5
"121",-20,-56.5
"121",-20,-57.5
"121",-20,-58.5
"121",-20,-59.5
"121",-19,-60.5
"121",-19,-61.5
"121",-19,-62.5
"121",-19,-63.5
"121",-19,-64.5
"121",-20,-65.5
"122",10,76.5
"122",9,76.5
"122",8,76.5
"122",7,76.5
"122",6,76.5
"122",5,76.5
"122",4,76.5
"122",3,76.5
"122",2,76.5
"122",1,76.5
"122",0,76.5
"122",-1,76.5
"122",-2,76.5
"122",-3,76.5
"122",-4,76.5
"122",-5,76.5
"122",-6,76.5
"122",-7,76.5
"122",-8,76.5
"122",-9,76.5
"122",-10,76.5
"122",-11,76.5
"122",-12,76.5
"122",-13,76.5
"122",-13,75.5
"122",-13,74.5
"122",-13,73.5
"122",-13,72.5
"122",-14,72.5
"122",-15,71.5
"122",-16,71.5
"122",-17,71.5
"122",-18,71.5
"122",-19,71.5
"122",-20,71.5
"122",-20,70.5
"122",-20,69.5
"122",-20,68.5
"122",-21,68.5
"122",-22,67.5
"122",-23,67.5
"122",-24,66.5
"122",-25,66.5
"122",-26,66.5
"122",-27,66.5
"122",-27,65.5
"122",-27,64.5
"122",-27,63.5
"122",-27,62.5
"122",-27,61.5
"122",-27,60.5
"122",-27,59.5
"122",-27,58.5
"122",-27,57.5
"122",-27,56.5
"122",-27,55.5
"122",-27,54.5
"122",-27,53.5
"122",-27,52.5
"122",-27,51.5
"122",-27,50.5
"122",-27,49.5
"122",-26,48.5
"122",-26,47.5
"122",-26,46.5
"122",-26,45.5
"122",-26,44.5
"122",-26,43.5
"122",-26,42.5
"122",-26,41.5
"122",-26,40.5
"122",-26,39.5
"122",-26,38.5
"122",-26,37.5
"122",-26,36.5
"122",-26,35.5
"122",-26,34.5
"122",-26,33.5
"122",-25,32.5
"122",-25,31.5
"122",-25,30.5
"122",-25,29.5
"122",-25,28.5
"122",-25,27.5
"122",-25,26.5
"122",-25,25.5
"122",-25,24.5
"122",-25,23.5
"122",-25,22.5
"122",-25,21.5
"122",-25,20.5
"122",-26,19.5
"122",-27,18.5
"122",-28,18.5
"122",-29,17.5
"122",-29,16.5
"122",-29,15.5
"122",-29,14.5
"122",-29,13.5
"122",-29,12.5
"122",-29,11.5
"122",-29,10.5
"122",-29,9.5
"122",-29,8.5
"122",-29,7.5
"122",-29,6.5
"122",-29,5.5
"122",-29,4.5
"122",-29,3.5
"122",-29,2.5
"122",-29,1.5
"122",-29,0.5
"122",-29,-0.5
"122",-29,-1.5
"122",-29,-2.5
"122",-29,-3.5
"122",-29,-4.5
"122",-29,-5.5
"122",-29,-6.5
"122",-29,-7.5
"122",-29,-8.5
"122",-29,-9.5
"122",-29,-10.5
"122",-29,-11.5
"122",-29,-12.5
"122",-29,-13.5
"122",-29,-14.5
"122",-29,-15.5
"122",-29,-16.5
"122",-29,-17.5
"122",-29,-18.5
"122",-29,-19.5
"122",-29,-20.5
"122",-29,-21.5
"122",-29,-22.5
"122",-29,-23.5
"122",-29,-24.5
"122",-29,-25.5
"122",-29,-26.5
"122",-28,-27.5
"122",-27,-27.5
"122",-27,-28.5
"122",-27,-29.5
"122",-27,-30.5
"122",-27,-31.5
"122",-27,-32.5
"122",-27,-33.5
"122",-27,-34.5
"122",-27,-35.5
"122",-27,-36.5
"122",-27,-37.5
"122",-27,-38.5
"122",-27,-39.5
"122",-27,-40.5
"122",-27,-41.5
"122",-27,-42.5
"122",-27,-43.5
"122",-27,-44.5
"122",-27,-45.5
"122",-27,-46.5
"122",-27,-47.5
"122",-27,-48.5
"122",-27,-49.5
"122",-27,-50.5
"122",-27,-51.5
"122",-27,-52.5
"122",-27,-53.5
"122",-26,-54.5
"122",-25,-54.5
"122",-25,-55.5
"122",-25,-56.5
"122",-25,-57.5
"122",-25,-58.5
"122",-25,-59.5
"122",-25,-60.5
"122",-25,-61.5
"122",-25,-62.5
"122",-25,-63.5
"122",-24,-64.5
"122",-23,-64.5
"122",-22,-65.5
"122",-21,-65.5
"122",-20,-65.5
"123",10,76.5
"123",9,76.5
"123",8,76.5
"123",7,76.5
"123",6,76.5
"123",5,76.5
"123",4,76.5
"123",3,76.5
"123",2,76.5
"123",1,76.5
"123",0,76.5
"123",-1,76.5
"123",-2,76.5
"123",-3,76.5
"123",-4,76.5
"123",-5,76.5
"123",-6,76.5
"123",-7,76.5
"123",-8,76.5
"123",-9,76.5
"123",-10,76.5
"123",-11,76.5
"123",-12,76.5
"123",-13,76.5
"123",-14,76.5
"123",-15,76.5
"123",-16,76.5
"123",-17,76.5
"123",-17,75.5
"123",-17,74.5
"123",-17,73.5
"123",-18,73.5
"123",-18,72.5
"123",-19,72.5
"123",-19,71.5
"123",-20,71.5
"123",-20,70.5
"123",-21,70.5
"123",-21,69.5
"123",-22,68.5
"123",-23,67.5
"123",-24,66.5
"123",-24,65.5
"123",-24,64.5
"123",-24,63.5
"123",-24,62.5
"123",-24,61.5
"123",-24,60.5
"123",-24,59.5
"123",-24,58.5
"123",-24,57.5
"123",-24,56.5
"123",-23,55.5
"123",-22,54.5
"123",-21,53.5
"123",-21,52.5
"123",-21,51.5
"123",-21,50.5
"123",-21,49.5
"123",-21,48.5
"123",-21,47.5
"123",-21,46.5
"123",-21,45.5
"123",-21,44.5
"123",-21,43.5
"123",-21,42.5
"123",-21,41.5
"123",-21,40.5
"123",-21,39.5
"123",-21,38.5
"123",-21,37.5
"123",-21,36.5
"123",-21,35.5
"123",-21,34.5
"123",-21,33.5
"123",-21,32.5
"123",-21,31.5
"123",-21,30.5
"123",-21,29.5
"123",-21,28.5
"123",-21,27.5
"123",-21,26.5
"123",-21,25.5
"123",-21,24.5
"123",-21,23.5
"123",-21,22.5
"123",-21,21.5
"123",-21,20.5
"123",-21,19.5
"123",-21,18.5
"123",-21,17.5
"123",-21,16.5
"123",-21,15.5
"123",-21,14.5
"123",-21,13.5
"123",-21,12.5
"123",-21,11.5
"123",-21,10.5
"123",-21,9.5
"123",-21,8.5
"123",-21,7.5
"123",-21,6.5
"123",-21,5.5
"123",-21,4.5
"123",-21,3.5
"123",-21,2.5
"123",-21,1.5
"123",-21,0.5
"123",-21,-0.5
"123",-21,-1.5
"123",-21,-2.5
"123",-21,-3.5
"123",-21,-4.5
"123",-21,-5.5
"123",-21,-6.5
"123",-21,-7.5
"123",-21,-8.5
"123",-21,-9.5
"123",-21,-10.5
"123",-21,-11.5
"123",-21,-12.5
"123",-21,-13.5
"123",-21,-14.5
"123",-21,-15.5
"123",-21,-16.5
"123",-21,-17.5
"123",-21,-18.5
"123",-21,-19.5
"123",-21,-20.5
"123",-21,-21.5
"123",-21,-22.5
"123",-21,-23.5
"123",-21,-24.5
"123",-21,-25.5
"123",-21,-26.5
"123",-21,-27.5
"123",-21,-28.5
"123",-21,-29.5
"123",-21,-30.5
"123",-21,-31.5
"123",-21,-32.5
"123",-21,-33.5
"123",-21,-34.5
"123",-21,-35.5
"123",-21,-36.5
"123",-21,-37.5
"123",-21,-38.5
"123",-21,-39.5
"123",-21,-40.5
"123",-21,-41.5
"123",-21,-42.5
"123",-21,-43.5
"123",-21,-44.5
"123",-21,-45.5
"123",-21,-46.5
"123",-21,-47.5
"123",-21,-48.5
"123",-21,-49.5
"123",-21,-50.5
"123",-21,-51.5
"123",-21,-52.5
"123",-21,-53.5
"123",-20,-54.5
"123",-20,-55.5
"123",-20,-56.5
"123",-20,-57.5
"123",-20,-58.5
"123",-20,-59.5
"123",-20,-60.5
"123",-20,-61.5
"123",-20,-62.5
"123",-20,-63.5
"123",-20,-64.5
"123",-20,-65.5
"124",10,76.5
"124",9,76.5
"124",8,75.5
"124",7,75.5
"124",6,74.5
"124",5,73.5
"124",4,73.5
"124",3,72.5
"124",2,71.5
"124",1,70.5
"124",0,69.5
"124",-1,69.5
"124",-2,69.5
"124",-3,68.5
"124",-4,68.5
"124",-5,67.5
"124",-6,67.5
"124",-7,67.5
"124",-7,66.5
"124",-7,65.5
"124",-7,64.5
"124",-7,63.5
"124",-7,62.5
"124",-8,61.5
"124",-9,60.5
"124",-10,59.5
"124",-11,58.5
"124",-12,57.5
"124",-13,56.5
"124",-13,55.5
"124",-13,54.5
"124",-13,53.5
"124",-13,52.5
"124",-13,51.5
"124",-13,50.5
"124",-13,49.5
"124",-13,48.5
"124",-13,47.5
"124",-13,46.5
"124",-13,45.5
"124",-12,44.5
"124",-11,43.5
"124",-11,42.5
"124",-11,41.5
"124",-11,40.5
"124",-11,39.5
"124",-11,38.5
"124",-11,37.5
"124",-11,36.5
"124",-11,35.5
"124",-11,34.5
"124",-11,33.5
"124",-11,32.5
"124",-12,31.5
"124",-13,30.5
"124",-13,29.5
"124",-14,28.5
"124",-15,27.5
"124",-16,26.5
"124",-17,25.5
"124",-18,24.5
"124",-19,23.5
"124",-20,22.5
"124",-21,21.5
"124",-22,20.5
"124",-23,19.5
"124",-24,18.5
"124",-25,17.5
"124",-25,16.5
"124",-26,15.5
"124",-27,14.5
"124",-28,13.5
"124",-29,12.5
"124",-30,11.5
"124",-31,10.5
"124",-31,9.5
"124",-31,8.5
"124",-31,7.5
"124",-31,6.5
"124",-31,5.5
"124",-31,4.5
"124",-31,3.5
"124",-31,2.5
"124",-31,1.5
"124",-31,0.5
"124",-31,-0.5
"124",-31,-1.5
"124",-31,-2.5
"124",-31,-3.5
"124",-31,-4.5
"124",-31,-5.5
"124",-31,-6.5
"124",-31,-7.5
"124",-31,-8.5
"124",-31,-9.5
"124",-32,-10.5
"124",-33,-11.5
"124",-34,-11.5
"124",-35,-12.5
"124",-36,-13.5
"124",-37,-14.5
"124",-37,-15.5
"124",-37,-16.5
"124",-37,-17.5
"124",-38,-18.5
"124",-39,-19.5
"124",-39,-20.5
"124",-40,-21.5
"124",-40,-22.5
"124",-40,-23.5
"124",-41,-24.5
"124",-42,-25.5
"124",-43,-26.5
"124",-44,-27.5
"124",-44,-28.5
"124",-44,-29.5
"124",-44,-30.5
"124",-44,-31.5
"124",-44,-32.5
"124",-44,-33.5
"124",-44,-34.5
"124",-44,-35.5
"124",-44,-36.5
"124",-44,-37.5
"124",-44,-38.5
"124",-44,-39.5
"124",-44,-40.5
"124",-44,-41.5
"124",-44,-42.5
"124",-44,-43.5
"124",-44,-44.5
"124",-43,-45.5
"124",-42,-46.5
"124",-41,-47.5
"124",-40,-48.5
"124",-39,-49.5
"124",-38,-49.5
"124",-37,-50.5
"124",-36,-51.5
"124",-35,-52.5
"124",-34,-53.5
"124",-33,-54.5
"124",-32,-55.5
"124",-31,-56.5
"124",-30,-57.5
"124",-29,-58.5
"124",-28,-59.5
"124",-27,-60.5
"124",-26,-61.5
"124",-25,-61.5
"124",-24,-62.5
"124",-23,-62.5
"124",-22,-63.5
"124",-21,-64.5
"124",-20,-65.5
"125",10,76.5
"125",9,76.5
"125",8,76.5
"125",7,76.5
"125",6,75.5
"125",5,75.5
"125",4,75.5
"125",4,74.5
"125",4,73.5
"125",3,72.5
"125",2,71.5
"125",1,70.5
"125",0,69.5
"125",-1,69.5
"125",-2,69.5
"125",-3,68.5
"125",-4,68.5
"125",-5,67.5
"125",-6,67.5
"125",-7,67.5
"125",-7,66.5
"125",-7,65.5
"125",-7,64.5
"125",-7,63.5
"125",-7,62.5
"125",-8,61.5
"125",-9,60.5
"125",-10,59.5
"125",-11,58.5
"125",-12,57.5
"125",-13,56.5
"125",-13,55.5
"125",-13,54.5
"125",-13,53.5
"125",-13,52.5
"125",-13,51.5
"125",-13,50.5
"125",-13,49.5
"125",-13,48.5
"125",-13,47.5
"125",-13,46.5
"125",-13,45.5
"125",-12,44.5
"125",-11,44.5
"125",-11,43.5
"125",-11,42.5
"125",-11,41.5
"125",-11,40.5
"125",-11,39.5
"125",-11,38.5
"125",-11,37.5
"125",-11,36.5
"125",-11,35.5
"125",-11,34.5
"125",-11,33.5
"125",-11,32.5
"125",-12,31.5
"125",-13,30.5
"125",-14,29.5
"125",-14,28.5
"125",-15,27.5
"125",-16,26.5
"125",-17,25.5
"125",-18,24.5
"125",-19,23.5
"125",-20,22.5
"125",-21,21.5
"125",-22,20.5
"125",-23,19.5
"125",-24,18.5
"125",-25,17.5
"125",-25,16.5
"125",-26,15.5
"125",-27,14.5
"125",-28,13.5
"125",-29,12.5
"125",-30,11.5
"125",-31,10.5
"125",-31,9.5
"125",-31,8.5
"125",-31,7.5
"125",-31,6.5
"125",-31,5.5
"125",-31,4.5
"125",-31,3.5
"125",-31,2.5
"125",-31,1.5
"125",-31,0.5
"125",-31,-0.5
"125",-31,-1.5
"125",-31,-2.5
"125",-31,-3.5
"125",-31,-4.5
"125",-31,-5.5
"125",-31,-6.5
"125",-31,-7.5
"125",-31,-8.5
"125",-31,-9.5
"125",-32,-10.5
"125",-33,-11.5
"125",-34,-11.5
"125",-35,-12.5
"125",-36,-13.5
"125",-37,-14.5
"125",-37,-15.5
"125",-37,-16.5
"125",-37,-17.5
"125",-37,-18.5
"125",-37,-19.5
"125",-37,-20.5
"125",-37,-21.5
"125",-37,-22.5
"125",-37,-23.5
"125",-37,-24.5
"125",-37,-25.5
"125",-37,-26.5
"125",-37,-27.5
"125",-37,-28.5
"125",-36,-29.5
"125",-36,-30.5
"125",-36,-31.5
"125",-35,-32.5
"125",-35,-33.5
"125",-35,-34.5
"125",-35,-35.5
"125",-35,-36.5
"125",-35,-37.5
"125",-35,-38.5
"125",-35,-39.5
"125",-35,-40.5
"125",-35,-41.5
"125",-35,-42.5
"125",-35,-43.5
"125",-35,-44.5
"125",-35,-45.5
"125",-35,-46.5
"125",-35,-47.5
"125",-34,-48.5
"125",-34,-49.5
"125",-34,-50.5
"125",-33,-51.5
"125",-32,-52.5
"125",-31,-53.5
"125",-30,-54.5
"125",-29,-55.5
"125",-28,-56.5
"125",-27,-56.5
"125",-26,-57.5
"125",-25,-57.5
"125",-25,-58.5
"125",-25,-59.5
"125",-24,-60.5
"125",-23,-60.5
"125",-22,-61.5
"125",-21,-61.5
"125",-20,-61.5
"125",-19,-62.5
"125",-19,-63.5
"125",-19,-64.5
"125",-20,-65.5
"126",10,76.5
"126",9,76.5
"126",8,76.5
"126",7,76.5
"126",6,75.5
"126",5,75.5
"126",4,75.5
"126",4,74.5
"126",4,73.5
"126",3,72.5
"126",2,71.5
"126",1,70.5
"126",0,69.5
"126",-1,69.5
"126",-2,69.5
"126",-3,68.5
"126",-4,68.5
"126",-5,67.5
"126",-6,67.5
"126",-7,67.5
"126",-7,66.5
"126",-7,65.5
"126",-7,64.5
"126",-7,63.5
"126",-7,62.5
"126",-8,62.5
"126",-9,61.5
"126",-10,60.5
"126",-11,59.5
"126",-11,58.5
"126",-11,57.5
"126",-12,57.5
"126",-13,56.5
"126",-13,55.5
"126",-13,54.5
"126",-13,53.5
"126",-13,52.5
"126",-13,51.5
"126",-13,50.5
"126",-13,49.5
"126",-13,48.5
"126",-13,47.5
"126",-13,46.5
"126",-13,45.5
"126",-12,44.5
"126",-11,44.5
"126",-11,43.5
"126",-10,42.5
"126",-11,41.5
"126",-11,40.5
"126",-11,39.5
"126",-11,38.5
"126",-11,37.5
"126",-11,36.5
"126",-11,35.5
"126",-11,34.5
"126",-11,33.5
"126",-11,32.5
"126",-12,31.5
"126",-13,30.5
"126",-14,29.5
"126",-14,28.5
"126",-15,27.5
"126",-16,26.5
"126",-17,25.5
"126",-18,24.5
"126",-18,23.5
"126",-18,22.5
"126",-18,21.5
"126",-18,20.5
"126",-18,19.5
"126",-18,18.5
"126",-18,17.5
"126",-18,16.5
"126",-18,15.5
"126",-18,14.5
"126",-18,13.5
"126",-18,12.5
"126",-18,11.5
"126",-18,10.5
"126",-18,9.5
"126",-18,8.5
"126",-18,7.5
"126",-18,6.5
"126",-18,5.5
"126",-18,4.5
"126",-18,3.5
"126",-19,3.5
"126",-20,2.5
"126",-21,2.5
"126",-22,1.5
"126",-22,0.5
"126",-22,-0.5
"126",-22,-1.5
"126",-23,-2.5
"126",-23,-3.5
"126",-23,-4.5
"126",-23,-5.5
"126",-23,-6.5
"126",-23,-7.5
"126",-23,-8.5
"126",-23,-9.5
"126",-23,-10.5
"126",-23,-11.5
"126",-23,-12.5
"126",-24,-13.5
"126",-25,-13.5
"126",-26,-13.5
"126",-27,-14.5
"126",-27,-15.5
"126",-27,-16.5
"126",-27,-17.5
"126",-27,-18.5
"126",-27,-19.5
"126",-27,-20.5
"126",-27,-21.5
"126",-27,-22.5
"126",-27,-23.5
"126",-27,-24.5
"126",-27,-25.5
"126",-27,-26.5
"126",-27,-27.5
"126",-27,-28.5
"126",-27,-29.5
"126",-27,-30.5
"126",-27,-31.5
"126",-27,-32.5
"126",-27,-33.5
"126",-27,-34.5
"126",-27,-35.5
"126",-27,-36.5
"126",-27,-37.5
"126",-27,-38.5
"126",-27,-39.5
"126",-27,-40.5
"126",-27,-41.5
"126",-27,-42.5
"126",-27,-43.5
"126",-27,-44.5
"126",-27,-45.5
"126",-27,-46.5
"126",-27,-47.5
"126",-27,-48.5
"126",-27,-49.5
"126",-27,-50.5
"126",-27,-51.5
"126",-27,-52.5
"126",-27,-53.5
"126",-26,-54.5
"126",-25,-54.5
"126",-25,-55.5
"126",-25,-56.5
"126",-25,-57.5
"126",-25,-58.5
"126",-25,-59.5
"126",-24,-60.5
"126",-23,-60.5
"126",-22,-61.5
"126",-21,-61.5
"126",-20,-61.5
"126",-19,-62.5
"126",-19,-63.5
"126",-19,-64.5
"126",-20,-65.5
"127",10,76.5
"127",9,76.5
"127",8,76.5
"127",7,76.5
"127",6,76.5
"127",5,76.5
"127",4,76.5
"127",3,76.5
"127",2,76.5
"127",1,76.5
"127",0,76.5
"127",-1,76.5
"127",-2,76.5
"127",-3,76.5
"127",-4,76.5
"127",-5,76.5
"127",-6,76.5
"127",-7,76.5
"127",-8,76.5
"127",-9,76.5
"127",-10,76.5
"127",-11,76.5
"127",-12,76.5
"127",-13,76.5
"127",-13,75.5
"127",-13,74.5
"127",-13,73.5
"127",-13,72.5
"127",-14,72.5
"127",-15,71.5
"127",-16,71.5
"127",-17,71.5
"127",-18,71.5
"127",-19,71.5
"127",-20,71.5
"127",-20,70.5
"127",-20,69.5
"127",-20,68.5
"127",-21,68.5
"127",-22,67.5
"127",-23,67.5
"127",-24,66.5
"127",-25,66.5
"127",-26,66.5
"127",-27,66.5
"127",-27,65.5
"127",-27,64.5
"127",-27,63.5
"127",-27,62.5
"127",-27,61.5
"127",-27,60.5
"127",-27,59.5
"127",-27,58.5
"127",-27,57.5
"127",-27,56.5
"127",-27,55.5
"127",-27,54.5
"127",-27,53.5
"127",-27,52.5
"127",-27,51.5
"127",-27,50.5
"127",-26,49.5
"127",-25,48.5
"127",-24,48.5
"127",-23,47.5
"127",-22,47.5
"127",-22,46.5
"127",-22,45.5
"127",-22,44.5
"127",-22,43.5
"127",-22,42.5
"127",-21,41.5
"127",-20,41.5
"127",-19,40.5
"127",-18,40.5
"127",-18,39.5
"127",-18,38.5
"127",-18,37.5
"127",-18,36.5
"127",-18,35.5
"127",-18,34.5
"127",-18,33.5
"127",-18,32.5
"127",-18,31.5
"127",-18,30.5
"127",-18,29.5
"127",-18,28.5
"127",-18,27.5
"127",-18,26.5
"127",-18,25.5
"127",-18,24.5
"127",-18,23.5
"127",-18,22.5
"127",-18,21.5
"127",-18,20.5
"127",-18,19.5
"127",-18,18.5
"127",-18,17.5
"127",-18,16.5
"127",-18,15.5
"127",-18,14.5
"127",-18,13.5
"127",-18,12.5
"127",-18,11.5
"127",-18,10.5
"127",-18,9.5
"127",-18,8.5
"127",-18,7.5
"127",-18,6.5
"127",-18,5.5
"127",-18,4.5
"127",-18,3.5
"127",-18,2.5
"127",-19,2.5
"127",-20,1.5
"127",-21,1.5
"127",-22,0.5
"127",-22,-0.5
"127",-22,-1.5
"127",-23,-2.5
"127",-23,-3.5
"127",-23,-4.5
"127",-23,-5.5
"127",-23,-6.5
"127",-23,-7.5
"127",-23,-8.5
"127",-23,-9.5
"127",-23,-10.5
"127",-23,-11.5
"127",-23,-12.5
"127",-24,-13.5
"127",-25,-13.5
"127",-26,-13.5
"127",-27,-14.5
"127",-28,-14.5
"127",-29,-15.5
"127",-29,-16.5
"127",-29,-17.5
"127",-29,-18.5
"127",-29,-19.5
"127",-29,-20.5
"127",-29,-21.5
"127",-29,-22.5
"127",-29,-23.5
"127",-29,-24.5
"127",-29,-25.5
"127",-29,-26.5
"127",-28,-27.5
"127",-27,-27.5
"127",-27,-28.5
"127",-27,-29.5
"127",-27,-30.5
"127",-27,-31.5
"127",-27,-32.5
"127",-27,-33.5
"127",-27,-34.5
"127",-27,-35.5
"127",-27,-36.5
"127",-27,-37.5
"127",-27,-38.5
"127",-27,-39.5
"127",-27,-40.5
"127",-27,-41.5
"127",-27,-42.5
"127",-27,-43.5
"127",-27,-44.5
"127",-27,-45.5
"127",-27,-46.5
"127",-27,-47.5
"127",-27,-48.5
"127",-27,-49.5
"127",-27,-50.5
"127",-27,-51.5
"127",-27,-52.5
"127",-27,-53.5
"127",-26,-54.5
"127",-25,-54.5
"127",-25,-55.5
"127",-25,-56.5
"127",-25,-57.5
"127",-25,-58.5
"127",-25,-59.5
"127",-25,-60.5
"127",-25,-61.5
"127",-25,-62.5
"127",-24,-63.5
"127",-23,-63.5
"127",-23,-64.5
"127",-22,-65.5
"127",-21,-65.5
"127",-20,-65.5
"128",10,76.5
"128",9,76.5
"128",8,76.5
"128",7,76.5
"128",6,76.5
"128",5,76.5
"128",4,76.5
"128",3,76.5
"128",2,76.5
"128",1,76.5
"128",0,76.5
"128",-1,76.5
"128",-2,76.5
"128",-3,76.5
"128",-4,76.5
"128",-5,76.5
"128",-6,76.5
"128",-7,76.5
"128",-8,76.5
"128",-9,76.5
"128",-10,76.5
"128",-11,76.5
"128",-12,76.5
"128",-13,76.5
"128",-13,75.5
"128",-13,74.5
"128",-13,73.5
"128",-13,72.5
"128",-14,72.5
"128",-15,71.5
"128",-16,71.5
"128",-17,71.5
"128",-18,71.5
"128",-19,71.5
"128",-20,71.5
"128",-20,70.5
"128",-20,69.5
"128",-20,68.5
"128",-21,68.5
"128",-22,67.5
"128",-23,67.5
"128",-24,66.5
"128",-25,66.5
"128",-26,66.5
"128",-27,66.5
"128",-27,65.5
"128",-27,64.5
"128",-27,63.5
"128",-27,62.5
"128",-27,61.5
"128",-27,60.5
"128",-27,59.5
"128",-27,58.5
"128",-27,57.5
"128",-27,56.5
"128",-27,55.5
"128",-27,54.5
"128",-27,53.5
"128",-27,52.5
"128",-27,51.5
"128",-27,50.5
"128",-26,49.5
"128",-25,48.5
"128",-24,48.5
"128",-23,47.5
"128",-22,47.5
"128",-22,46.5
"128",-22,45.5
"128",-22,44.5
"128",-22,43.5
"128",-22,42.5
"128",-22,41.5
"128",-21,40.5
"128",-20,40.5
"128",-19,39.5
"128",-18,39.5
"128",-18,38.5
"128",-18,37.5
"128",-18,36.5
"128",-18,35.5
"128",-18,34.5
"128",-18,33.5
"128",-18,32.5
"128",-18,31.5
"128",-18,30.5
"128",-18,29.5
"128",-18,28.5
"128",-18,27.5
"128",-18,26.5
"128",-18,25.5
"128",-18,24.5
"128",-18,23.5
"128",-18,22.5
"128",-18,21.5
"128",-18,20.5
"128",-18,19.5
"128",-18,18.5
"128",-18,17.5
"128",-18,16.5
"128",-18,15.5
"128",-18,14.5
"128",-18,13.5
"128",-18,12.5
"128",-18,11.5
"128",-18,10.5
"128",-18,9.5
"128",-18,8.5
"128",-18,7.5
"128",-18,6.5
"128",-18,5.5
"128",-18,4.5
"128",-18,3.5
"128",-18,2.5
"128",-19,2.5
"128",-20,1.5
"128",-21,1.5
"128",-22,0.5
"128",-22,-0.5
"128",-22,-1.5
"128",-23,-2.5
"128",-23,-3.5
"128",-23,-4.5
"128",-23,-5.5
"128",-23,-6.5
"128",-23,-7.5
"128",-23,-8.5
"128",-23,-9.5
"128",-23,-10.5
"128",-23,-11.5
"128",-23,-12.5
"128",-24,-13.5
"128",-25,-13.5
"128",-26,-13.5
"128",-27,-14.5
"128",-28,-14.5
"128",-29,-15.5
"128",-29,-16.5
"128",-29,-17.5
"128",-29,-18.5
"128",-29,-19.5
"128",-29,-20.5
"128",-29,-21.5
"128",-29,-22.5
"128",-29,-23.5
"128",-29,-24.5
"128",-29,-25.5
"128",-29,-26.5
"128",-28,-27.5
"128",-27,-27.5
"128",-27,-28.5
"128",-27,-29.5
"128",-27,-30.5
"128",-27,-31.5
"128",-27,-32.5
"128",-27,-33.5
"128",-27,-34.5
"128",-27,-35.5
"128",-27,-36.5
"128",-27,-37.5
"128",-27,-38.5
"128",-27,-39.5
"128",-27,-40.5
"128",-27,-41.5
"128",-27,-42.5
"128",-27,-43.5
"128",-27,-44.5
"128",-27,-45.5
"128",-27,-46.5
"128",-27,-47.5
"128",-27,-48.5
"128",-27,-49.5
"128",-27,-50.5
"128",-27,-51.5
"128",-27,-52.5
"128",-27,-53.5
"128",-26,-54.5
"128",-25,-54.5
"128",-25,-55.5
"128",-25,-56.5
"128",-25,-57.5
"128",-25,-58.5
"128",-25,-59.5
"128",-25,-60.5
"128",-25,-61.5
"128",-25,-62.5
"128",-25,-63.5
"128",-24,-64.5
"128",-23,-64.5
"128",-22,-65.5
"128",-21,-65.5
"128",-20,-65.5
"129",10,76.5
"129",9,75.5
"129",8,74.5
"129",7,73.5
"129",6,72.5
"129",5,71.5
"129",4,70.5
"129",3,70.5
"129",2,69.5
"129",1,68.5
"129",1,67.5
"129",1,66.5
"129",0,65.5
"129",-1,64.5
"129",-2,63.5
"129",-3,62.5
"129",-4,61.5
"129",-5,60.5
"129",-6,59.5
"129",-7,58.5
"129",-8,57.5
"129",-9,56.5
"129",-10,55.5
"129",-10,54.5
"129",-11,53.5
"129",-11,52.5
"129",-12,51.5
"129",-12,50.5
"129",-12,49.5
"129",-12,48.5
"129",-12,47.5
"129",-12,46.5
"129",-12,45.5
"129",-12,44.5
"129",-12,43.5
"129",-12,42.5
"129",-12,41.5
"129",-12,40.5
"129",-12,39.5
"129",-12,38.5
"129",-12,37.5
"129",-12,36.5
"129",-12,35.5
"129",-12,34.5
"129",-12,33.5
"129",-12,32.5
"129",-12,31.5
"129",-13,30.5
"129",-13,29.5
"129",-14,28.5
"129",-15,27.5
"129",-16,26.5
"129",-17,25.5
"129",-18,24.5
"129",-19,23.5
"129",-20,22.5
"129",-21,21.5
"129",-22,20.5
"129",-23,19.5
"129",-23,18.5
"129",-24,17.5
"129",-25,16.5
"129",-26,15.5
"129",-27,14.5
"129",-28,13.5
"129",-29,12.5
"129",-30,11.5
"129",-31,10.5
"129",-32,9.5
"129",-33,8.5
"129",-34,7.5
"129",-34,6.5
"129",-34,5.5
"129",-34,4.5
"129",-34,3.5
"129",-34,2.5
"129",-34,1.5
"129",-34,0.5
"129",-34,-0.5
"129",-34,-1.5
"129",-34,-2.5
"129",-34,-3.5
"129",-34,-4.5
"129",-34,-5.5
"129",-34,-6.5
"129",-34,-7.5
"129",-34,-8.5
"129",-34,-9.5
"129",-34,-10.5
"129",-34,-11.5
"129",-35,-12.5
"129",-36,-13.5
"129",-37,-14.5
"129",-38,-15.5
"129",-38,-16.5
"129",-38,-17.5
"129",-38,-18.5
"129",-38,-19.5
"129",-39,-20.5
"129",-39,-21.5
"129",-39,-22.5
"129",-40,-23.5
"129",-41,-24.5
"129",-42,-25.5
"129",-43,-26.5
"129",-44,-27.5
"129",-45,-28.5
"129",-46,-29.5
"129",-47,-30.5
"129",-48,-31.5
"129",-48,-32.5
"129",-48,-33.5
"129",-48,-34.5
"129",-48,-35.5
"129",-48,-36.5
"129",-48,-37.5
"129",-47,-38.5
"129",-46,-39.5
"129",-45,-40.5
"129",-44,-41.5
"129",-43,-42.5
"129",-42,-43.5
"129",-41,-44.5
"129",-40,-45.5
"129",-39,-46.5
"129",-38,-47.5
"129",-37,-48.5
"129",-36,-49.5
"129",-35,-50.5
"129",-34,-51.5
"129",-33,-52.5
"129",-32,-53.5
"129",-31,-54.5
"129",-30,-55.5
"129",-29,-56.5
"129",-28,-57.5
"129",-27,-58.5
"129",-26,-59.5
"129",-25,-60.5
"129",-24,-61.5
"129",-23,-62.5
"129",-22,-63.5
"129",-21,-64.5
"129",-20,-65.5
"130",10,76.5
"130",9,76.5
"130",8,75.5
"130",7,75.5
"130",6,74.5
"130",5,73.5
"130",4,73.5
"130",3,72.5
"130",2,71.5
"130",1,70.5
"130",0,69.5
"130",-1,69.5
"130",-2,69.5
"130",-3,68.5
"130",-4,68.5
"130",-5,67.5
"130",-6,67.5
"130",-7,67.5
"130",-7,66.5
"130",-7,65.5
"130",-7,64.5
"130",-7,63.5
"130",-7,62.5
"130",-8,61.5
"130",-9,60.5
"130",-10,59.5
"130",-11,58.5
"130",-12,57.5
"130",-12,56.5
"130",-12,55.5
"130",-12,54.5
"130",-12,53.5
"130",-12,52.5
"130",-12,51.5
"130",-12,50.5
"130",-11,49.5
"130",-11,48.5
"130",-11,47.5
"130",-11,46.5
"130",-11,45.5
"130",-11,44.5
"130",-11,43.5
"130",-11,42.5
"130",-11,41.5
"130",-11,40.5
"130",-11,39.5
"130",-11,38.5
"130",-11,37.5
"130",-11,36.5
"130",-11,35.5
"130",-11,34.5
"130",-11,33.5
"130",-11,32.5
"130",-12,31.5
"130",-13,30.5
"130",-13,29.5
"130",-14,28.5
"130",-15,27.5
"130",-16,26.5
"130",-17,25.5
"130",-18,24.5
"130",-19,23.5
"130",-20,22.5
"130",-21,21.5
"130",-22,20.5
"130",-23,19.5
"130",-24,18.5
"130",-25,17.5
"130",-25,16.5
"130",-26,15.5
"130",-27,14.5
"130",-28,13.5
"130",-29,12.5
"130",-30,11.5
"130",-31,10.5
"130",-31,9.5
"130",-31,8.5
"130",-31,7.5
"130",-31,6.5
"130",-31,5.5
"130",-31,4.5
"130",-31,3.5
"130",-31,2.5
"130",-31,1.5
"130",-31,0.5
"130",-31,-0.5
"130",-31,-1.5
"130",-31,-2.5
"130",-31,-3.5
"130",-31,-4.5
"130",-31,-5.5
"130",-31,-6.5
"130",-31,-7.5
"130",-31,-8.5
"130",-31,-9.5
"130",-32,-10.5
"130",-33,-11.5
"130",-34,-11.5
"130",-35,-12.5
"130",-36,-13.5
"130",-37,-14.5
"130",-37,-15.5
"130",-37,-16.5
"130",-37,-17.5
"130",-37,-18.5
"130",-37,-19.5
"130",-37,-20.5
"130",-37,-21.5
"130",-37,-22.5
"130",-37,-23.5
"130",-37,-24.5
"130",-37,-25.5
"130",-37,-26.5
"130",-37,-27.5
"130",-37,-28.5
"130",-37,-29.5
"130",-37,-30.5
"130",-37,-31.5
"130",-37,-32.5
"130",-37,-33.5
"130",-37,-34.5
"130",-37,-35.5
"130",-37,-36.5
"130",-37,-37.5
"130",-36,-38.5
"130",-35,-39.5
"130",-35,-40.5
"130",-35,-41.5
"130",-35,-42.5
"130",-35,-43.5
"130",-35,-44.5
"130",-35,-45.5
"130",-35,-46.5
"130",-35,-47.5
"130",-35,-48.5
"130",-35,-49.5
"130",-34,-50.5
"130",-33,-51.5
"130",-32,-52.5
"130",-31,-53.5
"130",-30,-54.5
"130",-29,-55.5
"130",-28,-56.5
"130",-27,-57.5
"130",-26,-58.5
"130",-25,-59.5
"130",-24,-60.5
"130",-23,-61.5
"130",-23,-62.5
"130",-22,-63.5
"130",-21,-64.5
"130",-20,-65.5
"131",10,76.5
"131",9,76.5
"131",8,76.5
"131",7,76.5
"131",6,75.5
"131",5,75.5
"131",4,75.5
"131",4,74.5
"131",4,73.5
"131",3,72.5
"131",2,71.5
"131",1,70.5
"131",0,69.5
"131",-1,69.5
"131",-2,69.5
"131",-3,68.5
"131",-4,68.5
"131",-5,67.5
"131",-6,67.5
"131",-7,67.5
"131",-7,66.5
"131",-7,65.5
"131",-7,64.5
"131",-7,63.5
"131",-7,62.5
"131",-8,61.5
"131",-9,60.5
"131",-10,59.5
"131",-11,58.5
"131",-12,57.5
"131",-12,56.5
"131",-12,55.5
"131",-12,54.5
"131",-12,53.5
"131",-12,52.5
"131",-12,51.5
"131",-12,50.5
"131",-11,49.5
"131",-11,48.5
"131",-11,47.5
"131",-11,46.5
"131",-11,45.5
"131",-11,44.5
"131",-11,43.5
"131",-11,42.5
"131",-11,41.5
"131",-11,40.5
"131",-11,39.5
"131",-11,38.5
"131",-11,37.5
"131",-11,36.5
"131",-11,35.5
"131",-11,34.5
"131",-11,33.5
"131",-11,32.5
"131",-12,31.5
"131",-13,30.5
"131",-14,29.5
"131",-14,28.5
"131",-15,27.5
"131",-16,26.5
"131",-17,25.5
"131",-18,24.5
"131",-18,23.5
"131",-18,22.5
"131",-18,21.5
"131",-18,20.5
"131",-18,19.5
"131",-18,18.5
"131",-18,17.5
"131",-18,16.5
"131",-18,15.5
"131",-18,14.5
"131",-18,13.5
"131",-18,12.5
"131",-18,11.5
"131",-18,10.5
"131",-18,9.5
"131",-18,8.5
"131",-18,7.5
"131",-18,6.5
"131",-18,5.5
"131",-18,4.5
"131",-18,3.5
"131",-18,2.5
"131",-18,1.5
"131",-18,0.5
"131",-18,-0.5
"131",-18,-1.5
"131",-18,-2.5
"131",-18,-3.5
"131",-18,-4.5
"131",-18,-5.5
"131",-18,-6.5
"131",-18,-7.5
"131",-18,-8.5
"131",-18,-9.5
"131",-19,-9.5
"131",-20,-10.5
"131",-20,-11.5
"131",-20,-12.5
"131",-20,-13.5
"131",-21,-14.5
"131",-22,-15.5
"131",-23,-16.5
"131",-24,-17.5
"131",-25,-17.5
"131",-26,-17.5
"131",-27,-18.5
"131",-27,-19.5
"131",-27,-20.5
"131",-27,-21.5
"131",-27,-22.5
"131",-27,-23.5
"131",-27,-24.5
"131",-27,-25.5
"131",-27,-26.5
"131",-27,-27.5
"131",-27,-28.5
"131",-27,-29.5
"131",-27,-30.5
"131",-27,-31.5
"131",-27,-32.5
"131",-27,-33.5
"131",-27,-34.5
"131",-27,-35.5
"131",-27,-36.5
"131",-27,-37.5
"131",-27,-38.5
"131",-27,-39.5
"131",-27,-40.5
"131",-27,-41.5
"131",-27,-42.5
"131",-27,-43.5
"131",-27,-44.5
"131",-27,-45.5
"131",-27,-46.5
"131",-27,-47.5
"131",-27,-48.5
"131",-27,-49.5
"131",-27,-50.5
"131",-27,-51.5
"131",-27,-52.5
"131",-27,-53.5
"131",-26,-54.5
"131",-25,-54.5
"131",-25,-55.5
"131",-25,-56.5
"131",-25,-57.5
"131",-25,-58.5
"131",-25,-59.5
"131",-25,-60.5
"131",-25,-61.5
"131",-25,-62.5
"131",-24,-63.5
"131",-23,-63.5
"131",-23,-64.5
"131",-22,-65.5
"131",-21,-65.5
"131",-20,-65.5
"132",10,76.5
"132",9,76.5
"132",8,76.5
"132",7,76.5
"132",6,76.5
"132",5,76.5
"132",4,76.5
"132",3,76.5
"132",2,76.5
"132",1,76.5
"132",0,76.5
"132",-1,76.5
"132",-2,76.5
"132",-3,76.5
"132",-4,76.5
"132",-5,76.5
"132",-6,76.5
"132",-7,76.5
"132",-8,76.5
"132",-9,76.5
"132",-10,76.5
"132",-11,76.5
"132",-12,76.5
"132",-13,76.5
"132",-13,75.5
"132",-13,74.5
"132",-13,73.5
"132",-13,72.5
"132",-14,72.5
"132",-15,71.5
"132",-16,71.5
"132",-17,71.5
"132",-18,71.5
"132",-19,71.5
"132",-20,71.5
"132",-20,70.5
"132",-20,69.5
"132",-20,68.5
"132",-21,68.5
"132",-22,67.5
"132",-23,67.5
"132",-24,66.5
"132",-25,66.5
"132",-26,66.5
"132",-27,66.5
"132",-27,65.5
"132",-27,64.5
"132",-27,63.5
"132",-27,62.5
"132",-27,61.5
"132",-27,60.5
"132",-27,59.5
"132",-27,58.5
"132",-27,57.5
"132",-27,56.5
"132",-27,55.5
"132",-27,54.5
"132",-27,53.5
"132",-27,52.5
"132",-27,51.5
"132",-27,50.5
"132",-26,49.5
"132",-25,48.5
"132",-24,48.5
"132",-23,47.5
"132",-22,47.5
"132",-22,46.5
"132",-22,45.5
"132",-22,44.5
"132",-22,43.5
"132",-22,42.5
"132",-21,41.5
"132",-20,41.5
"132",-19,40.5
"132",-18,40.5
"132",-18,39.5
"132",-18,38.5
"132",-18,37.5
"132",-18,36.5
"132",-18,35.5
"132",-18,34.5
"132",-18,33.5
"132",-18,32.5
"132",-18,31.5
"132",-18,30.5
"132",-18,29.5
"132",-18,28.5
"132",-18,27.5
"132",-18,26.5
"132",-18,25.5
"132",-18,24.5
"132",-18,23.5
"132",-18,22.5
"132",-18,21.5
"132",-18,20.5
"132",-18,19.5
"132",-18,18.5
"132",-18,17.5
"132",-18,16.5
"132",-18,15.5
"132",-18,14.5
"132",-18,13.5
"132",-18,12.5
"132",-18,11.5
"132",-18,10.5
"132",-18,9.5
"132",-18,8.5
"132",-18,7.5
"132",-18,6.5
"132",-18,5.5
"132",-18,4.5
"132",-18,3.5
"132",-18,2.5
"132",-19,2.5
"132",-20,1.5
"132",-21,1.5
"132",-22,0.5
"132",-22,-0.5
"132",-22,-1.5
"132",-23,-2.5
"132",-23,-3.5
"132",-23,-4.5
"132",-23,-5.5
"132",-23,-6.5
"132",-23,-7.5
"132",-23,-8.5
"132",-23,-9.5
"132",-23,-10.5
"132",-23,-11.5
"132",-23,-12.5
"132",-24,-13.5
"132",-25,-13.5
"132",-26,-13.5
"132",-27,-14.5
"132",-27,-15.5
"132",-27,-16.5
"132",-27,-17.5
"132",-27,-18.5
"132",-27,-19.5
"132",-27,-20.5
"132",-27,-21.5
"132",-27,-22.5
"132",-27,-23.5
"132",-27,-24.5
"132",-27,-25.5
"132",-27,-26.5
"132",-27,-27.5
"132",-27,-28.5
"132",-27,-29.5
"132",-27,-30.5
"132",-27,-31.5
"132",-27,-32.5
"132",-27,-33.5
"132",-27,-34.5
"132",-27,-35.5
"132",-27,-36.5
"132",-27,-37.5
"132",-27,-38.5
"132",-27,-39.5
"132",-27,-40.5
"132",-27,-41.5
"132",-27,-42.5
"132",-27,-43.5
"132",-27,-44.5
"132",-27,-45.5
"132",-27,-46.5
"132",-27,-47.5
"132",-27,-48.5
"132",-27,-49.5
"132",-27,-50.5
"132",-27,-51.5
"132",-27,-52.5
"132",-27,-53.5
"132",-26,-54.5
"132",-25,-54.5
"132",-25,-55.5
"132",-25,-56.5
"132",-25,-57.5
"132",-25,-58.5
"132",-25,-59.5
"132",-25,-60.5
"132",-25,-61.5
"132",-25,-62.5
"132",-24,-63.5
"132",-23,-63.5
"132",-23,-64.5
"132",-22,-65.5
"132",-21,-65.5
"132",-20,-65.5
"133",10,76.5
"133",9,76.5
"133",8,76.5
"133",7,76.5
"133",6,76.5
"133",5,76.5
"133",4,76.5
"133",3,76.5
"133",2,76.5
"133",1,76.5
"133",0,76.5
"133",-1,76.5
"133",-2,76.5
"133",-3,76.5
"133",-4,76.5
"133",-5,76.5
"133",-6,76.5
"133",-7,76.5
"133",-8,76.5
"133",-9,76.5
"133",-10,76.5
"133",-11,76.5
"133",-12,76.5
"133",-13,76.5
"133",-13,75.5
"133",-13,74.5
"133",-13,73.5
"133",-13,72.5
"133",-14,72.5
"133",-15,71.5
"133",-16,71.5
"133",-17,71.5
"133",-18,71.5
"133",-19,71.5
"133",-20,71.5
"133",-20,70.5
"133",-20,69.5
"133",-20,68.5
"133",-21,68.5
"133",-22,67.5
"133",-23,67.5
"133",-24,66.5
"133",-25,66.5
"133",-26,66.5
"133",-27,66.5
"133",-27,65.5
"133",-27,64.5
"133",-27,63.5
"133",-27,62.5
"133",-27,61.5
"133",-27,60.5
"133",-27,59.5
"133",-27,58.5
"133",-27,57.5
"133",-27,56.5
"133",-27,55.5
"133",-27,54.5
"133",-27,53.5
"133",-27,52.5
"133",-27,51.5
"133",-27,50.5
"133",-26,49.5
"133",-25,48.5
"133",-24,48.5
"133",-23,47.5
"133",-22,47.5
"133",-22,46.5
"133",-22,45.5
"133",-22,44.5
"133",-22,43.5
"133",-22,42.5
"133",-21,41.5
"133",-20,41.5
"133",-19,40.5
"133",-18,40.5
"133",-18,39.5
"133",-18,38.5
"133",-18,37.5
"133",-18,36.5
"133",-18,35.5
"133",-18,34.5
"133",-18,33.5
"133",-18,32.5
"133",-18,31.5
"133",-18,30.5
"133",-18,29.5
"133",-18,28.5
"133",-18,27.5
"133",-18,26.5
"133",-18,25.5
"133",-18,24.5
"133",-18,23.5
"133",-18,22.5
"133",-18,21.5
"133",-18,20.5
"133",-18,19.5
"133",-18,18.5
"133",-18,17.5
"133",-18,16.5
"133",-18,15.5
"133",-18,14.5
"133",-18,13.5
"133",-18,12.5
"133",-18,11.5
"133",-18,10.5
"133",-18,9.5
"133",-18,8.5
"133",-18,7.5
"133",-18,6.5
"133",-18,5.5
"133",-18,4.5
"133",-18,3.5
"133",-18,2.5
"133",-19,2.5
"133",-20,1.5
"133",-21,1.5
"133",-22,0.5
"133",-22,-0.5
"133",-22,-1.5
"133",-23,-2.5
"133",-23,-3.5
"133",-23,-4.5
"133",-23,-5.5
"133",-23,-6.5
"133",-23,-7.5
"133",-23,-8.5
"133",-23,-9.5
"133",-23,-10.5
"133",-23,-11.5
"133",-23,-12.5
"133",-24,-13.5
"133",-25,-13.5
"133",-26,-13.5
"133",-27,-14.5
"133",-27,-15.5
"133",-27,-16.5
"133",-27,-17.5
"133",-27,-18.5
"133",-27,-19.5
"133",-27,-20.5
"133",-27,-21.5
"133",-27,-22.5
"133",-27,-23.5
"133",-27,-24.5
"133",-27,-25.5
"133",-27,-26.5
"133",-27,-27.5
"133",-27,-28.5
"133",-27,-29.5
"133",-27,-30.5
"133",-27,-31.5
"133",-27,-32.5
"133",-27,-33.5
"133",-27,-34.5
"133",-27,-35.5
"133",-27,-36.5
"133",-27,-37.5
"133",-27,-38.5
"133",-27,-39.5
"133",-27,-40.5
"133",-27,-41.5
"133",-27,-42.5
"133",-27,-43.5
"133",-27,-44.5
"133",-27,-45.5
"133",-27,-46.5
"133",-27,-47.5
"133",-27,-48.5
"133",-27,-49.5
"133",-27,-50.5
"133",-27,-51.5
"133",-27,-52.5
"133",-27,-53.5
"133",-26,-54.5
"133",-25,-54.5
"133",-25,-55.5
"133",-25,-56.5
"133",-25,-57.5
"133",-25,-58.5
"133",-25,-59.5
"133",-25,-60.5
"133",-25,-61.5
"133",-25,-62.5
"133",-25,-63.5
"133",-24,-64.5
"133",-23,-64.5
"133",-22,-65.5
"133",-21,-65.5
"133",-20,-65.5
"134",10,76.5
"134",9,76.5
"134",8,76.5
"134",7,76.5
"134",6,76.5
"134",5,76.5
"134",4,76.5
"134",3,76.5
"134",2,76.5
"134",1,76.5
"134",0,76.5
"134",-1,76.5
"134",-2,76.5
"134",-3,76.5
"134",-4,76.5
"134",-5,76.5
"134",-6,76.5
"134",-7,76.5
"134",-8,76.5
"134",-9,76.5
"134",-10,76.5
"134",-11,76.5
"134",-12,76.5
"134",-13,76.5
"134",-13,75.5
"134",-13,74.5
"134",-13,73.5
"134",-13,72.5
"134",-14,72.5
"134",-15,71.5
"134",-16,71.5
"134",-17,71.5
"134",-18,71.5
"134",-19,71.5
"134",-20,71.5
"134",-20,70.5
"134",-20,69.5
"134",-20,68.5
"134",-21,68.5
"134",-22,67.5
"134",-23,67.5
"134",-24,66.5
"134",-25,66.5
"134",-26,66.5
"134",-27,66.5
"134",-27,65.5
"134",-27,64.5
"134",-27,63.5
"134",-27,62.5
"134",-27,61.5
"134",-27,60.5
"134",-27,59.5
"134",-27,58.5
"134",-27,57.5
"134",-27,56.5
"134",-27,55.5
"134",-27,54.5
"134",-27,53.5
"134",-27,52.5
"134",-27,51.5
"134",-27,50.5
"134",-26,49.5
"134",-25,48.5
"134",-24,48.5
"134",-23,47.5
"134",-22,47.5
"134",-22,46.5
"134",-22,45.5
"134",-22,44.5
"134",-22,43.5
"134",-22,42.5
"134",-22,41.5
"134",-21,40.5
"134",-20,40.5
"134",-19,39.5
"134",-18,39.5
"134",-18,38.5
"134",-18,37.5
"134",-18,36.5
"134",-18,35.5
"134",-18,34.5
"134",-18,33.5
"134",-18,32.5
"134",-18,31.5
"134",-18,30.5
"134",-18,29.5
"134",-18,28.5
"134",-18,27.5
"134",-18,26.5
"134",-18,25.5
"134",-18,24.5
"134",-18,23.5
"134",-18,22.5
"134",-18,21.5
"134",-18,20.5
"134",-18,19.5
"134",-18,18.5
"134",-18,17.5
"134",-18,16.5
"134",-18,15.5
"134",-18,14.5
"134",-18,13.5
"134",-18,12.5
"134",-18,11.5
"134",-18,10.5
"134",-18,9.5
"134",-18,8.5
"134",-18,7.5
"134",-18,6.5
"134",-18,5.5
"134",-18,4.5
"134",-18,3.5
"134",-18,2.5
"134",-19,2.5
"134",-20,1.5
"134",-21,1.5
"134",-22,0.5
"134",-22,-0.5
"134",-22,-1.5
"134",-23,-2.5
"134",-23,-3.5
"134",-23,-4.5
"134",-23,-5.5
"134",-23,-6.5
"134",-23,-7.5
"134",-23,-8.5
"134",-23,-9.5
"134",-23,-10.5
"134",-23,-11.5
"134",-23,-12.5
"134",-24,-13.5
"134",-25,-13.5
"134",-26,-13.5
"134",-27,-14.5
"134",-28,-14.5
"134",-29,-15.5
"134",-29,-16.5
"134",-29,-17.5
"134",-29,-18.5
"134",-29,-19.5
"134",-29,-20.5
"134",-29,-21.5
"134",-29,-22.5
"134",-29,-23.5
"134",-29,-24.5
"134",-29,-25.5
"134",-29,-26.5
"134",-28,-27.5
"134",-27,-27.5
"134",-27,-28.5
"134",-27,-29.5
"134",-27,-30.5
"134",-27,-31.5
"134",-27,-32.5
"134",-27,-33.5
"134",-27,-34.5
"134",-27,-35.5
"134",-27,-36.5
"134",-27,-37.5
"134",-27,-38.5
"134",-27,-39.5
"134",-27,-40.5
"134",-27,-41.5
"134",-27,-42.5
"134",-27,-43.5
"134",-27,-44.5
"134",-27,-45.5
"134",-27,-46.5
"134",-27,-47.5
"134",-27,-48.5
"134",-27,-49.5
"134",-27,-50.5
"134",-27,-51.5
"134",-27,-52.5
"134",-27,-53.5
"134",-26,-54.5
"134",-25,-54.5
"134",-25,-55.5
"134",-25,-56.5
"134",-25,-57.5
"134",-25,-58.5
"134",-25,-59.5
"134",-25,-60.5
"134",-25,-61.5
"134",-25,-62.5
"134",-25,-63.5
"134",-24,-64.5
"134",-23,-64.5
"134",-22,-65.5
"134",-21,-65.5
"134",-20,-65.5
"135",10,76.5
"135",9,76.5
"135",8,76.5
"135",7,75.5
"135",6,74.5
"135",5,73.5
"135",4,72.5
"135",3,71.5
"135",2,70.5
"135",1,70.5
"135",0,70.5
"135",-1,70.5
"135",-2,70.5
"135",-3,70.5
"135",-4,69.5
"135",-5,69.5
"135",-6,68.5
"135",-7,67.5
"135",-8,67.5
"135",-9,66.5
"135",-9,65.5
"135",-9,64.5
"135",-9,63.5
"135",-9,62.5
"135",-9,61.5
"135",-10,60.5
"135",-11,59.5
"135",-12,58.5
"135",-13,57.5
"135",-13,56.5
"135",-13,55.5
"135",-13,54.5
"135",-13,53.5
"135",-13,52.5
"135",-13,51.5
"135",-13,50.5
"135",-13,49.5
"135",-13,48.5
"135",-13,47.5
"135",-13,46.5
"135",-13,45.5
"135",-13,44.5
"135",-13,43.5
"135",-13,42.5
"135",-13,41.5
"135",-13,40.5
"135",-13,39.5
"135",-13,38.5
"135",-13,37.5
"135",-13,36.5
"135",-13,35.5
"135",-13,34.5
"135",-13,33.5
"135",-13,32.5
"135",-13,31.5
"135",-13,30.5
"135",-13,29.5
"135",-14,28.5
"135",-15,27.5
"135",-16,26.5
"135",-17,25.5
"135",-18,24.5
"135",-19,23.5
"135",-20,22.5
"135",-21,21.5
"135",-22,20.5
"135",-22,19.5
"135",-23,18.5
"135",-24,17.5
"135",-25,16.5
"135",-26,15.5
"135",-27,14.5
"135",-28,13.5
"135",-29,12.5
"135",-30,11.5
"135",-31,10.5
"135",-32,9.5
"135",-33,8.5
"135",-34,7.5
"135",-34,6.5
"135",-34,5.5
"135",-34,4.5
"135",-34,3.5
"135",-34,2.5
"135",-34,1.5
"135",-34,0.5
"135",-34,-0.5
"135",-34,-1.5
"135",-34,-2.5
"135",-34,-3.5
"135",-34,-4.5
"135",-34,-5.5
"135",-34,-6.5
"135",-34,-7.5
"135",-34,-8.5
"135",-34,-9.5
"135",-34,-10.5
"135",-34,-11.5
"135",-35,-12.5
"135",-36,-13.5
"135",-37,-14.5
"135",-38,-15.5
"135",-38,-16.5
"135",-38,-17.5
"135",-38,-18.5
"135",-39,-19.5
"135",-39,-20.5
"135",-39,-21.5
"135",-39,-22.5
"135",-39,-23.5
"135",-40,-24.5
"135",-41,-25.5
"135",-42,-26.5
"135",-43,-27.5
"135",-44,-28.5
"135",-44,-29.5
"135",-44,-30.5
"135",-44,-31.5
"135",-44,-32.5
"135",-44,-33.5
"135",-44,-34.5
"135",-44,-35.5
"135",-44,-36.5
"135",-44,-37.5
"135",-44,-38.5
"135",-44,-39.5
"135",-44,-40.5
"135",-44,-41.5
"135",-43,-42.5
"135",-42,-43.5
"135",-41,-44.5
"135",-40,-45.5
"135",-39,-46.5
"135",-38,-47.5
"135",-37,-48.5
"135",-36,-49.5
"135",-35,-50.5
"135",-34,-51.5
"135",-33,-52.5
"135",-32,-53.5
"135",-31,-54.5
"135",-30,-55.5
"135",-29,-56.5
"135",-28,-57.5
"135",-27,-58.5
"135",-26,-59.5
"135",-25,-60.5
"135",-24,-61.5
"135",-23,-62.5
"135",-22,-63.5
"135",-21,-64.5
"135",-20,-65.5
"136",10,76.5
"136",9,76.5
"136",8,76.5
"136",7,76.5
"136",6,75.5
"136",5,75.5
"136",4,75.5
"136",4,74.5
"136",4,73.5
"136",3,72.5
"136",2,71.5
"136",1,70.5
"136",0,69.5
"136",-1,69.5
"136",-2,69.5
"136",-3,68.5
"136",-4,68.5
"136",-5,68.5
"136",-6,68.5
"136",-7,68.5
"136",-8,67.5
"136",-9,66.5
"136",-10,66.5
"136",-11,65.5
"136",-11,64.5
"136",-11,63.5
"136",-11,62.5
"136",-11,61.5
"136",-11,60.5
"136",-11,59.5
"136",-11,58.5
"136",-11,57.5
"136",-11,56.5
"136",-11,55.5
"136",-11,54.5
"136",-11,53.5
"136",-11,52.5
"136",-11,51.5
"136",-11,50.5
"136",-11,49.5
"136",-11,48.5
"136",-11,47.5
"136",-11,46.5
"136",-11,45.5
"136",-11,44.5
"136",-11,43.5
"136",-11,42.5
"136",-11,41.5
"136",-11,40.5
"136",-11,39.5
"136",-11,38.5
"136",-11,37.5
"136",-11,36.5
"136",-11,35.5
"136",-11,34.5
"136",-11,33.5
"136",-11,32.5
"136",-12,31.5
"136",-13,30.5
"136",-13,29.5
"136",-14,28.5
"136",-15,27.5
"136",-16,26.5
"136",-17,25.5
"136",-18,24.5
"136",-19,23.5
"136",-20,22.5
"136",-21,21.5
"136",-22,20.5
"136",-23,19.5
"136",-24,18.5
"136",-25,17.5
"136",-25,16.5
"136",-26,15.5
"136",-27,14.5
"136",-28,13.5
"136",-29,12.5
"136",-30,11.5
"136",-31,10.5
"136",-31,9.5
"136",-31,8.5
"136",-31,7.5
"136",-31,6.5
"136",-31,5.5
"136",-31,4.5
"136",-31,3.5
"136",-31,2.5
"136",-31,1.5
"136",-31,0.5
"136",-31,-0.5
"136",-31,-1.5
"136",-31,-2.5
"136",-31,-3.5
"136",-31,-4.5
"136",-31,-5.5
"136",-31,-6.5
"136",-31,-7.5
"136",-31,-8.5
"136",-31,-9.5
"136",-32,-10.5
"136",-33,-11.5
"136",-34,-11.5
"136",-35,-12.5
"136",-36,-13.5
"136",-37,-14.5
"136",-37,-15.5
"136",-37,-16.5
"136",-37,-17.5
"136",-37,-18.5
"136",-37,-19.5
"136",-37,-20.5
"136",-37,-21.5
"136",-37,-22.5
"136",-37,-23.5
"136",-37,-24.5
"136",-37,-25.5
"136",-37,-26.5
"136",-37,-27.5
"136",-37,-28.5
"136",-36,-29.5
"136",-36,-30.5
"136",-36,-31.5
"136",-35,-32.5
"136",-35,-33.5
"136",-35,-34.5
"136",-35,-35.5
"136",-35,-36.5
"136",-35,-37.5
"136",-35,-38.5
"136",-35,-39.5
"136",-35,-40.5
"136",-35,-41.5
"136",-35,-42.5
"136",-35,-43.5
"136",-35,-44.5
"136",-35,-45.5
"136",-35,-46.5
"136",-35,-47.5
"136",-34,-48.5
"136",-34,-49.5
"136",-34,-50.5
"136",-33,-51.5
"136",-32,-52.5
"136",-31,-53.5
"136",-30,-54.5
"136",-29,-55.5
"136",-28,-56.5
"136",-27,-57.5
"136",-26,-58.5
"136",-25,-59.5
"136",-24,-60.5
"136",-23,-61.5
"136",-23,-62.5
"136",-22,-63.5
"136",-21,-64.5
"136",-20,-65.5
"137",10,76.5
"137",9,76.5
"137",8,76.5
"137",7,76.5
"137",6,76.5
"137",5,76.5
"137",4,76.5
"137",3,76.5
"137",2,76.5
"137",1,76.5
"137",0,76.5
"137",-1,76.5
"137",-2,76.5
"137",-3,76.5
"137",-4,76.5
"137",-5,76.5
"137",-6,76.5
"137",-7,76.5
"137",-8,76.5
"137",-9,76.5
"137",-10,76.5
"137",-11,76.5
"137",-12,76.5
"137",-13,76.5
"137",-13,75.5
"137",-13,74.5
"137",-13,73.5
"137",-13,72.5
"137",-14,72.5
"137",-15,71.5
"137",-16,71.5
"137",-17,71.5
"137",-18,71.5
"137",-19,71.5
"137",-20,71.5
"137",-20,70.5
"137",-20,69.5
"137",-20,68.5
"137",-21,68.5
"137",-22,67.5
"137",-23,67.5
"137",-24,66.5
"137",-25,66.5
"137",-26,66.5
"137",-27,65.5
"137",-27,64.5
"137",-27,63.5
"137",-27,62.5
"137",-27,61.5
"137",-27,60.5
"137",-27,59.5
"137",-27,58.5
"137",-27,57.5
"137",-27,56.5
"137",-27,55.5
"137",-27,54.5
"137",-27,53.5
"137",-27,52.5
"137",-27,51.5
"137",-26,50.5
"137",-25,49.5
"137",-24,48.5
"137",-23,47.5
"137",-22,47.5
"137",-22,46.5
"137",-22,45.5
"137",-22,44.5
"137",-22,43.5
"137",-22,42.5
"137",-21,41.5
"137",-20,41.5
"137",-19,40.5
"137",-18,39.5
"137",-18,38.5
"137",-18,37.5
"137",-18,36.5
"137",-18,35.5
"137",-18,34.5
"137",-18,33.5
"137",-18,32.5
"137",-18,31.5
"137",-18,30.5
"137",-18,29.5
"137",-18,28.5
"137",-18,27.5
"137",-18,26.5
"137",-18,25.5
"137",-18,24.5
"137",-18,23.5
"137",-18,22.5
"137",-18,21.5
"137",-18,20.5
"137",-18,19.5
"137",-18,18.5
"137",-18,17.5
"137",-18,16.5
"137",-18,15.5
"137",-18,14.5
"137",-18,13.5
"137",-18,12.5
"137",-18,11.5
"137",-18,10.5
"137",-18,9.5
"137",-18,8.5
"137",-18,7.5
"137",-18,6.5
"137",-18,5.5
"137",-18,4.5
"137",-18,3.5
"137",-18,2.5
"137",-18,1.5
"137",-18,0.5
"137",-18,-0.5
"137",-18,-1.5
"137",-18,-2.5
"137",-18,-3.5
"137",-18,-4.5
"137",-18,-5.5
"137",-18,-6.5
"137",-18,-7.5
"137",-18,-8.5
"137",-18,-9.5
"137",-19,-9.5
"137",-20,-10.5
"137",-20,-11.5
"137",-20,-12.5
"137",-20,-13.5
"137",-21,-14.5
"137",-22,-15.5
"137",-23,-16.5
"137",-24,-17.5
"137",-25,-17.5
"137",-26,-17.5
"137",-27,-18.5
"137",-27,-19.5
"137",-27,-20.5
"137",-27,-21.5
"137",-27,-22.5
"137",-27,-23.5
"137",-27,-24.5
"137",-27,-25.5
"137",-27,-26.5
"137",-27,-27.5
"137",-27,-28.5
"137",-27,-29.5
"137",-27,-30.5
"137",-27,-31.5
"137",-27,-32.5
"137",-27,-33.5
"137",-27,-34.5
"137",-27,-35.5
"137",-27,-36.5
"137",-27,-37.5
"137",-27,-38.5
"137",-27,-39.5
"137",-27,-40.5
"137",-27,-41.5
"137",-27,-42.5
"137",-27,-43.5
"137",-27,-44.5
"137",-27,-45.5
"137",-27,-46.5
"137",-27,-47.5
"137",-27,-48.5
"137",-27,-49.5
"137",-27,-50.5
"137",-27,-51.5
"137",-27,-52.5
"137",-27,-53.5
"137",-26,-54.5
"137",-25,-54.5
"137",-25,-55.5
"137",-25,-56.5
"137",-25,-57.5
"137",-25,-58.5
"137",-25,-59.5
"137",-25,-60.5
"137",-25,-61.5
"137",-25,-62.5
"137",-24,-63.5
"137",-23,-63.5
"137",-23,-64.5
"137",-22,-65.5
"137",-21,-65.5
"137",-20,-65.5
"138",10,76.5
"138",9,76.5
"138",8,76.5
"138",7,76.5
"138",6,76.5
"138",5,76.5
"138",4,76.5
"138",3,76.5
"138",2,76.5
"138",1,76.5
"138",0,76.5
"138",-1,76.5
"138",-2,76.5
"138",-3,76.5
"138",-4,76.5
"138",-5,76.5
"138",-6,76.5
"138",-7,76.5
"138",-8,76.5
"138",-9,76.5
"138",-10,76.5
"138",-11,76.5
"138",-12,76.5
"138",-13,76.5
"138",-13,75.5
"138",-13,74.5
"138",-13,73.5
"138",-13,72.5
"138",-14,72.5
"138",-15,71.5
"138",-16,71.5
"138",-17,71.5
"138",-18,71.5
"138",-19,71.5
"138",-20,71.5
"138",-20,70.5
"138",-20,69.5
"138",-20,68.5
"138",-21,68.5
"138",-22,67.5
"138",-23,67.5
"138",-24,66.5
"138",-25,66.5
"138",-26,66.5
"138",-27,66.5
"138",-27,65.5
"138",-27,64.5
"138",-27,63.5
"138",-27,62.5
"138",-27,61.5
"138",-27,60.5
"138",-27,59.5
"138",-27,58.5
"138",-27,57.5
"138",-27,56.5
"138",-27,55.5
"138",-27,54.5
"138",-27,53.5
"138",-27,52.5
"138",-27,51.5
"138",-27,50.5
"138",-26,49.5
"138",-25,48.5
"138",-24,48.5
"138",-23,47.5
"138",-22,47.5
"138",-22,46.5
"138",-22,45.5
"138",-22,44.5
"138",-22,43.5
"138",-22,42.5
"138",-21,41.5
"138",-20,41.5
"138",-19,40.5
"138",-18,40.5
"138",-18,39.5
"138",-18,38.5
"138",-18,37.5
"138",-18,36.5
"138",-18,35.5
"138",-18,34.5
"138",-18,33.5
"138",-18,32.5
"138",-18,31.5
"138",-18,30.5
"138",-18,29.5
"138",-18,28.5
"138",-18,27.5
"138",-18,26.5
"138",-18,25.5
"138",-18,24.5
"138",-18,23.5
"138",-18,22.5
"138",-18,21.5
"138",-18,20.5
"138",-18,19.5
"138",-18,18.5
"138",-18,17.5
"138",-18,16.5
"138",-18,15.5
"138",-18,14.5
"138",-18,13.5
"138",-18,12.5
"138",-18,11.5
"138",-18,10.5
"138",-18,9.5
"138",-18,8.5
"138",-18,7.5
"138",-18,6.5
"138",-18,5.5
"138",-18,4.5
"138",-18,3.5
"138",-18,2.5
"138",-19,2.5
"138",-20,1.5
"138",-21,1.5
"138",-22,0.5
"138",-22,-0.5
"138",-22,-1.5
"138",-23,-2.5
"138",-23,-3.5
"138",-23,-4.5
"138",-23,-5.5
"138",-23,-6.5
"138",-23,-7.5
"138",-23,-8.5
"138",-23,-9.5
"138",-23,-10.5
"138",-23,-11.5
"138",-23,-12.5
"138",-24,-13.5
"138",-25,-13.5
"138",-26,-13.5
"138",-27,-14.5
"138",-27,-15.5
"138",-27,-16.5
"138",-27,-17.5
"138",-27,-18.5
"138",-27,-19.5
"138",-27,-20.5
"138",-27,-21.5
"138",-27,-22.5
"138",-27,-23.5
"138",-27,-24.5
"138",-27,-25.5
"138",-27,-26.5
"138",-27,-27.5
"138",-27,-28.5
"138",-27,-29.5
"138",-27,-30.5
"138",-27,-31.5
"138",-27,-32.5
"138",-27,-33.5
"138",-27,-34.5
"138",-27,-35.5
"138",-27,-36.5
"138",-27,-37.5
"138",-27,-38.5
"138",-27,-39.5
"138",-27,-40.5
"138",-27,-41.5
"138",-27,-42.5
"138",-27,-43.5
"138",-27,-44.5
"138",-27,-45.5
"138",-27,-46.5
"138",-27,-47.5
"138",-27,-48.5
"138",-27,-49.5
"138",-27,-50.5
"138",-27,-51.5
"138",-27,-52.5
"138",-27,-53.5
"138",-26,-54.5
"138",-25,-54.5
"138",-25,-55.5
"138",-25,-56.5
"138",-25,-57.5
"138",-25,-58.5
"138",-25,-59.5
"138",-25,-60.5
"138",-25,-61.5
"138",-25,-62.5
"138",-25,-63.5
"138",-24,-64.5
"138",-23,-64.5
"138",-22,-65.5
"138",-21,-65.5
"138",-20,-65.5
"139",10,76.5
"139",9,76.5
"139",8,76.5
"139",7,76.5
"139",6,76.5
"139",5,76.5
"139",4,76.5
"139",3,76.5
"139",2,76.5
"139",1,76.5
"139",0,76.5
"139",-1,76.5
"139",-2,76.5
"139",-3,76.5
"139",-4,76.5
"139",-5,76.5
"139",-6,76.5
"139",-6,75.5
"139",-6,74.5
"139",-6,73.5
"139",-6,72.5
"139",-7,71.5
"139",-8,70.5
"139",-9,69.5
"139",-10,68.5
"139",-11,67.5
"139",-12,66.5
"139",-13,65.5
"139",-13,64.5
"139",-13,63.5
"139",-13,62.5
"139",-13,61.5
"139",-13,60.5
"139",-13,59.5
"139",-13,58.5
"139",-13,57.5
"139",-13,56.5
"139",-13,55.5
"139",-13,54.5
"139",-13,53.5
"139",-13,52.5
"139",-13,51.5
"139",-13,50.5
"139",-13,49.5
"139",-13,48.5
"139",-13,47.5
"139",-13,46.5
"139",-13,45.5
"139",-13,44.5
"139",-13,43.5
"139",-13,42.5
"139",-13,41.5
"139",-13,40.5
"139",-13,39.5
"139",-13,38.5
"139",-13,37.5
"139",-13,36.5
"139",-13,35.5
"139",-13,34.5
"139",-13,33.5
"139",-13,32.5
"139",-13,31.5
"139",-13,30.5
"139",-13,29.5
"139",-14,28.5
"139",-15,27.5
"139",-16,26.5
"139",-17,25.5
"139",-18,24.5
"139",-19,23.5
"139",-20,22.5
"139",-21,21.5
"139",-22,20.5
"139",-22,19.5
"139",-23,18.5
"139",-24,17.5
"139",-25,16.5
"139",-26,15.5
"139",-27,14.5
"139",-28,13.5
"139",-29,12.5
"139",-30,11.5
"139",-31,10.5
"139",-32,9.5
"139",-33,8.5
"139",-34,7.5
"139",-34,6.5
"139",-34,5.5
"139",-34,4.5
"139",-34,3.5
"139",-34,2.5
"139",-34,1.5
"139",-34,0.5
"139",-34,-0.5
"139",-34,-1.5
"139",-34,-2.5
"139",-34,-3.5
"139",-34,-4.5
"139",-34,-5.5
"139",-34,-6.5
"139",-34,-7.5
"139",-34,-8.5
"139",-34,-9.5
"139",-34,-10.5
"139",-35,-11.5
"139",-36,-12.5
"139",-37,-13.5
"139",-38,-14.5
"139",-38,-15.5
"139",-38,-16.5
"139",-38,-17.5
"139",-38,-18.5
"139",-39,-19.5
"139",-39,-20.5
"139",-39,-21.5
"139",-39,-22.5
"139",-39,-23.5
"139",-39,-24.5
"139",-39,-25.5
"139",-39,-26.5
"139",-39,-27.5
"139",-39,-28.5
"139",-39,-29.5
"139",-39,-30.5
"139",-39,-31.5
"139",-39,-32.5
"139",-39,-33.5
"139",-39,-34.5
"139",-39,-35.5
"139",-39,-36.5
"139",-39,-37.5
"139",-39,-38.5
"139",-39,-39.5
"139",-39,-40.5
"139",-39,-41.5
"139",-39,-42.5
"139",-39,-43.5
"139",-39,-44.5
"139",-39,-45.5
"139",-38,-46.5
"139",-37,-47.5
"139",-36,-48.5
"139",-35,-49.5
"139",-34,-50.5
"139",-33,-51.5
"139",-32,-52.5
"139",-31,-53.5
"139",-30,-54.5
"139",-29,-55.5
"139",-28,-56.5
"139",-27,-57.5
"139",-26,-58.5
"139",-25,-59.5
"139",-24,-60.5
"139",-23,-61.5
"139",-22,-62.5
"139",-21,-63.5
"139",-20,-64.5
"139",-20,-65.5
"140",10,76.5
"140",9,76.5
"140",8,76.5
"140",7,76.5
"140",6,75.5
"140",5,75.5
"140",4,75.5
"140",3,74.5
"140",3,73.5
"140",2,72.5
"140",1,71.5
"140",0,70.5
"140",-1,70.5
"140",-2,69.5
"140",-3,68.5
"140",-4,68.5
"140",-5,68.5
"140",-6,68.5
"140",-7,68.5
"140",-8,67.5
"140",-9,66.5
"140",-10,66.5
"140",-11,65.5
"140",-11,64.5
"140",-11,63.5
"140",-11,62.5
"140",-11,61.5
"140",-11,60.5
"140",-11,59.5
"140",-11,58.5
"140",-11,57.5
"140",-11,56.5
"140",-11,55.5
"140",-11,54.5
"140",-11,53.5
"140",-11,52.5
"140",-11,51.5
"140",-11,50.5
"140",-11,49.5
"140",-11,48.5
"140",-11,47.5
"140",-11,46.5
"140",-11,45.5
"140",-11,44.5
"140",-11,43.5
"140",-11,42.5
"140",-11,41.5
"140",-11,40.5
"140",-11,39.5
"140",-11,38.5
"140",-11,37.5
"140",-11,36.5
"140",-11,35.5
"140",-11,34.5
"140",-11,33.5
"140",-11,32.5
"140",-12,31.5
"140",-13,30.5
"140",-14,29.5
"140",-14,28.5
"140",-15,27.5
"140",-16,26.5
"140",-17,25.5
"140",-18,24.5
"140",-18,23.5
"140",-18,22.5
"140",-18,21.5
"140",-18,20.5
"140",-18,19.5
"140",-18,18.5
"140",-18,17.5
"140",-18,16.5
"140",-18,15.5
"140",-18,14.5
"140",-18,13.5
"140",-18,12.5
"140",-18,11.5
"140",-18,10.5
"140",-18,9.5
"140",-18,8.5
"140",-18,7.5
"140",-18,6.5
"140",-18,5.5
"140",-18,4.5
"140",-18,3.5
"140",-18,2.5
"140",-18,1.5
"140",-18,0.5
"140",-18,-0.5
"140",-18,-1.5
"140",-18,-2.5
"140",-18,-3.5
"140",-18,-4.5
"140",-18,-5.5
"140",-18,-6.5
"140",-18,-7.5
"140",-18,-8.5
"140",-19,-9.5
"140",-20,-10.5
"140",-20,-11.5
"140",-21,-12.5
"140",-22,-13.5
"140",-23,-14.5
"140",-24,-15.5
"140",-25,-16.5
"140",-26,-17.5
"140",-27,-18.5
"140",-27,-19.5
"140",-27,-20.5
"140",-27,-21.5
"140",-27,-22.5
"140",-27,-23.5
"140",-27,-24.5
"140",-27,-25.5
"140",-27,-26.5
"140",-27,-27.5
"140",-27,-28.5
"140",-27,-29.5
"140",-27,-30.5
"140",-27,-31.5
"140",-27,-32.5
"140",-27,-33.5
"140",-27,-34.5
"140",-27,-35.5
"140",-27,-36.5
"140",-27,-37.5
"140",-27,-38.5
"140",-27,-39.5
"140",-27,-40.5
"140",-27,-41.5
"140",-27,-42.5
"140",-27,-43.5
"140",-27,-44.5
"140",-27,-45.5
"140",-27,-46.5
"140",-27,-47.5
"140",-27,-48.5
"140",-27,-49.5
"140",-27,-50.5
"140",-27,-51.5
"140",-27,-52.5
"140",-27,-53.5
"140",-26,-54.5
"140",-25,-55.5
"140",-25,-56.5
"140",-25,-57.5
"140",-25,-58.5
"140",-25,-59.5
"140",-24,-60.5
"140",-23,-61.5
"140",-23,-62.5
"140",-22,-63.5
"140",-21,-64.5
"140",-20,-65.5
"141",10,76.5
"141",9,76.5
"141",8,76.5
"141",7,76.5
"141",6,76.5
"141",5,76.5
"141",4,76.5
"141",3,76.5
"141",2,76.5
"141",1,76.5
"141",0,76.5
"141",-1,76.5
"141",-2,76.5
"141",-3,76.5
"141",-4,76.5
"141",-5,76.5
"141",-6,76.5
"141",-7,76.5
"141",-8,76.5
"141",-9,76.5
"141",-10,76.5
"141",-11,76.5
"141",-12,76.5
"141",-13,76.5
"141",-13,75.5
"141",-13,74.5
"141",-13,73.5
"141",-13,72.5
"141",-14,72.5
"141",-15,71.5
"141",-16,71.5
"141",-17,71.5
"141",-18,71.5
"141",-19,71.5
"141",-20,71.5
"141",-20,70.5
"141",-20,69.5
"141",-20,68.5
"141",-21,68.5
"141",-22,67.5
"141",-23,67.5
"141",-24,66.5
"141",-25,66.5
"141",-26,66.5
"141",-27,66.5
"141",-27,65.5
"141",-27,64.5
"141",-27,63.5
"141",-27,62.5
"141",-27,61.5
"141",-27,60.5
"141",-27,59.5
"141",-27,58.5
"141",-27,57.5
"141",-27,56.5
"141",-27,55.5
"141",-27,54.5
"141",-27,53.5
"141",-27,52.5
"141",-27,51.5
"141",-27,50.5
"141",-27,49.5
"141",-26,48.5
"141",-26,47.5
"141",-26,46.5
"141",-26,45.5
"141",-26,44.5
"141",-26,43.5
"141",-26,42.5
"141",-26,41.5
"141",-26,40.5
"141",-26,39.5
"141",-26,38.5
"141",-26,37.5
"141",-26,36.5
"141",-26,35.5
"141",-26,34.5
"141",-26,33.5
"141",-25,32.5
"141",-25,31.5
"141",-25,30.5
"141",-25,29.5
"141",-25,28.5
"141",-25,27.5
"141",-25,26.5
"141",-25,25.5
"141",-25,24.5
"141",-25,23.5
"141",-25,22.5
"141",-25,21.5
"141",-25,20.5
"141",-25,19.5
"141",-25,18.5
"141",-25,17.5
"141",-25,16.5
"141",-25,15.5
"141",-26,14.5
"141",-27,14.5
"141",-28,14.5
"141",-29,13.5
"141",-29,12.5
"141",-29,11.5
"141",-29,10.5
"141",-29,9.5
"141",-29,8.5
"141",-29,7.5
"141",-29,6.5
"141",-29,5.5
"141",-29,4.5
"141",-29,3.5
"141",-29,2.5
"141",-29,1.5
"141",-29,0.5
"141",-29,-0.5
"141",-29,-1.5
"141",-29,-2.5
"141",-29,-3.5
"141",-29,-4.5
"141",-29,-5.5
"141",-29,-6.5
"141",-29,-7.5
"141",-29,-8.5
"141",-29,-9.5
"141",-29,-10.5
"141",-29,-11.5
"141",-29,-12.5
"141",-29,-13.5
"141",-29,-14.5
"141",-29,-15.5
"141",-29,-16.5
"141",-29,-17.5
"141",-29,-18.5
"141",-29,-19.5
"141",-29,-20.5
"141",-29,-21.5
"141",-29,-22.5
"141",-29,-23.5
"141",-29,-24.5
"141",-29,-25.5
"141",-29,-26.5
"141",-28,-27.5
"141",-27,-27.5
"141",-27,-28.5
"141",-27,-29.5
"141",-27,-30.5
"141",-27,-31.5
"141",-27,-32.5
"141",-27,-33.5
"141",-27,-34.5
"141",-27,-35.5
"141",-27,-36.5
"141",-27,-37.5
"141",-27,-38.5
"141",-27,-39.5
"141",-27,-40.5
"141",-27,-41.5
"141",-27,-42.5
"141",-27,-43.5
"141",-27,-44.5
"141",-27,-45.5
"141",-27,-46.5
"141",-27,-47.5
"141",-27,-48.5
"141",-27,-49.5
"141",-27,-50.5
"141",-27,-51.5
"141",-27,-52.5
"141",-27,-53.5
"141",-26,-54.5
"141",-25,-54.5
"141",-25,-55.5
"141",-25,-56.5
"141",-25,-57.5
"141",-25,-58.5
"141",-25,-59.5
"141",-25,-60.5
"141",-25,-61.5
"141",-25,-62.5
"141",-25,-63.5
"141",-24,-64.5
"141",-23,-64.5
"141",-22,-65.5
"141",-21,-65.5
"141",-20,-65.5
"142",10,76.5
"142",9,76.5
"142",8,76.5
"142",7,76.5
"142",6,76.5
"142",5,76.5
"142",4,76.5
"142",3,76.5
"142",2,76.5
"142",1,76.5
"142",0,76.5
"142",-1,76.5
"142",-2,76.5
"142",-3,76.5
"142",-4,76.5
"142",-5,76.5
"142",-6,76.5
"142",-6,75.5
"142",-6,74.5
"142",-6,73.5
"142",-6,72.5
"142",-7,71.5
"142",-8,70.5
"142",-9,69.5
"142",-10,68.5
"142",-11,67.5
"142",-12,66.5
"142",-13,65.5
"142",-13,64.5
"142",-13,63.5
"142",-13,62.5
"142",-13,61.5
"142",-13,60.5
"142",-13,59.5
"142",-13,58.5
"142",-13,57.5
"142",-13,56.5
"142",-13,55.5
"142",-13,54.5
"142",-13,53.5
"142",-13,52.5
"142",-13,51.5
"142",-13,50.5
"142",-13,49.5
"142",-13,48.5
"142",-13,47.5
"142",-13,46.5
"142",-13,45.5
"142",-13,44.5
"142",-13,43.5
"142",-13,42.5
"142",-13,41.5
"142",-13,40.5
"142",-13,39.5
"142",-13,38.5
"142",-13,37.5
"142",-13,36.5
"142",-13,35.5
"142",-13,34.5
"142",-13,33.5
"142",-13,32.5
"142",-13,31.5
"142",-13,30.5
"142",-13,29.5
"142",-14,28.5
"142",-15,27.5
"142",-16,26.5
"142",-17,25.5
"142",-18,24.5
"142",-19,23.5
"142",-20,22.5
"142",-21,21.5
"142",-22,20.5
"142",-22,19.5
"142",-23,18.5
"142",-24,17.5
"142",-25,16.5
"142",-26,15.5
"142",-27,14.5
"142",-28,13.5
"142",-29,12.5
"142",-30,11.5
"142",-31,10.5
"142",-32,9.5
"142",-33,8.5
"142",-33,7.5
"142",-33,6.5
"142",-33,5.5
"142",-33,4.5
"142",-33,3.5
"142",-33,2.5
"142",-33,1.5
"142",-33,0.5
"142",-33,-0.5
"142",-33,-1.5
"142",-33,-2.5
"142",-33,-3.5
"142",-33,-4.5
"142",-33,-5.5
"142",-33,-6.5
"142",-33,-7.5
"142",-34,-8.5
"142",-35,-9.5
"142",-35,-10.5
"142",-35,-11.5
"142",-36,-12.5
"142",-37,-13.5
"142",-38,-14.5
"142",-38,-15.5
"142",-38,-16.5
"142",-38,-17.5
"142",-38,-18.5
"142",-38,-19.5
"142",-38,-20.5
"142",-38,-21.5
"142",-38,-22.5
"142",-38,-23.5
"142",-38,-24.5
"142",-38,-25.5
"142",-38,-26.5
"142",-38,-27.5
"142",-38,-28.5
"142",-38,-29.5
"142",-38,-30.5
"142",-38,-31.5
"142",-38,-32.5
"142",-38,-33.5
"142",-38,-34.5
"142",-38,-35.5
"142",-38,-36.5
"142",-38,-37.5
"142",-38,-38.5
"142",-38,-39.5
"142",-38,-40.5
"142",-38,-41.5
"142",-38,-42.5
"142",-38,-43.5
"142",-38,-44.5
"142",-38,-45.5
"142",-38,-46.5
"142",-37,-47.5
"142",-36,-48.5
"142",-35,-49.5
"142",-34,-50.5
"142",-33,-51.5
"142",-32,-52.5
"142",-31,-53.5
"142",-30,-54.5
"142",-29,-55.5
"142",-28,-56.5
"142",-27,-57.5
"142",-26,-58.5
"142",-25,-59.5
"142",-24,-60.5
"142",-23,-61.5
"142",-22,-62.5
"142",-21,-63.5
"142",-20,-64.5
"142",-20,-65.5
"143",10,76.5
"143",9,76.5
"143",8,76.5
"143",7,76.5
"143",6,76.5
"143",5,76.5
"143",4,76.5
"143",3,76.5
"143",2,76.5
"143",1,76.5
"143",0,76.5
"143",-1,76.5
"143",-2,76.5
"143",-3,76.5
"143",-4,76.5
"143",-5,76.5
"143",-6,76.5
"143",-7,76.5
"143",-8,76.5
"143",-9,76.5
"143",-10,76.5
"143",-11,76.5
"143",-12,76.5
"143",-13,76.5
"143",-14,76.5
"143",-15,76.5
"143",-16,76.5
"143",-16,75.5
"143",-16,74.5
"143",-16,73.5
"143",-16,72.5
"143",-17,72.5
"143",-18,72.5
"143",-19,72.5
"143",-20,72.5
"143",-20,71.5
"143",-20,70.5
"143",-20,69.5
"143",-20,68.5
"143",-21,68.5
"143",-22,67.5
"143",-23,67.5
"143",-24,66.5
"143",-25,66.5
"143",-26,65.5
"143",-27,64.5
"143",-27,63.5
"143",-27,62.5
"143",-27,61.5
"143",-27,60.5
"143",-27,59.5
"143",-27,58.5
"143",-27,57.5
"143",-27,56.5
"143",-27,55.5
"143",-27,54.5
"143",-27,53.5
"143",-27,52.5
"143",-27,51.5
"143",-26,50.5
"143",-25,49.5
"143",-24,48.5
"143",-23,47.5
"143",-22,46.5
"143",-21,45.5
"143",-20,44.5
"143",-19,43.5
"143",-18,42.5
"143",-18,41.5
"143",-18,40.5
"143",-18,39.5
"143",-18,38.5
"143",-18,37.5
"143",-18,36.5
"143",-18,35.5
"143",-18,34.5
"143",-18,33.5
"143",-18,32.5
"143",-18,31.5
"143",-18,30.5
"143",-18,29.5
"143",-18,28.5
"143",-18,27.5
"143",-18,26.5
"143",-18,25.5
"143",-18,24.5
"143",-18,23.5
"143",-18,22.5
"143",-18,21.5
"143",-18,20.5
"143",-18,19.5
"143",-18,18.5
"143",-18,17.5
"143",-18,16.5
"143",-18,15.5
"143",-18,14.5
"143",-18,13.5
"143",-18,12.5
"143",-18,11.5
"143",-18,10.5
"143",-18,9.5
"143",-18,8.5
"143",-18,7.5
"143",-18,6.5
"143",-18,5.5
"143",-18,4.5
"143",-18,3.5
"143",-18,2.5
"143",-18,1.5
"143",-18,0.5
"143",-18,-0.5
"143",-18,-1.5
"143",-18,-2.5
"143",-18,-3.5
"143",-18,-4.5
"143",-18,-5.5
"143",-18,-6.5
"143",-18,-7.5
"143",-18,-8.5
"143",-19,-9.5
"143",-20,-10.5
"143",-20,-11.5
"143",-21,-12.5
"143",-22,-13.5
"143",-23,-14.5
"143",-24,-15.5
"143",-25,-16.5
"143",-26,-17.5
"143",-27,-18.5
"143",-27,-19.5
"143",-27,-20.5
"143",-27,-21.5
"143",-27,-22.5
"143",-27,-23.5
"143",-27,-24.5
"143",-27,-25.5
"143",-27,-26.5
"143",-27,-27.5
"143",-27,-28.5
"143",-27,-29.5
"143",-27,-30.5
"143",-27,-31.5
"143",-27,-32.5
"143",-27,-33.5
"143",-27,-34.5
"143",-27,-35.5
"143",-27,-36.5
"143",-27,-37.5
"143",-27,-38.5
"143",-27,-39.5
"143",-27,-40.5
"143",-27,-41.5
"143",-27,-42.5
"143",-27,-43.5
"143",-27,-44.5
"143",-27,-45.5
"143",-27,-46.5
"143",-27,-47.5
"143",-27,-48.5
"143",-27,-49.5
"143",-27,-50.5
"143",-27,-51.5
"143",-27,-52.5
"143",-27,-53.5
"143",-26,-54.5
"143",-25,-55.5
"143",-25,-56.5
"143",-25,-57.5
"143",-25,-58.5
"143",-25,-59.5
"143",-25,-60.5
"143",-24,-61.5
"143",-23,-62.5
"143",-22,-63.5
"143",-21,-64.5
"143",-20,-65.5
"144",10,76.5
"144",9,76.5
"144",8,76.5
"144",7,76.5
"144",6,76.5
"144",5,76.5
"144",4,76.5
"144",3,76.5
"144",2,76.5
"144",1,76.5
"144",0,76.5
"144",-1,76.5
"144",-2,76.5
"144",-3,76.5
"144",-4,76.5
"144",-5,76.5
"144",-6,76.5
"144",-7,76.5
"144",-8,76.5
"144",-9,76.5
"144",-10,76.5
"144",-11,76.5
"144",-12,76.5
"144",-13,76.5
"144",-13,75.5
"144",-13,74.5
"144",-13,73.5
"144",-13,72.5
"144",-14,72.5
"144",-15,71.5
"144",-16,71.5
"144",-17,71.5
"144",-18,71.5
"144",-19,71.5
"144",-20,71.5
"144",-20,70.5
"144",-20,69.5
"144",-20,68.5
"144",-21,68.5
"144",-22,67.5
"144",-23,67.5
"144",-24,66.5
"144",-25,66.5
"144",-26,66.5
"144",-27,66.5
"144",-27,65.5
"144",-27,64.5
"144",-27,63.5
"144",-27,62.5
"144",-27,61.5
"144",-27,60.5
"144",-27,59.5
"144",-27,58.5
"144",-27,57.5
"144",-27,56.5
"144",-27,55.5
"144",-27,54.5
"144",-27,53.5
"144",-27,52.5
"144",-27,51.5
"144",-27,50.5
"144",-27,49.5
"144",-26,48.5
"144",-26,47.5
"144",-26,46.5
"144",-26,45.5
"144",-26,44.5
"144",-26,43.5
"144",-26,42.5
"144",-26,41.5
"144",-26,40.5
"144",-26,39.5
"144",-26,38.5
"144",-26,37.5
"144",-26,36.5
"144",-26,35.5
"144",-26,34.5
"144",-26,33.5
"144",-25,32.5
"144",-25,31.5
"144",-25,30.5
"144",-25,29.5
"144",-25,28.5
"144",-25,27.5
"144",-25,26.5
"144",-25,25.5
"144",-25,24.5
"144",-25,23.5
"144",-25,22.5
"144",-25,21.5
"144",-25,20.5
"144",-26,19.5
"144",-27,18.5
"144",-28,18.5
"144",-29,17.5
"144",-29,16.5
"144",-29,15.5
"144",-29,14.5
"144",-29,13.5
"144",-29,12.5
"144",-29,11.5
"144",-29,10.5
"144",-29,9.5
"144",-29,8.5
"144",-29,7.5
"144",-29,6.5
"144",-29,5.5
"144",-29,4.5
"144",-29,3.5
"144",-29,2.5
"144",-29,1.5
"144",-29,0.5
"144",-29,-0.5
"144",-29,-1.5
"144",-29,-2.5
"144",-29,-3.5
"144",-29,-4.5
"144",-29,-5.5
"144",-29,-6.5
"144",-29,-7.5
"144",-29,-8.5
"144",-29,-9.5
"144",-29,-10.5
"144",-29,-11.5
"144",-29,-12.5
"144",-29,-13.5
"144",-29,-14.5
"144",-29,-15.5
"144",-29,-16.5
"144",-29,-17.5
"144",-29,-18.5
"144",-29,-19.5
"144",-29,-20.5
"144",-29,-21.5
"144",-29,-22.5
"144",-29,-23.5
"144",-29,-24.5
"144",-29,-25.5
"144",-29,-26.5
"144",-28,-27.5
"144",-27,-27.5
"144",-27,-28.5
"144",-27,-29.5
"144",-27,-30.5
"144",-27,-31.5
"144",-27,-32.5
"144",-27,-33.5
"144",-27,-34.5
"144",-27,-35.5
"144",-27,-36.5
"144",-27,-37.5
"144",-27,-38.5
"144",-27,-39.5
"144",-27,-40.5
"144",-27,-41.5
"144",-27,-42.5
"144",-27,-43.5
"144",-27,-44.5
"144",-27,-45.5
"144",-27,-46.5
"144",-27,-47.5
"144",-27,-48.5
"144",-27,-49.5
"144",-27,-50.5
"144",-27,-51.5
"144",-27,-52.5
"144",-27,-53.5
"144",-26,-54.5
"144",-25,-55.5
"144",-25,-56.5
"144",-25,-57.5
"144",-25,-58.5
"144",-25,-59.5
"144",-25,-60.5
"144",-25,-61.5
"144",-25,-62.5
"144",-25,-63.5
"144",-24,-64.5
"144",-23,-64.5
"144",-22,-65.5
"144",-21,-65.5
"144",-20,-65.5
"145",10,76.5
"145",9,76.5
"145",8,76.5
"145",7,76.5
"145",6,76.5
"145",5,76.5
"145",4,76.5
"145",3,76.5
"145",2,76.5
"145",1,76.5
"145",0,76.5
"145",-1,76.5
"145",-2,76.5
"145",-3,76.5
"145",-4,76.5
"145",-5,76.5
"145",-6,76.5
"145",-7,76.5
"145",-8,76.5
"145",-9,76.5
"145",-9,75.5
"145",-9,74.5
"145",-9,73.5
"145",-9,72.5
"145",-9,71.5
"145",-9,70.5
"145",-9,69.5
"145",-10,68.5
"145",-11,67.5
"145",-12,66.5
"145",-13,65.5
"145",-13,64.5
"145",-13,63.5
"145",-13,62.5
"145",-13,61.5
"145",-13,60.5
"145",-13,59.5
"145",-13,58.5
"145",-13,57.5
"145",-13,56.5
"145",-13,55.5
"145",-13,54.5
"145",-13,53.5
"145",-13,52.5
"145",-13,51.5
"145",-13,50.5
"145",-13,49.5
"145",-13,48.5
"145",-13,47.5
"145",-13,46.5
"145",-13,45.5
"145",-13,44.5
"145",-13,43.5
"145",-13,42.5
"145",-13,41.5
"145",-13,40.5
"145",-13,39.5
"145",-13,38.5
"145",-13,37.5
"145",-13,36.5
"145",-13,35.5
"145",-13,34.5
"145",-13,33.5
"145",-13,32.5
"145",-13,31.5
"145",-13,30.5
"145",-14,29.5
"145",-15,28.5
"145",-15,27.5
"145",-16,26.5
"145",-17,25.5
"145",-17,24.5
"145",-18,23.5
"145",-19,22.5
"145",-19,21.5
"145",-19,20.5
"145",-19,19.5
"145",-19,18.5
"145",-19,17.5
"145",-19,16.5
"145",-19,15.5
"145",-19,14.5
"145",-19,13.5
"145",-19,12.5
"145",-19,11.5
"145",-19,10.5
"145",-19,9.5
"145",-19,8.5
"145",-19,7.5
"145",-19,6.5
"145",-19,5.5
"145",-19,4.5
"145",-19,3.5
"145",-19,2.5
"145",-19,1.5
"145",-19,0.5
"145",-19,-0.5
"145",-19,-1.5
"145",-19,-2.5
"145",-19,-3.5
"145",-19,-4.5
"145",-19,-5.5
"145",-19,-6.5
"145",-19,-7.5
"145",-19,-8.5
"145",-19,-9.5
"145",-20,-10.5
"145",-21,-11.5
"145",-22,-12.5
"145",-23,-13.5
"145",-24,-14.5
"145",-25,-15.5
"145",-25,-16.5
"145",-25,-17.5
"145",-25,-18.5
"145",-25,-19.5
"145",-25,-20.5
"145",-25,-21.5
"145",-25,-22.5
"145",-25,-23.5
"145",-25,-24.5
"145",-25,-25.5
"145",-25,-26.5
"145",-25,-27.5
"145",-25,-28.5
"145",-25,-29.5
"145",-25,-30.5
"145",-25,-31.5
"145",-25,-32.5
"145",-25,-33.5
"145",-25,-34.5
"145",-25,-35.5
"145",-25,-36.5
"145",-25,-37.5
"145",-25,-38.5
"145",-25,-39.5
"145",-25,-40.5
"145",-25,-41.5
"145",-25,-42.5
"145",-25,-43.5
"145",-25,-44.5
"145",-25,-45.5
"145",-25,-46.5
"145",-25,-47.5
"145",-25,-48.5
"145",-25,-49.5
"145",-25,-50.5
"145",-24,-51.5
"145",-23,-52.5
"145",-22,-53.5
"145",-21,-54.5
"145",-20,-55.5
"145",-20,-56.5
"145",-20,-57.5
"145",-20,-58.5
"145",-20,-59.5
"145",-20,-60.5
"145",-20,-61.5
"145",-20,-62.5
"145",-20,-63.5
"145",-20,-64.5
"145",-20,-65.5
"146",10,76.5
"146",9,76.5
"146",8,76.5
"146",7,76.5
"146",6,76.5
"146",5,76.5
"146",4,76.5
"146",3,76.5
"146",2,76.5
"146",1,76.5
"146",0,76.5
"146",-1,76.5
"146",-2,76.5
"146",-3,76.5
"146",-4,76.5
"146",-5,76.5
"146",-6,76.5
"146",-7,76.5
"146",-8,76.5
"146",-9,76.5
"146",-10,76.5
"146",-11,76.5
"146",-12,76.5
"146",-13,76.5
"146",-14,76.5
"146",-15,76.5
"146",-16,76.5
"146",-16,75.5
"146",-16,74.5
"146",-16,73.5
"146",-16,72.5
"146",-17,72.5
"146",-18,72.5
"146",-19,72.5
"146",-20,72.5
"146",-20,71.5
"146",-20,70.5
"146",-20,69.5
"146",-20,68.5
"146",-21,68.5
"146",-22,67.5
"146",-23,67.5
"146",-24,66.5
"146",-25,66.5
"146",-26,66.5
"146",-27,66.5
"146",-27,65.5
"146",-27,64.5
"146",-27,63.5
"146",-27,62.5
"146",-27,61.5
"146",-27,60.5
"146",-27,59.5
"146",-27,58.5
"146",-27,57.5
"146",-27,56.5
"146",-27,55.5
"146",-27,54.5
"146",-27,53.5
"146",-27,52.5
"146",-27,51.5
"146",-27,50.5
"146",-27,49.5
"146",-26,48.5
"146",-26,47.5
"146",-26,46.5
"146",-26,45.5
"146",-26,44.5
"146",-26,43.5
"146",-26,42.5
"146",-26,41.5
"146",-26,40.5
"146",-26,39.5
"146",-26,38.5
"146",-26,37.5
"146",-26,36.5
"146",-26,35.5
"146",-26,34.5
"146",-26,33.5
"146",-25,32.5
"146",-25,31.5
"146",-25,30.5
"146",-25,29.5
"146",-25,28.5
"146",-25,27.5
"146",-25,26.5
"146",-25,25.5
"146",-25,24.5
"146",-25,23.5
"146",-25,22.5
"146",-25,21.5
"146",-25,20.5
"146",-26,19.5
"146",-27,18.5
"146",-28,17.5
"146",-29,16.5
"146",-29,15.5
"146",-29,14.5
"146",-29,13.5
"146",-29,12.5
"146",-29,11.5
"146",-29,10.5
"146",-29,9.5
"146",-29,8.5
"146",-29,7.5
"146",-29,6.5
"146",-29,5.5
"146",-29,4.5
"146",-29,3.5
"146",-29,2.5
"146",-29,1.5
"146",-29,0.5
"146",-29,-0.5
"146",-29,-1.5
"146",-29,-2.5
"146",-29,-3.5
"146",-29,-4.5
"146",-29,-5.5
"146",-29,-6.5
"146",-29,-7.5
"146",-29,-8.5
"146",-29,-9.5
"146",-29,-10.5
"146",-29,-11.5
"146",-29,-12.5
"146",-29,-13.5
"146",-29,-14.5
"146",-29,-15.5
"146",-29,-16.5
"146",-29,-17.5
"146",-29,-18.5
"146",-29,-19.5
"146",-29,-20.5
"146",-29,-21.5
"146",-29,-22.5
"146",-29,-23.5
"146",-29,-24.5
"146",-29,-25.5
"146",-29,-26.5
"146",-28,-27.5
"146",-27,-28.5
"146",-27,-29.5
"146",-27,-30.5
"146",-27,-31.5
"146",-27,-32.5
"146",-27,-33.5
"146",-27,-34.5
"146",-27,-35.5
"146",-27,-36.5
"146",-27,-37.5
"146",-27,-38.5
"146",-27,-39.5
"146",-27,-40.5
"146",-27,-41.5
"146",-27,-42.5
"146",-27,-43.5
"146",-27,-44.5
"146",-27,-45.5
"146",-27,-46.5
"146",-27,-47.5
"146",-27,-48.5
"146",-27,-49.5
"146",-27,-50.5
"146",-27,-51.5
"146",-27,-52.5
"146",-27,-53.5
"146",-26,-54.5
"146",-25,-55.5
"146",-25,-56.5
"146",-25,-57.5
"146",-25,-58.5
"146",-25,-59.5
"146",-25,-60.5
"146",-24,-61.5
"146",-23,-62.5
"146",-22,-63.5
"146",-21,-64.5
"146",-20,-65.5
"147",10,76.5
"147",9,76.5
"147",8,76.5
"147",7,76.5
"147",6,76.5
"147",5,76.5
"147",4,76.5
"147",3,76.5
"147",2,76.5
"147",1,76.5
"147",0,76.5
"147",-1,76.5
"147",-2,76.5
"147",-3,76.5
"147",-4,76.5
"147",-5,76.5
"147",-6,76.5
"147",-7,76.5
"147",-8,76.5
"147",-9,76.5
"147",-10,76.5
"147",-11,76.5
"147",-12,76.5
"147",-13,76.5
"147",-14,76.5
"147",-15,76.5
"147",-16,76.5
"147",-17,76.5
"147",-17,75.5
"147",-17,74.5
"147",-17,73.5
"147",-17,72.5
"147",-18,72.5
"147",-18,71.5
"147",-19,71.5
"147",-19,70.5
"147",-19,69.5
"147",-19,68.5
"147",-20,68.5
"147",-21,68.5
"147",-22,68.5
"147",-23,67.5
"147",-24,66.5
"147",-25,65.5
"147",-26,64.5
"147",-26,63.5
"147",-26,62.5
"147",-26,61.5
"147",-26,60.5
"147",-26,59.5
"147",-26,58.5
"147",-26,57.5
"147",-26,56.5
"147",-25,55.5
"147",-24,54.5
"147",-23,53.5
"147",-22,52.5
"147",-21,51.5
"147",-21,50.5
"147",-21,49.5
"147",-21,48.5
"147",-21,47.5
"147",-21,46.5
"147",-21,45.5
"147",-21,44.5
"147",-21,43.5
"147",-21,42.5
"147",-21,41.5
"147",-21,40.5
"147",-21,39.5
"147",-21,38.5
"147",-21,37.5
"147",-21,36.5
"147",-21,35.5
"147",-21,34.5
"147",-21,33.5
"147",-21,32.5
"147",-21,31.5
"147",-21,30.5
"147",-21,29.5
"147",-21,28.5
"147",-21,27.5
"147",-21,26.5
"147",-21,25.5
"147",-21,24.5
"147",-21,23.5
"147",-21,22.5
"147",-21,21.5
"147",-21,20.5
"147",-21,19.5
"147",-21,18.5
"147",-21,17.5
"147",-21,16.5
"147",-21,15.5
"147",-21,14.5
"147",-21,13.5
"147",-21,12.5
"147",-21,11.5
"147",-21,10.5
"147",-21,9.5
"147",-21,8.5
"147",-21,7.5
"147",-21,6.5
"147",-21,5.5
"147",-21,4.5
"147",-21,3.5
"147",-21,2.5
"147",-21,1.5
"147",-21,0.5
"147",-21,-0.5
"147",-21,-1.5
"147",-21,-2.5
"147",-21,-3.5
"147",-21,-4.5
"147",-21,-5.5
"147",-21,-6.5
"147",-21,-7.5
"147",-21,-8.5
"147",-21,-9.5
"147",-21,-10.5
"147",-21,-11.5
"147",-21,-12.5
"147",-21,-13.5
"147",-21,-14.5
"147",-21,-15.5
"147",-21,-16.5
"147",-21,-17.5
"147",-21,-18.5
"147",-21,-19.5
"147",-21,-20.5
"147",-21,-21.5
"147",-21,-22.5
"147",-21,-23.5
"147",-21,-24.5
"147",-21,-25.5
"147",-21,-26.5
"147",-21,-27.5
"147",-21,-28.5
"147",-21,-29.5
"147",-21,-30.5
"147",-21,-31.5
"147",-21,-32.5
"147",-21,-33.5
"147",-21,-34.5
"147",-21,-35.5
"147",-21,-36.5
"147",-21,-37.5
"147",-21,-38.5
"147",-21,-39.5
"147",-21,-40.5
"147",-21,-41.5
"147",-21,-42.5
"147",-21,-43.5
"147",-21,-44.5
"147",-21,-45.5
"147",-21,-46.5
"147",-21,-47.5
"147",-21,-48.5
"147",-21,-49.5
"147",-21,-50.5
"147",-21,-51.5
"147",-21,-52.5
"147",-20,-53.5
"147",-20,-54.5
"147",-20,-55.5
"147",-20,-56.5
"147",-20,-57.5
"147",-20,-58.5
"147",-20,-59.5
"147",-20,-60.5
"147",-20,-61.5
"147",-20,-62.5
"147",-20,-63.5
"147",-20,-64.5
"147",-20,-65.5
"148",10,76.5
"148",9,75.5
"148",8,74.5
"148",7,73.5
"148",6,72.5
"148",5,71.5
"148",4,70.5
"148",3,70.5
"148",2,70.5
"148",1,70.5
"148",0,70.5
"148",-1,70.5
"148",-2,70.5
"148",-3,70.5
"148",-4,69.5
"148",-5,69.5
"148",-6,69.5
"148",-7,68.5
"148",-8,68.5
"148",-9,68.5
"148",-10,68.5
"148",-11,68.5
"148",-12,68.5
"148",-13,68.5
"148",-14,68.5
"148",-15,68.5
"148",-16,68.5
"148",-17,68.5
"148",-18,67.5
"148",-19,67.5
"148",-20,67.5
"148",-21,67.5
"148",-22,67.5
"148",-23,67.5
"148",-24,66.5
"148",-25,66.5
"148",-26,66.5
"148",-27,66.5
"148",-28,66.5
"148",-29,66.5
"148",-30,66.5
"148",-31,66.5
"148",-32,65.5
"148",-33,64.5
"148",-34,63.5
"148",-35,62.5
"148",-35,61.5
"148",-34,60.5
"148",-33,59.5
"148",-32,58.5
"148",-31,57.5
"148",-30,56.5
"148",-29,55.5
"148",-28,54.5
"148",-27,53.5
"148",-26,52.5
"148",-25,51.5
"148",-24,50.5
"148",-23,49.5
"148",-22,48.5
"148",-21,47.5
"148",-20,46.5
"148",-19,45.5
"148",-18,44.5
"148",-17,43.5
"148",-16,42.5
"148",-15,41.5
"148",-14,40.5
"148",-13,39.5
"148",-13,38.5
"148",-13,37.5
"148",-13,36.5
"148",-13,35.5
"148",-13,34.5
"148",-13,33.5
"148",-13,32.5
"148",-13,31.5
"148",-13,30.5
"148",-13,29.5
"148",-14,28.5
"148",-15,27.5
"148",-16,26.5
"148",-17,25.5
"148",-18,24.5
"148",-19,23.5
"148",-20,22.5
"148",-21,21.5
"148",-22,20.5
"148",-22,19.5
"148",-23,18.5
"148",-24,17.5
"148",-25,16.5
"148",-26,15.5
"148",-27,14.5
"148",-28,13.5
"148",-29,12.5
"148",-30,11.5
"148",-31,10.5
"148",-32,9.5
"148",-33,8.5
"148",-34,7.5
"148",-34,6.5
"148",-34,5.5
"148",-34,4.5
"148",-34,3.5
"148",-34,2.5
"148",-34,1.5
"148",-34,0.5
"148",-34,-0.5
"148",-34,-1.5
"148",-34,-2.5
"148",-34,-3.5
"148",-34,-4.5
"148",-34,-5.5
"148",-34,-6.5
"148",-34,-7.5
"148",-34,-8.5
"148",-34,-9.5
"148",-34,-10.5
"148",-35,-11.5
"148",-36,-12.5
"148",-37,-13.5
"148",-38,-14.5
"148",-38,-15.5
"148",-38,-16.5
"148",-38,-17.5
"148",-38,-18.5
"148",-39,-19.5
"148",-39,-20.5
"148",-39,-21.5
"148",-39,-22.5
"148",-40,-23.5
"148",-41,-24.5
"148",-42,-25.5
"148",-43,-26.5
"148",-44,-27.5
"148",-45,-28.5
"148",-46,-29.5
"148",-47,-30.5
"148",-48,-31.5
"148",-48,-32.5
"148",-48,-33.5
"148",-48,-34.5
"148",-48,-35.5
"148",-48,-36.5
"148",-48,-37.5
"148",-47,-38.5
"148",-46,-39.5
"148",-45,-40.5
"148",-44,-41.5
"148",-43,-42.5
"148",-42,-43.5
"148",-41,-44.5
"148",-40,-45.5
"148",-39,-46.5
"148",-38,-47.5
"148",-37,-48.5
"148",-36,-49.5
"148",-35,-50.5
"148",-34,-51.5
"148",-33,-52.5
"148",-32,-53.5
"148",-31,-54.5
"148",-30,-55.5
"148",-29,-56.5
"148",-28,-57.5
"148",-27,-58.5
"148",-26,-59.5
"148",-25,-60.5
"148",-24,-61.5
"148",-23,-62.5
"148",-22,-63.5
"148",-21,-64.5
"148",-20,-65.5
"149",10,76.5
"149",9,76.5
"149",8,75.5
"149",7,75.5
"149",6,74.5
"149",5,73.5
"149",4,73.5
"149",3,72.5
"149",2,71.5
"149",1,70.5
"149",0,69.5
"149",-1,69.5
"149",-2,69.5
"149",-3,68.5
"149",-4,68.5
"149",-5,67.5
"149",-6,67.5
"149",-7,67.5
"149",-7,66.5
"149",-7,65.5
"149",-7,64.5
"149",-7,63.5
"149",-7,62.5
"149",-8,61.5
"149",-9,60.5
"149",-10,59.5
"149",-11,58.5
"149",-12,57.5
"149",-12,56.5
"149",-12,55.5
"149",-12,54.5
"149",-12,53.5
"149",-12,52.5
"149",-12,51.5
"149",-12,50.5
"149",-11,49.5
"149",-11,48.5
"149",-11,47.5
"149",-11,46.5
"149",-11,45.5
"149",-11,44.5
"149",-11,43.5
"149",-11,42.5
"149",-11,41.5
"149",-11,40.5
"149",-11,39.5
"149",-11,38.5
"149",-11,37.5
"149",-11,36.5
"149",-11,35.5
"149",-11,34.5
"149",-11,33.5
"149",-11,32.5
"149",-12,31.5
"149",-13,30.5
"149",-13,29.5
"149",-14,28.5
"149",-15,27.5
"149",-16,26.5
"149",-17,25.5
"149",-18,24.5
"149",-19,23.5
"149",-20,22.5
"149",-21,21.5
"149",-22,20.5
"149",-23,19.5
"149",-24,18.5
"149",-25,17.5
"149",-25,16.5
"149",-26,15.5
"149",-27,14.5
"149",-28,13.5
"149",-29,12.5
"149",-30,11.5
"149",-31,10.5
"149",-31,9.5
"149",-31,8.5
"149",-31,7.5
"149",-31,6.5
"149",-31,5.5
"149",-31,4.5
"149",-31,3.5
"149",-31,2.5
"149",-31,1.5
"149",-31,0.5
"149",-31,-0.5
"149",-31,-1.5
"149",-31,-2.5
"149",-31,-3.5
"149",-31,-4.5
"149",-31,-5.5
"149",-31,-6.5
"149",-31,-7.5
"149",-31,-8.5
"149",-31,-9.5
"149",-32,-10.5
"149",-33,-11.5
"149",-34,-11.5
"149",-35,-12.5
"149",-36,-13.5
"149",-37,-14.5
"149",-37,-15.5
"149",-37,-16.5
"149",-37,-17.5
"149",-38,-18.5
"149",-39,-19.5
"149",-39,-20.5
"149",-40,-21.5
"149",-40,-22.5
"149",-40,-23.5
"149",-41,-24.5
"149",-42,-25.5
"149",-43,-26.5
"149",-44,-27.5
"149",-44,-28.5
"149",-44,-29.5
"149",-44,-30.5
"149",-44,-31.5
"149",-44,-32.5
"149",-44,-33.5
"149",-44,-34.5
"149",-44,-35.5
"149",-44,-36.5
"149",-44,-37.5
"149",-44,-38.5
"149",-44,-39.5
"149",-44,-40.5
"149",-44,-41.5
"149",-44,-42.5
"149",-44,-43.5
"149",-43,-44.5
"149",-42,-45.5
"149",-41,-46.5
"149",-40,-47.5
"149",-39,-48.5
"149",-38,-49.5
"149",-37,-50.5
"149",-36,-51.5
"149",-35,-52.5
"149",-34,-53.5
"149",-33,-54.5
"149",-32,-55.5
"149",-31,-56.5
"149",-30,-57.5
"149",-29,-58.5
"149",-28,-59.5
"149",-27,-60.5
"149",-26,-61.5
"149",-25,-61.5
"149",-24,-62.5
"149",-23,-62.5
"149",-22,-63.5
"149",-21,-64.5
"149",-20,-65.5
"150",10,76.5
"150",9,76.5
"150",8,76.5
"150",7,76.5
"150",6,75.5
"150",5,75.5
"150",4,75.5
"150",4,74.5
"150",4,73.5
"150",3,72.5
"150",2,71.5
"150",1,70.5
"150",0,69.5
"150",-1,69.5
"150",-2,69.5
"150",-3,68.5
"150",-4,68.5
"150",-5,68.5
"150",-6,68.5
"150",-7,68.5
"150",-8,67.5
"150",-9,67.5
"150",-10,67.5
"150",-11,66.5
"150",-11,65.5
"150",-11,64.5
"150",-11,63.5
"150",-11,62.5
"150",-11,61.5
"150",-11,60.5
"150",-11,59.5
"150",-11,58.5
"150",-12,57.5
"150",-12,56.5
"150",-12,55.5
"150",-12,54.5
"150",-12,53.5
"150",-12,52.5
"150",-12,51.5
"150",-12,50.5
"150",-11,49.5
"150",-11,48.5
"150",-11,47.5
"150",-11,46.5
"150",-11,45.5
"150",-11,44.5
"150",-11,43.5
"150",-11,42.5
"150",-11,41.5
"150",-11,40.5
"150",-11,39.5
"150",-11,38.5
"150",-11,37.5
"150",-11,36.5
"150",-11,35.5
"150",-11,34.5
"150",-11,33.5
"150",-11,32.5
"150",-12,31.5
"150",-13,30.5
"150",-14,29.5
"150",-14,28.5
"150",-15,27.5
"150",-16,26.5
"150",-17,25.5
"150",-18,24.5
"150",-19,23.5
"150",-20,22.5
"150",-21,21.5
"150",-22,20.5
"150",-23,19.5
"150",-24,18.5
"150",-25,17.5
"150",-25,16.5
"150",-26,15.5
"150",-27,14.5
"150",-28,13.5
"150",-29,12.5
"150",-30,11.5
"150",-31,10.5
"150",-31,9.5
"150",-31,8.5
"150",-31,7.5
"150",-31,6.5
"150",-31,5.5
"150",-31,4.5
"150",-31,3.5
"150",-31,2.5
"150",-31,1.5
"150",-31,0.5
"150",-31,-0.5
"150",-31,-1.5
"150",-31,-2.5
"150",-31,-3.5
"150",-31,-4.5
"150",-31,-5.5
"150",-31,-6.5
"150",-31,-7.5
"150",-31,-8.5
"150",-31,-9.5
"150",-32,-10.5
"150",-33,-11.5
"150",-34,-11.5
"150",-35,-12.5
"150",-36,-13.5
"150",-37,-14.5
"150",-37,-15.5
"150",-37,-16.5
"150",-37,-17.5
"150",-37,-18.5
"150",-37,-19.5
"150",-37,-20.5
"150",-37,-21.5
"150",-37,-22.5
"150",-37,-23.5
"150",-37,-24.5
"150",-37,-25.5
"150",-37,-26.5
"150",-37,-27.5
"150",-37,-28.5
"150",-36,-29.5
"150",-36,-30.5
"150",-36,-31.5
"150",-35,-32.5
"150",-35,-33.5
"150",-35,-34.5
"150",-35,-35.5
"150",-35,-36.5
"150",-35,-37.5
"150",-35,-38.5
"150",-35,-39.5
"150",-35,-40.5
"150",-35,-41.5
"150",-35,-42.5
"150",-35,-43.5
"150",-35,-44.5
"150",-35,-45.5
"150",-35,-46.5
"150",-35,-47.5
"150",-34,-48.5
"150",-34,-49.5
"150",-34,-50.5
"150",-33,-51.5
"150",-32,-52.5
"150",-31,-53.5
"150",-30,-54.5
"150",-29,-55.5
"150",-28,-56.5
"150",-27,-56.5
"150",-26,-57.5
"150",-25,-57.5
"150",-25,-58.5
"150",-25,-59.5
"150",-24,-60.5
"150",-23,-60.5
"150",-22,-61.5
"150",-21,-61.5
"150",-20,-61.5
"150",-19,-62.5
"150",-19,-63.5
"150",-19,-64.5
"150",-20,-65.5
"151",10,76.5
"151",9,76.5
"151",8,76.5
"151",7,76.5
"151",6,76.5
"151",5,76.5
"151",4,76.5
"151",3,76.5
"151",2,76.5
"151",1,76.5
"151",0,76.5
"151",-1,76.5
"151",-2,76.5
"151",-3,76.5
"151",-4,76.5
"151",-5,76.5
"151",-6,76.5
"151",-7,76.5
"151",-8,76.5
"151",-9,76.5
"151",-10,76.5
"151",-11,76.5
"151",-12,76.5
"151",-13,76.5
"151",-13,75.5
"151",-13,74.5
"151",-13,73.5
"151",-13,72.5
"151",-14,72.5
"151",-15,71.5
"151",-16,71.5
"151",-17,71.5
"151",-18,71.5
"151",-19,71.5
"151",-20,71.5
"151",-20,70.5
"151",-20,69.5
"151",-20,68.5
"151",-21,68.5
"151",-22,67.5
"151",-23,67.5
"151",-24,66.5
"151",-25,66.5
"151",-26,66.5
"151",-27,66.5
"151",-27,65.5
"151",-27,64.5
"151",-27,63.5
"151",-27,62.5
"151",-27,61.5
"151",-27,60.5
"151",-27,59.5
"151",-27,58.5
"151",-27,57.5
"151",-27,56.5
"151",-27,55.5
"151",-27,54.5
"151",-27,53.5
"151",-27,52.5
"151",-27,51.5
"151",-27,50.5
"151",-26,49.5
"151",-25,48.5
"151",-24,48.5
"151",-23,47.5
"151",-22,47.5
"151",-22,46.5
"151",-22,45.5
"151",-22,44.5
"151",-22,43.5
"151",-22,42.5
"151",-21,41.5
"151",-20,41.5
"151",-19,40.5
"151",-18,40.5
"151",-18,39.5
"151",-18,38.5
"151",-18,37.5
"151",-18,36.5
"151",-18,35.5
"151",-18,34.5
"151",-18,33.5
"151",-18,32.5
"151",-18,31.5
"151",-18,30.5
"151",-18,29.5
"151",-18,28.5
"151",-18,27.5
"151",-18,26.5
"151",-18,25.5
"151",-18,24.5
"151",-18,23.5
"151",-18,22.5
"151",-18,21.5
"151",-18,20.5
"151",-18,19.5
"151",-18,18.5
"151",-18,17.5
"151",-18,16.5
"151",-18,15.5
"151",-18,14.5
"151",-18,13.5
"151",-18,12.5
"151",-18,11.5
"151",-18,10.5
"151",-18,9.5
"151",-18,8.5
"151",-18,7.5
"151",-18,6.5
"151",-18,5.5
"151",-18,4.5
"151",-18,3.5
"151",-18,2.5
"151",-19,2.5
"151",-20,1.5
"151",-21,1.5
"151",-22,0.5
"151",-22,-0.5
"151",-22,-1.5
"151",-23,-2.5
"151",-23,-3.5
"151",-23,-4.5
"151",-23,-5.5
"151",-23,-6.5
"151",-23,-7.5
"151",-23,-8.5
"151",-23,-9.5
"151",-23,-10.5
"151",-23,-11.5
"151",-23,-12.5
"151",-24,-13.5
"151",-25,-13.5
"151",-26,-13.5
"151",-27,-14.5
"151",-27,-15.5
"151",-27,-16.5
"151",-27,-17.5
"151",-27,-18.5
"151",-27,-19.5
"151",-27,-20.5
"151",-27,-21.5
"151",-27,-22.5
"151",-27,-23.5
"151",-27,-24.5
"151",-27,-25.5
"151",-27,-26.5
"151",-27,-27.5
"151",-27,-28.5
"151",-27,-29.5
"151",-27,-30.5
"151",-27,-31.5
"151",-27,-32.5
"151",-27,-33.5
"151",-27,-34.5
"151",-27,-35.5
"151",-27,-36.5
"151",-27,-37.5
"151",-27,-38.5
"151",-27,-39.5
"151",-27,-40.5
"151",-27,-41.5
"151",-27,-42.5
"151",-27,-43.5
"151",-27,-44.5
"151",-27,-45.5
"151",-27,-46.5
"151",-27,-47.5
"151",-27,-48.5
"151",-27,-49.5
"151",-27,-50.5
"151",-27,-51.5
"151",-27,-52.5
"151",-27,-53.5
"151",-26,-54.5
"151",-25,-54.5
"151",-25,-55.5
"151",-25,-56.5
"151",-25,-57.5
"151",-25,-58.5
"151",-25,-59.5
"151",-25,-60.5
"151",-25,-61.5
"151",-25,-62.5
"151",-24,-63.5
"151",-23,-63.5
"151",-23,-64.5
"151",-22,-65.5
"151",-21,-65.5
"151",-20,-65.5
"152",10,76.5
"152",9,76.5
"152",8,76.5
"152",7,76.5
"152",6,76.5
"152",5,76.5
"152",4,76.5
"152",3,76.5
"152",2,76.5
"152",1,76.5
"152",0,76.5
"152",-1,76.5
"152",-2,76.5
"152",-3,76.5
"152",-4,76.5
"152",-5,76.5
"152",-6,76.5
"152",-7,76.5
"152",-8,76.5
"152",-9,76.5
"152",-10,76.5
"152",-11,76.5
"152",-12,76.5
"152",-13,76.5
"152",-13,75.5
"152",-13,74.5
"152",-13,73.5
"152",-13,72.5
"152",-14,72.5
"152",-15,71.5
"152",-16,71.5
"152",-17,71.5
"152",-18,71.5
"152",-19,71.5
"152",-20,71.5
"152",-20,70.5
"152",-20,69.5
"152",-20,68.5
"152",-21,68.5
"152",-22,67.5
"152",-23,67.5
"152",-24,66.5
"152",-25,66.5
"152",-26,66.5
"152",-27,66.5
"152",-27,65.5
"152",-27,64.5
"152",-27,63.5
"152",-27,62.5
"152",-27,61.5
"152",-27,60.5
"152",-27,59.5
"152",-27,58.5
"152",-27,57.5
"152",-27,56.5
"152",-27,55.5
"152",-27,54.5
"152",-27,53.5
"152",-27,52.5
"152",-27,51.5
"152",-27,50.5
"152",-26,49.5
"152",-25,48.5
"152",-24,48.5
"152",-23,47.5
"152",-22,47.5
"152",-22,46.5
"152",-22,45.5
"152",-22,44.5
"152",-22,43.5
"152",-22,42.5
"152",-21,41.5
"152",-20,41.5
"152",-19,40.5
"152",-18,40.5
"152",-18,39.5
"152",-18,38.5
"152",-18,37.5
"152",-18,36.5
"152",-18,35.5
"152",-18,34.5
"152",-18,33.5
"152",-18,32.5
"152",-18,31.5
"152",-18,30.5
"152",-18,29.5
"152",-18,28.5
"152",-18,27.5
"152",-18,26.5
"152",-18,25.5
"152",-18,24.5
"152",-18,23.5
"152",-18,22.5
"152",-18,21.5
"152",-18,20.5
"152",-18,19.5
"152",-18,18.5
"152",-18,17.5
"152",-18,16.5
"152",-18,15.5
"152",-18,14.5
"152",-18,13.5
"152",-18,12.5
"152",-18,11.5
"152",-18,10.5
"152",-18,9.5
"152",-18,8.5
"152",-18,7.5
"152",-18,6.5
"152",-18,5.5
"152",-18,4.5
"152",-18,3.5
"152",-18,2.5
"152",-19,2.5
"152",-20,1.5
"152",-21,1.5
"152",-22,0.5
"152",-22,-0.5
"152",-22,-1.5
"152",-23,-2.5
"152",-23,-3.5
"152",-23,-4.5
"152",-23,-5.5
"152",-23,-6.5
"152",-23,-7.5
"152",-23,-8.5
"152",-23,-9.5
"152",-23,-10.5
"152",-23,-11.5
"152",-23,-12.5
"152",-24,-13.5
"152",-25,-13.5
"152",-26,-13.5
"152",-27,-14.5
"152",-28,-14.5
"152",-29,-15.5
"152",-29,-16.5
"152",-29,-17.5
"152",-29,-18.5
"152",-29,-19.5
"152",-29,-20.5
"152",-29,-21.5
"152",-29,-22.5
"152",-29,-23.5
"152",-29,-24.5
"152",-29,-25.5
"152",-29,-26.5
"152",-28,-27.5
"152",-27,-27.5
"152",-27,-28.5
"152",-27,-29.5
"152",-27,-30.5
"152",-27,-31.5
"152",-27,-32.5
"152",-27,-33.5
"152",-27,-34.5
"152",-27,-35.5
"152",-27,-36.5
"152",-27,-37.5
"152",-27,-38.5
"152",-27,-39.5
"152",-27,-40.5
"152",-27,-41.5
"152",-27,-42.5
"152",-27,-43.5
"152",-27,-44.5
"152",-27,-45.5
"152",-27,-46.5
"152",-27,-47.5
"152",-27,-48.5
"152",-27,-49.5
"152",-27,-50.5
"152",-27,-51.5
"152",-27,-52.5
"152",-27,-53.5
"152",-26,-54.5
"152",-25,-54.5
"152",-25,-55.5
"152",-25,-56.5
"152",-25,-57.5
"152",-25,-58.5
"152",-25,-59.5
"152",-25,-60.5
"152",-25,-61.5
"152",-25,-62.5
"152",-24,-63.5
"152",-23,-63.5
"152",-23,-64.5
"152",-22,-65.5
"152",-21,-65.5
"152",-20,-65.5
"153",10,76.5
"153",9,76.5
"153",8,76.5
"153",7,76.5
"153",6,76.5
"153",5,76.5
"153",4,76.5
"153",3,76.5
"153",2,76.5
"153",1,76.5
"153",0,76.5
"153",-1,76.5
"153",-2,76.5
"153",-3,76.5
"153",-4,76.5
"153",-5,76.5
"153",-6,76.5
"153",-7,76.5
"153",-8,76.5
"153",-9,76.5
"153",-10,76.5
"153",-11,76.5
"153",-12,76.5
"153",-13,76.5
"153",-13,75.5
"153",-13,74.5
"153",-13,73.5
"153",-13,72.5
"153",-14,72.5
"153",-15,71.5
"153",-16,71.5
"153",-17,71.5
"153",-18,71.5
"153",-19,71.5
"153",-20,71.5
"153",-20,70.5
"153",-20,69.5
"153",-20,68.5
"153",-21,68.5
"153",-22,67.5
"153",-23,67.5
"153",-24,66.5
"153",-25,66.5
"153",-26,66.5
"153",-27,66.5
"153",-27,65.5
"153",-27,64.5
"153",-27,63.5
"153",-27,62.5
"153",-27,61.5
"153",-27,60.5
"153",-27,59.5
"153",-27,58.5
"153",-27,57.5
"153",-27,56.5
"153",-27,55.5
"153",-27,54.5
"153",-27,53.5
"153",-27,52.5
"153",-27,51.5
"153",-27,50.5
"153",-26,49.5
"153",-25,48.5
"153",-24,48.5
"153",-23,47.5
"153",-22,47.5
"153",-22,46.5
"153",-22,45.5
"153",-22,44.5
"153",-22,43.5
"153",-22,42.5
"153",-21,41.5
"153",-20,41.5
"153",-19,40.5
"153",-18,40.5
"153",-18,39.5
"153",-18,38.5
"153",-18,37.5
"153",-18,36.5
"153",-18,35.5
"153",-18,34.5
"153",-18,33.5
"153",-18,32.5
"153",-18,31.5
"153",-18,30.5
"153",-18,29.5
"153",-18,28.5
"153",-18,27.5
"153",-18,26.5
"153",-18,25.5
"153",-18,24.5
"153",-18,23.5
"153",-18,22.5
"153",-18,21.5
"153",-18,20.5
"153",-18,19.5
"153",-18,18.5
"153",-18,17.5
"153",-18,16.5
"153",-18,15.5
"153",-18,14.5
"153",-18,13.5
"153",-18,12.5
"153",-18,11.5
"153",-18,10.5
"153",-18,9.5
"153",-18,8.5
"153",-18,7.5
"153",-18,6.5
"153",-18,5.5
"153",-18,4.5
"153",-18,3.5
"153",-18,2.5
"153",-19,2.5
"153",-20,1.5
"153",-21,1.5
"153",-22,0.5
"153",-22,-0.5
"153",-22,-1.5
"153",-23,-2.5
"153",-23,-3.5
"153",-23,-4.5
"153",-23,-5.5
"153",-23,-6.5
"153",-23,-7.5
"153",-23,-8.5
"153",-23,-9.5
"153",-23,-10.5
"153",-23,-11.5
"153",-23,-12.5
"153",-24,-13.5
"153",-25,-13.5
"153",-26,-13.5
"153",-27,-14.5
"153",-28,-14.5
"153",-29,-15.5
"153",-29,-16.5
"153",-29,-17.5
"153",-29,-18.5
"153",-29,-19.5
"153",-29,-20.5
"153",-29,-21.5
"153",-29,-22.5
"153",-29,-23.5
"153",-29,-24.5
"153",-29,-25.5
"153",-29,-26.5
"153",-28,-27.5
"153",-27,-27.5
"153",-27,-28.5
"153",-27,-29.5
"153",-27,-30.5
"153",-27,-31.5
"153",-27,-32.5
"153",-27,-33.5
"153",-27,-34.5
"153",-27,-35.5
"153",-27,-36.5
"153",-27,-37.5
"153",-27,-38.5
"153",-27,-39.5
"153",-27,-40.5
"153",-27,-41.5
"153",-27,-42.5
"153",-27,-43.5
"153",-27,-44.5
"153",-27,-45.5
"153",-27,-46.5
"153",-27,-47.5
"153",-27,-48.5
"153",-27,-49.5
"153",-27,-50.5
"153",-27,-51.5
"153",-27,-52.5
"153",-27,-53.5
"153",-26,-54.5
"153",-25,-54.5
"153",-25,-55.5
"153",-25,-56.5
"153",-25,-57.5
"153",-25,-58.5
"153",-25,-59.5
"153",-25,-60.5
"153",-25,-61.5
"153",-25,-62.5
"153",-25,-63.5
"153",-24,-64.5
"153",-23,-64.5
"153",-22,-65.5
"153",-21,-65.5
"153",-20,-65.5
"154",10,76.5
"154",9,76.5
"154",8,76.5
"154",7,76.5
"154",6,76.5
"154",5,76.5
"154",4,76.5
"154",3,76.5
"154",2,76.5
"154",1,76.5
"154",0,76.5
"154",-1,76.5
"154",-2,76.5
"154",-3,76.5
"154",-4,76.5
"154",-5,76.5
"154",-6,76.5
"154",-7,76.5
"154",-8,76.5
"154",-9,76.5
"154",-10,76.5
"154",-11,76.5
"154",-12,76.5
"154",-13,76.5
"154",-14,76.5
"154",-15,76.5
"154",-16,76.5
"154",-17,76.5
"154",-17,75.5
"154",-17,74.5
"154",-17,73.5
"154",-17,72.5
"154",-18,72.5
"154",-19,72.5
"154",-19,71.5
"154",-19,70.5
"154",-19,69.5
"154",-19,68.5
"154",-20,67.5
"154",-21,67.5
"154",-22,67.5
"154",-23,67.5
"154",-24,66.5
"154",-25,66.5
"154",-26,66.5
"154",-27,66.5
"154",-28,65.5
"154",-29,65.5
"154",-30,65.5
"154",-31,64.5
"154",-32,63.5
"154",-33,62.5
"154",-33,61.5
"154",-32,60.5
"154",-32,59.5
"154",-31,58.5
"154",-30,57.5
"154",-29,56.5
"154",-28,55.5
"154",-27,54.5
"154",-26,53.5
"154",-25,52.5
"154",-24,51.5
"154",-23,50.5
"154",-22,49.5
"154",-21,48.5
"154",-20,47.5
"154",-19,46.5
"154",-18,45.5
"154",-17,44.5
"154",-16,43.5
"154",-15,42.5
"154",-14,41.5
"154",-13,40.5
"154",-13,39.5
"154",-13,38.5
"154",-13,37.5
"154",-13,36.5
"154",-13,35.5
"154",-13,34.5
"154",-13,33.5
"154",-13,32.5
"154",-13,31.5
"154",-13,30.5
"154",-13,29.5
"154",-14,28.5
"154",-15,27.5
"154",-16,26.5
"154",-17,25.5
"154",-18,24.5
"154",-19,23.5
"154",-20,22.5
"154",-21,21.5
"154",-22,20.5
"154",-22,19.5
"154",-23,18.5
"154",-24,17.5
"154",-25,16.5
"154",-26,15.5
"154",-27,14.5
"154",-28,13.5
"154",-29,12.5
"154",-30,11.5
"154",-31,10.5
"154",-32,9.5
"154",-33,8.5
"154",-34,7.5
"154",-34,6.5
"154",-34,5.5
"154",-34,4.5
"154",-34,3.5
"154",-34,2.5
"154",-34,1.5
"154",-34,0.5
"154",-34,-0.5
"154",-34,-1.5
"154",-34,-2.5
"154",-34,-3.5
"154",-34,-4.5
"154",-34,-5.5
"154",-34,-6.5
"154",-34,-7.5
"154",-34,-8.5
"154",-34,-9.5
"154",-34,-10.5
"154",-35,-11.5
"154",-36,-12.5
"154",-37,-13.5
"154",-38,-14.5
"154",-38,-15.5
"154",-38,-16.5
"154",-38,-17.5
"154",-38,-18.5
"154",-39,-19.5
"154",-39,-20.5
"154",-39,-21.5
"154",-39,-22.5
"154",-40,-23.5
"154",-41,-24.5
"154",-42,-25.5
"154",-43,-26.5
"154",-44,-27.5
"154",-45,-28.5
"154",-46,-29.5
"154",-47,-30.5
"154",-47,-31.5
"154",-47,-32.5
"154",-47,-33.5
"154",-47,-34.5
"154",-47,-35.5
"154",-47,-36.5
"154",-47,-37.5
"154",-47,-38.5
"154",-46,-39.5
"154",-45,-40.5
"154",-44,-41.5
"154",-43,-42.5
"154",-42,-43.5
"154",-41,-44.5
"154",-40,-45.5
"154",-39,-46.5
"154",-38,-47.5
"154",-37,-48.5
"154",-36,-49.5
"154",-35,-50.5
"154",-34,-51.5
"154",-33,-52.5
"154",-32,-53.5
"154",-31,-54.5
"154",-30,-55.5
"154",-29,-56.5
"154",-28,-57.5
"154",-27,-58.5
"154",-26,-59.5
"154",-25,-60.5
"154",-24,-61.5
"154",-23,-62.5
"154",-22,-63.5
"154",-21,-64.5
"154",-20,-65.5
"155",10,76.5
"155",9,76.5
"155",8,76.5
"155",7,76.5
"155",6,75.5
"155",5,75.5
"155",4,75.5
"155",3,74.5
"155",3,73.5
"155",2,72.5
"155",1,71.5
"155",0,70.5
"155",-1,70.5
"155",-2,69.5
"155",-3,68.5
"155",-4,68.5
"155",-5,68.5
"155",-6,68.5
"155",-7,68.5
"155",-8,67.5
"155",-9,66.5
"155",-10,66.5
"155",-11,65.5
"155",-11,64.5
"155",-11,63.5
"155",-11,62.5
"155",-11,61.5
"155",-11,60.5
"155",-11,59.5
"155",-11,58.5
"155",-11,57.5
"155",-11,56.5
"155",-11,55.5
"155",-11,54.5
"155",-11,53.5
"155",-11,52.5
"155",-11,51.5
"155",-11,50.5
"155",-11,49.5
"155",-11,48.5
"155",-11,47.5
"155",-11,46.5
"155",-11,45.5
"155",-11,44.5
"155",-11,43.5
"155",-11,42.5
"155",-11,41.5
"155",-11,40.5
"155",-11,39.5
"155",-11,38.5
"155",-11,37.5
"155",-11,36.5
"155",-11,35.5
"155",-11,34.5
"155",-11,33.5
"155",-11,32.5
"155",-12,31.5
"155",-13,30.5
"155",-13,29.5
"155",-14,28.5
"155",-15,27.5
"155",-16,26.5
"155",-17,25.5
"155",-18,24.5
"155",-19,23.5
"155",-20,22.5
"155",-21,21.5
"155",-22,20.5
"155",-23,19.5
"155",-24,18.5
"155",-25,17.5
"155",-25,16.5
"155",-26,15.5
"155",-27,14.5
"155",-28,13.5
"155",-29,12.5
"155",-30,11.5
"155",-31,10.5
"155",-31,9.5
"155",-31,8.5
"155",-31,7.5
"155",-31,6.5
"155",-31,5.5
"155",-31,4.5
"155",-31,3.5
"155",-31,2.5
"155",-31,1.5
"155",-31,0.5
"155",-31,-0.5
"155",-31,-1.5
"155",-31,-2.5
"155",-31,-3.5
"155",-31,-4.5
"155",-31,-5.5
"155",-31,-6.5
"155",-31,-7.5
"155",-31,-8.5
"155",-31,-9.5
"155",-32,-10.5
"155",-33,-11.5
"155",-34,-11.5
"155",-35,-12.5
"155",-36,-13.5
"155",-37,-14.5
"155",-37,-15.5
"155",-37,-16.5
"155",-37,-17.5
"155",-37,-18.5
"155",-37,-19.5
"155",-37,-20.5
"155",-37,-21.5
"155",-37,-22.5
"155",-37,-23.5
"155",-37,-24.5
"155",-37,-25.5
"155",-37,-26.5
"155",-37,-27.5
"155",-37,-28.5
"155",-37,-29.5
"155",-37,-30.5
"155",-37,-31.5
"155",-37,-32.5
"155",-37,-33.5
"155",-37,-34.5
"155",-37,-35.5
"155",-37,-36.5
"155",-37,-37.5
"155",-36,-38.5
"155",-35,-39.5
"155",-35,-40.5
"155",-35,-41.5
"155",-35,-42.5
"155",-35,-43.5
"155",-35,-44.5
"155",-35,-45.5
"155",-35,-46.5
"155",-35,-47.5
"155",-34,-48.5
"155",-34,-49.5
"155",-34,-50.5
"155",-33,-51.5
"155",-32,-52.5
"155",-31,-53.5
"155",-30,-54.5
"155",-29,-55.5
"155",-28,-56.5
"155",-27,-57.5
"155",-26,-58.5
"155",-25,-59.5
"155",-24,-60.5
"155",-23,-61.5
"155",-23,-62.5
"155",-22,-63.5
"155",-21,-64.5
"155",-20,-65.5
"156",10,76.5
"156",9,76.5
"156",8,76.5
"156",7,76.5
"156",6,76.5
"156",5,76.5
"156",4,76.5
"156",3,76.5
"156",2,76.5
"156",1,76.5
"156",0,76.5
"156",-1,76.5
"156",-2,76.5
"156",-3,76.5
"156",-4,76.5
"156",-5,76.5
"156",-6,76.5
"156",-7,76.5
"156",-8,76.5
"156",-9,76.5
"156",-10,76.5
"156",-11,76.5
"156",-12,76.5
"156",-13,76.5
"156",-13,75.5
"156",-13,74.5
"156",-13,73.5
"156",-13,72.5
"156",-14,72.5
"156",-15,71.5
"156",-16,71.5
"156",-17,71.5
"156",-18,71.5
"156",-19,71.5
"156",-20,71.5
"156",-20,70.5
"156",-20,69.5
"156",-20,68.5
"156",-21,68.5
"156",-22,67.5
"156",-23,67.5
"156",-24,66.5
"156",-25,66.5
"156",-26,66.5
"156",-27,65.5
"156",-27,64.5
"156",-27,63.5
"156",-27,62.5
"156",-27,61.5
"156",-27,60.5
"156",-27,59.5
"156",-27,58.5
"156",-27,57.5
"156",-27,56.5
"156",-27,55.5
"156",-27,54.5
"156",-27,53.5
"156",-27,52.5
"156",-27,51.5
"156",-26,50.5
"156",-25,49.5
"156",-24,48.5
"156",-23,47.5
"156",-22,47.5
"156",-21,46.5
"156",-20,45.5
"156",-20,44.5
"156",-19,43.5
"156",-18,43.5
"156",-18,42.5
"156",-18,41.5
"156",-18,40.5
"156",-18,39.5
"156",-18,38.5
"156",-18,37.5
"156",-18,36.5
"156",-18,35.5
"156",-18,34.5
"156",-18,33.5
"156",-18,32.5
"156",-18,31.5
"156",-18,30.5
"156",-18,29.5
"156",-18,28.5
"156",-18,27.5
"156",-18,26.5
"156",-18,25.5
"156",-18,24.5
"156",-18,23.5
"156",-18,22.5
"156",-18,21.5
"156",-18,20.5
"156",-18,19.5
"156",-18,18.5
"156",-18,17.5
"156",-18,16.5
"156",-18,15.5
"156",-18,14.5
"156",-18,13.5
"156",-18,12.5
"156",-18,11.5
"156",-18,10.5
"156",-18,9.5
"156",-18,8.5
"156",-18,7.5
"156",-18,6.5
"156",-18,5.5
"156",-18,4.5
"156",-18,3.5
"156",-18,2.5
"156",-18,1.5
"156",-18,0.5
"156",-18,-0.5
"156",-18,-1.5
"156",-18,-2.5
"156",-18,-3.5
"156",-18,-4.5
"156",-18,-5.5
"156",-18,-6.5
"156",-18,-7.5
"156",-18,-8.5
"156",-18,-9.5
"156",-19,-9.5
"156",-20,-10.5
"156",-20,-11.5
"156",-20,-12.5
"156",-21,-13.5
"156",-22,-14.5
"156",-23,-15.5
"156",-24,-16.5
"156",-25,-16.5
"156",-26,-16.5
"156",-27,-17.5
"156",-27,-18.5
"156",-27,-19.5
"156",-27,-20.5
"156",-27,-21.5
"156",-27,-22.5
"156",-27,-23.5
"156",-27,-24.5
"156",-27,-25.5
"156",-27,-26.5
"156",-27,-27.5
"156",-27,-28.5
"156",-27,-29.5
"156",-27,-30.5
"156",-27,-31.5
"156",-27,-32.5
"156",-27,-33.5
"156",-27,-34.5
"156",-27,-35.5
"156",-27,-36.5
"156",-27,-37.5
"156",-27,-38.5
"156",-27,-39.5
"156",-27,-40.5
"156",-27,-41.5
"156",-27,-42.5
"156",-27,-43.5
"156",-27,-44.5
"156",-27,-45.5
"156",-27,-46.5
"156",-27,-47.5
"156",-27,-48.5
"156",-27,-49.5
"156",-27,-50.5
"156",-27,-51.5
"156",-27,-52.5
"156",-27,-53.5
"156",-26,-54.5
"156",-25,-55.5
"156",-25,-56.5
"156",-25,-57.5
"156",-25,-58.5
"156",-25,-59.5
"156",-25,-60.5
"156",-25,-61.5
"156",-25,-62.5
"156",-24,-63.5
"156",-23,-63.5
"156",-22,-64.5
"156",-21,-64.5
"156",-20,-65.5
"157",10,76.5
"157",9,76.5
"157",8,76.5
"157",7,76.5
"157",6,76.5
"157",5,76.5
"157",4,76.5
"157",3,76.5
"157",2,76.5
"157",1,76.5
"157",0,76.5
"157",-1,76.5
"157",-2,76.5
"157",-3,76.5
"157",-4,76.5
"157",-5,76.5
"157",-6,76.5
"157",-7,76.5
"157",-8,76.5
"157",-9,76.5
"157",-10,76.5
"157",-11,76.5
"157",-12,76.5
"157",-13,76.5
"157",-13,75.5
"157",-13,74.5
"157",-13,73.5
"157",-13,72.5
"157",-14,72.5
"157",-15,71.5
"157",-16,71.5
"157",-17,71.5
"157",-18,71.5
"157",-19,71.5
"157",-20,71.5
"157",-20,70.5
"157",-20,69.5
"157",-20,68.5
"157",-21,68.5
"157",-22,67.5
"157",-23,67.5
"157",-24,66.5
"157",-25,66.5
"157",-26,66.5
"157",-27,66.5
"157",-27,65.5
"157",-27,64.5
"157",-27,63.5
"157",-27,62.5
"157",-27,61.5
"157",-27,60.5
"157",-27,59.5
"157",-27,58.5
"157",-27,57.5
"157",-27,56.5
"157",-27,55.5
"157",-27,54.5
"157",-27,53.5
"157",-27,52.5
"157",-27,51.5
"157",-26,50.5
"157",-25,49.5
"157",-24,48.5
"157",-23,47.5
"157",-22,47.5
"157",-22,46.5
"157",-22,45.5
"157",-22,44.5
"157",-22,43.5
"157",-22,42.5
"157",-21,41.5
"157",-20,41.5
"157",-19,40.5
"157",-18,40.5
"157",-18,39.5
"157",-18,38.5
"157",-18,37.5
"157",-18,36.5
"157",-18,35.5
"157",-18,34.5
"157",-18,33.5
"157",-18,32.5
"157",-18,31.5
"157",-18,30.5
"157",-18,29.5
"157",-18,28.5
"157",-18,27.5
"157",-18,26.5
"157",-18,25.5
"157",-18,24.5
"157",-18,23.5
"157",-18,22.5
"157",-18,21.5
"157",-18,20.5
"157",-18,19.5
"157",-18,18.5
"157",-18,17.5
"157",-18,16.5
"157",-18,15.5
"157",-18,14.5
"157",-18,13.5
"157",-18,12.5
"157",-18,11.5
"157",-18,10.5
"157",-18,9.5
"157",-18,8.5
"157",-18,7.5
"157",-18,6.5
"157",-18,5.5
"157",-18,4.5
"157",-18,3.5
"157",-18,2.5
"157",-19,2.5
"157",-20,1.5
"157",-21,1.5
"157",-22,0.5
"157",-22,-0.5
"157",-22,-1.5
"157",-23,-2.5
"157",-23,-3.5
"157",-23,-4.5
"157",-23,-5.5
"157",-23,-6.5
"157",-23,-7.5
"157",-23,-8.5
"157",-23,-9.5
"157",-23,-10.5
"157",-23,-11.5
"157",-23,-12.5
"157",-24,-13.5
"157",-25,-13.5
"157",-26,-13.5
"157",-27,-14.5
"157",-27,-15.5
"157",-27,-16.5
"157",-27,-17.5
"157",-27,-18.5
"157",-27,-19.5
"157",-27,-20.5
"157",-27,-21.5
"157",-27,-22.5
"157",-27,-23.5
"157",-27,-24.5
"157",-27,-25.5
"157",-27,-26.5
"157",-27,-27.5
"157",-27,-28.5
"157",-27,-29.5
"157",-27,-30.5
"157",-27,-31.5
"157",-27,-32.5
"157",-27,-33.5
"157",-27,-34.5
"157",-27,-35.5
"157",-27,-36.5
"157",-27,-37.5
"157",-27,-38.5
"157",-27,-39.5
"157",-27,-40.5
"157",-27,-41.5
"157",-27,-42.5
"157",-27,-43.5
"157",-27,-44.5
"157",-27,-45.5
"157",-27,-46.5
"157",-27,-47.5
"157",-27,-48.5
"157",-27,-49.5
"157",-27,-50.5
"157",-27,-51.5
"157",-27,-52.5
"157",-27,-53.5
"157",-26,-54.5
"157",-25,-54.5
"157",-25,-55.5
"157",-25,-56.5
"157",-25,-57.5
"157",-25,-58.5
"157",-25,-59.5
"157",-25,-60.5
"157",-25,-61.5
"157",-25,-62.5
"157",-24,-63.5
"157",-23,-63.5
"157",-23,-64.5
"157",-22,-65.5
"157",-21,-65.5
"157",-20,-65.5
"158",10,76.5
"158",9,76.5
"158",8,76.5
"158",7,76.5
"158",6,76.5
"158",5,76.5
"158",4,76.5
"158",3,76.5
"158",2,76.5
"158",1,76.5
"158",0,76.5
"158",-1,76.5
"158",-2,76.5
"158",-3,76.5
"158",-4,76.5
"158",-5,76.5
"158",-6,76.5
"158",-7,76.5
"158",-8,76.5
"158",-9,76.5
"158",-10,76.5
"158",-11,76.5
"158",-12,76.5
"158",-13,76.5
"158",-13,75.5
"158",-13,74.5
"158",-13,73.5
"158",-13,72.5
"158",-14,72.5
"158",-15,71.5
"158",-16,71.5
"158",-17,71.5
"158",-18,71.5
"158",-19,71.5
"158",-20,71.5
"158",-20,70.5
"158",-20,69.5
"158",-20,68.5
"158",-21,68.5
"158",-22,67.5
"158",-23,67.5
"158",-24,66.5
"158",-25,66.5
"158",-26,66.5
"158",-27,66.5
"158",-27,65.5
"158",-27,64.5
"158",-27,63.5
"158",-27,62.5
"158",-27,61.5
"158",-27,60.5
"158",-27,59.5
"158",-27,58.5
"158",-27,57.5
"158",-27,56.5
"158",-27,55.5
"158",-27,54.5
"158",-27,53.5
"158",-27,52.5
"158",-27,51.5
"158",-27,50.5
"158",-26,49.5
"158",-25,48.5
"158",-24,48.5
"158",-23,47.5
"158",-22,47.5
"158",-22,46.5
"158",-22,45.5
"158",-22,44.5
"158",-22,43.5
"158",-22,42.5
"158",-21,41.5
"158",-20,41.5
"158",-19,40.5
"158",-18,40.5
"158",-18,39.5
"158",-18,38.5
"158",-18,37.5
"158",-18,36.5
"158",-18,35.5
"158",-18,34.5
"158",-18,33.5
"158",-18,32.5
"158",-18,31.5
"158",-18,30.5
"158",-18,29.5
"158",-18,28.5
"158",-18,27.5
"158",-18,26.5
"158",-18,25.5
"158",-18,24.5
"158",-18,23.5
"158",-18,22.5
"158",-18,21.5
"158",-18,20.5
"158",-18,19.5
"158",-18,18.5
"158",-18,17.5
"158",-18,16.5
"158",-18,15.5
"158",-18,14.5
"158",-18,13.5
"158",-18,12.5
"158",-18,11.5
"158",-18,10.5
"158",-18,9.5
"158",-18,8.5
"158",-18,7.5
"158",-18,6.5
"158",-18,5.5
"158",-18,4.5
"158",-18,3.5
"158",-18,2.5
"158",-19,2.5
"158",-20,1.5
"158",-21,1.5
"158",-22,0.5
"158",-22,-0.5
"158",-22,-1.5
"158",-23,-2.5
"158",-23,-3.5
"158",-23,-4.5
"158",-23,-5.5
"158",-23,-6.5
"158",-23,-7.5
"158",-23,-8.5
"158",-23,-9.5
"158",-23,-10.5
"158",-23,-11.5
"158",-23,-12.5
"158",-24,-13.5
"158",-25,-13.5
"158",-26,-13.5
"158",-27,-14.5
"158",-27,-15.5
"158",-27,-16.5
"158",-27,-17.5
"158",-27,-18.5
"158",-27,-19.5
"158",-27,-20.5
"158",-27,-21.5
"158",-27,-22.5
"158",-27,-23.5
"158",-27,-24.5
"158",-27,-25.5
"158",-27,-26.5
"158",-27,-27.5
"158",-27,-28.5
"158",-27,-29.5
"158",-27,-30.5
"158",-27,-31.5
"158",-27,-32.5
"158",-27,-33.5
"158",-27,-34.5
"158",-27,-35.5
"158",-27,-36.5
"158",-27,-37.5
"158",-27,-38.5
"158",-27,-39.5
"158",-27,-40.5
"158",-27,-41.5
"158",-27,-42.5
"158",-27,-43.5
"158",-27,-44.5
"158",-27,-45.5
"158",-27,-46.5
"158",-27,-47.5
"158",-27,-48.5
"158",-27,-49.5
"158",-27,-50.5
"158",-27,-51.5
"158",-27,-52.5
"158",-27,-53.5
"158",-26,-54.5
"158",-25,-54.5
"158",-25,-55.5
"158",-25,-56.5
"158",-25,-57.5
"158",-25,-58.5
"158",-25,-59.5
"158",-25,-60.5
"158",-25,-61.5
"158",-25,-62.5
"158",-25,-63.5
"158",-24,-64.5
"158",-23,-64.5
"158",-22,-65.5
"158",-21,-65.5
"158",-20,-65.5
"159",10,76.5
"159",9,76.5
"159",8,76.5
"159",7,76.5
"159",6,76.5
"159",5,76.5
"159",4,76.5
"159",3,76.5
"159",2,76.5
"159",1,76.5
"159",0,76.5
"159",-1,76.5
"159",-2,76.5
"159",-3,76.5
"159",-4,76.5
"159",-5,76.5
"159",-6,76.5
"159",-7,76.5
"159",-8,76.5
"159",-9,76.5
"159",-10,76.5
"159",-11,76.5
"159",-12,76.5
"159",-13,76.5
"159",-14,76.5
"159",-15,76.5
"159",-16,76.5
"159",-17,76.5
"159",-17,75.5
"159",-17,74.5
"159",-17,73.5
"159",-17,72.5
"159",-18,72.5
"159",-19,72.5
"159",-19,71.5
"159",-19,70.5
"159",-19,69.5
"159",-19,68.5
"159",-20,67.5
"159",-21,67.5
"159",-22,67.5
"159",-23,67.5
"159",-24,66.5
"159",-25,66.5
"159",-26,66.5
"159",-27,66.5
"159",-28,65.5
"159",-29,65.5
"159",-30,64.5
"159",-31,63.5
"159",-32,62.5
"159",-32,61.5
"159",-32,60.5
"159",-31,59.5
"159",-30,58.5
"159",-29,57.5
"159",-28,56.5
"159",-27,55.5
"159",-26,54.5
"159",-25,53.5
"159",-24,52.5
"159",-23,51.5
"159",-22,50.5
"159",-21,49.5
"159",-20,48.5
"159",-19,47.5
"159",-18,46.5
"159",-17,45.5
"159",-16,44.5
"159",-15,43.5
"159",-14,42.5
"159",-14,41.5
"159",-14,40.5
"159",-14,39.5
"159",-14,38.5
"159",-14,37.5
"159",-14,36.5
"159",-14,35.5
"159",-14,34.5
"159",-14,33.5
"159",-14,32.5
"159",-14,31.5
"159",-14,30.5
"159",-14,29.5
"159",-15,28.5
"159",-15,27.5
"159",-16,26.5
"159",-17,25.5
"159",-18,24.5
"159",-19,23.5
"159",-20,22.5
"159",-21,21.5
"159",-22,20.5
"159",-22,19.5
"159",-23,18.5
"159",-24,17.5
"159",-25,16.5
"159",-26,15.5
"159",-27,14.5
"159",-28,13.5
"159",-29,12.5
"159",-30,11.5
"159",-31,10.5
"159",-32,9.5
"159",-33,8.5
"159",-34,7.5
"159",-34,6.5
"159",-34,5.5
"159",-34,4.5
"159",-34,3.5
"159",-34,2.5
"159",-34,1.5
"159",-34,0.5
"159",-34,-0.5
"159",-34,-1.5
"159",-34,-2.5
"159",-34,-3.5
"159",-34,-4.5
"159",-34,-5.5
"159",-34,-6.5
"159",-34,-7.5
"159",-34,-8.5
"159",-35,-9.5
"159",-35,-10.5
"159",-35,-11.5
"159",-36,-12.5
"159",-37,-13.5
"159",-38,-14.5
"159",-38,-15.5
"159",-38,-16.5
"159",-38,-17.5
"159",-38,-18.5
"159",-39,-19.5
"159",-39,-20.5
"159",-39,-21.5
"159",-39,-22.5
"159",-39,-23.5
"159",-39,-24.5
"159",-40,-25.5
"159",-40,-26.5
"159",-40,-27.5
"159",-40,-28.5
"159",-40,-29.5
"159",-40,-30.5
"159",-40,-31.5
"159",-40,-32.5
"159",-40,-33.5
"159",-40,-34.5
"159",-40,-35.5
"159",-40,-36.5
"159",-40,-37.5
"159",-40,-38.5
"159",-40,-39.5
"159",-40,-40.5
"159",-40,-41.5
"159",-40,-42.5
"159",-40,-43.5
"159",-40,-44.5
"159",-39,-45.5
"159",-38,-46.5
"159",-37,-47.5
"159",-36,-48.5
"159",-35,-49.5
"159",-34,-50.5
"159",-33,-51.5
"159",-32,-52.5
"159",-31,-53.5
"159",-30,-54.5
"159",-29,-55.5
"159",-28,-56.5
"159",-27,-57.5
"159",-26,-58.5
"159",-25,-59.5
"159",-24,-60.5
"159",-23,-61.5
"159",-22,-62.5
"159",-21,-63.5
"159",-20,-64.5
"159",-20,-65.5
"160",10,76.5
"160",9,76.5
"160",8,76.5
"160",7,76.5
"160",6,76.5
"160",5,76.5
"160",4,76.5
"160",3,76.5
"160",2,76.5
"160",1,76.5
"160",0,76.5
"160",-1,76.5
"160",-2,76.5
"160",-3,76.5
"160",-4,76.5
"160",-5,76.5
"160",-6,76.5
"160",-7,76.5
"160",-8,76.5
"160",-9,76.5
"160",-10,76.5
"160",-11,76.5
"160",-12,76.5
"160",-13,76.5
"160",-14,76.5
"160",-15,76.5
"160",-16,76.5
"160",-16,75.5
"160",-16,74.5
"160",-16,73.5
"160",-16,72.5
"160",-17,72.5
"160",-18,72.5
"160",-19,72.5
"160",-20,72.5
"160",-20,71.5
"160",-20,70.5
"160",-20,69.5
"160",-20,68.5
"160",-21,68.5
"160",-22,67.5
"160",-23,67.5
"160",-24,66.5
"160",-25,66.5
"160",-26,65.5
"160",-27,64.5
"160",-27,63.5
"160",-27,62.5
"160",-27,61.5
"160",-27,60.5
"160",-27,59.5
"160",-27,58.5
"160",-27,57.5
"160",-27,56.5
"160",-27,55.5
"160",-27,54.5
"160",-27,53.5
"160",-27,52.5
"160",-27,51.5
"160",-26,50.5
"160",-25,49.5
"160",-24,48.5
"160",-23,47.5
"160",-22,46.5
"160",-21,45.5
"160",-20,44.5
"160",-19,43.5
"160",-18,42.5
"160",-18,41.5
"160",-18,40.5
"160",-18,39.5
"160",-18,38.5
"160",-18,37.5
"160",-18,36.5
"160",-18,35.5
"160",-18,34.5
"160",-18,33.5
"160",-18,32.5
"160",-18,31.5
"160",-18,30.5
"160",-18,29.5
"160",-18,28.5
"160",-18,27.5
"160",-18,26.5
"160",-18,25.5
"160",-18,24.5
"160",-19,23.5
"160",-20,22.5
"160",-21,21.5
"160",-22,20.5
"160",-23,19.5
"160",-24,18.5
"160",-25,17.5
"160",-25,16.5
"160",-26,15.5
"160",-27,14.5
"160",-28,13.5
"160",-29,12.5
"160",-30,11.5
"160",-31,10.5
"160",-31,9.5
"160",-31,8.5
"160",-31,7.5
"160",-31,6.5
"160",-31,5.5
"160",-31,4.5
"160",-31,3.5
"160",-31,2.5
"160",-31,1.5
"160",-31,0.5
"160",-31,-0.5
"160",-31,-1.5
"160",-31,-2.5
"160",-31,-3.5
"160",-31,-4.5
"160",-31,-5.5
"160",-31,-6.5
"160",-31,-7.5
"160",-32,-8.5
"160",-33,-9.5
"160",-34,-10.5
"160",-35,-11.5
"160",-36,-12.5
"160",-37,-13.5
"160",-37,-14.5
"160",-37,-15.5
"160",-37,-16.5
"160",-37,-17.5
"160",-37,-18.5
"160",-37,-19.5
"160",-37,-20.5
"160",-37,-21.5
"160",-37,-22.5
"160",-37,-23.5
"160",-37,-24.5
"160",-37,-25.5
"160",-37,-26.5
"160",-37,-27.5
"160",-37,-28.5
"160",-36,-29.5
"160",-36,-30.5
"160",-36,-31.5
"160",-35,-32.5
"160",-35,-33.5
"160",-35,-34.5
"160",-35,-35.5
"160",-35,-36.5
"160",-35,-37.5
"160",-35,-38.5
"160",-35,-39.5
"160",-35,-40.5
"160",-35,-41.5
"160",-35,-42.5
"160",-35,-43.5
"160",-35,-44.5
"160",-35,-45.5
"160",-35,-46.5
"160",-35,-47.5
"160",-34,-48.5
"160",-34,-49.5
"160",-34,-50.5
"160",-33,-51.5
"160",-32,-52.5
"160",-31,-53.5
"160",-30,-54.5
"160",-29,-55.5
"160",-28,-56.5
"160",-27,-57.5
"160",-26,-58.5
"160",-25,-59.5
"160",-24,-60.5
"160",-23,-61.5
"160",-23,-62.5
"160",-22,-63.5
"160",-21,-64.5
"160",-20,-65.5
"161",10,76.5
"161",9,76.5
"161",8,76.5
"161",7,76.5
"161",6,76.5
"161",5,76.5
"161",4,76.5
"161",3,76.5
"161",2,76.5
"161",1,76.5
"161",0,76.5
"161",-1,76.5
"161",-2,76.5
"161",-3,76.5
"161",-4,76.5
"161",-5,76.5
"161",-6,76.5
"161",-7,76.5
"161",-8,76.5
"161",-9,76.5
"161",-10,76.5
"161",-11,76.5
"161",-12,76.5
"161",-13,76.5
"161",-13,75.5
"161",-13,74.5
"161",-13,73.5
"161",-13,72.5
"161",-14,72.5
"161",-15,71.5
"161",-16,71.5
"161",-17,71.5
"161",-18,71.5
"161",-19,71.5
"161",-20,71.5
"161",-20,70.5
"161",-20,69.5
"161",-20,68.5
"161",-21,68.5
"161",-22,67.5
"161",-23,67.5
"161",-24,66.5
"161",-25,66.5
"161",-26,66.5
"161",-27,66.5
"161",-27,65.5
"161",-27,64.5
"161",-27,63.5
"161",-27,62.5
"161",-27,61.5
"161",-27,60.5
"161",-27,59.5
"161",-27,58.5
"161",-27,57.5
"161",-27,56.5
"161",-27,55.5
"161",-27,54.5
"161",-27,53.5
"161",-27,52.5
"161",-27,51.5
"161",-26,50.5
"161",-25,49.5
"161",-24,48.5
"161",-23,47.5
"161",-22,47.5
"161",-22,46.5
"161",-22,45.5
"161",-22,44.5
"161",-22,43.5
"161",-22,42.5
"161",-21,41.5
"161",-20,41.5
"161",-19,40.5
"161",-18,40.5
"161",-18,39.5
"161",-18,38.5
"161",-18,37.5
"161",-18,36.5
"161",-18,35.5
"161",-18,34.5
"161",-18,33.5
"161",-18,32.5
"161",-18,31.5
"161",-18,30.5
"161",-18,29.5
"161",-18,28.5
"161",-18,27.5
"161",-18,26.5
"161",-18,25.5
"161",-18,24.5
"161",-18,23.5
"161",-18,22.5
"161",-18,21.5
"161",-18,20.5
"161",-18,19.5
"161",-18,18.5
"161",-18,17.5
"161",-18,16.5
"161",-18,15.5
"161",-18,14.5
"161",-18,13.5
"161",-18,12.5
"161",-18,11.5
"161",-18,10.5
"161",-18,9.5
"161",-18,8.5
"161",-18,7.5
"161",-18,6.5
"161",-18,5.5
"161",-18,4.5
"161",-18,3.5
"161",-18,2.5
"161",-19,2.5
"161",-20,1.5
"161",-21,1.5
"161",-22,0.5
"161",-22,-0.5
"161",-22,-1.5
"161",-23,-2.5
"161",-23,-3.5
"161",-23,-4.5
"161",-23,-5.5
"161",-23,-6.5
"161",-23,-7.5
"161",-23,-8.5
"161",-23,-9.5
"161",-23,-10.5
"161",-23,-11.5
"161",-23,-12.5
"161",-24,-13.5
"161",-25,-13.5
"161",-26,-13.5
"161",-27,-14.5
"161",-27,-15.5
"161",-27,-16.5
"161",-27,-17.5
"161",-27,-18.5
"161",-27,-19.5
"161",-27,-20.5
"161",-27,-21.5
"161",-27,-22.5
"161",-27,-23.5
"161",-27,-24.5
"161",-27,-25.5
"161",-27,-26.5
"161",-27,-27.5
"161",-27,-28.5
"161",-27,-29.5
"161",-27,-30.5
"161",-27,-31.5
"161",-27,-32.5
"161",-27,-33.5
"161",-27,-34.5
"161",-27,-35.5
"161",-27,-36.5
"161",-27,-37.5
"161",-27,-38.5
"161",-27,-39.5
"161",-27,-40.5
"161",-27,-41.5
"161",-27,-42.5
"161",-27,-43.5
"161",-27,-44.5
"161",-27,-45.5
"161",-27,-46.5
"161",-27,-47.5
"161",-27,-48.5
"161",-27,-49.5
"161",-27,-50.5
"161",-27,-51.5
"161",-27,-52.5
"161",-27,-53.5
"161",-26,-54.5
"161",-25,-54.5
"161",-25,-55.5
"161",-25,-56.5
"161",-25,-57.5
"161",-25,-58.5
"161",-25,-59.5
"161",-25,-60.5
"161",-25,-61.5
"161",-25,-62.5
"161",-25,-63.5
"161",-24,-64.5
"161",-23,-64.5
"161",-22,-65.5
"161",-21,-65.5
"161",-20,-65.5
"162",10,76.5
"162",9,76.5
"162",8,76.5
"162",7,76.5
"162",6,76.5
"162",5,76.5
"162",4,76.5
"162",3,76.5
"162",2,76.5
"162",1,76.5
"162",0,76.5
"162",-1,76.5
"162",-2,76.5
"162",-3,76.5
"162",-4,76.5
"162",-5,76.5
"162",-6,76.5
"162",-7,76.5
"162",-8,76.5
"162",-9,76.5
"162",-10,76.5
"162",-11,76.5
"162",-12,76.5
"162",-13,76.5
"162",-14,76.5
"162",-15,76.5
"162",-16,76.5
"162",-17,76.5
"162",-17,75.5
"162",-17,74.5
"162",-17,73.5
"162",-17,72.5
"162",-18,72.5
"162",-18,71.5
"162",-19,71.5
"162",-19,70.5
"162",-19,69.5
"162",-19,68.5
"162",-20,67.5
"162",-21,67.5
"162",-22,67.5
"162",-23,67.5
"162",-24,66.5
"162",-25,66.5
"162",-26,66.5
"162",-27,66.5
"162",-28,65.5
"162",-29,64.5
"162",-30,63.5
"162",-31,62.5
"162",-31,61.5
"162",-31,60.5
"162",-31,59.5
"162",-30,58.5
"162",-29,57.5
"162",-28,56.5
"162",-27,55.5
"162",-26,54.5
"162",-25,53.5
"162",-24,52.5
"162",-23,51.5
"162",-22,50.5
"162",-21,49.5
"162",-20,48.5
"162",-19,47.5
"162",-18,46.5
"162",-17,45.5
"162",-16,44.5
"162",-15,43.5
"162",-14,42.5
"162",-14,41.5
"162",-14,40.5
"162",-14,39.5
"162",-14,38.5
"162",-14,37.5
"162",-14,36.5
"162",-14,35.5
"162",-14,34.5
"162",-14,33.5
"162",-14,32.5
"162",-14,31.5
"162",-14,30.5
"162",-14,29.5
"162",-15,28.5
"162",-15,27.5
"162",-16,26.5
"162",-17,25.5
"162",-18,24.5
"162",-19,23.5
"162",-20,22.5
"162",-21,21.5
"162",-22,20.5
"162",-22,19.5
"162",-23,18.5
"162",-24,17.5
"162",-25,16.5
"162",-26,15.5
"162",-27,14.5
"162",-28,13.5
"162",-29,12.5
"162",-30,11.5
"162",-31,10.5
"162",-32,9.5
"162",-32,8.5
"162",-32,7.5
"162",-32,6.5
"162",-32,5.5
"162",-32,4.5
"162",-32,3.5
"162",-32,2.5
"162",-32,1.5
"162",-32,0.5
"162",-32,-0.5
"162",-32,-1.5
"162",-32,-2.5
"162",-32,-3.5
"162",-32,-4.5
"162",-32,-5.5
"162",-32,-6.5
"162",-33,-7.5
"162",-34,-8.5
"162",-35,-9.5
"162",-35,-10.5
"162",-35,-11.5
"162",-36,-12.5
"162",-37,-13.5
"162",-38,-14.5
"162",-38,-15.5
"162",-38,-16.5
"162",-38,-17.5
"162",-38,-18.5
"162",-38,-19.5
"162",-38,-20.5
"162",-38,-21.5
"162",-38,-22.5
"162",-38,-23.5
"162",-38,-24.5
"162",-38,-25.5
"162",-38,-26.5
"162",-38,-27.5
"162",-38,-28.5
"162",-38,-29.5
"162",-38,-30.5
"162",-38,-31.5
"162",-38,-32.5
"162",-38,-33.5
"162",-38,-34.5
"162",-38,-35.5
"162",-38,-36.5
"162",-38,-37.5
"162",-38,-38.5
"162",-38,-39.5
"162",-38,-40.5
"162",-38,-41.5
"162",-38,-42.5
"162",-38,-43.5
"162",-38,-44.5
"162",-38,-45.5
"162",-37,-46.5
"162",-36,-47.5
"162",-35,-48.5
"162",-34,-49.5
"162",-33,-50.5
"162",-32,-51.5
"162",-31,-52.5
"162",-30,-53.5
"162",-29,-54.5
"162",-28,-55.5
"162",-27,-56.5
"162",-26,-57.5
"162",-25,-58.5
"162",-24,-59.5
"162",-23,-60.5
"162",-22,-61.5
"162",-21,-62.5
"162",-20,-63.5
"162",-20,-64.5
"162",-20,-65.5
"163",10,76.5
"163",9,76.5
"163",8,76.5
"163",7,76.5
"163",6,76.5
"163",5,76.5
"163",4,76.5
"163",3,76.5
"163",2,76.5
"163",1,76.5
"163",0,76.5
"163",-1,76.5
"163",-2,76.5
"163",-3,76.5
"163",-4,76.5
"163",-5,76.5
"163",-6,76.5
"163",-7,76.5
"163",-8,76.5
"163",-9,76.5
"163",-10,76.5
"163",-11,76.5
"163",-12,76.5
"163",-13,76.5
"163",-14,76.5
"163",-15,76.5
"163",-16,76.5
"163",-16,75.5
"163",-16,74.5
"163",-16,73.5
"163",-16,72.5
"163",-17,72.5
"163",-18,72.5
"163",-19,72.5
"163",-20,72.5
"163",-20,71.5
"163",-20,70.5
"163",-20,69.5
"163",-20,68.5
"163",-21,68.5
"163",-22,67.5
"163",-23,67.5
"163",-24,66.5
"163",-25,66.5
"163",-26,65.5
"163",-27,64.5
"163",-27,63.5
"163",-27,62.5
"163",-27,61.5
"163",-27,60.5
"163",-27,59.5
"163",-27,58.5
"163",-27,57.5
"163",-27,56.5
"163",-27,55.5
"163",-27,54.5
"163",-27,53.5
"163",-27,52.5
"163",-27,51.5
"163",-26,50.5
"163",-25,49.5
"163",-24,48.5
"163",-23,47.5
"163",-22,46.5
"163",-21,45.5
"163",-20,44.5
"163",-19,43.5
"163",-18,42.5
"163",-18,41.5
"163",-18,40.5
"163",-18,39.5
"163",-18,38.5
"163",-18,37.5
"163",-18,36.5
"163",-18,35.5
"163",-18,34.5
"163",-18,33.5
"163",-18,32.5
"163",-18,31.5
"163",-18,30.5
"163",-18,29.5
"163",-18,28.5
"163",-18,27.5
"163",-18,26.5
"163",-18,25.5
"163",-18,24.5
"163",-18,23.5
"163",-18,22.5
"163",-18,21.5
"163",-18,20.5
"163",-18,19.5
"163",-18,18.5
"163",-18,17.5
"163",-18,16.5
"163",-18,15.5
"163",-18,14.5
"163",-18,13.5
"163",-18,12.5
"163",-18,11.5
"163",-18,10.5
"163",-18,9.5
"163",-18,8.5
"163",-18,7.5
"163",-18,6.5
"163",-18,5.5
"163",-18,4.5
"163",-18,3.5
"163",-18,2.5
"163",-18,1.5
"163",-18,0.5
"163",-18,-0.5
"163",-18,-1.5
"163",-18,-2.5
"163",-18,-3.5
"163",-18,-4.5
"163",-18,-5.5
"163",-18,-6.5
"163",-19,-7.5
"163",-20,-8.5
"163",-21,-9.5
"163",-22,-10.5
"163",-23,-11.5
"163",-24,-12.5
"163",-25,-13.5
"163",-26,-14.5
"163",-27,-15.5
"163",-27,-16.5
"163",-27,-17.5
"163",-27,-18.5
"163",-27,-19.5
"163",-27,-20.5
"163",-27,-21.5
"163",-27,-22.5
"163",-27,-23.5
"163",-27,-24.5
"163",-27,-25.5
"163",-27,-26.5
"163",-27,-27.5
"163",-27,-28.5
"163",-27,-29.5
"163",-27,-30.5
"163",-27,-31.5
"163",-27,-32.5
"163",-27,-33.5
"163",-27,-34.5
"163",-27,-35.5
"163",-27,-36.5
"163",-27,-37.5
"163",-27,-38.5
"163",-27,-39.5
"163",-27,-40.5
"163",-27,-41.5
"163",-27,-42.5
"163",-27,-43.5
"163",-27,-44.5
"163",-27,-45.5
"163",-27,-46.5
"163",-27,-47.5
"163",-27,-48.5
"163",-27,-49.5
"163",-27,-50.5
"163",-27,-51.5
"163",-27,-52.5
"163",-27,-53.5
"163",-26,-54.5
"163",-25,-55.5
"163",-25,-56.5
"163",-25,-57.5
"163",-25,-58.5
"163",-25,-59.5
"163",-24,-60.5
"163",-23,-61.5
"163",-23,-62.5
"163",-22,-63.5
"163",-21,-64.5
"163",-20,-65.5
"164",10,76.5
"164",9,76.5
"164",8,76.5
"164",7,76.5
"164",6,76.5
"164",5,76.5
"164",4,76.5
"164",3,76.5
"164",2,76.5
"164",1,76.5
"164",0,76.5
"164",-1,76.5
"164",-2,76.5
"164",-3,76.5
"164",-4,76.5
"164",-5,76.5
"164",-6,76.5
"164",-7,76.5
"164",-8,76.5
"164",-9,76.5
"164",-10,76.5
"164",-11,76.5
"164",-12,76.5
"164",-13,76.5
"164",-13,75.5
"164",-13,74.5
"164",-13,73.5
"164",-13,72.5
"164",-14,72.5
"164",-15,71.5
"164",-16,71.5
"164",-17,71.5
"164",-18,71.5
"164",-19,71.5
"164",-20,71.5
"164",-20,70.5
"164",-20,69.5
"164",-20,68.5
"164",-21,68.5
"164",-22,67.5
"164",-23,67.5
"164",-24,66.5
"164",-25,66.5
"164",-26,66.5
"164",-27,66.5
"164",-27,65.5
"164",-27,64.5
"164",-27,63.5
"164",-27,62.5
"164",-27,61.5
"164",-27,60.5
"164",-27,59.5
"164",-27,58.5
"164",-27,57.5
"164",-27,56.5
"164",-27,55.5
"164",-27,54.5
"164",-27,53.5
"164",-27,52.5
"164",-27,51.5
"164",-26,50.5
"164",-25,49.5
"164",-24,48.5
"164",-23,47.5
"164",-22,47.5
"164",-21,46.5
"164",-20,45.5
"164",-19,44.5
"164",-18,43.5
"164",-18,42.5
"164",-18,41.5
"164",-18,40.5
"164",-18,39.5
"164",-18,38.5
"164",-18,37.5
"164",-18,36.5
"164",-18,35.5
"164",-18,34.5
"164",-18,33.5
"164",-18,32.5
"164",-18,31.5
"164",-18,30.5
"164",-18,29.5
"164",-18,28.5
"164",-18,27.5
"164",-18,26.5
"164",-18,25.5
"164",-18,24.5
"164",-18,23.5
"164",-18,22.5
"164",-18,21.5
"164",-18,20.5
"164",-18,19.5
"164",-18,18.5
"164",-18,17.5
"164",-18,16.5
"164",-18,15.5
"164",-18,14.5
"164",-18,13.5
"164",-18,12.5
"164",-18,11.5
"164",-18,10.5
"164",-18,9.5
"164",-18,8.5
"164",-18,7.5
"164",-18,6.5
"164",-18,5.5
"164",-18,4.5
"164",-18,3.5
"164",-18,2.5
"164",-19,2.5
"164",-20,1.5
"164",-21,1.5
"164",-22,0.5
"164",-22,-0.5
"164",-22,-1.5
"164",-23,-2.5
"164",-23,-3.5
"164",-23,-4.5
"164",-23,-5.5
"164",-23,-6.5
"164",-23,-7.5
"164",-23,-8.5
"164",-23,-9.5
"164",-23,-10.5
"164",-23,-11.5
"164",-24,-12.5
"164",-25,-12.5
"164",-26,-12.5
"164",-27,-13.5
"164",-27,-14.5
"164",-27,-15.5
"164",-27,-16.5
"164",-27,-17.5
"164",-27,-18.5
"164",-27,-19.5
"164",-27,-20.5
"164",-27,-21.5
"164",-27,-22.5
"164",-27,-23.5
"164",-27,-24.5
"164",-27,-25.5
"164",-27,-26.5
"164",-27,-27.5
"164",-27,-28.5
"164",-27,-29.5
"164",-27,-30.5
"164",-27,-31.5
"164",-27,-32.5
"164",-27,-33.5
"164",-27,-34.5
"164",-27,-35.5
"164",-27,-36.5
"164",-27,-37.5
"164",-27,-38.5
"164",-27,-39.5
"164",-27,-40.5
"164",-27,-41.5
"164",-27,-42.5
"164",-27,-43.5
"164",-27,-44.5
"164",-27,-45.5
"164",-27,-46.5
"164",-27,-47.5
"164",-27,-48.5
"164",-27,-49.5
"164",-27,-50.5
"164",-27,-51.5
"164",-27,-52.5
"164",-27,-53.5
"164",-26,-54.5
"164",-25,-55.5
"164",-25,-56.5
"164",-25,-57.5
"164",-25,-58.5
"164",-25,-59.5
"164",-25,-60.5
"164",-24,-61.5
"164",-23,-62.5
"164",-22,-63.5
"164",-21,-64.5
"164",-20,-65.5
"165",10,76.5
"165",9,76.5
"165",8,76.5
"165",7,76.5
"165",6,76.5
"165",5,76.5
"165",4,76.5
"165",3,76.5
"165",2,76.5
"165",1,76.5
"165",0,76.5
"165",-1,76.5
"165",-2,76.5
"165",-3,76.5
"165",-4,76.5
"165",-5,76.5
"165",-6,76.5
"165",-7,76.5
"165",-8,76.5
"165",-9,76.5
"165",-10,76.5
"165",-11,76.5
"165",-12,76.5
"165",-13,76.5
"165",-14,76.5
"165",-15,76.5
"165",-16,76.5
"165",-17,76.5
"165",-17,75.5
"165",-17,74.5
"165",-17,73.5
"165",-17,72.5
"165",-18,72.5
"165",-18,71.5
"165",-19,71.5
"165",-19,70.5
"165",-19,69.5
"165",-19,68.5
"165",-20,68.5
"165",-21,68.5
"165",-22,68.5
"165",-23,67.5
"165",-24,67.5
"165",-25,66.5
"165",-26,66.5
"165",-27,65.5
"165",-28,64.5
"165",-29,63.5
"165",-30,62.5
"165",-30,61.5
"165",-30,60.5
"165",-30,59.5
"165",-29,58.5
"165",-28,57.5
"165",-27,56.5
"165",-26,55.5
"165",-25,54.5
"165",-24,53.5
"165",-23,52.5
"165",-22,51.5
"165",-21,50.5
"165",-20,49.5
"165",-19,48.5
"165",-18,47.5
"165",-17,46.5
"165",-16,45.5
"165",-15,44.5
"165",-15,43.5
"165",-15,42.5
"165",-15,41.5
"165",-15,40.5
"165",-15,39.5
"165",-15,38.5
"165",-15,37.5
"165",-15,36.5
"165",-15,35.5
"165",-15,34.5
"165",-15,33.5
"165",-15,32.5
"165",-15,31.5
"165",-15,30.5
"165",-15,29.5
"165",-15,28.5
"165",-15,27.5
"165",-16,26.5
"165",-17,25.5
"165",-18,24.5
"165",-19,23.5
"165",-20,22.5
"165",-21,21.5
"165",-22,20.5
"165",-22,19.5
"165",-22,18.5
"165",-23,17.5
"165",-24,16.5
"165",-25,15.5
"165",-26,14.5
"165",-27,13.5
"165",-28,12.5
"165",-28,11.5
"165",-28,10.5
"165",-28,9.5
"165",-28,8.5
"165",-28,7.5
"165",-28,6.5
"165",-28,5.5
"165",-28,4.5
"165",-28,3.5
"165",-28,2.5
"165",-28,1.5
"165",-28,0.5
"165",-28,-0.5
"165",-28,-1.5
"165",-28,-2.5
"165",-28,-3.5
"165",-28,-4.5
"165",-29,-5.5
"165",-30,-6.5
"165",-31,-7.5
"165",-32,-8.5
"165",-33,-9.5
"165",-34,-10.5
"165",-35,-11.5
"165",-36,-12.5
"165",-37,-13.5
"165",-38,-14.5
"165",-38,-15.5
"165",-38,-16.5
"165",-38,-17.5
"165",-38,-18.5
"165",-38,-19.5
"165",-38,-20.5
"165",-38,-21.5
"165",-38,-22.5
"165",-38,-23.5
"165",-38,-24.5
"165",-38,-25.5
"165",-38,-26.5
"165",-38,-27.5
"165",-38,-28.5
"165",-38,-29.5
"165",-38,-30.5
"165",-38,-31.5
"165",-38,-32.5
"165",-38,-33.5
"165",-38,-34.5
"165",-38,-35.5
"165",-38,-36.5
"165",-38,-37.5
"165",-38,-38.5
"165",-38,-39.5
"165",-38,-40.5
"165",-38,-41.5
"165",-38,-42.5
"165",-38,-43.5
"165",-38,-44.5
"165",-38,-45.5
"165",-37,-46.5
"165",-36,-47.5
"165",-35,-48.5
"165",-34,-49.5
"165",-33,-50.5
"165",-32,-51.5
"165",-31,-52.5
"165",-30,-53.5
"165",-29,-54.5
"165",-28,-55.5
"165",-27,-56.5
"165",-26,-57.5
"165",-25,-58.5
"165",-24,-59.5
"165",-23,-60.5
"165",-22,-61.5
"165",-21,-62.5
"165",-20,-63.5
"165",-20,-64.5
"165",-20,-65.5
"166",10,76.5
"166",9,76.5
"166",8,76.5
"166",7,76.5
"166",6,76.5
"166",5,76.5
"166",4,76.5
"166",3,76.5
"166",2,76.5
"166",1,76.5
"166",0,76.5
"166",-1,76.5
"166",-2,76.5
"166",-3,76.5
"166",-4,76.5
"166",-5,76.5
"166",-6,76.5
"166",-7,76.5
"166",-8,76.5
"166",-9,76.5
"166",-10,76.5
"166",-11,76.5
"166",-12,76.5
"166",-13,76.5
"166",-14,76.5
"166",-15,76.5
"166",-16,76.5
"166",-16,75.5
"166",-16,74.5
"166",-16,73.5
"166",-16,72.5
"166",-17,72.5
"166",-18,72.5
"166",-19,72.5
"166",-20,72.5
"166",-20,71.5
"166",-20,70.5
"166",-20,69.5
"166",-20,68.5
"166",-21,68.5
"166",-22,67.5
"166",-23,67.5
"166",-24,66.5
"166",-25,66.5
"166",-26,66.5
"166",-27,65.5
"166",-27,64.5
"166",-27,63.5
"166",-27,62.5
"166",-27,61.5
"166",-27,60.5
"166",-27,59.5
"166",-27,58.5
"166",-27,57.5
"166",-27,56.5
"166",-26,55.5
"166",-25,54.5
"166",-24,53.5
"166",-23,52.5
"166",-22,51.5
"166",-21,50.5
"166",-20,49.5
"166",-19,48.5
"166",-18,47.5
"166",-18,46.5
"166",-18,45.5
"166",-18,44.5
"166",-18,43.5
"166",-18,42.5
"166",-18,41.5
"166",-18,40.5
"166",-18,39.5
"166",-18,38.5
"166",-18,37.5
"166",-18,36.5
"166",-18,35.5
"166",-18,34.5
"166",-18,33.5
"166",-18,32.5
"166",-18,31.5
"166",-18,30.5
"166",-18,29.5
"166",-18,28.5
"166",-18,27.5
"166",-18,26.5
"166",-18,25.5
"166",-18,24.5
"166",-18,23.5
"166",-18,22.5
"166",-18,21.5
"166",-18,20.5
"166",-18,19.5
"166",-18,18.5
"166",-18,17.5
"166",-18,16.5
"166",-18,15.5
"166",-18,14.5
"166",-18,13.5
"166",-18,12.5
"166",-18,11.5
"166",-18,10.5
"166",-18,9.5
"166",-18,8.5
"166",-18,7.5
"166",-18,6.5
"166",-18,5.5
"166",-18,4.5
"166",-18,3.5
"166",-18,2.5
"166",-18,1.5
"166",-18,0.5
"166",-18,-0.5
"166",-18,-1.5
"166",-18,-2.5
"166",-18,-3.5
"166",-18,-4.5
"166",-19,-5.5
"166",-20,-6.5
"166",-21,-7.5
"166",-22,-8.5
"166",-23,-9.5
"166",-24,-10.5
"166",-25,-11.5
"166",-26,-12.5
"166",-27,-13.5
"166",-27,-14.5
"166",-27,-15.5
"166",-27,-16.5
"166",-27,-17.5
"166",-27,-18.5
"166",-27,-19.5
"166",-27,-20.5
"166",-27,-21.5
"166",-27,-22.5
"166",-27,-23.5
"166",-27,-24.5
"166",-27,-25.5
"166",-27,-26.5
"166",-27,-27.5
"166",-27,-28.5
"166",-27,-29.5
"166",-27,-30.5
"166",-27,-31.5
"166",-27,-32.5
"166",-27,-33.5
"166",-27,-34.5
"166",-27,-35.5
"166",-27,-36.5
"166",-27,-37.5
"166",-27,-38.5
"166",-27,-39.5
"166",-27,-40.5
"166",-27,-41.5
"166",-27,-42.5
"166",-27,-43.5
"166",-27,-44.5
"166",-27,-45.5
"166",-27,-46.5
"166",-27,-47.5
"166",-27,-48.5
"166",-27,-49.5
"166",-27,-50.5
"166",-27,-51.5
"166",-27,-52.5
"166",-27,-53.5
"166",-26,-54.5
"166",-25,-55.5
"166",-25,-56.5
"166",-25,-57.5
"166",-25,-58.5
"166",-25,-59.5
"166",-25,-60.5
"166",-24,-61.5
"166",-23,-62.5
"166",-22,-63.5
"166",-21,-64.5
"166",-20,-65.5
"167",10,76.5
"167",9,76.5
"167",8,76.5
"167",7,76.5
"167",6,76.5
"167",5,76.5
"167",4,76.5
"167",3,76.5
"167",2,76.5
"167",1,76.5
"167",0,76.5
"167",-1,76.5
"167",-2,76.5
"167",-3,76.5
"167",-4,76.5
"167",-5,76.5
"167",-6,76.5
"167",-7,76.5
"167",-8,76.5
"167",-9,76.5
"167",-10,76.5
"167",-11,76.5
"167",-12,76.5
"167",-13,76.5
"167",-14,76.5
"167",-15,76.5
"167",-16,76.5
"167",-17,76.5
"167",-17,75.5
"167",-17,74.5
"167",-17,73.5
"167",-17,72.5
"167",-18,72.5
"167",-18,71.5
"167",-19,71.5
"167",-19,70.5
"167",-19,69.5
"167",-19,68.5
"167",-20,68.5
"167",-21,68.5
"167",-22,68.5
"167",-23,67.5
"167",-24,67.5
"167",-25,67.5
"167",-26,67.5
"167",-27,66.5
"167",-28,65.5
"167",-29,64.5
"167",-30,63.5
"167",-30,62.5
"167",-30,61.5
"167",-30,60.5
"167",-30,59.5
"167",-30,58.5
"167",-30,57.5
"167",-29,56.5
"167",-28,55.5
"167",-27,54.5
"167",-26,53.5
"167",-25,52.5
"167",-24,51.5
"167",-23,50.5
"167",-22,49.5
"167",-21,48.5
"167",-20,47.5
"167",-20,46.5
"167",-20,45.5
"167",-20,44.5
"167",-20,43.5
"167",-20,42.5
"167",-20,41.5
"167",-20,40.5
"167",-20,39.5
"167",-20,38.5
"167",-20,37.5
"167",-20,36.5
"167",-20,35.5
"167",-20,34.5
"167",-20,33.5
"167",-20,32.5
"167",-20,31.5
"167",-20,30.5
"167",-20,29.5
"167",-20,28.5
"167",-20,27.5
"167",-20,26.5
"167",-20,25.5
"167",-20,24.5
"167",-20,23.5
"167",-20,22.5
"167",-21,21.5
"167",-21,20.5
"167",-21,19.5
"167",-21,18.5
"167",-21,17.5
"167",-22,16.5
"167",-22,15.5
"167",-22,14.5
"167",-22,13.5
"167",-22,12.5
"167",-22,11.5
"167",-22,10.5
"167",-22,9.5
"167",-22,8.5
"167",-22,7.5
"167",-22,6.5
"167",-22,5.5
"167",-22,4.5
"167",-22,3.5
"167",-22,2.5
"167",-22,1.5
"167",-22,0.5
"167",-22,-0.5
"167",-22,-1.5
"167",-22,-2.5
"167",-22,-3.5
"167",-23,-4.5
"167",-24,-5.5
"167",-25,-6.5
"167",-26,-7.5
"167",-27,-8.5
"167",-28,-9.5
"167",-29,-10.5
"167",-30,-11.5
"167",-31,-12.5
"167",-32,-13.5
"167",-33,-14.5
"167",-33,-15.5
"167",-33,-16.5
"167",-33,-17.5
"167",-33,-18.5
"167",-33,-19.5
"167",-33,-20.5
"167",-33,-21.5
"167",-33,-22.5
"167",-33,-23.5
"167",-33,-24.5
"167",-33,-25.5
"167",-33,-26.5
"167",-33,-27.5
"167",-33,-28.5
"167",-33,-29.5
"167",-33,-30.5
"167",-33,-31.5
"167",-33,-32.5
"167",-33,-33.5
"167",-33,-34.5
"167",-33,-35.5
"167",-33,-36.5
"167",-33,-37.5
"167",-33,-38.5
"167",-33,-39.5
"167",-33,-40.5
"167",-33,-41.5
"167",-33,-42.5
"167",-33,-43.5
"167",-33,-44.5
"167",-33,-45.5
"167",-33,-46.5
"167",-33,-47.5
"167",-32,-48.5
"167",-31,-49.5
"167",-30,-50.5
"167",-29,-51.5
"167",-28,-52.5
"167",-27,-53.5
"167",-26,-54.5
"167",-25,-55.5
"167",-24,-56.5
"167",-23,-57.5
"167",-22,-58.5
"167",-21,-59.5
"167",-20,-60.5
"167",-20,-61.5
"167",-20,-62.5
"167",-20,-63.5
"167",-20,-64.5
"167",-20,-65.5
"168",10,76.5
"168",9,76.5
"168",8,76.5
"168",7,76.5
"168",6,76.5
"168",5,76.5
"168",4,76.5
"168",3,76.5
"168",2,76.5
"168",1,76.5
"168",0,76.5
"168",-1,76.5
"168",-2,76.5
"168",-3,76.5
"168",-4,76.5
"168",-5,76.5
"168",-6,76.5
"168",-7,76.5
"168",-8,76.5
"168",-9,76.5
"168",-10,76.5
"168",-11,76.5
"168",-12,76.5
"168",-13,76.5
"168",-14,76.5
"168",-15,76.5
"168",-16,76.5
"168",-17,76.5
"168",-17,75.5
"168",-17,74.5
"168",-17,73.5
"168",-17,72.5
"168",-18,72.5
"168",-18,71.5
"168",-19,71.5
"168",-19,70.5
"168",-19,69.5
"168",-19,68.5
"168",-20,67.5
"168",-21,67.5
"168",-22,67.5
"168",-23,67.5
"168",-24,66.5
"168",-25,66.5
"168",-26,66.5
"168",-27,66.5
"168",-28,66.5
"168",-29,66.5
"168",-30,66.5
"168",-31,66.5
"168",-32,65.5
"168",-33,64.5
"168",-34,63.5
"168",-35,62.5
"168",-35,61.5
"168",-34,60.5
"168",-33,59.5
"168",-32,58.5
"168",-31,57.5
"168",-30,56.5
"168",-29,55.5
"168",-28,54.5
"168",-27,53.5
"168",-26,52.5
"168",-25,51.5
"168",-24,50.5
"168",-23,49.5
"168",-22,48.5
"168",-21,47.5
"168",-20,46.5
"168",-19,45.5
"168",-18,44.5
"168",-17,43.5
"168",-16,42.5
"168",-15,41.5
"168",-14,40.5
"168",-13,39.5
"168",-13,38.5
"168",-13,37.5
"168",-13,36.5
"168",-13,35.5
"168",-13,34.5
"168",-13,33.5
"168",-13,32.5
"168",-13,31.5
"168",-13,30.5
"168",-13,29.5
"168",-14,28.5
"168",-15,27.5
"168",-16,26.5
"168",-17,25.5
"168",-18,24.5
"168",-19,23.5
"168",-20,22.5
"168",-21,21.5
"168",-22,20.5
"168",-22,19.5
"168",-23,18.5
"168",-24,17.5
"168",-25,16.5
"168",-26,15.5
"168",-27,14.5
"168",-28,13.5
"168",-29,12.5
"168",-30,11.5
"168",-31,10.5
"168",-32,9.5
"168",-33,8.5
"168",-34,7.5
"168",-34,6.5
"168",-34,5.5
"168",-34,4.5
"168",-34,3.5
"168",-34,2.5
"168",-34,1.5
"168",-34,0.5
"168",-34,-0.5
"168",-34,-1.5
"168",-34,-2.5
"168",-34,-3.5
"168",-34,-4.5
"168",-34,-5.5
"168",-34,-6.5
"168",-34,-7.5
"168",-34,-8.5
"168",-34,-9.5
"168",-34,-10.5
"168",-35,-11.5
"168",-36,-12.5
"168",-37,-13.5
"168",-38,-14.5
"168",-38,-15.5
"168",-38,-16.5
"168",-38,-17.5
"168",-38,-18.5
"168",-39,-19.5
"168",-39,-20.5
"168",-39,-21.5
"168",-39,-22.5
"168",-40,-23.5
"168",-41,-24.5
"168",-42,-25.5
"168",-43,-26.5
"168",-44,-27.5
"168",-45,-28.5
"168",-46,-29.5
"168",-47,-30.5
"168",-48,-31.5
"168",-48,-32.5
"168",-48,-33.5
"168",-48,-34.5
"168",-48,-35.5
"168",-48,-36.5
"168",-48,-37.5
"168",-47,-38.5
"168",-46,-39.5
"168",-45,-40.5
"168",-44,-41.5
"168",-43,-42.5
"168",-42,-43.5
"168",-41,-44.5
"168",-40,-45.5
"168",-39,-46.5
"168",-38,-47.5
"168",-37,-48.5
"168",-36,-49.5
"168",-35,-50.5
"168",-34,-51.5
"168",-33,-52.5
"168",-32,-53.5
"168",-31,-54.5
"168",-30,-55.5
"168",-29,-56.5
"168",-28,-57.5
"168",-27,-58.5
"168",-26,-59.5
"168",-25,-60.5
"168",-24,-61.5
"168",-23,-62.5
"168",-22,-63.5
"168",-21,-64.5
"168",-20,-65.5
"169",10,76.5
"169",9,76.5
"169",8,76.5
"169",7,76.5
"169",6,76.5
"169",5,76.5
"169",4,76.5
"169",3,76.5
"169",2,76.5
"169",1,76.5
"169",0,76.5
"169",-1,76.5
"169",-2,76.5
"169",-3,76.5
"169",-4,76.5
"169",-5,76.5
"169",-6,76.5
"169",-7,76.5
"169",-8,76.5
"169",-9,76.5
"169",-10,76.5
"169",-11,76.5
"169",-12,76.5
"169",-13,76.5
"169",-13,75.5
"169",-13,74.5
"169",-13,73.5
"169",-14,73.5
"169",-15,73.5
"169",-16,73.5
"169",-16,72.5
"169",-17,72.5
"169",-18,72.5
"169",-19,72.5
"169",-20,72.5
"169",-20,71.5
"169",-20,70.5
"169",-20,69.5
"169",-20,68.5
"169",-21,68.5
"169",-22,67.5
"169",-23,67.5
"169",-24,66.5
"169",-25,66.5
"169",-26,66.5
"169",-27,66.5
"169",-28,65.5
"169",-29,65.5
"169",-30,65.5
"169",-31,65.5
"169",-32,65.5
"169",-33,65.5
"169",-34,65.5
"169",-35,64.5
"169",-36,64.5
"169",-37,63.5
"169",-37,62.5
"169",-37,61.5
"169",-37,60.5
"169",-37,59.5
"169",-36,58.5
"169",-35,57.5
"169",-34,56.5
"169",-33,55.5
"169",-32,54.5
"169",-31,54.5
"169",-30,53.5
"169",-29,53.5
"169",-28,52.5
"169",-27,51.5
"169",-26,50.5
"169",-25,49.5
"169",-24,48.5
"169",-23,47.5
"169",-22,47.5
"169",-21,46.5
"169",-20,45.5
"169",-19,44.5
"169",-18,43.5
"169",-17,42.5
"169",-16,41.5
"169",-15,40.5
"169",-14,39.5
"169",-14,38.5
"169",-14,37.5
"169",-14,36.5
"169",-14,35.5
"169",-14,34.5
"169",-14,33.5
"169",-14,32.5
"169",-14,31.5
"169",-14,30.5
"169",-14,29.5
"169",-14,28.5
"169",-15,27.5
"169",-16,26.5
"169",-17,25.5
"169",-18,24.5
"169",-19,23.5
"169",-20,22.5
"169",-21,21.5
"169",-22,20.5
"169",-23,19.5
"169",-24,18.5
"169",-24,17.5
"169",-25,16.5
"169",-26,15.5
"169",-27,14.5
"169",-28,13.5
"169",-29,12.5
"169",-30,11.5
"169",-31,10.5
"169",-31,9.5
"169",-31,8.5
"169",-31,7.5
"169",-31,6.5
"169",-31,5.5
"169",-31,4.5
"169",-31,3.5
"169",-31,2.5
"169",-31,1.5
"169",-31,0.5
"169",-31,-0.5
"169",-31,-1.5
"169",-31,-2.5
"169",-31,-3.5
"169",-31,-4.5
"169",-31,-5.5
"169",-31,-6.5
"169",-31,-7.5
"169",-31,-8.5
"169",-32,-9.5
"169",-33,-10.5
"169",-34,-11.5
"169",-35,-12.5
"169",-36,-13.5
"169",-37,-14.5
"169",-37,-15.5
"169",-37,-16.5
"169",-37,-17.5
"169",-38,-18.5
"169",-39,-19.5
"169",-39,-20.5
"169",-40,-21.5
"169",-40,-22.5
"169",-40,-23.5
"169",-41,-24.5
"169",-42,-25.5
"169",-43,-26.5
"169",-44,-27.5
"169",-44,-28.5
"169",-44,-29.5
"169",-44,-30.5
"169",-44,-31.5
"169",-44,-32.5
"169",-44,-33.5
"169",-44,-34.5
"169",-44,-35.5
"169",-44,-36.5
"169",-44,-37.5
"169",-44,-38.5
"169",-44,-39.5
"169",-44,-40.5
"169",-44,-41.5
"169",-44,-42.5
"169",-44,-43.5
"169",-43,-44.5
"169",-42,-45.5
"169",-41,-46.5
"169",-40,-47.5
"169",-39,-48.5
"169",-38,-49.5
"169",-37,-50.5
"169",-36,-51.5
"169",-35,-52.5
"169",-34,-53.5
"169",-33,-54.5
"169",-32,-55.5
"169",-31,-56.5
"169",-30,-57.5
"169",-29,-58.5
"169",-28,-59.5
"169",-27,-59.5
"169",-26,-60.5
"169",-25,-60.5
"169",-24,-61.5
"169",-23,-62.5
"169",-22,-63.5
"169",-21,-64.5
"169",-20,-65.5
"170",10,76.5
"170",9,76.5
"170",8,76.5
"170",7,76.5
"170",6,76.5
"170",5,76.5
"170",4,76.5
"170",3,76.5
"170",2,76.5
"170",1,76.5
"170",0,76.5
"170",-1,76.5
"170",-2,76.5
"170",-3,76.5
"170",-4,76.5
"170",-5,76.5
"170",-6,76.5
"170",-7,76.5
"170",-8,76.5
"170",-9,76.5
"170",-10,76.5
"170",-11,76.5
"170",-12,76.5
"170",-13,76.5
"170",-13,75.5
"170",-13,74.5
"170",-13,73.5
"170",-13,72.5
"170",-14,72.5
"170",-15,71.5
"170",-16,71.5
"170",-17,71.5
"170",-18,71.5
"170",-19,71.5
"170",-20,71.5
"170",-20,70.5
"170",-20,69.5
"170",-20,68.5
"170",-21,68.5
"170",-22,67.5
"170",-23,67.5
"170",-24,66.5
"170",-25,66.5
"170",-26,65.5
"170",-27,64.5
"170",-27,63.5
"170",-27,62.5
"170",-27,61.5
"170",-27,60.5
"170",-27,59.5
"170",-27,58.5
"170",-27,57.5
"170",-27,56.5
"170",-27,55.5
"170",-27,54.5
"170",-27,53.5
"170",-27,52.5
"170",-27,51.5
"170",-26,50.5
"170",-25,49.5
"170",-24,48.5
"170",-23,47.5
"170",-22,47.5
"170",-21,46.5
"170",-20,45.5
"170",-20,44.5
"170",-19,43.5
"170",-18,43.5
"170",-18,42.5
"170",-18,41.5
"170",-18,40.5
"170",-18,39.5
"170",-18,38.5
"170",-18,37.5
"170",-18,36.5
"170",-18,35.5
"170",-18,34.5
"170",-18,33.5
"170",-18,32.5
"170",-18,31.5
"170",-18,30.5
"170",-18,29.5
"170",-18,28.5
"170",-18,27.5
"170",-18,26.5
"170",-18,25.5
"170",-18,24.5
"170",-19,23.5
"170",-20,22.5
"170",-21,21.5
"170",-22,20.5
"170",-23,19.5
"170",-24,18.5
"170",-25,17.5
"170",-25,16.5
"170",-26,15.5
"170",-27,14.5
"170",-28,13.5
"170",-29,12.5
"170",-30,11.5
"170",-31,10.5
"170",-31,9.5
"170",-31,8.5
"170",-31,7.5
"170",-31,6.5
"170",-31,5.5
"170",-31,4.5
"170",-31,3.5
"170",-31,2.5
"170",-31,1.5
"170",-31,0.5
"170",-31,-0.5
"170",-31,-1.5
"170",-31,-2.5
"170",-31,-3.5
"170",-31,-4.5
"170",-31,-5.5
"170",-31,-6.5
"170",-31,-7.5
"170",-31,-8.5
"170",-32,-9.5
"170",-33,-10.5
"170",-34,-10.5
"170",-35,-11.5
"170",-36,-12.5
"170",-37,-13.5
"170",-37,-14.5
"170",-37,-15.5
"170",-37,-16.5
"170",-37,-17.5
"170",-37,-18.5
"170",-37,-19.5
"170",-37,-20.5
"170",-37,-21.5
"170",-37,-22.5
"170",-37,-23.5
"170",-37,-24.5
"170",-37,-25.5
"170",-37,-26.5
"170",-37,-27.5
"170",-37,-28.5
"170",-36,-29.5
"170",-36,-30.5
"170",-36,-31.5
"170",-35,-32.5
"170",-35,-33.5
"170",-35,-34.5
"170",-35,-35.5
"170",-35,-36.5
"170",-35,-37.5
"170",-35,-38.5
"170",-35,-39.5
"170",-35,-40.5
"170",-35,-41.5
"170",-35,-42.5
"170",-35,-43.5
"170",-35,-44.5
"170",-35,-45.5
"170",-35,-46.5
"170",-35,-47.5
"170",-34,-48.5
"170",-34,-49.5
"170",-34,-50.5
"170",-33,-51.5
"170",-32,-52.5
"170",-31,-53.5
"170",-30,-54.5
"170",-29,-55.5
"170",-28,-56.5
"170",-27,-56.5
"170",-26,-57.5
"170",-25,-58.5
"170",-25,-59.5
"170",-25,-60.5
"170",-24,-61.5
"170",-23,-62.5
"170",-22,-63.5
"170",-21,-64.5
"170",-20,-65.5
"171",10,76.5
"171",9,76.5
"171",8,76.5
"171",7,76.5
"171",6,76.5
"171",5,76.5
"171",4,76.5
"171",3,76.5
"171",2,76.5
"171",1,76.5
"171",0,76.5
"171",-1,76.5
"171",-2,76.5
"171",-3,76.5
"171",-4,76.5
"171",-5,76.5
"171",-6,76.5
"171",-7,76.5
"171",-8,76.5
"171",-9,76.5
"171",-10,76.5
"171",-11,76.5
"171",-12,76.5
"171",-13,76.5
"171",-13,75.5
"171",-13,74.5
"171",-13,73.5
"171",-13,72.5
"171",-14,72.5
"171",-15,71.5
"171",-16,71.5
"171",-17,71.5
"171",-18,71.5
"171",-19,71.5
"171",-20,71.5
"171",-20,70.5
"171",-20,69.5
"171",-20,68.5
"171",-21,68.5
"171",-22,67.5
"171",-23,67.5
"171",-24,66.5
"171",-25,66.5
"171",-26,66.5
"171",-27,66.5
"171",-27,65.5
"171",-27,64.5
"171",-27,63.5
"171",-27,62.5
"171",-27,61.5
"171",-27,60.5
"171",-27,59.5
"171",-27,58.5
"171",-27,57.5
"171",-27,56.5
"171",-27,55.5
"171",-27,54.5
"171",-27,53.5
"171",-27,52.5
"171",-27,51.5
"171",-27,50.5
"171",-26,49.5
"171",-25,48.5
"171",-24,48.5
"171",-23,47.5
"171",-22,47.5
"171",-22,46.5
"171",-22,45.5
"171",-22,44.5
"171",-22,43.5
"171",-22,42.5
"171",-21,41.5
"171",-20,41.5
"171",-19,40.5
"171",-18,40.5
"171",-18,39.5
"171",-18,38.5
"171",-18,37.5
"171",-18,36.5
"171",-18,35.5
"171",-18,34.5
"171",-18,33.5
"171",-18,32.5
"171",-18,31.5
"171",-18,30.5
"171",-18,29.5
"171",-18,28.5
"171",-18,27.5
"171",-18,26.5
"171",-18,25.5
"171",-18,24.5
"171",-18,23.5
"171",-18,22.5
"171",-18,21.5
"171",-18,20.5
"171",-18,19.5
"171",-18,18.5
"171",-18,17.5
"171",-18,16.5
"171",-18,15.5
"171",-18,14.5
"171",-18,13.5
"171",-18,12.5
"171",-18,11.5
"171",-18,10.5
"171",-18,9.5
"171",-18,8.5
"171",-18,7.5
"171",-18,6.5
"171",-18,5.5
"171",-18,4.5
"171",-18,3.5
"171",-18,2.5
"171",-19,2.5
"171",-20,1.5
"171",-21,1.5
"171",-22,0.5
"171",-22,-0.5
"171",-22,-1.5
"171",-23,-2.5
"171",-23,-3.5
"171",-23,-4.5
"171",-23,-5.5
"171",-23,-6.5
"171",-23,-7.5
"171",-23,-8.5
"171",-23,-9.5
"171",-23,-10.5
"171",-24,-11.5
"171",-25,-11.5
"171",-26,-11.5
"171",-27,-12.5
"171",-28,-12.5
"171",-29,-13.5
"171",-29,-14.5
"171",-29,-15.5
"171",-29,-16.5
"171",-29,-17.5
"171",-29,-18.5
"171",-29,-19.5
"171",-29,-20.5
"171",-29,-21.5
"171",-29,-22.5
"171",-29,-23.5
"171",-29,-24.5
"171",-29,-25.5
"171",-29,-26.5
"171",-28,-27.5
"171",-27,-27.5
"171",-27,-28.5
"171",-27,-29.5
"171",-27,-30.5
"171",-27,-31.5
"171",-27,-32.5
"171",-27,-33.5
"171",-27,-34.5
"171",-27,-35.5
"171",-27,-36.5
"171",-27,-37.5
"171",-27,-38.5
"171",-27,-39.5
"171",-27,-40.5
"171",-27,-41.5
"171",-27,-42.5
"171",-27,-43.5
"171",-27,-44.5
"171",-27,-45.5
"171",-27,-46.5
"171",-27,-47.5
"171",-27,-48.5
"171",-27,-49.5
"171",-27,-50.5
"171",-27,-51.5
"171",-27,-52.5
"171",-27,-53.5
"171",-26,-54.5
"171",-25,-54.5
"171",-25,-55.5
"171",-25,-56.5
"171",-25,-57.5
"171",-25,-58.5
"171",-25,-59.5
"171",-25,-60.5
"171",-25,-61.5
"171",-25,-62.5
"171",-24,-63.5
"171",-23,-63.5
"171",-23,-64.5
"171",-22,-65.5
"171",-21,-65.5
"171",-20,-65.5
"172",10,76.5
"172",9,76.5
"172",8,76.5
"172",7,76.5
"172",6,76.5
"172",5,76.5
"172",4,76.5
"172",3,76.5
"172",2,76.5
"172",1,76.5
"172",0,76.5
"172",-1,76.5
"172",-2,76.5
"172",-3,76.5
"172",-4,76.5
"172",-5,76.5
"172",-6,76.5
"172",-7,76.5
"172",-8,76.5
"172",-9,76.5
"172",-10,76.5
"172",-11,76.5
"172",-12,76.5
"172",-13,76.5
"172",-14,76.5
"172",-15,76.5
"172",-16,76.5
"172",-17,76.5
"172",-17,75.5
"172",-17,74.5
"172",-17,73.5
"172",-17,72.5
"172",-18,72.5
"172",-18,71.5
"172",-19,71.5
"172",-19,70.5
"172",-19,69.5
"172",-19,68.5
"172",-20,67.5
"172",-21,67.5
"172",-22,67.5
"172",-23,67.5
"172",-24,66.5
"172",-25,66.5
"172",-26,66.5
"172",-27,66.5
"172",-28,66.5
"172",-29,65.5
"172",-30,65.5
"172",-31,64.5
"172",-32,63.5
"172",-33,62.5
"172",-33,61.5
"172",-32,60.5
"172",-31,59.5
"172",-30,58.5
"172",-29,57.5
"172",-28,56.5
"172",-27,55.5
"172",-26,54.5
"172",-25,53.5
"172",-24,52.5
"172",-23,51.5
"172",-22,50.5
"172",-21,49.5
"172",-20,48.5
"172",-19,47.5
"172",-18,46.5
"172",-17,45.5
"172",-16,44.5
"172",-15,43.5
"172",-14,42.5
"172",-13,41.5
"172",-13,40.5
"172",-13,39.5
"172",-13,38.5
"172",-13,37.5
"172",-13,36.5
"172",-13,35.5
"172",-13,34.5
"172",-13,33.5
"172",-13,32.5
"172",-13,31.5
"172",-13,30.5
"172",-13,29.5
"172",-14,28.5
"172",-15,27.5
"172",-16,26.5
"172",-17,25.5
"172",-18,24.5
"172",-19,23.5
"172",-20,22.5
"172",-21,21.5
"172",-22,20.5
"172",-22,19.5
"172",-23,18.5
"172",-24,17.5
"172",-25,16.5
"172",-26,15.5
"172",-27,14.5
"172",-28,13.5
"172",-29,12.5
"172",-30,11.5
"172",-31,10.5
"172",-32,9.5
"172",-33,8.5
"172",-33,7.5
"172",-33,6.5
"172",-33,5.5
"172",-33,4.5
"172",-33,3.5
"172",-33,2.5
"172",-33,1.5
"172",-33,0.5
"172",-33,-0.5
"172",-33,-1.5
"172",-33,-2.5
"172",-33,-3.5
"172",-33,-4.5
"172",-33,-5.5
"172",-33,-6.5
"172",-33,-7.5
"172",-34,-8.5
"172",-35,-9.5
"172",-35,-10.5
"172",-35,-11.5
"172",-36,-12.5
"172",-37,-13.5
"172",-38,-14.5
"172",-38,-15.5
"172",-38,-16.5
"172",-38,-17.5
"172",-38,-18.5
"172",-39,-19.5
"172",-39,-20.5
"172",-39,-21.5
"172",-39,-22.5
"172",-39,-23.5
"172",-40,-24.5
"172",-41,-25.5
"172",-42,-26.5
"172",-43,-27.5
"172",-44,-28.5
"172",-45,-29.5
"172",-45,-30.5
"172",-45,-31.5
"172",-45,-32.5
"172",-45,-33.5
"172",-45,-34.5
"172",-45,-35.5
"172",-45,-36.5
"172",-45,-37.5
"172",-45,-38.5
"172",-45,-39.5
"172",-45,-40.5
"172",-44,-41.5
"172",-43,-42.5
"172",-42,-43.5
"172",-41,-44.5
"172",-40,-45.5
"172",-39,-46.5
"172",-38,-47.5
"172",-37,-48.5
"172",-36,-49.5
"172",-35,-50.5
"172",-34,-51.5
"172",-33,-52.5
"172",-32,-53.5
"172",-31,-54.5
"172",-30,-55.5
"172",-29,-56.5
"172",-28,-57.5
"172",-27,-58.5
"172",-26,-59.5
"172",-25,-60.5
"172",-24,-61.5
"172",-23,-62.5
"172",-22,-63.5
"172",-21,-64.5
"172",-20,-65.5
"173",10,76.5
"173",9,76.5
"173",8,76.5
"173",7,76.5
"173",6,76.5
"173",5,76.5
"173",4,76.5
"173",3,76.5
"173",2,76.5
"173",1,76.5
"173",0,76.5
"173",-1,76.5
"173",-2,76.5
"173",-3,76.5
"173",-4,76.5
"173",-5,76.5
"173",-6,76.5
"173",-7,76.5
"173",-8,76.5
"173",-9,76.5
"173",-10,76.5
"173",-11,76.5
"173",-12,76.5
"173",-13,76.5
"173",-14,76.5
"173",-15,76.5
"173",-16,76.5
"173",-16,75.5
"173",-16,74.5
"173",-16,73.5
"173",-16,72.5
"173",-17,72.5
"173",-18,72.5
"173",-19,72.5
"173",-20,72.5
"173",-20,71.5
"173",-20,70.5
"173",-20,69.5
"173",-20,68.5
"173",-21,68.5
"173",-22,67.5
"173",-23,67.5
"173",-24,66.5
"173",-25,66.5
"173",-26,66.5
"173",-27,66.5
"173",-28,65.5
"173",-29,65.5
"173",-30,65.5
"173",-31,65.5
"173",-32,65.5
"173",-33,65.5
"173",-34,65.5
"173",-35,64.5
"173",-36,64.5
"173",-37,63.5
"173",-37,62.5
"173",-37,61.5
"173",-37,60.5
"173",-36,59.5
"173",-35,58.5
"173",-34,57.5
"173",-33,56.5
"173",-32,55.5
"173",-31,55.5
"173",-30,54.5
"173",-29,53.5
"173",-28,52.5
"173",-27,51.5
"173",-26,50.5
"173",-25,49.5
"173",-24,48.5
"173",-23,47.5
"173",-22,46.5
"173",-21,45.5
"173",-20,44.5
"173",-19,43.5
"173",-18,42.5
"173",-18,41.5
"173",-18,40.5
"173",-18,39.5
"173",-18,38.5
"173",-18,37.5
"173",-18,36.5
"173",-18,35.5
"173",-18,34.5
"173",-18,33.5
"173",-18,32.5
"173",-18,31.5
"173",-18,30.5
"173",-18,29.5
"173",-18,28.5
"173",-18,27.5
"173",-18,26.5
"173",-18,25.5
"173",-18,24.5
"173",-19,23.5
"173",-20,22.5
"173",-21,21.5
"173",-22,20.5
"173",-23,19.5
"173",-24,18.5
"173",-25,17.5
"173",-25,16.5
"173",-26,15.5
"173",-27,14.5
"173",-28,13.5
"173",-29,12.5
"173",-30,11.5
"173",-31,10.5
"173",-31,9.5
"173",-31,8.5
"173",-31,7.5
"173",-31,6.5
"173",-31,5.5
"173",-31,4.5
"173",-31,3.5
"173",-31,2.5
"173",-31,1.5
"173",-31,0.5
"173",-31,-0.5
"173",-31,-1.5
"173",-31,-2.5
"173",-31,-3.5
"173",-31,-4.5
"173",-31,-5.5
"173",-31,-6.5
"173",-31,-7.5
"173",-32,-8.5
"173",-33,-9.5
"173",-34,-10.5
"173",-35,-11.5
"173",-36,-12.5
"173",-37,-13.5
"173",-37,-14.5
"173",-37,-15.5
"173",-37,-16.5
"173",-37,-17.5
"173",-37,-18.5
"173",-37,-19.5
"173",-37,-20.5
"173",-37,-21.5
"173",-37,-22.5
"173",-37,-23.5
"173",-37,-24.5
"173",-37,-25.5
"173",-37,-26.5
"173",-37,-27.5
"173",-37,-28.5
"173",-36,-29.5
"173",-36,-30.5
"173",-36,-31.5
"173",-35,-32.5
"173",-35,-33.5
"173",-35,-34.5
"173",-35,-35.5
"173",-35,-36.5
"173",-35,-37.5
"173",-35,-38.5
"173",-35,-39.5
"173",-35,-40.5
"173",-35,-41.5
"173",-35,-42.5
"173",-35,-43.5
"173",-35,-44.5
"173",-35,-45.5
"173",-35,-46.5
"173",-35,-47.5
"173",-34,-48.5
"173",-34,-49.5
"173",-33,-50.5
"173",-32,-51.5
"173",-31,-52.5
"173",-30,-53.5
"173",-29,-54.5
"173",-28,-55.5
"173",-27,-56.5
"173",-26,-57.5
"173",-25,-58.5
"173",-24,-59.5
"173",-23,-60.5
"173",-23,-61.5
"173",-23,-62.5
"173",-22,-63.5
"173",-21,-64.5
"173",-20,-65.5
"174",10,76.5
"174",9,76.5
"174",8,76.5
"174",7,76.5
"174",6,76.5
"174",5,76.5
"174",4,76.5
"174",3,76.5
"174",2,76.5
"174",1,76.5
"174",0,76.5
"174",-1,76.5
"174",-2,76.5
"174",-3,76.5
"174",-4,76.5
"174",-5,76.5
"174",-6,76.5
"174",-7,76.5
"174",-8,76.5
"174",-9,76.5
"174",-10,76.5
"174",-11,76.5
"174",-12,76.5
"174",-13,76.5
"174",-13,75.5
"174",-13,74.5
"174",-13,73.5
"174",-13,72.5
"174",-14,72.5
"174",-15,71.5
"174",-16,71.5
"174",-17,71.5
"174",-18,71.5
"174",-19,71.5
"174",-20,71.5
"174",-20,70.5
"174",-20,69.5
"174",-20,68.5
"174",-21,68.5
"174",-22,67.5
"174",-23,67.5
"174",-24,66.5
"174",-25,66.5
"174",-26,66.5
"174",-27,66.5
"174",-27,65.5
"174",-27,64.5
"174",-27,63.5
"174",-27,62.5
"174",-27,61.5
"174",-27,60.5
"174",-27,59.5
"174",-27,58.5
"174",-27,57.5
"174",-27,56.5
"174",-27,55.5
"174",-27,54.5
"174",-27,53.5
"174",-27,52.5
"174",-27,51.5
"174",-26,50.5
"174",-25,49.5
"174",-24,48.5
"174",-23,47.5
"174",-22,47.5
"174",-22,46.5
"174",-22,45.5
"174",-22,44.5
"174",-22,43.5
"174",-22,42.5
"174",-21,41.5
"174",-20,41.5
"174",-19,40.5
"174",-18,40.5
"174",-18,39.5
"174",-18,38.5
"174",-18,37.5
"174",-18,36.5
"174",-18,35.5
"174",-18,34.5
"174",-18,33.5
"174",-18,32.5
"174",-18,31.5
"174",-18,30.5
"174",-18,29.5
"174",-18,28.5
"174",-18,27.5
"174",-18,26.5
"174",-18,25.5
"174",-18,24.5
"174",-18,23.5
"174",-18,22.5
"174",-18,21.5
"174",-18,20.5
"174",-18,19.5
"174",-18,18.5
"174",-18,17.5
"174",-18,16.5
"174",-18,15.5
"174",-18,14.5
"174",-18,13.5
"174",-18,12.5
"174",-18,11.5
"174",-18,10.5
"174",-18,9.5
"174",-18,8.5
"174",-18,7.5
"174",-18,6.5
"174",-18,5.5
"174",-18,4.5
"174",-18,3.5
"174",-18,2.5
"174",-19,2.5
"174",-20,1.5
"174",-21,1.5
"174",-22,0.5
"174",-22,-0.5
"174",-22,-1.5
"174",-23,-2.5
"174",-23,-3.5
"174",-23,-4.5
"174",-23,-5.5
"174",-23,-6.5
"174",-23,-7.5
"174",-23,-8.5
"174",-23,-9.5
"174",-23,-10.5
"174",-23,-11.5
"174",-24,-12.5
"174",-25,-12.5
"174",-26,-12.5
"174",-27,-13.5
"174",-27,-14.5
"174",-27,-15.5
"174",-27,-16.5
"174",-27,-17.5
"174",-27,-18.5
"174",-27,-19.5
"174",-27,-20.5
"174",-27,-21.5
"174",-27,-22.5
"174",-27,-23.5
"174",-27,-24.5
"174",-27,-25.5
"174",-27,-26.5
"174",-27,-27.5
"174",-27,-28.5
"174",-27,-29.5
"174",-27,-30.5
"174",-27,-31.5
"174",-27,-32.5
"174",-27,-33.5
"174",-27,-34.5
"174",-27,-35.5
"174",-27,-36.5
"174",-27,-37.5
"174",-27,-38.5
"174",-27,-39.5
"174",-27,-40.5
"174",-27,-41.5
"174",-27,-42.5
"174",-27,-43.5
"174",-27,-44.5
"174",-27,-45.5
"174",-27,-46.5
"174",-27,-47.5
"174",-27,-48.5
"174",-27,-49.5
"174",-27,-50.5
"174",-27,-51.5
"174",-27,-52.5
"174",-27,-53.5
"174",-26,-54.5
"174",-25,-54.5
"174",-25,-55.5
"174",-25,-56.5
"174",-25,-57.5
"174",-25,-58.5
"174",-25,-59.5
"174",-25,-60.5
"174",-25,-61.5
"174",-25,-62.5
"174",-24,-63.5
"174",-23,-63.5
"174",-23,-64.5
"174",-22,-65.5
"174",-21,-65.5
"174",-20,-65.5
"175",10,76.5
"175",9,76.5
"175",8,76.5
"175",7,76.5
"175",6,76.5
"175",5,76.5
"175",4,76.5
"175",3,76.5
"175",2,76.5
"175",1,76.5
"175",0,76.5
"175",-1,76.5
"175",-2,76.5
"175",-3,76.5
"175",-4,76.5
"175",-5,76.5
"175",-6,76.5
"175",-7,76.5
"175",-8,76.5
"175",-9,76.5
"175",-10,76.5
"175",-11,76.5
"175",-12,76.5
"175",-13,76.5
"175",-14,76.5
"175",-15,76.5
"175",-16,76.5
"175",-17,76.5
"175",-17,75.5
"175",-17,74.5
"175",-17,73.5
"175",-17,72.5
"175",-18,72.5
"175",-18,71.5
"175",-19,71.5
"175",-19,70.5
"175",-19,69.5
"175",-19,68.5
"175",-20,67.5
"175",-21,67.5
"175",-22,67.5
"175",-23,67.5
"175",-24,66.5
"175",-25,66.5
"175",-26,66.5
"175",-27,66.5
"175",-28,66.5
"175",-29,65.5
"175",-30,64.5
"175",-31,63.5
"175",-32,62.5
"175",-32,61.5
"175",-32,60.5
"175",-31,59.5
"175",-30,58.5
"175",-29,57.5
"175",-28,56.5
"175",-27,55.5
"175",-26,54.5
"175",-25,53.5
"175",-24,52.5
"175",-23,51.5
"175",-22,50.5
"175",-21,49.5
"175",-20,48.5
"175",-19,47.5
"175",-18,46.5
"175",-17,45.5
"175",-16,44.5
"175",-15,43.5
"175",-14,42.5
"175",-14,41.5
"175",-14,40.5
"175",-14,39.5
"175",-14,38.5
"175",-14,37.5
"175",-14,36.5
"175",-14,35.5
"175",-14,34.5
"175",-14,33.5
"175",-14,32.5
"175",-14,31.5
"175",-14,30.5
"175",-14,29.5
"175",-15,28.5
"175",-15,27.5
"175",-16,26.5
"175",-17,25.5
"175",-18,24.5
"175",-19,23.5
"175",-20,22.5
"175",-21,21.5
"175",-22,20.5
"175",-22,19.5
"175",-23,18.5
"175",-24,17.5
"175",-25,16.5
"175",-26,15.5
"175",-27,14.5
"175",-28,13.5
"175",-29,12.5
"175",-30,11.5
"175",-30,10.5
"175",-30,9.5
"175",-30,8.5
"175",-30,7.5
"175",-30,6.5
"175",-30,5.5
"175",-30,4.5
"175",-30,3.5
"175",-30,2.5
"175",-30,1.5
"175",-30,0.5
"175",-30,-0.5
"175",-30,-1.5
"175",-30,-2.5
"175",-30,-3.5
"175",-30,-4.5
"175",-30,-5.5
"175",-30,-6.5
"175",-31,-7.5
"175",-32,-8.5
"175",-33,-9.5
"175",-34,-10.5
"175",-35,-11.5
"175",-36,-12.5
"175",-37,-13.5
"175",-38,-14.5
"175",-38,-15.5
"175",-38,-16.5
"175",-38,-17.5
"175",-38,-18.5
"175",-39,-19.5
"175",-39,-20.5
"175",-39,-21.5
"175",-39,-22.5
"175",-39,-23.5
"175",-39,-24.5
"175",-39,-25.5
"175",-39,-26.5
"175",-39,-27.5
"175",-39,-28.5
"175",-39,-29.5
"175",-39,-30.5
"175",-39,-31.5
"175",-39,-32.5
"175",-39,-33.5
"175",-39,-34.5
"175",-39,-35.5
"175",-39,-36.5
"175",-39,-37.5
"175",-39,-38.5
"175",-39,-39.5
"175",-39,-40.5
"175",-39,-41.5
"175",-39,-42.5
"175",-39,-43.5
"175",-39,-44.5
"175",-38,-45.5
"175",-37,-46.5
"175",-36,-47.5
"175",-35,-48.5
"175",-34,-49.5
"175",-33,-50.5
"175",-32,-51.5
"175",-31,-52.5
"175",-30,-53.5
"175",-29,-54.5
"175",-28,-55.5
"175",-27,-56.5
"175",-26,-57.5
"175",-25,-58.5
"175",-24,-59.5
"175",-23,-60.5
"175",-22,-61.5
"175",-21,-62.5
"175",-20,-63.5
"175",-20,-64.5
"175",-20,-65.5
"176",10,76.5
"176",9,76.5
"176",8,76.5
"176",7,76.5
"176",6,76.5
"176",5,76.5
"176",4,76.5
"176",3,76.5
"176",2,76.5
"176",1,76.5
"176",0,76.5
"176",-1,76.5
"176",-2,76.5
"176",-3,76.5
"176",-4,76.5
"176",-5,76.5
"176",-6,76.5
"176",-7,76.5
"176",-8,76.5
"176",-9,76.5
"176",-10,76.5
"176",-11,76.5
"176",-12,76.5
"176",-13,76.5
"176",-14,76.5
"176",-15,76.5
"176",-16,76.5
"176",-16,75.5
"176",-16,74.5
"176",-16,73.5
"176",-16,72.5
"176",-17,72.5
"176",-18,72.5
"176",-19,72.5
"176",-20,72.5
"176",-20,71.5
"176",-20,70.5
"176",-20,69.5
"176",-20,68.5
"176",-21,68.5
"176",-22,67.5
"176",-23,67.5
"176",-24,66.5
"176",-25,66.5
"176",-26,65.5
"176",-27,64.5
"176",-27,63.5
"176",-27,62.5
"176",-27,61.5
"176",-27,60.5
"176",-27,59.5
"176",-27,58.5
"176",-27,57.5
"176",-27,56.5
"176",-27,55.5
"176",-27,54.5
"176",-27,53.5
"176",-27,52.5
"176",-27,51.5
"176",-26,50.5
"176",-25,49.5
"176",-24,48.5
"176",-23,47.5
"176",-22,46.5
"176",-21,45.5
"176",-20,44.5
"176",-19,43.5
"176",-18,42.5
"176",-18,41.5
"176",-18,40.5
"176",-18,39.5
"176",-18,38.5
"176",-18,37.5
"176",-18,36.5
"176",-18,35.5
"176",-18,34.5
"176",-18,33.5
"176",-18,32.5
"176",-18,31.5
"176",-18,30.5
"176",-18,29.5
"176",-18,28.5
"176",-18,27.5
"176",-18,26.5
"176",-18,25.5
"176",-18,24.5
"176",-19,23.5
"176",-20,22.5
"176",-21,21.5
"176",-22,20.5
"176",-23,19.5
"176",-24,18.5
"176",-25,17.5
"176",-25,16.5
"176",-26,15.5
"176",-27,14.5
"176",-28,13.5
"176",-29,12.5
"176",-30,11.5
"176",-31,10.5
"176",-31,9.5
"176",-31,8.5
"176",-31,7.5
"176",-31,6.5
"176",-31,5.5
"176",-31,4.5
"176",-31,3.5
"176",-31,2.5
"176",-31,1.5
"176",-31,0.5
"176",-31,-0.5
"176",-31,-1.5
"176",-31,-2.5
"176",-31,-3.5
"176",-31,-4.5
"176",-31,-5.5
"176",-31,-6.5
"176",-31,-7.5
"176",-32,-8.5
"176",-33,-9.5
"176",-34,-10.5
"176",-35,-11.5
"176",-36,-12.5
"176",-37,-13.5
"176",-37,-14.5
"176",-37,-15.5
"176",-37,-16.5
"176",-37,-17.5
"176",-37,-18.5
"176",-37,-19.5
"176",-37,-20.5
"176",-37,-21.5
"176",-37,-22.5
"176",-37,-23.5
"176",-37,-24.5
"176",-37,-25.5
"176",-37,-26.5
"176",-37,-27.5
"176",-37,-28.5
"176",-36,-29.5
"176",-36,-30.5
"176",-36,-31.5
"176",-35,-32.5
"176",-35,-33.5
"176",-35,-34.5
"176",-35,-35.5
"176",-35,-36.5
"176",-35,-37.5
"176",-35,-38.5
"176",-35,-39.5
"176",-35,-40.5
"176",-35,-41.5
"176",-35,-42.5
"176",-35,-43.5
"176",-35,-44.5
"176",-35,-45.5
"176",-35,-46.5
"176",-35,-47.5
"176",-34,-48.5
"176",-34,-49.5
"176",-33,-50.5
"176",-32,-51.5
"176",-31,-52.5
"176",-30,-53.5
"176",-29,-54.5
"176",-28,-55.5
"176",-27,-56.5
"176",-26,-57.5
"176",-25,-58.5
"176",-24,-59.5
"176",-23,-60.5
"176",-23,-61.5
"176",-23,-62.5
"176",-22,-63.5
"176",-21,-64.5
"176",-20,-65.5
"177",10,76.5
"177",9,76.5
"177",8,76.5
"177",7,76.5
"177",6,76.5
"177",5,76.5
"177",4,76.5
"177",3,76.5
"177",2,76.5
"177",1,76.5
"177",0,76.5
"177",-1,76.5
"177",-2,76.5
"177",-3,76.5
"177",-4,76.5
"177",-5,76.5
"177",-6,76.5
"177",-7,76.5
"177",-8,76.5
"177",-9,76.5
"177",-10,76.5
"177",-11,76.5
"177",-12,76.5
"177",-13,76.5
"177",-13,75.5
"177",-13,74.5
"177",-13,73.5
"177",-13,72.5
"177",-14,72.5
"177",-15,71.5
"177",-16,71.5
"177",-17,71.5
"177",-18,71.5
"177",-19,71.5
"177",-20,71.5
"177",-20,70.5
"177",-20,69.5
"177",-20,68.5
"177",-21,68.5
"177",-22,67.5
"177",-23,67.5
"177",-24,66.5
"177",-25,66.5
"177",-26,66.5
"177",-27,66.5
"177",-27,65.5
"177",-27,64.5
"177",-27,63.5
"177",-27,62.5
"177",-27,61.5
"177",-27,60.5
"177",-27,59.5
"177",-27,58.5
"177",-27,57.5
"177",-27,56.5
"177",-27,55.5
"177",-27,54.5
"177",-27,53.5
"177",-27,52.5
"177",-27,51.5
"177",-26,50.5
"177",-25,49.5
"177",-24,48.5
"177",-23,47.5
"177",-22,46.5
"177",-21,45.5
"177",-20,44.5
"177",-19,43.5
"177",-18,42.5
"177",-18,41.5
"177",-18,40.5
"177",-18,39.5
"177",-18,38.5
"177",-18,37.5
"177",-18,36.5
"177",-18,35.5
"177",-18,34.5
"177",-18,33.5
"177",-18,32.5
"177",-18,31.5
"177",-18,30.5
"177",-18,29.5
"177",-18,28.5
"177",-18,27.5
"177",-18,26.5
"177",-18,25.5
"177",-18,24.5
"177",-18,23.5
"177",-18,22.5
"177",-18,21.5
"177",-18,20.5
"177",-18,19.5
"177",-18,18.5
"177",-18,17.5
"177",-18,16.5
"177",-18,15.5
"177",-18,14.5
"177",-18,13.5
"177",-18,12.5
"177",-18,11.5
"177",-18,10.5
"177",-18,9.5
"177",-18,8.5
"177",-18,7.5
"177",-18,6.5
"177",-18,5.5
"177",-18,4.5
"177",-18,3.5
"177",-18,2.5
"177",-18,1.5
"177",-18,0.5
"177",-18,-0.5
"177",-18,-1.5
"177",-18,-2.5
"177",-18,-3.5
"177",-18,-4.5
"177",-19,-4.5
"177",-20,-5.5
"177",-21,-6.5
"177",-22,-7.5
"177",-23,-8.5
"177",-23,-9.5
"177",-23,-10.5
"177",-24,-11.5
"177",-25,-12.5
"177",-26,-12.5
"177",-27,-13.5
"177",-27,-14.5
"177",-27,-15.5
"177",-27,-16.5
"177",-27,-17.5
"177",-27,-18.5
"177",-27,-19.5
"177",-27,-20.5
"177",-27,-21.5
"177",-27,-22.5
"177",-27,-23.5
"177",-27,-24.5
"177",-27,-25.5
"177",-27,-26.5
"177",-27,-27.5
"177",-27,-28.5
"177",-27,-29.5
"177",-27,-30.5
"177",-27,-31.5
"177",-27,-32.5
"177",-27,-33.5
"177",-27,-34.5
"177",-27,-35.5
"177",-27,-36.5
"177",-27,-37.5
"177",-27,-38.5
"177",-27,-39.5
"177",-27,-40.5
"177",-27,-41.5
"177",-27,-42.5
"177",-27,-43.5
"177",-27,-44.5
"177",-27,-45.5
"177",-27,-46.5
"177",-27,-47.5
"177",-27,-48.5
"177",-27,-49.5
"177",-27,-50.5
"177",-27,-51.5
"177",-27,-52.5
"177",-27,-53.5
"177",-26,-54.5
"177",-25,-55.5
"177",-25,-56.5
"177",-25,-57.5
"177",-25,-58.5
"177",-25,-59.5
"177",-25,-60.5
"177",-24,-61.5
"177",-23,-62.5
"177",-22,-63.5
"177",-21,-64.5
"177",-20,-65.5
"178",10,76.5
"178",9,76.5
"178",8,76.5
"178",7,76.5
"178",6,76.5
"178",5,76.5
"178",4,76.5
"178",3,76.5
"178",2,76.5
"178",1,76.5
"178",0,76.5
"178",-1,76.5
"178",-2,76.5
"178",-3,76.5
"178",-4,76.5
"178",-5,76.5
"178",-6,76.5
"178",-7,76.5
"178",-8,76.5
"178",-9,76.5
"178",-10,76.5
"178",-11,76.5
"178",-12,76.5
"178",-13,76.5
"178",-14,76.5
"178",-15,76.5
"178",-16,76.5
"178",-17,76.5
"178",-17,75.5
"178",-17,74.5
"178",-17,73.5
"178",-17,72.5
"178",-18,72.5
"178",-18,71.5
"178",-19,71.5
"178",-19,70.5
"178",-19,69.5
"178",-19,68.5
"178",-20,68.5
"178",-21,68.5
"178",-22,68.5
"178",-23,67.5
"178",-24,67.5
"178",-25,67.5
"178",-26,67.5
"178",-27,66.5
"178",-28,65.5
"178",-29,64.5
"178",-30,63.5
"178",-31,62.5
"178",-31,61.5
"178",-31,60.5
"178",-30,59.5
"178",-29,58.5
"178",-28,57.5
"178",-27,56.5
"178",-26,55.5
"178",-25,54.5
"178",-24,53.5
"178",-23,52.5
"178",-22,51.5
"178",-21,50.5
"178",-20,49.5
"178",-19,48.5
"178",-18,47.5
"178",-17,46.5
"178",-16,45.5
"178",-15,44.5
"178",-15,43.5
"178",-15,42.5
"178",-15,41.5
"178",-15,40.5
"178",-15,39.5
"178",-15,38.5
"178",-15,37.5
"178",-15,36.5
"178",-15,35.5
"178",-15,34.5
"178",-15,33.5
"178",-15,32.5
"178",-15,31.5
"178",-15,30.5
"178",-15,29.5
"178",-15,28.5
"178",-15,27.5
"178",-16,26.5
"178",-17,25.5
"178",-18,24.5
"178",-19,23.5
"178",-20,22.5
"178",-21,21.5
"178",-21,20.5
"178",-21,19.5
"178",-21,18.5
"178",-22,17.5
"178",-23,16.5
"178",-23,15.5
"178",-23,14.5
"178",-23,13.5
"178",-23,12.5
"178",-23,11.5
"178",-23,10.5
"178",-23,9.5
"178",-23,8.5
"178",-23,7.5
"178",-23,6.5
"178",-23,5.5
"178",-23,4.5
"178",-23,3.5
"178",-23,2.5
"178",-23,1.5
"178",-23,0.5
"178",-23,-0.5
"178",-24,-1.5
"178",-25,-2.5
"178",-26,-3.5
"178",-27,-4.5
"178",-28,-5.5
"178",-29,-6.5
"178",-30,-7.5
"178",-31,-8.5
"178",-32,-9.5
"178",-33,-10.5
"178",-34,-11.5
"178",-35,-12.5
"178",-36,-13.5
"178",-37,-14.5
"178",-38,-15.5
"178",-38,-16.5
"178",-38,-17.5
"178",-38,-18.5
"178",-38,-19.5
"178",-38,-20.5
"178",-38,-21.5
"178",-38,-22.5
"178",-38,-23.5
"178",-38,-24.5
"178",-38,-25.5
"178",-38,-26.5
"178",-38,-27.5
"178",-38,-28.5
"178",-38,-29.5
"178",-38,-30.5
"178",-38,-31.5
"178",-38,-32.5
"178",-38,-33.5
"178",-38,-34.5
"178",-38,-35.5
"178",-38,-36.5
"178",-38,-37.5
"178",-38,-38.5
"178",-38,-39.5
"178",-38,-40.5
"178",-38,-41.5
"178",-38,-42.5
"178",-38,-43.5
"178",-38,-44.5
"178",-37,-45.5
"178",-36,-46.5
"178",-35,-47.5
"178",-34,-48.5
"178",-33,-49.5
"178",-32,-50.5
"178",-31,-51.5
"178",-30,-52.5
"178",-29,-53.5
"178",-28,-54.5
"178",-27,-55.5
"178",-26,-56.5
"178",-25,-57.5
"178",-24,-58.5
"178",-23,-59.5
"178",-22,-60.5
"178",-21,-61.5
"178",-20,-62.5
"178",-20,-63.5
"178",-20,-64.5
"178",-20,-65.5
"179",10,76.5
"179",9,76.5
"179",8,76.5
"179",7,76.5
"179",6,76.5
"179",5,76.5
"179",4,76.5
"179",3,76.5
"179",2,76.5
"179",1,76.5
"179",0,76.5
"179",-1,76.5
"179",-2,76.5
"179",-3,76.5
"179",-4,76.5
"179",-5,76.5
"179",-6,76.5
"179",-7,76.5
"179",-8,76.5
"179",-9,76.5
"179",-10,76.5
"179",-11,76.5
"179",-12,76.5
"179",-13,76.5
"179",-14,76.5
"179",-15,76.5
"179",-16,76.5
"179",-17,76.5
"179",-17,75.5
"179",-17,74.5
"179",-17,73.5
"179",-17,72.5
"179",-18,72.5
"179",-18,71.5
"179",-19,71.5
"179",-19,70.5
"179",-19,69.5
"179",-19,68.5
"179",-20,67.5
"179",-21,67.5
"179",-22,67.5
"179",-23,67.5
"179",-24,66.5
"179",-25,66.5
"179",-26,66.5
"179",-27,66.5
"179",-28,66.5
"179",-29,66.5
"179",-30,66.5
"179",-31,66.5
"179",-32,65.5
"179",-33,64.5
"179",-34,63.5
"179",-35,62.5
"179",-35,61.5
"179",-34,60.5
"179",-33,59.5
"179",-32,58.5
"179",-31,57.5
"179",-30,56.5
"179",-29,55.5
"179",-28,54.5
"179",-27,53.5
"179",-26,52.5
"179",-25,51.5
"179",-24,50.5
"179",-23,49.5
"179",-22,48.5
"179",-21,47.5
"179",-20,46.5
"179",-19,45.5
"179",-18,44.5
"179",-17,43.5
"179",-16,42.5
"179",-15,41.5
"179",-14,40.5
"179",-13,39.5
"179",-13,38.5
"179",-13,37.5
"179",-13,36.5
"179",-13,35.5
"179",-13,34.5
"179",-13,33.5
"179",-13,32.5
"179",-13,31.5
"179",-13,30.5
"179",-13,29.5
"179",-14,28.5
"179",-15,27.5
"179",-16,26.5
"179",-17,25.5
"179",-18,24.5
"179",-19,23.5
"179",-20,22.5
"179",-21,21.5
"179",-22,20.5
"179",-22,19.5
"179",-23,18.5
"179",-24,17.5
"179",-25,16.5
"179",-26,15.5
"179",-27,14.5
"179",-28,13.5
"179",-29,12.5
"179",-30,11.5
"179",-31,10.5
"179",-32,9.5
"179",-33,8.5
"179",-33,7.5
"179",-33,6.5
"179",-33,5.5
"179",-33,4.5
"179",-33,3.5
"179",-33,2.5
"179",-33,1.5
"179",-33,0.5
"179",-33,-0.5
"179",-33,-1.5
"179",-33,-2.5
"179",-33,-3.5
"179",-33,-4.5
"179",-33,-5.5
"179",-33,-6.5
"179",-33,-7.5
"179",-34,-8.5
"179",-35,-9.5
"179",-35,-10.5
"179",-35,-11.5
"179",-36,-12.5
"179",-37,-13.5
"179",-38,-14.5
"179",-38,-15.5
"179",-38,-16.5
"179",-38,-17.5
"179",-38,-18.5
"179",-39,-19.5
"179",-39,-20.5
"179",-39,-21.5
"179",-39,-22.5
"179",-40,-23.5
"179",-41,-24.5
"179",-42,-25.5
"179",-43,-26.5
"179",-44,-27.5
"179",-45,-28.5
"179",-46,-29.5
"179",-47,-30.5
"179",-47,-31.5
"179",-47,-32.5
"179",-47,-33.5
"179",-47,-34.5
"179",-47,-35.5
"179",-47,-36.5
"179",-47,-37.5
"179",-47,-38.5
"179",-46,-39.5
"179",-45,-40.5
"179",-44,-41.5
"179",-43,-42.5
"179",-42,-43.5
"179",-41,-44.5
"179",-40,-45.5
"179",-39,-46.5
"179",-38,-47.5
"179",-37,-48.5
"179",-36,-49.5
"179",-35,-50.5
"179",-34,-51.5
"179",-33,-52.5
"179",-32,-53.5
"179",-31,-54.5
"179",-30,-55.5
"179",-29,-56.5
"179",-28,-57.5
"179",-27,-58.5
"179",-26,-59.5
"179",-25,-60.5
"179",-24,-61.5
"179",-23,-62.5
"179",-22,-63.5
"179",-21,-64.5
"179",-20,-65.5
"180",10,76.5
"180",9,76.5
"180",8,76.5
"180",7,76.5
"180",6,76.5
"180",5,76.5
"180",4,76.5
"180",3,76.5
"180",2,76.5
"180",1,76.5
"180",0,76.5
"180",-1,76.5
"180",-2,76.5
"180",-3,76.5
"180",-4,76.5
"180",-5,76.5
"180",-6,76.5
"180",-7,76.5
"180",-8,76.5
"180",-9,76.5
"180",-10,76.5
"180",-11,76.5
"180",-12,76.5
"180",-13,76.5
"180",-13,75.5
"180",-13,74.5
"180",-13,73.5
"180",-14,73.5
"180",-15,73.5
"180",-16,73.5
"180",-16,72.5
"180",-17,72.5
"180",-18,72.5
"180",-19,72.5
"180",-20,72.5
"180",-20,71.5
"180",-20,70.5
"180",-20,69.5
"180",-20,68.5
"180",-21,68.5
"180",-22,67.5
"180",-23,67.5
"180",-24,66.5
"180",-25,66.5
"180",-26,66.5
"180",-27,66.5
"180",-28,65.5
"180",-29,65.5
"180",-30,65.5
"180",-31,65.5
"180",-32,65.5
"180",-33,65.5
"180",-34,65.5
"180",-35,64.5
"180",-36,64.5
"180",-37,63.5
"180",-37,62.5
"180",-37,61.5
"180",-37,60.5
"180",-37,59.5
"180",-36,58.5
"180",-35,57.5
"180",-34,56.5
"180",-33,55.5
"180",-32,54.5
"180",-31,54.5
"180",-30,53.5
"180",-29,53.5
"180",-28,52.5
"180",-27,51.5
"180",-26,50.5
"180",-25,49.5
"180",-24,48.5
"180",-23,47.5
"180",-22,47.5
"180",-21,46.5
"180",-20,45.5
"180",-19,44.5
"180",-18,43.5
"180",-17,42.5
"180",-16,41.5
"180",-15,40.5
"180",-14,39.5
"180",-14,38.5
"180",-14,37.5
"180",-14,36.5
"180",-14,35.5
"180",-14,34.5
"180",-14,33.5
"180",-14,32.5
"180",-14,31.5
"180",-14,30.5
"180",-14,29.5
"180",-14,28.5
"180",-15,27.5
"180",-16,26.5
"180",-17,25.5
"180",-18,24.5
"180",-19,23.5
"180",-20,22.5
"180",-21,21.5
"180",-22,20.5
"180",-23,19.5
"180",-24,18.5
"180",-24,17.5
"180",-25,16.5
"180",-26,15.5
"180",-27,14.5
"180",-28,13.5
"180",-29,12.5
"180",-30,11.5
"180",-31,10.5
"180",-31,9.5
"180",-31,8.5
"180",-31,7.5
"180",-31,6.5
"180",-31,5.5
"180",-31,4.5
"180",-31,3.5
"180",-31,2.5
"180",-31,1.5
"180",-31,0.5
"180",-31,-0.5
"180",-31,-1.5
"180",-31,-2.5
"180",-31,-3.5
"180",-31,-4.5
"180",-31,-5.5
"180",-31,-6.5
"180",-31,-7.5
"180",-32,-8.5
"180",-33,-9.5
"180",-34,-10.5
"180",-35,-11.5
"180",-36,-12.5
"180",-37,-13.5
"180",-37,-14.5
"180",-37,-15.5
"180",-37,-16.5
"180",-37,-17.5
"180",-37,-18.5
"180",-37,-19.5
"180",-37,-20.5
"180",-37,-21.5
"180",-37,-22.5
"180",-37,-23.5
"180",-37,-24.5
"180",-37,-25.5
"180",-37,-26.5
"180",-37,-27.5
"180",-37,-28.5
"180",-37,-29.5
"180",-37,-30.5
"180",-37,-31.5
"180",-37,-32.5
"180",-37,-33.5
"180",-37,-34.5
"180",-37,-35.5
"180",-37,-36.5
"180",-37,-37.5
"180",-36,-38.5
"180",-35,-39.5
"180",-35,-40.5
"180",-35,-41.5
"180",-35,-42.5
"180",-35,-43.5
"180",-35,-44.5
"180",-35,-45.5
"180",-35,-46.5
"180",-35,-47.5
"180",-34,-48.5
"180",-34,-49.5
"180",-33,-50.5
"180",-32,-51.5
"180",-31,-52.5
"180",-30,-53.5
"180",-29,-54.5
"180",-28,-55.5
"180",-27,-56.5
"180",-26,-57.5
"180",-25,-58.5
"180",-24,-59.5
"180",-23,-60.5
"180",-23,-61.5
"180",-23,-62.5
"180",-22,-63.5
"180",-21,-64.5
"180",-20,-65.5
"181",10,76.5
"181",9,76.5
"181",8,76.5
"181",7,76.5
"181",6,76.5
"181",5,76.5
"181",4,76.5
"181",3,76.5
"181",2,76.5
"181",1,76.5
"181",0,76.5
"181",-1,76.5
"181",-2,76.5
"181",-3,76.5
"181",-4,76.5
"181",-5,76.5
"181",-6,76.5
"181",-7,76.5
"181",-8,76.5
"181",-9,76.5
"181",-10,76.5
"181",-11,76.5
"181",-12,76.5
"181",-13,76.5
"181",-13,75.5
"181",-13,74.5
"181",-13,73.5
"181",-13,72.5
"181",-14,72.5
"181",-15,71.5
"181",-16,71.5
"181",-17,71.5
"181",-18,71.5
"181",-19,71.5
"181",-20,71.5
"181",-20,70.5
"181",-20,69.5
"181",-20,68.5
"181",-21,68.5
"181",-22,67.5
"181",-23,67.5
"181",-24,66.5
"181",-25,66.5
"181",-26,66.5
"181",-27,66.5
"181",-27,65.5
"181",-27,64.5
"181",-27,63.5
"181",-27,62.5
"181",-27,61.5
"181",-27,60.5
"181",-27,59.5
"181",-27,58.5
"181",-27,57.5
"181",-27,56.5
"181",-27,55.5
"181",-27,54.5
"181",-27,53.5
"181",-27,52.5
"181",-27,51.5
"181",-26,50.5
"181",-25,49.5
"181",-24,48.5
"181",-23,47.5
"181",-22,47.5
"181",-22,46.5
"181",-22,45.5
"181",-22,44.5
"181",-22,43.5
"181",-22,42.5
"181",-21,41.5
"181",-20,41.5
"181",-20,40.5
"181",-20,39.5
"181",-20,38.5
"181",-20,37.5
"181",-20,36.5
"181",-20,35.5
"181",-20,34.5
"181",-20,33.5
"181",-20,32.5
"181",-20,31.5
"181",-20,30.5
"181",-20,29.5
"181",-20,28.5
"181",-20,27.5
"181",-20,26.5
"181",-20,25.5
"181",-20,24.5
"181",-20,23.5
"181",-21,23.5
"181",-22,22.5
"181",-23,22.5
"181",-24,21.5
"181",-25,20.5
"181",-25,19.5
"181",-25,18.5
"181",-25,17.5
"181",-25,16.5
"181",-25,15.5
"181",-26,14.5
"181",-27,14.5
"181",-28,14.5
"181",-29,13.5
"181",-29,12.5
"181",-29,11.5
"181",-29,10.5
"181",-29,9.5
"181",-29,8.5
"181",-30,7.5
"181",-31,6.5
"181",-31,5.5
"181",-31,4.5
"181",-31,3.5
"181",-31,2.5
"181",-31,1.5
"181",-31,0.5
"181",-31,-0.5
"181",-31,-1.5
"181",-31,-2.5
"181",-31,-3.5
"181",-31,-4.5
"181",-31,-5.5
"181",-31,-6.5
"181",-31,-7.5
"181",-31,-8.5
"181",-32,-9.5
"181",-33,-10.5
"181",-34,-10.5
"181",-35,-11.5
"181",-36,-12.5
"181",-37,-13.5
"181",-37,-14.5
"181",-37,-15.5
"181",-37,-16.5
"181",-37,-17.5
"181",-37,-18.5
"181",-37,-19.5
"181",-37,-20.5
"181",-37,-21.5
"181",-37,-22.5
"181",-37,-23.5
"181",-37,-24.5
"181",-37,-25.5
"181",-37,-26.5
"181",-37,-27.5
"181",-37,-28.5
"181",-36,-29.5
"181",-36,-30.5
"181",-36,-31.5
"181",-35,-32.5
"181",-35,-33.5
"181",-35,-34.5
"181",-35,-35.5
"181",-35,-36.5
"181",-35,-37.5
"181",-35,-38.5
"181",-35,-39.5
"181",-35,-40.5
"181",-35,-41.5
"181",-35,-42.5
"181",-35,-43.5
"181",-35,-44.5
"181",-35,-45.5
"181",-35,-46.5
"181",-35,-47.5
"181",-34,-48.5
"181",-34,-49.5
"181",-33,-50.5
"181",-32,-51.5
"181",-31,-52.5
"181",-30,-53.5
"181",-29,-53.5
"181",-28,-53.5
"181",-27,-53.5
"181",-26,-54.5
"181",-25,-54.5
"181",-25,-55.5
"181",-25,-56.5
"181",-25,-57.5
"181",-25,-58.5
"181",-25,-59.5
"181",-25,-60.5
"181",-25,-61.5
"181",-25,-62.5
"181",-24,-63.5
"181",-23,-63.5
"181",-23,-64.5
"181",-22,-65.5
"181",-21,-65.5
"181",-20,-65.5
"182",10,76.5
"182",9,76.5
"182",8,76.5
"182",7,76.5
"182",6,76.5
"182",5,76.5
"182",4,76.5
"182",3,76.5
"182",2,76.5
"182",1,76.5
"182",0,76.5
"182",-1,76.5
"182",-2,76.5
"182",-3,76.5
"182",-4,76.5
"182",-5,76.5
"182",-6,76.5
"182",-7,76.5
"182",-8,76.5
"182",-9,76.5
"182",-10,76.5
"182",-11,76.5
"182",-12,76.5
"182",-13,76.5
"182",-14,76.5
"182",-15,76.5
"182",-16,76.5
"182",-17,76.5
"182",-17,75.5
"182",-17,74.5
"182",-17,73.5
"182",-17,72.5
"182",-18,72.5
"182",-18,71.5
"182",-19,71.5
"182",-19,70.5
"182",-19,69.5
"182",-19,68.5
"182",-20,68.5
"182",-21,68.5
"182",-22,68.5
"182",-23,67.5
"182",-24,66.5
"182",-25,66.5
"182",-26,66.5
"182",-27,66.5
"182",-28,66.5
"182",-29,66.5
"182",-30,66.5
"182",-31,66.5
"182",-32,65.5
"182",-33,64.5
"182",-34,63.5
"182",-35,62.5
"182",-35,61.5
"182",-34,60.5
"182",-33,59.5
"182",-32,58.5
"182",-31,57.5
"182",-30,56.5
"182",-29,55.5
"182",-28,54.5
"182",-27,53.5
"182",-26,52.5
"182",-25,51.5
"182",-24,50.5
"182",-23,49.5
"182",-22,48.5
"182",-21,47.5
"182",-20,46.5
"182",-19,45.5
"182",-18,44.5
"182",-17,43.5
"182",-16,42.5
"182",-15,41.5
"182",-14,40.5
"182",-14,39.5
"182",-14,38.5
"182",-14,37.5
"182",-14,36.5
"182",-14,35.5
"182",-14,34.5
"182",-14,33.5
"182",-14,32.5
"182",-14,31.5
"182",-14,30.5
"182",-14,29.5
"182",-15,28.5
"182",-15,27.5
"182",-16,26.5
"182",-17,25.5
"182",-18,24.5
"182",-19,23.5
"182",-20,22.5
"182",-21,21.5
"182",-22,20.5
"182",-22,19.5
"182",-22,18.5
"182",-23,17.5
"182",-24,16.5
"182",-25,15.5
"182",-26,14.5
"182",-27,13.5
"182",-28,12.5
"182",-29,11.5
"182",-29,10.5
"182",-29,9.5
"182",-29,8.5
"182",-29,7.5
"182",-29,6.5
"182",-29,5.5
"182",-29,4.5
"182",-29,3.5
"182",-29,2.5
"182",-29,1.5
"182",-29,0.5
"182",-29,-0.5
"182",-29,-1.5
"182",-29,-2.5
"182",-29,-3.5
"182",-29,-4.5
"182",-29,-5.5
"182",-30,-6.5
"182",-31,-7.5
"182",-32,-8.5
"182",-33,-9.5
"182",-34,-10.5
"182",-35,-11.5
"182",-36,-12.5
"182",-37,-13.5
"182",-38,-14.5
"182",-38,-15.5
"182",-38,-16.5
"182",-38,-17.5
"182",-38,-18.5
"182",-39,-19.5
"182",-39,-20.5
"182",-39,-21.5
"182",-39,-22.5
"182",-39,-23.5
"182",-40,-24.5
"182",-41,-25.5
"182",-42,-26.5
"182",-43,-27.5
"182",-44,-28.5
"182",-45,-29.5
"182",-45,-30.5
"182",-45,-31.5
"182",-45,-32.5
"182",-45,-33.5
"182",-45,-34.5
"182",-45,-35.5
"182",-45,-36.5
"182",-45,-37.5
"182",-45,-38.5
"182",-45,-39.5
"182",-45,-40.5
"182",-44,-41.5
"182",-43,-42.5
"182",-42,-43.5
"182",-41,-44.5
"182",-40,-45.5
"182",-39,-46.5
"182",-38,-47.5
"182",-37,-48.5
"182",-36,-49.5
"182",-35,-50.5
"182",-34,-51.5
"182",-33,-52.5
"182",-32,-53.5
"182",-31,-54.5
"182",-30,-55.5
"182",-29,-56.5
"182",-28,-57.5
"182",-27,-58.5
"182",-26,-59.5
"182",-25,-60.5
"182",-24,-61.5
"182",-23,-62.5
"182",-22,-63.5
"182",-21,-64.5
"182",-20,-65.5
"183",10,76.5
"183",9,76.5
"183",8,76.5
"183",7,76.5
"183",6,76.5
"183",5,76.5
"183",4,76.5
"183",3,76.5
"183",2,76.5
"183",1,76.5
"183",0,76.5
"183",-1,76.5
"183",-2,76.5
"183",-3,76.5
"183",-4,76.5
"183",-5,76.5
"183",-6,76.5
"183",-7,76.5
"183",-8,76.5
"183",-9,76.5
"183",-10,76.5
"183",-11,76.5
"183",-12,76.5
"183",-13,76.5
"183",-14,76.5
"183",-15,76.5
"183",-16,76.5
"183",-16,75.5
"183",-16,74.5
"183",-16,73.5
"183",-16,72.5
"183",-16,71.5
"183",-17,71.5
"183",-18,71.5
"183",-19,71.5
"183",-20,71.5
"183",-20,70.5
"183",-20,69.5
"183",-20,68.5
"183",-21,68.5
"183",-22,67.5
"183",-23,67.5
"183",-24,66.5
"183",-25,66.5
"183",-26,66.5
"183",-27,66.5
"183",-28,65.5
"183",-29,65.5
"183",-30,65.5
"183",-31,65.5
"183",-32,65.5
"183",-33,65.5
"183",-34,65.5
"183",-35,65.5
"183",-36,64.5
"183",-37,63.5
"183",-37,62.5
"183",-37,61.5
"183",-37,60.5
"183",-36,59.5
"183",-35,58.5
"183",-34,57.5
"183",-33,56.5
"183",-32,55.5
"183",-31,55.5
"183",-30,54.5
"183",-29,53.5
"183",-28,52.5
"183",-27,51.5
"183",-26,50.5
"183",-25,49.5
"183",-24,48.5
"183",-23,47.5
"183",-22,46.5
"183",-21,45.5
"183",-20,44.5
"183",-19,43.5
"183",-18,42.5
"183",-18,41.5
"183",-18,40.5
"183",-18,39.5
"183",-18,38.5
"183",-18,37.5
"183",-18,36.5
"183",-18,35.5
"183",-18,34.5
"183",-18,33.5
"183",-18,32.5
"183",-18,31.5
"183",-18,30.5
"183",-18,29.5
"183",-18,28.5
"183",-18,27.5
"183",-18,26.5
"183",-18,25.5
"183",-18,24.5
"183",-19,23.5
"183",-20,22.5
"183",-20,21.5
"183",-21,20.5
"183",-22,19.5
"183",-23,18.5
"183",-24,17.5
"183",-25,16.5
"183",-26,15.5
"183",-27,14.5
"183",-28,13.5
"183",-29,12.5
"183",-30,11.5
"183",-31,10.5
"183",-31,9.5
"183",-31,8.5
"183",-31,7.5
"183",-31,6.5
"183",-31,5.5
"183",-31,4.5
"183",-31,3.5
"183",-31,2.5
"183",-31,1.5
"183",-31,0.5
"183",-31,-0.5
"183",-31,-1.5
"183",-31,-2.5
"183",-31,-3.5
"183",-31,-4.5
"183",-31,-5.5
"183",-31,-6.5
"183",-31,-7.5
"183",-32,-8.5
"183",-33,-9.5
"183",-34,-10.5
"183",-35,-11.5
"183",-36,-12.5
"183",-37,-13.5
"183",-37,-14.5
"183",-37,-15.5
"183",-37,-16.5
"183",-37,-17.5
"183",-37,-18.5
"183",-37,-19.5
"183",-37,-20.5
"183",-37,-21.5
"183",-37,-22.5
"183",-37,-23.5
"183",-37,-24.5
"183",-37,-25.5
"183",-37,-26.5
"183",-37,-27.5
"183",-37,-28.5
"183",-36,-29.5
"183",-36,-30.5
"183",-36,-31.5
"183",-35,-32.5
"183",-35,-33.5
"183",-35,-34.5
"183",-35,-35.5
"183",-35,-36.5
"183",-35,-37.5
"183",-35,-38.5
"183",-35,-39.5
"183",-35,-40.5
"183",-35,-41.5
"183",-35,-42.5
"183",-35,-43.5
"183",-35,-44.5
"183",-35,-45.5
"183",-35,-46.5
"183",-35,-47.5
"183",-34,-48.5
"183",-34,-49.5
"183",-33,-50.5
"183",-32,-51.5
"183",-31,-52.5
"183",-30,-53.5
"183",-29,-54.5
"183",-28,-55.5
"183",-27,-56.5
"183",-26,-57.5
"183",-25,-58.5
"183",-24,-59.5
"183",-23,-60.5
"183",-23,-61.5
"183",-23,-62.5
"183",-22,-63.5
"183",-21,-64.5
"183",-20,-65.5
"184",10,76.5
"184",9,76.5
"184",8,76.5
"184",7,76.5
"184",6,76.5
"184",5,76.5
"184",4,76.5
"184",3,76.5
"184",2,76.5
"184",1,76.5
"184",0,76.5
"184",-1,76.5
"184",-2,76.5
"184",-3,76.5
"184",-4,76.5
"184",-5,76.5
"184",-6,76.5
"184",-7,76.5
"184",-8,76.5
"184",-9,76.5
"184",-10,76.5
"184",-11,76.5
"184",-12,76.5
"184",-13,76.5
"184",-13,75.5
"184",-13,74.5
"184",-13,73.5
"184",-13,72.5
"184",-14,72.5
"184",-15,71.5
"184",-16,71.5
"184",-17,71.5
"184",-18,71.5
"184",-19,71.5
"184",-20,71.5
"184",-20,70.5
"184",-20,69.5
"184",-20,68.5
"184",-21,68.5
"184",-22,67.5
"184",-23,67.5
"184",-24,66.5
"184",-25,66.5
"184",-26,66.5
"184",-27,66.5
"184",-27,65.5
"184",-27,64.5
"184",-27,63.5
"184",-27,62.5
"184",-27,61.5
"184",-27,60.5
"184",-27,59.5
"184",-27,58.5
"184",-27,57.5
"184",-27,56.5
"184",-27,55.5
"184",-27,54.5
"184",-27,53.5
"184",-27,52.5
"184",-27,51.5
"184",-26,50.5
"184",-25,49.5
"184",-24,48.5
"184",-23,47.5
"184",-22,46.5
"184",-21,45.5
"184",-20,44.5
"184",-20,43.5
"184",-20,42.5
"184",-20,41.5
"184",-20,40.5
"184",-20,39.5
"184",-20,38.5
"184",-20,37.5
"184",-20,36.5
"184",-20,35.5
"184",-20,34.5
"184",-20,33.5
"184",-20,32.5
"184",-20,31.5
"184",-20,30.5
"184",-20,29.5
"184",-20,28.5
"184",-20,27.5
"184",-20,26.5
"184",-20,25.5
"184",-20,24.5
"184",-20,23.5
"184",-21,23.5
"184",-22,22.5
"184",-23,22.5
"184",-24,21.5
"184",-25,20.5
"184",-26,19.5
"184",-27,18.5
"184",-28,18.5
"184",-29,17.5
"184",-29,16.5
"184",-29,15.5
"184",-29,14.5
"184",-29,13.5
"184",-29,12.5
"184",-29,11.5
"184",-29,10.5
"184",-29,9.5
"184",-29,8.5
"184",-30,7.5
"184",-31,6.5
"184",-31,5.5
"184",-31,4.5
"184",-31,3.5
"184",-31,2.5
"184",-31,1.5
"184",-31,0.5
"184",-31,-0.5
"184",-31,-1.5
"184",-31,-2.5
"184",-31,-3.5
"184",-31,-4.5
"184",-31,-5.5
"184",-31,-6.5
"184",-31,-7.5
"184",-31,-8.5
"184",-32,-9.5
"184",-33,-10.5
"184",-34,-10.5
"184",-35,-11.5
"184",-36,-12.5
"184",-37,-13.5
"184",-37,-14.5
"184",-37,-15.5
"184",-37,-16.5
"184",-37,-17.5
"184",-37,-18.5
"184",-37,-19.5
"184",-37,-20.5
"184",-37,-21.5
"184",-37,-22.5
"184",-37,-23.5
"184",-37,-24.5
"184",-37,-25.5
"184",-37,-26.5
"184",-37,-27.5
"184",-37,-28.5
"184",-36,-29.5
"184",-36,-30.5
"184",-36,-31.5
"184",-35,-32.5
"184",-35,-33.5
"184",-35,-34.5
"184",-35,-35.5
"184",-35,-36.5
"184",-35,-37.5
"184",-35,-38.5
"184",-35,-39.5
"184",-35,-40.5
"184",-35,-41.5
"184",-35,-42.5
"184",-35,-43.5
"184",-35,-44.5
"184",-35,-45.5
"184",-35,-46.5
"184",-35,-47.5
"184",-34,-48.5
"184",-34,-49.5
"184",-33,-50.5
"184",-32,-51.5
"184",-31,-52.5
"184",-30,-53.5
"184",-29,-54.5
"184",-28,-55.5
"184",-27,-56.5
"184",-26,-57.5
"184",-25,-58.5
"184",-25,-59.5
"184",-25,-60.5
"184",-24,-61.5
"184",-23,-62.5
"184",-22,-63.5
"184",-21,-64.5
"184",-20,-65.5
"185",10,76.5
"185",9,76.5
"185",8,76.5
"185",7,76.5
"185",6,76.5
"185",5,76.5
"185",4,76.5
"185",3,76.5
"185",2,76.5
"185",1,76.5
"185",0,76.5
"185",-1,76.5
"185",-2,76.5
"185",-3,76.5
"185",-4,76.5
"185",-5,76.5
"185",-6,76.5
"185",-7,76.5
"185",-8,76.5
"185",-9,76.5
"185",-10,76.5
"185",-11,76.5
"185",-12,76.5
"185",-13,76.5
"185",-14,76.5
"185",-15,76.5
"185",-16,76.5
"185",-16,75.5
"185",-16,74.5
"185",-16,73.5
"185",-16,72.5
"185",-17,72.5
"185",-18,72.5
"185",-18,71.5
"185",-19,71.5
"185",-19,70.5
"185",-19,69.5
"185",-19,68.5
"185",-20,68.5
"185",-21,68.5
"185",-22,68.5
"185",-23,67.5
"185",-24,67.5
"185",-25,67.5
"185",-26,67.5
"185",-27,66.5
"185",-28,66.5
"185",-29,65.5
"185",-30,64.5
"185",-31,63.5
"185",-32,62.5
"185",-32,61.5
"185",-32,60.5
"185",-31,59.5
"185",-30,58.5
"185",-29,57.5
"185",-28,56.5
"185",-27,55.5
"185",-26,54.5
"185",-25,53.5
"185",-24,52.5
"185",-23,51.5
"185",-22,50.5
"185",-21,49.5
"185",-20,48.5
"185",-19,47.5
"185",-18,46.5
"185",-17,45.5
"185",-16,44.5
"185",-15,43.5
"185",-15,42.5
"185",-15,41.5
"185",-15,40.5
"185",-15,39.5
"185",-15,38.5
"185",-15,37.5
"185",-15,36.5
"185",-15,35.5
"185",-15,34.5
"185",-15,33.5
"185",-15,32.5
"185",-15,31.5
"185",-15,30.5
"185",-15,29.5
"185",-15,28.5
"185",-15,27.5
"185",-16,26.5
"185",-17,25.5
"185",-18,24.5
"185",-19,23.5
"185",-20,22.5
"185",-21,21.5
"185",-21,20.5
"185",-21,19.5
"185",-21,18.5
"185",-22,17.5
"185",-23,16.5
"185",-23,15.5
"185",-23,14.5
"185",-23,13.5
"185",-23,12.5
"185",-23,11.5
"185",-23,10.5
"185",-23,9.5
"185",-23,8.5
"185",-23,7.5
"185",-23,6.5
"185",-23,5.5
"185",-23,4.5
"185",-23,3.5
"185",-23,2.5
"185",-23,1.5
"185",-23,0.5
"185",-23,-0.5
"185",-24,-1.5
"185",-25,-2.5
"185",-26,-3.5
"185",-27,-4.5
"185",-28,-5.5
"185",-29,-6.5
"185",-30,-7.5
"185",-31,-8.5
"185",-32,-9.5
"185",-33,-10.5
"185",-34,-11.5
"185",-35,-12.5
"185",-36,-13.5
"185",-37,-14.5
"185",-38,-15.5
"185",-38,-16.5
"185",-38,-17.5
"185",-38,-18.5
"185",-38,-19.5
"185",-38,-20.5
"185",-38,-21.5
"185",-38,-22.5
"185",-38,-23.5
"185",-38,-24.5
"185",-38,-25.5
"185",-38,-26.5
"185",-38,-27.5
"185",-38,-28.5
"185",-38,-29.5
"185",-38,-30.5
"185",-38,-31.5
"185",-38,-32.5
"185",-38,-33.5
"185",-38,-34.5
"185",-38,-35.5
"185",-38,-36.5
"185",-38,-37.5
"185",-38,-38.5
"185",-38,-39.5
"185",-38,-40.5
"185",-38,-41.5
"185",-38,-42.5
"185",-38,-43.5
"185",-38,-44.5
"185",-37,-45.5
"185",-36,-46.5
"185",-35,-47.5
"185",-34,-48.5
"185",-33,-49.5
"185",-32,-50.5
"185",-31,-51.5
"185",-30,-52.5
"185",-29,-53.5
"185",-28,-54.5
"185",-27,-55.5
"185",-26,-56.5
"185",-25,-57.5
"185",-24,-58.5
"185",-23,-59.5
"185",-22,-60.5
"185",-21,-61.5
"185",-20,-62.5
"185",-20,-63.5
"185",-20,-64.5
"185",-20,-65.5
"186",10,76.5
"186",9,76.5
"186",8,76.5
"186",7,76.5
"186",6,76.5
"186",5,76.5
"186",4,76.5
"186",3,76.5
"186",2,76.5
"186",1,76.5
"186",0,76.5
"186",-1,76.5
"186",-2,76.5
"186",-3,76.5
"186",-4,76.5
"186",-5,76.5
"186",-6,76.5
"186",-7,76.5
"186",-8,76.5
"186",-9,76.5
"186",-10,76.5
"186",-11,76.5
"186",-12,76.5
"186",-13,76.5
"186",-14,76.5
"186",-15,76.5
"186",-16,76.5
"186",-16,75.5
"186",-16,74.5
"186",-16,73.5
"186",-16,72.5
"186",-17,72.5
"186",-18,72.5
"186",-18,71.5
"186",-19,71.5
"186",-19,70.5
"186",-19,69.5
"186",-19,68.5
"186",-20,68.5
"186",-21,68.5
"186",-22,68.5
"186",-23,67.5
"186",-24,66.5
"186",-25,66.5
"186",-26,66.5
"186",-27,66.5
"186",-28,66.5
"186",-29,66.5
"186",-30,66.5
"186",-31,66.5
"186",-32,65.5
"186",-33,64.5
"186",-34,63.5
"186",-35,62.5
"186",-35,61.5
"186",-34,60.5
"186",-33,59.5
"186",-32,58.5
"186",-31,57.5
"186",-30,56.5
"186",-29,55.5
"186",-28,54.5
"186",-27,53.5
"186",-26,52.5
"186",-25,51.5
"186",-24,50.5
"186",-23,49.5
"186",-22,48.5
"186",-21,47.5
"186",-20,46.5
"186",-19,45.5
"186",-18,44.5
"186",-17,43.5
"186",-16,42.5
"186",-15,41.5
"186",-14,40.5
"186",-14,39.5
"186",-14,38.5
"186",-14,37.5
"186",-14,36.5
"186",-14,35.5
"186",-14,34.5
"186",-14,33.5
"186",-14,32.5
"186",-14,31.5
"186",-14,30.5
"186",-14,29.5
"186",-15,28.5
"186",-15,27.5
"186",-16,26.5
"186",-17,25.5
"186",-18,24.5
"186",-19,23.5
"186",-20,22.5
"186",-21,21.5
"186",-22,20.5
"186",-22,19.5
"186",-22,18.5
"186",-23,17.5
"186",-24,16.5
"186",-25,15.5
"186",-26,14.5
"186",-27,13.5
"186",-28,12.5
"186",-28,11.5
"186",-28,10.5
"186",-28,9.5
"186",-28,8.5
"186",-28,7.5
"186",-28,6.5
"186",-28,5.5
"186",-28,4.5
"186",-28,3.5
"186",-28,2.5
"186",-28,1.5
"186",-28,0.5
"186",-28,-0.5
"186",-28,-1.5
"186",-28,-2.5
"186",-28,-3.5
"186",-28,-4.5
"186",-29,-5.5
"186",-30,-6.5
"186",-31,-7.5
"186",-32,-8.5
"186",-33,-9.5
"186",-34,-10.5
"186",-35,-11.5
"186",-36,-12.5
"186",-37,-13.5
"186",-38,-14.5
"186",-38,-15.5
"186",-38,-16.5
"186",-38,-17.5
"186",-38,-18.5
"186",-39,-19.5
"186",-39,-20.5
"186",-39,-21.5
"186",-39,-22.5
"186",-40,-23.5
"186",-41,-24.5
"186",-42,-25.5
"186",-43,-26.5
"186",-44,-27.5
"186",-45,-28.5
"186",-46,-29.5
"186",-46,-30.5
"186",-46,-31.5
"186",-46,-32.5
"186",-46,-33.5
"186",-46,-34.5
"186",-46,-35.5
"186",-46,-36.5
"186",-46,-37.5
"186",-46,-38.5
"186",-46,-39.5
"186",-45,-40.5
"186",-44,-41.5
"186",-43,-42.5
"186",-42,-43.5
"186",-41,-44.5
"186",-40,-45.5
"186",-39,-46.5
"186",-38,-47.5
"186",-37,-48.5
"186",-36,-49.5
"186",-35,-50.5
"186",-34,-51.5
"186",-33,-52.5
"186",-32,-53.5
"186",-31,-54.5
"186",-30,-55.5
"186",-29,-56.5
"186",-28,-57.5
"186",-27,-58.5
"186",-26,-59.5
"186",-25,-60.5
"186",-24,-61.5
"186",-23,-62.5
"186",-22,-63.5
"186",-21,-64.5
"186",-20,-65.5
"187",10,76.5
"187",9,76.5
"187",8,76.5
"187",7,76.5
"187",6,76.5
"187",5,76.5
"187",4,76.5
"187",3,76.5
"187",2,76.5
"187",1,76.5
"187",0,76.5
"187",-1,76.5
"187",-2,76.5
"187",-3,76.5
"187",-4,76.5
"187",-5,76.5
"187",-6,76.5
"187",-7,76.5
"187",-8,76.5
"187",-9,76.5
"187",-10,76.5
"187",-11,76.5
"187",-12,76.5
"187",-13,76.5
"187",-14,76.5
"187",-15,76.5
"187",-16,76.5
"187",-16,75.5
"187",-16,74.5
"187",-16,73.5
"187",-16,72.5
"187",-16,71.5
"187",-17,71.5
"187",-18,71.5
"187",-19,71.5
"187",-20,71.5
"187",-20,70.5
"187",-20,69.5
"187",-20,68.5
"187",-21,68.5
"187",-22,67.5
"187",-23,67.5
"187",-24,66.5
"187",-25,66.5
"187",-26,66.5
"187",-27,66.5
"187",-28,65.5
"187",-29,65.5
"187",-30,65.5
"187",-31,65.5
"187",-32,65.5
"187",-33,65.5
"187",-34,65.5
"187",-35,65.5
"187",-36,64.5
"187",-37,63.5
"187",-37,62.5
"187",-37,61.5
"187",-37,60.5
"187",-37,59.5
"187",-36,58.5
"187",-35,57.5
"187",-34,56.5
"187",-33,55.5
"187",-32,54.5
"187",-31,54.5
"187",-30,53.5
"187",-29,53.5
"187",-28,52.5
"187",-27,51.5
"187",-26,50.5
"187",-25,49.5
"187",-24,48.5
"187",-23,47.5
"187",-22,47.5
"187",-21,46.5
"187",-20,45.5
"187",-19,44.5
"187",-18,43.5
"187",-17,42.5
"187",-16,41.5
"187",-15,40.5
"187",-14,39.5
"187",-14,38.5
"187",-14,37.5
"187",-14,36.5
"187",-14,35.5
"187",-14,34.5
"187",-14,33.5
"187",-14,32.5
"187",-14,31.5
"187",-14,30.5
"187",-14,29.5
"187",-14,28.5
"187",-15,27.5
"187",-16,26.5
"187",-17,25.5
"187",-18,24.5
"187",-19,23.5
"187",-20,22.5
"187",-20,21.5
"187",-21,20.5
"187",-22,19.5
"187",-23,18.5
"187",-24,17.5
"187",-25,16.5
"187",-26,15.5
"187",-27,14.5
"187",-28,13.5
"187",-29,12.5
"187",-30,11.5
"187",-31,10.5
"187",-31,9.5
"187",-31,8.5
"187",-31,7.5
"187",-31,6.5
"187",-31,5.5
"187",-31,4.5
"187",-31,3.5
"187",-31,2.5
"187",-31,1.5
"187",-31,0.5
"187",-31,-0.5
"187",-31,-1.5
"187",-31,-2.5
"187",-31,-3.5
"187",-31,-4.5
"187",-31,-5.5
"187",-31,-6.5
"187",-31,-7.5
"187",-32,-8.5
"187",-33,-9.5
"187",-34,-10.5
"187",-35,-11.5
"187",-36,-12.5
"187",-37,-13.5
"187",-37,-14.5
"187",-37,-15.5
"187",-37,-16.5
"187",-37,-17.5
"187",-37,-18.5
"187",-37,-19.5
"187",-37,-20.5
"187",-37,-21.5
"187",-37,-22.5
"187",-37,-23.5
"187",-37,-24.5
"187",-37,-25.5
"187",-37,-26.5
"187",-37,-27.5
"187",-37,-28.5
"187",-37,-29.5
"187",-37,-30.5
"187",-37,-31.5
"187",-37,-32.5
"187",-37,-33.5
"187",-37,-34.5
"187",-37,-35.5
"187",-37,-36.5
"187",-37,-37.5
"187",-36,-38.5
"187",-35,-39.5
"187",-35,-40.5
"187",-35,-41.5
"187",-35,-42.5
"187",-35,-43.5
"187",-35,-44.5
"187",-35,-45.5
"187",-35,-46.5
"187",-35,-47.5
"187",-34,-48.5
"187",-34,-49.5
"187",-33,-50.5
"187",-32,-51.5
"187",-31,-52.5
"187",-30,-53.5
"187",-29,-54.5
"187",-28,-55.5
"187",-27,-56.5
"187",-26,-57.5
"187",-25,-58.5
"187",-24,-59.5
"187",-23,-60.5
"187",-23,-61.5
"187",-23,-62.5
"187",-22,-63.5
"187",-21,-64.5
"187",-20,-65.5
"188",10,76.5
"188",9,76.5
"188",8,76.5
"188",7,76.5
"188",6,76.5
"188",5,76.5
"188",4,76.5
"188",3,76.5
"188",2,76.5
"188",1,76.5
"188",0,76.5
"188",-1,76.5
"188",-2,76.5
"188",-3,76.5
"188",-4,76.5
"188",-5,76.5
"188",-6,76.5
"188",-7,76.5
"188",-8,76.5
"188",-9,76.5
"188",-10,76.5
"188",-11,76.5
"188",-12,76.5
"188",-13,76.5
"188",-13,75.5
"188",-13,74.5
"188",-13,73.5
"188",-13,72.5
"188",-14,72.5
"188",-15,71.5
"188",-16,71.5
"188",-17,71.5
"188",-18,71.5
"188",-19,71.5
"188",-20,71.5
"188",-20,70.5
"188",-20,69.5
"188",-20,68.5
"188",-21,68.5
"188",-22,67.5
"188",-23,67.5
"188",-24,66.5
"188",-25,66.5
"188",-26,66.5
"188",-27,66.5
"188",-28,65.5
"188",-29,65.5
"188",-30,65.5
"188",-31,65.5
"188",-32,65.5
"188",-33,65.5
"188",-34,65.5
"188",-35,65.5
"188",-36,65.5
"188",-37,64.5
"188",-37,63.5
"188",-37,62.5
"188",-37,61.5
"188",-37,60.5
"188",-37,59.5
"188",-37,58.5
"188",-36,57.5
"188",-35,56.5
"188",-34,55.5
"188",-33,55.5
"188",-32,54.5
"188",-31,54.5
"188",-30,53.5
"188",-29,53.5
"188",-28,52.5
"188",-27,51.5
"188",-26,50.5
"188",-25,49.5
"188",-24,48.5
"188",-23,47.5
"188",-22,46.5
"188",-21,45.5
"188",-20,44.5
"188",-19,43.5
"188",-18,42.5
"188",-18,41.5
"188",-18,40.5
"188",-18,39.5
"188",-18,38.5
"188",-18,37.5
"188",-18,36.5
"188",-18,35.5
"188",-18,34.5
"188",-18,33.5
"188",-18,32.5
"188",-18,31.5
"188",-18,30.5
"188",-18,29.5
"188",-18,28.5
"188",-18,27.5
"188",-18,26.5
"188",-18,25.5
"188",-18,24.5
"188",-18,23.5
"188",-18,22.5
"188",-18,21.5
"188",-19,20.5
"188",-20,19.5
"188",-21,19.5
"188",-22,18.5
"188",-23,17.5
"188",-24,16.5
"188",-25,15.5
"188",-26,14.5
"188",-27,14.5
"188",-28,14.5
"188",-29,13.5
"188",-29,12.5
"188",-29,11.5
"188",-29,10.5
"188",-29,9.5
"188",-29,8.5
"188",-30,7.5
"188",-31,6.5
"188",-31,5.5
"188",-31,4.5
"188",-31,3.5
"188",-31,2.5
"188",-31,1.5
"188",-31,0.5
"188",-31,-0.5
"188",-31,-1.5
"188",-31,-2.5
"188",-31,-3.5
"188",-31,-4.5
"188",-31,-5.5
"188",-31,-6.5
"188",-31,-7.5
"188",-31,-8.5
"188",-32,-9.5
"188",-33,-10.5
"188",-34,-10.5
"188",-35,-11.5
"188",-36,-12.5
"188",-37,-13.5
"188",-37,-14.5
"188",-37,-15.5
"188",-37,-16.5
"188",-37,-17.5
"188",-37,-18.5
"188",-37,-19.5
"188",-37,-20.5
"188",-37,-21.5
"188",-37,-22.5
"188",-37,-23.5
"188",-37,-24.5
"188",-37,-25.5
"188",-37,-26.5
"188",-37,-27.5
"188",-37,-28.5
"188",-36,-29.5
"188",-36,-30.5
"188",-36,-31.5
"188",-35,-32.5
"188",-35,-33.5
"188",-35,-34.5
"188",-35,-35.5
"188",-35,-36.5
"188",-35,-37.5
"188",-35,-38.5
"188",-35,-39.5
"188",-35,-40.5
"188",-35,-41.5
"188",-35,-42.5
"188",-35,-43.5
"188",-35,-44.5
"188",-35,-45.5
"188",-35,-46.5
"188",-35,-47.5
"188",-34,-48.5
"188",-34,-49.5
"188",-33,-50.5
"188",-32,-51.5
"188",-31,-52.5
"188",-30,-53.5
"188",-29,-54.5
"188",-28,-55.5
"188",-27,-56.5
"188",-26,-57.5
"188",-25,-58.5
"188",-25,-59.5
"188",-25,-60.5
"188",-24,-61.5
"188",-23,-62.5
"188",-22,-63.5
"188",-21,-64.5
"188",-20,-65.5
"189",10,76.5
"189",9,76.5
"189",8,76.5
"189",7,76.5
"189",6,76.5
"189",5,76.5
"189",4,76.5
"189",3,76.5
"189",2,76.5
"189",1,76.5
"189",0,76.5
"189",-1,76.5
"189",-2,76.5
"189",-3,76.5
"189",-4,76.5
"189",-5,76.5
"189",-6,76.5
"189",-7,76.5
"189",-8,76.5
"189",-9,76.5
"189",-10,76.5
"189",-11,76.5
"189",-12,76.5
"189",-13,76.5
"189",-14,76.5
"189",-15,76.5
"189",-16,76.5
"189",-16,75.5
"189",-16,74.5
"189",-16,73.5
"189",-16,72.5
"189",-17,72.5
"189",-18,72.5
"189",-18,71.5
"189",-19,71.5
"189",-19,70.5
"189",-19,69.5
"189",-19,68.5
"189",-20,68.5
"189",-21,68.5
"189",-22,68.5
"189",-23,67.5
"189",-24,67.5
"189",-25,66.5
"189",-26,66.5
"189",-27,66.5
"189",-28,66.5
"189",-29,66.5
"189",-30,66.5
"189",-31,65.5
"189",-32,64.5
"189",-33,63.5
"189",-34,62.5
"189",-34,61.5
"189",-33,60.5
"189",-32,59.5
"189",-31,58.5
"189",-30,57.5
"189",-29,56.5
"189",-28,55.5
"189",-27,54.5
"189",-26,53.5
"189",-25,52.5
"189",-24,51.5
"189",-23,50.5
"189",-22,49.5
"189",-21,48.5
"189",-20,47.5
"189",-19,46.5
"189",-18,45.5
"189",-17,44.5
"189",-16,43.5
"189",-15,42.5
"189",-14,41.5
"189",-14,40.5
"189",-14,39.5
"189",-14,38.5
"189",-14,37.5
"189",-14,36.5
"189",-14,35.5
"189",-14,34.5
"189",-14,33.5
"189",-14,32.5
"189",-14,31.5
"189",-14,30.5
"189",-14,29.5
"189",-15,28.5
"189",-15,27.5
"189",-16,26.5
"189",-17,25.5
"189",-18,24.5
"189",-19,23.5
"189",-20,22.5
"189",-21,21.5
"189",-21,20.5
"189",-21,19.5
"189",-22,18.5
"189",-23,17.5
"189",-24,16.5
"189",-25,15.5
"189",-26,14.5
"189",-27,13.5
"189",-27,12.5
"189",-27,11.5
"189",-27,10.5
"189",-27,9.5
"189",-27,8.5
"189",-27,7.5
"189",-27,6.5
"189",-27,5.5
"189",-27,4.5
"189",-27,3.5
"189",-27,2.5
"189",-27,1.5
"189",-27,0.5
"189",-27,-0.5
"189",-27,-1.5
"189",-27,-2.5
"189",-27,-3.5
"189",-28,-4.5
"189",-29,-5.5
"189",-30,-6.5
"189",-31,-7.5
"189",-32,-8.5
"189",-33,-9.5
"189",-34,-10.5
"189",-35,-11.5
"189",-36,-12.5
"189",-37,-13.5
"189",-38,-14.5
"189",-38,-15.5
"189",-38,-16.5
"189",-38,-17.5
"189",-38,-18.5
"189",-39,-19.5
"189",-39,-20.5
"189",-39,-21.5
"189",-39,-22.5
"189",-39,-23.5
"189",-39,-24.5
"189",-40,-25.5
"189",-41,-26.5
"189",-42,-27.5
"189",-43,-28.5
"189",-44,-29.5
"189",-44,-30.5
"189",-44,-31.5
"189",-44,-32.5
"189",-44,-33.5
"189",-44,-34.5
"189",-44,-35.5
"189",-44,-36.5
"189",-44,-37.5
"189",-44,-38.5
"189",-44,-39.5
"189",-44,-40.5
"189",-44,-41.5
"189",-43,-42.5
"189",-42,-43.5
"189",-41,-44.5
"189",-40,-45.5
"189",-39,-46.5
"189",-38,-47.5
"189",-37,-48.5
"189",-36,-49.5
"189",-35,-50.5
"189",-34,-51.5
"189",-33,-52.5
"189",-32,-53.5
"189",-31,-54.5
"189",-30,-55.5
"189",-29,-56.5
"189",-28,-57.5
"189",-27,-58.5
"189",-26,-59.5
"189",-25,-60.5
"189",-24,-61.5
"189",-23,-62.5
"189",-22,-63.5
"189",-21,-64.5
"189",-20,-65.5
"190",10,76.5
"190",9,76.5
"190",8,76.5
"190",7,76.5
"190",6,76.5
"190",5,76.5
"190",4,76.5
"190",3,76.5
"190",2,76.5
"190",1,76.5
"190",0,76.5
"190",-1,76.5
"190",-2,76.5
"190",-3,76.5
"190",-4,76.5
"190",-5,76.5
"190",-6,76.5
"190",-7,76.5
"190",-8,76.5
"190",-9,76.5
"190",-10,76.5
"190",-11,76.5
"190",-12,76.5
"190",-13,76.5
"190",-14,76.5
"190",-15,76.5
"190",-16,76.5
"190",-16,75.5
"190",-16,74.5
"190",-16,73.5
"190",-16,72.5
"190",-16,71.5
"190",-17,71.5
"190",-18,71.5
"190",-19,71.5
"190",-20,71.5
"190",-20,70.5
"190",-20,69.5
"190",-20,68.5
"190",-21,68.5
"190",-22,67.5
"190",-23,67.5
"190",-24,66.5
"190",-25,66.5
"190",-26,66.5
"190",-27,66.5
"190",-28,65.5
"190",-29,65.5
"190",-30,65.5
"190",-31,65.5
"190",-32,65.5
"190",-33,65.5
"190",-34,65.5
"190",-35,65.5
"190",-36,65.5
"190",-37,64.5
"190",-37,63.5
"190",-37,62.5
"190",-37,61.5
"190",-37,60.5
"190",-36,59.5
"190",-35,58.5
"190",-34,57.5
"190",-33,56.5
"190",-32,55.5
"190",-31,55.5
"190",-30,54.5
"190",-29,53.5
"190",-28,52.5
"190",-27,51.5
"190",-26,50.5
"190",-25,49.5
"190",-24,48.5
"190",-23,47.5
"190",-22,46.5
"190",-21,45.5
"190",-20,44.5
"190",-19,43.5
"190",-18,42.5
"190",-18,41.5
"190",-18,40.5
"190",-18,39.5
"190",-18,38.5
"190",-18,37.5
"190",-18,36.5
"190",-18,35.5
"190",-18,34.5
"190",-18,33.5
"190",-18,32.5
"190",-18,31.5
"190",-18,30.5
"190",-18,29.5
"190",-18,28.5
"190",-18,27.5
"190",-18,26.5
"190",-18,25.5
"190",-18,24.5
"190",-18,23.5
"190",-19,22.5
"190",-20,21.5
"190",-20,20.5
"190",-21,19.5
"190",-22,18.5
"190",-23,17.5
"190",-24,16.5
"190",-25,15.5
"190",-26,14.5
"190",-27,13.5
"190",-28,12.5
"190",-29,11.5
"190",-29,10.5
"190",-29,9.5
"190",-29,8.5
"190",-29,7.5
"190",-29,6.5
"190",-29,5.5
"190",-29,4.5
"190",-29,3.5
"190",-29,2.5
"190",-29,1.5
"190",-29,0.5
"190",-29,-0.5
"190",-29,-1.5
"190",-29,-2.5
"190",-29,-3.5
"190",-29,-4.5
"190",-29,-5.5
"190",-30,-6.5
"190",-31,-7.5
"190",-32,-8.5
"190",-33,-9.5
"190",-34,-10.5
"190",-35,-11.5
"190",-36,-12.5
"190",-37,-13.5
"190",-37,-14.5
"190",-37,-15.5
"190",-37,-16.5
"190",-37,-17.5
"190",-37,-18.5
"190",-37,-19.5
"190",-37,-20.5
"190",-37,-21.5
"190",-37,-22.5
"190",-37,-23.5
"190",-37,-24.5
"190",-37,-25.5
"190",-37,-26.5
"190",-37,-27.5
"190",-37,-28.5
"190",-36,-29.5
"190",-36,-30.5
"190",-36,-31.5
"190",-35,-32.5
"190",-35,-33.5
"190",-35,-34.5
"190",-35,-35.5
"190",-35,-36.5
"190",-35,-37.5
"190",-35,-38.5
"190",-35,-39.5
"190",-35,-40.5
"190",-35,-41.5
"190",-35,-42.5
"190",-35,-43.5
"190",-35,-44.5
"190",-35,-45.5
"190",-35,-46.5
"190",-35,-47.5
"190",-34,-48.5
"190",-34,-49.5
"190",-33,-50.5
"190",-32,-51.5
"190",-31,-52.5
"190",-30,-53.5
"190",-29,-54.5
"190",-28,-55.5
"190",-27,-56.5
"190",-26,-57.5
"190",-25,-58.5
"190",-24,-59.5
"190",-23,-60.5
"190",-23,-61.5
"190",-23,-62.5
"190",-22,-63.5
"190",-21,-64.5
"190",-20,-65.5
"191",10,76.5
"191",9,76.5
"191",8,76.5
"191",7,76.5
"191",6,76.5
"191",5,76.5
"191",4,76.5
"191",3,76.5
"191",2,76.5
"191",1,76.5
"191",0,76.5
"191",-1,76.5
"191",-2,76.5
"191",-3,76.5
"191",-4,76.5
"191",-5,76.5
"191",-6,76.5
"191",-7,76.5
"191",-8,76.5
"191",-9,76.5
"191",-10,76.5
"191",-11,76.5
"191",-12,76.5
"191",-13,76.5
"191",-14,76.5
"191",-15,76.5
"191",-16,76.5
"191",-16,75.5
"191",-16,74.5
"191",-16,73.5
"191",-16,72.5
"191",-17,72.5
"191",-17,71.5
"191",-18,71.5
"191",-19,71.5
"191",-19,70.5
"191",-19,69.5
"191",-19,68.5
"191",-20,68.5
"191",-21,68.5
"191",-22,68.5
"191",-23,67.5
"191",-24,67.5
"191",-25,67.5
"191",-26,67.5
"191",-27,66.5
"191",-28,66.5
"191",-29,66.5
"191",-30,66.5
"191",-31,66.5
"191",-32,65.5
"191",-33,64.5
"191",-34,63.5
"191",-34,62.5
"191",-34,61.5
"191",-34,60.5
"191",-33,59.5
"191",-32,58.5
"191",-31,57.5
"191",-30,56.5
"191",-29,55.5
"191",-28,54.5
"191",-27,53.5
"191",-26,52.5
"191",-25,51.5
"191",-24,50.5
"191",-23,49.5
"191",-22,48.5
"191",-21,47.5
"191",-20,46.5
"191",-19,45.5
"191",-18,44.5
"191",-17,43.5
"191",-16,42.5
"191",-15,41.5
"191",-15,40.5
"191",-15,39.5
"191",-15,38.5
"191",-15,37.5
"191",-15,36.5
"191",-15,35.5
"191",-15,34.5
"191",-15,33.5
"191",-15,32.5
"191",-15,31.5
"191",-15,30.5
"191",-15,29.5
"191",-15,28.5
"191",-15,27.5
"191",-16,26.5
"191",-17,25.5
"191",-18,24.5
"191",-19,23.5
"191",-20,22.5
"191",-21,21.5
"191",-21,20.5
"191",-21,19.5
"191",-21,18.5
"191",-22,17.5
"191",-23,16.5
"191",-23,15.5
"191",-23,14.5
"191",-23,13.5
"191",-23,12.5
"191",-23,11.5
"191",-23,10.5
"191",-23,9.5
"191",-23,8.5
"191",-23,7.5
"191",-23,6.5
"191",-23,5.5
"191",-23,4.5
"191",-23,3.5
"191",-23,2.5
"191",-23,1.5
"191",-23,0.5
"191",-23,-0.5
"191",-24,-1.5
"191",-25,-2.5
"191",-26,-3.5
"191",-27,-4.5
"191",-28,-5.5
"191",-29,-6.5
"191",-30,-7.5
"191",-31,-8.5
"191",-32,-9.5
"191",-33,-10.5
"191",-34,-11.5
"191",-35,-12.5
"191",-36,-13.5
"191",-37,-14.5
"191",-38,-15.5
"191",-38,-16.5
"191",-38,-17.5
"191",-38,-18.5
"191",-39,-19.5
"191",-39,-20.5
"191",-39,-21.5
"191",-39,-22.5
"191",-39,-23.5
"191",-39,-24.5
"191",-39,-25.5
"191",-39,-26.5
"191",-39,-27.5
"191",-39,-28.5
"191",-39,-29.5
"191",-39,-30.5
"191",-39,-31.5
"191",-39,-32.5
"191",-39,-33.5
"191",-39,-34.5
"191",-39,-35.5
"191",-39,-36.5
"191",-39,-37.5
"191",-39,-38.5
"191",-39,-39.5
"191",-39,-40.5
"191",-39,-41.5
"191",-39,-42.5
"191",-39,-43.5
"191",-38,-44.5
"191",-37,-45.5
"191",-36,-46.5
"191",-35,-47.5
"191",-34,-48.5
"191",-33,-49.5
"191",-32,-50.5
"191",-31,-51.5
"191",-30,-52.5
"191",-29,-53.5
"191",-28,-54.5
"191",-27,-55.5
"191",-26,-56.5
"191",-25,-57.5
"191",-24,-58.5
"191",-23,-59.5
"191",-22,-60.5
"191",-21,-61.5
"191",-20,-62.5
"191",-20,-63.5
"191",-20,-64.5
"191",-20,-65.5
"192",10,76.5
"192",9,76.5
"192",8,76.5
"192",7,76.5
"192",6,76.5
"192",5,76.5
"192",4,76.5
"192",3,76.5
"192",2,76.5
"192",1,76.5
"192",0,76.5
"192",-1,76.5
"192",-2,76.5
"192",-3,76.5
"192",-4,76.5
"192",-5,76.5
"192",-6,76.5
"192",-7,76.5
"192",-8,76.5
"192",-9,76.5
"192",-10,76.5
"192",-11,76.5
"192",-12,76.5
"192",-13,76.5
"192",-14,76.5
"192",-15,76.5
"192",-16,76.5
"192",-16,75.5
"192",-16,74.5
"192",-16,73.5
"192",-16,72.5
"192",-17,72.5
"192",-17,71.5
"192",-18,71.5
"192",-19,71.5
"192",-19,70.5
"192",-19,69.5
"192",-19,68.5
"192",-20,68.5
"192",-21,68.5
"192",-22,68.5
"192",-23,67.5
"192",-24,67.5
"192",-25,66.5
"192",-26,66.5
"192",-27,66.5
"192",-28,66.5
"192",-29,66.5
"192",-30,66.5
"192",-31,66.5
"192",-32,65.5
"192",-33,64.5
"192",-34,63.5
"192",-35,62.5
"192",-35,61.5
"192",-34,60.5
"192",-33,59.5
"192",-32,58.5
"192",-31,57.5
"192",-30,56.5
"192",-29,55.5
"192",-28,54.5
"192",-27,53.5
"192",-26,52.5
"192",-25,51.5
"192",-24,50.5
"192",-23,49.5
"192",-22,48.5
"192",-21,47.5
"192",-20,46.5
"192",-19,45.5
"192",-18,44.5
"192",-17,43.5
"192",-16,42.5
"192",-15,41.5
"192",-14,40.5
"192",-14,39.5
"192",-14,38.5
"192",-14,37.5
"192",-14,36.5
"192",-14,35.5
"192",-14,34.5
"192",-14,33.5
"192",-14,32.5
"192",-14,31.5
"192",-14,30.5
"192",-14,29.5
"192",-15,28.5
"192",-15,27.5
"192",-16,26.5
"192",-17,25.5
"192",-18,24.5
"192",-19,23.5
"192",-20,22.5
"192",-21,21.5
"192",-21,20.5
"192",-21,19.5
"192",-21,18.5
"192",-22,17.5
"192",-23,16.5
"192",-24,15.5
"192",-25,14.5
"192",-25,13.5
"192",-25,12.5
"192",-25,11.5
"192",-25,10.5
"192",-25,9.5
"192",-25,8.5
"192",-25,7.5
"192",-25,6.5
"192",-25,5.5
"192",-25,4.5
"192",-25,3.5
"192",-25,2.5
"192",-25,1.5
"192",-25,0.5
"192",-25,-0.5
"192",-25,-1.5
"192",-25,-2.5
"192",-26,-3.5
"192",-27,-4.5
"192",-28,-5.5
"192",-29,-6.5
"192",-30,-7.5
"192",-31,-8.5
"192",-32,-9.5
"192",-33,-10.5
"192",-34,-11.5
"192",-35,-12.5
"192",-36,-13.5
"192",-37,-14.5
"192",-38,-15.5
"192",-38,-16.5
"192",-38,-17.5
"192",-38,-18.5
"192",-39,-19.5
"192",-39,-20.5
"192",-39,-21.5
"192",-39,-22.5
"192",-40,-23.5
"192",-41,-24.5
"192",-42,-25.5
"192",-43,-26.5
"192",-44,-27.5
"192",-45,-28.5
"192",-46,-29.5
"192",-46,-30.5
"192",-46,-31.5
"192",-46,-32.5
"192",-46,-33.5
"192",-46,-34.5
"192",-46,-35.5
"192",-46,-36.5
"192",-46,-37.5
"192",-46,-38.5
"192",-46,-39.5
"192",-45,-40.5
"192",-44,-41.5
"192",-43,-42.5
"192",-42,-43.5
"192",-41,-44.5
"192",-40,-45.5
"192",-39,-46.5
"192",-38,-47.5
"192",-37,-48.5
"192",-36,-49.5
"192",-35,-50.5
"192",-34,-51.5
"192",-33,-52.5
"192",-32,-53.5
"192",-31,-54.5
"192",-30,-55.5
"192",-29,-56.5
"192",-28,-57.5
"192",-27,-58.5
"192",-26,-59.5
"192",-25,-60.5
"192",-24,-61.5
"192",-23,-62.5
"192",-22,-63.5
"192",-21,-64.5
"192",-20,-65.5
"193",10,76.5
"193",9,76.5
"193",8,76.5
"193",7,76.5
"193",6,76.5
"193",5,76.5
"193",4,76.5
"193",3,76.5
"193",2,76.5
"193",1,76.5
"193",0,76.5
"193",-1,76.5
"193",-2,76.5
"193",-3,76.5
"193",-4,76.5
"193",-5,76.5
"193",-6,76.5
"193",-7,76.5
"193",-8,76.5
"193",-9,76.5
"193",-10,76.5
"193",-11,76.5
"193",-12,76.5
"193",-13,76.5
"193",-14,76.5
"193",-15,76.5
"193",-16,76.5
"193",-16,75.5
"193",-16,74.5
"193",-16,73.5
"193",-16,72.5
"193",-16,71.5
"193",-17,71.5
"193",-18,71.5
"193",-19,71.5
"193",-20,71.5
"193",-20,70.5
"193",-20,69.5
"193",-20,68.5
"193",-21,68.5
"193",-22,67.5
"193",-23,67.5
"193",-24,66.5
"193",-25,66.5
"193",-26,66.5
"193",-27,66.5
"193",-28,65.5
"193",-29,65.5
"193",-30,65.5
"193",-31,65.5
"193",-32,65.5
"193",-33,65.5
"193",-34,65.5
"193",-35,65.5
"193",-36,65.5
"193",-37,64.5
"193",-37,63.5
"193",-37,62.5
"193",-37,61.5
"193",-37,60.5
"193",-37,59.5
"193",-36,58.5
"193",-35,57.5
"193",-34,56.5
"193",-33,55.5
"193",-32,54.5
"193",-31,54.5
"193",-30,53.5
"193",-29,53.5
"193",-28,52.5
"193",-27,51.5
"193",-26,50.5
"193",-25,49.5
"193",-24,48.5
"193",-23,47.5
"193",-22,46.5
"193",-21,45.5
"193",-20,44.5
"193",-19,43.5
"193",-18,42.5
"193",-18,41.5
"193",-18,40.5
"193",-18,39.5
"193",-18,38.5
"193",-18,37.5
"193",-18,36.5
"193",-18,35.5
"193",-18,34.5
"193",-18,33.5
"193",-18,32.5
"193",-18,31.5
"193",-18,30.5
"193",-18,29.5
"193",-18,28.5
"193",-18,27.5
"193",-18,26.5
"193",-18,25.5
"193",-18,24.5
"193",-18,23.5
"193",-19,22.5
"193",-20,21.5
"193",-20,20.5
"193",-21,19.5
"193",-22,18.5
"193",-23,17.5
"193",-24,16.5
"193",-25,15.5
"193",-26,14.5
"193",-27,13.5
"193",-28,12.5
"193",-29,11.5
"193",-29,10.5
"193",-29,9.5
"193",-29,8.5
"193",-29,7.5
"193",-29,6.5
"193",-29,5.5
"193",-29,4.5
"193",-29,3.5
"193",-29,2.5
"193",-29,1.5
"193",-29,0.5
"193",-29,-0.5
"193",-29,-1.5
"193",-29,-2.5
"193",-29,-3.5
"193",-29,-4.5
"193",-29,-5.5
"193",-30,-6.5
"193",-31,-7.5
"193",-32,-8.5
"193",-33,-9.5
"193",-34,-10.5
"193",-35,-11.5
"193",-36,-12.5
"193",-37,-13.5
"193",-37,-14.5
"193",-37,-15.5
"193",-37,-16.5
"193",-37,-17.5
"193",-37,-18.5
"193",-37,-19.5
"193",-37,-20.5
"193",-37,-21.5
"193",-37,-22.5
"193",-37,-23.5
"193",-37,-24.5
"193",-37,-25.5
"193",-37,-26.5
"193",-37,-27.5
"193",-37,-28.5
"193",-37,-29.5
"193",-37,-30.5
"193",-37,-31.5
"193",-37,-32.5
"193",-37,-33.5
"193",-37,-34.5
"193",-37,-35.5
"193",-37,-36.5
"193",-37,-37.5
"193",-36,-38.5
"193",-35,-39.5
"193",-35,-40.5
"193",-35,-41.5
"193",-35,-42.5
"193",-35,-43.5
"193",-35,-44.5
"193",-35,-45.5
"193",-35,-46.5
"193",-35,-47.5
"193",-34,-48.5
"193",-34,-49.5
"193",-33,-50.5
"193",-32,-51.5
"193",-31,-52.5
"193",-30,-53.5
"193",-29,-54.5
"193",-28,-55.5
"193",-27,-56.5
"193",-26,-57.5
"193",-25,-58.5
"193",-24,-59.5
"193",-23,-60.5
"193",-23,-61.5
"193",-23,-62.5
"193",-22,-63.5
"193",-21,-64.5
"193",-20,-65.5
"194",10,76.5
"194",9,76.5
"194",8,76.5
"194",7,76.5
"194",6,76.5
"194",5,76.5
"194",4,76.5
"194",3,76.5
"194",2,76.5
"194",1,76.5
"194",0,76.5
"194",-1,76.5
"194",-2,76.5
"194",-3,76.5
"194",-4,76.5
"194",-5,76.5
"194",-6,76.5
"194",-7,76.5
"194",-8,76.5
"194",-9,76.5
"194",-10,76.5
"194",-11,76.5
"194",-12,76.5
"194",-13,76.5
"194",-14,76.5
"194",-15,76.5
"194",-16,76.5
"194",-16,75.5
"194",-16,74.5
"194",-16,73.5
"194",-16,72.5
"194",-17,72.5
"194",-17,71.5
"194",-18,71.5
"194",-19,71.5
"194",-19,70.5
"194",-19,69.5
"194",-19,68.5
"194",-20,68.5
"194",-21,68.5
"194",-22,68.5
"194",-23,67.5
"194",-24,67.5
"194",-25,67.5
"194",-26,67.5
"194",-27,66.5
"194",-28,66.5
"194",-29,66.5
"194",-30,66.5
"194",-31,66.5
"194",-32,65.5
"194",-33,65.5
"194",-34,65.5
"194",-35,64.5
"194",-36,63.5
"194",-36,62.5
"194",-36,61.5
"194",-36,60.5
"194",-35,59.5
"194",-34,58.5
"194",-33,57.5
"194",-32,56.5
"194",-31,55.5
"194",-30,54.5
"194",-29,53.5
"194",-28,52.5
"194",-27,51.5
"194",-26,50.5
"194",-25,49.5
"194",-24,48.5
"194",-23,47.5
"194",-22,46.5
"194",-21,45.5
"194",-20,44.5
"194",-19,43.5
"194",-18,42.5
"194",-17,41.5
"194",-16,40.5
"194",-15,39.5
"194",-15,38.5
"194",-15,37.5
"194",-15,36.5
"194",-15,35.5
"194",-15,34.5
"194",-15,33.5
"194",-15,32.5
"194",-15,31.5
"194",-15,30.5
"194",-15,29.5
"194",-15,28.5
"194",-15,27.5
"194",-16,26.5
"194",-17,25.5
"194",-18,24.5
"194",-19,23.5
"194",-20,22.5
"194",-21,21.5
"194",-21,20.5
"194",-21,19.5
"194",-21,18.5
"194",-22,17.5
"194",-23,16.5
"194",-23,15.5
"194",-23,14.5
"194",-23,13.5
"194",-23,12.5
"194",-23,11.5
"194",-23,10.5
"194",-23,9.5
"194",-23,8.5
"194",-23,7.5
"194",-23,6.5
"194",-23,5.5
"194",-23,4.5
"194",-23,3.5
"194",-23,2.5
"194",-23,1.5
"194",-23,0.5
"194",-23,-0.5
"194",-24,-1.5
"194",-25,-2.5
"194",-26,-3.5
"194",-27,-4.5
"194",-28,-5.5
"194",-29,-6.5
"194",-30,-7.5
"194",-31,-8.5
"194",-32,-9.5
"194",-33,-10.5
"194",-34,-11.5
"194",-35,-12.5
"194",-36,-13.5
"194",-37,-14.5
"194",-38,-15.5
"194",-38,-16.5
"194",-38,-17.5
"194",-38,-18.5
"194",-39,-19.5
"194",-39,-20.5
"194",-39,-21.5
"194",-39,-22.5
"194",-39,-23.5
"194",-39,-24.5
"194",-39,-25.5
"194",-39,-26.5
"194",-39,-27.5
"194",-39,-28.5
"194",-39,-29.5
"194",-39,-30.5
"194",-39,-31.5
"194",-39,-32.5
"194",-39,-33.5
"194",-39,-34.5
"194",-39,-35.5
"194",-39,-36.5
"194",-39,-37.5
"194",-39,-38.5
"194",-39,-39.5
"194",-39,-40.5
"194",-39,-41.5
"194",-39,-42.5
"194",-39,-43.5
"194",-38,-44.5
"194",-37,-45.5
"194",-36,-46.5
"194",-35,-47.5
"194",-34,-48.5
"194",-33,-49.5
"194",-32,-50.5
"194",-31,-51.5
"194",-30,-52.5
"194",-29,-53.5
"194",-28,-54.5
"194",-27,-55.5
"194",-26,-56.5
"194",-25,-57.5
"194",-24,-58.5
"194",-23,-59.5
"194",-22,-60.5
"194",-21,-61.5
"194",-20,-62.5
"194",-20,-63.5
"194",-20,-64.5
"194",-20,-65.5
"195",10,76.5
"195",9,76.5
"195",8,76.5
"195",7,76.5
"195",6,76.5
"195",5,76.5
"195",4,76.5
"195",3,76.5
"195",2,76.5
"195",1,76.5
"195",0,76.5
"195",-1,76.5
"195",-2,76.5
"195",-3,76.5
"195",-4,76.5
"195",-5,76.5
"195",-6,76.5
"195",-7,76.5
"195",-8,76.5
"195",-9,76.5
"195",-10,76.5
"195",-11,76.5
"195",-12,76.5
"195",-13,76.5
"195",-14,76.5
"195",-15,76.5
"195",-16,76.5
"195",-16,75.5
"195",-16,74.5
"195",-16,73.5
"195",-16,72.5
"195",-17,72.5
"195",-17,71.5
"195",-18,71.5
"195",-19,71.5
"195",-19,70.5
"195",-19,69.5
"195",-19,68.5
"195",-20,68.5
"195",-21,68.5
"195",-22,68.5
"195",-23,67.5
"195",-24,67.5
"195",-25,67.5
"195",-26,67.5
"195",-27,66.5
"195",-28,66.5
"195",-29,66.5
"195",-30,66.5
"195",-31,66.5
"195",-32,65.5
"195",-33,65.5
"195",-34,65.5
"195",-35,64.5
"195",-36,63.5
"195",-36,62.5
"195",-36,61.5
"195",-36,60.5
"195",-35,59.5
"195",-34,58.5
"195",-33,57.5
"195",-32,56.5
"195",-31,55.5
"195",-30,54.5
"195",-29,53.5
"195",-28,52.5
"195",-27,51.5
"195",-26,50.5
"195",-25,49.5
"195",-24,48.5
"195",-23,47.5
"195",-22,46.5
"195",-21,45.5
"195",-20,44.5
"195",-19,43.5
"195",-18,42.5
"195",-17,41.5
"195",-16,40.5
"195",-15,39.5
"195",-15,38.5
"195",-15,37.5
"195",-15,36.5
"195",-15,35.5
"195",-15,34.5
"195",-15,33.5
"195",-15,32.5
"195",-15,31.5
"195",-15,30.5
"195",-15,29.5
"195",-15,28.5
"195",-15,27.5
"195",-16,26.5
"195",-17,25.5
"195",-18,24.5
"195",-19,23.5
"195",-20,22.5
"195",-21,21.5
"195",-21,20.5
"195",-21,19.5
"195",-21,18.5
"195",-22,17.5
"195",-23,16.5
"195",-23,15.5
"195",-23,14.5
"195",-23,13.5
"195",-23,12.5
"195",-23,11.5
"195",-23,10.5
"195",-23,9.5
"195",-23,8.5
"195",-23,7.5
"195",-23,6.5
"195",-23,5.5
"195",-23,4.5
"195",-23,3.5
"195",-23,2.5
"195",-23,1.5
"195",-23,0.5
"195",-23,-0.5
"195",-24,-1.5
"195",-25,-2.5
"195",-26,-3.5
"195",-27,-4.5
"195",-28,-5.5
"195",-29,-6.5
"195",-30,-7.5
"195",-31,-8.5
"195",-32,-9.5
"195",-33,-10.5
"195",-34,-11.5
"195",-35,-12.5
"195",-36,-13.5
"195",-37,-14.5
"195",-38,-15.5
"195",-38,-16.5
"195",-38,-17.5
"195",-38,-18.5
"195",-39,-19.5
"195",-39,-20.5
"195",-40,-21.5
"195",-40,-22.5
"195",-40,-23.5
"195",-41,-24.5
"195",-42,-25.5
"195",-43,-26.5
"195",-44,-27.5
"195",-45,-28.5
"195",-46,-29.5
"195",-46,-30.5
"195",-46,-31.5
"195",-46,-32.5
"195",-46,-33.5
"195",-46,-34.5
"195",-46,-35.5
"195",-46,-36.5
"195",-46,-37.5
"195",-46,-38.5
"195",-46,-39.5
"195",-45,-40.5
"195",-44,-41.5
"195",-43,-42.5
"195",-42,-43.5
"195",-41,-44.5
"195",-40,-45.5
"195",-39,-46.5
"195",-38,-47.5
"195",-37,-48.5
"195",-36,-49.5
"195",-35,-50.5
"195",-34,-51.5
"195",-33,-52.5
"195",-32,-53.5
"195",-31,-54.5
"195",-30,-55.5
"195",-29,-56.5
"195",-28,-57.5
"195",-27,-58.5
"195",-26,-59.5
"195",-25,-60.5
"195",-24,-61.5
"195",-23,-62.5
"195",-22,-63.5
"195",-21,-64.5
"195",-20,-65.5
