"matrix","x","y"
"1",-25,-73.5
"1",-26,-73.5
"1",-27,-73.5
"1",-28,-73.5
"1",-29,-73.5
"1",-30,-73.5
"1",-31,-72.5
"1",-31,-71.5
"1",-32,-70.5
"1",-33,-69.5
"1",-32,-68.5
"1",-31,-67.5
"1",-32,-66.5
"1",-31,-65.5
"1",-32,-64.5
"1",-33,-63.5
"1",-32,-62.5
"1",-33,-61.5
"1",-32,-60.5
"1",-33,-59.5
"1",-32,-58.5
"1",-33,-57.5
"1",-32,-56.5
"1",-33,-55.5
"1",-32,-54.5
"1",-33,-53.5
"1",-34,-52.5
"1",-33,-51.5
"1",-34,-50.5
"1",-35,-49.5
"1",-34,-48.5
"1",-35,-47.5
"1",-34,-46.5
"1",-35,-45.5
"1",-34,-44.5
"1",-35,-43.5
"1",-34,-42.5
"1",-35,-41.5
"1",-34,-40.5
"1",-35,-39.5
"1",-34,-38.5
"1",-35,-37.5
"1",-34,-36.5
"1",-35,-35.5
"1",-36,-34.5
"1",-37,-33.5
"1",-36,-32.5
"1",-36,-31.5
"1",-36,-30.5
"1",-36,-29.5
"1",-36,-28.5
"1",-35,-27.5
"1",-34,-27.5
"1",-33,-27.5
"1",-32,-27.5
"1",-31,-27.5
"1",-30,-27.5
"1",-29,-27.5
"1",-29,-26.5
"1",-29,-25.5
"1",-29,-24.5
"1",-29,-23.5
"1",-29,-22.5
"1",-29,-21.5
"1",-28,-20.5
"1",-27,-20.5
"1",-26,-19.5
"1",-27,-18.5
"1",-26,-17.5
"1",-25,-17.5
"1",-24,-17.5
"1",-23,-17.5
"1",-23,-16.5
"1",-23,-15.5
"1",-23,-14.5
"1",-23,-13.5
"1",-23,-12.5
"1",-23,-11.5
"1",-23,-10.5
"1",-23,-9.5
"1",-23,-8.5
"1",-23,-7.5
"1",-23,-6.5
"1",-23,-5.5
"1",-23,-4.5
"1",-23,-3.5
"1",-22,-2.5
"1",-22,-1.5
"1",-21,-0.5
"1",-22,0.5
"1",-22,1.5
"1",-21,2.5
"1",-20,2.5
"1",-19,2.5
"1",-18,2.5
"1",-18,3.5
"1",-18,4.5
"1",-18,5.5
"1",-18,6.5
"1",-18,7.5
"1",-18,8.5
"1",-18,9.5
"1",-18,10.5
"1",-18,11.5
"1",-18,12.5
"1",-18,13.5
"1",-18,14.5
"1",-18,15.5
"1",-18,16.5
"1",-18,17.5
"1",-18,18.5
"1",-18,19.5
"1",-18,20.5
"1",-18,21.5
"1",-18,22.5
"1",-18,23.5
"1",-18,24.5
"1",-18,25.5
"1",-18,26.5
"1",-18,27.5
"1",-18,28.5
"1",-18,29.5
"1",-18,30.5
"1",-18,31.5
"1",-18,32.5
"1",-18,33.5
"1",-18,34.5
"1",-18,35.5
"1",-18,36.5
"1",-18,37.5
"1",-18,38.5
"1",-18,39.5
"1",-18,40.5
"1",-18,41.5
"1",-19,41.5
"1",-20,42.5
"1",-19,43.5
"1",-20,44.5
"1",-19,45.5
"1",-20,46.5
"1",-19,47.5
"1",-20,48.5
"1",-19,49.5
"1",-20,50.5
"1",-19,51.5
"1",-20,52.5
"1",-19,53.5
"1",-20,54.5
"1",-19,55.5
"1",-20,56.5
"1",-19,57.5
"1",-20,58.5
"1",-19,59.5
"1",-20,60.5
"1",-20,61.5
"1",-21,61.5
"1",-22,62.5
"1",-21,63.5
"1",-20,64.5
"2",-25,-73.5
"2",-26,-73.5
"2",-27,-73.5
"2",-28,-73.5
"2",-29,-73.5
"2",-30,-73.5
"2",-31,-72.5
"2",-31,-71.5
"2",-32,-70.5
"2",-33,-69.5
"2",-32,-68.5
"2",-31,-67.5
"2",-32,-66.5
"2",-31,-65.5
"2",-32,-64.5
"2",-33,-63.5
"2",-32,-62.5
"2",-33,-61.5
"2",-32,-60.5
"2",-33,-59.5
"2",-32,-58.5
"2",-33,-57.5
"2",-32,-56.5
"2",-33,-55.5
"2",-32,-54.5
"2",-33,-53.5
"2",-34,-52.5
"2",-33,-51.5
"2",-34,-50.5
"2",-35,-49.5
"2",-34,-48.5
"2",-35,-47.5
"2",-34,-46.5
"2",-35,-45.5
"2",-34,-44.5
"2",-35,-43.5
"2",-34,-42.5
"2",-35,-41.5
"2",-34,-40.5
"2",-35,-39.5
"2",-35,-38.5
"2",-34,-37.5
"2",-35,-36.5
"2",-35,-35.5
"2",-35,-34.5
"2",-35,-33.5
"2",-35,-32.5
"2",-35,-31.5
"2",-34,-30.5
"2",-33,-29.5
"2",-32,-28.5
"2",-31,-28.5
"2",-30,-27.5
"2",-29,-27.5
"2",-29,-26.5
"2",-29,-25.5
"2",-29,-24.5
"2",-29,-23.5
"2",-29,-22.5
"2",-29,-21.5
"2",-28,-20.5
"2",-27,-20.5
"2",-27,-19.5
"2",-27,-18.5
"2",-26,-17.5
"2",-25,-17.5
"2",-24,-17.5
"2",-23,-17.5
"2",-23,-16.5
"2",-23,-15.5
"2",-23,-14.5
"2",-23,-13.5
"2",-23,-12.5
"2",-23,-11.5
"2",-23,-10.5
"2",-23,-9.5
"2",-23,-8.5
"2",-23,-7.5
"2",-23,-6.5
"2",-23,-5.5
"2",-23,-4.5
"2",-23,-3.5
"2",-22,-2.5
"2",-22,-1.5
"2",-22,-0.5
"2",-22,0.5
"2",-22,1.5
"2",-21,2.5
"2",-20,2.5
"2",-19,2.5
"2",-18,2.5
"2",-18,3.5
"2",-18,4.5
"2",-18,5.5
"2",-18,6.5
"2",-18,7.5
"2",-18,8.5
"2",-18,9.5
"2",-18,10.5
"2",-18,11.5
"2",-18,12.5
"2",-18,13.5
"2",-18,14.5
"2",-18,15.5
"2",-18,16.5
"2",-18,17.5
"2",-18,18.5
"2",-18,19.5
"2",-18,20.5
"2",-18,21.5
"2",-18,22.5
"2",-18,23.5
"2",-18,24.5
"2",-18,25.5
"2",-18,26.5
"2",-18,27.5
"2",-18,28.5
"2",-18,29.5
"2",-18,30.5
"2",-18,31.5
"2",-18,32.5
"2",-18,33.5
"2",-18,34.5
"2",-18,35.5
"2",-18,36.5
"2",-18,37.5
"2",-18,38.5
"2",-18,39.5
"2",-18,40.5
"2",-18,41.5
"2",-18,42.5
"2",-18,43.5
"2",-19,43.5
"2",-20,44.5
"2",-19,45.5
"2",-20,46.5
"2",-19,47.5
"2",-20,48.5
"2",-19,49.5
"2",-20,50.5
"2",-19,51.5
"2",-20,52.5
"2",-19,53.5
"2",-20,54.5
"2",-19,55.5
"2",-20,56.5
"2",-19,57.5
"2",-20,58.5
"2",-19,59.5
"2",-20,60.5
"2",-20,61.5
"2",-21,61.5
"2",-22,62.5
"2",-21,63.5
"2",-20,64.5
"3",-25,-73.5
"3",-26,-73.5
"3",-27,-73.5
"3",-28,-73.5
"3",-29,-73.5
"3",-30,-73.5
"3",-31,-72.5
"3",-31,-71.5
"3",-32,-70.5
"3",-33,-69.5
"3",-32,-68.5
"3",-31,-67.5
"3",-32,-66.5
"3",-31,-65.5
"3",-32,-64.5
"3",-33,-63.5
"3",-32,-62.5
"3",-33,-61.5
"3",-32,-60.5
"3",-33,-59.5
"3",-32,-58.5
"3",-33,-57.5
"3",-32,-56.5
"3",-33,-55.5
"3",-32,-54.5
"3",-33,-53.5
"3",-34,-52.5
"3",-33,-51.5
"3",-34,-50.5
"3",-35,-49.5
"3",-34,-48.5
"3",-35,-47.5
"3",-34,-46.5
"3",-35,-45.5
"3",-34,-44.5
"3",-35,-43.5
"3",-34,-42.5
"3",-35,-41.5
"3",-34,-40.5
"3",-35,-39.5
"3",-35,-38.5
"3",-34,-37.5
"3",-35,-36.5
"3",-35,-35.5
"3",-35,-34.5
"3",-35,-33.5
"3",-35,-32.5
"3",-35,-31.5
"3",-34,-30.5
"3",-33,-29.5
"3",-32,-28.5
"3",-31,-28.5
"3",-30,-27.5
"3",-29,-27.5
"3",-29,-26.5
"3",-29,-25.5
"3",-29,-24.5
"3",-29,-23.5
"3",-29,-22.5
"3",-29,-21.5
"3",-28,-20.5
"3",-27,-20.5
"3",-27,-19.5
"3",-27,-18.5
"3",-26,-17.5
"3",-25,-17.5
"3",-24,-17.5
"3",-23,-17.5
"3",-23,-16.5
"3",-23,-15.5
"3",-23,-14.5
"3",-23,-13.5
"3",-23,-12.5
"3",-23,-11.5
"3",-23,-10.5
"3",-23,-9.5
"3",-23,-8.5
"3",-23,-7.5
"3",-23,-6.5
"3",-23,-5.5
"3",-23,-4.5
"3",-23,-3.5
"3",-22,-2.5
"3",-22,-1.5
"3",-21,-0.5
"3",-22,0.5
"3",-22,1.5
"3",-21,2.5
"3",-20,2.5
"3",-19,2.5
"3",-18,2.5
"3",-18,3.5
"3",-18,4.5
"3",-18,5.5
"3",-18,6.5
"3",-18,7.5
"3",-18,8.5
"3",-18,9.5
"3",-18,10.5
"3",-18,11.5
"3",-18,12.5
"3",-18,13.5
"3",-18,14.5
"3",-18,15.5
"3",-18,16.5
"3",-18,17.5
"3",-18,18.5
"3",-18,19.5
"3",-18,20.5
"3",-18,21.5
"3",-18,22.5
"3",-18,23.5
"3",-18,24.5
"3",-18,25.5
"3",-18,26.5
"3",-18,27.5
"3",-18,28.5
"3",-18,29.5
"3",-18,30.5
"3",-18,31.5
"3",-18,32.5
"3",-18,33.5
"3",-18,34.5
"3",-18,35.5
"3",-18,36.5
"3",-18,37.5
"3",-18,38.5
"3",-18,39.5
"3",-18,40.5
"3",-18,41.5
"3",-19,41.5
"3",-20,42.5
"3",-20,43.5
"3",-20,44.5
"3",-19,45.5
"3",-20,46.5
"3",-20,47.5
"3",-20,48.5
"3",-20,49.5
"3",-20,50.5
"3",-20,51.5
"3",-20,52.5
"3",-20,53.5
"3",-20,54.5
"3",-20,55.5
"3",-20,56.5
"3",-19,57.5
"3",-20,58.5
"3",-20,59.5
"3",-20,60.5
"3",-20,61.5
"3",-21,61.5
"3",-22,62.5
"3",-21,63.5
"3",-20,64.5
"4",-25,-73.5
"4",-24,-72.5
"4",-23,-72.5
"4",-22,-71.5
"4",-21,-71.5
"4",-20,-71.5
"4",-19,-71.5
"4",-18,-70.5
"4",-19,-69.5
"4",-19,-68.5
"4",-19,-67.5
"4",-18,-66.5
"4",-17,-65.5
"4",-16,-64.5
"4",-15,-63.5
"4",-14,-63.5
"4",-13,-62.5
"4",-12,-62.5
"4",-11,-62.5
"4",-10,-61.5
"4",-9,-61.5
"4",-8,-60.5
"4",-7,-60.5
"4",-6,-60.5
"4",-5,-59.5
"4",-4,-59.5
"4",-3,-58.5
"4",-2,-58.5
"4",-1,-57.5
"4",0,-56.5
"4",0,-55.5
"4",1,-54.5
"4",0,-53.5
"4",1,-52.5
"4",0,-51.5
"4",0,-50.5
"4",1,-49.5
"4",0,-48.5
"4",1,-47.5
"4",1,-46.5
"4",1,-45.5
"4",1,-44.5
"4",2,-43.5
"4",3,-42.5
"4",4,-42.5
"4",5,-41.5
"4",4,-40.5
"4",5,-39.5
"4",5,-38.5
"4",5,-37.5
"4",5,-36.5
"4",5,-35.5
"4",5,-34.5
"4",5,-33.5
"4",5,-32.5
"4",5,-31.5
"4",5,-30.5
"4",5,-29.5
"4",5,-28.5
"4",5,-27.5
"4",5,-26.5
"4",5,-25.5
"4",5,-24.5
"4",5,-23.5
"4",5,-22.5
"4",4,-21.5
"4",3,-20.5
"4",3,-19.5
"4",2,-18.5
"4",1,-17.5
"4",0,-16.5
"4",-1,-15.5
"4",-2,-14.5
"4",-3,-13.5
"4",-4,-12.5
"4",-5,-11.5
"4",-6,-10.5
"4",-7,-9.5
"4",-8,-8.5
"4",-9,-7.5
"4",-9,-6.5
"4",-10,-5.5
"4",-11,-4.5
"4",-12,-3.5
"4",-13,-2.5
"4",-14,-1.5
"4",-15,-0.5
"4",-16,0.5
"4",-16,1.5
"4",-16,2.5
"4",-16,3.5
"4",-16,4.5
"4",-16,5.5
"4",-16,6.5
"4",-16,7.5
"4",-17,7.5
"4",-18,8.5
"4",-18,9.5
"4",-18,10.5
"4",-18,11.5
"4",-18,12.5
"4",-18,13.5
"4",-18,14.5
"4",-18,15.5
"4",-18,16.5
"4",-18,17.5
"4",-18,18.5
"4",-18,19.5
"4",-18,20.5
"4",-18,21.5
"4",-18,22.5
"4",-18,23.5
"4",-18,24.5
"4",-18,25.5
"4",-18,26.5
"4",-18,27.5
"4",-18,28.5
"4",-18,29.5
"4",-18,30.5
"4",-18,31.5
"4",-18,32.5
"4",-18,33.5
"4",-18,34.5
"4",-18,35.5
"4",-18,36.5
"4",-18,37.5
"4",-18,38.5
"4",-18,39.5
"4",-18,40.5
"4",-18,41.5
"4",-18,42.5
"4",-18,43.5
"4",-18,44.5
"4",-19,44.5
"4",-20,45.5
"4",-20,46.5
"4",-19,47.5
"4",-20,48.5
"4",-19,49.5
"4",-20,50.5
"4",-19,51.5
"4",-20,52.5
"4",-19,53.5
"4",-20,54.5
"4",-19,55.5
"4",-20,56.5
"4",-19,57.5
"4",-20,58.5
"4",-19,59.5
"4",-20,60.5
"4",-20,61.5
"4",-21,61.5
"4",-22,62.5
"4",-21,63.5
"4",-20,64.5
"5",-25,-73.5
"5",-26,-73.5
"5",-27,-73.5
"5",-28,-73.5
"5",-29,-73.5
"5",-30,-73.5
"5",-31,-72.5
"5",-31,-71.5
"5",-32,-70.5
"5",-33,-69.5
"5",-32,-68.5
"5",-31,-67.5
"5",-32,-66.5
"5",-31,-65.5
"5",-32,-64.5
"5",-33,-63.5
"5",-32,-62.5
"5",-33,-61.5
"5",-32,-60.5
"5",-33,-59.5
"5",-32,-58.5
"5",-33,-57.5
"5",-32,-56.5
"5",-33,-55.5
"5",-32,-54.5
"5",-33,-53.5
"5",-34,-52.5
"5",-33,-51.5
"5",-34,-50.5
"5",-35,-49.5
"5",-34,-48.5
"5",-35,-47.5
"5",-34,-46.5
"5",-35,-45.5
"5",-34,-44.5
"5",-35,-43.5
"5",-35,-42.5
"5",-34,-41.5
"5",-35,-40.5
"5",-35,-39.5
"5",-35,-38.5
"5",-35,-37.5
"5",-35,-36.5
"5",-35,-35.5
"5",-35,-34.5
"5",-35,-33.5
"5",-35,-32.5
"5",-35,-31.5
"5",-34,-30.5
"5",-33,-29.5
"5",-32,-28.5
"5",-31,-28.5
"5",-30,-27.5
"5",-29,-27.5
"5",-29,-26.5
"5",-29,-25.5
"5",-29,-24.5
"5",-29,-23.5
"5",-29,-22.5
"5",-29,-21.5
"5",-28,-20.5
"5",-27,-20.5
"5",-27,-19.5
"5",-27,-18.5
"5",-26,-17.5
"5",-25,-17.5
"5",-24,-17.5
"5",-23,-17.5
"5",-23,-16.5
"5",-23,-15.5
"5",-23,-14.5
"5",-23,-13.5
"5",-23,-12.5
"5",-23,-11.5
"5",-23,-10.5
"5",-23,-9.5
"5",-23,-8.5
"5",-23,-7.5
"5",-23,-6.5
"5",-23,-5.5
"5",-23,-4.5
"5",-23,-3.5
"5",-22,-2.5
"5",-22,-1.5
"5",-22,-0.5
"5",-22,0.5
"5",-22,1.5
"5",-21,2.5
"5",-20,2.5
"5",-19,2.5
"5",-18,2.5
"5",-18,3.5
"5",-18,4.5
"5",-18,5.5
"5",-18,6.5
"5",-18,7.5
"5",-18,8.5
"5",-18,9.5
"5",-18,10.5
"5",-18,11.5
"5",-18,12.5
"5",-18,13.5
"5",-18,14.5
"5",-18,15.5
"5",-18,16.5
"5",-18,17.5
"5",-18,18.5
"5",-18,19.5
"5",-18,20.5
"5",-18,21.5
"5",-18,22.5
"5",-18,23.5
"5",-18,24.5
"5",-18,25.5
"5",-18,26.5
"5",-18,27.5
"5",-18,28.5
"5",-18,29.5
"5",-18,30.5
"5",-18,31.5
"5",-18,32.5
"5",-18,33.5
"5",-18,34.5
"5",-18,35.5
"5",-18,36.5
"5",-18,37.5
"5",-18,38.5
"5",-18,39.5
"5",-18,40.5
"5",-18,41.5
"5",-18,42.5
"5",-18,43.5
"5",-18,44.5
"5",-19,44.5
"5",-20,45.5
"5",-20,46.5
"5",-20,47.5
"5",-20,48.5
"5",-20,49.5
"5",-20,50.5
"5",-20,51.5
"5",-20,52.5
"5",-20,53.5
"5",-20,54.5
"5",-19,55.5
"5",-20,56.5
"5",-19,57.5
"5",-20,58.5
"5",-19,59.5
"5",-20,60.5
"5",-20,61.5
"5",-21,61.5
"5",-22,62.5
"5",-21,63.5
"5",-20,64.5
"6",-25,-73.5
"6",-26,-73.5
"6",-27,-73.5
"6",-28,-73.5
"6",-29,-73.5
"6",-30,-73.5
"6",-31,-72.5
"6",-31,-71.5
"6",-32,-70.5
"6",-33,-69.5
"6",-32,-68.5
"6",-31,-67.5
"6",-32,-66.5
"6",-31,-65.5
"6",-32,-64.5
"6",-33,-63.5
"6",-32,-62.5
"6",-33,-61.5
"6",-32,-60.5
"6",-33,-59.5
"6",-32,-58.5
"6",-33,-57.5
"6",-32,-56.5
"6",-33,-55.5
"6",-32,-54.5
"6",-33,-53.5
"6",-34,-52.5
"6",-33,-51.5
"6",-34,-50.5
"6",-35,-49.5
"6",-34,-48.5
"6",-35,-47.5
"6",-34,-46.5
"6",-35,-45.5
"6",-34,-44.5
"6",-35,-43.5
"6",-35,-42.5
"6",-35,-41.5
"6",-35,-40.5
"6",-35,-39.5
"6",-35,-38.5
"6",-35,-37.5
"6",-35,-36.5
"6",-36,-35.5
"6",-37,-34.5
"6",-37,-33.5
"6",-36,-32.5
"6",-36,-31.5
"6",-36,-30.5
"6",-36,-29.5
"6",-36,-28.5
"6",-36,-27.5
"6",-37,-26.5
"6",-37,-25.5
"6",-37,-24.5
"6",-37,-23.5
"6",-37,-22.5
"6",-37,-21.5
"6",-37,-20.5
"6",-37,-19.5
"6",-37,-18.5
"6",-37,-17.5
"6",-37,-16.5
"6",-37,-15.5
"6",-37,-14.5
"6",-37,-13.5
"6",-36,-12.5
"6",-35,-12.5
"6",-34,-11.5
"6",-33,-11.5
"6",-32,-10.5
"6",-31,-9.5
"6",-31,-8.5
"6",-31,-7.5
"6",-31,-6.5
"6",-31,-5.5
"6",-31,-4.5
"6",-31,-3.5
"6",-31,-2.5
"6",-31,-1.5
"6",-31,-0.5
"6",-30,0.5
"6",-29,0.5
"6",-29,1.5
"6",-29,2.5
"6",-29,3.5
"6",-29,4.5
"6",-29,5.5
"6",-29,6.5
"6",-29,7.5
"6",-29,8.5
"6",-29,9.5
"6",-29,10.5
"6",-29,11.5
"6",-29,12.5
"6",-29,13.5
"6",-29,14.5
"6",-28,15.5
"6",-27,15.5
"6",-26,15.5
"6",-25,15.5
"6",-25,16.5
"6",-25,17.5
"6",-25,18.5
"6",-25,19.5
"6",-25,20.5
"6",-25,21.5
"6",-25,22.5
"6",-25,23.5
"6",-25,24.5
"6",-25,25.5
"6",-25,26.5
"6",-25,27.5
"6",-25,28.5
"6",-25,29.5
"6",-25,30.5
"6",-25,31.5
"6",-24,32.5
"6",-24,33.5
"6",-24,34.5
"6",-24,35.5
"6",-24,36.5
"6",-24,37.5
"6",-23,38.5
"6",-22,38.5
"6",-21,39.5
"6",-20,39.5
"6",-20,40.5
"6",-20,41.5
"6",-20,42.5
"6",-20,43.5
"6",-20,44.5
"6",-20,45.5
"6",-20,46.5
"6",-20,47.5
"6",-20,48.5
"6",-20,49.5
"6",-20,50.5
"6",-20,51.5
"6",-20,52.5
"6",-20,53.5
"6",-20,54.5
"6",-20,55.5
"6",-20,56.5
"6",-19,57.5
"6",-20,58.5
"6",-20,59.5
"6",-20,60.5
"6",-20,61.5
"6",-21,61.5
"6",-22,62.5
"6",-21,63.5
"6",-20,64.5
"7",-25,-73.5
"7",-24,-72.5
"7",-23,-72.5
"7",-22,-71.5
"7",-21,-71.5
"7",-20,-71.5
"7",-19,-71.5
"7",-18,-70.5
"7",-19,-69.5
"7",-19,-68.5
"7",-19,-67.5
"7",-18,-66.5
"7",-17,-65.5
"7",-16,-64.5
"7",-15,-63.5
"7",-14,-63.5
"7",-13,-62.5
"7",-12,-62.5
"7",-11,-62.5
"7",-10,-61.5
"7",-9,-61.5
"7",-8,-60.5
"7",-7,-60.5
"7",-6,-60.5
"7",-5,-59.5
"7",-4,-59.5
"7",-3,-58.5
"7",-2,-57.5
"7",-1,-56.5
"7",0,-55.5
"7",1,-54.5
"7",0,-53.5
"7",1,-52.5
"7",0,-51.5
"7",0,-50.5
"7",1,-49.5
"7",0,-48.5
"7",1,-47.5
"7",1,-46.5
"7",1,-45.5
"7",1,-44.5
"7",2,-43.5
"7",3,-42.5
"7",4,-42.5
"7",5,-41.5
"7",4,-40.5
"7",5,-39.5
"7",5,-38.5
"7",5,-37.5
"7",5,-36.5
"7",5,-35.5
"7",5,-34.5
"7",5,-33.5
"7",5,-32.5
"7",5,-31.5
"7",5,-30.5
"7",5,-29.5
"7",5,-28.5
"7",5,-27.5
"7",5,-26.5
"7",5,-25.5
"7",5,-24.5
"7",5,-23.5
"7",5,-22.5
"7",4,-21.5
"7",3,-20.5
"7",3,-19.5
"7",2,-18.5
"7",1,-17.5
"7",0,-16.5
"7",-1,-15.5
"7",-2,-14.5
"7",-3,-13.5
"7",-4,-12.5
"7",-5,-11.5
"7",-6,-10.5
"7",-7,-9.5
"7",-8,-8.5
"7",-9,-7.5
"7",-9,-6.5
"7",-10,-5.5
"7",-11,-4.5
"7",-12,-3.5
"7",-13,-2.5
"7",-14,-1.5
"7",-15,-0.5
"7",-16,0.5
"7",-16,1.5
"7",-16,2.5
"7",-16,3.5
"7",-16,4.5
"7",-16,5.5
"7",-16,6.5
"7",-16,7.5
"7",-17,7.5
"7",-18,8.5
"7",-18,9.5
"7",-18,10.5
"7",-18,11.5
"7",-18,12.5
"7",-18,13.5
"7",-18,14.5
"7",-18,15.5
"7",-18,16.5
"7",-18,17.5
"7",-18,18.5
"7",-18,19.5
"7",-18,20.5
"7",-18,21.5
"7",-18,22.5
"7",-18,23.5
"7",-18,24.5
"7",-18,25.5
"7",-18,26.5
"7",-18,27.5
"7",-18,28.5
"7",-18,29.5
"7",-18,30.5
"7",-18,31.5
"7",-18,32.5
"7",-18,33.5
"7",-18,34.5
"7",-18,35.5
"7",-18,36.5
"7",-18,37.5
"7",-18,38.5
"7",-18,39.5
"7",-18,40.5
"7",-18,41.5
"7",-19,42.5
"7",-20,43.5
"7",-20,44.5
"7",-20,45.5
"7",-20,46.5
"7",-19,47.5
"7",-20,48.5
"7",-19,49.5
"7",-20,50.5
"7",-19,51.5
"7",-20,52.5
"7",-19,53.5
"7",-20,54.5
"7",-19,55.5
"7",-20,56.5
"7",-19,57.5
"7",-20,58.5
"7",-19,59.5
"7",-20,60.5
"7",-20,61.5
"7",-21,61.5
"7",-22,62.5
"7",-21,63.5
"7",-20,64.5
"8",-25,-73.5
"8",-24,-72.5
"8",-23,-72.5
"8",-22,-71.5
"8",-21,-71.5
"8",-20,-71.5
"8",-19,-71.5
"8",-18,-70.5
"8",-19,-69.5
"8",-19,-68.5
"8",-19,-67.5
"8",-19,-66.5
"8",-19,-65.5
"8",-19,-64.5
"8",-19,-63.5
"8",-19,-62.5
"8",-19,-61.5
"8",-18,-60.5
"8",-17,-59.5
"8",-18,-58.5
"8",-17,-57.5
"8",-18,-56.5
"8",-17,-55.5
"8",-18,-54.5
"8",-17,-53.5
"8",-18,-52.5
"8",-17,-51.5
"8",-18,-50.5
"8",-17,-49.5
"8",-18,-48.5
"8",-18,-47.5
"8",-17,-46.5
"8",-18,-45.5
"8",-18,-44.5
"8",-18,-43.5
"8",-18,-42.5
"8",-18,-41.5
"8",-18,-40.5
"8",-18,-39.5
"8",-18,-38.5
"8",-18,-37.5
"8",-17,-36.5
"8",-16,-36.5
"8",-16,-35.5
"8",-16,-34.5
"8",-16,-33.5
"8",-16,-32.5
"8",-16,-31.5
"8",-16,-30.5
"8",-16,-29.5
"8",-16,-28.5
"8",-16,-27.5
"8",-16,-26.5
"8",-16,-25.5
"8",-16,-24.5
"8",-16,-23.5
"8",-16,-22.5
"8",-16,-21.5
"8",-16,-20.5
"8",-16,-19.5
"8",-16,-18.5
"8",-16,-17.5
"8",-16,-16.5
"8",-16,-15.5
"8",-16,-14.5
"8",-16,-13.5
"8",-16,-12.5
"8",-16,-11.5
"8",-16,-10.5
"8",-16,-9.5
"8",-16,-8.5
"8",-16,-7.5
"8",-16,-6.5
"8",-16,-5.5
"8",-16,-4.5
"8",-16,-3.5
"8",-16,-2.5
"8",-16,-1.5
"8",-16,-0.5
"8",-16,0.5
"8",-16,1.5
"8",-16,2.5
"8",-16,3.5
"8",-16,4.5
"8",-16,5.5
"8",-16,6.5
"8",-16,7.5
"8",-17,7.5
"8",-18,8.5
"8",-18,9.5
"8",-18,10.5
"8",-18,11.5
"8",-18,12.5
"8",-18,13.5
"8",-18,14.5
"8",-18,15.5
"8",-18,16.5
"8",-18,17.5
"8",-18,18.5
"8",-18,19.5
"8",-18,20.5
"8",-18,21.5
"8",-18,22.5
"8",-18,23.5
"8",-18,24.5
"8",-18,25.5
"8",-18,26.5
"8",-18,27.5
"8",-18,28.5
"8",-18,29.5
"8",-18,30.5
"8",-18,31.5
"8",-18,32.5
"8",-18,33.5
"8",-18,34.5
"8",-18,35.5
"8",-18,36.5
"8",-18,37.5
"8",-18,38.5
"8",-18,39.5
"8",-18,40.5
"8",-18,41.5
"8",-18,42.5
"8",-18,43.5
"8",-18,44.5
"8",-19,44.5
"8",-20,45.5
"8",-20,46.5
"8",-20,47.5
"8",-20,48.5
"8",-20,49.5
"8",-20,50.5
"8",-20,51.5
"8",-20,52.5
"8",-20,53.5
"8",-20,54.5
"8",-19,55.5
"8",-20,56.5
"8",-19,57.5
"8",-20,58.5
"8",-19,59.5
"8",-20,60.5
"8",-20,61.5
"8",-21,61.5
"8",-22,62.5
"8",-21,63.5
"8",-20,64.5
"9",-25,-73.5
"9",-26,-73.5
"9",-27,-73.5
"9",-28,-73.5
"9",-29,-73.5
"9",-30,-73.5
"9",-31,-72.5
"9",-31,-71.5
"9",-32,-70.5
"9",-33,-69.5
"9",-32,-68.5
"9",-31,-67.5
"9",-32,-66.5
"9",-31,-65.5
"9",-32,-64.5
"9",-33,-63.5
"9",-32,-62.5
"9",-33,-61.5
"9",-32,-60.5
"9",-33,-59.5
"9",-32,-58.5
"9",-33,-57.5
"9",-32,-56.5
"9",-33,-55.5
"9",-32,-54.5
"9",-33,-53.5
"9",-34,-52.5
"9",-33,-51.5
"9",-34,-50.5
"9",-35,-49.5
"9",-34,-48.5
"9",-35,-47.5
"9",-34,-46.5
"9",-35,-45.5
"9",-35,-44.5
"9",-35,-43.5
"9",-35,-42.5
"9",-35,-41.5
"9",-35,-40.5
"9",-35,-39.5
"9",-35,-38.5
"9",-35,-37.5
"9",-35,-36.5
"9",-36,-35.5
"9",-37,-34.5
"9",-37,-33.5
"9",-36,-32.5
"9",-36,-31.5
"9",-36,-30.5
"9",-36,-29.5
"9",-36,-28.5
"9",-36,-27.5
"9",-37,-26.5
"9",-37,-25.5
"9",-37,-24.5
"9",-37,-23.5
"9",-37,-22.5
"9",-37,-21.5
"9",-37,-20.5
"9",-37,-19.5
"9",-37,-18.5
"9",-37,-17.5
"9",-37,-16.5
"9",-37,-15.5
"9",-37,-14.5
"9",-37,-13.5
"9",-36,-12.5
"9",-35,-12.5
"9",-34,-11.5
"9",-33,-11.5
"9",-32,-10.5
"9",-31,-9.5
"9",-31,-8.5
"9",-31,-7.5
"9",-31,-6.5
"9",-31,-5.5
"9",-31,-4.5
"9",-31,-3.5
"9",-31,-2.5
"9",-31,-1.5
"9",-31,-0.5
"9",-31,0.5
"9",-30,1.5
"9",-29,1.5
"9",-29,2.5
"9",-29,3.5
"9",-29,4.5
"9",-29,5.5
"9",-29,6.5
"9",-29,7.5
"9",-29,8.5
"9",-29,9.5
"9",-29,10.5
"9",-29,11.5
"9",-29,12.5
"9",-29,13.5
"9",-28,14.5
"9",-27,14.5
"9",-26,15.5
"9",-25,15.5
"9",-25,16.5
"9",-25,17.5
"9",-25,18.5
"9",-25,19.5
"9",-25,20.5
"9",-25,21.5
"9",-25,22.5
"9",-25,23.5
"9",-25,24.5
"9",-25,25.5
"9",-25,26.5
"9",-25,27.5
"9",-25,28.5
"9",-25,29.5
"9",-25,30.5
"9",-25,31.5
"9",-24,32.5
"9",-24,33.5
"9",-24,34.5
"9",-24,35.5
"9",-24,36.5
"9",-24,37.5
"9",-23,38.5
"9",-22,38.5
"9",-21,39.5
"9",-20,39.5
"9",-20,40.5
"9",-20,41.5
"9",-20,42.5
"9",-20,43.5
"9",-20,44.5
"9",-20,45.5
"9",-20,46.5
"9",-20,47.5
"9",-20,48.5
"9",-20,49.5
"9",-20,50.5
"9",-20,51.5
"9",-20,52.5
"9",-20,53.5
"9",-20,54.5
"9",-20,55.5
"9",-20,56.5
"9",-19,57.5
"9",-20,58.5
"9",-20,59.5
"9",-20,60.5
"9",-20,61.5
"9",-21,61.5
"9",-22,62.5
"9",-21,63.5
"9",-20,64.5
"10",-25,-73.5
"10",-26,-73.5
"10",-27,-73.5
"10",-28,-73.5
"10",-29,-73.5
"10",-30,-73.5
"10",-31,-72.5
"10",-31,-71.5
"10",-32,-70.5
"10",-33,-69.5
"10",-32,-68.5
"10",-31,-67.5
"10",-32,-66.5
"10",-31,-65.5
"10",-32,-64.5
"10",-33,-63.5
"10",-32,-62.5
"10",-33,-61.5
"10",-32,-60.5
"10",-33,-59.5
"10",-32,-58.5
"10",-33,-57.5
"10",-32,-56.5
"10",-33,-55.5
"10",-32,-54.5
"10",-33,-53.5
"10",-34,-52.5
"10",-33,-51.5
"10",-34,-50.5
"10",-35,-49.5
"10",-34,-48.5
"10",-35,-47.5
"10",-34,-46.5
"10",-35,-45.5
"10",-35,-44.5
"10",-35,-43.5
"10",-35,-42.5
"10",-35,-41.5
"10",-35,-40.5
"10",-35,-39.5
"10",-35,-38.5
"10",-36,-37.5
"10",-37,-36.5
"10",-37,-35.5
"10",-37,-34.5
"10",-37,-33.5
"10",-36,-32.5
"10",-36,-31.5
"10",-36,-30.5
"10",-36,-29.5
"10",-36,-28.5
"10",-36,-27.5
"10",-37,-26.5
"10",-37,-25.5
"10",-37,-24.5
"10",-37,-23.5
"10",-37,-22.5
"10",-37,-21.5
"10",-37,-20.5
"10",-37,-19.5
"10",-37,-18.5
"10",-37,-17.5
"10",-37,-16.5
"10",-37,-15.5
"10",-37,-14.5
"10",-37,-13.5
"10",-36,-12.5
"10",-35,-12.5
"10",-34,-11.5
"10",-33,-11.5
"10",-32,-10.5
"10",-31,-9.5
"10",-31,-8.5
"10",-31,-7.5
"10",-31,-6.5
"10",-31,-5.5
"10",-31,-4.5
"10",-31,-3.5
"10",-31,-2.5
"10",-31,-1.5
"10",-31,-0.5
"10",-30,0.5
"10",-29,0.5
"10",-29,1.5
"10",-29,2.5
"10",-29,3.5
"10",-29,4.5
"10",-29,5.5
"10",-29,6.5
"10",-29,7.5
"10",-29,8.5
"10",-29,9.5
"10",-29,10.5
"10",-29,11.5
"10",-29,12.5
"10",-29,13.5
"10",-29,14.5
"10",-28,15.5
"10",-27,15.5
"10",-26,15.5
"10",-25,15.5
"10",-25,16.5
"10",-25,17.5
"10",-25,18.5
"10",-25,19.5
"10",-25,20.5
"10",-25,21.5
"10",-25,22.5
"10",-25,23.5
"10",-25,24.5
"10",-25,25.5
"10",-25,26.5
"10",-25,27.5
"10",-25,28.5
"10",-25,29.5
"10",-25,30.5
"10",-25,31.5
"10",-24,32.5
"10",-24,33.5
"10",-24,34.5
"10",-24,35.5
"10",-24,36.5
"10",-24,37.5
"10",-23,38.5
"10",-22,38.5
"10",-21,39.5
"10",-20,39.5
"10",-20,40.5
"10",-20,41.5
"10",-20,42.5
"10",-20,43.5
"10",-20,44.5
"10",-20,45.5
"10",-20,46.5
"10",-20,47.5
"10",-20,48.5
"10",-20,49.5
"10",-20,50.5
"10",-20,51.5
"10",-20,52.5
"10",-20,53.5
"10",-20,54.5
"10",-20,55.5
"10",-20,56.5
"10",-20,57.5
"10",-20,58.5
"10",-20,59.5
"10",-20,60.5
"10",-20,61.5
"10",-21,61.5
"10",-22,62.5
"10",-21,63.5
"10",-20,64.5
"11",-25,-73.5
"11",-24,-72.5
"11",-25,-71.5
"11",-25,-70.5
"11",-25,-69.5
"11",-24,-68.5
"11",-23,-67.5
"11",-22,-66.5
"11",-21,-65.5
"11",-20,-64.5
"11",-19,-63.5
"11",-18,-62.5
"11",-17,-61.5
"11",-16,-60.5
"11",-15,-59.5
"11",-14,-58.5
"11",-13,-57.5
"11",-12,-56.5
"11",-11,-55.5
"11",-10,-54.5
"11",-9,-53.5
"11",-8,-52.5
"11",-7,-51.5
"11",-6,-50.5
"11",-5,-49.5
"11",-4,-48.5
"11",-3,-47.5
"11",-2,-46.5
"11",-1,-45.5
"11",0,-44.5
"11",1,-43.5
"11",1,-42.5
"11",1,-41.5
"11",1,-40.5
"11",2,-39.5
"11",2,-38.5
"11",2,-37.5
"11",2,-36.5
"11",2,-35.5
"11",3,-34.5
"11",4,-33.5
"11",5,-32.5
"11",5,-31.5
"11",5,-30.5
"11",5,-29.5
"11",5,-28.5
"11",5,-27.5
"11",5,-26.5
"11",5,-25.5
"11",5,-24.5
"11",5,-23.5
"11",5,-22.5
"11",4,-21.5
"11",3,-20.5
"11",3,-19.5
"11",3,-18.5
"11",2,-17.5
"11",1,-16.5
"11",0,-15.5
"11",-1,-14.5
"11",-2,-13.5
"11",-3,-12.5
"11",-4,-11.5
"11",-5,-10.5
"11",-6,-9.5
"11",-7,-8.5
"11",-8,-7.5
"11",-9,-6.5
"11",-10,-5.5
"11",-11,-4.5
"11",-12,-3.5
"11",-13,-2.5
"11",-14,-1.5
"11",-15,-0.5
"11",-16,0.5
"11",-17,1.5
"11",-18,2.5
"11",-18,3.5
"11",-18,4.5
"11",-18,5.5
"11",-18,6.5
"11",-18,7.5
"11",-18,8.5
"11",-18,9.5
"11",-18,10.5
"11",-18,11.5
"11",-18,12.5
"11",-18,13.5
"11",-18,14.5
"11",-18,15.5
"11",-18,16.5
"11",-18,17.5
"11",-18,18.5
"11",-18,19.5
"11",-18,20.5
"11",-18,21.5
"11",-18,22.5
"11",-18,23.5
"11",-18,24.5
"11",-18,25.5
"11",-18,26.5
"11",-18,27.5
"11",-18,28.5
"11",-18,29.5
"11",-18,30.5
"11",-18,31.5
"11",-18,32.5
"11",-18,33.5
"11",-18,34.5
"11",-18,35.5
"11",-18,36.5
"11",-18,37.5
"11",-18,38.5
"11",-18,39.5
"11",-18,40.5
"11",-18,41.5
"11",-19,42.5
"11",-20,43.5
"11",-20,44.5
"11",-20,45.5
"11",-20,46.5
"11",-19,47.5
"11",-20,48.5
"11",-19,49.5
"11",-20,50.5
"11",-19,51.5
"11",-20,52.5
"11",-19,53.5
"11",-20,54.5
"11",-19,55.5
"11",-20,56.5
"11",-19,57.5
"11",-20,58.5
"11",-19,59.5
"11",-20,60.5
"11",-20,61.5
"11",-21,62.5
"11",-21,63.5
"11",-20,64.5
"12",-25,-73.5
"12",-24,-72.5
"12",-23,-72.5
"12",-22,-71.5
"12",-21,-71.5
"12",-20,-71.5
"12",-19,-71.5
"12",-18,-70.5
"12",-19,-69.5
"12",-19,-68.5
"12",-19,-67.5
"12",-19,-66.5
"12",-19,-65.5
"12",-19,-64.5
"12",-19,-63.5
"12",-19,-62.5
"12",-19,-61.5
"12",-18,-60.5
"12",-17,-59.5
"12",-18,-58.5
"12",-17,-57.5
"12",-18,-56.5
"12",-17,-55.5
"12",-18,-54.5
"12",-17,-53.5
"12",-18,-52.5
"12",-17,-51.5
"12",-18,-50.5
"12",-17,-49.5
"12",-18,-48.5
"12",-17,-47.5
"12",-18,-46.5
"12",-18,-45.5
"12",-18,-44.5
"12",-18,-43.5
"12",-18,-42.5
"12",-18,-41.5
"12",-18,-40.5
"12",-18,-39.5
"12",-18,-38.5
"12",-18,-37.5
"12",-17,-36.5
"12",-16,-35.5
"12",-16,-34.5
"12",-16,-33.5
"12",-16,-32.5
"12",-16,-31.5
"12",-16,-30.5
"12",-16,-29.5
"12",-16,-28.5
"12",-16,-27.5
"12",-16,-26.5
"12",-16,-25.5
"12",-16,-24.5
"12",-16,-23.5
"12",-16,-22.5
"12",-16,-21.5
"12",-16,-20.5
"12",-16,-19.5
"12",-16,-18.5
"12",-16,-17.5
"12",-16,-16.5
"12",-16,-15.5
"12",-16,-14.5
"12",-16,-13.5
"12",-16,-12.5
"12",-16,-11.5
"12",-16,-10.5
"12",-16,-9.5
"12",-16,-8.5
"12",-16,-7.5
"12",-16,-6.5
"12",-16,-5.5
"12",-16,-4.5
"12",-16,-3.5
"12",-17,-2.5
"12",-18,-1.5
"12",-18,-0.5
"12",-18,0.5
"12",-18,1.5
"12",-18,2.5
"12",-18,3.5
"12",-18,4.5
"12",-18,5.5
"12",-18,6.5
"12",-18,7.5
"12",-18,8.5
"12",-18,9.5
"12",-18,10.5
"12",-18,11.5
"12",-18,12.5
"12",-18,13.5
"12",-18,14.5
"12",-18,15.5
"12",-18,16.5
"12",-18,17.5
"12",-18,18.5
"12",-18,19.5
"12",-18,20.5
"12",-18,21.5
"12",-18,22.5
"12",-18,23.5
"12",-18,24.5
"12",-18,25.5
"12",-18,26.5
"12",-18,27.5
"12",-18,28.5
"12",-18,29.5
"12",-18,30.5
"12",-18,31.5
"12",-18,32.5
"12",-18,33.5
"12",-18,34.5
"12",-18,35.5
"12",-18,36.5
"12",-18,37.5
"12",-18,38.5
"12",-18,39.5
"12",-18,40.5
"12",-18,41.5
"12",-19,42.5
"12",-20,43.5
"12",-20,44.5
"12",-20,45.5
"12",-20,46.5
"12",-20,47.5
"12",-20,48.5
"12",-20,49.5
"12",-20,50.5
"12",-20,51.5
"12",-20,52.5
"12",-19,53.5
"12",-20,54.5
"12",-19,55.5
"12",-20,56.5
"12",-19,57.5
"12",-20,58.5
"12",-19,59.5
"12",-20,60.5
"12",-20,61.5
"12",-21,61.5
"12",-22,62.5
"12",-21,63.5
"12",-20,64.5
"13",-25,-73.5
"13",-24,-72.5
"13",-23,-72.5
"13",-22,-71.5
"13",-21,-71.5
"13",-20,-71.5
"13",-19,-71.5
"13",-18,-70.5
"13",-19,-69.5
"13",-19,-68.5
"13",-19,-67.5
"13",-19,-66.5
"13",-19,-65.5
"13",-19,-64.5
"13",-19,-63.5
"13",-19,-62.5
"13",-19,-61.5
"13",-18,-60.5
"13",-17,-59.5
"13",-18,-58.5
"13",-17,-57.5
"13",-18,-56.5
"13",-17,-55.5
"13",-18,-54.5
"13",-17,-53.5
"13",-18,-52.5
"13",-17,-51.5
"13",-18,-50.5
"13",-17,-49.5
"13",-18,-48.5
"13",-17,-47.5
"13",-18,-46.5
"13",-18,-45.5
"13",-18,-44.5
"13",-18,-43.5
"13",-18,-42.5
"13",-18,-41.5
"13",-18,-40.5
"13",-18,-39.5
"13",-18,-38.5
"13",-18,-37.5
"13",-17,-36.5
"13",-16,-36.5
"13",-16,-35.5
"13",-16,-34.5
"13",-16,-33.5
"13",-16,-32.5
"13",-16,-31.5
"13",-16,-30.5
"13",-16,-29.5
"13",-16,-28.5
"13",-16,-27.5
"13",-16,-26.5
"13",-16,-25.5
"13",-16,-24.5
"13",-16,-23.5
"13",-16,-22.5
"13",-16,-21.5
"13",-16,-20.5
"13",-16,-19.5
"13",-16,-18.5
"13",-16,-17.5
"13",-16,-16.5
"13",-16,-15.5
"13",-16,-14.5
"13",-16,-13.5
"13",-16,-12.5
"13",-16,-11.5
"13",-16,-10.5
"13",-16,-9.5
"13",-16,-8.5
"13",-16,-7.5
"13",-16,-6.5
"13",-16,-5.5
"13",-16,-4.5
"13",-16,-3.5
"13",-16,-2.5
"13",-16,-1.5
"13",-16,-0.5
"13",-16,0.5
"13",-16,1.5
"13",-16,2.5
"13",-16,3.5
"13",-16,4.5
"13",-16,5.5
"13",-16,6.5
"13",-16,7.5
"13",-17,7.5
"13",-18,8.5
"13",-18,9.5
"13",-18,10.5
"13",-18,11.5
"13",-18,12.5
"13",-18,13.5
"13",-18,14.5
"13",-18,15.5
"13",-18,16.5
"13",-18,17.5
"13",-18,18.5
"13",-18,19.5
"13",-18,20.5
"13",-18,21.5
"13",-18,22.5
"13",-18,23.5
"13",-18,24.5
"13",-18,25.5
"13",-18,26.5
"13",-18,27.5
"13",-18,28.5
"13",-18,29.5
"13",-18,30.5
"13",-18,31.5
"13",-18,32.5
"13",-18,33.5
"13",-18,34.5
"13",-18,35.5
"13",-18,36.5
"13",-18,37.5
"13",-18,38.5
"13",-18,39.5
"13",-18,40.5
"13",-18,41.5
"13",-18,42.5
"13",-18,43.5
"13",-18,44.5
"13",-19,44.5
"13",-20,45.5
"13",-20,46.5
"13",-20,47.5
"13",-20,48.5
"13",-20,49.5
"13",-20,50.5
"13",-20,51.5
"13",-20,52.5
"13",-20,53.5
"13",-20,54.5
"13",-20,55.5
"13",-20,56.5
"13",-19,57.5
"13",-20,58.5
"13",-19,59.5
"13",-20,60.5
"13",-20,61.5
"13",-21,61.5
"13",-22,62.5
"13",-21,63.5
"13",-20,64.5
"14",-25,-73.5
"14",-26,-73.5
"14",-27,-73.5
"14",-28,-73.5
"14",-29,-73.5
"14",-30,-73.5
"14",-31,-72.5
"14",-31,-71.5
"14",-32,-70.5
"14",-33,-69.5
"14",-32,-68.5
"14",-31,-67.5
"14",-32,-66.5
"14",-31,-65.5
"14",-32,-64.5
"14",-33,-63.5
"14",-32,-62.5
"14",-33,-61.5
"14",-32,-60.5
"14",-33,-59.5
"14",-32,-58.5
"14",-33,-57.5
"14",-32,-56.5
"14",-33,-55.5
"14",-32,-54.5
"14",-33,-53.5
"14",-34,-52.5
"14",-33,-51.5
"14",-34,-50.5
"14",-35,-49.5
"14",-35,-48.5
"14",-35,-47.5
"14",-35,-46.5
"14",-35,-45.5
"14",-35,-44.5
"14",-35,-43.5
"14",-35,-42.5
"14",-35,-41.5
"14",-35,-40.5
"14",-35,-39.5
"14",-35,-38.5
"14",-36,-37.5
"14",-37,-36.5
"14",-37,-35.5
"14",-37,-34.5
"14",-37,-33.5
"14",-36,-32.5
"14",-36,-31.5
"14",-36,-30.5
"14",-36,-29.5
"14",-36,-28.5
"14",-36,-27.5
"14",-37,-26.5
"14",-37,-25.5
"14",-37,-24.5
"14",-37,-23.5
"14",-37,-22.5
"14",-37,-21.5
"14",-37,-20.5
"14",-37,-19.5
"14",-37,-18.5
"14",-37,-17.5
"14",-37,-16.5
"14",-37,-15.5
"14",-37,-14.5
"14",-36,-13.5
"14",-35,-12.5
"14",-34,-11.5
"14",-33,-11.5
"14",-32,-10.5
"14",-31,-9.5
"14",-31,-8.5
"14",-31,-7.5
"14",-31,-6.5
"14",-31,-5.5
"14",-31,-4.5
"14",-31,-3.5
"14",-31,-2.5
"14",-31,-1.5
"14",-31,-0.5
"14",-30,0.5
"14",-29,0.5
"14",-29,1.5
"14",-29,2.5
"14",-29,3.5
"14",-29,4.5
"14",-29,5.5
"14",-29,6.5
"14",-29,7.5
"14",-29,8.5
"14",-29,9.5
"14",-29,10.5
"14",-29,11.5
"14",-29,12.5
"14",-29,13.5
"14",-29,14.5
"14",-28,15.5
"14",-27,15.5
"14",-26,15.5
"14",-25,15.5
"14",-25,16.5
"14",-25,17.5
"14",-25,18.5
"14",-25,19.5
"14",-25,20.5
"14",-25,21.5
"14",-25,22.5
"14",-25,23.5
"14",-25,24.5
"14",-25,25.5
"14",-25,26.5
"14",-25,27.5
"14",-25,28.5
"14",-25,29.5
"14",-25,30.5
"14",-25,31.5
"14",-24,32.5
"14",-24,33.5
"14",-24,34.5
"14",-24,35.5
"14",-24,36.5
"14",-24,37.5
"14",-23,38.5
"14",-22,38.5
"14",-21,39.5
"14",-20,39.5
"14",-20,40.5
"14",-20,41.5
"14",-20,42.5
"14",-20,43.5
"14",-20,44.5
"14",-20,45.5
"14",-20,46.5
"14",-20,47.5
"14",-20,48.5
"14",-20,49.5
"14",-20,50.5
"14",-20,51.5
"14",-20,52.5
"14",-20,53.5
"14",-20,54.5
"14",-20,55.5
"14",-20,56.5
"14",-20,57.5
"14",-20,58.5
"14",-20,59.5
"14",-20,60.5
"14",-20,61.5
"14",-21,61.5
"14",-22,62.5
"14",-21,63.5
"14",-20,64.5
"15",-25,-73.5
"15",-26,-73.5
"15",-27,-73.5
"15",-28,-73.5
"15",-29,-73.5
"15",-30,-73.5
"15",-31,-72.5
"15",-31,-71.5
"15",-32,-70.5
"15",-33,-69.5
"15",-32,-68.5
"15",-31,-67.5
"15",-32,-66.5
"15",-31,-65.5
"15",-32,-64.5
"15",-33,-63.5
"15",-32,-62.5
"15",-33,-61.5
"15",-32,-60.5
"15",-33,-59.5
"15",-32,-58.5
"15",-33,-57.5
"15",-32,-56.5
"15",-33,-55.5
"15",-32,-54.5
"15",-33,-53.5
"15",-34,-52.5
"15",-35,-51.5
"15",-35,-50.5
"15",-35,-49.5
"15",-35,-48.5
"15",-35,-47.5
"15",-35,-46.5
"15",-35,-45.5
"15",-35,-44.5
"15",-35,-43.5
"15",-35,-42.5
"15",-35,-41.5
"15",-35,-40.5
"15",-35,-39.5
"15",-35,-38.5
"15",-36,-37.5
"15",-37,-36.5
"15",-37,-35.5
"15",-37,-34.5
"15",-37,-33.5
"15",-36,-32.5
"15",-36,-31.5
"15",-36,-30.5
"15",-36,-29.5
"15",-36,-28.5
"15",-36,-27.5
"15",-37,-26.5
"15",-37,-25.5
"15",-37,-24.5
"15",-37,-23.5
"15",-37,-22.5
"15",-37,-21.5
"15",-37,-20.5
"15",-37,-19.5
"15",-37,-18.5
"15",-37,-17.5
"15",-37,-16.5
"15",-37,-15.5
"15",-37,-14.5
"15",-37,-13.5
"15",-36,-12.5
"15",-35,-12.5
"15",-34,-11.5
"15",-33,-11.5
"15",-32,-10.5
"15",-31,-9.5
"15",-31,-8.5
"15",-31,-7.5
"15",-31,-6.5
"15",-31,-5.5
"15",-31,-4.5
"15",-31,-3.5
"15",-31,-2.5
"15",-31,-1.5
"15",-30,-0.5
"15",-29,-0.5
"15",-29,0.5
"15",-29,1.5
"15",-29,2.5
"15",-29,3.5
"15",-29,4.5
"15",-29,5.5
"15",-29,6.5
"15",-29,7.5
"15",-29,8.5
"15",-29,9.5
"15",-29,10.5
"15",-29,11.5
"15",-29,12.5
"15",-29,13.5
"15",-29,14.5
"15",-29,15.5
"15",-29,16.5
"15",-29,17.5
"15",-29,18.5
"15",-29,19.5
"15",-29,20.5
"15",-29,21.5
"15",-29,22.5
"15",-30,23.5
"15",-31,24.5
"15",-31,25.5
"15",-31,26.5
"15",-31,27.5
"15",-31,28.5
"15",-31,29.5
"15",-31,30.5
"15",-31,31.5
"15",-31,32.5
"15",-31,33.5
"15",-31,34.5
"15",-31,35.5
"15",-31,36.5
"15",-32,36.5
"15",-33,37.5
"15",-33,38.5
"15",-33,39.5
"15",-33,40.5
"15",-33,41.5
"15",-33,42.5
"15",-34,43.5
"15",-34,44.5
"15",-33,45.5
"15",-32,46.5
"15",-31,46.5
"15",-30,46.5
"15",-29,46.5
"15",-28,46.5
"15",-27,46.5
"15",-26,47.5
"15",-26,48.5
"15",-27,49.5
"15",-27,50.5
"15",-27,51.5
"15",-27,52.5
"15",-27,53.5
"15",-27,54.5
"15",-27,55.5
"15",-27,56.5
"15",-27,57.5
"15",-27,58.5
"15",-27,59.5
"15",-27,60.5
"15",-26,61.5
"15",-25,62.5
"15",-24,62.5
"15",-23,62.5
"15",-22,62.5
"15",-21,63.5
"15",-20,64.5
"16",-25,-73.5
"16",-26,-72.5
"16",-26,-71.5
"16",-26,-70.5
"16",-25,-69.5
"16",-24,-68.5
"16",-23,-67.5
"16",-22,-66.5
"16",-21,-65.5
"16",-20,-64.5
"16",-19,-63.5
"16",-18,-62.5
"16",-17,-61.5
"16",-16,-60.5
"16",-15,-59.5
"16",-14,-58.5
"16",-13,-57.5
"16",-12,-56.5
"16",-11,-55.5
"16",-10,-54.5
"16",-9,-53.5
"16",-8,-52.5
"16",-9,-51.5
"16",-8,-50.5
"16",-9,-49.5
"16",-8,-48.5
"16",-7,-47.5
"16",-6,-46.5
"16",-5,-45.5
"16",-4,-44.5
"16",-3,-43.5
"16",-2,-42.5
"16",-1,-41.5
"16",0,-40.5
"16",1,-39.5
"16",2,-38.5
"16",3,-37.5
"16",4,-36.5
"16",5,-35.5
"16",6,-34.5
"16",7,-33.5
"16",8,-32.5
"16",8,-31.5
"16",8,-30.5
"16",8,-29.5
"16",8,-28.5
"16",8,-27.5
"16",8,-26.5
"16",8,-25.5
"16",8,-24.5
"16",7,-23.5
"16",6,-22.5
"16",5,-21.5
"16",4,-20.5
"16",3,-19.5
"16",2,-18.5
"16",2,-17.5
"16",1,-16.5
"16",1,-15.5
"16",0,-14.5
"16",-1,-13.5
"16",-2,-12.5
"16",-3,-11.5
"16",-4,-10.5
"16",-5,-9.5
"16",-6,-8.5
"16",-7,-7.5
"16",-8,-6.5
"16",-9,-5.5
"16",-10,-4.5
"16",-11,-3.5
"16",-12,-2.5
"16",-13,-1.5
"16",-14,-0.5
"16",-15,0.5
"16",-16,1.5
"16",-17,2.5
"16",-17,3.5
"16",-17,4.5
"16",-17,5.5
"16",-17,6.5
"16",-17,7.5
"16",-18,8.5
"16",-19,9.5
"16",-19,10.5
"16",-19,11.5
"16",-19,12.5
"16",-19,13.5
"16",-19,14.5
"16",-19,15.5
"16",-19,16.5
"16",-19,17.5
"16",-19,18.5
"16",-19,19.5
"16",-19,20.5
"16",-19,21.5
"16",-19,22.5
"16",-19,23.5
"16",-18,24.5
"16",-17,25.5
"16",-17,26.5
"16",-17,27.5
"16",-17,28.5
"16",-16,29.5
"16",-16,30.5
"16",-16,31.5
"16",-16,32.5
"16",-16,33.5
"16",-16,34.5
"16",-16,35.5
"16",-16,36.5
"16",-16,37.5
"16",-16,38.5
"16",-16,39.5
"16",-16,40.5
"16",-16,41.5
"16",-17,42.5
"16",-18,43.5
"16",-19,44.5
"16",-20,45.5
"16",-21,46.5
"16",-22,47.5
"16",-23,48.5
"16",-24,49.5
"16",-25,50.5
"16",-26,51.5
"16",-27,52.5
"16",-28,53.5
"16",-27,54.5
"16",-26,55.5
"16",-25,56.5
"16",-24,57.5
"16",-23,58.5
"16",-22,59.5
"16",-21,60.5
"16",-21,61.5
"16",-21,62.5
"16",-21,63.5
"16",-20,64.5
"17",-25,-73.5
"17",-24,-72.5
"17",-25,-71.5
"17",-25,-70.5
"17",-25,-69.5
"17",-24,-68.5
"17",-23,-67.5
"17",-22,-66.5
"17",-21,-65.5
"17",-20,-64.5
"17",-19,-63.5
"17",-18,-62.5
"17",-17,-61.5
"17",-16,-60.5
"17",-15,-59.5
"17",-14,-58.5
"17",-13,-57.5
"17",-12,-56.5
"17",-11,-55.5
"17",-10,-54.5
"17",-9,-53.5
"17",-8,-52.5
"17",-7,-51.5
"17",-6,-50.5
"17",-5,-49.5
"17",-4,-48.5
"17",-3,-47.5
"17",-2,-46.5
"17",-1,-45.5
"17",0,-44.5
"17",1,-43.5
"17",1,-42.5
"17",1,-41.5
"17",1,-40.5
"17",2,-39.5
"17",2,-38.5
"17",2,-37.5
"17",2,-36.5
"17",2,-35.5
"17",3,-34.5
"17",4,-33.5
"17",5,-32.5
"17",5,-31.5
"17",5,-30.5
"17",5,-29.5
"17",5,-28.5
"17",5,-27.5
"17",5,-26.5
"17",5,-25.5
"17",5,-24.5
"17",5,-23.5
"17",5,-22.5
"17",4,-21.5
"17",3,-20.5
"17",3,-19.5
"17",3,-18.5
"17",2,-17.5
"17",1,-16.5
"17",0,-15.5
"17",-1,-14.5
"17",-2,-13.5
"17",-3,-12.5
"17",-4,-11.5
"17",-5,-10.5
"17",-6,-9.5
"17",-7,-8.5
"17",-8,-7.5
"17",-9,-6.5
"17",-10,-5.5
"17",-11,-4.5
"17",-12,-3.5
"17",-13,-2.5
"17",-14,-1.5
"17",-15,-0.5
"17",-16,0.5
"17",-17,1.5
"17",-18,2.5
"17",-18,3.5
"17",-18,4.5
"17",-18,5.5
"17",-18,6.5
"17",-18,7.5
"17",-18,8.5
"17",-18,9.5
"17",-18,10.5
"17",-18,11.5
"17",-18,12.5
"17",-18,13.5
"17",-18,14.5
"17",-18,15.5
"17",-18,16.5
"17",-18,17.5
"17",-18,18.5
"17",-18,19.5
"17",-18,20.5
"17",-18,21.5
"17",-18,22.5
"17",-18,23.5
"17",-18,24.5
"17",-18,25.5
"17",-18,26.5
"17",-18,27.5
"17",-18,28.5
"17",-18,29.5
"17",-18,30.5
"17",-18,31.5
"17",-18,32.5
"17",-18,33.5
"17",-18,34.5
"17",-18,35.5
"17",-18,36.5
"17",-18,37.5
"17",-18,38.5
"17",-18,39.5
"17",-18,40.5
"17",-18,41.5
"17",-19,42.5
"17",-20,43.5
"17",-20,44.5
"17",-20,45.5
"17",-20,46.5
"17",-20,47.5
"17",-20,48.5
"17",-20,49.5
"17",-20,50.5
"17",-19,51.5
"17",-20,52.5
"17",-19,53.5
"17",-20,54.5
"17",-19,55.5
"17",-20,56.5
"17",-19,57.5
"17",-20,58.5
"17",-19,59.5
"17",-20,60.5
"17",-20,61.5
"17",-21,62.5
"17",-21,63.5
"17",-20,64.5
"18",-25,-73.5
"18",-24,-72.5
"18",-23,-72.5
"18",-22,-71.5
"18",-21,-71.5
"18",-20,-71.5
"18",-19,-71.5
"18",-18,-70.5
"18",-19,-69.5
"18",-19,-68.5
"18",-19,-67.5
"18",-19,-66.5
"18",-19,-65.5
"18",-19,-64.5
"18",-19,-63.5
"18",-19,-62.5
"18",-19,-61.5
"18",-18,-60.5
"18",-17,-59.5
"18",-18,-58.5
"18",-17,-57.5
"18",-18,-56.5
"18",-17,-55.5
"18",-18,-54.5
"18",-17,-53.5
"18",-18,-52.5
"18",-17,-51.5
"18",-18,-50.5
"18",-17,-49.5
"18",-18,-48.5
"18",-17,-47.5
"18",-18,-46.5
"18",-18,-45.5
"18",-18,-44.5
"18",-18,-43.5
"18",-18,-42.5
"18",-18,-41.5
"18",-18,-40.5
"18",-18,-39.5
"18",-18,-38.5
"18",-18,-37.5
"18",-17,-36.5
"18",-16,-35.5
"18",-16,-34.5
"18",-16,-33.5
"18",-16,-32.5
"18",-16,-31.5
"18",-16,-30.5
"18",-16,-29.5
"18",-16,-28.5
"18",-16,-27.5
"18",-16,-26.5
"18",-16,-25.5
"18",-16,-24.5
"18",-16,-23.5
"18",-16,-22.5
"18",-16,-21.5
"18",-16,-20.5
"18",-16,-19.5
"18",-16,-18.5
"18",-16,-17.5
"18",-16,-16.5
"18",-16,-15.5
"18",-16,-14.5
"18",-16,-13.5
"18",-16,-12.5
"18",-16,-11.5
"18",-16,-10.5
"18",-16,-9.5
"18",-16,-8.5
"18",-16,-7.5
"18",-16,-6.5
"18",-16,-5.5
"18",-16,-4.5
"18",-16,-3.5
"18",-16,-2.5
"18",-16,-1.5
"18",-16,-0.5
"18",-16,0.5
"18",-16,1.5
"18",-16,2.5
"18",-16,3.5
"18",-16,4.5
"18",-16,5.5
"18",-16,6.5
"18",-16,7.5
"18",-17,7.5
"18",-18,8.5
"18",-18,9.5
"18",-18,10.5
"18",-18,11.5
"18",-18,12.5
"18",-18,13.5
"18",-18,14.5
"18",-18,15.5
"18",-18,16.5
"18",-18,17.5
"18",-18,18.5
"18",-18,19.5
"18",-18,20.5
"18",-18,21.5
"18",-18,22.5
"18",-18,23.5
"18",-18,24.5
"18",-18,25.5
"18",-18,26.5
"18",-18,27.5
"18",-18,28.5
"18",-18,29.5
"18",-18,30.5
"18",-18,31.5
"18",-18,32.5
"18",-18,33.5
"18",-18,34.5
"18",-18,35.5
"18",-18,36.5
"18",-18,37.5
"18",-18,38.5
"18",-18,39.5
"18",-18,40.5
"18",-18,41.5
"18",-19,42.5
"18",-20,43.5
"18",-20,44.5
"18",-20,45.5
"18",-20,46.5
"18",-20,47.5
"18",-20,48.5
"18",-20,49.5
"18",-20,50.5
"18",-20,51.5
"18",-20,52.5
"18",-20,53.5
"18",-20,54.5
"18",-19,55.5
"18",-20,56.5
"18",-19,57.5
"18",-20,58.5
"18",-19,59.5
"18",-20,60.5
"18",-20,61.5
"18",-21,61.5
"18",-22,62.5
"18",-21,63.5
"18",-20,64.5
"19",-25,-73.5
"19",-24,-72.5
"19",-23,-72.5
"19",-22,-71.5
"19",-21,-71.5
"19",-20,-71.5
"19",-19,-71.5
"19",-18,-70.5
"19",-19,-69.5
"19",-19,-68.5
"19",-19,-67.5
"19",-19,-66.5
"19",-19,-65.5
"19",-19,-64.5
"19",-19,-63.5
"19",-19,-62.5
"19",-19,-61.5
"19",-18,-60.5
"19",-17,-59.5
"19",-18,-58.5
"19",-17,-57.5
"19",-18,-56.5
"19",-17,-55.5
"19",-18,-54.5
"19",-17,-53.5
"19",-18,-52.5
"19",-17,-51.5
"19",-18,-50.5
"19",-17,-49.5
"19",-18,-48.5
"19",-18,-47.5
"19",-18,-46.5
"19",-18,-45.5
"19",-18,-44.5
"19",-18,-43.5
"19",-18,-42.5
"19",-18,-41.5
"19",-18,-40.5
"19",-18,-39.5
"19",-18,-38.5
"19",-18,-37.5
"19",-17,-36.5
"19",-16,-36.5
"19",-16,-35.5
"19",-16,-34.5
"19",-16,-33.5
"19",-16,-32.5
"19",-16,-31.5
"19",-16,-30.5
"19",-16,-29.5
"19",-16,-28.5
"19",-16,-27.5
"19",-16,-26.5
"19",-16,-25.5
"19",-16,-24.5
"19",-16,-23.5
"19",-16,-22.5
"19",-16,-21.5
"19",-16,-20.5
"19",-16,-19.5
"19",-16,-18.5
"19",-16,-17.5
"19",-16,-16.5
"19",-16,-15.5
"19",-16,-14.5
"19",-16,-13.5
"19",-16,-12.5
"19",-16,-11.5
"19",-16,-10.5
"19",-16,-9.5
"19",-16,-8.5
"19",-16,-7.5
"19",-16,-6.5
"19",-16,-5.5
"19",-16,-4.5
"19",-16,-3.5
"19",-16,-2.5
"19",-16,-1.5
"19",-16,-0.5
"19",-16,0.5
"19",-16,1.5
"19",-16,2.5
"19",-16,3.5
"19",-16,4.5
"19",-16,5.5
"19",-16,6.5
"19",-16,7.5
"19",-17,7.5
"19",-18,8.5
"19",-18,9.5
"19",-18,10.5
"19",-18,11.5
"19",-18,12.5
"19",-18,13.5
"19",-18,14.5
"19",-18,15.5
"19",-18,16.5
"19",-18,17.5
"19",-18,18.5
"19",-18,19.5
"19",-18,20.5
"19",-18,21.5
"19",-18,22.5
"19",-18,23.5
"19",-18,24.5
"19",-18,25.5
"19",-18,26.5
"19",-18,27.5
"19",-18,28.5
"19",-18,29.5
"19",-18,30.5
"19",-18,31.5
"19",-18,32.5
"19",-18,33.5
"19",-18,34.5
"19",-18,35.5
"19",-18,36.5
"19",-18,37.5
"19",-18,38.5
"19",-18,39.5
"19",-18,40.5
"19",-18,41.5
"19",-18,42.5
"19",-18,43.5
"19",-18,44.5
"19",-19,44.5
"19",-20,45.5
"19",-20,46.5
"19",-20,47.5
"19",-20,48.5
"19",-20,49.5
"19",-20,50.5
"19",-20,51.5
"19",-20,52.5
"19",-20,53.5
"19",-20,54.5
"19",-20,55.5
"19",-20,56.5
"19",-20,57.5
"19",-20,58.5
"19",-20,59.5
"19",-20,60.5
"19",-20,61.5
"19",-21,61.5
"19",-22,62.5
"19",-21,63.5
"19",-20,64.5
"20",-25,-73.5
"20",-26,-73.5
"20",-27,-73.5
"20",-28,-73.5
"20",-29,-73.5
"20",-30,-73.5
"20",-31,-72.5
"20",-31,-71.5
"20",-32,-70.5
"20",-33,-69.5
"20",-32,-68.5
"20",-31,-67.5
"20",-32,-66.5
"20",-31,-65.5
"20",-32,-64.5
"20",-33,-63.5
"20",-32,-62.5
"20",-33,-61.5
"20",-32,-60.5
"20",-33,-59.5
"20",-32,-58.5
"20",-33,-57.5
"20",-32,-56.5
"20",-33,-55.5
"20",-34,-54.5
"20",-34,-53.5
"20",-35,-52.5
"20",-35,-51.5
"20",-35,-50.5
"20",-35,-49.5
"20",-35,-48.5
"20",-35,-47.5
"20",-35,-46.5
"20",-35,-45.5
"20",-35,-44.5
"20",-35,-43.5
"20",-35,-42.5
"20",-35,-41.5
"20",-35,-40.5
"20",-35,-39.5
"20",-35,-38.5
"20",-36,-37.5
"20",-37,-36.5
"20",-37,-35.5
"20",-37,-34.5
"20",-37,-33.5
"20",-36,-32.5
"20",-36,-31.5
"20",-36,-30.5
"20",-36,-29.5
"20",-36,-28.5
"20",-36,-27.5
"20",-37,-26.5
"20",-37,-25.5
"20",-37,-24.5
"20",-37,-23.5
"20",-37,-22.5
"20",-37,-21.5
"20",-37,-20.5
"20",-37,-19.5
"20",-37,-18.5
"20",-37,-17.5
"20",-37,-16.5
"20",-37,-15.5
"20",-37,-14.5
"20",-36,-13.5
"20",-35,-12.5
"20",-34,-11.5
"20",-33,-11.5
"20",-32,-10.5
"20",-31,-9.5
"20",-31,-8.5
"20",-31,-7.5
"20",-31,-6.5
"20",-31,-5.5
"20",-31,-4.5
"20",-31,-3.5
"20",-31,-2.5
"20",-31,-1.5
"20",-30,-0.5
"20",-29,-0.5
"20",-29,0.5
"20",-29,1.5
"20",-29,2.5
"20",-29,3.5
"20",-29,4.5
"20",-29,5.5
"20",-29,6.5
"20",-29,7.5
"20",-29,8.5
"20",-29,9.5
"20",-29,10.5
"20",-29,11.5
"20",-29,12.5
"20",-29,13.5
"20",-29,14.5
"20",-28,15.5
"20",-27,15.5
"20",-26,15.5
"20",-25,15.5
"20",-25,16.5
"20",-25,17.5
"20",-25,18.5
"20",-25,19.5
"20",-25,20.5
"20",-25,21.5
"20",-25,22.5
"20",-25,23.5
"20",-25,24.5
"20",-25,25.5
"20",-25,26.5
"20",-25,27.5
"20",-25,28.5
"20",-25,29.5
"20",-25,30.5
"20",-25,31.5
"20",-24,32.5
"20",-24,33.5
"20",-24,34.5
"20",-24,35.5
"20",-24,36.5
"20",-24,37.5
"20",-23,38.5
"20",-22,38.5
"20",-21,39.5
"20",-20,39.5
"20",-20,40.5
"20",-20,41.5
"20",-20,42.5
"20",-20,43.5
"20",-20,44.5
"20",-20,45.5
"20",-20,46.5
"20",-20,47.5
"20",-20,48.5
"20",-20,49.5
"20",-20,50.5
"20",-20,51.5
"20",-20,52.5
"20",-20,53.5
"20",-20,54.5
"20",-20,55.5
"20",-20,56.5
"20",-20,57.5
"20",-20,58.5
"20",-20,59.5
"20",-20,60.5
"20",-20,61.5
"20",-21,61.5
"20",-22,62.5
"20",-21,63.5
"20",-20,64.5
"21",-25,-73.5
"21",-25,-72.5
"21",-26,-72.5
"21",-27,-72.5
"21",-28,-72.5
"21",-29,-71.5
"21",-30,-71.5
"21",-31,-70.5
"21",-32,-69.5
"21",-33,-68.5
"21",-34,-67.5
"21",-33,-66.5
"21",-34,-65.5
"21",-33,-64.5
"21",-32,-63.5
"21",-33,-62.5
"21",-32,-61.5
"21",-33,-60.5
"21",-32,-59.5
"21",-33,-58.5
"21",-33,-57.5
"21",-34,-56.5
"21",-35,-55.5
"21",-35,-54.5
"21",-35,-53.5
"21",-35,-52.5
"21",-35,-51.5
"21",-35,-50.5
"21",-35,-49.5
"21",-35,-48.5
"21",-35,-47.5
"21",-35,-46.5
"21",-35,-45.5
"21",-35,-44.5
"21",-35,-43.5
"21",-35,-42.5
"21",-35,-41.5
"21",-35,-40.5
"21",-35,-39.5
"21",-35,-38.5
"21",-36,-37.5
"21",-37,-36.5
"21",-37,-35.5
"21",-37,-34.5
"21",-37,-33.5
"21",-36,-32.5
"21",-36,-31.5
"21",-36,-30.5
"21",-36,-29.5
"21",-37,-28.5
"21",-37,-27.5
"21",-37,-26.5
"21",-37,-25.5
"21",-37,-24.5
"21",-37,-23.5
"21",-37,-22.5
"21",-37,-21.5
"21",-37,-20.5
"21",-37,-19.5
"21",-37,-18.5
"21",-37,-17.5
"21",-37,-16.5
"21",-37,-15.5
"21",-37,-14.5
"21",-36,-13.5
"21",-35,-12.5
"21",-34,-11.5
"21",-33,-11.5
"21",-32,-10.5
"21",-31,-9.5
"21",-31,-8.5
"21",-31,-7.5
"21",-31,-6.5
"21",-31,-5.5
"21",-31,-4.5
"21",-31,-3.5
"21",-31,-2.5
"21",-31,-1.5
"21",-30,-0.5
"21",-29,-0.5
"21",-29,0.5
"21",-29,1.5
"21",-29,2.5
"21",-29,3.5
"21",-29,4.5
"21",-29,5.5
"21",-29,6.5
"21",-29,7.5
"21",-29,8.5
"21",-29,9.5
"21",-29,10.5
"21",-29,11.5
"21",-29,12.5
"21",-29,13.5
"21",-29,14.5
"21",-29,15.5
"21",-29,16.5
"21",-29,17.5
"21",-29,18.5
"21",-29,19.5
"21",-29,20.5
"21",-29,21.5
"21",-29,22.5
"21",-30,23.5
"21",-31,24.5
"21",-31,25.5
"21",-31,26.5
"21",-31,27.5
"21",-31,28.5
"21",-31,29.5
"21",-31,30.5
"21",-31,31.5
"21",-31,32.5
"21",-31,33.5
"21",-31,34.5
"21",-31,35.5
"21",-31,36.5
"21",-32,36.5
"21",-33,37.5
"21",-33,38.5
"21",-33,39.5
"21",-33,40.5
"21",-33,41.5
"21",-33,42.5
"21",-34,43.5
"21",-34,44.5
"21",-33,45.5
"21",-32,46.5
"21",-31,46.5
"21",-30,46.5
"21",-29,46.5
"21",-28,46.5
"21",-27,46.5
"21",-26,47.5
"21",-26,48.5
"21",-27,49.5
"21",-27,50.5
"21",-27,51.5
"21",-27,52.5
"21",-27,53.5
"21",-27,54.5
"21",-27,55.5
"21",-27,56.5
"21",-27,57.5
"21",-27,58.5
"21",-27,59.5
"21",-27,60.5
"21",-26,61.5
"21",-25,62.5
"21",-24,62.5
"21",-23,62.5
"21",-22,62.5
"21",-21,63.5
"21",-20,64.5
"22",-25,-73.5
"22",-24,-72.5
"22",-25,-71.5
"22",-25,-70.5
"22",-24,-69.5
"22",-23,-68.5
"22",-22,-67.5
"22",-21,-66.5
"22",-20,-65.5
"22",-19,-64.5
"22",-18,-63.5
"22",-17,-62.5
"22",-16,-61.5
"22",-15,-60.5
"22",-14,-59.5
"22",-13,-58.5
"22",-12,-57.5
"22",-11,-56.5
"22",-10,-55.5
"22",-9,-54.5
"22",-8,-53.5
"22",-7,-52.5
"22",-6,-51.5
"22",-5,-50.5
"22",-4,-49.5
"22",-3,-48.5
"22",-2,-47.5
"22",-1,-46.5
"22",0,-45.5
"22",1,-44.5
"22",2,-43.5
"22",3,-42.5
"22",3,-41.5
"22",3,-40.5
"22",3,-39.5
"22",4,-38.5
"22",5,-37.5
"22",5,-36.5
"22",5,-35.5
"22",6,-34.5
"22",7,-33.5
"22",8,-32.5
"22",8,-31.5
"22",8,-30.5
"22",8,-29.5
"22",8,-28.5
"22",8,-27.5
"22",8,-26.5
"22",8,-25.5
"22",8,-24.5
"22",7,-23.5
"22",6,-22.5
"22",5,-21.5
"22",4,-20.5
"22",3,-19.5
"22",2,-18.5
"22",2,-17.5
"22",1,-16.5
"22",1,-15.5
"22",0,-14.5
"22",-1,-13.5
"22",-2,-12.5
"22",-3,-11.5
"22",-4,-10.5
"22",-5,-9.5
"22",-6,-8.5
"22",-7,-7.5
"22",-8,-6.5
"22",-9,-5.5
"22",-10,-4.5
"22",-11,-3.5
"22",-12,-2.5
"22",-13,-1.5
"22",-14,-0.5
"22",-15,0.5
"22",-16,1.5
"22",-17,2.5
"22",-17,3.5
"22",-17,4.5
"22",-17,5.5
"22",-17,6.5
"22",-17,7.5
"22",-17,8.5
"22",-18,9.5
"22",-18,10.5
"22",-18,11.5
"22",-18,12.5
"22",-18,13.5
"22",-18,14.5
"22",-18,15.5
"22",-18,16.5
"22",-18,17.5
"22",-18,18.5
"22",-18,19.5
"22",-18,20.5
"22",-18,21.5
"22",-18,22.5
"22",-18,23.5
"22",-18,24.5
"22",-17,25.5
"22",-17,26.5
"22",-17,27.5
"22",-17,28.5
"22",-16,29.5
"22",-16,30.5
"22",-16,31.5
"22",-16,32.5
"22",-16,33.5
"22",-16,34.5
"22",-16,35.5
"22",-16,36.5
"22",-16,37.5
"22",-16,38.5
"22",-16,39.5
"22",-16,40.5
"22",-16,41.5
"22",-17,42.5
"22",-18,43.5
"22",-19,44.5
"22",-20,45.5
"22",-21,46.5
"22",-22,47.5
"22",-23,48.5
"22",-24,49.5
"22",-25,50.5
"22",-26,51.5
"22",-27,52.5
"22",-28,53.5
"22",-27,54.5
"22",-26,55.5
"22",-25,56.5
"22",-24,57.5
"22",-23,58.5
"22",-22,59.5
"22",-21,60.5
"22",-21,61.5
"22",-21,62.5
"22",-21,63.5
"22",-20,64.5
"23",-25,-73.5
"23",-24,-72.5
"23",-25,-71.5
"23",-25,-70.5
"23",-25,-69.5
"23",-24,-68.5
"23",-23,-67.5
"23",-22,-66.5
"23",-21,-65.5
"23",-20,-64.5
"23",-19,-63.5
"23",-19,-62.5
"23",-19,-61.5
"23",-18,-60.5
"23",-17,-59.5
"23",-18,-58.5
"23",-17,-57.5
"23",-18,-56.5
"23",-17,-55.5
"23",-18,-54.5
"23",-17,-53.5
"23",-18,-52.5
"23",-17,-51.5
"23",-18,-50.5
"23",-17,-49.5
"23",-18,-48.5
"23",-18,-47.5
"23",-18,-46.5
"23",-18,-45.5
"23",-18,-44.5
"23",-18,-43.5
"23",-18,-42.5
"23",-18,-41.5
"23",-18,-40.5
"23",-18,-39.5
"23",-18,-38.5
"23",-18,-37.5
"23",-17,-36.5
"23",-16,-35.5
"23",-16,-34.5
"23",-16,-33.5
"23",-16,-32.5
"23",-16,-31.5
"23",-16,-30.5
"23",-16,-29.5
"23",-16,-28.5
"23",-16,-27.5
"23",-16,-26.5
"23",-16,-25.5
"23",-16,-24.5
"23",-16,-23.5
"23",-16,-22.5
"23",-16,-21.5
"23",-16,-20.5
"23",-16,-19.5
"23",-16,-18.5
"23",-16,-17.5
"23",-16,-16.5
"23",-16,-15.5
"23",-16,-14.5
"23",-16,-13.5
"23",-16,-12.5
"23",-16,-11.5
"23",-16,-10.5
"23",-16,-9.5
"23",-16,-8.5
"23",-16,-7.5
"23",-16,-6.5
"23",-16,-5.5
"23",-16,-4.5
"23",-16,-3.5
"23",-17,-2.5
"23",-18,-1.5
"23",-18,-0.5
"23",-18,0.5
"23",-18,1.5
"23",-18,2.5
"23",-18,3.5
"23",-18,4.5
"23",-18,5.5
"23",-18,6.5
"23",-18,7.5
"23",-18,8.5
"23",-18,9.5
"23",-18,10.5
"23",-18,11.5
"23",-18,12.5
"23",-18,13.5
"23",-18,14.5
"23",-18,15.5
"23",-18,16.5
"23",-18,17.5
"23",-18,18.5
"23",-18,19.5
"23",-18,20.5
"23",-18,21.5
"23",-18,22.5
"23",-18,23.5
"23",-18,24.5
"23",-18,25.5
"23",-18,26.5
"23",-18,27.5
"23",-18,28.5
"23",-18,29.5
"23",-18,30.5
"23",-18,31.5
"23",-18,32.5
"23",-18,33.5
"23",-18,34.5
"23",-18,35.5
"23",-18,36.5
"23",-18,37.5
"23",-18,38.5
"23",-18,39.5
"23",-18,40.5
"23",-18,41.5
"23",-19,42.5
"23",-20,43.5
"23",-20,44.5
"23",-20,45.5
"23",-20,46.5
"23",-20,47.5
"23",-20,48.5
"23",-20,49.5
"23",-20,50.5
"23",-20,51.5
"23",-20,52.5
"23",-20,53.5
"23",-20,54.5
"23",-19,55.5
"23",-20,56.5
"23",-19,57.5
"23",-20,58.5
"23",-19,59.5
"23",-20,60.5
"23",-20,61.5
"23",-21,62.5
"23",-21,63.5
"23",-20,64.5
"24",-25,-73.5
"24",-24,-72.5
"24",-23,-72.5
"24",-22,-71.5
"24",-21,-71.5
"24",-20,-71.5
"24",-19,-71.5
"24",-18,-70.5
"24",-19,-69.5
"24",-19,-68.5
"24",-19,-67.5
"24",-19,-66.5
"24",-19,-65.5
"24",-19,-64.5
"24",-19,-63.5
"24",-19,-62.5
"24",-19,-61.5
"24",-18,-60.5
"24",-17,-59.5
"24",-18,-58.5
"24",-17,-57.5
"24",-18,-56.5
"24",-17,-55.5
"24",-18,-54.5
"24",-17,-53.5
"24",-18,-52.5
"24",-17,-51.5
"24",-18,-50.5
"24",-18,-49.5
"24",-18,-48.5
"24",-18,-47.5
"24",-18,-46.5
"24",-18,-45.5
"24",-18,-44.5
"24",-18,-43.5
"24",-18,-42.5
"24",-18,-41.5
"24",-18,-40.5
"24",-18,-39.5
"24",-18,-38.5
"24",-18,-37.5
"24",-17,-36.5
"24",-16,-35.5
"24",-16,-34.5
"24",-16,-33.5
"24",-16,-32.5
"24",-16,-31.5
"24",-16,-30.5
"24",-16,-29.5
"24",-16,-28.5
"24",-16,-27.5
"24",-16,-26.5
"24",-16,-25.5
"24",-16,-24.5
"24",-16,-23.5
"24",-16,-22.5
"24",-16,-21.5
"24",-16,-20.5
"24",-16,-19.5
"24",-16,-18.5
"24",-16,-17.5
"24",-16,-16.5
"24",-16,-15.5
"24",-16,-14.5
"24",-16,-13.5
"24",-16,-12.5
"24",-16,-11.5
"24",-16,-10.5
"24",-16,-9.5
"24",-16,-8.5
"24",-16,-7.5
"24",-16,-6.5
"24",-16,-5.5
"24",-16,-4.5
"24",-16,-3.5
"24",-16,-2.5
"24",-16,-1.5
"24",-16,-0.5
"24",-16,0.5
"24",-16,1.5
"24",-16,2.5
"24",-16,3.5
"24",-16,4.5
"24",-16,5.5
"24",-16,6.5
"24",-16,7.5
"24",-16,8.5
"24",-17,9.5
"24",-18,10.5
"24",-18,11.5
"24",-18,12.5
"24",-18,13.5
"24",-18,14.5
"24",-18,15.5
"24",-18,16.5
"24",-18,17.5
"24",-18,18.5
"24",-18,19.5
"24",-18,20.5
"24",-18,21.5
"24",-18,22.5
"24",-18,23.5
"24",-18,24.5
"24",-18,25.5
"24",-18,26.5
"24",-18,27.5
"24",-18,28.5
"24",-18,29.5
"24",-18,30.5
"24",-18,31.5
"24",-18,32.5
"24",-18,33.5
"24",-18,34.5
"24",-18,35.5
"24",-18,36.5
"24",-18,37.5
"24",-18,38.5
"24",-18,39.5
"24",-18,40.5
"24",-18,41.5
"24",-19,42.5
"24",-20,43.5
"24",-20,44.5
"24",-20,45.5
"24",-20,46.5
"24",-20,47.5
"24",-20,48.5
"24",-20,49.5
"24",-20,50.5
"24",-20,51.5
"24",-20,52.5
"24",-20,53.5
"24",-20,54.5
"24",-20,55.5
"24",-20,56.5
"24",-19,57.5
"24",-20,58.5
"24",-19,59.5
"24",-20,60.5
"24",-20,61.5
"24",-21,61.5
"24",-22,62.5
"24",-21,63.5
"24",-20,64.5
"25",-25,-73.5
"25",-25,-72.5
"25",-26,-72.5
"25",-27,-72.5
"25",-28,-72.5
"25",-29,-71.5
"25",-30,-71.5
"25",-31,-70.5
"25",-32,-69.5
"25",-33,-68.5
"25",-34,-67.5
"25",-33,-66.5
"25",-34,-65.5
"25",-33,-64.5
"25",-32,-63.5
"25",-33,-62.5
"25",-32,-61.5
"25",-33,-60.5
"25",-32,-59.5
"25",-33,-58.5
"25",-33,-57.5
"25",-34,-56.5
"25",-35,-55.5
"25",-35,-54.5
"25",-35,-53.5
"25",-35,-52.5
"25",-35,-51.5
"25",-35,-50.5
"25",-35,-49.5
"25",-35,-48.5
"25",-35,-47.5
"25",-35,-46.5
"25",-35,-45.5
"25",-35,-44.5
"25",-35,-43.5
"25",-35,-42.5
"25",-35,-41.5
"25",-35,-40.5
"25",-35,-39.5
"25",-35,-38.5
"25",-36,-37.5
"25",-37,-36.5
"25",-37,-35.5
"25",-37,-34.5
"25",-37,-33.5
"25",-36,-32.5
"25",-36,-31.5
"25",-36,-30.5
"25",-36,-29.5
"25",-37,-28.5
"25",-37,-27.5
"25",-37,-26.5
"25",-37,-25.5
"25",-37,-24.5
"25",-37,-23.5
"25",-37,-22.5
"25",-37,-21.5
"25",-37,-20.5
"25",-37,-19.5
"25",-37,-18.5
"25",-37,-17.5
"25",-37,-16.5
"25",-37,-15.5
"25",-37,-14.5
"25",-36,-13.5
"25",-35,-12.5
"25",-34,-11.5
"25",-33,-11.5
"25",-32,-10.5
"25",-31,-9.5
"25",-31,-8.5
"25",-31,-7.5
"25",-31,-6.5
"25",-31,-5.5
"25",-31,-4.5
"25",-31,-3.5
"25",-31,-2.5
"25",-31,-1.5
"25",-30,-0.5
"25",-29,-0.5
"25",-29,0.5
"25",-29,1.5
"25",-29,2.5
"25",-29,3.5
"25",-29,4.5
"25",-29,5.5
"25",-29,6.5
"25",-29,7.5
"25",-29,8.5
"25",-29,9.5
"25",-29,10.5
"25",-29,11.5
"25",-29,12.5
"25",-29,13.5
"25",-29,14.5
"25",-28,15.5
"25",-27,15.5
"25",-26,15.5
"25",-25,15.5
"25",-25,16.5
"25",-25,17.5
"25",-25,18.5
"25",-25,19.5
"25",-25,20.5
"25",-25,21.5
"25",-25,22.5
"25",-25,23.5
"25",-25,24.5
"25",-25,25.5
"25",-25,26.5
"25",-25,27.5
"25",-25,28.5
"25",-25,29.5
"25",-25,30.5
"25",-25,31.5
"25",-24,32.5
"25",-24,33.5
"25",-24,34.5
"25",-24,35.5
"25",-24,36.5
"25",-24,37.5
"25",-23,38.5
"25",-22,38.5
"25",-21,39.5
"25",-20,39.5
"25",-20,40.5
"25",-20,41.5
"25",-20,42.5
"25",-20,43.5
"25",-20,44.5
"25",-20,45.5
"25",-20,46.5
"25",-20,47.5
"25",-20,48.5
"25",-20,49.5
"25",-20,50.5
"25",-20,51.5
"25",-20,52.5
"25",-20,53.5
"25",-20,54.5
"25",-20,55.5
"25",-20,56.5
"25",-20,57.5
"25",-20,58.5
"25",-20,59.5
"25",-20,60.5
"25",-20,61.5
"25",-21,61.5
"25",-22,62.5
"25",-21,63.5
"25",-20,64.5
"26",-25,-73.5
"26",-24,-72.5
"26",-25,-71.5
"26",-25,-70.5
"26",-24,-69.5
"26",-23,-68.5
"26",-22,-67.5
"26",-21,-66.5
"26",-20,-65.5
"26",-19,-64.5
"26",-18,-63.5
"26",-17,-62.5
"26",-16,-61.5
"26",-15,-60.5
"26",-14,-59.5
"26",-13,-58.5
"26",-12,-57.5
"26",-11,-56.5
"26",-10,-55.5
"26",-9,-54.5
"26",-8,-53.5
"26",-7,-52.5
"26",-6,-51.5
"26",-5,-50.5
"26",-4,-49.5
"26",-3,-48.5
"26",-2,-47.5
"26",-1,-46.5
"26",0,-45.5
"26",1,-44.5
"26",2,-43.5
"26",3,-42.5
"26",3,-41.5
"26",3,-40.5
"26",3,-39.5
"26",3,-38.5
"26",3,-37.5
"26",3,-36.5
"26",3,-35.5
"26",3,-34.5
"26",3,-33.5
"26",4,-32.5
"26",5,-31.5
"26",5,-30.5
"26",5,-29.5
"26",5,-28.5
"26",5,-27.5
"26",5,-26.5
"26",5,-25.5
"26",5,-24.5
"26",5,-23.5
"26",5,-22.5
"26",4,-21.5
"26",3,-20.5
"26",3,-19.5
"26",2,-18.5
"26",2,-17.5
"26",1,-16.5
"26",1,-15.5
"26",0,-14.5
"26",-1,-13.5
"26",-2,-12.5
"26",-3,-11.5
"26",-4,-10.5
"26",-5,-9.5
"26",-6,-8.5
"26",-7,-7.5
"26",-8,-6.5
"26",-9,-5.5
"26",-10,-4.5
"26",-11,-3.5
"26",-12,-2.5
"26",-13,-1.5
"26",-14,-0.5
"26",-15,0.5
"26",-16,1.5
"26",-17,2.5
"26",-17,3.5
"26",-17,4.5
"26",-17,5.5
"26",-17,6.5
"26",-17,7.5
"26",-17,8.5
"26",-18,9.5
"26",-18,10.5
"26",-18,11.5
"26",-18,12.5
"26",-18,13.5
"26",-18,14.5
"26",-18,15.5
"26",-18,16.5
"26",-18,17.5
"26",-18,18.5
"26",-18,19.5
"26",-18,20.5
"26",-18,21.5
"26",-18,22.5
"26",-18,23.5
"26",-18,24.5
"26",-17,25.5
"26",-17,26.5
"26",-17,27.5
"26",-17,28.5
"26",-16,29.5
"26",-16,30.5
"26",-16,31.5
"26",-16,32.5
"26",-16,33.5
"26",-16,34.5
"26",-16,35.5
"26",-16,36.5
"26",-16,37.5
"26",-16,38.5
"26",-16,39.5
"26",-16,40.5
"26",-16,41.5
"26",-16,42.5
"26",-17,43.5
"26",-18,44.5
"26",-19,45.5
"26",-20,46.5
"26",-21,47.5
"26",-22,48.5
"26",-22,49.5
"26",-23,50.5
"26",-24,51.5
"26",-25,52.5
"26",-26,53.5
"26",-27,54.5
"26",-26,55.5
"26",-25,56.5
"26",-24,57.5
"26",-23,58.5
"26",-22,59.5
"26",-21,60.5
"26",-21,61.5
"26",-21,62.5
"26",-21,63.5
"26",-20,64.5
"27",-25,-73.5
"27",-24,-72.5
"27",-25,-71.5
"27",-25,-70.5
"27",-25,-69.5
"27",-24,-68.5
"27",-23,-67.5
"27",-22,-66.5
"27",-21,-65.5
"27",-20,-64.5
"27",-19,-63.5
"27",-19,-62.5
"27",-19,-61.5
"27",-18,-60.5
"27",-17,-59.5
"27",-18,-58.5
"27",-17,-57.5
"27",-18,-56.5
"27",-17,-55.5
"27",-18,-54.5
"27",-17,-53.5
"27",-18,-52.5
"27",-17,-51.5
"27",-18,-50.5
"27",-18,-49.5
"27",-18,-48.5
"27",-18,-47.5
"27",-18,-46.5
"27",-18,-45.5
"27",-18,-44.5
"27",-18,-43.5
"27",-18,-42.5
"27",-18,-41.5
"27",-18,-40.5
"27",-18,-39.5
"27",-18,-38.5
"27",-18,-37.5
"27",-17,-36.5
"27",-16,-35.5
"27",-16,-34.5
"27",-16,-33.5
"27",-16,-32.5
"27",-16,-31.5
"27",-16,-30.5
"27",-16,-29.5
"27",-16,-28.5
"27",-16,-27.5
"27",-16,-26.5
"27",-16,-25.5
"27",-16,-24.5
"27",-16,-23.5
"27",-16,-22.5
"27",-16,-21.5
"27",-16,-20.5
"27",-16,-19.5
"27",-16,-18.5
"27",-16,-17.5
"27",-16,-16.5
"27",-16,-15.5
"27",-16,-14.5
"27",-16,-13.5
"27",-16,-12.5
"27",-16,-11.5
"27",-16,-10.5
"27",-16,-9.5
"27",-16,-8.5
"27",-16,-7.5
"27",-16,-6.5
"27",-16,-5.5
"27",-16,-4.5
"27",-16,-3.5
"27",-17,-2.5
"27",-18,-1.5
"27",-18,-0.5
"27",-18,0.5
"27",-18,1.5
"27",-18,2.5
"27",-18,3.5
"27",-18,4.5
"27",-18,5.5
"27",-18,6.5
"27",-18,7.5
"27",-18,8.5
"27",-18,9.5
"27",-18,10.5
"27",-18,11.5
"27",-18,12.5
"27",-18,13.5
"27",-18,14.5
"27",-18,15.5
"27",-18,16.5
"27",-18,17.5
"27",-18,18.5
"27",-18,19.5
"27",-18,20.5
"27",-18,21.5
"27",-18,22.5
"27",-18,23.5
"27",-18,24.5
"27",-18,25.5
"27",-18,26.5
"27",-18,27.5
"27",-18,28.5
"27",-18,29.5
"27",-18,30.5
"27",-18,31.5
"27",-18,32.5
"27",-18,33.5
"27",-18,34.5
"27",-18,35.5
"27",-18,36.5
"27",-18,37.5
"27",-18,38.5
"27",-18,39.5
"27",-18,40.5
"27",-18,41.5
"27",-19,42.5
"27",-20,43.5
"27",-20,44.5
"27",-20,45.5
"27",-20,46.5
"27",-20,47.5
"27",-20,48.5
"27",-20,49.5
"27",-20,50.5
"27",-20,51.5
"27",-20,52.5
"27",-20,53.5
"27",-20,54.5
"27",-20,55.5
"27",-20,56.5
"27",-19,57.5
"27",-20,58.5
"27",-19,59.5
"27",-20,60.5
"27",-20,61.5
"27",-21,62.5
"27",-21,63.5
"27",-20,64.5
"28",-25,-73.5
"28",-25,-72.5
"28",-26,-72.5
"28",-27,-72.5
"28",-28,-72.5
"28",-29,-71.5
"28",-30,-71.5
"28",-31,-70.5
"28",-32,-69.5
"28",-33,-68.5
"28",-34,-67.5
"28",-33,-66.5
"28",-34,-65.5
"28",-33,-64.5
"28",-32,-63.5
"28",-33,-62.5
"28",-32,-61.5
"28",-33,-60.5
"28",-32,-59.5
"28",-33,-58.5
"28",-33,-57.5
"28",-34,-56.5
"28",-35,-55.5
"28",-35,-54.5
"28",-35,-53.5
"28",-35,-52.5
"28",-35,-51.5
"28",-35,-50.5
"28",-35,-49.5
"28",-35,-48.5
"28",-35,-47.5
"28",-35,-46.5
"28",-35,-45.5
"28",-35,-44.5
"28",-35,-43.5
"28",-35,-42.5
"28",-35,-41.5
"28",-35,-40.5
"28",-35,-39.5
"28",-35,-38.5
"28",-36,-37.5
"28",-37,-36.5
"28",-37,-35.5
"28",-37,-34.5
"28",-37,-33.5
"28",-36,-32.5
"28",-36,-31.5
"28",-36,-30.5
"28",-36,-29.5
"28",-37,-28.5
"28",-37,-27.5
"28",-37,-26.5
"28",-37,-25.5
"28",-37,-24.5
"28",-37,-23.5
"28",-37,-22.5
"28",-37,-21.5
"28",-37,-20.5
"28",-37,-19.5
"28",-37,-18.5
"28",-37,-17.5
"28",-37,-16.5
"28",-37,-15.5
"28",-37,-14.5
"28",-36,-13.5
"28",-35,-12.5
"28",-34,-11.5
"28",-33,-11.5
"28",-32,-10.5
"28",-31,-9.5
"28",-31,-8.5
"28",-31,-7.5
"28",-31,-6.5
"28",-31,-5.5
"28",-31,-4.5
"28",-31,-3.5
"28",-31,-2.5
"28",-31,-1.5
"28",-31,-0.5
"28",-31,0.5
"28",-31,1.5
"28",-31,2.5
"28",-31,3.5
"28",-31,4.5
"28",-31,5.5
"28",-31,6.5
"28",-31,7.5
"28",-31,8.5
"28",-31,9.5
"28",-31,10.5
"28",-30,11.5
"28",-29,12.5
"28",-29,13.5
"28",-29,14.5
"28",-29,15.5
"28",-29,16.5
"28",-29,17.5
"28",-29,18.5
"28",-29,19.5
"28",-29,20.5
"28",-29,21.5
"28",-29,22.5
"28",-30,23.5
"28",-31,24.5
"28",-31,25.5
"28",-31,26.5
"28",-31,27.5
"28",-31,28.5
"28",-31,29.5
"28",-31,30.5
"28",-31,31.5
"28",-31,32.5
"28",-31,33.5
"28",-31,34.5
"28",-31,35.5
"28",-31,36.5
"28",-32,36.5
"28",-33,37.5
"28",-33,38.5
"28",-33,39.5
"28",-33,40.5
"28",-33,41.5
"28",-33,42.5
"28",-34,43.5
"28",-34,44.5
"28",-33,45.5
"28",-32,46.5
"28",-31,47.5
"28",-30,47.5
"28",-29,47.5
"28",-28,48.5
"28",-27,49.5
"28",-27,50.5
"28",-27,51.5
"28",-27,52.5
"28",-27,53.5
"28",-27,54.5
"28",-27,55.5
"28",-27,56.5
"28",-27,57.5
"28",-27,58.5
"28",-27,59.5
"28",-26,60.5
"28",-25,61.5
"28",-24,62.5
"28",-23,62.5
"28",-22,62.5
"28",-21,63.5
"28",-20,64.5
"29",-25,-73.5
"29",-26,-72.5
"29",-27,-71.5
"29",-28,-70.5
"29",-27,-69.5
"29",-26,-68.5
"29",-25,-67.5
"29",-24,-66.5
"29",-23,-65.5
"29",-22,-64.5
"29",-21,-63.5
"29",-20,-62.5
"29",-19,-61.5
"29",-18,-60.5
"29",-17,-59.5
"29",-16,-58.5
"29",-15,-57.5
"29",-14,-56.5
"29",-13,-55.5
"29",-12,-54.5
"29",-13,-53.5
"29",-14,-52.5
"29",-15,-51.5
"29",-16,-50.5
"29",-17,-49.5
"29",-18,-48.5
"29",-18,-47.5
"29",-18,-46.5
"29",-18,-45.5
"29",-18,-44.5
"29",-18,-43.5
"29",-18,-42.5
"29",-18,-41.5
"29",-18,-40.5
"29",-18,-39.5
"29",-18,-38.5
"29",-18,-37.5
"29",-18,-36.5
"29",-18,-35.5
"29",-18,-34.5
"29",-18,-33.5
"29",-18,-32.5
"29",-18,-31.5
"29",-18,-30.5
"29",-18,-29.5
"29",-18,-28.5
"29",-18,-27.5
"29",-18,-26.5
"29",-18,-25.5
"29",-18,-24.5
"29",-18,-23.5
"29",-18,-22.5
"29",-18,-21.5
"29",-18,-20.5
"29",-18,-19.5
"29",-18,-18.5
"29",-18,-17.5
"29",-18,-16.5
"29",-18,-15.5
"29",-18,-14.5
"29",-18,-13.5
"29",-18,-12.5
"29",-18,-11.5
"29",-18,-10.5
"29",-18,-9.5
"29",-18,-8.5
"29",-18,-7.5
"29",-18,-6.5
"29",-18,-5.5
"29",-18,-4.5
"29",-18,-3.5
"29",-18,-2.5
"29",-18,-1.5
"29",-18,-0.5
"29",-18,0.5
"29",-18,1.5
"29",-18,2.5
"29",-18,3.5
"29",-18,4.5
"29",-18,5.5
"29",-18,6.5
"29",-18,7.5
"29",-18,8.5
"29",-18,9.5
"29",-18,10.5
"29",-18,11.5
"29",-18,12.5
"29",-18,13.5
"29",-18,14.5
"29",-18,15.5
"29",-18,16.5
"29",-18,17.5
"29",-18,18.5
"29",-18,19.5
"29",-18,20.5
"29",-18,21.5
"29",-18,22.5
"29",-18,23.5
"29",-18,24.5
"29",-18,25.5
"29",-18,26.5
"29",-18,27.5
"29",-18,28.5
"29",-18,29.5
"29",-18,30.5
"29",-18,31.5
"29",-18,32.5
"29",-18,33.5
"29",-18,34.5
"29",-18,35.5
"29",-18,36.5
"29",-18,37.5
"29",-18,38.5
"29",-18,39.5
"29",-18,40.5
"29",-18,41.5
"29",-19,42.5
"29",-20,43.5
"29",-20,44.5
"29",-20,45.5
"29",-20,46.5
"29",-20,47.5
"29",-20,48.5
"29",-20,49.5
"29",-20,50.5
"29",-20,51.5
"29",-21,52.5
"29",-22,53.5
"29",-23,54.5
"29",-24,55.5
"29",-25,56.5
"29",-24,57.5
"29",-23,58.5
"29",-22,59.5
"29",-21,60.5
"29",-21,61.5
"29",-21,62.5
"29",-21,63.5
"29",-20,64.5
"30",-25,-73.5
"30",-24,-72.5
"30",-25,-71.5
"30",-25,-70.5
"30",-24,-69.5
"30",-23,-68.5
"30",-22,-67.5
"30",-21,-66.5
"30",-20,-65.5
"30",-19,-64.5
"30",-19,-63.5
"30",-19,-62.5
"30",-19,-61.5
"30",-18,-60.5
"30",-17,-59.5
"30",-18,-58.5
"30",-17,-57.5
"30",-18,-56.5
"30",-18,-55.5
"30",-18,-54.5
"30",-17,-53.5
"30",-18,-52.5
"30",-17,-51.5
"30",-18,-50.5
"30",-18,-49.5
"30",-18,-48.5
"30",-18,-47.5
"30",-18,-46.5
"30",-18,-45.5
"30",-18,-44.5
"30",-18,-43.5
"30",-18,-42.5
"30",-18,-41.5
"30",-18,-40.5
"30",-18,-39.5
"30",-18,-38.5
"30",-18,-37.5
"30",-17,-36.5
"30",-16,-35.5
"30",-16,-34.5
"30",-16,-33.5
"30",-16,-32.5
"30",-16,-31.5
"30",-16,-30.5
"30",-16,-29.5
"30",-16,-28.5
"30",-16,-27.5
"30",-16,-26.5
"30",-16,-25.5
"30",-16,-24.5
"30",-16,-23.5
"30",-16,-22.5
"30",-16,-21.5
"30",-16,-20.5
"30",-16,-19.5
"30",-16,-18.5
"30",-16,-17.5
"30",-16,-16.5
"30",-16,-15.5
"30",-16,-14.5
"30",-16,-13.5
"30",-16,-12.5
"30",-16,-11.5
"30",-16,-10.5
"30",-16,-9.5
"30",-16,-8.5
"30",-16,-7.5
"30",-16,-6.5
"30",-16,-5.5
"30",-16,-4.5
"30",-16,-3.5
"30",-16,-2.5
"30",-16,-1.5
"30",-16,-0.5
"30",-16,0.5
"30",-16,1.5
"30",-16,2.5
"30",-16,3.5
"30",-16,4.5
"30",-16,5.5
"30",-16,6.5
"30",-16,7.5
"30",-16,8.5
"30",-16,9.5
"30",-17,10.5
"30",-18,11.5
"30",-18,12.5
"30",-18,13.5
"30",-18,14.5
"30",-18,15.5
"30",-18,16.5
"30",-18,17.5
"30",-18,18.5
"30",-18,19.5
"30",-18,20.5
"30",-18,21.5
"30",-18,22.5
"30",-18,23.5
"30",-18,24.5
"30",-18,25.5
"30",-18,26.5
"30",-18,27.5
"30",-18,28.5
"30",-18,29.5
"30",-18,30.5
"30",-18,31.5
"30",-18,32.5
"30",-18,33.5
"30",-18,34.5
"30",-18,35.5
"30",-18,36.5
"30",-18,37.5
"30",-18,38.5
"30",-18,39.5
"30",-18,40.5
"30",-18,41.5
"30",-19,42.5
"30",-20,43.5
"30",-20,44.5
"30",-20,45.5
"30",-20,46.5
"30",-20,47.5
"30",-20,48.5
"30",-20,49.5
"30",-20,50.5
"30",-20,51.5
"30",-20,52.5
"30",-20,53.5
"30",-20,54.5
"30",-20,55.5
"30",-20,56.5
"30",-20,57.5
"30",-20,58.5
"30",-19,59.5
"30",-20,60.5
"30",-21,61.5
"30",-22,62.5
"30",-21,63.5
"30",-20,64.5
"31",-25,-73.5
"31",-26,-73.5
"31",-27,-72.5
"31",-28,-72.5
"31",-29,-71.5
"31",-30,-71.5
"31",-31,-70.5
"31",-32,-69.5
"31",-33,-68.5
"31",-34,-67.5
"31",-33,-66.5
"31",-34,-65.5
"31",-33,-64.5
"31",-32,-63.5
"31",-33,-62.5
"31",-32,-61.5
"31",-33,-60.5
"31",-32,-59.5
"31",-33,-58.5
"31",-33,-57.5
"31",-34,-56.5
"31",-35,-55.5
"31",-35,-54.5
"31",-35,-53.5
"31",-35,-52.5
"31",-35,-51.5
"31",-35,-50.5
"31",-35,-49.5
"31",-35,-48.5
"31",-35,-47.5
"31",-35,-46.5
"31",-35,-45.5
"31",-35,-44.5
"31",-35,-43.5
"31",-35,-42.5
"31",-35,-41.5
"31",-35,-40.5
"31",-35,-39.5
"31",-35,-38.5
"31",-36,-37.5
"31",-37,-36.5
"31",-37,-35.5
"31",-37,-34.5
"31",-37,-33.5
"31",-36,-32.5
"31",-36,-31.5
"31",-36,-30.5
"31",-36,-29.5
"31",-37,-28.5
"31",-37,-27.5
"31",-37,-26.5
"31",-37,-25.5
"31",-37,-24.5
"31",-37,-23.5
"31",-37,-22.5
"31",-37,-21.5
"31",-37,-20.5
"31",-37,-19.5
"31",-37,-18.5
"31",-37,-17.5
"31",-37,-16.5
"31",-37,-15.5
"31",-36,-14.5
"31",-35,-13.5
"31",-34,-12.5
"31",-33,-11.5
"31",-32,-10.5
"31",-31,-9.5
"31",-31,-8.5
"31",-31,-7.5
"31",-31,-6.5
"31",-31,-5.5
"31",-31,-4.5
"31",-31,-3.5
"31",-31,-2.5
"31",-31,-1.5
"31",-31,-0.5
"31",-31,0.5
"31",-31,1.5
"31",-31,2.5
"31",-31,3.5
"31",-31,4.5
"31",-31,5.5
"31",-31,6.5
"31",-31,7.5
"31",-31,8.5
"31",-31,9.5
"31",-31,10.5
"31",-31,11.5
"31",-31,12.5
"31",-31,13.5
"31",-31,14.5
"31",-31,15.5
"31",-31,16.5
"31",-31,17.5
"31",-31,18.5
"31",-31,19.5
"31",-31,20.5
"31",-31,21.5
"31",-31,22.5
"31",-31,23.5
"31",-31,24.5
"31",-31,25.5
"31",-31,26.5
"31",-31,27.5
"31",-31,28.5
"31",-31,29.5
"31",-31,30.5
"31",-32,31.5
"31",-32,32.5
"31",-33,33.5
"31",-33,34.5
"31",-33,35.5
"31",-33,36.5
"31",-33,37.5
"31",-33,38.5
"31",-33,39.5
"31",-33,40.5
"31",-33,41.5
"31",-33,42.5
"31",-34,43.5
"31",-34,44.5
"31",-33,45.5
"31",-32,46.5
"31",-31,47.5
"31",-30,48.5
"31",-29,49.5
"31",-28,50.5
"31",-27,51.5
"31",-27,52.5
"31",-27,53.5
"31",-27,54.5
"31",-27,55.5
"31",-27,56.5
"31",-27,57.5
"31",-26,58.5
"31",-25,59.5
"31",-24,60.5
"31",-23,61.5
"31",-22,62.5
"31",-21,63.5
"31",-20,64.5
"32",-25,-73.5
"32",-26,-72.5
"32",-27,-71.5
"32",-28,-70.5
"32",-27,-69.5
"32",-26,-68.5
"32",-25,-67.5
"32",-24,-66.5
"32",-23,-65.5
"32",-22,-64.5
"32",-21,-63.5
"32",-20,-62.5
"32",-19,-61.5
"32",-18,-60.5
"32",-17,-59.5
"32",-16,-58.5
"32",-17,-57.5
"32",-18,-56.5
"32",-19,-55.5
"32",-19,-54.5
"32",-19,-53.5
"32",-19,-52.5
"32",-19,-51.5
"32",-19,-50.5
"32",-19,-49.5
"32",-19,-48.5
"32",-19,-47.5
"32",-19,-46.5
"32",-19,-45.5
"32",-19,-44.5
"32",-19,-43.5
"32",-19,-42.5
"32",-19,-41.5
"32",-19,-40.5
"32",-19,-39.5
"32",-19,-38.5
"32",-19,-37.5
"32",-19,-36.5
"32",-19,-35.5
"32",-19,-34.5
"32",-19,-33.5
"32",-19,-32.5
"32",-19,-31.5
"32",-19,-30.5
"32",-19,-29.5
"32",-19,-28.5
"32",-19,-27.5
"32",-19,-26.5
"32",-19,-25.5
"32",-19,-24.5
"32",-19,-23.5
"32",-19,-22.5
"32",-19,-21.5
"32",-19,-20.5
"32",-19,-19.5
"32",-19,-18.5
"32",-19,-17.5
"32",-19,-16.5
"32",-19,-15.5
"32",-19,-14.5
"32",-19,-13.5
"32",-19,-12.5
"32",-19,-11.5
"32",-19,-10.5
"32",-19,-9.5
"32",-19,-8.5
"32",-19,-7.5
"32",-19,-6.5
"32",-19,-5.5
"32",-19,-4.5
"32",-19,-3.5
"32",-19,-2.5
"32",-19,-1.5
"32",-19,-0.5
"32",-19,0.5
"32",-19,1.5
"32",-19,2.5
"32",-19,3.5
"32",-19,4.5
"32",-19,5.5
"32",-19,6.5
"32",-19,7.5
"32",-19,8.5
"32",-19,9.5
"32",-19,10.5
"32",-19,11.5
"32",-19,12.5
"32",-19,13.5
"32",-19,14.5
"32",-19,15.5
"32",-19,16.5
"32",-19,17.5
"32",-19,18.5
"32",-19,19.5
"32",-19,20.5
"32",-19,21.5
"32",-19,22.5
"32",-19,23.5
"32",-19,24.5
"32",-19,25.5
"32",-19,26.5
"32",-19,27.5
"32",-19,28.5
"32",-19,29.5
"32",-19,30.5
"32",-19,31.5
"32",-19,32.5
"32",-19,33.5
"32",-19,34.5
"32",-19,35.5
"32",-19,36.5
"32",-19,37.5
"32",-19,38.5
"32",-19,39.5
"32",-19,40.5
"32",-19,41.5
"32",-19,42.5
"32",-19,43.5
"32",-19,44.5
"32",-19,45.5
"32",-19,46.5
"32",-19,47.5
"32",-19,48.5
"32",-19,49.5
"32",-19,50.5
"32",-19,51.5
"32",-19,52.5
"32",-19,53.5
"32",-19,54.5
"32",-19,55.5
"32",-19,56.5
"32",-20,57.5
"32",-21,58.5
"32",-20,59.5
"32",-19,60.5
"32",-20,61.5
"32",-21,62.5
"32",-21,63.5
"32",-20,64.5
"33",-25,-73.5
"33",-24,-72.5
"33",-23,-71.5
"33",-22,-70.5
"33",-21,-69.5
"33",-20,-68.5
"33",-19,-67.5
"33",-19,-66.5
"33",-19,-65.5
"33",-19,-64.5
"33",-19,-63.5
"33",-19,-62.5
"33",-19,-61.5
"33",-18,-60.5
"33",-17,-59.5
"33",-18,-58.5
"33",-17,-57.5
"33",-18,-56.5
"33",-18,-55.5
"33",-18,-54.5
"33",-17,-53.5
"33",-18,-52.5
"33",-17,-51.5
"33",-18,-50.5
"33",-18,-49.5
"33",-18,-48.5
"33",-18,-47.5
"33",-18,-46.5
"33",-18,-45.5
"33",-18,-44.5
"33",-18,-43.5
"33",-18,-42.5
"33",-18,-41.5
"33",-18,-40.5
"33",-18,-39.5
"33",-18,-38.5
"33",-18,-37.5
"33",-17,-36.5
"33",-16,-35.5
"33",-16,-34.5
"33",-16,-33.5
"33",-16,-32.5
"33",-16,-31.5
"33",-16,-30.5
"33",-16,-29.5
"33",-16,-28.5
"33",-16,-27.5
"33",-16,-26.5
"33",-16,-25.5
"33",-16,-24.5
"33",-16,-23.5
"33",-16,-22.5
"33",-16,-21.5
"33",-16,-20.5
"33",-16,-19.5
"33",-16,-18.5
"33",-16,-17.5
"33",-16,-16.5
"33",-16,-15.5
"33",-16,-14.5
"33",-16,-13.5
"33",-16,-12.5
"33",-16,-11.5
"33",-16,-10.5
"33",-16,-9.5
"33",-16,-8.5
"33",-16,-7.5
"33",-16,-6.5
"33",-16,-5.5
"33",-16,-4.5
"33",-16,-3.5
"33",-16,-2.5
"33",-16,-1.5
"33",-16,-0.5
"33",-16,0.5
"33",-16,1.5
"33",-16,2.5
"33",-16,3.5
"33",-16,4.5
"33",-16,5.5
"33",-16,6.5
"33",-16,7.5
"33",-16,8.5
"33",-16,9.5
"33",-16,10.5
"33",-17,11.5
"33",-18,12.5
"33",-18,13.5
"33",-18,14.5
"33",-18,15.5
"33",-18,16.5
"33",-18,17.5
"33",-18,18.5
"33",-18,19.5
"33",-18,20.5
"33",-18,21.5
"33",-18,22.5
"33",-18,23.5
"33",-18,24.5
"33",-18,25.5
"33",-18,26.5
"33",-18,27.5
"33",-18,28.5
"33",-18,29.5
"33",-18,30.5
"33",-18,31.5
"33",-18,32.5
"33",-18,33.5
"33",-18,34.5
"33",-18,35.5
"33",-18,36.5
"33",-18,37.5
"33",-18,38.5
"33",-18,39.5
"33",-18,40.5
"33",-18,41.5
"33",-18,42.5
"33",-18,43.5
"33",-18,44.5
"33",-18,45.5
"33",-18,46.5
"33",-18,47.5
"33",-18,48.5
"33",-18,49.5
"33",-18,50.5
"33",-19,51.5
"33",-20,52.5
"33",-20,53.5
"33",-20,54.5
"33",-20,55.5
"33",-20,56.5
"33",-20,57.5
"33",-20,58.5
"33",-20,59.5
"33",-20,60.5
"33",-21,61.5
"33",-22,62.5
"33",-21,63.5
"33",-20,64.5
"34",-25,-73.5
"34",-26,-72.5
"34",-27,-71.5
"34",-28,-70.5
"34",-29,-69.5
"34",-30,-68.5
"34",-31,-67.5
"34",-32,-66.5
"34",-33,-65.5
"34",-32,-64.5
"34",-31,-63.5
"34",-30,-62.5
"34",-29,-61.5
"34",-28,-60.5
"34",-27,-59.5
"34",-26,-58.5
"34",-26,-57.5
"34",-26,-56.5
"34",-26,-55.5
"34",-26,-54.5
"34",-26,-53.5
"34",-26,-52.5
"34",-26,-51.5
"34",-26,-50.5
"34",-26,-49.5
"34",-26,-48.5
"34",-26,-47.5
"34",-26,-46.5
"34",-26,-45.5
"34",-26,-44.5
"34",-26,-43.5
"34",-26,-42.5
"34",-26,-41.5
"34",-26,-40.5
"34",-26,-39.5
"34",-26,-38.5
"34",-26,-37.5
"34",-26,-36.5
"34",-26,-35.5
"34",-26,-34.5
"34",-26,-33.5
"34",-26,-32.5
"34",-26,-31.5
"34",-26,-30.5
"34",-26,-29.5
"34",-26,-28.5
"34",-26,-27.5
"34",-26,-26.5
"34",-26,-25.5
"34",-26,-24.5
"34",-26,-23.5
"34",-26,-22.5
"34",-26,-21.5
"34",-26,-20.5
"34",-26,-19.5
"34",-26,-18.5
"34",-26,-17.5
"34",-26,-16.5
"34",-26,-15.5
"34",-26,-14.5
"34",-26,-13.5
"34",-26,-12.5
"34",-26,-11.5
"34",-26,-10.5
"34",-26,-9.5
"34",-26,-8.5
"34",-26,-7.5
"34",-26,-6.5
"34",-26,-5.5
"34",-26,-4.5
"34",-26,-3.5
"34",-26,-2.5
"34",-26,-1.5
"34",-26,-0.5
"34",-26,0.5
"34",-26,1.5
"34",-26,2.5
"34",-26,3.5
"34",-26,4.5
"34",-26,5.5
"34",-26,6.5
"34",-26,7.5
"34",-26,8.5
"34",-26,9.5
"34",-26,10.5
"34",-26,11.5
"34",-26,12.5
"34",-26,13.5
"34",-26,14.5
"34",-26,15.5
"34",-26,16.5
"34",-26,17.5
"34",-26,18.5
"34",-26,19.5
"34",-26,20.5
"34",-26,21.5
"34",-26,22.5
"34",-26,23.5
"34",-26,24.5
"34",-26,25.5
"34",-26,26.5
"34",-26,27.5
"34",-26,28.5
"34",-26,29.5
"34",-26,30.5
"34",-26,31.5
"34",-26,32.5
"34",-26,33.5
"34",-26,34.5
"34",-26,35.5
"34",-26,36.5
"34",-26,37.5
"34",-26,38.5
"34",-26,39.5
"34",-26,40.5
"34",-26,41.5
"34",-26,42.5
"34",-26,43.5
"34",-26,44.5
"34",-26,45.5
"34",-26,46.5
"34",-26,47.5
"34",-26,48.5
"34",-26,49.5
"34",-26,50.5
"34",-26,51.5
"34",-26,52.5
"34",-26,53.5
"34",-26,54.5
"34",-26,55.5
"34",-26,56.5
"34",-26,57.5
"34",-26,58.5
"34",-25,59.5
"34",-24,60.5
"34",-23,61.5
"34",-22,62.5
"34",-21,63.5
"34",-20,64.5
"35",-25,-73.5
"35",-24,-72.5
"35",-23,-72.5
"35",-22,-71.5
"35",-21,-71.5
"35",-20,-71.5
"35",-19,-71.5
"35",-18,-70.5
"35",-19,-69.5
"35",-19,-68.5
"35",-19,-67.5
"35",-18,-66.5
"35",-17,-65.5
"35",-16,-65.5
"35",-15,-65.5
"35",-14,-65.5
"35",-13,-64.5
"35",-12,-64.5
"35",-11,-64.5
"35",-10,-64.5
"35",-9,-64.5
"35",-8,-63.5
"35",-7,-63.5
"35",-6,-63.5
"35",-5,-62.5
"35",-4,-62.5
"35",-3,-61.5
"35",-2,-61.5
"35",-1,-61.5
"35",0,-60.5
"35",1,-59.5
"35",0,-59.5
"35",1,-58.5
"35",2,-58.5
"35",3,-57.5
"35",4,-57.5
"35",5,-57.5
"35",6,-56.5
"35",7,-55.5
"35",8,-54.5
"35",9,-53.5
"35",8,-52.5
"35",9,-51.5
"35",8,-50.5
"35",9,-49.5
"35",8,-48.5
"35",9,-47.5
"35",10,-47.5
"35",11,-47.5
"35",11,-46.5
"35",11,-45.5
"35",11,-44.5
"35",11,-43.5
"35",11,-42.5
"35",11,-41.5
"35",11,-40.5
"35",11,-39.5
"35",11,-38.5
"35",11,-37.5
"35",11,-36.5
"35",11,-35.5
"35",11,-34.5
"35",11,-33.5
"35",11,-32.5
"35",11,-31.5
"35",11,-30.5
"35",11,-29.5
"35",11,-28.5
"35",11,-27.5
"35",11,-26.5
"35",10,-25.5
"35",9,-24.5
"35",8,-23.5
"35",7,-22.5
"35",6,-21.5
"35",5,-20.5
"35",4,-19.5
"35",3,-18.5
"35",2,-17.5
"35",1,-16.5
"35",1,-15.5
"35",1,-14.5
"35",1,-13.5
"35",0,-12.5
"35",-1,-11.5
"35",-2,-10.5
"35",-3,-9.5
"35",-4,-8.5
"35",-5,-7.5
"35",-6,-6.5
"35",-7,-6.5
"35",-8,-5.5
"35",-9,-4.5
"35",-10,-4.5
"35",-11,-3.5
"35",-12,-3.5
"35",-13,-2.5
"35",-14,-1.5
"35",-15,-1.5
"35",-16,-0.5
"35",-16,0.5
"35",-16,1.5
"35",-16,2.5
"35",-16,3.5
"35",-16,4.5
"35",-16,5.5
"35",-16,6.5
"35",-16,7.5
"35",-17,7.5
"35",-18,8.5
"35",-18,9.5
"35",-18,10.5
"35",-18,11.5
"35",-18,12.5
"35",-18,13.5
"35",-18,14.5
"35",-18,15.5
"35",-18,16.5
"35",-18,17.5
"35",-18,18.5
"35",-18,19.5
"35",-18,20.5
"35",-18,21.5
"35",-18,22.5
"35",-18,23.5
"35",-18,24.5
"35",-18,25.5
"35",-18,26.5
"35",-18,27.5
"35",-18,28.5
"35",-18,29.5
"35",-18,30.5
"35",-18,31.5
"35",-18,32.5
"35",-18,33.5
"35",-18,34.5
"35",-18,35.5
"35",-18,36.5
"35",-18,37.5
"35",-18,38.5
"35",-18,39.5
"35",-18,40.5
"35",-18,41.5
"35",-19,41.5
"35",-20,42.5
"35",-20,43.5
"35",-19,44.5
"35",-20,45.5
"35",-20,46.5
"35",-19,47.5
"35",-20,48.5
"35",-19,49.5
"35",-20,50.5
"35",-19,51.5
"35",-20,52.5
"35",-20,53.5
"35",-20,54.5
"35",-19,55.5
"35",-20,56.5
"35",-19,57.5
"35",-20,58.5
"35",-20,59.5
"35",-20,60.5
"35",-20,61.5
"35",-21,61.5
"35",-22,62.5
"35",-21,63.5
"35",-20,64.5
"36",-25,-73.5
"36",-24,-72.5
"36",-23,-72.5
"36",-22,-71.5
"36",-21,-71.5
"36",-20,-71.5
"36",-19,-71.5
"36",-18,-70.5
"36",-19,-69.5
"36",-19,-68.5
"36",-19,-67.5
"36",-19,-66.5
"36",-19,-65.5
"36",-18,-64.5
"36",-17,-63.5
"36",-16,-63.5
"36",-15,-63.5
"36",-14,-63.5
"36",-13,-62.5
"36",-12,-62.5
"36",-11,-62.5
"36",-10,-61.5
"36",-9,-61.5
"36",-8,-60.5
"36",-7,-60.5
"36",-6,-60.5
"36",-5,-59.5
"36",-4,-59.5
"36",-3,-58.5
"36",-2,-58.5
"36",-2,-57.5
"36",-2,-56.5
"36",-2,-55.5
"36",-2,-54.5
"36",-2,-53.5
"36",-2,-52.5
"36",-2,-51.5
"36",-2,-50.5
"36",-1,-49.5
"36",0,-48.5
"36",1,-47.5
"36",1,-46.5
"36",1,-45.5
"36",1,-44.5
"36",2,-43.5
"36",3,-42.5
"36",4,-42.5
"36",5,-41.5
"36",4,-40.5
"36",5,-39.5
"36",5,-38.5
"36",5,-37.5
"36",5,-36.5
"36",5,-35.5
"36",5,-34.5
"36",5,-33.5
"36",5,-32.5
"36",5,-31.5
"36",5,-30.5
"36",5,-29.5
"36",5,-28.5
"36",5,-27.5
"36",5,-26.5
"36",5,-25.5
"36",5,-24.5
"36",5,-23.5
"36",5,-22.5
"36",5,-21.5
"36",4,-20.5
"36",3,-19.5
"36",3,-18.5
"36",3,-17.5
"36",3,-16.5
"36",3,-15.5
"36",3,-14.5
"36",3,-13.5
"36",3,-12.5
"36",3,-11.5
"36",3,-10.5
"36",2,-9.5
"36",1,-9.5
"36",0,-8.5
"36",-1,-7.5
"36",-1,-6.5
"36",-2,-5.5
"36",-3,-4.5
"36",-3,-3.5
"36",-3,-2.5
"36",-3,-1.5
"36",-4,-1.5
"36",-5,-1.5
"36",-6,-0.5
"36",-7,-0.5
"36",-8,0.5
"36",-9,1.5
"36",-10,1.5
"36",-11,2.5
"36",-11,3.5
"36",-11,4.5
"36",-11,5.5
"36",-12,5.5
"36",-13,6.5
"36",-14,6.5
"36",-14,7.5
"36",-15,7.5
"36",-16,7.5
"36",-16,8.5
"36",-16,9.5
"36",-16,10.5
"36",-17,10.5
"36",-18,11.5
"36",-18,12.5
"36",-18,13.5
"36",-18,14.5
"36",-18,15.5
"36",-18,16.5
"36",-18,17.5
"36",-18,18.5
"36",-18,19.5
"36",-18,20.5
"36",-18,21.5
"36",-18,22.5
"36",-18,23.5
"36",-18,24.5
"36",-18,25.5
"36",-18,26.5
"36",-18,27.5
"36",-18,28.5
"36",-18,29.5
"36",-18,30.5
"36",-18,31.5
"36",-18,32.5
"36",-18,33.5
"36",-18,34.5
"36",-18,35.5
"36",-18,36.5
"36",-18,37.5
"36",-18,38.5
"36",-18,39.5
"36",-18,40.5
"36",-18,41.5
"36",-19,41.5
"36",-20,42.5
"36",-20,43.5
"36",-20,44.5
"36",-20,45.5
"36",-20,46.5
"36",-20,47.5
"36",-20,48.5
"36",-20,49.5
"36",-20,50.5
"36",-20,51.5
"36",-20,52.5
"36",-20,53.5
"36",-20,54.5
"36",-20,55.5
"36",-20,56.5
"36",-20,57.5
"36",-20,58.5
"36",-20,59.5
"36",-20,60.5
"36",-20,61.5
"36",-21,61.5
"36",-22,62.5
"36",-21,63.5
"36",-20,64.5
"37",-25,-73.5
"37",-24,-72.5
"37",-23,-72.5
"37",-22,-71.5
"37",-21,-71.5
"37",-20,-71.5
"37",-19,-71.5
"37",-18,-70.5
"37",-19,-69.5
"37",-19,-68.5
"37",-19,-67.5
"37",-18,-66.5
"37",-17,-65.5
"37",-16,-65.5
"37",-15,-65.5
"37",-14,-65.5
"37",-13,-64.5
"37",-12,-64.5
"37",-11,-64.5
"37",-10,-64.5
"37",-9,-64.5
"37",-8,-63.5
"37",-7,-63.5
"37",-6,-63.5
"37",-5,-62.5
"37",-4,-62.5
"37",-3,-61.5
"37",-2,-60.5
"37",-1,-60.5
"37",0,-59.5
"37",1,-58.5
"37",2,-58.5
"37",3,-57.5
"37",4,-57.5
"37",5,-57.5
"37",6,-56.5
"37",7,-55.5
"37",8,-54.5
"37",9,-53.5
"37",8,-52.5
"37",9,-51.5
"37",8,-50.5
"37",9,-49.5
"37",8,-48.5
"37",9,-47.5
"37",10,-47.5
"37",11,-46.5
"37",11,-45.5
"37",11,-44.5
"37",11,-43.5
"37",11,-42.5
"37",11,-41.5
"37",11,-40.5
"37",11,-39.5
"37",11,-38.5
"37",11,-37.5
"37",11,-36.5
"37",12,-35.5
"37",13,-34.5
"37",13,-33.5
"37",13,-32.5
"37",13,-31.5
"37",13,-30.5
"37",13,-29.5
"37",13,-28.5
"37",12,-27.5
"37",11,-26.5
"37",10,-25.5
"37",9,-24.5
"37",8,-23.5
"37",7,-22.5
"37",6,-21.5
"37",5,-20.5
"37",4,-19.5
"37",3,-18.5
"37",2,-17.5
"37",1,-16.5
"37",1,-15.5
"37",0,-14.5
"37",-1,-13.5
"37",-2,-12.5
"37",-3,-11.5
"37",-4,-10.5
"37",-5,-9.5
"37",-6,-8.5
"37",-7,-7.5
"37",-8,-6.5
"37",-9,-5.5
"37",-10,-4.5
"37",-11,-3.5
"37",-12,-3.5
"37",-13,-2.5
"37",-14,-1.5
"37",-15,-0.5
"37",-16,0.5
"37",-16,1.5
"37",-16,2.5
"37",-16,3.5
"37",-16,4.5
"37",-16,5.5
"37",-16,6.5
"37",-16,7.5
"37",-17,7.5
"37",-18,8.5
"37",-18,9.5
"37",-18,10.5
"37",-18,11.5
"37",-18,12.5
"37",-18,13.5
"37",-18,14.5
"37",-18,15.5
"37",-18,16.5
"37",-18,17.5
"37",-18,18.5
"37",-18,19.5
"37",-18,20.5
"37",-18,21.5
"37",-18,22.5
"37",-18,23.5
"37",-18,24.5
"37",-18,25.5
"37",-18,26.5
"37",-18,27.5
"37",-18,28.5
"37",-18,29.5
"37",-18,30.5
"37",-18,31.5
"37",-18,32.5
"37",-18,33.5
"37",-18,34.5
"37",-18,35.5
"37",-18,36.5
"37",-18,37.5
"37",-18,38.5
"37",-18,39.5
"37",-18,40.5
"37",-18,41.5
"37",-18,42.5
"37",-18,43.5
"37",-18,44.5
"37",-19,44.5
"37",-20,45.5
"37",-20,46.5
"37",-19,47.5
"37",-20,48.5
"37",-20,49.5
"37",-20,50.5
"37",-19,51.5
"37",-20,52.5
"37",-20,53.5
"37",-19,54.5
"37",-20,55.5
"37",-19,56.5
"37",-20,57.5
"37",-19,58.5
"37",-20,59.5
"37",-20,60.5
"37",-20,61.5
"37",-21,61.5
"37",-22,62.5
"37",-21,63.5
"37",-20,64.5
"38",-25,-73.5
"38",-24,-72.5
"38",-23,-72.5
"38",-22,-71.5
"38",-21,-71.5
"38",-20,-71.5
"38",-19,-71.5
"38",-18,-70.5
"38",-19,-69.5
"38",-19,-68.5
"38",-19,-67.5
"38",-19,-66.5
"38",-19,-65.5
"38",-18,-64.5
"38",-17,-63.5
"38",-16,-63.5
"38",-15,-63.5
"38",-14,-63.5
"38",-13,-62.5
"38",-12,-62.5
"38",-11,-62.5
"38",-10,-61.5
"38",-9,-61.5
"38",-8,-60.5
"38",-7,-60.5
"38",-6,-60.5
"38",-5,-59.5
"38",-4,-59.5
"38",-3,-58.5
"38",-2,-58.5
"38",-2,-57.5
"38",-2,-56.5
"38",-2,-55.5
"38",-2,-54.5
"38",-2,-53.5
"38",-2,-52.5
"38",-2,-51.5
"38",-2,-50.5
"38",-1,-49.5
"38",0,-48.5
"38",1,-47.5
"38",1,-46.5
"38",1,-45.5
"38",1,-44.5
"38",2,-43.5
"38",3,-42.5
"38",4,-42.5
"38",5,-41.5
"38",4,-40.5
"38",5,-39.5
"38",5,-38.5
"38",5,-37.5
"38",5,-36.5
"38",5,-35.5
"38",5,-34.5
"38",5,-33.5
"38",5,-32.5
"38",5,-31.5
"38",5,-30.5
"38",5,-29.5
"38",5,-28.5
"38",5,-27.5
"38",5,-26.5
"38",5,-25.5
"38",5,-24.5
"38",5,-23.5
"38",5,-22.5
"38",5,-21.5
"38",4,-20.5
"38",3,-19.5
"38",3,-18.5
"38",2,-17.5
"38",1,-16.5
"38",1,-15.5
"38",1,-14.5
"38",1,-13.5
"38",0,-12.5
"38",-1,-11.5
"38",-2,-10.5
"38",-3,-9.5
"38",-4,-8.5
"38",-5,-7.5
"38",-6,-6.5
"38",-7,-6.5
"38",-8,-5.5
"38",-9,-4.5
"38",-10,-4.5
"38",-11,-3.5
"38",-12,-3.5
"38",-13,-2.5
"38",-14,-1.5
"38",-15,-1.5
"38",-16,-0.5
"38",-16,0.5
"38",-16,1.5
"38",-16,2.5
"38",-16,3.5
"38",-16,4.5
"38",-16,5.5
"38",-16,6.5
"38",-16,7.5
"38",-16,8.5
"38",-16,9.5
"38",-16,10.5
"38",-17,10.5
"38",-18,11.5
"38",-18,12.5
"38",-18,13.5
"38",-18,14.5
"38",-18,15.5
"38",-18,16.5
"38",-18,17.5
"38",-18,18.5
"38",-18,19.5
"38",-18,20.5
"38",-18,21.5
"38",-18,22.5
"38",-18,23.5
"38",-18,24.5
"38",-18,25.5
"38",-18,26.5
"38",-18,27.5
"38",-18,28.5
"38",-18,29.5
"38",-18,30.5
"38",-18,31.5
"38",-18,32.5
"38",-18,33.5
"38",-18,34.5
"38",-18,35.5
"38",-18,36.5
"38",-18,37.5
"38",-18,38.5
"38",-18,39.5
"38",-18,40.5
"38",-18,41.5
"38",-19,41.5
"38",-20,42.5
"38",-20,43.5
"38",-20,44.5
"38",-20,45.5
"38",-20,46.5
"38",-20,47.5
"38",-20,48.5
"38",-20,49.5
"38",-20,50.5
"38",-20,51.5
"38",-20,52.5
"38",-20,53.5
"38",-20,54.5
"38",-20,55.5
"38",-20,56.5
"38",-19,57.5
"38",-20,58.5
"38",-20,59.5
"38",-20,60.5
"38",-20,61.5
"38",-21,61.5
"38",-22,62.5
"38",-21,63.5
"38",-20,64.5
"39",-25,-73.5
"39",-26,-73.5
"39",-27,-73.5
"39",-28,-73.5
"39",-29,-73.5
"39",-30,-73.5
"39",-31,-72.5
"39",-31,-71.5
"39",-32,-70.5
"39",-33,-69.5
"39",-32,-68.5
"39",-31,-67.5
"39",-32,-66.5
"39",-31,-65.5
"39",-32,-64.5
"39",-33,-63.5
"39",-32,-62.5
"39",-33,-61.5
"39",-32,-60.5
"39",-33,-59.5
"39",-32,-58.5
"39",-33,-57.5
"39",-32,-56.5
"39",-33,-55.5
"39",-32,-54.5
"39",-33,-53.5
"39",-34,-52.5
"39",-33,-51.5
"39",-34,-50.5
"39",-35,-49.5
"39",-34,-48.5
"39",-35,-47.5
"39",-34,-46.5
"39",-35,-45.5
"39",-34,-44.5
"39",-35,-43.5
"39",-35,-42.5
"39",-35,-41.5
"39",-35,-40.5
"39",-35,-39.5
"39",-35,-38.5
"39",-35,-37.5
"39",-35,-36.5
"39",-35,-35.5
"39",-36,-34.5
"39",-37,-33.5
"39",-36,-32.5
"39",-36,-31.5
"39",-36,-30.5
"39",-36,-29.5
"39",-36,-28.5
"39",-36,-27.5
"39",-37,-26.5
"39",-37,-25.5
"39",-37,-24.5
"39",-37,-23.5
"39",-37,-22.5
"39",-37,-21.5
"39",-37,-20.5
"39",-37,-19.5
"39",-37,-18.5
"39",-37,-17.5
"39",-37,-16.5
"39",-37,-15.5
"39",-37,-14.5
"39",-37,-13.5
"39",-36,-12.5
"39",-35,-12.5
"39",-34,-11.5
"39",-33,-11.5
"39",-32,-10.5
"39",-31,-9.5
"39",-31,-8.5
"39",-31,-7.5
"39",-31,-6.5
"39",-31,-5.5
"39",-31,-4.5
"39",-31,-3.5
"39",-31,-2.5
"39",-31,-1.5
"39",-31,-0.5
"39",-30,0.5
"39",-29,0.5
"39",-29,1.5
"39",-29,2.5
"39",-29,3.5
"39",-29,4.5
"39",-29,5.5
"39",-29,6.5
"39",-29,7.5
"39",-29,8.5
"39",-29,9.5
"39",-29,10.5
"39",-29,11.5
"39",-29,12.5
"39",-29,13.5
"39",-29,14.5
"39",-29,15.5
"39",-29,16.5
"39",-29,17.5
"39",-29,18.5
"39",-29,19.5
"39",-29,20.5
"39",-29,21.5
"39",-29,22.5
"39",-30,23.5
"39",-31,24.5
"39",-31,25.5
"39",-31,26.5
"39",-31,27.5
"39",-31,28.5
"39",-31,29.5
"39",-31,30.5
"39",-31,31.5
"39",-31,32.5
"39",-31,33.5
"39",-31,34.5
"39",-31,35.5
"39",-31,36.5
"39",-32,36.5
"39",-33,37.5
"39",-33,38.5
"39",-33,39.5
"39",-33,40.5
"39",-33,41.5
"39",-32,42.5
"39",-33,43.5
"39",-34,44.5
"39",-33,45.5
"39",-32,46.5
"39",-31,46.5
"39",-30,46.5
"39",-29,46.5
"39",-28,46.5
"39",-27,46.5
"39",-26,47.5
"39",-26,48.5
"39",-27,49.5
"39",-27,50.5
"39",-27,51.5
"39",-26,52.5
"39",-27,53.5
"39",-26,54.5
"39",-27,55.5
"39",-27,56.5
"39",-27,57.5
"39",-27,58.5
"39",-27,59.5
"39",-27,60.5
"39",-26,61.5
"39",-25,62.5
"39",-24,62.5
"39",-23,62.5
"39",-22,62.5
"39",-21,63.5
"39",-20,64.5
"40",-25,-73.5
"40",-24,-72.5
"40",-23,-72.5
"40",-22,-71.5
"40",-21,-71.5
"40",-20,-71.5
"40",-19,-71.5
"40",-18,-70.5
"40",-19,-69.5
"40",-19,-68.5
"40",-19,-67.5
"40",-18,-66.5
"40",-17,-65.5
"40",-16,-64.5
"40",-15,-63.5
"40",-14,-63.5
"40",-13,-62.5
"40",-12,-62.5
"40",-11,-62.5
"40",-10,-61.5
"40",-9,-61.5
"40",-8,-60.5
"40",-7,-60.5
"40",-6,-60.5
"40",-5,-59.5
"40",-4,-59.5
"40",-3,-58.5
"40",-2,-57.5
"40",-1,-56.5
"40",0,-55.5
"40",1,-54.5
"40",0,-53.5
"40",1,-52.5
"40",0,-51.5
"40",0,-50.5
"40",1,-49.5
"40",0,-48.5
"40",1,-47.5
"40",1,-46.5
"40",1,-45.5
"40",1,-44.5
"40",2,-43.5
"40",3,-42.5
"40",4,-42.5
"40",5,-41.5
"40",4,-40.5
"40",5,-39.5
"40",5,-38.5
"40",5,-37.5
"40",5,-36.5
"40",5,-35.5
"40",5,-34.5
"40",5,-33.5
"40",5,-32.5
"40",5,-31.5
"40",5,-30.5
"40",5,-29.5
"40",5,-28.5
"40",5,-27.5
"40",5,-26.5
"40",5,-25.5
"40",5,-24.5
"40",5,-23.5
"40",5,-22.5
"40",5,-21.5
"40",4,-20.5
"40",3,-19.5
"40",2,-18.5
"40",1,-17.5
"40",0,-16.5
"40",-1,-15.5
"40",-2,-14.5
"40",-3,-13.5
"40",-4,-12.5
"40",-5,-11.5
"40",-6,-10.5
"40",-7,-9.5
"40",-8,-8.5
"40",-9,-7.5
"40",-9,-6.5
"40",-10,-5.5
"40",-11,-4.5
"40",-12,-3.5
"40",-13,-2.5
"40",-14,-1.5
"40",-15,-0.5
"40",-16,0.5
"40",-16,1.5
"40",-16,2.5
"40",-16,3.5
"40",-16,4.5
"40",-16,5.5
"40",-16,6.5
"40",-16,7.5
"40",-17,7.5
"40",-18,8.5
"40",-18,9.5
"40",-18,10.5
"40",-18,11.5
"40",-18,12.5
"40",-18,13.5
"40",-18,14.5
"40",-18,15.5
"40",-18,16.5
"40",-18,17.5
"40",-18,18.5
"40",-18,19.5
"40",-18,20.5
"40",-18,21.5
"40",-18,22.5
"40",-18,23.5
"40",-18,24.5
"40",-18,25.5
"40",-18,26.5
"40",-18,27.5
"40",-18,28.5
"40",-18,29.5
"40",-18,30.5
"40",-18,31.5
"40",-18,32.5
"40",-18,33.5
"40",-18,34.5
"40",-18,35.5
"40",-18,36.5
"40",-18,37.5
"40",-18,38.5
"40",-18,39.5
"40",-18,40.5
"40",-18,41.5
"40",-19,42.5
"40",-20,43.5
"40",-20,44.5
"40",-20,45.5
"40",-20,46.5
"40",-20,47.5
"40",-20,48.5
"40",-20,49.5
"40",-20,50.5
"40",-19,51.5
"40",-20,52.5
"40",-19,53.5
"40",-20,54.5
"40",-19,55.5
"40",-20,56.5
"40",-19,57.5
"40",-20,58.5
"40",-19,59.5
"40",-20,60.5
"40",-20,61.5
"40",-21,62.5
"40",-21,63.5
"40",-20,64.5
"41",-25,-73.5
"41",-24,-72.5
"41",-23,-72.5
"41",-22,-71.5
"41",-21,-71.5
"41",-20,-71.5
"41",-19,-71.5
"41",-18,-70.5
"41",-19,-69.5
"41",-19,-68.5
"41",-19,-67.5
"41",-18,-66.5
"41",-17,-65.5
"41",-16,-64.5
"41",-15,-63.5
"41",-14,-63.5
"41",-13,-62.5
"41",-12,-62.5
"41",-11,-62.5
"41",-10,-61.5
"41",-9,-61.5
"41",-8,-60.5
"41",-7,-60.5
"41",-6,-60.5
"41",-5,-59.5
"41",-4,-59.5
"41",-3,-58.5
"41",-2,-57.5
"41",-2,-56.5
"41",-2,-55.5
"41",-2,-54.5
"41",-2,-53.5
"41",-2,-52.5
"41",-2,-51.5
"41",-2,-50.5
"41",-1,-49.5
"41",0,-48.5
"41",1,-47.5
"41",1,-46.5
"41",1,-45.5
"41",1,-44.5
"41",2,-43.5
"41",3,-42.5
"41",4,-42.5
"41",5,-41.5
"41",4,-40.5
"41",5,-39.5
"41",5,-38.5
"41",5,-37.5
"41",5,-36.5
"41",5,-35.5
"41",5,-34.5
"41",5,-33.5
"41",5,-32.5
"41",5,-31.5
"41",5,-30.5
"41",5,-29.5
"41",5,-28.5
"41",5,-27.5
"41",5,-26.5
"41",5,-25.5
"41",5,-24.5
"41",5,-23.5
"41",5,-22.5
"41",5,-21.5
"41",4,-20.5
"41",3,-19.5
"41",2,-18.5
"41",1,-17.5
"41",0,-16.5
"41",-1,-15.5
"41",-2,-14.5
"41",-3,-13.5
"41",-4,-12.5
"41",-5,-11.5
"41",-6,-10.5
"41",-7,-9.5
"41",-8,-8.5
"41",-9,-7.5
"41",-9,-6.5
"41",-10,-5.5
"41",-11,-4.5
"41",-12,-3.5
"41",-13,-2.5
"41",-14,-1.5
"41",-15,-0.5
"41",-16,0.5
"41",-16,1.5
"41",-16,2.5
"41",-16,3.5
"41",-16,4.5
"41",-16,5.5
"41",-16,6.5
"41",-16,7.5
"41",-17,7.5
"41",-18,8.5
"41",-18,9.5
"41",-18,10.5
"41",-18,11.5
"41",-18,12.5
"41",-18,13.5
"41",-18,14.5
"41",-18,15.5
"41",-18,16.5
"41",-18,17.5
"41",-18,18.5
"41",-18,19.5
"41",-18,20.5
"41",-18,21.5
"41",-18,22.5
"41",-18,23.5
"41",-18,24.5
"41",-18,25.5
"41",-18,26.5
"41",-18,27.5
"41",-18,28.5
"41",-18,29.5
"41",-18,30.5
"41",-18,31.5
"41",-18,32.5
"41",-18,33.5
"41",-18,34.5
"41",-18,35.5
"41",-18,36.5
"41",-18,37.5
"41",-18,38.5
"41",-18,39.5
"41",-18,40.5
"41",-18,41.5
"41",-18,42.5
"41",-18,43.5
"41",-18,44.5
"41",-19,44.5
"41",-20,45.5
"41",-20,46.5
"41",-20,47.5
"41",-20,48.5
"41",-20,49.5
"41",-20,50.5
"41",-20,51.5
"41",-20,52.5
"41",-20,53.5
"41",-20,54.5
"41",-20,55.5
"41",-20,56.5
"41",-19,57.5
"41",-20,58.5
"41",-20,59.5
"41",-20,60.5
"41",-20,61.5
"41",-21,61.5
"41",-22,62.5
"41",-21,63.5
"41",-20,64.5
"42",-25,-73.5
"42",-24,-72.5
"42",-23,-72.5
"42",-22,-71.5
"42",-21,-71.5
"42",-20,-71.5
"42",-19,-71.5
"42",-18,-70.5
"42",-19,-69.5
"42",-19,-68.5
"42",-19,-67.5
"42",-19,-66.5
"42",-19,-65.5
"42",-19,-64.5
"42",-19,-63.5
"42",-19,-62.5
"42",-19,-61.5
"42",-18,-60.5
"42",-17,-59.5
"42",-18,-58.5
"42",-17,-57.5
"42",-18,-56.5
"42",-17,-55.5
"42",-18,-54.5
"42",-17,-53.5
"42",-18,-52.5
"42",-17,-51.5
"42",-18,-50.5
"42",-17,-49.5
"42",-18,-48.5
"42",-18,-47.5
"42",-17,-46.5
"42",-18,-45.5
"42",-18,-44.5
"42",-18,-43.5
"42",-18,-42.5
"42",-18,-41.5
"42",-18,-40.5
"42",-18,-39.5
"42",-18,-38.5
"42",-18,-37.5
"42",-17,-36.5
"42",-16,-36.5
"42",-15,-35.5
"42",-14,-35.5
"42",-13,-35.5
"42",-12,-35.5
"42",-12,-34.5
"42",-12,-33.5
"42",-12,-32.5
"42",-12,-31.5
"42",-11,-30.5
"42",-10,-30.5
"42",-10,-29.5
"42",-10,-28.5
"42",-10,-27.5
"42",-10,-26.5
"42",-10,-25.5
"42",-10,-24.5
"42",-10,-23.5
"42",-11,-22.5
"42",-11,-21.5
"42",-11,-20.5
"42",-11,-19.5
"42",-11,-18.5
"42",-11,-17.5
"42",-11,-16.5
"42",-11,-15.5
"42",-11,-14.5
"42",-11,-13.5
"42",-11,-12.5
"42",-12,-11.5
"42",-13,-10.5
"42",-14,-9.5
"42",-15,-9.5
"42",-16,-8.5
"42",-16,-7.5
"42",-16,-6.5
"42",-16,-5.5
"42",-16,-4.5
"42",-16,-3.5
"42",-16,-2.5
"42",-16,-1.5
"42",-16,-0.5
"42",-16,0.5
"42",-16,1.5
"42",-16,2.5
"42",-16,3.5
"42",-16,4.5
"42",-16,5.5
"42",-16,6.5
"42",-16,7.5
"42",-16,8.5
"42",-16,9.5
"42",-16,10.5
"42",-17,10.5
"42",-18,11.5
"42",-18,12.5
"42",-18,13.5
"42",-18,14.5
"42",-18,15.5
"42",-18,16.5
"42",-18,17.5
"42",-18,18.5
"42",-18,19.5
"42",-18,20.5
"42",-18,21.5
"42",-18,22.5
"42",-18,23.5
"42",-18,24.5
"42",-18,25.5
"42",-18,26.5
"42",-18,27.5
"42",-18,28.5
"42",-18,29.5
"42",-18,30.5
"42",-18,31.5
"42",-18,32.5
"42",-18,33.5
"42",-18,34.5
"42",-18,35.5
"42",-18,36.5
"42",-18,37.5
"42",-18,38.5
"42",-18,39.5
"42",-18,40.5
"42",-18,41.5
"42",-19,41.5
"42",-20,42.5
"42",-20,43.5
"42",-20,44.5
"42",-20,45.5
"42",-20,46.5
"42",-20,47.5
"42",-20,48.5
"42",-20,49.5
"42",-20,50.5
"42",-20,51.5
"42",-20,52.5
"42",-20,53.5
"42",-20,54.5
"42",-20,55.5
"42",-20,56.5
"42",-20,57.5
"42",-20,58.5
"42",-20,59.5
"42",-20,60.5
"42",-20,61.5
"42",-21,61.5
"42",-22,62.5
"42",-21,63.5
"42",-20,64.5
"43",-25,-73.5
"43",-26,-73.5
"43",-27,-73.5
"43",-28,-73.5
"43",-29,-73.5
"43",-30,-73.5
"43",-31,-72.5
"43",-31,-71.5
"43",-32,-70.5
"43",-33,-69.5
"43",-32,-68.5
"43",-31,-67.5
"43",-32,-66.5
"43",-31,-65.5
"43",-32,-64.5
"43",-33,-63.5
"43",-32,-62.5
"43",-33,-61.5
"43",-32,-60.5
"43",-33,-59.5
"43",-32,-58.5
"43",-33,-57.5
"43",-32,-56.5
"43",-33,-55.5
"43",-32,-54.5
"43",-33,-53.5
"43",-34,-52.5
"43",-35,-51.5
"43",-34,-50.5
"43",-35,-49.5
"43",-35,-48.5
"43",-35,-47.5
"43",-35,-46.5
"43",-35,-45.5
"43",-35,-44.5
"43",-35,-43.5
"43",-35,-42.5
"43",-35,-41.5
"43",-35,-40.5
"43",-35,-39.5
"43",-35,-38.5
"43",-35,-37.5
"43",-35,-36.5
"43",-35,-35.5
"43",-36,-34.5
"43",-37,-33.5
"43",-36,-32.5
"43",-36,-31.5
"43",-36,-30.5
"43",-36,-29.5
"43",-36,-28.5
"43",-36,-27.5
"43",-37,-26.5
"43",-37,-25.5
"43",-37,-24.5
"43",-37,-23.5
"43",-37,-22.5
"43",-37,-21.5
"43",-37,-20.5
"43",-37,-19.5
"43",-37,-18.5
"43",-37,-17.5
"43",-37,-16.5
"43",-37,-15.5
"43",-37,-14.5
"43",-37,-13.5
"43",-36,-12.5
"43",-35,-12.5
"43",-34,-11.5
"43",-33,-11.5
"43",-32,-10.5
"43",-31,-9.5
"43",-31,-8.5
"43",-31,-7.5
"43",-31,-6.5
"43",-31,-5.5
"43",-31,-4.5
"43",-31,-3.5
"43",-31,-2.5
"43",-31,-1.5
"43",-31,-0.5
"43",-30,0.5
"43",-29,0.5
"43",-29,1.5
"43",-29,2.5
"43",-29,3.5
"43",-29,4.5
"43",-29,5.5
"43",-29,6.5
"43",-29,7.5
"43",-29,8.5
"43",-29,9.5
"43",-29,10.5
"43",-29,11.5
"43",-29,12.5
"43",-29,13.5
"43",-29,14.5
"43",-29,15.5
"43",-29,16.5
"43",-29,17.5
"43",-29,18.5
"43",-29,19.5
"43",-29,20.5
"43",-29,21.5
"43",-29,22.5
"43",-30,23.5
"43",-31,24.5
"43",-31,25.5
"43",-31,26.5
"43",-31,27.5
"43",-31,28.5
"43",-31,29.5
"43",-31,30.5
"43",-31,31.5
"43",-31,32.5
"43",-31,33.5
"43",-31,34.5
"43",-31,35.5
"43",-31,36.5
"43",-32,36.5
"43",-33,37.5
"43",-33,38.5
"43",-33,39.5
"43",-33,40.5
"43",-33,41.5
"43",-33,42.5
"43",-34,43.5
"43",-34,44.5
"43",-33,45.5
"43",-32,46.5
"43",-31,46.5
"43",-30,46.5
"43",-29,46.5
"43",-28,46.5
"43",-27,46.5
"43",-26,47.5
"43",-26,48.5
"43",-27,49.5
"43",-27,50.5
"43",-27,51.5
"43",-27,52.5
"43",-27,53.5
"43",-27,54.5
"43",-27,55.5
"43",-27,56.5
"43",-27,57.5
"43",-27,58.5
"43",-27,59.5
"43",-27,60.5
"43",-26,61.5
"43",-25,62.5
"43",-24,62.5
"43",-23,62.5
"43",-22,62.5
"43",-21,63.5
"43",-20,64.5
"44",-25,-73.5
"44",-24,-72.5
"44",-25,-71.5
"44",-25,-70.5
"44",-25,-69.5
"44",-24,-68.5
"44",-23,-67.5
"44",-22,-66.5
"44",-21,-65.5
"44",-20,-64.5
"44",-19,-63.5
"44",-18,-62.5
"44",-17,-61.5
"44",-16,-60.5
"44",-15,-59.5
"44",-14,-58.5
"44",-13,-57.5
"44",-12,-56.5
"44",-11,-55.5
"44",-10,-54.5
"44",-9,-53.5
"44",-8,-52.5
"44",-7,-51.5
"44",-6,-50.5
"44",-5,-49.5
"44",-4,-48.5
"44",-3,-47.5
"44",-2,-46.5
"44",-1,-46.5
"44",0,-45.5
"44",1,-44.5
"44",2,-43.5
"44",3,-42.5
"44",4,-41.5
"44",4,-40.5
"44",5,-39.5
"44",6,-38.5
"44",7,-37.5
"44",8,-36.5
"44",9,-35.5
"44",10,-34.5
"44",11,-33.5
"44",11,-32.5
"44",11,-31.5
"44",11,-30.5
"44",11,-29.5
"44",11,-28.5
"44",11,-27.5
"44",11,-26.5
"44",10,-25.5
"44",9,-24.5
"44",8,-23.5
"44",7,-22.5
"44",6,-21.5
"44",5,-20.5
"44",4,-19.5
"44",3,-18.5
"44",2,-17.5
"44",1,-16.5
"44",0,-15.5
"44",-1,-14.5
"44",-2,-13.5
"44",-3,-12.5
"44",-4,-11.5
"44",-5,-10.5
"44",-6,-9.5
"44",-7,-8.5
"44",-8,-7.5
"44",-9,-6.5
"44",-10,-5.5
"44",-11,-4.5
"44",-12,-3.5
"44",-13,-2.5
"44",-14,-1.5
"44",-15,-0.5
"44",-16,0.5
"44",-17,1.5
"44",-18,2.5
"44",-18,3.5
"44",-18,4.5
"44",-18,5.5
"44",-18,6.5
"44",-18,7.5
"44",-18,8.5
"44",-18,9.5
"44",-18,10.5
"44",-18,11.5
"44",-18,12.5
"44",-18,13.5
"44",-18,14.5
"44",-18,15.5
"44",-18,16.5
"44",-18,17.5
"44",-18,18.5
"44",-18,19.5
"44",-18,20.5
"44",-18,21.5
"44",-18,22.5
"44",-18,23.5
"44",-18,24.5
"44",-18,25.5
"44",-18,26.5
"44",-18,27.5
"44",-18,28.5
"44",-18,29.5
"44",-18,30.5
"44",-18,31.5
"44",-18,32.5
"44",-18,33.5
"44",-18,34.5
"44",-18,35.5
"44",-18,36.5
"44",-18,37.5
"44",-18,38.5
"44",-18,39.5
"44",-18,40.5
"44",-18,41.5
"44",-19,42.5
"44",-20,43.5
"44",-20,44.5
"44",-20,45.5
"44",-20,46.5
"44",-20,47.5
"44",-20,48.5
"44",-20,49.5
"44",-20,50.5
"44",-19,51.5
"44",-20,52.5
"44",-19,53.5
"44",-20,54.5
"44",-19,55.5
"44",-20,56.5
"44",-19,57.5
"44",-20,58.5
"44",-19,59.5
"44",-20,60.5
"44",-20,61.5
"44",-21,62.5
"44",-21,63.5
"44",-20,64.5
"45",-25,-73.5
"45",-24,-72.5
"45",-23,-72.5
"45",-22,-71.5
"45",-21,-71.5
"45",-20,-71.5
"45",-19,-71.5
"45",-18,-70.5
"45",-19,-69.5
"45",-19,-68.5
"45",-19,-67.5
"45",-18,-66.5
"45",-17,-65.5
"45",-16,-64.5
"45",-15,-63.5
"45",-14,-63.5
"45",-13,-62.5
"45",-12,-62.5
"45",-11,-62.5
"45",-10,-61.5
"45",-9,-61.5
"45",-8,-60.5
"45",-7,-60.5
"45",-6,-60.5
"45",-5,-59.5
"45",-4,-59.5
"45",-3,-58.5
"45",-2,-57.5
"45",-1,-56.5
"45",0,-55.5
"45",1,-54.5
"45",0,-53.5
"45",1,-52.5
"45",0,-51.5
"45",0,-50.5
"45",1,-49.5
"45",0,-48.5
"45",1,-47.5
"45",1,-46.5
"45",1,-45.5
"45",1,-44.5
"45",2,-43.5
"45",3,-42.5
"45",4,-41.5
"45",4,-40.5
"45",5,-39.5
"45",5,-38.5
"45",5,-37.5
"45",5,-36.5
"45",5,-35.5
"45",5,-34.5
"45",5,-33.5
"45",5,-32.5
"45",5,-31.5
"45",5,-30.5
"45",5,-29.5
"45",5,-28.5
"45",5,-27.5
"45",5,-26.5
"45",5,-25.5
"45",5,-24.5
"45",5,-23.5
"45",5,-22.5
"45",5,-21.5
"45",4,-20.5
"45",3,-19.5
"45",2,-18.5
"45",1,-17.5
"45",0,-16.5
"45",-1,-15.5
"45",-2,-14.5
"45",-3,-13.5
"45",-4,-12.5
"45",-5,-11.5
"45",-6,-10.5
"45",-7,-9.5
"45",-8,-8.5
"45",-9,-7.5
"45",-9,-6.5
"45",-10,-5.5
"45",-11,-4.5
"45",-12,-3.5
"45",-13,-2.5
"45",-14,-1.5
"45",-15,-0.5
"45",-16,0.5
"45",-16,1.5
"45",-16,2.5
"45",-16,3.5
"45",-16,4.5
"45",-16,5.5
"45",-16,6.5
"45",-16,7.5
"45",-17,7.5
"45",-18,8.5
"45",-18,9.5
"45",-18,10.5
"45",-18,11.5
"45",-18,12.5
"45",-18,13.5
"45",-18,14.5
"45",-18,15.5
"45",-18,16.5
"45",-18,17.5
"45",-18,18.5
"45",-18,19.5
"45",-18,20.5
"45",-18,21.5
"45",-18,22.5
"45",-18,23.5
"45",-18,24.5
"45",-18,25.5
"45",-18,26.5
"45",-18,27.5
"45",-18,28.5
"45",-18,29.5
"45",-18,30.5
"45",-18,31.5
"45",-18,32.5
"45",-18,33.5
"45",-18,34.5
"45",-18,35.5
"45",-18,36.5
"45",-18,37.5
"45",-18,38.5
"45",-18,39.5
"45",-18,40.5
"45",-18,41.5
"45",-19,42.5
"45",-20,43.5
"45",-20,44.5
"45",-20,45.5
"45",-20,46.5
"45",-20,47.5
"45",-20,48.5
"45",-20,49.5
"45",-20,50.5
"45",-20,51.5
"45",-20,52.5
"45",-20,53.5
"45",-20,54.5
"45",-20,55.5
"45",-19,56.5
"45",-20,57.5
"45",-19,58.5
"45",-20,59.5
"45",-20,60.5
"45",-20,61.5
"45",-21,61.5
"45",-22,62.5
"45",-21,63.5
"45",-20,64.5
"46",-25,-73.5
"46",-24,-72.5
"46",-23,-72.5
"46",-22,-71.5
"46",-21,-71.5
"46",-20,-71.5
"46",-19,-71.5
"46",-18,-70.5
"46",-19,-69.5
"46",-19,-68.5
"46",-19,-67.5
"46",-19,-66.5
"46",-19,-65.5
"46",-19,-64.5
"46",-19,-63.5
"46",-19,-62.5
"46",-19,-61.5
"46",-18,-60.5
"46",-17,-59.5
"46",-18,-58.5
"46",-17,-57.5
"46",-18,-56.5
"46",-17,-55.5
"46",-18,-54.5
"46",-17,-53.5
"46",-18,-52.5
"46",-17,-51.5
"46",-18,-50.5
"46",-17,-49.5
"46",-18,-48.5
"46",-17,-47.5
"46",-18,-46.5
"46",-18,-45.5
"46",-18,-44.5
"46",-18,-43.5
"46",-18,-42.5
"46",-18,-41.5
"46",-18,-40.5
"46",-18,-39.5
"46",-18,-38.5
"46",-18,-37.5
"46",-17,-36.5
"46",-16,-36.5
"46",-16,-35.5
"46",-16,-34.5
"46",-16,-33.5
"46",-16,-32.5
"46",-16,-31.5
"46",-16,-30.5
"46",-16,-29.5
"46",-16,-28.5
"46",-16,-27.5
"46",-16,-26.5
"46",-16,-25.5
"46",-16,-24.5
"46",-16,-23.5
"46",-16,-22.5
"46",-16,-21.5
"46",-16,-20.5
"46",-16,-19.5
"46",-16,-18.5
"46",-16,-17.5
"46",-16,-16.5
"46",-16,-15.5
"46",-16,-14.5
"46",-16,-13.5
"46",-16,-12.5
"46",-16,-11.5
"46",-16,-10.5
"46",-16,-9.5
"46",-16,-8.5
"46",-16,-7.5
"46",-16,-6.5
"46",-16,-5.5
"46",-16,-4.5
"46",-16,-3.5
"46",-16,-2.5
"46",-16,-1.5
"46",-16,-0.5
"46",-16,0.5
"46",-16,1.5
"46",-16,2.5
"46",-16,3.5
"46",-16,4.5
"46",-16,5.5
"46",-16,6.5
"46",-16,7.5
"46",-16,8.5
"46",-16,9.5
"46",-16,10.5
"46",-17,10.5
"46",-18,11.5
"46",-18,12.5
"46",-18,13.5
"46",-18,14.5
"46",-18,15.5
"46",-18,16.5
"46",-18,17.5
"46",-18,18.5
"46",-18,19.5
"46",-18,20.5
"46",-18,21.5
"46",-18,22.5
"46",-18,23.5
"46",-18,24.5
"46",-18,25.5
"46",-18,26.5
"46",-18,27.5
"46",-18,28.5
"46",-18,29.5
"46",-18,30.5
"46",-18,31.5
"46",-18,32.5
"46",-18,33.5
"46",-18,34.5
"46",-18,35.5
"46",-18,36.5
"46",-18,37.5
"46",-18,38.5
"46",-18,39.5
"46",-18,40.5
"46",-18,41.5
"46",-19,41.5
"46",-20,42.5
"46",-20,43.5
"46",-20,44.5
"46",-20,45.5
"46",-20,46.5
"46",-20,47.5
"46",-20,48.5
"46",-20,49.5
"46",-20,50.5
"46",-20,51.5
"46",-20,52.5
"46",-20,53.5
"46",-20,54.5
"46",-20,55.5
"46",-20,56.5
"46",-20,57.5
"46",-20,58.5
"46",-20,59.5
"46",-20,60.5
"46",-20,61.5
"46",-21,61.5
"46",-22,62.5
"46",-21,63.5
"46",-20,64.5
"47",-25,-73.5
"47",-26,-73.5
"47",-27,-73.5
"47",-28,-73.5
"47",-29,-73.5
"47",-30,-73.5
"47",-31,-72.5
"47",-31,-71.5
"47",-32,-70.5
"47",-33,-69.5
"47",-32,-68.5
"47",-31,-67.5
"47",-32,-66.5
"47",-31,-65.5
"47",-32,-64.5
"47",-33,-63.5
"47",-32,-62.5
"47",-33,-61.5
"47",-32,-60.5
"47",-33,-59.5
"47",-32,-58.5
"47",-33,-57.5
"47",-32,-56.5
"47",-33,-55.5
"47",-32,-54.5
"47",-33,-53.5
"47",-34,-52.5
"47",-35,-51.5
"47",-34,-50.5
"47",-35,-49.5
"47",-35,-48.5
"47",-35,-47.5
"47",-35,-46.5
"47",-35,-45.5
"47",-35,-44.5
"47",-35,-43.5
"47",-35,-42.5
"47",-35,-41.5
"47",-35,-40.5
"47",-35,-39.5
"47",-35,-38.5
"47",-35,-37.5
"47",-35,-36.5
"47",-35,-35.5
"47",-36,-34.5
"47",-37,-33.5
"47",-36,-32.5
"47",-36,-31.5
"47",-36,-30.5
"47",-36,-29.5
"47",-36,-28.5
"47",-36,-27.5
"47",-37,-26.5
"47",-37,-25.5
"47",-37,-24.5
"47",-37,-23.5
"47",-37,-22.5
"47",-37,-21.5
"47",-37,-20.5
"47",-37,-19.5
"47",-37,-18.5
"47",-37,-17.5
"47",-37,-16.5
"47",-37,-15.5
"47",-37,-14.5
"47",-37,-13.5
"47",-36,-12.5
"47",-35,-12.5
"47",-34,-11.5
"47",-33,-11.5
"47",-32,-10.5
"47",-31,-9.5
"47",-31,-8.5
"47",-31,-7.5
"47",-31,-6.5
"47",-31,-5.5
"47",-31,-4.5
"47",-31,-3.5
"47",-31,-2.5
"47",-31,-1.5
"47",-31,-0.5
"47",-30,0.5
"47",-29,0.5
"47",-29,1.5
"47",-29,2.5
"47",-29,3.5
"47",-29,4.5
"47",-29,5.5
"47",-29,6.5
"47",-29,7.5
"47",-29,8.5
"47",-29,9.5
"47",-29,10.5
"47",-29,11.5
"47",-29,12.5
"47",-29,13.5
"47",-29,14.5
"47",-29,15.5
"47",-29,16.5
"47",-29,17.5
"47",-29,18.5
"47",-29,19.5
"47",-29,20.5
"47",-29,21.5
"47",-29,22.5
"47",-30,23.5
"47",-31,24.5
"47",-31,25.5
"47",-31,26.5
"47",-31,27.5
"47",-31,28.5
"47",-31,29.5
"47",-31,30.5
"47",-31,31.5
"47",-31,32.5
"47",-31,33.5
"47",-31,34.5
"47",-31,35.5
"47",-31,36.5
"47",-32,36.5
"47",-33,37.5
"47",-33,38.5
"47",-33,39.5
"47",-33,40.5
"47",-33,41.5
"47",-33,42.5
"47",-34,43.5
"47",-34,44.5
"47",-33,45.5
"47",-32,46.5
"47",-31,46.5
"47",-30,46.5
"47",-29,46.5
"47",-28,46.5
"47",-27,46.5
"47",-26,47.5
"47",-26,48.5
"47",-27,49.5
"47",-27,50.5
"47",-27,51.5
"47",-27,52.5
"47",-27,53.5
"47",-27,54.5
"47",-27,55.5
"47",-27,56.5
"47",-27,57.5
"47",-27,58.5
"47",-27,59.5
"47",-27,60.5
"47",-26,61.5
"47",-25,62.5
"47",-24,62.5
"47",-23,62.5
"47",-22,62.5
"47",-21,63.5
"47",-20,64.5
"48",-25,-73.5
"48",-26,-73.5
"48",-27,-73.5
"48",-28,-73.5
"48",-29,-73.5
"48",-30,-73.5
"48",-31,-72.5
"48",-31,-71.5
"48",-32,-70.5
"48",-33,-69.5
"48",-34,-68.5
"48",-33,-67.5
"48",-32,-66.5
"48",-31,-65.5
"48",-32,-64.5
"48",-33,-63.5
"48",-32,-62.5
"48",-33,-61.5
"48",-32,-60.5
"48",-33,-59.5
"48",-32,-58.5
"48",-33,-57.5
"48",-34,-56.5
"48",-33,-55.5
"48",-33,-54.5
"48",-34,-53.5
"48",-35,-52.5
"48",-35,-51.5
"48",-35,-50.5
"48",-35,-49.5
"48",-35,-48.5
"48",-35,-47.5
"48",-35,-46.5
"48",-35,-45.5
"48",-35,-44.5
"48",-35,-43.5
"48",-35,-42.5
"48",-35,-41.5
"48",-35,-40.5
"48",-35,-39.5
"48",-35,-38.5
"48",-35,-37.5
"48",-35,-36.5
"48",-35,-35.5
"48",-36,-34.5
"48",-37,-33.5
"48",-36,-32.5
"48",-36,-31.5
"48",-36,-30.5
"48",-36,-29.5
"48",-36,-28.5
"48",-36,-27.5
"48",-37,-26.5
"48",-37,-25.5
"48",-37,-24.5
"48",-37,-23.5
"48",-37,-22.5
"48",-37,-21.5
"48",-37,-20.5
"48",-37,-19.5
"48",-37,-18.5
"48",-37,-17.5
"48",-37,-16.5
"48",-37,-15.5
"48",-37,-14.5
"48",-37,-13.5
"48",-36,-12.5
"48",-35,-12.5
"48",-34,-11.5
"48",-33,-11.5
"48",-32,-10.5
"48",-31,-9.5
"48",-31,-8.5
"48",-31,-7.5
"48",-31,-6.5
"48",-31,-5.5
"48",-31,-4.5
"48",-31,-3.5
"48",-31,-2.5
"48",-31,-1.5
"48",-30,-0.5
"48",-29,-0.5
"48",-29,0.5
"48",-29,1.5
"48",-29,2.5
"48",-29,3.5
"48",-29,4.5
"48",-29,5.5
"48",-29,6.5
"48",-29,7.5
"48",-29,8.5
"48",-29,9.5
"48",-29,10.5
"48",-29,11.5
"48",-29,12.5
"48",-29,13.5
"48",-29,14.5
"48",-29,15.5
"48",-29,16.5
"48",-29,17.5
"48",-29,18.5
"48",-29,19.5
"48",-29,20.5
"48",-29,21.5
"48",-29,22.5
"48",-30,23.5
"48",-31,24.5
"48",-31,25.5
"48",-31,26.5
"48",-31,27.5
"48",-31,28.5
"48",-31,29.5
"48",-31,30.5
"48",-31,31.5
"48",-31,32.5
"48",-31,33.5
"48",-31,34.5
"48",-31,35.5
"48",-31,36.5
"48",-32,36.5
"48",-33,37.5
"48",-33,38.5
"48",-33,39.5
"48",-33,40.5
"48",-33,41.5
"48",-33,42.5
"48",-34,43.5
"48",-34,44.5
"48",-33,45.5
"48",-32,46.5
"48",-31,46.5
"48",-30,46.5
"48",-29,46.5
"48",-28,46.5
"48",-27,46.5
"48",-26,47.5
"48",-26,48.5
"48",-27,49.5
"48",-27,50.5
"48",-27,51.5
"48",-27,52.5
"48",-27,53.5
"48",-27,54.5
"48",-27,55.5
"48",-27,56.5
"48",-27,57.5
"48",-27,58.5
"48",-27,59.5
"48",-27,60.5
"48",-26,61.5
"48",-25,62.5
"48",-24,62.5
"48",-23,62.5
"48",-22,62.5
"48",-21,63.5
"48",-20,64.5
"49",-25,-73.5
"49",-26,-73.5
"49",-27,-72.5
"49",-27,-71.5
"49",-27,-70.5
"49",-26,-69.5
"49",-25,-68.5
"49",-24,-67.5
"49",-23,-66.5
"49",-22,-65.5
"49",-21,-64.5
"49",-20,-63.5
"49",-19,-62.5
"49",-18,-61.5
"49",-17,-60.5
"49",-16,-59.5
"49",-15,-58.5
"49",-14,-57.5
"49",-13,-56.5
"49",-12,-55.5
"49",-11,-54.5
"49",-10,-53.5
"49",-9,-52.5
"49",-8,-51.5
"49",-7,-50.5
"49",-6,-49.5
"49",-5,-48.5
"49",-4,-47.5
"49",-3,-46.5
"49",-2,-45.5
"49",-1,-44.5
"49",0,-43.5
"49",1,-42.5
"49",2,-41.5
"49",3,-40.5
"49",4,-39.5
"49",5,-38.5
"49",6,-37.5
"49",7,-36.5
"49",8,-35.5
"49",9,-34.5
"49",10,-33.5
"49",10,-32.5
"49",10,-31.5
"49",10,-30.5
"49",10,-29.5
"49",10,-28.5
"49",10,-27.5
"49",10,-26.5
"49",10,-25.5
"49",9,-24.5
"49",8,-23.5
"49",7,-22.5
"49",6,-21.5
"49",5,-20.5
"49",4,-19.5
"49",3,-18.5
"49",2,-17.5
"49",1,-16.5
"49",1,-15.5
"49",0,-14.5
"49",-1,-13.5
"49",-2,-12.5
"49",-3,-11.5
"49",-4,-10.5
"49",-5,-9.5
"49",-6,-8.5
"49",-7,-7.5
"49",-8,-6.5
"49",-9,-5.5
"49",-10,-4.5
"49",-11,-3.5
"49",-12,-2.5
"49",-13,-1.5
"49",-14,-0.5
"49",-15,0.5
"49",-16,1.5
"49",-17,2.5
"49",-17,3.5
"49",-17,4.5
"49",-17,5.5
"49",-17,6.5
"49",-17,7.5
"49",-17,8.5
"49",-18,9.5
"49",-18,10.5
"49",-18,11.5
"49",-18,12.5
"49",-18,13.5
"49",-18,14.5
"49",-18,15.5
"49",-18,16.5
"49",-18,17.5
"49",-18,18.5
"49",-18,19.5
"49",-18,20.5
"49",-18,21.5
"49",-18,22.5
"49",-18,23.5
"49",-18,24.5
"49",-17,25.5
"49",-17,26.5
"49",-17,27.5
"49",-17,28.5
"49",-16,29.5
"49",-16,30.5
"49",-16,31.5
"49",-16,32.5
"49",-16,33.5
"49",-16,34.5
"49",-16,35.5
"49",-16,36.5
"49",-16,37.5
"49",-16,38.5
"49",-16,39.5
"49",-17,40.5
"49",-18,41.5
"49",-19,42.5
"49",-20,43.5
"49",-21,44.5
"49",-22,45.5
"49",-23,46.5
"49",-24,47.5
"49",-25,48.5
"49",-26,49.5
"49",-27,50.5
"49",-28,51.5
"49",-29,52.5
"49",-28,53.5
"49",-27,54.5
"49",-26,55.5
"49",-25,56.5
"49",-24,57.5
"49",-23,58.5
"49",-22,59.5
"49",-21,60.5
"49",-21,61.5
"49",-21,62.5
"49",-21,63.5
"49",-20,64.5
"50",-25,-73.5
"50",-24,-72.5
"50",-25,-71.5
"50",-25,-70.5
"50",-25,-69.5
"50",-24,-68.5
"50",-23,-67.5
"50",-22,-66.5
"50",-21,-65.5
"50",-20,-64.5
"50",-19,-63.5
"50",-18,-62.5
"50",-17,-61.5
"50",-16,-60.5
"50",-15,-59.5
"50",-14,-58.5
"50",-13,-57.5
"50",-12,-56.5
"50",-11,-55.5
"50",-10,-54.5
"50",-9,-53.5
"50",-8,-52.5
"50",-7,-51.5
"50",-6,-50.5
"50",-5,-49.5
"50",-4,-48.5
"50",-3,-47.5
"50",-2,-46.5
"50",-1,-46.5
"50",0,-45.5
"50",1,-44.5
"50",2,-43.5
"50",3,-42.5
"50",4,-41.5
"50",4,-40.5
"50",5,-39.5
"50",5,-38.5
"50",5,-37.5
"50",5,-36.5
"50",5,-35.5
"50",5,-34.5
"50",5,-33.5
"50",5,-32.5
"50",5,-31.5
"50",5,-30.5
"50",5,-29.5
"50",5,-28.5
"50",5,-27.5
"50",5,-26.5
"50",5,-25.5
"50",5,-24.5
"50",5,-23.5
"50",5,-22.5
"50",5,-21.5
"50",4,-20.5
"50",3,-19.5
"50",3,-18.5
"50",2,-17.5
"50",1,-16.5
"50",0,-15.5
"50",-1,-14.5
"50",-2,-13.5
"50",-3,-12.5
"50",-4,-11.5
"50",-5,-10.5
"50",-6,-9.5
"50",-7,-8.5
"50",-8,-7.5
"50",-9,-6.5
"50",-10,-5.5
"50",-11,-4.5
"50",-12,-3.5
"50",-13,-2.5
"50",-14,-1.5
"50",-15,-0.5
"50",-16,0.5
"50",-17,1.5
"50",-18,2.5
"50",-18,3.5
"50",-18,4.5
"50",-18,5.5
"50",-18,6.5
"50",-18,7.5
"50",-18,8.5
"50",-18,9.5
"50",-18,10.5
"50",-18,11.5
"50",-18,12.5
"50",-18,13.5
"50",-18,14.5
"50",-18,15.5
"50",-18,16.5
"50",-18,17.5
"50",-18,18.5
"50",-18,19.5
"50",-18,20.5
"50",-18,21.5
"50",-18,22.5
"50",-18,23.5
"50",-18,24.5
"50",-18,25.5
"50",-18,26.5
"50",-18,27.5
"50",-18,28.5
"50",-18,29.5
"50",-18,30.5
"50",-18,31.5
"50",-18,32.5
"50",-18,33.5
"50",-18,34.5
"50",-18,35.5
"50",-18,36.5
"50",-18,37.5
"50",-18,38.5
"50",-18,39.5
"50",-18,40.5
"50",-18,41.5
"50",-19,42.5
"50",-20,43.5
"50",-20,44.5
"50",-20,45.5
"50",-20,46.5
"50",-20,47.5
"50",-20,48.5
"50",-20,49.5
"50",-20,50.5
"50",-20,51.5
"50",-20,52.5
"50",-20,53.5
"50",-20,54.5
"50",-19,55.5
"50",-20,56.5
"50",-19,57.5
"50",-20,58.5
"50",-19,59.5
"50",-20,60.5
"50",-20,61.5
"50",-21,62.5
"50",-21,63.5
"50",-20,64.5
"51",-25,-73.5
"51",-24,-72.5
"51",-23,-72.5
"51",-22,-71.5
"51",-21,-71.5
"51",-20,-71.5
"51",-19,-71.5
"51",-18,-70.5
"51",-19,-69.5
"51",-19,-68.5
"51",-19,-67.5
"51",-19,-66.5
"51",-19,-65.5
"51",-19,-64.5
"51",-19,-63.5
"51",-19,-62.5
"51",-19,-61.5
"51",-18,-60.5
"51",-17,-59.5
"51",-18,-58.5
"51",-17,-57.5
"51",-18,-56.5
"51",-17,-55.5
"51",-18,-54.5
"51",-17,-53.5
"51",-18,-52.5
"51",-17,-51.5
"51",-18,-50.5
"51",-17,-49.5
"51",-18,-48.5
"51",-17,-47.5
"51",-18,-46.5
"51",-18,-45.5
"51",-18,-44.5
"51",-18,-43.5
"51",-18,-42.5
"51",-18,-41.5
"51",-18,-40.5
"51",-18,-39.5
"51",-18,-38.5
"51",-18,-37.5
"51",-17,-36.5
"51",-16,-35.5
"51",-16,-34.5
"51",-16,-33.5
"51",-16,-32.5
"51",-16,-31.5
"51",-16,-30.5
"51",-16,-29.5
"51",-16,-28.5
"51",-16,-27.5
"51",-16,-26.5
"51",-16,-25.5
"51",-16,-24.5
"51",-16,-23.5
"51",-16,-22.5
"51",-16,-21.5
"51",-16,-20.5
"51",-16,-19.5
"51",-16,-18.5
"51",-16,-17.5
"51",-16,-16.5
"51",-16,-15.5
"51",-16,-14.5
"51",-16,-13.5
"51",-16,-12.5
"51",-16,-11.5
"51",-16,-10.5
"51",-16,-9.5
"51",-16,-8.5
"51",-16,-7.5
"51",-16,-6.5
"51",-16,-5.5
"51",-16,-4.5
"51",-16,-3.5
"51",-17,-2.5
"51",-18,-1.5
"51",-18,-0.5
"51",-18,0.5
"51",-18,1.5
"51",-18,2.5
"51",-18,3.5
"51",-18,4.5
"51",-18,5.5
"51",-18,6.5
"51",-18,7.5
"51",-18,8.5
"51",-18,9.5
"51",-18,10.5
"51",-18,11.5
"51",-18,12.5
"51",-18,13.5
"51",-18,14.5
"51",-18,15.5
"51",-18,16.5
"51",-18,17.5
"51",-18,18.5
"51",-18,19.5
"51",-18,20.5
"51",-18,21.5
"51",-18,22.5
"51",-18,23.5
"51",-18,24.5
"51",-18,25.5
"51",-18,26.5
"51",-18,27.5
"51",-18,28.5
"51",-18,29.5
"51",-18,30.5
"51",-18,31.5
"51",-18,32.5
"51",-18,33.5
"51",-18,34.5
"51",-18,35.5
"51",-18,36.5
"51",-18,37.5
"51",-18,38.5
"51",-18,39.5
"51",-18,40.5
"51",-18,41.5
"51",-19,42.5
"51",-20,43.5
"51",-20,44.5
"51",-20,45.5
"51",-20,46.5
"51",-20,47.5
"51",-20,48.5
"51",-20,49.5
"51",-20,50.5
"51",-20,51.5
"51",-20,52.5
"51",-20,53.5
"51",-20,54.5
"51",-20,55.5
"51",-20,56.5
"51",-20,57.5
"51",-19,58.5
"51",-20,59.5
"51",-20,60.5
"51",-20,61.5
"51",-21,61.5
"51",-22,62.5
"51",-21,63.5
"51",-20,64.5
"52",-25,-73.5
"52",-24,-72.5
"52",-23,-72.5
"52",-22,-71.5
"52",-21,-71.5
"52",-20,-71.5
"52",-19,-71.5
"52",-18,-70.5
"52",-19,-69.5
"52",-19,-68.5
"52",-19,-67.5
"52",-19,-66.5
"52",-19,-65.5
"52",-19,-64.5
"52",-19,-63.5
"52",-19,-62.5
"52",-19,-61.5
"52",-18,-60.5
"52",-17,-59.5
"52",-18,-58.5
"52",-17,-57.5
"52",-18,-56.5
"52",-17,-55.5
"52",-18,-54.5
"52",-17,-53.5
"52",-18,-52.5
"52",-17,-51.5
"52",-18,-50.5
"52",-18,-49.5
"52",-18,-48.5
"52",-18,-47.5
"52",-18,-46.5
"52",-18,-45.5
"52",-18,-44.5
"52",-18,-43.5
"52",-18,-42.5
"52",-18,-41.5
"52",-18,-40.5
"52",-18,-39.5
"52",-18,-38.5
"52",-18,-37.5
"52",-17,-36.5
"52",-16,-36.5
"52",-16,-35.5
"52",-16,-34.5
"52",-16,-33.5
"52",-16,-32.5
"52",-16,-31.5
"52",-16,-30.5
"52",-16,-29.5
"52",-16,-28.5
"52",-16,-27.5
"52",-16,-26.5
"52",-16,-25.5
"52",-16,-24.5
"52",-16,-23.5
"52",-16,-22.5
"52",-16,-21.5
"52",-16,-20.5
"52",-16,-19.5
"52",-16,-18.5
"52",-16,-17.5
"52",-16,-16.5
"52",-16,-15.5
"52",-16,-14.5
"52",-16,-13.5
"52",-16,-12.5
"52",-16,-11.5
"52",-16,-10.5
"52",-16,-9.5
"52",-16,-8.5
"52",-16,-7.5
"52",-16,-6.5
"52",-16,-5.5
"52",-16,-4.5
"52",-16,-3.5
"52",-16,-2.5
"52",-16,-1.5
"52",-16,-0.5
"52",-16,0.5
"52",-16,1.5
"52",-16,2.5
"52",-16,3.5
"52",-16,4.5
"52",-16,5.5
"52",-16,6.5
"52",-16,7.5
"52",-16,8.5
"52",-16,9.5
"52",-16,10.5
"52",-17,10.5
"52",-18,11.5
"52",-18,12.5
"52",-18,13.5
"52",-18,14.5
"52",-18,15.5
"52",-18,16.5
"52",-18,17.5
"52",-18,18.5
"52",-18,19.5
"52",-18,20.5
"52",-18,21.5
"52",-18,22.5
"52",-18,23.5
"52",-18,24.5
"52",-18,25.5
"52",-18,26.5
"52",-18,27.5
"52",-18,28.5
"52",-18,29.5
"52",-18,30.5
"52",-18,31.5
"52",-18,32.5
"52",-18,33.5
"52",-18,34.5
"52",-18,35.5
"52",-18,36.5
"52",-18,37.5
"52",-18,38.5
"52",-18,39.5
"52",-18,40.5
"52",-18,41.5
"52",-19,41.5
"52",-20,42.5
"52",-20,43.5
"52",-20,44.5
"52",-20,45.5
"52",-20,46.5
"52",-20,47.5
"52",-20,48.5
"52",-20,49.5
"52",-20,50.5
"52",-20,51.5
"52",-20,52.5
"52",-20,53.5
"52",-20,54.5
"52",-20,55.5
"52",-20,56.5
"52",-20,57.5
"52",-20,58.5
"52",-20,59.5
"52",-20,60.5
"52",-20,61.5
"52",-21,61.5
"52",-22,62.5
"52",-21,63.5
"52",-20,64.5
"53",-25,-73.5
"53",-26,-73.5
"53",-27,-73.5
"53",-28,-73.5
"53",-29,-73.5
"53",-30,-73.5
"53",-31,-72.5
"53",-31,-71.5
"53",-32,-70.5
"53",-33,-69.5
"53",-34,-68.5
"53",-33,-67.5
"53",-32,-66.5
"53",-31,-65.5
"53",-32,-64.5
"53",-33,-63.5
"53",-32,-62.5
"53",-33,-61.5
"53",-32,-60.5
"53",-33,-59.5
"53",-32,-58.5
"53",-33,-57.5
"53",-34,-56.5
"53",-33,-55.5
"53",-33,-54.5
"53",-34,-53.5
"53",-35,-52.5
"53",-35,-51.5
"53",-35,-50.5
"53",-35,-49.5
"53",-35,-48.5
"53",-35,-47.5
"53",-35,-46.5
"53",-35,-45.5
"53",-35,-44.5
"53",-35,-43.5
"53",-35,-42.5
"53",-35,-41.5
"53",-35,-40.5
"53",-35,-39.5
"53",-35,-38.5
"53",-35,-37.5
"53",-35,-36.5
"53",-35,-35.5
"53",-36,-34.5
"53",-37,-33.5
"53",-36,-32.5
"53",-36,-31.5
"53",-36,-30.5
"53",-36,-29.5
"53",-36,-28.5
"53",-36,-27.5
"53",-37,-26.5
"53",-37,-25.5
"53",-37,-24.5
"53",-37,-23.5
"53",-37,-22.5
"53",-37,-21.5
"53",-37,-20.5
"53",-37,-19.5
"53",-37,-18.5
"53",-37,-17.5
"53",-37,-16.5
"53",-37,-15.5
"53",-37,-14.5
"53",-36,-13.5
"53",-35,-12.5
"53",-34,-11.5
"53",-33,-11.5
"53",-32,-10.5
"53",-31,-9.5
"53",-31,-8.5
"53",-31,-7.5
"53",-31,-6.5
"53",-31,-5.5
"53",-31,-4.5
"53",-31,-3.5
"53",-31,-2.5
"53",-31,-1.5
"53",-30,-0.5
"53",-29,-0.5
"53",-29,0.5
"53",-29,1.5
"53",-29,2.5
"53",-29,3.5
"53",-29,4.5
"53",-29,5.5
"53",-29,6.5
"53",-29,7.5
"53",-29,8.5
"53",-29,9.5
"53",-29,10.5
"53",-29,11.5
"53",-29,12.5
"53",-29,13.5
"53",-29,14.5
"53",-29,15.5
"53",-29,16.5
"53",-29,17.5
"53",-29,18.5
"53",-29,19.5
"53",-29,20.5
"53",-29,21.5
"53",-29,22.5
"53",-30,23.5
"53",-31,24.5
"53",-31,25.5
"53",-31,26.5
"53",-31,27.5
"53",-31,28.5
"53",-31,29.5
"53",-31,30.5
"53",-31,31.5
"53",-31,32.5
"53",-31,33.5
"53",-31,34.5
"53",-31,35.5
"53",-31,36.5
"53",-32,36.5
"53",-33,37.5
"53",-33,38.5
"53",-33,39.5
"53",-33,40.5
"53",-33,41.5
"53",-33,42.5
"53",-34,43.5
"53",-34,44.5
"53",-33,45.5
"53",-32,46.5
"53",-31,46.5
"53",-30,46.5
"53",-29,46.5
"53",-28,46.5
"53",-27,46.5
"53",-26,47.5
"53",-26,48.5
"53",-27,49.5
"53",-27,50.5
"53",-27,51.5
"53",-27,52.5
"53",-27,53.5
"53",-27,54.5
"53",-27,55.5
"53",-27,56.5
"53",-27,57.5
"53",-27,58.5
"53",-27,59.5
"53",-27,60.5
"53",-26,61.5
"53",-25,62.5
"53",-24,62.5
"53",-23,62.5
"53",-22,62.5
"53",-21,63.5
"53",-20,64.5
"54",-25,-73.5
"54",-25,-72.5
"54",-26,-72.5
"54",-27,-72.5
"54",-28,-72.5
"54",-29,-71.5
"54",-30,-71.5
"54",-31,-70.5
"54",-32,-69.5
"54",-33,-68.5
"54",-34,-67.5
"54",-33,-66.5
"54",-34,-65.5
"54",-33,-64.5
"54",-32,-63.5
"54",-33,-62.5
"54",-33,-61.5
"54",-33,-60.5
"54",-33,-59.5
"54",-33,-58.5
"54",-33,-57.5
"54",-34,-56.5
"54",-34,-55.5
"54",-34,-54.5
"54",-35,-53.5
"54",-35,-52.5
"54",-35,-51.5
"54",-35,-50.5
"54",-35,-49.5
"54",-35,-48.5
"54",-35,-47.5
"54",-35,-46.5
"54",-35,-45.5
"54",-35,-44.5
"54",-35,-43.5
"54",-35,-42.5
"54",-35,-41.5
"54",-35,-40.5
"54",-35,-39.5
"54",-35,-38.5
"54",-36,-37.5
"54",-37,-36.5
"54",-37,-35.5
"54",-37,-34.5
"54",-37,-33.5
"54",-36,-32.5
"54",-36,-31.5
"54",-36,-30.5
"54",-36,-29.5
"54",-36,-28.5
"54",-37,-27.5
"54",-37,-26.5
"54",-37,-25.5
"54",-37,-24.5
"54",-37,-23.5
"54",-37,-22.5
"54",-37,-21.5
"54",-37,-20.5
"54",-37,-19.5
"54",-37,-18.5
"54",-37,-17.5
"54",-37,-16.5
"54",-37,-15.5
"54",-37,-14.5
"54",-37,-13.5
"54",-36,-12.5
"54",-35,-12.5
"54",-34,-11.5
"54",-33,-11.5
"54",-32,-10.5
"54",-31,-9.5
"54",-31,-8.5
"54",-31,-7.5
"54",-31,-6.5
"54",-31,-5.5
"54",-31,-4.5
"54",-31,-3.5
"54",-31,-2.5
"54",-31,-1.5
"54",-30,-0.5
"54",-29,-0.5
"54",-29,0.5
"54",-29,1.5
"54",-29,2.5
"54",-29,3.5
"54",-29,4.5
"54",-29,5.5
"54",-29,6.5
"54",-29,7.5
"54",-29,8.5
"54",-29,9.5
"54",-29,10.5
"54",-29,11.5
"54",-29,12.5
"54",-29,13.5
"54",-29,14.5
"54",-29,15.5
"54",-29,16.5
"54",-29,17.5
"54",-29,18.5
"54",-29,19.5
"54",-29,20.5
"54",-29,21.5
"54",-29,22.5
"54",-30,23.5
"54",-31,24.5
"54",-31,25.5
"54",-31,26.5
"54",-31,27.5
"54",-31,28.5
"54",-31,29.5
"54",-31,30.5
"54",-31,31.5
"54",-31,32.5
"54",-31,33.5
"54",-31,34.5
"54",-31,35.5
"54",-31,36.5
"54",-32,36.5
"54",-33,37.5
"54",-33,38.5
"54",-33,39.5
"54",-33,40.5
"54",-33,41.5
"54",-33,42.5
"54",-34,43.5
"54",-34,44.5
"54",-33,45.5
"54",-32,46.5
"54",-31,46.5
"54",-30,46.5
"54",-29,46.5
"54",-28,46.5
"54",-27,46.5
"54",-26,47.5
"54",-26,48.5
"54",-27,49.5
"54",-27,50.5
"54",-27,51.5
"54",-27,52.5
"54",-27,53.5
"54",-27,54.5
"54",-27,55.5
"54",-27,56.5
"54",-27,57.5
"54",-27,58.5
"54",-27,59.5
"54",-27,60.5
"54",-26,61.5
"54",-25,62.5
"54",-24,62.5
"54",-23,62.5
"54",-22,62.5
"54",-21,63.5
"54",-20,64.5
"55",-25,-73.5
"55",-26,-72.5
"55",-27,-71.5
"55",-27,-70.5
"55",-26,-69.5
"55",-25,-68.5
"55",-24,-67.5
"55",-23,-66.5
"55",-22,-65.5
"55",-21,-64.5
"55",-20,-63.5
"55",-19,-62.5
"55",-18,-61.5
"55",-17,-60.5
"55",-16,-59.5
"55",-15,-58.5
"55",-14,-57.5
"55",-13,-56.5
"55",-12,-55.5
"55",-11,-54.5
"55",-10,-53.5
"55",-9,-52.5
"55",-8,-51.5
"55",-7,-50.5
"55",-6,-49.5
"55",-5,-48.5
"55",-4,-47.5
"55",-3,-46.5
"55",-2,-45.5
"55",-1,-44.5
"55",0,-43.5
"55",1,-42.5
"55",2,-41.5
"55",3,-40.5
"55",4,-39.5
"55",5,-38.5
"55",6,-37.5
"55",7,-36.5
"55",8,-35.5
"55",9,-34.5
"55",10,-33.5
"55",10,-32.5
"55",10,-31.5
"55",10,-30.5
"55",10,-29.5
"55",10,-28.5
"55",10,-27.5
"55",10,-26.5
"55",10,-25.5
"55",9,-24.5
"55",8,-23.5
"55",7,-22.5
"55",6,-21.5
"55",5,-20.5
"55",4,-19.5
"55",3,-18.5
"55",2,-17.5
"55",1,-16.5
"55",0,-15.5
"55",-1,-14.5
"55",-2,-13.5
"55",-3,-12.5
"55",-4,-11.5
"55",-5,-10.5
"55",-6,-9.5
"55",-7,-8.5
"55",-8,-7.5
"55",-9,-6.5
"55",-10,-5.5
"55",-11,-4.5
"55",-12,-3.5
"55",-13,-2.5
"55",-14,-1.5
"55",-15,-0.5
"55",-16,0.5
"55",-17,1.5
"55",-18,2.5
"55",-18,3.5
"55",-18,4.5
"55",-18,5.5
"55",-18,6.5
"55",-18,7.5
"55",-19,8.5
"55",-19,9.5
"55",-19,10.5
"55",-19,11.5
"55",-19,12.5
"55",-19,13.5
"55",-19,14.5
"55",-19,15.5
"55",-19,16.5
"55",-19,17.5
"55",-19,18.5
"55",-19,19.5
"55",-19,20.5
"55",-19,21.5
"55",-19,22.5
"55",-19,23.5
"55",-19,24.5
"55",-19,25.5
"55",-19,26.5
"55",-19,27.5
"55",-19,28.5
"55",-19,29.5
"55",-19,30.5
"55",-19,31.5
"55",-19,32.5
"55",-19,33.5
"55",-19,34.5
"55",-19,35.5
"55",-19,36.5
"55",-19,37.5
"55",-19,38.5
"55",-19,39.5
"55",-20,40.5
"55",-21,41.5
"55",-22,42.5
"55",-23,43.5
"55",-24,44.5
"55",-25,45.5
"55",-26,46.5
"55",-26,47.5
"55",-26,48.5
"55",-26,49.5
"55",-27,50.5
"55",-27,51.5
"55",-27,52.5
"55",-28,53.5
"55",-27,54.5
"55",-26,55.5
"55",-25,56.5
"55",-24,57.5
"55",-23,58.5
"55",-22,59.5
"55",-21,60.5
"55",-21,61.5
"55",-21,62.5
"55",-21,63.5
"55",-20,64.5
"56",-25,-73.5
"56",-24,-72.5
"56",-25,-71.5
"56",-25,-70.5
"56",-25,-69.5
"56",-24,-68.5
"56",-23,-67.5
"56",-22,-66.5
"56",-21,-65.5
"56",-20,-64.5
"56",-19,-63.5
"56",-18,-62.5
"56",-17,-61.5
"56",-16,-60.5
"56",-15,-59.5
"56",-14,-58.5
"56",-13,-57.5
"56",-12,-56.5
"56",-11,-55.5
"56",-10,-54.5
"56",-9,-53.5
"56",-8,-52.5
"56",-7,-51.5
"56",-6,-50.5
"56",-5,-49.5
"56",-4,-48.5
"56",-3,-47.5
"56",-2,-46.5
"56",-1,-45.5
"56",0,-44.5
"56",1,-43.5
"56",2,-42.5
"56",3,-41.5
"56",4,-40.5
"56",5,-39.5
"56",5,-38.5
"56",5,-37.5
"56",5,-36.5
"56",5,-35.5
"56",5,-34.5
"56",5,-33.5
"56",5,-32.5
"56",5,-31.5
"56",5,-30.5
"56",5,-29.5
"56",5,-28.5
"56",5,-27.5
"56",5,-26.5
"56",5,-25.5
"56",5,-24.5
"56",5,-23.5
"56",5,-22.5
"56",5,-21.5
"56",4,-20.5
"56",3,-19.5
"56",3,-18.5
"56",2,-17.5
"56",1,-16.5
"56",0,-15.5
"56",-1,-14.5
"56",-2,-13.5
"56",-3,-12.5
"56",-4,-11.5
"56",-5,-10.5
"56",-6,-9.5
"56",-7,-8.5
"56",-8,-7.5
"56",-9,-6.5
"56",-10,-5.5
"56",-11,-4.5
"56",-12,-3.5
"56",-13,-2.5
"56",-14,-1.5
"56",-15,-0.5
"56",-16,0.5
"56",-17,1.5
"56",-18,2.5
"56",-18,3.5
"56",-18,4.5
"56",-18,5.5
"56",-18,6.5
"56",-18,7.5
"56",-18,8.5
"56",-18,9.5
"56",-18,10.5
"56",-18,11.5
"56",-18,12.5
"56",-18,13.5
"56",-18,14.5
"56",-18,15.5
"56",-18,16.5
"56",-18,17.5
"56",-18,18.5
"56",-18,19.5
"56",-18,20.5
"56",-18,21.5
"56",-18,22.5
"56",-18,23.5
"56",-18,24.5
"56",-18,25.5
"56",-18,26.5
"56",-18,27.5
"56",-18,28.5
"56",-18,29.5
"56",-18,30.5
"56",-18,31.5
"56",-18,32.5
"56",-18,33.5
"56",-18,34.5
"56",-18,35.5
"56",-18,36.5
"56",-18,37.5
"56",-18,38.5
"56",-18,39.5
"56",-18,40.5
"56",-18,41.5
"56",-19,42.5
"56",-20,43.5
"56",-20,44.5
"56",-20,45.5
"56",-20,46.5
"56",-20,47.5
"56",-20,48.5
"56",-20,49.5
"56",-20,50.5
"56",-20,51.5
"56",-20,52.5
"56",-20,53.5
"56",-20,54.5
"56",-20,55.5
"56",-20,56.5
"56",-19,57.5
"56",-20,58.5
"56",-19,59.5
"56",-20,60.5
"56",-20,61.5
"56",-21,62.5
"56",-21,63.5
"56",-20,64.5
"57",-25,-73.5
"57",-24,-72.5
"57",-23,-72.5
"57",-22,-71.5
"57",-21,-71.5
"57",-20,-71.5
"57",-19,-71.5
"57",-18,-70.5
"57",-19,-69.5
"57",-19,-68.5
"57",-19,-67.5
"57",-19,-66.5
"57",-19,-65.5
"57",-19,-64.5
"57",-19,-63.5
"57",-19,-62.5
"57",-19,-61.5
"57",-18,-60.5
"57",-17,-59.5
"57",-18,-58.5
"57",-17,-57.5
"57",-18,-56.5
"57",-17,-55.5
"57",-18,-54.5
"57",-17,-53.5
"57",-18,-52.5
"57",-17,-51.5
"57",-18,-50.5
"57",-18,-49.5
"57",-18,-48.5
"57",-18,-47.5
"57",-18,-46.5
"57",-18,-45.5
"57",-18,-44.5
"57",-18,-43.5
"57",-18,-42.5
"57",-18,-41.5
"57",-18,-40.5
"57",-18,-39.5
"57",-18,-38.5
"57",-18,-37.5
"57",-17,-36.5
"57",-16,-35.5
"57",-16,-34.5
"57",-16,-33.5
"57",-16,-32.5
"57",-16,-31.5
"57",-16,-30.5
"57",-16,-29.5
"57",-16,-28.5
"57",-16,-27.5
"57",-16,-26.5
"57",-16,-25.5
"57",-16,-24.5
"57",-16,-23.5
"57",-16,-22.5
"57",-16,-21.5
"57",-16,-20.5
"57",-16,-19.5
"57",-16,-18.5
"57",-16,-17.5
"57",-16,-16.5
"57",-16,-15.5
"57",-16,-14.5
"57",-16,-13.5
"57",-16,-12.5
"57",-16,-11.5
"57",-16,-10.5
"57",-16,-9.5
"57",-16,-8.5
"57",-16,-7.5
"57",-16,-6.5
"57",-16,-5.5
"57",-16,-4.5
"57",-16,-3.5
"57",-16,-2.5
"57",-16,-1.5
"57",-16,-0.5
"57",-16,0.5
"57",-16,1.5
"57",-16,2.5
"57",-16,3.5
"57",-16,4.5
"57",-16,5.5
"57",-16,6.5
"57",-16,7.5
"57",-16,8.5
"57",-16,9.5
"57",-17,10.5
"57",-18,11.5
"57",-18,12.5
"57",-18,13.5
"57",-18,14.5
"57",-18,15.5
"57",-18,16.5
"57",-18,17.5
"57",-18,18.5
"57",-18,19.5
"57",-18,20.5
"57",-18,21.5
"57",-18,22.5
"57",-18,23.5
"57",-18,24.5
"57",-18,25.5
"57",-18,26.5
"57",-18,27.5
"57",-18,28.5
"57",-18,29.5
"57",-18,30.5
"57",-18,31.5
"57",-18,32.5
"57",-18,33.5
"57",-18,34.5
"57",-18,35.5
"57",-18,36.5
"57",-18,37.5
"57",-18,38.5
"57",-18,39.5
"57",-18,40.5
"57",-18,41.5
"57",-19,42.5
"57",-20,43.5
"57",-20,44.5
"57",-20,45.5
"57",-20,46.5
"57",-20,47.5
"57",-20,48.5
"57",-20,49.5
"57",-20,50.5
"57",-20,51.5
"57",-20,52.5
"57",-20,53.5
"57",-20,54.5
"57",-20,55.5
"57",-20,56.5
"57",-20,57.5
"57",-20,58.5
"57",-20,59.5
"57",-20,60.5
"57",-20,61.5
"57",-21,61.5
"57",-22,62.5
"57",-21,63.5
"57",-20,64.5
"58",-25,-73.5
"58",-24,-72.5
"58",-23,-72.5
"58",-22,-71.5
"58",-21,-71.5
"58",-20,-71.5
"58",-19,-71.5
"58",-18,-70.5
"58",-19,-69.5
"58",-19,-68.5
"58",-19,-67.5
"58",-19,-66.5
"58",-19,-65.5
"58",-19,-64.5
"58",-19,-63.5
"58",-19,-62.5
"58",-19,-61.5
"58",-18,-60.5
"58",-17,-59.5
"58",-18,-58.5
"58",-17,-57.5
"58",-18,-56.5
"58",-18,-55.5
"58",-18,-54.5
"58",-17,-53.5
"58",-18,-52.5
"58",-17,-51.5
"58",-18,-50.5
"58",-18,-49.5
"58",-18,-48.5
"58",-18,-47.5
"58",-18,-46.5
"58",-18,-45.5
"58",-18,-44.5
"58",-18,-43.5
"58",-18,-42.5
"58",-18,-41.5
"58",-18,-40.5
"58",-18,-39.5
"58",-18,-38.5
"58",-18,-37.5
"58",-17,-36.5
"58",-16,-35.5
"58",-16,-34.5
"58",-16,-33.5
"58",-16,-32.5
"58",-16,-31.5
"58",-16,-30.5
"58",-16,-29.5
"58",-16,-28.5
"58",-16,-27.5
"58",-16,-26.5
"58",-16,-25.5
"58",-16,-24.5
"58",-16,-23.5
"58",-16,-22.5
"58",-16,-21.5
"58",-16,-20.5
"58",-16,-19.5
"58",-16,-18.5
"58",-16,-17.5
"58",-16,-16.5
"58",-16,-15.5
"58",-16,-14.5
"58",-16,-13.5
"58",-16,-12.5
"58",-16,-11.5
"58",-16,-10.5
"58",-16,-9.5
"58",-16,-8.5
"58",-16,-7.5
"58",-16,-6.5
"58",-16,-5.5
"58",-16,-4.5
"58",-16,-3.5
"58",-16,-2.5
"58",-16,-1.5
"58",-16,-0.5
"58",-16,0.5
"58",-16,1.5
"58",-16,2.5
"58",-16,3.5
"58",-16,4.5
"58",-16,5.5
"58",-16,6.5
"58",-16,7.5
"58",-16,8.5
"58",-16,9.5
"58",-16,10.5
"58",-17,10.5
"58",-18,11.5
"58",-18,12.5
"58",-18,13.5
"58",-18,14.5
"58",-18,15.5
"58",-18,16.5
"58",-18,17.5
"58",-18,18.5
"58",-18,19.5
"58",-18,20.5
"58",-18,21.5
"58",-18,22.5
"58",-18,23.5
"58",-18,24.5
"58",-18,25.5
"58",-18,26.5
"58",-18,27.5
"58",-18,28.5
"58",-18,29.5
"58",-18,30.5
"58",-18,31.5
"58",-18,32.5
"58",-18,33.5
"58",-18,34.5
"58",-18,35.5
"58",-18,36.5
"58",-18,37.5
"58",-18,38.5
"58",-18,39.5
"58",-18,40.5
"58",-18,41.5
"58",-19,41.5
"58",-20,42.5
"58",-20,43.5
"58",-20,44.5
"58",-20,45.5
"58",-20,46.5
"58",-20,47.5
"58",-20,48.5
"58",-20,49.5
"58",-20,50.5
"58",-20,51.5
"58",-20,52.5
"58",-20,53.5
"58",-20,54.5
"58",-20,55.5
"58",-20,56.5
"58",-20,57.5
"58",-20,58.5
"58",-20,59.5
"58",-20,60.5
"58",-20,61.5
"58",-21,61.5
"58",-22,62.5
"58",-21,63.5
"58",-20,64.5
"59",-25,-73.5
"59",-25,-72.5
"59",-26,-72.5
"59",-27,-72.5
"59",-28,-72.5
"59",-29,-71.5
"59",-30,-71.5
"59",-31,-70.5
"59",-32,-69.5
"59",-33,-68.5
"59",-34,-67.5
"59",-33,-66.5
"59",-34,-65.5
"59",-33,-64.5
"59",-32,-63.5
"59",-33,-62.5
"59",-33,-61.5
"59",-33,-60.5
"59",-33,-59.5
"59",-33,-58.5
"59",-33,-57.5
"59",-34,-56.5
"59",-34,-55.5
"59",-34,-54.5
"59",-35,-53.5
"59",-35,-52.5
"59",-35,-51.5
"59",-35,-50.5
"59",-35,-49.5
"59",-35,-48.5
"59",-35,-47.5
"59",-35,-46.5
"59",-35,-45.5
"59",-35,-44.5
"59",-35,-43.5
"59",-35,-42.5
"59",-35,-41.5
"59",-35,-40.5
"59",-35,-39.5
"59",-35,-38.5
"59",-36,-37.5
"59",-37,-36.5
"59",-37,-35.5
"59",-37,-34.5
"59",-37,-33.5
"59",-36,-32.5
"59",-36,-31.5
"59",-36,-30.5
"59",-36,-29.5
"59",-36,-28.5
"59",-37,-27.5
"59",-37,-26.5
"59",-37,-25.5
"59",-37,-24.5
"59",-37,-23.5
"59",-37,-22.5
"59",-37,-21.5
"59",-37,-20.5
"59",-37,-19.5
"59",-37,-18.5
"59",-37,-17.5
"59",-37,-16.5
"59",-37,-15.5
"59",-37,-14.5
"59",-36,-13.5
"59",-35,-12.5
"59",-34,-11.5
"59",-33,-11.5
"59",-32,-10.5
"59",-31,-9.5
"59",-31,-8.5
"59",-31,-7.5
"59",-31,-6.5
"59",-31,-5.5
"59",-31,-4.5
"59",-31,-3.5
"59",-31,-2.5
"59",-31,-1.5
"59",-30,-0.5
"59",-29,-0.5
"59",-29,0.5
"59",-29,1.5
"59",-29,2.5
"59",-29,3.5
"59",-29,4.5
"59",-29,5.5
"59",-29,6.5
"59",-29,7.5
"59",-29,8.5
"59",-29,9.5
"59",-29,10.5
"59",-29,11.5
"59",-29,12.5
"59",-29,13.5
"59",-29,14.5
"59",-29,15.5
"59",-29,16.5
"59",-29,17.5
"59",-29,18.5
"59",-29,19.5
"59",-29,20.5
"59",-29,21.5
"59",-29,22.5
"59",-30,23.5
"59",-31,24.5
"59",-31,25.5
"59",-31,26.5
"59",-31,27.5
"59",-31,28.5
"59",-31,29.5
"59",-31,30.5
"59",-31,31.5
"59",-31,32.5
"59",-31,33.5
"59",-31,34.5
"59",-31,35.5
"59",-31,36.5
"59",-32,36.5
"59",-33,37.5
"59",-33,38.5
"59",-33,39.5
"59",-33,40.5
"59",-33,41.5
"59",-33,42.5
"59",-34,43.5
"59",-34,44.5
"59",-33,45.5
"59",-32,46.5
"59",-31,46.5
"59",-30,46.5
"59",-29,46.5
"59",-28,46.5
"59",-27,46.5
"59",-26,47.5
"59",-26,48.5
"59",-27,49.5
"59",-27,50.5
"59",-27,51.5
"59",-27,52.5
"59",-27,53.5
"59",-27,54.5
"59",-27,55.5
"59",-27,56.5
"59",-27,57.5
"59",-27,58.5
"59",-27,59.5
"59",-27,60.5
"59",-26,61.5
"59",-25,62.5
"59",-24,62.5
"59",-23,62.5
"59",-22,62.5
"59",-21,63.5
"59",-20,64.5
"60",-25,-73.5
"60",-26,-72.5
"60",-27,-71.5
"60",-27,-70.5
"60",-26,-69.5
"60",-25,-68.5
"60",-24,-67.5
"60",-23,-66.5
"60",-22,-65.5
"60",-21,-64.5
"60",-20,-63.5
"60",-19,-62.5
"60",-18,-61.5
"60",-17,-60.5
"60",-16,-59.5
"60",-15,-58.5
"60",-14,-57.5
"60",-13,-56.5
"60",-12,-55.5
"60",-11,-54.5
"60",-10,-53.5
"60",-9,-52.5
"60",-8,-51.5
"60",-7,-50.5
"60",-6,-49.5
"60",-5,-48.5
"60",-4,-47.5
"60",-3,-46.5
"60",-2,-45.5
"60",-1,-44.5
"60",0,-43.5
"60",1,-42.5
"60",2,-41.5
"60",3,-40.5
"60",4,-39.5
"60",5,-38.5
"60",5,-37.5
"60",6,-36.5
"60",7,-35.5
"60",8,-34.5
"60",9,-33.5
"60",9,-32.5
"60",9,-31.5
"60",9,-30.5
"60",9,-29.5
"60",9,-28.5
"60",9,-27.5
"60",9,-26.5
"60",9,-25.5
"60",9,-24.5
"60",8,-23.5
"60",7,-22.5
"60",6,-21.5
"60",5,-20.5
"60",4,-19.5
"60",3,-18.5
"60",2,-17.5
"60",1,-16.5
"60",0,-15.5
"60",-1,-14.5
"60",-2,-13.5
"60",-3,-12.5
"60",-4,-11.5
"60",-5,-10.5
"60",-6,-9.5
"60",-7,-8.5
"60",-8,-7.5
"60",-9,-6.5
"60",-10,-5.5
"60",-11,-4.5
"60",-12,-3.5
"60",-13,-2.5
"60",-14,-1.5
"60",-15,-0.5
"60",-16,0.5
"60",-17,1.5
"60",-18,2.5
"60",-18,3.5
"60",-18,4.5
"60",-18,5.5
"60",-18,6.5
"60",-18,7.5
"60",-18,8.5
"60",-18,9.5
"60",-18,10.5
"60",-18,11.5
"60",-18,12.5
"60",-18,13.5
"60",-18,14.5
"60",-18,15.5
"60",-18,16.5
"60",-18,17.5
"60",-18,18.5
"60",-18,19.5
"60",-18,20.5
"60",-18,21.5
"60",-18,22.5
"60",-18,23.5
"60",-18,24.5
"60",-18,25.5
"60",-18,26.5
"60",-18,27.5
"60",-18,28.5
"60",-18,29.5
"60",-18,30.5
"60",-18,31.5
"60",-18,32.5
"60",-18,33.5
"60",-18,34.5
"60",-18,35.5
"60",-18,36.5
"60",-18,37.5
"60",-18,38.5
"60",-18,39.5
"60",-19,40.5
"60",-20,41.5
"60",-21,42.5
"60",-22,43.5
"60",-23,44.5
"60",-24,45.5
"60",-24,46.5
"60",-24,47.5
"60",-24,48.5
"60",-24,49.5
"60",-24,50.5
"60",-24,51.5
"60",-25,52.5
"60",-26,53.5
"60",-27,54.5
"60",-26,55.5
"60",-25,56.5
"60",-24,57.5
"60",-23,58.5
"60",-22,59.5
"60",-21,60.5
"60",-21,61.5
"60",-21,62.5
"60",-21,63.5
"60",-20,64.5
"61",-25,-73.5
"61",-24,-72.5
"61",-25,-71.5
"61",-25,-70.5
"61",-25,-69.5
"61",-24,-68.5
"61",-23,-67.5
"61",-22,-66.5
"61",-21,-65.5
"61",-20,-64.5
"61",-19,-63.5
"61",-19,-62.5
"61",-19,-61.5
"61",-18,-60.5
"61",-17,-59.5
"61",-18,-58.5
"61",-17,-57.5
"61",-18,-56.5
"61",-17,-55.5
"61",-18,-54.5
"61",-17,-53.5
"61",-18,-52.5
"61",-17,-51.5
"61",-18,-50.5
"61",-18,-49.5
"61",-18,-48.5
"61",-18,-47.5
"61",-18,-46.5
"61",-18,-45.5
"61",-18,-44.5
"61",-18,-43.5
"61",-18,-42.5
"61",-18,-41.5
"61",-18,-40.5
"61",-18,-39.5
"61",-18,-38.5
"61",-18,-37.5
"61",-17,-36.5
"61",-16,-35.5
"61",-16,-34.5
"61",-16,-33.5
"61",-16,-32.5
"61",-16,-31.5
"61",-16,-30.5
"61",-16,-29.5
"61",-16,-28.5
"61",-16,-27.5
"61",-16,-26.5
"61",-16,-25.5
"61",-16,-24.5
"61",-16,-23.5
"61",-16,-22.5
"61",-16,-21.5
"61",-16,-20.5
"61",-16,-19.5
"61",-16,-18.5
"61",-16,-17.5
"61",-16,-16.5
"61",-16,-15.5
"61",-16,-14.5
"61",-16,-13.5
"61",-16,-12.5
"61",-16,-11.5
"61",-16,-10.5
"61",-16,-9.5
"61",-16,-8.5
"61",-16,-7.5
"61",-16,-6.5
"61",-16,-5.5
"61",-16,-4.5
"61",-16,-3.5
"61",-17,-2.5
"61",-18,-1.5
"61",-18,-0.5
"61",-18,0.5
"61",-18,1.5
"61",-18,2.5
"61",-18,3.5
"61",-18,4.5
"61",-18,5.5
"61",-18,6.5
"61",-18,7.5
"61",-18,8.5
"61",-18,9.5
"61",-18,10.5
"61",-18,11.5
"61",-18,12.5
"61",-18,13.5
"61",-18,14.5
"61",-18,15.5
"61",-18,16.5
"61",-18,17.5
"61",-18,18.5
"61",-18,19.5
"61",-18,20.5
"61",-18,21.5
"61",-18,22.5
"61",-18,23.5
"61",-18,24.5
"61",-18,25.5
"61",-18,26.5
"61",-18,27.5
"61",-18,28.5
"61",-18,29.5
"61",-18,30.5
"61",-18,31.5
"61",-18,32.5
"61",-18,33.5
"61",-18,34.5
"61",-18,35.5
"61",-18,36.5
"61",-18,37.5
"61",-18,38.5
"61",-18,39.5
"61",-18,40.5
"61",-18,41.5
"61",-19,42.5
"61",-20,43.5
"61",-20,44.5
"61",-20,45.5
"61",-20,46.5
"61",-20,47.5
"61",-20,48.5
"61",-20,49.5
"61",-20,50.5
"61",-20,51.5
"61",-20,52.5
"61",-20,53.5
"61",-20,54.5
"61",-20,55.5
"61",-20,56.5
"61",-20,57.5
"61",-20,58.5
"61",-20,59.5
"61",-20,60.5
"61",-20,61.5
"61",-21,62.5
"61",-21,63.5
"61",-20,64.5
"62",-25,-73.5
"62",-25,-72.5
"62",-26,-72.5
"62",-27,-72.5
"62",-28,-72.5
"62",-29,-71.5
"62",-30,-71.5
"62",-31,-70.5
"62",-32,-69.5
"62",-33,-68.5
"62",-34,-67.5
"62",-33,-66.5
"62",-34,-65.5
"62",-33,-64.5
"62",-32,-63.5
"62",-33,-62.5
"62",-32,-61.5
"62",-33,-60.5
"62",-33,-59.5
"62",-33,-58.5
"62",-33,-57.5
"62",-34,-56.5
"62",-34,-55.5
"62",-34,-54.5
"62",-35,-53.5
"62",-35,-52.5
"62",-35,-51.5
"62",-35,-50.5
"62",-35,-49.5
"62",-35,-48.5
"62",-35,-47.5
"62",-35,-46.5
"62",-35,-45.5
"62",-35,-44.5
"62",-35,-43.5
"62",-35,-42.5
"62",-35,-41.5
"62",-35,-40.5
"62",-35,-39.5
"62",-35,-38.5
"62",-36,-37.5
"62",-37,-36.5
"62",-37,-35.5
"62",-37,-34.5
"62",-37,-33.5
"62",-36,-32.5
"62",-36,-31.5
"62",-36,-30.5
"62",-36,-29.5
"62",-37,-28.5
"62",-37,-27.5
"62",-37,-26.5
"62",-37,-25.5
"62",-37,-24.5
"62",-37,-23.5
"62",-37,-22.5
"62",-37,-21.5
"62",-37,-20.5
"62",-37,-19.5
"62",-37,-18.5
"62",-37,-17.5
"62",-37,-16.5
"62",-37,-15.5
"62",-37,-14.5
"62",-36,-13.5
"62",-35,-12.5
"62",-34,-11.5
"62",-33,-11.5
"62",-32,-10.5
"62",-31,-9.5
"62",-31,-8.5
"62",-31,-7.5
"62",-31,-6.5
"62",-31,-5.5
"62",-31,-4.5
"62",-31,-3.5
"62",-31,-2.5
"62",-31,-1.5
"62",-31,-0.5
"62",-31,0.5
"62",-31,1.5
"62",-31,2.5
"62",-31,3.5
"62",-31,4.5
"62",-31,5.5
"62",-31,6.5
"62",-31,7.5
"62",-31,8.5
"62",-31,9.5
"62",-31,10.5
"62",-30,11.5
"62",-29,12.5
"62",-29,13.5
"62",-29,14.5
"62",-29,15.5
"62",-29,16.5
"62",-29,17.5
"62",-29,18.5
"62",-29,19.5
"62",-29,20.5
"62",-29,21.5
"62",-29,22.5
"62",-30,23.5
"62",-31,24.5
"62",-31,25.5
"62",-31,26.5
"62",-31,27.5
"62",-31,28.5
"62",-31,29.5
"62",-31,30.5
"62",-32,31.5
"62",-32,32.5
"62",-33,33.5
"62",-33,34.5
"62",-33,35.5
"62",-33,36.5
"62",-33,37.5
"62",-33,38.5
"62",-33,39.5
"62",-33,40.5
"62",-33,41.5
"62",-33,42.5
"62",-34,43.5
"62",-34,44.5
"62",-33,45.5
"62",-32,46.5
"62",-31,47.5
"62",-30,47.5
"62",-29,47.5
"62",-28,48.5
"62",-27,49.5
"62",-27,50.5
"62",-27,51.5
"62",-27,52.5
"62",-27,53.5
"62",-27,54.5
"62",-27,55.5
"62",-27,56.5
"62",-27,57.5
"62",-27,58.5
"62",-27,59.5
"62",-26,60.5
"62",-25,61.5
"62",-24,62.5
"62",-23,62.5
"62",-22,62.5
"62",-21,63.5
"62",-20,64.5
"63",-25,-73.5
"63",-26,-72.5
"63",-27,-71.5
"63",-26,-70.5
"63",-25,-69.5
"63",-24,-68.5
"63",-23,-67.5
"63",-22,-66.5
"63",-21,-65.5
"63",-20,-64.5
"63",-19,-63.5
"63",-18,-62.5
"63",-17,-61.5
"63",-16,-60.5
"63",-15,-59.5
"63",-14,-58.5
"63",-13,-57.5
"63",-12,-56.5
"63",-11,-55.5
"63",-10,-54.5
"63",-9,-53.5
"63",-8,-52.5
"63",-7,-51.5
"63",-6,-50.5
"63",-5,-49.5
"63",-4,-48.5
"63",-3,-47.5
"63",-2,-46.5
"63",-1,-45.5
"63",0,-44.5
"63",1,-43.5
"63",2,-42.5
"63",3,-41.5
"63",4,-40.5
"63",5,-39.5
"63",6,-38.5
"63",6,-37.5
"63",6,-36.5
"63",6,-35.5
"63",6,-34.5
"63",6,-33.5
"63",6,-32.5
"63",6,-31.5
"63",6,-30.5
"63",6,-29.5
"63",6,-28.5
"63",6,-27.5
"63",6,-26.5
"63",6,-25.5
"63",6,-24.5
"63",6,-23.5
"63",6,-22.5
"63",5,-21.5
"63",4,-20.5
"63",3,-19.5
"63",2,-18.5
"63",2,-17.5
"63",1,-16.5
"63",0,-15.5
"63",-1,-14.5
"63",-2,-13.5
"63",-3,-12.5
"63",-4,-11.5
"63",-5,-10.5
"63",-6,-9.5
"63",-7,-8.5
"63",-8,-7.5
"63",-9,-6.5
"63",-10,-5.5
"63",-11,-4.5
"63",-12,-3.5
"63",-13,-2.5
"63",-14,-1.5
"63",-15,-0.5
"63",-16,0.5
"63",-17,1.5
"63",-18,2.5
"63",-18,3.5
"63",-18,4.5
"63",-18,5.5
"63",-18,6.5
"63",-18,7.5
"63",-18,8.5
"63",-18,9.5
"63",-18,10.5
"63",-18,11.5
"63",-18,12.5
"63",-18,13.5
"63",-18,14.5
"63",-18,15.5
"63",-18,16.5
"63",-18,17.5
"63",-18,18.5
"63",-18,19.5
"63",-18,20.5
"63",-18,21.5
"63",-18,22.5
"63",-18,23.5
"63",-18,24.5
"63",-18,25.5
"63",-18,26.5
"63",-18,27.5
"63",-18,28.5
"63",-18,29.5
"63",-18,30.5
"63",-18,31.5
"63",-18,32.5
"63",-18,33.5
"63",-18,34.5
"63",-18,35.5
"63",-18,36.5
"63",-18,37.5
"63",-18,38.5
"63",-18,39.5
"63",-18,40.5
"63",-18,41.5
"63",-19,42.5
"63",-20,43.5
"63",-21,44.5
"63",-21,45.5
"63",-21,46.5
"63",-21,47.5
"63",-21,48.5
"63",-21,49.5
"63",-21,50.5
"63",-21,51.5
"63",-21,52.5
"63",-21,53.5
"63",-21,54.5
"63",-21,55.5
"63",-21,56.5
"63",-21,57.5
"63",-20,58.5
"63",-19,59.5
"63",-20,60.5
"63",-20,61.5
"63",-21,62.5
"63",-21,63.5
"63",-20,64.5
"64",-25,-73.5
"64",-24,-72.5
"64",-25,-71.5
"64",-25,-70.5
"64",-24,-69.5
"64",-23,-68.5
"64",-22,-67.5
"64",-21,-66.5
"64",-20,-65.5
"64",-19,-64.5
"64",-19,-63.5
"64",-19,-62.5
"64",-19,-61.5
"64",-18,-60.5
"64",-17,-59.5
"64",-18,-58.5
"64",-17,-57.5
"64",-18,-56.5
"64",-18,-55.5
"64",-18,-54.5
"64",-17,-53.5
"64",-18,-52.5
"64",-17,-51.5
"64",-18,-50.5
"64",-18,-49.5
"64",-18,-48.5
"64",-18,-47.5
"64",-18,-46.5
"64",-18,-45.5
"64",-18,-44.5
"64",-18,-43.5
"64",-18,-42.5
"64",-18,-41.5
"64",-18,-40.5
"64",-18,-39.5
"64",-18,-38.5
"64",-18,-37.5
"64",-17,-36.5
"64",-16,-35.5
"64",-16,-34.5
"64",-16,-33.5
"64",-16,-32.5
"64",-16,-31.5
"64",-16,-30.5
"64",-16,-29.5
"64",-16,-28.5
"64",-16,-27.5
"64",-16,-26.5
"64",-16,-25.5
"64",-16,-24.5
"64",-16,-23.5
"64",-16,-22.5
"64",-16,-21.5
"64",-16,-20.5
"64",-16,-19.5
"64",-16,-18.5
"64",-16,-17.5
"64",-16,-16.5
"64",-16,-15.5
"64",-16,-14.5
"64",-16,-13.5
"64",-16,-12.5
"64",-16,-11.5
"64",-16,-10.5
"64",-16,-9.5
"64",-16,-8.5
"64",-16,-7.5
"64",-16,-6.5
"64",-16,-5.5
"64",-16,-4.5
"64",-16,-3.5
"64",-16,-2.5
"64",-16,-1.5
"64",-16,-0.5
"64",-16,0.5
"64",-16,1.5
"64",-16,2.5
"64",-16,3.5
"64",-16,4.5
"64",-16,5.5
"64",-16,6.5
"64",-16,7.5
"64",-16,8.5
"64",-16,9.5
"64",-16,10.5
"64",-17,11.5
"64",-18,12.5
"64",-18,13.5
"64",-18,14.5
"64",-18,15.5
"64",-18,16.5
"64",-18,17.5
"64",-18,18.5
"64",-18,19.5
"64",-18,20.5
"64",-18,21.5
"64",-18,22.5
"64",-18,23.5
"64",-18,24.5
"64",-18,25.5
"64",-18,26.5
"64",-18,27.5
"64",-18,28.5
"64",-18,29.5
"64",-18,30.5
"64",-18,31.5
"64",-18,32.5
"64",-18,33.5
"64",-18,34.5
"64",-18,35.5
"64",-18,36.5
"64",-18,37.5
"64",-18,38.5
"64",-18,39.5
"64",-18,40.5
"64",-18,41.5
"64",-19,42.5
"64",-20,43.5
"64",-20,44.5
"64",-20,45.5
"64",-20,46.5
"64",-20,47.5
"64",-20,48.5
"64",-20,49.5
"64",-20,50.5
"64",-20,51.5
"64",-20,52.5
"64",-20,53.5
"64",-20,54.5
"64",-20,55.5
"64",-20,56.5
"64",-20,57.5
"64",-20,58.5
"64",-20,59.5
"64",-20,60.5
"64",-20,61.5
"64",-21,62.5
"64",-21,63.5
"64",-20,64.5
"65",-25,-73.5
"65",-26,-73.5
"65",-27,-72.5
"65",-28,-72.5
"65",-29,-71.5
"65",-30,-71.5
"65",-31,-70.5
"65",-32,-69.5
"65",-33,-68.5
"65",-34,-67.5
"65",-33,-66.5
"65",-34,-65.5
"65",-33,-64.5
"65",-32,-63.5
"65",-33,-62.5
"65",-32,-61.5
"65",-33,-60.5
"65",-33,-59.5
"65",-33,-58.5
"65",-33,-57.5
"65",-34,-56.5
"65",-34,-55.5
"65",-34,-54.5
"65",-35,-53.5
"65",-35,-52.5
"65",-35,-51.5
"65",-35,-50.5
"65",-35,-49.5
"65",-35,-48.5
"65",-35,-47.5
"65",-35,-46.5
"65",-35,-45.5
"65",-35,-44.5
"65",-35,-43.5
"65",-35,-42.5
"65",-35,-41.5
"65",-35,-40.5
"65",-35,-39.5
"65",-35,-38.5
"65",-35,-37.5
"65",-35,-36.5
"65",-35,-35.5
"65",-35,-34.5
"65",-35,-33.5
"65",-34,-32.5
"65",-33,-31.5
"65",-32,-30.5
"65",-31,-29.5
"65",-30,-28.5
"65",-29,-27.5
"65",-29,-26.5
"65",-29,-25.5
"65",-29,-24.5
"65",-29,-23.5
"65",-29,-22.5
"65",-29,-21.5
"65",-29,-20.5
"65",-29,-19.5
"65",-29,-18.5
"65",-29,-17.5
"65",-29,-16.5
"65",-29,-15.5
"65",-29,-14.5
"65",-29,-13.5
"65",-29,-12.5
"65",-29,-11.5
"65",-29,-10.5
"65",-29,-9.5
"65",-29,-8.5
"65",-29,-7.5
"65",-29,-6.5
"65",-29,-5.5
"65",-29,-4.5
"65",-29,-3.5
"65",-29,-2.5
"65",-29,-1.5
"65",-29,-0.5
"65",-29,0.5
"65",-29,1.5
"65",-29,2.5
"65",-29,3.5
"65",-29,4.5
"65",-29,5.5
"65",-29,6.5
"65",-29,7.5
"65",-29,8.5
"65",-29,9.5
"65",-29,10.5
"65",-29,11.5
"65",-29,12.5
"65",-29,13.5
"65",-29,14.5
"65",-29,15.5
"65",-29,16.5
"65",-29,17.5
"65",-29,18.5
"65",-29,19.5
"65",-29,20.5
"65",-29,21.5
"65",-29,22.5
"65",-30,23.5
"65",-31,24.5
"65",-31,25.5
"65",-31,26.5
"65",-31,27.5
"65",-31,28.5
"65",-31,29.5
"65",-31,30.5
"65",-32,31.5
"65",-32,32.5
"65",-33,33.5
"65",-33,34.5
"65",-33,35.5
"65",-33,36.5
"65",-33,37.5
"65",-33,38.5
"65",-33,39.5
"65",-33,40.5
"65",-33,41.5
"65",-33,42.5
"65",-34,43.5
"65",-34,44.5
"65",-33,45.5
"65",-32,46.5
"65",-31,47.5
"65",-30,48.5
"65",-29,49.5
"65",-28,50.5
"65",-27,51.5
"65",-27,52.5
"65",-27,53.5
"65",-27,54.5
"65",-27,55.5
"65",-27,56.5
"65",-27,57.5
"65",-26,58.5
"65",-25,59.5
"65",-24,60.5
"65",-23,61.5
"65",-22,62.5
"65",-21,63.5
"65",-20,64.5
"66",-25,-73.5
"66",-26,-72.5
"66",-27,-71.5
"66",-28,-70.5
"66",-29,-69.5
"66",-30,-68.5
"66",-31,-67.5
"66",-30,-66.5
"66",-29,-65.5
"66",-28,-64.5
"66",-27,-63.5
"66",-26,-62.5
"66",-25,-61.5
"66",-24,-60.5
"66",-23,-59.5
"66",-22,-58.5
"66",-21,-57.5
"66",-20,-56.5
"66",-19,-55.5
"66",-18,-54.5
"66",-18,-53.5
"66",-18,-52.5
"66",-18,-51.5
"66",-18,-50.5
"66",-18,-49.5
"66",-18,-48.5
"66",-18,-47.5
"66",-18,-46.5
"66",-18,-45.5
"66",-18,-44.5
"66",-18,-43.5
"66",-18,-42.5
"66",-18,-41.5
"66",-18,-40.5
"66",-18,-39.5
"66",-18,-38.5
"66",-18,-37.5
"66",-18,-36.5
"66",-18,-35.5
"66",-18,-34.5
"66",-18,-33.5
"66",-18,-32.5
"66",-18,-31.5
"66",-18,-30.5
"66",-18,-29.5
"66",-18,-28.5
"66",-18,-27.5
"66",-18,-26.5
"66",-18,-25.5
"66",-18,-24.5
"66",-18,-23.5
"66",-18,-22.5
"66",-18,-21.5
"66",-18,-20.5
"66",-18,-19.5
"66",-18,-18.5
"66",-18,-17.5
"66",-18,-16.5
"66",-18,-15.5
"66",-18,-14.5
"66",-18,-13.5
"66",-18,-12.5
"66",-18,-11.5
"66",-18,-10.5
"66",-18,-9.5
"66",-18,-8.5
"66",-18,-7.5
"66",-18,-6.5
"66",-18,-5.5
"66",-18,-4.5
"66",-18,-3.5
"66",-18,-2.5
"66",-18,-1.5
"66",-18,-0.5
"66",-18,0.5
"66",-18,1.5
"66",-18,2.5
"66",-18,3.5
"66",-18,4.5
"66",-18,5.5
"66",-18,6.5
"66",-18,7.5
"66",-18,8.5
"66",-18,9.5
"66",-18,10.5
"66",-18,11.5
"66",-18,12.5
"66",-18,13.5
"66",-18,14.5
"66",-18,15.5
"66",-18,16.5
"66",-18,17.5
"66",-18,18.5
"66",-18,19.5
"66",-18,20.5
"66",-18,21.5
"66",-18,22.5
"66",-18,23.5
"66",-18,24.5
"66",-18,25.5
"66",-18,26.5
"66",-18,27.5
"66",-18,28.5
"66",-18,29.5
"66",-18,30.5
"66",-18,31.5
"66",-18,32.5
"66",-18,33.5
"66",-18,34.5
"66",-18,35.5
"66",-18,36.5
"66",-18,37.5
"66",-18,38.5
"66",-18,39.5
"66",-18,40.5
"66",-18,41.5
"66",-18,42.5
"66",-18,43.5
"66",-18,44.5
"66",-18,45.5
"66",-18,46.5
"66",-18,47.5
"66",-18,48.5
"66",-18,49.5
"66",-18,50.5
"66",-18,51.5
"66",-18,52.5
"66",-18,53.5
"66",-18,54.5
"66",-18,55.5
"66",-18,56.5
"66",-18,57.5
"66",-18,58.5
"66",-18,59.5
"66",-19,60.5
"66",-20,61.5
"66",-21,62.5
"66",-21,63.5
"66",-20,64.5
"67",-25,-73.5
"67",-24,-72.5
"67",-25,-71.5
"67",-24,-70.5
"67",-25,-69.5
"67",-24,-68.5
"67",-25,-67.5
"67",-24,-66.5
"67",-25,-65.5
"67",-24,-64.5
"67",-25,-63.5
"67",-24,-62.5
"67",-25,-61.5
"67",-24,-60.5
"67",-25,-59.5
"67",-25,-58.5
"67",-25,-57.5
"67",-25,-56.5
"67",-26,-55.5
"67",-27,-54.5
"67",-27,-53.5
"67",-27,-52.5
"67",-27,-51.5
"67",-27,-50.5
"67",-27,-49.5
"67",-27,-48.5
"67",-27,-47.5
"67",-27,-46.5
"67",-27,-45.5
"67",-27,-44.5
"67",-27,-43.5
"67",-27,-42.5
"67",-27,-41.5
"67",-27,-40.5
"67",-27,-39.5
"67",-27,-38.5
"67",-27,-37.5
"67",-27,-36.5
"67",-27,-35.5
"67",-27,-34.5
"67",-27,-33.5
"67",-27,-32.5
"67",-27,-31.5
"67",-27,-30.5
"67",-27,-29.5
"67",-28,-28.5
"67",-29,-27.5
"67",-29,-26.5
"67",-29,-25.5
"67",-29,-24.5
"67",-29,-23.5
"67",-29,-22.5
"67",-29,-21.5
"67",-29,-20.5
"67",-29,-19.5
"67",-29,-18.5
"67",-29,-17.5
"67",-29,-16.5
"67",-29,-15.5
"67",-29,-14.5
"67",-29,-13.5
"67",-29,-12.5
"67",-29,-11.5
"67",-29,-10.5
"67",-29,-9.5
"67",-29,-8.5
"67",-29,-7.5
"67",-29,-6.5
"67",-29,-5.5
"67",-29,-4.5
"67",-29,-3.5
"67",-29,-2.5
"67",-29,-1.5
"67",-29,-0.5
"67",-29,0.5
"67",-29,1.5
"67",-29,2.5
"67",-29,3.5
"67",-29,4.5
"67",-29,5.5
"67",-29,6.5
"67",-29,7.5
"67",-29,8.5
"67",-29,9.5
"67",-29,10.5
"67",-29,11.5
"67",-29,12.5
"67",-29,13.5
"67",-29,14.5
"67",-29,15.5
"67",-29,16.5
"67",-29,17.5
"67",-29,18.5
"67",-29,19.5
"67",-29,20.5
"67",-29,21.5
"67",-29,22.5
"67",-30,23.5
"67",-31,24.5
"67",-32,25.5
"67",-32,26.5
"67",-32,27.5
"67",-32,28.5
"67",-32,29.5
"67",-32,30.5
"67",-32,31.5
"67",-32,32.5
"67",-33,33.5
"67",-33,34.5
"67",-33,35.5
"67",-33,36.5
"67",-33,37.5
"67",-33,38.5
"67",-33,39.5
"67",-33,40.5
"67",-33,41.5
"67",-33,42.5
"67",-34,43.5
"67",-34,44.5
"67",-33,45.5
"67",-32,46.5
"67",-31,47.5
"67",-30,48.5
"67",-29,49.5
"67",-28,50.5
"67",-27,51.5
"67",-27,52.5
"67",-27,53.5
"67",-27,54.5
"67",-27,55.5
"67",-27,56.5
"67",-27,57.5
"67",-26,58.5
"67",-25,59.5
"67",-24,60.5
"67",-23,61.5
"67",-22,62.5
"67",-21,63.5
"67",-20,64.5
"68",-25,-73.5
"68",-26,-72.5
"68",-27,-71.5
"68",-28,-70.5
"68",-29,-69.5
"68",-30,-68.5
"68",-31,-67.5
"68",-32,-66.5
"68",-33,-65.5
"68",-34,-64.5
"68",-35,-63.5
"68",-36,-62.5
"68",-37,-61.5
"68",-36,-60.5
"68",-35,-59.5
"68",-34,-58.5
"68",-34,-57.5
"68",-34,-56.5
"68",-34,-55.5
"68",-34,-54.5
"68",-34,-53.5
"68",-34,-52.5
"68",-34,-51.5
"68",-34,-50.5
"68",-34,-49.5
"68",-34,-48.5
"68",-34,-47.5
"68",-34,-46.5
"68",-34,-45.5
"68",-34,-44.5
"68",-34,-43.5
"68",-34,-42.5
"68",-34,-41.5
"68",-34,-40.5
"68",-34,-39.5
"68",-34,-38.5
"68",-34,-37.5
"68",-34,-36.5
"68",-34,-35.5
"68",-34,-34.5
"68",-34,-33.5
"68",-34,-32.5
"68",-34,-31.5
"68",-34,-30.5
"68",-34,-29.5
"68",-34,-28.5
"68",-34,-27.5
"68",-34,-26.5
"68",-34,-25.5
"68",-34,-24.5
"68",-34,-23.5
"68",-34,-22.5
"68",-34,-21.5
"68",-34,-20.5
"68",-34,-19.5
"68",-34,-18.5
"68",-34,-17.5
"68",-34,-16.5
"68",-34,-15.5
"68",-34,-14.5
"68",-34,-13.5
"68",-34,-12.5
"68",-34,-11.5
"68",-34,-10.5
"68",-34,-9.5
"68",-34,-8.5
"68",-34,-7.5
"68",-34,-6.5
"68",-34,-5.5
"68",-34,-4.5
"68",-34,-3.5
"68",-34,-2.5
"68",-34,-1.5
"68",-34,-0.5
"68",-34,0.5
"68",-34,1.5
"68",-34,2.5
"68",-34,3.5
"68",-34,4.5
"68",-34,5.5
"68",-34,6.5
"68",-34,7.5
"68",-34,8.5
"68",-34,9.5
"68",-34,10.5
"68",-34,11.5
"68",-34,12.5
"68",-34,13.5
"68",-34,14.5
"68",-34,15.5
"68",-34,16.5
"68",-34,17.5
"68",-34,18.5
"68",-34,19.5
"68",-34,20.5
"68",-34,21.5
"68",-34,22.5
"68",-34,23.5
"68",-34,24.5
"68",-34,25.5
"68",-34,26.5
"68",-34,27.5
"68",-34,28.5
"68",-34,29.5
"68",-34,30.5
"68",-34,31.5
"68",-34,32.5
"68",-34,33.5
"68",-34,34.5
"68",-34,35.5
"68",-34,36.5
"68",-34,37.5
"68",-34,38.5
"68",-34,39.5
"68",-34,40.5
"68",-34,41.5
"68",-34,42.5
"68",-34,43.5
"68",-34,44.5
"68",-34,45.5
"68",-34,46.5
"68",-34,47.5
"68",-34,48.5
"68",-34,49.5
"68",-34,50.5
"68",-33,51.5
"68",-32,52.5
"68",-31,53.5
"68",-30,54.5
"68",-29,55.5
"68",-28,56.5
"68",-27,57.5
"68",-26,58.5
"68",-25,59.5
"68",-24,60.5
"68",-23,61.5
"68",-22,62.5
"68",-21,63.5
"68",-20,64.5
"69",-25,-73.5
"69",-24,-72.5
"69",-23,-72.5
"69",-22,-71.5
"69",-21,-71.5
"69",-20,-71.5
"69",-19,-71.5
"69",-18,-70.5
"69",-19,-69.5
"69",-19,-68.5
"69",-19,-67.5
"69",-18,-66.5
"69",-17,-65.5
"69",-16,-65.5
"69",-15,-65.5
"69",-14,-65.5
"69",-13,-64.5
"69",-12,-64.5
"69",-11,-64.5
"69",-10,-64.5
"69",-9,-64.5
"69",-8,-63.5
"69",-7,-63.5
"69",-6,-63.5
"69",-5,-62.5
"69",-4,-62.5
"69",-3,-61.5
"69",-2,-60.5
"69",-1,-60.5
"69",0,-59.5
"69",1,-58.5
"69",2,-58.5
"69",3,-57.5
"69",4,-57.5
"69",5,-57.5
"69",6,-56.5
"69",7,-55.5
"69",8,-54.5
"69",9,-53.5
"69",8,-52.5
"69",9,-51.5
"69",8,-50.5
"69",9,-49.5
"69",8,-48.5
"69",9,-47.5
"69",10,-47.5
"69",11,-46.5
"69",11,-45.5
"69",11,-44.5
"69",11,-43.5
"69",11,-42.5
"69",11,-41.5
"69",11,-40.5
"69",11,-39.5
"69",11,-38.5
"69",11,-37.5
"69",11,-36.5
"69",12,-35.5
"69",13,-34.5
"69",13,-33.5
"69",13,-32.5
"69",13,-31.5
"69",13,-30.5
"69",13,-29.5
"69",13,-28.5
"69",12,-27.5
"69",11,-26.5
"69",10,-25.5
"69",9,-24.5
"69",8,-23.5
"69",7,-22.5
"69",6,-21.5
"69",5,-20.5
"69",4,-19.5
"69",3,-18.5
"69",2,-17.5
"69",1,-16.5
"69",1,-15.5
"69",0,-14.5
"69",-1,-13.5
"69",-2,-12.5
"69",-3,-11.5
"69",-4,-10.5
"69",-5,-9.5
"69",-6,-8.5
"69",-7,-7.5
"69",-8,-6.5
"69",-9,-5.5
"69",-10,-4.5
"69",-11,-3.5
"69",-12,-3.5
"69",-13,-2.5
"69",-14,-1.5
"69",-15,-0.5
"69",-16,0.5
"69",-16,1.5
"69",-16,2.5
"69",-16,3.5
"69",-16,4.5
"69",-16,5.5
"69",-16,6.5
"69",-16,7.5
"69",-16,8.5
"69",-16,9.5
"69",-16,10.5
"69",-17,10.5
"69",-18,11.5
"69",-18,12.5
"69",-18,13.5
"69",-18,14.5
"69",-18,15.5
"69",-18,16.5
"69",-18,17.5
"69",-18,18.5
"69",-18,19.5
"69",-18,20.5
"69",-18,21.5
"69",-18,22.5
"69",-18,23.5
"69",-18,24.5
"69",-18,25.5
"69",-18,26.5
"69",-18,27.5
"69",-18,28.5
"69",-18,29.5
"69",-18,30.5
"69",-18,31.5
"69",-18,32.5
"69",-18,33.5
"69",-18,34.5
"69",-18,35.5
"69",-18,36.5
"69",-18,37.5
"69",-18,38.5
"69",-18,39.5
"69",-18,40.5
"69",-18,41.5
"69",-19,41.5
"69",-20,42.5
"69",-20,43.5
"69",-20,44.5
"69",-20,45.5
"69",-20,46.5
"69",-20,47.5
"69",-20,48.5
"69",-20,49.5
"69",-20,50.5
"69",-20,51.5
"69",-20,52.5
"69",-20,53.5
"69",-20,54.5
"69",-20,55.5
"69",-20,56.5
"69",-19,57.5
"69",-20,58.5
"69",-20,59.5
"69",-20,60.5
"69",-20,61.5
"69",-21,61.5
"69",-22,62.5
"69",-21,63.5
"69",-20,64.5
"70",-25,-73.5
"70",-24,-72.5
"70",-23,-72.5
"70",-22,-71.5
"70",-21,-71.5
"70",-20,-71.5
"70",-19,-71.5
"70",-18,-70.5
"70",-19,-69.5
"70",-19,-68.5
"70",-19,-67.5
"70",-19,-66.5
"70",-19,-65.5
"70",-19,-64.5
"70",-19,-63.5
"70",-19,-62.5
"70",-19,-61.5
"70",-18,-60.5
"70",-17,-59.5
"70",-18,-58.5
"70",-17,-57.5
"70",-18,-56.5
"70",-17,-55.5
"70",-16,-55.5
"70",-15,-54.5
"70",-14,-54.5
"70",-13,-53.5
"70",-12,-53.5
"70",-11,-53.5
"70",-10,-52.5
"70",-9,-52.5
"70",-8,-52.5
"70",-7,-52.5
"70",-6,-52.5
"70",-6,-51.5
"70",-6,-50.5
"70",-5,-49.5
"70",-4,-48.5
"70",-3,-48.5
"70",-2,-48.5
"70",-1,-48.5
"70",0,-47.5
"70",1,-46.5
"70",1,-45.5
"70",1,-44.5
"70",2,-43.5
"70",3,-42.5
"70",4,-42.5
"70",5,-41.5
"70",4,-40.5
"70",5,-39.5
"70",5,-38.5
"70",5,-37.5
"70",5,-36.5
"70",5,-35.5
"70",5,-34.5
"70",5,-33.5
"70",5,-32.5
"70",5,-31.5
"70",5,-30.5
"70",5,-29.5
"70",5,-28.5
"70",5,-27.5
"70",5,-26.5
"70",5,-25.5
"70",5,-24.5
"70",5,-23.5
"70",5,-22.5
"70",5,-21.5
"70",4,-20.5
"70",3,-19.5
"70",3,-18.5
"70",2,-17.5
"70",1,-16.5
"70",1,-15.5
"70",1,-14.5
"70",1,-13.5
"70",0,-12.5
"70",-1,-11.5
"70",-2,-10.5
"70",-3,-9.5
"70",-4,-8.5
"70",-5,-7.5
"70",-6,-6.5
"70",-7,-6.5
"70",-8,-5.5
"70",-9,-4.5
"70",-10,-4.5
"70",-11,-3.5
"70",-12,-3.5
"70",-13,-2.5
"70",-14,-1.5
"70",-15,-1.5
"70",-16,-0.5
"70",-16,0.5
"70",-16,1.5
"70",-16,2.5
"70",-16,3.5
"70",-16,4.5
"70",-16,5.5
"70",-16,6.5
"70",-16,7.5
"70",-16,8.5
"70",-16,9.5
"70",-16,10.5
"70",-17,10.5
"70",-18,11.5
"70",-18,12.5
"70",-18,13.5
"70",-18,14.5
"70",-18,15.5
"70",-18,16.5
"70",-18,17.5
"70",-18,18.5
"70",-18,19.5
"70",-18,20.5
"70",-18,21.5
"70",-18,22.5
"70",-18,23.5
"70",-18,24.5
"70",-18,25.5
"70",-18,26.5
"70",-18,27.5
"70",-18,28.5
"70",-18,29.5
"70",-18,30.5
"70",-18,31.5
"70",-18,32.5
"70",-18,33.5
"70",-18,34.5
"70",-18,35.5
"70",-18,36.5
"70",-18,37.5
"70",-18,38.5
"70",-18,39.5
"70",-18,40.5
"70",-18,41.5
"70",-19,41.5
"70",-20,42.5
"70",-20,43.5
"70",-20,44.5
"70",-20,45.5
"70",-20,46.5
"70",-20,47.5
"70",-20,48.5
"70",-20,49.5
"70",-20,50.5
"70",-20,51.5
"70",-20,52.5
"70",-20,53.5
"70",-20,54.5
"70",-20,55.5
"70",-20,56.5
"70",-20,57.5
"70",-20,58.5
"70",-20,59.5
"70",-20,60.5
"70",-20,61.5
"70",-21,61.5
"70",-22,62.5
"70",-21,63.5
"70",-20,64.5
"71",-25,-73.5
"71",-24,-72.5
"71",-23,-72.5
"71",-22,-71.5
"71",-21,-71.5
"71",-20,-71.5
"71",-19,-71.5
"71",-18,-70.5
"71",-19,-69.5
"71",-19,-68.5
"71",-19,-67.5
"71",-19,-66.5
"71",-19,-65.5
"71",-18,-64.5
"71",-17,-63.5
"71",-16,-63.5
"71",-15,-63.5
"71",-14,-63.5
"71",-13,-62.5
"71",-12,-62.5
"71",-11,-62.5
"71",-10,-61.5
"71",-9,-61.5
"71",-8,-60.5
"71",-7,-60.5
"71",-6,-60.5
"71",-5,-59.5
"71",-4,-59.5
"71",-3,-58.5
"71",-2,-58.5
"71",-2,-57.5
"71",-2,-56.5
"71",-2,-55.5
"71",-2,-54.5
"71",-2,-53.5
"71",-2,-52.5
"71",-2,-51.5
"71",-2,-50.5
"71",-1,-49.5
"71",0,-48.5
"71",1,-47.5
"71",1,-46.5
"71",1,-45.5
"71",1,-44.5
"71",2,-43.5
"71",3,-42.5
"71",4,-42.5
"71",5,-41.5
"71",4,-40.5
"71",5,-39.5
"71",5,-38.5
"71",5,-37.5
"71",5,-36.5
"71",5,-35.5
"71",5,-34.5
"71",5,-33.5
"71",5,-32.5
"71",5,-31.5
"71",5,-30.5
"71",5,-29.5
"71",5,-28.5
"71",5,-27.5
"71",5,-26.5
"71",5,-25.5
"71",5,-24.5
"71",5,-23.5
"71",5,-22.5
"71",5,-21.5
"71",4,-20.5
"71",3,-19.5
"71",3,-18.5
"71",3,-17.5
"71",3,-16.5
"71",3,-15.5
"71",3,-14.5
"71",3,-13.5
"71",3,-12.5
"71",3,-11.5
"71",3,-10.5
"71",2,-9.5
"71",1,-9.5
"71",0,-8.5
"71",-1,-7.5
"71",-1,-6.5
"71",-2,-5.5
"71",-3,-4.5
"71",-3,-3.5
"71",-3,-2.5
"71",-3,-1.5
"71",-4,-1.5
"71",-5,-1.5
"71",-6,-0.5
"71",-7,-0.5
"71",-8,0.5
"71",-9,1.5
"71",-10,1.5
"71",-11,2.5
"71",-11,3.5
"71",-11,4.5
"71",-11,5.5
"71",-12,5.5
"71",-13,6.5
"71",-14,6.5
"71",-14,7.5
"71",-15,7.5
"71",-16,7.5
"71",-16,8.5
"71",-16,9.5
"71",-16,10.5
"71",-17,10.5
"71",-18,11.5
"71",-18,12.5
"71",-18,13.5
"71",-18,14.5
"71",-18,15.5
"71",-18,16.5
"71",-18,17.5
"71",-18,18.5
"71",-18,19.5
"71",-18,20.5
"71",-18,21.5
"71",-18,22.5
"71",-18,23.5
"71",-18,24.5
"71",-18,25.5
"71",-18,26.5
"71",-18,27.5
"71",-18,28.5
"71",-18,29.5
"71",-18,30.5
"71",-18,31.5
"71",-18,32.5
"71",-18,33.5
"71",-18,34.5
"71",-18,35.5
"71",-18,36.5
"71",-18,37.5
"71",-18,38.5
"71",-18,39.5
"71",-18,40.5
"71",-18,41.5
"71",-19,41.5
"71",-20,42.5
"71",-20,43.5
"71",-20,44.5
"71",-20,45.5
"71",-20,46.5
"71",-20,47.5
"71",-20,48.5
"71",-20,49.5
"71",-20,50.5
"71",-20,51.5
"71",-20,52.5
"71",-20,53.5
"71",-20,54.5
"71",-20,55.5
"71",-20,56.5
"71",-20,57.5
"71",-20,58.5
"71",-20,59.5
"71",-20,60.5
"71",-20,61.5
"71",-21,61.5
"71",-22,62.5
"71",-21,63.5
"71",-20,64.5
"72",-25,-73.5
"72",-24,-72.5
"72",-23,-72.5
"72",-22,-71.5
"72",-21,-71.5
"72",-20,-71.5
"72",-19,-71.5
"72",-18,-70.5
"72",-19,-69.5
"72",-19,-68.5
"72",-19,-67.5
"72",-18,-66.5
"72",-17,-65.5
"72",-16,-64.5
"72",-15,-63.5
"72",-14,-63.5
"72",-13,-62.5
"72",-12,-62.5
"72",-11,-62.5
"72",-10,-61.5
"72",-9,-61.5
"72",-8,-60.5
"72",-7,-60.5
"72",-6,-60.5
"72",-5,-59.5
"72",-4,-59.5
"72",-3,-58.5
"72",-2,-58.5
"72",-1,-57.5
"72",0,-56.5
"72",1,-55.5
"72",2,-55.5
"72",3,-55.5
"72",4,-55.5
"72",5,-54.5
"72",6,-53.5
"72",7,-53.5
"72",8,-52.5
"72",9,-51.5
"72",8,-50.5
"72",9,-49.5
"72",8,-48.5
"72",9,-47.5
"72",10,-47.5
"72",11,-46.5
"72",11,-45.5
"72",11,-44.5
"72",11,-43.5
"72",11,-42.5
"72",11,-41.5
"72",11,-40.5
"72",11,-39.5
"72",11,-38.5
"72",11,-37.5
"72",11,-36.5
"72",12,-35.5
"72",13,-34.5
"72",13,-33.5
"72",13,-32.5
"72",13,-31.5
"72",13,-30.5
"72",13,-29.5
"72",13,-28.5
"72",12,-27.5
"72",11,-26.5
"72",10,-25.5
"72",9,-24.5
"72",8,-23.5
"72",7,-22.5
"72",6,-21.5
"72",5,-20.5
"72",4,-19.5
"72",3,-18.5
"72",2,-17.5
"72",1,-16.5
"72",0,-15.5
"72",-1,-14.5
"72",-2,-13.5
"72",-3,-12.5
"72",-4,-11.5
"72",-5,-10.5
"72",-6,-9.5
"72",-7,-8.5
"72",-8,-7.5
"72",-9,-6.5
"72",-10,-5.5
"72",-11,-4.5
"72",-12,-3.5
"72",-13,-2.5
"72",-14,-1.5
"72",-15,-0.5
"72",-16,0.5
"72",-16,1.5
"72",-16,2.5
"72",-16,3.5
"72",-16,4.5
"72",-16,5.5
"72",-16,6.5
"72",-16,7.5
"72",-17,7.5
"72",-18,8.5
"72",-18,9.5
"72",-18,10.5
"72",-18,11.5
"72",-18,12.5
"72",-18,13.5
"72",-18,14.5
"72",-18,15.5
"72",-18,16.5
"72",-18,17.5
"72",-18,18.5
"72",-18,19.5
"72",-18,20.5
"72",-18,21.5
"72",-18,22.5
"72",-18,23.5
"72",-18,24.5
"72",-18,25.5
"72",-18,26.5
"72",-18,27.5
"72",-18,28.5
"72",-18,29.5
"72",-18,30.5
"72",-18,31.5
"72",-18,32.5
"72",-18,33.5
"72",-18,34.5
"72",-18,35.5
"72",-18,36.5
"72",-18,37.5
"72",-18,38.5
"72",-18,39.5
"72",-18,40.5
"72",-18,41.5
"72",-19,42.5
"72",-20,43.5
"72",-20,44.5
"72",-20,45.5
"72",-20,46.5
"72",-20,47.5
"72",-20,48.5
"72",-20,49.5
"72",-20,50.5
"72",-20,51.5
"72",-20,52.5
"72",-20,53.5
"72",-20,54.5
"72",-20,55.5
"72",-19,56.5
"72",-20,57.5
"72",-19,58.5
"72",-20,59.5
"72",-20,60.5
"72",-20,61.5
"72",-21,61.5
"72",-21,62.5
"72",-21,63.5
"72",-20,64.5
"73",-25,-73.5
"73",-24,-72.5
"73",-23,-72.5
"73",-22,-71.5
"73",-21,-71.5
"73",-20,-71.5
"73",-19,-71.5
"73",-18,-70.5
"73",-19,-69.5
"73",-19,-68.5
"73",-19,-67.5
"73",-18,-66.5
"73",-17,-65.5
"73",-16,-65.5
"73",-15,-65.5
"73",-14,-65.5
"73",-13,-64.5
"73",-12,-64.5
"73",-11,-64.5
"73",-10,-64.5
"73",-9,-64.5
"73",-8,-63.5
"73",-7,-63.5
"73",-6,-63.5
"73",-5,-62.5
"73",-4,-62.5
"73",-3,-61.5
"73",-2,-60.5
"73",-1,-60.5
"73",0,-59.5
"73",1,-58.5
"73",2,-58.5
"73",3,-57.5
"73",4,-57.5
"73",5,-57.5
"73",6,-56.5
"73",7,-55.5
"73",8,-54.5
"73",9,-53.5
"73",8,-52.5
"73",9,-51.5
"73",8,-50.5
"73",9,-49.5
"73",8,-48.5
"73",9,-47.5
"73",10,-47.5
"73",11,-46.5
"73",11,-45.5
"73",11,-44.5
"73",11,-43.5
"73",11,-42.5
"73",11,-41.5
"73",11,-40.5
"73",11,-39.5
"73",11,-38.5
"73",11,-37.5
"73",11,-36.5
"73",12,-35.5
"73",13,-34.5
"73",13,-33.5
"73",13,-32.5
"73",13,-31.5
"73",13,-30.5
"73",13,-29.5
"73",13,-28.5
"73",12,-27.5
"73",11,-26.5
"73",10,-25.5
"73",9,-24.5
"73",8,-23.5
"73",7,-22.5
"73",6,-21.5
"73",5,-20.5
"73",4,-19.5
"73",3,-18.5
"73",2,-17.5
"73",1,-16.5
"73",0,-15.5
"73",-1,-14.5
"73",-2,-13.5
"73",-3,-12.5
"73",-4,-11.5
"73",-5,-10.5
"73",-6,-9.5
"73",-7,-9.5
"73",-8,-8.5
"73",-9,-7.5
"73",-9,-6.5
"73",-10,-5.5
"73",-11,-4.5
"73",-12,-3.5
"73",-13,-2.5
"73",-14,-1.5
"73",-15,-0.5
"73",-16,0.5
"73",-16,1.5
"73",-16,2.5
"73",-16,3.5
"73",-16,4.5
"73",-16,5.5
"73",-16,6.5
"73",-16,7.5
"73",-16,8.5
"73",-16,9.5
"73",-16,10.5
"73",-17,10.5
"73",-18,11.5
"73",-18,12.5
"73",-18,13.5
"73",-18,14.5
"73",-18,15.5
"73",-18,16.5
"73",-18,17.5
"73",-18,18.5
"73",-18,19.5
"73",-18,20.5
"73",-18,21.5
"73",-18,22.5
"73",-18,23.5
"73",-18,24.5
"73",-18,25.5
"73",-18,26.5
"73",-18,27.5
"73",-18,28.5
"73",-18,29.5
"73",-18,30.5
"73",-18,31.5
"73",-18,32.5
"73",-18,33.5
"73",-18,34.5
"73",-18,35.5
"73",-18,36.5
"73",-18,37.5
"73",-18,38.5
"73",-18,39.5
"73",-18,40.5
"73",-18,41.5
"73",-19,41.5
"73",-20,42.5
"73",-20,43.5
"73",-20,44.5
"73",-20,45.5
"73",-20,46.5
"73",-20,47.5
"73",-20,48.5
"73",-20,49.5
"73",-20,50.5
"73",-20,51.5
"73",-20,52.5
"73",-20,53.5
"73",-20,54.5
"73",-20,55.5
"73",-20,56.5
"73",-20,57.5
"73",-20,58.5
"73",-20,59.5
"73",-20,60.5
"73",-20,61.5
"73",-21,61.5
"73",-22,62.5
"73",-21,63.5
"73",-20,64.5
"74",-25,-73.5
"74",-24,-72.5
"74",-23,-72.5
"74",-22,-71.5
"74",-21,-71.5
"74",-20,-71.5
"74",-19,-71.5
"74",-18,-70.5
"74",-19,-69.5
"74",-19,-68.5
"74",-19,-67.5
"74",-19,-66.5
"74",-19,-65.5
"74",-18,-64.5
"74",-17,-63.5
"74",-16,-63.5
"74",-15,-63.5
"74",-14,-63.5
"74",-13,-62.5
"74",-12,-62.5
"74",-11,-62.5
"74",-10,-61.5
"74",-9,-61.5
"74",-8,-60.5
"74",-7,-60.5
"74",-6,-60.5
"74",-5,-59.5
"74",-4,-59.5
"74",-3,-58.5
"74",-2,-58.5
"74",-2,-57.5
"74",-2,-56.5
"74",-2,-55.5
"74",-2,-54.5
"74",-2,-53.5
"74",-2,-52.5
"74",-2,-51.5
"74",-2,-50.5
"74",-1,-49.5
"74",0,-48.5
"74",1,-47.5
"74",1,-46.5
"74",1,-45.5
"74",1,-44.5
"74",2,-43.5
"74",3,-42.5
"74",4,-42.5
"74",5,-41.5
"74",4,-40.5
"74",5,-39.5
"74",5,-38.5
"74",5,-37.5
"74",5,-36.5
"74",5,-35.5
"74",5,-34.5
"74",5,-33.5
"74",5,-32.5
"74",5,-31.5
"74",5,-30.5
"74",5,-29.5
"74",5,-28.5
"74",5,-27.5
"74",5,-26.5
"74",5,-25.5
"74",5,-24.5
"74",5,-23.5
"74",5,-22.5
"74",5,-21.5
"74",4,-20.5
"74",3,-19.5
"74",3,-18.5
"74",3,-17.5
"74",2,-16.5
"74",1,-16.5
"74",1,-15.5
"74",1,-14.5
"74",1,-13.5
"74",0,-12.5
"74",-1,-11.5
"74",-2,-10.5
"74",-3,-9.5
"74",-4,-8.5
"74",-5,-7.5
"74",-6,-6.5
"74",-7,-6.5
"74",-8,-5.5
"74",-9,-4.5
"74",-10,-4.5
"74",-11,-3.5
"74",-12,-3.5
"74",-13,-2.5
"74",-14,-1.5
"74",-15,-1.5
"74",-16,-0.5
"74",-16,0.5
"74",-16,1.5
"74",-16,2.5
"74",-16,3.5
"74",-16,4.5
"74",-16,5.5
"74",-16,6.5
"74",-16,7.5
"74",-16,8.5
"74",-16,9.5
"74",-16,10.5
"74",-17,10.5
"74",-18,11.5
"74",-18,12.5
"74",-18,13.5
"74",-18,14.5
"74",-18,15.5
"74",-18,16.5
"74",-18,17.5
"74",-18,18.5
"74",-18,19.5
"74",-18,20.5
"74",-18,21.5
"74",-18,22.5
"74",-18,23.5
"74",-18,24.5
"74",-18,25.5
"74",-18,26.5
"74",-18,27.5
"74",-18,28.5
"74",-18,29.5
"74",-18,30.5
"74",-18,31.5
"74",-18,32.5
"74",-18,33.5
"74",-18,34.5
"74",-18,35.5
"74",-18,36.5
"74",-18,37.5
"74",-18,38.5
"74",-18,39.5
"74",-18,40.5
"74",-18,41.5
"74",-19,41.5
"74",-20,42.5
"74",-20,43.5
"74",-20,44.5
"74",-20,45.5
"74",-20,46.5
"74",-20,47.5
"74",-20,48.5
"74",-20,49.5
"74",-20,50.5
"74",-20,51.5
"74",-20,52.5
"74",-20,53.5
"74",-20,54.5
"74",-20,55.5
"74",-20,56.5
"74",-20,57.5
"74",-20,58.5
"74",-20,59.5
"74",-20,60.5
"74",-20,61.5
"74",-21,61.5
"74",-22,62.5
"74",-21,63.5
"74",-20,64.5
"75",-25,-73.5
"75",-26,-73.5
"75",-27,-73.5
"75",-28,-73.5
"75",-29,-73.5
"75",-30,-73.5
"75",-31,-72.5
"75",-31,-71.5
"75",-32,-70.5
"75",-33,-69.5
"75",-34,-68.5
"75",-33,-67.5
"75",-32,-66.5
"75",-31,-65.5
"75",-32,-64.5
"75",-33,-63.5
"75",-32,-62.5
"75",-33,-61.5
"75",-32,-60.5
"75",-33,-59.5
"75",-32,-58.5
"75",-33,-57.5
"75",-34,-56.5
"75",-33,-55.5
"75",-32,-54.5
"75",-33,-53.5
"75",-34,-52.5
"75",-35,-51.5
"75",-34,-50.5
"75",-35,-49.5
"75",-35,-48.5
"75",-35,-47.5
"75",-35,-46.5
"75",-35,-45.5
"75",-35,-44.5
"75",-35,-43.5
"75",-35,-42.5
"75",-35,-41.5
"75",-35,-40.5
"75",-35,-39.5
"75",-35,-38.5
"75",-35,-37.5
"75",-35,-36.5
"75",-35,-35.5
"75",-36,-34.5
"75",-37,-33.5
"75",-36,-32.5
"75",-36,-31.5
"75",-36,-30.5
"75",-36,-29.5
"75",-36,-28.5
"75",-36,-27.5
"75",-37,-26.5
"75",-37,-25.5
"75",-37,-24.5
"75",-37,-23.5
"75",-37,-22.5
"75",-37,-21.5
"75",-37,-20.5
"75",-37,-19.5
"75",-37,-18.5
"75",-37,-17.5
"75",-37,-16.5
"75",-37,-15.5
"75",-37,-14.5
"75",-37,-13.5
"75",-36,-12.5
"75",-35,-12.5
"75",-34,-11.5
"75",-33,-11.5
"75",-32,-10.5
"75",-31,-9.5
"75",-31,-8.5
"75",-31,-7.5
"75",-31,-6.5
"75",-31,-5.5
"75",-31,-4.5
"75",-31,-3.5
"75",-31,-2.5
"75",-31,-1.5
"75",-31,-0.5
"75",-30,0.5
"75",-29,0.5
"75",-29,1.5
"75",-29,2.5
"75",-29,3.5
"75",-29,4.5
"75",-29,5.5
"75",-29,6.5
"75",-29,7.5
"75",-29,8.5
"75",-29,9.5
"75",-29,10.5
"75",-29,11.5
"75",-29,12.5
"75",-29,13.5
"75",-29,14.5
"75",-29,15.5
"75",-29,16.5
"75",-29,17.5
"75",-29,18.5
"75",-29,19.5
"75",-29,20.5
"75",-29,21.5
"75",-29,22.5
"75",-30,23.5
"75",-31,24.5
"75",-31,25.5
"75",-31,26.5
"75",-31,27.5
"75",-31,28.5
"75",-31,29.5
"75",-31,30.5
"75",-31,31.5
"75",-31,32.5
"75",-31,33.5
"75",-31,34.5
"75",-31,35.5
"75",-31,36.5
"75",-32,36.5
"75",-33,37.5
"75",-33,38.5
"75",-33,39.5
"75",-33,40.5
"75",-33,41.5
"75",-33,42.5
"75",-34,43.5
"75",-34,44.5
"75",-33,45.5
"75",-32,46.5
"75",-31,46.5
"75",-30,46.5
"75",-29,46.5
"75",-28,46.5
"75",-27,46.5
"75",-26,47.5
"75",-26,48.5
"75",-27,49.5
"75",-27,50.5
"75",-27,51.5
"75",-27,52.5
"75",-27,53.5
"75",-27,54.5
"75",-27,55.5
"75",-27,56.5
"75",-27,57.5
"75",-27,58.5
"75",-27,59.5
"75",-27,60.5
"75",-26,61.5
"75",-25,62.5
"75",-24,62.5
"75",-23,62.5
"75",-22,62.5
"75",-21,63.5
"75",-20,64.5
"76",-25,-73.5
"76",-24,-72.5
"76",-25,-71.5
"76",-25,-70.5
"76",-25,-69.5
"76",-24,-68.5
"76",-23,-67.5
"76",-22,-66.5
"76",-21,-65.5
"76",-20,-64.5
"76",-19,-63.5
"76",-18,-62.5
"76",-17,-61.5
"76",-16,-60.5
"76",-15,-59.5
"76",-14,-58.5
"76",-13,-57.5
"76",-12,-56.5
"76",-11,-55.5
"76",-10,-54.5
"76",-9,-53.5
"76",-8,-52.5
"76",-7,-51.5
"76",-6,-50.5
"76",-5,-49.5
"76",-4,-48.5
"76",-3,-47.5
"76",-2,-46.5
"76",-1,-46.5
"76",0,-45.5
"76",1,-44.5
"76",2,-43.5
"76",3,-42.5
"76",4,-41.5
"76",4,-40.5
"76",5,-39.5
"76",6,-38.5
"76",7,-37.5
"76",8,-36.5
"76",9,-35.5
"76",10,-34.5
"76",11,-33.5
"76",11,-32.5
"76",11,-31.5
"76",11,-30.5
"76",11,-29.5
"76",11,-28.5
"76",11,-27.5
"76",11,-26.5
"76",10,-25.5
"76",9,-24.5
"76",8,-23.5
"76",7,-22.5
"76",6,-21.5
"76",5,-20.5
"76",4,-19.5
"76",3,-18.5
"76",2,-17.5
"76",1,-16.5
"76",0,-15.5
"76",-1,-14.5
"76",-2,-13.5
"76",-3,-12.5
"76",-4,-11.5
"76",-5,-10.5
"76",-6,-9.5
"76",-7,-8.5
"76",-8,-7.5
"76",-9,-6.5
"76",-10,-5.5
"76",-11,-4.5
"76",-12,-3.5
"76",-13,-2.5
"76",-14,-1.5
"76",-15,-0.5
"76",-16,0.5
"76",-17,1.5
"76",-18,2.5
"76",-18,3.5
"76",-18,4.5
"76",-18,5.5
"76",-18,6.5
"76",-18,7.5
"76",-18,8.5
"76",-18,9.5
"76",-18,10.5
"76",-18,11.5
"76",-18,12.5
"76",-18,13.5
"76",-18,14.5
"76",-18,15.5
"76",-18,16.5
"76",-18,17.5
"76",-18,18.5
"76",-18,19.5
"76",-18,20.5
"76",-18,21.5
"76",-18,22.5
"76",-18,23.5
"76",-18,24.5
"76",-18,25.5
"76",-18,26.5
"76",-18,27.5
"76",-18,28.5
"76",-18,29.5
"76",-18,30.5
"76",-18,31.5
"76",-18,32.5
"76",-18,33.5
"76",-18,34.5
"76",-18,35.5
"76",-18,36.5
"76",-18,37.5
"76",-18,38.5
"76",-18,39.5
"76",-18,40.5
"76",-18,41.5
"76",-19,42.5
"76",-20,43.5
"76",-20,44.5
"76",-20,45.5
"76",-20,46.5
"76",-20,47.5
"76",-20,48.5
"76",-20,49.5
"76",-20,50.5
"76",-20,51.5
"76",-20,52.5
"76",-20,53.5
"76",-20,54.5
"76",-20,55.5
"76",-19,56.5
"76",-20,57.5
"76",-19,58.5
"76",-20,59.5
"76",-20,60.5
"76",-20,61.5
"76",-21,62.5
"76",-21,63.5
"76",-20,64.5
"77",-25,-73.5
"77",-24,-72.5
"77",-25,-71.5
"77",-25,-70.5
"77",-25,-69.5
"77",-24,-68.5
"77",-23,-67.5
"77",-22,-66.5
"77",-21,-65.5
"77",-20,-64.5
"77",-19,-63.5
"77",-18,-62.5
"77",-17,-61.5
"77",-16,-60.5
"77",-15,-59.5
"77",-14,-58.5
"77",-13,-57.5
"77",-12,-56.5
"77",-11,-55.5
"77",-10,-54.5
"77",-9,-53.5
"77",-8,-52.5
"77",-7,-52.5
"77",-6,-52.5
"77",-5,-51.5
"77",-4,-51.5
"77",-3,-50.5
"77",-2,-49.5
"77",-1,-48.5
"77",0,-47.5
"77",1,-46.5
"77",1,-45.5
"77",1,-44.5
"77",2,-43.5
"77",3,-42.5
"77",4,-41.5
"77",4,-40.5
"77",5,-39.5
"77",5,-38.5
"77",5,-37.5
"77",5,-36.5
"77",5,-35.5
"77",5,-34.5
"77",5,-33.5
"77",5,-32.5
"77",5,-31.5
"77",5,-30.5
"77",5,-29.5
"77",5,-28.5
"77",5,-27.5
"77",5,-26.5
"77",5,-25.5
"77",5,-24.5
"77",5,-23.5
"77",5,-22.5
"77",5,-21.5
"77",4,-20.5
"77",3,-19.5
"77",2,-18.5
"77",1,-17.5
"77",0,-16.5
"77",-1,-15.5
"77",-2,-14.5
"77",-3,-13.5
"77",-4,-12.5
"77",-5,-11.5
"77",-6,-10.5
"77",-7,-9.5
"77",-8,-8.5
"77",-9,-7.5
"77",-9,-6.5
"77",-10,-5.5
"77",-11,-4.5
"77",-12,-3.5
"77",-13,-2.5
"77",-14,-1.5
"77",-15,-0.5
"77",-16,0.5
"77",-16,1.5
"77",-16,2.5
"77",-16,3.5
"77",-16,4.5
"77",-16,5.5
"77",-16,6.5
"77",-16,7.5
"77",-16,8.5
"77",-16,9.5
"77",-16,10.5
"77",-17,10.5
"77",-18,11.5
"77",-18,12.5
"77",-18,13.5
"77",-18,14.5
"77",-18,15.5
"77",-18,16.5
"77",-18,17.5
"77",-18,18.5
"77",-18,19.5
"77",-18,20.5
"77",-18,21.5
"77",-18,22.5
"77",-18,23.5
"77",-18,24.5
"77",-18,25.5
"77",-18,26.5
"77",-18,27.5
"77",-18,28.5
"77",-18,29.5
"77",-18,30.5
"77",-18,31.5
"77",-18,32.5
"77",-18,33.5
"77",-18,34.5
"77",-18,35.5
"77",-18,36.5
"77",-18,37.5
"77",-18,38.5
"77",-18,39.5
"77",-18,40.5
"77",-18,41.5
"77",-19,42.5
"77",-20,43.5
"77",-20,44.5
"77",-20,45.5
"77",-20,46.5
"77",-20,47.5
"77",-20,48.5
"77",-20,49.5
"77",-20,50.5
"77",-20,51.5
"77",-20,52.5
"77",-20,53.5
"77",-20,54.5
"77",-20,55.5
"77",-20,56.5
"77",-20,57.5
"77",-20,58.5
"77",-20,59.5
"77",-20,60.5
"77",-20,61.5
"77",-21,61.5
"77",-22,62.5
"77",-21,63.5
"77",-20,64.5
"78",-25,-73.5
"78",-24,-72.5
"78",-23,-72.5
"78",-22,-71.5
"78",-21,-71.5
"78",-20,-71.5
"78",-19,-71.5
"78",-18,-70.5
"78",-19,-69.5
"78",-19,-68.5
"78",-19,-67.5
"78",-19,-66.5
"78",-18,-65.5
"78",-17,-64.5
"78",-16,-64.5
"78",-15,-63.5
"78",-14,-63.5
"78",-13,-62.5
"78",-12,-62.5
"78",-11,-62.5
"78",-10,-61.5
"78",-9,-61.5
"78",-8,-60.5
"78",-7,-60.5
"78",-6,-60.5
"78",-5,-59.5
"78",-4,-59.5
"78",-3,-58.5
"78",-2,-57.5
"78",-2,-56.5
"78",-2,-55.5
"78",-2,-54.5
"78",-2,-53.5
"78",-2,-52.5
"78",-2,-51.5
"78",-2,-50.5
"78",-1,-49.5
"78",0,-48.5
"78",1,-47.5
"78",1,-46.5
"78",1,-45.5
"78",1,-44.5
"78",2,-43.5
"78",3,-42.5
"78",4,-42.5
"78",5,-41.5
"78",4,-40.5
"78",5,-39.5
"78",5,-38.5
"78",5,-37.5
"78",5,-36.5
"78",5,-35.5
"78",5,-34.5
"78",5,-33.5
"78",5,-32.5
"78",5,-31.5
"78",5,-30.5
"78",5,-29.5
"78",5,-28.5
"78",5,-27.5
"78",5,-26.5
"78",5,-25.5
"78",5,-24.5
"78",5,-23.5
"78",5,-22.5
"78",5,-21.5
"78",4,-20.5
"78",3,-19.5
"78",3,-18.5
"78",2,-17.5
"78",1,-16.5
"78",1,-15.5
"78",1,-14.5
"78",1,-13.5
"78",0,-12.5
"78",-1,-11.5
"78",-2,-10.5
"78",-3,-9.5
"78",-4,-8.5
"78",-5,-7.5
"78",-6,-6.5
"78",-7,-6.5
"78",-8,-5.5
"78",-9,-4.5
"78",-10,-4.5
"78",-11,-3.5
"78",-12,-3.5
"78",-13,-2.5
"78",-14,-1.5
"78",-15,-0.5
"78",-16,0.5
"78",-16,1.5
"78",-16,2.5
"78",-16,3.5
"78",-16,4.5
"78",-16,5.5
"78",-16,6.5
"78",-16,7.5
"78",-16,8.5
"78",-16,9.5
"78",-16,10.5
"78",-17,10.5
"78",-18,11.5
"78",-18,12.5
"78",-18,13.5
"78",-18,14.5
"78",-18,15.5
"78",-18,16.5
"78",-18,17.5
"78",-18,18.5
"78",-18,19.5
"78",-18,20.5
"78",-18,21.5
"78",-18,22.5
"78",-18,23.5
"78",-18,24.5
"78",-18,25.5
"78",-18,26.5
"78",-18,27.5
"78",-18,28.5
"78",-18,29.5
"78",-18,30.5
"78",-18,31.5
"78",-18,32.5
"78",-18,33.5
"78",-18,34.5
"78",-18,35.5
"78",-18,36.5
"78",-18,37.5
"78",-18,38.5
"78",-18,39.5
"78",-18,40.5
"78",-18,41.5
"78",-19,41.5
"78",-20,42.5
"78",-20,43.5
"78",-20,44.5
"78",-20,45.5
"78",-20,46.5
"78",-20,47.5
"78",-20,48.5
"78",-20,49.5
"78",-20,50.5
"78",-20,51.5
"78",-20,52.5
"78",-20,53.5
"78",-20,54.5
"78",-20,55.5
"78",-20,56.5
"78",-20,57.5
"78",-20,58.5
"78",-20,59.5
"78",-20,60.5
"78",-20,61.5
"78",-21,61.5
"78",-22,62.5
"78",-21,63.5
"78",-20,64.5
"79",-25,-73.5
"79",-26,-73.5
"79",-27,-73.5
"79",-28,-73.5
"79",-29,-73.5
"79",-30,-73.5
"79",-31,-72.5
"79",-31,-71.5
"79",-32,-70.5
"79",-33,-69.5
"79",-34,-68.5
"79",-33,-67.5
"79",-32,-66.5
"79",-31,-65.5
"79",-32,-64.5
"79",-33,-63.5
"79",-32,-62.5
"79",-33,-61.5
"79",-32,-60.5
"79",-33,-59.5
"79",-32,-58.5
"79",-33,-57.5
"79",-34,-56.5
"79",-33,-55.5
"79",-32,-54.5
"79",-33,-53.5
"79",-34,-52.5
"79",-35,-51.5
"79",-34,-50.5
"79",-35,-49.5
"79",-35,-48.5
"79",-35,-47.5
"79",-35,-46.5
"79",-35,-45.5
"79",-35,-44.5
"79",-35,-43.5
"79",-35,-42.5
"79",-35,-41.5
"79",-35,-40.5
"79",-35,-39.5
"79",-35,-38.5
"79",-35,-37.5
"79",-35,-36.5
"79",-35,-35.5
"79",-36,-34.5
"79",-37,-33.5
"79",-36,-32.5
"79",-36,-31.5
"79",-36,-30.5
"79",-36,-29.5
"79",-36,-28.5
"79",-36,-27.5
"79",-37,-26.5
"79",-37,-25.5
"79",-37,-24.5
"79",-37,-23.5
"79",-37,-22.5
"79",-37,-21.5
"79",-37,-20.5
"79",-37,-19.5
"79",-37,-18.5
"79",-37,-17.5
"79",-37,-16.5
"79",-37,-15.5
"79",-37,-14.5
"79",-37,-13.5
"79",-36,-12.5
"79",-35,-12.5
"79",-34,-11.5
"79",-33,-11.5
"79",-32,-10.5
"79",-31,-9.5
"79",-31,-8.5
"79",-31,-7.5
"79",-31,-6.5
"79",-31,-5.5
"79",-31,-4.5
"79",-31,-3.5
"79",-31,-2.5
"79",-31,-1.5
"79",-31,-0.5
"79",-30,0.5
"79",-29,0.5
"79",-29,1.5
"79",-29,2.5
"79",-29,3.5
"79",-29,4.5
"79",-29,5.5
"79",-29,6.5
"79",-29,7.5
"79",-29,8.5
"79",-29,9.5
"79",-29,10.5
"79",-29,11.5
"79",-29,12.5
"79",-29,13.5
"79",-29,14.5
"79",-29,15.5
"79",-29,16.5
"79",-29,17.5
"79",-29,18.5
"79",-29,19.5
"79",-29,20.5
"79",-29,21.5
"79",-29,22.5
"79",-30,23.5
"79",-31,24.5
"79",-31,25.5
"79",-31,26.5
"79",-31,27.5
"79",-31,28.5
"79",-31,29.5
"79",-31,30.5
"79",-31,31.5
"79",-31,32.5
"79",-31,33.5
"79",-31,34.5
"79",-31,35.5
"79",-31,36.5
"79",-32,36.5
"79",-33,37.5
"79",-33,38.5
"79",-33,39.5
"79",-33,40.5
"79",-33,41.5
"79",-33,42.5
"79",-34,43.5
"79",-34,44.5
"79",-33,45.5
"79",-32,46.5
"79",-31,46.5
"79",-30,46.5
"79",-29,46.5
"79",-28,46.5
"79",-27,46.5
"79",-26,47.5
"79",-26,48.5
"79",-27,49.5
"79",-27,50.5
"79",-27,51.5
"79",-27,52.5
"79",-27,53.5
"79",-27,54.5
"79",-27,55.5
"79",-27,56.5
"79",-27,57.5
"79",-27,58.5
"79",-27,59.5
"79",-27,60.5
"79",-26,61.5
"79",-25,62.5
"79",-24,62.5
"79",-23,62.5
"79",-22,62.5
"79",-21,63.5
"79",-20,64.5
"80",-25,-73.5
"80",-26,-73.5
"80",-27,-73.5
"80",-28,-73.5
"80",-29,-73.5
"80",-30,-73.5
"80",-31,-72.5
"80",-31,-71.5
"80",-32,-70.5
"80",-33,-69.5
"80",-34,-68.5
"80",-33,-67.5
"80",-34,-66.5
"80",-33,-65.5
"80",-32,-64.5
"80",-33,-63.5
"80",-32,-62.5
"80",-33,-61.5
"80",-33,-60.5
"80",-33,-59.5
"80",-33,-58.5
"80",-33,-57.5
"80",-34,-56.5
"80",-33,-55.5
"80",-33,-54.5
"80",-34,-53.5
"80",-35,-52.5
"80",-35,-51.5
"80",-35,-50.5
"80",-35,-49.5
"80",-35,-48.5
"80",-35,-47.5
"80",-35,-46.5
"80",-35,-45.5
"80",-35,-44.5
"80",-35,-43.5
"80",-35,-42.5
"80",-35,-41.5
"80",-35,-40.5
"80",-35,-39.5
"80",-35,-38.5
"80",-35,-37.5
"80",-35,-36.5
"80",-35,-35.5
"80",-36,-34.5
"80",-37,-33.5
"80",-36,-32.5
"80",-36,-31.5
"80",-36,-30.5
"80",-36,-29.5
"80",-36,-28.5
"80",-36,-27.5
"80",-37,-26.5
"80",-37,-25.5
"80",-37,-24.5
"80",-37,-23.5
"80",-37,-22.5
"80",-37,-21.5
"80",-37,-20.5
"80",-37,-19.5
"80",-37,-18.5
"80",-37,-17.5
"80",-37,-16.5
"80",-37,-15.5
"80",-37,-14.5
"80",-37,-13.5
"80",-36,-12.5
"80",-35,-12.5
"80",-34,-11.5
"80",-33,-11.5
"80",-32,-10.5
"80",-31,-9.5
"80",-31,-8.5
"80",-31,-7.5
"80",-31,-6.5
"80",-31,-5.5
"80",-31,-4.5
"80",-31,-3.5
"80",-31,-2.5
"80",-31,-1.5
"80",-30,-0.5
"80",-29,-0.5
"80",-29,0.5
"80",-29,1.5
"80",-29,2.5
"80",-29,3.5
"80",-29,4.5
"80",-29,5.5
"80",-29,6.5
"80",-29,7.5
"80",-29,8.5
"80",-29,9.5
"80",-29,10.5
"80",-29,11.5
"80",-29,12.5
"80",-29,13.5
"80",-29,14.5
"80",-29,15.5
"80",-29,16.5
"80",-29,17.5
"80",-29,18.5
"80",-29,19.5
"80",-29,20.5
"80",-29,21.5
"80",-29,22.5
"80",-30,23.5
"80",-31,24.5
"80",-31,25.5
"80",-31,26.5
"80",-31,27.5
"80",-31,28.5
"80",-31,29.5
"80",-31,30.5
"80",-31,31.5
"80",-31,32.5
"80",-31,33.5
"80",-31,34.5
"80",-31,35.5
"80",-31,36.5
"80",-32,36.5
"80",-33,37.5
"80",-33,38.5
"80",-33,39.5
"80",-33,40.5
"80",-33,41.5
"80",-33,42.5
"80",-34,43.5
"80",-34,44.5
"80",-33,45.5
"80",-32,46.5
"80",-31,46.5
"80",-30,46.5
"80",-29,46.5
"80",-28,46.5
"80",-27,46.5
"80",-26,47.5
"80",-26,48.5
"80",-27,49.5
"80",-27,50.5
"80",-27,51.5
"80",-27,52.5
"80",-27,53.5
"80",-27,54.5
"80",-27,55.5
"80",-27,56.5
"80",-27,57.5
"80",-27,58.5
"80",-27,59.5
"80",-27,60.5
"80",-26,61.5
"80",-25,62.5
"80",-24,62.5
"80",-23,62.5
"80",-22,62.5
"80",-21,63.5
"80",-20,64.5
"81",-25,-73.5
"81",-26,-72.5
"81",-26,-71.5
"81",-26,-70.5
"81",-25,-69.5
"81",-24,-68.5
"81",-23,-67.5
"81",-22,-66.5
"81",-21,-65.5
"81",-20,-64.5
"81",-19,-63.5
"81",-18,-62.5
"81",-17,-61.5
"81",-16,-60.5
"81",-15,-59.5
"81",-14,-58.5
"81",-13,-57.5
"81",-12,-56.5
"81",-11,-55.5
"81",-10,-54.5
"81",-9,-53.5
"81",-8,-52.5
"81",-7,-51.5
"81",-6,-50.5
"81",-5,-49.5
"81",-4,-48.5
"81",-3,-47.5
"81",-2,-46.5
"81",-1,-45.5
"81",0,-44.5
"81",1,-43.5
"81",2,-42.5
"81",3,-41.5
"81",4,-40.5
"81",5,-39.5
"81",6,-38.5
"81",7,-37.5
"81",8,-36.5
"81",9,-35.5
"81",10,-34.5
"81",11,-33.5
"81",11,-32.5
"81",11,-31.5
"81",11,-30.5
"81",11,-29.5
"81",11,-28.5
"81",11,-27.5
"81",11,-26.5
"81",10,-25.5
"81",9,-24.5
"81",8,-23.5
"81",7,-22.5
"81",6,-21.5
"81",5,-20.5
"81",4,-19.5
"81",3,-18.5
"81",2,-17.5
"81",1,-16.5
"81",0,-15.5
"81",-1,-14.5
"81",-2,-13.5
"81",-3,-12.5
"81",-4,-11.5
"81",-5,-10.5
"81",-6,-9.5
"81",-7,-8.5
"81",-8,-7.5
"81",-9,-6.5
"81",-10,-5.5
"81",-11,-4.5
"81",-12,-3.5
"81",-13,-2.5
"81",-14,-1.5
"81",-15,-0.5
"81",-16,0.5
"81",-17,1.5
"81",-18,2.5
"81",-18,3.5
"81",-18,4.5
"81",-18,5.5
"81",-18,6.5
"81",-18,7.5
"81",-18,8.5
"81",-19,9.5
"81",-19,10.5
"81",-19,11.5
"81",-19,12.5
"81",-19,13.5
"81",-19,14.5
"81",-19,15.5
"81",-19,16.5
"81",-19,17.5
"81",-19,18.5
"81",-19,19.5
"81",-19,20.5
"81",-19,21.5
"81",-19,22.5
"81",-19,23.5
"81",-19,24.5
"81",-19,25.5
"81",-19,26.5
"81",-19,27.5
"81",-19,28.5
"81",-19,29.5
"81",-19,30.5
"81",-19,31.5
"81",-19,32.5
"81",-19,33.5
"81",-19,34.5
"81",-19,35.5
"81",-19,36.5
"81",-19,37.5
"81",-19,38.5
"81",-19,39.5
"81",-20,40.5
"81",-21,41.5
"81",-22,42.5
"81",-23,43.5
"81",-24,44.5
"81",-25,45.5
"81",-26,46.5
"81",-26,47.5
"81",-27,48.5
"81",-27,49.5
"81",-28,50.5
"81",-28,51.5
"81",-29,52.5
"81",-28,53.5
"81",-27,54.5
"81",-26,55.5
"81",-25,56.5
"81",-24,57.5
"81",-23,58.5
"81",-22,59.5
"81",-21,60.5
"81",-21,61.5
"81",-21,62.5
"81",-21,63.5
"81",-20,64.5
"82",-25,-73.5
"82",-24,-72.5
"82",-25,-71.5
"82",-25,-70.5
"82",-25,-69.5
"82",-24,-68.5
"82",-23,-67.5
"82",-22,-66.5
"82",-21,-65.5
"82",-20,-64.5
"82",-19,-63.5
"82",-18,-62.5
"82",-17,-61.5
"82",-16,-60.5
"82",-15,-59.5
"82",-14,-58.5
"82",-13,-57.5
"82",-12,-56.5
"82",-11,-55.5
"82",-10,-54.5
"82",-9,-53.5
"82",-8,-52.5
"82",-7,-51.5
"82",-6,-50.5
"82",-5,-49.5
"82",-4,-48.5
"82",-3,-47.5
"82",-2,-46.5
"82",-1,-45.5
"82",0,-44.5
"82",1,-43.5
"82",2,-42.5
"82",3,-41.5
"82",4,-40.5
"82",5,-39.5
"82",6,-38.5
"82",7,-37.5
"82",8,-36.5
"82",9,-35.5
"82",10,-34.5
"82",11,-33.5
"82",11,-32.5
"82",11,-31.5
"82",11,-30.5
"82",11,-29.5
"82",11,-28.5
"82",11,-27.5
"82",11,-26.5
"82",10,-25.5
"82",9,-24.5
"82",8,-23.5
"82",7,-22.5
"82",6,-21.5
"82",5,-20.5
"82",4,-19.5
"82",3,-18.5
"82",2,-17.5
"82",1,-16.5
"82",0,-15.5
"82",-1,-14.5
"82",-2,-13.5
"82",-3,-12.5
"82",-4,-11.5
"82",-5,-10.5
"82",-6,-9.5
"82",-7,-8.5
"82",-8,-7.5
"82",-9,-6.5
"82",-10,-5.5
"82",-11,-4.5
"82",-12,-3.5
"82",-13,-2.5
"82",-14,-1.5
"82",-15,-0.5
"82",-16,0.5
"82",-17,1.5
"82",-18,2.5
"82",-18,3.5
"82",-18,4.5
"82",-18,5.5
"82",-18,6.5
"82",-18,7.5
"82",-18,8.5
"82",-18,9.5
"82",-18,10.5
"82",-18,11.5
"82",-18,12.5
"82",-18,13.5
"82",-18,14.5
"82",-18,15.5
"82",-18,16.5
"82",-18,17.5
"82",-18,18.5
"82",-18,19.5
"82",-18,20.5
"82",-18,21.5
"82",-18,22.5
"82",-18,23.5
"82",-18,24.5
"82",-18,25.5
"82",-18,26.5
"82",-18,27.5
"82",-18,28.5
"82",-18,29.5
"82",-18,30.5
"82",-18,31.5
"82",-18,32.5
"82",-18,33.5
"82",-18,34.5
"82",-18,35.5
"82",-18,36.5
"82",-18,37.5
"82",-18,38.5
"82",-18,39.5
"82",-18,40.5
"82",-18,41.5
"82",-19,42.5
"82",-20,43.5
"82",-20,44.5
"82",-20,45.5
"82",-20,46.5
"82",-20,47.5
"82",-20,48.5
"82",-20,49.5
"82",-20,50.5
"82",-20,51.5
"82",-20,52.5
"82",-20,53.5
"82",-20,54.5
"82",-20,55.5
"82",-20,56.5
"82",-20,57.5
"82",-19,58.5
"82",-20,59.5
"82",-20,60.5
"82",-20,61.5
"82",-21,62.5
"82",-21,63.5
"82",-20,64.5
"83",-25,-73.5
"83",-24,-72.5
"83",-25,-71.5
"83",-25,-70.5
"83",-25,-69.5
"83",-24,-68.5
"83",-23,-67.5
"83",-22,-66.5
"83",-21,-65.5
"83",-20,-64.5
"83",-19,-63.5
"83",-18,-62.5
"83",-17,-61.5
"83",-16,-60.5
"83",-15,-59.5
"83",-14,-58.5
"83",-13,-57.5
"83",-12,-56.5
"83",-11,-55.5
"83",-10,-54.5
"83",-9,-53.5
"83",-8,-52.5
"83",-7,-51.5
"83",-6,-50.5
"83",-5,-49.5
"83",-4,-48.5
"83",-3,-47.5
"83",-2,-46.5
"83",-1,-46.5
"83",0,-45.5
"83",1,-44.5
"83",2,-43.5
"83",3,-42.5
"83",4,-41.5
"83",4,-40.5
"83",5,-39.5
"83",5,-38.5
"83",5,-37.5
"83",5,-36.5
"83",5,-35.5
"83",5,-34.5
"83",5,-33.5
"83",5,-32.5
"83",5,-31.5
"83",5,-30.5
"83",5,-29.5
"83",5,-28.5
"83",5,-27.5
"83",5,-26.5
"83",5,-25.5
"83",5,-24.5
"83",5,-23.5
"83",5,-22.5
"83",5,-21.5
"83",4,-20.5
"83",3,-19.5
"83",2,-18.5
"83",1,-17.5
"83",0,-16.5
"83",-1,-15.5
"83",-2,-14.5
"83",-3,-13.5
"83",-4,-12.5
"83",-5,-11.5
"83",-6,-10.5
"83",-7,-9.5
"83",-8,-8.5
"83",-9,-7.5
"83",-9,-6.5
"83",-10,-5.5
"83",-11,-4.5
"83",-12,-3.5
"83",-13,-2.5
"83",-14,-1.5
"83",-15,-0.5
"83",-16,0.5
"83",-16,1.5
"83",-16,2.5
"83",-16,3.5
"83",-16,4.5
"83",-16,5.5
"83",-16,6.5
"83",-16,7.5
"83",-16,8.5
"83",-16,9.5
"83",-16,10.5
"83",-17,10.5
"83",-18,11.5
"83",-18,12.5
"83",-18,13.5
"83",-18,14.5
"83",-18,15.5
"83",-18,16.5
"83",-18,17.5
"83",-18,18.5
"83",-18,19.5
"83",-18,20.5
"83",-18,21.5
"83",-18,22.5
"83",-18,23.5
"83",-18,24.5
"83",-18,25.5
"83",-18,26.5
"83",-18,27.5
"83",-18,28.5
"83",-18,29.5
"83",-18,30.5
"83",-18,31.5
"83",-18,32.5
"83",-18,33.5
"83",-18,34.5
"83",-18,35.5
"83",-18,36.5
"83",-18,37.5
"83",-18,38.5
"83",-18,39.5
"83",-18,40.5
"83",-18,41.5
"83",-19,42.5
"83",-20,43.5
"83",-20,44.5
"83",-20,45.5
"83",-20,46.5
"83",-20,47.5
"83",-20,48.5
"83",-20,49.5
"83",-20,50.5
"83",-20,51.5
"83",-20,52.5
"83",-20,53.5
"83",-20,54.5
"83",-20,55.5
"83",-20,56.5
"83",-20,57.5
"83",-20,58.5
"83",-20,59.5
"83",-20,60.5
"83",-20,61.5
"83",-21,61.5
"83",-22,62.5
"83",-21,63.5
"83",-20,64.5
"84",-25,-73.5
"84",-24,-72.5
"84",-23,-72.5
"84",-22,-71.5
"84",-21,-71.5
"84",-20,-71.5
"84",-19,-71.5
"84",-18,-70.5
"84",-19,-69.5
"84",-19,-68.5
"84",-19,-67.5
"84",-19,-66.5
"84",-19,-65.5
"84",-19,-64.5
"84",-19,-63.5
"84",-19,-62.5
"84",-19,-61.5
"84",-18,-60.5
"84",-17,-59.5
"84",-18,-58.5
"84",-17,-57.5
"84",-18,-56.5
"84",-18,-55.5
"84",-18,-54.5
"84",-17,-53.5
"84",-18,-52.5
"84",-17,-51.5
"84",-18,-50.5
"84",-18,-49.5
"84",-18,-48.5
"84",-18,-47.5
"84",-18,-46.5
"84",-18,-45.5
"84",-18,-44.5
"84",-18,-43.5
"84",-18,-42.5
"84",-18,-41.5
"84",-18,-40.5
"84",-18,-39.5
"84",-18,-38.5
"84",-18,-37.5
"84",-17,-36.5
"84",-16,-36.5
"84",-16,-35.5
"84",-16,-34.5
"84",-16,-33.5
"84",-16,-32.5
"84",-16,-31.5
"84",-16,-30.5
"84",-16,-29.5
"84",-16,-28.5
"84",-16,-27.5
"84",-16,-26.5
"84",-16,-25.5
"84",-16,-24.5
"84",-16,-23.5
"84",-16,-22.5
"84",-16,-21.5
"84",-16,-20.5
"84",-16,-19.5
"84",-16,-18.5
"84",-16,-17.5
"84",-16,-16.5
"84",-16,-15.5
"84",-16,-14.5
"84",-16,-13.5
"84",-16,-12.5
"84",-16,-11.5
"84",-16,-10.5
"84",-16,-9.5
"84",-16,-8.5
"84",-16,-7.5
"84",-16,-6.5
"84",-16,-5.5
"84",-16,-4.5
"84",-16,-3.5
"84",-16,-2.5
"84",-16,-1.5
"84",-16,-0.5
"84",-16,0.5
"84",-16,1.5
"84",-16,2.5
"84",-16,3.5
"84",-16,4.5
"84",-16,5.5
"84",-16,6.5
"84",-16,7.5
"84",-16,8.5
"84",-16,9.5
"84",-16,10.5
"84",-17,10.5
"84",-18,11.5
"84",-18,12.5
"84",-18,13.5
"84",-18,14.5
"84",-18,15.5
"84",-18,16.5
"84",-18,17.5
"84",-18,18.5
"84",-18,19.5
"84",-18,20.5
"84",-18,21.5
"84",-18,22.5
"84",-18,23.5
"84",-18,24.5
"84",-18,25.5
"84",-18,26.5
"84",-18,27.5
"84",-18,28.5
"84",-18,29.5
"84",-18,30.5
"84",-18,31.5
"84",-18,32.5
"84",-18,33.5
"84",-18,34.5
"84",-18,35.5
"84",-18,36.5
"84",-18,37.5
"84",-18,38.5
"84",-18,39.5
"84",-18,40.5
"84",-18,41.5
"84",-19,41.5
"84",-20,42.5
"84",-20,43.5
"84",-20,44.5
"84",-20,45.5
"84",-20,46.5
"84",-20,47.5
"84",-20,48.5
"84",-20,49.5
"84",-20,50.5
"84",-20,51.5
"84",-20,52.5
"84",-20,53.5
"84",-20,54.5
"84",-20,55.5
"84",-20,56.5
"84",-20,57.5
"84",-20,58.5
"84",-20,59.5
"84",-20,60.5
"84",-20,61.5
"84",-21,61.5
"84",-22,62.5
"84",-21,63.5
"84",-20,64.5
"85",-25,-73.5
"85",-26,-73.5
"85",-27,-73.5
"85",-28,-73.5
"85",-29,-73.5
"85",-30,-73.5
"85",-31,-72.5
"85",-31,-71.5
"85",-32,-70.5
"85",-33,-69.5
"85",-34,-68.5
"85",-33,-67.5
"85",-34,-66.5
"85",-33,-65.5
"85",-32,-64.5
"85",-33,-63.5
"85",-32,-62.5
"85",-33,-61.5
"85",-33,-60.5
"85",-33,-59.5
"85",-33,-58.5
"85",-33,-57.5
"85",-34,-56.5
"85",-34,-55.5
"85",-34,-54.5
"85",-34,-53.5
"85",-35,-52.5
"85",-35,-51.5
"85",-35,-50.5
"85",-35,-49.5
"85",-35,-48.5
"85",-35,-47.5
"85",-35,-46.5
"85",-35,-45.5
"85",-35,-44.5
"85",-35,-43.5
"85",-35,-42.5
"85",-35,-41.5
"85",-35,-40.5
"85",-35,-39.5
"85",-35,-38.5
"85",-35,-37.5
"85",-35,-36.5
"85",-35,-35.5
"85",-36,-34.5
"85",-37,-33.5
"85",-36,-32.5
"85",-36,-31.5
"85",-36,-30.5
"85",-36,-29.5
"85",-36,-28.5
"85",-36,-27.5
"85",-37,-26.5
"85",-37,-25.5
"85",-37,-24.5
"85",-37,-23.5
"85",-37,-22.5
"85",-37,-21.5
"85",-37,-20.5
"85",-37,-19.5
"85",-37,-18.5
"85",-37,-17.5
"85",-37,-16.5
"85",-37,-15.5
"85",-37,-14.5
"85",-36,-13.5
"85",-35,-12.5
"85",-34,-11.5
"85",-33,-11.5
"85",-32,-10.5
"85",-31,-9.5
"85",-31,-8.5
"85",-31,-7.5
"85",-31,-6.5
"85",-31,-5.5
"85",-31,-4.5
"85",-31,-3.5
"85",-31,-2.5
"85",-31,-1.5
"85",-30,-0.5
"85",-29,-0.5
"85",-29,0.5
"85",-29,1.5
"85",-29,2.5
"85",-29,3.5
"85",-29,4.5
"85",-29,5.5
"85",-29,6.5
"85",-29,7.5
"85",-29,8.5
"85",-29,9.5
"85",-29,10.5
"85",-29,11.5
"85",-29,12.5
"85",-29,13.5
"85",-29,14.5
"85",-29,15.5
"85",-29,16.5
"85",-29,17.5
"85",-29,18.5
"85",-29,19.5
"85",-29,20.5
"85",-29,21.5
"85",-29,22.5
"85",-30,23.5
"85",-31,24.5
"85",-31,25.5
"85",-31,26.5
"85",-31,27.5
"85",-31,28.5
"85",-31,29.5
"85",-31,30.5
"85",-31,31.5
"85",-31,32.5
"85",-31,33.5
"85",-31,34.5
"85",-31,35.5
"85",-31,36.5
"85",-32,36.5
"85",-33,37.5
"85",-33,38.5
"85",-33,39.5
"85",-33,40.5
"85",-33,41.5
"85",-33,42.5
"85",-34,43.5
"85",-34,44.5
"85",-33,45.5
"85",-32,46.5
"85",-31,46.5
"85",-30,46.5
"85",-29,46.5
"85",-28,46.5
"85",-27,46.5
"85",-26,47.5
"85",-26,48.5
"85",-27,49.5
"85",-27,50.5
"85",-27,51.5
"85",-27,52.5
"85",-27,53.5
"85",-27,54.5
"85",-27,55.5
"85",-27,56.5
"85",-27,57.5
"85",-27,58.5
"85",-27,59.5
"85",-27,60.5
"85",-26,61.5
"85",-25,62.5
"85",-24,62.5
"85",-23,62.5
"85",-22,62.5
"85",-21,63.5
"85",-20,64.5
"86",-25,-73.5
"86",-26,-73.5
"86",-27,-73.5
"86",-28,-73.5
"86",-29,-73.5
"86",-30,-73.5
"86",-31,-72.5
"86",-31,-71.5
"86",-32,-70.5
"86",-33,-69.5
"86",-34,-68.5
"86",-34,-67.5
"86",-34,-66.5
"86",-34,-65.5
"86",-33,-64.5
"86",-33,-63.5
"86",-33,-62.5
"86",-33,-61.5
"86",-33,-60.5
"86",-33,-59.5
"86",-33,-58.5
"86",-33,-57.5
"86",-34,-56.5
"86",-34,-55.5
"86",-34,-54.5
"86",-35,-53.5
"86",-35,-52.5
"86",-35,-51.5
"86",-35,-50.5
"86",-35,-49.5
"86",-35,-48.5
"86",-35,-47.5
"86",-35,-46.5
"86",-35,-45.5
"86",-35,-44.5
"86",-35,-43.5
"86",-35,-42.5
"86",-35,-41.5
"86",-35,-40.5
"86",-35,-39.5
"86",-35,-38.5
"86",-35,-37.5
"86",-35,-36.5
"86",-35,-35.5
"86",-36,-34.5
"86",-37,-33.5
"86",-36,-32.5
"86",-36,-31.5
"86",-36,-30.5
"86",-36,-29.5
"86",-36,-28.5
"86",-37,-27.5
"86",-37,-26.5
"86",-37,-25.5
"86",-37,-24.5
"86",-37,-23.5
"86",-37,-22.5
"86",-37,-21.5
"86",-37,-20.5
"86",-37,-19.5
"86",-37,-18.5
"86",-37,-17.5
"86",-37,-16.5
"86",-37,-15.5
"86",-37,-14.5
"86",-37,-13.5
"86",-36,-12.5
"86",-35,-12.5
"86",-34,-11.5
"86",-33,-11.5
"86",-32,-10.5
"86",-31,-9.5
"86",-31,-8.5
"86",-31,-7.5
"86",-31,-6.5
"86",-31,-5.5
"86",-31,-4.5
"86",-31,-3.5
"86",-31,-2.5
"86",-31,-1.5
"86",-31,-0.5
"86",-31,0.5
"86",-31,1.5
"86",-31,2.5
"86",-31,3.5
"86",-31,4.5
"86",-31,5.5
"86",-32,5.5
"86",-33,6.5
"86",-33,7.5
"86",-33,8.5
"86",-33,9.5
"86",-33,10.5
"86",-33,11.5
"86",-33,12.5
"86",-33,13.5
"86",-33,14.5
"86",-33,15.5
"86",-33,16.5
"86",-33,17.5
"86",-33,18.5
"86",-33,19.5
"86",-33,20.5
"86",-33,21.5
"86",-33,22.5
"86",-33,23.5
"86",-34,23.5
"86",-35,24.5
"86",-35,25.5
"86",-35,26.5
"86",-35,27.5
"86",-35,28.5
"86",-35,29.5
"86",-35,30.5
"86",-35,31.5
"86",-35,32.5
"86",-35,33.5
"86",-35,34.5
"86",-35,35.5
"86",-35,36.5
"86",-35,37.5
"86",-35,38.5
"86",-34,39.5
"86",-33,40.5
"86",-33,41.5
"86",-33,42.5
"86",-34,43.5
"86",-34,44.5
"86",-33,45.5
"86",-32,46.5
"86",-31,46.5
"86",-30,46.5
"86",-29,46.5
"86",-28,46.5
"86",-27,46.5
"86",-26,47.5
"86",-26,48.5
"86",-27,49.5
"86",-27,50.5
"86",-27,51.5
"86",-27,52.5
"86",-27,53.5
"86",-27,54.5
"86",-27,55.5
"86",-27,56.5
"86",-27,57.5
"86",-27,58.5
"86",-27,59.5
"86",-27,60.5
"86",-26,61.5
"86",-25,62.5
"86",-24,62.5
"86",-23,62.5
"86",-22,62.5
"86",-21,63.5
"86",-20,64.5
"87",-25,-73.5
"87",-26,-72.5
"87",-26,-71.5
"87",-26,-70.5
"87",-25,-69.5
"87",-24,-68.5
"87",-23,-67.5
"87",-22,-66.5
"87",-21,-65.5
"87",-20,-64.5
"87",-19,-63.5
"87",-18,-62.5
"87",-17,-61.5
"87",-16,-60.5
"87",-15,-59.5
"87",-14,-58.5
"87",-13,-57.5
"87",-12,-56.5
"87",-11,-55.5
"87",-10,-54.5
"87",-9,-53.5
"87",-8,-52.5
"87",-7,-51.5
"87",-6,-50.5
"87",-5,-49.5
"87",-4,-48.5
"87",-3,-47.5
"87",-2,-46.5
"87",-1,-45.5
"87",0,-44.5
"87",1,-43.5
"87",2,-42.5
"87",3,-41.5
"87",4,-40.5
"87",5,-39.5
"87",6,-38.5
"87",7,-37.5
"87",8,-36.5
"87",9,-35.5
"87",10,-34.5
"87",11,-33.5
"87",11,-32.5
"87",11,-31.5
"87",11,-30.5
"87",11,-29.5
"87",11,-28.5
"87",11,-27.5
"87",11,-26.5
"87",10,-25.5
"87",9,-24.5
"87",8,-23.5
"87",7,-22.5
"87",6,-21.5
"87",5,-20.5
"87",4,-19.5
"87",3,-18.5
"87",2,-17.5
"87",1,-16.5
"87",0,-15.5
"87",-1,-14.5
"87",-2,-13.5
"87",-3,-12.5
"87",-4,-11.5
"87",-5,-10.5
"87",-6,-9.5
"87",-7,-8.5
"87",-8,-7.5
"87",-9,-6.5
"87",-10,-5.5
"87",-11,-4.5
"87",-12,-3.5
"87",-13,-2.5
"87",-14,-1.5
"87",-15,-0.5
"87",-16,0.5
"87",-17,1.5
"87",-18,2.5
"87",-18,3.5
"87",-18,4.5
"87",-18,5.5
"87",-18,6.5
"87",-18,7.5
"87",-18,8.5
"87",-19,9.5
"87",-19,10.5
"87",-19,11.5
"87",-19,12.5
"87",-19,13.5
"87",-19,14.5
"87",-19,15.5
"87",-19,16.5
"87",-19,17.5
"87",-19,18.5
"87",-19,19.5
"87",-19,20.5
"87",-19,21.5
"87",-19,22.5
"87",-19,23.5
"87",-19,24.5
"87",-19,25.5
"87",-19,26.5
"87",-19,27.5
"87",-19,28.5
"87",-19,29.5
"87",-19,30.5
"87",-19,31.5
"87",-19,32.5
"87",-19,33.5
"87",-19,34.5
"87",-19,35.5
"87",-19,36.5
"87",-19,37.5
"87",-19,38.5
"87",-20,39.5
"87",-21,40.5
"87",-22,41.5
"87",-23,42.5
"87",-24,43.5
"87",-25,44.5
"87",-26,45.5
"87",-26,46.5
"87",-26,47.5
"87",-26,48.5
"87",-26,49.5
"87",-27,50.5
"87",-27,51.5
"87",-27,52.5
"87",-28,53.5
"87",-27,54.5
"87",-26,55.5
"87",-25,56.5
"87",-24,57.5
"87",-23,58.5
"87",-22,59.5
"87",-21,60.5
"87",-21,61.5
"87",-21,62.5
"87",-21,63.5
"87",-20,64.5
"88",-25,-73.5
"88",-24,-72.5
"88",-25,-71.5
"88",-25,-70.5
"88",-25,-69.5
"88",-24,-68.5
"88",-23,-67.5
"88",-22,-66.5
"88",-21,-65.5
"88",-20,-64.5
"88",-19,-63.5
"88",-18,-62.5
"88",-17,-61.5
"88",-16,-60.5
"88",-15,-59.5
"88",-14,-58.5
"88",-13,-57.5
"88",-12,-56.5
"88",-11,-55.5
"88",-10,-54.5
"88",-9,-53.5
"88",-8,-52.5
"88",-7,-51.5
"88",-6,-50.5
"88",-5,-49.5
"88",-4,-48.5
"88",-3,-47.5
"88",-2,-46.5
"88",-1,-45.5
"88",0,-44.5
"88",1,-43.5
"88",2,-42.5
"88",3,-41.5
"88",4,-40.5
"88",5,-39.5
"88",5,-38.5
"88",5,-37.5
"88",5,-36.5
"88",5,-35.5
"88",5,-34.5
"88",5,-33.5
"88",5,-32.5
"88",5,-31.5
"88",5,-30.5
"88",5,-29.5
"88",5,-28.5
"88",5,-27.5
"88",5,-26.5
"88",5,-25.5
"88",5,-24.5
"88",5,-23.5
"88",5,-22.5
"88",5,-21.5
"88",4,-20.5
"88",3,-19.5
"88",3,-18.5
"88",2,-17.5
"88",1,-16.5
"88",0,-15.5
"88",-1,-14.5
"88",-2,-13.5
"88",-3,-12.5
"88",-4,-11.5
"88",-5,-10.5
"88",-6,-9.5
"88",-7,-8.5
"88",-8,-7.5
"88",-9,-6.5
"88",-10,-5.5
"88",-11,-4.5
"88",-12,-3.5
"88",-13,-2.5
"88",-14,-1.5
"88",-15,-0.5
"88",-16,0.5
"88",-17,1.5
"88",-18,2.5
"88",-18,3.5
"88",-18,4.5
"88",-18,5.5
"88",-18,6.5
"88",-18,7.5
"88",-18,8.5
"88",-18,9.5
"88",-18,10.5
"88",-18,11.5
"88",-18,12.5
"88",-18,13.5
"88",-18,14.5
"88",-18,15.5
"88",-18,16.5
"88",-18,17.5
"88",-18,18.5
"88",-18,19.5
"88",-18,20.5
"88",-18,21.5
"88",-18,22.5
"88",-18,23.5
"88",-18,24.5
"88",-18,25.5
"88",-18,26.5
"88",-18,27.5
"88",-18,28.5
"88",-18,29.5
"88",-18,30.5
"88",-18,31.5
"88",-18,32.5
"88",-18,33.5
"88",-18,34.5
"88",-18,35.5
"88",-18,36.5
"88",-18,37.5
"88",-18,38.5
"88",-18,39.5
"88",-18,40.5
"88",-18,41.5
"88",-19,42.5
"88",-20,43.5
"88",-20,44.5
"88",-20,45.5
"88",-20,46.5
"88",-20,47.5
"88",-20,48.5
"88",-20,49.5
"88",-20,50.5
"88",-20,51.5
"88",-20,52.5
"88",-20,53.5
"88",-20,54.5
"88",-20,55.5
"88",-20,56.5
"88",-20,57.5
"88",-20,58.5
"88",-20,59.5
"88",-20,60.5
"88",-20,61.5
"88",-21,62.5
"88",-21,63.5
"88",-20,64.5
"89",-25,-73.5
"89",-24,-72.5
"89",-23,-72.5
"89",-22,-71.5
"89",-21,-71.5
"89",-20,-71.5
"89",-19,-71.5
"89",-18,-70.5
"89",-19,-69.5
"89",-19,-68.5
"89",-19,-67.5
"89",-19,-66.5
"89",-19,-65.5
"89",-19,-64.5
"89",-19,-63.5
"89",-18,-62.5
"89",-17,-61.5
"89",-16,-60.5
"89",-15,-59.5
"89",-14,-58.5
"89",-13,-57.5
"89",-12,-56.5
"89",-11,-55.5
"89",-10,-54.5
"89",-9,-53.5
"89",-8,-52.5
"89",-7,-51.5
"89",-6,-50.5
"89",-5,-49.5
"89",-4,-48.5
"89",-3,-47.5
"89",-2,-46.5
"89",-1,-46.5
"89",0,-45.5
"89",1,-44.5
"89",2,-43.5
"89",3,-42.5
"89",4,-41.5
"89",4,-40.5
"89",5,-39.5
"89",5,-38.5
"89",5,-37.5
"89",5,-36.5
"89",5,-35.5
"89",5,-34.5
"89",5,-33.5
"89",5,-32.5
"89",5,-31.5
"89",5,-30.5
"89",5,-29.5
"89",5,-28.5
"89",5,-27.5
"89",5,-26.5
"89",5,-25.5
"89",5,-24.5
"89",5,-23.5
"89",5,-22.5
"89",5,-21.5
"89",4,-20.5
"89",3,-19.5
"89",2,-18.5
"89",1,-17.5
"89",0,-16.5
"89",-1,-15.5
"89",-2,-14.5
"89",-3,-13.5
"89",-4,-12.5
"89",-5,-11.5
"89",-6,-10.5
"89",-7,-9.5
"89",-8,-8.5
"89",-9,-7.5
"89",-9,-6.5
"89",-10,-5.5
"89",-11,-4.5
"89",-12,-3.5
"89",-13,-2.5
"89",-14,-1.5
"89",-15,-0.5
"89",-16,0.5
"89",-16,1.5
"89",-16,2.5
"89",-16,3.5
"89",-16,4.5
"89",-16,5.5
"89",-16,6.5
"89",-16,7.5
"89",-16,8.5
"89",-16,9.5
"89",-16,10.5
"89",-17,11.5
"89",-18,12.5
"89",-18,13.5
"89",-18,14.5
"89",-18,15.5
"89",-18,16.5
"89",-18,17.5
"89",-18,18.5
"89",-18,19.5
"89",-18,20.5
"89",-18,21.5
"89",-18,22.5
"89",-18,23.5
"89",-18,24.5
"89",-18,25.5
"89",-18,26.5
"89",-18,27.5
"89",-18,28.5
"89",-18,29.5
"89",-18,30.5
"89",-18,31.5
"89",-18,32.5
"89",-18,33.5
"89",-18,34.5
"89",-18,35.5
"89",-18,36.5
"89",-18,37.5
"89",-18,38.5
"89",-18,39.5
"89",-18,40.5
"89",-19,41.5
"89",-20,42.5
"89",-20,43.5
"89",-20,44.5
"89",-20,45.5
"89",-20,46.5
"89",-20,47.5
"89",-20,48.5
"89",-20,49.5
"89",-20,50.5
"89",-20,51.5
"89",-20,52.5
"89",-20,53.5
"89",-20,54.5
"89",-20,55.5
"89",-20,56.5
"89",-20,57.5
"89",-20,58.5
"89",-20,59.5
"89",-20,60.5
"89",-20,61.5
"89",-21,61.5
"89",-22,62.5
"89",-21,63.5
"89",-20,64.5
"90",-25,-73.5
"90",-26,-73.5
"90",-27,-73.5
"90",-28,-73.5
"90",-29,-73.5
"90",-30,-73.5
"90",-31,-72.5
"90",-31,-71.5
"90",-32,-70.5
"90",-33,-69.5
"90",-34,-68.5
"90",-33,-67.5
"90",-34,-66.5
"90",-34,-65.5
"90",-33,-64.5
"90",-33,-63.5
"90",-33,-62.5
"90",-33,-61.5
"90",-33,-60.5
"90",-33,-59.5
"90",-33,-58.5
"90",-33,-57.5
"90",-34,-56.5
"90",-34,-55.5
"90",-34,-54.5
"90",-35,-53.5
"90",-35,-52.5
"90",-35,-51.5
"90",-35,-50.5
"90",-35,-49.5
"90",-35,-48.5
"90",-35,-47.5
"90",-35,-46.5
"90",-35,-45.5
"90",-35,-44.5
"90",-35,-43.5
"90",-35,-42.5
"90",-35,-41.5
"90",-35,-40.5
"90",-35,-39.5
"90",-35,-38.5
"90",-35,-37.5
"90",-35,-36.5
"90",-35,-35.5
"90",-36,-34.5
"90",-37,-33.5
"90",-36,-32.5
"90",-36,-31.5
"90",-36,-30.5
"90",-36,-29.5
"90",-36,-28.5
"90",-37,-27.5
"90",-37,-26.5
"90",-37,-25.5
"90",-37,-24.5
"90",-37,-23.5
"90",-37,-22.5
"90",-37,-21.5
"90",-37,-20.5
"90",-37,-19.5
"90",-37,-18.5
"90",-37,-17.5
"90",-37,-16.5
"90",-37,-15.5
"90",-37,-14.5
"90",-36,-13.5
"90",-35,-12.5
"90",-34,-11.5
"90",-33,-11.5
"90",-32,-10.5
"90",-31,-9.5
"90",-31,-8.5
"90",-31,-7.5
"90",-31,-6.5
"90",-31,-5.5
"90",-31,-4.5
"90",-31,-3.5
"90",-31,-2.5
"90",-31,-1.5
"90",-31,-0.5
"90",-31,0.5
"90",-31,1.5
"90",-31,2.5
"90",-31,3.5
"90",-31,4.5
"90",-31,5.5
"90",-32,5.5
"90",-33,6.5
"90",-33,7.5
"90",-33,8.5
"90",-33,9.5
"90",-33,10.5
"90",-33,11.5
"90",-33,12.5
"90",-33,13.5
"90",-33,14.5
"90",-33,15.5
"90",-33,16.5
"90",-33,17.5
"90",-33,18.5
"90",-33,19.5
"90",-33,20.5
"90",-33,21.5
"90",-33,22.5
"90",-33,23.5
"90",-34,23.5
"90",-35,24.5
"90",-35,25.5
"90",-35,26.5
"90",-35,27.5
"90",-35,28.5
"90",-35,29.5
"90",-35,30.5
"90",-35,31.5
"90",-35,32.5
"90",-35,33.5
"90",-35,34.5
"90",-35,35.5
"90",-35,36.5
"90",-35,37.5
"90",-35,38.5
"90",-34,39.5
"90",-33,40.5
"90",-33,41.5
"90",-33,42.5
"90",-34,43.5
"90",-34,44.5
"90",-33,45.5
"90",-32,46.5
"90",-31,46.5
"90",-30,46.5
"90",-29,46.5
"90",-28,46.5
"90",-27,46.5
"90",-26,47.5
"90",-26,48.5
"90",-27,49.5
"90",-27,50.5
"90",-27,51.5
"90",-27,52.5
"90",-27,53.5
"90",-27,54.5
"90",-27,55.5
"90",-27,56.5
"90",-27,57.5
"90",-27,58.5
"90",-27,59.5
"90",-27,60.5
"90",-26,61.5
"90",-25,62.5
"90",-24,62.5
"90",-23,62.5
"90",-22,62.5
"90",-21,63.5
"90",-20,64.5
"91",-25,-73.5
"91",-26,-72.5
"91",-26,-71.5
"91",-26,-70.5
"91",-25,-69.5
"91",-24,-68.5
"91",-23,-67.5
"91",-22,-66.5
"91",-21,-65.5
"91",-20,-64.5
"91",-19,-63.5
"91",-18,-62.5
"91",-17,-61.5
"91",-16,-60.5
"91",-15,-59.5
"91",-14,-58.5
"91",-13,-57.5
"91",-12,-56.5
"91",-11,-55.5
"91",-10,-54.5
"91",-9,-53.5
"91",-8,-52.5
"91",-7,-51.5
"91",-6,-50.5
"91",-5,-49.5
"91",-4,-48.5
"91",-3,-47.5
"91",-2,-46.5
"91",-1,-45.5
"91",0,-44.5
"91",1,-43.5
"91",2,-42.5
"91",3,-41.5
"91",4,-40.5
"91",5,-39.5
"91",6,-38.5
"91",7,-37.5
"91",8,-36.5
"91",9,-35.5
"91",10,-34.5
"91",11,-33.5
"91",11,-32.5
"91",11,-31.5
"91",11,-30.5
"91",11,-29.5
"91",11,-28.5
"91",11,-27.5
"91",11,-26.5
"91",10,-25.5
"91",9,-24.5
"91",8,-23.5
"91",7,-22.5
"91",6,-21.5
"91",5,-20.5
"91",4,-19.5
"91",3,-18.5
"91",2,-17.5
"91",1,-16.5
"91",0,-15.5
"91",-1,-14.5
"91",-2,-13.5
"91",-3,-12.5
"91",-4,-11.5
"91",-5,-10.5
"91",-6,-9.5
"91",-7,-8.5
"91",-8,-7.5
"91",-9,-6.5
"91",-10,-5.5
"91",-11,-4.5
"91",-12,-3.5
"91",-13,-2.5
"91",-14,-1.5
"91",-15,-0.5
"91",-16,0.5
"91",-17,1.5
"91",-18,2.5
"91",-18,3.5
"91",-18,4.5
"91",-18,5.5
"91",-18,6.5
"91",-18,7.5
"91",-18,8.5
"91",-18,9.5
"91",-18,10.5
"91",-18,11.5
"91",-18,12.5
"91",-18,13.5
"91",-18,14.5
"91",-18,15.5
"91",-18,16.5
"91",-18,17.5
"91",-18,18.5
"91",-18,19.5
"91",-18,20.5
"91",-18,21.5
"91",-18,22.5
"91",-18,23.5
"91",-18,24.5
"91",-18,25.5
"91",-18,26.5
"91",-18,27.5
"91",-18,28.5
"91",-18,29.5
"91",-18,30.5
"91",-18,31.5
"91",-18,32.5
"91",-18,33.5
"91",-18,34.5
"91",-18,35.5
"91",-18,36.5
"91",-18,37.5
"91",-18,38.5
"91",-18,39.5
"91",-19,40.5
"91",-20,41.5
"91",-21,42.5
"91",-22,43.5
"91",-23,44.5
"91",-24,45.5
"91",-24,46.5
"91",-24,47.5
"91",-24,48.5
"91",-24,49.5
"91",-24,50.5
"91",-24,51.5
"91",-24,52.5
"91",-24,53.5
"91",-24,54.5
"91",-24,55.5
"91",-23,56.5
"91",-22,57.5
"91",-21,58.5
"91",-20,59.5
"91",-20,60.5
"91",-20,61.5
"91",-21,62.5
"91",-21,63.5
"91",-20,64.5
"92",-25,-73.5
"92",-24,-72.5
"92",-25,-71.5
"92",-25,-70.5
"92",-25,-69.5
"92",-24,-68.5
"92",-23,-67.5
"92",-22,-66.5
"92",-21,-65.5
"92",-20,-64.5
"92",-19,-63.5
"92",-18,-62.5
"92",-17,-61.5
"92",-16,-60.5
"92",-15,-59.5
"92",-14,-58.5
"92",-13,-57.5
"92",-12,-56.5
"92",-11,-55.5
"92",-10,-54.5
"92",-9,-53.5
"92",-8,-52.5
"92",-7,-51.5
"92",-6,-50.5
"92",-5,-49.5
"92",-4,-48.5
"92",-3,-47.5
"92",-2,-46.5
"92",-1,-45.5
"92",0,-44.5
"92",1,-43.5
"92",2,-42.5
"92",3,-41.5
"92",4,-40.5
"92",5,-39.5
"92",5,-38.5
"92",5,-37.5
"92",5,-36.5
"92",5,-35.5
"92",5,-34.5
"92",5,-33.5
"92",5,-32.5
"92",5,-31.5
"92",5,-30.5
"92",5,-29.5
"92",5,-28.5
"92",5,-27.5
"92",5,-26.5
"92",5,-25.5
"92",5,-24.5
"92",5,-23.5
"92",5,-22.5
"92",5,-21.5
"92",4,-20.5
"92",3,-19.5
"92",2,-18.5
"92",1,-17.5
"92",0,-16.5
"92",-1,-15.5
"92",-2,-14.5
"92",-3,-13.5
"92",-4,-12.5
"92",-5,-11.5
"92",-6,-10.5
"92",-7,-9.5
"92",-8,-8.5
"92",-9,-7.5
"92",-9,-6.5
"92",-10,-5.5
"92",-11,-4.5
"92",-12,-3.5
"92",-13,-2.5
"92",-14,-1.5
"92",-15,-0.5
"92",-16,0.5
"92",-16,1.5
"92",-16,2.5
"92",-16,3.5
"92",-16,4.5
"92",-16,5.5
"92",-16,6.5
"92",-16,7.5
"92",-16,8.5
"92",-16,9.5
"92",-17,10.5
"92",-18,11.5
"92",-18,12.5
"92",-18,13.5
"92",-18,14.5
"92",-18,15.5
"92",-18,16.5
"92",-18,17.5
"92",-18,18.5
"92",-18,19.5
"92",-18,20.5
"92",-18,21.5
"92",-18,22.5
"92",-18,23.5
"92",-18,24.5
"92",-18,25.5
"92",-18,26.5
"92",-18,27.5
"92",-18,28.5
"92",-18,29.5
"92",-18,30.5
"92",-18,31.5
"92",-18,32.5
"92",-18,33.5
"92",-18,34.5
"92",-18,35.5
"92",-18,36.5
"92",-18,37.5
"92",-18,38.5
"92",-18,39.5
"92",-18,40.5
"92",-18,41.5
"92",-19,42.5
"92",-20,43.5
"92",-20,44.5
"92",-20,45.5
"92",-20,46.5
"92",-20,47.5
"92",-20,48.5
"92",-20,49.5
"92",-20,50.5
"92",-20,51.5
"92",-20,52.5
"92",-20,53.5
"92",-20,54.5
"92",-20,55.5
"92",-20,56.5
"92",-20,57.5
"92",-20,58.5
"92",-20,59.5
"92",-20,60.5
"92",-20,61.5
"92",-21,62.5
"92",-21,63.5
"92",-20,64.5
"93",-25,-73.5
"93",-26,-73.5
"93",-27,-73.5
"93",-28,-73.5
"93",-29,-73.5
"93",-30,-73.5
"93",-31,-72.5
"93",-31,-71.5
"93",-32,-70.5
"93",-33,-69.5
"93",-34,-68.5
"93",-33,-67.5
"93",-34,-66.5
"93",-33,-65.5
"93",-32,-64.5
"93",-33,-63.5
"93",-33,-62.5
"93",-33,-61.5
"93",-33,-60.5
"93",-33,-59.5
"93",-33,-58.5
"93",-33,-57.5
"93",-34,-56.5
"93",-34,-55.5
"93",-34,-54.5
"93",-35,-53.5
"93",-35,-52.5
"93",-35,-51.5
"93",-35,-50.5
"93",-35,-49.5
"93",-35,-48.5
"93",-35,-47.5
"93",-35,-46.5
"93",-35,-45.5
"93",-35,-44.5
"93",-35,-43.5
"93",-35,-42.5
"93",-35,-41.5
"93",-35,-40.5
"93",-35,-39.5
"93",-35,-38.5
"93",-35,-37.5
"93",-35,-36.5
"93",-35,-35.5
"93",-36,-34.5
"93",-37,-33.5
"93",-36,-32.5
"93",-36,-31.5
"93",-36,-30.5
"93",-36,-29.5
"93",-36,-28.5
"93",-37,-27.5
"93",-37,-26.5
"93",-37,-25.5
"93",-37,-24.5
"93",-37,-23.5
"93",-37,-22.5
"93",-37,-21.5
"93",-37,-20.5
"93",-37,-19.5
"93",-37,-18.5
"93",-37,-17.5
"93",-37,-16.5
"93",-37,-15.5
"93",-37,-14.5
"93",-36,-13.5
"93",-35,-12.5
"93",-34,-11.5
"93",-33,-11.5
"93",-32,-10.5
"93",-31,-9.5
"93",-31,-8.5
"93",-31,-7.5
"93",-31,-6.5
"93",-31,-5.5
"93",-31,-4.5
"93",-31,-3.5
"93",-31,-2.5
"93",-31,-1.5
"93",-31,-0.5
"93",-31,0.5
"93",-31,1.5
"93",-31,2.5
"93",-32,3.5
"93",-33,4.5
"93",-33,5.5
"93",-33,6.5
"93",-33,7.5
"93",-33,8.5
"93",-33,9.5
"93",-33,10.5
"93",-33,11.5
"93",-33,12.5
"93",-33,13.5
"93",-33,14.5
"93",-33,15.5
"93",-33,16.5
"93",-33,17.5
"93",-33,18.5
"93",-33,19.5
"93",-33,20.5
"93",-33,21.5
"93",-33,22.5
"93",-33,23.5
"93",-34,23.5
"93",-35,24.5
"93",-35,25.5
"93",-35,26.5
"93",-35,27.5
"93",-35,28.5
"93",-35,29.5
"93",-35,30.5
"93",-35,31.5
"93",-35,32.5
"93",-35,33.5
"93",-35,34.5
"93",-35,35.5
"93",-35,36.5
"93",-35,37.5
"93",-35,38.5
"93",-34,39.5
"93",-33,40.5
"93",-33,41.5
"93",-33,42.5
"93",-34,43.5
"93",-34,44.5
"93",-33,45.5
"93",-32,46.5
"93",-31,47.5
"93",-30,47.5
"93",-29,47.5
"93",-28,48.5
"93",-27,49.5
"93",-27,50.5
"93",-27,51.5
"93",-27,52.5
"93",-27,53.5
"93",-27,54.5
"93",-27,55.5
"93",-27,56.5
"93",-27,57.5
"93",-27,58.5
"93",-27,59.5
"93",-26,60.5
"93",-25,61.5
"93",-24,62.5
"93",-23,62.5
"93",-22,62.5
"93",-21,63.5
"93",-20,64.5
"94",-25,-73.5
"94",-26,-72.5
"94",-27,-71.5
"94",-26,-70.5
"94",-25,-69.5
"94",-24,-68.5
"94",-23,-67.5
"94",-22,-66.5
"94",-21,-65.5
"94",-20,-64.5
"94",-19,-63.5
"94",-18,-62.5
"94",-17,-61.5
"94",-16,-60.5
"94",-15,-59.5
"94",-14,-58.5
"94",-13,-57.5
"94",-12,-56.5
"94",-11,-55.5
"94",-10,-54.5
"94",-9,-53.5
"94",-8,-52.5
"94",-7,-51.5
"94",-6,-50.5
"94",-5,-49.5
"94",-4,-48.5
"94",-3,-47.5
"94",-2,-46.5
"94",-1,-45.5
"94",0,-44.5
"94",1,-43.5
"94",2,-42.5
"94",3,-41.5
"94",4,-40.5
"94",5,-39.5
"94",6,-38.5
"94",7,-37.5
"94",8,-36.5
"94",9,-35.5
"94",10,-34.5
"94",10,-33.5
"94",10,-32.5
"94",10,-31.5
"94",10,-30.5
"94",10,-29.5
"94",10,-28.5
"94",10,-27.5
"94",10,-26.5
"94",10,-25.5
"94",9,-24.5
"94",8,-23.5
"94",7,-22.5
"94",6,-21.5
"94",5,-20.5
"94",4,-19.5
"94",3,-18.5
"94",2,-17.5
"94",1,-16.5
"94",0,-15.5
"94",-1,-14.5
"94",-2,-13.5
"94",-3,-12.5
"94",-4,-11.5
"94",-5,-10.5
"94",-6,-9.5
"94",-7,-8.5
"94",-8,-7.5
"94",-9,-6.5
"94",-10,-5.5
"94",-11,-4.5
"94",-12,-3.5
"94",-13,-2.5
"94",-14,-1.5
"94",-15,-0.5
"94",-16,0.5
"94",-17,1.5
"94",-17,2.5
"94",-17,3.5
"94",-17,4.5
"94",-17,5.5
"94",-17,6.5
"94",-17,7.5
"94",-17,8.5
"94",-17,9.5
"94",-17,10.5
"94",-17,11.5
"94",-17,12.5
"94",-18,13.5
"94",-18,14.5
"94",-18,15.5
"94",-18,16.5
"94",-18,17.5
"94",-18,18.5
"94",-18,19.5
"94",-18,20.5
"94",-18,21.5
"94",-18,22.5
"94",-18,23.5
"94",-18,24.5
"94",-18,25.5
"94",-18,26.5
"94",-18,27.5
"94",-18,28.5
"94",-18,29.5
"94",-18,30.5
"94",-18,31.5
"94",-18,32.5
"94",-18,33.5
"94",-18,34.5
"94",-18,35.5
"94",-18,36.5
"94",-18,37.5
"94",-18,38.5
"94",-18,39.5
"94",-19,40.5
"94",-20,41.5
"94",-21,42.5
"94",-22,43.5
"94",-22,44.5
"94",-22,45.5
"94",-22,46.5
"94",-22,47.5
"94",-22,48.5
"94",-22,49.5
"94",-22,50.5
"94",-22,51.5
"94",-22,52.5
"94",-22,53.5
"94",-22,54.5
"94",-22,55.5
"94",-22,56.5
"94",-21,57.5
"94",-20,58.5
"94",-20,59.5
"94",-20,60.5
"94",-20,61.5
"94",-21,62.5
"94",-21,63.5
"94",-20,64.5
"95",-25,-73.5
"95",-24,-72.5
"95",-25,-71.5
"95",-25,-70.5
"95",-25,-69.5
"95",-24,-68.5
"95",-23,-67.5
"95",-22,-66.5
"95",-21,-65.5
"95",-20,-64.5
"95",-19,-63.5
"95",-18,-62.5
"95",-17,-61.5
"95",-16,-60.5
"95",-15,-59.5
"95",-14,-58.5
"95",-13,-57.5
"95",-12,-56.5
"95",-11,-55.5
"95",-10,-54.5
"95",-9,-53.5
"95",-8,-52.5
"95",-7,-51.5
"95",-6,-50.5
"95",-5,-49.5
"95",-4,-48.5
"95",-3,-47.5
"95",-2,-46.5
"95",-1,-45.5
"95",0,-44.5
"95",1,-43.5
"95",2,-42.5
"95",3,-41.5
"95",4,-40.5
"95",5,-39.5
"95",5,-38.5
"95",5,-37.5
"95",5,-36.5
"95",5,-35.5
"95",5,-34.5
"95",5,-33.5
"95",5,-32.5
"95",5,-31.5
"95",5,-30.5
"95",5,-29.5
"95",5,-28.5
"95",5,-27.5
"95",5,-26.5
"95",5,-25.5
"95",5,-24.5
"95",5,-23.5
"95",5,-22.5
"95",5,-21.5
"95",4,-20.5
"95",3,-19.5
"95",2,-18.5
"95",1,-17.5
"95",0,-16.5
"95",-1,-15.5
"95",-2,-14.5
"95",-3,-13.5
"95",-4,-12.5
"95",-5,-11.5
"95",-6,-10.5
"95",-7,-9.5
"95",-8,-8.5
"95",-9,-7.5
"95",-9,-6.5
"95",-10,-5.5
"95",-11,-4.5
"95",-12,-3.5
"95",-13,-2.5
"95",-14,-1.5
"95",-15,-0.5
"95",-16,0.5
"95",-16,1.5
"95",-16,2.5
"95",-16,3.5
"95",-16,4.5
"95",-16,5.5
"95",-16,6.5
"95",-16,7.5
"95",-16,8.5
"95",-16,9.5
"95",-16,10.5
"95",-17,11.5
"95",-18,12.5
"95",-18,13.5
"95",-18,14.5
"95",-18,15.5
"95",-18,16.5
"95",-18,17.5
"95",-18,18.5
"95",-18,19.5
"95",-18,20.5
"95",-18,21.5
"95",-18,22.5
"95",-18,23.5
"95",-18,24.5
"95",-18,25.5
"95",-18,26.5
"95",-18,27.5
"95",-18,28.5
"95",-18,29.5
"95",-18,30.5
"95",-18,31.5
"95",-18,32.5
"95",-18,33.5
"95",-18,34.5
"95",-18,35.5
"95",-18,36.5
"95",-18,37.5
"95",-18,38.5
"95",-18,39.5
"95",-18,40.5
"95",-19,41.5
"95",-20,42.5
"95",-20,43.5
"95",-20,44.5
"95",-20,45.5
"95",-20,46.5
"95",-20,47.5
"95",-20,48.5
"95",-20,49.5
"95",-20,50.5
"95",-20,51.5
"95",-20,52.5
"95",-20,53.5
"95",-20,54.5
"95",-20,55.5
"95",-20,56.5
"95",-20,57.5
"95",-20,58.5
"95",-20,59.5
"95",-20,60.5
"95",-20,61.5
"95",-21,62.5
"95",-21,63.5
"95",-20,64.5
"96",-25,-73.5
"96",-26,-73.5
"96",-27,-72.5
"96",-28,-72.5
"96",-29,-71.5
"96",-30,-71.5
"96",-31,-70.5
"96",-32,-69.5
"96",-33,-68.5
"96",-34,-67.5
"96",-33,-66.5
"96",-34,-65.5
"96",-33,-64.5
"96",-32,-63.5
"96",-33,-62.5
"96",-33,-61.5
"96",-33,-60.5
"96",-33,-59.5
"96",-33,-58.5
"96",-33,-57.5
"96",-34,-56.5
"96",-34,-55.5
"96",-34,-54.5
"96",-35,-53.5
"96",-35,-52.5
"96",-35,-51.5
"96",-35,-50.5
"96",-35,-49.5
"96",-35,-48.5
"96",-35,-47.5
"96",-35,-46.5
"96",-35,-45.5
"96",-35,-44.5
"96",-35,-43.5
"96",-35,-42.5
"96",-35,-41.5
"96",-35,-40.5
"96",-35,-39.5
"96",-35,-38.5
"96",-35,-37.5
"96",-35,-36.5
"96",-35,-35.5
"96",-35,-34.5
"96",-35,-33.5
"96",-34,-32.5
"96",-33,-31.5
"96",-32,-30.5
"96",-31,-29.5
"96",-30,-28.5
"96",-29,-27.5
"96",-29,-26.5
"96",-29,-25.5
"96",-29,-24.5
"96",-29,-23.5
"96",-29,-22.5
"96",-29,-21.5
"96",-29,-20.5
"96",-29,-19.5
"96",-29,-18.5
"96",-29,-17.5
"96",-29,-16.5
"96",-29,-15.5
"96",-29,-14.5
"96",-29,-13.5
"96",-29,-12.5
"96",-29,-11.5
"96",-29,-10.5
"96",-29,-9.5
"96",-29,-8.5
"96",-29,-7.5
"96",-29,-6.5
"96",-29,-5.5
"96",-29,-4.5
"96",-29,-3.5
"96",-29,-2.5
"96",-29,-1.5
"96",-29,-0.5
"96",-29,0.5
"96",-29,1.5
"96",-29,2.5
"96",-29,3.5
"96",-29,4.5
"96",-29,5.5
"96",-29,6.5
"96",-29,7.5
"96",-29,8.5
"96",-29,9.5
"96",-29,10.5
"96",-29,11.5
"96",-29,12.5
"96",-29,13.5
"96",-29,14.5
"96",-29,15.5
"96",-29,16.5
"96",-29,17.5
"96",-29,18.5
"96",-29,19.5
"96",-29,20.5
"96",-29,21.5
"96",-29,22.5
"96",-30,23.5
"96",-31,24.5
"96",-32,25.5
"96",-32,26.5
"96",-32,27.5
"96",-32,28.5
"96",-32,29.5
"96",-32,30.5
"96",-32,31.5
"96",-32,32.5
"96",-33,33.5
"96",-33,34.5
"96",-33,35.5
"96",-33,36.5
"96",-33,37.5
"96",-33,38.5
"96",-33,39.5
"96",-33,40.5
"96",-33,41.5
"96",-33,42.5
"96",-34,43.5
"96",-34,44.5
"96",-33,45.5
"96",-32,46.5
"96",-31,47.5
"96",-30,48.5
"96",-29,49.5
"96",-28,50.5
"96",-27,51.5
"96",-27,52.5
"96",-27,53.5
"96",-27,54.5
"96",-27,55.5
"96",-27,56.5
"96",-27,57.5
"96",-26,58.5
"96",-25,59.5
"96",-24,60.5
"96",-23,61.5
"96",-22,62.5
"96",-21,63.5
"96",-20,64.5
"97",-25,-73.5
"97",-26,-72.5
"97",-27,-71.5
"97",-28,-70.5
"97",-29,-69.5
"97",-30,-68.5
"97",-31,-67.5
"97",-32,-66.5
"97",-33,-65.5
"97",-34,-64.5
"97",-35,-63.5
"97",-36,-62.5
"97",-37,-61.5
"97",-37,-60.5
"97",-37,-59.5
"97",-37,-58.5
"97",-37,-57.5
"97",-36,-56.5
"97",-35,-55.5
"97",-34,-54.5
"97",-34,-53.5
"97",-34,-52.5
"97",-34,-51.5
"97",-34,-50.5
"97",-34,-49.5
"97",-34,-48.5
"97",-34,-47.5
"97",-34,-46.5
"97",-34,-45.5
"97",-34,-44.5
"97",-34,-43.5
"97",-34,-42.5
"97",-34,-41.5
"97",-34,-40.5
"97",-34,-39.5
"97",-34,-38.5
"97",-34,-37.5
"97",-34,-36.5
"97",-34,-35.5
"97",-34,-34.5
"97",-34,-33.5
"97",-34,-32.5
"97",-34,-31.5
"97",-34,-30.5
"97",-34,-29.5
"97",-34,-28.5
"97",-34,-27.5
"97",-34,-26.5
"97",-34,-25.5
"97",-34,-24.5
"97",-34,-23.5
"97",-34,-22.5
"97",-34,-21.5
"97",-34,-20.5
"97",-34,-19.5
"97",-34,-18.5
"97",-34,-17.5
"97",-34,-16.5
"97",-34,-15.5
"97",-34,-14.5
"97",-34,-13.5
"97",-34,-12.5
"97",-34,-11.5
"97",-34,-10.5
"97",-34,-9.5
"97",-34,-8.5
"97",-34,-7.5
"97",-34,-6.5
"97",-34,-5.5
"97",-34,-4.5
"97",-34,-3.5
"97",-34,-2.5
"97",-34,-1.5
"97",-34,-0.5
"97",-34,0.5
"97",-34,1.5
"97",-34,2.5
"97",-34,3.5
"97",-34,4.5
"97",-34,5.5
"97",-34,6.5
"97",-34,7.5
"97",-34,8.5
"97",-34,9.5
"97",-34,10.5
"97",-34,11.5
"97",-35,12.5
"97",-36,13.5
"97",-37,14.5
"97",-38,15.5
"97",-38,16.5
"97",-38,17.5
"97",-38,18.5
"97",-38,19.5
"97",-38,20.5
"97",-38,21.5
"97",-38,22.5
"97",-38,23.5
"97",-38,24.5
"97",-38,25.5
"97",-38,26.5
"97",-38,27.5
"97",-38,28.5
"97",-38,29.5
"97",-38,30.5
"97",-38,31.5
"97",-38,32.5
"97",-38,33.5
"97",-38,34.5
"97",-38,35.5
"97",-38,36.5
"97",-38,37.5
"97",-38,38.5
"97",-38,39.5
"97",-38,40.5
"97",-38,41.5
"97",-38,42.5
"97",-38,43.5
"97",-38,44.5
"97",-38,45.5
"97",-37,46.5
"97",-36,47.5
"97",-35,48.5
"97",-34,49.5
"97",-33,50.5
"97",-32,51.5
"97",-31,52.5
"97",-30,53.5
"97",-29,54.5
"97",-28,55.5
"97",-27,56.5
"97",-26,57.5
"97",-25,58.5
"97",-24,59.5
"97",-23,60.5
"97",-22,61.5
"97",-21,62.5
"97",-21,63.5
"97",-20,64.5
"98",-25,-73.5
"98",-24,-72.5
"98",-25,-71.5
"98",-25,-70.5
"98",-25,-69.5
"98",-25,-68.5
"98",-24,-67.5
"98",-23,-66.5
"98",-22,-65.5
"98",-21,-64.5
"98",-20,-63.5
"98",-19,-62.5
"98",-19,-61.5
"98",-18,-60.5
"98",-17,-59.5
"98",-16,-58.5
"98",-15,-57.5
"98",-14,-56.5
"98",-13,-55.5
"98",-12,-55.5
"98",-11,-55.5
"98",-10,-54.5
"98",-9,-53.5
"98",-8,-52.5
"98",-7,-52.5
"98",-6,-52.5
"98",-5,-51.5
"98",-4,-51.5
"98",-3,-50.5
"98",-2,-49.5
"98",-1,-48.5
"98",0,-47.5
"98",1,-46.5
"98",2,-45.5
"98",3,-44.5
"98",4,-44.5
"98",5,-43.5
"98",6,-43.5
"98",7,-43.5
"98",8,-42.5
"98",9,-41.5
"98",10,-41.5
"98",11,-40.5
"98",11,-39.5
"98",12,-38.5
"98",13,-37.5
"98",14,-36.5
"98",15,-35.5
"98",15,-34.5
"98",15,-33.5
"98",15,-32.5
"98",15,-31.5
"98",15,-30.5
"98",14,-29.5
"98",13,-28.5
"98",12,-27.5
"98",11,-26.5
"98",10,-25.5
"98",9,-24.5
"98",8,-23.5
"98",7,-22.5
"98",6,-21.5
"98",5,-20.5
"98",4,-19.5
"98",3,-18.5
"98",2,-17.5
"98",1,-16.5
"98",0,-15.5
"98",-1,-14.5
"98",-2,-13.5
"98",-3,-12.5
"98",-4,-11.5
"98",-5,-10.5
"98",-6,-9.5
"98",-7,-8.5
"98",-8,-7.5
"98",-9,-6.5
"98",-10,-5.5
"98",-11,-4.5
"98",-12,-3.5
"98",-13,-2.5
"98",-14,-1.5
"98",-15,-0.5
"98",-16,0.5
"98",-16,1.5
"98",-16,2.5
"98",-16,3.5
"98",-16,4.5
"98",-16,5.5
"98",-16,6.5
"98",-16,7.5
"98",-16,8.5
"98",-16,9.5
"98",-16,10.5
"98",-17,10.5
"98",-18,11.5
"98",-18,12.5
"98",-18,13.5
"98",-18,14.5
"98",-18,15.5
"98",-18,16.5
"98",-18,17.5
"98",-18,18.5
"98",-18,19.5
"98",-18,20.5
"98",-18,21.5
"98",-18,22.5
"98",-18,23.5
"98",-18,24.5
"98",-18,25.5
"98",-18,26.5
"98",-18,27.5
"98",-18,28.5
"98",-18,29.5
"98",-18,30.5
"98",-18,31.5
"98",-18,32.5
"98",-18,33.5
"98",-18,34.5
"98",-18,35.5
"98",-18,36.5
"98",-18,37.5
"98",-18,38.5
"98",-18,39.5
"98",-18,40.5
"98",-18,41.5
"98",-19,42.5
"98",-20,43.5
"98",-20,44.5
"98",-20,45.5
"98",-20,46.5
"98",-20,47.5
"98",-20,48.5
"98",-20,49.5
"98",-20,50.5
"98",-20,51.5
"98",-20,52.5
"98",-20,53.5
"98",-20,54.5
"98",-20,55.5
"98",-20,56.5
"98",-20,57.5
"98",-20,58.5
"98",-20,59.5
"98",-20,60.5
"98",-20,61.5
"98",-21,61.5
"98",-21,62.5
"98",-21,63.5
"98",-20,64.5
"99",-25,-73.5
"99",-24,-72.5
"99",-23,-72.5
"99",-22,-71.5
"99",-21,-71.5
"99",-20,-71.5
"99",-19,-71.5
"99",-18,-70.5
"99",-19,-69.5
"99",-19,-68.5
"99",-19,-67.5
"99",-18,-66.5
"99",-17,-65.5
"99",-16,-65.5
"99",-15,-65.5
"99",-14,-65.5
"99",-13,-64.5
"99",-12,-64.5
"99",-11,-64.5
"99",-10,-64.5
"99",-9,-64.5
"99",-8,-63.5
"99",-7,-63.5
"99",-6,-63.5
"99",-5,-62.5
"99",-4,-62.5
"99",-3,-61.5
"99",-2,-60.5
"99",-1,-60.5
"99",0,-59.5
"99",1,-58.5
"99",2,-58.5
"99",3,-57.5
"99",4,-57.5
"99",5,-57.5
"99",6,-56.5
"99",7,-55.5
"99",8,-54.5
"99",9,-53.5
"99",8,-52.5
"99",9,-51.5
"99",8,-50.5
"99",9,-49.5
"99",8,-48.5
"99",9,-47.5
"99",10,-47.5
"99",11,-46.5
"99",11,-45.5
"99",11,-44.5
"99",11,-43.5
"99",11,-42.5
"99",11,-41.5
"99",11,-40.5
"99",11,-39.5
"99",12,-38.5
"99",13,-37.5
"99",13,-36.5
"99",13,-35.5
"99",13,-34.5
"99",13,-33.5
"99",13,-32.5
"99",13,-31.5
"99",13,-30.5
"99",13,-29.5
"99",13,-28.5
"99",12,-27.5
"99",11,-26.5
"99",10,-25.5
"99",9,-24.5
"99",8,-23.5
"99",7,-22.5
"99",6,-21.5
"99",5,-20.5
"99",4,-19.5
"99",3,-18.5
"99",2,-17.5
"99",1,-16.5
"99",0,-15.5
"99",-1,-14.5
"99",-2,-13.5
"99",-3,-12.5
"99",-4,-11.5
"99",-5,-10.5
"99",-6,-9.5
"99",-7,-9.5
"99",-8,-8.5
"99",-9,-7.5
"99",-9,-6.5
"99",-10,-5.5
"99",-11,-4.5
"99",-12,-3.5
"99",-13,-2.5
"99",-14,-1.5
"99",-15,-0.5
"99",-16,0.5
"99",-16,1.5
"99",-16,2.5
"99",-16,3.5
"99",-16,4.5
"99",-16,5.5
"99",-16,6.5
"99",-16,7.5
"99",-16,8.5
"99",-16,9.5
"99",-16,10.5
"99",-17,10.5
"99",-18,11.5
"99",-18,12.5
"99",-18,13.5
"99",-18,14.5
"99",-18,15.5
"99",-18,16.5
"99",-18,17.5
"99",-18,18.5
"99",-18,19.5
"99",-18,20.5
"99",-18,21.5
"99",-18,22.5
"99",-18,23.5
"99",-18,24.5
"99",-18,25.5
"99",-18,26.5
"99",-18,27.5
"99",-18,28.5
"99",-18,29.5
"99",-18,30.5
"99",-18,31.5
"99",-18,32.5
"99",-18,33.5
"99",-18,34.5
"99",-18,35.5
"99",-18,36.5
"99",-18,37.5
"99",-18,38.5
"99",-18,39.5
"99",-18,40.5
"99",-18,41.5
"99",-19,41.5
"99",-20,42.5
"99",-20,43.5
"99",-20,44.5
"99",-20,45.5
"99",-20,46.5
"99",-20,47.5
"99",-20,48.5
"99",-20,49.5
"99",-20,50.5
"99",-20,51.5
"99",-20,52.5
"99",-20,53.5
"99",-20,54.5
"99",-20,55.5
"99",-20,56.5
"99",-20,57.5
"99",-20,58.5
"99",-20,59.5
"99",-20,60.5
"99",-20,61.5
"99",-21,61.5
"99",-22,62.5
"99",-21,63.5
"99",-20,64.5
"100",-25,-73.5
"100",-24,-72.5
"100",-23,-72.5
"100",-22,-71.5
"100",-21,-71.5
"100",-20,-71.5
"100",-19,-71.5
"100",-18,-70.5
"100",-19,-69.5
"100",-19,-68.5
"100",-19,-67.5
"100",-19,-66.5
"100",-19,-65.5
"100",-19,-64.5
"100",-19,-63.5
"100",-19,-62.5
"100",-19,-61.5
"100",-18,-60.5
"100",-17,-59.5
"100",-18,-58.5
"100",-17,-57.5
"100",-18,-56.5
"100",-17,-55.5
"100",-16,-55.5
"100",-15,-54.5
"100",-14,-54.5
"100",-13,-53.5
"100",-12,-53.5
"100",-11,-53.5
"100",-10,-52.5
"100",-9,-52.5
"100",-8,-51.5
"100",-7,-51.5
"100",-6,-51.5
"100",-6,-50.5
"100",-5,-49.5
"100",-4,-48.5
"100",-3,-48.5
"100",-2,-48.5
"100",-1,-48.5
"100",0,-47.5
"100",1,-46.5
"100",1,-45.5
"100",1,-44.5
"100",2,-43.5
"100",3,-42.5
"100",4,-42.5
"100",5,-41.5
"100",4,-40.5
"100",5,-39.5
"100",5,-38.5
"100",5,-37.5
"100",5,-36.5
"100",5,-35.5
"100",5,-34.5
"100",5,-33.5
"100",5,-32.5
"100",5,-31.5
"100",5,-30.5
"100",5,-29.5
"100",5,-28.5
"100",5,-27.5
"100",5,-26.5
"100",5,-25.5
"100",5,-24.5
"100",5,-23.5
"100",5,-22.5
"100",5,-21.5
"100",5,-20.5
"100",4,-19.5
"100",3,-18.5
"100",3,-17.5
"100",2,-16.5
"100",1,-16.5
"100",1,-15.5
"100",1,-14.5
"100",1,-13.5
"100",0,-12.5
"100",-1,-11.5
"100",-2,-10.5
"100",-3,-9.5
"100",-4,-8.5
"100",-5,-7.5
"100",-6,-6.5
"100",-7,-6.5
"100",-8,-5.5
"100",-9,-4.5
"100",-10,-4.5
"100",-11,-3.5
"100",-12,-3.5
"100",-13,-2.5
"100",-14,-1.5
"100",-15,-1.5
"100",-16,-0.5
"100",-16,0.5
"100",-16,1.5
"100",-16,2.5
"100",-16,3.5
"100",-16,4.5
"100",-16,5.5
"100",-16,6.5
"100",-16,7.5
"100",-16,8.5
"100",-16,9.5
"100",-16,10.5
"100",-17,10.5
"100",-18,11.5
"100",-18,12.5
"100",-18,13.5
"100",-18,14.5
"100",-18,15.5
"100",-18,16.5
"100",-18,17.5
"100",-18,18.5
"100",-18,19.5
"100",-18,20.5
"100",-18,21.5
"100",-18,22.5
"100",-18,23.5
"100",-18,24.5
"100",-18,25.5
"100",-18,26.5
"100",-18,27.5
"100",-18,28.5
"100",-18,29.5
"100",-18,30.5
"100",-18,31.5
"100",-18,32.5
"100",-18,33.5
"100",-18,34.5
"100",-18,35.5
"100",-18,36.5
"100",-18,37.5
"100",-18,38.5
"100",-18,39.5
"100",-18,40.5
"100",-19,40.5
"100",-20,41.5
"100",-20,42.5
"100",-20,43.5
"100",-20,44.5
"100",-20,45.5
"100",-20,46.5
"100",-20,47.5
"100",-20,48.5
"100",-20,49.5
"100",-20,50.5
"100",-20,51.5
"100",-20,52.5
"100",-20,53.5
"100",-20,54.5
"100",-20,55.5
"100",-20,56.5
"100",-20,57.5
"100",-20,58.5
"100",-20,59.5
"100",-20,60.5
"100",-20,61.5
"100",-21,61.5
"100",-22,62.5
"100",-21,63.5
"100",-20,64.5
"101",-25,-73.5
"101",-24,-72.5
"101",-23,-72.5
"101",-22,-71.5
"101",-21,-71.5
"101",-20,-71.5
"101",-19,-71.5
"101",-18,-70.5
"101",-19,-69.5
"101",-19,-68.5
"101",-19,-67.5
"101",-19,-66.5
"101",-19,-65.5
"101",-19,-64.5
"101",-19,-63.5
"101",-19,-62.5
"101",-19,-61.5
"101",-18,-60.5
"101",-17,-59.5
"101",-18,-58.5
"101",-17,-57.5
"101",-18,-56.5
"101",-17,-55.5
"101",-16,-55.5
"101",-15,-54.5
"101",-14,-54.5
"101",-13,-53.5
"101",-12,-53.5
"101",-11,-53.5
"101",-10,-52.5
"101",-9,-52.5
"101",-8,-52.5
"101",-7,-52.5
"101",-6,-52.5
"101",-6,-51.5
"101",-6,-50.5
"101",-5,-49.5
"101",-4,-48.5
"101",-3,-48.5
"101",-2,-48.5
"101",-1,-48.5
"101",0,-47.5
"101",1,-46.5
"101",1,-45.5
"101",1,-44.5
"101",2,-43.5
"101",3,-42.5
"101",4,-42.5
"101",5,-41.5
"101",4,-40.5
"101",5,-39.5
"101",5,-38.5
"101",5,-37.5
"101",5,-36.5
"101",5,-35.5
"101",5,-34.5
"101",5,-33.5
"101",5,-32.5
"101",5,-31.5
"101",5,-30.5
"101",5,-29.5
"101",5,-28.5
"101",5,-27.5
"101",5,-26.5
"101",5,-25.5
"101",5,-24.5
"101",5,-23.5
"101",5,-22.5
"101",5,-21.5
"101",5,-20.5
"101",4,-19.5
"101",3,-18.5
"101",3,-17.5
"101",3,-16.5
"101",3,-15.5
"101",3,-14.5
"101",3,-13.5
"101",3,-12.5
"101",3,-11.5
"101",3,-10.5
"101",2,-9.5
"101",1,-9.5
"101",0,-8.5
"101",-1,-7.5
"101",-1,-6.5
"101",-2,-5.5
"101",-3,-4.5
"101",-3,-3.5
"101",-3,-2.5
"101",-3,-1.5
"101",-4,-1.5
"101",-5,-1.5
"101",-6,-0.5
"101",-7,-0.5
"101",-8,0.5
"101",-9,1.5
"101",-10,1.5
"101",-11,2.5
"101",-11,3.5
"101",-11,4.5
"101",-11,5.5
"101",-12,5.5
"101",-13,6.5
"101",-14,6.5
"101",-14,7.5
"101",-15,7.5
"101",-16,7.5
"101",-16,8.5
"101",-16,9.5
"101",-16,10.5
"101",-17,10.5
"101",-18,11.5
"101",-18,12.5
"101",-18,13.5
"101",-18,14.5
"101",-18,15.5
"101",-18,16.5
"101",-18,17.5
"101",-18,18.5
"101",-18,19.5
"101",-18,20.5
"101",-18,21.5
"101",-18,22.5
"101",-18,23.5
"101",-18,24.5
"101",-18,25.5
"101",-18,26.5
"101",-18,27.5
"101",-18,28.5
"101",-18,29.5
"101",-18,30.5
"101",-18,31.5
"101",-18,32.5
"101",-18,33.5
"101",-18,34.5
"101",-18,35.5
"101",-18,36.5
"101",-18,37.5
"101",-18,38.5
"101",-18,39.5
"101",-18,40.5
"101",-19,40.5
"101",-20,41.5
"101",-20,42.5
"101",-20,43.5
"101",-20,44.5
"101",-20,45.5
"101",-20,46.5
"101",-20,47.5
"101",-20,48.5
"101",-20,49.5
"101",-20,50.5
"101",-20,51.5
"101",-20,52.5
"101",-20,53.5
"101",-20,54.5
"101",-20,55.5
"101",-20,56.5
"101",-20,57.5
"101",-20,58.5
"101",-20,59.5
"101",-20,60.5
"101",-20,61.5
"101",-21,61.5
"101",-22,62.5
"101",-21,63.5
"101",-20,64.5
"102",-25,-73.5
"102",-24,-72.5
"102",-25,-71.5
"102",-25,-70.5
"102",-25,-69.5
"102",-24,-68.5
"102",-23,-67.5
"102",-22,-66.5
"102",-21,-65.5
"102",-20,-64.5
"102",-19,-63.5
"102",-18,-62.5
"102",-17,-61.5
"102",-16,-60.5
"102",-15,-59.5
"102",-14,-58.5
"102",-13,-57.5
"102",-12,-56.5
"102",-11,-55.5
"102",-10,-54.5
"102",-9,-53.5
"102",-8,-52.5
"102",-7,-51.5
"102",-6,-50.5
"102",-5,-49.5
"102",-4,-48.5
"102",-3,-47.5
"102",-2,-46.5
"102",-1,-46.5
"102",0,-45.5
"102",1,-44.5
"102",2,-43.5
"102",3,-42.5
"102",4,-41.5
"102",4,-40.5
"102",5,-39.5
"102",6,-38.5
"102",7,-37.5
"102",8,-36.5
"102",9,-35.5
"102",10,-34.5
"102",11,-33.5
"102",11,-32.5
"102",11,-31.5
"102",11,-30.5
"102",11,-29.5
"102",11,-28.5
"102",11,-27.5
"102",11,-26.5
"102",10,-25.5
"102",9,-24.5
"102",8,-23.5
"102",7,-22.5
"102",6,-21.5
"102",5,-20.5
"102",4,-19.5
"102",3,-18.5
"102",2,-17.5
"102",1,-16.5
"102",0,-15.5
"102",-1,-14.5
"102",-2,-13.5
"102",-3,-12.5
"102",-4,-11.5
"102",-5,-10.5
"102",-6,-9.5
"102",-7,-8.5
"102",-8,-7.5
"102",-9,-6.5
"102",-10,-5.5
"102",-11,-4.5
"102",-12,-3.5
"102",-13,-2.5
"102",-14,-1.5
"102",-15,-0.5
"102",-16,0.5
"102",-17,1.5
"102",-18,2.5
"102",-18,3.5
"102",-18,4.5
"102",-18,5.5
"102",-18,6.5
"102",-18,7.5
"102",-18,8.5
"102",-18,9.5
"102",-18,10.5
"102",-18,11.5
"102",-18,12.5
"102",-18,13.5
"102",-18,14.5
"102",-18,15.5
"102",-18,16.5
"102",-18,17.5
"102",-18,18.5
"102",-18,19.5
"102",-18,20.5
"102",-18,21.5
"102",-18,22.5
"102",-18,23.5
"102",-18,24.5
"102",-18,25.5
"102",-18,26.5
"102",-18,27.5
"102",-18,28.5
"102",-18,29.5
"102",-18,30.5
"102",-18,31.5
"102",-18,32.5
"102",-18,33.5
"102",-18,34.5
"102",-18,35.5
"102",-18,36.5
"102",-18,37.5
"102",-18,38.5
"102",-18,39.5
"102",-18,40.5
"102",-18,41.5
"102",-19,42.5
"102",-20,43.5
"102",-20,44.5
"102",-20,45.5
"102",-20,46.5
"102",-20,47.5
"102",-20,48.5
"102",-20,49.5
"102",-20,50.5
"102",-20,51.5
"102",-20,52.5
"102",-20,53.5
"102",-20,54.5
"102",-20,55.5
"102",-20,56.5
"102",-20,57.5
"102",-20,58.5
"102",-20,59.5
"102",-20,60.5
"102",-20,61.5
"102",-21,62.5
"102",-21,63.5
"102",-20,64.5
"103",-25,-73.5
"103",-24,-72.5
"103",-25,-71.5
"103",-25,-70.5
"103",-25,-69.5
"103",-24,-68.5
"103",-23,-67.5
"103",-22,-66.5
"103",-21,-65.5
"103",-20,-64.5
"103",-19,-63.5
"103",-19,-62.5
"103",-19,-61.5
"103",-18,-60.5
"103",-17,-59.5
"103",-16,-58.5
"103",-15,-57.5
"103",-14,-56.5
"103",-13,-55.5
"103",-12,-55.5
"103",-11,-55.5
"103",-10,-54.5
"103",-9,-53.5
"103",-8,-52.5
"103",-7,-52.5
"103",-6,-52.5
"103",-5,-51.5
"103",-4,-51.5
"103",-3,-50.5
"103",-2,-49.5
"103",-1,-48.5
"103",0,-47.5
"103",1,-46.5
"103",2,-45.5
"103",3,-44.5
"103",4,-44.5
"103",5,-43.5
"103",6,-43.5
"103",7,-43.5
"103",8,-42.5
"103",9,-41.5
"103",10,-41.5
"103",11,-40.5
"103",12,-39.5
"103",13,-38.5
"103",13,-37.5
"103",13,-36.5
"103",13,-35.5
"103",13,-34.5
"103",13,-33.5
"103",13,-32.5
"103",13,-31.5
"103",13,-30.5
"103",13,-29.5
"103",13,-28.5
"103",12,-27.5
"103",11,-26.5
"103",10,-25.5
"103",9,-24.5
"103",8,-23.5
"103",7,-22.5
"103",6,-21.5
"103",5,-20.5
"103",4,-19.5
"103",3,-18.5
"103",2,-17.5
"103",1,-16.5
"103",0,-15.5
"103",-1,-14.5
"103",-2,-13.5
"103",-3,-12.5
"103",-4,-11.5
"103",-5,-10.5
"103",-6,-9.5
"103",-7,-8.5
"103",-8,-7.5
"103",-9,-6.5
"103",-10,-5.5
"103",-11,-4.5
"103",-12,-3.5
"103",-13,-2.5
"103",-14,-1.5
"103",-15,-0.5
"103",-16,0.5
"103",-16,1.5
"103",-16,2.5
"103",-16,3.5
"103",-16,4.5
"103",-16,5.5
"103",-16,6.5
"103",-16,7.5
"103",-16,8.5
"103",-16,9.5
"103",-16,10.5
"103",-17,10.5
"103",-18,11.5
"103",-18,12.5
"103",-18,13.5
"103",-18,14.5
"103",-18,15.5
"103",-18,16.5
"103",-18,17.5
"103",-18,18.5
"103",-18,19.5
"103",-18,20.5
"103",-18,21.5
"103",-18,22.5
"103",-18,23.5
"103",-18,24.5
"103",-18,25.5
"103",-18,26.5
"103",-18,27.5
"103",-18,28.5
"103",-18,29.5
"103",-18,30.5
"103",-18,31.5
"103",-18,32.5
"103",-18,33.5
"103",-18,34.5
"103",-18,35.5
"103",-18,36.5
"103",-18,37.5
"103",-18,38.5
"103",-18,39.5
"103",-18,40.5
"103",-18,41.5
"103",-19,42.5
"103",-20,43.5
"103",-20,44.5
"103",-20,45.5
"103",-20,46.5
"103",-20,47.5
"103",-20,48.5
"103",-20,49.5
"103",-20,50.5
"103",-20,51.5
"103",-20,52.5
"103",-20,53.5
"103",-20,54.5
"103",-20,55.5
"103",-20,56.5
"103",-20,57.5
"103",-20,58.5
"103",-20,59.5
"103",-20,60.5
"103",-20,61.5
"103",-21,62.5
"103",-21,63.5
"103",-20,64.5
"104",-25,-73.5
"104",-24,-72.5
"104",-23,-72.5
"104",-22,-71.5
"104",-21,-71.5
"104",-20,-71.5
"104",-19,-71.5
"104",-18,-70.5
"104",-19,-69.5
"104",-19,-68.5
"104",-19,-67.5
"104",-19,-66.5
"104",-19,-65.5
"104",-19,-64.5
"104",-19,-63.5
"104",-19,-62.5
"104",-19,-61.5
"104",-18,-60.5
"104",-17,-59.5
"104",-18,-58.5
"104",-17,-57.5
"104",-18,-56.5
"104",-17,-55.5
"104",-16,-55.5
"104",-15,-54.5
"104",-14,-54.5
"104",-13,-53.5
"104",-12,-53.5
"104",-11,-53.5
"104",-10,-52.5
"104",-9,-51.5
"104",-8,-50.5
"104",-7,-50.5
"104",-6,-50.5
"104",-5,-49.5
"104",-4,-48.5
"104",-3,-47.5
"104",-2,-46.5
"104",-1,-46.5
"104",0,-45.5
"104",1,-44.5
"104",2,-43.5
"104",3,-42.5
"104",4,-42.5
"104",5,-41.5
"104",4,-40.5
"104",5,-39.5
"104",5,-38.5
"104",5,-37.5
"104",5,-36.5
"104",5,-35.5
"104",5,-34.5
"104",5,-33.5
"104",5,-32.5
"104",5,-31.5
"104",5,-30.5
"104",5,-29.5
"104",5,-28.5
"104",5,-27.5
"104",5,-26.5
"104",5,-25.5
"104",5,-24.5
"104",5,-23.5
"104",5,-22.5
"104",5,-21.5
"104",5,-20.5
"104",4,-19.5
"104",3,-18.5
"104",2,-17.5
"104",1,-16.5
"104",1,-15.5
"104",1,-14.5
"104",1,-13.5
"104",0,-12.5
"104",-1,-11.5
"104",-2,-10.5
"104",-3,-9.5
"104",-4,-8.5
"104",-5,-7.5
"104",-6,-6.5
"104",-7,-6.5
"104",-8,-5.5
"104",-9,-4.5
"104",-10,-4.5
"104",-11,-3.5
"104",-12,-3.5
"104",-13,-2.5
"104",-14,-1.5
"104",-15,-0.5
"104",-16,0.5
"104",-16,1.5
"104",-16,2.5
"104",-16,3.5
"104",-16,4.5
"104",-16,5.5
"104",-16,6.5
"104",-16,7.5
"104",-16,8.5
"104",-16,9.5
"104",-16,10.5
"104",-17,10.5
"104",-18,11.5
"104",-18,12.5
"104",-18,13.5
"104",-18,14.5
"104",-18,15.5
"104",-18,16.5
"104",-18,17.5
"104",-18,18.5
"104",-18,19.5
"104",-18,20.5
"104",-18,21.5
"104",-18,22.5
"104",-18,23.5
"104",-18,24.5
"104",-18,25.5
"104",-18,26.5
"104",-18,27.5
"104",-18,28.5
"104",-18,29.5
"104",-18,30.5
"104",-18,31.5
"104",-18,32.5
"104",-18,33.5
"104",-18,34.5
"104",-18,35.5
"104",-18,36.5
"104",-18,37.5
"104",-18,38.5
"104",-18,39.5
"104",-18,40.5
"104",-19,40.5
"104",-20,41.5
"104",-20,42.5
"104",-20,43.5
"104",-20,44.5
"104",-20,45.5
"104",-20,46.5
"104",-20,47.5
"104",-20,48.5
"104",-20,49.5
"104",-20,50.5
"104",-20,51.5
"104",-20,52.5
"104",-20,53.5
"104",-20,54.5
"104",-20,55.5
"104",-20,56.5
"104",-20,57.5
"104",-20,58.5
"104",-20,59.5
"104",-20,60.5
"104",-20,61.5
"104",-21,61.5
"104",-22,62.5
"104",-21,63.5
"104",-20,64.5
"105",-25,-73.5
"105",-24,-72.5
"105",-23,-72.5
"105",-22,-71.5
"105",-21,-71.5
"105",-20,-71.5
"105",-19,-71.5
"105",-18,-70.5
"105",-19,-69.5
"105",-19,-68.5
"105",-19,-67.5
"105",-19,-66.5
"105",-19,-65.5
"105",-19,-64.5
"105",-19,-63.5
"105",-19,-62.5
"105",-19,-61.5
"105",-18,-60.5
"105",-17,-59.5
"105",-18,-58.5
"105",-17,-57.5
"105",-18,-56.5
"105",-17,-55.5
"105",-16,-55.5
"105",-15,-54.5
"105",-14,-54.5
"105",-13,-53.5
"105",-12,-53.5
"105",-11,-53.5
"105",-10,-52.5
"105",-9,-52.5
"105",-8,-51.5
"105",-7,-51.5
"105",-6,-51.5
"105",-6,-50.5
"105",-5,-49.5
"105",-4,-48.5
"105",-3,-48.5
"105",-2,-48.5
"105",-1,-48.5
"105",0,-47.5
"105",1,-46.5
"105",1,-45.5
"105",1,-44.5
"105",2,-43.5
"105",3,-42.5
"105",4,-42.5
"105",5,-41.5
"105",4,-40.5
"105",5,-39.5
"105",5,-38.5
"105",5,-37.5
"105",5,-36.5
"105",5,-35.5
"105",5,-34.5
"105",5,-33.5
"105",5,-32.5
"105",5,-31.5
"105",5,-30.5
"105",5,-29.5
"105",5,-28.5
"105",5,-27.5
"105",5,-26.5
"105",5,-25.5
"105",5,-24.5
"105",5,-23.5
"105",5,-22.5
"105",5,-21.5
"105",5,-20.5
"105",4,-19.5
"105",3,-18.5
"105",3,-17.5
"105",3,-16.5
"105",2,-15.5
"105",1,-15.5
"105",1,-14.5
"105",1,-13.5
"105",0,-12.5
"105",-1,-11.5
"105",-2,-10.5
"105",-3,-9.5
"105",-4,-8.5
"105",-5,-7.5
"105",-6,-6.5
"105",-7,-6.5
"105",-8,-5.5
"105",-9,-4.5
"105",-10,-4.5
"105",-11,-3.5
"105",-12,-3.5
"105",-13,-2.5
"105",-14,-1.5
"105",-15,-1.5
"105",-16,-0.5
"105",-16,0.5
"105",-16,1.5
"105",-16,2.5
"105",-16,3.5
"105",-16,4.5
"105",-16,5.5
"105",-16,6.5
"105",-16,7.5
"105",-16,8.5
"105",-16,9.5
"105",-16,10.5
"105",-17,10.5
"105",-18,11.5
"105",-18,12.5
"105",-18,13.5
"105",-18,14.5
"105",-18,15.5
"105",-18,16.5
"105",-18,17.5
"105",-18,18.5
"105",-18,19.5
"105",-18,20.5
"105",-18,21.5
"105",-18,22.5
"105",-18,23.5
"105",-18,24.5
"105",-18,25.5
"105",-18,26.5
"105",-18,27.5
"105",-18,28.5
"105",-18,29.5
"105",-18,30.5
"105",-18,31.5
"105",-18,32.5
"105",-18,33.5
"105",-18,34.5
"105",-18,35.5
"105",-18,36.5
"105",-18,37.5
"105",-18,38.5
"105",-18,39.5
"105",-18,40.5
"105",-19,40.5
"105",-20,41.5
"105",-20,42.5
"105",-20,43.5
"105",-20,44.5
"105",-20,45.5
"105",-20,46.5
"105",-20,47.5
"105",-20,48.5
"105",-20,49.5
"105",-20,50.5
"105",-20,51.5
"105",-20,52.5
"105",-20,53.5
"105",-20,54.5
"105",-20,55.5
"105",-20,56.5
"105",-20,57.5
"105",-20,58.5
"105",-20,59.5
"105",-20,60.5
"105",-20,61.5
"105",-21,61.5
"105",-22,62.5
"105",-21,63.5
"105",-20,64.5
"106",-25,-73.5
"106",-26,-73.5
"106",-27,-73.5
"106",-28,-73.5
"106",-29,-73.5
"106",-30,-73.5
"106",-31,-72.5
"106",-31,-71.5
"106",-32,-70.5
"106",-33,-69.5
"106",-33,-68.5
"106",-33,-67.5
"106",-33,-66.5
"106",-33,-65.5
"106",-33,-64.5
"106",-33,-63.5
"106",-33,-62.5
"106",-33,-61.5
"106",-33,-60.5
"106",-33,-59.5
"106",-33,-58.5
"106",-33,-57.5
"106",-33,-56.5
"106",-33,-55.5
"106",-33,-54.5
"106",-34,-53.5
"106",-35,-52.5
"106",-35,-51.5
"106",-35,-50.5
"106",-35,-49.5
"106",-35,-48.5
"106",-35,-47.5
"106",-35,-46.5
"106",-35,-45.5
"106",-35,-44.5
"106",-35,-43.5
"106",-35,-42.5
"106",-35,-41.5
"106",-35,-40.5
"106",-35,-39.5
"106",-35,-38.5
"106",-35,-37.5
"106",-35,-36.5
"106",-35,-35.5
"106",-36,-34.5
"106",-37,-33.5
"106",-36,-32.5
"106",-36,-31.5
"106",-36,-30.5
"106",-36,-29.5
"106",-36,-28.5
"106",-36,-27.5
"106",-37,-26.5
"106",-37,-25.5
"106",-37,-24.5
"106",-37,-23.5
"106",-37,-22.5
"106",-37,-21.5
"106",-37,-20.5
"106",-37,-19.5
"106",-37,-18.5
"106",-37,-17.5
"106",-37,-16.5
"106",-37,-15.5
"106",-37,-14.5
"106",-37,-13.5
"106",-36,-12.5
"106",-35,-12.5
"106",-34,-11.5
"106",-33,-11.5
"106",-32,-10.5
"106",-31,-9.5
"106",-31,-8.5
"106",-31,-7.5
"106",-31,-6.5
"106",-31,-5.5
"106",-31,-4.5
"106",-31,-3.5
"106",-31,-2.5
"106",-31,-1.5
"106",-31,-0.5
"106",-31,0.5
"106",-31,1.5
"106",-31,2.5
"106",-31,3.5
"106",-31,4.5
"106",-31,5.5
"106",-32,5.5
"106",-33,6.5
"106",-33,7.5
"106",-33,8.5
"106",-33,9.5
"106",-33,10.5
"106",-33,11.5
"106",-33,12.5
"106",-33,13.5
"106",-33,14.5
"106",-33,15.5
"106",-33,16.5
"106",-33,17.5
"106",-33,18.5
"106",-33,19.5
"106",-33,20.5
"106",-33,21.5
"106",-33,22.5
"106",-33,23.5
"106",-34,23.5
"106",-35,24.5
"106",-35,25.5
"106",-35,26.5
"106",-35,27.5
"106",-35,28.5
"106",-35,29.5
"106",-35,30.5
"106",-35,31.5
"106",-35,32.5
"106",-35,33.5
"106",-35,34.5
"106",-35,35.5
"106",-35,36.5
"106",-35,37.5
"106",-35,38.5
"106",-34,39.5
"106",-33,40.5
"106",-33,41.5
"106",-33,42.5
"106",-34,43.5
"106",-34,44.5
"106",-33,45.5
"106",-32,46.5
"106",-31,46.5
"106",-30,46.5
"106",-29,46.5
"106",-28,46.5
"106",-27,46.5
"106",-26,47.5
"106",-26,48.5
"106",-27,49.5
"106",-27,50.5
"106",-27,51.5
"106",-27,52.5
"106",-27,53.5
"106",-27,54.5
"106",-27,55.5
"106",-27,56.5
"106",-27,57.5
"106",-27,58.5
"106",-27,59.5
"106",-27,60.5
"106",-26,61.5
"106",-25,62.5
"106",-24,62.5
"106",-23,62.5
"106",-22,62.5
"106",-21,63.5
"106",-20,64.5
"107",-25,-73.5
"107",-26,-72.5
"107",-26,-71.5
"107",-26,-70.5
"107",-25,-69.5
"107",-24,-68.5
"107",-23,-67.5
"107",-22,-66.5
"107",-21,-65.5
"107",-20,-64.5
"107",-19,-63.5
"107",-18,-62.5
"107",-17,-61.5
"107",-16,-60.5
"107",-15,-59.5
"107",-14,-58.5
"107",-13,-57.5
"107",-12,-56.5
"107",-11,-55.5
"107",-10,-54.5
"107",-9,-53.5
"107",-8,-52.5
"107",-7,-51.5
"107",-6,-50.5
"107",-5,-49.5
"107",-4,-48.5
"107",-3,-47.5
"107",-2,-46.5
"107",-1,-45.5
"107",0,-44.5
"107",1,-43.5
"107",2,-42.5
"107",3,-41.5
"107",4,-40.5
"107",5,-39.5
"107",6,-38.5
"107",7,-37.5
"107",8,-36.5
"107",9,-35.5
"107",10,-34.5
"107",11,-33.5
"107",11,-32.5
"107",11,-31.5
"107",11,-30.5
"107",11,-29.5
"107",11,-28.5
"107",11,-27.5
"107",11,-26.5
"107",10,-25.5
"107",9,-24.5
"107",8,-23.5
"107",7,-22.5
"107",6,-21.5
"107",5,-20.5
"107",4,-19.5
"107",3,-18.5
"107",2,-17.5
"107",1,-16.5
"107",0,-15.5
"107",-1,-14.5
"107",-2,-13.5
"107",-3,-12.5
"107",-4,-11.5
"107",-5,-10.5
"107",-6,-9.5
"107",-7,-8.5
"107",-8,-7.5
"107",-9,-6.5
"107",-10,-5.5
"107",-11,-4.5
"107",-12,-3.5
"107",-13,-2.5
"107",-14,-1.5
"107",-15,-0.5
"107",-16,0.5
"107",-17,1.5
"107",-18,2.5
"107",-18,3.5
"107",-18,4.5
"107",-18,5.5
"107",-18,6.5
"107",-18,7.5
"107",-18,8.5
"107",-19,9.5
"107",-19,10.5
"107",-19,11.5
"107",-19,12.5
"107",-19,13.5
"107",-19,14.5
"107",-19,15.5
"107",-19,16.5
"107",-19,17.5
"107",-19,18.5
"107",-19,19.5
"107",-19,20.5
"107",-19,21.5
"107",-19,22.5
"107",-19,23.5
"107",-19,24.5
"107",-19,25.5
"107",-19,26.5
"107",-19,27.5
"107",-19,28.5
"107",-19,29.5
"107",-19,30.5
"107",-19,31.5
"107",-19,32.5
"107",-19,33.5
"107",-19,34.5
"107",-19,35.5
"107",-19,36.5
"107",-19,37.5
"107",-19,38.5
"107",-20,39.5
"107",-21,40.5
"107",-22,41.5
"107",-23,42.5
"107",-24,43.5
"107",-25,44.5
"107",-26,45.5
"107",-27,46.5
"107",-27,47.5
"107",-27,48.5
"107",-27,49.5
"107",-28,50.5
"107",-28,51.5
"107",-28,52.5
"107",-28,53.5
"107",-27,54.5
"107",-26,55.5
"107",-25,56.5
"107",-24,57.5
"107",-23,58.5
"107",-22,59.5
"107",-21,60.5
"107",-21,61.5
"107",-21,62.5
"107",-21,63.5
"107",-20,64.5
"108",-25,-73.5
"108",-24,-72.5
"108",-25,-71.5
"108",-25,-70.5
"108",-25,-69.5
"108",-24,-68.5
"108",-23,-67.5
"108",-22,-66.5
"108",-21,-65.5
"108",-20,-64.5
"108",-19,-63.5
"108",-18,-62.5
"108",-17,-61.5
"108",-16,-60.5
"108",-15,-59.5
"108",-14,-58.5
"108",-13,-57.5
"108",-12,-56.5
"108",-11,-55.5
"108",-10,-54.5
"108",-9,-53.5
"108",-8,-52.5
"108",-7,-51.5
"108",-6,-50.5
"108",-5,-49.5
"108",-4,-48.5
"108",-3,-47.5
"108",-2,-46.5
"108",-1,-45.5
"108",0,-44.5
"108",1,-43.5
"108",2,-42.5
"108",3,-41.5
"108",4,-40.5
"108",5,-39.5
"108",6,-38.5
"108",7,-37.5
"108",8,-36.5
"108",9,-35.5
"108",10,-34.5
"108",11,-33.5
"108",11,-32.5
"108",11,-31.5
"108",11,-30.5
"108",11,-29.5
"108",11,-28.5
"108",11,-27.5
"108",11,-26.5
"108",10,-25.5
"108",9,-24.5
"108",8,-23.5
"108",7,-22.5
"108",6,-21.5
"108",5,-20.5
"108",4,-19.5
"108",3,-18.5
"108",2,-17.5
"108",1,-16.5
"108",0,-15.5
"108",-1,-14.5
"108",-2,-13.5
"108",-3,-12.5
"108",-4,-11.5
"108",-5,-10.5
"108",-6,-9.5
"108",-7,-8.5
"108",-8,-7.5
"108",-9,-6.5
"108",-10,-5.5
"108",-11,-4.5
"108",-12,-3.5
"108",-13,-2.5
"108",-14,-1.5
"108",-15,-0.5
"108",-16,0.5
"108",-17,1.5
"108",-18,2.5
"108",-18,3.5
"108",-18,4.5
"108",-18,5.5
"108",-18,6.5
"108",-18,7.5
"108",-18,8.5
"108",-18,9.5
"108",-18,10.5
"108",-18,11.5
"108",-18,12.5
"108",-18,13.5
"108",-18,14.5
"108",-18,15.5
"108",-18,16.5
"108",-18,17.5
"108",-18,18.5
"108",-18,19.5
"108",-18,20.5
"108",-18,21.5
"108",-18,22.5
"108",-18,23.5
"108",-18,24.5
"108",-18,25.5
"108",-18,26.5
"108",-18,27.5
"108",-18,28.5
"108",-18,29.5
"108",-18,30.5
"108",-18,31.5
"108",-18,32.5
"108",-18,33.5
"108",-18,34.5
"108",-18,35.5
"108",-18,36.5
"108",-18,37.5
"108",-18,38.5
"108",-18,39.5
"108",-18,40.5
"108",-18,41.5
"108",-19,42.5
"108",-20,43.5
"108",-20,44.5
"108",-20,45.5
"108",-20,46.5
"108",-20,47.5
"108",-20,48.5
"108",-20,49.5
"108",-20,50.5
"108",-20,51.5
"108",-20,52.5
"108",-20,53.5
"108",-20,54.5
"108",-20,55.5
"108",-20,56.5
"108",-20,57.5
"108",-20,58.5
"108",-20,59.5
"108",-20,60.5
"108",-20,61.5
"108",-21,62.5
"108",-21,63.5
"108",-20,64.5
"109",-25,-73.5
"109",-24,-72.5
"109",-25,-71.5
"109",-25,-70.5
"109",-25,-69.5
"109",-24,-68.5
"109",-23,-67.5
"109",-22,-66.5
"109",-21,-65.5
"109",-20,-64.5
"109",-19,-63.5
"109",-18,-62.5
"109",-17,-61.5
"109",-16,-60.5
"109",-15,-59.5
"109",-14,-58.5
"109",-13,-57.5
"109",-12,-56.5
"109",-11,-55.5
"109",-10,-54.5
"109",-9,-53.5
"109",-8,-52.5
"109",-7,-51.5
"109",-6,-50.5
"109",-5,-49.5
"109",-4,-48.5
"109",-3,-47.5
"109",-2,-46.5
"109",-1,-46.5
"109",0,-45.5
"109",1,-44.5
"109",2,-43.5
"109",3,-42.5
"109",4,-41.5
"109",4,-40.5
"109",5,-39.5
"109",5,-38.5
"109",5,-37.5
"109",5,-36.5
"109",5,-35.5
"109",5,-34.5
"109",5,-33.5
"109",5,-32.5
"109",5,-31.5
"109",5,-30.5
"109",5,-29.5
"109",5,-28.5
"109",5,-27.5
"109",5,-26.5
"109",5,-25.5
"109",5,-24.5
"109",5,-23.5
"109",5,-22.5
"109",5,-21.5
"109",4,-20.5
"109",3,-19.5
"109",2,-18.5
"109",1,-17.5
"109",0,-16.5
"109",-1,-15.5
"109",-2,-14.5
"109",-3,-13.5
"109",-4,-12.5
"109",-5,-11.5
"109",-6,-10.5
"109",-7,-9.5
"109",-8,-8.5
"109",-9,-7.5
"109",-9,-6.5
"109",-10,-5.5
"109",-11,-4.5
"109",-12,-3.5
"109",-13,-2.5
"109",-14,-1.5
"109",-15,-0.5
"109",-16,0.5
"109",-16,1.5
"109",-16,2.5
"109",-16,3.5
"109",-16,4.5
"109",-16,5.5
"109",-16,6.5
"109",-16,7.5
"109",-16,8.5
"109",-16,9.5
"109",-16,10.5
"109",-17,10.5
"109",-18,11.5
"109",-18,12.5
"109",-18,13.5
"109",-18,14.5
"109",-18,15.5
"109",-18,16.5
"109",-18,17.5
"109",-18,18.5
"109",-18,19.5
"109",-18,20.5
"109",-18,21.5
"109",-18,22.5
"109",-18,23.5
"109",-18,24.5
"109",-18,25.5
"109",-18,26.5
"109",-18,27.5
"109",-18,28.5
"109",-18,29.5
"109",-18,30.5
"109",-18,31.5
"109",-18,32.5
"109",-18,33.5
"109",-18,34.5
"109",-18,35.5
"109",-18,36.5
"109",-18,37.5
"109",-18,38.5
"109",-18,39.5
"109",-18,40.5
"109",-19,41.5
"109",-20,42.5
"109",-20,43.5
"109",-20,44.5
"109",-20,45.5
"109",-20,46.5
"109",-20,47.5
"109",-20,48.5
"109",-20,49.5
"109",-20,50.5
"109",-20,51.5
"109",-20,52.5
"109",-20,53.5
"109",-20,54.5
"109",-20,55.5
"109",-20,56.5
"109",-20,57.5
"109",-20,58.5
"109",-20,59.5
"109",-20,60.5
"109",-20,61.5
"109",-21,61.5
"109",-22,62.5
"109",-21,63.5
"109",-20,64.5
"110",-25,-73.5
"110",-24,-72.5
"110",-23,-72.5
"110",-22,-71.5
"110",-21,-71.5
"110",-20,-71.5
"110",-19,-71.5
"110",-18,-70.5
"110",-19,-69.5
"110",-19,-68.5
"110",-19,-67.5
"110",-19,-66.5
"110",-19,-65.5
"110",-19,-64.5
"110",-19,-63.5
"110",-19,-62.5
"110",-19,-61.5
"110",-18,-60.5
"110",-17,-59.5
"110",-18,-58.5
"110",-17,-57.5
"110",-18,-56.5
"110",-17,-55.5
"110",-16,-55.5
"110",-15,-54.5
"110",-14,-54.5
"110",-13,-53.5
"110",-12,-53.5
"110",-11,-53.5
"110",-10,-52.5
"110",-9,-51.5
"110",-8,-50.5
"110",-7,-50.5
"110",-6,-50.5
"110",-5,-49.5
"110",-4,-48.5
"110",-3,-47.5
"110",-2,-46.5
"110",-1,-46.5
"110",0,-45.5
"110",1,-44.5
"110",2,-43.5
"110",3,-42.5
"110",4,-42.5
"110",5,-41.5
"110",4,-40.5
"110",5,-39.5
"110",5,-38.5
"110",5,-37.5
"110",5,-36.5
"110",5,-35.5
"110",5,-34.5
"110",5,-33.5
"110",5,-32.5
"110",5,-31.5
"110",5,-30.5
"110",5,-29.5
"110",5,-28.5
"110",5,-27.5
"110",5,-26.5
"110",5,-25.5
"110",5,-24.5
"110",5,-23.5
"110",5,-22.5
"110",5,-21.5
"110",5,-20.5
"110",4,-19.5
"110",3,-18.5
"110",2,-17.5
"110",1,-16.5
"110",1,-15.5
"110",1,-14.5
"110",1,-13.5
"110",0,-12.5
"110",-1,-11.5
"110",-2,-10.5
"110",-3,-9.5
"110",-4,-8.5
"110",-5,-7.5
"110",-6,-6.5
"110",-7,-6.5
"110",-8,-5.5
"110",-9,-4.5
"110",-10,-4.5
"110",-11,-3.5
"110",-12,-3.5
"110",-13,-2.5
"110",-14,-1.5
"110",-15,-1.5
"110",-16,-0.5
"110",-16,0.5
"110",-16,1.5
"110",-16,2.5
"110",-16,3.5
"110",-16,4.5
"110",-16,5.5
"110",-16,6.5
"110",-16,7.5
"110",-16,8.5
"110",-16,9.5
"110",-16,10.5
"110",-17,10.5
"110",-18,11.5
"110",-18,12.5
"110",-18,13.5
"110",-18,14.5
"110",-18,15.5
"110",-18,16.5
"110",-18,17.5
"110",-18,18.5
"110",-18,19.5
"110",-18,20.5
"110",-18,21.5
"110",-18,22.5
"110",-18,23.5
"110",-18,24.5
"110",-18,25.5
"110",-18,26.5
"110",-18,27.5
"110",-18,28.5
"110",-18,29.5
"110",-18,30.5
"110",-18,31.5
"110",-18,32.5
"110",-18,33.5
"110",-18,34.5
"110",-18,35.5
"110",-18,36.5
"110",-18,37.5
"110",-18,38.5
"110",-18,39.5
"110",-18,40.5
"110",-19,40.5
"110",-20,41.5
"110",-20,42.5
"110",-20,43.5
"110",-20,44.5
"110",-20,45.5
"110",-20,46.5
"110",-20,47.5
"110",-20,48.5
"110",-20,49.5
"110",-20,50.5
"110",-20,51.5
"110",-20,52.5
"110",-20,53.5
"110",-20,54.5
"110",-20,55.5
"110",-20,56.5
"110",-20,57.5
"110",-20,58.5
"110",-20,59.5
"110",-20,60.5
"110",-20,61.5
"110",-21,61.5
"110",-22,62.5
"110",-21,63.5
"110",-20,64.5
"111",-25,-73.5
"111",-26,-73.5
"111",-27,-73.5
"111",-28,-73.5
"111",-29,-73.5
"111",-30,-73.5
"111",-31,-72.5
"111",-31,-71.5
"111",-32,-70.5
"111",-33,-69.5
"111",-34,-68.5
"111",-34,-67.5
"111",-34,-66.5
"111",-34,-65.5
"111",-33,-64.5
"111",-33,-63.5
"111",-33,-62.5
"111",-33,-61.5
"111",-33,-60.5
"111",-33,-59.5
"111",-33,-58.5
"111",-33,-57.5
"111",-33,-56.5
"111",-33,-55.5
"111",-33,-54.5
"111",-34,-53.5
"111",-35,-52.5
"111",-35,-51.5
"111",-35,-50.5
"111",-35,-49.5
"111",-35,-48.5
"111",-35,-47.5
"111",-35,-46.5
"111",-35,-45.5
"111",-35,-44.5
"111",-35,-43.5
"111",-35,-42.5
"111",-35,-41.5
"111",-35,-40.5
"111",-35,-39.5
"111",-35,-38.5
"111",-35,-37.5
"111",-35,-36.5
"111",-35,-35.5
"111",-35,-34.5
"111",-35,-33.5
"111",-35,-32.5
"111",-35,-31.5
"111",-34,-30.5
"111",-33,-29.5
"111",-32,-28.5
"111",-31,-28.5
"111",-30,-27.5
"111",-29,-27.5
"111",-29,-26.5
"111",-29,-25.5
"111",-29,-24.5
"111",-29,-23.5
"111",-29,-22.5
"111",-29,-21.5
"111",-29,-20.5
"111",-29,-19.5
"111",-29,-18.5
"111",-29,-17.5
"111",-29,-16.5
"111",-29,-15.5
"111",-29,-14.5
"111",-29,-13.5
"111",-29,-12.5
"111",-29,-11.5
"111",-29,-10.5
"111",-30,-10.5
"111",-31,-9.5
"111",-31,-8.5
"111",-31,-7.5
"111",-31,-6.5
"111",-31,-5.5
"111",-31,-4.5
"111",-31,-3.5
"111",-31,-2.5
"111",-31,-1.5
"111",-31,-0.5
"111",-31,0.5
"111",-31,1.5
"111",-31,2.5
"111",-31,3.5
"111",-31,4.5
"111",-31,5.5
"111",-32,5.5
"111",-33,6.5
"111",-33,7.5
"111",-33,8.5
"111",-33,9.5
"111",-33,10.5
"111",-33,11.5
"111",-33,12.5
"111",-33,13.5
"111",-33,14.5
"111",-33,15.5
"111",-33,16.5
"111",-33,17.5
"111",-33,18.5
"111",-33,19.5
"111",-33,20.5
"111",-33,21.5
"111",-33,22.5
"111",-33,23.5
"111",-34,23.5
"111",-35,24.5
"111",-35,25.5
"111",-35,26.5
"111",-35,27.5
"111",-35,28.5
"111",-35,29.5
"111",-35,30.5
"111",-35,31.5
"111",-35,32.5
"111",-35,33.5
"111",-35,34.5
"111",-35,35.5
"111",-35,36.5
"111",-35,37.5
"111",-35,38.5
"111",-34,39.5
"111",-33,40.5
"111",-33,41.5
"111",-33,42.5
"111",-34,43.5
"111",-34,44.5
"111",-33,45.5
"111",-32,46.5
"111",-31,46.5
"111",-30,46.5
"111",-29,46.5
"111",-28,46.5
"111",-27,46.5
"111",-26,47.5
"111",-26,48.5
"111",-27,49.5
"111",-27,50.5
"111",-27,51.5
"111",-27,52.5
"111",-27,53.5
"111",-27,54.5
"111",-27,55.5
"111",-27,56.5
"111",-27,57.5
"111",-27,58.5
"111",-27,59.5
"111",-27,60.5
"111",-26,61.5
"111",-25,62.5
"111",-24,62.5
"111",-23,62.5
"111",-22,62.5
"111",-21,63.5
"111",-20,64.5
"112",-25,-73.5
"112",-26,-73.5
"112",-27,-73.5
"112",-28,-73.5
"112",-29,-73.5
"112",-30,-73.5
"112",-31,-72.5
"112",-31,-71.5
"112",-32,-70.5
"112",-33,-69.5
"112",-34,-68.5
"112",-34,-67.5
"112",-34,-66.5
"112",-34,-65.5
"112",-33,-64.5
"112",-33,-63.5
"112",-33,-62.5
"112",-33,-61.5
"112",-33,-60.5
"112",-33,-59.5
"112",-33,-58.5
"112",-33,-57.5
"112",-34,-56.5
"112",-34,-55.5
"112",-34,-54.5
"112",-35,-53.5
"112",-35,-52.5
"112",-35,-51.5
"112",-35,-50.5
"112",-35,-49.5
"112",-35,-48.5
"112",-35,-47.5
"112",-35,-46.5
"112",-35,-45.5
"112",-35,-44.5
"112",-35,-43.5
"112",-35,-42.5
"112",-35,-41.5
"112",-35,-40.5
"112",-35,-39.5
"112",-35,-38.5
"112",-35,-37.5
"112",-35,-36.5
"112",-35,-35.5
"112",-36,-34.5
"112",-37,-33.5
"112",-36,-32.5
"112",-36,-31.5
"112",-36,-30.5
"112",-36,-29.5
"112",-36,-28.5
"112",-36,-27.5
"112",-37,-26.5
"112",-37,-25.5
"112",-37,-24.5
"112",-37,-23.5
"112",-37,-22.5
"112",-37,-21.5
"112",-37,-20.5
"112",-37,-19.5
"112",-37,-18.5
"112",-37,-17.5
"112",-37,-16.5
"112",-37,-15.5
"112",-37,-14.5
"112",-37,-13.5
"112",-36,-12.5
"112",-35,-12.5
"112",-34,-11.5
"112",-33,-11.5
"112",-32,-10.5
"112",-31,-9.5
"112",-31,-8.5
"112",-31,-7.5
"112",-31,-6.5
"112",-31,-5.5
"112",-31,-4.5
"112",-31,-3.5
"112",-31,-2.5
"112",-31,-1.5
"112",-31,-0.5
"112",-31,0.5
"112",-31,1.5
"112",-31,2.5
"112",-31,3.5
"112",-31,4.5
"112",-31,5.5
"112",-32,5.5
"112",-33,6.5
"112",-33,7.5
"112",-33,8.5
"112",-33,9.5
"112",-33,10.5
"112",-33,11.5
"112",-33,12.5
"112",-33,13.5
"112",-33,14.5
"112",-33,15.5
"112",-33,16.5
"112",-33,17.5
"112",-33,18.5
"112",-33,19.5
"112",-33,20.5
"112",-33,21.5
"112",-33,22.5
"112",-33,23.5
"112",-34,23.5
"112",-35,24.5
"112",-35,25.5
"112",-35,26.5
"112",-35,27.5
"112",-35,28.5
"112",-35,29.5
"112",-35,30.5
"112",-35,31.5
"112",-35,32.5
"112",-35,33.5
"112",-35,34.5
"112",-35,35.5
"112",-35,36.5
"112",-35,37.5
"112",-35,38.5
"112",-34,39.5
"112",-33,40.5
"112",-33,41.5
"112",-33,42.5
"112",-34,43.5
"112",-34,44.5
"112",-33,45.5
"112",-32,46.5
"112",-31,46.5
"112",-30,46.5
"112",-29,46.5
"112",-28,46.5
"112",-27,46.5
"112",-26,47.5
"112",-26,48.5
"112",-27,49.5
"112",-27,50.5
"112",-27,51.5
"112",-27,52.5
"112",-27,53.5
"112",-27,54.5
"112",-27,55.5
"112",-27,56.5
"112",-27,57.5
"112",-27,58.5
"112",-27,59.5
"112",-27,60.5
"112",-26,61.5
"112",-25,62.5
"112",-24,62.5
"112",-23,62.5
"112",-22,62.5
"112",-21,63.5
"112",-20,64.5
"113",-25,-73.5
"113",-26,-72.5
"113",-26,-71.5
"113",-26,-70.5
"113",-25,-69.5
"113",-24,-68.5
"113",-23,-67.5
"113",-22,-66.5
"113",-21,-65.5
"113",-20,-64.5
"113",-19,-63.5
"113",-18,-62.5
"113",-17,-61.5
"113",-16,-60.5
"113",-15,-59.5
"113",-14,-58.5
"113",-13,-57.5
"113",-12,-56.5
"113",-11,-55.5
"113",-10,-54.5
"113",-9,-53.5
"113",-8,-52.5
"113",-7,-51.5
"113",-6,-50.5
"113",-5,-49.5
"113",-4,-48.5
"113",-3,-47.5
"113",-2,-46.5
"113",-1,-45.5
"113",0,-44.5
"113",1,-43.5
"113",2,-42.5
"113",3,-41.5
"113",4,-40.5
"113",5,-39.5
"113",6,-38.5
"113",7,-37.5
"113",8,-36.5
"113",9,-35.5
"113",10,-34.5
"113",11,-33.5
"113",11,-32.5
"113",11,-31.5
"113",11,-30.5
"113",11,-29.5
"113",11,-28.5
"113",11,-27.5
"113",11,-26.5
"113",10,-25.5
"113",9,-24.5
"113",8,-23.5
"113",7,-22.5
"113",6,-21.5
"113",5,-20.5
"113",4,-19.5
"113",3,-18.5
"113",2,-17.5
"113",1,-16.5
"113",0,-15.5
"113",-1,-14.5
"113",-2,-13.5
"113",-3,-12.5
"113",-4,-11.5
"113",-5,-10.5
"113",-6,-9.5
"113",-7,-8.5
"113",-8,-7.5
"113",-9,-6.5
"113",-10,-5.5
"113",-11,-4.5
"113",-12,-3.5
"113",-13,-2.5
"113",-14,-1.5
"113",-15,-0.5
"113",-16,0.5
"113",-17,1.5
"113",-18,2.5
"113",-18,3.5
"113",-18,4.5
"113",-18,5.5
"113",-18,6.5
"113",-18,7.5
"113",-18,8.5
"113",-19,9.5
"113",-19,10.5
"113",-19,11.5
"113",-19,12.5
"113",-19,13.5
"113",-19,14.5
"113",-19,15.5
"113",-19,16.5
"113",-19,17.5
"113",-19,18.5
"113",-19,19.5
"113",-19,20.5
"113",-19,21.5
"113",-19,22.5
"113",-19,23.5
"113",-19,24.5
"113",-19,25.5
"113",-19,26.5
"113",-19,27.5
"113",-19,28.5
"113",-19,29.5
"113",-19,30.5
"113",-19,31.5
"113",-19,32.5
"113",-19,33.5
"113",-19,34.5
"113",-19,35.5
"113",-19,36.5
"113",-19,37.5
"113",-20,38.5
"113",-21,39.5
"113",-22,40.5
"113",-23,41.5
"113",-24,42.5
"113",-25,43.5
"113",-26,44.5
"113",-27,45.5
"113",-27,46.5
"113",-27,47.5
"113",-27,48.5
"113",-27,49.5
"113",-27,50.5
"113",-27,51.5
"113",-27,52.5
"113",-27,53.5
"113",-27,54.5
"113",-26,55.5
"113",-25,56.5
"113",-24,57.5
"113",-23,58.5
"113",-22,59.5
"113",-21,60.5
"113",-21,61.5
"113",-21,62.5
"113",-21,63.5
"113",-20,64.5
"114",-25,-73.5
"114",-24,-72.5
"114",-25,-71.5
"114",-25,-70.5
"114",-25,-69.5
"114",-24,-68.5
"114",-23,-67.5
"114",-22,-66.5
"114",-21,-65.5
"114",-20,-64.5
"114",-19,-63.5
"114",-18,-62.5
"114",-17,-61.5
"114",-16,-60.5
"114",-15,-59.5
"114",-14,-58.5
"114",-13,-57.5
"114",-12,-56.5
"114",-11,-55.5
"114",-10,-54.5
"114",-9,-53.5
"114",-8,-52.5
"114",-7,-51.5
"114",-6,-50.5
"114",-5,-49.5
"114",-4,-48.5
"114",-3,-47.5
"114",-2,-46.5
"114",-1,-45.5
"114",0,-44.5
"114",1,-43.5
"114",2,-42.5
"114",3,-41.5
"114",4,-40.5
"114",5,-39.5
"114",6,-38.5
"114",7,-37.5
"114",8,-36.5
"114",9,-35.5
"114",10,-34.5
"114",11,-33.5
"114",11,-32.5
"114",11,-31.5
"114",11,-30.5
"114",11,-29.5
"114",11,-28.5
"114",11,-27.5
"114",11,-26.5
"114",10,-25.5
"114",9,-24.5
"114",8,-23.5
"114",7,-22.5
"114",6,-21.5
"114",5,-20.5
"114",4,-19.5
"114",3,-18.5
"114",2,-17.5
"114",1,-16.5
"114",0,-15.5
"114",-1,-14.5
"114",-2,-13.5
"114",-3,-12.5
"114",-4,-11.5
"114",-5,-10.5
"114",-6,-9.5
"114",-7,-8.5
"114",-8,-7.5
"114",-9,-6.5
"114",-10,-5.5
"114",-11,-4.5
"114",-12,-3.5
"114",-13,-2.5
"114",-14,-1.5
"114",-15,-0.5
"114",-16,0.5
"114",-17,1.5
"114",-18,2.5
"114",-18,3.5
"114",-18,4.5
"114",-18,5.5
"114",-18,6.5
"114",-18,7.5
"114",-18,8.5
"114",-18,9.5
"114",-18,10.5
"114",-18,11.5
"114",-18,12.5
"114",-18,13.5
"114",-18,14.5
"114",-18,15.5
"114",-18,16.5
"114",-18,17.5
"114",-18,18.5
"114",-18,19.5
"114",-18,20.5
"114",-18,21.5
"114",-18,22.5
"114",-18,23.5
"114",-18,24.5
"114",-18,25.5
"114",-18,26.5
"114",-18,27.5
"114",-18,28.5
"114",-18,29.5
"114",-18,30.5
"114",-18,31.5
"114",-18,32.5
"114",-18,33.5
"114",-18,34.5
"114",-18,35.5
"114",-18,36.5
"114",-18,37.5
"114",-18,38.5
"114",-18,39.5
"114",-18,40.5
"114",-19,41.5
"114",-20,42.5
"114",-20,43.5
"114",-20,44.5
"114",-20,45.5
"114",-20,46.5
"114",-20,47.5
"114",-20,48.5
"114",-20,49.5
"114",-20,50.5
"114",-20,51.5
"114",-20,52.5
"114",-20,53.5
"114",-20,54.5
"114",-20,55.5
"114",-20,56.5
"114",-20,57.5
"114",-20,58.5
"114",-20,59.5
"114",-20,60.5
"114",-20,61.5
"114",-21,62.5
"114",-21,63.5
"114",-20,64.5
"115",-25,-73.5
"115",-24,-72.5
"115",-25,-71.5
"115",-25,-70.5
"115",-25,-69.5
"115",-24,-68.5
"115",-23,-67.5
"115",-22,-66.5
"115",-21,-65.5
"115",-20,-64.5
"115",-19,-63.5
"115",-18,-62.5
"115",-17,-61.5
"115",-16,-60.5
"115",-15,-59.5
"115",-14,-58.5
"115",-13,-57.5
"115",-12,-56.5
"115",-11,-55.5
"115",-10,-54.5
"115",-9,-53.5
"115",-8,-52.5
"115",-7,-51.5
"115",-6,-50.5
"115",-5,-49.5
"115",-4,-48.5
"115",-3,-47.5
"115",-2,-46.5
"115",-1,-46.5
"115",0,-45.5
"115",1,-44.5
"115",2,-43.5
"115",3,-42.5
"115",4,-41.5
"115",4,-40.5
"115",5,-39.5
"115",5,-38.5
"115",5,-37.5
"115",5,-36.5
"115",5,-35.5
"115",5,-34.5
"115",5,-33.5
"115",5,-32.5
"115",5,-31.5
"115",5,-30.5
"115",5,-29.5
"115",5,-28.5
"115",5,-27.5
"115",5,-26.5
"115",5,-25.5
"115",5,-24.5
"115",5,-23.5
"115",5,-22.5
"115",5,-21.5
"115",4,-20.5
"115",3,-19.5
"115",2,-18.5
"115",1,-17.5
"115",0,-16.5
"115",-1,-15.5
"115",-2,-14.5
"115",-3,-13.5
"115",-4,-12.5
"115",-5,-11.5
"115",-6,-10.5
"115",-7,-9.5
"115",-8,-8.5
"115",-9,-7.5
"115",-9,-6.5
"115",-10,-5.5
"115",-11,-4.5
"115",-12,-3.5
"115",-13,-2.5
"115",-14,-1.5
"115",-15,-0.5
"115",-16,0.5
"115",-16,1.5
"115",-16,2.5
"115",-16,3.5
"115",-16,4.5
"115",-16,5.5
"115",-16,6.5
"115",-16,7.5
"115",-16,8.5
"115",-16,9.5
"115",-16,10.5
"115",-17,11.5
"115",-18,12.5
"115",-18,13.5
"115",-18,14.5
"115",-18,15.5
"115",-18,16.5
"115",-18,17.5
"115",-18,18.5
"115",-18,19.5
"115",-18,20.5
"115",-18,21.5
"115",-18,22.5
"115",-18,23.5
"115",-18,24.5
"115",-18,25.5
"115",-18,26.5
"115",-18,27.5
"115",-18,28.5
"115",-18,29.5
"115",-18,30.5
"115",-18,31.5
"115",-18,32.5
"115",-18,33.5
"115",-18,34.5
"115",-18,35.5
"115",-18,36.5
"115",-18,37.5
"115",-18,38.5
"115",-18,39.5
"115",-18,40.5
"115",-19,41.5
"115",-20,42.5
"115",-20,43.5
"115",-20,44.5
"115",-20,45.5
"115",-20,46.5
"115",-20,47.5
"115",-20,48.5
"115",-20,49.5
"115",-20,50.5
"115",-20,51.5
"115",-20,52.5
"115",-20,53.5
"115",-20,54.5
"115",-20,55.5
"115",-20,56.5
"115",-20,57.5
"115",-20,58.5
"115",-20,59.5
"115",-20,60.5
"115",-20,61.5
"115",-21,61.5
"115",-22,62.5
"115",-21,63.5
"115",-20,64.5
"116",-25,-73.5
"116",-26,-73.5
"116",-27,-73.5
"116",-28,-73.5
"116",-29,-73.5
"116",-30,-73.5
"116",-31,-72.5
"116",-31,-71.5
"116",-32,-70.5
"116",-33,-69.5
"116",-34,-68.5
"116",-34,-67.5
"116",-34,-66.5
"116",-34,-65.5
"116",-33,-64.5
"116",-33,-63.5
"116",-33,-62.5
"116",-33,-61.5
"116",-33,-60.5
"116",-33,-59.5
"116",-33,-58.5
"116",-33,-57.5
"116",-34,-56.5
"116",-34,-55.5
"116",-34,-54.5
"116",-35,-53.5
"116",-35,-52.5
"116",-35,-51.5
"116",-35,-50.5
"116",-35,-49.5
"116",-35,-48.5
"116",-35,-47.5
"116",-35,-46.5
"116",-35,-45.5
"116",-35,-44.5
"116",-35,-43.5
"116",-35,-42.5
"116",-35,-41.5
"116",-35,-40.5
"116",-35,-39.5
"116",-35,-38.5
"116",-35,-37.5
"116",-35,-36.5
"116",-35,-35.5
"116",-35,-34.5
"116",-35,-33.5
"116",-35,-32.5
"116",-35,-31.5
"116",-34,-30.5
"116",-33,-29.5
"116",-32,-28.5
"116",-31,-28.5
"116",-30,-27.5
"116",-29,-27.5
"116",-29,-26.5
"116",-29,-25.5
"116",-29,-24.5
"116",-29,-23.5
"116",-29,-22.5
"116",-29,-21.5
"116",-29,-20.5
"116",-29,-19.5
"116",-29,-18.5
"116",-29,-17.5
"116",-29,-16.5
"116",-29,-15.5
"116",-29,-14.5
"116",-29,-13.5
"116",-29,-12.5
"116",-29,-11.5
"116",-29,-10.5
"116",-30,-10.5
"116",-31,-9.5
"116",-31,-8.5
"116",-31,-7.5
"116",-31,-6.5
"116",-31,-5.5
"116",-31,-4.5
"116",-31,-3.5
"116",-31,-2.5
"116",-31,-1.5
"116",-31,-0.5
"116",-31,0.5
"116",-31,1.5
"116",-31,2.5
"116",-31,3.5
"116",-31,4.5
"116",-31,5.5
"116",-32,5.5
"116",-33,6.5
"116",-33,7.5
"116",-33,8.5
"116",-33,9.5
"116",-33,10.5
"116",-33,11.5
"116",-33,12.5
"116",-33,13.5
"116",-33,14.5
"116",-33,15.5
"116",-33,16.5
"116",-33,17.5
"116",-33,18.5
"116",-33,19.5
"116",-33,20.5
"116",-33,21.5
"116",-33,22.5
"116",-33,23.5
"116",-34,23.5
"116",-35,24.5
"116",-35,25.5
"116",-35,26.5
"116",-35,27.5
"116",-35,28.5
"116",-35,29.5
"116",-35,30.5
"116",-35,31.5
"116",-35,32.5
"116",-35,33.5
"116",-35,34.5
"116",-35,35.5
"116",-35,36.5
"116",-35,37.5
"116",-35,38.5
"116",-34,39.5
"116",-33,40.5
"116",-33,41.5
"116",-33,42.5
"116",-34,43.5
"116",-34,44.5
"116",-33,45.5
"116",-32,46.5
"116",-31,46.5
"116",-30,46.5
"116",-29,46.5
"116",-28,46.5
"116",-27,46.5
"116",-26,47.5
"116",-26,48.5
"116",-27,49.5
"116",-27,50.5
"116",-27,51.5
"116",-27,52.5
"116",-27,53.5
"116",-27,54.5
"116",-27,55.5
"116",-27,56.5
"116",-27,57.5
"116",-27,58.5
"116",-27,59.5
"116",-27,60.5
"116",-26,61.5
"116",-25,62.5
"116",-24,62.5
"116",-23,62.5
"116",-22,62.5
"116",-21,63.5
"116",-20,64.5
"117",-25,-73.5
"117",-26,-72.5
"117",-26,-71.5
"117",-26,-70.5
"117",-25,-69.5
"117",-24,-68.5
"117",-23,-67.5
"117",-22,-66.5
"117",-21,-65.5
"117",-20,-64.5
"117",-19,-63.5
"117",-18,-62.5
"117",-17,-61.5
"117",-16,-60.5
"117",-15,-59.5
"117",-14,-58.5
"117",-13,-57.5
"117",-12,-56.5
"117",-11,-55.5
"117",-10,-54.5
"117",-9,-53.5
"117",-8,-52.5
"117",-7,-51.5
"117",-6,-50.5
"117",-5,-49.5
"117",-4,-48.5
"117",-3,-47.5
"117",-2,-46.5
"117",-1,-45.5
"117",0,-44.5
"117",1,-43.5
"117",2,-42.5
"117",3,-41.5
"117",4,-40.5
"117",5,-39.5
"117",6,-38.5
"117",7,-37.5
"117",8,-36.5
"117",9,-35.5
"117",10,-34.5
"117",11,-33.5
"117",11,-32.5
"117",11,-31.5
"117",11,-30.5
"117",11,-29.5
"117",11,-28.5
"117",11,-27.5
"117",11,-26.5
"117",10,-25.5
"117",9,-24.5
"117",8,-23.5
"117",7,-22.5
"117",6,-21.5
"117",5,-20.5
"117",4,-19.5
"117",3,-18.5
"117",2,-17.5
"117",1,-16.5
"117",0,-15.5
"117",-1,-14.5
"117",-2,-13.5
"117",-3,-12.5
"117",-4,-11.5
"117",-5,-10.5
"117",-6,-9.5
"117",-7,-8.5
"117",-8,-7.5
"117",-9,-6.5
"117",-10,-5.5
"117",-11,-4.5
"117",-12,-3.5
"117",-13,-2.5
"117",-14,-1.5
"117",-15,-0.5
"117",-16,0.5
"117",-17,1.5
"117",-17,2.5
"117",-17,3.5
"117",-17,4.5
"117",-17,5.5
"117",-17,6.5
"117",-17,7.5
"117",-17,8.5
"117",-17,9.5
"117",-17,10.5
"117",-17,11.5
"117",-17,12.5
"117",-18,13.5
"117",-18,14.5
"117",-18,15.5
"117",-18,16.5
"117",-18,17.5
"117",-18,18.5
"117",-18,19.5
"117",-18,20.5
"117",-18,21.5
"117",-18,22.5
"117",-18,23.5
"117",-18,24.5
"117",-18,25.5
"117",-18,26.5
"117",-18,27.5
"117",-18,28.5
"117",-18,29.5
"117",-18,30.5
"117",-18,31.5
"117",-18,32.5
"117",-18,33.5
"117",-18,34.5
"117",-18,35.5
"117",-18,36.5
"117",-18,37.5
"117",-18,38.5
"117",-19,39.5
"117",-20,40.5
"117",-21,41.5
"117",-22,42.5
"117",-23,43.5
"117",-24,44.5
"117",-24,45.5
"117",-24,46.5
"117",-24,47.5
"117",-24,48.5
"117",-24,49.5
"117",-24,50.5
"117",-24,51.5
"117",-24,52.5
"117",-24,53.5
"117",-24,54.5
"117",-24,55.5
"117",-23,56.5
"117",-22,57.5
"117",-21,58.5
"117",-20,59.5
"117",-20,60.5
"117",-20,61.5
"117",-21,62.5
"117",-21,63.5
"117",-20,64.5
"118",-25,-73.5
"118",-24,-72.5
"118",-25,-71.5
"118",-25,-70.5
"118",-25,-69.5
"118",-24,-68.5
"118",-23,-67.5
"118",-22,-66.5
"118",-21,-65.5
"118",-20,-64.5
"118",-19,-63.5
"118",-18,-62.5
"118",-17,-61.5
"118",-16,-60.5
"118",-15,-59.5
"118",-14,-58.5
"118",-13,-57.5
"118",-12,-56.5
"118",-11,-55.5
"118",-10,-54.5
"118",-9,-53.5
"118",-8,-52.5
"118",-7,-51.5
"118",-6,-50.5
"118",-5,-49.5
"118",-4,-48.5
"118",-3,-47.5
"118",-2,-46.5
"118",-1,-45.5
"118",0,-44.5
"118",1,-43.5
"118",2,-42.5
"118",3,-41.5
"118",4,-40.5
"118",5,-39.5
"118",6,-38.5
"118",7,-37.5
"118",8,-36.5
"118",9,-35.5
"118",10,-34.5
"118",11,-33.5
"118",11,-32.5
"118",11,-31.5
"118",11,-30.5
"118",11,-29.5
"118",11,-28.5
"118",11,-27.5
"118",11,-26.5
"118",10,-25.5
"118",9,-24.5
"118",8,-23.5
"118",7,-22.5
"118",6,-21.5
"118",5,-20.5
"118",4,-19.5
"118",3,-18.5
"118",2,-17.5
"118",1,-16.5
"118",0,-15.5
"118",-1,-14.5
"118",-2,-13.5
"118",-3,-12.5
"118",-4,-11.5
"118",-5,-10.5
"118",-6,-9.5
"118",-7,-8.5
"118",-8,-7.5
"118",-9,-6.5
"118",-10,-5.5
"118",-11,-4.5
"118",-12,-3.5
"118",-13,-2.5
"118",-14,-1.5
"118",-15,-0.5
"118",-16,0.5
"118",-16,1.5
"118",-16,2.5
"118",-16,3.5
"118",-16,4.5
"118",-16,5.5
"118",-16,6.5
"118",-16,7.5
"118",-16,8.5
"118",-16,9.5
"118",-16,10.5
"118",-17,11.5
"118",-18,12.5
"118",-18,13.5
"118",-18,14.5
"118",-18,15.5
"118",-18,16.5
"118",-18,17.5
"118",-18,18.5
"118",-18,19.5
"118",-18,20.5
"118",-18,21.5
"118",-18,22.5
"118",-18,23.5
"118",-18,24.5
"118",-18,25.5
"118",-18,26.5
"118",-18,27.5
"118",-18,28.5
"118",-18,29.5
"118",-18,30.5
"118",-18,31.5
"118",-18,32.5
"118",-18,33.5
"118",-18,34.5
"118",-18,35.5
"118",-18,36.5
"118",-18,37.5
"118",-18,38.5
"118",-18,39.5
"118",-18,40.5
"118",-19,41.5
"118",-20,42.5
"118",-20,43.5
"118",-20,44.5
"118",-20,45.5
"118",-20,46.5
"118",-20,47.5
"118",-20,48.5
"118",-20,49.5
"118",-20,50.5
"118",-20,51.5
"118",-20,52.5
"118",-20,53.5
"118",-20,54.5
"118",-20,55.5
"118",-20,56.5
"118",-20,57.5
"118",-20,58.5
"118",-20,59.5
"118",-20,60.5
"118",-20,61.5
"118",-21,62.5
"118",-21,63.5
"118",-20,64.5
"119",-25,-73.5
"119",-26,-73.5
"119",-27,-73.5
"119",-28,-73.5
"119",-29,-73.5
"119",-30,-73.5
"119",-31,-72.5
"119",-31,-71.5
"119",-32,-70.5
"119",-33,-69.5
"119",-34,-68.5
"119",-34,-67.5
"119",-34,-66.5
"119",-34,-65.5
"119",-33,-64.5
"119",-33,-63.5
"119",-33,-62.5
"119",-33,-61.5
"119",-33,-60.5
"119",-33,-59.5
"119",-33,-58.5
"119",-33,-57.5
"119",-34,-56.5
"119",-34,-55.5
"119",-34,-54.5
"119",-35,-53.5
"119",-35,-52.5
"119",-35,-51.5
"119",-35,-50.5
"119",-35,-49.5
"119",-35,-48.5
"119",-35,-47.5
"119",-35,-46.5
"119",-35,-45.5
"119",-35,-44.5
"119",-35,-43.5
"119",-35,-42.5
"119",-35,-41.5
"119",-35,-40.5
"119",-35,-39.5
"119",-35,-38.5
"119",-35,-37.5
"119",-35,-36.5
"119",-35,-35.5
"119",-35,-34.5
"119",-35,-33.5
"119",-35,-32.5
"119",-34,-31.5
"119",-33,-30.5
"119",-32,-29.5
"119",-31,-29.5
"119",-30,-28.5
"119",-29,-27.5
"119",-29,-26.5
"119",-29,-25.5
"119",-29,-24.5
"119",-29,-23.5
"119",-29,-22.5
"119",-29,-21.5
"119",-29,-20.5
"119",-29,-19.5
"119",-29,-18.5
"119",-29,-17.5
"119",-29,-16.5
"119",-29,-15.5
"119",-29,-14.5
"119",-29,-13.5
"119",-29,-12.5
"119",-29,-11.5
"119",-29,-10.5
"119",-30,-10.5
"119",-31,-9.5
"119",-31,-8.5
"119",-31,-7.5
"119",-31,-6.5
"119",-31,-5.5
"119",-31,-4.5
"119",-31,-3.5
"119",-31,-2.5
"119",-31,-1.5
"119",-31,-0.5
"119",-31,0.5
"119",-31,1.5
"119",-31,2.5
"119",-32,3.5
"119",-33,4.5
"119",-33,5.5
"119",-33,6.5
"119",-33,7.5
"119",-33,8.5
"119",-33,9.5
"119",-33,10.5
"119",-33,11.5
"119",-33,12.5
"119",-33,13.5
"119",-33,14.5
"119",-33,15.5
"119",-33,16.5
"119",-33,17.5
"119",-33,18.5
"119",-33,19.5
"119",-33,20.5
"119",-33,21.5
"119",-33,22.5
"119",-33,23.5
"119",-34,23.5
"119",-35,24.5
"119",-35,25.5
"119",-35,26.5
"119",-35,27.5
"119",-35,28.5
"119",-35,29.5
"119",-35,30.5
"119",-35,31.5
"119",-35,32.5
"119",-35,33.5
"119",-35,34.5
"119",-35,35.5
"119",-35,36.5
"119",-35,37.5
"119",-35,38.5
"119",-34,39.5
"119",-33,40.5
"119",-33,41.5
"119",-33,42.5
"119",-34,43.5
"119",-34,44.5
"119",-33,45.5
"119",-32,46.5
"119",-31,47.5
"119",-30,47.5
"119",-29,47.5
"119",-28,48.5
"119",-27,49.5
"119",-27,50.5
"119",-27,51.5
"119",-27,52.5
"119",-27,53.5
"119",-27,54.5
"119",-27,55.5
"119",-27,56.5
"119",-27,57.5
"119",-27,58.5
"119",-26,59.5
"119",-25,60.5
"119",-24,61.5
"119",-23,62.5
"119",-22,62.5
"119",-21,63.5
"119",-20,64.5
"120",-25,-73.5
"120",-26,-72.5
"120",-26,-71.5
"120",-25,-70.5
"120",-24,-69.5
"120",-23,-68.5
"120",-22,-67.5
"120",-21,-66.5
"120",-20,-65.5
"120",-19,-64.5
"120",-18,-63.5
"120",-17,-62.5
"120",-16,-61.5
"120",-15,-60.5
"120",-14,-59.5
"120",-13,-58.5
"120",-12,-57.5
"120",-11,-56.5
"120",-10,-55.5
"120",-9,-54.5
"120",-8,-53.5
"120",-7,-52.5
"120",-6,-51.5
"120",-5,-50.5
"120",-4,-49.5
"120",-3,-48.5
"120",-2,-47.5
"120",-1,-46.5
"120",0,-45.5
"120",1,-44.5
"120",2,-43.5
"120",3,-42.5
"120",4,-41.5
"120",5,-40.5
"120",6,-39.5
"120",7,-38.5
"120",8,-37.5
"120",9,-36.5
"120",10,-35.5
"120",11,-34.5
"120",11,-33.5
"120",11,-32.5
"120",11,-31.5
"120",11,-30.5
"120",11,-29.5
"120",11,-28.5
"120",11,-27.5
"120",11,-26.5
"120",10,-25.5
"120",9,-24.5
"120",8,-23.5
"120",7,-22.5
"120",6,-21.5
"120",5,-20.5
"120",4,-19.5
"120",3,-18.5
"120",2,-17.5
"120",1,-16.5
"120",0,-15.5
"120",-1,-14.5
"120",-2,-13.5
"120",-3,-12.5
"120",-4,-11.5
"120",-5,-10.5
"120",-6,-9.5
"120",-7,-8.5
"120",-8,-7.5
"120",-9,-6.5
"120",-10,-5.5
"120",-11,-4.5
"120",-12,-3.5
"120",-13,-2.5
"120",-14,-1.5
"120",-15,-0.5
"120",-16,0.5
"120",-17,1.5
"120",-17,2.5
"120",-17,3.5
"120",-17,4.5
"120",-17,5.5
"120",-17,6.5
"120",-17,7.5
"120",-17,8.5
"120",-17,9.5
"120",-17,10.5
"120",-17,11.5
"120",-17,12.5
"120",-18,13.5
"120",-18,14.5
"120",-18,15.5
"120",-18,16.5
"120",-18,17.5
"120",-18,18.5
"120",-18,19.5
"120",-18,20.5
"120",-18,21.5
"120",-18,22.5
"120",-18,23.5
"120",-18,24.5
"120",-18,25.5
"120",-18,26.5
"120",-18,27.5
"120",-18,28.5
"120",-18,29.5
"120",-18,30.5
"120",-18,31.5
"120",-18,32.5
"120",-18,33.5
"120",-18,34.5
"120",-18,35.5
"120",-18,36.5
"120",-18,37.5
"120",-18,38.5
"120",-19,39.5
"120",-20,40.5
"120",-21,41.5
"120",-22,42.5
"120",-23,43.5
"120",-23,44.5
"120",-23,45.5
"120",-23,46.5
"120",-23,47.5
"120",-23,48.5
"120",-23,49.5
"120",-23,50.5
"120",-23,51.5
"120",-23,52.5
"120",-23,53.5
"120",-23,54.5
"120",-23,55.5
"120",-22,56.5
"120",-21,57.5
"120",-20,58.5
"120",-20,59.5
"120",-20,60.5
"120",-20,61.5
"120",-21,62.5
"120",-21,63.5
"120",-20,64.5
"121",-25,-73.5
"121",-24,-72.5
"121",-25,-71.5
"121",-25,-70.5
"121",-25,-69.5
"121",-24,-68.5
"121",-23,-67.5
"121",-22,-66.5
"121",-21,-65.5
"121",-20,-64.5
"121",-19,-63.5
"121",-18,-62.5
"121",-17,-61.5
"121",-16,-60.5
"121",-15,-59.5
"121",-14,-58.5
"121",-13,-57.5
"121",-12,-56.5
"121",-11,-55.5
"121",-10,-54.5
"121",-9,-53.5
"121",-8,-52.5
"121",-7,-51.5
"121",-6,-50.5
"121",-5,-49.5
"121",-4,-48.5
"121",-3,-47.5
"121",-2,-46.5
"121",-1,-45.5
"121",0,-44.5
"121",1,-43.5
"121",2,-42.5
"121",3,-41.5
"121",4,-40.5
"121",5,-39.5
"121",5,-38.5
"121",5,-37.5
"121",5,-36.5
"121",5,-35.5
"121",5,-34.5
"121",5,-33.5
"121",5,-32.5
"121",5,-31.5
"121",5,-30.5
"121",5,-29.5
"121",5,-28.5
"121",5,-27.5
"121",5,-26.5
"121",5,-25.5
"121",5,-24.5
"121",5,-23.5
"121",5,-22.5
"121",5,-21.5
"121",4,-20.5
"121",3,-19.5
"121",2,-18.5
"121",1,-17.5
"121",0,-16.5
"121",-1,-15.5
"121",-2,-14.5
"121",-3,-13.5
"121",-4,-12.5
"121",-5,-11.5
"121",-6,-10.5
"121",-7,-9.5
"121",-8,-8.5
"121",-9,-7.5
"121",-9,-6.5
"121",-10,-5.5
"121",-11,-4.5
"121",-12,-3.5
"121",-13,-2.5
"121",-14,-1.5
"121",-15,-0.5
"121",-16,0.5
"121",-16,1.5
"121",-16,2.5
"121",-16,3.5
"121",-16,4.5
"121",-16,5.5
"121",-16,6.5
"121",-16,7.5
"121",-16,8.5
"121",-16,9.5
"121",-16,10.5
"121",-17,11.5
"121",-18,12.5
"121",-18,13.5
"121",-18,14.5
"121",-18,15.5
"121",-18,16.5
"121",-18,17.5
"121",-18,18.5
"121",-18,19.5
"121",-18,20.5
"121",-18,21.5
"121",-18,22.5
"121",-18,23.5
"121",-18,24.5
"121",-18,25.5
"121",-18,26.5
"121",-18,27.5
"121",-18,28.5
"121",-18,29.5
"121",-18,30.5
"121",-18,31.5
"121",-18,32.5
"121",-18,33.5
"121",-18,34.5
"121",-18,35.5
"121",-18,36.5
"121",-18,37.5
"121",-18,38.5
"121",-18,39.5
"121",-19,40.5
"121",-20,41.5
"121",-20,42.5
"121",-20,43.5
"121",-20,44.5
"121",-20,45.5
"121",-20,46.5
"121",-20,47.5
"121",-20,48.5
"121",-20,49.5
"121",-20,50.5
"121",-20,51.5
"121",-20,52.5
"121",-20,53.5
"121",-20,54.5
"121",-20,55.5
"121",-20,56.5
"121",-20,57.5
"121",-20,58.5
"121",-20,59.5
"121",-20,60.5
"121",-20,61.5
"121",-21,62.5
"121",-21,63.5
"121",-20,64.5
"122",-25,-73.5
"122",-26,-73.5
"122",-27,-72.5
"122",-28,-72.5
"122",-29,-71.5
"122",-30,-71.5
"122",-31,-70.5
"122",-32,-69.5
"122",-33,-68.5
"122",-34,-67.5
"122",-34,-66.5
"122",-33,-65.5
"122",-32,-64.5
"122",-31,-63.5
"122",-31,-62.5
"122",-31,-61.5
"122",-31,-60.5
"122",-31,-59.5
"122",-31,-58.5
"122",-31,-57.5
"122",-30,-56.5
"122",-29,-55.5
"122",-28,-54.5
"122",-27,-53.5
"122",-27,-52.5
"122",-27,-51.5
"122",-27,-50.5
"122",-27,-49.5
"122",-27,-48.5
"122",-27,-47.5
"122",-27,-46.5
"122",-27,-45.5
"122",-27,-44.5
"122",-27,-43.5
"122",-27,-42.5
"122",-27,-41.5
"122",-27,-40.5
"122",-27,-39.5
"122",-27,-38.5
"122",-27,-37.5
"122",-27,-36.5
"122",-27,-35.5
"122",-27,-34.5
"122",-27,-33.5
"122",-27,-32.5
"122",-27,-31.5
"122",-27,-30.5
"122",-27,-29.5
"122",-28,-28.5
"122",-29,-27.5
"122",-29,-26.5
"122",-29,-25.5
"122",-29,-24.5
"122",-29,-23.5
"122",-29,-22.5
"122",-29,-21.5
"122",-29,-20.5
"122",-29,-19.5
"122",-29,-18.5
"122",-29,-17.5
"122",-29,-16.5
"122",-29,-15.5
"122",-29,-14.5
"122",-29,-13.5
"122",-29,-12.5
"122",-29,-11.5
"122",-30,-10.5
"122",-31,-9.5
"122",-31,-8.5
"122",-31,-7.5
"122",-31,-6.5
"122",-31,-5.5
"122",-31,-4.5
"122",-31,-3.5
"122",-31,-2.5
"122",-31,-1.5
"122",-31,-0.5
"122",-31,0.5
"122",-31,1.5
"122",-31,2.5
"122",-32,3.5
"122",-33,4.5
"122",-33,5.5
"122",-33,6.5
"122",-33,7.5
"122",-33,8.5
"122",-33,9.5
"122",-33,10.5
"122",-33,11.5
"122",-33,12.5
"122",-33,13.5
"122",-33,14.5
"122",-33,15.5
"122",-33,16.5
"122",-33,17.5
"122",-33,18.5
"122",-33,19.5
"122",-33,20.5
"122",-33,21.5
"122",-33,22.5
"122",-34,23.5
"122",-35,24.5
"122",-35,25.5
"122",-35,26.5
"122",-35,27.5
"122",-35,28.5
"122",-35,29.5
"122",-35,30.5
"122",-35,31.5
"122",-35,32.5
"122",-35,33.5
"122",-35,34.5
"122",-35,35.5
"122",-35,36.5
"122",-35,37.5
"122",-35,38.5
"122",-35,39.5
"122",-35,40.5
"122",-35,41.5
"122",-35,42.5
"122",-34,43.5
"122",-34,44.5
"122",-33,45.5
"122",-32,46.5
"122",-31,47.5
"122",-30,48.5
"122",-29,49.5
"122",-28,50.5
"122",-27,51.5
"122",-27,52.5
"122",-27,53.5
"122",-27,54.5
"122",-27,55.5
"122",-27,56.5
"122",-27,57.5
"122",-26,58.5
"122",-25,59.5
"122",-24,60.5
"122",-23,61.5
"122",-22,62.5
"122",-21,63.5
"122",-20,64.5
"123",-25,-73.5
"123",-26,-72.5
"123",-25,-71.5
"123",-24,-70.5
"123",-23,-69.5
"123",-22,-68.5
"123",-21,-67.5
"123",-20,-66.5
"123",-19,-65.5
"123",-18,-64.5
"123",-17,-63.5
"123",-16,-62.5
"123",-15,-61.5
"123",-14,-60.5
"123",-13,-59.5
"123",-12,-58.5
"123",-11,-57.5
"123",-10,-56.5
"123",-9,-55.5
"123",-8,-54.5
"123",-7,-53.5
"123",-6,-52.5
"123",-5,-51.5
"123",-4,-50.5
"123",-3,-49.5
"123",-2,-48.5
"123",-1,-47.5
"123",0,-46.5
"123",1,-45.5
"123",2,-44.5
"123",3,-43.5
"123",4,-42.5
"123",5,-41.5
"123",6,-40.5
"123",7,-39.5
"123",8,-38.5
"123",9,-37.5
"123",9,-36.5
"123",9,-35.5
"123",9,-34.5
"123",9,-33.5
"123",9,-32.5
"123",9,-31.5
"123",9,-30.5
"123",9,-29.5
"123",9,-28.5
"123",9,-27.5
"123",9,-26.5
"123",8,-25.5
"123",7,-24.5
"123",6,-23.5
"123",5,-22.5
"123",4,-21.5
"123",3,-20.5
"123",2,-19.5
"123",1,-18.5
"123",0,-17.5
"123",-1,-16.5
"123",-2,-15.5
"123",-3,-14.5
"123",-4,-13.5
"123",-5,-12.5
"123",-6,-11.5
"123",-7,-10.5
"123",-8,-9.5
"123",-9,-8.5
"123",-10,-7.5
"123",-11,-6.5
"123",-12,-5.5
"123",-13,-4.5
"123",-14,-3.5
"123",-15,-2.5
"123",-16,-1.5
"123",-17,-0.5
"123",-18,0.5
"123",-19,1.5
"123",-20,2.5
"123",-21,3.5
"123",-22,4.5
"123",-23,5.5
"123",-24,6.5
"123",-25,7.5
"123",-26,8.5
"123",-27,9.5
"123",-28,10.5
"123",-29,11.5
"123",-30,12.5
"123",-31,13.5
"123",-32,14.5
"123",-33,15.5
"123",-34,16.5
"123",-35,17.5
"123",-36,18.5
"123",-37,19.5
"123",-38,20.5
"123",-39,21.5
"123",-40,22.5
"123",-40,23.5
"123",-40,24.5
"123",-40,25.5
"123",-40,26.5
"123",-40,27.5
"123",-40,28.5
"123",-40,29.5
"123",-40,30.5
"123",-40,31.5
"123",-40,32.5
"123",-40,33.5
"123",-40,34.5
"123",-40,35.5
"123",-40,36.5
"123",-40,37.5
"123",-40,38.5
"123",-40,39.5
"123",-40,40.5
"123",-40,41.5
"123",-40,42.5
"123",-39,43.5
"123",-38,44.5
"123",-37,45.5
"123",-36,46.5
"123",-35,47.5
"123",-34,48.5
"123",-33,49.5
"123",-32,50.5
"123",-31,51.5
"123",-30,52.5
"123",-29,53.5
"123",-28,54.5
"123",-27,55.5
"123",-26,56.5
"123",-25,57.5
"123",-24,58.5
"123",-23,59.5
"123",-22,60.5
"123",-21,61.5
"123",-21,62.5
"123",-21,63.5
"123",-20,64.5
"124",-25,-73.5
"124",-24,-72.5
"124",-25,-71.5
"124",-25,-70.5
"124",-25,-69.5
"124",-24,-68.5
"124",-23,-67.5
"124",-22,-66.5
"124",-21,-65.5
"124",-20,-64.5
"124",-19,-63.5
"124",-18,-62.5
"124",-17,-61.5
"124",-16,-60.5
"124",-15,-59.5
"124",-14,-58.5
"124",-13,-57.5
"124",-12,-56.5
"124",-11,-55.5
"124",-10,-54.5
"124",-9,-53.5
"124",-8,-52.5
"124",-7,-52.5
"124",-6,-52.5
"124",-5,-51.5
"124",-4,-51.5
"124",-3,-50.5
"124",-2,-49.5
"124",-1,-48.5
"124",0,-47.5
"124",1,-46.5
"124",2,-45.5
"124",3,-44.5
"124",4,-43.5
"124",5,-42.5
"124",6,-41.5
"124",7,-40.5
"124",8,-39.5
"124",9,-38.5
"124",10,-37.5
"124",11,-36.5
"124",12,-35.5
"124",13,-34.5
"124",13,-33.5
"124",13,-32.5
"124",13,-31.5
"124",13,-30.5
"124",13,-29.5
"124",13,-28.5
"124",12,-27.5
"124",11,-26.5
"124",10,-25.5
"124",9,-24.5
"124",8,-23.5
"124",7,-22.5
"124",6,-21.5
"124",5,-20.5
"124",4,-19.5
"124",3,-18.5
"124",2,-17.5
"124",1,-16.5
"124",0,-15.5
"124",-1,-14.5
"124",-2,-13.5
"124",-3,-12.5
"124",-4,-11.5
"124",-5,-10.5
"124",-6,-9.5
"124",-7,-8.5
"124",-8,-7.5
"124",-9,-6.5
"124",-10,-5.5
"124",-11,-4.5
"124",-12,-3.5
"124",-13,-2.5
"124",-14,-1.5
"124",-15,-0.5
"124",-16,0.5
"124",-17,1.5
"124",-18,2.5
"124",-18,3.5
"124",-18,4.5
"124",-18,5.5
"124",-18,6.5
"124",-18,7.5
"124",-18,8.5
"124",-18,9.5
"124",-18,10.5
"124",-18,11.5
"124",-18,12.5
"124",-18,13.5
"124",-18,14.5
"124",-18,15.5
"124",-18,16.5
"124",-18,17.5
"124",-18,18.5
"124",-18,19.5
"124",-18,20.5
"124",-18,21.5
"124",-18,22.5
"124",-18,23.5
"124",-18,24.5
"124",-18,25.5
"124",-18,26.5
"124",-18,27.5
"124",-18,28.5
"124",-18,29.5
"124",-18,30.5
"124",-18,31.5
"124",-18,32.5
"124",-18,33.5
"124",-18,34.5
"124",-18,35.5
"124",-18,36.5
"124",-18,37.5
"124",-18,38.5
"124",-18,39.5
"124",-18,40.5
"124",-18,41.5
"124",-19,42.5
"124",-20,43.5
"124",-20,44.5
"124",-20,45.5
"124",-20,46.5
"124",-20,47.5
"124",-20,48.5
"124",-20,49.5
"124",-20,50.5
"124",-20,51.5
"124",-20,52.5
"124",-20,53.5
"124",-20,54.5
"124",-20,55.5
"124",-20,56.5
"124",-20,57.5
"124",-20,58.5
"124",-20,59.5
"124",-20,60.5
"124",-20,61.5
"124",-21,61.5
"124",-21,62.5
"124",-21,63.5
"124",-20,64.5
"125",-25,-73.5
"125",-24,-72.5
"125",-25,-71.5
"125",-25,-70.5
"125",-25,-69.5
"125",-25,-68.5
"125",-24,-67.5
"125",-23,-66.5
"125",-22,-65.5
"125",-21,-64.5
"125",-20,-63.5
"125",-19,-62.5
"125",-19,-61.5
"125",-18,-60.5
"125",-17,-59.5
"125",-16,-58.5
"125",-15,-57.5
"125",-14,-56.5
"125",-13,-55.5
"125",-12,-55.5
"125",-11,-55.5
"125",-10,-54.5
"125",-9,-53.5
"125",-8,-52.5
"125",-7,-52.5
"125",-6,-52.5
"125",-5,-51.5
"125",-4,-51.5
"125",-3,-50.5
"125",-2,-49.5
"125",-1,-48.5
"125",0,-47.5
"125",1,-46.5
"125",2,-45.5
"125",3,-44.5
"125",4,-44.5
"125",5,-43.5
"125",6,-43.5
"125",7,-43.5
"125",8,-42.5
"125",9,-41.5
"125",10,-41.5
"125",11,-40.5
"125",12,-39.5
"125",13,-38.5
"125",14,-37.5
"125",15,-36.5
"125",15,-35.5
"125",15,-34.5
"125",15,-33.5
"125",15,-32.5
"125",15,-31.5
"125",15,-30.5
"125",15,-29.5
"125",14,-28.5
"125",13,-27.5
"125",12,-26.5
"125",11,-25.5
"125",10,-24.5
"125",9,-23.5
"125",8,-22.5
"125",7,-21.5
"125",6,-20.5
"125",5,-19.5
"125",4,-18.5
"125",3,-17.5
"125",2,-16.5
"125",1,-15.5
"125",0,-14.5
"125",-1,-13.5
"125",-2,-12.5
"125",-3,-11.5
"125",-4,-10.5
"125",-5,-9.5
"125",-6,-8.5
"125",-7,-7.5
"125",-8,-6.5
"125",-9,-5.5
"125",-10,-4.5
"125",-11,-3.5
"125",-12,-3.5
"125",-13,-2.5
"125",-14,-1.5
"125",-15,-0.5
"125",-16,0.5
"125",-16,1.5
"125",-16,2.5
"125",-16,3.5
"125",-16,4.5
"125",-16,5.5
"125",-16,6.5
"125",-16,7.5
"125",-16,8.5
"125",-16,9.5
"125",-16,10.5
"125",-17,10.5
"125",-18,11.5
"125",-18,12.5
"125",-18,13.5
"125",-18,14.5
"125",-18,15.5
"125",-18,16.5
"125",-18,17.5
"125",-18,18.5
"125",-18,19.5
"125",-18,20.5
"125",-18,21.5
"125",-18,22.5
"125",-18,23.5
"125",-18,24.5
"125",-18,25.5
"125",-18,26.5
"125",-18,27.5
"125",-18,28.5
"125",-18,29.5
"125",-18,30.5
"125",-18,31.5
"125",-18,32.5
"125",-18,33.5
"125",-18,34.5
"125",-18,35.5
"125",-18,36.5
"125",-18,37.5
"125",-18,38.5
"125",-18,39.5
"125",-18,40.5
"125",-19,41.5
"125",-20,42.5
"125",-20,43.5
"125",-20,44.5
"125",-20,45.5
"125",-20,46.5
"125",-20,47.5
"125",-20,48.5
"125",-20,49.5
"125",-20,50.5
"125",-20,51.5
"125",-20,52.5
"125",-20,53.5
"125",-20,54.5
"125",-20,55.5
"125",-20,56.5
"125",-20,57.5
"125",-20,58.5
"125",-20,59.5
"125",-20,60.5
"125",-20,61.5
"125",-21,62.5
"125",-21,63.5
"125",-20,64.5
"126",-25,-73.5
"126",-24,-72.5
"126",-23,-72.5
"126",-22,-71.5
"126",-21,-71.5
"126",-20,-71.5
"126",-19,-71.5
"126",-18,-70.5
"126",-19,-69.5
"126",-19,-68.5
"126",-19,-67.5
"126",-19,-66.5
"126",-19,-65.5
"126",-19,-64.5
"126",-19,-63.5
"126",-19,-62.5
"126",-19,-61.5
"126",-18,-60.5
"126",-17,-59.5
"126",-18,-58.5
"126",-17,-57.5
"126",-18,-56.5
"126",-17,-55.5
"126",-16,-55.5
"126",-15,-54.5
"126",-14,-54.5
"126",-13,-53.5
"126",-12,-53.5
"126",-11,-53.5
"126",-10,-52.5
"126",-9,-52.5
"126",-8,-51.5
"126",-7,-51.5
"126",-6,-51.5
"126",-5,-50.5
"126",-4,-50.5
"126",-3,-49.5
"126",-2,-49.5
"126",-1,-48.5
"126",0,-47.5
"126",1,-46.5
"126",2,-45.5
"126",3,-44.5
"126",4,-44.5
"126",5,-43.5
"126",6,-43.5
"126",7,-43.5
"126",8,-42.5
"126",9,-41.5
"126",10,-41.5
"126",11,-40.5
"126",12,-39.5
"126",13,-38.5
"126",13,-37.5
"126",13,-36.5
"126",13,-35.5
"126",13,-34.5
"126",13,-33.5
"126",13,-32.5
"126",13,-31.5
"126",13,-30.5
"126",13,-29.5
"126",13,-28.5
"126",13,-27.5
"126",12,-26.5
"126",12,-25.5
"126",11,-24.5
"126",10,-23.5
"126",9,-22.5
"126",8,-21.5
"126",7,-20.5
"126",6,-19.5
"126",5,-18.5
"126",4,-17.5
"126",3,-16.5
"126",2,-15.5
"126",1,-14.5
"126",1,-13.5
"126",0,-12.5
"126",-1,-11.5
"126",-2,-10.5
"126",-3,-9.5
"126",-4,-8.5
"126",-5,-7.5
"126",-6,-6.5
"126",-7,-6.5
"126",-8,-5.5
"126",-9,-4.5
"126",-10,-4.5
"126",-11,-3.5
"126",-12,-3.5
"126",-13,-2.5
"126",-14,-1.5
"126",-15,-0.5
"126",-16,0.5
"126",-16,1.5
"126",-16,2.5
"126",-16,3.5
"126",-16,4.5
"126",-16,5.5
"126",-16,6.5
"126",-16,7.5
"126",-16,8.5
"126",-16,9.5
"126",-16,10.5
"126",-17,10.5
"126",-18,11.5
"126",-18,12.5
"126",-18,13.5
"126",-18,14.5
"126",-18,15.5
"126",-18,16.5
"126",-18,17.5
"126",-18,18.5
"126",-18,19.5
"126",-18,20.5
"126",-18,21.5
"126",-18,22.5
"126",-18,23.5
"126",-18,24.5
"126",-18,25.5
"126",-18,26.5
"126",-18,27.5
"126",-18,28.5
"126",-18,29.5
"126",-18,30.5
"126",-18,31.5
"126",-18,32.5
"126",-18,33.5
"126",-18,34.5
"126",-18,35.5
"126",-18,36.5
"126",-18,37.5
"126",-18,38.5
"126",-18,39.5
"126",-18,40.5
"126",-19,40.5
"126",-20,41.5
"126",-20,42.5
"126",-20,43.5
"126",-20,44.5
"126",-20,45.5
"126",-20,46.5
"126",-20,47.5
"126",-20,48.5
"126",-20,49.5
"126",-20,50.5
"126",-20,51.5
"126",-20,52.5
"126",-20,53.5
"126",-20,54.5
"126",-20,55.5
"126",-20,56.5
"126",-20,57.5
"126",-20,58.5
"126",-20,59.5
"126",-20,60.5
"126",-20,61.5
"126",-21,61.5
"126",-22,62.5
"126",-21,63.5
"126",-20,64.5
"127",-25,-73.5
"127",-24,-72.5
"127",-23,-72.5
"127",-22,-71.5
"127",-21,-71.5
"127",-20,-71.5
"127",-19,-71.5
"127",-19,-70.5
"127",-19,-69.5
"127",-19,-68.5
"127",-19,-67.5
"127",-19,-66.5
"127",-19,-65.5
"127",-19,-64.5
"127",-19,-63.5
"127",-19,-62.5
"127",-19,-61.5
"127",-18,-60.5
"127",-17,-59.5
"127",-18,-58.5
"127",-17,-57.5
"127",-18,-56.5
"127",-17,-55.5
"127",-16,-55.5
"127",-15,-54.5
"127",-14,-54.5
"127",-13,-53.5
"127",-12,-53.5
"127",-11,-53.5
"127",-10,-52.5
"127",-9,-52.5
"127",-8,-51.5
"127",-7,-51.5
"127",-6,-51.5
"127",-6,-50.5
"127",-5,-49.5
"127",-4,-48.5
"127",-3,-48.5
"127",-2,-48.5
"127",-1,-48.5
"127",0,-47.5
"127",1,-46.5
"127",1,-45.5
"127",1,-44.5
"127",2,-43.5
"127",3,-42.5
"127",4,-42.5
"127",5,-41.5
"127",4,-40.5
"127",5,-39.5
"127",5,-38.5
"127",5,-37.5
"127",5,-36.5
"127",5,-35.5
"127",5,-34.5
"127",5,-33.5
"127",5,-32.5
"127",5,-31.5
"127",5,-30.5
"127",5,-29.5
"127",5,-28.5
"127",5,-27.5
"127",5,-26.5
"127",5,-25.5
"127",5,-24.5
"127",5,-23.5
"127",5,-22.5
"127",5,-21.5
"127",5,-20.5
"127",4,-19.5
"127",3,-18.5
"127",3,-17.5
"127",3,-16.5
"127",2,-15.5
"127",1,-15.5
"127",1,-14.5
"127",1,-13.5
"127",0,-12.5
"127",-1,-11.5
"127",-2,-10.5
"127",-3,-9.5
"127",-4,-8.5
"127",-5,-7.5
"127",-6,-6.5
"127",-7,-6.5
"127",-8,-5.5
"127",-9,-4.5
"127",-10,-4.5
"127",-11,-3.5
"127",-12,-3.5
"127",-13,-2.5
"127",-14,-1.5
"127",-15,-1.5
"127",-16,-0.5
"127",-16,0.5
"127",-16,1.5
"127",-16,2.5
"127",-16,3.5
"127",-16,4.5
"127",-16,5.5
"127",-16,6.5
"127",-16,7.5
"127",-16,8.5
"127",-16,9.5
"127",-16,10.5
"127",-17,10.5
"127",-18,11.5
"127",-18,12.5
"127",-18,13.5
"127",-18,14.5
"127",-18,15.5
"127",-18,16.5
"127",-18,17.5
"127",-18,18.5
"127",-18,19.5
"127",-18,20.5
"127",-18,21.5
"127",-18,22.5
"127",-18,23.5
"127",-18,24.5
"127",-18,25.5
"127",-18,26.5
"127",-18,27.5
"127",-18,28.5
"127",-18,29.5
"127",-18,30.5
"127",-18,31.5
"127",-18,32.5
"127",-18,33.5
"127",-18,34.5
"127",-18,35.5
"127",-18,36.5
"127",-18,37.5
"127",-18,38.5
"127",-18,39.5
"127",-18,40.5
"127",-19,40.5
"127",-20,41.5
"127",-20,42.5
"127",-20,43.5
"127",-20,44.5
"127",-20,45.5
"127",-20,46.5
"127",-20,47.5
"127",-20,48.5
"127",-20,49.5
"127",-20,50.5
"127",-20,51.5
"127",-20,52.5
"127",-20,53.5
"127",-20,54.5
"127",-20,55.5
"127",-20,56.5
"127",-20,57.5
"127",-20,58.5
"127",-20,59.5
"127",-20,60.5
"127",-20,61.5
"127",-21,61.5
"127",-22,62.5
"127",-21,63.5
"127",-20,64.5
"128",-25,-73.5
"128",-24,-72.5
"128",-23,-72.5
"128",-22,-71.5
"128",-21,-71.5
"128",-20,-71.5
"128",-19,-71.5
"128",-19,-70.5
"128",-19,-69.5
"128",-19,-68.5
"128",-19,-67.5
"128",-19,-66.5
"128",-19,-65.5
"128",-19,-64.5
"128",-19,-63.5
"128",-19,-62.5
"128",-19,-61.5
"128",-18,-60.5
"128",-17,-59.5
"128",-18,-58.5
"128",-17,-57.5
"128",-18,-56.5
"128",-17,-55.5
"128",-16,-55.5
"128",-15,-54.5
"128",-14,-54.5
"128",-13,-53.5
"128",-12,-53.5
"128",-11,-53.5
"128",-10,-52.5
"128",-9,-52.5
"128",-8,-52.5
"128",-7,-52.5
"128",-6,-52.5
"128",-6,-51.5
"128",-6,-50.5
"128",-5,-49.5
"128",-4,-48.5
"128",-3,-48.5
"128",-2,-48.5
"128",-1,-48.5
"128",0,-47.5
"128",1,-46.5
"128",1,-45.5
"128",1,-44.5
"128",2,-43.5
"128",3,-42.5
"128",4,-42.5
"128",5,-41.5
"128",4,-40.5
"128",5,-39.5
"128",5,-38.5
"128",5,-37.5
"128",5,-36.5
"128",5,-35.5
"128",5,-34.5
"128",5,-33.5
"128",5,-32.5
"128",5,-31.5
"128",5,-30.5
"128",5,-29.5
"128",5,-28.5
"128",5,-27.5
"128",5,-26.5
"128",5,-25.5
"128",5,-24.5
"128",5,-23.5
"128",5,-22.5
"128",5,-21.5
"128",5,-20.5
"128",4,-19.5
"128",3,-18.5
"128",3,-17.5
"128",3,-16.5
"128",3,-15.5
"128",2,-15.5
"128",1,-15.5
"128",1,-14.5
"128",0,-13.5
"128",-1,-12.5
"128",-2,-11.5
"128",-3,-10.5
"128",-4,-10.5
"128",-5,-10.5
"128",-6,-9.5
"128",-7,-9.5
"128",-8,-8.5
"128",-9,-8.5
"128",-9,-7.5
"128",-9,-6.5
"128",-9,-5.5
"128",-10,-5.5
"128",-11,-4.5
"128",-12,-4.5
"128",-13,-3.5
"128",-14,-2.5
"128",-15,-2.5
"128",-16,-1.5
"128",-16,-0.5
"128",-16,0.5
"128",-17,0.5
"128",-18,1.5
"128",-19,1.5
"128",-20,2.5
"128",-21,2.5
"128",-22,3.5
"128",-23,3.5
"128",-24,4.5
"128",-25,5.5
"128",-26,5.5
"128",-27,5.5
"128",-28,5.5
"128",-29,6.5
"128",-29,7.5
"128",-29,8.5
"128",-29,9.5
"128",-29,10.5
"128",-29,11.5
"128",-29,12.5
"128",-29,13.5
"128",-29,14.5
"128",-29,15.5
"128",-29,16.5
"128",-29,17.5
"128",-29,18.5
"128",-29,19.5
"128",-29,20.5
"128",-29,21.5
"128",-30,21.5
"128",-31,22.5
"128",-32,22.5
"128",-33,23.5
"128",-34,23.5
"128",-35,24.5
"128",-35,25.5
"128",-35,26.5
"128",-35,27.5
"128",-35,28.5
"128",-35,29.5
"128",-35,30.5
"128",-35,31.5
"128",-35,32.5
"128",-35,33.5
"128",-35,34.5
"128",-35,35.5
"128",-35,36.5
"128",-35,37.5
"128",-35,38.5
"128",-34,39.5
"128",-33,40.5
"128",-33,41.5
"128",-33,42.5
"128",-34,43.5
"128",-34,44.5
"128",-33,45.5
"128",-32,46.5
"128",-31,46.5
"128",-30,46.5
"128",-29,46.5
"128",-28,46.5
"128",-27,46.5
"128",-26,47.5
"128",-26,48.5
"128",-27,49.5
"128",-27,50.5
"128",-27,51.5
"128",-27,52.5
"128",-27,53.5
"128",-27,54.5
"128",-27,55.5
"128",-27,56.5
"128",-27,57.5
"128",-27,58.5
"128",-27,59.5
"128",-27,60.5
"128",-26,61.5
"128",-25,62.5
"128",-24,62.5
"128",-23,62.5
"128",-22,62.5
"128",-21,63.5
"128",-20,64.5
"129",-25,-73.5
"129",-26,-72.5
"129",-26,-71.5
"129",-26,-70.5
"129",-25,-69.5
"129",-24,-68.5
"129",-23,-67.5
"129",-22,-66.5
"129",-21,-65.5
"129",-20,-64.5
"129",-19,-63.5
"129",-18,-62.5
"129",-17,-61.5
"129",-16,-60.5
"129",-15,-59.5
"129",-14,-58.5
"129",-13,-57.5
"129",-12,-56.5
"129",-11,-55.5
"129",-10,-54.5
"129",-9,-53.5
"129",-8,-52.5
"129",-7,-51.5
"129",-6,-50.5
"129",-5,-49.5
"129",-4,-48.5
"129",-3,-47.5
"129",-2,-46.5
"129",-1,-45.5
"129",0,-44.5
"129",1,-43.5
"129",2,-42.5
"129",3,-41.5
"129",4,-40.5
"129",5,-39.5
"129",6,-38.5
"129",7,-37.5
"129",8,-36.5
"129",9,-35.5
"129",10,-34.5
"129",11,-33.5
"129",11,-32.5
"129",11,-31.5
"129",11,-30.5
"129",11,-29.5
"129",11,-28.5
"129",11,-27.5
"129",11,-26.5
"129",10,-25.5
"129",9,-24.5
"129",8,-23.5
"129",7,-22.5
"129",6,-21.5
"129",5,-20.5
"129",4,-19.5
"129",3,-18.5
"129",2,-17.5
"129",1,-16.5
"129",0,-15.5
"129",-1,-14.5
"129",-2,-13.5
"129",-3,-12.5
"129",-4,-11.5
"129",-5,-10.5
"129",-6,-9.5
"129",-7,-8.5
"129",-8,-7.5
"129",-9,-6.5
"129",-10,-5.5
"129",-11,-4.5
"129",-12,-3.5
"129",-13,-2.5
"129",-14,-1.5
"129",-15,-0.5
"129",-16,0.5
"129",-17,1.5
"129",-18,2.5
"129",-18,3.5
"129",-18,4.5
"129",-18,5.5
"129",-18,6.5
"129",-18,7.5
"129",-18,8.5
"129",-19,9.5
"129",-19,10.5
"129",-19,11.5
"129",-19,12.5
"129",-19,13.5
"129",-19,14.5
"129",-19,15.5
"129",-19,16.5
"129",-19,17.5
"129",-19,18.5
"129",-19,19.5
"129",-19,20.5
"129",-19,21.5
"129",-19,22.5
"129",-19,23.5
"129",-19,24.5
"129",-19,25.5
"129",-19,26.5
"129",-19,27.5
"129",-19,28.5
"129",-19,29.5
"129",-19,30.5
"129",-19,31.5
"129",-19,32.5
"129",-19,33.5
"129",-19,34.5
"129",-19,35.5
"129",-19,36.5
"129",-19,37.5
"129",-20,38.5
"129",-21,39.5
"129",-22,40.5
"129",-23,41.5
"129",-24,42.5
"129",-25,43.5
"129",-26,44.5
"129",-27,45.5
"129",-27,46.5
"129",-27,47.5
"129",-27,48.5
"129",-27,49.5
"129",-28,50.5
"129",-28,51.5
"129",-28,52.5
"129",-28,53.5
"129",-27,54.5
"129",-26,55.5
"129",-25,56.5
"129",-24,57.5
"129",-23,58.5
"129",-22,59.5
"129",-21,60.5
"129",-21,61.5
"129",-21,62.5
"129",-21,63.5
"129",-20,64.5
"130",-25,-73.5
"130",-24,-72.5
"130",-25,-71.5
"130",-25,-70.5
"130",-25,-69.5
"130",-24,-68.5
"130",-23,-67.5
"130",-22,-66.5
"130",-21,-65.5
"130",-20,-64.5
"130",-19,-63.5
"130",-18,-62.5
"130",-17,-61.5
"130",-16,-60.5
"130",-15,-59.5
"130",-14,-58.5
"130",-13,-57.5
"130",-12,-56.5
"130",-11,-55.5
"130",-10,-54.5
"130",-9,-53.5
"130",-8,-52.5
"130",-7,-52.5
"130",-6,-52.5
"130",-5,-51.5
"130",-4,-51.5
"130",-3,-50.5
"130",-2,-49.5
"130",-1,-48.5
"130",0,-47.5
"130",1,-46.5
"130",2,-45.5
"130",3,-44.5
"130",4,-43.5
"130",5,-42.5
"130",6,-41.5
"130",7,-40.5
"130",8,-39.5
"130",9,-38.5
"130",10,-37.5
"130",11,-36.5
"130",12,-35.5
"130",13,-34.5
"130",13,-33.5
"130",13,-32.5
"130",13,-31.5
"130",13,-30.5
"130",13,-29.5
"130",13,-28.5
"130",12,-27.5
"130",11,-26.5
"130",10,-25.5
"130",9,-24.5
"130",8,-23.5
"130",7,-22.5
"130",6,-21.5
"130",5,-20.5
"130",4,-19.5
"130",3,-18.5
"130",2,-17.5
"130",1,-16.5
"130",0,-15.5
"130",-1,-14.5
"130",-2,-13.5
"130",-3,-12.5
"130",-4,-11.5
"130",-5,-10.5
"130",-6,-9.5
"130",-7,-8.5
"130",-8,-7.5
"130",-9,-6.5
"130",-10,-5.5
"130",-11,-4.5
"130",-12,-3.5
"130",-13,-2.5
"130",-14,-1.5
"130",-15,-0.5
"130",-16,0.5
"130",-17,1.5
"130",-18,2.5
"130",-18,3.5
"130",-18,4.5
"130",-18,5.5
"130",-18,6.5
"130",-18,7.5
"130",-18,8.5
"130",-18,9.5
"130",-18,10.5
"130",-18,11.5
"130",-18,12.5
"130",-18,13.5
"130",-18,14.5
"130",-18,15.5
"130",-18,16.5
"130",-18,17.5
"130",-18,18.5
"130",-18,19.5
"130",-18,20.5
"130",-18,21.5
"130",-18,22.5
"130",-18,23.5
"130",-18,24.5
"130",-18,25.5
"130",-18,26.5
"130",-18,27.5
"130",-18,28.5
"130",-18,29.5
"130",-18,30.5
"130",-18,31.5
"130",-18,32.5
"130",-18,33.5
"130",-18,34.5
"130",-18,35.5
"130",-18,36.5
"130",-18,37.5
"130",-18,38.5
"130",-18,39.5
"130",-18,40.5
"130",-19,41.5
"130",-20,42.5
"130",-20,43.5
"130",-20,44.5
"130",-20,45.5
"130",-20,46.5
"130",-20,47.5
"130",-20,48.5
"130",-20,49.5
"130",-20,50.5
"130",-20,51.5
"130",-20,52.5
"130",-20,53.5
"130",-20,54.5
"130",-20,55.5
"130",-20,56.5
"130",-20,57.5
"130",-20,58.5
"130",-20,59.5
"130",-20,60.5
"130",-20,61.5
"130",-21,62.5
"130",-21,63.5
"130",-20,64.5
"131",-25,-73.5
"131",-24,-72.5
"131",-25,-71.5
"131",-25,-70.5
"131",-25,-69.5
"131",-24,-68.5
"131",-23,-67.5
"131",-22,-66.5
"131",-21,-65.5
"131",-20,-64.5
"131",-19,-63.5
"131",-19,-62.5
"131",-19,-61.5
"131",-18,-60.5
"131",-17,-59.5
"131",-16,-58.5
"131",-15,-57.5
"131",-14,-56.5
"131",-13,-55.5
"131",-12,-55.5
"131",-11,-55.5
"131",-10,-54.5
"131",-9,-53.5
"131",-8,-52.5
"131",-7,-52.5
"131",-6,-52.5
"131",-5,-51.5
"131",-4,-51.5
"131",-3,-50.5
"131",-2,-49.5
"131",-1,-48.5
"131",0,-47.5
"131",1,-46.5
"131",2,-45.5
"131",3,-44.5
"131",4,-44.5
"131",5,-43.5
"131",6,-43.5
"131",7,-43.5
"131",8,-42.5
"131",9,-41.5
"131",10,-41.5
"131",11,-40.5
"131",12,-39.5
"131",13,-38.5
"131",13,-37.5
"131",13,-36.5
"131",13,-35.5
"131",13,-34.5
"131",13,-33.5
"131",13,-32.5
"131",13,-31.5
"131",13,-30.5
"131",13,-29.5
"131",13,-28.5
"131",12,-27.5
"131",11,-26.5
"131",10,-25.5
"131",9,-24.5
"131",8,-23.5
"131",7,-22.5
"131",6,-21.5
"131",5,-20.5
"131",4,-19.5
"131",3,-18.5
"131",2,-17.5
"131",1,-16.5
"131",0,-15.5
"131",-1,-14.5
"131",-2,-13.5
"131",-3,-12.5
"131",-4,-11.5
"131",-5,-10.5
"131",-6,-9.5
"131",-7,-8.5
"131",-8,-7.5
"131",-9,-6.5
"131",-10,-5.5
"131",-11,-4.5
"131",-12,-3.5
"131",-13,-2.5
"131",-14,-1.5
"131",-15,-0.5
"131",-16,0.5
"131",-16,1.5
"131",-16,2.5
"131",-16,3.5
"131",-16,4.5
"131",-16,5.5
"131",-16,6.5
"131",-16,7.5
"131",-16,8.5
"131",-16,9.5
"131",-16,10.5
"131",-17,11.5
"131",-18,12.5
"131",-18,13.5
"131",-18,14.5
"131",-18,15.5
"131",-18,16.5
"131",-18,17.5
"131",-18,18.5
"131",-18,19.5
"131",-18,20.5
"131",-18,21.5
"131",-18,22.5
"131",-18,23.5
"131",-18,24.5
"131",-18,25.5
"131",-18,26.5
"131",-18,27.5
"131",-18,28.5
"131",-18,29.5
"131",-18,30.5
"131",-18,31.5
"131",-18,32.5
"131",-18,33.5
"131",-18,34.5
"131",-18,35.5
"131",-18,36.5
"131",-18,37.5
"131",-18,38.5
"131",-18,39.5
"131",-18,40.5
"131",-19,41.5
"131",-20,42.5
"131",-20,43.5
"131",-20,44.5
"131",-20,45.5
"131",-20,46.5
"131",-20,47.5
"131",-20,48.5
"131",-20,49.5
"131",-20,50.5
"131",-20,51.5
"131",-20,52.5
"131",-20,53.5
"131",-20,54.5
"131",-20,55.5
"131",-20,56.5
"131",-20,57.5
"131",-20,58.5
"131",-20,59.5
"131",-20,60.5
"131",-20,61.5
"131",-21,62.5
"131",-21,63.5
"131",-20,64.5
"132",-25,-73.5
"132",-24,-72.5
"132",-23,-72.5
"132",-22,-71.5
"132",-21,-71.5
"132",-20,-71.5
"132",-19,-71.5
"132",-18,-70.5
"132",-19,-69.5
"132",-19,-68.5
"132",-19,-67.5
"132",-19,-66.5
"132",-19,-65.5
"132",-19,-64.5
"132",-19,-63.5
"132",-19,-62.5
"132",-19,-61.5
"132",-18,-60.5
"132",-17,-59.5
"132",-16,-58.5
"132",-15,-57.5
"132",-14,-57.5
"132",-14,-56.5
"132",-13,-55.5
"132",-12,-55.5
"132",-11,-55.5
"132",-10,-54.5
"132",-9,-53.5
"132",-8,-52.5
"132",-7,-52.5
"132",-6,-52.5
"132",-5,-51.5
"132",-4,-51.5
"132",-3,-50.5
"132",-2,-49.5
"132",-1,-48.5
"132",0,-47.5
"132",1,-46.5
"132",2,-45.5
"132",3,-44.5
"132",4,-44.5
"132",5,-43.5
"132",6,-43.5
"132",7,-43.5
"132",8,-42.5
"132",9,-41.5
"132",10,-41.5
"132",11,-40.5
"132",12,-39.5
"132",13,-38.5
"132",13,-37.5
"132",13,-36.5
"132",13,-35.5
"132",13,-34.5
"132",13,-33.5
"132",13,-32.5
"132",13,-31.5
"132",13,-30.5
"132",13,-29.5
"132",13,-28.5
"132",13,-27.5
"132",12,-26.5
"132",12,-25.5
"132",11,-24.5
"132",10,-23.5
"132",9,-22.5
"132",8,-21.5
"132",7,-20.5
"132",6,-19.5
"132",5,-18.5
"132",4,-17.5
"132",3,-16.5
"132",2,-15.5
"132",1,-14.5
"132",1,-13.5
"132",0,-12.5
"132",-1,-11.5
"132",-2,-10.5
"132",-3,-9.5
"132",-4,-8.5
"132",-5,-7.5
"132",-6,-6.5
"132",-7,-6.5
"132",-8,-5.5
"132",-9,-4.5
"132",-10,-4.5
"132",-11,-3.5
"132",-12,-3.5
"132",-13,-2.5
"132",-14,-1.5
"132",-15,-1.5
"132",-16,-0.5
"132",-16,0.5
"132",-16,1.5
"132",-16,2.5
"132",-16,3.5
"132",-16,4.5
"132",-16,5.5
"132",-16,6.5
"132",-16,7.5
"132",-16,8.5
"132",-16,9.5
"132",-16,10.5
"132",-17,10.5
"132",-18,11.5
"132",-18,12.5
"132",-18,13.5
"132",-18,14.5
"132",-18,15.5
"132",-18,16.5
"132",-18,17.5
"132",-18,18.5
"132",-18,19.5
"132",-18,20.5
"132",-18,21.5
"132",-18,22.5
"132",-18,23.5
"132",-18,24.5
"132",-18,25.5
"132",-18,26.5
"132",-18,27.5
"132",-18,28.5
"132",-18,29.5
"132",-18,30.5
"132",-18,31.5
"132",-18,32.5
"132",-18,33.5
"132",-18,34.5
"132",-18,35.5
"132",-18,36.5
"132",-18,37.5
"132",-18,38.5
"132",-18,39.5
"132",-18,40.5
"132",-19,40.5
"132",-20,41.5
"132",-20,42.5
"132",-20,43.5
"132",-20,44.5
"132",-20,45.5
"132",-20,46.5
"132",-20,47.5
"132",-20,48.5
"132",-20,49.5
"132",-20,50.5
"132",-20,51.5
"132",-20,52.5
"132",-20,53.5
"132",-20,54.5
"132",-20,55.5
"132",-20,56.5
"132",-20,57.5
"132",-20,58.5
"132",-20,59.5
"132",-20,60.5
"132",-20,61.5
"132",-21,61.5
"132",-22,62.5
"132",-21,63.5
"132",-20,64.5
"133",-25,-73.5
"133",-24,-72.5
"133",-23,-72.5
"133",-22,-71.5
"133",-21,-71.5
"133",-20,-71.5
"133",-19,-71.5
"133",-19,-70.5
"133",-19,-69.5
"133",-19,-68.5
"133",-19,-67.5
"133",-19,-66.5
"133",-19,-65.5
"133",-19,-64.5
"133",-19,-63.5
"133",-19,-62.5
"133",-19,-61.5
"133",-18,-60.5
"133",-17,-59.5
"133",-18,-58.5
"133",-17,-57.5
"133",-18,-56.5
"133",-17,-55.5
"133",-16,-55.5
"133",-15,-54.5
"133",-14,-54.5
"133",-13,-53.5
"133",-12,-53.5
"133",-11,-53.5
"133",-10,-52.5
"133",-9,-52.5
"133",-8,-51.5
"133",-7,-51.5
"133",-6,-51.5
"133",-6,-50.5
"133",-5,-49.5
"133",-4,-48.5
"133",-3,-47.5
"133",-2,-46.5
"133",-1,-46.5
"133",0,-45.5
"133",1,-44.5
"133",2,-43.5
"133",3,-42.5
"133",4,-42.5
"133",5,-41.5
"133",4,-40.5
"133",5,-39.5
"133",5,-38.5
"133",5,-37.5
"133",5,-36.5
"133",5,-35.5
"133",5,-34.5
"133",5,-33.5
"133",5,-32.5
"133",5,-31.5
"133",5,-30.5
"133",5,-29.5
"133",5,-28.5
"133",5,-27.5
"133",5,-26.5
"133",5,-25.5
"133",5,-24.5
"133",5,-23.5
"133",5,-22.5
"133",5,-21.5
"133",5,-20.5
"133",4,-19.5
"133",3,-18.5
"133",3,-17.5
"133",3,-16.5
"133",2,-15.5
"133",1,-15.5
"133",0,-14.5
"133",-1,-13.5
"133",-2,-12.5
"133",-3,-11.5
"133",-4,-10.5
"133",-5,-10.5
"133",-6,-9.5
"133",-7,-9.5
"133",-8,-8.5
"133",-9,-8.5
"133",-9,-7.5
"133",-9,-6.5
"133",-9,-5.5
"133",-10,-5.5
"133",-11,-4.5
"133",-12,-4.5
"133",-13,-3.5
"133",-14,-2.5
"133",-15,-2.5
"133",-16,-1.5
"133",-16,-0.5
"133",-16,0.5
"133",-17,0.5
"133",-18,1.5
"133",-19,2.5
"133",-20,3.5
"133",-21,3.5
"133",-22,4.5
"133",-23,5.5
"133",-24,6.5
"133",-25,7.5
"133",-26,8.5
"133",-27,8.5
"133",-28,8.5
"133",-29,9.5
"133",-29,10.5
"133",-29,11.5
"133",-29,12.5
"133",-29,13.5
"133",-29,14.5
"133",-29,15.5
"133",-29,16.5
"133",-29,17.5
"133",-29,18.5
"133",-29,19.5
"133",-29,20.5
"133",-29,21.5
"133",-30,21.5
"133",-31,22.5
"133",-32,22.5
"133",-33,23.5
"133",-34,23.5
"133",-35,24.5
"133",-35,25.5
"133",-35,26.5
"133",-35,27.5
"133",-35,28.5
"133",-35,29.5
"133",-35,30.5
"133",-35,31.5
"133",-35,32.5
"133",-35,33.5
"133",-35,34.5
"133",-35,35.5
"133",-35,36.5
"133",-35,37.5
"133",-35,38.5
"133",-34,39.5
"133",-33,40.5
"133",-33,41.5
"133",-33,42.5
"133",-34,43.5
"133",-34,44.5
"133",-33,45.5
"133",-32,46.5
"133",-31,46.5
"133",-30,46.5
"133",-29,46.5
"133",-28,46.5
"133",-27,46.5
"133",-26,47.5
"133",-26,48.5
"133",-27,49.5
"133",-27,50.5
"133",-27,51.5
"133",-27,52.5
"133",-27,53.5
"133",-27,54.5
"133",-27,55.5
"133",-27,56.5
"133",-27,57.5
"133",-27,58.5
"133",-27,59.5
"133",-27,60.5
"133",-26,61.5
"133",-25,62.5
"133",-24,62.5
"133",-23,62.5
"133",-22,62.5
"133",-21,63.5
"133",-20,64.5
"134",-25,-73.5
"134",-24,-72.5
"134",-23,-72.5
"134",-22,-71.5
"134",-21,-71.5
"134",-20,-71.5
"134",-19,-71.5
"134",-19,-70.5
"134",-19,-69.5
"134",-19,-68.5
"134",-19,-67.5
"134",-19,-66.5
"134",-19,-65.5
"134",-19,-64.5
"134",-19,-63.5
"134",-19,-62.5
"134",-19,-61.5
"134",-18,-60.5
"134",-17,-59.5
"134",-18,-58.5
"134",-17,-57.5
"134",-18,-56.5
"134",-17,-55.5
"134",-16,-55.5
"134",-15,-54.5
"134",-14,-54.5
"134",-13,-53.5
"134",-12,-53.5
"134",-11,-53.5
"134",-10,-52.5
"134",-9,-52.5
"134",-8,-51.5
"134",-7,-51.5
"134",-6,-51.5
"134",-6,-50.5
"134",-5,-49.5
"134",-4,-48.5
"134",-3,-48.5
"134",-2,-48.5
"134",-1,-48.5
"134",0,-47.5
"134",1,-46.5
"134",1,-45.5
"134",1,-44.5
"134",2,-43.5
"134",3,-42.5
"134",4,-42.5
"134",5,-41.5
"134",4,-40.5
"134",5,-39.5
"134",5,-38.5
"134",5,-37.5
"134",5,-36.5
"134",5,-35.5
"134",5,-34.5
"134",5,-33.5
"134",5,-32.5
"134",5,-31.5
"134",5,-30.5
"134",5,-29.5
"134",5,-28.5
"134",5,-27.5
"134",5,-26.5
"134",5,-25.5
"134",5,-24.5
"134",5,-23.5
"134",5,-22.5
"134",5,-21.5
"134",5,-20.5
"134",4,-19.5
"134",3,-18.5
"134",3,-17.5
"134",3,-16.5
"134",3,-15.5
"134",2,-15.5
"134",1,-15.5
"134",1,-14.5
"134",0,-13.5
"134",-1,-12.5
"134",-2,-11.5
"134",-3,-10.5
"134",-4,-10.5
"134",-5,-10.5
"134",-6,-9.5
"134",-7,-9.5
"134",-8,-8.5
"134",-9,-8.5
"134",-9,-7.5
"134",-9,-6.5
"134",-9,-5.5
"134",-10,-5.5
"134",-11,-4.5
"134",-12,-4.5
"134",-13,-3.5
"134",-14,-2.5
"134",-15,-2.5
"134",-16,-1.5
"134",-16,-0.5
"134",-16,0.5
"134",-17,0.5
"134",-18,1.5
"134",-19,1.5
"134",-20,2.5
"134",-21,2.5
"134",-22,3.5
"134",-23,3.5
"134",-24,4.5
"134",-25,5.5
"134",-26,5.5
"134",-27,5.5
"134",-28,5.5
"134",-29,6.5
"134",-29,7.5
"134",-29,8.5
"134",-29,9.5
"134",-29,10.5
"134",-29,11.5
"134",-29,12.5
"134",-29,13.5
"134",-29,14.5
"134",-29,15.5
"134",-29,16.5
"134",-29,17.5
"134",-29,18.5
"134",-29,19.5
"134",-29,20.5
"134",-29,21.5
"134",-30,21.5
"134",-31,22.5
"134",-32,22.5
"134",-33,23.5
"134",-34,23.5
"134",-35,24.5
"134",-35,25.5
"134",-35,26.5
"134",-35,27.5
"134",-35,28.5
"134",-35,29.5
"134",-35,30.5
"134",-35,31.5
"134",-35,32.5
"134",-35,33.5
"134",-35,34.5
"134",-35,35.5
"134",-35,36.5
"134",-35,37.5
"134",-35,38.5
"134",-34,39.5
"134",-33,40.5
"134",-33,41.5
"134",-33,42.5
"134",-34,43.5
"134",-34,44.5
"134",-33,45.5
"134",-32,46.5
"134",-31,46.5
"134",-30,46.5
"134",-29,46.5
"134",-28,46.5
"134",-27,46.5
"134",-26,47.5
"134",-26,48.5
"134",-27,49.5
"134",-27,50.5
"134",-27,51.5
"134",-27,52.5
"134",-27,53.5
"134",-27,54.5
"134",-27,55.5
"134",-27,56.5
"134",-27,57.5
"134",-27,58.5
"134",-27,59.5
"134",-27,60.5
"134",-26,61.5
"134",-25,62.5
"134",-24,62.5
"134",-23,62.5
"134",-22,62.5
"134",-21,63.5
"134",-20,64.5
"135",-25,-73.5
"135",-26,-72.5
"135",-26,-71.5
"135",-26,-70.5
"135",-25,-69.5
"135",-24,-68.5
"135",-23,-67.5
"135",-22,-66.5
"135",-21,-65.5
"135",-20,-64.5
"135",-19,-63.5
"135",-18,-62.5
"135",-17,-61.5
"135",-16,-60.5
"135",-15,-59.5
"135",-14,-58.5
"135",-13,-57.5
"135",-12,-56.5
"135",-11,-55.5
"135",-10,-54.5
"135",-9,-53.5
"135",-8,-52.5
"135",-7,-51.5
"135",-6,-50.5
"135",-5,-49.5
"135",-4,-48.5
"135",-3,-47.5
"135",-2,-46.5
"135",-1,-45.5
"135",0,-44.5
"135",1,-43.5
"135",2,-42.5
"135",3,-41.5
"135",4,-40.5
"135",5,-39.5
"135",6,-38.5
"135",7,-37.5
"135",8,-36.5
"135",9,-35.5
"135",10,-34.5
"135",11,-33.5
"135",11,-32.5
"135",11,-31.5
"135",11,-30.5
"135",11,-29.5
"135",11,-28.5
"135",11,-27.5
"135",11,-26.5
"135",10,-25.5
"135",9,-24.5
"135",8,-23.5
"135",7,-22.5
"135",6,-21.5
"135",5,-20.5
"135",4,-19.5
"135",3,-18.5
"135",2,-17.5
"135",1,-16.5
"135",0,-15.5
"135",-1,-14.5
"135",-2,-13.5
"135",-3,-12.5
"135",-4,-11.5
"135",-5,-10.5
"135",-6,-9.5
"135",-7,-8.5
"135",-8,-7.5
"135",-9,-6.5
"135",-10,-5.5
"135",-11,-4.5
"135",-12,-3.5
"135",-13,-2.5
"135",-14,-1.5
"135",-15,-0.5
"135",-16,0.5
"135",-17,1.5
"135",-18,2.5
"135",-18,3.5
"135",-18,4.5
"135",-18,5.5
"135",-18,6.5
"135",-18,7.5
"135",-18,8.5
"135",-19,9.5
"135",-19,10.5
"135",-19,11.5
"135",-19,12.5
"135",-19,13.5
"135",-19,14.5
"135",-19,15.5
"135",-19,16.5
"135",-19,17.5
"135",-19,18.5
"135",-19,19.5
"135",-19,20.5
"135",-19,21.5
"135",-19,22.5
"135",-19,23.5
"135",-19,24.5
"135",-19,25.5
"135",-19,26.5
"135",-19,27.5
"135",-19,28.5
"135",-19,29.5
"135",-19,30.5
"135",-19,31.5
"135",-19,32.5
"135",-19,33.5
"135",-19,34.5
"135",-19,35.5
"135",-19,36.5
"135",-19,37.5
"135",-20,38.5
"135",-21,39.5
"135",-22,40.5
"135",-23,41.5
"135",-24,42.5
"135",-25,43.5
"135",-26,44.5
"135",-26,45.5
"135",-26,46.5
"135",-26,47.5
"135",-26,48.5
"135",-26,49.5
"135",-26,50.5
"135",-26,51.5
"135",-26,52.5
"135",-26,53.5
"135",-26,54.5
"135",-25,55.5
"135",-24,56.5
"135",-23,57.5
"135",-22,58.5
"135",-21,59.5
"135",-21,60.5
"135",-21,61.5
"135",-21,62.5
"135",-21,63.5
"135",-20,64.5
"136",-25,-73.5
"136",-24,-72.5
"136",-25,-71.5
"136",-25,-70.5
"136",-25,-69.5
"136",-24,-68.5
"136",-23,-67.5
"136",-22,-66.5
"136",-21,-65.5
"136",-20,-64.5
"136",-19,-63.5
"136",-18,-62.5
"136",-17,-61.5
"136",-16,-60.5
"136",-15,-59.5
"136",-14,-58.5
"136",-13,-57.5
"136",-12,-56.5
"136",-11,-55.5
"136",-10,-54.5
"136",-9,-53.5
"136",-8,-52.5
"136",-7,-51.5
"136",-6,-50.5
"136",-5,-49.5
"136",-4,-48.5
"136",-3,-47.5
"136",-2,-46.5
"136",-1,-45.5
"136",0,-44.5
"136",1,-43.5
"136",2,-42.5
"136",3,-41.5
"136",4,-40.5
"136",5,-39.5
"136",6,-38.5
"136",7,-37.5
"136",8,-36.5
"136",9,-35.5
"136",10,-34.5
"136",11,-33.5
"136",11,-32.5
"136",11,-31.5
"136",11,-30.5
"136",11,-29.5
"136",11,-28.5
"136",11,-27.5
"136",11,-26.5
"136",10,-25.5
"136",9,-24.5
"136",8,-23.5
"136",7,-22.5
"136",6,-21.5
"136",5,-20.5
"136",4,-19.5
"136",3,-18.5
"136",2,-17.5
"136",1,-16.5
"136",0,-15.5
"136",-1,-14.5
"136",-2,-13.5
"136",-3,-12.5
"136",-4,-11.5
"136",-5,-10.5
"136",-6,-9.5
"136",-7,-8.5
"136",-8,-7.5
"136",-9,-6.5
"136",-10,-5.5
"136",-11,-4.5
"136",-12,-3.5
"136",-13,-2.5
"136",-14,-1.5
"136",-15,-0.5
"136",-16,0.5
"136",-17,1.5
"136",-18,2.5
"136",-18,3.5
"136",-18,4.5
"136",-18,5.5
"136",-18,6.5
"136",-18,7.5
"136",-18,8.5
"136",-18,9.5
"136",-18,10.5
"136",-18,11.5
"136",-18,12.5
"136",-18,13.5
"136",-18,14.5
"136",-18,15.5
"136",-18,16.5
"136",-18,17.5
"136",-18,18.5
"136",-18,19.5
"136",-18,20.5
"136",-18,21.5
"136",-18,22.5
"136",-18,23.5
"136",-18,24.5
"136",-18,25.5
"136",-18,26.5
"136",-18,27.5
"136",-18,28.5
"136",-18,29.5
"136",-18,30.5
"136",-18,31.5
"136",-18,32.5
"136",-18,33.5
"136",-18,34.5
"136",-18,35.5
"136",-18,36.5
"136",-18,37.5
"136",-18,38.5
"136",-18,39.5
"136",-18,40.5
"136",-19,41.5
"136",-20,42.5
"136",-20,43.5
"136",-20,44.5
"136",-20,45.5
"136",-20,46.5
"136",-20,47.5
"136",-20,48.5
"136",-20,49.5
"136",-20,50.5
"136",-20,51.5
"136",-20,52.5
"136",-20,53.5
"136",-20,54.5
"136",-20,55.5
"136",-20,56.5
"136",-20,57.5
"136",-20,58.5
"136",-20,59.5
"136",-20,60.5
"136",-20,61.5
"136",-21,62.5
"136",-21,63.5
"136",-20,64.5
"137",-25,-73.5
"137",-24,-72.5
"137",-25,-71.5
"137",-25,-70.5
"137",-25,-69.5
"137",-24,-68.5
"137",-23,-67.5
"137",-22,-66.5
"137",-21,-65.5
"137",-20,-64.5
"137",-19,-63.5
"137",-18,-62.5
"137",-17,-61.5
"137",-16,-60.5
"137",-15,-59.5
"137",-14,-58.5
"137",-13,-57.5
"137",-12,-56.5
"137",-11,-55.5
"137",-10,-54.5
"137",-9,-53.5
"137",-8,-52.5
"137",-7,-52.5
"137",-6,-52.5
"137",-5,-51.5
"137",-4,-51.5
"137",-3,-50.5
"137",-2,-49.5
"137",-1,-48.5
"137",0,-47.5
"137",1,-46.5
"137",2,-45.5
"137",3,-44.5
"137",4,-44.5
"137",5,-43.5
"137",6,-43.5
"137",7,-43.5
"137",8,-42.5
"137",9,-41.5
"137",10,-41.5
"137",11,-40.5
"137",12,-39.5
"137",13,-38.5
"137",13,-37.5
"137",13,-36.5
"137",13,-35.5
"137",13,-34.5
"137",13,-33.5
"137",13,-32.5
"137",13,-31.5
"137",13,-30.5
"137",13,-29.5
"137",13,-28.5
"137",12,-27.5
"137",11,-26.5
"137",10,-25.5
"137",9,-24.5
"137",8,-23.5
"137",7,-22.5
"137",6,-21.5
"137",5,-20.5
"137",4,-19.5
"137",3,-18.5
"137",2,-17.5
"137",1,-16.5
"137",0,-15.5
"137",-1,-14.5
"137",-2,-13.5
"137",-3,-12.5
"137",-4,-11.5
"137",-5,-11.5
"137",-6,-10.5
"137",-7,-9.5
"137",-8,-8.5
"137",-9,-7.5
"137",-9,-6.5
"137",-10,-5.5
"137",-11,-4.5
"137",-12,-3.5
"137",-13,-2.5
"137",-14,-1.5
"137",-15,-0.5
"137",-16,0.5
"137",-16,1.5
"137",-16,2.5
"137",-16,3.5
"137",-16,4.5
"137",-16,5.5
"137",-16,6.5
"137",-16,7.5
"137",-16,8.5
"137",-16,9.5
"137",-16,10.5
"137",-17,11.5
"137",-18,12.5
"137",-18,13.5
"137",-18,14.5
"137",-18,15.5
"137",-18,16.5
"137",-18,17.5
"137",-18,18.5
"137",-18,19.5
"137",-18,20.5
"137",-18,21.5
"137",-18,22.5
"137",-18,23.5
"137",-18,24.5
"137",-18,25.5
"137",-18,26.5
"137",-18,27.5
"137",-18,28.5
"137",-18,29.5
"137",-18,30.5
"137",-18,31.5
"137",-18,32.5
"137",-18,33.5
"137",-18,34.5
"137",-18,35.5
"137",-18,36.5
"137",-18,37.5
"137",-18,38.5
"137",-18,39.5
"137",-19,40.5
"137",-20,41.5
"137",-20,42.5
"137",-20,43.5
"137",-20,44.5
"137",-20,45.5
"137",-20,46.5
"137",-20,47.5
"137",-20,48.5
"137",-20,49.5
"137",-20,50.5
"137",-20,51.5
"137",-20,52.5
"137",-20,53.5
"137",-20,54.5
"137",-20,55.5
"137",-20,56.5
"137",-20,57.5
"137",-20,58.5
"137",-20,59.5
"137",-20,60.5
"137",-20,61.5
"137",-21,61.5
"137",-22,62.5
"137",-21,63.5
"137",-20,64.5
"138",-25,-73.5
"138",-26,-73.5
"138",-27,-73.5
"138",-28,-73.5
"138",-29,-73.5
"138",-30,-73.5
"138",-31,-72.5
"138",-31,-71.5
"138",-32,-70.5
"138",-33,-69.5
"138",-33,-68.5
"138",-33,-67.5
"138",-33,-66.5
"138",-33,-65.5
"138",-33,-64.5
"138",-33,-63.5
"138",-33,-62.5
"138",-33,-61.5
"138",-33,-60.5
"138",-33,-59.5
"138",-33,-58.5
"138",-33,-57.5
"138",-34,-56.5
"138",-34,-55.5
"138",-34,-54.5
"138",-35,-53.5
"138",-35,-52.5
"138",-35,-51.5
"138",-35,-50.5
"138",-35,-49.5
"138",-35,-48.5
"138",-35,-47.5
"138",-35,-46.5
"138",-35,-45.5
"138",-35,-44.5
"138",-35,-43.5
"138",-35,-42.5
"138",-35,-41.5
"138",-35,-40.5
"138",-35,-39.5
"138",-35,-38.5
"138",-35,-37.5
"138",-35,-36.5
"138",-35,-35.5
"138",-35,-34.5
"138",-35,-33.5
"138",-35,-32.5
"138",-35,-31.5
"138",-34,-30.5
"138",-33,-29.5
"138",-32,-28.5
"138",-31,-28.5
"138",-30,-27.5
"138",-29,-27.5
"138",-29,-26.5
"138",-29,-25.5
"138",-29,-24.5
"138",-29,-23.5
"138",-29,-22.5
"138",-29,-21.5
"138",-29,-20.5
"138",-29,-19.5
"138",-29,-18.5
"138",-29,-17.5
"138",-29,-16.5
"138",-29,-15.5
"138",-29,-14.5
"138",-29,-13.5
"138",-29,-12.5
"138",-29,-11.5
"138",-29,-10.5
"138",-30,-10.5
"138",-31,-9.5
"138",-31,-8.5
"138",-31,-7.5
"138",-31,-6.5
"138",-31,-5.5
"138",-31,-4.5
"138",-31,-3.5
"138",-31,-2.5
"138",-31,-1.5
"138",-31,-0.5
"138",-31,0.5
"138",-31,1.5
"138",-31,2.5
"138",-31,3.5
"138",-31,4.5
"138",-31,5.5
"138",-32,5.5
"138",-33,6.5
"138",-33,7.5
"138",-33,8.5
"138",-33,9.5
"138",-33,10.5
"138",-33,11.5
"138",-33,12.5
"138",-33,13.5
"138",-33,14.5
"138",-33,15.5
"138",-33,16.5
"138",-33,17.5
"138",-33,18.5
"138",-33,19.5
"138",-33,20.5
"138",-33,21.5
"138",-33,22.5
"138",-33,23.5
"138",-34,23.5
"138",-35,24.5
"138",-35,25.5
"138",-35,26.5
"138",-35,27.5
"138",-35,28.5
"138",-35,29.5
"138",-35,30.5
"138",-35,31.5
"138",-35,32.5
"138",-35,33.5
"138",-35,34.5
"138",-35,35.5
"138",-35,36.5
"138",-35,37.5
"138",-35,38.5
"138",-34,39.5
"138",-33,40.5
"138",-33,41.5
"138",-33,42.5
"138",-34,43.5
"138",-34,44.5
"138",-34,45.5
"138",-34,46.5
"138",-33,47.5
"138",-32,47.5
"138",-31,47.5
"138",-30,47.5
"138",-29,47.5
"138",-28,48.5
"138",-27,49.5
"138",-27,50.5
"138",-27,51.5
"138",-27,52.5
"138",-27,53.5
"138",-27,54.5
"138",-27,55.5
"138",-27,56.5
"138",-27,57.5
"138",-27,58.5
"138",-27,59.5
"138",-27,60.5
"138",-26,61.5
"138",-25,62.5
"138",-24,62.5
"138",-23,62.5
"138",-22,62.5
"138",-21,63.5
"138",-20,64.5
"139",-25,-73.5
"139",-26,-72.5
"139",-26,-71.5
"139",-26,-70.5
"139",-25,-69.5
"139",-24,-68.5
"139",-23,-67.5
"139",-22,-66.5
"139",-21,-65.5
"139",-20,-64.5
"139",-19,-63.5
"139",-18,-62.5
"139",-17,-61.5
"139",-16,-60.5
"139",-15,-59.5
"139",-14,-58.5
"139",-13,-57.5
"139",-12,-56.5
"139",-11,-55.5
"139",-10,-54.5
"139",-9,-53.5
"139",-8,-52.5
"139",-7,-51.5
"139",-6,-50.5
"139",-5,-49.5
"139",-4,-48.5
"139",-3,-47.5
"139",-2,-46.5
"139",-1,-45.5
"139",0,-44.5
"139",1,-43.5
"139",2,-42.5
"139",3,-41.5
"139",4,-40.5
"139",5,-39.5
"139",6,-38.5
"139",7,-37.5
"139",8,-36.5
"139",9,-35.5
"139",10,-34.5
"139",11,-33.5
"139",11,-32.5
"139",11,-31.5
"139",11,-30.5
"139",11,-29.5
"139",11,-28.5
"139",11,-27.5
"139",11,-26.5
"139",10,-25.5
"139",9,-24.5
"139",8,-23.5
"139",7,-22.5
"139",6,-21.5
"139",5,-20.5
"139",4,-19.5
"139",3,-18.5
"139",2,-17.5
"139",1,-16.5
"139",0,-15.5
"139",-1,-14.5
"139",-2,-13.5
"139",-3,-12.5
"139",-4,-11.5
"139",-5,-10.5
"139",-6,-9.5
"139",-7,-8.5
"139",-8,-7.5
"139",-9,-6.5
"139",-10,-5.5
"139",-11,-4.5
"139",-12,-3.5
"139",-13,-2.5
"139",-14,-1.5
"139",-15,-0.5
"139",-16,0.5
"139",-17,1.5
"139",-18,2.5
"139",-19,3.5
"139",-20,4.5
"139",-21,5.5
"139",-21,6.5
"139",-21,7.5
"139",-21,8.5
"139",-21,9.5
"139",-22,10.5
"139",-23,11.5
"139",-24,12.5
"139",-25,13.5
"139",-26,14.5
"139",-27,15.5
"139",-28,16.5
"139",-29,17.5
"139",-30,18.5
"139",-31,19.5
"139",-32,20.5
"139",-33,21.5
"139",-34,22.5
"139",-35,23.5
"139",-36,24.5
"139",-37,25.5
"139",-38,26.5
"139",-39,27.5
"139",-40,28.5
"139",-41,29.5
"139",-42,30.5
"139",-43,31.5
"139",-43,32.5
"139",-43,33.5
"139",-43,34.5
"139",-43,35.5
"139",-43,36.5
"139",-43,37.5
"139",-43,38.5
"139",-42,39.5
"139",-41,40.5
"139",-40,41.5
"139",-39,42.5
"139",-38,43.5
"139",-37,44.5
"139",-36,45.5
"139",-35,46.5
"139",-34,47.5
"139",-33,48.5
"139",-32,49.5
"139",-31,50.5
"139",-30,51.5
"139",-29,52.5
"139",-28,53.5
"139",-27,54.5
"139",-26,55.5
"139",-25,56.5
"139",-24,57.5
"139",-23,58.5
"139",-22,59.5
"139",-21,60.5
"139",-21,61.5
"139",-21,62.5
"139",-21,63.5
"139",-20,64.5
"140",-25,-73.5
"140",-24,-72.5
"140",-25,-71.5
"140",-25,-70.5
"140",-25,-69.5
"140",-24,-68.5
"140",-23,-67.5
"140",-22,-66.5
"140",-21,-65.5
"140",-20,-64.5
"140",-19,-63.5
"140",-18,-62.5
"140",-17,-61.5
"140",-16,-60.5
"140",-15,-59.5
"140",-14,-58.5
"140",-13,-57.5
"140",-12,-56.5
"140",-11,-55.5
"140",-10,-54.5
"140",-9,-53.5
"140",-8,-52.5
"140",-7,-51.5
"140",-6,-50.5
"140",-5,-49.5
"140",-4,-48.5
"140",-3,-47.5
"140",-2,-46.5
"140",-1,-45.5
"140",0,-44.5
"140",1,-43.5
"140",2,-42.5
"140",3,-41.5
"140",4,-40.5
"140",5,-39.5
"140",6,-38.5
"140",7,-37.5
"140",8,-36.5
"140",9,-35.5
"140",10,-34.5
"140",11,-33.5
"140",11,-32.5
"140",11,-31.5
"140",11,-30.5
"140",11,-29.5
"140",11,-28.5
"140",11,-27.5
"140",11,-26.5
"140",10,-25.5
"140",9,-24.5
"140",8,-23.5
"140",7,-22.5
"140",6,-21.5
"140",5,-20.5
"140",4,-19.5
"140",3,-18.5
"140",2,-17.5
"140",1,-16.5
"140",0,-15.5
"140",-1,-14.5
"140",-2,-13.5
"140",-3,-12.5
"140",-4,-11.5
"140",-5,-10.5
"140",-6,-9.5
"140",-7,-8.5
"140",-8,-7.5
"140",-9,-6.5
"140",-10,-5.5
"140",-11,-4.5
"140",-12,-3.5
"140",-13,-2.5
"140",-14,-1.5
"140",-15,-0.5
"140",-16,0.5
"140",-16,1.5
"140",-16,2.5
"140",-16,3.5
"140",-16,4.5
"140",-16,5.5
"140",-16,6.5
"140",-16,7.5
"140",-16,8.5
"140",-16,9.5
"140",-16,10.5
"140",-17,11.5
"140",-18,12.5
"140",-18,13.5
"140",-18,14.5
"140",-18,15.5
"140",-18,16.5
"140",-18,17.5
"140",-18,18.5
"140",-18,19.5
"140",-18,20.5
"140",-18,21.5
"140",-18,22.5
"140",-18,23.5
"140",-18,24.5
"140",-18,25.5
"140",-18,26.5
"140",-18,27.5
"140",-18,28.5
"140",-18,29.5
"140",-18,30.5
"140",-18,31.5
"140",-18,32.5
"140",-18,33.5
"140",-18,34.5
"140",-18,35.5
"140",-18,36.5
"140",-18,37.5
"140",-18,38.5
"140",-18,39.5
"140",-19,40.5
"140",-20,41.5
"140",-20,42.5
"140",-20,43.5
"140",-20,44.5
"140",-20,45.5
"140",-20,46.5
"140",-20,47.5
"140",-20,48.5
"140",-20,49.5
"140",-20,50.5
"140",-20,51.5
"140",-20,52.5
"140",-20,53.5
"140",-20,54.5
"140",-20,55.5
"140",-20,56.5
"140",-20,57.5
"140",-20,58.5
"140",-20,59.5
"140",-20,60.5
"140",-20,61.5
"140",-21,62.5
"140",-21,63.5
"140",-20,64.5
"141",-25,-73.5
"141",-26,-73.5
"141",-27,-73.5
"141",-28,-73.5
"141",-29,-73.5
"141",-30,-73.5
"141",-31,-72.5
"141",-31,-71.5
"141",-32,-70.5
"141",-33,-69.5
"141",-34,-68.5
"141",-34,-67.5
"141",-34,-66.5
"141",-34,-65.5
"141",-33,-64.5
"141",-33,-63.5
"141",-33,-62.5
"141",-33,-61.5
"141",-33,-60.5
"141",-33,-59.5
"141",-33,-58.5
"141",-33,-57.5
"141",-34,-56.5
"141",-34,-55.5
"141",-34,-54.5
"141",-35,-53.5
"141",-35,-52.5
"141",-35,-51.5
"141",-35,-50.5
"141",-35,-49.5
"141",-35,-48.5
"141",-35,-47.5
"141",-35,-46.5
"141",-35,-45.5
"141",-35,-44.5
"141",-35,-43.5
"141",-35,-42.5
"141",-35,-41.5
"141",-35,-40.5
"141",-35,-39.5
"141",-35,-38.5
"141",-35,-37.5
"141",-35,-36.5
"141",-35,-35.5
"141",-35,-34.5
"141",-35,-33.5
"141",-35,-32.5
"141",-34,-31.5
"141",-33,-30.5
"141",-32,-29.5
"141",-31,-29.5
"141",-30,-28.5
"141",-29,-27.5
"141",-29,-26.5
"141",-29,-25.5
"141",-29,-24.5
"141",-29,-23.5
"141",-29,-22.5
"141",-29,-21.5
"141",-29,-20.5
"141",-29,-19.5
"141",-29,-18.5
"141",-29,-17.5
"141",-29,-16.5
"141",-29,-15.5
"141",-29,-14.5
"141",-29,-13.5
"141",-29,-12.5
"141",-29,-11.5
"141",-29,-10.5
"141",-30,-10.5
"141",-31,-9.5
"141",-31,-8.5
"141",-31,-7.5
"141",-31,-6.5
"141",-31,-5.5
"141",-31,-4.5
"141",-31,-3.5
"141",-31,-2.5
"141",-31,-1.5
"141",-31,-0.5
"141",-31,0.5
"141",-31,1.5
"141",-31,2.5
"141",-32,3.5
"141",-33,4.5
"141",-33,5.5
"141",-33,6.5
"141",-33,7.5
"141",-33,8.5
"141",-33,9.5
"141",-33,10.5
"141",-33,11.5
"141",-33,12.5
"141",-33,13.5
"141",-33,14.5
"141",-33,15.5
"141",-33,16.5
"141",-33,17.5
"141",-33,18.5
"141",-33,19.5
"141",-33,20.5
"141",-33,21.5
"141",-33,22.5
"141",-33,23.5
"141",-34,23.5
"141",-35,24.5
"141",-35,25.5
"141",-35,26.5
"141",-35,27.5
"141",-35,28.5
"141",-35,29.5
"141",-35,30.5
"141",-35,31.5
"141",-35,32.5
"141",-35,33.5
"141",-35,34.5
"141",-35,35.5
"141",-35,36.5
"141",-35,37.5
"141",-35,38.5
"141",-34,39.5
"141",-33,40.5
"141",-33,41.5
"141",-33,42.5
"141",-34,43.5
"141",-34,44.5
"141",-33,45.5
"141",-32,46.5
"141",-31,47.5
"141",-30,47.5
"141",-29,47.5
"141",-28,48.5
"141",-27,49.5
"141",-27,50.5
"141",-27,51.5
"141",-27,52.5
"141",-27,53.5
"141",-27,54.5
"141",-27,55.5
"141",-27,56.5
"141",-27,57.5
"141",-27,58.5
"141",-26,59.5
"141",-25,60.5
"141",-24,61.5
"141",-23,62.5
"141",-22,62.5
"141",-21,63.5
"141",-20,64.5
"142",-25,-73.5
"142",-26,-72.5
"142",-26,-71.5
"142",-25,-70.5
"142",-24,-69.5
"142",-23,-68.5
"142",-22,-67.5
"142",-21,-66.5
"142",-20,-65.5
"142",-19,-64.5
"142",-18,-63.5
"142",-17,-62.5
"142",-16,-61.5
"142",-15,-60.5
"142",-14,-59.5
"142",-13,-58.5
"142",-12,-57.5
"142",-11,-56.5
"142",-10,-55.5
"142",-9,-54.5
"142",-8,-53.5
"142",-7,-52.5
"142",-6,-51.5
"142",-5,-50.5
"142",-4,-49.5
"142",-3,-48.5
"142",-2,-47.5
"142",-1,-46.5
"142",0,-45.5
"142",1,-44.5
"142",2,-43.5
"142",3,-42.5
"142",4,-41.5
"142",5,-40.5
"142",6,-39.5
"142",7,-38.5
"142",8,-37.5
"142",9,-36.5
"142",10,-35.5
"142",11,-34.5
"142",11,-33.5
"142",11,-32.5
"142",11,-31.5
"142",11,-30.5
"142",11,-29.5
"142",11,-28.5
"142",11,-27.5
"142",10,-26.5
"142",9,-25.5
"142",8,-24.5
"142",7,-23.5
"142",6,-22.5
"142",5,-21.5
"142",4,-20.5
"142",3,-19.5
"142",2,-18.5
"142",1,-17.5
"142",0,-16.5
"142",-1,-15.5
"142",-2,-14.5
"142",-3,-13.5
"142",-4,-12.5
"142",-5,-11.5
"142",-6,-10.5
"142",-7,-9.5
"142",-8,-8.5
"142",-9,-7.5
"142",-10,-6.5
"142",-11,-5.5
"142",-12,-4.5
"142",-13,-3.5
"142",-14,-2.5
"142",-15,-1.5
"142",-16,-0.5
"142",-17,0.5
"142",-18,1.5
"142",-19,2.5
"142",-20,3.5
"142",-21,4.5
"142",-22,5.5
"142",-23,6.5
"142",-24,7.5
"142",-25,8.5
"142",-26,9.5
"142",-27,10.5
"142",-28,11.5
"142",-29,12.5
"142",-30,13.5
"142",-31,14.5
"142",-32,15.5
"142",-33,16.5
"142",-34,17.5
"142",-35,18.5
"142",-36,19.5
"142",-37,20.5
"142",-38,21.5
"142",-39,22.5
"142",-40,23.5
"142",-41,24.5
"142",-42,25.5
"142",-43,26.5
"142",-44,27.5
"142",-45,28.5
"142",-46,29.5
"142",-47,30.5
"142",-47,31.5
"142",-47,32.5
"142",-47,33.5
"142",-47,34.5
"142",-47,35.5
"142",-46,36.5
"142",-45,37.5
"142",-44,38.5
"142",-43,39.5
"142",-42,40.5
"142",-41,41.5
"142",-40,42.5
"142",-39,43.5
"142",-38,44.5
"142",-37,45.5
"142",-36,46.5
"142",-35,47.5
"142",-34,48.5
"142",-33,49.5
"142",-32,50.5
"142",-31,51.5
"142",-30,52.5
"142",-29,53.5
"142",-28,54.5
"142",-27,55.5
"142",-26,56.5
"142",-25,57.5
"142",-24,58.5
"142",-23,59.5
"142",-22,60.5
"142",-21,61.5
"142",-21,62.5
"142",-21,63.5
"142",-20,64.5
"143",-25,-73.5
"143",-24,-72.5
"143",-25,-71.5
"143",-25,-70.5
"143",-25,-69.5
"143",-24,-68.5
"143",-23,-67.5
"143",-22,-66.5
"143",-21,-65.5
"143",-20,-64.5
"143",-19,-63.5
"143",-18,-62.5
"143",-17,-61.5
"143",-16,-60.5
"143",-15,-59.5
"143",-14,-58.5
"143",-13,-57.5
"143",-12,-56.5
"143",-11,-55.5
"143",-10,-54.5
"143",-9,-53.5
"143",-8,-52.5
"143",-7,-51.5
"143",-6,-50.5
"143",-5,-49.5
"143",-4,-48.5
"143",-3,-47.5
"143",-2,-46.5
"143",-1,-45.5
"143",0,-44.5
"143",1,-43.5
"143",2,-42.5
"143",3,-41.5
"143",4,-40.5
"143",5,-39.5
"143",6,-38.5
"143",7,-37.5
"143",8,-36.5
"143",9,-35.5
"143",10,-34.5
"143",11,-33.5
"143",11,-32.5
"143",11,-31.5
"143",11,-30.5
"143",11,-29.5
"143",11,-28.5
"143",11,-27.5
"143",10,-26.5
"143",9,-25.5
"143",8,-24.5
"143",7,-23.5
"143",6,-22.5
"143",5,-21.5
"143",4,-20.5
"143",3,-19.5
"143",2,-18.5
"143",1,-17.5
"143",0,-16.5
"143",-1,-15.5
"143",-2,-14.5
"143",-3,-13.5
"143",-4,-12.5
"143",-5,-11.5
"143",-6,-10.5
"143",-7,-9.5
"143",-8,-8.5
"143",-9,-7.5
"143",-10,-6.5
"143",-11,-5.5
"143",-12,-4.5
"143",-13,-3.5
"143",-14,-2.5
"143",-15,-1.5
"143",-16,-0.5
"143",-17,0.5
"143",-18,1.5
"143",-19,2.5
"143",-20,3.5
"143",-21,4.5
"143",-22,5.5
"143",-23,6.5
"143",-24,7.5
"143",-25,8.5
"143",-26,9.5
"143",-27,10.5
"143",-28,10.5
"143",-29,11.5
"143",-30,12.5
"143",-31,13.5
"143",-32,14.5
"143",-33,15.5
"143",-34,16.5
"143",-35,17.5
"143",-36,18.5
"143",-37,19.5
"143",-38,20.5
"143",-39,21.5
"143",-39,22.5
"143",-39,23.5
"143",-39,24.5
"143",-39,25.5
"143",-39,26.5
"143",-39,27.5
"143",-39,28.5
"143",-39,29.5
"143",-39,30.5
"143",-39,31.5
"143",-39,32.5
"143",-39,33.5
"143",-39,34.5
"143",-39,35.5
"143",-39,36.5
"143",-39,37.5
"143",-39,38.5
"143",-38,39.5
"143",-37,40.5
"143",-36,41.5
"143",-35,42.5
"143",-34,43.5
"143",-34,44.5
"143",-33,45.5
"143",-32,46.5
"143",-31,47.5
"143",-30,48.5
"143",-29,49.5
"143",-28,50.5
"143",-27,51.5
"143",-27,52.5
"143",-27,53.5
"143",-27,54.5
"143",-27,55.5
"143",-26,56.5
"143",-25,57.5
"143",-24,58.5
"143",-23,59.5
"143",-22,60.5
"143",-22,61.5
"143",-22,62.5
"143",-21,63.5
"143",-20,64.5
"144",-25,-73.5
"144",-26,-73.5
"144",-27,-73.5
"144",-28,-73.5
"144",-29,-73.5
"144",-30,-73.5
"144",-31,-72.5
"144",-31,-71.5
"144",-32,-70.5
"144",-33,-69.5
"144",-34,-68.5
"144",-34,-67.5
"144",-34,-66.5
"144",-33,-65.5
"144",-32,-64.5
"144",-31,-63.5
"144",-31,-62.5
"144",-31,-61.5
"144",-31,-60.5
"144",-31,-59.5
"144",-31,-58.5
"144",-31,-57.5
"144",-31,-56.5
"144",-30,-55.5
"144",-29,-54.5
"144",-28,-53.5
"144",-27,-52.5
"144",-27,-51.5
"144",-27,-50.5
"144",-27,-49.5
"144",-27,-48.5
"144",-27,-47.5
"144",-27,-46.5
"144",-27,-45.5
"144",-27,-44.5
"144",-27,-43.5
"144",-27,-42.5
"144",-27,-41.5
"144",-27,-40.5
"144",-27,-39.5
"144",-27,-38.5
"144",-27,-37.5
"144",-27,-36.5
"144",-27,-35.5
"144",-27,-34.5
"144",-27,-33.5
"144",-27,-32.5
"144",-27,-31.5
"144",-27,-30.5
"144",-27,-29.5
"144",-27,-28.5
"144",-27,-27.5
"144",-27,-26.5
"144",-27,-25.5
"144",-27,-24.5
"144",-27,-23.5
"144",-27,-22.5
"144",-27,-21.5
"144",-27,-20.5
"144",-27,-19.5
"144",-27,-18.5
"144",-27,-17.5
"144",-27,-16.5
"144",-27,-15.5
"144",-27,-14.5
"144",-27,-13.5
"144",-27,-12.5
"144",-28,-11.5
"144",-29,-10.5
"144",-30,-10.5
"144",-31,-9.5
"144",-31,-8.5
"144",-31,-7.5
"144",-31,-6.5
"144",-31,-5.5
"144",-31,-4.5
"144",-31,-3.5
"144",-31,-2.5
"144",-31,-1.5
"144",-31,-0.5
"144",-31,0.5
"144",-31,1.5
"144",-31,2.5
"144",-32,3.5
"144",-33,4.5
"144",-33,5.5
"144",-33,6.5
"144",-33,7.5
"144",-33,8.5
"144",-33,9.5
"144",-33,10.5
"144",-33,11.5
"144",-33,12.5
"144",-33,13.5
"144",-33,14.5
"144",-33,15.5
"144",-33,16.5
"144",-33,17.5
"144",-33,18.5
"144",-33,19.5
"144",-33,20.5
"144",-33,21.5
"144",-33,22.5
"144",-34,23.5
"144",-35,24.5
"144",-35,25.5
"144",-35,26.5
"144",-35,27.5
"144",-35,28.5
"144",-35,29.5
"144",-35,30.5
"144",-35,31.5
"144",-35,32.5
"144",-35,33.5
"144",-35,34.5
"144",-35,35.5
"144",-35,36.5
"144",-35,37.5
"144",-35,38.5
"144",-35,39.5
"144",-35,40.5
"144",-35,41.5
"144",-35,42.5
"144",-34,43.5
"144",-34,44.5
"144",-33,45.5
"144",-32,46.5
"144",-31,47.5
"144",-30,48.5
"144",-29,49.5
"144",-28,50.5
"144",-27,51.5
"144",-27,52.5
"144",-27,53.5
"144",-27,54.5
"144",-27,55.5
"144",-27,56.5
"144",-26,57.5
"144",-25,58.5
"144",-24,59.5
"144",-23,60.5
"144",-22,61.5
"144",-22,62.5
"144",-21,63.5
"144",-20,64.5
"145",-25,-73.5
"145",-26,-72.5
"145",-26,-71.5
"145",-25,-70.5
"145",-24,-69.5
"145",-23,-68.5
"145",-22,-67.5
"145",-21,-66.5
"145",-20,-65.5
"145",-19,-64.5
"145",-18,-63.5
"145",-17,-62.5
"145",-16,-61.5
"145",-15,-60.5
"145",-14,-59.5
"145",-13,-58.5
"145",-12,-57.5
"145",-11,-56.5
"145",-10,-55.5
"145",-9,-54.5
"145",-8,-53.5
"145",-7,-52.5
"145",-6,-51.5
"145",-5,-50.5
"145",-4,-49.5
"145",-3,-48.5
"145",-2,-47.5
"145",-1,-46.5
"145",0,-45.5
"145",1,-44.5
"145",2,-43.5
"145",3,-42.5
"145",4,-41.5
"145",5,-40.5
"145",6,-39.5
"145",7,-38.5
"145",8,-37.5
"145",9,-36.5
"145",10,-35.5
"145",11,-34.5
"145",11,-33.5
"145",11,-32.5
"145",11,-31.5
"145",11,-30.5
"145",11,-29.5
"145",11,-28.5
"145",11,-27.5
"145",10,-26.5
"145",9,-25.5
"145",8,-24.5
"145",7,-23.5
"145",6,-22.5
"145",5,-21.5
"145",4,-20.5
"145",3,-19.5
"145",2,-18.5
"145",1,-17.5
"145",0,-16.5
"145",-1,-15.5
"145",-2,-14.5
"145",-3,-13.5
"145",-4,-12.5
"145",-5,-11.5
"145",-6,-10.5
"145",-7,-9.5
"145",-8,-8.5
"145",-9,-7.5
"145",-10,-6.5
"145",-11,-5.5
"145",-12,-4.5
"145",-13,-3.5
"145",-14,-2.5
"145",-15,-1.5
"145",-16,-0.5
"145",-17,0.5
"145",-18,1.5
"145",-19,2.5
"145",-20,3.5
"145",-21,4.5
"145",-22,5.5
"145",-23,6.5
"145",-24,7.5
"145",-25,8.5
"145",-26,9.5
"145",-27,10.5
"145",-28,11.5
"145",-29,12.5
"145",-30,13.5
"145",-31,14.5
"145",-32,15.5
"145",-33,16.5
"145",-34,17.5
"145",-35,18.5
"145",-36,19.5
"145",-37,20.5
"145",-38,21.5
"145",-39,22.5
"145",-40,23.5
"145",-41,24.5
"145",-42,25.5
"145",-43,26.5
"145",-44,27.5
"145",-44,28.5
"145",-44,29.5
"145",-44,30.5
"145",-44,31.5
"145",-44,32.5
"145",-44,33.5
"145",-44,34.5
"145",-44,35.5
"145",-44,36.5
"145",-44,37.5
"145",-43,38.5
"145",-42,39.5
"145",-41,40.5
"145",-40,41.5
"145",-39,42.5
"145",-38,43.5
"145",-37,44.5
"145",-36,45.5
"145",-35,46.5
"145",-34,47.5
"145",-33,48.5
"145",-32,49.5
"145",-31,50.5
"145",-30,51.5
"145",-29,52.5
"145",-28,53.5
"145",-27,54.5
"145",-26,55.5
"145",-25,56.5
"145",-24,57.5
"145",-23,58.5
"145",-22,59.5
"145",-21,60.5
"145",-21,61.5
"145",-21,62.5
"145",-21,63.5
"145",-20,64.5
"146",-25,-73.5
"146",-24,-72.5
"146",-25,-71.5
"146",-25,-70.5
"146",-24,-69.5
"146",-23,-68.5
"146",-23,-67.5
"146",-22,-66.5
"146",-21,-65.5
"146",-20,-64.5
"146",-19,-63.5
"146",-18,-62.5
"146",-17,-61.5
"146",-16,-60.5
"146",-15,-59.5
"146",-14,-58.5
"146",-13,-57.5
"146",-12,-56.5
"146",-11,-55.5
"146",-10,-54.5
"146",-9,-53.5
"146",-8,-52.5
"146",-7,-51.5
"146",-6,-50.5
"146",-5,-49.5
"146",-4,-48.5
"146",-3,-47.5
"146",-2,-46.5
"146",-1,-45.5
"146",0,-44.5
"146",1,-43.5
"146",2,-42.5
"146",3,-41.5
"146",4,-40.5
"146",5,-39.5
"146",5,-38.5
"146",5,-37.5
"146",5,-36.5
"146",5,-35.5
"146",5,-34.5
"146",5,-33.5
"146",5,-32.5
"146",5,-31.5
"146",5,-30.5
"146",5,-29.5
"146",5,-28.5
"146",5,-27.5
"146",5,-26.5
"146",5,-25.5
"146",5,-24.5
"146",5,-23.5
"146",5,-22.5
"146",5,-21.5
"146",4,-20.5
"146",3,-19.5
"146",2,-18.5
"146",1,-17.5
"146",0,-16.5
"146",-1,-15.5
"146",-2,-14.5
"146",-3,-13.5
"146",-4,-12.5
"146",-5,-11.5
"146",-6,-10.5
"146",-7,-9.5
"146",-8,-8.5
"146",-9,-7.5
"146",-10,-6.5
"146",-11,-5.5
"146",-12,-4.5
"146",-13,-3.5
"146",-14,-2.5
"146",-15,-1.5
"146",-16,-0.5
"146",-17,0.5
"146",-18,1.5
"146",-19,2.5
"146",-20,3.5
"146",-21,4.5
"146",-22,5.5
"146",-23,6.5
"146",-24,7.5
"146",-25,8.5
"146",-26,9.5
"146",-27,10.5
"146",-28,10.5
"146",-29,11.5
"146",-30,12.5
"146",-31,13.5
"146",-32,14.5
"146",-33,15.5
"146",-34,16.5
"146",-35,17.5
"146",-36,18.5
"146",-37,19.5
"146",-38,20.5
"146",-39,21.5
"146",-39,22.5
"146",-39,23.5
"146",-39,24.5
"146",-39,25.5
"146",-39,26.5
"146",-39,27.5
"146",-39,28.5
"146",-39,29.5
"146",-39,30.5
"146",-39,31.5
"146",-39,32.5
"146",-39,33.5
"146",-39,34.5
"146",-39,35.5
"146",-39,36.5
"146",-39,37.5
"146",-39,38.5
"146",-38,39.5
"146",-37,40.5
"146",-36,41.5
"146",-35,42.5
"146",-34,43.5
"146",-34,44.5
"146",-33,45.5
"146",-32,46.5
"146",-31,47.5
"146",-30,48.5
"146",-29,49.5
"146",-28,50.5
"146",-27,51.5
"146",-27,52.5
"146",-27,53.5
"146",-27,54.5
"146",-27,55.5
"146",-26,56.5
"146",-25,57.5
"146",-24,58.5
"146",-23,59.5
"146",-22,60.5
"146",-22,61.5
"146",-22,62.5
"146",-21,63.5
"146",-20,64.5
"147",-25,-73.5
"147",-26,-72.5
"147",-25,-71.5
"147",-24,-70.5
"147",-23,-69.5
"147",-22,-68.5
"147",-21,-67.5
"147",-20,-66.5
"147",-19,-65.5
"147",-18,-64.5
"147",-17,-63.5
"147",-16,-62.5
"147",-15,-61.5
"147",-14,-60.5
"147",-13,-59.5
"147",-12,-58.5
"147",-11,-57.5
"147",-10,-56.5
"147",-9,-55.5
"147",-8,-54.5
"147",-7,-53.5
"147",-6,-52.5
"147",-5,-51.5
"147",-4,-50.5
"147",-3,-49.5
"147",-2,-48.5
"147",-1,-47.5
"147",0,-46.5
"147",1,-45.5
"147",2,-44.5
"147",3,-43.5
"147",4,-42.5
"147",5,-41.5
"147",6,-40.5
"147",7,-39.5
"147",8,-38.5
"147",9,-37.5
"147",10,-36.5
"147",10,-35.5
"147",10,-34.5
"147",10,-33.5
"147",10,-32.5
"147",10,-31.5
"147",10,-30.5
"147",10,-29.5
"147",10,-28.5
"147",10,-27.5
"147",9,-26.5
"147",8,-25.5
"147",7,-24.5
"147",6,-23.5
"147",5,-22.5
"147",4,-21.5
"147",3,-20.5
"147",2,-19.5
"147",1,-18.5
"147",0,-17.5
"147",-1,-16.5
"147",-2,-15.5
"147",-3,-14.5
"147",-4,-13.5
"147",-5,-12.5
"147",-6,-11.5
"147",-7,-10.5
"147",-8,-9.5
"147",-9,-8.5
"147",-10,-7.5
"147",-11,-6.5
"147",-12,-5.5
"147",-13,-4.5
"147",-14,-3.5
"147",-15,-2.5
"147",-16,-1.5
"147",-17,-0.5
"147",-18,0.5
"147",-19,1.5
"147",-20,2.5
"147",-21,3.5
"147",-22,4.5
"147",-23,5.5
"147",-24,6.5
"147",-25,7.5
"147",-26,8.5
"147",-27,9.5
"147",-28,10.5
"147",-29,11.5
"147",-30,12.5
"147",-31,13.5
"147",-32,14.5
"147",-33,15.5
"147",-34,16.5
"147",-35,17.5
"147",-36,18.5
"147",-37,19.5
"147",-38,20.5
"147",-39,21.5
"147",-40,22.5
"147",-41,23.5
"147",-42,24.5
"147",-43,25.5
"147",-43,26.5
"147",-43,27.5
"147",-43,28.5
"147",-43,29.5
"147",-43,30.5
"147",-43,31.5
"147",-43,32.5
"147",-43,33.5
"147",-43,34.5
"147",-43,35.5
"147",-43,36.5
"147",-43,37.5
"147",-43,38.5
"147",-43,39.5
"147",-42,40.5
"147",-41,41.5
"147",-40,42.5
"147",-39,43.5
"147",-38,44.5
"147",-37,45.5
"147",-36,46.5
"147",-35,47.5
"147",-34,48.5
"147",-33,49.5
"147",-32,50.5
"147",-31,51.5
"147",-30,52.5
"147",-29,53.5
"147",-28,54.5
"147",-27,55.5
"147",-26,56.5
"147",-25,57.5
"147",-24,58.5
"147",-23,59.5
"147",-22,60.5
"147",-21,61.5
"147",-21,62.5
"147",-21,63.5
"147",-20,64.5
"148",-25,-73.5
"148",-26,-72.5
"148",-26,-71.5
"148",-26,-70.5
"148",-25,-69.5
"148",-24,-68.5
"148",-23,-67.5
"148",-22,-66.5
"148",-21,-65.5
"148",-20,-64.5
"148",-19,-63.5
"148",-18,-62.5
"148",-17,-61.5
"148",-16,-60.5
"148",-15,-59.5
"148",-14,-58.5
"148",-13,-57.5
"148",-12,-56.5
"148",-11,-55.5
"148",-10,-54.5
"148",-9,-53.5
"148",-8,-52.5
"148",-7,-51.5
"148",-6,-50.5
"148",-5,-49.5
"148",-4,-48.5
"148",-3,-47.5
"148",-2,-46.5
"148",-1,-45.5
"148",0,-44.5
"148",1,-43.5
"148",2,-42.5
"148",3,-41.5
"148",4,-40.5
"148",5,-39.5
"148",6,-38.5
"148",7,-37.5
"148",8,-36.5
"148",9,-35.5
"148",10,-34.5
"148",11,-33.5
"148",11,-32.5
"148",11,-31.5
"148",11,-30.5
"148",11,-29.5
"148",11,-28.5
"148",11,-27.5
"148",11,-26.5
"148",10,-25.5
"148",9,-24.5
"148",8,-23.5
"148",7,-22.5
"148",6,-21.5
"148",5,-20.5
"148",4,-19.5
"148",3,-18.5
"148",2,-17.5
"148",1,-16.5
"148",0,-15.5
"148",-1,-14.5
"148",-2,-13.5
"148",-3,-12.5
"148",-4,-11.5
"148",-5,-10.5
"148",-6,-9.5
"148",-7,-8.5
"148",-8,-7.5
"148",-9,-6.5
"148",-10,-5.5
"148",-11,-4.5
"148",-12,-3.5
"148",-13,-2.5
"148",-14,-1.5
"148",-15,-0.5
"148",-16,0.5
"148",-17,1.5
"148",-18,2.5
"148",-19,3.5
"148",-20,4.5
"148",-21,5.5
"148",-21,6.5
"148",-21,7.5
"148",-21,8.5
"148",-21,9.5
"148",-21,10.5
"148",-21,11.5
"148",-22,12.5
"148",-23,13.5
"148",-24,14.5
"148",-25,15.5
"148",-26,16.5
"148",-27,17.5
"148",-28,18.5
"148",-29,19.5
"148",-30,20.5
"148",-31,21.5
"148",-32,21.5
"148",-33,21.5
"148",-34,21.5
"148",-35,21.5
"148",-36,21.5
"148",-37,21.5
"148",-38,21.5
"148",-39,21.5
"148",-40,22.5
"148",-41,23.5
"148",-42,24.5
"148",-43,25.5
"148",-44,26.5
"148",-45,27.5
"148",-46,28.5
"148",-47,29.5
"148",-48,30.5
"148",-48,31.5
"148",-48,32.5
"148",-48,33.5
"148",-47,34.5
"148",-46,35.5
"148",-45,36.5
"148",-44,37.5
"148",-43,38.5
"148",-42,39.5
"148",-41,40.5
"148",-40,41.5
"148",-39,42.5
"148",-38,43.5
"148",-37,44.5
"148",-36,45.5
"148",-35,46.5
"148",-34,47.5
"148",-33,48.5
"148",-32,49.5
"148",-31,50.5
"148",-30,51.5
"148",-29,52.5
"148",-28,53.5
"148",-27,54.5
"148",-26,55.5
"148",-25,56.5
"148",-24,57.5
"148",-23,58.5
"148",-22,59.5
"148",-21,60.5
"148",-21,61.5
"148",-21,62.5
"148",-21,63.5
"148",-20,64.5
"149",-25,-73.5
"149",-25,-72.5
"149",-25,-71.5
"149",-25,-70.5
"149",-25,-69.5
"149",-24,-68.5
"149",-23,-67.5
"149",-22,-66.5
"149",-21,-65.5
"149",-20,-64.5
"149",-19,-63.5
"149",-18,-62.5
"149",-17,-61.5
"149",-16,-60.5
"149",-15,-59.5
"149",-14,-58.5
"149",-13,-57.5
"149",-12,-56.5
"149",-11,-55.5
"149",-10,-54.5
"149",-9,-53.5
"149",-8,-52.5
"149",-7,-52.5
"149",-6,-52.5
"149",-5,-51.5
"149",-4,-51.5
"149",-3,-50.5
"149",-2,-49.5
"149",-1,-48.5
"149",0,-47.5
"149",1,-46.5
"149",2,-45.5
"149",3,-44.5
"149",4,-43.5
"149",5,-42.5
"149",6,-41.5
"149",7,-40.5
"149",8,-39.5
"149",9,-38.5
"149",10,-37.5
"149",11,-36.5
"149",12,-35.5
"149",13,-34.5
"149",13,-33.5
"149",13,-32.5
"149",13,-31.5
"149",13,-30.5
"149",13,-29.5
"149",13,-28.5
"149",12,-27.5
"149",11,-26.5
"149",10,-25.5
"149",9,-24.5
"149",8,-23.5
"149",7,-22.5
"149",6,-21.5
"149",5,-20.5
"149",4,-19.5
"149",3,-18.5
"149",2,-17.5
"149",1,-16.5
"149",0,-15.5
"149",-1,-14.5
"149",-2,-13.5
"149",-3,-12.5
"149",-4,-11.5
"149",-5,-10.5
"149",-6,-9.5
"149",-7,-8.5
"149",-8,-7.5
"149",-9,-6.5
"149",-10,-5.5
"149",-11,-4.5
"149",-12,-3.5
"149",-13,-2.5
"149",-14,-1.5
"149",-15,-0.5
"149",-16,0.5
"149",-17,1.5
"149",-18,2.5
"149",-18,3.5
"149",-18,4.5
"149",-18,5.5
"149",-18,6.5
"149",-18,7.5
"149",-18,8.5
"149",-18,9.5
"149",-18,10.5
"149",-18,11.5
"149",-18,12.5
"149",-18,13.5
"149",-18,14.5
"149",-18,15.5
"149",-18,16.5
"149",-18,17.5
"149",-18,18.5
"149",-18,19.5
"149",-18,20.5
"149",-18,21.5
"149",-18,22.5
"149",-18,23.5
"149",-18,24.5
"149",-18,25.5
"149",-18,26.5
"149",-18,27.5
"149",-18,28.5
"149",-18,29.5
"149",-18,30.5
"149",-18,31.5
"149",-18,32.5
"149",-18,33.5
"149",-18,34.5
"149",-18,35.5
"149",-18,36.5
"149",-18,37.5
"149",-18,38.5
"149",-18,39.5
"149",-18,40.5
"149",-19,41.5
"149",-20,42.5
"149",-20,43.5
"149",-20,44.5
"149",-20,45.5
"149",-20,46.5
"149",-20,47.5
"149",-20,48.5
"149",-20,49.5
"149",-20,50.5
"149",-20,51.5
"149",-20,52.5
"149",-20,53.5
"149",-20,54.5
"149",-20,55.5
"149",-20,56.5
"149",-20,57.5
"149",-20,58.5
"149",-20,59.5
"149",-20,60.5
"149",-20,61.5
"149",-21,62.5
"149",-21,63.5
"149",-20,64.5
"150",-25,-73.5
"150",-25,-72.5
"150",-25,-71.5
"150",-25,-70.5
"150",-25,-69.5
"150",-25,-68.5
"150",-24,-67.5
"150",-23,-66.5
"150",-22,-65.5
"150",-21,-64.5
"150",-20,-63.5
"150",-19,-62.5
"150",-19,-61.5
"150",-18,-60.5
"150",-17,-59.5
"150",-16,-58.5
"150",-15,-57.5
"150",-14,-56.5
"150",-13,-55.5
"150",-12,-55.5
"150",-11,-55.5
"150",-10,-54.5
"150",-9,-53.5
"150",-8,-52.5
"150",-7,-52.5
"150",-6,-52.5
"150",-5,-51.5
"150",-4,-51.5
"150",-3,-50.5
"150",-2,-49.5
"150",-1,-48.5
"150",0,-47.5
"150",1,-46.5
"150",2,-45.5
"150",3,-44.5
"150",4,-44.5
"150",5,-43.5
"150",6,-43.5
"150",7,-43.5
"150",8,-42.5
"150",9,-41.5
"150",10,-41.5
"150",11,-40.5
"150",12,-39.5
"150",13,-38.5
"150",14,-37.5
"150",15,-36.5
"150",15,-35.5
"150",15,-34.5
"150",15,-33.5
"150",15,-32.5
"150",15,-31.5
"150",15,-30.5
"150",15,-29.5
"150",14,-28.5
"150",13,-27.5
"150",12,-26.5
"150",11,-25.5
"150",10,-24.5
"150",9,-23.5
"150",8,-22.5
"150",7,-21.5
"150",6,-20.5
"150",5,-19.5
"150",4,-18.5
"150",3,-17.5
"150",2,-16.5
"150",1,-15.5
"150",0,-14.5
"150",-1,-13.5
"150",-2,-12.5
"150",-3,-11.5
"150",-4,-10.5
"150",-5,-9.5
"150",-6,-8.5
"150",-7,-7.5
"150",-8,-6.5
"150",-9,-5.5
"150",-10,-4.5
"150",-11,-3.5
"150",-12,-3.5
"150",-13,-2.5
"150",-14,-1.5
"150",-15,-0.5
"150",-16,0.5
"150",-16,1.5
"150",-16,2.5
"150",-16,3.5
"150",-16,4.5
"150",-16,5.5
"150",-16,6.5
"150",-16,7.5
"150",-16,8.5
"150",-16,9.5
"150",-16,10.5
"150",-17,11.5
"150",-18,12.5
"150",-18,13.5
"150",-18,14.5
"150",-18,15.5
"150",-18,16.5
"150",-18,17.5
"150",-18,18.5
"150",-18,19.5
"150",-18,20.5
"150",-18,21.5
"150",-18,22.5
"150",-18,23.5
"150",-18,24.5
"150",-18,25.5
"150",-18,26.5
"150",-18,27.5
"150",-18,28.5
"150",-18,29.5
"150",-18,30.5
"150",-18,31.5
"150",-18,32.5
"150",-18,33.5
"150",-18,34.5
"150",-18,35.5
"150",-18,36.5
"150",-18,37.5
"150",-18,38.5
"150",-18,39.5
"150",-19,40.5
"150",-20,41.5
"150",-20,42.5
"150",-20,43.5
"150",-20,44.5
"150",-20,45.5
"150",-20,46.5
"150",-20,47.5
"150",-20,48.5
"150",-20,49.5
"150",-20,50.5
"150",-20,51.5
"150",-20,52.5
"150",-20,53.5
"150",-20,54.5
"150",-20,55.5
"150",-20,56.5
"150",-20,57.5
"150",-20,58.5
"150",-20,59.5
"150",-20,60.5
"150",-20,61.5
"150",-21,62.5
"150",-21,63.5
"150",-20,64.5
"151",-25,-73.5
"151",-24,-72.5
"151",-23,-72.5
"151",-22,-71.5
"151",-21,-71.5
"151",-20,-71.5
"151",-19,-71.5
"151",-19,-70.5
"151",-19,-69.5
"151",-19,-68.5
"151",-19,-67.5
"151",-19,-66.5
"151",-19,-65.5
"151",-19,-64.5
"151",-19,-63.5
"151",-19,-62.5
"151",-19,-61.5
"151",-18,-60.5
"151",-17,-59.5
"151",-16,-58.5
"151",-15,-57.5
"151",-14,-57.5
"151",-14,-56.5
"151",-13,-55.5
"151",-12,-55.5
"151",-11,-55.5
"151",-10,-54.5
"151",-9,-53.5
"151",-8,-52.5
"151",-7,-52.5
"151",-6,-52.5
"151",-5,-51.5
"151",-4,-51.5
"151",-3,-50.5
"151",-2,-49.5
"151",-1,-48.5
"151",0,-47.5
"151",1,-46.5
"151",2,-45.5
"151",3,-44.5
"151",4,-44.5
"151",5,-43.5
"151",6,-43.5
"151",7,-43.5
"151",8,-42.5
"151",9,-41.5
"151",10,-41.5
"151",11,-40.5
"151",12,-39.5
"151",13,-38.5
"151",13,-37.5
"151",13,-36.5
"151",13,-35.5
"151",13,-34.5
"151",13,-33.5
"151",13,-32.5
"151",13,-31.5
"151",13,-30.5
"151",13,-29.5
"151",13,-28.5
"151",13,-27.5
"151",12,-26.5
"151",12,-25.5
"151",11,-24.5
"151",10,-23.5
"151",9,-22.5
"151",8,-21.5
"151",7,-20.5
"151",6,-19.5
"151",5,-18.5
"151",4,-17.5
"151",3,-16.5
"151",2,-15.5
"151",1,-14.5
"151",1,-13.5
"151",0,-12.5
"151",-1,-11.5
"151",-2,-10.5
"151",-3,-9.5
"151",-4,-8.5
"151",-5,-7.5
"151",-6,-6.5
"151",-7,-6.5
"151",-8,-5.5
"151",-9,-4.5
"151",-10,-4.5
"151",-11,-3.5
"151",-12,-3.5
"151",-13,-2.5
"151",-14,-1.5
"151",-15,-1.5
"151",-16,-0.5
"151",-17,0.5
"151",-18,1.5
"151",-19,2.5
"151",-20,3.5
"151",-21,3.5
"151",-22,4.5
"151",-23,5.5
"151",-24,6.5
"151",-25,7.5
"151",-26,8.5
"151",-27,8.5
"151",-28,8.5
"151",-29,9.5
"151",-29,10.5
"151",-29,11.5
"151",-29,12.5
"151",-29,13.5
"151",-29,14.5
"151",-29,15.5
"151",-29,16.5
"151",-29,17.5
"151",-29,18.5
"151",-29,19.5
"151",-29,20.5
"151",-29,21.5
"151",-30,21.5
"151",-31,22.5
"151",-32,22.5
"151",-33,23.5
"151",-34,23.5
"151",-35,24.5
"151",-35,25.5
"151",-35,26.5
"151",-35,27.5
"151",-35,28.5
"151",-35,29.5
"151",-35,30.5
"151",-35,31.5
"151",-35,32.5
"151",-35,33.5
"151",-35,34.5
"151",-35,35.5
"151",-35,36.5
"151",-35,37.5
"151",-35,38.5
"151",-34,39.5
"151",-33,40.5
"151",-33,41.5
"151",-33,42.5
"151",-34,43.5
"151",-34,44.5
"151",-33,45.5
"151",-32,46.5
"151",-31,47.5
"151",-30,47.5
"151",-29,47.5
"151",-28,48.5
"151",-27,49.5
"151",-27,50.5
"151",-27,51.5
"151",-27,52.5
"151",-27,53.5
"151",-27,54.5
"151",-27,55.5
"151",-27,56.5
"151",-26,57.5
"151",-25,58.5
"151",-24,59.5
"151",-23,60.5
"151",-22,61.5
"151",-22,62.5
"151",-21,63.5
"151",-20,64.5
"152",-25,-73.5
"152",-24,-72.5
"152",-23,-72.5
"152",-22,-71.5
"152",-21,-71.5
"152",-20,-71.5
"152",-19,-71.5
"152",-19,-70.5
"152",-19,-69.5
"152",-19,-68.5
"152",-19,-67.5
"152",-19,-66.5
"152",-19,-65.5
"152",-19,-64.5
"152",-19,-63.5
"152",-19,-62.5
"152",-19,-61.5
"152",-18,-60.5
"152",-17,-59.5
"152",-18,-58.5
"152",-17,-57.5
"152",-18,-56.5
"152",-17,-55.5
"152",-16,-55.5
"152",-15,-54.5
"152",-14,-54.5
"152",-13,-53.5
"152",-12,-53.5
"152",-11,-53.5
"152",-10,-52.5
"152",-9,-52.5
"152",-8,-51.5
"152",-7,-51.5
"152",-6,-51.5
"152",-5,-50.5
"152",-4,-50.5
"152",-3,-49.5
"152",-2,-49.5
"152",-1,-48.5
"152",0,-47.5
"152",1,-46.5
"152",2,-45.5
"152",3,-44.5
"152",4,-44.5
"152",5,-43.5
"152",6,-43.5
"152",7,-43.5
"152",8,-43.5
"152",9,-43.5
"152",10,-43.5
"152",11,-42.5
"152",11,-41.5
"152",12,-40.5
"152",12,-39.5
"152",13,-38.5
"152",13,-37.5
"152",13,-36.5
"152",13,-35.5
"152",13,-34.5
"152",13,-33.5
"152",13,-32.5
"152",13,-31.5
"152",13,-30.5
"152",13,-29.5
"152",13,-28.5
"152",13,-27.5
"152",12,-26.5
"152",12,-25.5
"152",11,-24.5
"152",10,-23.5
"152",9,-22.5
"152",8,-21.5
"152",7,-20.5
"152",6,-19.5
"152",5,-18.5
"152",4,-17.5
"152",3,-16.5
"152",2,-15.5
"152",1,-15.5
"152",0,-14.5
"152",-1,-13.5
"152",-2,-12.5
"152",-3,-11.5
"152",-4,-10.5
"152",-5,-10.5
"152",-6,-9.5
"152",-7,-9.5
"152",-8,-8.5
"152",-9,-8.5
"152",-9,-7.5
"152",-9,-6.5
"152",-9,-5.5
"152",-10,-5.5
"152",-11,-4.5
"152",-12,-4.5
"152",-13,-3.5
"152",-14,-2.5
"152",-15,-2.5
"152",-16,-1.5
"152",-16,-0.5
"152",-16,0.5
"152",-17,0.5
"152",-18,1.5
"152",-19,2.5
"152",-20,3.5
"152",-21,3.5
"152",-22,4.5
"152",-23,5.5
"152",-24,6.5
"152",-25,7.5
"152",-26,8.5
"152",-27,8.5
"152",-28,8.5
"152",-29,9.5
"152",-29,10.5
"152",-29,11.5
"152",-29,12.5
"152",-29,13.5
"152",-29,14.5
"152",-29,15.5
"152",-29,16.5
"152",-29,17.5
"152",-29,18.5
"152",-29,19.5
"152",-29,20.5
"152",-29,21.5
"152",-30,21.5
"152",-31,22.5
"152",-32,22.5
"152",-33,23.5
"152",-34,23.5
"152",-35,24.5
"152",-35,25.5
"152",-35,26.5
"152",-35,27.5
"152",-35,28.5
"152",-35,29.5
"152",-35,30.5
"152",-35,31.5
"152",-35,32.5
"152",-35,33.5
"152",-35,34.5
"152",-35,35.5
"152",-35,36.5
"152",-35,37.5
"152",-35,38.5
"152",-34,39.5
"152",-33,40.5
"152",-33,41.5
"152",-33,42.5
"152",-34,43.5
"152",-34,44.5
"152",-33,45.5
"152",-32,46.5
"152",-31,46.5
"152",-30,46.5
"152",-29,46.5
"152",-28,46.5
"152",-27,46.5
"152",-26,47.5
"152",-26,48.5
"152",-27,49.5
"152",-27,50.5
"152",-27,51.5
"152",-27,52.5
"152",-27,53.5
"152",-27,54.5
"152",-27,55.5
"152",-27,56.5
"152",-27,57.5
"152",-27,58.5
"152",-27,59.5
"152",-27,60.5
"152",-26,61.5
"152",-25,62.5
"152",-24,62.5
"152",-23,62.5
"152",-22,62.5
"152",-21,63.5
"152",-20,64.5
"153",-25,-73.5
"153",-24,-72.5
"153",-23,-72.5
"153",-22,-71.5
"153",-21,-71.5
"153",-20,-71.5
"153",-19,-71.5
"153",-19,-70.5
"153",-19,-69.5
"153",-19,-68.5
"153",-19,-67.5
"153",-19,-66.5
"153",-19,-65.5
"153",-19,-64.5
"153",-19,-63.5
"153",-19,-62.5
"153",-19,-61.5
"153",-18,-60.5
"153",-17,-59.5
"153",-18,-58.5
"153",-17,-57.5
"153",-18,-56.5
"153",-17,-55.5
"153",-16,-55.5
"153",-15,-54.5
"153",-14,-54.5
"153",-13,-53.5
"153",-12,-53.5
"153",-11,-53.5
"153",-10,-52.5
"153",-9,-52.5
"153",-8,-51.5
"153",-7,-51.5
"153",-6,-51.5
"153",-6,-50.5
"153",-5,-49.5
"153",-4,-48.5
"153",-3,-48.5
"153",-2,-48.5
"153",-1,-48.5
"153",0,-47.5
"153",1,-46.5
"153",2,-45.5
"153",3,-44.5
"153",4,-44.5
"153",5,-43.5
"153",6,-43.5
"153",7,-43.5
"153",8,-43.5
"153",9,-43.5
"153",10,-43.5
"153",11,-42.5
"153",11,-41.5
"153",12,-40.5
"153",12,-39.5
"153",13,-38.5
"153",13,-37.5
"153",13,-36.5
"153",13,-35.5
"153",13,-34.5
"153",13,-33.5
"153",13,-32.5
"153",13,-31.5
"153",13,-30.5
"153",13,-29.5
"153",13,-28.5
"153",13,-27.5
"153",12,-26.5
"153",12,-25.5
"153",12,-24.5
"153",12,-23.5
"153",12,-22.5
"153",11,-22.5
"153",10,-22.5
"153",10,-21.5
"153",9,-20.5
"153",8,-19.5
"153",8,-18.5
"153",8,-17.5
"153",8,-16.5
"153",7,-16.5
"153",6,-16.5
"153",5,-15.5
"153",4,-15.5
"153",3,-15.5
"153",2,-15.5
"153",1,-15.5
"153",1,-14.5
"153",0,-13.5
"153",-1,-12.5
"153",-2,-11.5
"153",-3,-10.5
"153",-4,-10.5
"153",-5,-10.5
"153",-6,-9.5
"153",-7,-9.5
"153",-8,-8.5
"153",-9,-8.5
"153",-9,-7.5
"153",-9,-6.5
"153",-9,-5.5
"153",-10,-5.5
"153",-11,-4.5
"153",-12,-4.5
"153",-13,-3.5
"153",-14,-2.5
"153",-15,-2.5
"153",-16,-1.5
"153",-16,-0.5
"153",-16,0.5
"153",-17,0.5
"153",-18,1.5
"153",-19,1.5
"153",-20,2.5
"153",-21,2.5
"153",-22,3.5
"153",-23,3.5
"153",-24,4.5
"153",-25,5.5
"153",-26,5.5
"153",-27,5.5
"153",-28,5.5
"153",-29,6.5
"153",-29,7.5
"153",-29,8.5
"153",-29,9.5
"153",-29,10.5
"153",-29,11.5
"153",-29,12.5
"153",-29,13.5
"153",-29,14.5
"153",-29,15.5
"153",-29,16.5
"153",-29,17.5
"153",-29,18.5
"153",-29,19.5
"153",-29,20.5
"153",-29,21.5
"153",-30,21.5
"153",-31,22.5
"153",-32,22.5
"153",-33,23.5
"153",-34,23.5
"153",-35,24.5
"153",-35,25.5
"153",-35,26.5
"153",-35,27.5
"153",-35,28.5
"153",-35,29.5
"153",-35,30.5
"153",-35,31.5
"153",-35,32.5
"153",-35,33.5
"153",-35,34.5
"153",-35,35.5
"153",-35,36.5
"153",-35,37.5
"153",-35,38.5
"153",-34,39.5
"153",-33,40.5
"153",-33,41.5
"153",-33,42.5
"153",-34,43.5
"153",-34,44.5
"153",-33,45.5
"153",-32,46.5
"153",-31,46.5
"153",-30,46.5
"153",-29,46.5
"153",-28,46.5
"153",-27,46.5
"153",-26,47.5
"153",-26,48.5
"153",-27,49.5
"153",-27,50.5
"153",-27,51.5
"153",-27,52.5
"153",-27,53.5
"153",-27,54.5
"153",-27,55.5
"153",-27,56.5
"153",-27,57.5
"153",-27,58.5
"153",-27,59.5
"153",-27,60.5
"153",-26,61.5
"153",-25,62.5
"153",-24,62.5
"153",-23,62.5
"153",-22,62.5
"153",-21,63.5
"153",-20,64.5
"154",-25,-73.5
"154",-26,-72.5
"154",-26,-71.5
"154",-26,-70.5
"154",-25,-69.5
"154",-24,-68.5
"154",-23,-67.5
"154",-22,-66.5
"154",-21,-65.5
"154",-20,-64.5
"154",-19,-63.5
"154",-18,-62.5
"154",-17,-61.5
"154",-16,-60.5
"154",-15,-59.5
"154",-14,-58.5
"154",-13,-57.5
"154",-12,-56.5
"154",-11,-55.5
"154",-10,-54.5
"154",-9,-53.5
"154",-8,-52.5
"154",-7,-51.5
"154",-6,-50.5
"154",-5,-49.5
"154",-4,-48.5
"154",-3,-47.5
"154",-2,-46.5
"154",-1,-45.5
"154",0,-44.5
"154",1,-43.5
"154",2,-42.5
"154",3,-41.5
"154",4,-40.5
"154",5,-39.5
"154",6,-38.5
"154",7,-37.5
"154",8,-36.5
"154",9,-35.5
"154",10,-34.5
"154",11,-33.5
"154",11,-32.5
"154",11,-31.5
"154",11,-30.5
"154",11,-29.5
"154",11,-28.5
"154",11,-27.5
"154",10,-26.5
"154",9,-25.5
"154",8,-24.5
"154",7,-23.5
"154",6,-22.5
"154",5,-21.5
"154",4,-20.5
"154",3,-19.5
"154",2,-18.5
"154",1,-17.5
"154",0,-16.5
"154",-1,-15.5
"154",-2,-14.5
"154",-3,-13.5
"154",-4,-12.5
"154",-5,-11.5
"154",-6,-10.5
"154",-7,-9.5
"154",-8,-8.5
"154",-9,-7.5
"154",-10,-6.5
"154",-11,-5.5
"154",-12,-4.5
"154",-13,-3.5
"154",-14,-2.5
"154",-15,-1.5
"154",-16,-0.5
"154",-17,0.5
"154",-18,1.5
"154",-19,2.5
"154",-20,3.5
"154",-21,4.5
"154",-22,5.5
"154",-23,6.5
"154",-24,7.5
"154",-25,8.5
"154",-26,9.5
"154",-27,10.5
"154",-28,11.5
"154",-29,12.5
"154",-30,13.5
"154",-31,14.5
"154",-32,15.5
"154",-33,16.5
"154",-34,17.5
"154",-35,18.5
"154",-36,19.5
"154",-37,20.5
"154",-38,21.5
"154",-39,22.5
"154",-40,23.5
"154",-41,24.5
"154",-42,25.5
"154",-43,26.5
"154",-44,27.5
"154",-45,28.5
"154",-46,29.5
"154",-47,30.5
"154",-47,31.5
"154",-47,32.5
"154",-47,33.5
"154",-47,34.5
"154",-46,35.5
"154",-45,36.5
"154",-44,37.5
"154",-43,38.5
"154",-42,39.5
"154",-41,40.5
"154",-40,41.5
"154",-39,42.5
"154",-38,43.5
"154",-37,44.5
"154",-36,45.5
"154",-35,46.5
"154",-34,47.5
"154",-33,48.5
"154",-32,49.5
"154",-31,50.5
"154",-30,51.5
"154",-29,52.5
"154",-28,53.5
"154",-27,54.5
"154",-26,55.5
"154",-25,56.5
"154",-24,57.5
"154",-23,58.5
"154",-22,59.5
"154",-21,60.5
"154",-21,61.5
"154",-21,62.5
"154",-21,63.5
"154",-20,64.5
"155",-25,-73.5
"155",-25,-72.5
"155",-25,-71.5
"155",-25,-70.5
"155",-25,-69.5
"155",-24,-68.5
"155",-23,-67.5
"155",-22,-66.5
"155",-21,-65.5
"155",-20,-64.5
"155",-19,-63.5
"155",-18,-62.5
"155",-17,-61.5
"155",-16,-60.5
"155",-15,-59.5
"155",-14,-58.5
"155",-13,-57.5
"155",-12,-56.5
"155",-11,-55.5
"155",-10,-54.5
"155",-9,-53.5
"155",-8,-52.5
"155",-7,-52.5
"155",-6,-52.5
"155",-5,-51.5
"155",-4,-51.5
"155",-3,-50.5
"155",-2,-49.5
"155",-1,-48.5
"155",0,-47.5
"155",1,-46.5
"155",2,-45.5
"155",3,-44.5
"155",4,-43.5
"155",5,-42.5
"155",6,-41.5
"155",7,-40.5
"155",8,-39.5
"155",9,-38.5
"155",10,-37.5
"155",11,-36.5
"155",12,-35.5
"155",13,-34.5
"155",13,-33.5
"155",13,-32.5
"155",13,-31.5
"155",13,-30.5
"155",13,-29.5
"155",13,-28.5
"155",12,-27.5
"155",11,-26.5
"155",10,-25.5
"155",9,-24.5
"155",8,-23.5
"155",7,-22.5
"155",6,-21.5
"155",5,-20.5
"155",4,-19.5
"155",3,-18.5
"155",2,-17.5
"155",1,-16.5
"155",0,-15.5
"155",-1,-14.5
"155",-2,-13.5
"155",-3,-12.5
"155",-4,-11.5
"155",-5,-10.5
"155",-6,-9.5
"155",-7,-8.5
"155",-8,-7.5
"155",-9,-6.5
"155",-10,-5.5
"155",-11,-4.5
"155",-12,-3.5
"155",-13,-2.5
"155",-14,-1.5
"155",-15,-0.5
"155",-16,0.5
"155",-16,1.5
"155",-16,2.5
"155",-16,3.5
"155",-16,4.5
"155",-16,5.5
"155",-16,6.5
"155",-16,7.5
"155",-16,8.5
"155",-16,9.5
"155",-16,10.5
"155",-17,11.5
"155",-18,12.5
"155",-18,13.5
"155",-18,14.5
"155",-18,15.5
"155",-18,16.5
"155",-18,17.5
"155",-18,18.5
"155",-18,19.5
"155",-18,20.5
"155",-18,21.5
"155",-18,22.5
"155",-18,23.5
"155",-18,24.5
"155",-18,25.5
"155",-18,26.5
"155",-18,27.5
"155",-18,28.5
"155",-18,29.5
"155",-18,30.5
"155",-18,31.5
"155",-18,32.5
"155",-18,33.5
"155",-18,34.5
"155",-18,35.5
"155",-18,36.5
"155",-18,37.5
"155",-18,38.5
"155",-18,39.5
"155",-19,40.5
"155",-20,41.5
"155",-20,42.5
"155",-20,43.5
"155",-20,44.5
"155",-20,45.5
"155",-20,46.5
"155",-20,47.5
"155",-20,48.5
"155",-20,49.5
"155",-20,50.5
"155",-20,51.5
"155",-20,52.5
"155",-20,53.5
"155",-20,54.5
"155",-20,55.5
"155",-20,56.5
"155",-20,57.5
"155",-20,58.5
"155",-20,59.5
"155",-20,60.5
"155",-20,61.5
"155",-21,62.5
"155",-21,63.5
"155",-20,64.5
"156",-25,-73.5
"156",-25,-72.5
"156",-25,-71.5
"156",-25,-70.5
"156",-25,-69.5
"156",-24,-68.5
"156",-23,-67.5
"156",-22,-66.5
"156",-21,-65.5
"156",-20,-64.5
"156",-19,-63.5
"156",-18,-62.5
"156",-17,-61.5
"156",-16,-60.5
"156",-15,-59.5
"156",-14,-58.5
"156",-13,-57.5
"156",-12,-56.5
"156",-11,-55.5
"156",-10,-54.5
"156",-9,-53.5
"156",-8,-52.5
"156",-7,-52.5
"156",-6,-52.5
"156",-5,-51.5
"156",-4,-51.5
"156",-3,-50.5
"156",-2,-49.5
"156",-1,-48.5
"156",0,-47.5
"156",1,-46.5
"156",2,-45.5
"156",3,-44.5
"156",4,-44.5
"156",5,-43.5
"156",6,-43.5
"156",7,-43.5
"156",8,-42.5
"156",9,-41.5
"156",10,-41.5
"156",11,-40.5
"156",12,-39.5
"156",13,-38.5
"156",13,-37.5
"156",13,-36.5
"156",13,-35.5
"156",13,-34.5
"156",13,-33.5
"156",13,-32.5
"156",13,-31.5
"156",13,-30.5
"156",13,-29.5
"156",13,-28.5
"156",12,-27.5
"156",11,-26.5
"156",10,-25.5
"156",9,-24.5
"156",8,-23.5
"156",7,-22.5
"156",6,-21.5
"156",5,-20.5
"156",4,-19.5
"156",3,-18.5
"156",2,-17.5
"156",1,-16.5
"156",0,-15.5
"156",-1,-14.5
"156",-2,-13.5
"156",-3,-12.5
"156",-4,-11.5
"156",-5,-11.5
"156",-6,-10.5
"156",-7,-9.5
"156",-8,-8.5
"156",-9,-7.5
"156",-9,-6.5
"156",-10,-5.5
"156",-11,-4.5
"156",-12,-3.5
"156",-13,-2.5
"156",-14,-1.5
"156",-15,-1.5
"156",-16,-0.5
"156",-17,0.5
"156",-18,1.5
"156",-19,2.5
"156",-20,3.5
"156",-21,4.5
"156",-22,5.5
"156",-23,6.5
"156",-24,7.5
"156",-25,8.5
"156",-26,9.5
"156",-27,10.5
"156",-28,10.5
"156",-29,11.5
"156",-29,12.5
"156",-29,13.5
"156",-29,14.5
"156",-29,15.5
"156",-29,16.5
"156",-29,17.5
"156",-29,18.5
"156",-29,19.5
"156",-29,20.5
"156",-29,21.5
"156",-29,22.5
"156",-30,23.5
"156",-31,24.5
"156",-32,25.5
"156",-33,26.5
"156",-34,27.5
"156",-35,28.5
"156",-35,29.5
"156",-35,30.5
"156",-35,31.5
"156",-35,32.5
"156",-35,33.5
"156",-35,34.5
"156",-35,35.5
"156",-35,36.5
"156",-35,37.5
"156",-35,38.5
"156",-35,39.5
"156",-35,40.5
"156",-35,41.5
"156",-35,42.5
"156",-34,43.5
"156",-34,44.5
"156",-33,45.5
"156",-32,46.5
"156",-31,47.5
"156",-30,48.5
"156",-29,49.5
"156",-28,50.5
"156",-27,51.5
"156",-27,52.5
"156",-27,53.5
"156",-27,54.5
"156",-27,55.5
"156",-27,56.5
"156",-26,57.5
"156",-25,58.5
"156",-24,59.5
"156",-23,60.5
"156",-22,61.5
"156",-22,62.5
"156",-21,63.5
"156",-20,64.5
"157",-25,-73.5
"157",-24,-72.5
"157",-23,-72.5
"157",-22,-71.5
"157",-21,-71.5
"157",-20,-71.5
"157",-19,-71.5
"157",-19,-70.5
"157",-19,-69.5
"157",-19,-68.5
"157",-19,-67.5
"157",-19,-66.5
"157",-19,-65.5
"157",-19,-64.5
"157",-19,-63.5
"157",-19,-62.5
"157",-19,-61.5
"157",-18,-60.5
"157",-17,-59.5
"157",-16,-58.5
"157",-15,-57.5
"157",-14,-57.5
"157",-14,-56.5
"157",-13,-55.5
"157",-12,-55.5
"157",-11,-55.5
"157",-10,-54.5
"157",-9,-53.5
"157",-8,-52.5
"157",-7,-52.5
"157",-6,-52.5
"157",-5,-51.5
"157",-4,-51.5
"157",-3,-50.5
"157",-2,-49.5
"157",-1,-48.5
"157",0,-47.5
"157",1,-46.5
"157",2,-45.5
"157",3,-44.5
"157",4,-44.5
"157",5,-43.5
"157",6,-43.5
"157",7,-43.5
"157",8,-42.5
"157",9,-41.5
"157",10,-41.5
"157",11,-40.5
"157",12,-39.5
"157",13,-38.5
"157",13,-37.5
"157",13,-36.5
"157",13,-35.5
"157",13,-34.5
"157",13,-33.5
"157",13,-32.5
"157",13,-31.5
"157",13,-30.5
"157",13,-29.5
"157",13,-28.5
"157",13,-27.5
"157",12,-26.5
"157",12,-25.5
"157",11,-24.5
"157",10,-23.5
"157",9,-22.5
"157",8,-21.5
"157",7,-20.5
"157",6,-19.5
"157",5,-18.5
"157",4,-17.5
"157",3,-16.5
"157",2,-15.5
"157",1,-15.5
"157",0,-14.5
"157",-1,-13.5
"157",-2,-12.5
"157",-3,-11.5
"157",-4,-10.5
"157",-5,-10.5
"157",-6,-9.5
"157",-7,-9.5
"157",-8,-8.5
"157",-9,-7.5
"157",-9,-6.5
"157",-10,-5.5
"157",-11,-4.5
"157",-12,-4.5
"157",-13,-3.5
"157",-14,-2.5
"157",-15,-2.5
"157",-16,-1.5
"157",-16,-0.5
"157",-16,0.5
"157",-17,0.5
"157",-18,1.5
"157",-19,2.5
"157",-20,3.5
"157",-21,3.5
"157",-22,4.5
"157",-23,5.5
"157",-24,6.5
"157",-25,7.5
"157",-26,8.5
"157",-27,8.5
"157",-28,8.5
"157",-29,9.5
"157",-29,10.5
"157",-29,11.5
"157",-29,12.5
"157",-29,13.5
"157",-29,14.5
"157",-29,15.5
"157",-29,16.5
"157",-29,17.5
"157",-29,18.5
"157",-29,19.5
"157",-29,20.5
"157",-30,20.5
"157",-31,21.5
"157",-32,21.5
"157",-33,22.5
"157",-33,23.5
"157",-34,23.5
"157",-35,24.5
"157",-35,25.5
"157",-35,26.5
"157",-35,27.5
"157",-35,28.5
"157",-35,29.5
"157",-35,30.5
"157",-35,31.5
"157",-35,32.5
"157",-35,33.5
"157",-35,34.5
"157",-35,35.5
"157",-35,36.5
"157",-35,37.5
"157",-35,38.5
"157",-34,39.5
"157",-33,40.5
"157",-33,41.5
"157",-33,42.5
"157",-34,43.5
"157",-34,44.5
"157",-33,45.5
"157",-32,46.5
"157",-31,47.5
"157",-30,47.5
"157",-29,47.5
"157",-28,48.5
"157",-27,49.5
"157",-27,50.5
"157",-27,51.5
"157",-27,52.5
"157",-27,53.5
"157",-27,54.5
"157",-27,55.5
"157",-27,56.5
"157",-27,57.5
"157",-27,58.5
"157",-26,59.5
"157",-25,60.5
"157",-24,61.5
"157",-23,62.5
"157",-22,62.5
"157",-21,63.5
"157",-20,64.5
"158",-25,-73.5
"158",-24,-72.5
"158",-23,-72.5
"158",-22,-71.5
"158",-21,-71.5
"158",-20,-71.5
"158",-19,-71.5
"158",-19,-70.5
"158",-19,-69.5
"158",-19,-68.5
"158",-19,-67.5
"158",-19,-66.5
"158",-19,-65.5
"158",-19,-64.5
"158",-19,-63.5
"158",-19,-62.5
"158",-19,-61.5
"158",-18,-60.5
"158",-17,-59.5
"158",-18,-58.5
"158",-17,-57.5
"158",-18,-56.5
"158",-17,-55.5
"158",-16,-55.5
"158",-15,-54.5
"158",-14,-54.5
"158",-13,-53.5
"158",-12,-53.5
"158",-11,-53.5
"158",-10,-52.5
"158",-9,-51.5
"158",-8,-50.5
"158",-7,-50.5
"158",-6,-50.5
"158",-5,-49.5
"158",-4,-48.5
"158",-3,-47.5
"158",-2,-46.5
"158",-1,-46.5
"158",0,-45.5
"158",1,-44.5
"158",2,-43.5
"158",3,-42.5
"158",4,-42.5
"158",5,-41.5
"158",4,-40.5
"158",5,-39.5
"158",5,-38.5
"158",5,-37.5
"158",5,-36.5
"158",5,-35.5
"158",5,-34.5
"158",5,-33.5
"158",5,-32.5
"158",5,-31.5
"158",5,-30.5
"158",5,-29.5
"158",5,-28.5
"158",5,-27.5
"158",5,-26.5
"158",5,-25.5
"158",5,-24.5
"158",5,-23.5
"158",5,-22.5
"158",5,-21.5
"158",5,-20.5
"158",4,-19.5
"158",3,-18.5
"158",3,-17.5
"158",3,-16.5
"158",3,-15.5
"158",2,-15.5
"158",1,-15.5
"158",1,-14.5
"158",0,-13.5
"158",-1,-12.5
"158",-2,-11.5
"158",-3,-10.5
"158",-4,-10.5
"158",-5,-10.5
"158",-6,-9.5
"158",-7,-9.5
"158",-8,-8.5
"158",-9,-8.5
"158",-9,-7.5
"158",-9,-6.5
"158",-9,-5.5
"158",-10,-5.5
"158",-11,-4.5
"158",-12,-4.5
"158",-13,-3.5
"158",-14,-2.5
"158",-15,-2.5
"158",-16,-1.5
"158",-16,-0.5
"158",-16,0.5
"158",-17,0.5
"158",-18,1.5
"158",-19,2.5
"158",-20,3.5
"158",-21,3.5
"158",-22,4.5
"158",-23,5.5
"158",-24,6.5
"158",-25,7.5
"158",-26,8.5
"158",-27,8.5
"158",-28,8.5
"158",-29,9.5
"158",-29,10.5
"158",-29,11.5
"158",-29,12.5
"158",-29,13.5
"158",-29,14.5
"158",-29,15.5
"158",-29,16.5
"158",-29,17.5
"158",-29,18.5
"158",-29,19.5
"158",-29,20.5
"158",-30,20.5
"158",-31,21.5
"158",-32,21.5
"158",-33,22.5
"158",-33,23.5
"158",-34,23.5
"158",-35,24.5
"158",-35,25.5
"158",-35,26.5
"158",-35,27.5
"158",-35,28.5
"158",-35,29.5
"158",-35,30.5
"158",-35,31.5
"158",-35,32.5
"158",-35,33.5
"158",-35,34.5
"158",-35,35.5
"158",-35,36.5
"158",-35,37.5
"158",-35,38.5
"158",-34,39.5
"158",-33,40.5
"158",-33,41.5
"158",-33,42.5
"158",-34,43.5
"158",-34,44.5
"158",-34,45.5
"158",-34,46.5
"158",-33,47.5
"158",-32,47.5
"158",-31,47.5
"158",-30,47.5
"158",-29,47.5
"158",-28,48.5
"158",-27,49.5
"158",-27,50.5
"158",-27,51.5
"158",-27,52.5
"158",-27,53.5
"158",-27,54.5
"158",-27,55.5
"158",-27,56.5
"158",-27,57.5
"158",-27,58.5
"158",-27,59.5
"158",-27,60.5
"158",-26,61.5
"158",-25,62.5
"158",-24,62.5
"158",-23,62.5
"158",-22,62.5
"158",-21,63.5
"158",-20,64.5
"159",-25,-73.5
"159",-26,-72.5
"159",-26,-71.5
"159",-26,-70.5
"159",-25,-69.5
"159",-24,-68.5
"159",-23,-67.5
"159",-22,-66.5
"159",-21,-65.5
"159",-20,-64.5
"159",-19,-63.5
"159",-18,-62.5
"159",-17,-61.5
"159",-16,-60.5
"159",-15,-59.5
"159",-14,-58.5
"159",-13,-57.5
"159",-12,-56.5
"159",-11,-55.5
"159",-10,-54.5
"159",-9,-53.5
"159",-8,-52.5
"159",-7,-51.5
"159",-6,-50.5
"159",-5,-49.5
"159",-4,-48.5
"159",-3,-47.5
"159",-2,-46.5
"159",-1,-45.5
"159",0,-44.5
"159",1,-43.5
"159",2,-42.5
"159",3,-41.5
"159",4,-40.5
"159",5,-39.5
"159",6,-38.5
"159",7,-37.5
"159",8,-36.5
"159",9,-35.5
"159",10,-34.5
"159",11,-33.5
"159",11,-32.5
"159",11,-31.5
"159",11,-30.5
"159",11,-29.5
"159",11,-28.5
"159",11,-27.5
"159",10,-26.5
"159",9,-25.5
"159",8,-24.5
"159",7,-23.5
"159",6,-22.5
"159",5,-21.5
"159",4,-20.5
"159",3,-19.5
"159",2,-18.5
"159",1,-17.5
"159",0,-16.5
"159",-1,-15.5
"159",-2,-14.5
"159",-3,-13.5
"159",-4,-12.5
"159",-5,-11.5
"159",-6,-10.5
"159",-7,-9.5
"159",-8,-8.5
"159",-9,-7.5
"159",-10,-6.5
"159",-11,-5.5
"159",-12,-4.5
"159",-13,-3.5
"159",-14,-2.5
"159",-15,-1.5
"159",-16,-0.5
"159",-17,0.5
"159",-18,1.5
"159",-19,2.5
"159",-20,3.5
"159",-21,4.5
"159",-22,5.5
"159",-23,6.5
"159",-24,7.5
"159",-25,8.5
"159",-26,9.5
"159",-27,10.5
"159",-28,11.5
"159",-29,12.5
"159",-30,13.5
"159",-31,14.5
"159",-32,15.5
"159",-33,16.5
"159",-34,17.5
"159",-35,18.5
"159",-36,19.5
"159",-37,20.5
"159",-38,21.5
"159",-39,22.5
"159",-40,23.5
"159",-41,24.5
"159",-42,25.5
"159",-43,26.5
"159",-44,27.5
"159",-45,28.5
"159",-46,29.5
"159",-47,30.5
"159",-47,31.5
"159",-47,32.5
"159",-47,33.5
"159",-47,34.5
"159",-46,35.5
"159",-45,36.5
"159",-44,37.5
"159",-43,38.5
"159",-42,39.5
"159",-41,40.5
"159",-40,41.5
"159",-39,42.5
"159",-38,43.5
"159",-37,44.5
"159",-36,45.5
"159",-35,46.5
"159",-34,47.5
"159",-33,48.5
"159",-32,49.5
"159",-31,50.5
"159",-30,51.5
"159",-29,52.5
"159",-28,53.5
"159",-27,54.5
"159",-26,55.5
"159",-25,56.5
"159",-24,57.5
"159",-23,58.5
"159",-22,59.5
"159",-21,60.5
"159",-21,61.5
"159",-21,62.5
"159",-21,63.5
"159",-20,64.5
"160",-25,-73.5
"160",-25,-72.5
"160",-25,-71.5
"160",-25,-70.5
"160",-25,-69.5
"160",-24,-68.5
"160",-23,-67.5
"160",-22,-66.5
"160",-21,-65.5
"160",-20,-64.5
"160",-19,-63.5
"160",-18,-62.5
"160",-17,-61.5
"160",-16,-60.5
"160",-15,-59.5
"160",-14,-58.5
"160",-13,-57.5
"160",-12,-56.5
"160",-11,-55.5
"160",-10,-54.5
"160",-9,-53.5
"160",-8,-52.5
"160",-7,-51.5
"160",-6,-50.5
"160",-5,-49.5
"160",-4,-48.5
"160",-3,-47.5
"160",-2,-46.5
"160",-1,-45.5
"160",0,-44.5
"160",1,-43.5
"160",2,-42.5
"160",3,-41.5
"160",4,-40.5
"160",5,-39.5
"160",6,-38.5
"160",7,-37.5
"160",8,-36.5
"160",9,-35.5
"160",10,-34.5
"160",11,-33.5
"160",11,-32.5
"160",11,-31.5
"160",11,-30.5
"160",11,-29.5
"160",11,-28.5
"160",11,-27.5
"160",10,-26.5
"160",9,-25.5
"160",8,-24.5
"160",7,-23.5
"160",6,-22.5
"160",5,-21.5
"160",4,-20.5
"160",3,-19.5
"160",2,-18.5
"160",1,-17.5
"160",0,-16.5
"160",-1,-15.5
"160",-2,-14.5
"160",-3,-13.5
"160",-4,-12.5
"160",-5,-11.5
"160",-6,-10.5
"160",-7,-9.5
"160",-8,-8.5
"160",-9,-7.5
"160",-10,-6.5
"160",-11,-5.5
"160",-12,-4.5
"160",-13,-3.5
"160",-14,-2.5
"160",-15,-1.5
"160",-16,-0.5
"160",-17,0.5
"160",-18,1.5
"160",-19,2.5
"160",-20,3.5
"160",-21,4.5
"160",-22,5.5
"160",-23,6.5
"160",-24,7.5
"160",-25,8.5
"160",-26,9.5
"160",-27,10.5
"160",-28,10.5
"160",-29,11.5
"160",-30,12.5
"160",-31,13.5
"160",-32,14.5
"160",-33,15.5
"160",-34,16.5
"160",-35,17.5
"160",-36,18.5
"160",-37,19.5
"160",-38,20.5
"160",-39,21.5
"160",-39,22.5
"160",-39,23.5
"160",-39,24.5
"160",-39,25.5
"160",-39,26.5
"160",-39,27.5
"160",-39,28.5
"160",-39,29.5
"160",-39,30.5
"160",-39,31.5
"160",-39,32.5
"160",-39,33.5
"160",-39,34.5
"160",-39,35.5
"160",-39,36.5
"160",-39,37.5
"160",-39,38.5
"160",-38,39.5
"160",-37,40.5
"160",-36,41.5
"160",-35,42.5
"160",-34,43.5
"160",-34,44.5
"160",-33,45.5
"160",-32,46.5
"160",-31,47.5
"160",-30,48.5
"160",-29,49.5
"160",-28,50.5
"160",-27,51.5
"160",-27,52.5
"160",-27,53.5
"160",-27,54.5
"160",-27,55.5
"160",-26,56.5
"160",-25,57.5
"160",-24,58.5
"160",-23,59.5
"160",-22,60.5
"160",-21,61.5
"160",-21,62.5
"160",-21,63.5
"160",-20,64.5
"161",-25,-73.5
"161",-24,-72.5
"161",-23,-72.5
"161",-22,-71.5
"161",-21,-71.5
"161",-20,-71.5
"161",-19,-71.5
"161",-19,-70.5
"161",-19,-69.5
"161",-19,-68.5
"161",-19,-67.5
"161",-19,-66.5
"161",-19,-65.5
"161",-19,-64.5
"161",-19,-63.5
"161",-19,-62.5
"161",-19,-61.5
"161",-18,-60.5
"161",-17,-59.5
"161",-18,-58.5
"161",-18,-57.5
"161",-17,-56.5
"161",-16,-55.5
"161",-15,-54.5
"161",-14,-54.5
"161",-13,-53.5
"161",-12,-53.5
"161",-11,-53.5
"161",-10,-52.5
"161",-9,-51.5
"161",-8,-50.5
"161",-7,-50.5
"161",-6,-50.5
"161",-5,-49.5
"161",-4,-48.5
"161",-3,-47.5
"161",-2,-46.5
"161",-1,-46.5
"161",0,-45.5
"161",1,-44.5
"161",2,-43.5
"161",3,-42.5
"161",4,-41.5
"161",4,-40.5
"161",5,-39.5
"161",5,-38.5
"161",5,-37.5
"161",5,-36.5
"161",5,-35.5
"161",5,-34.5
"161",5,-33.5
"161",5,-32.5
"161",5,-31.5
"161",5,-30.5
"161",5,-29.5
"161",5,-28.5
"161",5,-27.5
"161",5,-26.5
"161",5,-25.5
"161",5,-24.5
"161",5,-23.5
"161",5,-22.5
"161",5,-21.5
"161",5,-20.5
"161",4,-19.5
"161",3,-18.5
"161",3,-17.5
"161",3,-16.5
"161",2,-15.5
"161",1,-15.5
"161",0,-14.5
"161",-1,-13.5
"161",-2,-12.5
"161",-3,-11.5
"161",-4,-10.5
"161",-5,-10.5
"161",-6,-9.5
"161",-7,-9.5
"161",-8,-8.5
"161",-9,-8.5
"161",-9,-7.5
"161",-9,-6.5
"161",-9,-5.5
"161",-10,-5.5
"161",-11,-4.5
"161",-12,-4.5
"161",-13,-3.5
"161",-14,-2.5
"161",-15,-2.5
"161",-16,-1.5
"161",-16,-0.5
"161",-16,0.5
"161",-17,0.5
"161",-18,1.5
"161",-19,2.5
"161",-20,3.5
"161",-21,3.5
"161",-22,4.5
"161",-23,5.5
"161",-24,6.5
"161",-25,7.5
"161",-26,8.5
"161",-27,8.5
"161",-28,8.5
"161",-29,9.5
"161",-29,10.5
"161",-29,11.5
"161",-29,12.5
"161",-29,13.5
"161",-29,14.5
"161",-29,15.5
"161",-29,16.5
"161",-29,17.5
"161",-29,18.5
"161",-29,19.5
"161",-29,20.5
"161",-30,20.5
"161",-31,21.5
"161",-32,21.5
"161",-33,22.5
"161",-33,23.5
"161",-34,23.5
"161",-35,24.5
"161",-35,25.5
"161",-35,26.5
"161",-35,27.5
"161",-35,28.5
"161",-35,29.5
"161",-35,30.5
"161",-35,31.5
"161",-35,32.5
"161",-35,33.5
"161",-35,34.5
"161",-35,35.5
"161",-35,36.5
"161",-35,37.5
"161",-35,38.5
"161",-34,39.5
"161",-33,40.5
"161",-33,41.5
"161",-33,42.5
"161",-34,43.5
"161",-34,44.5
"161",-33,45.5
"161",-32,46.5
"161",-31,47.5
"161",-30,47.5
"161",-29,47.5
"161",-28,48.5
"161",-27,49.5
"161",-27,50.5
"161",-27,51.5
"161",-27,52.5
"161",-27,53.5
"161",-27,54.5
"161",-27,55.5
"161",-27,56.5
"161",-27,57.5
"161",-27,58.5
"161",-26,59.5
"161",-25,60.5
"161",-24,61.5
"161",-23,62.5
"161",-22,62.5
"161",-21,63.5
"161",-20,64.5
"162",-25,-73.5
"162",-26,-72.5
"162",-26,-71.5
"162",-25,-70.5
"162",-24,-69.5
"162",-23,-68.5
"162",-22,-67.5
"162",-21,-66.5
"162",-20,-65.5
"162",-19,-64.5
"162",-18,-63.5
"162",-17,-62.5
"162",-16,-61.5
"162",-15,-60.5
"162",-14,-59.5
"162",-13,-58.5
"162",-12,-57.5
"162",-11,-56.5
"162",-10,-55.5
"162",-9,-54.5
"162",-8,-53.5
"162",-7,-52.5
"162",-6,-51.5
"162",-5,-50.5
"162",-4,-49.5
"162",-3,-48.5
"162",-2,-47.5
"162",-1,-46.5
"162",0,-45.5
"162",1,-44.5
"162",2,-43.5
"162",3,-42.5
"162",4,-41.5
"162",5,-40.5
"162",6,-39.5
"162",7,-38.5
"162",8,-37.5
"162",9,-36.5
"162",10,-35.5
"162",11,-34.5
"162",11,-33.5
"162",11,-32.5
"162",11,-31.5
"162",11,-30.5
"162",11,-29.5
"162",11,-28.5
"162",11,-27.5
"162",10,-26.5
"162",9,-25.5
"162",8,-24.5
"162",7,-23.5
"162",6,-22.5
"162",5,-21.5
"162",4,-20.5
"162",3,-19.5
"162",2,-18.5
"162",1,-17.5
"162",0,-16.5
"162",-1,-15.5
"162",-2,-14.5
"162",-3,-13.5
"162",-4,-12.5
"162",-5,-11.5
"162",-6,-10.5
"162",-7,-9.5
"162",-8,-8.5
"162",-9,-7.5
"162",-10,-6.5
"162",-11,-5.5
"162",-12,-4.5
"162",-13,-3.5
"162",-14,-2.5
"162",-15,-1.5
"162",-16,-0.5
"162",-17,0.5
"162",-18,1.5
"162",-19,2.5
"162",-20,3.5
"162",-21,4.5
"162",-22,5.5
"162",-23,6.5
"162",-24,7.5
"162",-25,8.5
"162",-26,9.5
"162",-27,10.5
"162",-28,11.5
"162",-29,12.5
"162",-30,13.5
"162",-31,14.5
"162",-32,15.5
"162",-33,16.5
"162",-34,17.5
"162",-35,18.5
"162",-36,19.5
"162",-37,20.5
"162",-38,21.5
"162",-39,22.5
"162",-40,23.5
"162",-41,24.5
"162",-42,25.5
"162",-43,26.5
"162",-44,27.5
"162",-45,28.5
"162",-46,29.5
"162",-47,30.5
"162",-47,31.5
"162",-47,32.5
"162",-47,33.5
"162",-47,34.5
"162",-47,35.5
"162",-46,36.5
"162",-45,37.5
"162",-44,38.5
"162",-43,39.5
"162",-42,40.5
"162",-41,41.5
"162",-40,42.5
"162",-39,43.5
"162",-38,44.5
"162",-37,45.5
"162",-36,46.5
"162",-35,47.5
"162",-34,48.5
"162",-33,49.5
"162",-32,50.5
"162",-31,51.5
"162",-30,52.5
"162",-29,53.5
"162",-28,54.5
"162",-27,55.5
"162",-26,56.5
"162",-25,57.5
"162",-24,58.5
"162",-23,59.5
"162",-22,60.5
"162",-21,61.5
"162",-21,62.5
"162",-21,63.5
"162",-20,64.5
"163",-25,-73.5
"163",-25,-72.5
"163",-25,-71.5
"163",-25,-70.5
"163",-25,-69.5
"163",-24,-68.5
"163",-23,-67.5
"163",-22,-66.5
"163",-21,-65.5
"163",-20,-64.5
"163",-19,-63.5
"163",-18,-62.5
"163",-17,-61.5
"163",-16,-60.5
"163",-15,-59.5
"163",-14,-58.5
"163",-13,-57.5
"163",-12,-56.5
"163",-11,-55.5
"163",-10,-54.5
"163",-9,-53.5
"163",-8,-52.5
"163",-7,-51.5
"163",-6,-50.5
"163",-5,-49.5
"163",-4,-48.5
"163",-3,-47.5
"163",-2,-46.5
"163",-1,-45.5
"163",0,-44.5
"163",1,-43.5
"163",2,-42.5
"163",3,-41.5
"163",4,-40.5
"163",5,-39.5
"163",6,-38.5
"163",7,-37.5
"163",8,-36.5
"163",9,-35.5
"163",10,-34.5
"163",11,-33.5
"163",11,-32.5
"163",11,-31.5
"163",11,-30.5
"163",11,-29.5
"163",11,-28.5
"163",11,-27.5
"163",10,-26.5
"163",9,-25.5
"163",8,-24.5
"163",7,-23.5
"163",6,-22.5
"163",5,-21.5
"163",4,-20.5
"163",3,-19.5
"163",2,-18.5
"163",1,-17.5
"163",0,-16.5
"163",-1,-15.5
"163",-2,-14.5
"163",-3,-13.5
"163",-4,-12.5
"163",-5,-11.5
"163",-6,-10.5
"163",-7,-9.5
"163",-8,-8.5
"163",-9,-7.5
"163",-10,-6.5
"163",-11,-5.5
"163",-12,-4.5
"163",-13,-3.5
"163",-14,-2.5
"163",-15,-1.5
"163",-16,-0.5
"163",-17,0.5
"163",-18,1.5
"163",-19,2.5
"163",-20,3.5
"163",-21,4.5
"163",-22,5.5
"163",-23,6.5
"163",-24,7.5
"163",-25,8.5
"163",-26,9.5
"163",-27,10.5
"163",-28,10.5
"163",-29,11.5
"163",-30,12.5
"163",-31,13.5
"163",-32,14.5
"163",-33,15.5
"163",-34,16.5
"163",-35,17.5
"163",-36,18.5
"163",-37,19.5
"163",-38,20.5
"163",-39,21.5
"163",-39,22.5
"163",-39,23.5
"163",-39,24.5
"163",-39,25.5
"163",-39,26.5
"163",-39,27.5
"163",-39,28.5
"163",-39,29.5
"163",-39,30.5
"163",-39,31.5
"163",-39,32.5
"163",-39,33.5
"163",-39,34.5
"163",-39,35.5
"163",-39,36.5
"163",-39,37.5
"163",-39,38.5
"163",-38,39.5
"163",-37,40.5
"163",-36,41.5
"163",-35,42.5
"163",-34,43.5
"163",-34,44.5
"163",-33,45.5
"163",-32,46.5
"163",-31,47.5
"163",-30,48.5
"163",-29,49.5
"163",-28,50.5
"163",-27,51.5
"163",-27,52.5
"163",-27,53.5
"163",-27,54.5
"163",-27,55.5
"163",-26,56.5
"163",-25,57.5
"163",-24,58.5
"163",-23,59.5
"163",-22,60.5
"163",-22,61.5
"163",-22,62.5
"163",-21,63.5
"163",-20,64.5
"164",-25,-73.5
"164",-25,-72.5
"164",-25,-71.5
"164",-24,-70.5
"164",-23,-70.5
"164",-23,-69.5
"164",-22,-68.5
"164",-21,-68.5
"164",-20,-67.5
"164",-19,-66.5
"164",-19,-65.5
"164",-19,-64.5
"164",-19,-63.5
"164",-18,-62.5
"164",-17,-61.5
"164",-16,-60.5
"164",-15,-59.5
"164",-14,-58.5
"164",-13,-57.5
"164",-12,-56.5
"164",-11,-55.5
"164",-10,-54.5
"164",-9,-53.5
"164",-8,-52.5
"164",-7,-51.5
"164",-6,-50.5
"164",-5,-49.5
"164",-4,-48.5
"164",-3,-47.5
"164",-2,-46.5
"164",-1,-46.5
"164",0,-45.5
"164",1,-44.5
"164",2,-43.5
"164",3,-42.5
"164",4,-41.5
"164",4,-40.5
"164",5,-39.5
"164",5,-38.5
"164",5,-37.5
"164",5,-36.5
"164",5,-35.5
"164",5,-34.5
"164",5,-33.5
"164",5,-32.5
"164",5,-31.5
"164",5,-30.5
"164",5,-29.5
"164",5,-28.5
"164",5,-27.5
"164",5,-26.5
"164",5,-25.5
"164",5,-24.5
"164",5,-23.5
"164",5,-22.5
"164",5,-21.5
"164",5,-20.5
"164",4,-19.5
"164",3,-18.5
"164",3,-17.5
"164",3,-16.5
"164",2,-15.5
"164",1,-15.5
"164",0,-14.5
"164",-1,-13.5
"164",-2,-12.5
"164",-3,-11.5
"164",-4,-10.5
"164",-5,-10.5
"164",-6,-9.5
"164",-7,-9.5
"164",-8,-8.5
"164",-9,-7.5
"164",-9,-6.5
"164",-10,-5.5
"164",-11,-4.5
"164",-12,-4.5
"164",-13,-3.5
"164",-14,-2.5
"164",-15,-2.5
"164",-16,-1.5
"164",-17,-0.5
"164",-18,0.5
"164",-18,1.5
"164",-19,2.5
"164",-20,3.5
"164",-21,4.5
"164",-22,5.5
"164",-23,6.5
"164",-24,7.5
"164",-25,8.5
"164",-26,9.5
"164",-27,10.5
"164",-28,10.5
"164",-29,11.5
"164",-30,12.5
"164",-31,13.5
"164",-32,14.5
"164",-33,15.5
"164",-34,16.5
"164",-35,16.5
"164",-36,17.5
"164",-37,18.5
"164",-38,19.5
"164",-39,20.5
"164",-39,21.5
"164",-39,22.5
"164",-39,23.5
"164",-39,24.5
"164",-39,25.5
"164",-39,26.5
"164",-39,27.5
"164",-39,28.5
"164",-39,29.5
"164",-39,30.5
"164",-39,31.5
"164",-39,32.5
"164",-39,33.5
"164",-39,34.5
"164",-39,35.5
"164",-39,36.5
"164",-39,37.5
"164",-39,38.5
"164",-38,39.5
"164",-37,40.5
"164",-36,41.5
"164",-35,42.5
"164",-34,43.5
"164",-34,44.5
"164",-33,45.5
"164",-32,46.5
"164",-31,47.5
"164",-30,48.5
"164",-29,49.5
"164",-28,50.5
"164",-27,51.5
"164",-27,52.5
"164",-27,53.5
"164",-27,54.5
"164",-27,55.5
"164",-27,56.5
"164",-26,57.5
"164",-25,58.5
"164",-24,59.5
"164",-23,60.5
"164",-22,61.5
"164",-22,62.5
"164",-21,63.5
"164",-20,64.5
"165",-25,-73.5
"165",-26,-72.5
"165",-26,-71.5
"165",-25,-70.5
"165",-24,-69.5
"165",-23,-68.5
"165",-22,-67.5
"165",-21,-66.5
"165",-20,-65.5
"165",-19,-64.5
"165",-18,-63.5
"165",-17,-62.5
"165",-16,-61.5
"165",-15,-60.5
"165",-14,-59.5
"165",-13,-58.5
"165",-12,-57.5
"165",-11,-56.5
"165",-10,-55.5
"165",-9,-54.5
"165",-8,-53.5
"165",-7,-52.5
"165",-6,-51.5
"165",-5,-50.5
"165",-4,-49.5
"165",-3,-48.5
"165",-2,-47.5
"165",-1,-46.5
"165",0,-45.5
"165",1,-44.5
"165",2,-43.5
"165",3,-42.5
"165",4,-41.5
"165",5,-40.5
"165",6,-39.5
"165",7,-38.5
"165",8,-37.5
"165",9,-36.5
"165",10,-35.5
"165",11,-34.5
"165",11,-33.5
"165",11,-32.5
"165",11,-31.5
"165",11,-30.5
"165",11,-29.5
"165",11,-28.5
"165",11,-27.5
"165",10,-26.5
"165",9,-25.5
"165",8,-24.5
"165",7,-23.5
"165",6,-22.5
"165",5,-21.5
"165",4,-20.5
"165",3,-19.5
"165",2,-18.5
"165",1,-17.5
"165",0,-16.5
"165",-1,-15.5
"165",-2,-14.5
"165",-3,-13.5
"165",-4,-12.5
"165",-5,-11.5
"165",-6,-10.5
"165",-7,-9.5
"165",-8,-8.5
"165",-9,-7.5
"165",-10,-6.5
"165",-11,-5.5
"165",-12,-4.5
"165",-13,-3.5
"165",-14,-2.5
"165",-15,-1.5
"165",-16,-0.5
"165",-17,0.5
"165",-18,1.5
"165",-19,2.5
"165",-20,3.5
"165",-21,4.5
"165",-22,5.5
"165",-23,6.5
"165",-24,7.5
"165",-25,8.5
"165",-26,9.5
"165",-27,10.5
"165",-28,11.5
"165",-29,12.5
"165",-30,13.5
"165",-31,14.5
"165",-32,15.5
"165",-33,16.5
"165",-34,17.5
"165",-35,18.5
"165",-36,19.5
"165",-37,20.5
"165",-38,21.5
"165",-39,22.5
"165",-40,23.5
"165",-41,24.5
"165",-42,25.5
"165",-43,26.5
"165",-44,27.5
"165",-45,28.5
"165",-45,29.5
"165",-45,30.5
"165",-45,31.5
"165",-45,32.5
"165",-45,33.5
"165",-45,34.5
"165",-45,35.5
"165",-45,36.5
"165",-44,37.5
"165",-43,38.5
"165",-42,39.5
"165",-41,40.5
"165",-40,41.5
"165",-39,42.5
"165",-38,43.5
"165",-37,44.5
"165",-36,45.5
"165",-35,46.5
"165",-34,47.5
"165",-33,48.5
"165",-32,49.5
"165",-31,50.5
"165",-30,51.5
"165",-29,52.5
"165",-28,53.5
"165",-27,54.5
"165",-26,55.5
"165",-25,56.5
"165",-24,57.5
"165",-23,58.5
"165",-22,59.5
"165",-21,60.5
"165",-21,61.5
"165",-21,62.5
"165",-21,63.5
"165",-20,64.5
"166",-25,-73.5
"166",-25,-72.5
"166",-25,-71.5
"166",-24,-70.5
"166",-23,-69.5
"166",-22,-68.5
"166",-21,-67.5
"166",-20,-66.5
"166",-19,-65.5
"166",-18,-64.5
"166",-17,-63.5
"166",-16,-62.5
"166",-15,-61.5
"166",-14,-60.5
"166",-13,-59.5
"166",-12,-58.5
"166",-11,-57.5
"166",-10,-56.5
"166",-9,-55.5
"166",-8,-54.5
"166",-7,-53.5
"166",-6,-52.5
"166",-5,-51.5
"166",-4,-51.5
"166",-3,-50.5
"166",-2,-49.5
"166",-1,-48.5
"166",0,-47.5
"166",1,-46.5
"166",2,-45.5
"166",3,-44.5
"166",4,-43.5
"166",5,-42.5
"166",6,-41.5
"166",7,-40.5
"166",8,-39.5
"166",9,-38.5
"166",10,-37.5
"166",11,-36.5
"166",11,-35.5
"166",11,-34.5
"166",11,-33.5
"166",11,-32.5
"166",11,-31.5
"166",11,-30.5
"166",11,-29.5
"166",11,-28.5
"166",11,-27.5
"166",10,-26.5
"166",9,-25.5
"166",8,-24.5
"166",7,-23.5
"166",6,-22.5
"166",5,-21.5
"166",4,-20.5
"166",3,-19.5
"166",2,-18.5
"166",1,-17.5
"166",0,-16.5
"166",-1,-15.5
"166",-2,-14.5
"166",-3,-13.5
"166",-4,-12.5
"166",-5,-11.5
"166",-6,-10.5
"166",-7,-9.5
"166",-8,-8.5
"166",-9,-7.5
"166",-10,-6.5
"166",-11,-5.5
"166",-12,-4.5
"166",-13,-3.5
"166",-14,-2.5
"166",-15,-1.5
"166",-16,-0.5
"166",-17,0.5
"166",-18,1.5
"166",-19,2.5
"166",-20,3.5
"166",-21,4.5
"166",-22,5.5
"166",-23,6.5
"166",-24,7.5
"166",-25,8.5
"166",-26,9.5
"166",-27,10.5
"166",-28,10.5
"166",-29,11.5
"166",-30,12.5
"166",-31,13.5
"166",-32,14.5
"166",-33,15.5
"166",-34,16.5
"166",-35,17.5
"166",-36,18.5
"166",-37,19.5
"166",-38,20.5
"166",-39,21.5
"166",-39,22.5
"166",-39,23.5
"166",-39,24.5
"166",-39,25.5
"166",-39,26.5
"166",-39,27.5
"166",-39,28.5
"166",-39,29.5
"166",-39,30.5
"166",-39,31.5
"166",-39,32.5
"166",-39,33.5
"166",-39,34.5
"166",-39,35.5
"166",-39,36.5
"166",-39,37.5
"166",-39,38.5
"166",-38,39.5
"166",-37,40.5
"166",-36,41.5
"166",-35,42.5
"166",-34,43.5
"166",-34,44.5
"166",-33,45.5
"166",-32,46.5
"166",-31,47.5
"166",-30,48.5
"166",-29,49.5
"166",-28,50.5
"166",-27,51.5
"166",-27,52.5
"166",-27,53.5
"166",-27,54.5
"166",-26,55.5
"166",-25,56.5
"166",-24,57.5
"166",-23,58.5
"166",-22,59.5
"166",-22,60.5
"166",-22,61.5
"166",-22,62.5
"166",-21,63.5
"166",-20,64.5
"167",-25,-73.5
"167",-26,-72.5
"167",-25,-71.5
"167",-24,-70.5
"167",-23,-69.5
"167",-22,-68.5
"167",-21,-67.5
"167",-20,-66.5
"167",-19,-65.5
"167",-18,-64.5
"167",-17,-63.5
"167",-16,-62.5
"167",-15,-61.5
"167",-14,-60.5
"167",-13,-59.5
"167",-12,-58.5
"167",-11,-57.5
"167",-10,-56.5
"167",-9,-55.5
"167",-8,-54.5
"167",-7,-53.5
"167",-6,-52.5
"167",-5,-51.5
"167",-4,-50.5
"167",-3,-49.5
"167",-2,-48.5
"167",-1,-47.5
"167",0,-46.5
"167",1,-45.5
"167",2,-44.5
"167",3,-43.5
"167",4,-42.5
"167",5,-41.5
"167",6,-40.5
"167",7,-39.5
"167",8,-38.5
"167",9,-37.5
"167",10,-36.5
"167",11,-35.5
"167",11,-34.5
"167",11,-33.5
"167",11,-32.5
"167",11,-31.5
"167",11,-30.5
"167",11,-29.5
"167",11,-28.5
"167",10,-27.5
"167",9,-26.5
"167",8,-25.5
"167",7,-24.5
"167",6,-23.5
"167",5,-22.5
"167",4,-21.5
"167",3,-20.5
"167",2,-19.5
"167",1,-18.5
"167",0,-17.5
"167",-1,-16.5
"167",-2,-15.5
"167",-3,-14.5
"167",-4,-13.5
"167",-5,-12.5
"167",-6,-11.5
"167",-7,-10.5
"167",-8,-9.5
"167",-9,-8.5
"167",-10,-7.5
"167",-11,-6.5
"167",-12,-5.5
"167",-13,-4.5
"167",-14,-3.5
"167",-15,-2.5
"167",-16,-1.5
"167",-17,-0.5
"167",-18,0.5
"167",-19,1.5
"167",-20,2.5
"167",-21,3.5
"167",-22,4.5
"167",-23,5.5
"167",-24,6.5
"167",-25,7.5
"167",-26,8.5
"167",-27,9.5
"167",-28,10.5
"167",-29,11.5
"167",-30,12.5
"167",-31,13.5
"167",-32,14.5
"167",-33,15.5
"167",-34,16.5
"167",-35,17.5
"167",-36,18.5
"167",-37,19.5
"167",-38,20.5
"167",-39,21.5
"167",-40,22.5
"167",-41,23.5
"167",-42,24.5
"167",-43,25.5
"167",-44,26.5
"167",-44,27.5
"167",-44,28.5
"167",-44,29.5
"167",-44,30.5
"167",-44,31.5
"167",-44,32.5
"167",-44,33.5
"167",-44,34.5
"167",-44,35.5
"167",-44,36.5
"167",-44,37.5
"167",-44,38.5
"167",-43,39.5
"167",-42,40.5
"167",-41,41.5
"167",-40,42.5
"167",-39,43.5
"167",-38,44.5
"167",-37,45.5
"167",-36,46.5
"167",-35,47.5
"167",-34,48.5
"167",-33,49.5
"167",-32,50.5
"167",-31,51.5
"167",-30,52.5
"167",-29,53.5
"167",-28,54.5
"167",-27,55.5
"167",-26,56.5
"167",-25,57.5
"167",-24,58.5
"167",-23,59.5
"167",-22,60.5
"167",-21,61.5
"167",-21,62.5
"167",-21,63.5
"167",-20,64.5
"168",-25,-73.5
"168",-26,-72.5
"168",-26,-71.5
"168",-26,-70.5
"168",-25,-69.5
"168",-24,-68.5
"168",-23,-67.5
"168",-22,-66.5
"168",-21,-65.5
"168",-20,-64.5
"168",-19,-63.5
"168",-18,-62.5
"168",-17,-61.5
"168",-16,-60.5
"168",-15,-59.5
"168",-14,-58.5
"168",-13,-57.5
"168",-12,-56.5
"168",-11,-55.5
"168",-10,-54.5
"168",-9,-53.5
"168",-8,-52.5
"168",-7,-51.5
"168",-6,-50.5
"168",-5,-49.5
"168",-4,-48.5
"168",-3,-47.5
"168",-2,-46.5
"168",-1,-45.5
"168",0,-44.5
"168",1,-43.5
"168",2,-42.5
"168",3,-41.5
"168",4,-40.5
"168",5,-39.5
"168",6,-38.5
"168",7,-37.5
"168",8,-36.5
"168",9,-35.5
"168",10,-34.5
"168",11,-33.5
"168",11,-32.5
"168",11,-31.5
"168",11,-30.5
"168",11,-29.5
"168",11,-28.5
"168",11,-27.5
"168",10,-26.5
"168",9,-25.5
"168",8,-24.5
"168",7,-23.5
"168",6,-22.5
"168",5,-21.5
"168",4,-20.5
"168",3,-19.5
"168",2,-18.5
"168",1,-17.5
"168",0,-16.5
"168",-1,-15.5
"168",-2,-14.5
"168",-3,-13.5
"168",-4,-12.5
"168",-5,-11.5
"168",-6,-10.5
"168",-7,-9.5
"168",-8,-8.5
"168",-9,-7.5
"168",-10,-6.5
"168",-11,-5.5
"168",-12,-4.5
"168",-13,-3.5
"168",-14,-2.5
"168",-15,-1.5
"168",-16,-0.5
"168",-17,0.5
"168",-18,1.5
"168",-19,2.5
"168",-20,3.5
"168",-21,4.5
"168",-22,5.5
"168",-23,6.5
"168",-24,7.5
"168",-25,8.5
"168",-26,9.5
"168",-27,10.5
"168",-28,11.5
"168",-29,12.5
"168",-30,13.5
"168",-31,14.5
"168",-32,15.5
"168",-33,16.5
"168",-34,17.5
"168",-35,18.5
"168",-36,19.5
"168",-37,19.5
"168",-38,20.5
"168",-39,21.5
"168",-40,22.5
"168",-41,23.5
"168",-42,24.5
"168",-43,25.5
"168",-44,26.5
"168",-45,27.5
"168",-46,28.5
"168",-47,29.5
"168",-48,30.5
"168",-48,31.5
"168",-48,32.5
"168",-48,33.5
"168",-47,34.5
"168",-46,35.5
"168",-45,36.5
"168",-44,37.5
"168",-43,38.5
"168",-42,39.5
"168",-41,40.5
"168",-40,41.5
"168",-39,42.5
"168",-38,43.5
"168",-37,44.5
"168",-36,45.5
"168",-35,46.5
"168",-34,47.5
"168",-33,48.5
"168",-32,49.5
"168",-31,50.5
"168",-30,51.5
"168",-29,52.5
"168",-28,53.5
"168",-27,54.5
"168",-26,55.5
"168",-25,56.5
"168",-24,57.5
"168",-23,58.5
"168",-22,59.5
"168",-21,60.5
"168",-21,61.5
"168",-21,62.5
"168",-21,63.5
"168",-20,64.5
"169",-25,-73.5
"169",-25,-72.5
"169",-25,-71.5
"169",-25,-70.5
"169",-25,-69.5
"169",-24,-68.5
"169",-23,-67.5
"169",-22,-66.5
"169",-21,-65.5
"169",-20,-64.5
"169",-19,-63.5
"169",-18,-62.5
"169",-17,-61.5
"169",-16,-60.5
"169",-15,-59.5
"169",-14,-58.5
"169",-13,-57.5
"169",-12,-56.5
"169",-11,-55.5
"169",-10,-54.5
"169",-9,-53.5
"169",-8,-52.5
"169",-7,-52.5
"169",-6,-52.5
"169",-5,-51.5
"169",-4,-51.5
"169",-3,-50.5
"169",-2,-49.5
"169",-1,-48.5
"169",0,-47.5
"169",1,-46.5
"169",2,-45.5
"169",3,-44.5
"169",4,-43.5
"169",5,-42.5
"169",6,-42.5
"169",7,-41.5
"169",8,-40.5
"169",9,-39.5
"169",10,-38.5
"169",11,-37.5
"169",12,-36.5
"169",13,-35.5
"169",13,-34.5
"169",13,-33.5
"169",13,-32.5
"169",13,-31.5
"169",13,-30.5
"169",13,-29.5
"169",12,-28.5
"169",11,-27.5
"169",10,-26.5
"169",9,-25.5
"169",8,-24.5
"169",7,-23.5
"169",6,-22.5
"169",5,-21.5
"169",4,-20.5
"169",3,-19.5
"169",2,-18.5
"169",1,-17.5
"169",0,-16.5
"169",-1,-15.5
"169",-2,-14.5
"169",-3,-13.5
"169",-4,-12.5
"169",-5,-11.5
"169",-6,-10.5
"169",-7,-9.5
"169",-8,-8.5
"169",-9,-7.5
"169",-10,-6.5
"169",-11,-5.5
"169",-12,-4.5
"169",-13,-3.5
"169",-14,-2.5
"169",-15,-1.5
"169",-16,-0.5
"169",-17,0.5
"169",-18,1.5
"169",-19,2.5
"169",-20,3.5
"169",-21,4.5
"169",-22,5.5
"169",-23,6.5
"169",-24,7.5
"169",-25,8.5
"169",-26,9.5
"169",-27,10.5
"169",-28,10.5
"169",-29,11.5
"169",-30,12.5
"169",-31,13.5
"169",-32,14.5
"169",-33,15.5
"169",-34,16.5
"169",-35,17.5
"169",-36,18.5
"169",-37,19.5
"169",-38,20.5
"169",-39,21.5
"169",-39,22.5
"169",-39,23.5
"169",-39,24.5
"169",-39,25.5
"169",-39,26.5
"169",-39,27.5
"169",-39,28.5
"169",-39,29.5
"169",-39,30.5
"169",-39,31.5
"169",-39,32.5
"169",-39,33.5
"169",-39,34.5
"169",-39,35.5
"169",-39,36.5
"169",-39,37.5
"169",-39,38.5
"169",-38,39.5
"169",-37,40.5
"169",-36,41.5
"169",-35,42.5
"169",-34,43.5
"169",-34,44.5
"169",-33,45.5
"169",-32,46.5
"169",-31,47.5
"169",-30,48.5
"169",-29,49.5
"169",-28,50.5
"169",-27,51.5
"169",-27,52.5
"169",-27,53.5
"169",-27,54.5
"169",-26,55.5
"169",-25,56.5
"169",-24,57.5
"169",-23,58.5
"169",-22,59.5
"169",-22,60.5
"169",-21,61.5
"169",-21,62.5
"169",-21,63.5
"169",-20,64.5
"170",-25,-73.5
"170",-25,-72.5
"170",-25,-71.5
"170",-25,-70.5
"170",-25,-69.5
"170",-25,-68.5
"170",-24,-67.5
"170",-23,-66.5
"170",-22,-65.5
"170",-21,-64.5
"170",-20,-63.5
"170",-19,-62.5
"170",-19,-61.5
"170",-18,-60.5
"170",-17,-59.5
"170",-16,-58.5
"170",-15,-57.5
"170",-14,-56.5
"170",-13,-55.5
"170",-12,-55.5
"170",-11,-55.5
"170",-10,-54.5
"170",-9,-53.5
"170",-8,-52.5
"170",-7,-52.5
"170",-6,-52.5
"170",-5,-51.5
"170",-4,-51.5
"170",-3,-50.5
"170",-2,-49.5
"170",-1,-48.5
"170",0,-47.5
"170",1,-46.5
"170",2,-45.5
"170",3,-44.5
"170",4,-44.5
"170",5,-43.5
"170",6,-43.5
"170",7,-43.5
"170",8,-42.5
"170",9,-41.5
"170",10,-41.5
"170",11,-40.5
"170",12,-39.5
"170",13,-38.5
"170",14,-37.5
"170",15,-36.5
"170",15,-35.5
"170",15,-34.5
"170",15,-33.5
"170",15,-32.5
"170",15,-31.5
"170",15,-30.5
"170",15,-29.5
"170",14,-28.5
"170",13,-27.5
"170",12,-26.5
"170",11,-25.5
"170",10,-24.5
"170",9,-23.5
"170",8,-22.5
"170",7,-21.5
"170",6,-20.5
"170",5,-19.5
"170",4,-18.5
"170",3,-17.5
"170",2,-16.5
"170",1,-15.5
"170",0,-14.5
"170",-1,-13.5
"170",-2,-12.5
"170",-3,-11.5
"170",-4,-10.5
"170",-5,-10.5
"170",-6,-9.5
"170",-7,-9.5
"170",-8,-8.5
"170",-9,-7.5
"170",-9,-6.5
"170",-10,-5.5
"170",-11,-4.5
"170",-12,-4.5
"170",-13,-3.5
"170",-14,-2.5
"170",-15,-1.5
"170",-16,-0.5
"170",-17,0.5
"170",-18,1.5
"170",-19,2.5
"170",-20,3.5
"170",-21,4.5
"170",-22,5.5
"170",-23,6.5
"170",-24,7.5
"170",-25,8.5
"170",-26,9.5
"170",-27,10.5
"170",-28,10.5
"170",-29,11.5
"170",-30,12.5
"170",-31,13.5
"170",-32,14.5
"170",-33,15.5
"170",-34,16.5
"170",-35,16.5
"170",-36,17.5
"170",-37,18.5
"170",-38,19.5
"170",-39,20.5
"170",-39,21.5
"170",-39,22.5
"170",-39,23.5
"170",-39,24.5
"170",-39,25.5
"170",-39,26.5
"170",-39,27.5
"170",-39,28.5
"170",-39,29.5
"170",-39,30.5
"170",-39,31.5
"170",-39,32.5
"170",-39,33.5
"170",-39,34.5
"170",-39,35.5
"170",-39,36.5
"170",-39,37.5
"170",-39,38.5
"170",-38,39.5
"170",-37,40.5
"170",-36,41.5
"170",-35,42.5
"170",-34,43.5
"170",-34,44.5
"170",-33,45.5
"170",-32,46.5
"170",-31,47.5
"170",-30,48.5
"170",-29,49.5
"170",-28,50.5
"170",-27,51.5
"170",-27,52.5
"170",-27,53.5
"170",-27,54.5
"170",-27,55.5
"170",-26,56.5
"170",-25,57.5
"170",-24,58.5
"170",-23,59.5
"170",-22,60.5
"170",-22,61.5
"170",-22,62.5
"170",-21,63.5
"170",-20,64.5
"171",-25,-73.5
"171",-24,-72.5
"171",-23,-72.5
"171",-22,-71.5
"171",-21,-71.5
"171",-20,-71.5
"171",-19,-71.5
"171",-19,-70.5
"171",-19,-69.5
"171",-19,-68.5
"171",-19,-67.5
"171",-19,-66.5
"171",-19,-65.5
"171",-19,-64.5
"171",-19,-63.5
"171",-19,-62.5
"171",-19,-61.5
"171",-18,-60.5
"171",-17,-59.5
"171",-18,-58.5
"171",-17,-57.5
"171",-18,-56.5
"171",-17,-55.5
"171",-16,-55.5
"171",-15,-54.5
"171",-14,-54.5
"171",-13,-53.5
"171",-12,-53.5
"171",-11,-53.5
"171",-10,-52.5
"171",-9,-52.5
"171",-8,-52.5
"171",-7,-52.5
"171",-6,-52.5
"171",-5,-51.5
"171",-4,-51.5
"171",-3,-50.5
"171",-2,-50.5
"171",-1,-49.5
"171",0,-48.5
"171",1,-47.5
"171",2,-46.5
"171",3,-45.5
"171",4,-45.5
"171",5,-44.5
"171",6,-44.5
"171",7,-44.5
"171",8,-43.5
"171",9,-42.5
"171",10,-42.5
"171",11,-41.5
"171",12,-40.5
"171",12,-39.5
"171",13,-38.5
"171",13,-37.5
"171",13,-36.5
"171",13,-35.5
"171",13,-34.5
"171",13,-33.5
"171",13,-32.5
"171",13,-31.5
"171",13,-30.5
"171",13,-29.5
"171",13,-28.5
"171",13,-27.5
"171",12,-26.5
"171",12,-25.5
"171",11,-24.5
"171",11,-23.5
"171",10,-22.5
"171",10,-21.5
"171",9,-20.5
"171",8,-19.5
"171",7,-19.5
"171",6,-18.5
"171",5,-17.5
"171",4,-16.5
"171",3,-15.5
"171",2,-15.5
"171",1,-15.5
"171",1,-14.5
"171",0,-13.5
"171",-1,-12.5
"171",-2,-11.5
"171",-3,-10.5
"171",-4,-10.5
"171",-5,-10.5
"171",-6,-9.5
"171",-7,-9.5
"171",-8,-8.5
"171",-9,-8.5
"171",-9,-7.5
"171",-9,-6.5
"171",-9,-5.5
"171",-10,-5.5
"171",-11,-4.5
"171",-12,-4.5
"171",-13,-3.5
"171",-14,-2.5
"171",-15,-2.5
"171",-16,-1.5
"171",-16,-0.5
"171",-16,0.5
"171",-17,0.5
"171",-18,1.5
"171",-19,2.5
"171",-20,3.5
"171",-21,3.5
"171",-22,4.5
"171",-23,5.5
"171",-24,6.5
"171",-25,7.5
"171",-26,8.5
"171",-27,8.5
"171",-28,8.5
"171",-29,9.5
"171",-29,10.5
"171",-29,11.5
"171",-29,12.5
"171",-29,13.5
"171",-29,14.5
"171",-29,15.5
"171",-29,16.5
"171",-29,17.5
"171",-29,18.5
"171",-29,19.5
"171",-29,20.5
"171",-30,20.5
"171",-31,21.5
"171",-32,21.5
"171",-33,22.5
"171",-33,23.5
"171",-34,23.5
"171",-35,24.5
"171",-35,25.5
"171",-35,26.5
"171",-35,27.5
"171",-35,28.5
"171",-35,29.5
"171",-35,30.5
"171",-35,31.5
"171",-35,32.5
"171",-35,33.5
"171",-35,34.5
"171",-35,35.5
"171",-35,36.5
"171",-35,37.5
"171",-35,38.5
"171",-34,39.5
"171",-33,40.5
"171",-33,41.5
"171",-33,42.5
"171",-34,43.5
"171",-34,44.5
"171",-34,45.5
"171",-34,46.5
"171",-33,47.5
"171",-32,47.5
"171",-31,47.5
"171",-30,47.5
"171",-29,47.5
"171",-28,48.5
"171",-27,49.5
"171",-27,50.5
"171",-27,51.5
"171",-27,52.5
"171",-27,53.5
"171",-27,54.5
"171",-27,55.5
"171",-27,56.5
"171",-27,57.5
"171",-27,58.5
"171",-27,59.5
"171",-27,60.5
"171",-26,61.5
"171",-25,62.5
"171",-24,62.5
"171",-23,62.5
"171",-22,62.5
"171",-21,63.5
"171",-20,64.5
"172",-25,-73.5
"172",-26,-72.5
"172",-26,-71.5
"172",-25,-70.5
"172",-24,-69.5
"172",-23,-68.5
"172",-22,-67.5
"172",-21,-66.5
"172",-20,-65.5
"172",-19,-64.5
"172",-18,-63.5
"172",-17,-62.5
"172",-16,-61.5
"172",-15,-60.5
"172",-14,-59.5
"172",-13,-58.5
"172",-12,-57.5
"172",-11,-56.5
"172",-10,-55.5
"172",-9,-54.5
"172",-8,-53.5
"172",-7,-52.5
"172",-6,-51.5
"172",-5,-50.5
"172",-4,-49.5
"172",-3,-48.5
"172",-2,-47.5
"172",-1,-46.5
"172",0,-45.5
"172",1,-44.5
"172",2,-43.5
"172",3,-42.5
"172",4,-41.5
"172",5,-40.5
"172",6,-39.5
"172",7,-38.5
"172",8,-37.5
"172",9,-36.5
"172",10,-35.5
"172",11,-34.5
"172",12,-33.5
"172",12,-32.5
"172",12,-31.5
"172",12,-30.5
"172",12,-29.5
"172",12,-28.5
"172",11,-27.5
"172",10,-26.5
"172",9,-25.5
"172",8,-24.5
"172",7,-23.5
"172",6,-22.5
"172",5,-21.5
"172",4,-20.5
"172",3,-19.5
"172",2,-18.5
"172",1,-17.5
"172",0,-16.5
"172",-1,-15.5
"172",-2,-14.5
"172",-3,-13.5
"172",-4,-12.5
"172",-5,-11.5
"172",-6,-10.5
"172",-7,-9.5
"172",-8,-8.5
"172",-9,-7.5
"172",-10,-6.5
"172",-11,-5.5
"172",-12,-4.5
"172",-13,-3.5
"172",-14,-2.5
"172",-15,-1.5
"172",-16,-0.5
"172",-17,0.5
"172",-18,1.5
"172",-19,2.5
"172",-20,3.5
"172",-21,4.5
"172",-22,5.5
"172",-23,6.5
"172",-24,7.5
"172",-25,8.5
"172",-26,9.5
"172",-27,10.5
"172",-28,11.5
"172",-29,12.5
"172",-30,13.5
"172",-31,14.5
"172",-32,15.5
"172",-33,16.5
"172",-34,17.5
"172",-35,18.5
"172",-36,19.5
"172",-37,20.5
"172",-38,21.5
"172",-39,22.5
"172",-40,23.5
"172",-41,24.5
"172",-42,25.5
"172",-43,26.5
"172",-44,27.5
"172",-45,28.5
"172",-46,29.5
"172",-47,30.5
"172",-47,31.5
"172",-47,32.5
"172",-47,33.5
"172",-47,34.5
"172",-46,35.5
"172",-45,36.5
"172",-44,37.5
"172",-43,38.5
"172",-42,39.5
"172",-41,40.5
"172",-40,41.5
"172",-39,42.5
"172",-38,43.5
"172",-37,44.5
"172",-36,45.5
"172",-35,46.5
"172",-34,47.5
"172",-33,48.5
"172",-32,49.5
"172",-31,50.5
"172",-30,51.5
"172",-29,52.5
"172",-28,53.5
"172",-27,54.5
"172",-26,55.5
"172",-25,56.5
"172",-24,57.5
"172",-23,58.5
"172",-22,59.5
"172",-21,60.5
"172",-21,61.5
"172",-21,62.5
"172",-21,63.5
"172",-20,64.5
"173",-25,-73.5
"173",-25,-72.5
"173",-25,-71.5
"173",-25,-70.5
"173",-25,-69.5
"173",-24,-68.5
"173",-23,-67.5
"173",-22,-66.5
"173",-21,-65.5
"173",-20,-64.5
"173",-19,-63.5
"173",-18,-62.5
"173",-17,-61.5
"173",-16,-60.5
"173",-15,-59.5
"173",-14,-58.5
"173",-13,-57.5
"173",-12,-56.5
"173",-11,-55.5
"173",-10,-54.5
"173",-9,-53.5
"173",-8,-52.5
"173",-7,-52.5
"173",-6,-52.5
"173",-5,-51.5
"173",-4,-51.5
"173",-3,-50.5
"173",-2,-49.5
"173",-1,-48.5
"173",0,-47.5
"173",1,-46.5
"173",2,-45.5
"173",3,-44.5
"173",4,-43.5
"173",5,-42.5
"173",6,-41.5
"173",7,-40.5
"173",8,-39.5
"173",9,-38.5
"173",10,-37.5
"173",11,-36.5
"173",12,-35.5
"173",13,-34.5
"173",13,-33.5
"173",13,-32.5
"173",13,-31.5
"173",13,-30.5
"173",13,-29.5
"173",12,-28.5
"173",11,-27.5
"173",10,-26.5
"173",9,-25.5
"173",8,-24.5
"173",7,-23.5
"173",6,-22.5
"173",5,-21.5
"173",4,-20.5
"173",3,-19.5
"173",2,-18.5
"173",1,-17.5
"173",0,-16.5
"173",-1,-15.5
"173",-2,-14.5
"173",-3,-13.5
"173",-4,-12.5
"173",-5,-11.5
"173",-6,-10.5
"173",-7,-9.5
"173",-8,-8.5
"173",-9,-7.5
"173",-10,-6.5
"173",-11,-5.5
"173",-12,-4.5
"173",-13,-3.5
"173",-14,-2.5
"173",-15,-1.5
"173",-16,-0.5
"173",-17,0.5
"173",-18,1.5
"173",-19,2.5
"173",-20,3.5
"173",-21,4.5
"173",-22,5.5
"173",-23,6.5
"173",-24,7.5
"173",-25,8.5
"173",-26,9.5
"173",-27,10.5
"173",-28,10.5
"173",-29,11.5
"173",-30,12.5
"173",-31,13.5
"173",-32,14.5
"173",-33,15.5
"173",-34,16.5
"173",-35,17.5
"173",-36,18.5
"173",-37,19.5
"173",-38,20.5
"173",-39,21.5
"173",-39,22.5
"173",-39,23.5
"173",-39,24.5
"173",-39,25.5
"173",-39,26.5
"173",-39,27.5
"173",-39,28.5
"173",-39,29.5
"173",-39,30.5
"173",-39,31.5
"173",-39,32.5
"173",-39,33.5
"173",-39,34.5
"173",-39,35.5
"173",-39,36.5
"173",-39,37.5
"173",-39,38.5
"173",-38,39.5
"173",-37,40.5
"173",-36,41.5
"173",-35,42.5
"173",-34,43.5
"173",-34,44.5
"173",-33,45.5
"173",-32,46.5
"173",-31,47.5
"173",-30,48.5
"173",-29,49.5
"173",-28,50.5
"173",-27,51.5
"173",-27,52.5
"173",-27,53.5
"173",-27,54.5
"173",-26,55.5
"173",-25,56.5
"173",-24,57.5
"173",-23,58.5
"173",-22,59.5
"173",-22,60.5
"173",-21,61.5
"173",-21,62.5
"173",-21,63.5
"173",-20,64.5
"174",-25,-73.5
"174",-25,-72.5
"174",-25,-71.5
"174",-24,-70.5
"174",-23,-70.5
"174",-22,-69.5
"174",-21,-69.5
"174",-20,-69.5
"174",-19,-69.5
"174",-19,-68.5
"174",-19,-67.5
"174",-19,-66.5
"174",-19,-65.5
"174",-19,-64.5
"174",-19,-63.5
"174",-19,-62.5
"174",-19,-61.5
"174",-18,-60.5
"174",-17,-59.5
"174",-16,-58.5
"174",-15,-57.5
"174",-14,-57.5
"174",-13,-56.5
"174",-12,-56.5
"174",-11,-55.5
"174",-10,-54.5
"174",-9,-53.5
"174",-8,-52.5
"174",-7,-52.5
"174",-6,-52.5
"174",-5,-51.5
"174",-4,-51.5
"174",-3,-50.5
"174",-2,-49.5
"174",-1,-48.5
"174",0,-47.5
"174",1,-46.5
"174",2,-45.5
"174",3,-44.5
"174",4,-44.5
"174",5,-43.5
"174",6,-43.5
"174",7,-43.5
"174",8,-42.5
"174",9,-41.5
"174",10,-41.5
"174",11,-40.5
"174",12,-39.5
"174",13,-38.5
"174",13,-37.5
"174",13,-36.5
"174",13,-35.5
"174",13,-34.5
"174",13,-33.5
"174",13,-32.5
"174",13,-31.5
"174",13,-30.5
"174",13,-29.5
"174",13,-28.5
"174",13,-27.5
"174",12,-26.5
"174",12,-25.5
"174",11,-24.5
"174",10,-23.5
"174",9,-22.5
"174",8,-21.5
"174",7,-20.5
"174",6,-19.5
"174",5,-18.5
"174",4,-17.5
"174",3,-16.5
"174",2,-15.5
"174",1,-15.5
"174",0,-14.5
"174",-1,-13.5
"174",-2,-12.5
"174",-3,-11.5
"174",-4,-10.5
"174",-5,-10.5
"174",-6,-9.5
"174",-7,-9.5
"174",-8,-8.5
"174",-9,-8.5
"174",-9,-7.5
"174",-9,-6.5
"174",-9,-5.5
"174",-10,-5.5
"174",-11,-4.5
"174",-12,-4.5
"174",-13,-3.5
"174",-14,-2.5
"174",-15,-2.5
"174",-16,-1.5
"174",-16,-0.5
"174",-16,0.5
"174",-17,0.5
"174",-18,1.5
"174",-19,2.5
"174",-20,3.5
"174",-21,3.5
"174",-22,4.5
"174",-23,5.5
"174",-24,6.5
"174",-25,7.5
"174",-26,8.5
"174",-27,8.5
"174",-28,8.5
"174",-29,9.5
"174",-29,10.5
"174",-29,11.5
"174",-30,12.5
"174",-31,13.5
"174",-32,14.5
"174",-33,15.5
"174",-34,16.5
"174",-35,16.5
"174",-36,17.5
"174",-37,18.5
"174",-38,19.5
"174",-39,20.5
"174",-39,21.5
"174",-39,22.5
"174",-39,23.5
"174",-39,24.5
"174",-39,25.5
"174",-39,26.5
"174",-39,27.5
"174",-39,28.5
"174",-39,29.5
"174",-39,30.5
"174",-39,31.5
"174",-39,32.5
"174",-39,33.5
"174",-39,34.5
"174",-39,35.5
"174",-39,36.5
"174",-39,37.5
"174",-39,38.5
"174",-38,39.5
"174",-37,39.5
"174",-36,40.5
"174",-35,41.5
"174",-35,42.5
"174",-34,43.5
"174",-34,44.5
"174",-33,45.5
"174",-32,46.5
"174",-31,47.5
"174",-30,47.5
"174",-29,47.5
"174",-28,48.5
"174",-27,49.5
"174",-27,50.5
"174",-27,51.5
"174",-27,52.5
"174",-27,53.5
"174",-27,54.5
"174",-27,55.5
"174",-27,56.5
"174",-27,57.5
"174",-27,58.5
"174",-26,59.5
"174",-25,60.5
"174",-24,61.5
"174",-23,62.5
"174",-22,62.5
"174",-21,63.5
"174",-20,64.5
"175",-25,-73.5
"175",-26,-72.5
"175",-26,-71.5
"175",-25,-70.5
"175",-24,-69.5
"175",-23,-68.5
"175",-22,-67.5
"175",-21,-66.5
"175",-20,-65.5
"175",-19,-64.5
"175",-18,-63.5
"175",-17,-62.5
"175",-16,-61.5
"175",-15,-60.5
"175",-14,-59.5
"175",-13,-58.5
"175",-12,-57.5
"175",-11,-56.5
"175",-10,-55.5
"175",-9,-54.5
"175",-8,-53.5
"175",-7,-52.5
"175",-6,-51.5
"175",-5,-50.5
"175",-4,-49.5
"175",-3,-48.5
"175",-2,-47.5
"175",-1,-46.5
"175",0,-45.5
"175",1,-44.5
"175",2,-43.5
"175",3,-42.5
"175",4,-41.5
"175",5,-40.5
"175",6,-39.5
"175",7,-38.5
"175",8,-37.5
"175",9,-36.5
"175",10,-35.5
"175",11,-34.5
"175",12,-33.5
"175",12,-32.5
"175",12,-31.5
"175",12,-30.5
"175",12,-29.5
"175",12,-28.5
"175",11,-27.5
"175",10,-26.5
"175",9,-25.5
"175",8,-24.5
"175",7,-23.5
"175",6,-22.5
"175",5,-21.5
"175",4,-20.5
"175",3,-19.5
"175",2,-18.5
"175",1,-17.5
"175",0,-16.5
"175",-1,-15.5
"175",-2,-14.5
"175",-3,-13.5
"175",-4,-12.5
"175",-5,-11.5
"175",-6,-10.5
"175",-7,-9.5
"175",-8,-8.5
"175",-9,-7.5
"175",-10,-6.5
"175",-11,-5.5
"175",-12,-4.5
"175",-13,-3.5
"175",-14,-2.5
"175",-15,-1.5
"175",-16,-0.5
"175",-17,0.5
"175",-18,1.5
"175",-19,2.5
"175",-20,3.5
"175",-21,4.5
"175",-22,5.5
"175",-23,6.5
"175",-24,7.5
"175",-25,8.5
"175",-26,9.5
"175",-27,10.5
"175",-28,11.5
"175",-29,12.5
"175",-30,13.5
"175",-31,14.5
"175",-32,15.5
"175",-33,16.5
"175",-34,17.5
"175",-35,18.5
"175",-36,19.5
"175",-37,20.5
"175",-38,21.5
"175",-39,22.5
"175",-40,23.5
"175",-41,24.5
"175",-42,25.5
"175",-43,26.5
"175",-44,27.5
"175",-45,28.5
"175",-46,29.5
"175",-47,30.5
"175",-47,31.5
"175",-47,32.5
"175",-47,33.5
"175",-47,34.5
"175",-46,35.5
"175",-45,36.5
"175",-44,37.5
"175",-43,38.5
"175",-42,39.5
"175",-41,40.5
"175",-40,41.5
"175",-39,42.5
"175",-38,43.5
"175",-37,44.5
"175",-36,45.5
"175",-35,46.5
"175",-34,47.5
"175",-33,48.5
"175",-32,49.5
"175",-31,50.5
"175",-30,51.5
"175",-29,52.5
"175",-28,53.5
"175",-27,54.5
"175",-26,55.5
"175",-25,56.5
"175",-24,57.5
"175",-23,58.5
"175",-22,59.5
"175",-21,60.5
"175",-21,61.5
"175",-21,62.5
"175",-21,63.5
"175",-20,64.5
"176",-25,-73.5
"176",-25,-72.5
"176",-25,-71.5
"176",-25,-70.5
"176",-24,-69.5
"176",-23,-68.5
"176",-22,-67.5
"176",-21,-66.5
"176",-20,-65.5
"176",-19,-64.5
"176",-18,-63.5
"176",-17,-62.5
"176",-16,-61.5
"176",-15,-60.5
"176",-14,-59.5
"176",-13,-58.5
"176",-12,-57.5
"176",-11,-56.5
"176",-10,-55.5
"176",-9,-55.5
"176",-8,-54.5
"176",-7,-53.5
"176",-6,-52.5
"176",-5,-51.5
"176",-4,-51.5
"176",-3,-50.5
"176",-2,-49.5
"176",-1,-48.5
"176",0,-47.5
"176",1,-46.5
"176",2,-45.5
"176",3,-44.5
"176",4,-43.5
"176",5,-42.5
"176",6,-41.5
"176",7,-40.5
"176",8,-39.5
"176",9,-38.5
"176",10,-37.5
"176",11,-36.5
"176",12,-35.5
"176",13,-34.5
"176",13,-33.5
"176",13,-32.5
"176",13,-31.5
"176",13,-30.5
"176",13,-29.5
"176",13,-28.5
"176",12,-27.5
"176",11,-26.5
"176",10,-25.5
"176",9,-24.5
"176",8,-23.5
"176",7,-22.5
"176",6,-21.5
"176",5,-20.5
"176",4,-19.5
"176",3,-18.5
"176",2,-17.5
"176",1,-16.5
"176",0,-15.5
"176",-1,-14.5
"176",-2,-13.5
"176",-3,-12.5
"176",-4,-11.5
"176",-5,-11.5
"176",-6,-10.5
"176",-7,-9.5
"176",-8,-8.5
"176",-9,-7.5
"176",-10,-6.5
"176",-11,-5.5
"176",-12,-4.5
"176",-13,-3.5
"176",-14,-2.5
"176",-15,-1.5
"176",-16,-0.5
"176",-17,0.5
"176",-18,1.5
"176",-19,2.5
"176",-20,3.5
"176",-21,4.5
"176",-22,5.5
"176",-23,6.5
"176",-24,7.5
"176",-25,8.5
"176",-26,9.5
"176",-27,10.5
"176",-28,10.5
"176",-29,11.5
"176",-30,12.5
"176",-31,13.5
"176",-32,14.5
"176",-33,15.5
"176",-34,16.5
"176",-35,17.5
"176",-36,18.5
"176",-37,19.5
"176",-38,20.5
"176",-39,21.5
"176",-39,22.5
"176",-39,23.5
"176",-39,24.5
"176",-39,25.5
"176",-39,26.5
"176",-39,27.5
"176",-39,28.5
"176",-39,29.5
"176",-39,30.5
"176",-39,31.5
"176",-39,32.5
"176",-39,33.5
"176",-39,34.5
"176",-39,35.5
"176",-39,36.5
"176",-39,37.5
"176",-39,38.5
"176",-38,39.5
"176",-37,40.5
"176",-36,41.5
"176",-35,42.5
"176",-34,43.5
"176",-34,44.5
"176",-33,45.5
"176",-32,46.5
"176",-31,47.5
"176",-30,48.5
"176",-29,49.5
"176",-28,50.5
"176",-27,51.5
"176",-27,52.5
"176",-27,53.5
"176",-27,54.5
"176",-26,55.5
"176",-25,56.5
"176",-24,57.5
"176",-23,58.5
"176",-22,59.5
"176",-22,60.5
"176",-22,61.5
"176",-22,62.5
"176",-21,63.5
"176",-20,64.5
"177",-25,-73.5
"177",-25,-72.5
"177",-25,-71.5
"177",-24,-70.5
"177",-23,-70.5
"177",-23,-69.5
"177",-23,-68.5
"177",-23,-67.5
"177",-22,-66.5
"177",-21,-65.5
"177",-20,-64.5
"177",-19,-63.5
"177",-18,-62.5
"177",-17,-61.5
"177",-16,-60.5
"177",-15,-59.5
"177",-14,-58.5
"177",-13,-57.5
"177",-12,-56.5
"177",-11,-55.5
"177",-10,-54.5
"177",-9,-53.5
"177",-8,-52.5
"177",-7,-52.5
"177",-6,-52.5
"177",-5,-51.5
"177",-4,-51.5
"177",-3,-50.5
"177",-2,-49.5
"177",-1,-48.5
"177",0,-47.5
"177",1,-46.5
"177",2,-45.5
"177",3,-44.5
"177",4,-44.5
"177",5,-43.5
"177",6,-43.5
"177",7,-43.5
"177",8,-42.5
"177",9,-41.5
"177",10,-41.5
"177",11,-40.5
"177",12,-39.5
"177",13,-38.5
"177",13,-37.5
"177",13,-36.5
"177",13,-35.5
"177",13,-34.5
"177",13,-33.5
"177",13,-32.5
"177",13,-31.5
"177",13,-30.5
"177",13,-29.5
"177",13,-28.5
"177",13,-27.5
"177",12,-26.5
"177",12,-25.5
"177",11,-24.5
"177",10,-23.5
"177",9,-22.5
"177",8,-21.5
"177",7,-20.5
"177",6,-19.5
"177",5,-18.5
"177",4,-17.5
"177",3,-16.5
"177",2,-15.5
"177",1,-15.5
"177",0,-14.5
"177",-1,-13.5
"177",-2,-12.5
"177",-3,-11.5
"177",-4,-10.5
"177",-5,-10.5
"177",-6,-9.5
"177",-7,-9.5
"177",-8,-8.5
"177",-9,-7.5
"177",-9,-6.5
"177",-10,-5.5
"177",-11,-4.5
"177",-12,-4.5
"177",-13,-3.5
"177",-14,-2.5
"177",-15,-2.5
"177",-16,-1.5
"177",-17,-0.5
"177",-18,0.5
"177",-18,1.5
"177",-19,2.5
"177",-20,3.5
"177",-21,4.5
"177",-22,5.5
"177",-23,6.5
"177",-24,7.5
"177",-25,8.5
"177",-26,9.5
"177",-27,10.5
"177",-28,10.5
"177",-29,11.5
"177",-30,12.5
"177",-31,13.5
"177",-32,14.5
"177",-33,15.5
"177",-34,16.5
"177",-35,16.5
"177",-36,17.5
"177",-37,18.5
"177",-38,19.5
"177",-39,20.5
"177",-39,21.5
"177",-39,22.5
"177",-39,23.5
"177",-39,24.5
"177",-39,25.5
"177",-39,26.5
"177",-39,27.5
"177",-39,28.5
"177",-39,29.5
"177",-39,30.5
"177",-39,31.5
"177",-39,32.5
"177",-39,33.5
"177",-39,34.5
"177",-39,35.5
"177",-39,36.5
"177",-39,37.5
"177",-39,38.5
"177",-38,39.5
"177",-37,40.5
"177",-36,41.5
"177",-35,42.5
"177",-34,43.5
"177",-34,44.5
"177",-33,45.5
"177",-32,46.5
"177",-31,47.5
"177",-30,48.5
"177",-29,49.5
"177",-28,50.5
"177",-27,51.5
"177",-27,52.5
"177",-27,53.5
"177",-27,54.5
"177",-27,55.5
"177",-27,56.5
"177",-26,57.5
"177",-25,58.5
"177",-24,59.5
"177",-23,60.5
"177",-22,61.5
"177",-22,62.5
"177",-21,63.5
"177",-20,64.5
"178",-25,-73.5
"178",-26,-72.5
"178",-26,-71.5
"178",-25,-70.5
"178",-24,-69.5
"178",-23,-68.5
"178",-22,-67.5
"178",-21,-66.5
"178",-20,-65.5
"178",-19,-64.5
"178",-18,-63.5
"178",-17,-62.5
"178",-16,-61.5
"178",-15,-60.5
"178",-14,-59.5
"178",-13,-58.5
"178",-12,-57.5
"178",-11,-56.5
"178",-10,-55.5
"178",-9,-54.5
"178",-8,-53.5
"178",-7,-52.5
"178",-6,-51.5
"178",-5,-50.5
"178",-4,-49.5
"178",-3,-48.5
"178",-2,-47.5
"178",-1,-46.5
"178",0,-45.5
"178",1,-44.5
"178",2,-43.5
"178",3,-42.5
"178",4,-41.5
"178",5,-40.5
"178",6,-39.5
"178",7,-38.5
"178",8,-37.5
"178",9,-36.5
"178",10,-35.5
"178",11,-34.5
"178",11,-33.5
"178",11,-32.5
"178",11,-31.5
"178",11,-30.5
"178",11,-29.5
"178",11,-28.5
"178",10,-27.5
"178",9,-26.5
"178",8,-25.5
"178",7,-24.5
"178",6,-23.5
"178",5,-22.5
"178",4,-21.5
"178",3,-20.5
"178",2,-19.5
"178",1,-18.5
"178",0,-17.5
"178",-1,-16.5
"178",-2,-15.5
"178",-3,-14.5
"178",-4,-13.5
"178",-5,-12.5
"178",-6,-11.5
"178",-7,-10.5
"178",-8,-9.5
"178",-9,-8.5
"178",-10,-7.5
"178",-11,-6.5
"178",-12,-5.5
"178",-13,-4.5
"178",-14,-3.5
"178",-15,-2.5
"178",-16,-1.5
"178",-17,-0.5
"178",-18,0.5
"178",-19,1.5
"178",-20,2.5
"178",-21,3.5
"178",-22,4.5
"178",-23,5.5
"178",-24,6.5
"178",-25,7.5
"178",-26,8.5
"178",-27,9.5
"178",-28,10.5
"178",-29,11.5
"178",-30,12.5
"178",-31,13.5
"178",-32,14.5
"178",-33,15.5
"178",-34,16.5
"178",-35,17.5
"178",-36,18.5
"178",-37,19.5
"178",-38,20.5
"178",-39,21.5
"178",-40,22.5
"178",-41,23.5
"178",-42,24.5
"178",-43,25.5
"178",-44,26.5
"178",-45,27.5
"178",-45,28.5
"178",-45,29.5
"178",-45,30.5
"178",-45,31.5
"178",-45,32.5
"178",-45,33.5
"178",-45,34.5
"178",-45,35.5
"178",-45,36.5
"178",-45,37.5
"178",-44,38.5
"178",-43,39.5
"178",-42,40.5
"178",-41,41.5
"178",-40,42.5
"178",-39,43.5
"178",-38,44.5
"178",-37,45.5
"178",-36,46.5
"178",-35,47.5
"178",-34,48.5
"178",-33,49.5
"178",-32,50.5
"178",-31,51.5
"178",-30,52.5
"178",-29,53.5
"178",-28,54.5
"178",-27,55.5
"178",-26,56.5
"178",-25,57.5
"178",-24,58.5
"178",-23,59.5
"178",-22,60.5
"178",-21,61.5
"178",-21,62.5
"178",-21,63.5
"178",-20,64.5
"179",-25,-73.5
"179",-26,-72.5
"179",-26,-71.5
"179",-25,-70.5
"179",-24,-69.5
"179",-23,-68.5
"179",-22,-67.5
"179",-21,-66.5
"179",-20,-65.5
"179",-19,-64.5
"179",-18,-63.5
"179",-17,-62.5
"179",-16,-61.5
"179",-15,-60.5
"179",-14,-59.5
"179",-13,-58.5
"179",-12,-57.5
"179",-11,-56.5
"179",-10,-55.5
"179",-9,-54.5
"179",-8,-53.5
"179",-7,-52.5
"179",-6,-51.5
"179",-5,-50.5
"179",-4,-49.5
"179",-3,-48.5
"179",-2,-47.5
"179",-1,-46.5
"179",0,-45.5
"179",1,-44.5
"179",2,-43.5
"179",3,-42.5
"179",4,-41.5
"179",5,-40.5
"179",6,-39.5
"179",7,-38.5
"179",8,-37.5
"179",9,-36.5
"179",10,-35.5
"179",11,-34.5
"179",12,-33.5
"179",12,-32.5
"179",12,-31.5
"179",12,-30.5
"179",12,-29.5
"179",12,-28.5
"179",11,-27.5
"179",10,-26.5
"179",9,-25.5
"179",8,-24.5
"179",7,-23.5
"179",6,-22.5
"179",5,-21.5
"179",4,-20.5
"179",3,-19.5
"179",2,-18.5
"179",1,-17.5
"179",0,-16.5
"179",-1,-15.5
"179",-2,-14.5
"179",-3,-13.5
"179",-4,-12.5
"179",-5,-11.5
"179",-6,-10.5
"179",-7,-9.5
"179",-8,-8.5
"179",-9,-7.5
"179",-10,-6.5
"179",-11,-5.5
"179",-12,-4.5
"179",-13,-3.5
"179",-14,-2.5
"179",-15,-1.5
"179",-16,-0.5
"179",-17,0.5
"179",-18,1.5
"179",-19,2.5
"179",-20,3.5
"179",-21,4.5
"179",-22,5.5
"179",-23,6.5
"179",-24,7.5
"179",-25,8.5
"179",-26,9.5
"179",-27,10.5
"179",-28,11.5
"179",-29,12.5
"179",-30,13.5
"179",-31,14.5
"179",-32,15.5
"179",-33,16.5
"179",-34,17.5
"179",-35,17.5
"179",-36,18.5
"179",-37,19.5
"179",-38,20.5
"179",-39,21.5
"179",-40,22.5
"179",-41,23.5
"179",-42,24.5
"179",-43,25.5
"179",-44,26.5
"179",-45,27.5
"179",-46,28.5
"179",-47,29.5
"179",-48,30.5
"179",-48,31.5
"179",-48,32.5
"179",-48,33.5
"179",-47,34.5
"179",-46,35.5
"179",-45,36.5
"179",-44,37.5
"179",-43,38.5
"179",-42,39.5
"179",-41,40.5
"179",-40,41.5
"179",-39,42.5
"179",-38,43.5
"179",-37,44.5
"179",-36,45.5
"179",-35,46.5
"179",-34,47.5
"179",-33,48.5
"179",-32,49.5
"179",-31,50.5
"179",-30,51.5
"179",-29,52.5
"179",-28,53.5
"179",-27,54.5
"179",-26,55.5
"179",-25,56.5
"179",-24,57.5
"179",-23,58.5
"179",-22,59.5
"179",-21,60.5
"179",-21,61.5
"179",-21,62.5
"179",-21,63.5
"179",-20,64.5
"180",-25,-73.5
"180",-25,-72.5
"180",-25,-71.5
"180",-25,-70.5
"180",-25,-69.5
"180",-24,-68.5
"180",-23,-67.5
"180",-22,-66.5
"180",-21,-65.5
"180",-20,-64.5
"180",-19,-63.5
"180",-18,-62.5
"180",-17,-61.5
"180",-16,-60.5
"180",-15,-59.5
"180",-14,-58.5
"180",-13,-57.5
"180",-12,-56.5
"180",-11,-55.5
"180",-10,-54.5
"180",-9,-53.5
"180",-8,-52.5
"180",-7,-52.5
"180",-6,-52.5
"180",-5,-51.5
"180",-4,-51.5
"180",-3,-50.5
"180",-2,-49.5
"180",-1,-48.5
"180",0,-47.5
"180",1,-46.5
"180",2,-45.5
"180",3,-44.5
"180",4,-43.5
"180",5,-42.5
"180",6,-42.5
"180",7,-41.5
"180",8,-40.5
"180",9,-39.5
"180",10,-38.5
"180",11,-37.5
"180",12,-36.5
"180",13,-35.5
"180",13,-34.5
"180",13,-33.5
"180",13,-32.5
"180",13,-31.5
"180",13,-30.5
"180",13,-29.5
"180",13,-28.5
"180",12,-27.5
"180",11,-26.5
"180",10,-25.5
"180",9,-24.5
"180",8,-23.5
"180",7,-22.5
"180",6,-21.5
"180",5,-20.5
"180",4,-19.5
"180",3,-18.5
"180",2,-17.5
"180",1,-16.5
"180",0,-15.5
"180",-1,-14.5
"180",-2,-13.5
"180",-3,-12.5
"180",-4,-11.5
"180",-5,-10.5
"180",-6,-9.5
"180",-7,-9.5
"180",-8,-8.5
"180",-9,-7.5
"180",-10,-6.5
"180",-11,-5.5
"180",-12,-4.5
"180",-13,-3.5
"180",-14,-2.5
"180",-15,-1.5
"180",-16,-0.5
"180",-17,0.5
"180",-18,1.5
"180",-19,2.5
"180",-20,3.5
"180",-21,4.5
"180",-22,5.5
"180",-23,6.5
"180",-24,7.5
"180",-25,8.5
"180",-26,9.5
"180",-27,10.5
"180",-28,10.5
"180",-29,11.5
"180",-30,12.5
"180",-31,13.5
"180",-32,14.5
"180",-33,15.5
"180",-34,16.5
"180",-35,16.5
"180",-36,17.5
"180",-37,18.5
"180",-38,19.5
"180",-39,20.5
"180",-40,21.5
"180",-41,22.5
"180",-42,22.5
"180",-43,23.5
"180",-44,24.5
"180",-45,25.5
"180",-46,26.5
"180",-47,27.5
"180",-47,28.5
"180",-47,29.5
"180",-47,30.5
"180",-47,31.5
"180",-47,32.5
"180",-47,33.5
"180",-47,34.5
"180",-47,35.5
"180",-47,36.5
"180",-46,37.5
"180",-45,38.5
"180",-44,39.5
"180",-43,40.5
"180",-42,41.5
"180",-41,42.5
"180",-40,43.5
"180",-39,44.5
"180",-38,45.5
"180",-37,46.5
"180",-36,47.5
"180",-35,48.5
"180",-34,49.5
"180",-33,50.5
"180",-32,51.5
"180",-31,52.5
"180",-30,53.5
"180",-29,54.5
"180",-28,55.5
"180",-27,56.5
"180",-26,57.5
"180",-25,58.5
"180",-24,59.5
"180",-23,60.5
"180",-22,61.5
"180",-21,62.5
"180",-21,63.5
"180",-20,64.5
"181",-25,-73.5
"181",-25,-72.5
"181",-25,-71.5
"181",-24,-70.5
"181",-23,-70.5
"181",-22,-69.5
"181",-21,-69.5
"181",-20,-69.5
"181",-19,-69.5
"181",-19,-68.5
"181",-19,-67.5
"181",-19,-66.5
"181",-19,-65.5
"181",-19,-64.5
"181",-19,-63.5
"181",-19,-62.5
"181",-19,-61.5
"181",-18,-60.5
"181",-17,-59.5
"181",-16,-58.5
"181",-15,-57.5
"181",-14,-57.5
"181",-13,-56.5
"181",-12,-56.5
"181",-11,-55.5
"181",-10,-54.5
"181",-9,-53.5
"181",-8,-52.5
"181",-7,-52.5
"181",-6,-52.5
"181",-5,-51.5
"181",-4,-51.5
"181",-3,-50.5
"181",-2,-49.5
"181",-1,-48.5
"181",0,-47.5
"181",1,-46.5
"181",2,-45.5
"181",3,-44.5
"181",4,-44.5
"181",5,-43.5
"181",6,-43.5
"181",7,-43.5
"181",8,-42.5
"181",9,-41.5
"181",10,-41.5
"181",11,-40.5
"181",12,-39.5
"181",13,-38.5
"181",13,-37.5
"181",13,-36.5
"181",13,-35.5
"181",13,-34.5
"181",13,-33.5
"181",13,-32.5
"181",13,-31.5
"181",13,-30.5
"181",13,-29.5
"181",13,-28.5
"181",13,-27.5
"181",12,-26.5
"181",12,-25.5
"181",11,-24.5
"181",11,-23.5
"181",10,-22.5
"181",9,-21.5
"181",8,-20.5
"181",7,-19.5
"181",6,-18.5
"181",5,-17.5
"181",4,-16.5
"181",3,-15.5
"181",2,-15.5
"181",1,-15.5
"181",0,-14.5
"181",-1,-13.5
"181",-2,-12.5
"181",-3,-11.5
"181",-4,-10.5
"181",-5,-10.5
"181",-6,-9.5
"181",-7,-9.5
"181",-8,-8.5
"181",-9,-8.5
"181",-9,-7.5
"181",-9,-6.5
"181",-9,-5.5
"181",-10,-5.5
"181",-11,-4.5
"181",-12,-4.5
"181",-13,-3.5
"181",-14,-2.5
"181",-15,-2.5
"181",-16,-1.5
"181",-16,-0.5
"181",-17,-0.5
"181",-18,0.5
"181",-18,1.5
"181",-19,2.5
"181",-20,3.5
"181",-21,3.5
"181",-22,4.5
"181",-23,5.5
"181",-24,6.5
"181",-25,7.5
"181",-26,8.5
"181",-27,8.5
"181",-28,8.5
"181",-29,9.5
"181",-29,10.5
"181",-29,11.5
"181",-30,12.5
"181",-31,13.5
"181",-32,14.5
"181",-33,15.5
"181",-34,16.5
"181",-35,16.5
"181",-36,17.5
"181",-37,18.5
"181",-38,19.5
"181",-39,20.5
"181",-39,21.5
"181",-39,22.5
"181",-39,23.5
"181",-39,24.5
"181",-39,25.5
"181",-39,26.5
"181",-39,27.5
"181",-39,28.5
"181",-39,29.5
"181",-39,30.5
"181",-39,31.5
"181",-39,32.5
"181",-39,33.5
"181",-39,34.5
"181",-39,35.5
"181",-39,36.5
"181",-39,37.5
"181",-39,38.5
"181",-38,39.5
"181",-37,39.5
"181",-36,40.5
"181",-35,41.5
"181",-35,42.5
"181",-34,43.5
"181",-34,44.5
"181",-33,45.5
"181",-32,46.5
"181",-31,47.5
"181",-30,47.5
"181",-29,47.5
"181",-28,48.5
"181",-27,49.5
"181",-27,50.5
"181",-27,51.5
"181",-27,52.5
"181",-27,53.5
"181",-27,54.5
"181",-27,55.5
"181",-27,56.5
"181",-27,57.5
"181",-27,58.5
"181",-26,59.5
"181",-25,60.5
"181",-24,61.5
"181",-23,62.5
"181",-22,62.5
"181",-21,63.5
"181",-20,64.5
"182",-25,-73.5
"182",-26,-72.5
"182",-26,-71.5
"182",-25,-70.5
"182",-24,-69.5
"182",-23,-68.5
"182",-22,-67.5
"182",-21,-66.5
"182",-20,-65.5
"182",-19,-64.5
"182",-18,-63.5
"182",-17,-62.5
"182",-16,-61.5
"182",-15,-60.5
"182",-14,-59.5
"182",-13,-58.5
"182",-12,-57.5
"182",-11,-56.5
"182",-10,-55.5
"182",-9,-54.5
"182",-8,-53.5
"182",-7,-52.5
"182",-6,-51.5
"182",-5,-50.5
"182",-4,-49.5
"182",-3,-48.5
"182",-2,-47.5
"182",-1,-46.5
"182",0,-45.5
"182",1,-44.5
"182",2,-43.5
"182",3,-42.5
"182",4,-41.5
"182",5,-40.5
"182",6,-39.5
"182",7,-38.5
"182",8,-37.5
"182",9,-36.5
"182",10,-35.5
"182",11,-34.5
"182",12,-33.5
"182",12,-32.5
"182",12,-31.5
"182",12,-30.5
"182",12,-29.5
"182",12,-28.5
"182",11,-27.5
"182",10,-26.5
"182",9,-25.5
"182",8,-24.5
"182",7,-23.5
"182",6,-22.5
"182",5,-21.5
"182",4,-20.5
"182",3,-19.5
"182",2,-18.5
"182",1,-17.5
"182",0,-16.5
"182",-1,-15.5
"182",-2,-14.5
"182",-3,-13.5
"182",-4,-12.5
"182",-5,-11.5
"182",-6,-10.5
"182",-7,-9.5
"182",-8,-8.5
"182",-9,-7.5
"182",-10,-6.5
"182",-11,-5.5
"182",-12,-4.5
"182",-13,-3.5
"182",-14,-2.5
"182",-15,-1.5
"182",-16,-0.5
"182",-17,0.5
"182",-18,1.5
"182",-19,2.5
"182",-20,3.5
"182",-21,4.5
"182",-22,5.5
"182",-23,6.5
"182",-24,7.5
"182",-25,8.5
"182",-26,9.5
"182",-27,10.5
"182",-28,11.5
"182",-29,12.5
"182",-30,13.5
"182",-31,14.5
"182",-32,15.5
"182",-33,16.5
"182",-34,17.5
"182",-35,18.5
"182",-36,19.5
"182",-37,20.5
"182",-38,21.5
"182",-39,22.5
"182",-40,23.5
"182",-41,24.5
"182",-42,25.5
"182",-43,26.5
"182",-44,27.5
"182",-45,28.5
"182",-46,29.5
"182",-47,30.5
"182",-47,31.5
"182",-47,32.5
"182",-47,33.5
"182",-47,34.5
"182",-46,35.5
"182",-45,36.5
"182",-44,37.5
"182",-43,38.5
"182",-42,39.5
"182",-41,40.5
"182",-40,41.5
"182",-39,42.5
"182",-38,43.5
"182",-37,44.5
"182",-36,45.5
"182",-35,46.5
"182",-34,47.5
"182",-33,48.5
"182",-32,49.5
"182",-31,50.5
"182",-30,51.5
"182",-29,52.5
"182",-28,53.5
"182",-27,54.5
"182",-26,55.5
"182",-25,56.5
"182",-24,57.5
"182",-23,58.5
"182",-22,59.5
"182",-21,60.5
"182",-21,61.5
"182",-21,62.5
"182",-21,63.5
"182",-20,64.5
"183",-25,-73.5
"183",-25,-72.5
"183",-25,-71.5
"183",-25,-70.5
"183",-25,-69.5
"183",-24,-68.5
"183",-23,-67.5
"183",-22,-66.5
"183",-21,-65.5
"183",-20,-64.5
"183",-19,-63.5
"183",-18,-62.5
"183",-17,-61.5
"183",-16,-60.5
"183",-15,-59.5
"183",-14,-58.5
"183",-13,-57.5
"183",-12,-56.5
"183",-11,-55.5
"183",-10,-54.5
"183",-9,-53.5
"183",-8,-52.5
"183",-7,-52.5
"183",-6,-52.5
"183",-5,-51.5
"183",-4,-51.5
"183",-3,-50.5
"183",-2,-49.5
"183",-1,-48.5
"183",0,-47.5
"183",1,-46.5
"183",2,-45.5
"183",3,-44.5
"183",4,-43.5
"183",5,-42.5
"183",6,-42.5
"183",7,-41.5
"183",8,-40.5
"183",9,-39.5
"183",10,-38.5
"183",11,-37.5
"183",12,-36.5
"183",13,-35.5
"183",13,-34.5
"183",13,-33.5
"183",13,-32.5
"183",13,-31.5
"183",13,-30.5
"183",13,-29.5
"183",13,-28.5
"183",12,-27.5
"183",11,-26.5
"183",10,-25.5
"183",9,-24.5
"183",8,-23.5
"183",7,-22.5
"183",6,-21.5
"183",5,-20.5
"183",4,-19.5
"183",3,-18.5
"183",2,-17.5
"183",1,-16.5
"183",0,-15.5
"183",-1,-14.5
"183",-2,-13.5
"183",-3,-12.5
"183",-4,-11.5
"183",-5,-11.5
"183",-6,-10.5
"183",-7,-9.5
"183",-8,-8.5
"183",-9,-7.5
"183",-10,-6.5
"183",-11,-5.5
"183",-12,-4.5
"183",-13,-3.5
"183",-14,-2.5
"183",-15,-1.5
"183",-16,-0.5
"183",-17,0.5
"183",-18,1.5
"183",-19,2.5
"183",-20,3.5
"183",-21,4.5
"183",-22,5.5
"183",-23,6.5
"183",-24,7.5
"183",-25,8.5
"183",-26,9.5
"183",-27,10.5
"183",-28,10.5
"183",-29,11.5
"183",-30,12.5
"183",-31,13.5
"183",-32,14.5
"183",-33,15.5
"183",-34,16.5
"183",-35,17.5
"183",-36,18.5
"183",-37,19.5
"183",-38,20.5
"183",-39,21.5
"183",-39,22.5
"183",-39,23.5
"183",-39,24.5
"183",-39,25.5
"183",-39,26.5
"183",-39,27.5
"183",-39,28.5
"183",-39,29.5
"183",-39,30.5
"183",-39,31.5
"183",-39,32.5
"183",-39,33.5
"183",-39,34.5
"183",-39,35.5
"183",-39,36.5
"183",-39,37.5
"183",-39,38.5
"183",-38,39.5
"183",-37,40.5
"183",-36,41.5
"183",-35,42.5
"183",-34,43.5
"183",-34,44.5
"183",-33,45.5
"183",-32,46.5
"183",-31,47.5
"183",-30,48.5
"183",-29,49.5
"183",-28,50.5
"183",-27,51.5
"183",-27,52.5
"183",-27,53.5
"183",-27,54.5
"183",-26,55.5
"183",-25,56.5
"183",-24,57.5
"183",-23,58.5
"183",-22,59.5
"183",-22,60.5
"183",-22,61.5
"183",-21,62.5
"183",-21,63.5
"183",-20,64.5
"184",-25,-73.5
"184",-25,-72.5
"184",-25,-71.5
"184",-24,-70.5
"184",-23,-70.5
"184",-23,-69.5
"184",-23,-68.5
"184",-23,-67.5
"184",-23,-66.5
"184",-22,-65.5
"184",-21,-64.5
"184",-20,-63.5
"184",-19,-62.5
"184",-18,-61.5
"184",-17,-60.5
"184",-16,-59.5
"184",-15,-58.5
"184",-14,-58.5
"184",-13,-57.5
"184",-12,-56.5
"184",-11,-55.5
"184",-10,-54.5
"184",-9,-53.5
"184",-8,-52.5
"184",-7,-52.5
"184",-6,-52.5
"184",-5,-51.5
"184",-4,-51.5
"184",-3,-50.5
"184",-2,-49.5
"184",-1,-48.5
"184",0,-47.5
"184",1,-46.5
"184",2,-45.5
"184",3,-44.5
"184",4,-44.5
"184",5,-43.5
"184",6,-43.5
"184",7,-43.5
"184",8,-42.5
"184",9,-41.5
"184",10,-41.5
"184",11,-40.5
"184",12,-39.5
"184",13,-38.5
"184",13,-37.5
"184",13,-36.5
"184",13,-35.5
"184",13,-34.5
"184",13,-33.5
"184",13,-32.5
"184",13,-31.5
"184",13,-30.5
"184",13,-29.5
"184",13,-28.5
"184",13,-27.5
"184",12,-26.5
"184",12,-25.5
"184",11,-24.5
"184",10,-23.5
"184",9,-22.5
"184",8,-21.5
"184",7,-20.5
"184",6,-19.5
"184",5,-18.5
"184",4,-17.5
"184",3,-16.5
"184",2,-15.5
"184",1,-15.5
"184",0,-14.5
"184",-1,-13.5
"184",-2,-12.5
"184",-3,-11.5
"184",-4,-10.5
"184",-5,-10.5
"184",-6,-9.5
"184",-7,-9.5
"184",-8,-8.5
"184",-9,-7.5
"184",-9,-6.5
"184",-10,-5.5
"184",-11,-4.5
"184",-12,-4.5
"184",-13,-3.5
"184",-14,-2.5
"184",-15,-2.5
"184",-16,-1.5
"184",-17,-0.5
"184",-18,0.5
"184",-18,1.5
"184",-19,2.5
"184",-20,3.5
"184",-21,4.5
"184",-22,5.5
"184",-23,6.5
"184",-24,7.5
"184",-25,8.5
"184",-26,9.5
"184",-27,10.5
"184",-28,10.5
"184",-29,11.5
"184",-30,12.5
"184",-31,13.5
"184",-32,14.5
"184",-33,15.5
"184",-34,16.5
"184",-35,16.5
"184",-36,17.5
"184",-37,18.5
"184",-38,19.5
"184",-39,20.5
"184",-39,21.5
"184",-39,22.5
"184",-39,23.5
"184",-39,24.5
"184",-39,25.5
"184",-39,26.5
"184",-39,27.5
"184",-39,28.5
"184",-39,29.5
"184",-39,30.5
"184",-39,31.5
"184",-39,32.5
"184",-39,33.5
"184",-39,34.5
"184",-39,35.5
"184",-39,36.5
"184",-39,37.5
"184",-39,38.5
"184",-38,39.5
"184",-37,40.5
"184",-36,41.5
"184",-35,42.5
"184",-34,43.5
"184",-34,44.5
"184",-33,45.5
"184",-32,46.5
"184",-31,47.5
"184",-30,48.5
"184",-29,49.5
"184",-28,50.5
"184",-27,51.5
"184",-27,52.5
"184",-27,53.5
"184",-27,54.5
"184",-27,55.5
"184",-26,56.5
"184",-25,57.5
"184",-24,58.5
"184",-23,59.5
"184",-22,60.5
"184",-22,61.5
"184",-22,62.5
"184",-21,63.5
"184",-20,64.5
"185",-25,-73.5
"185",-26,-72.5
"185",-26,-71.5
"185",-25,-70.5
"185",-24,-69.5
"185",-23,-68.5
"185",-22,-67.5
"185",-21,-66.5
"185",-20,-65.5
"185",-19,-64.5
"185",-18,-63.5
"185",-17,-62.5
"185",-16,-61.5
"185",-15,-60.5
"185",-14,-59.5
"185",-13,-58.5
"185",-12,-57.5
"185",-11,-56.5
"185",-10,-55.5
"185",-9,-54.5
"185",-8,-53.5
"185",-7,-52.5
"185",-6,-51.5
"185",-5,-50.5
"185",-4,-49.5
"185",-3,-48.5
"185",-2,-47.5
"185",-1,-46.5
"185",0,-45.5
"185",1,-44.5
"185",2,-43.5
"185",3,-42.5
"185",4,-41.5
"185",5,-40.5
"185",6,-39.5
"185",7,-38.5
"185",8,-37.5
"185",9,-36.5
"185",10,-35.5
"185",11,-34.5
"185",11,-33.5
"185",11,-32.5
"185",11,-31.5
"185",11,-30.5
"185",11,-29.5
"185",11,-28.5
"185",10,-27.5
"185",9,-26.5
"185",8,-25.5
"185",7,-24.5
"185",6,-23.5
"185",5,-22.5
"185",4,-21.5
"185",3,-20.5
"185",2,-19.5
"185",1,-18.5
"185",0,-17.5
"185",-1,-16.5
"185",-2,-15.5
"185",-3,-14.5
"185",-4,-13.5
"185",-5,-12.5
"185",-6,-11.5
"185",-7,-10.5
"185",-8,-10.5
"185",-9,-10.5
"185",-10,-9.5
"185",-11,-8.5
"185",-12,-7.5
"185",-13,-6.5
"185",-14,-5.5
"185",-15,-4.5
"185",-16,-3.5
"185",-17,-2.5
"185",-18,-1.5
"185",-19,-0.5
"185",-20,0.5
"185",-21,1.5
"185",-22,2.5
"185",-23,3.5
"185",-24,4.5
"185",-25,5.5
"185",-26,6.5
"185",-27,7.5
"185",-28,8.5
"185",-29,9.5
"185",-30,10.5
"185",-31,11.5
"185",-32,12.5
"185",-33,13.5
"185",-34,14.5
"185",-35,15.5
"185",-36,16.5
"185",-37,17.5
"185",-38,18.5
"185",-39,19.5
"185",-40,20.5
"185",-41,21.5
"185",-42,22.5
"185",-43,23.5
"185",-44,24.5
"185",-45,25.5
"185",-46,26.5
"185",-47,27.5
"185",-47,28.5
"185",-47,29.5
"185",-47,30.5
"185",-47,31.5
"185",-47,32.5
"185",-47,33.5
"185",-47,34.5
"185",-47,35.5
"185",-46,36.5
"185",-45,37.5
"185",-44,38.5
"185",-43,39.5
"185",-42,40.5
"185",-41,41.5
"185",-40,42.5
"185",-39,43.5
"185",-38,44.5
"185",-37,45.5
"185",-36,46.5
"185",-35,47.5
"185",-34,48.5
"185",-33,49.5
"185",-32,50.5
"185",-31,51.5
"185",-30,52.5
"185",-29,53.5
"185",-28,54.5
"185",-27,55.5
"185",-26,56.5
"185",-25,57.5
"185",-24,58.5
"185",-23,59.5
"185",-22,60.5
"185",-21,61.5
"185",-21,62.5
"185",-21,63.5
"185",-20,64.5
"186",-25,-73.5
"186",-26,-72.5
"186",-26,-71.5
"186",-25,-70.5
"186",-24,-69.5
"186",-23,-68.5
"186",-22,-67.5
"186",-21,-66.5
"186",-20,-65.5
"186",-19,-64.5
"186",-18,-63.5
"186",-17,-62.5
"186",-16,-61.5
"186",-15,-60.5
"186",-14,-59.5
"186",-13,-58.5
"186",-12,-57.5
"186",-11,-56.5
"186",-10,-55.5
"186",-9,-54.5
"186",-8,-53.5
"186",-7,-52.5
"186",-6,-51.5
"186",-5,-50.5
"186",-4,-49.5
"186",-3,-48.5
"186",-2,-47.5
"186",-1,-46.5
"186",0,-45.5
"186",1,-44.5
"186",2,-43.5
"186",3,-42.5
"186",4,-41.5
"186",5,-40.5
"186",6,-39.5
"186",7,-38.5
"186",8,-37.5
"186",9,-36.5
"186",10,-35.5
"186",11,-34.5
"186",12,-33.5
"186",12,-32.5
"186",12,-31.5
"186",12,-30.5
"186",12,-29.5
"186",12,-28.5
"186",11,-27.5
"186",10,-26.5
"186",9,-25.5
"186",8,-24.5
"186",7,-23.5
"186",6,-22.5
"186",5,-21.5
"186",4,-20.5
"186",3,-19.5
"186",2,-18.5
"186",1,-17.5
"186",0,-16.5
"186",-1,-15.5
"186",-2,-14.5
"186",-3,-13.5
"186",-4,-12.5
"186",-5,-11.5
"186",-6,-10.5
"186",-7,-9.5
"186",-8,-8.5
"186",-9,-7.5
"186",-10,-6.5
"186",-11,-5.5
"186",-12,-4.5
"186",-13,-3.5
"186",-14,-2.5
"186",-15,-1.5
"186",-16,-0.5
"186",-17,0.5
"186",-18,1.5
"186",-19,2.5
"186",-20,3.5
"186",-21,4.5
"186",-22,5.5
"186",-23,6.5
"186",-24,7.5
"186",-25,8.5
"186",-26,9.5
"186",-27,10.5
"186",-28,11.5
"186",-29,12.5
"186",-30,13.5
"186",-31,14.5
"186",-32,15.5
"186",-33,15.5
"186",-34,15.5
"186",-35,15.5
"186",-36,16.5
"186",-37,17.5
"186",-38,18.5
"186",-39,19.5
"186",-40,20.5
"186",-41,21.5
"186",-42,22.5
"186",-43,23.5
"186",-44,24.5
"186",-45,25.5
"186",-46,26.5
"186",-47,27.5
"186",-48,28.5
"186",-49,29.5
"186",-49,30.5
"186",-49,31.5
"186",-49,32.5
"186",-49,33.5
"186",-48,34.5
"186",-47,35.5
"186",-46,36.5
"186",-45,37.5
"186",-44,38.5
"186",-43,39.5
"186",-42,40.5
"186",-41,41.5
"186",-40,42.5
"186",-39,43.5
"186",-38,44.5
"186",-37,45.5
"186",-36,46.5
"186",-35,47.5
"186",-34,48.5
"186",-33,49.5
"186",-32,50.5
"186",-31,51.5
"186",-30,52.5
"186",-29,53.5
"186",-28,54.5
"186",-27,55.5
"186",-26,56.5
"186",-25,57.5
"186",-24,58.5
"186",-23,59.5
"186",-22,60.5
"186",-21,61.5
"186",-21,62.5
"186",-21,63.5
"186",-20,64.5
"187",-25,-73.5
"187",-25,-72.5
"187",-25,-71.5
"187",-25,-70.5
"187",-25,-69.5
"187",-24,-68.5
"187",-23,-67.5
"187",-22,-66.5
"187",-21,-65.5
"187",-20,-64.5
"187",-19,-63.5
"187",-18,-62.5
"187",-17,-61.5
"187",-16,-60.5
"187",-15,-59.5
"187",-14,-58.5
"187",-13,-57.5
"187",-12,-56.5
"187",-11,-55.5
"187",-10,-54.5
"187",-9,-53.5
"187",-8,-52.5
"187",-7,-52.5
"187",-6,-52.5
"187",-5,-51.5
"187",-4,-51.5
"187",-3,-50.5
"187",-2,-49.5
"187",-1,-48.5
"187",0,-47.5
"187",1,-46.5
"187",2,-45.5
"187",3,-44.5
"187",4,-43.5
"187",5,-42.5
"187",6,-42.5
"187",7,-41.5
"187",8,-40.5
"187",9,-39.5
"187",10,-38.5
"187",11,-37.5
"187",12,-36.5
"187",13,-35.5
"187",13,-34.5
"187",13,-33.5
"187",13,-32.5
"187",13,-31.5
"187",13,-30.5
"187",13,-29.5
"187",13,-28.5
"187",12,-27.5
"187",11,-26.5
"187",10,-25.5
"187",9,-24.5
"187",8,-23.5
"187",7,-22.5
"187",6,-21.5
"187",5,-20.5
"187",4,-19.5
"187",3,-18.5
"187",2,-17.5
"187",1,-16.5
"187",0,-15.5
"187",-1,-14.5
"187",-2,-13.5
"187",-3,-12.5
"187",-4,-11.5
"187",-5,-11.5
"187",-6,-10.5
"187",-7,-9.5
"187",-8,-8.5
"187",-9,-7.5
"187",-10,-6.5
"187",-11,-5.5
"187",-12,-4.5
"187",-13,-3.5
"187",-14,-2.5
"187",-15,-1.5
"187",-16,-0.5
"187",-17,0.5
"187",-18,1.5
"187",-19,2.5
"187",-20,3.5
"187",-21,4.5
"187",-22,5.5
"187",-23,6.5
"187",-24,7.5
"187",-25,8.5
"187",-26,9.5
"187",-27,10.5
"187",-28,10.5
"187",-29,11.5
"187",-30,12.5
"187",-31,13.5
"187",-32,14.5
"187",-33,15.5
"187",-34,16.5
"187",-35,16.5
"187",-36,16.5
"187",-37,17.5
"187",-38,18.5
"187",-39,19.5
"187",-40,20.5
"187",-41,21.5
"187",-42,21.5
"187",-43,22.5
"187",-44,23.5
"187",-45,24.5
"187",-46,25.5
"187",-47,26.5
"187",-47,27.5
"187",-47,28.5
"187",-47,29.5
"187",-47,30.5
"187",-47,31.5
"187",-47,32.5
"187",-47,33.5
"187",-47,34.5
"187",-47,35.5
"187",-47,36.5
"187",-46,37.5
"187",-45,38.5
"187",-44,39.5
"187",-43,40.5
"187",-42,41.5
"187",-41,42.5
"187",-40,43.5
"187",-39,44.5
"187",-38,45.5
"187",-37,46.5
"187",-36,47.5
"187",-35,48.5
"187",-34,49.5
"187",-33,50.5
"187",-32,51.5
"187",-31,52.5
"187",-30,53.5
"187",-29,54.5
"187",-28,55.5
"187",-27,56.5
"187",-26,57.5
"187",-25,58.5
"187",-24,59.5
"187",-23,60.5
"187",-22,61.5
"187",-21,62.5
"187",-21,63.5
"187",-20,64.5
"188",-25,-73.5
"188",-25,-72.5
"188",-25,-71.5
"188",-25,-70.5
"188",-24,-69.5
"188",-23,-69.5
"188",-23,-68.5
"188",-23,-67.5
"188",-23,-66.5
"188",-23,-65.5
"188",-22,-64.5
"188",-21,-63.5
"188",-20,-62.5
"188",-19,-61.5
"188",-18,-60.5
"188",-17,-59.5
"188",-16,-58.5
"188",-15,-57.5
"188",-14,-56.5
"188",-13,-55.5
"188",-12,-55.5
"188",-11,-55.5
"188",-10,-54.5
"188",-9,-53.5
"188",-8,-52.5
"188",-7,-52.5
"188",-6,-52.5
"188",-5,-51.5
"188",-4,-51.5
"188",-3,-50.5
"188",-2,-49.5
"188",-1,-48.5
"188",0,-47.5
"188",1,-46.5
"188",2,-45.5
"188",3,-44.5
"188",4,-44.5
"188",5,-43.5
"188",6,-43.5
"188",7,-43.5
"188",8,-42.5
"188",9,-41.5
"188",10,-41.5
"188",11,-40.5
"188",12,-39.5
"188",13,-38.5
"188",14,-37.5
"188",15,-36.5
"188",15,-35.5
"188",15,-34.5
"188",15,-33.5
"188",15,-32.5
"188",15,-31.5
"188",15,-30.5
"188",14,-29.5
"188",13,-28.5
"188",13,-27.5
"188",12,-26.5
"188",12,-25.5
"188",11,-24.5
"188",10,-23.5
"188",9,-22.5
"188",8,-21.5
"188",7,-20.5
"188",6,-19.5
"188",5,-18.5
"188",4,-17.5
"188",3,-16.5
"188",2,-15.5
"188",1,-15.5
"188",0,-14.5
"188",-1,-13.5
"188",-2,-12.5
"188",-3,-11.5
"188",-4,-10.5
"188",-5,-10.5
"188",-6,-9.5
"188",-7,-9.5
"188",-8,-8.5
"188",-9,-7.5
"188",-9,-6.5
"188",-10,-5.5
"188",-11,-4.5
"188",-12,-4.5
"188",-13,-3.5
"188",-14,-2.5
"188",-15,-2.5
"188",-16,-1.5
"188",-17,-0.5
"188",-18,0.5
"188",-18,1.5
"188",-19,2.5
"188",-20,3.5
"188",-21,4.5
"188",-22,5.5
"188",-23,6.5
"188",-24,7.5
"188",-25,8.5
"188",-26,9.5
"188",-27,10.5
"188",-28,10.5
"188",-29,11.5
"188",-30,12.5
"188",-31,13.5
"188",-32,14.5
"188",-33,15.5
"188",-34,16.5
"188",-35,16.5
"188",-36,17.5
"188",-37,18.5
"188",-38,19.5
"188",-39,20.5
"188",-39,21.5
"188",-39,22.5
"188",-39,23.5
"188",-39,24.5
"188",-39,25.5
"188",-39,26.5
"188",-39,27.5
"188",-39,28.5
"188",-39,29.5
"188",-39,30.5
"188",-39,31.5
"188",-39,32.5
"188",-39,33.5
"188",-39,34.5
"188",-39,35.5
"188",-39,36.5
"188",-39,37.5
"188",-39,38.5
"188",-38,39.5
"188",-37,40.5
"188",-36,41.5
"188",-35,42.5
"188",-34,43.5
"188",-34,44.5
"188",-33,45.5
"188",-32,46.5
"188",-31,47.5
"188",-30,48.5
"188",-29,49.5
"188",-28,50.5
"188",-27,51.5
"188",-27,52.5
"188",-27,53.5
"188",-27,54.5
"188",-27,55.5
"188",-26,56.5
"188",-25,57.5
"188",-24,58.5
"188",-23,59.5
"188",-22,60.5
"188",-22,61.5
"188",-22,62.5
"188",-21,63.5
"188",-20,64.5
"189",-25,-73.5
"189",-26,-72.5
"189",-26,-71.5
"189",-25,-70.5
"189",-24,-69.5
"189",-23,-68.5
"189",-22,-67.5
"189",-21,-66.5
"189",-20,-65.5
"189",-19,-64.5
"189",-18,-63.5
"189",-17,-62.5
"189",-16,-61.5
"189",-15,-60.5
"189",-14,-59.5
"189",-13,-58.5
"189",-12,-57.5
"189",-11,-56.5
"189",-10,-55.5
"189",-9,-54.5
"189",-8,-53.5
"189",-7,-52.5
"189",-6,-51.5
"189",-5,-50.5
"189",-4,-49.5
"189",-3,-48.5
"189",-2,-47.5
"189",-1,-46.5
"189",0,-45.5
"189",1,-44.5
"189",2,-43.5
"189",3,-42.5
"189",4,-41.5
"189",5,-40.5
"189",6,-39.5
"189",7,-38.5
"189",8,-37.5
"189",9,-36.5
"189",10,-35.5
"189",11,-34.5
"189",12,-33.5
"189",12,-32.5
"189",12,-31.5
"189",12,-30.5
"189",12,-29.5
"189",12,-28.5
"189",11,-27.5
"189",10,-26.5
"189",9,-25.5
"189",8,-24.5
"189",7,-23.5
"189",6,-22.5
"189",5,-21.5
"189",4,-20.5
"189",3,-19.5
"189",2,-18.5
"189",1,-17.5
"189",0,-16.5
"189",-1,-15.5
"189",-2,-14.5
"189",-3,-13.5
"189",-4,-12.5
"189",-5,-11.5
"189",-6,-10.5
"189",-7,-9.5
"189",-8,-8.5
"189",-9,-8.5
"189",-10,-8.5
"189",-11,-7.5
"189",-12,-6.5
"189",-13,-5.5
"189",-14,-4.5
"189",-15,-3.5
"189",-16,-2.5
"189",-17,-1.5
"189",-18,-0.5
"189",-19,0.5
"189",-20,1.5
"189",-21,2.5
"189",-22,3.5
"189",-23,4.5
"189",-24,5.5
"189",-25,6.5
"189",-26,7.5
"189",-27,8.5
"189",-28,9.5
"189",-29,10.5
"189",-30,11.5
"189",-31,12.5
"189",-32,13.5
"189",-33,14.5
"189",-34,15.5
"189",-35,16.5
"189",-36,17.5
"189",-37,18.5
"189",-38,19.5
"189",-39,20.5
"189",-40,21.5
"189",-41,22.5
"189",-42,23.5
"189",-43,24.5
"189",-44,25.5
"189",-45,26.5
"189",-46,27.5
"189",-47,28.5
"189",-48,29.5
"189",-48,30.5
"189",-48,31.5
"189",-48,32.5
"189",-48,33.5
"189",-48,34.5
"189",-47,35.5
"189",-46,36.5
"189",-45,37.5
"189",-44,38.5
"189",-43,39.5
"189",-42,40.5
"189",-41,41.5
"189",-40,42.5
"189",-39,43.5
"189",-38,44.5
"189",-37,45.5
"189",-36,46.5
"189",-35,47.5
"189",-34,48.5
"189",-33,49.5
"189",-32,50.5
"189",-31,51.5
"189",-30,52.5
"189",-29,53.5
"189",-28,54.5
"189",-27,55.5
"189",-26,56.5
"189",-25,57.5
"189",-24,58.5
"189",-23,59.5
"189",-22,60.5
"189",-21,61.5
"189",-21,62.5
"189",-21,63.5
"189",-20,64.5
"190",-25,-73.5
"190",-25,-72.5
"190",-25,-71.5
"190",-25,-70.5
"190",-25,-69.5
"190",-24,-68.5
"190",-23,-67.5
"190",-22,-66.5
"190",-21,-65.5
"190",-20,-64.5
"190",-19,-63.5
"190",-18,-62.5
"190",-17,-61.5
"190",-16,-60.5
"190",-15,-59.5
"190",-14,-58.5
"190",-13,-57.5
"190",-12,-56.5
"190",-11,-55.5
"190",-10,-54.5
"190",-9,-53.5
"190",-8,-52.5
"190",-7,-52.5
"190",-6,-52.5
"190",-5,-51.5
"190",-4,-51.5
"190",-3,-50.5
"190",-2,-49.5
"190",-1,-48.5
"190",0,-47.5
"190",1,-46.5
"190",2,-45.5
"190",3,-44.5
"190",4,-43.5
"190",5,-42.5
"190",6,-42.5
"190",7,-41.5
"190",8,-40.5
"190",9,-39.5
"190",10,-38.5
"190",11,-37.5
"190",12,-36.5
"190",13,-35.5
"190",13,-34.5
"190",13,-33.5
"190",13,-32.5
"190",13,-31.5
"190",13,-30.5
"190",13,-29.5
"190",13,-28.5
"190",13,-27.5
"190",12,-26.5
"190",11,-25.5
"190",10,-24.5
"190",9,-23.5
"190",8,-22.5
"190",7,-21.5
"190",6,-20.5
"190",5,-19.5
"190",4,-18.5
"190",3,-17.5
"190",2,-16.5
"190",1,-15.5
"190",0,-14.5
"190",-1,-13.5
"190",-2,-12.5
"190",-3,-11.5
"190",-4,-10.5
"190",-5,-10.5
"190",-6,-9.5
"190",-7,-9.5
"190",-8,-8.5
"190",-9,-7.5
"190",-10,-6.5
"190",-11,-5.5
"190",-12,-5.5
"190",-13,-4.5
"190",-14,-3.5
"190",-15,-2.5
"190",-16,-1.5
"190",-17,-0.5
"190",-18,0.5
"190",-19,1.5
"190",-20,2.5
"190",-21,3.5
"190",-22,4.5
"190",-23,5.5
"190",-24,6.5
"190",-25,7.5
"190",-26,8.5
"190",-27,9.5
"190",-28,9.5
"190",-29,10.5
"190",-30,10.5
"190",-31,11.5
"190",-32,11.5
"190",-33,12.5
"190",-34,13.5
"190",-35,14.5
"190",-36,15.5
"190",-37,16.5
"190",-38,17.5
"190",-39,18.5
"190",-40,19.5
"190",-41,20.5
"190",-42,21.5
"190",-43,22.5
"190",-44,23.5
"190",-45,24.5
"190",-46,25.5
"190",-47,26.5
"190",-47,27.5
"190",-47,28.5
"190",-47,29.5
"190",-47,30.5
"190",-47,31.5
"190",-47,32.5
"190",-47,33.5
"190",-47,34.5
"190",-47,35.5
"190",-47,36.5
"190",-46,37.5
"190",-45,38.5
"190",-44,39.5
"190",-43,40.5
"190",-42,41.5
"190",-41,42.5
"190",-40,43.5
"190",-39,44.5
"190",-38,45.5
"190",-37,46.5
"190",-36,47.5
"190",-35,48.5
"190",-34,49.5
"190",-33,50.5
"190",-32,51.5
"190",-31,52.5
"190",-30,53.5
"190",-29,54.5
"190",-28,55.5
"190",-27,56.5
"190",-26,57.5
"190",-25,58.5
"190",-24,59.5
"190",-23,60.5
"190",-22,61.5
"190",-22,62.5
"190",-21,63.5
"190",-20,64.5
"191",-25,-73.5
"191",-26,-72.5
"191",-25,-71.5
"191",-24,-70.5
"191",-23,-69.5
"191",-22,-68.5
"191",-21,-67.5
"191",-20,-66.5
"191",-19,-65.5
"191",-18,-64.5
"191",-17,-63.5
"191",-16,-62.5
"191",-15,-61.5
"191",-14,-60.5
"191",-13,-59.5
"191",-12,-58.5
"191",-11,-57.5
"191",-10,-56.5
"191",-9,-55.5
"191",-8,-54.5
"191",-7,-53.5
"191",-6,-52.5
"191",-5,-51.5
"191",-4,-50.5
"191",-3,-49.5
"191",-2,-48.5
"191",-1,-47.5
"191",0,-46.5
"191",1,-45.5
"191",2,-44.5
"191",3,-43.5
"191",4,-42.5
"191",5,-41.5
"191",6,-40.5
"191",7,-39.5
"191",8,-38.5
"191",9,-37.5
"191",10,-36.5
"191",11,-35.5
"191",12,-34.5
"191",12,-33.5
"191",12,-32.5
"191",12,-31.5
"191",12,-30.5
"191",12,-29.5
"191",12,-28.5
"191",11,-27.5
"191",10,-26.5
"191",9,-25.5
"191",8,-24.5
"191",7,-23.5
"191",6,-22.5
"191",5,-21.5
"191",4,-20.5
"191",3,-19.5
"191",2,-18.5
"191",1,-17.5
"191",0,-16.5
"191",-1,-15.5
"191",-2,-14.5
"191",-3,-13.5
"191",-4,-12.5
"191",-5,-11.5
"191",-6,-10.5
"191",-7,-10.5
"191",-8,-10.5
"191",-9,-10.5
"191",-10,-9.5
"191",-11,-9.5
"191",-12,-8.5
"191",-13,-7.5
"191",-14,-6.5
"191",-15,-5.5
"191",-16,-4.5
"191",-17,-3.5
"191",-18,-2.5
"191",-19,-1.5
"191",-20,-0.5
"191",-21,0.5
"191",-22,1.5
"191",-23,2.5
"191",-24,3.5
"191",-25,4.5
"191",-26,5.5
"191",-27,6.5
"191",-28,7.5
"191",-29,8.5
"191",-30,9.5
"191",-31,10.5
"191",-32,11.5
"191",-33,12.5
"191",-34,13.5
"191",-35,14.5
"191",-36,15.5
"191",-37,16.5
"191",-38,17.5
"191",-39,18.5
"191",-40,19.5
"191",-41,20.5
"191",-42,21.5
"191",-43,22.5
"191",-44,23.5
"191",-45,24.5
"191",-46,25.5
"191",-47,26.5
"191",-48,27.5
"191",-48,28.5
"191",-48,29.5
"191",-48,30.5
"191",-48,31.5
"191",-48,32.5
"191",-48,33.5
"191",-48,34.5
"191",-47,35.5
"191",-46,36.5
"191",-45,37.5
"191",-44,38.5
"191",-43,39.5
"191",-42,40.5
"191",-41,41.5
"191",-40,42.5
"191",-39,43.5
"191",-38,44.5
"191",-37,45.5
"191",-36,46.5
"191",-35,47.5
"191",-34,48.5
"191",-33,49.5
"191",-32,50.5
"191",-31,51.5
"191",-30,52.5
"191",-29,53.5
"191",-28,54.5
"191",-27,55.5
"191",-26,56.5
"191",-25,57.5
"191",-24,58.5
"191",-23,59.5
"191",-22,60.5
"191",-21,61.5
"191",-21,62.5
"191",-21,63.5
"191",-20,64.5
"192",-25,-73.5
"192",-26,-72.5
"192",-26,-71.5
"192",-25,-70.5
"192",-24,-69.5
"192",-23,-68.5
"192",-22,-67.5
"192",-21,-66.5
"192",-20,-65.5
"192",-19,-64.5
"192",-18,-63.5
"192",-17,-62.5
"192",-16,-61.5
"192",-15,-60.5
"192",-14,-59.5
"192",-13,-58.5
"192",-12,-57.5
"192",-11,-56.5
"192",-10,-55.5
"192",-9,-54.5
"192",-8,-53.5
"192",-7,-52.5
"192",-6,-51.5
"192",-5,-50.5
"192",-4,-49.5
"192",-3,-48.5
"192",-2,-48.5
"192",-1,-47.5
"192",0,-46.5
"192",1,-45.5
"192",2,-44.5
"192",3,-43.5
"192",4,-42.5
"192",5,-41.5
"192",6,-40.5
"192",7,-39.5
"192",8,-38.5
"192",9,-37.5
"192",10,-36.5
"192",11,-35.5
"192",12,-34.5
"192",12,-33.5
"192",12,-32.5
"192",12,-31.5
"192",12,-30.5
"192",12,-29.5
"192",12,-28.5
"192",11,-27.5
"192",10,-26.5
"192",9,-25.5
"192",8,-24.5
"192",7,-23.5
"192",6,-22.5
"192",5,-21.5
"192",4,-20.5
"192",3,-19.5
"192",2,-18.5
"192",1,-17.5
"192",0,-16.5
"192",-1,-15.5
"192",-2,-14.5
"192",-3,-13.5
"192",-4,-12.5
"192",-5,-11.5
"192",-6,-10.5
"192",-7,-9.5
"192",-8,-8.5
"192",-9,-8.5
"192",-10,-8.5
"192",-11,-7.5
"192",-12,-6.5
"192",-13,-5.5
"192",-14,-4.5
"192",-15,-3.5
"192",-16,-2.5
"192",-17,-1.5
"192",-18,-0.5
"192",-19,0.5
"192",-20,1.5
"192",-21,2.5
"192",-22,3.5
"192",-23,4.5
"192",-24,5.5
"192",-25,6.5
"192",-26,7.5
"192",-27,8.5
"192",-28,9.5
"192",-29,10.5
"192",-30,11.5
"192",-31,12.5
"192",-32,13.5
"192",-33,13.5
"192",-34,13.5
"192",-35,13.5
"192",-36,13.5
"192",-37,14.5
"192",-38,15.5
"192",-39,16.5
"192",-40,17.5
"192",-41,18.5
"192",-42,19.5
"192",-43,20.5
"192",-44,21.5
"192",-45,22.5
"192",-46,23.5
"192",-47,24.5
"192",-48,25.5
"192",-49,26.5
"192",-50,27.5
"192",-50,28.5
"192",-50,29.5
"192",-50,30.5
"192",-50,31.5
"192",-50,32.5
"192",-49,33.5
"192",-48,34.5
"192",-47,35.5
"192",-46,36.5
"192",-45,37.5
"192",-44,38.5
"192",-43,39.5
"192",-42,40.5
"192",-41,41.5
"192",-40,42.5
"192",-39,43.5
"192",-38,44.5
"192",-37,45.5
"192",-36,46.5
"192",-35,47.5
"192",-34,48.5
"192",-33,49.5
"192",-32,50.5
"192",-31,51.5
"192",-30,52.5
"192",-29,53.5
"192",-28,54.5
"192",-27,55.5
"192",-26,56.5
"192",-25,57.5
"192",-24,58.5
"192",-23,59.5
"192",-22,60.5
"192",-21,61.5
"192",-21,62.5
"192",-21,63.5
"192",-20,64.5
"193",-25,-73.5
"193",-25,-72.5
"193",-25,-71.5
"193",-25,-70.5
"193",-25,-69.5
"193",-24,-68.5
"193",-23,-67.5
"193",-22,-66.5
"193",-21,-65.5
"193",-20,-64.5
"193",-19,-63.5
"193",-18,-62.5
"193",-17,-61.5
"193",-16,-60.5
"193",-15,-59.5
"193",-14,-58.5
"193",-13,-57.5
"193",-12,-56.5
"193",-11,-55.5
"193",-10,-54.5
"193",-9,-53.5
"193",-8,-52.5
"193",-7,-52.5
"193",-6,-52.5
"193",-5,-51.5
"193",-4,-51.5
"193",-3,-50.5
"193",-2,-49.5
"193",-1,-48.5
"193",0,-47.5
"193",1,-46.5
"193",2,-45.5
"193",3,-44.5
"193",4,-43.5
"193",5,-42.5
"193",6,-42.5
"193",7,-41.5
"193",8,-40.5
"193",9,-39.5
"193",10,-38.5
"193",11,-37.5
"193",12,-36.5
"193",13,-35.5
"193",13,-34.5
"193",13,-33.5
"193",13,-32.5
"193",13,-31.5
"193",13,-30.5
"193",13,-29.5
"193",13,-28.5
"193",13,-27.5
"193",12,-26.5
"193",11,-25.5
"193",10,-24.5
"193",9,-23.5
"193",8,-22.5
"193",7,-21.5
"193",6,-20.5
"193",5,-19.5
"193",4,-18.5
"193",3,-17.5
"193",2,-16.5
"193",1,-15.5
"193",0,-14.5
"193",-1,-13.5
"193",-2,-12.5
"193",-3,-11.5
"193",-4,-10.5
"193",-5,-10.5
"193",-6,-9.5
"193",-7,-9.5
"193",-8,-8.5
"193",-9,-8.5
"193",-10,-8.5
"193",-11,-7.5
"193",-12,-7.5
"193",-13,-6.5
"193",-14,-5.5
"193",-15,-4.5
"193",-16,-3.5
"193",-17,-2.5
"193",-18,-1.5
"193",-19,-0.5
"193",-20,0.5
"193",-21,1.5
"193",-22,2.5
"193",-23,3.5
"193",-24,4.5
"193",-25,5.5
"193",-26,5.5
"193",-27,6.5
"193",-28,6.5
"193",-29,7.5
"193",-30,8.5
"193",-31,9.5
"193",-32,9.5
"193",-33,10.5
"193",-34,11.5
"193",-35,12.5
"193",-36,13.5
"193",-37,14.5
"193",-38,15.5
"193",-39,16.5
"193",-40,17.5
"193",-41,18.5
"193",-42,18.5
"193",-43,18.5
"193",-44,19.5
"193",-45,20.5
"193",-46,21.5
"193",-47,22.5
"193",-47,23.5
"193",-47,24.5
"193",-47,25.5
"193",-47,26.5
"193",-47,27.5
"193",-47,28.5
"193",-47,29.5
"193",-47,30.5
"193",-47,31.5
"193",-47,32.5
"193",-47,33.5
"193",-47,34.5
"193",-47,35.5
"193",-47,36.5
"193",-46,37.5
"193",-45,38.5
"193",-44,39.5
"193",-43,40.5
"193",-42,41.5
"193",-41,42.5
"193",-40,43.5
"193",-39,44.5
"193",-38,45.5
"193",-37,46.5
"193",-36,47.5
"193",-35,48.5
"193",-34,49.5
"193",-33,50.5
"193",-32,51.5
"193",-31,52.5
"193",-30,53.5
"193",-29,54.5
"193",-28,55.5
"193",-27,56.5
"193",-26,57.5
"193",-25,58.5
"193",-24,59.5
"193",-23,60.5
"193",-22,61.5
"193",-22,62.5
"193",-21,63.5
"193",-20,64.5
"194",-25,-73.5
"194",-26,-72.5
"194",-25,-71.5
"194",-24,-70.5
"194",-23,-69.5
"194",-22,-68.5
"194",-21,-67.5
"194",-20,-66.5
"194",-19,-65.5
"194",-18,-64.5
"194",-17,-63.5
"194",-16,-62.5
"194",-15,-61.5
"194",-14,-60.5
"194",-13,-59.5
"194",-12,-58.5
"194",-11,-57.5
"194",-10,-56.5
"194",-9,-55.5
"194",-8,-54.5
"194",-7,-53.5
"194",-6,-52.5
"194",-5,-51.5
"194",-4,-50.5
"194",-3,-49.5
"194",-2,-48.5
"194",-1,-47.5
"194",0,-46.5
"194",1,-45.5
"194",2,-44.5
"194",3,-43.5
"194",4,-42.5
"194",5,-41.5
"194",6,-40.5
"194",7,-39.5
"194",8,-38.5
"194",9,-37.5
"194",10,-36.5
"194",11,-35.5
"194",12,-34.5
"194",12,-33.5
"194",12,-32.5
"194",12,-31.5
"194",12,-30.5
"194",12,-29.5
"194",12,-28.5
"194",11,-27.5
"194",10,-26.5
"194",9,-25.5
"194",8,-24.5
"194",7,-23.5
"194",6,-22.5
"194",5,-21.5
"194",4,-20.5
"194",3,-19.5
"194",2,-18.5
"194",1,-17.5
"194",0,-16.5
"194",-1,-15.5
"194",-2,-14.5
"194",-3,-13.5
"194",-4,-12.5
"194",-5,-11.5
"194",-6,-10.5
"194",-7,-10.5
"194",-8,-9.5
"194",-9,-9.5
"194",-10,-9.5
"194",-11,-9.5
"194",-12,-9.5
"194",-13,-9.5
"194",-14,-8.5
"194",-15,-7.5
"194",-16,-6.5
"194",-17,-5.5
"194",-18,-4.5
"194",-19,-3.5
"194",-20,-2.5
"194",-21,-1.5
"194",-22,-0.5
"194",-23,0.5
"194",-24,1.5
"194",-25,2.5
"194",-26,3.5
"194",-27,4.5
"194",-28,5.5
"194",-29,6.5
"194",-30,7.5
"194",-31,8.5
"194",-32,9.5
"194",-33,10.5
"194",-34,11.5
"194",-35,12.5
"194",-36,13.5
"194",-37,14.5
"194",-38,15.5
"194",-39,16.5
"194",-40,17.5
"194",-41,18.5
"194",-42,19.5
"194",-43,20.5
"194",-44,21.5
"194",-45,22.5
"194",-46,23.5
"194",-47,24.5
"194",-48,25.5
"194",-49,26.5
"194",-49,27.5
"194",-49,28.5
"194",-49,29.5
"194",-49,30.5
"194",-49,31.5
"194",-49,32.5
"194",-49,33.5
"194",-48,34.5
"194",-47,35.5
"194",-46,36.5
"194",-45,37.5
"194",-44,38.5
"194",-43,39.5
"194",-42,40.5
"194",-41,41.5
"194",-40,42.5
"194",-39,43.5
"194",-38,44.5
"194",-37,45.5
"194",-36,46.5
"194",-35,47.5
"194",-34,48.5
"194",-33,49.5
"194",-32,50.5
"194",-31,51.5
"194",-30,52.5
"194",-29,53.5
"194",-28,54.5
"194",-27,55.5
"194",-26,56.5
"194",-25,57.5
"194",-24,58.5
"194",-23,59.5
"194",-22,60.5
"194",-21,61.5
"194",-21,62.5
"194",-21,63.5
"194",-20,64.5
"195",-25,-73.5
"195",-26,-72.5
"195",-26,-71.5
"195",-25,-70.5
"195",-24,-69.5
"195",-23,-68.5
"195",-22,-67.5
"195",-21,-66.5
"195",-20,-65.5
"195",-19,-64.5
"195",-18,-63.5
"195",-17,-62.5
"195",-16,-61.5
"195",-15,-60.5
"195",-14,-59.5
"195",-13,-58.5
"195",-12,-57.5
"195",-11,-56.5
"195",-10,-55.5
"195",-9,-54.5
"195",-8,-53.5
"195",-7,-52.5
"195",-6,-51.5
"195",-5,-50.5
"195",-4,-49.5
"195",-3,-48.5
"195",-2,-48.5
"195",-1,-48.5
"195",0,-47.5
"195",1,-46.5
"195",2,-45.5
"195",3,-44.5
"195",4,-43.5
"195",5,-42.5
"195",6,-41.5
"195",7,-40.5
"195",8,-39.5
"195",9,-38.5
"195",10,-37.5
"195",11,-36.5
"195",12,-35.5
"195",13,-34.5
"195",13,-33.5
"195",13,-32.5
"195",13,-31.5
"195",13,-30.5
"195",13,-29.5
"195",13,-28.5
"195",12,-27.5
"195",11,-26.5
"195",10,-25.5
"195",9,-24.5
"195",8,-23.5
"195",7,-22.5
"195",6,-21.5
"195",5,-20.5
"195",4,-19.5
"195",3,-18.5
"195",2,-17.5
"195",1,-16.5
"195",0,-15.5
"195",-1,-14.5
"195",-2,-13.5
"195",-3,-12.5
"195",-4,-11.5
"195",-5,-10.5
"195",-6,-10.5
"195",-7,-10.5
"195",-8,-9.5
"195",-9,-9.5
"195",-10,-9.5
"195",-11,-9.5
"195",-12,-9.5
"195",-13,-9.5
"195",-14,-9.5
"195",-15,-8.5
"195",-16,-8.5
"195",-17,-7.5
"195",-18,-6.5
"195",-19,-5.5
"195",-20,-4.5
"195",-21,-3.5
"195",-22,-2.5
"195",-23,-1.5
"195",-24,-0.5
"195",-25,0.5
"195",-26,1.5
"195",-27,2.5
"195",-28,3.5
"195",-29,4.5
"195",-30,5.5
"195",-31,6.5
"195",-32,7.5
"195",-33,8.5
"195",-34,9.5
"195",-35,10.5
"195",-36,11.5
"195",-37,11.5
"195",-38,11.5
"195",-39,12.5
"195",-40,13.5
"195",-41,14.5
"195",-42,15.5
"195",-43,16.5
"195",-44,17.5
"195",-45,18.5
"195",-46,19.5
"195",-47,20.5
"195",-48,21.5
"195",-49,22.5
"195",-50,23.5
"195",-51,24.5
"195",-52,25.5
"195",-52,26.5
"195",-52,27.5
"195",-52,28.5
"195",-52,29.5
"195",-52,30.5
"195",-52,31.5
"195",-51,32.5
"195",-50,33.5
"195",-49,34.5
"195",-48,35.5
"195",-47,36.5
"195",-46,37.5
"195",-45,38.5
"195",-44,39.5
"195",-43,40.5
"195",-42,41.5
"195",-41,42.5
"195",-40,43.5
"195",-39,44.5
"195",-38,45.5
"195",-37,46.5
"195",-36,47.5
"195",-35,48.5
"195",-34,49.5
"195",-33,50.5
"195",-32,51.5
"195",-31,52.5
"195",-30,53.5
"195",-29,54.5
"195",-28,55.5
"195",-27,56.5
"195",-26,57.5
"195",-25,58.5
"195",-24,59.5
"195",-23,60.5
"195",-22,61.5
"195",-21,62.5
"195",-21,63.5
"195",-20,64.5
